"total_rewards","action_rewards","opinion_rewards"
18027,3323,14704
18664,3762,14902
18508,3585,14923
17999,3321,14678
16912,2604,14308
18605,3765,14840
18625,3752,14873
18662,3784,14878
18228,3422,14806
18234,3392,14842
18807,3852,14955
18614,3739,14875
17777,3221,14556
18375,3488,14887
18751,3755,14996
17685,3005,14680
18566,3596,14970
17884,3167,14717
18254,3550,14704
17727,2906,14821
18757,3802,14955
18441,3539,14902
18554,3550,15004
17776,3155,14621
17932,3079,14853
18563,3622,14941
18804,3905,14899
18631,3754,14877
18856,3783,15073
17532,2929,14603
17290,2807,14483
19094,3993,15101
18894,4002,14892
17847,3263,14584
19036,4093,14943
18105,3306,14799
19487,4200,15287
18731,3734,14997
18064,3401,14663
18444,3542,14902
18084,3244,14840
17662,3069,14593
19068,4024,15044
18081,3323,14758
18968,3990,14978
18150,3250,14900
18621,3638,14983
18277,3330,14947
19002,4043,14959
18613,4009,14604
18124,3389,14735
18667,3689,14978
19054,4076,14978
19059,3984,15075
19172,4054,15118
17536,3061,14475
18038,3440,14598
17397,2956,14441
18396,3483,14913
18881,3937,14944
16994,2609,14385
18289,3589,14700
18180,3537,14643
17380,2917,14463
18484,3661,14823
17957,3225,14732
18892,4013,14879
19381,4338,15043
18442,3675,14767
19289,4214,15075
18113,3435,14678
18576,3702,14874
19653,4518,15135
18512,3842,14670
19448,4411,15037
19254,4269,14985
18290,3606,14684
19428,4426,15002
19017,4238,14779
19156,4156,15000
19565,4428,15137
19233,4199,15034
18996,4156,14840
18903,3855,15048
19180,4266,14914
18893,4015,14878
19193,4305,14888
19532,4474,15058
19300,4334,14966
19729,4641,15088
19008,4177,14831
18643,3870,14773
19022,4188,14834
19746,4679,15067
19734,4675,15059
18659,3890,14769
18857,4042,14815
17269,2906,14363
18831,3995,14836
19903,4815,15088
18833,4118,14715
19235,4340,14895
20009,4896,15113
19652,4645,15007
19657,4619,15038
19629,4470,15159
19486,4425,15061
18729,4057,14672
18601,3874,14727
20099,4847,15252
19895,4823,15072
20438,5178,15260
19665,4721,14944
19501,4528,14973
20156,5091,15065
18357,3651,14706
19588,4666,14922
19561,4523,15038
20209,5089,15120
19376,4498,14878
17690,3139,14551
17721,3269,14452
19243,4473,14770
19847,4858,14989
19805,4852,14953
20002,5064,14938
18194,3798,14396
20505,5379,15126
19421,4629,14792
18948,4357,14591
19543,4689,14854
19504,4666,14838
18784,4141,14643
18858,4096,14762
19928,5017,14911
18390,3957,14433
19717,4713,15004
20364,5225,15139
20273,5254,15019
20267,5276,14991
20766,5546,15220
19462,4683,14779
19642,4923,14719
20250,5318,14932
21074,5825,15249
20252,5354,14898
20589,5680,14909
20075,5125,14950
19776,5054,14722
20118,5242,14876
18665,4030,14635
20383,5413,14970
20185,5296,14889
20693,5468,15225
20772,5575,15197
19139,4705,14434
20513,5554,14959
21190,6000,15190
20299,5484,14815
20386,5433,14953
19429,4540,14889
20366,5506,14860
19893,5160,14733
18793,4293,14500
19892,5211,14681
21220,6022,15198
20879,5776,15103
20686,5716,14970
20101,5316,14785
19993,5278,14715
20995,5845,15150
19437,4848,14589
20556,5621,14935
19947,5087,14860
20650,5773,14877
21536,6305,15231
21392,6394,14998
20580,5776,14804
21151,6238,14913
21261,6409,14852
19882,5360,14522
20799,5972,14827
21436,6345,15091
19305,4761,14544
21117,6158,14959
21668,6529,15139
19201,4759,14442
20346,5531,14815
21049,6176,14873
20976,5992,14984
21423,6517,14906
20947,6041,14906
20006,5402,14604
20613,5903,14710
21136,6299,14837
21849,6722,15127
20880,6073,14807
20212,5594,14618
21201,6359,14842
21648,6649,14999
21201,6451,14750
22087,7042,15045
20577,5777,14800
21665,6592,15073
21350,6606,14744
21373,6415,14958
21428,6612,14816
20933,6178,14755
20564,5871,14693
21600,6726,14874
21416,6547,14869
21322,6652,14670
21277,6371,14906
21832,6769,15063
21442,6494,14948
20741,5934,14807
20946,6237,14709
22349,7527,14822
20804,6228,14576
20938,6271,14667
20852,6207,14645
21532,6681,14851
21794,6872,14922
21687,7062,14625
21120,6329,14791
22050,7202,14848
21602,6796,14806
21181,6507,14674
20126,5682,14444
19107,4945,14162
21883,6985,14898
21915,7109,14806
21784,7071,14713
21422,6608,14814
22742,7739,15003
22428,7343,15085
21709,6977,14732
21929,7289,14640
21078,6431,14647
20973,6487,14486
22297,7536,14761
21713,7072,14641
19186,5026,14160
21034,6414,14620
22265,7443,14822
22095,7324,14771
21931,7280,14651
22321,7513,14808
22051,7326,14725
21816,7212,14604
22129,7290,14839
22048,7324,14724
21629,6958,14671
21964,7447,14517
21226,6692,14534
21283,6770,14513
21967,7194,14773
22305,7667,14638
19636,5562,14074
22211,7567,14644
22796,8055,14741
21573,7094,14479
21592,7012,14580
22558,7827,14731
21837,7258,14579
22138,7528,14610
22352,7769,14583
21943,7345,14598
22844,8108,14736
21943,7321,14622
22282,7675,14607
23021,8126,14895
22602,7904,14698
22791,8027,14764
22447,7840,14607
22174,7777,14397
22159,7645,14514
21966,7564,14402
22358,7803,14555
22265,7638,14627
22223,7658,14565
22565,7802,14763
21203,6973,14230
21025,6813,14212
22957,8171,14786
21729,7364,14365
22016,7611,14405
22577,7797,14780
21355,7084,14271
20513,6415,14098
22537,7972,14565
22680,8209,14471
22348,8029,14319
22212,7776,14436
23366,8637,14729
21643,7176,14467
21488,7099,14389
21130,6945,14185
21202,7020,14182
21935,7581,14354
21334,7187,14147
23119,8435,14684
21423,7402,14021
22556,8144,14412
22361,7912,14449
22935,8381,14554
23089,8434,14655
21782,7482,14300
23146,8544,14602
22426,7934,14492
21712,7386,14326
22466,7807,14659
21539,7391,14148
21129,6930,14199
22204,7923,14281
22914,8487,14427
22523,8194,14329
21871,7648,14223
21944,7818,14126
22878,8530,14348
23535,8922,14613
22918,8535,14383
23673,9099,14574
22482,8020,14462
22074,7718,14356
23118,8742,14376
23523,9034,14489
22347,8109,14238
22860,8501,14359
22994,8625,14369
23055,8588,14467
23534,9018,14516
22583,8228,14355
22581,8249,14332
21477,7453,14024
21864,7780,14084
21442,7278,14164
23055,8614,14441
23188,8918,14270
23039,8693,14346
20840,6935,13905
22702,8402,14300
22681,8462,14219
21903,7794,14109
21229,7403,13826
23319,9023,14296
22089,8038,14051
22192,8010,14182
20523,6819,13704
23727,9159,14568
23165,8872,14293
22368,8155,14213
21568,7526,14042
22568,8396,14172
23458,9087,14371
21913,8064,13849
22710,8705,14005
21682,7780,13902
22924,8780,14144
22129,8394,13735
23158,8890,14268
21487,7426,14061
23173,8931,14242
22540,8429,14111
21811,7903,13908
23481,9223,14258
22695,8734,13961
22367,8368,13999
21787,7960,13827
22651,8572,14079
22261,8265,13996
22943,8786,14157
23175,9015,14160
22605,8449,14156
23672,9486,14186
23624,9457,14167
22371,8339,14032
22992,8740,14252
22390,8449,13941
21850,7879,13971
21754,7913,13841
21680,7706,13974
23264,9274,13990
22796,9021,13775
23369,9271,14098
21710,7933,13777
23760,9576,14184
22703,8738,13965
22388,8604,13784
23182,9339,13843
23182,9071,14111
22407,8463,13944
23499,9198,14301
23155,9178,13977
23000,8883,14117
23354,9193,14161
23323,9421,13902
22826,8867,13959
22580,8555,14025
21802,7968,13834
21197,7794,13403
22997,8996,14001
20899,7355,13544
23147,9113,14034
23575,9557,14018
24099,9796,14303
23246,9014,14232
23245,9185,14060
22627,8711,13916
23977,9937,14040
23281,9240,14041
22808,8899,13909
22553,8733,13820
22345,8646,13699
22490,8657,13833
21808,8234,13574
23079,9193,13886
21945,8287,13658
22777,8969,13808
23087,9226,13861
23844,9763,14081
21422,7815,13607
22265,8566,13699
23287,9384,13903
22549,8748,13801
21999,8388,13611
23594,9569,14025
22527,8741,13786
23823,9871,13952
22587,8848,13739
23757,9816,13941
22429,8561,13868
23966,9956,14010
23336,9436,13900
23596,9633,13963
23751,9739,14012
23372,9385,13987
23840,10114,13726
23955,10005,13950
24307,10262,14045
22016,8430,13586
22455,8671,13784
20786,7179,13607
21685,8344,13341
22708,8912,13796
22596,8973,13623
24000,10233,13767
23648,9881,13767
22596,8872,13724
23347,9426,13921
22892,9156,13736
23926,10109,13817
23560,9956,13604
22331,8760,13571
22548,8820,13728
22478,8813,13665
22316,8697,13619
22432,8835,13597
23003,9252,13751
22801,9221,13580
22978,9378,13600
24084,10162,13922
24655,10685,13970
22900,9269,13631
23420,9625,13795
23193,9523,13670
22866,9325,13541
22952,9698,13254
23687,9888,13799
23237,9392,13845
23549,9751,13798
23362,9681,13681
23541,9934,13607
23518,10043,13475
23099,9406,13693
21966,8532,13434
22975,9422,13553
22152,8670,13482
23240,9683,13557
24854,11018,13836
23105,9463,13642
23306,9657,13649
23395,9872,13523
23947,10255,13692
24166,10348,13818
22988,9569,13419
20959,7790,13169
23683,9968,13715
22240,9101,13139
23686,10027,13659
23433,9753,13680
23615,9861,13754
22672,9632,13040
23539,9825,13714
23938,10190,13748
21232,8264,12968
23494,9970,13524
24004,10393,13611
23304,9774,13530
23942,10337,13605
24187,10538,13649
23686,10343,13343
21751,8278,13473
23948,10340,13608
23818,10449,13369
23315,10077,13238
23349,9657,13692
23237,9707,13530
22549,9062,13487
22045,8751,13294
22529,9171,13358
22168,8675,13493
23228,9771,13457
23627,10302,13325
23323,10091,13232
24506,10882,13624
23965,10303,13662
21998,8638,13360
23608,9973,13635
22970,9437,13533
23685,10155,13530
23756,10020,13736
23980,10474,13506
21650,8899,12751
23118,9739,13379
22526,9258,13268
23813,10572,13241
24581,10900,13681
24139,10454,13685
23423,10042,13381
23657,10162,13495
23688,10100,13588
22777,9410,13367
23758,10232,13526
24459,10861,13598
24682,10977,13705
22392,9380,13012
23254,9825,13429
22144,8830,13314
23623,10098,13525
23522,10223,13299
23389,10032,13357
23289,9966,13323
23301,9838,13463
23960,10424,13536
23654,10205,13449
24622,11083,13539
23886,10340,13546
23610,10398,13212
22621,9386,13235
24392,10850,13542
23133,9696,13437
24008,10505,13503
22985,9731,13254
21950,8856,13094
24108,10648,13460
22589,9319,13270
23410,9987,13423
23452,10278,13174
23940,10452,13488
23257,10011,13246
24183,10689,13494
23425,10035,13390
24157,10802,13355
24043,10762,13281
23297,9992,13305
24306,10857,13449
23782,10437,13345
23793,10369,13424
22933,9675,13258
24145,10689,13456
24098,10673,13425
24024,10809,13215
23978,10687,13291
23568,10303,13265
23383,10046,13337
22221,9115,13106
22758,9539,13219
24291,10826,13465
23904,10504,13400
24109,11213,12896
22890,9612,13278
22140,9093,13047
24233,10948,13285
23477,10029,13448
24334,11069,13265
24161,10844,13317
22694,9824,12870
24019,10714,13305
23294,10205,13089
23641,10442,13199
23654,10396,13258
22033,9160,12873
23141,9952,13189
22204,9183,13021
20959,8100,12859
24188,10961,13227
22003,8994,13009
22908,9851,13057
24358,11037,13321
23978,10878,13100
24051,10772,13279
24271,10895,13376
24432,11333,13099
23606,10392,13214
23530,10749,12781
22827,9726,13101
23925,10548,13377
23600,10798,12802
23934,10658,13276
22140,9299,12841
23278,10113,13165
23659,10325,13334
23449,10216,13233
22949,9941,13008
22715,9758,12957
23376,10268,13108
23788,11024,12764
22403,9912,12491
23064,10172,12892
23917,10594,13323
23403,10242,13161
22390,9470,12920
24052,10957,13095
23119,10068,13051
23334,10174,13160
22650,9577,13073
24327,11178,13149
23498,10694,12804
23774,10661,13113
23613,10408,13205
22717,9766,12951
23767,10882,12885
22041,9077,12964
24440,11227,13213
20472,7862,12610
23203,10565,12638
23008,10007,13001
24380,11141,13239
23144,10055,13089
23443,10490,12953
24248,11428,12820
23870,10776,13094
23492,10369,13123
22745,9922,12823
24488,11383,13105
23336,10253,13083
24271,11161,13110
23884,10850,13034
24513,11247,13266
23951,10761,13190
23628,11087,12541
23520,10437,13083
24444,11506,12938
21761,8977,12784
23445,10361,13084
23368,10854,12514
25021,11846,13175
21712,8986,12726
24239,11239,13000
23777,10566,13211
23546,10422,13124
24758,11567,13191
23993,11235,12758
23565,10433,13132
23800,10762,13038
23635,10610,13025
23537,10552,12985
24355,11145,13210
24192,11480,12712
24491,11512,12979
24849,11696,13153
24344,11297,13047
23242,10466,12776
23507,10492,13015
23730,10676,13054
25058,11888,13170
22474,9722,12752
23701,10563,13138
23599,10659,12940
23399,10508,12891
23365,10307,13058
23591,10541,13050
23388,10366,13022
24004,11312,12692
23359,10414,12945
23150,10255,12895
22875,10106,12769
23904,11495,12409
23539,10605,12934
22994,10501,12493
24316,11395,12921
23543,10690,12853
23937,10975,12962
22906,10013,12893
23969,10998,12971
24281,11736,12545
23584,10848,12736
23577,10937,12640
23716,11090,12626
24342,11258,13084
24055,11003,13052
24284,11271,13013
22834,10114,12720
23771,11380,12391
24965,11851,13114
23364,11042,12322
22682,9911,12771
23307,10512,12795
22440,9713,12727
22675,9803,12872
22409,9703,12706
24398,11600,12798
24210,11167,13043
23604,10961,12643
23507,10960,12547
23212,10327,12885
24548,11522,13026
24221,11211,13010
22206,9572,12634
23392,10504,12888
23376,10522,12854
24241,11338,12903
24210,11377,12833
24345,11235,13110
23194,10348,12846
23978,11476,12502
23820,10929,12891
23840,11385,12455
23438,10667,12771
22676,10029,12647
24822,11832,12990
23818,10891,12927
22815,9976,12839
24321,11490,12831
22730,9898,12832
23706,10930,12776
22843,9991,12852
24173,11245,12928
24065,11104,12961
22943,10051,12892
23374,10978,12396
23873,10938,12935
23980,11676,12304
23639,10762,12877
23259,10426,12833
22737,9962,12775
24206,11242,12964
23261,10953,12308
23932,11083,12849
24623,12127,12496
23747,10983,12764
23701,10857,12844
23139,10358,12781
22829,10157,12672
23271,10586,12685
23298,10668,12630
24866,11975,12891
22470,9849,12621
23554,10852,12702
22877,10254,12623
23689,11457,12232
23815,11485,12330
23447,10627,12820
23756,10997,12759
22682,10084,12598
23509,10825,12684
24266,11950,12316
23298,10522,12776
22705,10157,12548
24186,11418,12768
24493,12037,12456
23893,11546,12347
24722,11870,12852
23533,10651,12882
24415,11466,12949
23048,10269,12779
23622,11249,12373
24622,11844,12778
21723,9642,12081
23780,11144,12636
22505,10045,12460
24594,11841,12753
23958,11635,12323
23113,10640,12473
24199,11621,12578
23875,11693,12182
24488,11705,12783
24105,11264,12841
24964,12218,12746
23577,10940,12637
23799,11019,12780
23030,10923,12107
23368,11204,12164
22768,10137,12631
22742,10059,12683
24251,11491,12760
24148,11321,12827
23694,11455,12239
24014,11709,12305
23235,11160,12075
23435,10803,12632
23609,10852,12757
22792,10718,12074
23107,11045,12062
24615,11872,12743
24187,11788,12399
24006,11452,12554
23402,11228,12174
24788,11980,12808
23584,10907,12677
22469,9926,12543
24924,12396,12528
23979,11619,12360
24300,11831,12469
24099,11231,12868
23436,10849,12587
23389,10809,12580
24260,11460,12800
21862,9646,12216
24303,11810,12493
23340,10651,12689
23455,10821,12634
22715,10203,12512
23336,11161,12175
23082,10851,12231
24040,11449,12591
23338,11258,12080
23950,11772,12178
24084,11304,12780
22747,10203,12544
24557,12258,12299
23187,10699,12488
23794,11666,12128
23891,11161,12730
24897,12220,12677
23985,11695,12290
22697,10288,12409
23839,11135,12704
23798,11099,12699
23991,11783,12208
22403,9981,12422
23428,10867,12561
22944,10509,12435
24055,11982,12073
24111,11637,12474
24502,11803,12699
23234,10663,12571
23556,10948,12608
23820,11538,12282
24478,11838,12640
22783,10355,12428
24325,12149,12176
21838,9974,11864
24137,11585,12552
24847,12115,12732
23389,10955,12434
20664,8995,11669
23168,11067,12101
22867,10413,12454
23373,11405,11968
24350,12146,12204
23793,11294,12499
23681,11355,12326
23680,11165,12515
23193,10684,12509
23264,11403,11861
24264,11569,12695
22901,10400,12501
23047,11055,11992
23793,11231,12562
24170,11997,12173
21750,9617,12133
24510,11906,12604
25043,12472,12571
22921,10843,12078
23973,11821,12152
24440,12134,12306
25153,12509,12644
22794,10971,11823
23314,10888,12426
23387,10948,12439
24402,11784,12618
22414,10009,12405
23255,10761,12494
23000,10491,12509
21861,9704,12157
23918,11284,12634
24090,11481,12609
21096,8923,12173
23538,11140,12398
22622,10252,12370
24122,11722,12400
24151,11745,12406
24662,12016,12646
23345,11471,11874
23703,11661,12042
24139,11517,12622
24064,11803,12261
23957,11875,12082
24136,11601,12535
23348,10828,12520
22417,10534,11883
25149,12601,12548
24182,11646,12536
24186,11690,12496
23905,11774,12131
24002,11970,12032
24029,11584,12445
24907,12407,12500
24493,12288,12205
24622,11964,12658
24422,11844,12578
22960,11002,11958
22539,10265,12274
24022,11590,12432
22927,10762,12165
24148,11636,12512
24505,11890,12615
23313,10846,12467
22976,10966,12010
23754,11195,12559
22420,10538,11882
23081,10741,12340
23868,11354,12514
24751,12208,12543
24339,11821,12518
23525,10943,12582
24375,12238,12137
22435,10198,12237
22271,9925,12346
23628,11569,12059
23804,11288,12516
24413,11909,12504
23073,10825,12248
24163,11672,12491
22816,10517,12299
21391,9460,11931
23294,11326,11968
24187,11672,12515
23726,11660,12066
23364,10932,12432
24234,11713,12521
23297,10848,12449
24322,11822,12500
23127,10818,12309
21151,9208,11943
23423,11532,11891
23837,11521,12316
23219,10796,12423
24491,12350,12141
24715,12194,12521
24255,11740,12515
24028,11608,12420
23388,11477,11911
23703,11305,12398
23504,11170,12334
23151,11440,11711
21924,9821,12103
23977,11937,12040
23061,11104,11957
24209,11891,12318
23592,11273,12319
23253,11382,11871
23458,10922,12536
23984,11662,12322
24150,12187,11963
23988,11880,12108
23270,10894,12376
24662,12414,12248
23247,10867,12380
23578,11550,12028
23591,11183,12408
23377,11459,11918
22565,10388,12177
23155,11399,11756
24366,12408,11958
22428,10186,12242
23604,11435,12169
23378,11019,12359
24697,12386,12311
23947,12049,11898
24041,11586,12455
23577,11181,12396
24131,11737,12394
23166,10984,12182
23393,11132,12261
23965,11677,12288
24069,11571,12498
23753,11582,12171
23236,10985,12251
24429,11966,12463
21827,9690,12137
21599,9749,11850
22923,10562,12361
23008,11235,11773
23303,10970,12333
23696,11297,12399
22662,10887,11775
22002,9811,12191
22596,10939,11657
23948,11730,12218
22910,11243,11667
23486,11666,11820
21564,9773,11791
23035,10914,12121
23981,12119,11862
24413,12595,11818
22992,10690,12302
23854,11607,12247
24466,12084,12382
23679,11355,12324
22938,10667,12271
22735,10597,12138
22315,10502,11813
24803,12505,12298
23803,11493,12310
23723,11874,11849
23877,12065,11812
24201,12416,11785
24227,11800,12427
24073,11693,12380
23944,12131,11813
22860,10512,12348
22573,10400,12173
24214,11968,12246
23085,10939,12146
24452,12240,12212
24369,12012,12357
22927,11470,11457
24039,11738,12301
22529,10393,12136
24068,12031,12037
23854,11515,12339
22865,10664,12201
23383,11656,11727
24456,12032,12424
23600,11849,11751
21724,9790,11934
23924,11501,12423
24325,12149,12176
20832,8894,11938
23411,11232,12179
23959,12210,11749
23996,11582,12414
24012,11708,12304
23396,11572,11824
22587,10453,12134
23560,11215,12345
21688,9732,11956
24056,11880,12176
23497,11740,11757
22976,10817,12159
23973,12090,11883
23200,11087,12113
24007,11736,12271
22881,11307,11574
23514,11698,11816
24111,11777,12334
21760,9864,11896
24607,12288,12319
23427,11524,11903
24562,12230,12332
21940,10431,11509
24278,12118,12160
23495,11750,11745
23213,10998,12215
22741,10622,12119
23342,11715,11627
22330,10222,12108
22112,10058,12054
23535,11848,11687
24376,11964,12412
24263,11879,12384
22930,10685,12245
23998,12201,11797
24942,12503,12439
23655,11825,11830
22745,10588,12157
23250,11130,12120
22864,10611,12253
24081,12308,11773
22594,10666,11928
21330,9537,11793
24096,12313,11783
23774,11570,12204
24228,12467,11761
23986,11783,12203
23328,11109,12219
22924,10950,11974
23765,11588,12177
23966,11734,12232
24668,12654,12014
24183,12186,11997
24248,11872,12376
23845,11648,12197
24791,12656,12135
23937,12280,11657
24305,12160,12145
23857,11599,12258
22468,10340,12128
23813,12148,11665
23066,11011,12055
22620,10553,12067
23476,11923,11553
22998,10892,12106
22839,10810,12029
23312,11226,12086
22745,10809,11936
22980,10825,12155
24069,11901,12168
23092,10849,12243
24076,12262,11814
22301,10423,11878
23252,11519,11733
22733,10787,11946
22553,10537,12016
24640,12355,12285
23814,12046,11768
23355,11320,12035
24267,11935,12332
23639,11484,12155
24798,12443,12355
23883,11677,12206
24137,12352,11785
24287,12186,12101
21955,10492,11463
23932,11693,12239
24413,12192,12221
23125,11498,11627
22898,11301,11597
24376,12554,11822
24204,12005,12199
22122,10593,11529
23599,11547,12052
24270,12398,11872
23284,11055,12229
23705,11493,12212
24252,12076,12176
23032,10871,12161
23513,11741,11772
23927,11724,12203
22673,10770,11903
23142,11143,11999
23473,11828,11645
24879,12620,12259
23119,11481,11638
23570,11485,12085
23510,11416,12094
23226,11275,11951
23681,12030,11651
23724,11612,12112
24026,11825,12201
23617,12021,11596
23320,11553,11767
23538,11393,12145
23861,12249,11612
23671,11543,12128
23256,11368,11888
23688,11661,12027
24979,12732,12247
22512,10526,11986
20794,9676,11118
24166,12447,11719
22117,10427,11690
23476,11430,12046
24515,12785,11730
23938,11817,12121
23972,11774,12198
21733,10308,11425
23124,10967,12157
24949,12676,12273
23785,11801,11984
23566,11610,11956
23969,11785,12184
21421,9663,11758
24589,12396,12193
21209,9401,11808
23735,11607,12128
23654,12020,11634
23268,11598,11670
23449,11390,12059
23417,11341,12076
23382,11279,12103
22179,10865,11314
23145,11232,11913
22210,10332,11878
22101,10396,11705
23064,11132,11932
23608,11608,12000
24398,12243,12155
23661,11764,11897
24386,12183,12203
23756,12149,11607
24074,11901,12173
22329,10938,11391
23926,11827,12099
23035,11389,11646
21313,9783,11530
24036,11830,12206
24003,11864,12139
22191,10324,11867
23358,11816,11542
25090,12820,12270
22868,10840,12028
24087,11918,12169
23710,11575,12135
23784,11670,12114
24512,12280,12232
22525,10597,11928
23130,11036,12094
23851,11723,12128
24215,12104,12111
22721,10737,11984
20694,9089,11605
24229,12038,12191
22194,10711,11483
24487,12296,12191
22990,11420,11570
22133,10846,11287
23254,11660,11594
22585,10821,11764
23694,11716,11978
24876,12705,12171
22020,10171,11849
23819,11776,12043
23484,11342,12142
23651,12131,11520
24445,12403,12042
23930,12312,11618
24290,12151,12139
22187,10411,11776
22380,10462,11918
23923,11897,12026
22120,10510,11610
23145,11130,12015
22177,10366,11811
23643,11499,12144
21485,9725,11760
22885,11364,11521
23109,11135,11974
23918,11860,12058
22747,11374,11373
22328,11033,11295
24045,11934,12111
23450,11974,11476
23643,11679,11964
21292,9747,11545
21995,10156,11839
22813,10874,11939
24890,12789,12101
23023,11459,11564
23168,11184,11984
21224,9622,11602
23703,12095,11608
22772,10668,12104
24281,12184,12097
23398,11543,11855
23934,12364,11570
25275,13027,12248
23348,11376,11972
24028,12527,11501
23295,11191,12104
23102,11112,11990
22954,11504,11450
24315,12085,12230
21451,9899,11552
23595,11953,11642
23530,12047,11483
24079,12018,12061
24558,12585,11973
23170,11751,11419
22680,11284,11396
21861,10603,11258
23582,11515,12067
23254,11213,12041
22711,10878,11833
23509,11599,11910
22573,10692,11881
23863,11757,12106
23481,11517,11964
22078,10356,11722
23553,11974,11579
22778,10852,11926
22809,10934,11875
22172,10631,11541
23477,11486,11991
24049,12508,11541
23436,12140,11296
21781,10117,11664
24395,12350,12045
22357,11040,11317
23595,11938,11657
23890,11842,12048
22824,10905,11919
22679,11332,11347
23105,11241,11864
23825,12242,11583
23051,11607,11444
22861,11466,11395
21589,10445,11144
21862,10641,11221
23283,11566,11717
23234,11270,11964
22279,10375,11904
24174,12585,11589
24350,12757,11593
22915,11628,11287
24146,12133,12013
23832,11754,12078
23233,11841,11392
23240,11288,11952
22653,10883,11770
22495,10713,11782
23058,11698,11360
24311,12179,12132
24415,12431,11984
22746,11382,11364
23846,12115,11731
21199,9556,11643
22399,10723,11676
21674,9911,11763
23938,11864,12074
24181,12048,12133
22817,10960,11857
23222,11733,11489
23508,12005,11503
23641,12148,11493
24209,12719,11490
22941,11547,11394
22856,10953,11903
23947,11884,12063
23439,11373,12066
23176,11715,11461
23688,11663,12025
23442,11631,11811
21524,9813,11711
23221,11332,11889
24395,12370,12025
22883,11449,11434
23643,11595,12048
24029,12017,12012
24390,12890,11500
23314,11369,11945
22708,11415,11293
22288,10411,11877
23560,11551,12009
23999,12303,11696
22363,11016,11347
21524,10441,11083
24770,12752,12018
23163,11302,11861
23305,11509,11796
24742,12614,12128
23749,12186,11563
24239,12611,11628
23053,11663,11390
22905,11045,11860
24314,12279,12035
23832,11899,11933
22884,11029,11855
22482,10656,11826
22831,10939,11892
24017,11960,12057
23621,11769,11852
23322,11354,11968
22568,10787,11781
23979,11927,12052
24574,12703,11871
23356,11466,11890
22753,10902,11851
24189,12297,11892
23223,11352,11871
24354,12383,11971
24055,12592,11463
22096,10453,11643
22598,10765,11833
22431,11024,11407
24153,12605,11548
21816,10744,11072
19948,8854,11094
23784,11792,11992
23994,12539,11455
23801,12271,11530
22010,10462,11548
22012,10204,11808
24423,12354,12069
22180,10401,11779
23626,11766,11860
23737,11860,11877
23474,11559,11915
23028,11597,11431
22579,11321,11258
23898,12285,11613
22218,10996,11222
22880,11495,11385
22327,10619,11708
23046,11377,11669
23236,11198,12038
22470,10675,11795
23617,11575,12042
24351,12419,11932
23814,11929,11885
22368,10582,11786
21619,9923,11696
24010,12558,11452
24042,12279,11763
23652,12185,11467
24040,12144,11896
22151,10448,11703
22428,10571,11857
23554,11593,11961
24027,11907,12120
22801,11496,11305
24331,12517,11814
23219,11369,11850
21281,9724,11557
24219,12258,11961
23500,11469,12031
22746,11017,11729
24028,12609,11419
24332,12661,11671
22221,11033,11188
24125,12651,11474
25252,13105,12147
23267,11400,11867
23631,12158,11473
23541,11877,11664
24172,12169,12003
23802,12274,11528
23438,11582,11856
22877,11006,11871
23308,11882,11426
22236,11020,11216
24378,12465,11913
24082,11994,12088
24260,12239,12021
23803,11735,12068
23981,12030,11951
23678,11780,11898
24199,12745,11454
24378,12393,11985
24099,12564,11535
22587,10795,11792
23709,11819,11890
24112,12286,11826
24183,12230,11953
23720,11791,11929
23089,11666,11423
22930,11111,11819
23456,11495,11961
22809,11406,11403
24026,12050,11976
23083,11719,11364
23649,12215,11434
23697,11809,11888
24226,12273,11953
22906,11115,11791
22468,10804,11664
22861,11577,11284
23721,11735,11986
22729,11057,11672
23873,12481,11392
24664,12676,11988
24023,11995,12028
22073,10982,11091
22647,11345,11302
24428,12920,11508
22653,10919,11734
24163,12331,11832
23704,11793,11911
24203,12782,11421
24515,12479,12036
23150,11238,11912
21556,10345,11211
22040,10747,11293
23901,11983,11918
22790,10928,11862
21263,9704,11559
22303,10582,11721
23382,11744,11638
22821,10933,11888
23402,11674,11728
23587,11618,11969
22853,11491,11362
22643,11499,11144
24730,12738,11992
24168,12119,12049
24028,12074,11954
23161,11221,11940
23921,12020,11901
22832,11513,11319
23167,11272,11895
24223,12251,11972
23489,11994,11495
23287,11855,11432
23345,11607,11738
23335,11447,11888
23777,11855,11922
23999,12648,11351
24079,12112,11967
23878,12475,11403
22877,11633,11244
21149,9686,11463
23536,12181,11355
24134,12699,11435
22863,11072,11791
23207,11569,11638
23935,11923,12012
22884,11171,11713
23942,12017,11925
23034,11788,11246
23176,11718,11458
24405,12823,11582
23543,12132,11411
21417,10252,11165
23006,11612,11394
22551,10911,11640
23614,12316,11298
23232,11944,11288
24294,12795,11499
22803,11016,11787
23843,12418,11425
21740,10295,11445
23407,12029,11378
24147,12306,11841
23161,11874,11287
22989,11606,11383
24155,12218,11937
24089,12538,11551
23708,12308,11400
24172,12657,11515
23119,11762,11357
23764,11945,11819
22943,11666,11277
23531,12148,11383
21755,10324,11431
23507,11691,11816
24336,12400,11936
23921,11988,11933
23596,12254,11342
22875,11100,11775
23470,11767,11703
23108,11248,11860
23598,11697,11901
24196,12768,11428
24077,12202,11875
22933,11227,11706
22478,11287,11191
22856,11060,11796
23244,12039,11205
23228,11888,11340
23431,11656,11775
23536,12226,11310
22887,11238,11649
24356,12819,11537
23202,11380,11822
24158,12302,11856
24025,12127,11898
22846,11133,11713
24328,12512,11816
24226,12301,11925
23588,12070,11518
24531,12557,11974
24217,12411,11806
23934,11984,11950
22284,10553,11731
23168,11412,11756
23425,11969,11456
22219,10538,11681
23793,12435,11358
22910,11620,11290
23135,11331,11804
21267,9730,11537
23669,11867,11802
22955,11713,11242
24050,12554,11496
23066,11818,11248
23806,11955,11851
23177,11414,11763
23336,11665,11671
23000,11712,11288
23532,11819,11713
21521,10375,11146
23785,12168,11617
23477,11658,11819
22906,11651,11255
23470,11635,11835
22298,10673,11625
23210,11371,11839
24073,12722,11351
22312,10645,11667
22815,11057,11758
24251,12396,11855
23485,12202,11283
22373,10768,11605
24429,13030,11399
21075,10026,11049
23205,11379,11826
23118,11731,11387
23425,11527,11898
22218,10567,11651
23593,11827,11766
23784,12069,11715
23244,12016,11228
23286,11609,11677
24163,12208,11955
23483,11936,11547
21561,10544,11017
22324,11119,11205
23317,11484,11833
23442,11991,11451
22628,11086,11542
24082,12314,11768
24900,12911,11989
22203,10959,11244
24021,12169,11852
22739,11604,11135
24389,12506,11883
23839,12063,11776
24229,12822,11407
24401,12532,11869
23052,11293,11759
22995,11241,11754
22531,11406,11125
23021,11644,11377
23245,11522,11723
24459,12607,11852
22390,10711,11679
23292,11977,11315
24525,12579,11946
23000,11198,11802
23778,11920,11858
23130,11384,11746
22895,11752,11143
23214,11338,11876
23214,11511,11703
23563,12322,11241
23712,12413,11299
24350,12505,11845
22689,11556,11133
23448,11613,11835
21938,10768,11170
20062,9600,10462
22196,10940,11256
23613,11805,11808
21660,10009,11651
22717,11463,11254
22057,10471,11586
23765,11924,11841
23888,12612,11276
23762,11883,11879
22531,11228,11303
23832,11990,11842
23072,11447,11625
23841,11990,11851
23568,12325,11243
23208,11951,11257
22651,11462,11189
21451,10312,11139
23817,12489,11328
23414,11526,11888
23699,11798,11901
23620,11748,11872
24694,13234,11460
24098,12569,11529
22762,11031,11731
21897,11052,10845
22124,11012,11112
24341,12511,11830
24086,12126,11960
24356,12990,11366
23315,11500,11815
23860,12647,11213
23654,12452,11202
24442,12503,11939
22347,11297,11050
23006,11290,11716
24129,12230,11899
21252,10200,11052
23328,11535,11793
23424,12124,11300
23905,12601,11304
23511,11769,11742
23318,11644,11674
22949,11269,11680
23569,11721,11848
22662,11045,11617
23473,11702,11771
22663,10955,11708
23042,11875,11167
23102,11897,11205
23944,12106,11838
23234,11385,11849
22195,10553,11642
22805,11096,11709
23293,11571,11722
23303,11546,11757
22559,11424,11135
23945,12181,11764
24462,12564,11898
23805,12565,11240
23691,11963,11728
22438,11042,11396
22215,10541,11674
23678,11824,11854
22609,11092,11517
22857,11146,11711
22454,10895,11559
21986,10860,11126
22336,11241,11095
22500,11437,11063
23344,11476,11868
22920,11228,11692
23705,11961,11744
23130,11749,11381
22797,11233,11564
23674,12191,11483
22433,10745,11688
22752,11168,11584
23207,11345,11862
23275,12109,11166
23206,11414,11792
23573,11857,11716
22062,10872,11190
23774,12385,11389
23017,11402,11615
20427,9147,11280
23842,11991,11851
22509,10806,11703
23558,12198,11360
23471,11656,11815
22846,11129,11717
23416,12088,11328
21970,10394,11576
24357,12443,11914
23420,11528,11892
22518,10978,11540
23080,11227,11853
22798,11076,11722
24090,12387,11703
24309,12576,11733
23904,12161,11743
23521,12162,11359
23506,12140,11366
23727,11989,11738
23255,12050,11205
22635,11371,11264
23023,11392,11631
23700,11966,11734
23635,12224,11411
23570,11751,11819
22076,10833,11243
23970,12159,11811
21389,10440,10949
24320,12520,11800
23172,11384,11788
22361,11269,11092
23524,11760,11764
22147,10581,11566
22478,11257,11221
23124,11351,11773
21252,10308,10944
23305,11546,11759
23734,12451,11283
23203,12015,11188
22365,10709,11656
24022,12681,11341
24166,12274,11892
22238,10655,11583
23877,12213,11664
23492,11772,11720
23779,11954,11825
24230,12482,11748
22969,11756,11213
23141,11992,11149
23474,11656,11818
22197,10697,11500
21904,10370,11534
22489,11250,11239
22840,11726,11114
21876,10916,10960
23641,12325,11316
23596,11830,11766
22506,11363,11143
23329,12096,11233
22774,11141,11633
23806,12008,11798
23511,11717,11794
22458,10841,11617
22293,11171,11122
23197,11477,11720
23605,11716,11889
24085,12290,11795
23969,12762,11207
23053,11382,11671
23274,12174,11100
22538,11390,11148
23046,11793,11253
22212,11122,11090
22782,11005,11777
22006,10562,11444
23877,12608,11269
23492,12394,11098
21469,10551,10918
22613,10939,11674
23879,12621,11258
23349,11558,11791
22341,10857,11484
23423,11624,11799
22043,10892,11151
23336,11636,11700
22909,11238,11671
21906,10845,11061
24067,12800,11267
24403,12544,11859
24017,12690,11327
22400,10876,11524
23379,12072,11307
23650,12454,11196
22646,11491,11155
24270,12921,11349
24259,13037,11222
22749,11501,11248
22904,11257,11647
22208,10666,11542
22422,11361,11061
24158,12892,11266
24000,12815,11185
23847,12655,11192
23881,12117,11764
23556,11996,11560
23015,11763,11252
24264,12337,11927
23252,12102,11150
23626,12332,11294
23095,11302,11793
23700,11967,11733
22951,11237,11714
24123,12328,11795
22912,11196,11716
21825,10519,11306
23403,11673,11730
23787,12572,11215
22838,11330,11508
22919,11657,11262
21919,10335,11584
21592,10708,10884
22478,11540,10938
23608,12204,11404
22747,11583,11164
23807,12374,11433
22472,11321,11151
22617,11407,11210
23347,11654,11693
23241,11949,11292
22011,10965,11046
23783,11999,11784
21791,10925,10866
22848,11180,11668
24181,12405,11776
23867,12155,11712
24084,12728,11356
22429,10904,11525
24311,12391,11920
23687,11837,11850
22811,11287,11524
22306,10784,11522
22993,11295,11698
22758,11143,11615
22009,10514,11495
23873,12578,11295
23245,12007,11238
21943,10632,11311
24292,13022,11270
23341,11623,11718
23452,11715,11737
21813,10798,11015
21710,10826,10884
24347,13067,11280
24374,12625,11749
23162,11381,11781
23872,12081,11791
23679,12368,11311
23004,11532,11472
23764,12534,11230
23173,12005,11168
22685,11207,11478
22081,11039,11042
23006,11278,11728
22656,11522,11134
21075,10248,10827
23789,11990,11799
23802,12520,11282
23622,12378,11244
23767,12552,11215
23345,11597,11748
22199,10743,11456
23385,11802,11583
22529,11002,11527
23169,11415,11754
21609,10647,10962
23963,12727,11236
23609,11893,11716
23236,11904,11332
23345,11576,11769
23930,12660,11270
21775,10278,11497
22348,10778,11570
23050,11435,11615
23530,12171,11359
23159,11917,11242
21168,9937,11231
23698,12445,11253
22134,10615,11519
23502,12204,11298
22595,11238,11357
20498,9178,11320
23500,11753,11747
22521,11535,10986
23630,12325,11305
23023,11396,11627
23074,11329,11745
21850,10426,11424
21849,10945,10904
22346,11256,11090
21893,10968,10925
23383,11797,11586
22960,11850,11110
22550,11012,11538
23817,12148,11669
23814,12422,11392
23154,11588,11566
21815,10264,11551
23296,12008,11288
22730,11062,11668
21110,9674,11436
23140,11424,11716
19905,8696,11209
22470,10781,11689
22468,11458,11010
23237,12050,11187
23276,11596,11680
23215,11774,11441
23781,12523,11258
23745,12371,11374
23838,12611,11227
23174,11461,11713
24014,12315,11699
23366,12174,11192
23383,12190,11193
24082,12220,11862
22987,11822,11165
23021,11335,11686
23555,12338,11217
22824,11306,11518
23513,12238,11275
22253,11245,11008
23570,12345,11225
22641,11638,11003
22067,11071,10996
21917,10451,11466
22820,11172,11648
23056,11544,11512
22679,11116,11563
23414,12147,11267
23797,12510,11287
21617,10239,11378
22184,10607,11577
22881,11549,11332
21429,10022,11407
22805,11551,11254
23300,11510,11790
24291,13021,11270
22982,11353,11629
23754,11975,11779
23524,12344,11180
24052,12196,11856
23852,11965,11887
22348,10758,11590
24380,12564,11816
22995,11286,11709
23015,11348,11667
21458,10425,11033
21491,10514,10977
22454,11293,11161
23458,11751,11707
23539,12068,11471
23311,12097,11214
23489,12315,11174
23657,11910,11747
20681,9513,11168
22321,10885,11436
23456,11835,11621
23685,12011,11674
23599,11893,11706
22439,10859,11580
23561,11961,11600
23730,12635,11095
23399,11754,11645
23739,11980,11759
23261,11620,11641
23806,12103,11703
23335,11674,11661
22619,11065,11554
23052,11468,11584
23412,11677,11735
24224,12949,11275
22911,11259,11652
22454,11379,11075
23505,12272,11233
22558,11499,11059
23453,11841,11612
23965,12723,11242
23495,12038,11457
24358,12621,11737
24000,12272,11728
23656,12171,11485
23118,12047,11071
23404,12124,11280
23248,12067,11181
23190,11591,11599
22912,11741,11171
23326,12041,11285
23420,12262,11158
22209,10653,11556
22546,10948,11598
22917,11739,11178
23001,11974,11027
23540,12362,11178
23820,12535,11285
23463,11740,11723
22730,11572,11158
23032,11525,11507
23546,11892,11654
22756,11755,11001
23564,11975,11589
23061,11352,11709
23059,11986,11073
21724,10741,10983
24408,12639,11769
22875,11320,11555
23658,11914,11744
21029,9652,11377
23159,11577,11582
22635,11693,10942
22233,11042,11191
21960,10517,11443
24457,12737,11720
22856,11778,11078
22661,11136,11525
23543,12281,11262
22792,11191,11601
23103,11500,11603
23689,12023,11666
23876,12659,11217
22241,10858,11383
23244,11988,11256
23030,11416,11614
23739,12463,11276
23724,12042,11682
24062,12303,11759
23195,11534,11661
23294,11710,11584
23003,11434,11569
23273,11532,11741
21093,10265,10828
22273,11335,10938
23990,12773,11217
22258,11039,11219
23152,11376,11776
23752,12076,11676
23761,12525,11236
23737,12098,11639
21290,10353,10937
23260,12010,11250
24083,12768,11315
23410,12253,11157
23912,12720,11192
24097,12749,11348
23846,12143,11703
21997,11006,10991
22698,11134,11564
22485,10964,11521
23248,11500,11748
23072,11428,11644
23806,12442,11364
23926,12169,11757
24195,12994,11201
22998,11385,11613
22115,10987,11128
21716,10595,11121
23050,11458,11592
22392,11337,11055
22651,11385,11266
23245,12121,11124
24008,12807,11201
22875,11309,11566
23914,12101,11813
23708,11886,11822
24647,12787,11860
23107,11432,11675
22295,11182,11113
22599,10901,11698
23011,11259,11752
23485,11727,11758
23732,12346,11386
22345,11296,11049
22297,11179,11118
23504,12306,11198
23809,11984,11825
22007,11019,10988
23882,12641,11241
23329,11613,11716
22355,11432,10923
22812,11234,11578
22917,11401,11516
23790,12146,11644
23364,12321,11043
22777,11593,11184
23440,12191,11249
22780,11098,11682
23099,11438,11661
22971,11814,11157
23929,12163,11766
24087,12178,11909
23210,12013,11197
23474,12370,11104
23806,12600,11206
24000,12849,11151
22984,11877,11107
23754,12348,11406
23361,12139,11222
23699,11974,11725
23838,12597,11241
23288,11980,11308
23743,12056,11687
23112,12008,11104
21937,10306,11631
23372,11735,11637
22472,10953,11519
23061,11612,11449
22084,10714,11370
23208,12047,11161
23701,12528,11173
20774,9961,10813
23519,11862,11657
23097,11627,11470
23468,12339,11129
22566,10927,11639
24173,12941,11232
22605,11587,11018
24851,13025,11826
22387,11129,11258
22735,11084,11651
23485,11832,11653
22573,11521,11052
22713,11095,11618
23211,12083,11128
21654,10820,10834
21837,10942,10895
23990,12377,11613
22870,11663,11207
23335,12194,11141
24358,13041,11317
22413,10825,11588
22888,11254,11634
23041,11759,11282
23602,12386,11216
22003,10901,11102
23088,11582,11506
23800,12058,11742
24044,12304,11740
23343,12205,11138
23153,11483,11670
23391,11696,11695
23043,11474,11569
23728,11974,11754
23220,11591,11629
22290,10826,11464
22517,11041,11476
23227,11983,11244
23531,11900,11631
23853,12200,11653
21672,10475,11197
21622,10181,11441
24383,12670,11713
23859,12152,11707
22849,11844,11005
23790,12620,11170
23645,11862,11783
22025,10522,11503
23693,12066,11627
23331,11814,11517
23563,11853,11710
23283,12165,11118
23827,12139,11688
23218,11657,11561
22901,11263,11638
23207,11625,11582
24140,12933,11207
23039,11794,11245
23361,12229,11132
21854,10766,11088
23544,12440,11104
23912,12101,11811
23001,11401,11600
23074,11999,11075
23144,11495,11649
22875,11755,11120
22334,10969,11365
21826,10415,11411
24069,12869,11200
22832,11680,11152
22751,11215,11536
23005,11497,11508
23777,12615,11162
22401,10953,11448
23170,11494,11676
23446,11693,11753
20546,9817,10729
23794,12542,11252
22997,11882,11115
23639,12427,11212
24178,12486,11692
23646,12440,11206
23149,12141,11008
23333,11725,11608
22433,11321,11112
21274,10039,11235
23923,12828,11095
22832,11235,11597
24249,12934,11315
23231,12084,11147
22625,11064,11561
22483,11624,10859
22920,11840,11080
22310,11277,11033
22957,11301,11656
22936,11349,11587
22362,10934,11428
21918,10435,11483
23896,12741,11155
23071,12040,11031
23296,11689,11607
23023,11306,11717
24045,12850,11195
21280,10328,10952
23818,12453,11365
23625,12275,11350
23452,12300,11152
23077,11990,11087
22839,11291,11548
23590,11912,11678
22143,11147,10996
24009,12238,11771
21455,10205,11250
24261,12518,11743
22365,11448,10917
22710,11314,11396
22717,11187,11530
22807,11364,11443
23403,12152,11251
23141,11702,11439
24590,13039,11551
22619,11499,11120
23000,11758,11242
23893,12188,11705
23513,11808,11705
23521,12378,11143
21775,10251,11524
23644,12487,11157
24065,12451,11614
23733,11943,11790
23299,11645,11654
23690,12065,11625
23929,12714,11215
23963,12332,11631
22456,10991,11465
23745,12099,11646
23562,11840,11722
22639,11517,11122
22444,10969,11475
21675,10313,11362
21393,10483,10910
23519,11940,11579
23755,12574,11181
22930,11877,11053
22410,10999,11411
23795,12564,11231
21716,10747,10969
23290,12192,11098
23470,12290,11180
23074,12094,10980
23350,11828,11522
23749,12596,11153
22871,11816,11055
22479,10843,11636
23896,12815,11081
23885,12193,11692
21006,10108,10898
23937,12791,11146
23933,12157,11776
23422,11817,11605
23400,11797,11603
23553,11924,11629
23844,12610,11234
23059,11390,11669
21292,9862,11430
23759,12546,11213
23287,12113,11174
24252,12518,11734
23485,11876,11609
24001,12765,11236
22137,10735,11402
22231,10719,11512
21972,10358,11614
22045,11041,11004
21324,10356,10968
21948,10603,11345
23689,12071,11618
23638,11903,11735
22667,11148,11519
23962,12302,11660
23423,12113,11310
22031,11088,10943
22196,10999,11197
22479,11349,11130
24027,12263,11764
23938,12791,11147
22553,11247,11306
23299,12116,11183
24092,12788,11304
23661,11995,11666
23750,12598,11152
22876,11210,11666
23583,12035,11548
23629,11811,11818
22126,10638,11488
23721,12562,11159
22783,11276,11507
23869,12625,11244
22796,11770,11026
22417,11051,11366
24433,12591,11842
23825,12049,11776
22957,11903,11054
22389,11010,11379
22855,11798,11057
22780,11756,11024
21388,10244,11144
23619,12519,11100
20935,10024,10911
23310,12151,11159
21994,10810,11184
24207,13013,11194
23473,11706,11767
22581,11468,11113
23600,12453,11147
22681,11056,11625
23306,11598,11708
23720,12280,11440
22785,11219,11566
22705,11129,11576
23639,12490,11149
23553,12035,11518
22604,11363,11241
23058,12018,11040
24031,12361,11670
23212,11597,11615
22626,11373,11253
24122,12313,11809
23064,11508,11556
23153,11590,11563
23110,11997,11113
22524,11468,11056
23550,11880,11670
23781,12654,11127
22664,11028,11636
22246,11388,10858
22736,11266,11470
22629,11168,11461
23830,12472,11358
23366,12191,11175
20059,9414,10645
23826,12065,11761
22617,11391,11226
23566,12325,11241
22772,11215,11557
22100,10643,11457
22531,11026,11505
22201,11176,11025
23545,11882,11663
23818,12615,11203
21799,10872,10927
22823,11189,11634
21309,10232,11077
22978,11266,11712
22099,10654,11445
24036,12775,11261
23700,12502,11198
23474,12199,11275
24155,12471,11684
22832,11282,11550
23887,12661,11226
21747,10380,11367
24101,12879,11222
22595,11080,11515
23396,12311,11085
22865,11739,11126
23642,12389,11253
23348,12146,11202
21276,10374,10902
24387,12789,11598
22086,10559,11527
21942,11010,10932
23753,12478,11275
22480,10980,11500
22724,11394,11330
23758,11960,11798
22744,11283,11461
23554,12315,11239
21821,11010,10811
23071,11924,11147
23459,11822,11637
24066,12368,11698
22809,11664,11145
23364,12012,11352
24353,13024,11329
22730,11673,11057
22671,11608,11063
24372,12604,11768
23133,12050,11083
23931,12709,11222
23330,12137,11193
24164,12411,11753
23213,12032,11181
24584,12846,11738
23496,11891,11605
22644,11651,10993
22198,11138,11060
23879,12684,11195
23483,11703,11780
23049,11330,11719
22570,11485,11085
22436,11356,11080
23230,12085,11145
21041,10254,10787
23832,12292,11540
23960,12801,11159
23255,11642,11613
22384,11352,11032
24203,12417,11786
23858,12200,11658
23438,12244,11194
23590,11979,11611
23861,12622,11239
24496,12724,11772
23450,12305,11145
22761,11150,11611
21734,10813,10921
22664,11536,11128
22695,11735,10960
23822,12533,11289
24563,12855,11708
23997,12806,11191
22113,10722,11391
23547,12404,11143
23192,12087,11105
24211,13017,11194
23352,11666,11686
23309,12089,11220
23603,11966,11637
21429,10149,11280
22623,11551,11072
23403,11795,11608
22926,11397,11529
23157,11516,11641
23590,12034,11556
23616,12135,11481
21756,10405,11351
22536,11452,11084
22771,11256,11515
22287,11173,11114
22897,11660,11237
22913,11887,11026
23126,11614,11512
22769,11217,11552
23104,11882,11222
22818,11788,11030
23475,12192,11283
23589,11910,11679
24025,12276,11749
23920,12749,11171
23753,12577,11176
22355,10793,11562
23384,11659,11725
23719,12067,11652
21528,10218,11310
22731,11461,11270
21884,11003,10881
23671,12431,11240
21827,10899,10928
22625,11207,11418
24178,12517,11661
22720,11347,11373
22091,10639,11452
22370,11317,11053
23410,12215,11195
22060,10571,11489
24311,13025,11286
24140,12909,11231
23667,12021,11646
23037,11873,11164
23082,11822,11260
23685,12006,11679
23002,11919,11083
23188,11575,11613
23657,12415,11242
23699,12057,11642
23869,12162,11707
23029,11325,11704
24453,12629,11824
23420,11790,11630
23439,12275,11164
22634,11655,10979
22997,11295,11702
24130,12838,11292
22994,11654,11340
23628,12371,11257
23669,12672,10997
21550,10210,11340
23140,12117,11023
22012,10674,11338
22390,11004,11386
22587,11580,11007
22035,11180,10855
24109,12316,11793
23526,12359,11167
22695,11648,11047
22967,11746,11221
24245,12561,11684
21005,9877,11128
23003,11881,11122
23788,12266,11522
22167,10704,11463
20711,9617,11094
22725,11704,11021
23190,12197,10993
23803,12127,11676
22124,11168,10956
24309,13073,11236
21359,10015,11344
22373,11135,11238
24004,12844,11160
24083,12444,11639
22665,11377,11288
23372,12293,11079
23365,12220,11145
23496,12318,11178
22535,11344,11191
22948,12024,10924
23240,12186,11054
22765,11804,10961
23033,11788,11245
21917,11003,10914
22326,10791,11535
23720,12523,11197
23176,12131,11045
23438,11787,11651
23182,11670,11512
22240,10832,11408
23972,12378,11594
22909,11386,11523
22814,11778,11036
22914,11338,11576
22716,11475,11241
23949,12688,11261
23309,12191,11118
21820,10781,11039
23477,12360,11117
23441,11807,11634
24164,12925,11239
22608,11058,11550
23578,12384,11194
23636,11968,11668
24128,12908,11220
23878,12640,11238
23447,12351,11096
23143,11569,11574
23294,11588,11706
21960,10926,11034
24386,13138,11248
23311,12297,11014
21853,10981,10872
23656,12058,11598
23947,12223,11724
24136,12331,11805
24144,12878,11266
23460,11820,11640
23031,11940,11091
23504,12333,11171
23461,11824,11637
23357,12028,11329
23453,11754,11699
23588,12459,11129
22673,11629,11044
23072,11475,11597
22776,11178,11598
24262,13043,11219
23254,12176,11078
23371,12240,11131
23400,12224,11176
23194,11606,11588
21513,10064,11449
21537,10630,10907
22707,11266,11441
22953,11417,11536
22919,11812,11107
23543,12341,11202
23347,11732,11615
20776,10036,10740
23694,12044,11650
22658,11638,11020
23632,12481,11151
23692,11999,11693
22641,11132,11509
22674,11535,11139
22375,10930,11445
23654,11998,11656
21281,9969,11312
22054,10951,11103
22261,11259,11002
21823,10530,11293
22638,11643,10995
22587,11529,11058
23400,11692,11708
23636,12218,11418
23866,12219,11647
21462,10482,10980
23004,11379,11625
22664,11441,11223
22190,11231,10959
23275,11636,11639
23737,12087,11650
23145,12037,11108
23008,11487,11521
22703,11436,11267
24464,12740,11724
21982,11000,10982
23336,11715,11621
24095,12589,11506
22575,11556,11019
23663,11968,11695
23477,12332,11145
21718,10400,11318
21182,10430,10752
23795,12086,11709
22547,11490,11057
24117,12399,11718
22652,10975,11677
21710,10713,10997
22785,11178,11607
23787,12635,11152
23153,12028,11125
23172,11612,11560
23057,11821,11236
23166,11970,11196
24084,12877,11207
22080,10706,11374
22537,11511,11026
23110,11799,11311
24002,12746,11256
22159,10802,11357
23027,11922,11105
23546,12019,11527
22481,11517,10964
22059,10522,11537
22803,11260,11543
24317,12677,11640
23012,11947,11065
23479,11780,11699
22947,11452,11495
22836,11409,11427
21917,10531,11386
23248,11827,11421
23493,11964,11529
22793,11749,11044
23029,11466,11563
23840,12219,11621
22035,10610,11425
23412,12294,11118
23208,11647,11561
23917,12356,11561
22084,11013,11071
23518,11924,11594
22527,11511,11016
23242,12013,11229
22576,11065,11511
23278,11646,11632
22123,10728,11395
21758,10839,10919
23276,11689,11587
23546,11851,11695
21476,10417,11059
23714,12625,11089
23079,11727,11352
23585,12054,11531
23785,12031,11754
22953,11427,11526
22921,11956,10965
23377,12297,11080
22089,10710,11379
22057,10674,11383
22130,11250,10880
23162,11985,11177
22212,10811,11401
23463,12344,11119
23576,11886,11690
22002,11150,10852
22369,10956,11413
22716,11708,11008
22925,11269,11656
23711,11975,11736
22568,11018,11550
23007,11970,11037
23416,12330,11086
21413,10167,11246
23032,12003,11029
22353,11328,11025
22623,11168,11455
21666,10708,10958
23117,11415,11702
24517,12723,11794
24048,12811,11237
23797,12610,11187
22541,11597,10944
23008,12020,10988
23562,11885,11677
22746,11215,11531
23870,12745,11125
23215,12071,11144
23778,12069,11709
21601,11002,10599
23004,11906,11098
22067,10869,11198
21746,10438,11308
22205,10725,11480
23307,12178,11129
22932,11411,11521
22743,11153,11590
23223,11560,11663
23268,12208,11060
23704,12021,11683
23387,11709,11678
22927,11890,11037
23668,12023,11645
23139,11629,11510
23331,11672,11659
23219,12227,10992
23896,12727,11169
22912,11344,11568
23764,12148,11616
23189,11604,11585
22049,11056,10993
23335,12166,11169
22499,11118,11381
23520,11952,11568
22056,10747,11309
23077,11536,11541
24147,12454,11693
23105,11971,11134
21339,10278,11061
21701,10827,10874
22758,11367,11391
23074,11992,11082
23375,11723,11652
23949,12282,11667
22661,11417,11244
23246,12140,11106
23413,12327,11086
23327,11639,11688
23002,11787,11215
23364,11681,11683
23073,11583,11490
22897,11910,10987
21679,10313,11366
21815,10812,11003
23546,11891,11655
23767,12128,11639
23087,12103,10984
23723,11993,11730
23735,12365,11370
24136,12377,11759
23986,12668,11318
22809,11819,10990
21853,10960,10893
21950,10522,11428
23333,11887,11446
22207,10822,11385
23651,12511,11140
24033,12236,11797
23906,12650,11256
23814,12663,11151
23907,12670,11237
23297,11935,11362
21380,10058,11322
23152,12046,11106
21501,10190,11311
23547,11862,11685
22975,11925,11050
22795,11719,11076
24236,12516,11720
23301,12156,11145
21996,10419,11577
23590,12467,11123
24153,12496,11657
22219,11361,10858
22396,10947,11449
23454,11978,11476
24515,12814,11701
23652,12372,11280
23859,12247,11612
23674,12053,11621
21970,10509,11461
21635,10865,10770
23090,11566,11524
24243,12544,11699
23317,11697,11620
23575,11923,11652
24098,12907,11191
22837,11347,11490
21616,10558,11058
23827,12147,11680
23459,11859,11600
22494,11467,11027
21203,9962,11241
22482,10947,11535
23647,12082,11565
22278,10774,11504
22501,11028,11473
23595,11935,11660
23826,12615,11211
23166,12093,11073
23800,12177,11623
23578,11928,11650
22689,11135,11554
24463,12779,11684
20299,9502,10797
22157,10872,11285
23573,11906,11667
23118,12057,11061
22687,11147,11540
24443,12718,11725
23049,11504,11545
22542,10973,11569
22358,11433,10925
23068,11480,11588
23204,12109,11095
22800,11320,11480
23432,12297,11135
21565,10203,11362
23856,12190,11666
23674,12040,11634
24155,12975,11180
23415,11804,11611
23699,12557,11142
23237,12149,11088
23958,12734,11224
23640,12384,11256
22316,10999,11317
22645,11596,11049
23629,12007,11622
23583,12112,11471
22333,10904,11429
23582,12049,11533
22726,11276,11450
22844,11375,11469
22515,11270,11245
23485,11855,11630
23318,12167,11151
24238,12805,11433
23553,11954,11599
23298,12142,11156
23183,11601,11582
23099,11966,11133
23337,12164,11173
23339,12311,11028
24090,12432,11658
22611,11225,11386
24474,12700,11774
23955,12854,11101
22857,11804,11053
22389,11432,10957
24047,12896,11151
22672,11449,11223
23647,11973,11674
23869,12109,11760
23269,11659,11610
22448,11545,10903
23530,11849,11681
23894,12232,11662
23283,11679,11604
21835,10403,11432
23800,12190,11610
22952,11471,11481
23586,12317,11269
21835,10869,10966
20233,9185,11048
22527,11070,11457
23817,12147,11670
23812,12639,11173
22636,11630,11006
24254,12547,11707
24011,12320,11691
22984,11353,11631
21041,9780,11261
24063,12890,11173
24236,12486,11750
23252,11674,11578
23978,12122,11856
23094,12042,11052
22781,11764,11017
21258,10521,10737
23617,12008,11609
22822,11257,11565
22990,11805,11185
24134,12900,11234
23179,12096,11083
23620,12369,11251
21254,10601,10653
23823,12633,11190
22960,11849,11111
22954,11356,11598
23018,11651,11367
23344,12250,11094
22611,11605,11006
22186,10704,11482
22321,10837,11484
23798,12114,11684
23910,12330,11580
23113,11568,11545
23698,12045,11653
24473,13242,11231
22757,11722,11035
24780,13002,11778
22918,11564,11354
23768,12123,11645
20134,9052,11082
22736,11706,11030
22457,11029,11428
22655,11013,11642
23639,12444,11195
23802,12620,11182
23578,11810,11768
21575,10241,11334
23706,12033,11673
23901,12711,11190
23327,11716,11611
21614,10299,11315
24022,12829,11193
22795,11653,11142
23731,12028,11703
22998,11879,11119
22207,11210,10997
22582,11637,10945
23834,12286,11548
22257,10840,11417
23607,12518,11089
23669,12422,11247
24032,12782,11250
23613,12506,11107
21885,10982,10903
23819,12203,11616
23166,11509,11657
23025,11502,11523
24656,12948,11708
24018,12868,11150
24455,13197,11258
22403,11459,10944
23731,12590,11141
23036,11664,11372
23406,12311,11095
23890,12741,11149
24050,12970,11080
23843,12116,11727
22391,11560,10831
23441,12105,11336
22439,11036,11403
22036,11082,10954
23568,12338,11230
23692,12462,11230
23270,12098,11172
22498,10942,11556
24016,12789,11227
22934,11862,11072
24032,12295,11737
22371,11303,11068
21388,10445,10943
22706,11449,11257
23367,12137,11230
24554,12891,11663
23869,12177,11692
22821,11260,11561
23096,12041,11055
23321,12311,11010
22243,11218,11025
23536,12386,11150
23642,12261,11381
23532,11865,11667
23905,12439,11466
21881,10446,11435
23143,11941,11202
22607,11052,11555
22628,11610,11018
22507,11369,11138
23581,12470,11111
23788,12684,11104
23506,11935,11571
23125,11721,11404
23419,12279,11140
22641,11456,11185
23573,12517,11056
22620,11006,11614
23254,11751,11503
23556,12025,11531
23337,12220,11117
22772,11689,11083
22794,11835,10959
22848,11785,11063
22660,11101,11559
22402,11153,11249
22448,11036,11412
23108,12004,11104
23574,11885,11689
21586,10781,10805
23232,11655,11577
23837,12149,11688
23375,12318,11057
23232,12122,11110
23436,11877,11559
23336,12112,11224
22758,11630,11128
24068,12350,11718
23300,11856,11444
22610,11557,11053
21760,10833,10927
22938,11396,11542
23095,11650,11445
21326,10243,11083
23557,12374,11183
23847,12135,11712
24699,12979,11720
23113,11637,11476
23087,12022,11065
23501,11861,11640
23516,12385,11131
21250,10392,10858
23660,12471,11189
23095,12041,11054
22171,10656,11515
23642,11979,11663
23472,12380,11092
23343,11763,11580
23867,12752,11115
23806,12450,11356
24137,12879,11258
23207,12061,11146
22417,11442,10975
23956,12379,11577
23877,12220,11657
23097,11495,11602
22463,11434,11029
22507,11139,11368
24065,12427,11638
22510,10905,11605
21162,10075,11087
21777,10579,11198
22975,11863,11112
23537,12413,11124
23158,11957,11201
23605,12432,11173
22696,11205,11491
22825,11815,11010
23443,12311,11132
22624,11522,11102
23049,11482,11567
22863,11798,11065
23919,12743,11176
23499,11845,11654
21876,10728,11148
22120,10682,11438
23945,12765,11180
23353,12305,11048
23595,12536,11059
22818,11374,11444
23882,12700,11182
22506,10974,11532
22316,11433,10883
23445,12318,11127
23530,11887,11643
21546,10228,11318
21555,10372,11183
23717,12031,11686
24251,12529,11722
21857,10882,10975
20152,9053,11099
22138,11141,10997
22141,11205,10936
23314,11715,11599
22970,11527,11443
24891,13239,11652
22475,11504,10971
22609,11128,11481
21978,11137,10841
22685,11197,11488
23442,11828,11614
23590,11931,11659
22321,11270,11051
24262,12642,11620
21676,10370,11306
23952,12720,11232
22810,11699,11111
23127,12135,10992
23600,12347,11253
22505,10872,11633
22877,11760,11117
22997,11863,11134
23499,12442,11057
23778,12031,11747
22486,11485,11001
22763,11310,11453
23782,12392,11390
22746,11237,11509
19379,8683,10696
23605,12283,11322
23245,11681,11564
24091,12837,11254
23489,11772,11717
23399,11938,11461
23266,11643,11623
22774,11202,11572
22791,11790,11001
22804,11282,11522
22021,11189,10832
22288,10754,11534
23492,11846,11646
22621,11642,10979
22575,11671,10904
20785,9707,11078
23390,11845,11545
23141,12022,11119
23913,12524,11389
23738,12621,11117
24010,12845,11165
22565,11438,11127
23192,12051,11141
23926,12246,11680
22528,11512,11016
24060,12920,11140
23510,11827,11683
21320,10523,10797
23524,12186,11338
22619,11718,10901
23508,12090,11418
23271,11645,11626
22322,11061,11261
23688,12481,11207
21335,10469,10866
24088,12320,11768
22869,11311,11558
22596,11641,10955
23646,12020,11626
22968,11513,11455
22536,11027,11509
20787,9603,11184
23778,12013,11765
21971,10518,11453
23489,12382,11107
24197,13094,11103
23286,12325,10961
23624,12464,11160
24817,13087,11730
22996,11486,11510
23047,11975,11072
22704,11787,10917
23245,11603,11642
23926,12757,11169
22812,11332,11480
23456,12241,11215
22329,10965,11364
21742,10531,11211
24602,12935,11667
23236,12053,11183
23754,12108,11646
22849,11362,11487
23580,12394,11186
22489,11489,11000
22955,11320,11635
23172,11682,11490
21930,10532,11398
22753,11759,10994
21003,10144,10859
21779,10964,10815
23560,12382,11178
24091,12942,11149
23088,11956,11132
21911,10717,11194
24102,12893,11209
23824,12582,11242
23803,12188,11615
23859,12193,11666
23837,12624,11213
21541,10203,11338
20949,9942,11007
24419,12764,11655
23309,11695,11614
22883,11688,11195
24012,12433,11579
22531,11109,11422
23114,11990,11124
23431,12282,11149
23411,12360,11051
22368,11220,11148
22270,11306,10964
22601,11080,11521
23879,12200,11679
21701,10329,11372
23473,12371,11102
23360,11874,11486
23727,12600,11127
23269,11677,11592
23480,11885,11595
22912,11913,10999
23626,12374,11252
24082,12947,11135
23137,11654,11483
22622,11280,11342
24193,12582,11611
22858,11283,11575
22888,11380,11508
23881,12809,11072
23250,11794,11456
22895,11337,11558
23677,12525,11152
23026,12072,10954
22799,11834,10965
23919,12241,11678
23831,12685,11146
23489,11910,11579
23628,12461,11167
23300,12158,11142
22137,10591,11546
21350,10463,10887
22324,11200,11124
22790,11457,11333
23657,12052,11605
23726,12579,11147
22412,11409,11003
23769,12646,11123
22463,11142,11321
23645,11996,11649
23830,12298,11532
23023,11491,11532
22438,10917,11521
23349,11763,11586
22446,10939,11507
21246,9985,11261
21421,10662,10759
23508,12380,11128
23380,12226,11154
23519,12451,11068
23253,11669,11584
23513,12056,11457
24021,12323,11698
21431,10549,10882
22192,11143,11049
23917,12698,11219
21592,10796,10796
23807,12658,11149
23473,12380,11093
21640,10755,10885
22127,11175,10952
22800,11737,11063
23950,12664,11286
22211,10714,11497
23120,12114,11006
23534,12202,11332
23553,11803,11750
24288,12753,11535
23198,11761,11437
23659,12476,11183
23514,12472,11042
23413,11741,11672
23782,12620,11162
23621,12398,11223
22569,11116,11453
23869,12160,11709
24110,13059,11051
22435,11494,10941
21483,10564,10919
22134,11178,10956
23900,12770,11130
22818,11319,11499
23966,12436,11530
23403,11846,11557
24083,12382,11701
21346,10665,10681
24148,12471,11677
23725,12492,11233
23213,11678,11535
23699,12437,11262
23958,12739,11219
21746,10333,11413
23523,12398,11125
22786,11465,11321
22941,11398,11543
23655,12454,11201
23403,11824,11579
22987,11531,11456
22954,11848,11106
22554,11155,11399
23053,11466,11587
23513,12397,11116
23427,12266,11161
23541,11822,11719
23162,11618,11544
23229,11697,11532
22316,11413,10903
23535,12410,11125
23718,12552,11166
22360,10919,11441
23507,12344,11163
21523,10065,11458
22314,11267,11047
21568,10855,10713
22063,11144,10919
22184,10995,11189
23505,11882,11623
23546,11834,11712
22710,11843,10867
23311,12158,11153
23860,12102,11758
23751,12642,11109
23214,11639,11575
21011,10351,10660
22121,11070,11051
23843,12732,11111
24064,12773,11291
24377,13142,11235
23133,12036,11097
23878,12224,11654
23490,11842,11648
22566,11685,10881
21462,10135,11327
23170,11975,11195
22204,11230,10974
23933,12368,11565
23464,11957,11507
22970,11921,11049
21722,10445,11277
20773,9938,10835
20963,10252,10711
22719,11773,10946
23727,12629,11098
23511,12312,11199
23644,12607,11037
23700,12634,11066
21853,10871,10982
23584,11946,11638
24145,12395,11750
21621,10309,11312
23367,12258,11109
23716,12067,11649
23274,12222,11052
23109,11595,11514
24141,12901,11240
22526,11432,11094
23283,12197,11086
22539,11091,11448
22474,11513,10961
22258,11246,11012
22424,11322,11102
22509,11049,11460
24145,12979,11166
22895,11322,11573
23785,12716,11069
22883,11738,11145
23816,12700,11116
22152,11211,10941
23673,12132,11541
23788,12260,11528
23646,12491,11155
23256,12149,11107
23687,12467,11220
22880,11479,11401
22816,11381,11435
22905,11811,11094
23721,12549,11172
23449,11861,11588
23896,12720,11176
23901,12497,11404
22307,11262,11045
22474,11028,11446
24383,12650,11733
22065,10692,11373
23407,12210,11197
23770,12440,11330
23237,12020,11217
22504,11550,10954
22945,11916,11029
23774,12064,11710
21621,10716,10905
23990,12337,11653
23401,11790,11611
22721,11554,11167
24126,13039,11087
23927,12828,11099
23283,12147,11136
23789,12691,11098
23345,12309,11036
22024,10530,11494
22963,11841,11122
23695,12524,11171
23164,12071,11093
22739,11171,11568
22998,11455,11543
22846,11737,11109
22410,11033,11377
23738,12558,11180
22814,11291,11523
23800,12661,11139
21862,10449,11413
23668,12074,11594
23127,12027,11100
23947,12343,11604
22934,11842,11092
23278,11726,11552
23074,11493,11581
22667,11749,10918
23657,12572,11085
24072,12434,11638
24297,13074,11223
24015,12849,11166
23277,12115,11162
24189,13061,11128
23802,12174,11628
24170,12511,11659
22981,11764,11217
23609,12094,11515
23173,11567,11606
23540,12012,11528
22509,11065,11444
24175,12455,11720
22874,11724,11150
23867,12202,11665
22340,11411,10929
23409,12259,11150
21839,10419,11420
23379,11776,11603
23057,11639,11418
22262,11265,10997
24303,13039,11264
22060,11139,10921
23431,12287,11144
23583,12458,11125
22069,11179,10890
23419,12311,11108
23420,12323,11097
23665,12550,11115
23803,12225,11578
23513,12311,11202
22891,11743,11148
22648,11230,11418
23700,12341,11359
23446,12204,11242
23401,11791,11610
23519,12375,11144
22091,10530,11561
22594,11070,11524
22973,11962,11011
21891,10585,11306
23113,12149,10964
23282,11904,11378
22584,11597,10987
23069,11934,11135
23961,12879,11082
23156,12082,11074
23246,11637,11609
22625,11673,10952
22548,11710,10838
23546,12420,11126
22587,11647,10940
23032,11815,11217
23000,11457,11543
23056,11378,11678
23673,12529,11144
23275,11625,11650
23526,12375,11151
22695,11661,11034
23850,12709,11141
23088,12058,11030
23177,11640,11537
21991,11203,10788
23493,12310,11183
23988,12841,11147
23924,12725,11199
23400,11826,11574
22837,11923,10914
23130,12027,11103
23863,12171,11692
24316,12587,11729
23747,12058,11689
23054,12035,11019
21930,11077,10853
24342,12865,11477
23895,12660,11235
22711,11252,11459
23956,12426,11530
24020,12808,11212
23863,12681,11182
22707,11712,10995
22997,11909,11088
23946,12786,11160
24327,13002,11325
22811,11795,11016
24245,13073,11172
23268,11829,11439
23478,12438,11040
24238,13046,11192
23331,11724,11607
22007,10858,11149
23604,12378,11226
22182,11311,10871
23080,12151,10929
24225,12486,11739
21334,10531,10803
22251,10830,11421
22935,11850,11085
22761,11758,11003
21920,10906,11014
24051,12783,11268
24007,12358,11649
23483,12278,11205
23136,12029,11107
23316,11674,11642
24295,12556,11739
23402,11787,11615
23809,12665,11144
23068,12130,10938
21946,10856,11090
21816,11037,10779
20238,9500,10738
22186,10892,11294
23029,12039,10990
22935,11820,11115
23214,12104,11110
23595,12417,11178
23469,12413,11056
23705,12005,11700
23415,12339,11076
23459,11760,11699
24287,12535,11752
23523,11924,11599
22543,11170,11373
23940,12807,11133
23550,12198,11352
23628,12503,11125
22520,11278,11242
23835,12445,11390
22631,11675,10956
22550,11005,11545
22904,11299,11605
22928,11812,11116
21588,10846,10742
22844,11738,11106
22098,11241,10857
22902,11707,11195
21250,10067,11183
23989,12834,11155
22826,11277,11549
23487,11840,11647
22730,11732,10998
23266,11678,11588
23075,11459,11616
23485,12424,11061
22579,11148,11431
24090,12924,11166
23527,12286,11241
23678,12615,11063
23010,11968,11042
23098,12106,10992
23491,12457,11034
21470,9988,11482
23211,12163,11048
22583,11459,11124
21931,10562,11369
23089,12067,11022
23827,12585,11242
24223,13049,11174
23770,12544,11226
22423,11378,11045
23632,12162,11470
23959,12305,11654
23247,12158,11089
22988,11923,11065
23902,12192,11710
23040,11514,11526
23305,11993,11312
22805,11798,11007
20222,9302,10920
22521,11543,10978
23904,12773,11131
22398,11395,11003
23763,12728,11035
23024,11431,11593
23949,12334,11615
22678,11592,11086
24085,12415,11670
22369,11337,11032
23970,12824,11146
22811,11769,11042
24133,13002,11131
24159,12455,11704
23411,11894,11517
23174,12002,11172
23799,12527,11272
24044,12757,11287
23651,12067,11584
22731,11562,11169
22335,11489,10846
22854,11811,11043
24248,12825,11423
23160,11659,11501
23210,11756,11454
22634,11144,11490
23538,12455,11083
24173,12431,11742
23738,12653,11085
22417,11571,10846
22286,10766,11520
19990,9612,10378
23952,12790,11162
22299,11349,10950
24080,12918,11162
23399,11820,11579
21255,10536,10719
23347,11817,11530
23349,12209,11140
24049,12842,11207
24266,12454,11812
23011,11504,11507
23350,12264,11086
23785,12645,11140
22466,10929,11537
23139,12049,11090
23165,11681,11484
23245,12198,11047
24271,12687,11584
23547,12070,11477
22027,11142,10885
23907,12770,11137
23273,11676,11597
23570,12544,11026
23651,12513,11138
22933,11957,10976
23267,12163,11104
23096,12070,11026
20543,9822,10721
22242,11124,11118
22911,11871,11040
22205,10832,11373
23150,11663,11487
22774,11271,11503
23728,12123,11605
21848,10420,11428
23677,12063,11614
23772,12135,11637
23344,12176,11168
21902,10954,10948
23246,11709,11537
23866,12291,11575
22975,11961,11014
22794,11720,11074
23125,12000,11125
23683,12522,11161
23139,12108,11031
23682,12431,11251
23796,12594,11202
24347,12845,11502
21926,10831,11095
23932,12543,11389
23847,12131,11716
23186,12053,11133
22994,11436,11558
22961,11882,11079
23876,12156,11720
22041,10927,11114
23372,12104,11268
23041,11914,11127
23656,12525,11131
21973,10472,11501
22610,11546,11064
23057,11576,11481
23324,12198,11126
23362,12269,11093
23021,11489,11532
21341,10477,10864
24240,12841,11399
23900,12794,11106
23204,12098,11106
21553,10672,10881
21884,10942,10942
23574,12477,11097
22520,11020,11500
22913,11731,11182
22693,11595,11098
24274,13040,11234
22224,11158,11066
22494,11552,10942
23058,11827,11231
23793,12614,11179
23707,12012,11695
21562,10701,10861
22304,11151,11153
22925,11887,11038
23438,11984,11454
22685,11700,10985
22065,11086,10979
21608,10683,10925
22939,11445,11494
21786,10842,10944
21457,10790,10667
21311,10428,10883
23813,12569,11244
21076,10390,10686
21801,10634,11167
22697,11609,11088
22946,11373,11573
22982,12011,10971
24130,12372,11758
20354,9390,10964
23812,12610,11202
22244,11332,10912
24586,12842,11744
23587,12005,11582
23912,12784,11128
23460,12348,11112
23131,12168,10963
23706,12203,11503
23290,12065,11225
21862,10888,10974
23307,12236,11071
23756,12610,11146
23521,12507,11014
23028,11876,11152
22293,11309,10984
23958,12301,11657
22809,11340,11469
23064,11980,11084
22888,11331,11557
23913,12326,11587
19535,8497,11038
23171,12029,11142
22355,11385,10970
22506,11601,10905
23666,12507,11159
21015,10178,10837
22968,12003,10965
23468,12333,11135
22766,11671,11095
23481,11912,11569
23263,12288,10975
22546,11483,11063
23441,12378,11063
23830,12622,11208
21290,10367,10923
21738,10814,10924
23949,12793,11156
22330,10825,11505
21868,10899,10969
22321,11284,11037
23896,12244,11652
21456,10701,10755
22775,11309,11466
21659,10769,10890
23662,12022,11640
23853,12728,11125
22861,11838,11023
21641,10651,10990
23303,11734,11569
23431,12296,11135
22638,11592,11046
23548,12138,11410
23640,12520,11120
22442,10951,11491
22234,10863,11371
22690,11658,11032
23619,12494,11125
22019,11195,10824
23094,11506,11588
23833,12000,11833
22803,11316,11487
22710,11749,10961
23052,11580,11472
23655,12077,11578
23704,12641,11063
23222,12209,11013
24156,12496,11660
21416,10514,10902
24391,12705,11686
23284,12263,11021
23009,11968,11041
22228,11145,11083
24025,12914,11111
22487,11435,11052
22029,11184,10845
23414,12290,11124
20222,9618,10604
21858,10462,11396
23430,11838,11592
23163,12010,11153
21541,10599,10942
23456,12309,11147
23730,12436,11294
23733,12569,11164
22825,11452,11373
23525,11942,11583
22219,11287,10932
22091,10730,11361
22856,11262,11594
21810,10401,11409
22642,11634,11008
24055,12889,11166
23790,12107,11683
23009,11857,11152
23199,12046,11153
22863,11855,11008
23873,12775,11098
24708,13034,11674
22598,11659,10939
23056,12025,11031
23838,12248,11590
23784,12745,11039
23365,12190,11175
24109,12371,11738
23280,12330,10950
23280,12190,11090
24130,12945,11185
22845,11837,11008
22986,11952,11034
23567,12420,11147
23570,12449,11121
24105,12865,11240
23582,12251,11331
23536,12147,11389
23209,12020,11189
23312,12173,11139
22701,11510,11191
23720,12008,11712
23712,12340,11372
22264,11237,11027
22263,11261,11002
22429,11378,11051
23156,12069,11087
22738,11629,11109
23914,12667,11247
23287,12042,11245
23844,12697,11147
24760,13024,11736
23141,11610,11531
22577,11499,11078
23103,11977,11126
23512,12348,11164
23066,12012,11054
23992,12300,11692
23257,12248,11009
23945,12846,11099
23475,11809,11666
23295,12256,11039
23324,12313,11011
21787,10854,10933
23328,12258,11070
23843,12731,11112
23386,11755,11631
23318,12214,11104
22653,11636,11017
23079,11980,11099
22601,11028,11573
21366,10526,10840
21721,10430,11291
23559,12335,11224
23070,12069,11001
22283,11295,10988
23495,11898,11597
21918,10441,11477
23318,12254,11064
22448,11369,11079
22061,10632,11429
23309,12162,11147
23840,12198,11642
22839,11881,10958
22653,11092,11561
23729,12572,11157
23301,12292,11009
23628,12161,11467
22574,11593,10981
23439,12151,11288
23435,12284,11151
23595,11931,11664
21560,10620,10940
24135,12964,11171
23484,12041,11443
23003,11817,11186
23363,11752,11611
21146,10382,10764
21891,10541,11350
23414,12374,11040
23964,12892,11072
22467,10951,11516
24648,13045,11603
22352,11470,10882
22014,11184,10830
24068,12407,11661
23355,11736,11619
23664,11983,11681
23598,12452,11146
24051,12861,11190
23538,12373,11165
23426,12292,11134
22994,11968,11026
22905,11828,11077
22219,11189,11030
23457,12400,11057
22977,11301,11676
24058,12954,11104
23711,11913,11798
23875,12239,11636
23647,12591,11056
22428,11418,11010
22286,10858,11428
23381,12210,11171
23623,11866,11757
23957,12828,11129
23351,12293,11058
23757,12332,11425
23619,12073,11546
23903,12290,11613
23428,11991,11437
23949,12724,11225
24045,12918,11127
20892,10169,10723
23513,12368,11145
22889,11853,11036
23204,12103,11101
23630,12461,11169
22823,11831,10992
23676,11922,11754
24105,12963,11142
21902,10903,10999
23363,12277,11086
24081,12982,11099
21905,11120,10785
22058,11162,10896
23160,12059,11101
22302,11371,10931
23095,11974,11121
23727,12067,11660
22429,10985,11444
23142,12109,11033
22895,11893,11002
23041,12005,11036
23161,12074,11087
21121,10406,10715
22426,11357,11069
23870,12719,11151
23660,11908,11752
23329,12274,11055
22829,11264,11565
22751,11692,11059
20906,10191,10715
23390,12215,11175
22974,11950,11024
23491,12204,11287
22069,10938,11131
23676,12570,11106
23479,12296,11183
23468,12452,11016
22846,11803,11043
20977,10039,10938
22672,11773,10899
20550,9932,10618
22202,11263,10939
23490,12177,11313
23590,12512,11078
23916,12723,11193
21739,10505,11234
22972,11829,11143
23142,11567,11575
22528,11543,10985
23866,12677,11189
23257,12206,11051
24463,12771,11692
22710,11639,11071
20347,9817,10530
23639,12435,11204
24074,12839,11235
22211,11367,10844
23033,11953,11080
22754,11307,11447
23459,12276,11183
23799,12619,11180
22945,11789,11156
23976,12826,11150
24213,12528,11685
24329,13114,11215
21489,10596,10893
22632,11529,11103
23083,11851,11232
23104,11521,11583
23710,12067,11643
22651,11615,11036
23884,12696,11188
22964,11934,11030
23557,12456,11101
24343,12619,11724
22688,11213,11475
21046,9914,11132
23763,12653,11110
22514,11499,11015
23228,11641,11587
23833,12559,11274
23719,12080,11639
23706,12082,11624
23703,12228,11475
22926,11392,11534
20056,9037,11019
22935,11739,11196
22863,11763,11100
23805,12666,11139
24054,12886,11168
23612,12469,11143
23364,11742,11622
22309,11394,10915
23109,11663,11446
21727,10938,10789
22220,11341,10879
24187,12817,11370
22268,11358,10910
22930,11872,11058
23353,12263,11090
23180,11743,11437
23331,12299,11032
24024,12805,11219
22592,11076,11516
21697,10799,10898
23323,11989,11334
23105,12088,11017
23377,11781,11596
22922,11909,11013
23505,12229,11276
23441,12416,11025
23320,12123,11197
21609,10246,11363
21864,10757,11107
22348,11309,11039
24213,12997,11216
24107,12848,11259
23399,12253,11146
22808,11332,11476
22261,11371,10890
23415,12244,11171
23343,11881,11462
23832,12323,11509
22440,11351,11089
22232,11282,10950
23322,12164,11158
23732,12639,11093
24131,12455,11676
23543,11948,11595
23596,11954,11642
22934,11947,10987
22168,10803,11365
22813,11726,11087
21496,10569,10927
24204,12501,11703
23672,12470,11202
22857,11807,11050
23240,12148,11092
23197,11832,11365
24153,12989,11164
22747,11215,11532
23992,12795,11197
23159,12066,11093
23381,11988,11393
22546,11513,11033
24442,13142,11300
23844,12649,11195
23442,11898,11544
23341,11679,11662
22898,11302,11596
20263,9278,10985
22668,11120,11548
20030,9588,10442
23986,12518,11468
23012,11983,11029
23273,11699,11574
24039,12812,11227
22432,11429,11003
22222,10770,11452
23957,12770,11187
23815,12604,11211
23825,12164,11661
22919,11797,11122
23458,11887,11571
24044,12826,11218
22263,11282,10981
23139,12156,10983
22838,11588,11250
24013,12303,11710
22709,11735,10974
24188,12435,11753
22842,11856,10986
23486,12283,11203
21606,10651,10955
22415,11486,10929
21951,10477,11474
23453,12282,11171
23125,11609,11516
23669,12502,11167
23449,12382,11067
23539,12343,11196
23928,12439,11489
23235,11590,11645
22492,11165,11327
23035,11555,11480
23044,11994,11050
22825,11825,11000
22410,11469,10941
22910,11376,11534
22953,11866,11087
22121,11196,10925
23588,12005,11583
21725,10718,11007
21585,10760,10825
22553,11518,11035
23111,12101,11010
24022,12819,11203
24372,12584,11788
23804,12631,11173
22931,11446,11485
21101,10254,10847
23508,11949,11559
23098,11480,11618
24430,12849,11581
24180,12983,11197
23385,12307,11078
23500,11937,11563
23808,12728,11080
23194,11644,11550
22846,11869,10977
23018,11744,11274
23089,11953,11136
23804,12638,11166
22923,11362,11561
23666,12565,11101
23567,12020,11547
22258,10879,11379
22995,11686,11309
22943,11785,11158
23382,11696,11686
22633,11562,11071
22120,11061,11059
23219,11786,11433
23526,12368,11158
23549,12374,11175
22934,11841,11093
23835,12325,11510
22694,11817,10877
20932,10290,10642
23858,12664,11194
23580,12362,11218
23178,12084,11094
22361,11582,10779
22707,11730,10977
22255,11321,10934
23622,12480,11142
22851,11755,11096
23205,12086,11119
23306,11977,11329
22527,10977,11550
23739,12596,11143
23020,11936,11084
21746,10922,10824
23073,11732,11341
23388,12302,11086
23479,11790,11689
21187,10471,10716
22991,11934,11057
22561,11500,11061
23100,11978,11122
22740,11203,11537
23687,12608,11079
23292,12139,11153
23506,12444,11062
22710,11794,10916
23302,12236,11066
23048,11477,11571
22814,11811,11003
23389,12204,11185
22134,10968,11166
19133,8564,10569
23734,12123,11611
21810,10894,10916
22664,11644,11020
23834,12110,11724
23625,12427,11198
23935,12694,11241
22194,11176,11018
23427,12004,11423
22929,11887,11042
21050,10220,10830
23881,12754,11127
22917,11805,11112
23296,11685,11611
23662,12541,11121
23839,12219,11620
23719,12121,11598
23538,11938,11600
22389,11139,11250
23574,12369,11205
22060,11176,10884
24314,13110,11204
23618,12034,11584
22955,11962,10993
23226,12142,11084
23122,11529,11593
23735,12072,11663
23878,12650,11228
21795,10492,11303
23726,12179,11547
23097,12083,11014
24166,12915,11251
24488,12784,11704
22393,11355,11038
23978,12348,11630
21857,11031,10826
22953,11839,11114
22402,11398,11004
23925,12240,11685
22986,11938,11048
22188,10992,11196
24185,12454,11731
23804,12618,11186
21696,10716,10980
24001,12858,11143
22405,11456,10949
23375,12363,11012
23959,12505,11454
21521,10576,10945
20153,9475,10678
21212,9995,11217
22822,11409,11413
24347,13142,11205
23654,11931,11723
23863,12256,11607
23897,12426,11471
24180,12521,11659
23640,12488,11152
22392,10987,11405
24163,12958,11205
23183,12203,10980
23241,11684,11557
23406,12263,11143
22736,11702,11034
22432,11445,10987
23087,12112,10975
23413,12335,11078
24366,12864,11502
23529,12394,11135
23104,11681,11423
23096,11835,11261
21516,10524,10992
21745,10504,11241
23206,12151,11055
23839,12748,11091
23124,12068,11056
23557,12236,11321
22461,10975,11486
23034,12053,10981
22528,11467,11061
24092,12921,11171
23520,12394,11126
22143,11222,10921
23118,12006,11112
22186,11273,10913
22899,11477,11422
23289,11748,11541
23291,11821,11470
22690,11616,11074
23020,11933,11087
21582,10786,10796
21213,10087,11126
22430,11387,11043
22256,11156,11100
24060,12863,11197
24431,12717,11714
24312,12581,11731
22959,11453,11506
24024,12674,11350
22942,11418,11524
22979,11622,11357
23720,12042,11678
23007,11937,11070
24044,12385,11659
21153,10331,10822
23894,12237,11657
22438,10962,11476
21342,10463,10879
22677,11474,11203
23863,12199,11664
22153,11211,10942
20849,10168,10681
20034,9337,10697
24380,12916,11464
23760,12627,11133
23363,12249,11114
22939,11854,11085
22983,11556,11427
21862,10832,11030
23802,12782,11020
23923,12354,11569
23693,12572,11121
22611,11607,11004
23509,12255,11254
22770,11428,11342
22495,11302,11193
22877,11754,11123
22038,10965,11073
23588,11942,11646
22895,11917,10978
22974,11833,11141
23805,12544,11261
21148,10424,10724
22951,11931,11020
22200,10592,11608
22960,11913,11047
23651,12534,11117
22871,11776,11095
23113,12006,11107
23726,12630,11096
21817,10849,10968
23947,12353,11594
23508,12462,11046
24027,12902,11125
24106,12916,11190
23246,11976,11270
22486,11536,10950
23597,12041,11556
21561,10516,11045
23166,11637,11529
24100,12929,11171
23329,12220,11109
23049,11939,11110
23430,11844,11586
24176,12356,11820
23726,12560,11166
22571,11570,11001
22968,11881,11087
23089,11989,11100
22952,11932,11020
24151,12948,11203
24033,12888,11145
24267,12943,11324
23430,11859,11571
22802,11666,11136
23285,12276,11009
23829,12201,11628
24001,12721,11280
23708,12499,11209
22721,11673,11048
23771,12177,11594
23857,12644,11213
22826,11653,11173
21435,10743,10692
23721,12514,11207
23589,12395,11194
23614,12456,11158
23660,12581,11079
21368,10267,11101
22485,11456,11029
22725,11795,10930
23957,12432,11525
22289,11359,10930
23104,12022,11082
23256,12115,11141
21782,10879,10903
23520,12372,11148
22550,11452,11098
23977,12341,11636
23771,12187,11584
23143,11996,11147
23508,12315,11193
23453,12346,11107
23845,12596,11249
23381,12290,11091
22979,11465,11514
23179,11688,11491
22948,11827,11121
23345,12243,11102
22949,11877,11072
23218,12093,11125
23763,12558,11205
23090,12010,11080
23265,12184,11081
22416,11545,10871
23336,11709,11627
20453,9893,10560
23901,12147,11754
23390,11791,11599
22690,11583,11107
22690,11351,11339
22262,11322,10940
23589,12350,11239
23495,12398,11097
23238,12251,10987
22900,11665,11235
22734,11637,11097
24343,13125,11218
22298,11324,10974
23727,12531,11196
23435,12292,11143
21896,10457,11439
23445,12240,11205
23446,12265,11181
24425,12707,11718
22832,11603,11229
22646,11623,11023
23691,12082,11609
22440,11422,11018
22519,11537,10982
22471,11492,10979
21800,10939,10861
22468,11411,11057
22737,11755,10982
23295,12191,11104
23087,12122,10965
20730,9903,10827
22943,11904,11039
23655,12601,11054
22045,11089,10956
23659,12496,11163
23356,11726,11630
23789,12235,11554
22063,10797,11266
23494,12184,11310
22950,11897,11053
21097,10327,10770
23444,12424,11020
23592,12546,11046
23179,12118,11061
23627,12518,11109
23544,12347,11197
22962,11868,11094
24511,13236,11275
23771,12677,11094
21745,10563,11182
22159,11143,11016
21807,10929,10878
23109,12043,11066
24261,13025,11236
24033,12827,11206
22996,11965,11031
23377,11814,11563
23044,11743,11301
23131,12022,11109
23491,12319,11172
23809,12688,11121
21756,10836,10920
24026,12870,11156
23718,12644,11074
23500,12412,11088
23794,12117,11677
23762,12602,11160
23615,12533,11082
23926,12321,11605
22820,11821,10999
23830,12665,11165
23958,12721,11237
22467,11016,11451
22363,11382,10981
22810,11714,11096
23172,12131,11041
22327,11314,11013
23493,11961,11532
22714,11698,11016
22914,11895,11019
22246,11416,10830
23879,12786,11093
23772,12648,11124
22806,11838,10968
22615,11598,11017
22304,11255,11049
23750,12560,11190
23220,12021,11199
23640,12033,11607
24303,13174,11129
23511,12003,11508
22245,11218,11027
22626,11259,11367
22716,11404,11312
24505,12736,11769
23921,12707,11214
23409,12267,11142
23990,12246,11744
23359,12192,11167
23379,12247,11132
24119,12872,11247
22624,11101,11523
23778,12648,11130
22234,11145,11089
21968,10722,11246
22521,11433,11088
23876,12179,11697
22556,11475,11081
21389,10501,10888
22737,11753,10984
22600,11707,10893
23539,12423,11116
23557,12443,11114
22089,11166,10923
23148,12059,11089
21776,10386,11390
22657,11214,11443
23235,12076,11159
21887,10938,10949
23785,12228,11557
21020,9832,11188
23472,12361,11111
22377,11052,11325
22692,11654,11038
24059,12853,11206
21284,10466,10818
24071,12912,11159
22417,11479,10938
23162,12172,10990
22116,11169,10947
22833,11958,10875
23323,12256,11067
24267,13098,11169
23426,12335,11091
22672,11653,11019
21712,10515,11197
23122,12068,11054
23172,12156,11016
24076,12917,11159
23985,12443,11542
23443,12274,11169
22773,11765,11008
23171,11543,11628
22396,11482,10914
22594,11687,10907
23942,12844,11098
23964,12276,11688
22448,11443,11005
24311,13086,11225
23318,12210,11108
24000,12841,11159
21317,10067,11250
23736,12621,11115
23495,12330,11165
23217,12236,10981
23240,12148,11092
23178,12259,10919
23446,12347,11099
23500,12323,11177
22504,11142,11362
23093,12068,11025
23889,12730,11159
22702,11207,11495
24500,12725,11775
23366,12183,11183
23412,12271,11141
23864,12816,11048
23897,12844,11053
23368,12149,11219
21765,10925,10840
23360,12235,11125
23548,12342,11206
22860,11284,11576
23090,11511,11579
23413,12400,11013
23584,12394,11190
23526,11969,11557
23981,12349,11632
22334,11228,11106
22413,11444,10969
23021,11971,11050
22646,11689,10957
23383,12296,11087
22263,11397,10866
20070,9428,10642
22179,10772,11407
22710,11233,11477
22209,11216,10993
23266,11792,11474
23108,11978,11130
23274,11918,11356
22527,11535,10992
23177,12136,11041
21135,10460,10675
23482,12341,11141
23174,12115,11059
21978,11059,10919
22672,11208,11464
23543,12409,11134
22238,11324,10914
23037,11957,11080
23595,12590,11005
24437,12711,11726
22472,11507,10965
23470,12255,11215
23882,12742,11140
24130,12481,11649
23706,12581,11125
23520,12421,11099
21790,10420,11370
22365,11282,11083
22800,11789,11011
22933,11774,11159
23291,12293,10998
24103,12960,11143
24240,13048,11192
23885,12743,11142
21527,10660,10867
22298,11282,11016
24847,13193,11654
23611,12075,11536
23169,12177,10992
24142,12472,11670
22919,11832,11087
23959,12821,11138
23644,12521,11123
23637,12513,11124
24054,12383,11671
21369,10707,10662
23687,12028,11659
21336,10680,10656
23576,11943,11633
22909,11531,11378
22748,11656,11092
21787,10874,10913
23148,12098,11050
23155,12079,11076
22695,11669,11026
22914,11893,11021
23459,12339,11120
23270,12148,11122
22136,11304,10832
23123,11984,11139
22192,11177,11015
23451,12115,11336
23084,11950,11134
24423,12809,11614
23258,11798,11460
24000,12916,11084
21206,10402,10804
22595,11619,10976
22846,11691,11155
23067,12025,11042
22534,11442,11092
23483,11955,11528
22615,11614,11001
21989,11094,10895
22572,11469,11103
22862,11817,11045
23376,11732,11644
23577,11885,11692
22644,11167,11477
23769,12620,11149
24057,12450,11607
22599,11528,11071
24245,12619,11626
23484,12519,10965
22588,11103,11485
22948,11921,11027
22264,11319,10945
21945,11045,10900
23512,12287,11225
22771,11695,11076
23460,12382,11078
23046,12001,11045
23573,12479,11094
23969,12374,11595
23553,12450,11103
23547,11868,11679
23841,12649,11192
22769,11669,11100
23977,12273,11704
23688,12032,11656
22907,11776,11131
21767,10508,11259
23836,12703,11133
21823,10803,11020
23675,12655,11020
22692,11650,11042
24199,13035,11164
21194,10291,10903
23152,12039,11113
22628,11267,11361
22733,11688,11045
22940,11997,10943
23636,12608,11028
23013,12042,10971
23860,12627,11233
22123,11208,10915
23898,12688,11210
23818,12694,11124
21232,10369,10863
24048,12909,11139
22791,11805,10986
21653,10912,10741
23644,11983,11661
23859,12745,11114
23885,12657,11228
22386,11429,10957
23295,12067,11228
23753,12523,11230
21803,10947,10856
22606,11652,10954
23568,12438,11130
22869,11320,11549
23423,12288,11135
23540,11964,11576
23134,12038,11096
22994,11487,11507
23870,12213,11657
22555,11016,11539
22975,12054,10921
23440,12262,11178
22014,11021,10993
23398,11801,11597
22865,11872,10993
23460,11873,11587
21929,10895,11034
23349,12129,11220
24197,13041,11156
22389,11387,11002
23574,12273,11301
23573,12522,11051
23878,12776,11102
23477,12378,11099
22588,11554,11034
23072,11965,11107
22964,11789,11175
23012,11906,11106
23307,12313,10994
23572,12439,11133
21893,10952,10941
22731,11692,11039
21659,10818,10841
22874,11812,11062
22163,11264,10899
21829,10889,10940
24135,12522,11613
21806,11005,10801
23111,12028,11083
23012,11496,11516
23028,11526,11502
23079,11989,11090
23404,12239,11165
22227,11160,11067
23511,11859,11652
22831,11863,10968
23070,12081,10989
22355,11334,11021
22574,11445,11129
22411,10906,11505
23436,12368,11068
23498,11902,11596
22852,11911,10941
21436,10190,11246
21400,10493,10907
22467,11405,11062
23793,12382,11411
23963,12760,11203
23337,12240,11097
23930,12294,11636
23927,12725,11202
23456,12339,11117
23324,12282,11042
23931,12160,11771
22966,11854,11112
23332,12252,11080
22732,11684,11048
22561,11541,11020
23350,12250,11100
23699,12019,11680
23551,12490,11061
23570,12467,11103
23647,12436,11211
22630,11654,10976
24007,12416,11591
22895,11836,11059
23766,12156,11610
21260,10381,10879
22561,11502,11059
22871,11815,11056
21735,10445,11290
22442,11395,11047
23859,12217,11642
23840,12653,11187
23846,12402,11444
23806,12668,11138
23127,12081,11046
23123,12053,11070
23049,11959,11090
23163,12202,10961
23410,12296,11114
23003,11881,11122
22551,11442,11109
24173,12426,11747
23904,12754,11150
22438,11495,10943
22908,11940,10968
22794,11803,10991
22734,11714,11020
22453,11441,11012
21482,10628,10854
23380,12269,11111
23882,12552,11330
22506,11422,11084
24017,12802,11215
23811,12645,11166
23768,12165,11603
21699,10700,10999
23518,12443,11075
23533,12348,11185
23006,11950,11056
23847,12766,11081
23959,12933,11026
23353,12319,11034
23588,12057,11531
23923,12657,11266
23489,11962,11527
22682,11340,11342
22625,11600,11025
23333,12229,11104
23739,12107,11632
22816,11650,11166
23514,12422,11092
23341,12294,11047
22925,11960,10965
23908,12714,11194
23743,12605,11138
22189,11260,10929
23794,12535,11259
22845,11768,11077
21586,10708,10878
22196,11314,10882
22786,11727,11059
22415,11394,11021
22183,10733,11450
21726,10374,11352
22942,11882,11060
22902,11785,11117
23600,12497,11103
23123,12062,11061
22533,11648,10885
23884,12692,11192
23822,12662,11160
22989,11414,11575
22855,11770,11085
23030,11959,11071
22787,11722,11065
22988,11849,11139
23729,12579,11150
22812,11317,11495
22198,10825,11373
22440,11441,10999
23568,12490,11078
23637,12526,11111
23533,12247,11286
23347,11806,11541
23401,12220,11181
23634,12071,11563
23588,12461,11127
23616,12018,11598
23172,12198,10974
24149,12545,11604
23711,12314,11397
23700,12638,11062
23487,12038,11449
23118,12006,11112
23056,12118,10938
23568,12485,11083
23344,12342,11002
23853,12692,11161
22554,11468,11086
22791,11777,11014
22845,11831,11014
23676,12556,11120
24535,12821,11714
22546,11480,11066
23754,12685,11069
23147,12002,11145
23766,12048,11718
23407,12185,11222
22976,11899,11077
24095,12961,11134
22644,11553,11091
23340,11820,11520
24169,12877,11292
23384,12327,11057
23140,12054,11086
22929,11761,11168
23205,12127,11078
23843,12505,11338
23339,12119,11220
22821,11452,11369
22690,11773,10917
23269,11753,11516
23516,12357,11159
23596,12451,11145
23822,12769,11053
23146,12124,11022
23271,12164,11107
24023,12665,11358
22804,11858,10946
22186,11359,10827
23131,12008,11123
23633,12515,11118
24340,12690,11650
22521,11499,11022
23410,12376,11034
22956,11911,11045
23157,11679,11478
21467,10515,10952
23060,11977,11083
22917,11767,11150
22960,11688,11272
22723,11832,10891
23201,11647,11554
22844,11779,11065
22130,11277,10853
23339,12246,11093
23864,12571,11293
22810,11754,11056
22860,11764,11096
23377,12287,11090
22421,11546,10875
24188,12976,11212
23232,12165,11067
22854,11295,11559
22728,11208,11520
24349,12820,11529
22247,11238,11009
23721,12108,11613
24075,12403,11672
23371,12353,11018
23550,11917,11633
21771,10888,10883
22461,11410,11051
23688,12104,11584
22723,11272,11451
22607,11687,10920
23105,12058,11047
23483,12315,11168
23380,11848,11532
23379,11684,11695
21861,10897,10964
23197,11604,11593
24424,12751,11673
23799,12665,11134
23913,12814,11099
22775,11701,11074
21389,10637,10752
23431,12339,11092
23106,11962,11144
22442,11470,10972
23488,12278,11210
22760,11633,11127
23935,12840,11095
23579,11903,11676
21618,10798,10820
23155,12144,11011
22938,11791,11147
22636,11689,10947
23126,11963,11163
23827,12213,11614
23921,12278,11643
22372,11494,10878
23693,12580,11113
23168,12022,11146
23455,11785,11670
22922,11809,11113
22416,11323,11093
22866,11914,10952
21758,11044,10714
23105,12061,11044
23096,12071,11025
23227,12188,11039
23986,12746,11240
22047,11178,10869
22045,11177,10868
21886,10906,10980
22989,11437,11552
22542,11505,11037
22282,11441,10841
21964,11092,10872
22642,11730,10912
23487,12125,11362
24065,12489,11576
24199,12945,11254
22827,11719,11108
22943,11935,11008
23288,12212,11076
24172,13046,11126
23429,11968,11461
22628,11591,11037
23797,12077,11720
21237,9929,11308
23001,12031,10970
23455,12400,11055
21996,10782,11214
24292,13002,11290
22752,11647,11105
21477,10604,10873
23182,12141,11041
23354,12280,11074
23554,12384,11170
24160,12464,11696
23236,11703,11533
23720,12616,11104
23221,12155,11066
23541,12435,11106
22774,11678,11096
22989,12048,10941
22271,11258,11013
23045,12057,10988
22726,11678,11048
23354,12243,11111
23674,12062,11612
23221,12092,11129
22534,11572,10962
21181,10179,11002
20692,10110,10582
23380,12343,11037
23197,12106,11091
23495,12173,11322
22718,11373,11345
23529,12418,11111
23662,12533,11129
21598,10784,10814
21918,11024,10894
23804,12728,11076
23580,11991,11589
23241,12166,11075
23227,12092,11135
22477,11441,11036
23893,12304,11589
22240,11238,11002
23360,12200,11160
21559,10728,10831
23865,12222,11643
22878,11862,11016
23639,12429,11210
24224,13048,11176
23752,12680,11072
22629,11541,11088
23880,12634,11246
23757,12593,11164
21107,10232,10875
24392,13164,11228
23457,12354,11103
23871,12656,11215
24389,13230,11159
23673,11986,11687
22527,11501,11026
23411,12192,11219
22743,11707,11036
22774,11915,10859
24324,12707,11617
23272,12181,11091
21275,10359,10916
23248,12125,11123
22860,11842,11018
22553,11683,10870
21373,10521,10852
23070,11944,11126
23367,12214,11153
23976,12334,11642
22753,11332,11421
23923,12737,11186
21860,10863,10997
23944,12416,11528
22251,11198,11053
24148,12861,11287
22711,11739,10972
23361,12301,11060
20934,9863,11071
24131,12422,11709
23135,11718,11417
23982,12283,11699
23663,11941,11722
23189,12086,11103
21432,10453,10979
22875,11941,10934
22589,11542,11047
21996,11141,10855
22887,11784,11103
23303,12171,11132
23914,12164,11750
23377,12201,11176
22146,11212,10934
23761,12665,11096
23926,12817,11109
23966,12644,11322
22309,11281,11028
23011,11810,11201
22662,11637,11025
24053,12895,11158
21466,10040,11426
23147,12051,11096
22579,11562,11017
23393,11885,11508
22152,11328,10824
23241,12024,11217
23450,12250,11200
23563,11944,11619
23334,12180,11154
21447,10643,10804
23380,12331,11049
21215,10519,10696
21756,10696,11060
23210,12090,11120
22670,11690,10980
23399,11849,11550
23421,12355,11066
21499,10815,10684
24245,13063,11182
21624,10990,10634
22692,11663,11029
22348,10905,11443
22709,11252,11457
22653,11640,11013
23152,12022,11130
23437,11875,11562
24385,12769,11616
23210,11710,11500
22619,11555,11064
23396,12294,11102
22991,11811,11180
23975,12198,11777
24258,13039,11219
23628,12489,11139
22484,11489,10995
22667,11700,10967
22713,11733,10980
22477,11042,11435
22916,11794,11122
22508,11504,11004
22747,11805,10942
21786,10662,11124
22879,11377,11502
23831,12604,11227
24080,12851,11229
22766,11765,11001
22699,11718,10981
23387,12205,11182
23501,12372,11129
23664,12505,11159
23430,12368,11062
23601,12505,11096
22266,11258,11008
23290,12246,11044
22884,11892,10992
23141,12009,11132
23720,12586,11134
21989,11179,10810
24104,12891,11213
22706,11768,10938
22654,11562,11092
22403,11361,11042
21486,10424,11062
23088,12075,11013
22441,11561,10880
23595,12078,11517
22724,11707,11017
23325,12111,11214
23094,11994,11100
22810,11752,11058
24107,12984,11123
23776,12507,11269
23298,12197,11101
21923,10999,10924
23492,12316,11176
23767,12683,11084
22615,11589,11026
23143,12078,11065
22143,11112,11031
23878,12318,11560
23403,12318,11085
23917,12241,11676
23717,12572,11145
22672,11684,10988
23948,12787,11161
23852,12218,11634
24010,12918,11092
23670,11978,11692
22855,11386,11469
22876,11804,11072
23573,12242,11331
22129,11149,10980
22587,11595,10992
23333,12192,11141
23653,12535,11118
23041,12034,11007
23807,12663,11144
23362,12208,11154
22798,11783,11015
23330,12255,11075
23074,11927,11147
22529,10973,11556
23460,11745,11715
23095,12091,11004
23160,12064,11096
23014,11960,11054
23103,12003,11100
22918,11832,11086
22556,11572,10984
21063,10404,10659
23295,12275,11020
23663,12631,11032
23074,11564,11510
22789,11788,11001
23338,12319,11019
23440,12208,11232
22100,11114,10986
24283,13139,11144
23679,12504,11175
23013,11909,11104
21392,10576,10816
23627,12572,11055
23092,11999,11093
23473,12375,11098
23016,11981,11035
24504,12831,11673
24198,12545,11653
23902,12334,11568
23573,12482,11091
22527,11310,11217
21737,10824,10913
22880,11826,11054
24125,12965,11160
23611,12484,11127
24173,12905,11268
23003,11899,11104
22827,11878,10949
21179,10445,10734
23297,12390,10907
23930,12735,11195
20570,9697,10873
22536,11131,11405
21096,10234,10862
22766,11690,11076
24009,12497,11512
23029,12018,11011
22151,11135,11016
22488,11472,11016
23598,12442,11156
20683,9847,10836
23650,12569,11081
24056,12883,11173
23083,12045,11038
23632,12527,11105
23080,12011,11069
24228,13118,11110
24205,13078,11127
23234,12158,11076
22421,11209,11212
21599,10863,10736
23216,12101,11115
23632,12539,11093
23315,11758,11557
22718,11350,11368
23350,12305,11045
23905,12638,11267
23417,12315,11102
22725,11665,11060
21798,10936,10862
23155,12096,11059
23508,12083,11425
23681,12633,11048
24046,12921,11125
22073,11052,11021
23841,12625,11216
22372,11388,10984
23453,11977,11476
23604,12508,11096
22744,11692,11052
21992,10683,11309
23731,12476,11255
23427,12299,11128
24228,12523,11705
22769,11360,11409
23281,12071,11210
23695,12121,11574
23609,12500,11109
23298,12259,11039
22983,11927,11056
21916,11043,10873
23600,12553,11047
22233,11226,11007
23650,12563,11087
23770,12585,11185
23116,11593,11523
24200,12616,11584
22239,11263,10976
24314,12657,11657
23660,12584,11076
22471,11448,11023
23544,12364,11180
23292,12329,10963
22534,11676,10858
22112,11103,11009
23929,12713,11216
23358,11757,11601
22957,12029,10928
23025,11996,11029
23885,12714,11171
23923,12761,11162
22763,11812,10951
22844,11785,11059
23941,12781,11160
22684,11695,10989
22938,11847,11091
23036,11908,11128
23154,12180,10974
22878,11833,11045
22786,11793,10993
23103,12091,11012
22228,10826,11402
23079,12064,11015
23284,12144,11140
23397,12230,11167
22780,11783,10997
23516,11866,11650
24212,13033,11179
23779,12642,11137
24025,12860,11165
24416,12888,11528
22012,11171,10841
23091,11611,11480
23741,12666,11075
23177,11995,11182
21248,10553,10695
23463,12314,11149
23420,11825,11595
23326,12269,11057
22781,11753,11028
20769,10043,10726
23882,12703,11179
23646,12614,11032
23076,12049,11027
23229,11805,11424
23398,12318,11080
22978,11970,11008
22569,11110,11459
23411,12228,11183
23213,12112,11101
23746,12540,11206
22780,11705,11075
20398,9779,10619
24166,13009,11157
23149,12033,11116
24318,12686,11632
22240,11404,10836
23624,12605,11019
23115,12031,11084
23515,11993,11522
22846,11666,11180
23140,11661,11479
21696,10917,10779
22943,11910,11033
23628,11997,11631
23388,12313,11075
23459,12373,11086
22601,11517,11084
23936,12530,11406
23854,12779,11075
23113,11521,11592
21478,10607,10871
22803,11728,11075
22096,11013,11083
23127,12084,11043
22989,12041,10948
23677,12547,11130
22734,11243,11491
23057,11983,11074
23470,12318,11152
22356,10896,11460
23219,12072,11147
22839,11404,11435
23744,12040,11704
23644,12508,11136
23041,11930,11111
23446,11749,11697
23863,12267,11596
24363,12584,11779
22550,11622,10928
21617,10678,10939
23405,12238,11167
23780,12616,11164
23682,12511,11171
23086,11994,11092
22055,11023,11032
23836,12226,11610
23197,12077,11120
22531,11609,10922
23627,12492,11135
24017,12965,11052
22179,11307,10872
22075,11272,10803
22814,11730,11084
23053,11962,11091
21691,10705,10986
22509,11568,10941
24005,12832,11173
23819,12727,11092
22845,11312,11533
23971,12818,11153
23397,12299,11098
21617,10658,10959
24010,12370,11640
22118,10948,11170
23200,12239,10961
23226,11932,11294
22568,11453,11115
23036,11934,11102
23223,12185,11038
22340,11042,11298
22768,11736,11032
24127,13016,11111
23703,12565,11138
21961,11087,10874
23342,12298,11044
22905,11866,11039
23081,11936,11145
23500,12367,11133
23224,12065,11159
24328,12662,11666
23694,12571,11123
23072,11993,11079
21009,10292,10717
22597,11455,11142
23417,11792,11625
23697,12590,11107
22123,11234,10889
21832,11024,10808
22911,11688,11223
23789,12609,11180
23571,12056,11515
24196,12953,11243
23386,12301,11085
21763,10935,10828
23167,12107,11060
23092,11524,11568
22676,11637,11039
23737,12130,11607
24207,12519,11688
22730,11730,11000
23765,12562,11203
22143,11105,11038
24136,12912,11224
23324,12232,11092
24278,13065,11213
21873,11047,10826
23345,12091,11254
23587,11887,11700
23219,12110,11109
22896,12076,10820
24023,12728,11295
22922,11826,11096
21717,10760,10957
24125,12944,11181
23669,12590,11079
22340,11311,11029
23923,12753,11170
23042,11883,11159
22894,11885,11009
23287,12247,11040
22209,10836,11373
23256,12140,11116
23806,12094,11712
21504,10654,10850
23482,12370,11112
23702,12495,11207
21743,10845,10898
23920,12709,11211
24118,12964,11154
23457,12330,11127
22923,11881,11042
22931,11833,11098
23960,12319,11641
24094,12404,11690
22757,11701,11056
23848,12747,11101
22018,10993,11025
22850,11899,10951
24438,12733,11705
23335,12157,11178
23458,12333,11125
23004,11814,11190
22939,11858,11081
23159,11617,11542
22878,11828,11050
23712,12045,11667
22353,11402,10951
23152,12045,11107
20820,10103,10717
23629,11956,11673
22669,11661,11008
23245,12138,11107
24346,13056,11290
22014,10948,11066
21455,10718,10737
21919,10973,10946
21116,10306,10810
24051,12463,11588
23183,12073,11110
23773,12247,11526
23708,12035,11673
24342,13059,11283
21694,10803,10891
23077,11996,11081
21900,11020,10880
23370,12300,11070
23424,12424,11000
24151,12699,11452
22926,11843,11083
22663,11343,11320
20957,10075,10882
23417,11830,11587
22553,11805,10748
24191,12774,11417
22505,11647,10858
23945,12737,11208
22911,11478,11433
21342,10543,10799
22330,11415,10915
23945,12911,11034
24842,13086,11756
23594,12437,11157
22684,11696,10988
23700,12513,11187
21054,10307,10747
22929,11942,10987
23898,12791,11107
24264,13092,11172
23515,12472,11043
23202,12142,11060
22376,11366,11010
22572,11525,11047
23381,12228,11153
23740,12564,11176
22988,11877,11111
24249,12586,11663
21181,10444,10737
21912,11024,10888
24074,12864,11210
23475,12350,11125
23022,11953,11069
22147,11192,10955
23362,12256,11106
21557,10596,10961
23475,12309,11166
21548,10693,10855
23344,12320,11024
23580,12434,11146
22955,11923,11032
22745,11783,10962
23826,12135,11691
22568,11083,11485
23821,12102,11719
21951,10971,10980
23646,12474,11172
23571,12396,11175
22895,11779,11116
22477,11013,11464
23971,12806,11165
22888,11786,11102
22802,11681,11121
22970,12034,10936
20172,9392,10780
22938,11861,11077
22439,11405,11034
22886,11834,11052
22653,11165,11488
22610,11684,10926
23381,11695,11686
21508,10796,10712
23062,11642,11420
23740,12557,11183
22868,11876,10992
20235,9557,10678
22896,11856,11040
21654,10831,10823
22397,11404,10993
21907,10949,10958
23145,12021,11124
21611,10729,10882
23135,11848,11287
22450,11476,10974
22075,11116,10959
23671,12511,11160
22427,11597,10830
23646,12529,11117
22043,11019,11024
23467,11933,11534
20581,9997,10584
20530,9781,10749
22030,11143,10887
22471,11413,11058
24136,12897,11239
21806,10852,10954
22070,11157,10913
23439,12395,11044
24092,12886,11206
23482,12398,11084
21676,10883,10793
22202,11296,10906
22243,11283,10960
21438,10650,10788
22608,11618,10990
21923,11090,10833
23031,11862,11169
22644,11608,11036
23928,12246,11682
22779,11828,10951
21997,11112,10885
23010,11969,11041
22032,11097,10935
23056,11987,11069
23794,12134,11660
23146,11609,11537
22664,11676,10988
24000,12335,11665
23302,12228,11074
21445,10323,11122
23965,12739,11226
24037,12894,11143
23357,12286,11071
21623,10726,10897
21844,10840,11004
22780,11800,10980
23418,12330,11088
23770,12576,11194
23814,12254,11560
22531,11500,11031
20800,10022,10778
22050,11105,10945
22655,11791,10864
23154,12055,11099
22801,11761,11040
23590,12460,11130
23782,12653,11129
23608,12561,11047
23616,12484,11132
23231,12228,11003
23549,12436,11113
23840,12696,11144
22797,11824,10973
21518,10640,10878
23572,12557,11015
24141,13060,11081
22694,11235,11459
23178,12163,11015
23840,12303,11537
23886,12708,11178
23744,12656,11088
22907,11938,10969
24465,13033,11432
23613,12557,11056
23760,12519,11241
23242,12324,10918
23401,12242,11159
22831,11816,11015
23684,12456,11228
23592,11927,11665
23510,12347,11163
23249,11681,11568
23901,12799,11102
21838,11040,10798
22492,11513,10979
23225,12109,11116
22293,11464,10829
23613,12114,11499
22855,11794,11061
22952,11877,11075
22943,11932,11011
23294,12114,11180
23621,12034,11587
24104,12953,11151
22782,11709,11073
22819,11453,11366
23508,12457,11051
22181,11201,10980
22859,11306,11553
23206,12165,11041
23409,12089,11320
23663,12497,11166
23327,11785,11542
22586,11135,11451
22543,11620,10923
23327,12202,11125
23801,12577,11224
22163,11184,10979
23068,11514,11554
22250,11188,11062
22351,11447,10904
23591,12420,11171
22911,11756,11155
22840,11736,11104
24316,12635,11681
23487,12143,11344
23272,12039,11233
23340,11641,11699
22734,11742,10992
23726,12528,11198
22256,11190,11066
23385,12359,11026
21700,10461,11239
23295,11698,11597
22966,11798,11168
24507,12760,11747
23888,12598,11290
22487,11506,10981
21688,10898,10790
23856,12661,11195
23592,12474,11118
22972,12008,10964
22903,11872,11031
22109,11179,10930
23648,12546,11102
23226,12149,11077
23780,12604,11176
23683,12483,11200
24018,12899,11119
23585,12175,11410
22649,11713,10936
23021,11937,11084
22618,11631,10987
23841,12560,11281
23624,12463,11161
22646,11302,11344
23320,12257,11063
24224,12557,11667
22596,11027,11569
23258,12273,10985
22480,11530,10950
23671,12577,11094
22629,11303,11326
22661,11739,10922
23094,11945,11149
21804,10766,11038
23089,11458,11631
22826,11819,11007
22802,11805,10997
23874,12641,11233
22577,11560,11017
23546,12513,11033
23408,12423,10985
21329,10584,10745
23993,12569,11424
22738,11722,11016
23566,12430,11136
23716,12556,11160
23718,12385,11333
21838,10978,10860
22379,11339,11040
21248,10124,11124
23152,12055,11097
22220,11304,10916
23459,12345,11114
23533,12437,11096
23637,12528,11109
23064,12013,11051
21557,10855,10702
22616,11555,11061
22038,10688,11350
22301,11343,10958
24636,12911,11725
22841,11722,11119
22056,11123,10933
23187,11987,11200
23103,11848,11255
21984,11098,10886
23168,12156,11012
23535,12384,11151
22507,11551,10956
23251,12205,11046
22596,11568,11028
23853,12658,11195
22997,11944,11053
21958,10486,11472
24041,12467,11574
22072,11317,10755
23132,11968,11164
23808,12683,11125
22326,11378,10948
21346,10680,10666
23189,12081,11108
23460,12344,11116
23586,12381,11205
22824,11762,11062
22890,11828,11062
23997,12909,11088
23567,12037,11530
21784,10863,10921
22775,11692,11083
22918,11856,11062
21563,10727,10836
22588,11579,11009
19285,8609,10676
23701,12589,11112
23568,12538,11030
23763,12582,11181
22419,11335,11084
22218,11347,10871
23625,12046,11579
22152,11048,11104
23609,12488,11121
22757,11825,10932
19730,9281,10449
22797,11708,11089
24440,12685,11755
23091,12045,11046
21981,11100,10881
22821,11735,11086
22037,11142,10895
23782,12695,11087
22580,11701,10879
23377,12323,11054
23722,12607,11115
23008,11951,11057
23253,12276,10977
23084,11968,11116
23714,12493,11221
23289,12153,11136
22858,11838,11020
22574,11677,10897
24585,12870,11715
23121,11934,11187
21534,10579,10955
23044,11991,11053
23588,12435,11153
23678,12592,11086
23667,11940,11727
23965,12788,11177
22811,11222,11589
22252,11363,10889
22765,11781,10984
24057,12431,11626
22412,11475,10937
22540,11363,11177
23448,12197,11251
24127,12449,11678
23843,12686,11157
24075,12849,11226
22345,11434,10911
22817,11776,11041
23486,12409,11077
22942,11526,11416
23458,12353,11105
23182,12197,10985
22782,11678,11104
22322,11237,11085
23092,12173,10919
23645,12550,11095
23525,11862,11663
22006,10977,11029
22601,11575,11026
23626,12412,11214
24293,13164,11129
23188,12137,11051
24036,12888,11148
22282,11334,10948
22081,11129,10952
23858,12752,11106
23259,12157,11102
23687,12572,11115
22543,11020,11523
23622,12550,11072
23721,12636,11085
22399,11360,11039
23762,12661,11101
22994,11485,11509
22193,10874,11319
21938,11065,10873
23511,11911,11600
22048,10644,11404
23991,12828,11163
23282,12102,11180
22629,11590,11039
22472,11622,10850
23722,12447,11275
21843,11025,10818
22325,11262,11063
23144,12096,11048
22432,11320,11112
22616,11679,10937
23351,12080,11271
22568,11521,11047
23358,12248,11110
22457,11378,11079
22704,11678,11026
22455,11266,11189
24076,12854,11222
22793,11804,10989
23245,11837,11408
23352,12225,11127
23310,12224,11086
23474,11938,11536
21908,11118,10790
23657,12520,11137
23871,12670,11201
22586,11672,10914
22849,11852,10997
23355,12320,11035
23893,12673,11220
23267,12172,11095
23397,12269,11128
22913,11429,11484
23770,12614,11156
23009,11958,11051
22971,12077,10894
23722,12559,11163
21508,10806,10702
23744,12589,11155
23629,12504,11125
22635,11659,10976
22157,11201,10956
23466,12364,11102
23798,12565,11233
21123,10237,10886
22661,11654,11007
23101,12089,11012
23621,12442,11179
23063,11976,11087
22416,11364,11052
21604,10681,10923
21887,10955,10932
22958,11995,10963
23428,12283,11145
23296,12235,11061
22221,11229,10992
23647,12474,11173
23669,12565,11104
22958,11906,11052
23370,12241,11129
23565,12427,11138
22712,11733,10979
21979,11081,10898
24188,13073,11115
23713,12605,11108
24024,12869,11155
23004,11475,11529
23245,12132,11113
22128,11186,10942
23049,11992,11057
23835,12169,11666
21541,10266,11275
23316,12326,10990
24090,12459,11631
23208,11604,11604
21562,10738,10824
22525,11602,10923
22379,11340,11039
22387,11437,10950
23002,11859,11143
24068,12935,11133
22494,11046,11448
24031,12928,11103
23561,12430,11131
22181,11154,11027
24300,12587,11713
22033,11166,10867
21669,10694,10975
23359,12272,11087
22978,11583,11395
24567,12864,11703
23530,12403,11127
23490,12477,11013
24608,12877,11731
24150,13007,11143
23587,12506,11081
22563,11570,10993
23349,12165,11184
23218,12192,11026
23363,11831,11532
23745,12581,11164
24359,12597,11762
21003,10281,10722
23093,12052,11041
23223,12055,11168
23387,12191,11196
22425,11386,11039
23090,11973,11117
23524,11870,11654
23638,12340,11298
21714,10866,10848
22077,11020,11057
22554,11577,10977
23063,12038,11025
21445,10705,10740
23106,11945,11161
23700,12615,11085
22939,11894,11045
24423,12992,11431
22743,11250,11493
21685,10314,11371
23993,12337,11656
21611,10755,10856
23472,12290,11182
23391,12259,11132
24010,12397,11613
23331,11831,11500
24003,12767,11236
22741,11661,11080
23841,12622,11219
23214,12156,11058
22636,11730,10906
22713,11827,10886
23576,12441,11135
23609,12477,11132
23447,11834,11613
23421,12387,11034
21876,10992,10884
23566,12065,11501
22028,10625,11403
22936,11456,11480
21304,10090,11214
23072,12046,11026
23169,12103,11066
20947,10218,10729
22971,11845,11126
23784,12613,11171
22941,11869,11072
21597,10787,10810
23120,12075,11045
24063,12560,11503
20725,10034,10691
22632,11433,11199
24107,12868,11239
23580,12187,11393
23750,12168,11582
22448,11448,11000
23287,11816,11471
23640,12547,11093
23889,12262,11627
23924,12797,11127
23578,12401,11177
22613,11623,10990
22467,11434,11033
23373,12260,11113
24322,13124,11198
23869,12659,11210
24147,13021,11126
22723,11382,11341
23602,12404,11198
22662,11614,11048
23658,12540,11118
23471,12281,11190
23382,12240,11142
22887,11774,11113
22374,11300,11074
22944,11921,11023
22803,11685,11118
20329,9883,10446
22926,11900,11026
21363,10564,10799
21450,10594,10856
24068,12882,11186
22354,11392,10962
23747,12682,11065
21039,10091,10948
24025,12843,11182
22978,12057,10921
22064,11159,10905
23472,12433,11039
23842,12753,11089
22439,11442,10997
24248,13067,11181
24267,13108,11159
22663,11691,10972
23422,12333,11089
22872,11887,10985
23394,12215,11179
22124,11268,10856
22394,10949,11445
22504,11143,11361
23077,11971,11106
22697,11705,10992
21931,11005,10926
24012,12847,11165
23254,12197,11057
23979,12363,11616
22925,11941,10984
23346,12163,11183
24459,12745,11714
23885,12747,11138
22759,11673,11086
23119,12112,11007
21488,10610,10878
23291,12261,11030
23776,12607,11169
22643,11574,11069
22955,11433,11522
23337,11703,11634
21571,10767,10804
23431,12367,11064
21906,10986,10920
22436,11187,11249
23994,12864,11130
24248,13049,11199
22822,11864,10958
23452,11730,11722
22140,11270,10870
23865,12734,11131
23303,12309,10994
24346,13161,11185
24021,12911,11110
24029,12972,11057
22745,11709,11036
24341,13101,11240
23375,12347,11028
23473,12438,11035
21655,10863,10792
24085,13032,11053
22654,11553,11101
23001,11695,11306
24108,12466,11642
23464,12347,11117
22658,11250,11408
21375,10404,10971
23484,12095,11389
22039,10602,11437
21490,10601,10889
23146,12117,11029
21500,10667,10833
23772,12685,11087
23490,12415,11075
23344,12271,11073
23336,12310,11026
23691,12587,11104
23023,11962,11061
23704,12078,11626
23331,12254,11077
22054,10615,11439
23933,12715,11218
22982,11937,11045
23087,11960,11127
22986,11616,11370
23920,12143,11777
23233,12241,10992
22435,11406,11029
22896,11756,11140
23039,11957,11082
22222,11175,11047
24171,12558,11613
21974,11127,10847
21396,10167,11229
22522,11562,10960
23234,12216,11018
23320,11667,11653
23098,12072,11026
23822,12654,11168
22454,11479,10975
23079,12041,11038
22640,11653,10987
23311,12136,11175
23615,12007,11608
22860,11901,10959
22097,11105,10992
23049,12024,11025
23745,12125,11620
22650,11614,11036
22435,11515,10920
22760,11783,10977
22138,11241,10897
22571,11646,10925
23571,12426,11145
22268,11306,10962
22912,11956,10956
24105,12877,11228
22824,11771,11053
21778,10988,10790
22314,11333,10981
22626,11549,11077
23487,12332,11155
23153,11539,11614
23367,12304,11063
24173,12969,11204
23277,12285,10992
23334,11723,11611
24199,12465,11734
22715,11797,10918
24024,12787,11237
22895,11912,10983
23593,11974,11619
23711,12560,11151
23377,11837,11540
23278,12220,11058
23517,12312,11205
23199,11697,11502
23556,12224,11332
23041,11973,11068
22016,11060,10956
23991,12847,11144
23469,12348,11121
22102,11312,10790
22830,11848,10982
23561,12518,11043
23791,12559,11232
22340,11457,10883
22357,11438,10919
23232,11594,11638
23427,12298,11129
22461,11653,10808
23391,12232,11159
23755,12531,11224
23455,12387,11068
23942,12756,11186
23527,12428,11099
22867,11371,11496
21956,11084,10872
23300,12295,11005
23141,11650,11491
23511,12295,11216
23079,11925,11154
23497,12443,11054
23398,12383,11015
22980,11832,11148
24137,12936,11201
23892,12735,11157
21926,10985,10941
23302,12250,11052
24284,12642,11642
23387,11849,11538
23844,12648,11196
23962,12821,11141
23605,12447,11158
21109,10271,10838
24190,12853,11337
23433,12347,11086
23531,12365,11166
23114,12088,11026
24024,12921,11103
23401,12237,11164
22510,11415,11095
23339,12397,10942
21609,10868,10741
23742,12607,11135
22682,11771,10911
22972,11921,11051
23672,12568,11104
21678,10817,10861
22921,11783,11138
23616,12433,11183
23998,12812,11186
21362,10385,10977
22298,11269,11029
24242,13052,11190
22732,11708,11024
22214,11222,10992
21215,10439,10776
23936,12243,11693
22135,11135,11000
22553,11546,11007
23466,12372,11094
22636,11604,11032
22751,11673,11078
22064,11194,10870
22903,11960,10943
23236,11953,11283
24031,12893,11138
24108,12928,11180
22748,11609,11139
23838,12676,11162
23986,12208,11778
22598,11660,10938
23618,12429,11189
21213,10402,10811
23148,11977,11171
23477,12299,11178
22907,11795,11112
23776,12604,11172
24067,12869,11198
21928,11080,10848
23597,12054,11543
23681,12537,11144
23947,12805,11142
23088,12037,11051
23664,12660,11004
22057,11176,10881
23453,12372,11081
23774,12622,11152
23920,12720,11200
21380,10557,10823
21472,10584,10888
22972,11857,11115
23822,12652,11170
24279,13139,11140
22259,11357,10902
22937,11753,11184
23726,12633,11093
22930,11860,11070
23510,12361,11149
22353,11424,10929
23216,12090,11126
23405,12263,11142
23655,12542,11113
22434,11423,11011
23513,12361,11152
23105,11926,11179
22925,11895,11030
23746,12076,11670
24028,12859,11169
23389,12281,11108
24190,12570,11620
23724,12654,11070
23847,12669,11178
24086,12866,11220
23026,11868,11158
21609,10331,11278
23294,11740,11554
23445,12231,11214
24245,12633,11612
23877,12744,11133
22407,11355,11052
23144,12074,11070
23759,12165,11594
22937,11420,11517
23692,12496,11196
21608,10769,10839
22060,11188,10872
23007,11986,11021
23025,11948,11077
22897,11799,11098
24266,13031,11235
21563,10585,10978
23286,12197,11089
23130,12083,11047
23835,12777,11058
21744,10931,10813
22694,11600,11094
23577,12177,11400
23323,12235,11088
20613,9891,10722
22990,11933,11057
23260,12189,11071
22518,11490,11028
23691,12547,11144
22584,11616,10968
23320,11808,11512
23633,12449,11184
23005,11949,11056
22738,11728,11010
23583,12359,11224
20874,10058,10816
22643,11698,10945
21039,9632,11407
23689,12545,11144
22429,11329,11100
24450,12725,11725
22934,11912,11022
23819,12697,11122
22906,11869,11037
22944,11806,11138
22669,11753,10916
23642,12504,11138
22559,11693,10866
22779,11803,10976
23304,12175,11129
23490,12359,11131
23516,12368,11148
23566,12426,11140
23762,12553,11209
20492,9786,10706
22747,11727,11020
20563,10007,10556
23162,12194,10968
22785,11842,10943
23841,12816,11025
22096,11253,10843
23069,12103,10966
23633,12525,11108
23362,12206,11156
22978,11927,11051
22319,11366,10953
24230,13115,11115
23238,12137,11101
23124,11405,11719
23415,12305,11110
24351,13164,11187
23265,12274,10991
24518,12804,11714
23258,12221,11037
23047,11986,11061
21013,10320,10693
22652,11203,11449
23766,12612,11154
23174,12147,11027
23432,12369,11063
23582,12460,11122
22083,11040,11043
21688,10877,10811
23836,12697,11139
23959,12814,11145
23707,12560,11147
21781,10851,10930
23253,12137,11116
22337,11317,11020
23654,12135,11519
23186,12087,11099
22758,11740,11018
24165,12488,11677
22731,11235,11496
22115,11303,10812
22581,11450,11131
23283,12132,11151
24361,12724,11637
24492,12780,11712
23146,11585,11561
23440,12457,10983
23781,12671,11110
23627,12496,11131
22485,11518,10967
23689,12545,11144
22437,11330,11107
22833,11317,11516
23595,12438,11157
22579,11584,10995
24082,12905,11177
22605,11589,11016
23311,11955,11356
23571,12532,11039
23971,12793,11178
22938,11848,11090
23026,11857,11169
22757,11870,10887
21281,10339,10942
23202,12168,11034
22249,11283,10966
23584,12519,11065
24067,12908,11159
22879,11938,10941
23641,12481,11160
23733,12537,11196
21149,10303,10846
23926,12679,11247
23787,12619,11168
23694,12121,11573
23719,12597,11122
24124,12889,11235
22194,11251,10943
22972,11831,11141
23367,12120,11247
23934,12757,11177
22767,11737,11030
22503,11607,10896
23133,12018,11115
22034,11145,10889
21930,10591,11339
23217,12215,11002
21379,10560,10819
23162,12130,11032
23849,12715,11134
23234,12126,11108
24185,12937,11248
22823,11279,11544
21905,11001,10904
23800,12669,11131
23549,12373,11176
22762,11783,10979
22253,11279,10974
21789,10739,11050
21190,10384,10806
23172,12090,11082
22210,11268,10942
22587,11462,11125
23166,12094,11072
23592,12463,11129
23222,12187,11035
22840,11371,11469
22713,11679,11034
23223,12147,11076
23328,12227,11101
23973,12854,11119
23717,12615,11102
20065,9477,10588
20230,9298,10932
23117,12087,11030
23194,12137,11057
23829,12670,11159
22845,11324,11521
23432,12374,11058
20980,10210,10770
22719,11660,11059
22282,11233,11049
22871,11859,11012
23202,11812,11390
23602,12424,11178
24394,12609,11785
22526,11568,10958
23034,12035,10999
23504,12330,11174
22888,11860,11028
23349,12043,11306
22357,11220,11137
23632,12525,11107
22465,11554,10911
23474,12405,11069
23188,12165,11023
24045,12808,11237
24683,13116,11567
24191,12939,11252
22959,11936,11023
22463,11459,11004
23257,12199,11058
23800,12689,11111
23635,12515,11120
22772,11720,11052
21734,10864,10870
22745,11777,10968
23825,12644,11181
23851,12659,11192
22738,11658,11080
22793,11762,11031
23020,11902,11118
24372,12887,11485
23577,12453,11124
22812,11794,11018
23022,12036,10986
23473,12364,11109
22681,11116,11565
23930,12908,11022
22471,11559,10912
23794,12630,11164
23015,11395,11620
20983,10045,10938
23410,12321,11089
22326,11366,10960
24069,12516,11553
23327,12219,11108
22806,11789,11017
22725,11753,10972
22166,11223,10943
22579,11550,11029
23701,12574,11127
24278,12705,11573
24289,12562,11727
22705,11326,11379
23418,12250,11168
24119,12887,11232
22738,11790,10948
21190,9801,11389
22075,11179,10896
22647,11634,11013
23322,12229,11093
22280,11330,10950
22574,11621,10953
23874,12651,11223
22651,11539,11112
23978,12821,11157
23046,11488,11558
22303,11377,10926
21923,11114,10809
24351,12698,11653
23198,12072,11126
23701,12559,11142
22977,11880,11097
23370,12314,11056
23123,12142,10981
23985,12839,11146
23090,11533,11557
23878,12193,11685
22702,11696,11006
22432,11360,11072
22591,11636,10955
23636,12532,11104
22329,11393,10936
22854,11389,11465
22426,11565,10861
23182,12073,11109
23415,12346,11069
22197,11373,10824
23951,12764,11187
23564,12444,11120
22531,11481,11050
24047,12849,11198
22273,11347,10926
23817,12602,11215
22841,11805,11036
23067,12109,10958
24224,13020,11204
22085,11288,10797
22183,11275,10908
24167,12488,11679
23097,12041,11056
23281,12250,11031
23904,12266,11638
23154,12192,10962
22502,11547,10955
23063,11952,11111
22622,11539,11083
22966,11785,11181
21882,10929,10953
23066,11977,11089
22845,11828,11017
23582,11796,11786
21979,11060,10919
23949,12692,11257
23451,12479,10972
23326,11789,11537
23363,12375,10988
23218,12186,11032
22455,11448,11007
22029,10969,11060
22595,11661,10934
21562,10679,10883
23395,11683,11712
21525,10631,10894
23883,12779,11104
22886,11823,11063
22731,11526,11205
24235,13040,11195
23829,12763,11066
23562,11937,11625
23734,12590,11144
22081,10635,11446
24435,12790,11645
23619,11975,11644
21884,11102,10782
24049,12841,11208
22607,11657,10950
23258,12165,11093
23023,12186,10837
21783,10967,10816
23954,12829,11125
22701,11644,11057
23603,12451,11152
23516,12414,11102
21768,10944,10824
23842,12164,11678
21848,10962,10886
23142,12139,11003
20486,9804,10682
24192,12533,11659
22539,11587,10952
21591,10704,10887
21534,10717,10817
24151,12947,11204
23719,12046,11673
22839,11815,11024
23651,12132,11519
21214,10397,10817
24510,12877,11633
23183,12075,11108
20442,9984,10458
23888,12774,11114
24121,12946,11175
23160,12115,11045
21890,11067,10823
23904,12750,11154
23127,12057,11070
23031,12020,11011
22483,11023,11460
22954,12035,10919
22492,11545,10947
23813,12664,11149
23255,12168,11087
21112,10417,10695
23327,12111,11216
23741,12616,11125
24222,12528,11694
23362,11710,11652
22238,10771,11467
22512,11357,11155
22837,11807,11030
23840,12701,11139
23384,12329,11055
23081,12003,11078
22146,11305,10841
23118,12001,11117
21451,10612,10839
23169,12043,11126
22852,11306,11546
23293,12235,11058
23336,12103,11233
23156,12050,11106
23616,12507,11109
24330,13077,11253
22915,11721,11194
22737,11730,11007
22663,11566,11097
23351,12269,11082
23657,12536,11121
22715,11698,11017
22913,11891,11022
23644,12553,11091
22572,11526,11046
23757,12600,11157
22654,11568,11086
24052,12826,11226
23343,12201,11142
22055,11142,10913
22707,11285,11422
22726,11634,11092
24281,12503,11778
22913,11847,11066
22576,11527,11049
22136,11271,10865
23698,12580,11118
22546,11524,11022
24142,12920,11222
21391,10605,10786
23703,12662,11041
23328,12245,11083
23035,11900,11135
23328,12186,11142
22978,11842,11136
22619,11646,10973
23737,12575,11162
23970,12847,11123
23772,12659,11113
22794,11788,11006
22999,11919,11080
22584,11714,10870
23020,11977,11043
24153,12508,11645
23498,12353,11145
24040,12922,11118
23957,12764,11193
22092,11042,11050
23528,12373,11155
22941,11841,11100
23252,12177,11075
23332,12312,11020
23913,12302,11611
22340,11382,10958
22535,11507,11028
22871,11841,11030
23935,12705,11230
24251,13130,11121
23390,12309,11081
22119,11099,11020
23464,12421,11043
22897,11927,10970
23302,12271,11031
22967,11940,11027
23684,12618,11066
23863,12705,11158
22587,11680,10907
22526,11590,10936
23207,12188,11019
23960,12761,11199
22644,11621,11023
22340,11555,10785
22409,11362,11047
21990,11082,10908
22513,11537,10976
23747,12124,11623
23891,12338,11553
22525,11425,11100
21175,10378,10797
23597,11983,11614
23161,11663,11498
23092,12099,10993
22269,10850,11419
22078,11154,10924
23206,12106,11100
23074,11962,11112
23208,12021,11187
23345,12248,11097
23466,12395,11071
23232,12239,10993
22421,11459,10962
23875,12136,11739
23174,12125,11049
23296,12170,11126
22244,11253,10991
23781,12626,11155
23684,12018,11666
24512,12841,11671
23565,12399,11166
24469,13212,11257
21764,10892,10872
21581,10665,10916
21817,10853,10964
23207,12141,11066
23276,12154,11122
23386,12306,11080
23318,12268,11050
23020,11909,11111
22276,11360,10916
21525,10753,10772
22751,11233,11518
23820,12768,11052
22758,11786,10972
24123,12953,11170
24034,12850,11184
23929,12334,11595
24288,12662,11626
24128,12861,11267
21749,10757,10992
22049,11045,11004
23335,12246,11089
23001,11929,11072
22114,10989,11125
23899,12795,11104
23918,12732,11186
23289,12222,11067
23435,12372,11063
23072,12000,11072
21931,11076,10855
22458,11517,10941
22620,11604,11016
22851,11768,11083
22658,11541,11117
22402,11367,11035
22777,11759,11018
23403,12332,11071
21116,10416,10700
22768,11730,11038
23055,12007,11048
23942,12409,11533
22825,11692,11133
23685,12659,11026
23138,12064,11074
21772,11033,10739
23034,11976,11058
23424,11707,11717
21860,10967,10893
23345,12428,10917
22745,11664,11081
22529,11515,11014
22955,11584,11371
24303,12561,11742
22281,11271,11010
22739,11602,11137
23565,12443,11122
24032,12932,11100
23281,11751,11530
23569,12402,11167
23063,11998,11065
23131,12056,11075
24069,12916,11153
23540,12288,11252
19094,8591,10503
24065,12491,11574
22782,11289,11493
22832,11771,11061
22847,11848,10999
24033,12862,11171
23410,12308,11102
22714,11720,10994
22334,11432,10902
24688,13006,11682
22845,11432,11413
23048,11919,11129
23504,12396,11108
23343,12244,11099
23735,12558,11177
24070,12917,11153
21413,10550,10863
21722,10850,10872
23314,12157,11157
24046,12882,11164
23240,11679,11561
22910,11758,11152
22840,11771,11069
23133,11785,11348
22663,11100,11563
24277,13093,11184
23784,12541,11243
22204,11289,10915
22694,11761,10933
23882,12132,11750
23385,12267,11118
23960,12802,11158
22146,11293,10853
23779,12570,11209
23793,12640,11153
23866,12696,11170
23471,11942,11529
24066,12906,11160
24172,13040,11132
23076,11739,11337
23626,12494,11132
22011,11078,10933
23260,12114,11146
22337,11336,11001
23603,12504,11099
23989,12774,11215
24194,13080,11114
23525,12443,11082
23480,12380,11100
24589,12914,11675
22647,11263,11384
23515,12421,11094
23447,12231,11216
23258,12242,11016
23013,11979,11034
23521,12315,11206
23731,12644,11087
24059,12940,11119
24218,13106,11112
23882,12174,11708
22636,11631,11005
23470,12423,11047
21446,10528,10918
23246,12092,11154
22833,11789,11044
23174,11620,11554
22808,11620,11188
23109,11810,11299
23066,12004,11062
23438,12318,11120
23457,12400,11057
24193,13021,11172
23561,12519,11042
23305,12246,11059
23650,12565,11085
23039,12020,11019
22337,11301,11036
23077,12117,10960
21714,10861,10853
23633,12593,11040
22535,11559,10976
21485,10606,10879
22383,11380,11003
23342,12256,11086
23196,12023,11173
22281,11395,10886
23533,11877,11656
23446,12344,11102
23831,12731,11100
23203,12007,11196
22623,11545,11078
22498,11036,11462
23412,11908,11504
23531,12451,11080
23426,11916,11510
24169,12939,11230
23674,12497,11177
22552,11388,11164
23411,12415,10996
21662,10487,11175
23334,12295,11039
21563,10622,10941
24034,12906,11128
24003,12864,11139
23591,12316,11275
22669,11691,10978
23602,12407,11195
24071,12836,11235
20874,9712,11162
22989,11929,11060
22866,11855,11011
23522,12361,11161
23576,12387,11189
22597,11635,10962
22111,10846,11265
24016,12908,11108
23949,12202,11747
23829,12644,11185
21623,10707,10916
23544,11959,11585
22656,11630,11026
23529,11932,11597
23486,12354,11132
23386,11906,11480
22608,11530,11078
23585,12420,11165
23274,12191,11083
23430,11853,11577
21767,10761,11006
22470,11347,11123
22698,11670,11028
24385,13203,11182
22673,11635,11038
21187,10510,10677
23480,12383,11097
22692,11723,10969
22818,11870,10948
22948,11917,11031
23863,12697,11166
23606,12401,11205
23725,12040,11685
22333,11339,10994
24130,12941,11189
22346,11390,10956
23660,12620,11040
23580,12500,11080
22908,11810,11098
23396,12003,11393
22886,11934,10952
24500,12808,11692
22441,11494,10947
20548,9716,10832
23187,12149,11038
23185,12116,11069
23534,12451,11083
23869,12362,11507
22354,11413,10941
24056,12865,11191
24229,12466,11763
23199,12148,11051
22852,11847,11005
23004,11868,11136
22644,11603,11041
24000,12880,11120
22083,11151,10932
23963,12828,11135
22675,11600,11075
23141,12029,11112
22749,11831,10918
21786,10983,10803
22991,11932,11059
23872,12693,11179
22485,11511,10974
23241,12154,11087
23631,12437,11194
22141,11264,10877
23608,12487,11121
23128,12185,10943
22640,11697,10943
22416,11399,11017
22622,11162,11460
23435,12315,11120
23871,12732,11139
23369,12264,11105
23913,12235,11678
21958,10997,10961
22082,11218,10864
22255,11233,11022
22838,11748,11090
23128,12020,11108
22288,11452,10836
22305,11067,11238
22565,11637,10928
23654,12469,11185
22925,11893,11032
23256,12223,11033
23523,12512,11011
23449,11731,11718
23932,12739,11193
22361,11345,11016
22748,11675,11073
23512,12385,11127
23662,12614,11048
21857,10987,10870
23718,12741,10977
23983,12802,11181
23990,12775,11215
21744,10951,10793
23713,12675,11038
23959,12392,11567
23854,12734,11120
22480,11590,10890
23096,11940,11156
23067,12026,11041
21159,10343,10816
23342,12228,11114
22088,11196,10892
20874,10177,10697
23470,12339,11131
23855,12781,11074
23488,12362,11126
23855,12416,11439
22491,11552,10939
22773,11656,11117
23763,12635,11128
23521,12170,11351
24095,12943,11152
23732,12529,11203
22558,11259,11299
24394,12757,11637
23543,12428,11115
23900,12685,11215
23173,12101,11072
22417,11386,11031
22749,11267,11482
23771,12714,11057
24397,12678,11719
22789,11715,11074
23249,12118,11131
20968,10298,10670
23849,12915,10934
23968,12886,11082
23490,12351,11139
23458,12430,11028
24343,13164,11179
22736,11736,11000
23097,12103,10994
23316,12212,11104
24086,12946,11140
23096,12061,11035
23366,12234,11132
22867,11894,10973
23858,12695,11163
21646,10280,11366
22633,11677,10956
21863,10840,11023
23204,11686,11518
24631,12908,11723
22593,11527,11066
22827,11829,10998
23930,12765,11165
24002,12909,11093
23733,12620,11113
23816,12611,11205
21254,10394,10860
24020,12854,11166
22410,11451,10959
24167,12933,11234
23474,12301,11173
20800,10036,10764
22998,11901,11097
22536,11609,10927
23437,11918,11519
22962,11932,11030
22738,11758,10980
22657,11610,11047
23190,12166,11024
22181,11139,11042
23584,12516,11068
22018,11010,11008
21460,10806,10654
23524,12462,11062
21393,10314,11079
23020,11978,11042
22417,11500,10917
23606,12622,10984
22201,11180,11021
22332,11367,10965
21872,10639,11233
23771,12691,11080
23677,12506,11171
22993,11896,11097
23058,11976,11082
23287,12210,11077
23787,12532,11255
21476,10527,10949
22671,11721,10950
23713,12612,11101
23218,12179,11039
23853,12713,11140
22755,11647,11108
23874,12430,11444
23788,12270,11518
23569,12413,11156
23186,12215,10971
24054,12904,11150
22763,11690,11073
22547,11537,11010
22092,11177,10915
24167,12926,11241
22315,11418,10897
22719,11636,11083
23240,11584,11656
21621,10746,10875
23007,11902,11105
23214,11663,11551
21499,10135,11364
24303,12637,11666
24538,12867,11671
24144,13039,11105
23067,11640,11427
23528,12410,11118
22785,11654,11131
23704,12646,11058
23863,12722,11141
24155,12998,11157
22013,11057,10956
23306,12199,11107
24179,12996,11183
22451,11559,10892
22840,11719,11121
22963,11922,11041
23049,12008,11041
23153,12020,11133
22393,11471,10922
21703,10897,10806
23253,12231,11022
23314,12183,11131
22113,11157,10956
23708,12686,11022
23153,12070,11083
23703,12646,11057
22799,11762,11037
23752,12601,11151
22441,11508,10933
22469,11407,11062
22086,10641,11445
23683,12564,11119
24083,12406,11677
24316,13155,11161
24201,13019,11182
21725,10761,10964
23390,11801,11589
23411,12297,11114
23467,12333,11134
20804,9668,11136
21515,10659,10856
22857,11836,11021
23354,12337,11017
21603,10890,10713
22451,11433,11018
22093,11048,11045
21001,10190,10811
22844,11738,11106
23916,12777,11139
23256,12262,10994
23041,11541,11500
22963,11924,11039
22729,11680,11049
23449,12378,11071
22784,11198,11586
23280,12060,11220
23103,12087,11016
22866,11821,11045
23919,12753,11166
23172,12041,11131
22446,11543,10903
23942,12710,11232
23753,12569,11184
22890,11768,11122
23094,11999,11095
23978,12909,11069
23780,12614,11166
23855,12696,11159
24392,13011,11381
22140,11266,10874
23812,12638,11174
21541,10348,11193
24003,12754,11249
22996,11865,11131
22284,11435,10849
23482,12328,11154
23853,12460,11393
23183,12191,10992
23410,12353,11057
23852,12672,11180
22631,11698,10933
22203,11194,11009
22102,11121,10981
22517,11459,11058
23504,11833,11671
22966,11912,11054
23954,12736,11218
21136,10469,10667
23353,12201,11152
22119,11134,10985
23443,11856,11587
23391,12276,11115
22717,11675,11042
23375,12183,11192
23869,12816,11053
22278,11253,11025
22016,11077,10939
23293,12133,11160
22888,11217,11671
22949,11918,11031
24054,12878,11176
24116,12380,11736
23624,12633,10991
21654,10634,11020
23416,12304,11112
22105,11212,10893
22583,11652,10931
23833,12776,11057
22965,11939,11026
23747,12584,11163
23060,11944,11116
23360,12224,11136
23900,12377,11523
23330,11834,11496
22545,11621,10924
21759,10884,10875
23554,12440,11114
22619,11712,10907
22618,11617,11001
21781,10873,10908
23431,12305,11126
22532,11589,10943
21461,10599,10862
23734,12576,11158
23314,12180,11134
22817,11858,10959
22146,10655,11491
23554,12495,11059
22783,11821,10962
22952,11888,11064
23857,12645,11212
23634,12469,11165
23396,12345,11051
23936,12721,11215
23983,12836,11147
23737,12617,11120
23654,12534,11120
23888,12779,11109
23780,12722,11058
23734,12617,11117
23223,12083,11140
23704,12657,11047
22704,11699,11005
23542,12385,11157
21673,10941,10732
23241,12228,11013
21512,10246,11266
22526,11612,10914
22362,11500,10862
22838,11785,11053
23938,12756,11182
22257,11335,10922
23949,12756,11193
23340,12370,10970
23662,12557,11105
23092,11987,11105
23167,12111,11056
23192,12198,10994
23883,12722,11161
23685,12571,11114
23465,12311,11154
23274,12125,11149
23987,12822,11165
22316,11371,10945
22598,11510,11088
22951,11865,11086
21598,10678,10920
23870,12693,11177
21535,10673,10862
24088,12862,11226
23123,12179,10944
22493,11584,10909
23435,12285,11150
23765,12443,11322
22642,11647,10995
22921,11817,11104
23852,12637,11215
23674,12521,11153
24340,12810,11530
21982,11008,10974
22505,11458,11047
21828,10863,10965
23649,12472,11177
23005,11849,11156
22699,11281,11418
23820,12698,11122
22760,11671,11089
22434,11594,10840
24021,12331,11690
23026,11955,11071
23065,12038,11027
22345,11313,11032
22354,11309,11045
23182,12039,11143
23252,12134,11118
22905,11880,11025
23649,12087,11562
23358,12309,11049
23796,12615,11181
23410,12302,11108
24128,12970,11158
22601,11698,10903
22796,11780,11016
23346,12287,11059
22715,11685,11030
23226,12155,11071
23070,11996,11074
23459,12313,11146
23933,12780,11153
22946,11964,10982
23226,12079,11147
22168,11293,10875
23056,11989,11067
23651,12519,11132
23457,12325,11132
23365,12327,11038
23434,12346,11088
23173,12151,11022
22783,11821,10962
22617,11657,10960
22901,11894,11007
20986,10132,10854
23537,12359,11178
23947,12207,11740
23550,12471,11079
22759,11813,10946
23014,11481,11533
22181,10988,11193
22156,11211,10945
23986,12872,11114
23126,12032,11094
23424,12299,11125
24182,13031,11151
24321,13099,11222
24066,12974,11092
20550,9907,10643
22577,11451,11126
22174,11336,10838
24236,13086,11150
23508,12374,11134
22998,11564,11434
23130,12150,10980
23072,11969,11103
23413,12319,11094
22656,11701,10955
24122,12938,11184
23024,11934,11090
23751,12490,11261
22701,11228,11473
22404,11390,11014
23167,12106,11061
21217,10449,10768
22147,11162,10985
22578,11631,10947
23892,12698,11194
22950,11865,11085
23886,12766,11120
21953,11043,10910
23921,12377,11544
23805,12159,11646
23300,12204,11096
23614,12533,11081
22445,11228,11217
22272,11328,10944
22845,11794,11051
23571,12386,11185
22872,11832,11040
23522,12325,11197
22356,11304,11052
23073,11949,11124
23306,11697,11609
21091,10458,10633
22512,11648,10864
23174,12105,11069
23190,11747,11443
22643,11714,10929
22470,11410,11060
23463,12296,11167
22131,10715,11416
22179,11193,10986
23769,12524,11245
24114,12372,11742
23570,12436,11134
21652,10836,10816
23901,12282,11619
23698,12546,11152
23666,12505,11161
22488,11583,10905
23071,11967,11104
23206,11653,11553
23921,12820,11101
21182,10304,10878
22500,11502,10998
23070,11974,11096
22930,11895,11035
22261,11308,10953
22811,11771,11040
24232,13086,11146
23367,12234,11133
22753,11760,10993
22637,11588,11049
23590,12517,11073
21185,10241,10944
22393,11344,11049
22632,11577,11055
22614,11574,11040
22853,11793,11060
23767,12599,11168
23603,12463,11140
24359,12715,11644
23202,12111,11091
22990,11852,11138
23488,12416,11072
22051,10822,11229
23994,12862,11132
23248,11838,11410
23768,12594,11174
24078,12922,11156
22607,11662,10945
23161,12085,11076
22289,11413,10876
20690,10101,10589
22973,11973,11000
22997,11895,11102
23332,12345,10987
22474,11507,10967
22679,11701,10978
22316,11339,10977
23288,12251,11037
23451,12332,11119
24066,12840,11226
22034,11238,10796
23458,12223,11235
24171,13069,11102
23478,12466,11012
22475,11519,10956
23316,12216,11100
23146,12037,11109
21408,10707,10701
24026,12882,11144
23416,11885,11531
23740,12573,11167
22150,11293,10857
22995,12055,10940
22323,11546,10777
23457,12404,11053
22526,11271,11255
22373,11476,10897
23678,12539,11139
23444,12410,11034
23880,12650,11230
22820,11892,10928
23506,12355,11151
23817,12800,11017
23399,12354,11045
22305,11364,10941
20663,9880,10783
23640,12453,11187
23294,12204,11090
20964,10244,10720
23141,11539,11602
23912,12294,11618
20641,10000,10641
22319,11280,11039
24171,13017,11154
23693,12528,11165
22725,11619,11106
23108,12062,11046
24378,13109,11269
23571,12479,11092
22969,11988,10981
23882,12687,11195
22685,11261,11424
23596,12507,11089
22748,11837,10911
23304,12112,11192
22238,11209,11029
23936,12279,11657
23211,12112,11099
23149,12141,11008
23418,12353,11065
21923,10911,11012
23204,12121,11083
23069,11931,11138
23813,12610,11203
22002,11117,10885
23428,12435,10993
22494,11428,11066
23505,12352,11153
22557,11518,11039
23528,12401,11127
22771,11336,11435
23204,12153,11051
24368,12678,11690
23674,12513,11161
22404,11436,10968
23346,12193,11153
23402,12274,11128
23939,12322,11617
23752,12638,11114
22456,11442,11014
22799,11757,11042
22591,11629,10962
22182,11399,10783
23189,12025,11164
22860,11267,11593
23402,12362,11040
24233,12459,11774
23085,12151,10934
23663,12496,11167
23903,12686,11217
23595,12428,11167
23671,12518,11153
23552,12398,11154
23752,12587,11165
23961,12772,11189
22960,11938,11022
23750,12640,11110
22183,11168,11015
22517,11499,11018
24124,12414,11710
24003,12744,11259
23332,12186,11146
23907,12695,11212
23831,12765,11066
21616,10705,10911
22600,11657,10943
23826,12595,11231
22460,11516,10944
23318,11739,11579
23172,12115,11057
23829,12694,11135
24388,12733,11655
22448,11440,11008
20648,9911,10737
24100,12971,11129
22087,11103,10984
21980,10920,11060
21820,10936,10884
23862,12801,11061
22487,11458,11029
23217,12112,11105
22879,11915,10964
22794,11662,11132
23745,12731,11014
22623,11600,11023
24093,12415,11678
23654,12590,11064
22329,11312,11017
21268,10544,10724
23587,12470,11117
24079,12354,11725
22215,11318,10897
23681,12661,11020
22079,11213,10866
21073,10402,10671
23293,12185,11108
23365,12348,11017
24018,12751,11267
22008,11040,10968
22073,11229,10844
22756,11308,11448
22289,11321,10968
23390,12342,11048
23044,11973,11071
23016,12002,11014
22400,11518,10882
23597,12451,11146
22621,11651,10970
21270,10103,11167
23022,11999,11023
23715,12502,11213
22109,11204,10905
23263,12268,10995
22859,11690,11169
23762,12571,11191
24227,12977,11250
21120,10333,10787
24014,12867,11147
22266,11316,10950
23964,12820,11144
22850,11919,10931
20993,9967,11026
21555,10659,10896
23587,12555,11032
24070,12896,11174
22806,11756,11050
22392,11457,10935
23744,12382,11362
23945,12846,11099
22948,11848,11100
23833,12764,11069
23127,11547,11580
22288,11405,10883
23708,12518,11190
24234,13017,11217
23809,12821,10988
23830,12840,10990
24110,12447,11663
23859,12187,11672
22242,11215,11027
23568,12475,11093
22797,11719,11078
22765,11679,11086
23695,12610,11085
22188,11227,10961
21802,10979,10823
24340,13251,11089
21280,10566,10714
23490,12321,11169
23174,12182,10992
23350,11871,11479
21583,10235,11348
23614,12422,11192
20842,10222,10620
23494,12386,11108
22431,11430,11001
23181,12079,11102
23451,12364,11087
23881,12930,10951
23905,12736,11169
22861,11780,11081
23444,12360,11084
24269,12982,11287
22287,11418,10869
22999,12112,10887
21924,10973,10951
23361,12211,11150
24026,12859,11167
23234,12129,11105
23974,12861,11113
22146,11319,10827
23655,12653,11002
22637,11674,10963
22227,11394,10833
23184,12116,11068
20926,10374,10552
23108,11992,11116
22988,11960,11028
23241,12133,11108
24010,12774,11236
24273,13097,11176
21107,10439,10668
22252,11360,10892
22699,11717,10982
23001,12118,10883
24058,12860,11198
22551,11552,10999
23201,12020,11181
22761,11854,10907
23764,12736,11028
23491,11914,11577
23454,12315,11139
21341,10505,10836
24211,12515,11696
22892,11784,11108
22113,11178,10935
22280,11275,11005
24455,12733,11722
22609,11629,10980
24698,12952,11746
23371,12312,11059
23457,12317,11140
22582,11032,11550
22347,10936,11411
23574,12380,11194
22563,11570,10993
24241,12934,11307
23751,12634,11117
22521,11431,11090
22872,11575,11297
22447,11008,11439
22575,11534,11041
21944,11201,10743
24117,12936,11181
24404,12601,11803
21550,10696,10854
23349,12212,11137
24354,12764,11590
21657,10784,10873
23850,12700,11150
22414,11429,10985
23772,12709,11063
23380,12361,11019
23749,12675,11074
24499,12788,11711
23675,12558,11117
21285,10516,10769
23448,12218,11230
22400,11318,11082
20985,10313,10672
22965,11818,11147
23026,12021,11005
22965,11898,11067
22418,11347,11071
22868,11816,11052
23789,12670,11119
24291,12609,11682
23409,12251,11158
23332,12234,11098
23459,12325,11134
22914,11878,11036
24405,13148,11257
21922,11114,10808
21693,10739,10954
23247,11820,11427
22066,11154,10912
22133,11131,11002
23395,12309,11086
22810,11814,10996
21770,10881,10889
21323,10480,10843
22328,11378,10950
23819,12665,11154
22934,11948,10986
23660,12504,11156
22730,11569,11161
21638,10316,11322
23074,11870,11204
22805,11761,11044
23847,12671,11176
22017,11038,10979
22445,11496,10949
23271,11815,11456
23552,12484,11068
23352,12199,11153
23246,12129,11117
23840,12676,11164
22718,11673,11045
23281,12128,11153
24449,12725,11724
23534,12438,11096
22734,11661,11073
22798,11827,10971
23425,12233,11192
22453,11478,10975
23698,12660,11038
22855,11702,11153
23572,12451,11121
23420,12320,11100
23376,12376,11000
23481,12455,11026
23662,12482,11180
23421,12407,11014
23030,11974,11056
23251,12261,10990
23707,12687,11020
22614,11698,10916
21697,10990,10707
23037,11894,11143
23061,12047,11014
21025,10184,10841
23166,12079,11087
22792,11880,10912
22733,11205,11528
24140,12467,11673
24348,13167,11181
24361,12856,11505
23629,12505,11124
23081,12046,11035
23690,12194,11496
23706,12531,11175
23588,12381,11207
23826,12623,11203
24551,12851,11700
23406,12161,11245
22594,11564,11030
21574,10460,11114
22524,11533,10991
22902,11828,11074
23272,11743,11529
23912,12807,11105
23631,12530,11101
22556,11558,10998
22604,11609,10995
22725,11606,11119
22398,11467,10931
22121,11077,11044
22443,11688,10755
22692,11634,11058
21959,11018,10941
23192,12125,11067
24182,13009,11173
23896,12669,11227
23690,12542,11148
22998,11901,11097
22290,11358,10932
22827,11777,11050
23944,12847,11097
22031,11129,10902
23953,12838,11115
23319,12225,11094
24110,12413,11697
22140,11210,10930
22943,11446,11497
23212,12197,11015
23668,12489,11179
23618,12569,11049
23753,12614,11139
22851,11739,11112
24027,12833,11194
22598,11478,11120
23312,12266,11046
23227,12058,11169
21484,10532,10952
23487,12473,11014
22594,11511,11083
22900,11902,10998
24061,12950,11111
20857,9556,11301
22904,11836,11068
22363,11485,10878
22771,11735,11036
24137,12959,11178
23088,11973,11115
23212,11703,11509
22806,11240,11566
22426,11467,10959
23125,12107,11018
22904,11894,11010
22801,11744,11057
24049,12963,11086
23896,12824,11072
23545,11931,11614
22458,11506,10952
21764,10736,11028
21493,10637,10856
23090,11988,11102
24393,12746,11647
22603,11678,10925
22791,11715,11076
23647,12537,11110
23451,12256,11195
23088,11974,11114
22878,11898,10980
21835,11162,10673
22615,11663,10952
23329,12235,11094
22302,11267,11035
20567,9846,10721
21192,10451,10741
23245,12138,11107
22401,11401,11000
23655,12630,11025
23441,12371,11070
21375,10410,10965
23936,12416,11520
22933,11854,11079
21548,10912,10636
21838,10905,10933
22058,11178,10880
23454,12373,11081
23187,12055,11132
23237,12271,10966
21515,10653,10862
22057,11040,11017
21345,10454,10891
23391,12242,11149
23102,12032,11070
23761,12672,11089
23231,12123,11108
23036,12026,11010
20096,9524,10572
23715,12582,11133
23310,12046,11264
23192,12051,11141
22784,11849,10935
22596,11255,11341
22804,11698,11106
22803,11508,11295
23367,12381,10986
21972,10571,11401
22691,11726,10965
22958,11837,11121
23126,11954,11172
22406,11359,11047
23159,12092,11067
22710,11194,11516
22048,11108,10940
23902,12827,11075
22984,11830,11154
23784,12217,11567
22486,11544,10942
23096,11966,11130
23061,11632,11429
23628,12533,11095
22944,11825,11119
23565,12482,11083
24235,12512,11723
21919,10975,10944
23489,12346,11143
22356,11310,11046
23648,12498,11150
23087,12011,11076
22475,11510,10965
23833,12759,11074
23268,12132,11136
22569,11653,10916
24096,12756,11340
23453,11953,11500
23425,12338,11087
24183,12997,11186
23407,12289,11118
24087,12911,11176
24128,12946,11182
23535,12413,11122
23721,12669,11052
22739,11645,11094
23352,12186,11166
22910,11869,11041
22517,11559,10958
22736,11693,11043
21789,10835,10954
24288,13156,11132
23232,12135,11097
22125,11270,10855
22110,11181,10929
23400,12263,11137
23136,12058,11078
21479,10543,10936
21633,10768,10865
23118,12035,11083
24235,12540,11695
23588,12421,11167
24069,12813,11256
23021,11993,11028
24050,12426,11624
22249,11241,11008
23976,12316,11660
24655,12909,11746
24004,12833,11171
23736,12660,11076
23980,12285,11695
23213,12196,11017
23738,12557,11181
22720,11777,10943
22926,11788,11138
23938,12810,11128
24339,12641,11698
23125,12015,11110
22504,11439,11065
23686,12314,11372
22034,10713,11321
22256,11452,10804
21772,10858,10914
23514,11903,11611
22540,11579,10961
22950,11946,11004
21388,10018,11370
22813,11735,11078
23591,12305,11286
22925,11985,10940
22514,11568,10946
24007,12374,11633
22785,11840,10945
22901,11798,11103
22528,11411,11117
24307,12657,11650
22454,11534,10920
21712,10899,10813
22094,11209,10885
23190,12045,11145
22861,11912,10949
22054,10993,11061
23278,12181,11097
22805,11793,11012
22986,11943,11043
22596,11639,10957
20884,9730,11154
22900,11895,11005
23415,12353,11062
23350,12288,11062
22082,11099,10983
22490,11668,10822
23343,11806,11537
22845,11833,11012
24122,12969,11153
22374,11485,10889
21872,10926,10946
23567,12457,11110
23450,12352,11098
23106,12073,11033
23645,12488,11157
21967,10988,10979
22543,11530,11013
23766,12560,11206
23151,12012,11139
24237,13029,11208
23451,12352,11099
23552,12545,11007
22185,11290,10895
23699,12643,11056
23836,12636,11200
22414,11418,10996
24009,12328,11681
21709,10860,10849
22770,11731,11039
22782,11856,10926
23317,12155,11162
23612,12423,11189
22318,11223,11095
23128,12050,11078
23451,12321,11130
23930,12458,11472
22593,11578,11015
22174,11119,11055
23803,12699,11104
24157,13042,11115
24410,12768,11642
23313,12287,11026
22584,11648,10936
23367,12282,11085
23865,12659,11206
22262,11293,10969
22607,11687,10920
23191,12048,11143
22193,11329,10864
23737,12653,11084
23459,12312,11147
20053,9354,10699
22104,11220,10884
21686,10441,11245
23780,12591,11189
23693,12084,11609
22141,11142,10999
23480,12373,11107
23127,12042,11085
23656,12652,11004
22471,11454,11017
23579,12455,11124
23625,12535,11090
23363,12293,11070
23346,12210,11136
21767,10913,10854
22394,10992,11402
23778,12142,11636
22507,11529,10978
22883,11963,10920
24165,12523,11642
22982,11946,11036
23514,11936,11578
22434,11426,11008
23768,12656,11112
21449,10814,10635
21020,10318,10702
23571,12527,11044
22534,11426,11108
22956,11387,11569
23509,12213,11296
23583,12491,11092
23378,12250,11128
22816,11832,10984
24072,12860,11212
23251,12236,11015
22966,11886,11080
23634,12532,11102
23528,11850,11678
23392,12246,11146
20873,10127,10746
23994,12574,11420
22529,11117,11412
22222,10792,11430
23480,12313,11167
22307,11403,10904
24192,13030,11162
23465,12410,11055
24044,12323,11721
24157,13034,11123
23019,11969,11050
21095,10275,10820
22229,11282,10947
23713,12637,11076
21318,10493,10825
23104,12144,10960
23241,12211,11030
23497,12459,11038
22970,11836,11134
22451,11474,10977
23575,12043,11532
22745,11705,11040
22259,11290,10969
22966,11946,11020
23989,12834,11155
22769,11741,11028
22657,11669,10988
22686,11546,11140
23360,12236,11124
23753,12545,11208
21594,10794,10800
21330,10443,10887
23706,12638,11068
23836,12751,11085
22305,11404,10901
23131,12158,10973
24283,13088,11195
23859,12658,11201
21901,10965,10936
23531,12395,11136
23906,12695,11211
21374,10487,10887
22813,11676,11137
23807,12687,11120
22606,11761,10845
24168,13023,11145
21845,10888,10957
22088,11159,10929
22805,11643,11162
22184,10734,11450
22619,11704,10915
22826,11731,11095
23486,12506,10980
23461,12400,11061
24194,12564,11630
21572,10608,10964
24391,13163,11228
23519,12333,11186
23755,12594,11161
22679,11566,11113
23626,12438,11188
23669,12542,11127
23460,12341,11119
22852,11843,11009
22494,11565,10929
23977,12841,11136
22087,11141,10946
23283,12096,11187
22681,11760,10921
23156,12162,10994
23305,12213,11092
24717,12987,11730
23155,12049,11106
23277,12174,11103
23102,12041,11061
23018,11959,11059
22618,11639,10979
23199,12082,11117
21429,10563,10866
20100,9485,10615
23539,12382,11157
23277,12171,11106
23102,12071,11031
21845,10892,10953
23001,11410,11591
22741,11778,10963
23117,12084,11033
22728,11731,10997
23756,12154,11602
22601,11637,10964
24121,12990,11131
20418,9755,10663
23373,12276,11097
23926,12823,11103
23846,12716,11130
23979,12819,11160
22830,11270,11560
23209,11938,11271
23646,11998,11648
22812,11758,11054
23854,12734,11120
21969,11011,10958
23109,11996,11113
22863,11840,11023
23630,12555,11075
23602,12324,11278
23286,12135,11151
23914,12759,11155
22825,11735,11090
22826,11875,10951
21669,10894,10775
23571,12544,11027
23458,12353,11105
24216,12638,11578
22968,12054,10914
23032,11952,11080
23266,12280,10986
23528,12431,11097
23802,12157,11645
22912,11880,11032
23278,12117,11161
23270,12187,11083
23073,12077,10996
22701,11676,11025
20611,10031,10580
22454,11395,11059
23047,11956,11091
22875,11793,11082
23786,12145,11641
22599,11693,10906
23334,12285,11049
21874,10946,10928
23101,12061,11040
23549,12615,10934
23060,11941,11119
24130,12985,11145
23867,12737,11130
22798,12041,10757
23030,11987,11043
22540,11618,10922
23807,12623,11184
23111,12069,11042
23742,12640,11102
23887,12722,11165
24038,12859,11179
22115,11318,10797
22522,11321,11201
23383,12187,11196
21633,10691,10942
21163,10466,10697
24077,13024,11053
23899,12762,11137
23301,11722,11579
23908,12728,11180
23805,12658,11147
23387,11712,11675
23642,12509,11133
22430,11342,11088
24476,12738,11738
23957,12701,11256
23803,12673,11130
24122,12921,11201
24028,12914,11114
22439,11350,11089
23216,12190,11026
22257,10853,11404
23157,12076,11081
22909,11850,11059
23941,12713,11228
23369,12239,11130
23570,12432,11138
22926,11850,11076
22911,11420,11491
22083,11175,10908
23001,11936,11065
22804,11788,11016
23620,12089,11531
23119,12011,11108
20798,10075,10723
23432,12326,11106
22736,11716,11020
23821,12779,11042
23180,12086,11094
24154,12859,11295
23752,12341,11411
23415,12214,11201
22996,11943,11053
22042,11075,10967
23497,12313,11184
23428,12334,11094
23800,12598,11202
24197,12500,11697
22118,11217,10901
22426,11454,10972
22642,11637,11005
23130,12024,11106
23395,12311,11084
23950,12770,11180
22307,11355,10952
23496,12361,11135
22601,11596,11005
23634,12486,11148
21924,10884,11040
22414,11414,11000
23383,11757,11626
23838,12770,11068
23162,12059,11103
23404,12222,11182
23051,11666,11385
23435,12366,11069
22416,11502,10914
23142,12075,11067
22921,11788,11133
24145,12940,11205
24394,13213,11181
23979,12463,11516
23689,12560,11129
22769,11805,10964
23784,12608,11176
23958,12821,11137
23711,12560,11151
22161,11221,10940
23141,12106,11035
23563,12407,11156
23967,12809,11158
23060,11939,11121
22611,11559,11052
22426,10983,11443
23275,12108,11167
22471,11518,10953
23975,12374,11601
22636,11253,11383
22228,11215,11013
22536,11603,10933
21894,11047,10847
22057,11095,10962
21984,11119,10865
24010,12876,11134
22094,10708,11386
22292,11267,11025
22989,11977,11012
22592,11555,11037
24110,12927,11183
24139,12447,11692
23263,12183,11080
22537,11459,11078
22971,11778,11193
24304,12628,11676
23513,12474,11039
23773,12645,11128
21880,10856,11024
23652,12514,11138
23514,12345,11169
23092,11539,11553
23145,12194,10951
22228,10785,11443
23957,12874,11083
22987,11920,11067
23194,12199,10995
24125,12957,11168
23460,12403,11057
20428,9776,10652
23675,12551,11124
23478,12307,11171
22300,11330,10970
22899,11822,11077
23706,12538,11168
22253,11231,11022
22940,12030,10910
23494,12444,11050
22244,11279,10965
21851,10605,11246
23660,12524,11136
23122,11962,11160
23915,12740,11175
23056,12052,11004
21373,10459,10914
23650,12475,11175
23231,12197,11034
23981,12264,11717
22051,11164,10887
22144,11304,10840
22197,11234,10963
23214,12167,11047
23635,12540,11095
22821,11729,11092
24125,12924,11201
23919,12799,11120
22719,11752,10967
23003,12069,10934
23984,12766,11218
23731,12226,11505
22684,11129,11555
22984,11972,11012
23477,12327,11150
23592,12444,11148
23415,12238,11177
23183,12201,10982
23956,12825,11131
23898,12682,11216
22578,11592,10986
22812,11859,10953
22592,11450,11142
23675,12612,11063
24010,12841,11169
23883,12709,11174
22823,11859,10964
23324,12261,11063
23038,12006,11032
23812,12650,11162
23399,12328,11071
24092,12960,11132
21942,11016,10926
24058,12969,11089
22286,11397,10889
22402,11332,11070
23884,12753,11131
23891,12706,11185
23689,12613,11076
22912,11880,11032
22986,11897,11089
21465,10704,10761
24014,12786,11228
24253,13039,11214
23275,12142,11133
23497,12366,11131
22928,11811,11117
22570,11542,11028
23687,12497,11190
23531,12463,11068
22526,11663,10863
23323,12231,11092
21558,10683,10875
23304,12088,11216
23586,12059,11527
23077,12120,10957
24233,13049,11184
23177,12006,11171
23445,12139,11306
21100,10251,10849
22599,11553,11046
21087,10249,10838
22689,11234,11455
23471,12390,11081
23621,12562,11059
23432,12275,11157
23047,11952,11095
21497,10610,10887
23786,12670,11116
23281,12162,11119
22950,11879,11071
23258,12199,11059
22830,11769,11061
23156,12035,11121
23176,11786,11390
22213,11256,10957
23416,12256,11160
23620,12556,11064
22989,11909,11080
23324,12197,11127
23392,12315,11077
22310,11364,10946
23389,12276,11113
23007,11915,11092
23616,12545,11071
23867,12723,11144
23704,12555,11149
22224,11294,10930
22378,11331,11047
23024,11970,11054
23202,12172,11030
22112,11376,10736
22337,10788,11549
23418,12311,11107
23857,12694,11163
23757,12664,11093
24051,12661,11390
23742,12630,11112
24142,12984,11158
21799,10938,10861
22321,11368,10953
23464,12252,11212
23792,12702,11090
22444,11475,10969
23821,12714,11107
22704,11711,10993
24093,12430,11663
23435,11896,11539
24160,12930,11230
23763,12169,11594
23071,12010,11061
23135,12143,10992
23368,12216,11152
23053,11992,11061
23303,12240,11063
21514,10707,10807
22253,11292,10961
24268,12527,11741
23711,12579,11132
23482,12273,11209
23969,12733,11236
23566,12421,11145
23703,12539,11164
24315,13133,11182
22651,11612,11039
23452,12303,11149
21596,10815,10781
23190,12133,11057
22781,11755,11026
23236,12148,11088
24486,12745,11741
24229,12509,11720
23316,12156,11160
21885,10513,11372
20708,10012,10696
23495,11921,11574
23521,12462,11059
23150,11617,11533
22322,11344,10978
22944,11875,11069
21357,10586,10771
24515,12799,11716
23875,12342,11533
19831,9132,10699
23819,12723,11096
22596,11644,10952
22905,11840,11065
23331,12115,11216
22585,11646,10939
24076,12837,11239
23219,12168,11051
23290,12158,11132
23459,12513,10946
23567,12496,11071
24005,12823,11182
21564,10798,10766
23185,12070,11115
23403,12407,10996
23351,11848,11503
22434,11316,11118
23256,12198,11058
23500,12375,11125
23654,12539,11115
23173,12097,11076
23295,12161,11134
23024,11950,11074
24019,12841,11178
24251,13063,11188
23310,12269,11041
22393,11287,11106
23150,12056,11094
23591,12390,11201
23242,12259,10983
23560,12399,11161
24053,12933,11120
22586,11092,11494
22574,11636,10938
24217,12986,11231
22307,11392,10915
24267,12552,11715
22614,11680,10934
23760,12601,11159
23310,12172,11138
24083,12872,11211
23042,11940,11102
23975,12842,11133
22149,11182,10967
24075,12327,11748
23609,12483,11126
23532,12392,11140
23635,12570,11065
21717,10884,10833
23027,11938,11089
22445,11429,11016
24500,12854,11646
22557,11464,11093
23847,12703,11144
22791,11745,11046
22812,11874,10938
23883,12765,11118
22968,11883,11085
23977,12794,11183
23158,12034,11124
23445,12274,11171
23419,12262,11157
22226,11167,11059
21844,10973,10871
22926,11783,11143
23045,11942,11103
23418,12436,10982
23938,12830,11108
23004,12050,10954
23338,12193,11145
22528,11612,10916
22909,11803,11106
21538,10717,10821
23312,12264,11048
23258,12178,11080
22701,11702,10999
23421,12410,11011
22401,11403,10998
23002,12012,10990
23338,11768,11570
23211,12196,11015
22684,11669,11015
22850,11783,11067
23790,12637,11153
22926,11883,11043
23851,12208,11643
23405,12313,11092
23897,12814,11083
23826,12682,11144
22454,11410,11044
22086,11225,10861
23440,12275,11165
23258,12137,11121
24146,12461,11685
24186,12971,11215
22868,11876,10992
23689,12563,11126
23509,12434,11075
24074,12983,11091
23252,12099,11153
20577,9796,10781
23485,12412,11073
22220,11388,10832
24099,12942,11157
23969,12355,11614
22293,11346,10947
23834,12657,11177
23967,12839,11128
21595,10810,10785
21867,11012,10855
21914,11013,10901
21411,10554,10857
23016,12017,10999
21947,10956,10991
23688,12573,11115
21357,10117,11240
22821,11702,11119
22828,11786,11042
22567,11563,11004
22731,11693,11038
23063,11838,11225
22427,11560,10867
23897,12710,11187
23029,12036,10993
23467,12407,11060
23507,12487,11020
23624,12547,11077
23597,12377,11220
23643,12374,11269
23639,12531,11108
22251,11305,10946
22603,11682,10921
23038,11954,11084
23517,12313,11204
23383,12331,11052
22942,11525,11417
23736,12572,11164
23228,12111,11117
24098,12468,11630
23556,12492,11064
23315,12242,11073
22636,11537,11099
23671,12497,11174
22871,12003,10868
21638,10770,10868
23053,12058,10995
23628,12562,11066
22187,11216,10971
23627,12586,11041
22796,11796,11000
23758,12636,11122
22959,11358,11601
23244,12178,11066
24357,12719,11638
23670,12523,11147
22436,11525,10911
23117,11919,11198
23884,12638,11246
22672,11154,11518
23650,12597,11053
20048,9619,10429
22916,11407,11509
23729,12605,11124
24137,12415,11722
22336,11313,11023
21940,11139,10801
22264,11300,10964
21866,11005,10861
23259,12158,11101
23192,12065,11127
21847,10772,11075
23067,12031,11036
23275,12159,11116
23041,11815,11226
23480,12314,11166
23761,12640,11121
22018,11208,10810
23436,12315,11121
22983,11960,11023
24188,12559,11629
23349,12267,11082
22847,11516,11331
23036,11929,11107
23590,12479,11111
23412,12288,11124
23625,12507,11118
23188,12321,10867
23449,12273,11176
22284,11364,10920
23348,12449,10899
20623,10003,10620
22433,11038,11395
22731,11620,11111
22487,11508,10979
23465,12370,11095
23863,12666,11197
23302,12250,11052
23364,11822,11542
22374,11464,10910
22871,11833,11038
21962,10975,10987
23511,12300,11211
23327,12306,11021
22800,11833,10967
23378,12279,11099
24220,13099,11121
21984,11033,10951
23418,12345,11073
23145,12120,11025
24040,12928,11112
23531,11940,11591
22578,11633,10945
22371,11372,10999
22949,11885,11064
23280,12213,11067
23024,11896,11128
22695,11691,11004
22401,11388,11013
23282,12193,11089
22685,11728,10957
23629,12513,11116
21119,10222,10897
23538,12410,11128
22148,11272,10876
21566,10727,10839
22859,11878,10981
23162,12154,11008
23257,12204,11053
23347,12111,11236
22755,11828,10927
22849,11447,11402
22664,11702,10962
21606,10826,10780
23576,12456,11120
23991,12859,11132
23243,12181,11062
23063,12049,11014
23061,12040,11021
23257,12116,11141
23569,12105,11464
23861,12754,11107
23882,12729,11153
23571,12430,11141
24121,13021,11100
23742,12566,11176
22835,11792,11043
20486,9762,10724
23948,12775,11173
23314,12170,11144
23555,12440,11115
23344,12236,11108
23554,12389,11165
23158,12123,11035
23713,12573,11140
23369,11686,11683
22634,11558,11076
22191,11123,11068
23179,12090,11089
21501,10684,10817
23521,12395,11126
23411,12298,11113
23146,12057,11089
23150,12152,10998
23042,11996,11046
24221,12531,11690
23146,11588,11558
23967,12829,11138
23015,12012,11003
23954,12785,11169
24114,12852,11262
24225,13019,11206
24085,12454,11631
24077,12902,11175
22415,11622,10793
24148,12848,11300
23247,12132,11115
22846,11795,11051
22907,11841,11066
23222,11784,11438
24004,12778,11226
22609,11665,10944
22837,11766,11071
23862,12747,11115
23393,12246,11147
22441,11542,10899
22946,12053,10893
23197,12167,11030
21046,10317,10729
22028,11054,10974
23100,12099,11001
23663,12575,11088
23868,12828,11040
20447,9651,10796
23205,11980,11225
23038,12128,10910
22751,11715,11036
22821,11784,11037
22289,10814,11475
23902,12740,11162
23146,11971,11175
23911,12843,11068
23868,12708,11160
22888,11831,11057
21706,10894,10812
21656,10770,10886
22649,11656,10993
23307,12312,10995
23715,12529,11186
22414,11454,10960
24087,12492,11595
24157,12894,11263
23653,12532,11121
22155,11155,11000
23395,12435,10960
23098,12013,11085
23328,12263,11065
21934,10934,11000
22386,11334,11052
23498,12438,11060
23220,12261,10959
22896,11863,11033
22585,11469,11116
23885,12666,11219
23406,12423,10983
23569,12480,11089
21714,10259,11455
21533,10759,10774
23369,12249,11120
23149,12102,11047
23301,12265,11036
22661,11585,11076
22205,11311,10894
23143,12035,11108
21544,10768,10776
23249,11784,11465
22148,11193,10955
22900,11914,10986
21616,10775,10841
23146,11606,11540
23446,12309,11137
21844,10949,10895
23444,12282,11162
23129,12189,10940
23070,12060,11010
21781,10802,10979
23306,12322,10984
23421,12324,11097
22535,11606,10929
22858,11901,10957
23225,12188,11037
24030,12822,11208
23081,12038,11043
23067,11920,11147
21120,10284,10836
21456,10389,11067
22917,11959,10958
23667,12593,11074
20668,9868,10800
22932,12006,10926
21911,10997,10914
23903,12738,11165
21119,10286,10833
23145,12136,11009
22997,11892,11105
22692,11618,11074
23466,12325,11141
24016,12942,11074
23536,12360,11176
23701,12610,11091
23016,11903,11113
23750,12605,11145
22344,11414,10930
23134,12028,11106
22970,11956,11014
23308,12216,11092
23558,12077,11481
22857,11770,11087
22167,11363,10804
23233,12096,11137
24114,12899,11215
23868,12609,11259
22927,11873,11054
21124,10435,10689
22990,11907,11083
22340,11331,11009
21103,10284,10819
23014,11932,11082
22820,11791,11029
23544,12431,11113
23161,12192,10969
23386,12319,11067
21918,11043,10875
22351,11301,11050
23669,12562,11107
22933,11852,11081
23542,12498,11044
24041,12849,11192
23725,12449,11276
21775,10773,11002
24084,12370,11714
23213,12134,11079
23402,12291,11111
22812,11828,10984
22544,11118,11426
23528,12503,11025
23536,12418,11118
23482,12486,10996
22186,10771,11415
24005,12704,11301
22850,11774,11076
22921,11944,10977
23872,12732,11140
23485,12393,11092
23731,12660,11071
22622,11517,11105
23267,12215,11052
22895,11266,11629
23833,12701,11132
23493,12423,11070
23366,12269,11097
21971,11093,10878
23623,12463,11160
22933,11847,11086
22133,11227,10906
22974,11853,11121
21661,10753,10908
22467,11440,11027
23052,12003,11049
20439,9701,10738
23525,12398,11127
23039,12052,10987
24392,13236,11156
24077,12878,11199
23701,12492,11209
22433,11446,10987
22018,11142,10876
23100,12005,11095
22941,11907,11034
22825,11733,11092
23792,12694,11098
23295,12175,11120
23673,12425,11248
22169,11373,10796
23166,11674,11492
22710,11705,11005
23087,11985,11102
23249,12076,11173
23183,12064,11119
20846,9925,10921
23474,12322,11152
23216,12162,11054
22682,11698,10984
22797,11743,11054
21994,11279,10715
23250,12212,11038
22650,11676,10974
22413,11349,11064
22623,11697,10926
22894,12055,10839
23934,12922,11012
23134,12139,10995
22778,11673,11105
22661,11754,10907
23863,12751,11112
22432,11308,11124
23056,12023,11033
23158,12104,11054
22126,11202,10924
23688,12526,11162
22121,11104,11017
23599,12415,11184
23568,12396,11172
23268,12192,11076
22710,11677,11033
23635,12091,11544
21152,10555,10597
23086,12071,11015
23958,12826,11132
24003,12852,11151
22713,11736,10977
22456,11548,10908
24230,13060,11170
23199,12058,11141
21145,10343,10802
22887,11976,10911
22018,10680,11338
19953,9773,10180
21557,10629,10928
22599,11664,10935
21073,10295,10778
23370,12234,11136
23049,11989,11060
20774,9963,10811
23258,12092,11166
23761,12640,11121
23057,12033,11024
23545,12441,11104
22943,11941,11002
23166,12138,11028
21721,10898,10823
22609,11737,10872
23961,12775,11186
24075,12818,11257
22872,11697,11175
24117,12799,11318
22833,11818,11015
22553,11513,11040
22885,11760,11125
22422,11486,10936
23459,12377,11082
23785,12153,11632
23109,12053,11056
23115,11988,11127
23377,12263,11114
23664,12535,11129
23554,12181,11373
23875,12668,11207
23318,12117,11201
23278,12292,10986
23718,12525,11193
23249,12159,11090
22242,11178,11064
24542,12938,11604
23924,12841,11083
23071,11988,11083
22996,11936,11060
22339,11375,10964
21897,11025,10872
23999,12826,11173
23759,12601,11158
23841,12705,11136
22355,11016,11339
23459,12357,11102
22606,11624,10982
23853,12695,11158
24100,12939,11161
23348,11879,11469
23405,12414,10991
22170,11371,10799
22037,11198,10839
23105,12110,10995
23711,12517,11194
21821,11034,10787
22229,11248,10981
21842,10931,10911
22208,11296,10912
24092,12459,11633
23576,12518,11058
23079,11982,11097
23032,12038,10994
24001,12761,11240
24641,12903,11738
21601,10808,10793
21980,11211,10769
22093,11238,10855
22422,11480,10942
22902,11791,11111
22661,11546,11115
23461,12276,11185
23341,12216,11125
23499,12399,11100
24068,12862,11206
22641,11649,10992
22820,11798,11022
23006,11959,11047
21900,11165,10735
23476,12046,11430
23003,11976,11027
23462,12316,11146
24030,12612,11418
23099,12035,11064
23110,12089,11021
23881,12658,11223
24121,12919,11202
23482,12375,11107
23345,12272,11073
21958,11093,10865
24214,13008,11206
23657,12586,11071
22985,11988,10997
22932,11800,11132
21527,10706,10821
24074,12990,11084
22083,11242,10841
23365,12181,11184
23737,12552,11185
23405,12117,11288
24423,12753,11670
22820,11756,11064
23145,12114,11031
23484,12449,11035
23797,12741,11056
23707,12585,11122
23194,12210,10984
22835,11734,11101
23422,12329,11093
23403,12268,11135
23619,12429,11190
22431,11406,11025
24149,13015,11134
23655,12116,11539
21464,10557,10907
23658,12634,11024
22555,11629,10926
22741,11726,11015
24334,13207,11127
23860,12759,11101
22983,11936,11047
23566,12437,11129
23110,11981,11129
24368,12744,11624
24189,12902,11287
21753,10791,10962
23256,12149,11107
23790,12632,11158
20952,10324,10628
23320,12225,11095
22864,11833,11031
23493,12464,11029
22007,11070,10937
23849,12712,11137
22578,11604,10974
21803,10936,10867
23698,12614,11084
22623,11574,11049
22658,11594,11064
22860,11822,11038
22090,11082,11008
23283,12292,10991
23397,12300,11097
24192,13023,11169
23019,11960,11059
22551,11579,10972
23346,12270,11076
24167,12969,11198
20943,10003,10940
21889,11038,10851
23871,12630,11241
22150,11112,11038
21989,11066,10923
23209,12136,11073
21405,10551,10854
23692,12489,11203
20636,9976,10660
23909,12207,11702
23384,12281,11103
24001,12862,11139
22937,11995,10942
23881,12750,11131
23329,12310,11019
23056,12085,10971
23843,12728,11115
23932,12722,11210
23974,12795,11179
22942,11907,11035
23715,12468,11247
21391,10621,10770
23585,12465,11120
23334,12214,11120
21421,10740,10681
22952,11901,11051
23974,12838,11136
23821,12734,11087
23323,12251,11072
22931,11941,10990
21716,11003,10713
23828,12764,11064
23463,12385,11078
23313,12276,11037
24168,13026,11142
22499,11605,10894
23714,12521,11193
23095,11985,11110
23004,11975,11029
23873,12737,11136
21781,10742,11039
24177,12957,11220
23103,11970,11133
23638,12460,11178
23300,12190,11110
21722,10947,10775
21626,10630,10996
24075,12909,11166
21922,10977,10945
21627,10808,10819
23726,12556,11170
23796,12638,11158
23394,12290,11104
23287,12225,11062
22271,11273,10998
23134,11985,11149
24197,12696,11501
19880,8896,10984
22568,11532,11036
22687,11676,11011
23991,12808,11183
23221,12081,11140
23433,12261,11172
20815,10074,10741
22416,11023,11393
23647,12493,11154
23831,12701,11130
23064,12043,11021
23292,12221,11071
20983,10269,10714
23257,12167,11090
21533,10729,10804
23790,12684,11106
19660,9177,10483
23027,11983,11044
22868,11664,11204
23795,12630,11165
22814,11334,11480
22667,11571,11096
22931,11956,10975
23134,11557,11577
22953,11895,11058
24021,12801,11220
24235,12572,11663
22207,11506,10701
23868,12798,11070
23663,12567,11096
23226,12155,11071
23858,12748,11110
23231,12123,11108
24017,12868,11149
23221,12054,11167
21793,10964,10829
23603,12460,11143
23706,12550,11156
22537,11138,11399
23063,11960,11103
23757,12614,11143
23094,12029,11065
23389,12291,11098
22035,10640,11395
23303,12207,11096
23062,11982,11080
22784,11682,11102
23460,12355,11105
24033,12398,11635
20799,10099,10700
22570,11568,11002
22451,11482,10969
22978,11895,11083
22635,11692,10943
22969,11914,11055
23705,12556,11149
23827,12663,11164
23418,12275,11143
22335,11430,10905
23375,12321,11054
22969,11906,11063
24097,12929,11168
24288,13105,11183
23357,12326,11031
23741,12685,11056
20627,9995,10632
21841,11002,10839
23169,12076,11093
23724,12184,11540
23978,12404,11574
21926,10966,10960
22213,11225,10988
23715,12610,11105
22201,11297,10904
23329,12186,11143
23483,12344,11139
23819,12812,11007
21759,10871,10888
21399,10594,10805
23376,12271,11105
20813,10225,10588
23180,12037,11143
21645,10807,10838
22869,11839,11030
24276,13069,11207
23206,11811,11395
22485,11634,10851
23765,12045,11720
22071,11204,10867
22893,11961,10932
24015,13014,11001
24277,13151,11126
24151,12486,11665
23528,12436,11092
24142,12591,11551
24026,12786,11240
21517,10703,10814
22821,11817,11004
23880,12770,11110
22208,11298,10910
23207,12105,11102
22929,11989,10940
22900,11411,11489
23539,12398,11141
23610,12623,10987
23021,12058,10963
23753,12642,11111
23795,12317,11478
22297,11284,11013
23286,12232,11054
23541,12382,11159
23342,12286,11056
22813,11808,11005
23090,11968,11122
23241,12167,11074
23305,12181,11124
23446,12037,11409
23064,11932,11132
23470,12355,11115
21373,10468,10905
23522,12378,11144
23255,12131,11124
22918,11898,11020
22333,11381,10952
23559,11912,11647
23758,12600,11158
23500,12426,11074
23671,12565,11106
23435,12285,11150
22015,11220,10795
21455,10832,10623
23934,12837,11097
23527,12375,11152
24341,12827,11514
23181,12203,10978
23579,11962,11617
22278,11309,10969
23593,12468,11125
22604,11740,10864
22293,10804,11489
22785,11821,10964
23583,12404,11179
20389,9968,10421
23397,12292,11105
23896,12796,11100
23391,12297,11094
21915,10948,10967
22609,11648,10961
22969,11865,11104
22252,11273,10979
22021,10984,11037
22755,11739,11016
23155,12150,11005
22951,11865,11086
22992,12022,10970
23045,11976,11069
22445,11441,11004
23375,12261,11114
23928,12713,11215
22510,11584,10926
22818,11705,11113
22565,11649,10916
23288,12265,11023
23713,12644,11069
23067,11983,11084
24195,13087,11108
22093,11216,10877
22692,11659,11033
23352,12262,11090
23337,12139,11198
23906,12743,11163
22835,11856,10979
20802,10152,10650
23173,11992,11181
22767,11711,11056
23688,12501,11187
23309,12228,11081
23724,12608,11116
23492,12499,10993
23182,12094,11088
22384,11503,10881
22470,11583,10887
23928,12791,11137
23208,12221,10987
23986,12793,11193
23810,12680,11130
22838,11819,11019
23860,12726,11134
22439,11533,10906
22563,11580,10983
22235,11393,10842
23272,12096,11176
22583,11604,10979
22485,11428,11057
22046,10526,11520
22223,11308,10915
23330,12260,11070
22412,11476,10936
23900,12742,11158
21424,10588,10836
22657,11089,11568
23716,12540,11176
21918,10931,10987
23491,12370,11121
23445,12393,11052
22879,11853,11026
23582,12383,11199
21227,10502,10725
21759,10357,11402
23301,12146,11155
24604,12992,11612
23708,12506,11202
23529,12179,11350
22742,11683,11059
23538,12364,11174
22918,11840,11078
21367,10079,11288
22340,11376,10964
21667,10823,10844
20270,9231,11039
22525,11755,10770
23813,12762,11051
23609,12451,11158
23255,12095,11160
21755,10909,10846
23189,11804,11385
22862,11400,11462
22567,11608,10959
22927,11973,10954
21312,10452,10860
23321,12234,11087
23646,12520,11126
22376,11469,10907
23558,12480,11078
21819,11158,10661
23003,11874,11129
23427,12433,10994
23949,12757,11192
23651,12460,11191
24410,12847,11563
22418,11418,11000
23492,12356,11136
22655,11586,11069
23194,12138,11056
23770,12621,11149
23556,12487,11069
23130,12015,11115
23746,12675,11071
24093,12797,11296
23356,12291,11065
24102,12877,11225
22656,11181,11475
23513,12449,11064
23804,12639,11165
23307,12327,10980
22810,11702,11108
23379,12262,11117
23899,12269,11630
23532,12416,11116
23162,11967,11195
23521,12343,11178
23986,12744,11242
23295,12228,11067
24064,12863,11201
23706,12549,11157
21381,10528,10853
23493,12390,11103
22695,11661,11034
23359,12301,11058
22109,11158,10951
23716,12678,11038
22771,11658,11113
23453,12354,11099
23134,12048,11086
24191,12563,11628
21645,10790,10855
21905,10898,11007
22759,11635,11124
23740,12641,11099
23324,12121,11203
23408,12248,11160
21206,10392,10814
23660,12471,11189
24087,12525,11562
23993,12910,11083
21982,10858,11124
23070,12020,11050
23192,12078,11114
22476,11612,10864
22973,12092,10881
23284,12249,11035
23588,12475,11113
23100,12014,11086
23515,11932,11583
23286,12211,11075
21738,10844,10894
23250,11764,11486
22240,11472,10768
22993,11967,11026
23717,12528,11189
22467,11425,11042
22690,11561,11129
24225,12785,11440
24480,12733,11747
22322,11327,10995
23842,12775,11067
23764,12571,11193
23618,12404,11214
23366,12218,11148
23028,11947,11081
24003,12791,11212
22485,11574,10911
23668,12624,11044
22854,11883,10971
23401,12367,11034
22991,11899,11092
22187,11104,11083
23800,12701,11099
24122,13022,11100
24151,12933,11218
22594,11601,10993
22966,11910,11056
21947,11070,10877
21809,10966,10843
23287,12297,10990
22839,11814,11025
23389,12236,11153
23071,11623,11448
20504,9783,10721
23807,12042,11765
23233,12123,11110
22669,11666,11003
22855,11848,11007
23932,12741,11191
24165,12496,11669
23651,12461,11190
23405,12360,11045
23500,12333,11167
22211,11236,10975
21758,10856,10902
23433,12300,11133
23105,11993,11112
23723,12684,11039
22718,11771,10947
22278,11230,11048
23858,12714,11144
23991,12825,11166
22560,11450,11110
23520,12367,11153
23036,11969,11067
23732,12121,11611
21864,11016,10848
23785,12306,11479
22991,11926,11065
22223,11272,10951
24082,12469,11613
24169,13016,11153
23220,12127,11093
24011,12908,11103
22005,10506,11499
23736,12680,11056
22921,11812,11109
24211,13085,11126
23843,12731,11112
23688,12629,11059
22646,11661,10985
24318,13152,11166
22318,11387,10931
22260,11286,10974
24017,12821,11196
21987,11120,10867
23773,12683,11090
22853,11827,11026
22413,11455,10958
22390,11340,11050
22745,11753,10992
21432,10690,10742
22175,11359,10816
23446,11926,11520
22019,11131,10888
22674,11232,11442
22608,11627,10981
23082,11945,11137
23239,12248,10991
22574,11494,11080
23897,12703,11194
22500,11510,10990
21177,10505,10672
22958,11884,11074
23677,12453,11224
23043,12031,11012
22141,11224,10917
22558,11622,10936
23808,12627,11181
23710,12569,11141
23505,12390,11115
23779,12688,11091
23919,12779,11140
22987,11550,11437
23528,12526,11002
24008,12743,11265
22021,10767,11254
23837,12692,11145
23634,12571,11063
23833,12589,11244
22933,11436,11497
23284,12143,11141
21184,10442,10742
23374,12333,11041
23694,12470,11224
23008,11887,11121
22823,11710,11113
22823,11762,11061
24078,12970,11108
23310,12248,11062
23809,12658,11151
23593,12486,11107
22569,10936,11633
23212,12029,11183
23128,12120,11008
23821,12734,11087
24392,13159,11233
23709,12045,11664
22529,11181,11348
23081,12084,10997
22838,11804,11034
23154,12046,11108
22563,11587,10976
22178,11203,10975
22684,11735,10949
21743,10818,10925
23919,12683,11236
21049,10233,10816
23026,12045,10981
22002,11044,10958
22546,11540,11006
23411,12142,11269
23348,12264,11084
23682,12527,11155
23785,12563,11222
22953,11894,11059
23052,11870,11182
22498,11480,11018
23997,12500,11497
22318,11480,10838
23910,12850,11060
22657,11710,10947
21672,10765,10907
23345,12190,11155
23720,12698,11022
22989,11988,11001
22972,11895,11077
22059,11104,10955
20983,10167,10816
23941,12880,11061
23060,11913,11147
24129,12515,11614
22872,11819,11053
22326,11422,10904
22893,11733,11160
23283,12144,11139
23667,12023,11644
21839,10982,10857
22674,11642,11032
23348,12287,11061
24104,12614,11490
23439,12247,11192
23492,12397,11095
22988,11891,11097
23622,11978,11644
23027,11902,11125
24096,12848,11248
23628,11953,11675
23384,12257,11127
22477,11543,10934
23362,12198,11164
22393,11473,10920
22517,11310,11207
22894,11951,10943
23777,12648,11129
23622,12490,11132
23043,12039,11004
22386,11457,10929
21920,11351,10569
23447,12303,11144
23532,12475,11057
22565,11477,11088
23735,12571,11164
22263,11294,10969
21456,10498,10958
24084,12896,11188
22666,11754,10912
23864,12700,11164
23834,12617,11217
21925,11131,10794
23520,12355,11165
23751,12577,11174
23463,12344,11119
23741,12635,11106
22735,11774,10961
24029,12872,11157
21674,10877,10797
23421,12305,11116
23313,12217,11096
24207,13008,11199
23069,12003,11066
22532,11466,11066
22681,11282,11399
23607,12466,11141
23957,12782,11175
24341,12771,11570
24395,13205,11190
23321,12376,10945
22200,11252,10948
22087,11169,10918
23670,12543,11127
24099,12916,11183
22798,11803,10995
22207,11273,10934
23475,12444,11031
21997,11092,10905
24179,12915,11264
23962,12786,11176
23343,12187,11156
22689,11641,11048
22055,11122,10933
23949,12750,11199
24488,12841,11647
23870,12635,11235
23596,12531,11065
23715,12511,11204
22256,11194,11062
24651,12882,11769
23172,11999,11173
22514,11593,10921
22871,11917,10954
22438,11424,11014
23143,12055,11088
22903,11848,11055
23868,12688,11180
22201,11318,10883
23707,12530,11177
23599,12353,11246
23238,12170,11068
23976,12278,11698
24077,12383,11694
23102,12088,11014
23105,12023,11082
21672,10798,10874
22447,11483,10964
23401,12281,11120
22429,11444,10985
22608,11665,10943
22260,11300,10960
22398,11301,11097
21889,10904,10985
23488,12398,11090
23656,12485,11171
23149,12140,11009
22454,11583,10871
22496,11478,11018
23618,11964,11654
23893,12733,11160
23161,12035,11126
22691,11257,11434
21824,10893,10931
23259,12205,11054
23210,12155,11055
21775,10918,10857
22858,11846,11012
23705,12489,11216
22920,11822,11098
23354,12187,11167
23630,12385,11245
23529,12397,11132
23683,12563,11120
23075,11971,11104
20562,9967,10595
23976,12821,11155
23961,12798,11163
24108,13006,11102
23929,12817,11112
23267,12142,11125
22480,11493,10987
22738,11217,11521
24152,12964,11188
23336,12271,11065
23200,12128,11072
23188,12041,11147
23333,12278,11055
23129,12085,11044
23187,12067,11120
23171,12057,11114
21622,10249,11373
23280,12158,11122
23795,12755,11040
23463,11996,11467
23810,12656,11154
23747,12670,11077
22539,11495,11044
23117,12153,10964
22334,11069,11265
23030,11963,11067
23958,12834,11124
23460,12330,11130
23072,12059,11013
24285,12993,11292
22233,11280,10953
20974,10248,10726
23444,12294,11150
22669,11543,11126
22341,11405,10936
23706,12683,11023
23811,12656,11155
23123,12099,11024
23550,12499,11051
22799,11842,10957
21809,10977,10832
22682,11584,11098
23820,12699,11121
23738,12539,11199
24132,12553,11579
22399,11451,10948
21759,10869,10890
22324,11386,10938
23053,12017,11036
21964,11048,10916
23975,12814,11161
21599,10825,10774
23898,12775,11123
23509,12415,11094
23931,12763,11168
23523,12392,11131
21562,10767,10795
21395,10652,10743
24179,12903,11276
23162,12057,11105
24320,12661,11659
23978,12254,11724
22993,11862,11131
22998,11946,11052
23338,12268,11070
23826,12680,11146
24045,12914,11131
23637,12519,11118
23701,12661,11040
22683,11718,10965
23082,11994,11088
22925,11945,10980
24543,12819,11724
23705,12640,11065
22907,11904,11003
23939,12665,11274
24281,12994,11287
22004,11177,10827
23417,12323,11094
23971,12758,11213
24171,12998,11173
22938,11809,11129
22051,11175,10876
22263,11273,10990
23648,12613,11035
23805,12297,11508
23718,12531,11187
23280,12194,11086
22381,11436,10945
23263,12133,11130
22504,11505,10999
23020,11976,11044
22060,11163,10897
23492,12402,11090
24262,12587,11675
24316,13070,11246
22867,11986,10881
21761,10831,10930
23002,11870,11132
22756,11800,10956
22226,11373,10853
23145,12044,11101
23452,12419,11033
23940,12726,11214
22666,11596,11070
24192,13006,11186
22572,11567,11005
24101,12948,11153
22997,11854,11143
23281,12174,11107
23909,12736,11173
23150,12159,10991
22007,11175,10832
23584,12424,11160
24164,12967,11197
24164,12987,11177
20980,10136,10844
22712,11539,11173
23460,12242,11218
23078,11993,11085
22553,11514,11039
22844,11798,11046
23485,12396,11089
24388,13057,11331
24137,12943,11194
23303,12192,11111
22873,11804,11069
23469,12385,11084
23557,12380,11177
23189,12158,11031
21485,10593,10892
22582,11109,11473
22970,11981,10989
23117,12011,11106
24152,12943,11209
23034,12018,11016
24363,13217,11146
23505,12378,11127
22607,11768,10839
23020,11930,11090
23163,12182,10981
21868,10973,10895
23503,12409,11094
23960,12703,11257
22977,12026,10951
22987,11951,11036
22586,11655,10931
24015,12915,11100
23195,12174,11021
22333,11399,10934
23477,12416,11061
23850,12881,10969
23450,12252,11198
23851,12464,11387
23588,12435,11153
23353,12280,11073
22350,11331,11019
23958,12343,11615
22956,11991,10965
23316,12255,11061
22298,11226,11072
23897,12745,11152
22973,11941,11032
22714,11778,10936
23553,12466,11087
23211,12177,11034
22804,11733,11071
23920,12782,11138
23273,11763,11510
23554,12492,11062
23378,12359,11019
23928,12836,11092
23620,12484,11136
23851,12701,11150
23116,12080,11036
23304,12254,11050
23842,12675,11167
22334,11321,11013
23939,12792,11147
23735,12565,11170
23781,12660,11121
22551,11615,10936
22403,11398,11005
22971,11940,11031
23183,12205,10978
23704,12601,11103
22917,11976,10941
22161,11149,11012
24100,12412,11688
23258,12197,11061
21596,10823,10773
22690,11762,10928
24456,12795,11661
20456,9715,10741
22597,11630,10967
23740,12016,11724
23738,12564,11174
23251,12139,11112
22984,11576,11408
22936,11824,11112
23317,12100,11217
21480,10720,10760
22798,11728,11070
21587,10856,10731
22712,11747,10965
22313,11468,10845
23856,12700,11156
21828,10853,10975
23188,12072,11116
23908,12841,11067
23735,12685,11050
23036,11936,11100
20916,10178,10738
22814,11908,10906
21815,10886,10929
21829,10847,10982
23683,12684,10999
22931,12010,10921
22424,11472,10952
22655,11680,10975
21761,10920,10841
23961,12820,11141
23325,12188,11137
22447,11402,11045
23707,12637,11070
22195,11216,10979
23179,12119,11060
21466,10677,10789
21310,10475,10835
23653,12575,11078
23881,12770,11111
23638,12578,11060
23541,12345,11196
23704,12439,11265
23368,12277,11091
24188,12949,11239
22999,11813,11186
23176,12183,10993
23523,12549,10974
22666,11659,11007
23470,12366,11104
23476,12450,11026
23525,12464,11061
23637,12551,11086
22474,11514,10960
23551,12400,11151
24100,12908,11192
21576,10802,10774
22920,11960,10960
23237,12131,11106
24071,12945,11126
23629,12477,11152
22753,11845,10908
23504,12208,11296
23085,12049,11036
22509,11566,10943
23615,12557,11058
23472,12359,11113
22124,11169,10955
23095,12033,11062
21888,10541,11347
23222,12138,11084
21591,10768,10823
23340,12227,11113
21548,10733,10815
23868,12728,11140
23933,12827,11106
23754,12617,11137
22682,11645,11037
23029,12127,10902
21953,11018,10935
22504,11565,10939
23529,12397,11132
23370,12272,11098
21861,10924,10937
22406,11580,10826
23009,12094,10915
23228,12238,10990
23313,12111,11202
23841,12673,11168
22329,11401,10928
21858,10923,10935
21469,10570,10899
22568,11501,11067
22147,11291,10856
23777,12688,11089
22927,11869,11058
23439,12300,11139
22138,11215,10923
23448,12360,11088
22291,11342,10949
22621,11628,10993
21994,11216,10778
23447,12307,11140
22860,11800,11060
23460,12399,11061
23407,12362,11045
22956,11915,11041
22992,11883,11109
23309,12141,11168
22929,11898,11031
24183,12989,11194
23883,12685,11198
22059,11212,10847
23122,12039,11083
23325,12265,11060
23722,12572,11150
22578,11618,10960
22670,11298,11372
23653,12454,11199
23655,12132,11523
23408,12372,11036
23719,12606,11113
22801,11754,11047
22156,11224,10932
22320,11391,10929
22480,11547,10933
23217,12153,11064
20872,10174,10698
23102,12131,10971
23080,12059,11021
23520,12349,11171
23812,12647,11165
24129,12513,11616
23571,12373,11198
23938,12827,11111
23891,12723,11168
23510,12410,11100
22866,11561,11305
23780,12656,11124
22303,11435,10868
23535,12400,11135
22625,11615,11010
23117,11979,11138
22218,11156,11062
23524,12360,11164
21135,10348,10787
23644,12693,10951
22810,11814,10996
22447,11436,11011
23439,12021,11418
24264,12567,11697
22057,11243,10814
22790,11745,11045
21844,10903,10941
23164,12132,11032
24087,12979,11108
23151,12042,11109
23041,11941,11100
23152,12038,11114
23693,12554,11139
23904,12774,11130
22422,11402,11020
23460,12333,11127
23720,12650,11070
22542,11541,11001
22428,11471,10957
22085,11299,10786
24043,12836,11207
23902,12817,11085
23731,12641,11090
22986,12028,10958
22331,11420,10911
23966,12828,11138
22833,11724,11109
23902,12264,11638
22980,11842,11138
21711,10934,10777
23001,11861,11140
23539,12489,11050
22982,12015,10967
22166,11197,10969
21339,10678,10661
23707,12505,11202
22712,11687,11025
22151,11259,10892
20966,10193,10773
23867,12653,11214
23231,12085,11146
23367,12331,11036
23268,12110,11158
22477,11413,11064
21686,10919,10767
24107,13002,11105
23305,12227,11078
22870,11974,10896
22470,11479,10991
23632,12482,11150
24138,12955,11183
24399,13211,11188
23479,12330,11149
22667,11574,11093
22131,11054,11077
23150,12103,11047
21507,10656,10851
23807,12667,11140
24259,13086,11173
23880,12723,11157
24163,12522,11641
23033,12037,10996
23209,12135,11074
23152,11991,11161
23411,12373,11038
22989,11392,11597
23558,12360,11198
22540,11597,10943
23315,12142,11173
22084,11144,10940
22365,11385,10980
23431,12347,11084
23021,12023,10998
23726,12575,11151
23882,12740,11142
23429,12297,11132
24133,12531,11602
23517,12032,11485
23444,12292,11152
20916,10110,10806
23068,12022,11046
23798,12186,11612
21061,10372,10689
24427,12681,11746
21652,10676,10976
22211,10812,11399
22525,11598,10927
22194,11312,10882
22913,11312,11601
23599,12029,11570
23874,12701,11173
23878,12753,11125
22728,11727,11001
22962,11983,10979
23720,12569,11151
23417,12369,11048
22751,11704,11047
22827,11797,11030
23100,12089,11011
22258,11215,11043
24295,12652,11643
22665,11625,11040
24121,12903,11218
21849,10926,10923
21162,10395,10767
22119,11262,10857
21979,11025,10954
21430,10633,10797
22026,11027,10999
23047,12029,11018
22793,11635,11158
22242,11301,10941
21547,10742,10805
23924,12799,11125
23525,12417,11108
24181,13001,11180
23741,12695,11046
23496,12315,11181
23365,12256,11109
23838,12643,11195
23518,12447,11071
23301,12048,11253
23600,11967,11633
23123,12009,11114
22792,11894,10898
21486,10683,10803
22584,11610,10974
23072,12003,11069
23682,12568,11114
23824,12678,11146
23601,12059,11542
21420,10731,10689
22981,11942,11039
22866,11947,10919
23229,11667,11562
21932,10918,11014
23964,12839,11125
23266,12273,10993
23387,12228,11159
23651,12475,11176
22933,11875,11058
22071,11141,10930
21866,10961,10905
24272,13071,11201
23142,12033,11109
23095,12057,11038
22307,11365,10942
23205,12018,11187
23297,12242,11055
21810,10993,10817
23534,12441,11093
23919,12286,11633
23502,12409,11093
22074,11241,10833
23984,12779,11205
22752,11717,11035
24245,13066,11179
22852,11905,10947
23025,11709,11316
23218,12183,11035
22306,11408,10898
23571,12543,11028
23108,12084,11024
23618,12493,11125
23131,12031,11100
23699,12554,11145
23010,11953,11057
23442,11930,11512
22699,11601,11098
22538,11588,10950
22522,11354,11168
23445,12377,11068
23338,11925,11413
21916,10899,11017
23801,12712,11089
23315,12324,10991
23544,11930,11614
23641,12570,11071
23430,12305,11125
23528,12269,11259
23349,12334,11015
22923,11862,11061
23082,12053,11029
21918,10986,10932
22723,11797,10926
22086,11237,10849
22525,11497,11028
23812,12646,11166
23680,12544,11136
23026,11937,11089
24054,12458,11596
22720,11678,11042
21947,11004,10943
23215,12087,11128
23936,12336,11600
23442,12327,11115
23343,12151,11192
21922,11098,10824
21555,10705,10850
23464,12323,11141
21164,10431,10733
22581,11447,11134
23298,12294,11004
23630,12537,11093
24164,12702,11462
22184,11262,10922
22327,11326,11001
23442,12453,10989
22963,11982,10981
23477,12348,11129
22742,11728,11014
24004,12821,11183
22529,11502,11027
23034,12010,11024
22974,11990,10984
23000,12000,11000
22462,11449,11013
24068,12943,11125
22646,11751,10895
23367,12126,11241
23421,12087,11334
23768,12638,11130
22862,11563,11299
22523,11263,11260
23184,12090,11094
19775,9372,10403
23403,11740,11663
23984,12781,11203
22959,11797,11162
23751,12612,11139
23840,12703,11137
24099,12903,11196
22325,11530,10795
23465,12377,11088
23699,12513,11186
23577,11927,11650
23821,12623,11198
22246,11265,10981
22328,10938,11390
23042,11986,11056
23675,12588,11087
22577,11508,11069
23899,12758,11141
23933,12793,11140
22510,11457,11053
23883,12689,11194
21248,10447,10801
23376,12306,11070
22163,11161,11002
21445,10615,10830
24461,12760,11701
23766,12661,11105
22626,11696,10930
24059,12893,11166
23522,12346,11176
22415,11479,10936
23385,11867,11518
23678,12233,11445
22938,11837,11101
23771,12658,11113
23659,12529,11130
23458,12340,11118
22635,11761,10874
22878,11829,11049
23747,12491,11256
23922,12660,11262
23156,12069,11087
22462,11423,11039
24413,13205,11208
22713,11627,11086
24271,13130,11141
22847,11871,10976
23263,12156,11107
22721,11643,11078
23516,12107,11409
23081,11981,11100
21883,10990,10893
23376,12275,11101
22206,11321,10885
22469,11509,10960
22617,11573,11044
22868,11359,11509
23001,12043,10958
23330,12324,11006
23813,12680,11133
22406,11432,10974
22741,11814,10927
24032,12892,11140
22532,11090,11442
23878,12738,11140
24074,12393,11681
22371,11441,10930
22843,11947,10896
21407,10624,10783
23509,12443,11066
21847,11020,10827
22245,11326,10919
23939,12835,11104
23402,12345,11057
24267,13007,11260
21396,10422,10974
22128,11162,10966
23856,12302,11554
24086,12912,11174
23303,12220,11083
23959,12316,11643
22612,11630,10982
23795,12659,11136
24113,12897,11216
23151,12159,10992
23370,11923,11447
22707,11764,10943
23192,12051,11141
23076,12031,11045
23427,12322,11105
21832,11101,10731
23887,12767,11120
23141,12058,11083
23974,12856,11118
23279,12239,11040
23647,12486,11161
23101,11908,11193
23069,12021,11048
22616,11596,11020
23535,12438,11097
22928,11823,11105
23383,12252,11131
24071,12933,11138
23648,12478,11170
23947,12787,11160
22723,11677,11046
23789,12735,11054
23739,12662,11077
22497,11340,11157
23764,12566,11198
23581,12491,11090
20773,10093,10680
23197,11970,11227
22642,11560,11082
23631,12441,11190
24064,12947,11117
21897,10941,10956
23260,11666,11594
23428,12346,11082
22673,11107,11566
23808,12659,11149
23001,11842,11159
23510,12407,11103
22700,11786,10914
23843,12722,11121
21200,10429,10771
21573,10740,10833
23737,12547,11190
23750,12091,11659
23657,12564,11093
24010,12428,11582
23760,12659,11101
23560,12426,11134
23327,12339,10988
24350,13243,11107
22653,11597,11056
21737,10789,10948
22494,11533,10961
23102,12105,10997
23358,12244,11114
22441,11518,10923
22698,11779,10919
22735,11703,11032
22860,11749,11111
22182,11228,10954
23321,12239,11082
23107,12040,11067
23622,12504,11118
22592,11593,10999
23720,12604,11116
21326,10501,10825
23645,12517,11128
22620,11591,11029
23228,12104,11124
23791,12677,11114
21931,10864,11067
23309,12197,11112
22410,11522,10888
24105,13017,11088
22069,11154,10915
23951,12729,11222
23670,12624,11046
21153,10387,10766
23785,12601,11184
23000,11925,11075
23726,12548,11178
21983,11016,10967
23884,12740,11144
23815,12739,11076
23543,12376,11167
22688,11732,10956
22478,11429,11049
23015,11953,11062
21355,10611,10744
23136,12051,11085
21432,10530,10902
23988,12892,11096
23847,12768,11079
23320,12251,11069
20966,10301,10665
23992,12401,11591
23025,11849,11176
23545,12418,11127
23641,12421,11220
23295,12179,11116
23079,12041,11038
24119,12897,11222
22343,11343,11000
22004,11016,10988
23935,12682,11253
23483,12300,11183
22993,12065,10928
23100,11977,11123
22734,11661,11073
23033,12005,11028
23595,12497,11098
24095,12899,11196
20670,10197,10473
23842,12742,11100
23463,12415,11048
22929,11887,11042
22891,11940,10951
23512,12304,11208
24078,12848,11230
23591,12401,11190
21702,10857,10845
21669,10793,10876
22154,11128,11026
23422,12316,11106
22304,11337,10967
23906,12782,11124
22047,11069,10978
23429,12305,11124
23304,12225,11079
20884,10197,10687
22740,11671,11069
23939,12848,11091
23180,12220,10960
21622,10734,10888
23165,12122,11043
23751,12531,11220
22392,11429,10963
23144,12095,11049
24059,12926,11133
21705,10922,10783
22573,11169,11404
22996,11909,11087
20115,9048,11067
23560,12546,11014
22935,11926,11009
23783,12636,11147
23077,12125,10952
23046,12067,10979
23841,12786,11055
23963,12801,11162
23227,12159,11068
22110,11226,10884
23277,12107,11170
24053,12860,11193
23439,12362,11077
22155,11291,10864
22837,11822,11015
22563,11516,11047
22176,11245,10931
23038,11959,11079
23017,11933,11084
22464,11534,10930
22892,11901,10991
22998,12024,10974
23997,12794,11203
23010,11916,11094
23481,12353,11128
22099,11142,10957
24181,13024,11157
23261,12121,11140
22763,11777,10986
22411,11503,10908
22054,11150,10904
23014,11932,11082
23622,12469,11153
23413,12321,11092
23987,12756,11231
21185,10362,10823
23757,12654,11103
21048,10310,10738
23757,12631,11126
23527,12420,11107
22739,11781,10958
23805,12653,11152
21968,11051,10917
21977,11003,10974
23881,12806,11075
23390,12267,11123
24018,12849,11169
23230,12175,11055
23392,12277,11115
23611,12558,11053
23535,12365,11170
22492,11497,10995
23916,12632,11284
22507,11541,10966
21944,11014,10930
23912,12691,11221
23500,12355,11145
22213,11281,10932
20279,9538,10741
23878,12804,11074
23731,12593,11138
21746,10839,10907
22402,11404,10998
22700,11760,10940
23117,11992,11125
23964,12763,11201
22881,11846,11035
23246,12127,11119
22815,11686,11129
23843,12744,11099
23797,12691,11106
22950,11990,10960
22657,11156,11501
22967,12012,10955
24055,12959,11096
22502,11478,11024
23176,12118,11058
22350,11420,10930
23970,12837,11133
24025,12924,11101
23287,12251,11036
22088,11276,10812
22150,11269,10881
23530,12528,11002
23967,12426,11541
20982,10330,10652
22167,11166,11001
23490,12364,11126
23521,12341,11180
23557,12514,11043
22397,11440,10957
24146,12562,11584
22811,11690,11121
22695,11797,10898
22223,11300,10923
22602,11610,10992
22577,11107,11470
22060,11240,10820
22550,11633,10917
21848,11073,10775
22540,11599,10941
21604,10669,10935
22098,11225,10873
22780,11760,11020
23132,12132,11000
23824,12640,11184
23953,12848,11105
23813,12678,11135
23476,12222,11254
23144,12062,11082
23996,12775,11221
23137,12160,10977
24218,13041,11177
21943,11017,10926
24019,12863,11156
23894,12712,11182
22968,11892,11076
22125,11138,10987
22077,11223,10854
23044,11898,11146
23056,12056,11000
23949,12737,11212
22457,11551,10906
23107,11993,11114
23529,11933,11596
21533,10869,10664
22551,11716,10835
24020,12850,11170
23725,12587,11138
24008,12828,11180
23726,12584,11142
23353,12224,11129
23697,12271,11426
21040,10293,10747
22594,11648,10946
22265,11245,11020
23265,12160,11105
21612,10626,10986
23268,12224,11044
23348,12285,11063
23748,12559,11189
23378,12270,11108
23418,12402,11016
23996,12801,11195
22467,11566,10901
23526,12384,11142
21927,11203,10724
21691,10734,10957
23995,12799,11196
23498,12379,11119
24103,12393,11710
23318,12269,11049
22903,11876,11027
23953,12692,11261
21004,10398,10606
23175,12115,11060
23608,12510,11098
23516,11987,11529
22095,11238,10857
22970,11840,11130
23709,12520,11189
23272,12134,11138
21484,10691,10793
22002,11039,10963
22585,11621,10964
19576,9046,10530
22720,11711,11009
22721,11719,11002
22600,11660,10940
22891,11798,11093
23981,12892,11089
22214,11284,10930
22970,11924,11046
23947,12679,11268
23228,11776,11452
21599,10729,10870
23850,12737,11113
22169,11302,10867
22081,10636,11445
23752,12640,11112
23648,12538,11110
22887,11835,11052
23999,12391,11608
23550,12453,11097
21848,11014,10834
22770,11806,10964
22005,11057,10948
22041,10663,11378
23695,12553,11142
23395,12320,11075
24178,12997,11181
23305,12270,11035
23241,12111,11130
23051,11999,11052
21433,10564,10869
24460,12763,11697
22495,11487,11008
23397,12347,11050
23741,12566,11175
22951,11398,11553
23002,12013,10989
23742,12637,11105
24008,12789,11219
23484,12366,11118
24191,12972,11219
23459,12456,11003
23431,12359,11072
22189,11177,11012
21955,11081,10874
22008,11157,10851
22796,11754,11042
20196,9654,10542
23573,12431,11142
23337,11766,11571
21865,11075,10790
24000,12781,11219
23052,11980,11072
23356,12352,11004
23919,12730,11189
23525,12402,11123
22795,11842,10953
23971,12780,11191
22861,11808,11053
22863,11769,11094
22933,11953,10980
21932,11012,10920
23662,12604,11058
22744,11778,10966
22597,11533,11064
23106,11976,11130
23096,12031,11065
23194,12176,11018
22775,11787,10988
22556,11658,10898
24073,12925,11148
23415,12371,11044
22611,11576,11035
23166,12079,11087
22924,11865,11059
23084,12040,11044
23172,12104,11068
23811,12686,11125
22859,11952,10907
24027,12937,11090
23025,11950,11075
24424,12750,11674
23526,12458,11068
22724,11656,11068
24038,12940,11098
21943,10989,10954
23128,12011,11117
23263,12143,11120
22513,11015,11498
23295,12173,11122
22561,11616,10945
23791,12754,11037
22486,11509,10977
23188,12039,11149
23028,12040,10988
23252,12058,11194
23414,12200,11214
24255,13095,11160
23102,12068,11034
23893,12719,11174
23505,12477,11028
22802,11254,11548
23402,12356,11046
23175,12160,11015
22869,11793,11076
23085,12001,11084
24184,12990,11194
23561,12463,11098
24167,12990,11177
21765,11016,10749
22306,11478,10828
23021,11950,11071
20597,9752,10845
23709,12572,11137
23654,12534,11120
23416,12297,11119
23409,12361,11048
22320,11398,10922
22319,11271,11048
23030,11546,11484
23602,12486,11116
23298,12316,10982
23578,12483,11095
24237,12597,11640
23140,12059,11081
23077,11997,11080
23053,12142,10911
23632,12571,11061
22856,11820,11036
23794,12596,11198
22761,11631,11130
22614,11634,10980
23421,12297,11124
21867,10956,10911
24233,13023,11210
24067,12960,11107
23062,12114,10948
23515,12395,11120
23297,12272,11025
22097,11187,10910
24408,12699,11709
23228,11710,11518
23796,12652,11144
21992,11141,10851
22069,11167,10902
23693,12473,11220
24430,12775,11655
23710,12584,11126
21743,10916,10827
22993,11876,11117
22189,11286,10903
23866,12702,11164
22409,11556,10853
23848,12626,11222
24181,12942,11239
23030,11946,11084
23082,12058,11024
22888,11906,10982
23122,12028,11094
24124,12988,11136
22251,11227,11024
23897,12722,11175
23462,12288,11174
23022,12042,10980
23521,12376,11145
22647,11672,10975
23202,12141,11061
22747,11882,10865
24154,12949,11205
22595,11449,11146
22315,11321,10994
24271,12601,11670
22905,11814,11091
23781,12592,11189
23930,12811,11119
23913,12723,11190
22910,11878,11032
23039,12022,11017
23447,11841,11606
23828,12676,11152
24365,13155,11210
22013,11040,10973
23378,12236,11142
22302,11379,10923
23657,12579,11078
23289,11681,11608
23659,12435,11224
23053,11884,11169
21512,10654,10858
23416,12355,11061
22310,11338,10972
23583,12432,11151
24131,12984,11147
23096,12013,11083
23601,12458,11143
23822,12618,11204
22424,11396,11028
23614,12429,11185
23706,12589,11117
23296,12122,11174
20814,10170,10644
22865,11814,11051
22660,11683,10977
22445,11504,10941
23850,12712,11138
23055,11723,11332
23874,12707,11167
22494,11471,11023
23852,12680,11172
22529,11478,11051
22812,11780,11032
22844,11811,11033
21983,11074,10909
24058,12943,11115
22847,11789,11058
23256,12259,10997
22382,11402,10980
22383,11493,10890
23503,12439,11064
22324,11316,11008
23391,12296,11095
23945,12912,11033
23898,12712,11186
23182,12113,11069
23524,12338,11186
23936,12846,11090
21848,10837,11011
23561,12449,11112
22868,11914,10954
22476,11577,10899
23306,12167,11139
22951,11983,10968
22059,11273,10786
22718,11718,11000
23819,12704,11115
23796,12437,11359
22680,11643,11037
24041,12907,11134
23192,12166,11026
23970,12851,11119
22592,11599,10993
22959,11913,11046
23270,12230,11040
23323,12291,11032
23751,12566,11185
22776,11815,10961
23433,12277,11156
23860,12712,11148
23831,12681,11150
23791,12676,11115
23836,12681,11155
23188,12131,11057
22466,11446,11020
23592,12506,11086
22851,11846,11005
21657,10790,10867
22638,11659,10979
22727,11648,11079
22923,11865,11058
23242,12225,11017
23165,12117,11048
22997,11971,11026
22886,11848,11038
22285,11421,10864
22502,11553,10949
23181,12085,11096
24058,12922,11136
22525,11646,10879
22960,11911,11049
23165,12107,11058
23636,12411,11225
23993,12614,11379
23439,12287,11152
24071,12719,11352
22303,11297,11006
18722,8457,10265
23949,12837,11112
24177,12470,11707
23513,12412,11101
23182,12154,11028
22456,11497,10959
22029,11119,10910
23994,12852,11142
24391,12696,11695
23493,12383,11110
23039,12053,10986
22500,11413,11087
23365,12267,11098
20537,9830,10707
22367,11497,10870
23903,12708,11195
21589,10723,10866
23037,12054,10983
24064,12848,11216
23725,12553,11172
21511,10174,11337
22120,11321,10799
23935,12796,11139
22796,11866,10930
23283,12242,11041
21470,10604,10866
23641,12526,11115
23318,11822,11496
22108,11157,10951
23099,12109,10990
22334,11331,11003
22232,11269,10963
21446,10604,10842
21589,10711,10878
23042,11995,11047
23399,12324,11075
23336,12235,11101
24117,12903,11214
23429,12323,11106
23386,12251,11135
24055,12948,11107
23607,12504,11103
21469,10748,10721
23552,12520,11032
23484,12357,11127
22337,11358,10979
23331,12261,11070
22449,11508,10941
22823,11778,11045
23594,12459,11135
22372,11478,10894
23862,12778,11084
22378,11557,10821
23177,12159,11018
22686,11573,11113
21578,10688,10890
21126,10275,10851
22998,11974,11024
22708,11695,11013
23462,12449,11013
23678,12604,11074
23720,12578,11142
23766,12672,11094
22690,11735,10955
22058,11159,10899
23717,12602,11115
22404,11452,10952
21138,10707,10431
23119,12113,11006
23586,12473,11113
23018,11978,11040
23396,12336,11060
23730,12587,11143
23352,12366,10986
22104,11109,10995
23573,12562,11011
23247,12112,11135
24161,13041,11120
23656,12545,11111
23648,12590,11058
22807,11825,10982
21338,10443,10895
23709,12752,10957
23454,12355,11099
22557,11539,11018
23080,12026,11054
23370,11791,11579
23711,12590,11121
23805,12680,11125
23318,12277,11041
24280,13045,11235
22156,11370,10786
23968,12776,11192
22864,11723,11141
23512,12422,11090
21907,11032,10875
22175,11350,10825
23951,12704,11247
20969,10236,10733
21993,11116,10877
23970,12884,11086
22940,11892,11048
23262,12194,11068
24263,13156,11107
22992,11897,11095
23272,12208,11064
23457,12297,11160
21918,11041,10877
22769,11751,11018
24135,12998,11137
23516,12514,11002
23333,12024,11309
21815,11014,10801
22911,11995,10916
22284,11412,10872
23897,12795,11102
23687,12605,11082
23227,12192,11035
22769,11830,10939
22082,11083,10999
22265,11414,10851
23107,12120,10987
23494,12368,11126
21950,11060,10890
23301,12251,11050
23226,12184,11042
20805,10026,10779
22989,11872,11117
22400,11273,11127
23343,12191,11152
23660,12616,11044
23930,12874,11056
23928,12322,11606
23168,12033,11135
23683,12508,11175
22108,11301,10807
24137,12946,11191
22630,11693,10937
22867,11814,11053
23253,12167,11086
21864,10994,10870
23086,12006,11080
22838,11844,10994
22041,11212,10829
21414,10657,10757
23506,12432,11074
23724,12584,11140
24563,13024,11539
23571,12424,11147
23275,12281,10994
23673,12574,11099
22411,11495,10916
22933,11899,11034
24104,12936,11168
24113,12972,11141
23741,12557,11184
22261,11392,10869
23197,12112,11085
22307,11359,10948
22728,11700,11028
23361,12316,11045
22448,11568,10880
23119,12003,11116
22759,11714,11045
23258,12216,11042
23416,12383,11033
24437,12767,11670
23390,12473,10917
23098,11709,11389
23458,12390,11068
22504,11580,10924
22467,11423,11044
21642,10901,10741
22814,11235,11579
23947,12680,11267
24376,13109,11267
22659,11634,11025
23803,12667,11136
21544,10624,10920
22298,11452,10846
24206,12454,11752
23273,12189,11084
23730,12582,11148
23391,12206,11185
23320,12278,11042
23324,11832,11492
22858,11812,11046
23835,12687,11148
23446,12314,11132
22234,11278,10956
22122,11149,10973
22364,11360,11004
23046,12056,10990
23914,12785,11129
23657,12475,11182
23251,12232,11019
24028,12887,11141
23135,11996,11139
23295,12254,11041
24136,12911,11225
23643,12574,11069
23621,12568,11053
23073,12035,11038
22159,11249,10910
22509,11650,10859
24181,13058,11123
23388,12282,11106
23564,12478,11086
24146,13087,11059
23862,12716,11146
23815,12610,11205
23491,12382,11109
22739,11743,10996
23346,12229,11117
22830,11851,10979
22480,11418,11062
23535,11941,11594
23516,12365,11151
22767,11750,11017
23713,12574,11139
22884,11828,11056
23014,12119,10895
23348,12258,11090
22273,11369,10904
21988,11089,10899
22302,11362,10940
22960,11951,11009
22813,11847,10966
22561,11515,11046
21712,10864,10848
22315,11375,10940
23392,12212,11180
23539,12466,11073
23412,12357,11055
23402,12359,11043
24167,12960,11207
23742,12579,11163
23173,12181,10992
23524,12499,11025
22817,11740,11077
21981,11020,10961
23774,12649,11125
23570,12340,11230
24126,12960,11166
22449,11515,10934
21419,10564,10855
24352,13147,11205
20760,10077,10683
23758,12586,11172
22311,10895,11416
23340,11748,11592
22276,11457,10819
21520,10325,11195
22118,11314,10804
24078,12920,11158
23895,12759,11136
22386,11428,10958
23947,12796,11151
24218,13059,11159
21982,11088,10894
22030,11181,10849
23085,12038,11047
22861,11900,10961
22459,11609,10850
23450,12432,11018
22374,11452,10922
23889,12721,11168
23781,12606,11175
22056,11268,10788
23538,12413,11125
23445,12319,11126
22692,11674,11018
24042,12933,11109
21110,10411,10699
23245,11846,11399
22475,11558,10917
24222,13059,11163
23372,12202,11170
22798,11877,10921
23825,12722,11103
22007,11275,10732
22909,11793,11116
23640,12600,11040
22872,11855,11017
23686,12617,11069
22021,11103,10918
22556,11581,10975
23381,12414,10967
23056,12048,11008
23549,11967,11582
23045,12069,10976
20782,10093,10689
22841,11797,11044
23086,12000,11086
22701,11774,10927
23205,12214,10991
23001,11986,11015
21681,10852,10829
22909,11852,11057
22124,11243,10881
22650,11616,11034
23531,12432,11099
22852,11744,11108
23170,12141,11029
23911,12260,11651
23337,12152,11185
20391,9796,10595
22736,11677,11059
22967,11897,11070
23142,12143,10999
23923,12305,11618
22182,11423,10759
23706,12556,11150
23633,12503,11130
24119,12974,11145
22955,11911,11044
24450,13257,11193
23144,12140,11004
23408,12314,11094
19504,9022,10482
23020,11932,11088
23103,12061,11042
23434,12331,11103
23350,12324,11026
23149,12045,11104
23412,12324,11088
23500,12422,11078
24329,13174,11155
23519,12476,11043
23454,12280,11174
23963,12856,11107
22585,11661,10924
23455,12442,11013
23531,12465,11066
23456,12370,11086
23166,12133,11033
24119,13036,11083
23366,12319,11047
22992,11972,11020
23714,12552,11162
23356,12311,11045
23825,12196,11629
21492,10696,10796
23870,12707,11163
23742,12694,11048
23490,12458,11032
23278,12197,11081
22664,11731,10933
23419,12269,11150
23091,11970,11121
23784,12775,11009
23049,12074,10975
22582,11617,10965
23925,12699,11226
21643,10743,10900
23448,12376,11072
23976,12884,11092
23287,12234,11053
22003,11051,10952
23200,12214,10986
22813,11819,10994
23755,12617,11138
23120,11783,11337
23928,12679,11249
23582,12578,11004
24063,12886,11177
22350,11378,10972
21295,10484,10811
23935,12755,11180
22615,11696,10919
22988,11996,10992
23251,12170,11081
22898,11910,10988
23646,12551,11095
24059,12403,11656
23258,12264,10994
23463,12375,11088
22659,11614,11045
23269,12313,10956
21805,10919,10886
23030,11656,11374
24110,12406,11704
22943,11715,11228
20939,10333,10606
22717,11797,10920
22474,11475,10999
23801,12656,11145
23014,11977,11037
22774,11742,11032
23184,12194,10990
23757,12615,11142
23895,12795,11100
22294,11484,10810
24233,13048,11185
22926,11912,11014
23240,12226,11014
23078,11946,11132
22916,11857,11059
23657,11992,11665
23723,12615,11108
23334,12172,11162
23519,12301,11218
24236,13106,11130
23128,12036,11092
23239,11778,11461
23103,12145,10958
23700,12600,11100
22204,11421,10783
23306,12359,10947
23032,11979,11053
23422,12275,11147
23700,12553,11147
22987,11952,11035
22734,11799,10935
21769,10942,10827
23760,12640,11120
23769,12715,11054
24197,13064,11133
23519,12484,11035
23586,12505,11081
23177,12064,11113
23378,12336,11042
23811,12652,11159
22324,11481,10843
22099,11265,10834
22599,11701,10898
23052,12004,11048
23435,12358,11077
23144,12087,11057
22627,11695,10932
23529,12419,11110
23924,12765,11159
22999,11844,11155
22879,11934,10945
22928,11908,11020
24091,12490,11601
21326,10466,10860
23356,12289,11067
22439,11634,10805
23499,12298,11201
22608,11703,10905
23929,12787,11142
23363,12210,11153
23831,12774,11057
21388,10481,10907
24115,12963,11152
23320,12226,11094
23880,12785,11095
24162,13001,11161
22097,11244,10853
23545,12447,11098
22817,11718,11099
22279,11408,10871
23124,11988,11136
22990,12035,10955
22312,11351,10961
23641,12592,11049
22299,11247,11052
23487,12349,11138
23548,12470,11078
20503,9842,10661
23157,12111,11046
23475,12345,11130
22111,11231,10880
23241,12170,11071
23378,11788,11590
22971,11812,11159
22090,11232,10858
21765,10894,10871
23333,12411,10922
22519,11590,10929
23669,12562,11107
23167,12094,11073
23565,11891,11674
23224,12164,11060
21933,11083,10850
23796,12753,11043
22304,11426,10878
23382,12276,11106
22824,11802,11022
23393,12367,11026
23633,12376,11257
23472,12397,11075
22645,11663,10982
23306,12342,10964
23517,12430,11087
21974,11068,10906
23608,12512,11096
23237,12165,11072
23198,12147,11051
23281,12130,11151
22002,11223,10779
22905,11852,11053
23336,12254,11082
23081,12125,10956
23817,12706,11111
23679,12661,11018
23387,12300,11087
22662,11672,10990
22554,11702,10852
22138,11293,10845
22513,11467,11046
23734,12731,11003
23693,12698,10995
22514,11471,11043
23679,12639,11040
23198,12088,11110
22012,11035,10977
22155,11216,10939
23698,12200,11498
22210,11332,10878
23067,12008,11059
21894,11092,10802
23834,12778,11056
23463,12400,11063
24068,12966,11102
20357,9755,10602
22963,11871,11092
23138,12063,11075
23317,12346,10971
23919,12913,11006
22808,11779,11029
22958,11968,10990
23819,12665,11154
23091,12162,10929
22218,11209,11009
23313,12281,11032
23234,12231,11003
21577,10710,10867
23215,12167,11048
19919,9374,10545
24006,12476,11530
22404,11333,11071
22865,11964,10901
23665,12645,11020
23289,12181,11108
24418,12682,11736
22305,11318,10987
21498,10666,10832
22866,11870,10996
22772,11812,10960
23161,12016,11145
23737,12507,11230
23651,12552,11099
20753,10053,10700
23244,12200,11044
23723,12628,11095
23138,11654,11484
22249,11232,11017
22677,11723,10954
23739,12682,11057
23279,12238,11041
23518,12391,11127
23280,12189,11091
22823,11807,11016
24268,13044,11224
23668,12182,11486
22504,11546,10958
22890,11882,11008
22268,11367,10901
23548,12466,11082
23184,12201,10983
22727,11783,10944
22417,11468,10949
22505,11553,10952
22446,11461,10985
22585,11504,11081
23899,12764,11135
22301,11705,10596
23460,12324,11136
24624,12954,11670
22821,11863,10958
23381,12366,11015
23244,12209,11035
22595,11644,10951
22967,12026,10941
22134,11263,10871
22422,11506,10916
21261,10482,10779
22763,11816,10947
21604,10737,10867
23600,12589,11011
22852,11835,11017
21743,10932,10811
21508,10726,10782
23070,11686,11384
23131,11992,11139
21318,10374,10944
24114,12930,11184
23050,11986,11064
23994,12763,11231
22890,11813,11077
21826,11040,10786
19905,9424,10481
23708,12548,11160
23393,12232,11161
22636,11707,10929
22804,11815,10989
23122,12158,10964
23922,12744,11178
23020,11997,11023
22145,11200,10945
23115,11598,11517
23144,11956,11188
23193,12131,11062
21602,10840,10762
23278,12269,11009
23178,12057,11121
21433,10632,10801
23083,12188,10895
24299,13146,11153
22104,11309,10795
21345,10457,10888
23476,12421,11055
23929,12950,10979
23280,12214,11066
22753,11852,10901
23401,12261,11140
20214,9558,10656
22765,11793,10972
20973,9815,11158
23736,12545,11191
22863,11920,10943
23331,12295,11036
23286,12222,11064
22451,11548,10903
23399,12362,11037
22132,11180,10952
23511,12408,11103
23572,12407,11165
23908,12911,10997
22378,11380,10998
23516,12477,11039
23405,12148,11257
23766,12676,11090
23181,12095,11086
22453,11422,11031
23247,12165,11082
21273,10460,10813
23216,12124,11092
22658,11841,10817
23356,12385,10971
21276,10432,10844
23627,12653,10974
23204,12221,10983
22711,11737,10974
22564,11658,10906
23409,12385,11024
23947,12868,11079
22977,12087,10890
23190,12007,11183
20001,9251,10750
22435,11497,10938
22309,11331,10978
22774,11802,10972
23160,12080,11080
21942,11053,10889
23380,12352,11028
22080,11256,10824
23435,12394,11041
23250,12240,11010
23303,12270,11033
20737,10042,10695
23267,12202,11065
24172,13037,11135
22332,11215,11117
23001,11975,11026
22481,11419,11062
23446,12336,11110
22325,11537,10788
23562,12480,11082
23078,12055,11023
23056,11998,11058
21671,10881,10790
22352,11418,10934
23803,12642,11161
23358,12410,10948
23275,12290,10985
22590,11626,10964
21724,10915,10809
20842,10135,10707
23218,12222,10996
23231,12100,11131
22746,11713,11033
23482,12372,11110
23052,12031,11021
22833,11662,11171
23325,12252,11073
23550,12426,11124
21467,10601,10866
22722,11737,10985
23070,12089,10981
23794,12751,11043
23004,11968,11036
22686,11738,10948
23163,12022,11141
23371,12272,11099
22048,11082,10966
22201,11223,10978
23318,12227,11091
23728,12611,11117
23137,12044,11093
22049,11092,10957
23953,12750,11203
22592,11651,10941
23311,12395,10916
23570,12264,11306
22739,11797,10942
23383,12327,11056
23072,12143,10929
22821,11598,11223
21624,10829,10795
21978,11108,10870
23225,12146,11079
24153,12964,11189
22029,11245,10784
23688,12620,11068
23260,12152,11108
22568,11521,11047
23518,12564,10954
20610,10027,10583
22856,11711,11145
23347,12378,10969
24201,12499,11702
22637,11608,11029
22280,11596,10684
23004,11945,11059
21678,10876,10802
22955,11909,11046
21421,10660,10761
23301,12177,11124
23063,11993,11070
22711,11742,10969
23576,12548,11028
23273,12169,11104
22634,11610,11024
23431,12336,11095
22933,12079,10854
23190,12246,10944
23704,12617,11087
23610,12452,11158
24088,12905,11183
24218,12722,11496
23297,12228,11069
22576,11671,10905
24087,12996,11091
22155,11236,10919
23619,12588,11031
22496,11566,10930
24040,12960,11080
22789,11787,11002
23344,12273,11071
21629,10775,10854
22783,11859,10924
22696,11877,10819
23573,11947,11626
22937,11833,11104
22041,10815,11226
23598,12399,11199
23618,12470,11148
22481,11581,10900
23118,12165,10953
22696,11742,10954
23353,12406,10947
23723,12129,11594
23993,12564,11429
23130,11992,11138
23223,12317,10906
22817,11987,10830
23789,12645,11144
23439,12444,10995
23779,12746,11033
22010,11150,10860
23316,12199,11117
21933,10400,11533
22504,11690,10814
22573,11569,11004
22020,11169,10851
23269,12174,11095
22792,11872,10920
22919,11942,10977
24028,12922,11106
23839,12819,11020
22552,11535,11017
23314,12270,11044
23865,12854,11011
23457,12389,11068
22287,11420,10867
22506,11483,11023
23375,12334,11041
22314,11528,10786
23291,12254,11037
23435,12359,11076
23447,12402,11045
23261,12217,11044
23354,12296,11058
23435,12392,11043
23621,12012,11609
22344,11015,11329
23129,12074,11055
23893,12819,11074
24038,12896,11142
24125,13005,11120
21971,11121,10850
21982,10937,11045
23201,12194,11007
24209,13172,11037
23389,12357,11032
22964,12028,10936
22279,11256,11023
23696,12516,11180
23208,12189,11019
22603,11603,11000
21123,10297,10826
23328,12298,11030
24078,13037,11041
23234,12122,11112
23953,12684,11269
22708,11771,10937
21767,10994,10773
23520,12408,11112
21471,10725,10746
23295,12176,11119
21680,10901,10779
22666,11765,10901
21580,10729,10851
21623,10733,10890
21533,10646,10887
23600,12479,11121
23474,12425,11049
23059,11968,11091
22887,11855,11032
23117,12075,11042
22734,11833,10901
23601,12496,11105
22633,11773,10860
22740,11893,10847
23348,12289,11059
21559,10706,10853
23981,12757,11224
22925,11875,11050
21759,10841,10918
21461,10637,10824
21735,10822,10913
22937,11453,11484
21924,11089,10835
22926,11917,11009
22542,11638,10904
23607,12613,10994
23046,11972,11074
24144,13071,11073
23869,12699,11170
23916,12731,11185
22275,11493,10782
23299,12041,11258
23367,12308,11059
22448,11436,11012
23829,12699,11130
23124,12154,10970
23080,12031,11049
23080,11981,11099
23278,12300,10978
23241,12199,11042
24007,12840,11167
22027,11109,10918
23043,11981,11062
21490,10602,10888
22979,11839,11140
21291,10589,10702
24065,12954,11111
21432,10613,10819
23106,11603,11503
23028,12004,11024
21438,10682,10756
22769,11787,10982
23884,12671,11213
21775,10964,10811
23434,12437,10997
23897,12815,11082
22758,11781,10977
23442,11885,11557
22797,11806,10991
20152,9711,10441
23846,12882,10964
23348,12269,11079
23204,12227,10977
24117,13074,11043
22089,11165,10924
22383,11546,10837
23446,12420,11026
22842,11901,10941
23251,12159,11092
22488,11673,10815
22913,11949,10964
22218,11361,10857
24027,12863,11164
21642,10730,10912
23671,12606,11065
23998,12528,11470
22213,11209,11004
23394,12317,11077
22280,11379,10901
23957,12875,11082
23961,12442,11519
23253,12198,11055
21762,10816,10946
23417,12294,11123
23850,12751,11099
21746,10994,10752
21739,10812,10927
23312,12253,11059
21303,10519,10784
22090,11197,10893
22545,11522,11023
20955,10230,10725
20379,9350,11029
22670,11251,11419
23144,12096,11048
22702,11714,10988
22762,11701,11061
23312,12270,11042
23884,12798,11086
23334,12360,10974
22376,11349,11027
23498,12419,11079
22896,11973,10923
23099,12150,10949
22766,11758,11008
23538,12438,11100
23215,12171,11044
22062,11184,10878
20830,10176,10654
23316,12284,11032
23989,12905,11084
23378,12249,11129
22097,10682,11415
22543,11657,10886
22981,12068,10913
22813,11820,10993
23807,12712,11095
23369,12352,11017
24115,13090,11025
23546,12624,10922
23397,12435,10962
22795,11796,10999
23796,12599,11197
23860,12905,10955
22239,11402,10837
22648,11693,10955
21214,10364,10850
22939,11870,11069
23164,12276,10888
21005,10172,10833
24103,12997,11106
22791,11847,10944
21823,11025,10798
23241,12237,11004
24066,12891,11175
23508,12391,11117
22114,11247,10867
22989,11979,11010
24185,13137,11048
23797,12744,11053
23825,12742,11083
23329,12342,10987
22892,11901,10991
22038,11214,10824
23984,12815,11169
23939,12874,11065
23629,12087,11542
21188,10478,10710
22953,11912,11041
23489,12430,11059
23961,12446,11515
22837,11918,10919
23785,12635,11150
22131,10865,11266
24183,12977,11206
24305,12631,11674
23139,12232,10907
23234,12180,11054
22322,11340,10982
23770,12628,11142
23039,12059,10980
22733,11356,11377
23866,12890,10976
23552,12476,11076
22370,11393,10977
22409,11410,10999
23458,11948,11510
23553,12449,11104
23478,12313,11165
23139,12051,11088
24062,12846,11216
23547,12517,11030
22581,11575,11006
23484,12458,11026
22126,11268,10858
23248,12281,10967
24274,13179,11095
22961,11957,11004
22735,11783,10952
22431,11582,10849
22448,11409,11039
23632,12587,11045
22310,11319,10991
23695,12629,11066
21864,11009,10855
22458,11518,10940
23905,12847,11058
23804,12740,11064
24001,12920,11081
23522,12461,11061
23808,12697,11111
23810,12420,11390
22018,11270,10748
22358,11354,11004
22166,11350,10816
22593,11229,11364
22235,11221,11014
23665,12611,11054
23003,11970,11033
23549,12480,11069
24073,12857,11216
22422,11465,10957
22074,11339,10735
23133,12199,10934
23134,12107,11027
23635,12497,11138
21998,11018,10980
23689,12632,11057
21772,10892,10880
23078,12063,11015
22499,11620,10879
23178,12203,10975
22234,11278,10956
22249,11336,10913
22561,11551,11010
23375,12359,11016
23099,12132,10967
22097,11143,10954
23122,12109,11013
22265,11358,10907
23356,12316,11040
22804,11807,10997
22338,11582,10756
22785,11762,11023
22670,11639,11031
22925,11872,11053
23693,12634,11059
23850,12727,11123
23584,12577,11007
23562,12508,11054
23178,12160,11018
24076,12911,11165
21626,10709,10917
23741,12620,11121
23823,12649,11174
22886,11897,10989
23024,11907,11117
21880,10585,11295
22212,11353,10859
21034,10353,10681
23623,12552,11071
22414,11503,10911
21011,10346,10665
22990,12051,10939
23256,12222,11034
22484,11566,10918
22500,11550,10950
23952,12995,10957
23363,12206,11157
23434,12399,11035
23103,11713,11390
23383,12427,10956
22118,11041,11077
22984,11995,10989
21403,10648,10755
21265,10574,10691
23490,12455,11035
23350,12320,11030
21398,10626,10772
22852,11900,10952
23155,12168,10987
20693,10034,10659
21290,10487,10803
22336,11528,10808
23915,12840,11075
23428,12359,11069
22720,11903,10817
24439,12781,11658
22203,11354,10849
22131,11280,10851
22390,11355,11035
23235,12155,11080
24003,12916,11087
23165,12232,10933
22622,11678,10944
23969,12305,11664
23005,11655,11350
22713,11709,11004
23174,12111,11063
21892,10925,10967
23666,12567,11099
23794,12681,11113
23940,12843,11097
23462,12432,11030
22552,11647,10905
23835,12739,11096
22772,11868,10904
23115,12211,10904
22497,11532,10965
22918,11977,10941
22859,11880,10979
23374,12292,11082
23321,12253,11068
22484,11497,10987
20947,10148,10799
23136,12085,11051
21883,11139,10744
23015,12052,10963
23558,12355,11203
23214,12178,11036
21788,10897,10891
22961,11891,11070
22297,11378,10919
22940,12035,10905
19243,9011,10232
22619,11659,10960
22577,11615,10962
22809,11802,11007
24604,12953,11651
23004,12118,10886
23223,12227,10996
20479,9853,10626
24064,13019,11045
23560,12470,11090
21269,10488,10781
22185,11197,10988
23622,12639,10983
22312,11466,10846
21021,10269,10752
23661,12518,11143
22988,12034,10954
23616,12577,11039
22788,11551,11237
22793,11844,10949
22686,11598,11088
22234,11313,10921
23655,12527,11128
24101,12983,11118
23315,12224,11091
20185,9617,10568
23002,11909,11093
23643,12524,11119
23818,12831,10987
23767,12751,11016
24414,13002,11412
22416,11503,10913
23881,12891,10990
22857,11889,10968
23610,11958,11652
23411,12331,11080
22825,11864,10961
23669,12175,11494
23067,12037,11030
20522,9737,10785
22005,11113,10892
22727,11226,11501
23682,12566,11116
23035,12077,10958
22469,11520,10949
23916,12744,11172
23094,12093,11001
23890,12921,10969
22394,11453,10941
23316,12168,11148
23922,12421,11501
23917,12790,11127
22773,11782,10991
21815,10961,10854
22632,11649,10983
23268,12167,11101
23369,11763,11606
21224,10054,11170
23589,12597,10992
22764,11274,11490
22397,11494,10903
24105,13004,11101
23731,12575,11156
23760,12649,11111
22823,11701,11122
23470,12281,11189
22744,11728,11016
23616,12275,11341
23163,12304,10859
22710,11787,10923
22807,11841,10966
22690,11769,10921
21688,10937,10751
22262,11262,11000
23521,12487,11034
23531,12397,11134
22410,11426,10984
21895,11056,10839
22663,11707,10956
23206,12290,10916
22000,11042,10958
23046,12080,10966
22884,11926,10958
23118,12158,10960
22741,11759,10982
23458,12332,11126
24287,12776,11511
23549,12436,11113
22871,11879,10992
23869,12800,11069
23076,12098,10978
22904,12025,10879
23037,11970,11067
23313,11976,11337
23726,12600,11126
23027,12013,11014
22199,11343,10856
23581,12534,11047
22517,11569,10948
24100,12978,11122
21766,11010,10756
24020,12387,11633
23060,12002,11058
23668,12486,11182
22335,11329,11006
21751,10765,10986
23170,12117,11053
22946,11980,10966
22104,11244,10860
21358,10604,10754
22115,11235,10880
23053,12084,10969
23971,12900,11071
22063,11245,10818
22403,11537,10866
23204,12130,11074
19045,8691,10354
23319,12249,11070
23197,12097,11100
23308,12228,11080
22543,11509,11034
23588,12646,10942
23183,11676,11507
21483,10747,10736
23272,12260,11012
23741,12719,11022
23279,12223,11056
24046,12917,11129
22573,11480,11093
23420,12317,11103
23334,12391,10943
23684,12584,11100
23624,12553,11071
22276,11384,10892
23934,12836,11098
23451,12329,11122
23552,12354,11198
23563,12436,11127
22154,11317,10837
22516,11640,10876
22640,11618,11022
23405,12106,11299
23719,12611,11108
22675,11804,10871
22286,11368,10918
21671,10791,10880
23279,12304,10975
23941,12945,10996
23079,12202,10877
23586,12358,11228
23616,12577,11039
21796,10916,10880
23347,12423,10924
23251,12270,10981
23080,12158,10922
21844,11077,10767
24022,13006,11016
22442,11671,10771
23552,12507,11045
22188,11388,10800
21560,10695,10865
23112,12129,10983
24004,12855,11149
22091,11318,10773
23285,12396,10889
22091,11250,10841
21706,10842,10864
22574,11603,10971
22778,11816,10962
23652,12592,11060
23627,12664,10963
21719,10975,10744
22910,11961,10949
23451,12354,11097
22972,11951,11021
21843,11089,10754
24185,12568,11617
23270,12194,11076
23212,12297,10915
23515,12436,11079
23415,12345,11070
23686,12551,11135
23454,12479,10975
23373,12332,11041
23262,12323,10939
22702,11763,10939
21888,11057,10831
23452,12408,11044
23853,12201,11652
23243,12239,11004
23833,12708,11125
24019,12971,11048
22731,11914,10817
23587,12482,11105
22946,12033,10913
23033,11649,11384
22310,11398,10912
23250,12150,11100
22261,11431,10830
22476,11503,10973
23493,12482,11011
22150,11363,10787
23404,12422,10982
23136,12071,11065
21500,10549,10951
22300,11396,10904
23617,12613,11004
23497,12392,11105
23421,12471,10950
22969,11897,11072
22762,11730,11032
22835,11933,10902
22630,11704,10926
22210,11450,10760
22915,11951,10964
23506,12491,11015
21746,10923,10823
21118,10281,10837
21826,11014,10812
23218,12250,10968
22798,11843,10955
21947,11025,10922
23496,12456,11040
22605,11650,10955
23436,12360,11076
22051,11216,10835
24083,12957,11126
23007,11981,11026
21954,11164,10790
23388,12439,10949
23734,12726,11008
23162,12199,10963
22360,11456,10904
23539,12581,10958
23462,12391,11071
21667,10852,10815
23904,12828,11076
23999,12902,11097
23136,12081,11055
21840,11099,10741
23596,12463,11133
23337,12359,10978
23933,12864,11069
21986,11194,10792
20680,9936,10744
23888,12836,11052
20975,10239,10736
22966,11911,11055
22274,11448,10826
24150,12945,11205
23186,12118,11068
21720,10914,10806
22841,11831,11010
22744,11816,10928
22842,11818,11024
23846,12703,11143
22350,11463,10887
22631,11719,10912
22604,11715,10889
22493,11464,11029
24052,12483,11569
21045,10461,10584
23206,12265,10941
24098,12905,11193
21767,10982,10785
23218,12102,11116
20881,10175,10706
23542,12533,11009
22988,11913,11075
23747,12690,11057
22959,11888,11071
23513,12031,11482
22575,11591,10984
21734,10817,10917
24104,13021,11083
23902,12738,11164
23725,12674,11051
23422,12387,11035
23072,12041,11031
22265,11327,10938
23709,12800,10909
22166,11299,10867
24457,12728,11729
21436,10585,10851
21606,10496,11110
22771,11858,10913
23967,12907,11060
23417,12238,11179
22846,11845,11001
22781,11818,10963
23850,12804,11046
23109,12014,11095
21454,10214,11240
22757,11770,10987
22381,11405,10976
22566,11598,10968
23551,12391,11160
23660,12475,11185
22352,11394,10958
23268,12243,11025
22342,11416,10926
22792,11781,11011
23702,12638,11064
21367,10600,10767
20995,10192,10803
22615,11641,10974
21698,10569,11129
22493,11482,11011
23370,12170,11200
23883,12844,11039
21949,10910,11039
23658,12579,11079
24212,12547,11665
23760,12662,11098
24117,13113,11004
22841,11335,11506
23763,12689,11074
23258,12271,10987
23467,12495,10972
23630,12511,11119
22345,11323,11022
22762,11853,10909
22038,11167,10871
23804,12655,11149
21658,10965,10693
22524,11503,11021
22931,12038,10893
23049,11805,11244
23329,12307,11022
23122,12095,11027
23288,12236,11052
22737,11351,11386
22218,11212,11006
22082,11254,10828
24157,13025,11132
23630,12725,10905
24309,13171,11138
24063,12924,11139
22485,11497,10988
22386,11348,11038
22538,11622,10916
23556,12481,11075
21928,11196,10732
23403,12419,10984
23600,12650,10950
22989,12013,10976
21381,10717,10664
20435,9924,10511
23820,12795,11025
22765,11682,11083
23228,12172,11056
24207,13134,11073
22929,11925,11004
22088,11272,10816
21347,10530,10817
22734,11803,10931
23540,11941,11599
22835,11923,10912
21958,11037,10921
21924,11053,10871
22208,11327,10881
22807,11567,11240
23529,12431,11098
23660,12608,11052
23626,12437,11189
22686,11696,10990
22882,11903,10979
20850,10106,10744
23461,12508,10953
22595,11711,10884
23214,12260,10954
23168,12248,10920
23497,12359,11138
22220,11313,10907
22181,11245,10936
22803,11898,10905
23222,12228,10994
23458,12411,11047
23804,12822,10982
22406,11493,10913
24089,12929,11160
23261,12267,10994
23602,12528,11074
23056,12016,11040
23902,12834,11068
22253,11375,10878
21719,10870,10849
22022,11205,10817
22994,11942,11052
19210,8674,10536
22941,11892,11049
23130,12090,11040
23087,11695,11392
22841,11734,11107
23809,12747,11062
23044,12125,10919
23455,12373,11082
22339,11329,11010
23620,12645,10975
22903,11905,10998
23975,12917,11058
23410,12301,11109
23514,12413,11101
23940,12925,11015
24134,13091,11043
22322,10973,11349
22535,11618,10917
23832,12849,10983
23117,12045,11072
22065,11241,10824
23718,12618,11100
23544,12581,10963
22615,11608,11007
23118,12078,11040
21323,10543,10780
22889,11870,11019
23739,12731,11008
23677,12195,11482
21542,10766,10776
20710,9991,10719
22223,11426,10797
23335,12300,11035
22601,11630,10971
22903,11883,11020
24014,12998,11016
23131,12159,10972
21089,10437,10652
23188,12179,11009
22772,11726,11046
23597,12606,10991
24342,13158,11184
23120,12067,11053
23682,12595,11087
23014,12011,11003
21967,11109,10858
20979,10186,10793
23585,12501,11084
22515,11675,10840
21686,10865,10821
24047,13075,10972
22619,11688,10931
23244,12214,11030
23720,12725,10995
23037,12125,10912
22177,11349,10828
23609,11993,11616
23077,12100,10977
22353,11402,10951
24108,13066,11042
23315,12314,11001
22502,11705,10797
21534,10821,10713
22466,11570,10896
20414,9868,10546
21379,10683,10696
22691,11765,10926
22077,11035,11042
22740,11734,11006
21924,11030,10894
23786,12725,11061
22682,11620,11062
21054,10335,10719
23796,12719,11077
23848,12788,11060
22948,12008,10940
23947,12910,11037
21660,10778,10882
22877,11925,10952
21568,10330,11238
24215,13062,11153
22308,11337,10971
22324,11683,10641
23489,11973,11516
21982,11089,10893
23574,12075,11499
22877,11859,11018
23498,12431,11067
23300,12252,11048
22245,11339,10906
23234,12305,10929
22346,11405,10941
23506,11969,11537
23041,11973,11068
24040,13032,11008
23392,12362,11030
23465,12429,11036
22331,11474,10857
22973,11997,10976
23757,12637,11120
20296,9898,10398
23323,12318,11005
22758,11719,11039
23486,12336,11150
23454,12388,11066
23378,12410,10968
21950,11138,10812
22460,11497,10963
23518,12400,11118
22619,11830,10789
23321,12195,11126
22079,11097,10982
23438,12387,11051
22800,11838,10962
23158,12190,10968
24484,13035,11449
21950,11222,10728
24215,13065,11150
22399,11392,11007
22588,11169,11419
22284,11333,10951
23667,12719,10948
23171,12071,11100
21718,11013,10705
21448,10715,10733
23884,12761,11123
23001,12114,10887
23230,12287,10943
23556,12482,11074
23286,12243,11043
21512,10777,10735
23540,12495,11045
23792,12692,11100
24163,12547,11616
23001,12097,10904
22960,12009,10951
23289,12311,10978
23586,12468,11118
22770,11868,10902
23370,11866,11504
21528,10720,10808
23204,12140,11064
21625,10908,10717
22537,11583,10954
22931,11988,10943
24123,13024,11099
21915,11166,10749
22771,11829,10942
23167,12248,10919
23423,12470,10953
21942,11094,10848
21338,10691,10647
23731,12644,11087
23909,12985,10924
23154,12067,11087
22615,11758,10857
22636,11774,10862
23097,12113,10984
21857,10931,10926
23663,12651,11012
23346,12342,11004
23702,12674,11028
22942,12048,10894
23521,12535,10986
21296,10607,10689
21337,10536,10801
22798,11901,10897
22246,11310,10936
22558,11632,10926
22315,11432,10883
22706,11797,10909
23596,12510,11086
22756,11661,11095
23099,12173,10926
22913,11811,11102
24138,12552,11586
23077,12152,10925
23079,11871,11208
23816,12837,10979
22740,11829,10911
23271,12306,10965
23815,12706,11109
23657,12619,11038
23188,12237,10951
23458,12514,10944
22355,11532,10823
23534,12449,11085
23800,12708,11092
23017,11970,11047
22000,11101,10899
23066,12138,10928
23569,12586,10983
22260,11432,10828
22920,11875,11045
23913,12966,10947
22898,11930,10968
21353,10637,10716
23293,12352,10941
22551,11578,10973
23392,12214,11178
21422,10482,10940
22985,11954,11031
22098,11219,10879
22158,11199,10959
21866,10932,10934
22906,11879,11027
22917,12058,10859
22611,11715,10896
22502,11545,10957
23406,12375,11031
22253,11207,11046
23897,12823,11074
23016,12109,10907
23809,12635,11174
22133,11068,11065
22794,11856,10938
22323,11397,10926
22406,11137,11269
23810,12751,11059
23465,12460,11005
24093,13021,11072
22236,11447,10789
23791,12685,11106
22976,12022,10954
23749,12779,10970
23392,12532,10860
24017,12905,11112
23260,12260,11000
23306,12312,10994
23608,12543,11065
22248,10957,11291
23946,12957,10989
21766,11055,10711
23140,12021,11119
23347,12353,10994
24213,12544,11669
22122,11176,10946
22188,11368,10820
22707,11218,11489
23279,12250,11029
22955,12134,10821
23281,12316,10965
23077,11976,11101
22003,11128,10875
23492,12489,11003
23856,12827,11029
22292,11265,11027
23979,12964,11015
22708,11714,10994
23240,12166,11074
23763,12735,11028
22001,11165,10836
23560,12494,11066
23588,12526,11062
23457,12385,11072
21924,11049,10875
21228,10433,10795
23070,11988,11082
21508,10837,10671
21426,10760,10666
23578,12523,11055
22669,11634,11035
21506,10748,10758
22777,11852,10925
22896,11873,11023
23903,12449,11454
22577,11612,10965
22223,11218,11005
22899,12029,10870
22900,11955,10945
23264,12318,10946
23643,12659,10984
23393,12290,11103
23665,12690,10975
22706,11770,10936
24627,12982,11645
23102,12230,10872
22520,11642,10878
23352,12318,11034
23961,12861,11100
22963,12002,10961
23935,12817,11118
21852,11058,10794
21181,10425,10756
22882,11976,10906
23285,12226,11059
21271,10572,10699
23478,12456,11022
21634,10776,10858
23621,12661,10960
23989,12910,11079
23358,12367,10991
21652,10700,10952
23167,12168,10999
23623,12623,11000
20985,10376,10609
22233,11222,11011
23653,12569,11084
20102,9585,10517
23185,12113,11072
23926,12954,10972
21701,10846,10855
22327,11393,10934
23726,12504,11222
22580,11787,10793
22316,11456,10860
22893,12006,10887
23088,12087,11001
22466,11566,10900
22797,11902,10895
23480,12458,11022
23328,12279,11049
21567,10729,10838
21686,10993,10693
22119,11316,10803
22104,11217,10887
22195,11295,10900
23581,12458,11123
21520,10711,10809
22384,11554,10830
22805,11857,10948
22921,11934,10987
23556,12574,10982
22205,11375,10830
21505,10597,10908
23205,12111,11094
23502,11918,11584
23726,12644,11082
24317,13112,11205
22799,11842,10957
23531,12485,11046
23070,11960,11110
24174,12505,11669
20664,10066,10598
23822,12867,10955
23756,12790,10966
23348,12298,11050
22995,11918,11077
23822,12751,11071
23024,11993,11031
23327,12241,11086
22735,11880,10855
23621,12547,11074
23257,12294,10963
22993,11901,11092
24158,13093,11065
23713,12612,11101
22752,11782,10970
24106,12974,11132
24023,12937,11086
22204,11389,10815
21245,10395,10850
23124,12047,11077
23033,12059,10974
23805,12784,11021
22565,11546,11019
23147,12083,11064
23071,12049,11022
23505,12443,11062
22943,12141,10802
23524,12478,11046
23030,12024,11006
23848,12237,11611
23535,12556,10979
23597,12447,11150
23451,12532,10919
23164,12239,10925
21238,10585,10653
22941,12127,10814
22295,11443,10852
23783,12715,11068
22214,11330,10884
23031,11962,11069
23985,12909,11076
24037,12974,11063
21676,10804,10872
24147,12515,11632
23446,12448,10998
22937,11947,10990
23191,12168,11023
23579,12574,11005
22369,11445,10924
21943,11027,10916
23200,12209,10991
23796,12691,11105
24246,13100,11146
22426,11362,11064
22863,11854,11009
23729,12713,11016
22969,12119,10850
23140,12037,11103
23788,12251,11537
23198,12278,10920
24213,13048,11165
22707,11822,10885
22828,11808,11020
22346,11409,10937
22929,12041,10888
22724,11934,10790
22568,11298,11270
23589,12585,11004
23171,12099,11072
23004,11953,11051
23547,12532,11015
23113,12119,10994
23680,12613,11067
22043,11084,10959
21273,10529,10744
23198,12226,10972
22838,11823,11015
22312,11377,10935
21895,11152,10743
22345,11450,10895
23042,12006,11036
22524,11551,10973
21215,10431,10784
22800,11956,10844
23017,11572,11445
22074,11209,10865
23631,12649,10982
23748,12806,10942
23841,12756,11085
22557,11648,10909
21688,10831,10857
22072,11277,10795
21912,11167,10745
21937,11066,10871
22143,11321,10822
22918,11974,10944
23249,12216,11033
22674,11702,10972
22334,11406,10928
23181,12166,11015
21761,10931,10830
23251,12272,10979
23037,12079,10958
22576,11758,10818
21773,10971,10802
23494,12476,11018
23664,12637,11027
23017,12096,10921
22785,11872,10913
21881,11107,10774
22760,11746,11014
24096,12466,11630
22562,11699,10863
23748,12651,11097
23321,12385,10936
23020,11986,11034
22573,11625,10948
23596,12676,10920
23149,12250,10899
23077,12146,10931
20879,10227,10652
22681,11732,10949
22349,11377,10972
22848,11865,10983
23748,12746,11002
22169,11181,10988
23158,12362,10796
23617,12690,10927
22853,12069,10784
22851,11922,10929
23441,12401,11040
24260,13132,11128
22568,11716,10852
22551,11705,10846
23025,12081,10944
22760,11959,10801
22419,11625,10794
21586,10823,10763
20295,9610,10685
23096,11792,11304
23607,12540,11067
23650,12575,11075
23476,12453,11023
21986,11202,10784
22817,11877,10940
23459,12334,11125
23375,12480,10895
22737,11846,10891
23538,12551,10987
23881,12814,11067
22546,11567,10979
22560,11646,10914
23862,12946,10916
22055,11188,10867
23391,12379,11012
21543,10655,10888
22205,11284,10921
24275,13093,11182
22510,11633,10877
23154,12167,10987
23502,12436,11066
23744,12788,10956
21600,10818,10782
21217,10364,10853
22968,12046,10922
23404,12397,11007
21739,11047,10692
23500,12417,11083
22158,11134,11024
21932,11157,10775
22533,11492,11041
22778,11881,10897
22282,11403,10879
23509,12554,10955
23666,12603,11063
23291,12275,11016
22462,11529,10933
21609,10803,10806
23378,12486,10892
20989,10237,10752
23223,12297,10926
22349,11452,10897
23519,12462,11057
21603,10902,10701
22779,11891,10888
24074,12913,11161
23683,12692,10991
22795,11981,10814
23262,12235,11027
23293,12289,11004
23396,12301,11095
22543,11621,10922
23483,12503,10980
23474,12385,11089
22624,11704,10920
21567,10768,10799
21186,10469,10717
23938,12848,11090
23263,12231,11032
21812,11167,10645
23754,12702,11052
22287,11482,10805
22573,11666,10907
21641,10741,10900
23739,12630,11109
22604,11554,11050
23516,12498,11018
24071,12947,11124
23705,12696,11009
22378,11508,10870
22949,12047,10902
23007,12106,10901
22791,11736,11055
23459,12468,10991
23811,12792,11019
22581,11565,11016
23710,12628,11082
23543,12554,10989
21351,10719,10632
22904,11913,10991
22812,11903,10909
22611,11652,10959
23524,12519,11005
20761,9979,10782
22975,12076,10899
23961,12817,11144
23022,12075,10947
21628,10772,10856
22316,11135,11181
22790,11863,10927
23007,12016,10991
23295,12403,10892
22919,11877,11042
24266,12707,11559
22360,11517,10843
22925,11510,11415
23659,12530,11129
21388,10596,10792
21427,10667,10760
23115,12026,11089
22814,11920,10894
24061,12901,11160
23362,12242,11120
22439,11560,10879
24065,13010,11055
22301,11442,10859
22895,11824,11071
23036,12175,10861
22070,11102,10968
23798,12731,11067
22715,11744,10971
23414,12436,10978
21986,11124,10862
23481,12426,11055
21968,11101,10867
22791,11754,11037
21253,10354,10899
23814,12787,11027
22804,11792,11012
23703,12665,11038
22623,11760,10863
23056,12122,10934
22902,11887,11015
23324,12436,10888
23184,12130,11054
23555,12590,10965
21802,11034,10768
23567,12548,11019
24050,12458,11592
22101,11270,10831
23502,12472,11030
24094,13066,11028
22370,11384,10986
21390,10737,10653
23779,12753,11026
24076,12975,11101
23996,12982,11014
22758,11670,11088
23363,12288,11075
23556,12458,11098
21068,10394,10674
23532,12448,11084
24022,12914,11108
21797,11031,10766
23449,12410,11039
23436,12356,11080
22094,11123,10971
22057,11202,10855
23198,12185,11013
21234,10388,10846
24247,12756,11491
23664,12599,11065
21770,10882,10888
22565,11739,10826
23889,12771,11118
22951,11964,10987
22081,11099,10982
22405,11414,10991
23778,12796,10982
24131,12915,11216
23370,12324,11046
23175,12123,11052
23349,12370,10979
22656,11719,10937
23961,12379,11582
24094,13134,10960
23123,12011,11112
22089,11345,10744
23716,12503,11213
23550,12477,11073
24087,12930,11157
22478,11720,10758
23133,12206,10927
23656,12590,11066
22403,11514,10889
23124,12178,10946
22397,11398,10999
23122,12190,10932
23199,12181,11018
23619,12704,10915
23357,12294,11063
24201,13029,11172
22782,11809,10973
23355,12398,10957
23428,12448,10980
22466,11641,10825
23461,12545,10916
23322,12385,10937
24175,12567,11608
24004,12551,11453
23408,12374,11034
22353,11599,10754
20959,10208,10751
23701,12272,11429
23841,12767,11074
22526,11606,10920
22574,11676,10898
23264,12266,10998
23607,12492,11115
23825,12797,11028
22560,11585,10975
23537,12328,11209
23895,12794,11101
23424,12385,11039
23621,12704,10917
23409,12386,11023
22022,10809,11213
22419,11487,10932
22718,11793,10925
22518,11560,10958
20787,10189,10598
23558,12510,11048
23884,12872,11012
22626,11698,10928
23235,12303,10932
23026,12097,10929
23678,12638,11040
24023,12515,11508
20790,10165,10625
23694,12184,11510
23563,12467,11096
22970,11998,10972
22840,11990,10850
24137,13027,11110
22531,11666,10865
18740,8393,10347
23038,11991,11047
22921,11763,11158
23427,11806,11621
24127,13045,11082
21397,10785,10612
24105,12563,11542
22655,11781,10874
21733,10804,10929
21997,11147,10850
22406,11468,10938
22549,11642,10907
21942,11134,10808
22855,11845,11010
23586,12636,10950
22804,11899,10905
24042,12930,11112
23638,12617,11021
22949,11969,10980
23287,12373,10914
21645,10880,10765
23132,12091,11041
22929,11910,11019
21243,10518,10725
22927,11952,10975
21174,10553,10621
23166,12130,11036
24135,13001,11134
22971,11894,11077
23732,12652,11080
23002,12134,10868
23408,12254,11154
23206,12223,10983
22229,11394,10835
23773,12644,11129
23113,12140,10973
23503,12370,11133
23218,12222,10996
22663,11762,10901
23235,12224,11011
24145,13032,11113
24026,12924,11102
22212,11472,10740
23646,12615,11031
22233,11467,10766
23275,12068,11207
23843,12777,11066
22478,11558,10920
23204,12204,11000
22398,11579,10819
23603,12559,11044
24077,12867,11210
24013,13002,11011
23343,12272,11071
23173,12160,11013
19744,9332,10412
22207,11444,10763
23114,11584,11530
21104,10567,10537
23152,12155,10997
23053,12043,11010
23274,12249,11025
23318,12320,10998
23945,12788,11157
23625,12571,11054
21995,11255,10740
22418,11448,10970
23140,12234,10906
22473,11525,10948
21924,11123,10801
23737,12785,10952
23342,12237,11105
22835,11786,11049
24068,12758,11310
23045,12000,11045
22569,11610,10959
22763,11814,10949
23601,12587,11014
22919,11953,10966
23199,12335,10864
22362,11447,10915
23726,12635,11091
23658,12587,11071
23527,12568,10959
20031,9388,10643
23364,12337,11027
22995,12049,10946
21138,10240,10898
23827,12743,11084
22667,11885,10782
23099,12365,10734
23656,12687,10969
24072,13063,11009
23602,12664,10938
21776,11188,10588
23520,12574,10946
22302,11615,10687
23016,12028,10988
21615,10919,10696
22770,11789,10981
21631,10787,10844
23855,12866,10989
23142,12123,11019
20449,9290,11159
22889,11954,10935
22982,12169,10813
23338,12365,10973
23196,12207,10989
23780,12766,11014
24005,12896,11109
23858,12856,11002
22977,12045,10932
21822,10983,10839
22584,11630,10954
23836,12795,11041
23223,12182,11041
23924,12848,11076
22738,11204,11534
22603,11746,10857
23703,12735,10968
23913,12898,11015
23262,12317,10945
23971,12943,11028
22961,12098,10863
23382,12335,11047
23439,12370,11069
23041,11744,11297
23242,12254,10988
23098,12237,10861
23670,12602,11068
22997,12097,10900
23733,12713,11020
22639,11756,10883
23500,12477,11023
23702,12791,10911
22170,11199,10971
22978,12020,10958
23689,12661,11028
22577,11611,10966
23356,12286,11070
22383,11458,10925
21923,11049,10874
23880,12848,11032
23778,12702,11076
22803,11730,11073
23571,12615,10956
22946,11870,11076
22061,11269,10792
23124,12165,10959
23760,12717,11043
23288,11990,11298
22519,11175,11344
23067,12136,10931
21697,10890,10807
21793,10948,10845
22841,11806,11035
23049,11496,11553
20184,9850,10334
22881,11913,10968
23870,12287,11583
23330,12353,10977
22249,11315,10934
23703,12611,11092
22215,11336,10879
23371,12359,11012
22361,11350,11011
21687,10921,10766
23805,12821,10984
23064,12108,10956
21607,10795,10812
23482,12401,11081
22605,11554,11051
23774,12688,11086
22928,11951,10977
23586,12589,10997
23056,11835,11221
23414,12381,11033
23089,12043,11046
23493,12453,11040
21999,11084,10915
23697,12623,11074
22565,11698,10867
22260,11460,10800
23348,12259,11089
23086,12150,10936
23333,12273,11060
24009,12943,11066
21641,10799,10842
22090,11315,10775
22882,12011,10871
21719,10854,10865
22980,11978,11002
22342,11365,10977
23546,12376,11170
22543,11732,10811
22133,11266,10867
23708,12709,10999
22461,11624,10837
23953,12944,11009
24248,13090,11158
23425,12398,11027
22902,12014,10888
23123,12160,10963
22925,11974,10951
23255,12254,11001
23038,12049,10989
23731,12644,11087
23381,12346,11035
22680,11740,10940
23201,12264,10937
23255,12241,11014
23334,12327,11007
22288,11512,10776
24001,12968,11033
22926,11990,10936
22431,11146,11285
22252,11309,10943
22236,11379,10857
24100,12940,11160
22174,11407,10767
22759,11756,11003
21349,10407,10942
22627,11771,10856
23787,12665,11122
22790,11894,10896
23389,12353,11036
22705,11798,10907
22886,11978,10908
23262,12279,10983
23544,11918,11626
22719,11750,10969
21998,11264,10734
22593,11644,10949
23407,12436,10971
23420,12386,11034
22393,11477,10916
23910,12832,11078
22844,11406,11438
23572,12513,11059
22538,11544,10994
21120,10365,10755
23588,12592,10996
20621,10061,10560
22388,11552,10836
23159,12214,10945
22935,12017,10918
23539,12521,11018
23317,11925,11392
23474,12331,11143
23325,12289,11036
23587,12465,11122
22236,11434,10802
23283,12161,11122
23673,12651,11022
21752,11207,10545
23605,12494,11111
23103,12019,11084
23706,12636,11070
22304,11328,10976
22973,11999,10974
22734,11239,11495
20937,10219,10718
23163,12085,11078
23380,12371,11009
20305,9266,11039
23399,12314,11085
23499,12463,11036
23262,12215,11047
23213,12233,10980
22679,11667,11012
23523,12407,11116
23300,12437,10863
23279,12231,11048
23924,12873,11051
22303,11491,10812
22525,11694,10831
22213,11333,10880
22226,11425,10801
21570,10769,10801
23304,12423,10881
23116,12197,10919
22853,11961,10892
22449,11519,10930
21798,10893,10905
22365,11441,10924
22041,10707,11334
23734,12824,10910
22291,11499,10792
23119,12305,10814
22525,11602,10923
23370,12504,10866
22776,11510,11266
19710,9180,10530
22688,11748,10940
23698,12125,11573
21780,11070,10710
23591,12614,10977
23216,12308,10908
22964,11981,10983
23872,12663,11209
23390,12421,10969
22565,11604,10961
23944,12401,11543
23733,12669,11064
23818,12723,11095
22648,11735,10913
23745,12783,10962
21720,10843,10877
23889,12726,11163
22735,11773,10962
23324,12218,11106
21799,10986,10813
21295,10256,11039
23807,12685,11122
23274,12252,11022
23577,12496,11081
23827,12708,11119
23856,12778,11078
23344,12375,10969
22887,11894,10993
22699,11730,10969
22113,11226,10887
21131,10533,10598
22580,11559,11021
24075,13002,11073
24109,12977,11132
23049,12084,10965
22432,11504,10928
23291,12398,10893
23253,12259,10994
23081,12103,10978
24064,13018,11046
22976,12030,10946
21959,10967,10992
23404,12396,11008
22886,11824,11062
23631,12621,11010
23470,12542,10928
21500,10721,10779
23435,12377,11058
23669,12053,11616
22076,11117,10959
22372,11581,10791
21980,11103,10877
23414,11868,11546
22886,11913,10973
22369,11408,10961
22387,11497,10890
23667,12606,11061
22861,11815,11046
22948,11993,10955
23677,12581,11096
22804,11762,11042
22984,12035,10949
23549,12522,11027
21902,11024,10878
22133,11342,10791
23771,12648,11123
23779,12649,11130
23777,12820,10957
22915,11967,10948
24215,12665,11550
23486,12422,11064
22621,11468,11153
21666,10869,10797
22637,11690,10947
24134,13067,11067
23225,12232,10993
23767,12784,10983
22257,11289,10968
23434,12452,10982
23308,12280,11028
23151,12142,11009
22474,11583,10891
22704,11643,11061
22115,11259,10856
23401,12453,10948
22308,11447,10861
23603,12548,11055
23191,12299,10892
23995,12928,11067
23660,12563,11097
23187,12185,11002
22404,11467,10937
22319,11469,10850
23079,12110,10969
23167,12136,11031
21070,10457,10613
21704,10807,10897
22604,11833,10771
23687,12713,10974
23438,12421,11017
23072,12170,10902
22440,11499,10941
22095,11363,10732
23541,12490,11051
23090,12106,10984
24243,13066,11177
23192,12105,11087
21855,11012,10843
22726,11845,10881
23577,12559,11018
22514,11484,11030
23312,12337,10975
22647,11577,11070
22856,12056,10800
22214,11509,10705
23596,12446,11150
20192,9726,10466
20977,10253,10724
23499,12532,10967
21985,11289,10696
23101,12296,10805
22537,11609,10928
23552,12421,11131
22900,11940,10960
23122,12115,11007
22881,11916,10965
22055,11217,10838
22086,11257,10829
22188,11329,10859
22666,11854,10812
24685,13062,11623
18816,8367,10449
22801,11810,10991
22264,11594,10670
22716,11868,10848
22571,11689,10882
22872,11893,10979
23730,12357,11373
22284,11405,10879
23354,12424,10930
23981,12832,11149
23311,12317,10994
22233,11250,10983
22375,11374,11001
22852,11950,10902
22594,11825,10769
23614,12588,11026
22445,11535,10910
23513,12513,11000
21273,10576,10697
22479,11636,10843
21645,10772,10873
23887,12851,11036
22896,11869,11027
21046,10189,10857
23853,12795,11058
22925,11921,11004
23565,12644,10921
23631,12644,10987
23973,12968,11005
21388,10525,10863
22637,11688,10949
23284,12313,10971
23355,12392,10963
23167,12106,11061
23164,12155,11009
24165,13073,11092
23242,12226,11016
22987,11838,11149
22469,11570,10899
21050,10263,10787
22982,11890,11092
23659,12733,10926
23657,12662,10995
22166,11277,10889
22730,11761,10969
22848,11885,10963
23490,12423,11067
23614,12635,10979
23679,12614,11065
22922,12101,10821
21445,10837,10608
22989,12025,10964
22913,11935,10978
22860,12046,10814
22121,11333,10788
23324,12304,11020
23505,12464,11041
23553,12465,11088
21264,10506,10758
23409,12388,11021
22847,11840,11007
23145,12156,10989
23395,12479,10916
21305,10665,10640
22674,11796,10878
23696,12681,11015
22274,11434,10840
22334,11397,10937
23256,12165,11091
23781,12757,11024
22833,11895,10938
23830,12779,11051
23466,12475,10991
22798,11845,10953
21623,10474,11149
24081,12541,11540
22906,11931,10975
23892,12882,11010
23661,12630,11031
24112,12957,11155
22343,11440,10903
22769,11796,10973
23667,12601,11066
22492,11469,11023
23927,12942,10985
21953,11216,10737
23406,12381,11025
23923,12885,11038
22277,11420,10857
23648,12812,10836
22176,11275,10901
23459,12420,11039
23668,12659,11009
23175,12158,11017
23692,12628,11064
23496,12464,11032
22062,10794,11268
22709,11857,10852
23678,12665,11013
23857,12320,11537
22846,11787,11059
23017,12026,10991
23391,12418,10973
23182,12254,10928
23166,12146,11020
22344,11492,10852
23252,12207,11045
23385,12398,10987
23467,12427,11040
21946,10711,11235
22861,11989,10872
20604,9886,10718
22861,11936,10925
23731,12666,11065
23247,12337,10910
22330,11381,10949
22303,11464,10839
23542,12554,10988
22177,11360,10817
22960,12013,10947
23061,12178,10883
23666,12615,11051
23260,12212,11048
23938,12938,11000
23540,12592,10948
24072,12953,11119
23030,12031,10999
23533,12523,11010
22823,12015,10808
23191,12273,10918
23454,12396,11058
23784,12875,10909
23001,12113,10888
22631,11786,10845
23273,12290,10983
23161,12232,10929
23781,12718,11063
23105,12182,10923
22942,12022,10920
22079,11245,10834
21949,11122,10827
23898,12768,11130
22711,11807,10904
23696,12408,11288
22677,11717,10960
22799,11850,10949
23208,12245,10963
23706,12613,11093
23588,12591,10997
22645,11672,10973
23598,12522,11076
23228,12411,10817
21139,10513,10626
23756,12714,11042
22319,11471,10848
21696,10829,10867
23067,12101,10966
23693,12412,11281
23499,12443,11056
20272,9585,10687
22201,11350,10851
23449,12472,10977
21907,11164,10743
22605,11659,10946
24150,13185,10965
23703,12623,11080
21800,11089,10711
23748,12752,10996
23323,12282,11041
23016,12015,11001
23254,12282,10972
23747,12729,11018
23669,12568,11101
23244,12180,11064
23672,12620,11052
23514,12583,10931
23570,12531,11039
23652,12704,10948
23222,12388,10834
22521,11578,10943
21716,10927,10789
23261,12200,11061
21929,11086,10843
23258,12469,10789
22108,11314,10794
21077,10491,10586
23125,12106,11019
23361,12369,10992
23538,12510,11028
24036,12966,11070
22337,11472,10865
23709,12766,10943
23746,12727,11019
21992,11189,10803
21683,10897,10786
23123,12155,10968
23188,12152,11036
22635,11686,10949
21720,10899,10821
24044,12981,11063
23394,12330,11064
22324,11466,10858
22439,11617,10822
23060,12132,10928
22969,12076,10893
23899,12769,11130
23611,12619,10992
23031,12053,10978
22202,11347,10855
24160,13032,11128
24033,13000,11033
23342,12241,11101
22719,11781,10938
23379,12335,11044
24122,12991,11131
21927,11060,10867
22195,11362,10833
23359,12414,10945
22663,11734,10929
23163,12155,11008
23121,12112,11009
22464,11705,10759
22386,11406,10980
23025,11933,11092
23852,12941,10911
22974,12098,10876
23195,12218,10977
22346,11516,10830
22866,11925,10941
20456,9866,10590
20778,10211,10567
23514,12479,11035
24018,12889,11129
21768,11023,10745
22571,11712,10859
23588,12466,11122
22954,12019,10935
19868,9643,10225
22573,11673,10900
23715,12224,11491
23927,12823,11104
20928,10203,10725
22041,11148,10893
23812,12783,11029
22398,11533,10865
22943,11985,10958
23674,12680,10994
23391,12408,10983
23239,12253,10986
22947,12030,10917
23215,12196,11019
22774,11842,10932
22142,11285,10857
23441,12480,10961
21619,10874,10745
22647,11717,10930
23067,12043,11024
23661,12666,10995
22650,11827,10823
23351,12390,10961
22029,11015,11014
23834,12812,11022
23784,12750,11034
23949,12859,11090
21753,10919,10834
23164,12217,10947
22589,11592,10997
23763,12833,10930
22109,11154,10955
23535,12490,11045
21879,11096,10783
23245,12140,11105
23310,12399,10911
23749,12197,11552
22920,11921,10999
23884,12753,11131
24019,12926,11093
22628,11849,10779
22620,11682,10938
20994,10203,10791
22044,11345,10699
23473,12517,10956
24015,12445,11570
22606,11663,10943
22299,11450,10849
23384,12278,11106
22647,11710,10937
23542,12447,11095
23242,12219,11023
23045,12018,11027
20951,10267,10684
23775,12681,11094
23166,12207,10959
23501,12479,11022
23022,12029,10993
22993,12036,10957
22570,11798,10772
23026,12039,10987
23738,12678,11060
23644,12632,11012
22678,11834,10844
23895,12822,11073
22391,11434,10957
23396,12308,11088
23606,12620,10986
23343,12370,10973
22451,11482,10969
20773,10140,10633
22992,11922,11070
23872,12744,11128
22235,11480,10755
19810,9164,10646
22889,11971,10918
24189,12982,11207
23481,12514,10967
21460,10735,10725
23853,12715,11138
22355,11489,10866
21839,10987,10852
21679,10931,10748
22853,11891,10962
21912,11000,10912
23562,12470,11092
23616,12462,11154
21584,10715,10869
23347,12332,11015
21923,10994,10929
23932,12506,11426
23379,12418,10961
22597,11783,10814
23535,12649,10886
22287,11446,10841
20989,10337,10652
22920,11939,10981
22903,12062,10841
22072,11153,10919
22948,12007,10941
22734,11938,10796
21896,11237,10659
23133,12194,10939
22327,11414,10913
23112,12062,11050
23119,12142,10977
23338,12355,10983
22924,11641,11283
22756,11897,10859
22808,11426,11382
23896,12822,11074
22940,12074,10866
23707,12646,11061
22505,11633,10872
23734,12738,10996
22768,11722,11046
23223,12275,10948
22881,11855,11026
23570,12519,11051
23393,12394,10999
22769,11763,11006
22915,11930,10985
24033,12899,11134
23250,12231,11019
24098,12997,11101
24000,12997,11003
22008,11333,10675
22161,11393,10768
23544,12279,11265
23366,12244,11122
23711,12670,11041
23459,12452,11007
23475,12500,10975
23241,12259,10982
24017,12365,11652
21720,11019,10701
23926,12918,11008
23549,12541,11008
23807,12754,11053
23645,12644,11001
22699,11724,10975
22386,11476,10910
23396,12462,10934
24015,12939,11076
23175,12319,10856
21442,10394,11048
21930,11033,10897
23205,12247,10958
22920,12027,10893
22919,11844,11075
22716,11784,10932
22862,11860,11002
22324,11457,10867
22830,11822,11008
22956,11877,11079
21521,10724,10797
23596,12604,10992
23829,12862,10967
23008,11984,11024
23608,12568,11040
22154,11295,10859
22218,11387,10831
22596,11798,10798
22072,11265,10807
23789,12790,10999
22825,11858,10967
21848,11018,10830
22102,11189,10913
22721,11802,10919
22606,11687,10919
23872,12816,11056
23292,12370,10922
23322,12393,10929
23568,12487,11081
23003,11456,11547
21937,11098,10839
22775,11831,10944
23535,12483,11052
22727,11795,10932
23331,12315,11016
23142,12208,10934
23079,12210,10869
23001,11934,11067
23782,12791,10991
22651,11686,10965
21210,10385,10825
22590,11723,10867
22679,11748,10931
22641,11677,10964
23638,12729,10909
22860,11895,10965
22508,11536,10972
21790,11125,10665
23029,12057,10972
23625,12564,11061
23646,12521,11125
22982,11592,11390
24064,13113,10951
22364,11533,10831
24230,13171,11059
23685,12655,11030
22532,11596,10936
23209,12271,10938
24061,12991,11070
24163,13145,11018
23520,12491,11029
23108,12195,10913
24178,13162,11016
23440,12544,10896
23202,12247,10955
22966,11975,10991
23536,12425,11111
21580,10768,10812
22509,11542,10967
23372,12377,10995
22034,11087,10947
22701,11842,10859
24052,12970,11082
21207,10437,10770
24131,13068,11063
23630,12584,11046
23212,11817,11395
22269,11374,10895
23560,12708,10852
24024,12997,11027
22562,11673,10889
24003,12525,11478
22015,11099,10916
21922,11078,10844
22461,11602,10859
22865,12013,10852
21511,10806,10705
22749,11774,10975
23297,12346,10951
23155,12158,10997
23472,12510,10962
22421,11495,10926
21196,10568,10628
20721,10169,10552
23993,12958,11035
22563,11781,10782
23271,12405,10866
23362,12464,10898
23810,12758,11052
22938,12006,10932
22884,11881,11003
22945,12014,10931
22246,11450,10796
23237,12310,10927
23124,12122,11002
23605,12607,10998
23906,12789,11117
21680,10879,10801
21882,11168,10714
23360,12427,10933
22866,11832,11034
23075,12074,11001
23684,12674,11010
24170,13074,11096
23019,12079,10940
22771,12002,10769
22573,11744,10829
23006,12027,10979
23544,12513,11031
23520,12546,10974
24202,13205,10997
22057,11186,10871
24122,13048,11074
23385,12386,10999
23373,12412,10961
23257,12209,11048
23018,12087,10931
23030,12064,10966
23033,12023,11010
22715,11732,10983
22667,11825,10842
22398,11444,10954
22584,11778,10806
23973,12757,11216
22865,11446,11419
23911,12741,11170
20668,10098,10570
21828,11040,10788
23008,11914,11094
23471,12610,10861
23642,12607,11035
22618,11757,10861
23029,12069,10960
23234,12313,10921
23238,12334,10904
23453,12449,11004
22931,12052,10879
23131,12174,10957
22253,11371,10882
20123,9508,10615
22903,11989,10914
23881,12688,11193
22815,11902,10913
23748,12833,10915
22975,11969,11006
23888,12759,11129
23778,12750,11028
22949,12040,10909
23313,12438,10875
23521,12577,10944
23061,12068,10993
22088,11296,10792
22560,11618,10942
23856,12807,11049
22543,11668,10875
23862,12785,11077
23353,12352,11001
20899,10352,10547
21474,10664,10810
23641,12629,11012
23299,12282,11017
23257,12217,11040
23761,12660,11101
23028,12056,10972
23835,12888,10947
22087,11294,10793
23615,12575,11040
23656,12676,10980
22614,11726,10888
22128,11300,10828
23369,12335,11034
22633,11678,10955
22419,11554,10865
21713,10868,10845
23107,12104,11003
22587,11681,10906
23071,12103,10968
23991,12979,11012
21439,10682,10757
22199,11303,10896
23592,12592,11000
23648,12656,10992
22049,11263,10786
23326,12317,11009
23985,12355,11630
22413,11512,10901
24031,12488,11543
22452,11621,10831
23460,12533,10927
23153,12186,10967
22865,11888,10977
23411,12523,10888
23871,12731,11140
22996,12107,10889
23348,12455,10893
23520,12497,11023
22343,11655,10688
22298,11474,10824
23309,12274,11035
23186,12269,10917
23094,12044,11050
21879,11043,10836
22554,11595,10959
23186,12308,10878
23208,12226,10982
23174,12146,11028
23141,12199,10942
22158,11345,10813
21701,10815,10886
21551,10891,10660
23645,12586,11059
22876,11828,11048
22886,11955,10931
21867,10571,11296
23719,12568,11151
23488,12593,10895
23333,12340,10993
22235,11374,10861
22728,11864,10864
21963,11146,10817
24113,13079,11034
22292,11295,10997
24138,13008,11130
23226,12220,11006
22204,11355,10849
22137,11336,10801
24342,13267,11075
23664,12591,11073
23305,12307,10998
23293,12312,10981
21745,10832,10913
23039,12205,10834
22976,11549,11427
22266,11357,10909
23724,12732,10992
22926,11933,10993
22997,12098,10899
24012,13068,10944
23694,12705,10989
22777,11896,10881
23902,12843,11059
23720,12686,11034
21610,10886,10724
22408,11479,10929
22109,11253,10856
23720,12676,11044
22661,11625,11036
23840,12721,11119
22717,11768,10949
23562,12643,10919
23645,12586,11059
23578,12540,11038
22266,10978,11288
23800,12786,11014
22588,11729,10859
23714,12330,11384
23438,12433,11005
22594,11658,10936
21676,10909,10767
22488,11246,11242
21562,10836,10726
21434,10707,10727
23188,12210,10978
22786,12072,10714
23414,12320,11094
22814,11854,10960
21538,10880,10658
21784,10931,10853
22986,12006,10980
22839,11752,11087
20967,10328,10639
22973,11932,11041
23457,12501,10956
23726,12539,11187
23436,12447,10989
22447,11462,10985
23854,12851,11003
23002,12135,10867
23802,12301,11501
22504,11527,10977
23362,12318,11044
23412,12137,11275
21352,10666,10686
23267,12292,10975
23316,12393,10923
23134,12189,10945
23012,12064,10948
23588,12492,11096
23055,12107,10948
22044,11356,10688
23119,12201,10918
24099,13114,10985
23219,12154,11065
21807,11069,10738
23687,12666,11021
22808,11871,10937
22308,11494,10814
23276,12465,10811
20266,9656,10610
22748,11749,10999
23478,12405,11073
23357,12357,11000
22923,11591,11332
23784,12770,11014
23105,12087,11018
21682,10875,10807
22224,11428,10796
23887,12890,10997
23064,12101,10963
21336,10608,10728
23149,12066,11083
22443,11558,10885
21598,10928,10670
24254,12979,11275
22585,11568,11017
22399,11632,10767
22776,11855,10921
23053,12066,10987
23266,12191,11075
20818,10125,10693
22591,11666,10925
23685,12770,10915
22561,11540,11021
23736,12201,11535
22632,11702,10930
23468,12510,10958
22329,11362,10967
23695,12657,11038
23274,11833,11441
23295,12298,10997
24034,12920,11114
22634,11772,10862
21915,11059,10856
22709,11902,10807
23321,12253,11068
23723,12599,11124
20544,9916,10628
23908,12952,10956
23432,12469,10963
21649,10757,10892
23213,12237,10976
22986,11762,11224
23054,12127,10927
23561,12495,11066
23534,12524,11010
23398,12425,10973
21385,10620,10765
21922,11192,10730
23921,12806,11115
23551,12547,11004
21255,10649,10606
23094,12212,10882
21732,10982,10750
23156,12123,11033
21797,11007,10790
22309,11456,10853
22897,11857,11040
22960,12002,10958
23094,12303,10791
22790,11963,10827
23785,12867,10918
21260,10520,10740
23184,11854,11330
22962,12116,10846
23083,12232,10851
22541,11580,10961
23510,12609,10901
23876,12769,11107
23355,12289,11066
22425,11676,10749
23659,12603,11056
22662,11808,10854
21432,10820,10612
23901,12891,11010
22310,11436,10874
22690,11778,10912
24097,12703,11394
23815,12747,11068
23362,12331,11031
22834,11943,10891
21547,10813,10734
22498,11625,10873
24056,13020,11036
22280,11419,10861
23457,12312,11145
21974,11071,10903
23841,12490,11351
23169,12196,10973
23953,12996,10957
22365,11544,10821
23137,12062,11075
23539,12603,10936
22326,10887,11439
23618,12590,11028
23552,12570,10982
22674,11714,10960
23459,12526,10933
23021,12199,10822
22531,11483,11048
23125,12119,11006
23468,12555,10913
23671,12632,11039
22490,11691,10799
23649,12523,11126
23071,11933,11138
22160,11303,10857
21395,10769,10626
21960,11100,10860
21904,11149,10755
23588,12349,11239
22917,11959,10958
22968,12027,10941
23270,12276,10994
22864,11976,10888
23322,12434,10888
23396,12338,11058
23865,12796,11069
21432,10584,10848
23843,12714,11129
23787,12594,11193
23215,12047,11168
22668,11864,10804
22545,11660,10885
22305,11420,10885
23775,12790,10985
23652,12697,10955
23103,12142,10961
22487,11569,10918
22120,11305,10815
23223,12358,10865
20726,10144,10582
23743,12734,11009
23244,12331,10913
22082,11232,10850
21946,11044,10902
22580,11809,10771
23453,12473,10980
23142,12187,10955
22138,11358,10780
21235,10449,10786
21759,10955,10804
22107,11189,10918
23839,12861,10978
23141,12049,11092
23328,12453,10875
23859,12999,10860
23210,11829,11381
22517,11571,10946
21400,10696,10704
21589,10911,10678
22277,11432,10845
22633,11700,10933
22196,11251,10945
19184,8985,10199
22605,11773,10832
22956,11946,11010
23377,12355,11022
23419,12363,11056
20152,9618,10534
21721,10988,10733
20942,10355,10587
23772,12724,11048
21917,11060,10857
23258,12345,10913
24000,12524,11476
23903,12940,10963
23065,12157,10908
22702,11926,10776
23743,12745,10998
23206,12237,10969
23579,12563,11016
22580,11574,11006
22941,11902,11039
22279,11552,10727
22088,11251,10837
22624,11806,10818
22980,11994,10986
23852,12806,11046
21420,10707,10713
23122,12169,10953
21988,11103,10885
20858,10353,10505
22024,11294,10730
23454,12411,11043
22980,11970,11010
23600,12558,11042
22256,11472,10784
23414,12471,10943
22997,12108,10889
24126,13109,11017
23201,12302,10899
23127,12164,10963
22436,11503,10933
23061,12138,10923
23510,12544,10966
23405,12343,11062
24053,13027,11026
22475,11675,10800
22192,11315,10877
22011,11438,10573
24042,12975,11067
22053,11226,10827
23661,12574,11087
22328,11374,10954
22530,11571,10959
23639,12638,11001
22713,11709,11004
23469,12536,10933
23119,12207,10912
23326,12217,11109
23031,12110,10921
23280,12293,10987
23167,12244,10923
22734,11670,11064
23530,12471,11059
22019,11271,10748
22390,11572,10818
22379,11456,10923
22302,11348,10954
23451,12432,11019
23203,12213,10990
22229,11297,10932
22901,11893,11008
22547,11656,10891
22818,11800,11018
23437,12525,10912
23256,12231,11025
22366,11459,10907
23887,12900,10987
23236,12318,10918
23605,12468,11137
23514,12439,11075
23102,12133,10969
23755,12803,10952
20944,10401,10543
23635,12558,11077
23595,12568,11027
22936,11961,10975
22373,11391,10982
23375,12294,11081
22923,11970,10953
23269,12283,10986
21088,10408,10680
24055,13004,11051
23430,12388,11042
22992,12014,10978
23944,12906,11038
23310,12352,10958
22795,11901,10894
22179,11418,10761
23411,12392,11019
22965,12016,10949
23270,11857,11413
23354,12371,10983
23619,12567,11052
23472,12454,11018
23873,12813,11060
22865,12032,10833
22695,11782,10913
22944,11580,11364
23281,12488,10793
23567,12569,10998
22221,11358,10863
23742,12337,11405
23653,12658,10995
22665,11791,10874
21495,10742,10753
23569,12491,11078
21824,11055,10769
23853,12806,11047
21411,10827,10584
22933,11942,10991
23739,12673,11066
23533,12611,10922
21913,11062,10851
23096,12132,10964
23499,12581,10918
22230,11274,10956
23985,12874,11111
23531,12531,11000
22854,11861,10993
22917,12039,10878
21369,10611,10758
23979,12930,11049
22810,11849,10961
22161,11369,10792
24052,12968,11084
23063,12096,10967
23656,12573,11083
23586,12577,11009
21344,10614,10730
22883,11976,10907
23398,12335,11063
23577,12551,11026
21106,10384,10722
22653,11644,11009
22215,11366,10849
23758,12354,11404
22730,11733,10997
22910,11819,11091
23226,12239,10987
22224,11362,10862
23505,12483,11022
22267,11405,10862
23291,12376,10915
22019,11185,10834
24158,13044,11114
20932,10159,10773
21877,11143,10734
23271,12197,11074
22047,11147,10900
23278,12313,10965
21827,10951,10876
23180,12255,10925
23095,12165,10930
23236,12216,11020
23894,12937,10957
22003,11218,10785
23597,12641,10956
22809,11880,10929
23034,12100,10934
23496,12506,10990
23250,12268,10982
22731,11687,11044
22371,11548,10823
23418,12479,10939
23706,12717,10989
21093,10472,10621
22419,11376,11043
23620,12750,10870
22885,11969,10916
22793,11884,10909
23585,12091,11494
23710,12704,11006
22640,11763,10877
23163,12276,10887
24160,13049,11111
23471,12414,11057
23415,12447,10968
21762,10885,10877
23215,12159,11056
20965,10308,10657
23392,12394,10998
23548,12504,11044
22918,12051,10867
22350,11583,10767
22266,11536,10730
23520,12575,10945
22477,11571,10906
20700,10127,10573
21098,10527,10571
22200,10930,11270
22373,11542,10831
23169,12222,10947
23062,12045,11017
23289,12357,10932
22927,11987,10940
22336,11502,10834
22994,12113,10881
22338,11479,10859
22615,11742,10873
22524,11754,10770
22868,11929,10939
23684,12480,11204
24060,12935,11125
22224,11461,10763
21910,11013,10897
23271,12482,10789
23303,12252,11051
23414,12464,10950
21958,10752,11206
22968,11969,10999
23681,12623,11058
22755,12036,10719
23347,12268,11079
23161,12226,10935
23611,12631,10980
22942,11962,10980
22053,11216,10837
21841,10994,10847
23099,12174,10925
23855,12850,11005
22684,11774,10910
22789,11964,10825
22129,11385,10744
23628,12152,11476
23608,12568,11040
23289,12290,10999
22881,11943,10938
22927,11891,11036
22563,11714,10849
23625,12640,10985
22238,11405,10833
22620,11651,10969
21471,10597,10874
23689,12700,10989
22412,11586,10826
23930,12929,11001
23009,12054,10955
22460,11685,10775
21777,11035,10742
23237,12363,10874
20144,9624,10520
23420,12461,10959
22952,11995,10957
22230,11387,10843
22881,11927,10954
22591,11684,10907
22442,11522,10920
22150,11589,10561
23003,12217,10786
23296,12224,11072
21828,10982,10846
22971,11982,10989
22539,11392,11147
22625,11758,10867
22539,11300,11239
21571,10851,10720
21377,10635,10742
22824,11842,10982
22688,11629,11059
21065,10311,10754
22803,11898,10905
23730,12661,11069
23393,12562,10831
23421,12321,11100
23511,12451,11060
21618,10867,10751
21730,10901,10829
23152,12068,11084
22300,11355,10945
23429,12397,11032
22333,11452,10881
23443,12404,11039
22470,11748,10722
22471,11401,11070
23911,12877,11034
22948,11959,10989
22721,11852,10869
23754,12681,11073
21846,11101,10745
22893,11922,10971
22932,12018,10914
21691,10994,10697
22675,11723,10952
23421,12460,10961
23284,12328,10956
21376,10671,10705
23133,12231,10902
23500,12316,11184
23218,12378,10840
23532,12470,11062
23539,12450,11089
23091,12152,10939
23461,12397,11064
22981,12046,10935
22411,11574,10837
23330,12274,11056
22429,11497,10932
23595,12516,11079
22271,11485,10786
22017,11248,10769
21904,10929,10975
22679,11711,10968
22612,11670,10942
22206,11262,10944
23026,12045,10981
23140,12204,10936
21971,11082,10889
22041,11144,10897
23849,12890,10959
23153,12148,11005
23487,12457,11030
23108,12242,10866
22049,11263,10786
20046,9517,10529
22779,11573,11206
22287,11240,11047
24001,12413,11588
23126,11847,11279
21480,10610,10870
22820,11804,11016
23352,12327,11025
23190,12265,10925
22876,11952,10924
21617,10870,10747
24081,13068,11013
23237,12469,10768
21615,10965,10650
22329,11433,10896
23392,12381,11011
23740,12634,11106
22611,11779,10832
23060,12083,10977
23455,12501,10954
23369,12437,10932
23441,12406,11035
23437,12454,10983
22752,11809,10943
22578,11728,10850
22299,11378,10921
22465,11478,10987
23317,12344,10973
23615,12133,11482
22564,11783,10781
21655,10742,10913
23997,12933,11064
23775,12775,11000
22878,11994,10884
22640,11763,10877
23385,12441,10944
22472,11572,10900
23835,12842,10993
22953,11967,10986
22774,11904,10870
23396,12384,11012
23320,12360,10960
22421,11430,10991
23111,12168,10943
23862,12891,10971
23474,12508,10966
23140,12264,10876
23491,12468,11023
23273,12359,10914
22584,11557,11027
23627,12593,11034
23429,11880,11549
22369,11354,11015
22184,11266,10918
23173,12131,11042
23145,12285,10860
23070,12094,10976
23159,12142,11017
19120,8657,10463
22452,11432,11020
22823,11936,10887
22937,11992,10945
22090,11259,10831
23634,12640,10994
23697,12727,10970
24153,13082,11071
21921,11019,10902
22882,12029,10853
23435,12455,10980
23713,12629,11084
22032,11206,10826
23253,12296,10957
22588,11796,10792
22704,11751,10953
23750,12715,11035
24017,12861,11156
21645,10790,10855
22507,11501,11006
21712,10858,10854
22520,11522,10998
23500,12484,11016
23206,12172,11034
23226,12272,10954
23276,12178,11098
22804,11866,10938
23262,12246,11016
22803,11978,10825
21621,10792,10829
23191,12176,11015
20674,9808,10866
24083,13016,11067
21811,11116,10695
23763,12701,11062
22454,11671,10783
22967,12090,10877
23747,12689,11058
21119,10359,10760
22951,12048,10903
23221,12215,11006
21344,10579,10765
23785,12847,10938
23539,12546,10993
23025,12146,10879
23896,12962,10934
23388,12327,11061
23095,12136,10959
22726,11795,10931
21905,11138,10767
23595,12694,10901
22416,11569,10847
22871,11961,10910
22094,11243,10851
22618,11684,10934
23574,12499,11075
22665,11798,10867
21479,10583,10896
23797,12662,11135
23353,11791,11562
23362,12300,11062
22537,11514,11023
22138,11170,10968
22647,11811,10836
23805,12743,11062
22942,12045,10897
21783,11071,10712
23009,12202,10807
23687,12567,11120
23252,12351,10901
23190,12196,10994
21665,10860,10805
20889,10328,10561
22061,11195,10866
22862,11882,10980
22713,11804,10909
22287,11423,10864
22168,11365,10803
23079,12162,10917
22061,11281,10780
24186,13116,11070
21426,10574,10852
22941,12072,10869
22718,11693,11025
23124,12199,10925
22330,11389,10941
23227,12335,10892
23565,12586,10979
22668,11774,10894
23593,12592,11001
23479,12552,10927
22914,12024,10890
20679,10078,10601
21623,10893,10730
20826,10170,10656
23664,12126,11538
23771,12758,11013
22861,12020,10841
23447,12438,11009
22845,11912,10933
21996,11411,10585
23809,12746,11063
22340,11482,10858
23248,12259,10989
23347,12384,10963
24012,12974,11038
22639,11692,10947
22479,11676,10803
22044,11214,10830
23459,12454,11005
22604,11710,10894
22956,12009,10947
22527,11594,10933
23209,12297,10912
22824,11833,10991
23389,12323,11066
23011,12022,10989
23648,12731,10917
21783,10874,10909
23855,12768,11087
23334,12296,11038
22613,11682,10931
22987,12097,10890
21692,10728,10964
22394,11427,10967
22406,11423,10983
23238,12163,11075
23287,12299,10988
21804,10568,11236
23256,12190,11066
22863,11870,10993
23306,12385,10921
22801,11873,10928
22319,11428,10891
21712,10770,10942
22361,11666,10695
21246,10487,10759
23810,12312,11498
21670,10964,10706
24156,13000,11156
22743,11771,10972
23277,12322,10955
22950,11974,10976
21938,11238,10700
21773,11032,10741
22919,11994,10925
23446,12447,10999
22955,11654,11301
20992,10289,10703
23929,12484,11445
22565,11566,10999
23212,12171,11041
22607,11740,10867
22686,11847,10839
23172,12188,10984
22729,11827,10902
22126,11109,11017
23742,12687,11055
21418,10740,10678
22443,11509,10934
23320,12352,10968
23084,12078,11006
22479,11631,10848
23829,12743,11086
23573,12533,11040
23446,12533,10913
20829,10019,10810
22629,11382,11247
23594,12590,11004
22972,12176,10796
22514,11715,10799
21510,10696,10814
22466,11574,10892
22825,11946,10879
23338,12329,11009
22792,11482,11310
21457,10805,10652
23586,12603,10983
22654,11486,11168
22944,11910,11034
22972,12101,10871
22175,10911,11264
23046,12083,10963
19914,9532,10382
23811,12336,11475
21720,10995,10725
23293,12335,10958
22322,11550,10772
20963,10183,10780
21511,10764,10747
22799,11817,10982
23735,12656,11079
24070,13045,11025
23133,12067,11066
22701,11703,10998
22212,11409,10803
23544,12501,11043
22984,11981,11003
22331,11585,10746
23169,12266,10903
23121,12198,10923
22515,11534,10981
23033,12044,10989
22841,12003,10838
23273,12374,10899
23444,12434,11010
23352,12471,10881
23572,12486,11086
23092,12124,10968
22233,11456,10777
22198,11369,10829
23486,12055,11431
23049,12040,11009
23518,12618,10900
22776,11897,10879
22322,11502,10820
21880,10989,10891
22466,11207,11259
23868,12542,11326
22770,12033,10737
23738,12747,10991
22572,11709,10863
23059,12090,10969
23478,12565,10913
23046,12093,10953
21678,10925,10753
22601,11670,10931
22637,11592,11045
23017,12049,10968
23389,12384,11005
22955,12063,10892
22012,11169,10843
23394,12372,11022
22544,11585,10959
23443,11976,11467
23734,12732,11002
23844,12192,11652
22123,11334,10789
22227,11456,10771
23865,12857,11008
23093,12144,10949
21828,11030,10798
23962,12863,11099
22291,11437,10854
22988,11546,11442
23352,12518,10834
22672,11774,10898
23301,11846,11455
23486,12550,10936
22958,12009,10949
21796,10958,10838
22874,11925,10949
22013,11086,10927
23257,12367,10890
20970,10279,10691
23183,12226,10957
23417,12355,11062
22610,11785,10825
23757,12761,10996
24179,12604,11575
22958,11989,10969
21835,11036,10799
22889,11939,10950
23195,12282,10913
22304,11354,10950
22786,11418,11368
22783,11798,10985
23184,11726,11458
22597,11715,10882
23135,12173,10962
23176,12310,10866
23619,12485,11134
23207,12258,10949
24034,12991,11043
20938,10245,10693
21414,10395,11019
23172,12131,11041
23096,12154,10942
23023,11713,11310
23802,12830,10972
23921,12935,10986
22114,11293,10821
23411,12427,10984
22253,11352,10901
23552,12532,11020
23211,12199,11012
22681,11793,10888
23434,12387,11047
21580,10761,10819
22852,11856,10996
23193,12229,10964
22319,11540,10779
22450,11706,10744
23443,12379,11064
21966,11189,10777
21659,11014,10645
22862,11715,11147
23475,12568,10907
21672,10881,10791
23699,12721,10978
21641,10843,10798
23590,12566,11024
22851,11828,11023
22793,11854,10939
23875,12869,11006
22584,11746,10838
23563,12466,11097
23148,12192,10956
22330,11420,10910
23307,12299,11008
21694,10975,10719
23262,12326,10936
23151,12136,11015
23686,12619,11067
21849,11010,10839
23144,12170,10974
22899,12004,10895
23769,12696,11073
22427,11476,10951
22911,11987,10924
22423,11559,10864
22679,11701,10978
23932,12408,11524
23071,11635,11436
22331,11431,10900
22344,11111,11233
22746,11845,10901
23190,12158,11032
21436,10697,10739
22771,11882,10889
21733,10965,10768
21522,10731,10791
22919,12029,10890
22716,11868,10848
23083,12101,10982
22277,11491,10786
22956,11966,10990
22160,11442,10718
23402,12083,11319
21350,10593,10757
23453,11987,11466
22889,11952,10937
23289,12407,10882
23334,12394,10940
22188,11380,10808
22777,11653,11124
23070,12106,10964
23618,12535,11083
21549,10726,10823
22516,11532,10984
21921,11162,10759
22443,11502,10941
23355,12419,10936
22530,11804,10726
23765,12757,11008
23182,12282,10900
21617,10882,10735
23784,12786,10998
21888,11115,10773
21401,10687,10714
23430,12426,11004
22821,11757,11064
22785,11777,11008
23333,12304,11029
23701,12608,11093
23280,12270,11010
22193,11464,10729
22533,11705,10828
23230,12259,10971
23150,12189,10961
23189,12089,11100
23088,11747,11341
23003,12018,10985
23935,13014,10921
23986,12963,11023
23962,12922,11040
22671,11727,10944
22030,11185,10845
23389,12421,10968
22276,11320,10956
23794,12768,11026
23569,12615,10954
20397,9720,10677
22013,11012,11001
22207,11441,10766
23397,12401,10996
22887,11938,10949
22789,11828,10961
22297,11435,10862
23880,12932,10948
23668,12731,10937
23007,12117,10890
22172,11261,10911
23681,12674,11007
22229,11474,10755
23799,12850,10949
22993,12033,10960
23330,12344,10986
21426,10641,10785
22668,11663,11005
22395,11571,10824
23378,12336,11042
23524,12398,11126
22996,12071,10925
23216,12206,11010
22707,11798,10909
23150,12188,10962
23596,12557,11039
23049,12187,10862
22215,11198,11017
22513,11586,10927
21987,11156,10831
22542,11652,10890
22739,11751,10988
23568,12582,10986
23422,12322,11100
22641,11630,11011
21441,10730,10711
23178,12193,10985
21954,11117,10837
23664,12524,11140
22507,11584,10923
23396,12389,11007
23760,12685,11075
21981,11158,10823
20901,10210,10691
22775,11863,10912
23476,12437,11039
23872,12787,11085
23000,12026,10974
22078,11292,10786
23267,12304,10963
22750,11772,10978
21890,10999,10891
23021,12122,10899
24042,13025,11017
22171,11346,10825
23417,12443,10974
22310,11422,10888
22979,11998,10981
23126,12312,10814
23422,12352,11070
23684,12649,11035
23110,12139,10971
23608,12613,10995
22887,12023,10864
23352,11919,11433
22153,11195,10958
22350,11402,10948
23169,12247,10922
22472,11502,10970
22944,11980,10964
22757,11971,10786
22568,11731,10837
22949,12056,10893
23259,12285,10974
22428,11442,10986
23635,12683,10952
22968,12117,10851
21668,10955,10713
22564,11712,10852
23406,12333,11073
20630,10209,10421
23970,12892,11078
22982,12207,10775
23209,12179,11030
22828,11860,10968
23320,12112,11208
22836,11903,10933
23996,12887,11109
22561,11682,10879
22758,11788,10970
21960,11148,10812
22842,11852,10990
22312,11488,10824
22362,11549,10813
22726,11763,10963
23439,12501,10938
20750,10083,10667
23250,12175,11075
23417,12523,10894
21297,10559,10738
23135,12244,10891
23606,12692,10914
22938,12026,10912
22681,11732,10949
23262,12345,10917
23744,12638,11106
23294,12347,10947
23309,12400,10909
23045,11632,11413
23112,12161,10951
22062,11191,10871
24211,13132,11079
23399,12441,10958
22602,11802,10800
21244,10568,10676
21171,10570,10601
22371,11481,10890
23963,12907,11056
21102,10052,11050
23608,12528,11080
22720,11928,10792
23477,12434,11043
21906,11230,10676
22224,11005,11219
21050,10345,10705
21923,11138,10785
22737,11822,10915
20690,10281,10409
23444,12523,10921
22725,11796,10929
23272,12229,11043
23179,12256,10923
21089,10395,10694
22446,11505,10941
23120,12138,10982
22658,11719,10939
23570,12547,11023
22590,11724,10866
22563,11684,10879
22787,11749,11038
23878,12773,11105
23929,12658,11271
23353,12291,11062
23376,12330,11046
22789,11899,10890
20959,10334,10625
22703,11443,11260
22509,11543,10966
23438,12377,11061
22390,11520,10870
22938,12013,10925
24012,12981,11031
22771,11870,10901
23024,12013,11011
23575,12536,11039
22635,11649,10986
20407,9903,10504
22266,11351,10915
22461,11646,10815
21888,11254,10634
23332,12309,11023
22682,11641,11041
22725,11917,10808
23559,12500,11059
22878,11926,10952
23741,12800,10941
21023,10324,10699
23049,12116,10933
22125,11173,10952
22194,11226,10968
23305,12285,11020
21526,10782,10744
23145,12289,10856
23740,12666,11074
21173,10366,10807
23396,12446,10950
21287,10635,10652
23140,11698,11442
21285,10466,10819
22766,11895,10871
22162,11392,10770
23731,12765,10966
20454,9523,10931
23961,12709,11252
23708,12728,10980
23453,12532,10921
21834,10958,10876
22498,11492,11006
21979,10594,11385
21347,10290,11057
22725,11675,11050
22459,11630,10829
22153,11242,10911
23443,12383,11060
23371,12368,11003
20963,10408,10555
22895,11948,10947
22899,12017,10882
23416,12354,11062
23026,12039,10987
20595,9856,10739
22751,11916,10835
22655,11612,11043
21170,10448,10722
23465,12498,10967
21561,10384,11177
22464,11536,10928
22772,11835,10937
22332,11507,10825
23515,12513,11002
22920,11948,10972
22580,11742,10838
23213,12271,10942
22913,11939,10974
22383,11397,10986
23589,12595,10994
23050,12116,10934
23862,12876,10986
22223,11435,10788
23313,12373,10940
22362,11445,10917
22371,11392,10979
23951,12968,10983
22111,11261,10850
22685,11748,10937
23032,11607,11425
23423,12396,11027
22648,11802,10846
23149,12237,10912
23110,12016,11094
23704,12765,10939
23669,12535,11134
23262,12295,10967
22796,11901,10895
23853,12584,11269
24612,12982,11630
23721,12749,10972
23028,11618,11410
23416,12387,11029
22865,11936,10929
23375,12331,11044
21291,10463,10828
21110,10496,10614
22313,11386,10927
22322,11551,10771
22978,11980,10998
23399,12279,11120
23736,12274,11462
21627,10409,11218
23192,12266,10926
22002,11340,10662
22533,11552,10981
24058,12942,11116
22731,11790,10941
21915,11017,10898
23596,12504,11092
20974,10525,10449
22086,11274,10812
22251,11312,10939
23957,12955,11002
23219,11761,11458
23091,12057,11034
23291,12331,10960
23699,12671,11028
23678,12623,11055
22991,12119,10872
23366,12456,10910
20928,10223,10705
22243,11425,10818
22861,11927,10934
23779,12895,10884
23688,12662,11026
23362,12307,11055
23975,12946,11029
22648,11652,10996
22486,11680,10806
23268,12286,10982
21926,11161,10765
22466,11278,11188
23096,12196,10900
22693,11734,10959
23456,12339,11117
23552,12410,11142
20754,10069,10685
23658,12625,11033
22073,11238,10835
23887,12858,11029
22829,12027,10802
23063,12151,10912
22642,11894,10748
22920,11887,11033
21252,10606,10646
23642,12641,11001
21885,11126,10759
21906,10933,10973
22114,11366,10748
23828,12785,11043
21604,10974,10630
22448,11452,10996
23364,12393,10971
23084,12096,10988
22978,11824,11154
22576,11600,10976
23200,12252,10948
24013,12931,11082
23216,12294,10922
23959,12914,11045
21499,10604,10895
23646,12689,10957
23154,12233,10921
22872,11874,10998
22168,11260,10908
21330,10630,10700
23963,12910,11053
23863,12783,11080
23447,12159,11288
22953,12033,10920
22624,11812,10812
22687,11792,10895
22310,11503,10807
23929,12898,11031
21438,10603,10835
23238,12380,10858
22293,11339,10954
19845,9396,10449
23689,12691,10998
23093,12020,11073
21750,11137,10613
22582,11648,10934
22033,11104,10929
22631,11478,11153
22817,11609,11208
23301,12283,11018
23540,12441,11099
22596,11684,10912
23121,12131,10990
22157,11227,10930
23236,12314,10922
22949,12095,10854
22620,11681,10939
24007,12454,11553
23579,12659,10920
23826,12905,10921
21587,10956,10631
22979,12029,10950
22565,11593,10972
22777,11841,10936
23559,12462,11097
22392,11534,10858
21958,11182,10776
20931,10383,10548
21060,10071,10989
22262,11218,11044
23194,12190,11004
23238,12276,10962
23126,12142,10984
22611,11633,10978
20973,10270,10703
21364,10642,10722
22643,11246,11397
23292,11837,11455
21475,10290,11185
22122,11273,10849
21666,10945,10721
21543,10680,10863
21915,10977,10938
22493,11649,10844
21749,10938,10811
23350,12345,11005
22373,11484,10889
23214,12193,11021
23273,12353,10920
22879,12127,10752
24293,12732,11561
23221,12260,10961
22733,11478,11255
22570,11700,10870
23561,12504,11057
22137,11225,10912
23157,12138,11019
24060,12979,11081
23677,12652,11025
22446,11505,10941
23407,12508,10899
23116,11747,11369
22207,11354,10853
22307,11332,10975
22971,12061,10910
22664,11755,10909
22461,11555,10906
20837,10076,10761
22888,11995,10893
22533,11592,10941
23341,12297,11044
22628,11722,10906
22672,11770,10902
19695,9149,10546
22695,11793,10902
22379,11536,10843
23421,12460,10961
20875,10223,10652
20971,10292,10679
23485,12427,11058
22175,11279,10896
23613,12639,10974
22841,11959,10882
22950,11948,11002
22723,11762,10961
22980,12145,10835
23607,12354,11253
20957,10217,10740
23611,12608,11003
22362,11521,10841
22864,11872,10992
21429,10564,10865
23079,11691,11388
21278,10582,10696
22038,11382,10656
24130,12693,11437
23759,12725,11034
21673,10731,10942
22911,11910,11001
22467,11250,11217
22382,11474,10908
21841,11086,10755
23354,12527,10827
23102,12168,10934
22345,11397,10948
22702,11756,10946
22860,11866,10994
23318,12406,10912
22958,11989,10969
23505,12512,10993
22750,11874,10876
22069,11265,10804
22151,11244,10907
23324,12383,10941
23525,12599,10926
22700,11708,10992
22912,11864,11048
23615,12514,11101
22906,11892,11014
23571,12560,11011
22302,11466,10836
23306,12258,11048
23335,12261,11074
21588,10910,10678
23577,12487,11090
22586,11732,10854
23725,12727,10998
23067,12097,10970
22747,11787,10960
22329,11503,10826
24384,12758,11626
23537,12544,10993
22840,11848,10992
22143,11212,10931
22678,11800,10878
22286,11134,11152
23299,12306,10993
23314,12399,10915
21745,10909,10836
23423,12449,10974
21963,11091,10872
23542,12575,10967
22196,11191,11005
24346,12946,11400
23702,12616,11086
23766,12755,11011
22399,11480,10919
23453,12390,11063
22914,11985,10929
22992,11970,11022
23585,12581,11004
22259,11327,10932
23555,12648,10907
21967,11217,10750
23095,12061,11034
23344,12365,10979
22631,11742,10889
24078,13040,11038
21048,10392,10656
22315,11455,10860
22035,11126,10909
22441,11588,10853
22162,11396,10766
23404,12443,10961
23484,12533,10951
23030,12094,10936
23172,12251,10921
23491,12501,10990
22207,11408,10799
23502,12437,11065
22819,11921,10898
22293,11454,10839
23067,12031,11036
21630,10940,10690
22358,11527,10831
22463,11558,10905
24294,12767,11527
22612,11683,10929
22944,12019,10925
21753,10826,10927
22235,11074,11161
22943,11972,10971
22436,11404,11032
22749,11869,10880
22314,11560,10754
22727,11759,10968
22853,11866,10987
22863,11484,11379
23229,12241,10988
23134,12058,11076
23474,12371,11103
22288,11433,10855
23689,12654,11035
22850,11864,10986
22878,12051,10827
23606,12660,10946
21795,10951,10844
22067,11215,10852
23794,12696,11098
23571,12279,11292
22954,12038,10916
23829,12658,11171
24244,13064,11180
23411,12403,11008
23527,12521,11006
23065,12040,11025
20987,10253,10734
21551,10788,10763
23074,12086,10988
23646,12638,11008
24067,12455,11612
21943,11157,10786
23685,12719,10966
22761,11817,10944
21757,10966,10791
22377,11540,10837
22888,11865,11023
22643,11766,10877
22550,11668,10882
23175,12226,10949
22850,11961,10889
23175,12105,11070
22379,11479,10900
23880,12899,10981
22476,11608,10868
23373,12415,10958
23705,12702,11003
23564,12498,11066
23051,11982,11069
21707,10934,10773
20345,9804,10541
23646,12619,11027
22293,11329,10964
23886,12908,10978
20949,10326,10623
23048,11986,11062
22800,11841,10959
23413,12301,11112
21825,11016,10809
21411,10674,10737
23477,12481,10996
21893,11071,10822
23009,12153,10856
23406,12433,10973
21976,11165,10811
22903,11941,10962
23372,12346,11026
22946,12143,10803
19293,8830,10463
23619,12673,10946
22997,12050,10947
22333,11415,10918
23465,12474,10991
23072,12025,11047
23207,12171,11036
21013,10243,10770
23864,12747,11117
22225,11312,10913
23848,12802,11046
21774,11099,10675
21710,10816,10894
21560,10811,10749
22690,11747,10943
22702,11715,10987
22250,11405,10845
23969,13015,10954
23543,12528,11015
23712,12218,11494
22140,11322,10818
23743,12664,11079
22620,11632,10988
22851,11857,10994
22499,11582,10917
23446,12473,10973
22775,11824,10951
24241,13214,11027
22814,11910,10904
22830,11577,11253
22666,11728,10938
22331,11636,10695
22848,12080,10768
20829,10165,10664
23521,12480,11041
23615,12635,10980
21970,10921,11049
20653,9954,10699
23168,12210,10958
20766,10271,10495
21087,10413,10674
24129,13125,11004
22085,11051,11034
22822,11997,10825
22353,11646,10707
22796,11745,11051
23129,12166,10963
23630,12558,11072
20947,10318,10629
23943,12871,11072
22888,12053,10835
22005,11133,10872
22049,11090,10959
22319,11494,10825
22564,11612,10952
21304,10592,10712
22719,11753,10966
24238,13129,11109
23359,12347,11012
22830,12064,10766
22219,11571,10648
22598,11684,10914
22402,11678,10724
21893,10887,11006
23499,12525,10974
22436,11527,10909
21215,10553,10662
23572,12596,10976
22399,11572,10827
23624,12620,11004
23417,12187,11230
21143,10434,10709
21958,11038,10920
23261,12194,11067
23713,12655,11058
22791,11852,10939
23032,11979,11053
23723,12366,11357
23220,12005,11215
20237,9751,10486
22393,11579,10814
22175,11262,10913
22389,11503,10886
22967,11975,10992
22434,11599,10835
22665,11704,10961
21643,10885,10758
23172,11615,11557
22091,11235,10856
23125,12161,10964
22591,11679,10912
22168,11331,10837
23351,12438,10913
21910,11226,10684
23522,12480,11042
22801,11960,10841
22423,11687,10736
22860,11830,11030
22677,11709,10968
23578,12559,11019
22590,11735,10855
22749,11776,10973
22947,12004,10943
23862,12798,11064
22858,11947,10911
22303,11485,10818
23866,12941,10925
23498,12501,10997
21343,10525,10818
23477,12382,11095
22498,11609,10889
21648,10947,10701
22346,11199,11147
23064,12206,10858
23498,12109,11389
23859,12856,11003
23619,12654,10965
23865,12446,11419
23076,12140,10936
21246,10637,10609
22189,11312,10877
23118,12210,10908
23449,12406,11043
21500,10355,11145
21252,10799,10453
23799,12735,11064
22181,11440,10741
21278,10631,10647
21988,11155,10833
23674,12443,11231
21888,11038,10850
22845,11944,10901
23447,12457,10990
23317,12292,11025
22760,11691,11069
23553,12558,10995
23381,12350,11031
22827,11880,10947
22333,11522,10811
21203,10522,10681
22899,12031,10868
23037,11979,11058
23376,12394,10982
23847,12824,11023
23711,12717,10994
22800,11909,10891
22040,11120,10920
22656,11791,10865
22933,11991,10942
22729,11901,10828
23245,12271,10974
23610,12637,10973
21779,10907,10872
22910,11973,10937
23273,12275,10998
23636,12682,10954
23336,12294,11042
23282,12298,10984
23530,12442,11088
22022,11145,10877
23263,12274,10989
23143,12119,11024
23164,12132,11032
22473,11630,10843
21699,10931,10768
23158,12182,10976
21962,11226,10736
23518,12496,11022
21675,10977,10698
23570,12519,11051
23384,12413,10971
22363,11486,10877
22781,11808,10973
23879,12761,11118
21308,10601,10707
22706,11696,11010
22307,11402,10905
21347,10655,10692
21693,10999,10694
22686,11808,10878
23628,12574,11054
21707,10950,10757
23318,12309,11009
22331,11402,10929
22498,11570,10928
22755,11902,10853
22165,11237,10928
22308,11468,10840
23556,12561,10995
23073,12019,11054
22820,11858,10962
22381,11538,10843
22163,11293,10870
22204,11330,10874
22722,11900,10822
22719,11895,10824
22116,11197,10919
22731,11878,10853
23501,12514,10987
23220,12209,11011
23255,12244,11011
19890,9192,10698
23758,12731,11027
21853,11094,10759
19935,9591,10344
23355,12452,10903
22715,11816,10899
21407,10721,10686
23590,12667,10923
22745,11858,10887
23512,12442,11070
23379,12339,11040
23357,12429,10928
23600,12511,11089
22276,11457,10819
23700,12733,10967
22878,11999,10879
23972,12916,11056
22797,11850,10947
23147,12212,10935
22540,11582,10958
23433,12353,11080
23944,12900,11044
23929,12827,11102
23208,12277,10931
23264,12374,10890
23225,12216,11009
22836,11837,10999
23651,12553,11098
21368,10688,10680
23076,12078,10998
23643,12595,11048
22773,11792,10981
23108,12208,10900
22966,11939,11027
22288,11317,10971
23355,12378,10977
23918,12826,11092
22549,11670,10879
22803,11942,10861
23510,12072,11438
22644,11837,10807
23145,12098,11047
23637,12591,11046
21780,11041,10739
23107,12081,11026
20220,9497,10723
22818,11920,10898
22488,11584,10904
21376,10647,10729
23409,12412,10997
24044,12936,11108
22422,11703,10719
23900,12822,11078
23099,12216,10883
23232,12245,10987
22716,11803,10913
22279,11327,10952
22840,11840,11000
22209,11315,10894
22288,11376,10912
22297,11581,10716
23219,12263,10956
22315,11530,10785
23294,12397,10897
23671,12301,11370
22993,12038,10955
23712,12591,11121
23072,12013,11059
22657,11724,10933
23672,12688,10984
22153,11347,10806
23244,12209,11035
21867,11249,10618
22887,11894,10993
23400,12494,10906
21744,10840,10904
23402,12413,10989
23283,11836,11447
23018,12122,10896
22911,11947,10964
21991,11229,10762
22737,11823,10914
22893,11942,10951
22376,11600,10776
22695,11906,10789
23245,12246,10999
23283,12347,10936
21353,10533,10820
23529,12470,11059
22862,11845,11017
22109,11346,10763
22524,11628,10896
22751,11694,11057
23161,12287,10874
24101,13002,11099
23363,12035,11328
21884,10976,10908
23170,12117,11053
22523,11559,10964
21946,11116,10830
22590,11698,10892
22732,11815,10917
21446,10530,10916
23368,12410,10958
22632,11887,10745
22910,12015,10895
20337,9745,10592
23755,12662,11093
22515,11636,10879
22122,11041,11081
22071,11182,10889
23726,12562,11164
21846,11011,10835
20947,10332,10615
23828,12703,11125
22379,11483,10896
23556,12561,10995
23766,12803,10963
21911,10884,11027
23005,12205,10800
23435,12541,10894
23980,12440,11540
22584,11755,10829
23116,12196,10920
21920,11115,10805
24030,12561,11469
23559,12513,11046
23763,12741,11022
23485,12528,10957
20953,10349,10604
20629,10182,10447
22405,11466,10939
21107,10481,10626
23799,12666,11133
22832,12001,10831
23079,12278,10801
22664,11772,10892
22812,11264,11548
22393,11526,10867
22755,11893,10862
22280,11430,10850
23034,12009,11025
23111,12091,11020
22182,11384,10798
22372,11412,10960
22400,11545,10855
23010,12204,10806
23903,12851,11052
22296,11410,10886
22874,11902,10972
23811,12706,11105
23456,12190,11266
23232,12275,10957
22819,11967,10852
23557,12587,10970
22883,11760,11123
22325,11437,10888
23188,12316,10872
22094,11316,10778
23821,12759,11062
22871,11914,10957
21906,11139,10767
22687,11782,10905
23596,12575,11021
23046,12114,10932
23389,12565,10824
22977,12077,10900
23153,12206,10947
23213,12233,10980
21651,11005,10646
22933,12021,10912
23911,12549,11362
23232,11861,11371
22344,11598,10746
22733,11668,11065
23191,12190,11001
21560,10805,10755
22358,11512,10846
23458,12490,10968
21864,11055,10809
21951,11104,10847
22884,11876,11008
22780,11895,10885
23556,12568,10988
22987,12035,10952
23090,12104,10986
22367,11479,10888
23328,12328,11000
21742,10863,10879
22244,11436,10808
22600,11679,10921
22840,11935,10905
22781,11805,10976
22204,11490,10714
22871,11912,10959
23161,11879,11282
23249,12339,10910
22034,11245,10789
23148,12155,10993
23409,11928,11481
21787,10948,10839
23468,12540,10928
22303,11444,10859
22325,11249,11076
21849,10954,10895
23834,12669,11165
23289,12342,10947
21925,11003,10922
23871,12810,11061
23613,12578,11035
22644,11772,10872
22151,11214,10937
22806,11966,10840
23076,11920,11156
23452,12472,10980
22066,11369,10697
22711,11630,11081
23060,12108,10952
23089,12188,10901
21612,10925,10687
22892,12026,10866
22768,11807,10961
22981,11982,10999
23336,12353,10983
23613,12530,11083
24000,12898,11102
22910,11922,10988
21427,10576,10851
23171,12221,10950
23493,12257,11236
21423,10716,10707
23875,12893,10982
22789,11938,10851
23355,12373,10982
23251,12232,11019
23457,12547,10910
23987,12887,11100
23237,12302,10935
23208,12241,10967
22042,11166,10876
22445,11523,10922
22614,11705,10909
21937,11089,10848
22289,11434,10855
23040,12029,11011
23413,12525,10888
21586,10893,10693
20814,10103,10711
24065,12967,11098
22440,11461,10979
22826,11922,10904
23677,12631,11046
23135,12085,11050
22880,11899,10981
22295,11314,10981
22375,11640,10735
22827,11855,10972
23303,12233,11070
22543,11562,10981
23313,12271,11042
20173,9691,10482
23108,12259,10849
23234,12412,10822
22328,11325,11003
23194,12183,11011
22816,11958,10858
22691,11889,10802
23341,12383,10958
22628,11794,10834
23089,12151,10938
22053,11201,10852
21197,10379,10818
23283,12279,11004
21442,10686,10756
23483,12372,11111
24243,12666,11577
23453,12489,10964
23010,11921,11089
23803,12668,11135
22941,11987,10954
23441,12367,11074
22436,11422,11014
22381,11446,10935
22239,11067,11172
23619,12229,11390
22852,11996,10856
23027,12089,10938
21506,10887,10619
21262,10463,10799
23302,12344,10958
22424,11544,10880
23365,12371,10994
24053,12858,11195
23534,12591,10943
22819,11995,10824
22846,12010,10836
23244,12241,11003
21793,10884,10909
22505,11656,10849
23223,12164,11059
22358,11470,10888
21011,10305,10706
22841,11955,10886
22287,11471,10816
22320,11442,10878
22724,11949,10775
23211,12147,11064
22925,11868,11057
23683,12664,11019
23009,12126,10883
22984,11921,11063
21880,11059,10821
22558,11570,10988
21418,10659,10759
23569,12419,11150
24364,12713,11651
21897,10928,10969
22936,11910,11026
22986,11994,10992
22323,11458,10865
21654,10873,10781
23556,12473,11083
23171,12193,10978
22534,11562,10972
23487,12519,10968
23718,12552,11166
22515,11604,10911
22355,11357,10998
22769,11873,10896
22564,11755,10809
21675,10797,10878
22675,11664,11011
23779,12651,11128
24363,12771,11592
23923,12949,10974
22662,11115,11547
22474,11484,10990
22830,11971,10859
22826,11970,10856
22756,11750,11006
22033,11236,10797
22997,11919,11078
23986,12982,11004
22802,11903,10899
23322,12381,10941
21739,11038,10701
23436,12486,10950
23840,12703,11137
21804,10884,10920
22053,11166,10887
20560,9887,10673
20328,9657,10671
22583,11703,10880
22429,11536,10893
22847,11961,10886
23824,12716,11108
22542,11627,10915
22014,11270,10744
22062,11240,10822
22625,11660,10965
23626,12619,11007
23760,12821,10939
23318,12268,11050
23292,12328,10964
23043,12082,10961
21762,11018,10744
22536,11630,10906
22711,11808,10903
23419,12518,10901
21228,10439,10789
23128,12302,10826
20491,9955,10536
23271,12221,11050
22417,11535,10882
23769,12699,11070
23588,12545,11043
22789,12015,10774
24448,12979,11469
22360,11426,10934
22654,11774,10880
21774,10969,10805
22672,11622,11050
22576,11695,10881
23184,12202,10982
23307,12226,11081
23601,12463,11138
23883,12834,11049
20963,10315,10648
22545,11654,10891
23186,12230,10956
22122,11134,10988
23194,12299,10895
24184,13150,11034
22217,11345,10872
23547,12538,11009
23387,12464,10923
20670,9929,10741
23104,12215,10889
22169,11356,10813
23797,12491,11306
23258,12269,10989
22619,11664,10955
20454,9883,10571
23431,12459,10972
21824,11051,10773
23368,12338,11030
20478,9878,10600
23992,12941,11051
23748,12670,11078
23252,12325,10927
21753,10980,10773
23371,12339,11032
20356,9780,10576
22506,11127,11379
22623,11811,10812
23725,12823,10902
23051,12015,11036
22110,11176,10934
23249,12313,10936
23222,12179,11043
22279,11472,10807
22862,12015,10847
23292,12369,10923
23904,12872,11032
22623,11673,10950
22868,11985,10883
21359,10756,10603
21861,10871,10990
22912,12007,10905
22595,11406,11189
23563,12611,10952
22577,11623,10954
22627,11819,10808
22380,11491,10889
22970,12040,10930
23493,12554,10939
22447,11529,10918
23440,12419,11021
23549,12600,10949
23382,12439,10943
22765,11697,11068
23189,11980,11209
23721,12711,11010
23791,12814,10977
22660,11672,10988
23871,12609,11262
23358,12475,10883
21789,11007,10782
23496,12367,11129
21708,10925,10783
21798,11068,10730
22035,11231,10804
23697,12758,10939
23359,12272,11087
23827,12847,10980
21382,10664,10718
22704,11814,10890
23400,12369,11031
23229,12210,11019
23418,12544,10874
23385,12413,10972
23248,12292,10956
23431,12448,10983
22648,11825,10823
22143,11040,11103
23916,12797,11119
23186,12096,11090
22769,11965,10804
23870,12807,11063
23467,12560,10907
23139,12135,11004
23056,12092,10964
21476,10715,10761
23677,12573,11104
23866,12861,11005
22729,11648,11081
23272,12225,11047
22136,11208,10928
23627,12621,11006
22447,11465,10982
23500,12470,11030
22199,11213,10986
22446,11578,10868
23553,12513,11040
22171,11307,10864
22454,11675,10779
23192,12254,10938
22213,11333,10880
22170,11351,10819
23290,12289,11001
22902,11984,10918
20952,10167,10785
22624,11711,10913
23841,12871,10970
23613,12557,11056
23403,12445,10958
21225,10382,10843
20706,10135,10571
21487,10748,10739
22604,11666,10938
23192,12227,10965
23365,12413,10952
21659,10783,10876
22461,11554,10907
22747,11916,10831
20981,10338,10643
22638,11711,10927
23307,12433,10874
22311,11396,10915
21608,10766,10842
21024,10266,10758
22821,11866,10955
21544,10802,10742
22525,11640,10885
23658,12661,10997
22889,12010,10879
21318,10583,10735
22825,11913,10912
22575,11797,10778
23666,12641,11025
23234,12261,10973
21698,10936,10762
23314,12316,10998
23773,12710,11063
22993,11646,11347
23823,12359,11464
22637,11634,11003
22879,12004,10875
23643,12615,11028
22696,11703,10993
23767,12663,11104
22537,11595,10942
23443,12448,10995
23158,12346,10812
22778,11838,10940
23303,12343,10960
21164,10435,10729
21530,10655,10875
23788,12707,11081
21349,10496,10853
23271,12258,11013
23061,12127,10934
23062,12204,10858
22352,11435,10917
23674,12746,10928
22419,11646,10773
21791,10893,10898
21972,11091,10881
22692,11749,10943
22595,11769,10826
21340,10599,10741
24038,12916,11122
23232,12349,10883
23122,12172,10950
22383,11471,10912
22222,11348,10874
23185,12087,11098
23356,12393,10963
22693,11802,10891
23517,12508,11009
23633,12604,11029
23489,12504,10985
22707,11901,10806
22476,11641,10835
23604,12420,11184
23672,12674,10998
23314,12292,11022
23186,12209,10977
21905,11100,10805
23744,12821,10923
22569,11628,10941
22875,11860,11015
21152,9982,11170
22342,11406,10936
23900,12879,11021
23235,12241,10994
22491,11578,10913
23359,12388,10971
23653,12600,11053
22674,11642,11032
21859,10985,10874
22547,11690,10857
22313,11453,10860
23800,12767,11033
23370,12422,10948
23270,12354,10916
23842,12858,10984
22757,11803,10954
22112,11278,10834
24126,13106,11020
23637,12460,11177
23726,12698,11028
23657,12562,11095
22631,11878,10753
21234,10637,10597
22356,11473,10883
22637,11730,10907
23140,12142,10998
22440,11537,10903
21893,11101,10792
22294,11371,10923
22792,12024,10768
23567,12482,11085
22138,11303,10835
22226,11353,10873
21303,10609,10694
22356,11440,10916
22138,11264,10874
23700,12695,11005
20643,10062,10581
21509,10634,10875
23980,12489,11491
23390,12429,10961
22035,11115,10920
21932,11230,10702
22970,12011,10959
23421,12471,10950
21418,10907,10511
24239,13111,11128
23196,12294,10902
23172,12217,10955
23831,12722,11109
23385,12319,11066
23590,12563,11027
21705,10884,10821
22520,11685,10835
22697,11808,10889
23612,12637,10975
22737,12018,10719
22714,11795,10919
22779,11907,10872
20856,10275,10581
24108,12917,11191
23618,12604,11014
22408,11593,10815
21781,10849,10932
23489,12463,11026
22066,11410,10656
22409,11514,10895
22014,10959,11055
22027,11029,10998
23755,12685,11070
23116,12169,10947
23599,12538,11061
23343,12446,10897
22924,11956,10968
22861,11812,11049
21963,11202,10761
23550,12598,10952
22431,11556,10875
23648,12630,11018
23160,12110,11050
21577,10690,10887
21753,11007,10746
23226,12082,11144
23447,12367,11080
21304,10572,10732
23270,12176,11094
23185,12279,10906
22383,11561,10822
22596,11683,10913
22333,11415,10918
23930,12919,11011
23537,12447,11090
22413,11552,10861
23595,12566,11029
22479,11472,11007
22312,11478,10834
22933,12029,10904
22299,11378,10921
21683,10911,10772
23276,12242,11034
22756,11749,11007
23371,12433,10938
22250,11381,10869
22777,11958,10819
23069,12165,10904
22841,11863,10978
23326,12381,10945
22282,11354,10928
22777,11839,10938
21326,10539,10787
22094,11321,10773
23437,12460,10977
22958,12020,10938
20826,10270,10556
22787,11863,10924
23887,12870,11017
23494,12577,10917
23412,12490,10922
22613,11761,10852
22169,11288,10881
22565,11589,10976
22761,11455,11306
23034,11980,11054
23965,12359,11606
23730,12633,11097
23367,12515,10852
21398,10786,10612
22723,11825,10898
23045,12071,10974
21271,10517,10754
20742,10148,10594
23782,12781,11001
23360,12422,10938
21733,10904,10829
22421,11435,10986
21451,10717,10734
22958,12022,10936
23657,12681,10976
23084,12055,11029
22598,11713,10885
22554,11488,11066
23725,12774,10951
23842,12865,10977
22971,11951,11020
23181,12220,10961
22974,12080,10894
23507,12350,11157
23411,12449,10962
22295,11387,10908
23771,12690,11081
23588,12529,11059
20345,9727,10618
22850,11875,10975
22888,11966,10922
23606,12467,11139
22881,11977,10904
22914,11857,11057
22587,11697,10890
23025,12050,10975
23154,12172,10982
23214,12142,11072
21992,11039,10953
21437,10728,10709
21028,10229,10799
21923,11125,10798
23011,12181,10830
21222,10401,10821
22527,11563,10964
23377,12406,10971
21351,10198,11153
23106,12114,10992
21131,10493,10638
23003,11975,11028
23520,12569,10951
23663,12625,11038
22347,11445,10902
23169,12332,10837
22655,11735,10920
23439,12336,11103
23049,12095,10954
22986,12021,10965
21706,10979,10727
22924,11839,11085
22929,11991,10938
21858,11056,10802
21809,11098,10711
21792,10957,10835
21873,11045,10828
21660,10815,10845
23588,12599,10989
22775,11904,10871
22089,11204,10885
23217,12243,10974
23402,12390,11012
23515,12490,11025
22989,11877,11112
22030,11017,11013
21734,10983,10751
21058,10385,10673
22631,11174,11457
21765,10914,10851
23533,12531,11002
23033,12147,10886
23143,12102,11041
23631,12642,10989
22411,11597,10814
22993,12058,10935
23624,12584,11040
21819,10929,10890
22578,11712,10866
21205,10546,10659
20903,10302,10601
21969,11092,10877
22291,11434,10857
22344,11467,10877
23508,12526,10982
22844,11992,10852
23342,12416,10926
20382,9883,10499
22326,11458,10868
23331,12251,11080
22929,12079,10850
21651,10863,10788
24066,12632,11434
23272,12265,11007
23662,12613,11049
20980,10230,10750
21264,10520,10744
20933,10159,10774
21900,11190,10710
23323,12339,10984
23433,12435,10998
23665,12597,11068
23945,12923,11022
23600,12535,11065
23554,12529,11025
21023,10524,10499
24246,12816,11430
22511,11573,10938
21296,10546,10750
23761,12475,11286
22677,11820,10857
22668,11727,10941
23050,12191,10859
23336,12361,10975
23154,12315,10839
20918,10183,10735
22215,11439,10776
23004,12039,10965
22923,11995,10928
21960,11193,10767
22768,12002,10766
20671,10003,10668
22744,11757,10987
22850,11890,10960
22783,11792,10991
22679,11838,10841
21204,10515,10689
22708,11791,10917
24439,12885,11554
22701,11822,10879
23203,12313,10890
23187,12183,11004
22538,11617,10921
24085,12613,11472
22869,11842,11027
22178,11212,10966
20526,9880,10646
22858,11977,10881
23191,12327,10864
23617,12573,11044
22761,11836,10925
23404,12374,11030
23458,12393,11065
22802,11938,10864
23273,12222,11051
22682,11683,10999
22511,11695,10816
23136,12166,10970
23709,12671,11038
23907,12358,11549
23525,12448,11077
23190,12246,10944
21973,11048,10925
20876,10245,10631
22073,11244,10829
23913,12958,10955
23097,12134,10963
22888,11962,10926
23949,12838,11111
22043,11323,10720
20802,10163,10639
23604,12546,11058
21833,11033,10800
22622,11766,10856
23141,12148,10993
23270,12330,10940
22124,11319,10805
22361,11454,10907
23843,12773,11070
22106,11321,10785
21570,10815,10755
21293,10593,10700
23631,12680,10951
23196,12216,10980
22215,11374,10841
23463,12521,10942
23612,12541,11071
22124,11319,10805
24068,12961,11107
21861,11033,10828
23215,12170,11045
23860,12775,11085
23461,12350,11111
22111,11241,10870
23055,12050,11005
22724,11819,10905
22837,11791,11046
22669,11716,10953
21985,11050,10935
23730,12718,11012
23528,12546,10982
23835,12725,11110
23300,12283,11017
21028,10332,10696
23426,12522,10904
22015,11116,10899
21442,10745,10697
21848,11047,10801
23141,12275,10866
22798,11813,10985
22620,11761,10859
22902,11907,10995
22052,11161,10891
22300,11450,10850
23387,12373,11014
22858,11882,10976
23082,12051,11031
22434,11613,10821
23461,12446,11015
23516,12526,10990
23232,12140,11092
22038,11326,10712
23635,12651,10984
22053,11243,10810
23205,12329,10876
23305,12214,11091
23536,12580,10956
19910,9329,10581
23152,12200,10952
23319,12258,11061
21016,10463,10553
23163,12108,11055
21730,10953,10777
21480,10804,10676
22772,11779,10993
21867,11110,10757
22955,12022,10933
21813,11181,10632
23800,12299,11501
21331,10714,10617
22871,11837,11034
21901,11172,10729
23811,12713,11098
21827,10859,10968
22035,11214,10821
22936,11933,11003
22967,12017,10950
21634,10872,10762
23360,12340,11020
23068,12224,10844
22698,11792,10906
22881,11928,10953
22855,11431,11424
22386,11495,10891
22045,11252,10793
22477,11653,10824
23573,12655,10918
23665,12084,11581
22994,12193,10801
22377,11420,10957
23331,12382,10949
22505,11712,10793
23474,12573,10901
21643,10790,10853
23690,12357,11333
23261,12212,11049
22396,11521,10875
19952,9420,10532
23585,12557,11028
23619,12626,10993
23036,11988,11048
21760,10853,10907
22795,11868,10927
22253,11245,11008
23378,12443,10935
23770,12774,10996
23041,12098,10943
22537,11538,10999
23755,12794,10961
23488,12449,11039
23682,12559,11123
22218,11367,10851
22440,11362,11078
21012,10256,10756
23987,12975,11012
22839,11930,10909
22375,11499,10876
22589,11784,10805
23054,12051,11003
21634,10905,10729
22341,11523,10818
23534,12538,10996
22361,11541,10820
22683,11742,10941
22817,11848,10969
23234,12266,10968
22988,11945,11043
23004,11910,11094
23383,12358,11025
22764,11668,11096
23159,12148,11011
23245,12213,11032
21231,10479,10752
23088,12094,10994
22042,10973,11069
23550,12612,10938
23465,12422,11043
22924,12035,10889
22169,11172,10997
23973,12852,11121
23090,12223,10867
22484,11560,10924
23569,12608,10961
20462,9725,10737
22104,11229,10875
23529,12583,10946
23215,12105,11110
21433,10808,10625
23917,12933,10984
22762,11816,10946
22870,11946,10924
23567,12516,11051
23510,12180,11330
23448,12427,11021
23044,11998,11046
22264,11467,10797
21661,10805,10856
22823,11856,10967
22603,11579,11024
23113,12063,11050
23199,12358,10841
22951,12065,10886
21942,11073,10869
23552,12526,11026
23354,12287,11067
22299,11349,10950
23573,12505,11068
23221,12180,11041
21938,11073,10865
21847,11231,10616
22121,11164,10957
23010,11899,11111
23506,12507,10999
23484,12591,10893
22531,11713,10818
22109,11266,10843
22676,11698,10978
21297,10567,10730
23587,12617,10970
22573,11691,10882
22212,11286,10926
22655,11743,10912
21218,10544,10674
23027,11989,11038
23198,12197,11001
22168,11351,10817
23521,12516,11005
23402,12373,11029
22296,11321,10975
23569,12438,11131
21750,10929,10821
22914,11976,10938
23643,12647,10996
22662,11856,10806
22760,11838,10922
21617,10734,10883
21961,11030,10931
22905,11925,10980
23496,12542,10954
22541,11623,10918
23100,12261,10839
23574,12589,10985
22977,12050,10927
22695,11795,10900
21519,10734,10785
22995,12009,10986
23571,12609,10962
22535,11738,10797
22617,11864,10753
22423,11459,10964
22853,11929,10924
23408,12439,10969
22843,11847,10996
21766,10732,11034
21484,10842,10642
23347,12320,11027
22970,12048,10922
23365,12362,11003
22894,11941,10953
23770,12632,11138
22346,11380,10966
23435,12346,11089
23032,11957,11075
23465,12399,11066
23506,12487,11019
23297,12449,10848
22626,11744,10882
23053,12078,10975
22843,11813,11030
21781,11038,10743
22327,11424,10903
23571,12682,10889
22193,11191,11002
23083,12173,10910
22700,11832,10868
23567,12516,11051
23337,12325,11012
22329,11442,10887
23042,12085,10957
23153,12194,10959
23629,12661,10968
22377,11457,10920
23419,12440,10979
22626,11753,10873
22686,11802,10884
22334,11469,10865
22162,11276,10886
24016,13011,11005
23049,12123,10926
23626,12108,11518
22931,11993,10938
22965,12009,10956
22420,11574,10846
23772,12759,11013
23155,12125,11030
23415,12332,11083
23387,12435,10952
22488,11613,10875
22027,11146,10881
23734,12408,11326
23045,11980,11065
22695,11776,10919
21961,11120,10841
23223,12427,10796
22606,11709,10897
23618,12455,11163
21196,10423,10773
23993,12876,11117
22690,11704,10986
21266,10527,10739
22743,11742,11001
23370,11930,11440
22213,11437,10776
23201,12251,10950
21741,11022,10719
23201,12277,10924
22444,11632,10812
22397,11470,10927
22979,12017,10962
22397,11521,10876
23702,12587,11115
21763,11049,10714
21257,10413,10844
23743,12676,11067
21427,10682,10745
22779,11927,10852
22902,11840,11062
23381,12498,10883
23353,12301,11052
22771,11840,10931
22788,11641,11147
22862,11899,10963
21589,10432,11157
21408,10633,10775
23099,11965,11134
22706,11834,10872
23345,12292,11053
23931,12934,10997
23898,12840,11058
23591,12517,11074
23495,12497,10998
22703,11794,10909
22913,12006,10907
22750,11791,10959
23177,12150,11027
23893,12880,11013
23525,12574,10951
22683,11604,11079
23035,12076,10959
23398,12456,10942
20881,10256,10625
23515,12408,11107
22763,11827,10936
23428,12442,10986
23580,12564,11016
22377,11456,10921
23886,12896,10990
22783,11981,10802
23191,12193,10998
23474,12422,11052
21971,11013,10958
22765,11847,10918
22995,11951,11044
22541,11775,10766
23148,12093,11055
23518,12435,11083
21931,11083,10848
22461,11651,10810
23797,12782,11015
23099,12079,11020
22180,11438,10742
21812,11223,10589
23572,12474,11098
22277,11363,10914
23287,12342,10945
22918,12030,10888
23001,12061,10940
22621,11809,10812
23481,12403,11078
22497,11577,10920
23834,12799,11035
20901,10224,10677
23028,12079,10949
23142,12174,10968
22598,11718,10880
22124,11424,10700
23124,12190,10934
23607,12592,11015
23232,12225,11007
21546,10857,10689
22246,11347,10899
21328,10549,10779
22690,11839,10851
22955,11867,11088
22353,11446,10907
22320,11502,10818
22802,11870,10932
23273,12431,10842
23870,12863,11007
23153,12150,11003
21961,11164,10797
23931,12868,11063
22007,11157,10850
22401,11489,10912
23173,12287,10886
22352,11415,10937
22725,11759,10966
22768,11769,10999
22550,11631,10919
23681,12728,10953
22684,11807,10877
22403,11542,10861
21952,11160,10792
23334,12486,10848
22298,11457,10841
21698,10987,10711
23658,12703,10955
23386,12368,11018
22482,11601,10881
22990,12032,10958
22497,11703,10794
23565,12576,10989
23415,12407,11008
23136,12096,11040
22250,11459,10791
23277,12357,10920
22139,11344,10795
23365,12362,11003
23569,12623,10946
21623,10782,10841
22282,11405,10877
22757,11772,10985
23097,11693,11404
22870,11855,11015
23805,12728,11077
21951,11133,10818
23036,12138,10898
21567,10740,10827
22589,11709,10880
23571,12549,11022
22011,11203,10808
23687,12581,11106
22603,11682,10921
23153,12133,11020
22715,11854,10861
22542,11672,10870
22099,11309,10790
21322,10582,10740
22872,11952,10920
22849,11883,10966
23264,12295,10969
23381,12312,11069
22544,11528,11016
23098,12259,10839
23498,12449,11049
22379,11472,10907
21233,10552,10681
23303,12329,10974
22433,11503,10930
23135,12178,10957
23482,12550,10932
22717,11726,10991
23521,12140,11381
23318,12438,10880
22841,11893,10948
23776,12837,10939
23679,12723,10956
21958,11239,10719
22943,12068,10875
21530,10851,10679
23647,12687,10960
22624,11775,10849
22304,11518,10786
23472,12372,11100
22526,11709,10817
22881,11787,11094
22698,11707,10991
22126,11182,10944
23677,12677,11000
22818,11913,10905
23264,12259,11005
22777,11871,10906
22356,11579,10777
22640,11757,10883
22350,11397,10953
22727,11843,10884
23185,12294,10891
21488,10776,10712
22278,11353,10925
22663,11714,10949
22449,11654,10795
23165,12155,11010
23626,12618,11008
22294,11479,10815
21421,10699,10722
23679,12616,11063
23570,12490,11080
23358,12398,10960
22404,11690,10714
22849,12098,10751
21808,10969,10839
21524,10560,10964
22138,11291,10847
22008,11278,10730
23208,12222,10986
23048,12078,10970
21891,11067,10824
23124,12234,10890
23628,12662,10966
23194,12174,11020
22225,11367,10858
23069,12104,10965
22616,11729,10887
20813,10100,10713
21531,10824,10707
22538,11760,10778
23500,12440,11060
23482,12454,11028
23624,12673,10951
22813,11870,10943
22456,11627,10829
20643,10033,10610
22847,11922,10925
23730,12717,11013
23246,12306,10940
23914,12887,11027
22431,11480,10951
23407,12427,10980
23443,12475,10968
20918,10261,10657
20837,10213,10624
23054,11990,11064
23255,12380,10875
20522,9973,10549
22798,11817,10981
22746,11624,11122
22342,11494,10848
21271,10566,10705
22748,11941,10807
22671,11749,10922
21505,10814,10691
23322,12379,10943
22492,11680,10812
23520,12069,11451
21883,11064,10819
21581,10960,10621
22557,11607,10950
22187,11450,10737
23359,12384,10975
22528,11606,10922
22185,11264,10921
22971,12043,10928
21016,10478,10538
23050,11955,11095
22832,11851,10981
22174,11260,10914
21898,11239,10659
23379,12374,11005
23238,12229,11009
22149,11375,10774
23274,12225,11049
22683,11710,10973
22384,11604,10780
22426,11515,10911
22384,11592,10792
22329,11699,10630
22386,11401,10985
23457,12445,11012
23045,12038,11007
22357,11373,10984
22210,11389,10821
23453,12462,10991
23334,12342,10992
23583,12144,11439
23386,12384,11002
23563,12566,10997
22841,11886,10955
23280,12308,10972
23375,12308,11067
23586,12583,11003
21418,10604,10814
22538,11637,10901
21630,10943,10687
22207,11289,10918
22799,11891,10908
23311,12328,10983
22887,11917,10970
21379,10762,10617
22812,11820,10992
23216,12293,10923
21584,10793,10791
22751,11825,10926
22603,11568,11035
22363,11408,10955
23764,12659,11105
22922,11970,10952
23347,12327,11020
22642,11818,10824
21493,10768,10725
23078,12051,11027
22061,11126,10935
23570,12483,11087
23245,12325,10920
22122,11223,10899
21572,10765,10807
22274,11398,10876
23310,12215,11095
22877,12038,10839
22595,11721,10874
23809,12762,11047
23106,12203,10903
23033,12187,10846
22585,11603,10982
23444,12067,11377
23101,12185,10916
23206,11877,11329
23512,12537,10975
22771,11905,10866
22845,11942,10903
22582,11681,10901
22969,12086,10883
21747,10964,10783
20619,10189,10430
23194,12160,11034
23538,12615,10923
22981,12085,10896
22421,11564,10857
23784,12782,11002
22924,12015,10909
23339,12333,11006
21929,11008,10921
22990,11904,11086
22912,12089,10823
23345,12354,10991
22762,11771,10991
23314,12152,11162
21910,11173,10737
22743,11954,10789
23523,12501,11022
23333,12312,11021
22717,11729,10988
23243,12208,11035
22695,11791,10904
22581,11727,10854
23571,12491,11080
23386,12328,11058
22715,11826,10889
22269,11463,10806
22715,11806,10909
22564,11709,10855
22139,11356,10783
22524,11610,10914
22350,11444,10906
23865,12770,11095
23223,12241,10982
23829,12757,11072
23481,12437,11044
23150,12312,10838
23723,12652,11071
22771,11871,10900
22315,11528,10787
23345,12269,11076
22976,11883,11093
23234,12346,10888
23740,12585,11155
23545,12447,11098
21832,11073,10759
22907,12001,10906
22468,11595,10873
21772,10935,10837
23374,12356,11018
21217,10557,10660
23676,12676,11000
23694,12820,10874
22183,11322,10861
23193,12252,10941
19643,9234,10409
23450,12494,10956
22331,11418,10913
22904,11981,10923
21833,11002,10831
23099,12119,10980
22561,11644,10917
23696,12616,11080
22804,11931,10873
22459,11583,10876
22206,11315,10891
21842,11079,10763
22720,11800,10920
23153,12196,10957
22825,11955,10870
23466,12515,10951
23129,12203,10926
23281,12184,11097
23006,11936,11070
22815,11853,10962
22309,11465,10844
21549,10821,10728
22927,11963,10964
20844,10168,10676
22004,11187,10817
22311,11424,10887
23405,12403,11002
22268,11354,10914
22482,11594,10888
23779,12949,10830
23029,12097,10932
22512,11644,10868
21036,10392,10644
22695,11872,10823
22811,11791,11020
21671,10885,10786
23009,12107,10902
23249,12350,10899
23112,12278,10834
22817,11883,10934
22699,11754,10945
23311,12391,10920
22750,11269,11481
21394,10551,10843
24145,12574,11571
23356,12409,10947
22447,11529,10918
22606,11615,10991
22782,11870,10912
22021,11407,10614
23930,12926,11004
22645,11826,10819
22783,11829,10954
23168,12122,11046
22885,11908,10977
22009,11260,10749
22631,11698,10933
23778,12686,11092
21520,10783,10737
23047,12020,11027
23269,12307,10962
22939,12070,10869
20791,9979,10812
22504,11572,10932
23393,12417,10976
23188,12211,10977
22635,11653,10982
23004,12024,10980
22284,11379,10905
23742,12666,11076
22707,11771,10936
23486,12393,11093
22834,11945,10889
22838,11762,11076
23584,12494,11090
23264,12236,11028
22659,11708,10951
22897,12048,10849
22955,12025,10930
23280,12214,11066
22221,11410,10811
23584,12518,11066
23409,11898,11511
24031,12896,11135
23947,12894,11053
22359,11501,10858
22948,12009,10939
20958,10319,10639
22983,11993,10990
22865,11935,10930
23183,12171,11012
23466,12453,11013
22865,11892,10973
23456,12522,10934
23117,12141,10976
23357,12491,10866
23296,12234,11062
23304,12300,11004
21556,10786,10770
22854,11932,10922
23213,12321,10892
23158,12208,10950
22972,12039,10933
22692,11757,10935
23471,12480,10991
23104,12071,11033
22523,11703,10820
23299,12330,10969
23354,12305,11049
22550,11665,10885
22488,11690,10798
22275,11463,10812
20232,9810,10422
23606,12499,11107
23010,12116,10894
22883,11911,10972
22894,11892,11002
23001,12228,10773
21362,10629,10733
23243,12149,11094
22976,12079,10897
22770,11745,11025
23161,12258,10903
22993,12066,10927
23090,12188,10902
21864,11105,10759
22892,12094,10798
22418,11575,10843
21585,10820,10765
22066,11067,10999
21751,11032,10719
23448,12575,10873
22648,11758,10890
23265,12217,11048
23900,12896,11004
23453,12484,10969
22282,11407,10875
23947,12845,11102
22994,11941,11053
23232,12311,10921
23770,12696,11074
23578,12694,10884
23116,12225,10891
22620,11771,10849
23219,12234,10985
21976,11088,10888
22581,11609,10972
22886,11903,10983
21907,11013,10894
23036,12119,10917
22642,11616,11026
22591,11515,11076
23188,12181,11007
22563,11725,10838
21701,10808,10893
24047,12940,11107
22890,11902,10988
22575,11797,10778
22482,11649,10833
22868,11844,11024
23483,12453,11030
22346,11494,10852
22579,11620,10959
23276,12398,10878
23199,12104,11095
22605,11611,10994
23629,12630,10999
23389,12329,11060
22853,11757,11096
21462,10715,10747
22341,11356,10985
22900,11909,10991
23534,12503,11031
20286,9692,10594
22969,12054,10915
22900,12077,10823
21440,10573,10867
21979,11144,10835
22569,11619,10950
21329,10485,10844
22796,11834,10962
23540,12547,10993
22940,11957,10983
21656,10765,10891
22708,11719,10989
22652,11784,10868
22996,11960,11036
23541,12619,10922
23050,12004,11046
22804,11788,11016
21489,10667,10822
20995,10344,10651
22791,11815,10976
23808,12832,10976
22431,11508,10923
23046,12091,10955
22959,12058,10901
22269,11331,10938
23557,12566,10991
22259,11392,10867
21836,11017,10819
21929,11103,10826
22400,11510,10890
22976,11926,11050
23829,12883,10946
22905,11933,10972
21829,11016,10813
23567,12469,11098
21763,11013,10750
23956,12960,10996
22771,11802,10969
22253,11384,10869
23084,12155,10929
22495,11735,10760
22597,11578,11019
22893,11892,11001
24232,12696,11536
23924,12785,11139
22538,11668,10870
22778,11907,10871
23613,12697,10916
22892,11978,10914
21175,10479,10696
23743,12766,10977
22379,11450,10929
22527,11602,10925
22331,11465,10866
23593,12480,11113
23838,12853,10985
22387,11474,10913
23481,12467,11014
24102,12701,11401
23361,12343,11018
23013,12123,10890
22422,11539,10883
21634,10834,10800
22954,11944,11010
23300,12256,11044
23887,12874,11013
23263,12189,11074
22612,11625,10987
22513,11627,10886
21275,10695,10580
23494,12475,11019
22653,11750,10903
22269,11565,10704
22760,11832,10928
23345,12379,10966
22789,11844,10945
23096,12082,11014
22963,12080,10883
22359,11463,10896
22876,11898,10978
23168,12203,10965
21908,11034,10874
22991,12140,10851
23705,12652,11053
22894,11926,10968
22481,11554,10927
23604,12604,11000
22726,11818,10908
23770,12643,11127
23047,12098,10949
22423,11544,10879
23662,12590,11072
22864,11956,10908
22177,11337,10840
23205,12219,10986
21379,10630,10749
23342,12349,10993
22306,11408,10898
22759,11901,10858
22387,11503,10884
23598,12643,10955
23472,12421,11051
23261,12299,10962
23806,12717,11089
23626,12641,10985
23101,12008,11093
23701,12721,10980
22474,11694,10780
22790,11774,11016
20963,10235,10728
22403,11615,10788
21685,10794,10891
22857,11948,10909
22911,11964,10947
22021,11139,10882
21971,11290,10681
21519,10805,10714
23154,12183,10971
22535,11613,10922
22019,11076,10943
23315,12285,11030
22158,11349,10809
23100,12236,10864
23363,12336,11027
22306,11027,11279
22335,11442,10893
23827,12820,11007
23169,12145,11024
22067,11272,10795
23517,12302,11215
23424,12346,11078
22636,11747,10889
23344,12405,10939
22364,11413,10951
22205,11284,10921
23223,12179,11044
23591,12591,11000
22421,11584,10837
23332,12508,10824
21893,11104,10789
22091,11205,10886
21843,11047,10796
21587,10906,10681
22815,11735,11080
23284,12308,10976
23281,12212,11069
23210,12216,10994
23329,12310,11019
22536,11737,10799
23216,12203,11013
21802,10624,11178
22833,11800,11033
23790,12696,11094
24100,13105,10995
23637,12584,11053
23574,12662,10912
21704,10845,10859
22826,11804,11022
22137,11429,10708
22588,11639,10949
23522,12726,10796
23416,12361,11055
22982,11951,11031
21843,11203,10640
23806,12181,11625
23124,12132,10992
23651,12539,11112
23036,12117,10919
22604,11628,10976
22868,11933,10935
23334,12430,10904
23250,12329,10921
21927,11120,10807
23023,12136,10887
22960,11985,10975
22502,11620,10882
22133,11240,10893
23810,12790,11020
22445,11631,10814
22567,11706,10861
23156,12159,10997
22472,11528,10944
23309,12321,10988
23245,12311,10934
23903,12856,11047
23178,12066,11112
23323,12293,11030
23919,12828,11091
23102,12146,10956
23146,12325,10821
22472,11671,10801
22543,11644,10899
23185,12251,10934
23813,12712,11101
23063,12136,10927
21341,10539,10802
23097,12151,10946
20457,9761,10696
21676,11082,10594
23936,12819,11117
23560,12486,11074
23502,12563,10939
23091,12226,10865
23528,12502,11026
23022,12101,10921
23139,12230,10909
20352,9761,10591
23660,12642,11018
21276,10727,10549
21697,10843,10854
22543,11608,10935
23157,12225,10932
21131,10432,10699
22396,11514,10882
22373,11382,10991
23254,12341,10913
23008,12033,10975
22584,11678,10906
23550,12534,11016
22435,11541,10894
23425,12398,11027
23490,12396,11094
23716,12669,11047
23409,12356,11053
22918,11890,11028
21853,11082,10771
23153,12085,11068
22547,11674,10873
22157,11355,10802
22391,11513,10878
23470,12406,11064
22994,12047,10947
21866,11058,10808
23611,12567,11044
22685,11858,10827
21344,10556,10788
22022,11300,10722
23610,12616,10994
23185,12254,10931
22355,11436,10919
22619,11746,10873
23349,12349,11000
21159,10416,10743
22881,12077,10804
22257,11333,10924
22797,11890,10907
21061,10391,10670
22731,11701,11030
22793,11874,10919
21422,10682,10740
22235,11470,10765
22910,11967,10943
22165,11459,10706
22250,11335,10915
22840,12065,10775
23212,12079,11133
23461,12466,10995
22838,11897,10941
22824,11935,10889
23082,12042,11040
23684,12685,10999
22050,11254,10796
22400,11494,10906
23232,12282,10950
22877,11964,10913
22612,11759,10853
23098,12145,10953
22759,11755,11004
22228,11423,10805
22714,11739,10975
23379,12391,10988
22993,12211,10782
22703,11901,10802
23259,12295,10964
22575,11802,10773
21198,10565,10633
22798,12003,10795
22287,11343,10944
23959,12757,11202
23019,11927,11092
23421,12414,11007
23190,12306,10884
22875,11937,10938
23222,12351,10871
23266,12346,10920
22228,11360,10868
22453,11752,10701
21562,10719,10843
21708,10927,10781
21856,11163,10693
23584,12531,11053
23084,12121,10963
23269,12262,11007
23637,12562,11075
22309,11539,10770
23267,12196,11071
22600,11674,10926
23527,12443,11084
23982,12957,11025
20686,9970,10716
23528,12486,11042
23070,12173,10897
22830,11948,10882
23657,12767,10890
23790,12727,11063
23345,11959,11386
21443,10757,10686
23128,12185,10943
21792,10935,10857
22215,11299,10916
22786,11777,11009
23435,12466,10969
20977,10357,10620
22681,11725,10956
23153,12093,11060
22965,11872,11093
22832,11812,11020
20556,9887,10669
21661,10904,10757
23569,12614,10955
23225,12171,11054
21415,10720,10695
22774,11716,11058
23058,12080,10978
21893,11079,10814
22818,11815,11003
23898,12405,11493
21177,10477,10700
23836,12805,11031
23588,12629,10959
22266,11374,10892
22808,11891,10917
23109,12089,11020
22468,11437,11031
23598,12700,10898
21680,10975,10705
23588,12580,11008
23090,12049,11041
22858,11965,10893
22729,11793,10936
22783,11848,10935
23405,12323,11082
23131,12194,10937
23081,12109,10972
23707,12669,11038
23408,12525,10883
23415,12494,10921
23019,11839,11180
23038,12093,10945
22713,11806,10907
22870,11853,11017
22259,11362,10897
23012,12025,10987
21997,11133,10864
23467,12494,10973
22888,11925,10963
21216,10642,10574
22658,11756,10902
22756,11755,11001
23378,12388,10990
21940,10969,10971
22714,11700,11014
21990,11082,10908
22474,11571,10903
22055,11344,10711
22512,11523,10989
22438,11420,11018
23301,12299,11002
22291,11425,10866
21731,11000,10731
23048,12075,10973
22910,11976,10934
21853,11001,10852
23199,12204,10995
23814,12700,11114
22288,11394,10894
23572,12626,10946
20739,10258,10481
23711,12682,11029
23276,12381,10895
21777,11023,10754
23372,12521,10851
23750,12699,11051
22746,11652,11094
21791,11026,10765
23475,12513,10962
21872,11059,10813
22494,11591,10903
21879,11156,10723
22561,11657,10904
23633,12651,10982
21668,10935,10733
22010,11117,10893
23479,12470,11009
22224,11450,10774
22732,11802,10930
22168,11313,10855
23683,12631,11052
23728,12708,11020
23304,12236,11068
23151,12228,10923
21498,10829,10669
22351,11457,10894
23439,12387,11052
22718,11655,11063
23016,11973,11043
23829,12788,11041
23415,12506,10909
23209,12256,10953
22722,11791,10931
22596,11530,11066
22582,11755,10827
22556,11578,10978
23115,12221,10894
23778,12672,11106
23677,12485,11192
22716,11722,10994
21972,11202,10770
21514,10743,10771
22286,11361,10925
20999,10274,10725
23660,12643,11017
20467,9772,10695
23104,12244,10860
22312,11369,10943
22150,11302,10848
23118,12111,11007
21822,10951,10871
23589,12420,11169
23579,12566,11013
23355,12406,10949
22880,12040,10840
22967,12015,10952
22577,11731,10846
23512,12384,11128
21645,10848,10797
23615,12570,11045
21582,10771,10811
20433,9793,10640
23475,12539,10936
21951,11157,10794
20679,10042,10637
22553,11555,10998
21674,10918,10756
20913,10192,10721
22593,11650,10943
22242,11529,10713
23093,12170,10923
21962,11264,10698
22956,11937,11019
20870,10049,10821
22244,11277,10967
22711,11860,10851
22953,11864,11089
20626,10046,10580
23779,12707,11072
23774,12611,11163
22934,11957,10977
22178,11373,10805
23687,12618,11069
22044,11212,10832
21632,10762,10870
23248,12311,10937
22908,12022,10886
23242,12281,10961
23650,12592,11058
21504,10861,10643
24180,13089,11091
23396,12338,11058
22534,11640,10894
22823,11941,10882
22271,11528,10743
21263,10454,10809
22293,11582,10711
23349,12246,11103
20514,9822,10692
22821,11869,10952
23626,12590,11036
21967,11111,10856
23497,12375,11122
23084,12024,11060
22512,11627,10885
22812,11846,10966
21915,11146,10769
23390,12384,11006
22711,11293,11418
21876,11008,10868
22548,11702,10846
23443,12409,11034
23798,12749,11049
23109,12196,10913
22812,11964,10848
21840,11009,10831
23165,12181,10984
21925,11101,10824
21788,11078,10710
21539,10792,10747
21205,10485,10720
23135,12117,11018
23596,12440,11156
22525,11656,10869
23518,12546,10972
23340,12349,10991
23355,12263,11092
24149,12546,11603
23043,12185,10858
23590,12634,10956
22762,11732,11030
22896,12014,10882
23793,12794,10999
23617,12548,11069
22669,11987,10682
22944,12033,10911
23362,12399,10963
22040,11156,10884
22743,11827,10916
23129,12179,10950
22973,12105,10868
22546,11582,10964
22305,11412,10893
22469,11543,10926
22112,11307,10805
23246,12210,11036
22364,11355,11009
23225,12213,11012
21359,10617,10742
21674,10939,10735
23838,12932,10906
22931,12021,10910
21921,11061,10860
22511,11536,10975
21013,10273,10740
22993,12043,10950
23763,12720,11043
23504,12487,11017
23424,12371,11053
23954,12915,11039
23556,12524,11032
23677,12649,11028
23299,12178,11121
23016,11999,11017
22906,11985,10921
22095,11117,10978
21979,10968,11011
22915,11923,10992
23526,12482,11044
22003,11367,10636
22662,11806,10856
23347,12222,11125
23454,12436,11018
23499,12459,11040
22190,11339,10851
23523,12462,11061
23277,12361,10916
23799,12733,11066
20262,9598,10664
22592,11693,10899
23145,12190,10955
22457,11568,10889
23474,12568,10906
22566,11587,10979
22931,12018,10913
22511,11662,10849
21503,10717,10786
22799,12058,10741
23690,12646,11044
23332,12347,10985
20847,10188,10659
23333,12366,10967
22429,11549,10880
21680,10812,10868
23400,12478,10922
23358,12411,10947
23715,12583,11132
22659,11827,10832
23200,12155,11045
23127,12143,10984
23043,12091,10952
21722,10866,10856
23314,12309,11005
22083,11057,11026
22019,11194,10825
23952,12787,11165
23001,12159,10842
23074,12124,10950
23627,12511,11116
23644,12636,11008
22328,11478,10850
21964,11182,10782
20189,9814,10375
23487,12473,11014
22791,11869,10922
23375,12344,11031
23325,12268,11057
23434,12404,11030
23026,12030,10996
23827,12786,11041
23160,12192,10968
23672,12708,10964
22226,11179,11047
23319,12404,10915
21497,10679,10818
19818,9441,10377
23120,12224,10896
23496,12424,11072
23707,12686,11021
21718,10891,10827
23430,12562,10868
23372,12478,10894
22505,11609,10896
23049,11959,11090
22057,11220,10837
23520,12418,11102
22652,11738,10914
23762,12701,11061
23337,12336,11001
23545,12488,11057
21153,10034,11119
22678,11864,10814
23457,12409,11048
22393,11520,10873
22539,11528,11011
22658,11870,10788
21810,11030,10780
21835,10945,10890
22302,11332,10970
23500,12470,11030
22839,11843,10996
23496,12610,10886
23075,12032,11043
21539,10964,10575
23297,12281,11016
23147,12056,11091
22754,11801,10953
23300,12340,10960
23692,12735,10957
23048,12116,10932
23065,12045,11020
23487,12409,11078
22576,11665,10911
20447,9823,10624
22795,12025,10770
23101,12110,10991
23314,12228,11086
23017,12103,10914
22784,11829,10955
23220,12232,10988
22797,11824,10973
23734,12546,11188
22532,11576,10956
22690,11814,10876
21776,10952,10824
22655,11717,10938
22472,11612,10860
21891,11034,10857
22640,11804,10836
23320,12183,11137
23260,12257,11003
23160,12176,10984
22553,11693,10860
23085,12192,10893
21866,11026,10840
21623,10781,10842
23146,12200,10946
21263,10416,10847
23348,12320,11028
23197,12086,11111
22520,11581,10939
23718,12743,10975
23668,12730,10938
23093,12049,11044
23752,12833,10919
21545,10668,10877
23468,12426,11042
21512,10690,10822
22601,11542,11059
23333,12325,11008
22617,11675,10942
22328,11494,10834
21428,10639,10789
22284,11358,10926
22946,11897,11049
22231,11309,10922
23339,12248,11091
22931,12065,10866
21615,10862,10753
23360,12451,10909
22196,11374,10822
22210,11470,10740
23386,12440,10946
22473,11492,10981
23271,12339,10932
23496,12478,11018
22602,11752,10850
22278,11491,10787
21631,10873,10758
23559,12634,10925
23501,12597,10904
21651,10958,10693
23712,12772,10940
23118,12102,11016
22992,11894,11098
23829,12808,11021
23549,12522,11027
22892,11820,11072
22418,11510,10908
23616,12666,10950
21864,11063,10801
22421,11554,10867
22694,11663,11031
22934,12055,10879
21731,10973,10758
21768,11172,10596
23019,12072,10947
23786,12619,11167
23407,12371,11036
22769,11471,11298
22637,11712,10925
20930,10215,10715
22506,11580,10926
23685,12661,11024
23522,12478,11044
22651,11721,10930
22892,11948,10944
23184,12270,10914
23468,12528,10940
22846,11748,11098
20146,9486,10660
23895,12784,11111
23817,12695,11122
22838,11981,10857
24167,13010,11157
22597,11618,10979
23159,12149,11010
23377,12411,10966
23538,12429,11109
22595,11618,10977
22785,11813,10972
23379,12380,10999
22766,11866,10900
23264,12296,10968
22374,11612,10762
22228,11283,10945
22438,11580,10858
21596,10858,10738
23100,12153,10947
22689,11672,11017
23402,12431,10971
22102,11260,10842
24046,12662,11384
23248,12232,11016
22918,11834,11084
22975,12056,10919
22859,11862,10997
23553,12504,11049
22117,11225,10892
21977,11246,10731
22837,12061,10776
23504,12471,11033
23600,12762,10838
23419,12274,11145
22677,11955,10722
21991,11150,10841
22676,11695,10981
23305,12350,10955
23659,12597,11062
21917,11242,10675
23479,12377,11102
23946,12811,11135
23576,12609,10967
22826,11973,10853
22884,11885,10999
22297,11664,10633
21866,11153,10713
21409,10675,10734
22204,11320,10884
24024,12994,11030
21293,10494,10799
22888,11998,10890
23342,12271,11071
21510,10693,10817
23385,12580,10805
23648,12682,10966
23608,12709,10899
22946,12077,10869
22848,11956,10892
22374,11478,10896
23231,12326,10905
21788,11020,10768
22602,11643,10959
22929,11891,11038
21634,10858,10776
20718,10151,10567
21528,10822,10706
22836,12056,10780
23483,12503,10980
19167,8809,10358
22887,11909,10978
22827,11794,11033
22529,11647,10882
21473,10824,10649
21187,10356,10831
21526,10846,10680
23628,12638,10990
23234,12369,10865
23395,12327,11068
24256,13003,11253
22163,11352,10811
23630,12606,11024
23146,12192,10954
23028,11958,11070
22309,11574,10735
22207,11279,10928
23715,12616,11099
22432,11561,10871
23574,12582,10992
23303,12294,11009
23683,12656,11027
23171,12159,11012
20862,10310,10552
22548,11668,10880
22810,11899,10911
22660,11849,10811
22711,12006,10705
21261,10529,10732
22702,11712,10990
23288,12379,10909
22305,11479,10826
23182,12263,10919
22916,11962,10954
22047,11100,10947
23011,12096,10915
22662,11746,10916
21891,10903,10988
23234,12230,11004
23710,12732,10978
23721,12688,11033
22844,11947,10897
23758,12736,11022
23467,12564,10903
23092,12048,11044
22216,11388,10828
22753,11740,11013
22380,11463,10917
23519,12523,10996
21251,10562,10689
23789,12771,11018
22633,11681,10952
23354,12374,10980
21225,10615,10610
23470,12394,11076
22178,11395,10783
22764,11800,10964
23432,12417,11015
23654,12685,10969
23398,12423,10975
21477,10787,10690
22420,11536,10884
23950,12945,11005
21897,11159,10738
22337,11465,10872
23373,12408,10965
22896,12035,10861
22424,11536,10888
23092,12104,10988
23211,12247,10964
21456,10764,10692
23438,12394,11044
22995,12129,10866
22890,11898,10992
22897,11919,10978
23331,12443,10888
23384,12429,10955
22537,11573,10964
21333,10445,10888
23045,12039,11006
23430,12413,11017
22986,12075,10911
23619,12590,11029
23869,12844,11025
22816,11938,10878
22356,11399,10957
23300,12233,11067
23598,12587,11011
22737,11791,10946
23039,12153,10886
23353,12380,10973
23023,12082,10941
23261,12250,11011
22739,11793,10946
23042,12068,10974
22594,11710,10884
22131,11325,10806
23230,12450,10780
22150,11338,10812
23000,12031,10969
22239,11392,10847
22008,11255,10753
22534,11700,10834
22444,11712,10732
21450,10596,10854
22476,11492,10984
23208,12308,10900
23251,12149,11102
21608,10805,10803
23488,12511,10977
23212,12091,11121
22660,11659,11001
22490,11527,10963
22492,11500,10992
23302,12247,11055
24027,12992,11035
23465,12401,11064
22600,11683,10917
21816,11030,10786
23594,12590,11004
22498,11446,11052
22498,11637,10861
22459,11604,10855
22270,11518,10752
22860,11897,10963
23176,12209,10967
22749,11835,10914
22840,11929,10911
20856,10188,10668
22915,12125,10790
23136,12096,11040
22660,11711,10949
23546,12545,11001
22229,11429,10800
21932,11117,10815
22095,11159,10936
21049,10406,10643
21107,10347,10760
23299,12262,11037
22831,11966,10865
23778,12781,10997
23483,12498,10985
21716,10897,10819
22684,11800,10884
22531,11802,10729
23226,12252,10974
22472,11600,10872
20643,10020,10623
23589,12550,11039
22689,11788,10901
22026,11204,10822
23557,12545,11012
23339,12379,10960
23713,12650,11063
23199,12148,11051
22294,11357,10937
22681,11697,10984
22845,11859,10986
21214,10636,10578
22836,11814,11022
23265,12289,10976
23486,12470,11016
22043,11151,10892
23663,12630,11033
23552,12540,11012
22395,11471,10924
22656,11768,10888
22265,11369,10896
22989,12157,10832
22689,11758,10931
22310,11436,10874
22839,12020,10819
23000,12133,10867
22369,11491,10878
22258,11406,10852
23193,12304,10889
23129,12161,10968
23204,12302,10902
21719,11044,10675
22243,11374,10869
22832,11833,10999
22219,11241,10978
21629,10911,10718
23342,12225,11117
21208,10523,10685
21804,11002,10802
22463,11633,10830
23391,12263,11128
23743,12861,10882
23749,12675,11074
22754,11748,11006
22241,11332,10909
23058,12018,11040
21776,11024,10752
23951,12898,11053
22547,11537,11010
21869,11113,10756
23518,12536,10982
23527,12533,10994
22795,11801,10994
23041,12143,10898
23092,12270,10822
23142,12140,11002
20537,10113,10424
22716,11819,10897
22739,11848,10891
22136,11356,10780
22429,11487,10942
21784,10848,10936
23639,12542,11097
21598,10838,10760
22160,11265,10895
21463,10869,10594
22295,11288,11007
22080,11379,10701
23123,12160,10963
23232,12281,10951
22673,11709,10964
22426,11493,10933
21323,10554,10769
23331,12265,11066
21971,11160,10811
23715,12707,11008
23512,12482,11030
24014,12898,11116
22857,12000,10857
23030,12012,11018
23499,12529,10970
23434,12386,11048
23464,12448,11016
23155,12147,11008
22737,11776,10961
23291,12264,11027
22681,11729,10952
21464,10792,10672
23718,12788,10930
22516,11756,10760
23903,12946,10957
23318,12314,11004
21400,10695,10705
22630,11689,10941
22757,11782,10975
22849,11865,10984
23207,12114,11093
22530,11567,10963
21201,10402,10799
22287,11379,10908
22989,12015,10974
21166,10453,10713
23091,12055,11036
22455,11530,10925
23309,12362,10947
22989,12102,10887
22304,11358,10946
23323,12412,10911
23532,12495,11037
23220,12252,10968
23747,12900,10847
22463,11586,10877
23532,12499,11033
22784,11885,10899
22167,11312,10855
23522,12655,10867
22512,11552,10960
23129,12072,11057
22055,11262,10793
22500,11590,10910
22967,12028,10939
21777,10826,10951
22650,11743,10907
22911,11952,10959
22749,11734,11015
21214,10420,10794
20878,10160,10718
22933,12003,10930
22161,11289,10872
22757,11827,10930
21489,10814,10675
23224,12351,10873
22694,11851,10843
22244,11078,11166
23838,12682,11156
22689,11723,10966
23792,12748,11044
22856,11977,10879
22869,12106,10763
23453,12421,11032
21606,10876,10730
22972,11979,10993
22949,12118,10831
20775,10173,10602
23788,12726,11062
22219,11386,10833
22897,12088,10809
23891,12735,11156
23269,12293,10976
22049,11099,10950
23211,12161,11050
23177,12186,10991
22937,12010,10927
22213,11236,10977
23670,12657,11013
21216,10557,10659
23749,12876,10873
22238,11472,10766
23696,12671,11025
21706,11048,10658
22050,11163,10887
23768,12770,10998
23161,12145,11016
23394,12403,10991
23751,12799,10952
23426,12455,10971
22857,11971,10886
23520,12477,11043
23718,12743,10975
23605,12583,11022
22628,11638,10990
22781,11750,11031
23257,12253,11004
23867,12982,10885
21435,10746,10689
22139,11257,10882
21937,11182,10755
23153,12234,10919
22575,11636,10939
23167,12236,10931
21465,10611,10854
22039,11248,10791
21323,10544,10779
22453,11480,10973
22855,12020,10835
23866,12426,11440
23299,12375,10924
22801,11979,10822
23562,12650,10912
22569,11665,10904
22749,11979,10770
22577,11767,10810
22924,11939,10985
22569,11631,10938
23739,12651,11088
23257,12395,10862
21809,11004,10805
22872,11901,10971
21951,11210,10741
22929,11947,10982
22827,11826,11001
23380,12358,11022
22663,11632,11031
22108,11304,10804
22731,11667,11064
22932,12076,10856
23166,12211,10955
21555,10823,10732
22841,11520,11321
23764,12679,11085
22828,11943,10885
22338,11483,10855
22239,11431,10808
22556,11578,10978
22142,11259,10883
23388,12402,10986
21374,10665,10709
24008,12983,11025
22607,11764,10843
23848,12731,11117
22080,11196,10884
22379,11508,10871
22365,11441,10924
22532,11632,10900
23307,12363,10944
21573,10685,10888
22673,11721,10952
21855,11078,10777
23358,12305,11053
22326,11610,10716
22960,12036,10924
21977,11169,10808
22588,11853,10735
22562,11704,10858
21435,10581,10854
21959,11228,10731
22615,11679,10936
22775,11737,11038
22311,11465,10846
22770,11866,10904
23069,12106,10963
23825,12700,11125
23328,12434,10894
23008,11602,11406
22355,11432,10923
23263,12297,10966
22949,12090,10859
22366,11424,10942
22828,11891,10937
23263,12377,10886
23813,12398,11415
21964,11199,10765
21771,10973,10798
22709,11834,10875
23750,12763,10987
22000,11122,10878
22872,11914,10958
21975,11252,10723
23327,12396,10931
23118,12149,10969
22815,11585,11230
21712,10858,10854
22184,11277,10907
22511,11681,10830
22627,11698,10929
22911,11997,10914
23684,12663,11021
22310,11229,11081
22851,12042,10809
21832,11030,10802
22645,11724,10921
22600,11829,10771
23215,12197,11018
23626,12574,11052
23131,12181,10950
22452,11528,10924
21821,11017,10804
23389,12674,10715
22482,11718,10764
23383,12386,10997
23215,12199,11016
22651,11767,10884
23390,12436,10954
23387,12234,11153
22119,11236,10883
23458,12562,10896
21694,10901,10793
22614,11758,10856
23264,12209,11055
21733,11093,10640
21917,11045,10872
22872,12033,10839
23568,12548,11020
23603,12626,10977
22435,11592,10843
21188,10431,10757
20389,9737,10652
23193,12249,10944
22683,11790,10893
23242,12394,10848
23274,12340,10934
23498,12470,11028
22670,11698,10972
21044,10356,10688
21799,10927,10872
22519,11730,10789
22532,11764,10768
23113,12157,10956
22895,11938,10957
23384,12653,10731
23763,12885,10878
20981,10306,10675
23440,12396,11044
21640,10810,10830
22903,11915,10988
22903,11949,10954
21984,11080,10904
22745,11770,10975
22890,12021,10869
22445,11579,10866
22041,11155,10886
21692,10845,10847
23361,12334,11027
21416,10768,10648
23212,12177,11035
23329,12287,11042
24128,12621,11507
22914,11959,10955
23355,12341,11014
22915,11735,11180
24400,12901,11499
22784,11871,10913
23920,12847,11073
22164,11327,10837
23187,12161,11026
22806,11874,10932
22280,11367,10913
22738,11764,10974
23348,12345,11003
22522,11697,10825
22181,11194,10987
23561,12493,11068
22471,11590,10881
23122,12174,10948
22215,11349,10866
23669,12611,11058
23277,12372,10905
20872,10423,10449
22469,11568,10901
23019,12102,10917
22931,11929,11002
22204,11217,10987
23383,12381,11002
22895,12042,10853
23386,12310,11076
23414,12356,11058
22578,11726,10852
23649,12561,11088
22464,11452,11012
22643,11787,10856
23091,12008,11083
22841,11985,10856
21684,10742,10942
23538,12527,11011
23543,12608,10935
22786,11808,10978
23792,12757,11035
22938,11916,11022
22440,11384,11056
22546,11608,10938
23693,12600,11093
23372,12476,10896
21261,10422,10839
22052,11274,10778
22301,11612,10689
23528,12479,11049
23090,12072,11018
22920,11632,11288
22474,11561,10913
22664,11767,10897
23502,12527,10975
23490,12581,10909
22927,12005,10922
21694,10844,10850
23120,12129,10991
23142,12232,10910
23219,12283,10936
22231,11459,10772
21991,11110,10881
23218,12251,10967
22501,11649,10852
23899,12829,11070
22764,11783,10981
22987,12061,10926
23190,12309,10881
22981,12086,10895
21143,10502,10641
23685,12749,10936
23375,12350,11025
20593,9961,10632
21683,10905,10778
21755,10964,10791
23546,12534,11012
23415,12341,11074
23551,12656,10895
23123,12223,10900
23163,12167,10996
22561,11617,10944
23066,11942,11124
22251,11291,10960
22964,12153,10811
23419,12439,10980
23821,12938,10883
22895,11945,10950
23041,12154,10887
23255,12249,11006
22280,11363,10917
22325,11529,10796
21918,11026,10892
22585,11912,10673
22565,11836,10729
23074,12136,10938
23702,12493,11209
22265,11390,10875
22149,11279,10870
23704,12805,10899
22799,11939,10860
23278,12276,11002
21940,11058,10882
22706,11805,10901
21561,10904,10657
22475,11529,10946
22229,11389,10840
22336,11410,10926
21217,10494,10723
22708,11816,10892
23146,12122,11024
22811,11871,10940
23562,12589,10973
22971,12129,10842
23081,12072,11009
23916,12924,10992
22302,11275,11027
22542,11684,10858
22987,12026,10961
23685,12682,11003
22967,11910,11057
23027,12057,10970
22958,11990,10968
23912,12819,11093
22440,11678,10762
23238,12245,10993
22639,11733,10906
23655,12664,10991
23560,12556,11004
22644,11755,10889
21950,10997,10953
22876,11879,10997
21315,10535,10780
23371,12335,11036
21916,11109,10807
22996,12012,10984
21629,10714,10915
23408,12401,11007
23256,12206,11050
22297,11627,10670
23367,12468,10899
21048,10541,10507
23175,12173,11002
20937,10279,10658
23246,12270,10976
23629,12670,10959
20371,9842,10529
22574,11640,10934
23707,12671,11036
23319,12387,10932
21709,10854,10855
23563,12072,11491
22195,11462,10733
23366,12240,11126
22664,11838,10826
22693,11773,10920
22468,11566,10902
22934,12137,10797
23455,12426,11029
23135,12140,10995
23307,12326,10981
22251,11303,10948
22809,11855,10954
23656,12710,10946
22641,11778,10863
22876,11856,11020
22658,11753,10905
22920,11834,11086
22960,11981,10979
21519,10844,10675
23403,12490,10913
23502,12479,11023
23513,12532,10981
23056,12195,10861
23027,12013,11014
23872,12814,11058
22516,11688,10828
23308,12318,10990
23490,12424,11066
22990,12081,10909
23755,12672,11083
23040,12096,10944
23420,12387,11033
22604,11652,10952
23126,12194,10932
23534,12484,11050
22895,11956,10939
21059,10332,10727
23414,12428,10986
21980,11206,10774
23679,12694,10985
23119,12222,10897
22100,11285,10815
22603,11801,10802
22737,11726,11011
22973,12090,10883
23267,12328,10939
23437,12360,11077
23943,13020,10923
21942,11028,10914
23644,12634,11010
22264,11388,10876
22289,11378,10911
21195,10519,10676
23095,12164,10931
22877,11925,10952
23616,12597,11019
22311,11568,10743
23581,12596,10985
23405,12339,11066
22560,11687,10873
22071,11045,11026
22374,11737,10637
22737,11843,10894
22551,11622,10929
23846,12913,10933
22830,11861,10969
22223,11268,10955
22627,11740,10887
20500,9834,10666
21484,10742,10742
22483,11641,10842
22371,11347,11024
23305,12364,10941
23514,12493,11021
22102,11219,10883
23215,12294,10921
22549,11655,10894
22486,11619,10867
23713,12674,11039
23584,12605,10979
21978,11272,10706
23317,12350,10967
23847,12759,11088
22743,11849,10894
23385,12379,11006
21610,10878,10732
23584,12657,10927
21896,11207,10689
21281,10509,10772
23376,12282,11094
23275,12217,11058
23020,12085,10935
22582,11731,10851
22868,11939,10929
20954,10262,10692
21309,10609,10700
22872,11967,10905
23444,12406,11038
23553,12545,11008
23889,12894,10995
22816,11974,10842
23590,12449,11141
22474,11670,10804
23452,12502,10950
22367,11471,10896
22099,11255,10844
22770,11890,10880
23269,12131,11138
22992,12087,10905
22813,11914,10899
23087,12006,11081
22573,11561,11012
23533,12550,10983
22625,11721,10904
21991,11052,10939
21694,10861,10833
23462,12521,10941
22727,11810,10917
22928,11958,10970
23445,12476,10969
22791,11917,10874
22513,11500,11013
21984,10856,11128
22789,11819,10970
22360,11399,10961
23438,12465,10973
22048,11229,10819
22246,11531,10715
22562,11695,10867
23408,12546,10862
23154,12251,10903
23575,12513,11062
22957,12042,10915
22938,12010,10928
22386,11534,10852
22688,11801,10887
22438,11524,10914
23180,12187,10993
20688,10106,10582
23495,12493,11002
23315,12257,11058
22633,11652,10981
23410,12376,11034
22133,11289,10844
22688,11718,10970
23490,12492,10998
22526,11566,10960
22864,11890,10974
22669,11734,10935
23303,12459,10844
22891,11937,10954
23569,12612,10957
22046,11213,10833
23476,12410,11066
22107,11341,10766
22567,11841,10726
22027,11175,10852
23251,12163,11088
23171,12227,10944
23576,12612,10964
21864,10945,10919
22042,11175,10867
22602,11770,10832
21393,10684,10709
23139,12190,10949
23611,12716,10895
23035,12021,11014
23972,12845,11127
23290,12259,11031
23321,12240,11081
23270,12275,10995
22762,11881,10881
22972,12071,10901
23026,12121,10905
22098,11266,10832
22481,11636,10845
23474,12621,10853
22604,11621,10983
21750,10930,10820
24022,12998,11024
22105,11201,10904
22448,11708,10740
23362,12425,10937
22972,11981,10991
23313,12370,10943
23571,12519,11052
23389,12518,10871
22942,11969,10973
23570,12432,11138
22574,11666,10908
22372,11562,10810
21152,10426,10726
22547,11775,10772
23230,12256,10974
22656,11780,10876
24106,13045,11061
22721,11671,11050
21581,10785,10796
22972,12111,10861
22579,11747,10832
22581,11666,10915
23191,12327,10864
21773,11006,10767
22067,11256,10811
22652,11801,10851
22757,11737,11020
22349,11448,10901
22936,12022,10914
23086,12060,11026
23553,12597,10956
22107,11326,10781
21187,10514,10673
22008,11168,10840
23420,12380,11040
22353,11430,10923
22237,11306,10931
23102,12172,10930
20491,9974,10517
23012,12092,10920
23167,12324,10843
21750,10813,10937
22300,11373,10927
21946,10978,10968
23450,12491,10959
23009,12090,10919
22929,12064,10865
22048,11304,10744
22204,11380,10824
22272,11402,10870
22801,11853,10948
21561,10694,10867
22668,11807,10861
23264,12210,11054
22803,11784,11019
23164,12231,10933
23191,12259,10932
23481,12424,11057
23187,12279,10908
23596,12444,11152
23242,12214,11028
22558,11713,10845
21233,10604,10629
22223,11278,10945
23697,12702,10995
23024,12054,10970
23593,12533,11060
23388,12456,10932
21457,10528,10929
22891,11870,11021
23325,12218,11107
22556,11696,10860
22378,11409,10969
22023,11166,10857
22581,11808,10773
22629,11758,10871
23744,12745,10999
22356,11469,10887
23249,12322,10927
22897,11927,10970
23255,12285,10970
22692,11841,10851
23517,12570,10947
23376,12281,11095
23249,12306,10943
22155,11340,10815
22617,11674,10943
22552,11739,10813
23168,12112,11056
24188,13133,11055
23699,12660,11039
23466,12440,11026
23062,12192,10870
22476,11541,10935
22502,11674,10828
21739,10929,10810
22559,11512,11047
22826,11838,10988
21700,10925,10775
23490,12409,11081
23667,12763,10904
19584,9055,10529
22397,11579,10818
23199,12240,10959
22605,11776,10829
22866,11945,10921
22139,11268,10871
23345,12410,10935
22878,11975,10903
22607,11692,10915
22334,11418,10916
20227,9521,10706
23170,12303,10867
22332,11522,10810
23456,12581,10875
22620,11797,10823
22583,11652,10931
22740,11857,10883
23645,12599,11046
23089,12067,11022
23240,12088,11152
22434,11456,10978
23303,12340,10963
21952,11162,10790
22423,11475,10948
23471,12397,11074
22235,11304,10931
23555,12518,11037
23718,12610,11108
22514,11573,10941
23025,12016,11009
22893,11897,10996
22375,11590,10785
22743,11863,10880
22503,11636,10867
22612,11782,10830
21956,11198,10758
23123,12131,10992
22319,11550,10769
22193,11475,10718
23627,12559,11068
22697,11813,10884
23325,12417,10908
23570,12503,11067
23462,12452,11010
22518,11669,10849
23260,12252,11008
23223,12302,10921
22511,11593,10918
23693,12733,10960
21125,10453,10672
23692,12630,11062
22211,11301,10910
23430,12534,10896
23048,12000,11048
22822,11853,10969
23328,12441,10887
22726,11833,10893
23192,12175,11017
22498,11684,10814
23099,12126,10973
23417,12394,11023
23214,12242,10972
23156,12263,10893
22771,11766,11005
22700,11943,10757
21138,10486,10652
23441,12412,11029
21940,11124,10816
23786,12797,10989
22636,11727,10909
21863,10963,10900
22385,11416,10969
22935,12016,10919
23298,12291,11007
22069,11200,10869
23401,12432,10969
21828,10901,10927
23748,12741,11007
22923,11963,10960
23185,12210,10975
22790,11830,10960
23075,12127,10948
22503,11610,10893
23589,12558,11031
20151,9588,10563
22580,11757,10823
23983,12927,11056
22739,11663,11076
21752,10957,10795
23471,12472,10999
22849,11982,10867
23347,12380,10967
23594,12576,11018
23789,12736,11053
23439,12551,10888
22199,11366,10833
22358,11580,10778
21524,10739,10785
23316,12416,10900
23385,12427,10958
22980,12028,10952
23719,12840,10879
21560,10846,10714
21856,10995,10861
22599,11688,10911
21377,10590,10787
23358,12417,10941
22698,11801,10897
21746,10901,10845
23596,12512,11084
23273,12371,10902
23090,12091,10999
23095,12082,11013
23582,12564,11018
22549,11564,10985
23495,12510,10985
24071,13018,11053
23647,12655,10992
21253,10545,10708
23386,12355,11031
22899,12098,10801
23449,12410,11039
22486,11710,10776
21903,11090,10813
22837,11915,10922
21960,11025,10935
22805,11990,10815
23623,12685,10938
22274,11528,10746
23565,12640,10925
21982,11116,10866
22939,11995,10944
23180,12171,11009
20495,9868,10627
21543,10881,10662
22100,11346,10754
21724,10846,10878
23779,12791,10988
21867,11003,10864
23780,12695,11085
21611,10844,10767
22072,11128,10944
23262,12304,10958
21789,10998,10791
22370,11511,10859
23728,12686,11042
22991,12044,10947
22269,11460,10809
22215,11363,10852
21950,11162,10788
23203,12393,10810
22955,12119,10836
23770,12768,11002
22254,11375,10879
22549,11762,10787
21125,10440,10685
23399,12469,10930
22596,11646,10950
22483,11619,10864
23631,12548,11083
22046,11271,10775
21726,11035,10691
21370,10564,10806
23297,12314,10983
22363,11568,10795
22586,11737,10849
22371,11605,10766
23316,12315,11001
22848,11965,10883
21478,10877,10601
21680,10715,10965
22177,11371,10806
23394,12336,11058
21590,10674,10916
22655,11776,10879
22023,11097,10926
22752,11851,10901
22917,11950,10967
22618,11783,10835
23201,12287,10914
23567,12458,11109
23313,12230,11083
22414,11691,10723
22788,11946,10842
22503,11662,10841
22735,11848,10887
21917,11180,10737
23905,12888,11017
23100,12226,10874
20962,10363,10599
23197,12240,10957
22845,11902,10943
23382,12418,10964
23574,12716,10858
23506,12555,10951
22430,11627,10803
22515,11618,10897
22212,11392,10820
22177,11305,10872
22388,11493,10895
23197,12102,11095
23407,12333,11074
22259,11383,10876
22100,11198,10902
22776,11924,10852
22213,11367,10846
22323,11406,10917
22368,11467,10901
22251,11433,10818
23294,12236,11058
23129,12207,10922
23886,12778,11108
22816,11901,10915
23618,12667,10951
22643,11724,10919
22614,11737,10877
23847,12711,11136
23103,12048,11055
23371,12383,10988
22470,11472,10998
23308,12356,10952
22581,11673,10908
23317,12396,10921
22019,11108,10911
23894,12911,10983
22829,11955,10874
21911,11249,10662
21872,11047,10825
22181,11336,10845
22997,12090,10907
22851,11879,10972
22667,11740,10927
21088,10216,10872
23179,12200,10979
20977,10548,10429
22827,11881,10946
22894,11928,10966
22048,11307,10741
21845,11047,10798
23812,12787,11025
21717,10911,10806
22426,11577,10849
23625,12582,11043
21768,11176,10592
23322,12301,11021
22121,11310,10811
22709,11850,10859
23020,12079,10941
22990,11965,11025
22581,11848,10733
22968,12076,10892
23624,12647,10977
22812,11884,10928
22559,11696,10863
23441,12504,10937
23118,12040,11078
22896,11900,10996
22961,12047,10914
21875,10950,10925
21977,11174,10803
21771,10917,10854
23693,12112,11581
22582,11494,11088
21541,10833,10708
23029,12115,10914
22875,11938,10937
22896,11893,11003
22956,12038,10918
23701,12697,11004
20048,9552,10496
23097,12054,11043
22114,11381,10733
21383,10699,10684
22299,11431,10868
22318,11367,10951
20635,10023,10612
22465,11573,10892
22075,11202,10873
21405,10645,10760
20933,10402,10531
23279,12305,10974
23210,12298,10912
22834,11747,11087
22706,11854,10852
23383,12478,10905
22733,11847,10886
22264,11312,10952
22735,11926,10809
23884,12956,10928
23924,12824,11100
22345,11528,10817
20942,10286,10656
21685,10797,10888
22481,11595,10886
23290,12355,10935
22618,11678,10940
23122,12135,10987
23701,12616,11085
22710,11798,10912
22337,11468,10869
23568,12527,11041
22937,11952,10985
23732,12748,10984
22679,11846,10833
23257,12324,10933
22234,11298,10936
21207,10494,10713
21567,10855,10712
23208,12344,10864
22925,11992,10933
22614,11710,10904
21897,11171,10726
23844,12857,10987
23751,12725,11026
23088,12043,11045
23013,12149,10864
21997,11203,10794
23448,12434,11014
23291,12285,11006
23019,12138,10881
22651,11719,10932
23700,12642,11058
23065,12120,10945
22898,11873,11025
22175,11348,10827
23977,12981,10996
22727,11855,10872
23446,12509,10937
22832,11992,10840
22029,11298,10731
23379,12354,11025
22264,11408,10856
22644,11797,10847
21847,10999,10848
21962,11236,10726
23461,12501,10960
22338,11463,10875
23188,12233,10955
23606,12667,10939
23514,12516,10998
22481,11617,10864
23547,12524,11023
22149,11276,10873
22414,11644,10770
21809,10967,10842
23268,12248,11020
23444,12466,10978
21473,10736,10737
22311,11382,10929
23198,12324,10874
20986,10214,10772
22327,11439,10888
23047,12068,10979
22381,11456,10925
23192,12289,10903
23833,12695,11138
22590,11659,10931
22343,11552,10791
23044,12079,10965
23023,12110,10913
22821,11928,10893
23685,12768,10917
20859,10179,10680
21795,10997,10798
22372,11620,10752
20013,9484,10529
22800,11859,10941
22618,11866,10752
22807,11907,10900
22333,11465,10868
23572,12608,10964
21945,11121,10824
22401,11514,10887
24055,13048,11007
23263,12130,11133
23860,12803,11057
22050,11382,10668
20223,9642,10581
21608,10775,10833
22866,11881,10985
23737,12709,11028
21952,11122,10830
23122,12145,10977
23541,12419,11122
21734,11007,10727
22934,11969,10965
22049,11258,10791
22296,11442,10854
22549,11736,10813
23088,12246,10842
23000,12141,10859
23571,12601,10970
23092,12132,10960
19888,9391,10497
23853,12780,11073
23061,12125,10936
23545,12352,11193
22633,11814,10819
22567,11717,10850
23253,12257,10996
23053,12082,10971
22559,11721,10838
22288,11418,10870
22434,11591,10843
22992,12018,10974
23316,12374,10942
20974,10256,10718
22984,12021,10963
23359,12375,10984
21310,10536,10774
22335,11558,10777
22784,11901,10883
23218,12309,10909
23480,12516,10964
23458,12601,10857
22673,11698,10975
23437,12426,11011
22557,11690,10867
22059,11211,10848
21075,10458,10617
21427,10767,10660
22334,11368,10966
23159,12179,10980
22448,11612,10836
23166,12196,10970
22501,11622,10879
23068,12169,10899
23546,12591,10955
22701,11810,10891
22605,11595,11010
22931,11959,10972
23534,12495,11039
23038,11997,11041
22976,12046,10930
23847,12731,11116
21383,10604,10779
22468,11555,10913
22044,11135,10909
23171,12145,11026
23377,12393,10984
23655,12576,11079
23005,12081,10924
22476,11677,10799
23239,12263,10976
21499,10646,10853
23412,12470,10942
23383,12263,11120
22775,11878,10897
23776,12746,11030
21969,11121,10848
22533,11814,10719
22507,11589,10918
21331,10504,10827
22567,11680,10887
23389,12365,11024
22731,11952,10779
22803,11876,10927
23880,12798,11082
23534,12576,10958
23285,12412,10873
22509,11733,10776
24047,12945,11102
23091,12199,10892
22219,11440,10779
22896,11973,10923
23508,12616,10892
22135,11327,10808
22889,11932,10957
23121,11985,11136
23236,12311,10925
22964,11832,11132
21642,10889,10753
23156,12138,11018
23551,12485,11066
23799,12815,10984
22600,11662,10938
23644,12560,11084
22015,11221,10794
22195,11364,10831
22288,11447,10841
22618,11822,10796
23598,12522,11076
23076,12150,10926
22742,11778,10964
22826,11924,10902
20531,9784,10747
23199,12246,10953
22906,11990,10916
22690,11866,10824
23325,12272,11053
22278,11446,10832
22642,11837,10805
21317,10564,10753
22452,11537,10915
23079,12005,11074
22569,11742,10827
23220,12277,10943
22523,11621,10902
22419,11590,10829
21960,11218,10742
22773,11759,11014
22357,11500,10857
23736,12692,11044
22773,11921,10852
22917,11943,10974
22175,11277,10898
22746,11795,10951
22832,11957,10875
22351,11536,10815
22296,11427,10869
22462,11542,10920
23490,12562,10928
22589,11614,10975
23922,12856,11066
22921,11853,11068
22440,11480,10960
21860,11086,10774
23257,12309,10948
22258,11546,10712
23270,12296,10974
22911,11935,10976
22181,11315,10866
23901,12803,11098
23460,12443,11017
21840,11139,10701
23424,12419,11005
22917,11978,10939
21158,10506,10652
22714,11825,10889
22234,11376,10858
22665,11778,10887
23363,12409,10954
23340,12438,10902
21566,10822,10744
22760,11853,10907
22672,11807,10865
23104,12240,10864
22739,11820,10919
22084,11178,10906
23956,12829,11127
19997,9387,10610
22614,11630,10984
22880,11982,10898
21886,11147,10739
22764,11920,10844
23740,12610,11130
23547,12530,11017
23963,12809,11154
23701,12742,10959
22042,11251,10791
23488,12609,10879
22827,11852,10975
23057,11990,11067
23939,12855,11084
20829,10123,10706
22797,11800,10997
22261,11486,10775
