recon,cyber,disinfo,comb,cyber2,disinfo2
0.0,0.0,0.0,0.0,0.0,0.0
1.0,2.0,0.0,1.0,0.0,0.0
1.0,0.0,0.0,0.0,0.0,0.0
1.0,0.0,0.0,0.0,0.0,0.0
1.0,1.0,0.0,1.0,0.0,0.0
1.0,0.0,1.0,1.0,0.0,0.0
1.0,1.0,1.0,1.0,0.0,0.0
1.0,0.0,1.0,1.0,0.0,2.0
1.0,0.0,0.0,0.0,0.0,0.0
1.0,0.0,0.0,0.0,0.0,0.0
1.0,1.0,1.0,0.0,0.0,0.0
1.0,0.0,0.0,0.0,0.0,0.0
1.0,0.0,1.0,0.0,0.0,0.0
1.0,2.0,0.0,3.0,1.0,0.0
1.0,0.0,2.0,0.0,0.0,0.0
1.0,1.0,0.0,0.0,0.0,0.0
2.0,5.0,1.0,0.0,0.0,0.0
1.0,0.0,1.0,0.0,0.0,0.0
1.0,1.0,0.0,2.0,0.0,0.0
1.0,0.0,0.0,1.0,0.0,0.0
2.0,1.0,2.0,0.0,0.0,0.0
1.0,1.0,2.0,1.0,0.0,0.0
1.0,3.0,0.0,0.0,0.0,0.0
1.0,0.0,1.0,1.0,0.0,0.0
1.0,1.0,0.0,0.0,0.0,0.0
1.0,0.0,1.0,0.0,0.0,0.0
1.0,0.0,0.0,0.0,0.0,0.0
2.0,1.0,0.0,1.0,0.0,0.0
1.0,3.0,1.0,1.0,0.0,0.0
1.0,1.0,0.0,2.0,1.0,0.0
1.0,2.0,0.0,1.0,3.0,0.0
1.0,1.0,0.0,2.0,0.0,0.0
1.0,1.0,1.0,0.0,0.0,0.0
1.0,0.0,0.0,1.0,0.0,0.0
1.0,0.0,0.0,0.0,0.0,0.0
1.0,2.0,0.0,0.0,0.0,0.0
1.0,0.0,0.0,1.0,0.0,0.0
1.0,1.0,3.0,0.0,0.0,0.0
1.0,0.0,0.0,0.0,0.0,0.0
1.0,0.0,0.0,0.0,0.0,0.0
1.0,1.0,0.0,0.0,0.0,0.0
1.0,1.0,0.0,1.0,0.0,0.0
1.0,0.0,2.0,0.0,0.0,0.0
2.0,1.0,0.0,0.0,0.0,0.0
2.0,0.0,0.0,0.0,0.0,0.0
1.0,1.0,0.0,0.0,0.0,0.0
1.0,0.0,0.0,0.0,0.0,0.0
2.0,1.0,1.0,2.0,0.0,0.0
1.0,0.0,0.0,0.0,0.0,0.0
1.0,1.0,0.0,0.0,0.0,0.0
3.0,1.0,0.0,0.0,0.0,0.0
2.0,0.0,0.0,0.0,0.0,0.0
1.0,1.0,1.0,0.0,0.0,0.0
1.0,2.0,0.0,1.0,0.0,0.0
1.0,0.0,0.0,0.0,0.0,0.0
1.0,0.0,1.0,2.0,0.0,0.0
3.0,1.0,0.0,4.0,0.0,0.0
1.0,0.0,0.0,1.0,0.0,0.0
1.0,0.0,0.0,0.0,0.0,0.0
1.0,0.0,0.0,0.0,0.0,0.0
3.0,0.0,1.0,0.0,0.0,0.0
1.0,0.0,1.0,1.0,0.0,0.0
1.0,0.0,2.0,1.0,0.0,0.0
1.0,0.0,2.0,1.0,0.0,0.0
1.0,0.0,0.0,0.0,0.0,0.0
1.0,0.0,1.0,1.0,0.0,1.0
1.0,2.0,1.0,0.0,0.0,0.0
1.0,1.0,0.0,0.0,0.0,0.0
1.0,0.0,2.0,1.0,0.0,0.0
1.0,0.0,0.0,1.0,0.0,0.0
1.0,1.0,1.0,0.0,0.0,0.0
1.0,0.0,0.0,0.0,0.0,0.0
1.0,0.0,0.0,0.0,0.0,0.0
2.0,0.0,0.0,0.0,0.0,0.0
1.0,2.0,0.0,1.0,0.0,0.0
1.0,1.0,0.0,1.0,1.0,0.0
1.0,0.0,1.0,1.0,0.0,1.0
1.0,0.0,0.0,0.0,0.0,0.0
1.0,0.0,0.0,0.0,0.0,0.0
1.0,1.0,3.0,0.0,0.0,0.0
1.0,0.0,2.0,1.0,0.0,0.0
1.0,0.0,0.0,0.0,0.0,0.0
1.0,0.0,0.0,0.0,0.0,0.0
1.0,1.0,0.0,0.0,0.0,0.0
1.0,5.0,0.0,2.0,0.0,0.0
1.0,2.0,3.0,0.0,0.0,0.0
1.0,0.0,2.0,1.0,0.0,0.0
2.0,0.0,0.0,1.0,0.0,0.0
1.0,0.0,1.0,3.0,0.0,2.0
1.0,0.0,0.0,0.0,0.0,0.0
2.0,1.0,0.0,0.0,0.0,0.0
2.0,2.0,1.0,0.0,0.0,0.0
1.0,0.0,0.0,0.0,0.0,0.0
1.0,0.0,1.0,0.0,0.0,0.0
2.0,0.0,1.0,2.0,0.0,0.0
1.0,0.0,0.0,0.0,0.0,0.0
1.0,1.0,1.0,0.0,0.0,0.0
1.0,0.0,0.0,0.0,0.0,0.0
1.0,1.0,1.0,0.0,0.0,0.0
1.0,0.0,1.0,0.0,0.0,0.0
1.0,0.0,1.0,1.0,0.0,0.0
1.0,0.0,0.0,0.0,0.0,0.0
1.0,3.0,1.0,1.0,0.0,0.0
1.0,2.0,1.0,0.0,0.0,0.0
1.0,6.0,2.0,0.0,0.0,0.0
1.0,1.0,0.0,0.0,0.0,0.0
1.0,0.0,0.0,1.0,0.0,0.0
1.0,0.0,0.0,0.0,0.0,0.0
1.0,0.0,2.0,1.0,0.0,0.0
1.0,0.0,2.0,3.0,0.0,0.0
2.0,1.0,0.0,0.0,0.0,0.0
1.0,0.0,2.0,1.0,0.0,0.0
1.0,0.0,0.0,0.0,0.0,0.0
1.0,2.0,0.0,2.0,1.0,0.0
1.0,1.0,1.0,1.0,0.0,0.0
1.0,0.0,4.0,2.0,0.0,0.0
2.0,0.0,1.0,1.0,0.0,0.0
1.0,1.0,0.0,0.0,0.0,0.0
1.0,3.0,0.0,0.0,0.0,0.0
3.0,0.0,1.0,1.0,0.0,0.0
1.0,0.0,1.0,1.0,0.0,0.0
1.0,0.0,0.0,0.0,0.0,0.0
1.0,0.0,0.0,0.0,0.0,0.0
2.0,0.0,0.0,0.0,0.0,0.0
1.0,1.0,1.0,3.0,0.0,0.0
1.0,0.0,0.0,0.0,0.0,0.0
1.0,0.0,0.0,1.0,0.0,0.0
1.0,2.0,0.0,1.0,0.0,0.0
1.0,0.0,7.0,1.0,0.0,0.0
1.0,0.0,0.0,1.0,0.0,0.0
1.0,0.0,13.0,1.0,0.0,0.0
1.0,0.0,0.0,0.0,0.0,0.0
1.0,1.0,0.0,1.0,0.0,0.0
3.0,0.0,1.0,1.0,0.0,12.0
2.0,6.0,2.0,2.0,0.0,0.0
2.0,1.0,0.0,1.0,15.0,0.0
1.0,1.0,0.0,1.0,0.0,0.0
2.0,0.0,0.0,1.0,0.0,0.0
1.0,2.0,1.0,1.0,0.0,0.0
2.0,0.0,0.0,1.0,0.0,0.0
1.0,7.0,1.0,1.0,0.0,0.0
1.0,12.0,1.0,1.0,0.0,0.0
1.0,2.0,0.0,3.0,0.0,0.0
1.0,0.0,1.0,0.0,0.0,0.0
1.0,0.0,0.0,0.0,0.0,0.0
1.0,0.0,3.0,2.0,0.0,0.0
1.0,3.0,1.0,0.0,0.0,0.0
1.0,2.0,5.0,1.0,0.0,0.0
1.0,7.0,1.0,0.0,0.0,0.0
1.0,0.0,0.0,0.0,0.0,0.0
1.0,0.0,0.0,0.0,0.0,0.0
1.0,1.0,0.0,0.0,0.0,0.0
1.0,0.0,7.0,1.0,0.0,0.0
1.0,0.0,3.0,3.0,0.0,0.0
1.0,0.0,1.0,0.0,0.0,0.0
1.0,1.0,1.0,2.0,0.0,0.0
1.0,38.0,1.0,0.0,0.0,0.0
1.0,0.0,0.0,1.0,0.0,0.0
1.0,1.0,4.0,0.0,0.0,0.0
1.0,4.0,0.0,1.0,0.0,0.0
1.0,1.0,1.0,0.0,0.0,0.0
1.0,1.0,0.0,1.0,8.0,0.0
1.0,0.0,1.0,1.0,0.0,0.0
2.0,1.0,1.0,0.0,0.0,0.0
1.0,1.0,0.0,1.0,0.0,0.0
2.0,0.0,0.0,0.0,0.0,0.0
1.0,1.0,0.0,0.0,0.0,0.0
1.0,0.0,0.0,0.0,0.0,0.0
2.0,51.0,0.0,1.0,0.0,0.0
1.0,0.0,3.0,2.0,0.0,0.0
1.0,0.0,1.0,3.0,0.0,0.0
1.0,0.0,2.0,1.0,0.0,0.0
1.0,2.0,2.0,0.0,0.0,0.0
3.0,2.0,7.0,0.0,0.0,0.0
1.0,0.0,0.0,0.0,0.0,0.0
1.0,3.0,3.0,1.0,0.0,0.0
1.0,0.0,2.0,1.0,0.0,0.0
1.0,0.0,10.0,1.0,0.0,0.0
1.0,24.0,0.0,1.0,0.0,0.0
1.0,0.0,8.0,1.0,0.0,0.0
1.0,2.0,3.0,0.0,0.0,0.0
1.0,1.0,5.0,0.0,0.0,0.0
1.0,1.0,0.0,1.0,0.0,0.0
1.0,0.0,0.0,1.0,0.0,0.0
2.0,13.0,0.0,3.0,0.0,0.0
2.0,1.0,1.0,1.0,0.0,0.0
1.0,0.0,0.0,0.0,0.0,0.0
1.0,0.0,0.0,0.0,0.0,0.0
1.0,2.0,0.0,1.0,1.0,0.0
1.0,0.0,0.0,0.0,0.0,0.0
1.0,0.0,0.0,0.0,0.0,0.0
1.0,32.0,3.0,0.0,0.0,0.0
1.0,0.0,1.0,0.0,0.0,0.0
1.0,2.0,1.0,0.0,0.0,0.0
1.0,25.0,1.0,0.0,0.0,0.0
4.0,4.0,0.0,2.0,0.0,0.0
1.0,2.0,2.0,1.0,0.0,0.0
1.0,3.0,2.0,0.0,0.0,0.0
1.0,0.0,0.0,0.0,0.0,0.0
1.0,0.0,0.0,1.0,0.0,0.0
1.0,0.0,3.0,1.0,0.0,3.0
2.0,1.0,2.0,0.0,0.0,0.0
1.0,0.0,1.0,1.0,0.0,0.0
1.0,1.0,1.0,0.0,0.0,0.0
1.0,0.0,1.0,0.0,0.0,0.0
1.0,2.0,0.0,0.0,0.0,0.0
1.0,1.0,0.0,0.0,0.0,0.0
1.0,6.0,2.0,0.0,0.0,0.0
1.0,0.0,0.0,0.0,0.0,0.0
1.0,5.0,1.0,0.0,0.0,0.0
1.0,0.0,6.0,1.0,0.0,0.0
1.0,1.0,18.0,1.0,0.0,0.0
1.0,32.0,0.0,1.0,0.0,0.0
1.0,0.0,2.0,0.0,0.0,0.0
1.0,1.0,0.0,1.0,3.0,0.0
2.0,3.0,1.0,2.0,0.0,0.0
1.0,0.0,0.0,0.0,0.0,0.0
1.0,0.0,0.0,1.0,0.0,0.0
1.0,1.0,1.0,0.0,0.0,0.0
3.0,1.0,0.0,2.0,1.0,0.0
1.0,1.0,0.0,0.0,0.0,0.0
1.0,1.0,2.0,1.0,0.0,0.0
1.0,0.0,2.0,1.0,0.0,25.0
2.0,0.0,0.0,1.0,0.0,0.0
1.0,17.0,4.0,2.0,0.0,0.0
1.0,0.0,1.0,2.0,0.0,1.0
1.0,3.0,0.0,2.0,0.0,0.0
1.0,5.0,10.0,2.0,0.0,0.0
1.0,1.0,0.0,1.0,0.0,0.0
1.0,0.0,0.0,0.0,0.0,0.0
1.0,7.0,1.0,0.0,0.0,0.0
1.0,0.0,0.0,0.0,0.0,0.0
2.0,1.0,2.0,0.0,0.0,0.0
1.0,1.0,0.0,0.0,0.0,0.0
1.0,5.0,0.0,1.0,0.0,0.0
1.0,9.0,0.0,1.0,0.0,0.0
1.0,0.0,12.0,2.0,0.0,0.0
1.0,1.0,0.0,0.0,0.0,0.0
1.0,4.0,2.0,1.0,0.0,0.0
1.0,1.0,0.0,0.0,0.0,0.0
1.0,1.0,1.0,0.0,0.0,0.0
1.0,4.0,0.0,1.0,0.0,0.0
1.0,0.0,0.0,0.0,0.0,0.0
1.0,70.0,1.0,2.0,0.0,0.0
2.0,20.0,1.0,1.0,0.0,0.0
1.0,1.0,8.0,1.0,0.0,0.0
2.0,2.0,1.0,0.0,0.0,0.0
1.0,32.0,1.0,0.0,0.0,0.0
1.0,12.0,1.0,0.0,0.0,0.0
1.0,0.0,0.0,0.0,0.0,0.0
1.0,0.0,17.0,2.0,0.0,0.0
2.0,95.0,0.0,3.0,0.0,0.0
1.0,2.0,0.0,1.0,0.0,0.0
1.0,1.0,0.0,0.0,0.0,0.0
1.0,0.0,1.0,1.0,0.0,0.0
1.0,4.0,1.0,0.0,0.0,0.0
3.0,74.0,1.0,1.0,0.0,0.0
1.0,0.0,0.0,0.0,0.0,0.0
1.0,0.0,0.0,0.0,0.0,0.0
1.0,3.0,0.0,0.0,0.0,0.0
1.0,2.0,0.0,0.0,0.0,0.0
1.0,2.0,1.0,2.0,0.0,0.0
1.0,0.0,0.0,0.0,0.0,0.0
1.0,0.0,1.0,1.0,0.0,0.0
1.0,2.0,9.0,0.0,0.0,0.0
1.0,0.0,0.0,0.0,0.0,0.0
1.0,0.0,1.0,0.0,0.0,0.0
2.0,3.0,1.0,0.0,0.0,0.0
1.0,0.0,0.0,0.0,0.0,0.0
1.0,70.0,1.0,0.0,0.0,0.0
1.0,2.0,0.0,0.0,0.0,0.0
1.0,0.0,0.0,0.0,0.0,0.0
1.0,1.0,0.0,1.0,6.0,0.0
2.0,24.0,0.0,1.0,0.0,0.0
2.0,0.0,0.0,0.0,0.0,0.0
1.0,5.0,0.0,1.0,0.0,0.0
1.0,79.0,0.0,1.0,0.0,0.0
2.0,39.0,1.0,0.0,0.0,0.0
1.0,0.0,1.0,0.0,0.0,0.0
1.0,5.0,5.0,0.0,0.0,0.0
2.0,2.0,0.0,2.0,28.0,0.0
1.0,0.0,30.0,1.0,0.0,0.0
1.0,0.0,0.0,0.0,0.0,0.0
2.0,0.0,0.0,0.0,0.0,0.0
1.0,0.0,2.0,1.0,0.0,0.0
2.0,0.0,1.0,1.0,0.0,11.0
1.0,3.0,1.0,0.0,0.0,0.0
1.0,0.0,3.0,1.0,0.0,71.0
2.0,0.0,1.0,2.0,0.0,15.0
1.0,2.0,12.0,0.0,0.0,0.0
1.0,4.0,12.0,0.0,0.0,0.0
2.0,0.0,0.0,1.0,0.0,0.0
1.0,0.0,0.0,0.0,0.0,0.0
1.0,27.0,1.0,2.0,0.0,0.0
1.0,0.0,0.0,0.0,0.0,0.0
2.0,1.0,18.0,0.0,0.0,0.0
2.0,37.0,0.0,1.0,0.0,0.0
1.0,0.0,1.0,0.0,0.0,0.0
1.0,0.0,1.0,0.0,0.0,0.0
1.0,1.0,1.0,0.0,0.0,0.0
2.0,0.0,22.0,1.0,0.0,0.0
2.0,89.0,0.0,1.0,0.0,0.0
1.0,1.0,11.0,0.0,0.0,0.0
1.0,97.0,0.0,1.0,0.0,0.0
1.0,0.0,0.0,0.0,0.0,0.0
1.0,2.0,0.0,1.0,30.0,0.0
1.0,17.0,0.0,1.0,0.0,0.0
1.0,29.0,2.0,0.0,0.0,0.0
1.0,39.0,0.0,1.0,0.0,0.0
1.0,40.0,1.0,3.0,0.0,0.0
1.0,0.0,1.0,0.0,0.0,0.0
1.0,0.0,0.0,0.0,0.0,0.0
1.0,0.0,0.0,0.0,0.0,0.0
1.0,1.0,7.0,0.0,0.0,0.0
1.0,0.0,0.0,0.0,0.0,0.0
1.0,0.0,1.0,3.0,0.0,32.0
1.0,0.0,0.0,0.0,0.0,0.0
1.0,98.0,1.0,0.0,0.0,0.0
1.0,1.0,2.0,0.0,0.0,0.0
1.0,0.0,0.0,0.0,0.0,0.0
2.0,97.0,0.0,1.0,0.0,0.0
2.0,2.0,52.0,0.0,0.0,0.0
1.0,2.0,11.0,1.0,0.0,0.0
1.0,22.0,0.0,3.0,0.0,0.0
3.0,27.0,0.0,1.0,0.0,0.0
1.0,2.0,1.0,1.0,0.0,0.0
1.0,0.0,0.0,0.0,0.0,0.0
1.0,0.0,2.0,1.0,0.0,0.0
1.0,1.0,0.0,1.0,21.0,0.0
1.0,98.0,1.0,0.0,0.0,0.0
1.0,48.0,1.0,0.0,0.0,0.0
1.0,0.0,0.0,0.0,0.0,0.0
1.0,2.0,0.0,0.0,0.0,0.0
2.0,49.0,1.0,0.0,0.0,0.0
1.0,0.0,1.0,0.0,0.0,0.0
1.0,0.0,0.0,1.0,0.0,0.0
1.0,45.0,0.0,2.0,0.0,0.0
1.0,0.0,3.0,1.0,0.0,0.0
1.0,97.0,1.0,1.0,0.0,0.0
1.0,1.0,13.0,0.0,0.0,0.0
1.0,1.0,1.0,0.0,0.0,0.0
1.0,41.0,1.0,0.0,0.0,0.0
1.0,23.0,2.0,1.0,0.0,0.0
1.0,97.0,1.0,1.0,0.0,0.0
1.0,0.0,1.0,2.0,0.0,0.0
1.0,45.0,1.0,0.0,0.0,0.0
1.0,3.0,0.0,1.0,51.0,0.0
1.0,0.0,29.0,1.0,0.0,0.0
1.0,7.0,3.0,1.0,0.0,0.0
1.0,2.0,0.0,0.0,0.0,0.0
1.0,0.0,0.0,0.0,0.0,0.0
1.0,1.0,4.0,0.0,0.0,0.0
1.0,0.0,1.0,0.0,0.0,0.0
1.0,1.0,0.0,0.0,0.0,0.0
2.0,4.0,2.0,1.0,0.0,0.0
1.0,97.0,1.0,1.0,0.0,0.0
1.0,0.0,17.0,1.0,0.0,0.0
1.0,1.0,2.0,0.0,0.0,0.0
2.0,3.0,6.0,0.0,0.0,0.0
2.0,97.0,0.0,1.0,0.0,0.0
1.0,0.0,0.0,0.0,0.0,0.0
1.0,1.0,0.0,0.0,0.0,0.0
1.0,1.0,0.0,1.0,59.0,0.0
1.0,0.0,2.0,1.0,0.0,15.0
4.0,4.0,36.0,0.0,0.0,0.0
1.0,97.0,2.0,0.0,0.0,0.0
1.0,0.0,0.0,0.0,0.0,0.0
1.0,18.0,1.0,0.0,0.0,0.0
1.0,1.0,9.0,0.0,0.0,0.0
2.0,1.0,21.0,0.0,0.0,0.0
1.0,0.0,2.0,2.0,0.0,31.0
1.0,0.0,3.0,4.0,0.0,17.0
1.0,5.0,0.0,1.0,93.0,0.0
1.0,1.0,0.0,1.0,97.0,0.0
1.0,77.0,1.0,0.0,0.0,0.0
1.0,27.0,4.0,1.0,0.0,0.0
1.0,0.0,0.0,0.0,0.0,0.0
1.0,98.0,0.0,1.0,0.0,0.0
1.0,0.0,0.0,0.0,0.0,0.0
2.0,0.0,0.0,0.0,0.0,0.0
1.0,0.0,0.0,1.0,0.0,0.0
1.0,0.0,2.0,1.0,0.0,0.0
1.0,0.0,1.0,1.0,0.0,14.0
1.0,63.0,0.0,1.0,0.0,0.0
1.0,1.0,0.0,0.0,0.0,0.0
1.0,0.0,0.0,0.0,0.0,0.0
1.0,1.0,7.0,0.0,0.0,0.0
5.0,1.0,2.0,0.0,0.0,0.0
1.0,0.0,0.0,0.0,0.0,0.0
1.0,9.0,3.0,0.0,0.0,0.0
2.0,38.0,0.0,3.0,0.0,0.0
1.0,0.0,0.0,0.0,0.0,0.0
1.0,7.0,16.0,0.0,0.0,0.0
1.0,1.0,0.0,0.0,0.0,0.0
1.0,0.0,4.0,2.0,0.0,9.0
1.0,97.0,1.0,1.0,0.0,0.0
1.0,0.0,31.0,1.0,0.0,0.0
1.0,2.0,19.0,1.0,0.0,0.0
1.0,0.0,0.0,0.0,0.0,0.0
1.0,80.0,0.0,2.0,0.0,0.0
1.0,1.0,0.0,0.0,0.0,0.0
1.0,0.0,0.0,0.0,0.0,0.0
1.0,7.0,0.0,1.0,91.0,0.0
3.0,95.0,0.0,2.0,0.0,0.0
1.0,1.0,0.0,0.0,0.0,0.0
1.0,0.0,0.0,0.0,0.0,0.0
2.0,92.0,1.0,0.0,0.0,0.0
2.0,1.0,24.0,1.0,0.0,0.0
2.0,0.0,1.0,2.0,0.0,13.0
1.0,0.0,2.0,1.0,0.0,35.0
1.0,2.0,71.0,0.0,0.0,0.0
2.0,4.0,3.0,0.0,0.0,0.0
1.0,97.0,1.0,1.0,0.0,0.0
3.0,1.0,0.0,1.0,95.0,0.0
1.0,2.0,0.0,1.0,96.0,0.0
2.0,0.0,0.0,0.0,0.0,0.0
2.0,65.0,0.0,2.0,0.0,0.0
3.0,8.0,1.0,0.0,0.0,0.0
1.0,0.0,7.0,2.0,0.0,0.0
1.0,0.0,4.0,2.0,0.0,0.0
1.0,0.0,0.0,0.0,0.0,0.0
2.0,14.0,8.0,2.0,0.0,0.0
2.0,0.0,1.0,1.0,0.0,4.0
1.0,1.0,5.0,0.0,0.0,0.0
1.0,4.0,20.0,1.0,0.0,0.0
1.0,1.0,70.0,1.0,0.0,0.0
1.0,13.0,73.0,2.0,0.0,0.0
1.0,95.0,1.0,3.0,0.0,0.0
2.0,2.0,8.0,1.0,0.0,0.0
1.0,0.0,1.0,1.0,0.0,0.0
1.0,96.0,2.0,1.0,0.0,0.0
1.0,1.0,0.0,1.0,27.0,0.0
1.0,1.0,16.0,2.0,0.0,0.0
1.0,1.0,0.0,1.0,97.0,0.0
1.0,0.0,5.0,1.0,0.0,0.0
1.0,0.0,0.0,0.0,0.0,0.0
4.0,95.0,0.0,1.0,0.0,0.0
1.0,0.0,0.0,0.0,0.0,0.0
1.0,0.0,17.0,1.0,0.0,0.0
1.0,0.0,13.0,2.0,0.0,0.0
1.0,0.0,0.0,0.0,0.0,0.0
1.0,0.0,1.0,0.0,0.0,0.0
1.0,98.0,1.0,0.0,0.0,0.0
1.0,0.0,1.0,0.0,0.0,0.0
1.0,4.0,2.0,0.0,0.0,0.0
1.0,2.0,0.0,1.0,96.0,0.0
1.0,0.0,1.0,2.0,0.0,96.0
2.0,0.0,1.0,2.0,0.0,20.0
1.0,97.0,1.0,1.0,0.0,0.0
1.0,36.0,1.0,3.0,0.0,0.0
1.0,1.0,28.0,0.0,0.0,0.0
1.0,25.0,1.0,1.0,0.0,0.0
1.0,1.0,0.0,0.0,0.0,0.0
1.0,0.0,1.0,1.0,0.0,8.0
1.0,58.0,1.0,0.0,0.0,0.0
1.0,71.0,1.0,0.0,0.0,0.0
1.0,0.0,0.0,0.0,0.0,0.0
1.0,0.0,0.0,0.0,0.0,0.0
2.0,97.0,1.0,0.0,0.0,0.0
1.0,0.0,0.0,1.0,0.0,0.0
1.0,11.0,35.0,0.0,0.0,0.0
2.0,88.0,1.0,1.0,0.0,0.0
1.0,2.0,0.0,1.0,40.0,0.0
1.0,8.0,2.0,0.0,0.0,0.0
1.0,12.0,1.0,0.0,0.0,0.0
1.0,98.0,0.0,1.0,0.0,0.0
1.0,0.0,1.0,0.0,0.0,0.0
1.0,1.0,0.0,1.0,97.0,0.0
1.0,0.0,1.0,1.0,0.0,0.0
1.0,3.0,0.0,1.0,0.0,0.0
1.0,10.0,0.0,3.0,0.0,0.0
1.0,2.0,13.0,0.0,0.0,0.0
1.0,2.0,0.0,1.0,39.0,0.0
1.0,1.0,0.0,1.0,97.0,0.0
1.0,2.0,0.0,1.0,96.0,0.0
1.0,0.0,3.0,1.0,0.0,0.0
1.0,0.0,0.0,0.0,0.0,0.0
2.0,0.0,0.0,0.0,0.0,0.0
1.0,3.0,1.0,2.0,0.0,0.0
1.0,98.0,0.0,1.0,0.0,0.0
3.0,55.0,0.0,1.0,0.0,0.0
1.0,0.0,0.0,0.0,0.0,0.0
1.0,10.0,0.0,4.0,0.0,0.0
1.0,98.0,0.0,1.0,0.0,0.0
1.0,1.0,2.0,0.0,0.0,0.0
1.0,7.0,0.0,2.0,0.0,0.0
1.0,2.0,4.0,0.0,0.0,0.0
1.0,0.0,0.0,0.0,0.0,0.0
2.0,2.0,40.0,1.0,0.0,0.0
1.0,95.0,3.0,1.0,0.0,0.0
2.0,0.0,0.0,0.0,0.0,0.0
1.0,0.0,36.0,4.0,0.0,0.0
1.0,0.0,1.0,1.0,0.0,23.0
3.0,4.0,0.0,3.0,82.0,0.0
1.0,4.0,0.0,0.0,0.0,0.0
1.0,3.0,3.0,0.0,0.0,0.0
1.0,0.0,0.0,0.0,0.0,0.0
1.0,98.0,1.0,0.0,0.0,0.0
1.0,0.0,1.0,1.0,0.0,22.0
1.0,0.0,0.0,0.0,0.0,0.0
1.0,1.0,8.0,0.0,0.0,0.0
1.0,1.0,17.0,0.0,0.0,0.0
1.0,16.0,0.0,1.0,0.0,0.0
1.0,0.0,33.0,1.0,0.0,0.0
2.0,0.0,2.0,1.0,0.0,29.0
1.0,0.0,0.0,1.0,0.0,0.0
1.0,1.0,0.0,3.0,63.0,0.0
1.0,0.0,0.0,0.0,0.0,0.0
1.0,0.0,0.0,0.0,0.0,0.0
1.0,46.0,0.0,1.0,0.0,0.0
1.0,48.0,1.0,1.0,0.0,0.0
1.0,97.0,1.0,1.0,0.0,0.0
2.0,0.0,0.0,1.0,0.0,0.0
1.0,0.0,0.0,0.0,0.0,0.0
3.0,1.0,0.0,0.0,0.0,0.0
1.0,5.0,25.0,0.0,0.0,0.0
2.0,2.0,0.0,1.0,95.0,0.0
1.0,69.0,0.0,1.0,0.0,0.0
1.0,1.0,0.0,1.0,60.0,0.0
1.0,0.0,0.0,0.0,0.0,0.0
2.0,96.0,1.0,1.0,0.0,0.0
1.0,0.0,0.0,0.0,0.0,0.0
1.0,6.0,17.0,0.0,0.0,0.0
2.0,0.0,5.0,1.0,0.0,0.0
1.0,98.0,1.0,0.0,0.0,0.0
1.0,0.0,3.0,1.0,0.0,0.0
2.0,1.0,14.0,0.0,0.0,0.0
1.0,0.0,0.0,0.0,0.0,0.0
1.0,7.0,30.0,0.0,0.0,0.0
1.0,0.0,0.0,0.0,0.0,0.0
2.0,0.0,2.0,1.0,0.0,0.0
1.0,2.0,0.0,3.0,4.0,0.0
1.0,96.0,2.0,1.0,0.0,0.0
1.0,8.0,0.0,1.0,58.0,0.0
1.0,12.0,3.0,0.0,0.0,0.0
1.0,0.0,0.0,0.0,0.0,0.0
1.0,0.0,0.0,0.0,0.0,0.0
1.0,98.0,0.0,1.0,0.0,0.0
1.0,98.0,0.0,1.0,0.0,0.0
2.0,1.0,10.0,0.0,0.0,0.0
1.0,2.0,0.0,1.0,96.0,0.0
1.0,98.0,1.0,0.0,0.0,0.0
1.0,98.0,0.0,1.0,0.0,0.0
1.0,0.0,0.0,0.0,0.0,0.0
1.0,0.0,0.0,0.0,0.0,0.0
1.0,0.0,0.0,0.0,0.0,0.0
1.0,0.0,1.0,1.0,0.0,2.0
1.0,8.0,8.0,0.0,0.0,0.0
2.0,96.0,0.0,2.0,0.0,0.0
4.0,2.0,0.0,3.0,91.0,0.0
4.0,0.0,19.0,1.0,0.0,0.0
2.0,0.0,78.0,1.0,0.0,0.0
1.0,98.0,0.0,1.0,0.0,0.0
1.0,1.0,48.0,0.0,0.0,0.0
1.0,1.0,9.0,1.0,0.0,0.0
1.0,1.0,37.0,0.0,0.0,0.0
1.0,7.0,2.0,0.0,0.0,0.0
1.0,47.0,2.0,0.0,0.0,0.0
1.0,49.0,0.0,2.0,0.0,0.0
1.0,1.0,36.0,0.0,0.0,0.0
1.0,1.0,6.0,0.0,0.0,0.0
4.0,9.0,0.0,1.0,86.0,0.0
2.0,5.0,0.0,5.0,0.0,0.0
1.0,0.0,1.0,0.0,0.0,0.0
1.0,22.0,1.0,2.0,0.0,0.0
1.0,1.0,0.0,1.0,80.0,0.0
1.0,1.0,7.0,0.0,0.0,0.0
1.0,42.0,0.0,1.0,0.0,0.0
1.0,1.0,0.0,0.0,0.0,0.0
1.0,96.0,3.0,0.0,0.0,0.0
1.0,2.0,0.0,0.0,0.0,0.0
1.0,1.0,2.0,0.0,0.0,0.0
1.0,0.0,0.0,1.0,0.0,0.0
2.0,10.0,0.0,2.0,86.0,0.0
1.0,98.0,1.0,0.0,0.0,0.0
1.0,0.0,0.0,0.0,0.0,0.0
1.0,6.0,60.0,0.0,0.0,0.0
1.0,13.0,1.0,0.0,0.0,0.0
1.0,1.0,3.0,0.0,0.0,0.0
1.0,34.0,0.0,2.0,0.0,0.0
1.0,0.0,0.0,0.0,0.0,0.0
1.0,0.0,0.0,0.0,0.0,0.0
1.0,1.0,0.0,0.0,0.0,0.0
1.0,0.0,1.0,4.0,0.0,15.0
1.0,97.0,2.0,0.0,0.0,0.0
1.0,0.0,0.0,0.0,0.0,0.0
2.0,19.0,2.0,0.0,0.0,0.0
1.0,96.0,2.0,1.0,0.0,0.0
1.0,1.0,7.0,0.0,0.0,0.0
1.0,95.0,1.0,0.0,0.0,0.0
1.0,98.0,1.0,0.0,0.0,0.0
2.0,18.0,0.0,2.0,0.0,0.0
1.0,0.0,11.0,1.0,0.0,0.0
1.0,97.0,1.0,1.0,0.0,0.0
1.0,1.0,0.0,0.0,0.0,0.0
1.0,8.0,15.0,1.0,0.0,0.0
1.0,98.0,0.0,1.0,0.0,0.0
1.0,13.0,1.0,2.0,0.0,0.0
2.0,8.0,10.0,0.0,0.0,0.0
1.0,0.0,0.0,0.0,0.0,0.0
1.0,18.0,81.0,0.0,0.0,0.0
1.0,23.0,2.0,0.0,0.0,0.0
1.0,10.0,39.0,0.0,0.0,0.0
1.0,0.0,0.0,0.0,0.0,0.0
2.0,94.0,2.0,2.0,0.0,0.0
1.0,1.0,0.0,1.0,82.0,0.0
1.0,0.0,24.0,1.0,0.0,0.0
1.0,10.0,8.0,0.0,0.0,0.0
2.0,0.0,14.0,2.0,0.0,0.0
1.0,0.0,0.0,0.0,0.0,0.0
1.0,0.0,1.0,1.0,0.0,23.0
3.0,0.0,1.0,2.0,0.0,7.0
1.0,93.0,3.0,3.0,0.0,0.0
1.0,0.0,0.0,0.0,0.0,0.0
2.0,1.0,85.0,0.0,0.0,0.0
1.0,1.0,28.0,0.0,0.0,0.0
2.0,97.0,0.0,1.0,0.0,0.0
1.0,95.0,3.0,1.0,0.0,0.0
1.0,0.0,1.0,0.0,0.0,0.0
1.0,0.0,0.0,0.0,0.0,0.0
1.0,0.0,0.0,0.0,0.0,0.0
1.0,74.0,2.0,0.0,0.0,0.0
1.0,63.0,1.0,0.0,0.0,0.0
1.0,98.0,0.0,1.0,0.0,0.0
1.0,0.0,0.0,1.0,0.0,0.0
2.0,6.0,1.0,0.0,0.0,0.0
1.0,0.0,1.0,0.0,0.0,0.0
1.0,0.0,0.0,0.0,0.0,0.0
3.0,0.0,1.0,1.0,0.0,4.0
1.0,0.0,0.0,0.0,0.0,0.0
1.0,1.0,0.0,0.0,0.0,0.0
1.0,0.0,26.0,1.0,0.0,0.0
1.0,0.0,2.0,1.0,0.0,0.0
1.0,97.0,0.0,2.0,0.0,0.0
1.0,0.0,0.0,1.0,0.0,0.0
1.0,1.0,0.0,1.0,97.0,0.0
1.0,5.0,1.0,2.0,0.0,0.0
1.0,0.0,1.0,0.0,0.0,0.0
1.0,15.0,22.0,3.0,0.0,0.0
1.0,0.0,0.0,0.0,0.0,0.0
4.0,95.0,1.0,0.0,0.0,0.0
1.0,0.0,0.0,0.0,0.0,0.0
1.0,25.0,8.0,0.0,0.0,0.0
1.0,18.0,0.0,1.0,0.0,0.0
1.0,98.0,0.0,1.0,0.0,0.0
2.0,0.0,0.0,0.0,0.0,0.0
1.0,97.0,1.0,1.0,0.0,0.0
1.0,0.0,0.0,1.0,0.0,0.0
1.0,29.0,1.0,0.0,0.0,0.0
2.0,0.0,1.0,1.0,0.0,27.0
1.0,0.0,1.0,1.0,0.0,0.0
2.0,41.0,0.0,1.0,0.0,0.0
1.0,1.0,3.0,3.0,0.0,0.0
1.0,98.0,0.0,1.0,0.0,0.0
1.0,0.0,0.0,0.0,0.0,0.0
2.0,1.0,15.0,0.0,0.0,0.0
2.0,97.0,0.0,1.0,0.0,0.0
1.0,1.0,4.0,0.0,0.0,0.0
1.0,98.0,0.0,1.0,0.0,0.0
1.0,4.0,0.0,1.0,24.0,0.0
1.0,0.0,1.0,1.0,0.0,0.0
1.0,96.0,1.0,1.0,0.0,0.0
1.0,0.0,0.0,0.0,0.0,0.0
1.0,0.0,0.0,0.0,0.0,0.0
1.0,0.0,1.0,1.0,0.0,20.0
2.0,0.0,31.0,1.0,0.0,0.0
4.0,94.0,0.0,2.0,0.0,0.0
2.0,97.0,0.0,1.0,0.0,0.0
2.0,1.0,0.0,2.0,17.0,0.0
1.0,5.0,9.0,0.0,0.0,0.0
1.0,0.0,2.0,1.0,0.0,0.0
2.0,0.0,4.0,1.0,0.0,0.0
1.0,18.0,7.0,1.0,0.0,0.0
2.0,16.0,45.0,0.0,0.0,0.0
1.0,0.0,0.0,0.0,0.0,0.0
1.0,6.0,93.0,0.0,0.0,0.0
3.0,16.0,0.0,2.0,15.0,0.0
2.0,0.0,16.0,1.0,0.0,0.0
1.0,97.0,2.0,0.0,0.0,0.0
1.0,98.0,0.0,1.0,0.0,0.0
1.0,0.0,0.0,0.0,0.0,0.0
1.0,0.0,0.0,0.0,0.0,0.0
1.0,98.0,1.0,0.0,0.0,0.0
1.0,74.0,1.0,1.0,0.0,0.0
1.0,13.0,1.0,2.0,0.0,0.0
1.0,1.0,32.0,0.0,0.0,0.0
1.0,98.0,0.0,1.0,0.0,0.0
2.0,10.0,0.0,3.0,85.0,0.0
1.0,0.0,0.0,1.0,0.0,0.0
1.0,0.0,0.0,0.0,0.0,0.0
1.0,0.0,66.0,2.0,0.0,0.0
1.0,1.0,31.0,0.0,0.0,0.0
1.0,0.0,26.0,1.0,0.0,0.0
2.0,5.0,93.0,0.0,0.0,0.0
4.0,12.0,11.0,2.0,0.0,0.0
1.0,2.0,20.0,0.0,0.0,0.0
1.0,2.0,0.0,1.0,96.0,0.0
4.0,2.0,5.0,1.0,0.0,0.0
1.0,98.0,1.0,0.0,0.0,0.0
1.0,0.0,0.0,0.0,0.0,0.0
2.0,61.0,0.0,3.0,0.0,0.0
1.0,98.0,0.0,1.0,0.0,0.0
1.0,90.0,7.0,2.0,0.0,0.0
1.0,0.0,0.0,0.0,0.0,0.0
1.0,97.0,1.0,1.0,0.0,0.0
1.0,1.0,10.0,1.0,0.0,0.0
1.0,98.0,1.0,0.0,0.0,0.0
2.0,10.0,22.0,1.0,0.0,0.0
1.0,1.0,6.0,0.0,0.0,0.0
1.0,1.0,0.0,0.0,0.0,0.0
2.0,0.0,0.0,0.0,0.0,0.0
1.0,10.0,0.0,1.0,88.0,0.0
1.0,0.0,45.0,3.0,0.0,0.0
1.0,1.0,0.0,0.0,0.0,0.0
1.0,1.0,0.0,0.0,0.0,0.0
1.0,54.0,0.0,2.0,0.0,0.0
1.0,96.0,3.0,0.0,0.0,0.0
1.0,0.0,0.0,0.0,0.0,0.0
1.0,94.0,0.0,1.0,0.0,0.0
1.0,97.0,1.0,1.0,0.0,0.0
1.0,3.0,14.0,0.0,0.0,0.0
1.0,1.0,25.0,3.0,0.0,0.0
1.0,13.0,0.0,3.0,83.0,0.0
1.0,0.0,0.0,0.0,0.0,0.0
1.0,1.0,34.0,0.0,0.0,0.0
1.0,0.0,0.0,0.0,0.0,0.0
1.0,0.0,0.0,0.0,0.0,0.0
1.0,98.0,0.0,1.0,0.0,0.0
1.0,98.0,0.0,1.0,0.0,0.0
1.0,1.0,0.0,0.0,0.0,0.0
1.0,0.0,0.0,0.0,0.0,0.0
1.0,72.0,2.0,0.0,0.0,0.0
2.0,97.0,1.0,0.0,0.0,0.0
1.0,9.0,89.0,1.0,0.0,0.0
1.0,0.0,2.0,1.0,0.0,2.0
1.0,96.0,1.0,2.0,0.0,0.0
1.0,11.0,0.0,1.0,87.0,0.0
1.0,2.0,22.0,1.0,0.0,0.0
1.0,1.0,12.0,0.0,0.0,0.0
2.0,19.0,14.0,0.0,0.0,0.0
1.0,0.0,0.0,0.0,0.0,0.0
1.0,96.0,2.0,1.0,0.0,0.0
1.0,1.0,0.0,2.0,96.0,0.0
1.0,46.0,1.0,1.0,0.0,0.0
2.0,97.0,1.0,0.0,0.0,0.0
1.0,98.0,0.0,1.0,0.0,0.0
1.0,97.0,0.0,2.0,0.0,0.0
2.0,97.0,1.0,0.0,0.0,0.0
2.0,30.0,1.0,0.0,0.0,0.0
3.0,95.0,1.0,1.0,0.0,0.0
1.0,98.0,1.0,0.0,0.0,0.0
1.0,98.0,1.0,0.0,0.0,0.0
1.0,0.0,0.0,0.0,0.0,0.0
1.0,4.0,1.0,0.0,0.0,0.0
2.0,97.0,0.0,1.0,0.0,0.0
1.0,97.0,1.0,1.0,0.0,0.0
1.0,2.0,0.0,2.0,95.0,0.0
1.0,96.0,2.0,1.0,0.0,0.0
1.0,17.0,0.0,2.0,0.0,0.0
1.0,97.0,1.0,1.0,0.0,0.0
1.0,1.0,0.0,2.0,96.0,0.0
2.0,2.0,16.0,0.0,0.0,0.0
1.0,0.0,2.0,0.0,0.0,0.0
1.0,0.0,0.0,1.0,0.0,0.0
1.0,98.0,1.0,0.0,0.0,0.0
1.0,0.0,10.0,1.0,0.0,0.0
1.0,3.0,74.0,1.0,0.0,0.0
1.0,1.0,1.0,0.0,0.0,0.0
1.0,1.0,0.0,1.0,97.0,0.0
1.0,2.0,0.0,1.0,11.0,0.0
1.0,97.0,2.0,0.0,0.0,0.0
2.0,51.0,0.0,2.0,45.0,0.0
1.0,1.0,31.0,0.0,0.0,0.0
1.0,2.0,0.0,1.0,96.0,0.0
1.0,0.0,29.0,1.0,0.0,0.0
1.0,0.0,1.0,0.0,0.0,0.0
2.0,0.0,93.0,1.0,0.0,0.0
1.0,98.0,1.0,0.0,0.0,0.0
1.0,1.0,41.0,0.0,0.0,0.0
1.0,0.0,21.0,1.0,0.0,0.0
1.0,0.0,19.0,1.0,0.0,0.0
1.0,19.0,17.0,0.0,0.0,0.0
1.0,96.0,2.0,1.0,0.0,0.0
1.0,97.0,1.0,1.0,0.0,0.0
1.0,0.0,0.0,0.0,0.0,0.0
1.0,98.0,1.0,0.0,0.0,0.0
1.0,97.0,2.0,0.0,0.0,0.0
1.0,0.0,0.0,0.0,0.0,0.0
1.0,0.0,0.0,0.0,0.0,0.0
1.0,97.0,2.0,0.0,0.0,0.0
1.0,49.0,1.0,1.0,0.0,0.0
1.0,0.0,2.0,1.0,0.0,52.0
1.0,3.0,13.0,0.0,0.0,0.0
2.0,5.0,26.0,0.0,0.0,0.0
2.0,96.0,1.0,1.0,0.0,0.0
1.0,1.0,4.0,0.0,0.0,0.0
1.0,86.0,1.0,0.0,0.0,0.0
1.0,1.0,0.0,2.0,0.0,0.0
1.0,97.0,2.0,0.0,0.0,0.0
1.0,1.0,0.0,1.0,97.0,0.0
1.0,0.0,3.0,1.0,0.0,0.0
1.0,0.0,24.0,1.0,0.0,0.0
1.0,0.0,0.0,0.0,0.0,0.0
1.0,0.0,0.0,0.0,0.0,0.0
1.0,0.0,0.0,0.0,0.0,0.0
1.0,97.0,0.0,2.0,0.0,0.0
1.0,10.0,0.0,2.0,87.0,0.0
1.0,1.0,45.0,0.0,0.0,0.0
2.0,97.0,1.0,0.0,0.0,0.0
1.0,0.0,0.0,0.0,0.0,0.0
1.0,0.0,0.0,0.0,0.0,0.0
1.0,1.0,2.0,0.0,0.0,0.0
2.0,3.0,6.0,0.0,0.0,0.0
1.0,24.0,0.0,1.0,42.0,0.0
1.0,85.0,1.0,0.0,0.0,0.0
1.0,6.0,0.0,2.0,91.0,0.0
1.0,98.0,1.0,0.0,0.0,0.0
1.0,0.0,5.0,1.0,0.0,0.0
1.0,0.0,0.0,0.0,0.0,0.0
1.0,0.0,0.0,0.0,0.0,0.0
1.0,98.0,1.0,0.0,0.0,0.0
1.0,98.0,0.0,1.0,0.0,0.0
2.0,97.0,0.0,1.0,0.0,0.0
2.0,0.0,14.0,1.0,0.0,0.0
1.0,0.0,0.0,0.0,0.0,0.0
1.0,0.0,87.0,3.0,0.0,0.0
2.0,0.0,1.0,1.0,0.0,0.0
2.0,96.0,1.0,1.0,0.0,0.0
2.0,97.0,1.0,0.0,0.0,0.0
1.0,17.0,50.0,1.0,0.0,0.0
1.0,7.0,38.0,1.0,0.0,0.0
1.0,0.0,1.0,1.0,0.0,23.0
1.0,1.0,78.0,0.0,0.0,0.0
1.0,98.0,1.0,0.0,0.0,0.0
1.0,97.0,2.0,0.0,0.0,0.0
1.0,1.0,39.0,0.0,0.0,0.0
1.0,0.0,12.0,1.0,0.0,0.0
3.0,96.0,1.0,0.0,0.0,0.0
1.0,0.0,77.0,1.0,0.0,0.0
2.0,28.0,0.0,2.0,68.0,0.0
2.0,8.0,43.0,0.0,0.0,0.0
3.0,13.0,82.0,2.0,0.0,0.0
1.0,0.0,0.0,0.0,0.0,0.0
1.0,0.0,0.0,0.0,0.0,0.0
1.0,98.0,0.0,1.0,0.0,0.0
1.0,78.0,1.0,0.0,0.0,0.0
1.0,0.0,0.0,0.0,0.0,0.0
1.0,98.0,1.0,0.0,0.0,0.0
1.0,98.0,0.0,1.0,0.0,0.0
1.0,0.0,0.0,0.0,0.0,0.0
2.0,0.0,0.0,0.0,0.0,0.0
2.0,7.0,0.0,1.0,90.0,0.0
3.0,0.0,2.0,2.0,0.0,85.0
2.0,0.0,56.0,2.0,0.0,0.0
1.0,7.0,0.0,1.0,71.0,0.0
1.0,22.0,0.0,1.0,76.0,0.0
1.0,27.0,40.0,0.0,0.0,0.0
1.0,0.0,0.0,0.0,0.0,0.0
2.0,0.0,33.0,2.0,0.0,0.0
3.0,0.0,1.0,2.0,0.0,46.0
1.0,98.0,1.0,0.0,0.0,0.0
3.0,96.0,1.0,0.0,0.0,0.0
1.0,35.0,64.0,0.0,0.0,0.0
1.0,98.0,0.0,1.0,0.0,0.0
1.0,0.0,3.0,3.0,0.0,24.0
1.0,1.0,16.0,0.0,0.0,0.0
1.0,14.0,0.0,1.0,84.0,0.0
1.0,97.0,0.0,2.0,0.0,0.0
2.0,96.0,1.0,1.0,0.0,0.0
1.0,34.0,1.0,0.0,0.0,0.0
1.0,1.0,0.0,1.0,5.0,0.0
2.0,0.0,2.0,1.0,0.0,1.0
1.0,98.0,1.0,0.0,0.0,0.0
1.0,0.0,54.0,1.0,0.0,0.0
1.0,0.0,69.0,2.0,0.0,0.0
1.0,0.0,1.0,1.0,0.0,94.0
1.0,18.0,0.0,1.0,0.0,0.0
1.0,0.0,0.0,0.0,0.0,0.0
5.0,6.0,0.0,2.0,87.0,0.0
1.0,98.0,0.0,1.0,0.0,0.0
1.0,0.0,2.0,1.0,0.0,0.0
1.0,8.0,51.0,0.0,0.0,0.0
2.0,95.0,1.0,2.0,0.0,0.0
1.0,3.0,36.0,0.0,0.0,0.0
4.0,95.0,0.0,1.0,0.0,0.0
1.0,36.0,61.0,2.0,0.0,0.0
1.0,2.0,29.0,0.0,0.0,0.0
1.0,95.0,2.0,2.0,0.0,0.0
1.0,0.0,0.0,0.0,0.0,0.0
1.0,96.0,0.0,3.0,0.0,0.0
1.0,98.0,0.0,1.0,0.0,0.0
1.0,96.0,2.0,1.0,0.0,0.0
2.0,13.0,2.0,0.0,0.0,0.0
1.0,0.0,98.0,1.0,0.0,0.0
3.0,31.0,0.0,1.0,65.0,0.0
1.0,0.0,12.0,2.0,0.0,0.0
1.0,21.0,0.0,4.0,0.0,0.0
1.0,92.0,2.0,5.0,0.0,0.0
1.0,98.0,1.0,0.0,0.0,0.0
1.0,98.0,1.0,0.0,0.0,0.0
1.0,98.0,1.0,0.0,0.0,0.0
4.0,7.0,0.0,2.0,87.0,0.0
1.0,98.0,1.0,0.0,0.0,0.0
2.0,12.0,1.0,0.0,0.0,0.0
1.0,0.0,69.0,2.0,0.0,0.0
1.0,20.0,0.0,2.0,51.0,0.0
1.0,0.0,46.0,1.0,0.0,0.0
1.0,0.0,0.0,1.0,0.0,0.0
2.0,1.0,13.0,1.0,0.0,0.0
1.0,0.0,2.0,2.0,0.0,0.0
1.0,1.0,0.0,1.0,97.0,0.0
1.0,97.0,0.0,2.0,0.0,0.0
1.0,98.0,0.0,1.0,0.0,0.0
1.0,98.0,1.0,0.0,0.0,0.0
1.0,97.0,1.0,1.0,0.0,0.0
1.0,98.0,0.0,1.0,0.0,0.0
1.0,0.0,40.0,1.0,0.0,0.0
1.0,97.0,1.0,1.0,0.0,0.0
1.0,32.0,15.0,1.0,0.0,0.0
1.0,1.0,19.0,0.0,0.0,0.0
1.0,98.0,0.0,1.0,0.0,0.0
1.0,96.0,0.0,3.0,0.0,0.0
3.0,96.0,0.0,1.0,0.0,0.0
1.0,0.0,0.0,0.0,0.0,0.0
1.0,0.0,2.0,1.0,0.0,26.0
1.0,98.0,0.0,1.0,0.0,0.0
1.0,98.0,0.0,1.0,0.0,0.0
1.0,0.0,1.0,1.0,0.0,36.0
1.0,0.0,0.0,3.0,0.0,0.0
1.0,0.0,0.0,0.0,0.0,0.0
1.0,97.0,1.0,1.0,0.0,0.0
1.0,0.0,6.0,3.0,0.0,0.0
1.0,12.0,0.0,1.0,86.0,0.0
2.0,95.0,3.0,0.0,0.0,0.0
1.0,0.0,0.0,0.0,0.0,0.0
1.0,97.0,1.0,1.0,0.0,0.0
1.0,0.0,2.0,1.0,0.0,0.0
1.0,97.0,1.0,1.0,0.0,0.0
1.0,0.0,38.0,1.0,0.0,0.0
1.0,98.0,0.0,1.0,0.0,0.0
1.0,0.0,0.0,0.0,0.0,0.0
1.0,8.0,0.0,1.0,90.0,0.0
4.0,0.0,11.0,1.0,0.0,0.0
1.0,44.0,12.0,0.0,0.0,0.0
2.0,97.0,1.0,0.0,0.0,0.0
1.0,5.0,15.0,0.0,0.0,0.0
2.0,3.0,0.0,2.0,93.0,0.0
1.0,73.0,0.0,1.0,0.0,0.0
1.0,0.0,67.0,1.0,0.0,0.0
1.0,0.0,0.0,0.0,0.0,0.0
1.0,28.0,0.0,1.0,70.0,0.0
1.0,98.0,1.0,0.0,0.0,0.0
3.0,0.0,96.0,1.0,0.0,0.0
1.0,98.0,1.0,0.0,0.0,0.0
1.0,98.0,1.0,0.0,0.0,0.0
1.0,0.0,0.0,0.0,0.0,0.0
1.0,1.0,26.0,0.0,0.0,0.0
2.0,3.0,95.0,0.0,0.0,0.0
1.0,0.0,0.0,0.0,0.0,0.0
1.0,0.0,0.0,0.0,0.0,0.0
2.0,6.0,0.0,1.0,38.0,0.0
1.0,98.0,1.0,0.0,0.0,0.0
1.0,97.0,0.0,2.0,0.0,0.0
1.0,1.0,36.0,0.0,0.0,0.0
1.0,97.0,1.0,1.0,0.0,0.0
1.0,95.0,1.0,3.0,0.0,0.0
1.0,1.0,11.0,0.0,0.0,0.0
1.0,5.0,27.0,0.0,0.0,0.0
1.0,0.0,47.0,1.0,0.0,0.0
2.0,0.0,1.0,2.0,0.0,41.0
4.0,95.0,1.0,0.0,0.0,0.0
1.0,1.0,30.0,0.0,0.0,0.0
2.0,27.0,26.0,0.0,0.0,0.0
1.0,1.0,0.0,1.0,97.0,0.0
8.0,12.0,0.0,1.0,79.0,0.0
3.0,1.0,21.0,0.0,0.0,0.0
1.0,98.0,1.0,0.0,0.0,0.0
2.0,0.0,49.0,1.0,0.0,0.0
2.0,97.0,0.0,1.0,0.0,0.0
1.0,97.0,1.0,1.0,0.0,0.0
4.0,47.0,18.0,1.0,0.0,0.0
2.0,0.0,0.0,0.0,0.0,0.0
2.0,97.0,1.0,0.0,0.0,0.0
2.0,1.0,0.0,1.0,96.0,0.0
2.0,0.0,20.0,3.0,0.0,0.0
1.0,0.0,11.0,1.0,0.0,0.0
1.0,0.0,0.0,0.0,0.0,0.0
2.0,97.0,0.0,1.0,0.0,0.0
1.0,0.0,0.0,0.0,0.0,0.0
1.0,0.0,0.0,0.0,0.0,0.0
1.0,4.0,0.0,1.0,94.0,0.0
1.0,0.0,0.0,0.0,0.0,0.0
1.0,98.0,0.0,1.0,0.0,0.0
1.0,1.0,28.0,0.0,0.0,0.0
1.0,97.0,0.0,2.0,0.0,0.0
2.0,0.0,1.0,1.0,0.0,22.0
1.0,0.0,23.0,1.0,0.0,0.0
1.0,0.0,1.0,3.0,0.0,10.0
1.0,0.0,0.0,0.0,0.0,0.0
1.0,0.0,6.0,1.0,0.0,0.0
2.0,38.0,24.0,0.0,0.0,0.0
1.0,72.0,0.0,1.0,0.0,0.0
2.0,2.0,32.0,0.0,0.0,0.0
1.0,98.0,1.0,0.0,0.0,0.0
1.0,95.0,1.0,3.0,0.0,0.0
1.0,0.0,34.0,1.0,0.0,0.0
1.0,97.0,2.0,0.0,0.0,0.0
1.0,6.0,0.0,1.0,92.0,0.0
1.0,1.0,4.0,0.0,0.0,0.0
1.0,97.0,2.0,0.0,0.0,0.0
1.0,3.0,14.0,0.0,0.0,0.0
1.0,0.0,1.0,0.0,0.0,0.0
1.0,0.0,30.0,7.0,0.0,0.0
2.0,96.0,0.0,2.0,0.0,0.0
3.0,27.0,53.0,0.0,0.0,0.0
1.0,21.0,24.0,4.0,0.0,0.0
1.0,98.0,1.0,0.0,0.0,0.0
1.0,96.0,2.0,1.0,0.0,0.0
1.0,98.0,0.0,1.0,0.0,0.0
1.0,0.0,2.0,1.0,0.0,0.0
1.0,98.0,1.0,0.0,0.0,0.0
1.0,15.0,0.0,1.0,83.0,0.0
1.0,97.0,1.0,1.0,0.0,0.0
1.0,98.0,1.0,0.0,0.0,0.0
1.0,0.0,90.0,5.0,0.0,0.0
1.0,0.0,24.0,1.0,0.0,0.0
3.0,16.0,11.0,1.0,0.0,0.0
1.0,0.0,0.0,0.0,0.0,0.0
4.0,94.0,2.0,0.0,0.0,0.0
1.0,3.0,95.0,1.0,0.0,0.0
1.0,0.0,8.0,1.0,0.0,0.0
1.0,0.0,28.0,2.0,0.0,0.0
1.0,6.0,2.0,0.0,0.0,0.0
1.0,0.0,21.0,1.0,0.0,0.0
1.0,2.0,0.0,1.0,96.0,0.0
1.0,2.0,18.0,0.0,0.0,0.0
1.0,74.0,0.0,1.0,0.0,0.0
1.0,98.0,1.0,0.0,0.0,0.0
1.0,9.0,4.0,0.0,0.0,0.0
1.0,1.0,0.0,3.0,95.0,0.0
1.0,3.0,30.0,0.0,0.0,0.0
1.0,21.0,0.0,2.0,76.0,0.0
1.0,1.0,0.0,1.0,97.0,0.0
1.0,11.0,0.0,1.0,0.0,0.0
1.0,95.0,1.0,3.0,0.0,0.0
1.0,4.0,2.0,0.0,0.0,0.0
1.0,35.0,0.0,1.0,63.0,0.0
1.0,0.0,30.0,1.0,0.0,0.0
1.0,98.0,1.0,0.0,0.0,0.0
1.0,1.0,45.0,0.0,0.0,0.0
1.0,98.0,0.0,1.0,0.0,0.0
2.0,13.0,0.0,1.0,84.0,0.0
4.0,0.0,1.0,1.0,0.0,0.0
1.0,98.0,0.0,1.0,0.0,0.0
3.0,96.0,1.0,0.0,0.0,0.0
1.0,96.0,0.0,3.0,0.0,0.0
1.0,82.0,0.0,1.0,0.0,0.0
1.0,2.0,5.0,0.0,0.0,0.0
1.0,1.0,33.0,0.0,0.0,0.0
1.0,16.0,83.0,0.0,0.0,0.0
2.0,96.0,0.0,2.0,0.0,0.0
1.0,0.0,0.0,0.0,0.0,0.0
1.0,98.0,1.0,0.0,0.0,0.0
1.0,98.0,0.0,1.0,0.0,0.0
1.0,1.0,1.0,0.0,0.0,0.0
2.0,94.0,2.0,2.0,0.0,0.0
1.0,97.0,0.0,2.0,0.0,0.0
1.0,23.0,0.0,2.0,74.0,0.0
1.0,98.0,1.0,0.0,0.0,0.0
1.0,97.0,1.0,1.0,0.0,0.0
1.0,21.0,0.0,1.0,77.0,0.0
1.0,98.0,1.0,0.0,0.0,0.0
1.0,98.0,0.0,1.0,0.0,0.0
1.0,17.0,20.0,1.0,0.0,0.0
1.0,98.0,0.0,1.0,0.0,0.0
1.0,22.0,19.0,1.0,0.0,0.0
1.0,98.0,0.0,1.0,0.0,0.0
1.0,98.0,1.0,0.0,0.0,0.0
1.0,1.0,0.0,1.0,97.0,0.0
1.0,0.0,86.0,3.0,0.0,0.0
1.0,0.0,26.0,1.0,0.0,0.0
2.0,97.0,0.0,1.0,0.0,0.0
1.0,97.0,2.0,0.0,0.0,0.0
1.0,0.0,15.0,2.0,0.0,0.0
1.0,95.0,2.0,2.0,0.0,0.0
1.0,0.0,0.0,0.0,0.0,0.0
1.0,96.0,1.0,2.0,0.0,0.0
1.0,97.0,1.0,1.0,0.0,0.0
1.0,0.0,55.0,1.0,0.0,0.0
1.0,9.0,17.0,1.0,0.0,0.0
1.0,96.0,0.0,3.0,0.0,0.0
1.0,1.0,7.0,1.0,0.0,0.0
1.0,97.0,1.0,1.0,0.0,0.0
1.0,0.0,0.0,0.0,0.0,0.0
1.0,0.0,0.0,0.0,0.0,0.0
1.0,97.0,2.0,0.0,0.0,0.0
1.0,0.0,1.0,0.0,0.0,0.0
1.0,98.0,1.0,0.0,0.0,0.0
1.0,0.0,0.0,0.0,0.0,0.0
2.0,6.0,0.0,1.0,91.0,0.0
3.0,3.0,0.0,2.0,92.0,0.0
2.0,96.0,1.0,1.0,0.0,0.0
3.0,0.0,7.0,1.0,0.0,0.0
1.0,98.0,0.0,1.0,0.0,0.0
1.0,11.0,29.0,1.0,0.0,0.0
1.0,6.0,14.0,3.0,0.0,0.0
1.0,3.0,1.0,0.0,0.0,0.0
1.0,2.0,13.0,0.0,0.0,0.0
2.0,0.0,2.0,1.0,0.0,0.0
1.0,0.0,0.0,1.0,0.0,0.0
2.0,6.0,35.0,1.0,0.0,0.0
1.0,0.0,0.0,0.0,0.0,0.0
1.0,98.0,1.0,0.0,0.0,0.0
2.0,5.0,17.0,0.0,0.0,0.0
3.0,96.0,0.0,1.0,0.0,0.0
1.0,13.0,74.0,0.0,0.0,0.0
1.0,5.0,12.0,0.0,0.0,0.0
1.0,0.0,0.0,0.0,0.0,0.0
1.0,0.0,0.0,0.0,0.0,0.0
2.0,2.0,11.0,0.0,0.0,0.0
2.0,5.0,42.0,1.0,0.0,0.0
2.0,97.0,0.0,1.0,0.0,0.0
2.0,52.0,3.0,0.0,0.0,0.0
2.0,0.0,2.0,2.0,0.0,40.0
2.0,97.0,0.0,1.0,0.0,0.0
1.0,0.0,0.0,0.0,0.0,0.0
1.0,4.0,34.0,0.0,0.0,0.0
1.0,1.0,32.0,0.0,0.0,0.0
1.0,0.0,1.0,0.0,0.0,0.0
1.0,97.0,0.0,2.0,0.0,0.0
1.0,0.0,55.0,1.0,0.0,0.0
1.0,96.0,0.0,3.0,0.0,0.0
1.0,0.0,1.0,0.0,0.0,0.0
1.0,98.0,0.0,1.0,0.0,0.0
2.0,3.0,0.0,2.0,93.0,0.0
1.0,98.0,0.0,1.0,0.0,0.0
2.0,0.0,0.0,0.0,0.0,0.0
1.0,0.0,3.0,1.0,0.0,0.0
1.0,0.0,1.0,4.0,0.0,17.0
1.0,97.0,1.0,1.0,0.0,0.0
3.0,95.0,1.0,1.0,0.0,0.0
1.0,0.0,1.0,3.0,0.0,0.0
1.0,0.0,26.0,1.0,0.0,0.0
1.0,0.0,0.0,0.0,0.0,0.0
2.0,13.0,1.0,0.0,0.0,0.0
6.0,10.0,0.0,1.0,83.0,0.0
1.0,98.0,0.0,1.0,0.0,0.0
1.0,0.0,74.0,1.0,0.0,0.0
1.0,4.0,0.0,2.0,93.0,0.0
1.0,0.0,1.0,1.0,0.0,97.0
1.0,23.0,76.0,0.0,0.0,0.0
1.0,98.0,1.0,0.0,0.0,0.0
1.0,0.0,12.0,1.0,0.0,0.0
1.0,0.0,0.0,0.0,0.0,0.0
1.0,1.0,19.0,0.0,0.0,0.0
1.0,0.0,0.0,0.0,0.0,0.0
1.0,5.0,83.0,0.0,0.0,0.0
1.0,97.0,0.0,2.0,0.0,0.0
1.0,98.0,1.0,0.0,0.0,0.0
2.0,0.0,10.0,1.0,0.0,0.0
1.0,0.0,0.0,0.0,0.0,0.0
7.0,92.0,1.0,0.0,0.0,0.0
2.0,96.0,0.0,2.0,0.0,0.0
1.0,0.0,1.0,1.0,0.0,12.0
1.0,97.0,1.0,1.0,0.0,0.0
2.0,97.0,0.0,1.0,0.0,0.0
1.0,0.0,0.0,0.0,0.0,0.0
1.0,96.0,1.0,2.0,0.0,0.0
1.0,98.0,0.0,1.0,0.0,0.0
4.0,28.0,40.0,0.0,0.0,0.0
1.0,2.0,0.0,1.0,96.0,0.0
1.0,26.0,0.0,1.0,72.0,0.0
1.0,98.0,0.0,1.0,0.0,0.0
1.0,0.0,0.0,0.0,0.0,0.0
1.0,0.0,0.0,0.0,0.0,0.0
1.0,0.0,0.0,0.0,0.0,0.0
1.0,93.0,1.0,5.0,0.0,0.0
1.0,0.0,0.0,0.0,0.0,0.0
2.0,16.0,0.0,3.0,79.0,0.0
1.0,98.0,1.0,0.0,0.0,0.0
1.0,96.0,0.0,3.0,0.0,0.0
1.0,12.0,0.0,2.0,85.0,0.0
1.0,1.0,7.0,1.0,0.0,0.0
1.0,2.0,0.0,1.0,96.0,0.0
1.0,0.0,0.0,0.0,0.0,0.0
3.0,94.0,1.0,2.0,0.0,0.0
1.0,90.0,0.0,9.0,0.0,0.0
1.0,90.0,0.0,4.0,0.0,0.0
3.0,96.0,0.0,1.0,0.0,0.0
2.0,93.0,1.0,4.0,0.0,0.0
1.0,98.0,1.0,0.0,0.0,0.0
1.0,9.0,0.0,2.0,88.0,0.0
1.0,0.0,1.0,0.0,0.0,0.0
1.0,98.0,0.0,1.0,0.0,0.0
1.0,98.0,1.0,0.0,0.0,0.0
1.0,2.0,63.0,1.0,0.0,0.0
1.0,98.0,1.0,0.0,0.0,0.0
3.0,0.0,7.0,1.0,0.0,0.0
1.0,97.0,2.0,0.0,0.0,0.0
1.0,97.0,0.0,2.0,0.0,0.0
1.0,97.0,0.0,2.0,0.0,0.0
1.0,1.0,19.0,0.0,0.0,0.0
2.0,95.0,0.0,3.0,0.0,0.0
2.0,94.0,4.0,0.0,0.0,0.0
1.0,1.0,0.0,2.0,96.0,0.0
1.0,97.0,1.0,1.0,0.0,0.0
1.0,0.0,1.0,1.0,0.0,35.0
1.0,0.0,0.0,0.0,0.0,0.0
1.0,0.0,2.0,2.0,0.0,0.0
2.0,97.0,0.0,1.0,0.0,0.0
1.0,7.0,0.0,1.0,91.0,0.0
3.0,11.0,42.0,1.0,0.0,0.0
1.0,98.0,0.0,1.0,0.0,0.0
4.0,95.0,0.0,1.0,0.0,0.0
1.0,97.0,1.0,1.0,0.0,0.0
1.0,30.0,17.0,1.0,0.0,0.0
1.0,76.0,7.0,0.0,0.0,0.0
1.0,10.0,81.0,0.0,0.0,0.0
2.0,96.0,0.0,2.0,0.0,0.0
2.0,1.0,1.0,0.0,0.0,0.0
1.0,5.0,0.0,4.0,90.0,0.0
1.0,0.0,0.0,0.0,0.0,0.0
1.0,19.0,48.0,0.0,0.0,0.0
1.0,2.0,32.0,0.0,0.0,0.0
1.0,0.0,0.0,0.0,0.0,0.0
2.0,97.0,1.0,0.0,0.0,0.0
1.0,98.0,0.0,1.0,0.0,0.0
1.0,0.0,17.0,1.0,0.0,0.0
2.0,0.0,1.0,1.0,0.0,0.0
1.0,0.0,1.0,1.0,0.0,41.0
2.0,0.0,13.0,1.0,0.0,0.0
1.0,0.0,1.0,0.0,0.0,0.0
3.0,13.0,45.0,0.0,0.0,0.0
6.0,0.0,93.0,1.0,0.0,0.0
3.0,95.0,0.0,2.0,0.0,0.0
1.0,0.0,23.0,1.0,0.0,0.0
1.0,97.0,1.0,1.0,0.0,0.0
1.0,0.0,0.0,0.0,0.0,0.0
6.0,23.0,0.0,1.0,70.0,0.0
1.0,0.0,1.0,0.0,0.0,0.0
1.0,30.0,25.0,0.0,0.0,0.0
2.0,14.0,0.0,1.0,83.0,0.0
1.0,97.0,0.0,2.0,0.0,0.0
3.0,0.0,2.0,3.0,0.0,0.0
1.0,98.0,1.0,0.0,0.0,0.0
2.0,36.0,6.0,2.0,0.0,0.0
1.0,0.0,3.0,1.0,0.0,35.0
2.0,97.0,0.0,1.0,0.0,0.0
1.0,0.0,0.0,0.0,0.0,0.0
2.0,0.0,20.0,1.0,0.0,0.0
1.0,0.0,97.0,1.0,0.0,0.0
1.0,0.0,41.0,2.0,0.0,0.0
2.0,15.0,5.0,0.0,0.0,0.0
1.0,0.0,0.0,0.0,0.0,0.0
1.0,0.0,0.0,0.0,0.0,0.0
1.0,1.0,46.0,1.0,0.0,0.0
1.0,98.0,0.0,1.0,0.0,0.0
1.0,44.0,14.0,2.0,0.0,0.0
1.0,9.0,74.0,0.0,0.0,0.0
1.0,98.0,1.0,0.0,0.0,0.0
1.0,0.0,1.0,1.0,0.0,22.0
1.0,14.0,0.0,3.0,82.0,0.0
1.0,0.0,11.0,1.0,0.0,0.0
1.0,98.0,1.0,0.0,0.0,0.0
1.0,0.0,0.0,0.0,0.0,0.0
1.0,1.0,52.0,0.0,0.0,0.0
1.0,96.0,1.0,2.0,0.0,0.0
1.0,0.0,0.0,0.0,0.0,0.0
2.0,97.0,1.0,0.0,0.0,0.0
2.0,14.0,0.0,3.0,81.0,0.0
1.0,16.0,37.0,0.0,0.0,0.0
2.0,0.0,15.0,1.0,0.0,0.0
1.0,47.0,10.0,3.0,0.0,0.0
1.0,0.0,2.0,1.0,0.0,16.0
1.0,1.0,9.0,0.0,0.0,0.0
1.0,98.0,1.0,0.0,0.0,0.0
1.0,0.0,97.0,1.0,0.0,0.0
2.0,97.0,1.0,0.0,0.0,0.0
1.0,0.0,56.0,4.0,0.0,0.0
1.0,98.0,0.0,1.0,0.0,0.0
2.0,50.0,48.0,0.0,0.0,0.0
1.0,19.0,55.0,0.0,0.0,0.0
1.0,0.0,2.0,1.0,0.0,30.0
1.0,96.0,0.0,3.0,0.0,0.0
1.0,0.0,28.0,1.0,0.0,0.0
1.0,98.0,0.0,1.0,0.0,0.0
1.0,0.0,1.0,2.0,0.0,62.0
2.0,13.0,0.0,2.0,83.0,0.0
1.0,98.0,0.0,1.0,0.0,0.0
1.0,0.0,0.0,0.0,0.0,0.0
1.0,36.0,0.0,1.0,62.0,0.0
1.0,98.0,1.0,0.0,0.0,0.0
1.0,24.0,0.0,2.0,73.0,0.0
1.0,0.0,21.0,3.0,0.0,0.0
1.0,1.0,97.0,1.0,0.0,0.0
1.0,47.0,52.0,0.0,0.0,0.0
1.0,96.0,1.0,2.0,0.0,0.0
1.0,0.0,31.0,2.0,0.0,0.0
1.0,1.0,97.0,1.0,0.0,0.0
1.0,0.0,0.0,0.0,0.0,0.0
1.0,0.0,0.0,0.0,0.0,0.0
1.0,0.0,7.0,1.0,0.0,0.0
1.0,19.0,80.0,0.0,0.0,0.0
2.0,97.0,1.0,0.0,0.0,0.0
3.0,92.0,0.0,5.0,0.0,0.0
1.0,98.0,1.0,0.0,0.0,0.0
1.0,33.0,65.0,1.0,0.0,0.0
1.0,0.0,6.0,1.0,0.0,0.0
1.0,98.0,1.0,0.0,0.0,0.0
2.0,11.0,72.0,0.0,0.0,0.0
1.0,9.0,89.0,1.0,0.0,0.0
1.0,0.0,0.0,0.0,0.0,0.0
1.0,98.0,0.0,1.0,0.0,0.0
1.0,0.0,2.0,2.0,0.0,16.0
1.0,98.0,0.0,1.0,0.0,0.0
1.0,1.0,0.0,1.0,97.0,0.0
4.0,95.0,1.0,0.0,0.0,0.0
1.0,97.0,1.0,1.0,0.0,0.0
2.0,19.0,69.0,0.0,0.0,0.0
1.0,5.0,71.0,1.0,0.0,0.0
1.0,37.0,0.0,1.0,61.0,0.0
1.0,2.0,64.0,0.0,0.0,0.0
3.0,20.0,18.0,0.0,0.0,0.0
1.0,0.0,0.0,0.0,0.0,0.0
1.0,98.0,0.0,1.0,0.0,0.0
2.0,1.0,0.0,1.0,96.0,0.0
2.0,94.0,1.0,3.0,0.0,0.0
1.0,11.0,5.0,0.0,0.0,0.0
3.0,1.0,0.0,2.0,94.0,0.0
2.0,0.0,15.0,1.0,0.0,0.0
1.0,12.0,34.0,0.0,0.0,0.0
1.0,0.0,0.0,0.0,0.0,0.0
3.0,96.0,1.0,0.0,0.0,0.0
1.0,0.0,1.0,0.0,0.0,0.0
6.0,93.0,1.0,0.0,0.0,0.0
1.0,0.0,0.0,0.0,0.0,0.0
1.0,0.0,0.0,0.0,0.0,0.0
1.0,98.0,1.0,0.0,0.0,0.0
1.0,0.0,32.0,2.0,0.0,0.0
1.0,0.0,56.0,3.0,0.0,0.0
1.0,97.0,0.0,2.0,0.0,0.0
1.0,98.0,1.0,0.0,0.0,0.0
2.0,0.0,10.0,1.0,0.0,0.0
1.0,96.0,0.0,3.0,0.0,0.0
1.0,0.0,9.0,2.0,0.0,0.0
1.0,33.0,58.0,0.0,0.0,0.0
1.0,98.0,0.0,1.0,0.0,0.0
1.0,98.0,1.0,0.0,0.0,0.0
1.0,97.0,0.0,2.0,0.0,0.0
1.0,0.0,2.0,1.0,0.0,8.0
1.0,10.0,15.0,0.0,0.0,0.0
1.0,96.0,0.0,3.0,0.0,0.0
1.0,97.0,2.0,0.0,0.0,0.0
1.0,4.0,38.0,2.0,0.0,0.0
1.0,1.0,47.0,0.0,0.0,0.0
1.0,98.0,1.0,0.0,0.0,0.0
1.0,1.0,66.0,0.0,0.0,0.0
2.0,21.0,0.0,1.0,0.0,0.0
1.0,0.0,0.0,0.0,0.0,0.0
1.0,0.0,2.0,1.0,0.0,0.0
2.0,29.0,0.0,1.0,68.0,0.0
1.0,0.0,39.0,2.0,0.0,0.0
1.0,98.0,0.0,1.0,0.0,0.0
1.0,0.0,3.0,2.0,0.0,0.0
4.0,94.0,0.0,2.0,0.0,0.0
2.0,97.0,0.0,1.0,0.0,0.0
1.0,25.0,7.0,1.0,0.0,0.0
2.0,95.0,1.0,2.0,0.0,0.0
1.0,1.0,19.0,0.0,0.0,0.0
1.0,0.0,0.0,0.0,0.0,0.0
1.0,23.0,76.0,0.0,0.0,0.0
2.0,4.0,69.0,0.0,0.0,0.0
1.0,0.0,0.0,0.0,0.0,0.0
1.0,97.0,2.0,0.0,0.0,0.0
1.0,0.0,37.0,1.0,0.0,0.0
1.0,0.0,1.0,1.0,0.0,83.0
1.0,0.0,0.0,0.0,0.0,0.0
2.0,5.0,0.0,1.0,92.0,0.0
1.0,11.0,87.0,0.0,0.0,0.0
1.0,0.0,1.0,2.0,0.0,28.0
1.0,0.0,3.0,3.0,0.0,0.0
1.0,2.0,0.0,1.0,96.0,0.0
1.0,87.0,2.0,0.0,0.0,0.0
3.0,95.0,0.0,2.0,0.0,0.0
1.0,98.0,1.0,0.0,0.0,0.0
1.0,5.0,56.0,0.0,0.0,0.0
1.0,0.0,0.0,2.0,0.0,0.0
1.0,97.0,1.0,1.0,0.0,0.0
1.0,31.0,13.0,0.0,0.0,0.0
1.0,6.0,0.0,1.0,64.0,0.0
2.0,95.0,0.0,3.0,0.0,0.0
2.0,0.0,51.0,1.0,0.0,0.0
2.0,13.0,11.0,2.0,0.0,0.0
1.0,9.0,84.0,1.0,0.0,0.0
1.0,13.0,30.0,1.0,0.0,0.0
2.0,0.0,0.0,0.0,0.0,0.0
1.0,17.0,76.0,0.0,0.0,0.0
1.0,22.0,18.0,0.0,0.0,0.0
1.0,0.0,14.0,2.0,0.0,0.0
1.0,98.0,0.0,1.0,0.0,0.0
2.0,66.0,31.0,1.0,0.0,0.0
1.0,0.0,0.0,0.0,0.0,0.0
1.0,0.0,0.0,0.0,0.0,0.0
1.0,0.0,33.0,1.0,0.0,0.0
1.0,0.0,6.0,2.0,0.0,0.0
1.0,0.0,24.0,1.0,0.0,0.0
1.0,27.0,0.0,1.0,71.0,0.0
1.0,95.0,4.0,0.0,0.0,0.0
1.0,97.0,0.0,2.0,0.0,0.0
1.0,8.0,30.0,0.0,0.0,0.0
1.0,98.0,1.0,0.0,0.0,0.0
1.0,61.0,38.0,0.0,0.0,0.0
1.0,0.0,14.0,1.0,0.0,0.0
2.0,0.0,29.0,1.0,0.0,0.0
1.0,0.0,0.0,1.0,0.0,0.0
1.0,22.0,76.0,0.0,0.0,0.0
1.0,97.0,0.0,2.0,0.0,0.0
1.0,98.0,0.0,1.0,0.0,0.0
1.0,0.0,0.0,0.0,0.0,0.0
1.0,98.0,1.0,0.0,0.0,0.0
1.0,1.0,48.0,0.0,0.0,0.0
1.0,0.0,1.0,2.0,0.0,54.0
1.0,95.0,1.0,3.0,0.0,0.0
1.0,0.0,0.0,0.0,0.0,0.0
1.0,78.0,20.0,1.0,0.0,0.0
1.0,8.0,0.0,1.0,90.0,0.0
4.0,0.0,51.0,2.0,0.0,0.0
2.0,97.0,0.0,1.0,0.0,0.0
3.0,0.0,0.0,1.0,0.0,0.0
1.0,4.0,14.0,0.0,0.0,0.0
1.0,98.0,0.0,1.0,0.0,0.0
1.0,97.0,0.0,2.0,0.0,0.0
1.0,38.0,0.0,2.0,59.0,0.0
1.0,24.0,0.0,1.0,74.0,0.0
1.0,0.0,22.0,3.0,0.0,0.0
1.0,0.0,0.0,0.0,0.0,0.0
1.0,98.0,1.0,0.0,0.0,0.0
1.0,0.0,27.0,1.0,0.0,0.0
1.0,0.0,1.0,4.0,0.0,0.0
1.0,1.0,98.0,0.0,0.0,0.0
2.0,94.0,0.0,4.0,0.0,0.0
2.0,0.0,3.0,1.0,0.0,0.0
1.0,1.0,98.0,0.0,0.0,0.0
1.0,0.0,0.0,1.0,0.0,0.0
1.0,53.0,0.0,1.0,45.0,0.0
1.0,3.0,1.0,1.0,0.0,0.0
1.0,19.0,80.0,0.0,0.0,0.0
1.0,98.0,0.0,1.0,0.0,0.0
1.0,97.0,2.0,0.0,0.0,0.0
1.0,0.0,0.0,0.0,0.0,0.0
1.0,19.0,60.0,0.0,0.0,0.0
1.0,97.0,1.0,1.0,0.0,0.0
1.0,99.0,0.0,0.0,0.0,0.0
1.0,0.0,0.0,0.0,0.0,0.0
1.0,0.0,2.0,1.0,0.0,0.0
2.0,97.0,0.0,1.0,0.0,0.0
1.0,97.0,0.0,2.0,0.0,0.0
1.0,97.0,2.0,0.0,0.0,0.0
1.0,36.0,0.0,1.0,62.0,0.0
1.0,98.0,0.0,1.0,0.0,0.0
1.0,95.0,0.0,4.0,0.0,0.0
1.0,98.0,1.0,0.0,0.0,0.0
2.0,96.0,1.0,1.0,0.0,0.0
1.0,98.0,0.0,1.0,0.0,0.0
1.0,6.0,0.0,2.0,91.0,0.0
3.0,96.0,0.0,1.0,0.0,0.0
1.0,30.0,0.0,2.0,67.0,0.0
1.0,98.0,0.0,1.0,0.0,0.0
1.0,10.0,23.0,0.0,0.0,0.0
3.0,95.0,1.0,1.0,0.0,0.0
1.0,0.0,2.0,1.0,0.0,85.0
1.0,98.0,0.0,1.0,0.0,0.0
1.0,7.0,6.0,0.0,0.0,0.0
1.0,98.0,0.0,1.0,0.0,0.0
1.0,23.0,41.0,1.0,0.0,0.0
1.0,97.0,0.0,2.0,0.0,0.0
1.0,0.0,84.0,1.0,0.0,0.0
1.0,98.0,1.0,0.0,0.0,0.0
2.0,0.0,67.0,1.0,0.0,0.0
1.0,0.0,0.0,0.0,0.0,0.0
1.0,97.0,0.0,2.0,0.0,0.0
1.0,97.0,2.0,0.0,0.0,0.0
2.0,96.0,1.0,1.0,0.0,0.0
2.0,1.0,0.0,1.0,96.0,0.0
1.0,97.0,0.0,2.0,0.0,0.0
1.0,3.0,0.0,1.0,95.0,0.0
1.0,1.0,1.0,0.0,0.0,0.0
1.0,97.0,2.0,0.0,0.0,0.0
1.0,0.0,95.0,1.0,0.0,0.0
1.0,0.0,83.0,1.0,0.0,0.0
2.0,4.0,25.0,0.0,0.0,0.0
1.0,96.0,0.0,3.0,0.0,0.0
1.0,98.0,1.0,0.0,0.0,0.0
1.0,35.0,64.0,0.0,0.0,0.0
1.0,0.0,0.0,0.0,0.0,0.0
1.0,1.0,0.0,0.0,0.0,0.0
1.0,32.0,26.0,0.0,0.0,0.0
1.0,98.0,1.0,0.0,0.0,0.0
1.0,97.0,1.0,1.0,0.0,0.0
1.0,1.0,15.0,2.0,0.0,0.0
1.0,96.0,0.0,3.0,0.0,0.0
4.0,93.0,0.0,3.0,0.0,0.0
1.0,1.0,0.0,3.0,95.0,0.0
1.0,98.0,0.0,1.0,0.0,0.0
1.0,98.0,0.0,1.0,0.0,0.0
1.0,0.0,0.0,0.0,0.0,0.0
1.0,29.0,15.0,0.0,0.0,0.0
1.0,97.0,0.0,2.0,0.0,0.0
1.0,33.0,47.0,1.0,0.0,0.0
2.0,0.0,1.0,1.0,0.0,36.0
2.0,0.0,6.0,1.0,0.0,0.0
1.0,98.0,1.0,0.0,0.0,0.0
1.0,96.0,0.0,3.0,0.0,0.0
2.0,0.0,31.0,1.0,0.0,0.0
1.0,36.0,0.0,1.0,62.0,0.0
2.0,97.0,1.0,0.0,0.0,0.0
2.0,33.0,24.0,1.0,0.0,0.0
1.0,0.0,0.0,0.0,0.0,0.0
1.0,96.0,2.0,1.0,0.0,0.0
1.0,4.0,1.0,2.0,0.0,0.0
1.0,1.0,0.0,1.0,97.0,0.0
1.0,94.0,0.0,5.0,0.0,0.0
1.0,14.0,53.0,0.0,0.0,0.0
1.0,0.0,0.0,1.0,0.0,0.0
1.0,98.0,0.0,1.0,0.0,0.0
1.0,97.0,2.0,0.0,0.0,0.0
1.0,97.0,0.0,2.0,0.0,0.0
1.0,0.0,0.0,0.0,0.0,0.0
1.0,97.0,1.0,1.0,0.0,0.0
1.0,96.0,0.0,3.0,0.0,0.0
2.0,15.0,0.0,1.0,82.0,0.0
1.0,98.0,0.0,1.0,0.0,0.0
1.0,98.0,0.0,1.0,0.0,0.0
1.0,97.0,0.0,2.0,0.0,0.0
1.0,98.0,0.0,1.0,0.0,0.0
1.0,96.0,0.0,3.0,0.0,0.0
1.0,98.0,1.0,0.0,0.0,0.0
3.0,0.0,27.0,1.0,0.0,0.0
1.0,98.0,0.0,1.0,0.0,0.0
1.0,98.0,0.0,1.0,0.0,0.0
1.0,50.0,0.0,3.0,0.0,0.0
1.0,0.0,1.0,3.0,0.0,43.0
1.0,0.0,0.0,0.0,0.0,0.0
1.0,27.0,38.0,1.0,0.0,0.0
3.0,96.0,1.0,0.0,0.0,0.0
1.0,98.0,0.0,1.0,0.0,0.0
1.0,98.0,1.0,0.0,0.0,0.0
1.0,98.0,1.0,0.0,0.0,0.0
1.0,98.0,0.0,1.0,0.0,0.0
2.0,10.0,37.0,1.0,0.0,0.0
1.0,97.0,1.0,1.0,0.0,0.0
1.0,25.0,51.0,1.0,0.0,0.0
1.0,98.0,1.0,0.0,0.0,0.0
4.0,94.0,1.0,1.0,0.0,0.0
1.0,49.0,49.0,1.0,0.0,0.0
3.0,11.0,41.0,0.0,0.0,0.0
1.0,98.0,0.0,1.0,0.0,0.0
2.0,7.0,0.0,3.0,88.0,0.0
1.0,98.0,1.0,0.0,0.0,0.0
1.0,0.0,0.0,0.0,0.0,0.0
1.0,97.0,2.0,0.0,0.0,0.0
1.0,98.0,1.0,0.0,0.0,0.0
2.0,10.0,45.0,0.0,0.0,0.0
1.0,23.0,51.0,1.0,0.0,0.0
1.0,0.0,50.0,3.0,0.0,0.0
1.0,96.0,0.0,3.0,0.0,0.0
1.0,0.0,28.0,1.0,0.0,0.0
2.0,97.0,0.0,1.0,0.0,0.0
1.0,98.0,1.0,0.0,0.0,0.0
1.0,98.0,1.0,0.0,0.0,0.0
1.0,95.0,1.0,3.0,0.0,0.0
1.0,97.0,1.0,1.0,0.0,0.0
1.0,49.0,0.0,1.0,0.0,0.0
1.0,98.0,1.0,0.0,0.0,0.0
1.0,3.0,67.0,0.0,0.0,0.0
1.0,96.0,1.0,2.0,0.0,0.0
1.0,0.0,0.0,0.0,0.0,0.0
1.0,0.0,1.0,4.0,0.0,31.0
1.0,98.0,0.0,1.0,0.0,0.0
1.0,1.0,53.0,0.0,0.0,0.0
1.0,98.0,0.0,1.0,0.0,0.0
1.0,70.0,0.0,1.0,28.0,0.0
1.0,98.0,1.0,0.0,0.0,0.0
1.0,99.0,0.0,0.0,0.0,0.0
2.0,0.0,81.0,1.0,0.0,0.0
1.0,19.0,0.0,2.0,78.0,0.0
1.0,46.0,5.0,0.0,0.0,0.0
1.0,98.0,0.0,1.0,0.0,0.0
1.0,1.0,0.0,1.0,97.0,0.0
1.0,0.0,0.0,0.0,0.0,0.0
2.0,97.0,0.0,1.0,0.0,0.0
1.0,97.0,0.0,2.0,0.0,0.0
1.0,0.0,0.0,0.0,0.0,0.0
1.0,0.0,2.0,1.0,0.0,0.0
1.0,0.0,36.0,2.0,0.0,0.0
2.0,47.0,29.0,0.0,0.0,0.0
1.0,0.0,1.0,1.0,0.0,70.0
1.0,0.0,2.0,1.0,0.0,0.0
1.0,0.0,0.0,0.0,0.0,0.0
1.0,98.0,1.0,0.0,0.0,0.0
1.0,98.0,0.0,1.0,0.0,0.0
1.0,5.0,86.0,0.0,0.0,0.0
1.0,0.0,31.0,2.0,0.0,0.0
1.0,0.0,0.0,0.0,0.0,0.0
4.0,0.0,47.0,1.0,0.0,0.0
1.0,97.0,1.0,1.0,0.0,0.0
1.0,97.0,2.0,0.0,0.0,0.0
1.0,98.0,0.0,1.0,0.0,0.0
1.0,0.0,97.0,2.0,0.0,0.0
1.0,97.0,1.0,1.0,0.0,0.0
2.0,96.0,2.0,0.0,0.0,0.0
5.0,94.0,1.0,0.0,0.0,0.0
2.0,96.0,1.0,1.0,0.0,0.0
1.0,99.0,0.0,0.0,0.0,0.0
1.0,98.0,1.0,0.0,0.0,0.0
1.0,98.0,0.0,1.0,0.0,0.0
3.0,95.0,0.0,2.0,0.0,0.0
1.0,98.0,0.0,1.0,0.0,0.0
4.0,94.0,0.0,2.0,0.0,0.0
1.0,98.0,0.0,1.0,0.0,0.0
2.0,7.0,0.0,2.0,89.0,0.0
4.0,0.0,56.0,2.0,0.0,0.0
1.0,0.0,0.0,0.0,0.0,0.0
2.0,98.0,0.0,0.0,0.0,0.0
1.0,97.0,0.0,2.0,0.0,0.0
1.0,1.0,0.0,1.0,97.0,0.0
2.0,95.0,1.0,2.0,0.0,0.0
1.0,96.0,0.0,3.0,0.0,0.0
1.0,1.0,14.0,0.0,0.0,0.0
1.0,6.0,0.0,1.0,92.0,0.0
1.0,14.0,0.0,2.0,83.0,0.0
1.0,98.0,0.0,1.0,0.0,0.0
1.0,0.0,0.0,0.0,0.0,0.0
1.0,0.0,0.0,0.0,0.0,0.0
1.0,37.0,0.0,1.0,61.0,0.0
3.0,97.0,0.0,0.0,0.0,0.0
1.0,0.0,1.0,1.0,0.0,31.0
1.0,0.0,27.0,1.0,0.0,0.0
1.0,48.0,50.0,1.0,0.0,0.0
1.0,34.0,65.0,0.0,0.0,0.0
2.0,96.0,0.0,2.0,0.0,0.0
1.0,0.0,0.0,0.0,0.0,0.0
1.0,0.0,87.0,2.0,0.0,0.0
1.0,1.0,25.0,1.0,0.0,0.0
1.0,92.0,1.0,6.0,0.0,0.0
1.0,1.0,0.0,3.0,95.0,0.0
1.0,0.0,1.0,2.0,0.0,50.0
1.0,0.0,0.0,0.0,0.0,0.0
1.0,98.0,0.0,1.0,0.0,0.0
1.0,3.0,24.0,0.0,0.0,0.0
1.0,2.0,0.0,1.0,96.0,0.0
2.0,70.0,0.0,2.0,26.0,0.0
3.0,95.0,0.0,2.0,0.0,0.0
1.0,98.0,1.0,0.0,0.0,0.0
1.0,3.0,73.0,0.0,0.0,0.0
1.0,61.0,38.0,0.0,0.0,0.0
1.0,0.0,0.0,0.0,0.0,0.0
1.0,0.0,0.0,0.0,0.0,0.0
2.0,0.0,2.0,1.0,0.0,0.0
1.0,98.0,1.0,0.0,0.0,0.0
1.0,0.0,0.0,0.0,0.0,0.0
1.0,99.0,0.0,0.0,0.0,0.0
1.0,98.0,1.0,0.0,0.0,0.0
1.0,98.0,1.0,0.0,0.0,0.0
2.0,33.0,7.0,1.0,0.0,0.0
1.0,96.0,0.0,3.0,0.0,0.0
1.0,98.0,0.0,1.0,0.0,0.0
2.0,97.0,1.0,0.0,0.0,0.0
1.0,11.0,39.0,0.0,0.0,0.0
4.0,0.0,27.0,5.0,0.0,0.0
1.0,26.0,14.0,0.0,0.0,0.0
2.0,0.0,52.0,1.0,0.0,0.0
1.0,98.0,1.0,0.0,0.0,0.0
1.0,0.0,1.0,0.0,0.0,0.0
1.0,96.0,0.0,3.0,0.0,0.0
3.0,96.0,0.0,1.0,0.0,0.0
2.0,61.0,29.0,0.0,0.0,0.0
1.0,14.0,85.0,0.0,0.0,0.0
1.0,52.0,0.0,1.0,46.0,0.0
3.0,96.0,0.0,1.0,0.0,0.0
1.0,98.0,1.0,0.0,0.0,0.0
1.0,97.0,1.0,1.0,0.0,0.0
1.0,98.0,0.0,1.0,0.0,0.0
1.0,97.0,0.0,2.0,0.0,0.0
1.0,0.0,0.0,0.0,0.0,0.0
1.0,98.0,0.0,1.0,0.0,0.0
1.0,98.0,1.0,0.0,0.0,0.0
1.0,0.0,16.0,3.0,0.0,0.0
1.0,84.0,0.0,1.0,14.0,0.0
1.0,0.0,16.0,2.0,0.0,0.0
1.0,0.0,0.0,0.0,0.0,0.0
1.0,98.0,1.0,0.0,0.0,0.0
1.0,96.0,2.0,1.0,0.0,0.0
1.0,49.0,0.0,1.0,49.0,0.0
1.0,95.0,0.0,4.0,0.0,0.0
1.0,27.0,27.0,0.0,0.0,0.0
1.0,98.0,1.0,0.0,0.0,0.0
1.0,25.0,0.0,2.0,72.0,0.0
1.0,98.0,1.0,0.0,0.0,0.0
1.0,29.0,70.0,0.0,0.0,0.0
1.0,98.0,0.0,1.0,0.0,0.0
3.0,0.0,2.0,1.0,0.0,8.0
3.0,96.0,1.0,0.0,0.0,0.0
1.0,98.0,0.0,1.0,0.0,0.0
2.0,10.0,79.0,0.0,0.0,0.0
1.0,98.0,1.0,0.0,0.0,0.0
1.0,14.0,85.0,0.0,0.0,0.0
1.0,0.0,0.0,0.0,0.0,0.0
1.0,35.0,56.0,0.0,0.0,0.0
2.0,97.0,1.0,0.0,0.0,0.0
1.0,98.0,1.0,0.0,0.0,0.0
1.0,1.0,3.0,0.0,0.0,0.0
1.0,97.0,2.0,0.0,0.0,0.0
2.0,97.0,1.0,0.0,0.0,0.0
1.0,10.0,9.0,2.0,0.0,0.0
1.0,92.0,6.0,1.0,0.0,0.0
2.0,0.0,0.0,0.0,0.0,0.0
1.0,45.0,26.0,0.0,0.0,0.0
3.0,35.0,61.0,1.0,0.0,0.0
1.0,99.0,0.0,0.0,0.0,0.0
1.0,4.0,8.0,0.0,0.0,0.0
1.0,0.0,21.0,1.0,0.0,0.0
1.0,26.0,49.0,0.0,0.0,0.0
1.0,1.0,0.0,1.0,97.0,0.0
1.0,50.0,49.0,0.0,0.0,0.0
2.0,95.0,0.0,3.0,0.0,0.0
2.0,40.0,31.0,0.0,0.0,0.0
1.0,0.0,92.0,2.0,0.0,0.0
1.0,0.0,7.0,1.0,0.0,0.0
2.0,5.0,0.0,1.0,92.0,0.0
1.0,98.0,1.0,0.0,0.0,0.0
1.0,0.0,61.0,1.0,0.0,0.0
1.0,37.0,0.0,1.0,61.0,0.0
1.0,96.0,0.0,3.0,0.0,0.0
1.0,0.0,0.0,0.0,0.0,0.0
1.0,7.0,42.0,0.0,0.0,0.0
1.0,0.0,2.0,2.0,0.0,28.0
1.0,96.0,1.0,2.0,0.0,0.0
1.0,0.0,12.0,1.0,0.0,0.0
1.0,97.0,1.0,1.0,0.0,0.0
1.0,33.0,34.0,0.0,0.0,0.0
1.0,98.0,0.0,1.0,0.0,0.0
2.0,97.0,1.0,0.0,0.0,0.0
1.0,0.0,5.0,1.0,0.0,0.0
2.0,96.0,0.0,2.0,0.0,0.0
1.0,0.0,0.0,0.0,0.0,0.0
3.0,95.0,0.0,2.0,0.0,0.0
1.0,98.0,0.0,1.0,0.0,0.0
1.0,98.0,1.0,0.0,0.0,0.0
2.0,97.0,0.0,1.0,0.0,0.0
1.0,96.0,2.0,1.0,0.0,0.0
1.0,2.0,5.0,1.0,0.0,0.0
1.0,8.0,0.0,2.0,89.0,0.0
1.0,98.0,0.0,1.0,0.0,0.0
1.0,97.0,0.0,2.0,0.0,0.0
2.0,95.0,1.0,2.0,0.0,0.0
3.0,94.0,0.0,3.0,0.0,0.0
1.0,39.0,24.0,0.0,0.0,0.0
1.0,98.0,1.0,0.0,0.0,0.0
1.0,14.0,0.0,1.0,84.0,0.0
1.0,98.0,0.0,1.0,0.0,0.0
1.0,0.0,0.0,0.0,0.0,0.0
3.0,0.0,36.0,1.0,0.0,0.0
1.0,98.0,0.0,1.0,0.0,0.0
3.0,6.0,7.0,0.0,0.0,0.0
3.0,0.0,30.0,1.0,0.0,0.0
1.0,0.0,1.0,2.0,0.0,16.0
1.0,27.0,0.0,4.0,68.0,0.0
1.0,0.0,1.0,0.0,0.0,0.0
1.0,99.0,0.0,0.0,0.0,0.0
1.0,98.0,0.0,1.0,0.0,0.0
1.0,0.0,66.0,1.0,0.0,0.0
2.0,94.0,0.0,4.0,0.0,0.0
1.0,99.0,0.0,0.0,0.0,0.0
1.0,96.0,0.0,3.0,0.0,0.0
2.0,5.0,18.0,1.0,0.0,0.0
1.0,98.0,0.0,1.0,0.0,0.0
1.0,0.0,1.0,1.0,0.0,57.0
1.0,0.0,98.0,1.0,0.0,0.0
1.0,0.0,60.0,1.0,0.0,0.0
3.0,0.0,1.0,1.0,0.0,95.0
4.0,95.0,1.0,0.0,0.0,0.0
1.0,99.0,0.0,0.0,0.0,0.0
1.0,0.0,0.0,0.0,0.0,0.0
1.0,99.0,0.0,0.0,0.0,0.0
1.0,0.0,1.0,1.0,0.0,97.0
1.0,97.0,1.0,1.0,0.0,0.0
1.0,40.0,59.0,0.0,0.0,0.0
1.0,40.0,16.0,0.0,0.0,0.0
1.0,5.0,5.0,1.0,0.0,0.0
1.0,98.0,1.0,0.0,0.0,0.0
1.0,95.0,1.0,3.0,0.0,0.0
1.0,98.0,0.0,1.0,0.0,0.0
2.0,96.0,1.0,1.0,0.0,0.0
1.0,98.0,0.0,1.0,0.0,0.0
1.0,0.0,79.0,1.0,0.0,0.0
1.0,96.0,1.0,2.0,0.0,0.0
1.0,91.0,8.0,0.0,0.0,0.0
1.0,97.0,0.0,2.0,0.0,0.0
1.0,0.0,96.0,3.0,0.0,0.0
2.0,0.0,1.0,1.0,0.0,80.0
1.0,98.0,0.0,1.0,0.0,0.0
2.0,10.0,87.0,1.0,0.0,0.0
1.0,98.0,0.0,1.0,0.0,0.0
2.0,63.0,0.0,2.0,33.0,0.0
1.0,98.0,0.0,1.0,0.0,0.0
1.0,42.0,0.0,1.0,56.0,0.0
1.0,98.0,0.0,1.0,0.0,0.0
1.0,26.0,67.0,0.0,0.0,0.0
1.0,11.0,0.0,1.0,87.0,0.0
3.0,13.0,32.0,0.0,0.0,0.0
1.0,0.0,74.0,1.0,0.0,0.0
2.0,97.0,1.0,0.0,0.0,0.0
2.0,32.0,66.0,0.0,0.0,0.0
1.0,56.0,43.0,0.0,0.0,0.0
1.0,98.0,0.0,1.0,0.0,0.0
1.0,0.0,0.0,0.0,0.0,0.0
2.0,97.0,1.0,0.0,0.0,0.0
1.0,96.0,0.0,3.0,0.0,0.0
1.0,98.0,0.0,1.0,0.0,0.0
1.0,14.0,0.0,3.0,82.0,0.0
1.0,98.0,1.0,0.0,0.0,0.0
1.0,98.0,0.0,1.0,0.0,0.0
1.0,0.0,1.0,0.0,0.0,0.0
1.0,0.0,55.0,1.0,0.0,0.0
2.0,98.0,0.0,0.0,0.0,0.0
1.0,0.0,8.0,1.0,0.0,0.0
1.0,48.0,13.0,0.0,0.0,0.0
1.0,98.0,0.0,1.0,0.0,0.0
1.0,0.0,1.0,1.0,0.0,3.0
1.0,99.0,0.0,0.0,0.0,0.0
2.0,98.0,0.0,0.0,0.0,0.0
1.0,76.0,0.0,1.0,22.0,0.0
1.0,98.0,1.0,0.0,0.0,0.0
2.0,93.0,5.0,0.0,0.0,0.0
1.0,20.0,0.0,2.0,77.0,0.0
2.0,97.0,0.0,1.0,0.0,0.0
1.0,0.0,0.0,0.0,0.0,0.0
3.0,0.0,96.0,1.0,0.0,0.0
1.0,57.0,27.0,1.0,0.0,0.0
1.0,1.0,98.0,0.0,0.0,0.0
1.0,98.0,0.0,1.0,0.0,0.0
1.0,97.0,1.0,1.0,0.0,0.0
2.0,5.0,65.0,0.0,0.0,0.0
1.0,0.0,98.0,1.0,0.0,0.0
1.0,0.0,10.0,3.0,0.0,0.0
1.0,97.0,0.0,2.0,0.0,0.0
1.0,98.0,0.0,1.0,0.0,0.0
1.0,98.0,0.0,1.0,0.0,0.0
1.0,1.0,0.0,1.0,97.0,0.0
1.0,97.0,0.0,2.0,0.0,0.0
1.0,33.0,0.0,1.0,65.0,0.0
1.0,6.0,0.0,2.0,91.0,0.0
1.0,24.0,0.0,3.0,72.0,0.0
1.0,1.0,12.0,1.0,0.0,0.0
2.0,98.0,0.0,0.0,0.0,0.0
1.0,98.0,0.0,1.0,0.0,0.0
1.0,2.0,78.0,2.0,0.0,0.0
1.0,0.0,7.0,1.0,0.0,0.0
1.0,98.0,1.0,0.0,0.0,0.0
1.0,97.0,0.0,2.0,0.0,0.0
2.0,97.0,0.0,1.0,0.0,0.0
1.0,0.0,0.0,0.0,0.0,0.0
1.0,0.0,0.0,0.0,0.0,0.0
1.0,32.0,0.0,3.0,64.0,0.0
1.0,57.0,39.0,1.0,0.0,0.0
2.0,0.0,1.0,1.0,0.0,61.0
1.0,0.0,0.0,0.0,0.0,0.0
2.0,0.0,19.0,1.0,0.0,0.0
1.0,97.0,1.0,1.0,0.0,0.0
2.0,3.0,19.0,0.0,0.0,0.0
1.0,98.0,1.0,0.0,0.0,0.0
1.0,0.0,1.0,2.0,0.0,67.0
3.0,69.0,28.0,0.0,0.0,0.0
1.0,97.0,0.0,2.0,0.0,0.0
1.0,0.0,4.0,2.0,0.0,0.0
5.0,0.0,7.0,1.0,0.0,0.0
1.0,98.0,0.0,1.0,0.0,0.0
1.0,0.0,30.0,1.0,0.0,0.0
1.0,0.0,12.0,1.0,0.0,0.0
1.0,99.0,0.0,0.0,0.0,0.0
2.0,4.0,0.0,1.0,0.0,0.0
1.0,0.0,58.0,5.0,0.0,0.0
1.0,25.0,0.0,1.0,73.0,0.0
1.0,99.0,0.0,0.0,0.0,0.0
2.0,41.0,0.0,2.0,55.0,0.0
1.0,1.0,0.0,1.0,97.0,0.0
1.0,0.0,1.0,1.0,0.0,30.0
1.0,0.0,11.0,1.0,0.0,0.0
1.0,98.0,0.0,1.0,0.0,0.0
1.0,98.0,0.0,1.0,0.0,0.0
1.0,99.0,0.0,0.0,0.0,0.0
2.0,97.0,0.0,1.0,0.0,0.0
2.0,0.0,44.0,2.0,0.0,0.0
1.0,61.0,38.0,0.0,0.0,0.0
1.0,0.0,1.0,2.0,0.0,4.0
1.0,37.0,62.0,0.0,0.0,0.0
1.0,0.0,97.0,2.0,0.0,0.0
2.0,73.0,0.0,2.0,23.0,0.0
3.0,96.0,0.0,1.0,0.0,0.0
1.0,43.0,0.0,2.0,54.0,0.0
1.0,97.0,1.0,1.0,0.0,0.0
1.0,45.0,39.0,0.0,0.0,0.0
5.0,94.0,1.0,0.0,0.0,0.0
2.0,28.0,3.0,0.0,0.0,0.0
2.0,68.0,1.0,0.0,0.0,0.0
1.0,99.0,0.0,0.0,0.0,0.0
1.0,0.0,21.0,1.0,0.0,0.0
2.0,0.0,7.0,1.0,0.0,0.0
4.0,94.0,1.0,1.0,0.0,0.0
1.0,97.0,1.0,1.0,0.0,0.0
1.0,98.0,1.0,0.0,0.0,0.0
1.0,98.0,1.0,0.0,0.0,0.0
1.0,1.0,12.0,1.0,0.0,0.0
1.0,38.0,35.0,0.0,0.0,0.0
1.0,0.0,1.0,1.0,0.0,2.0
3.0,93.0,1.0,3.0,0.0,0.0
1.0,96.0,3.0,0.0,0.0,0.0
1.0,17.0,26.0,0.0,0.0,0.0
1.0,96.0,1.0,2.0,0.0,0.0
1.0,30.0,69.0,0.0,0.0,0.0
1.0,98.0,0.0,1.0,0.0,0.0
1.0,98.0,1.0,0.0,0.0,0.0
3.0,47.0,0.0,3.0,47.0,0.0
4.0,21.0,47.0,0.0,0.0,0.0
1.0,98.0,1.0,0.0,0.0,0.0
1.0,4.0,0.0,3.0,92.0,0.0
4.0,0.0,63.0,1.0,0.0,0.0
1.0,97.0,0.0,2.0,0.0,0.0
2.0,0.0,53.0,2.0,0.0,0.0
2.0,66.0,0.0,2.0,30.0,0.0
1.0,1.0,0.0,1.0,97.0,0.0
1.0,0.0,6.0,1.0,0.0,0.0
1.0,97.0,1.0,1.0,0.0,0.0
1.0,0.0,5.0,1.0,0.0,0.0
1.0,98.0,0.0,1.0,0.0,0.0
1.0,0.0,69.0,1.0,0.0,0.0
1.0,98.0,0.0,1.0,0.0,0.0
1.0,97.0,1.0,1.0,0.0,0.0
1.0,98.0,0.0,1.0,0.0,0.0
2.0,85.0,0.0,1.0,12.0,0.0
1.0,95.0,0.0,4.0,0.0,0.0
1.0,98.0,1.0,0.0,0.0,0.0
1.0,99.0,0.0,0.0,0.0,0.0
2.0,97.0,1.0,0.0,0.0,0.0
1.0,99.0,0.0,0.0,0.0,0.0
1.0,16.0,0.0,1.0,82.0,0.0
1.0,99.0,0.0,0.0,0.0,0.0
1.0,97.0,1.0,1.0,0.0,0.0
1.0,34.0,7.0,1.0,0.0,0.0
1.0,99.0,0.0,0.0,0.0,0.0
1.0,98.0,1.0,0.0,0.0,0.0
1.0,4.0,8.0,0.0,0.0,0.0
1.0,4.0,74.0,1.0,0.0,0.0
1.0,1.0,0.0,1.0,97.0,0.0
2.0,93.0,0.0,5.0,0.0,0.0
1.0,1.0,0.0,4.0,94.0,0.0
1.0,99.0,0.0,0.0,0.0,0.0
2.0,42.0,0.0,1.0,55.0,0.0
1.0,76.0,11.0,2.0,0.0,0.0
1.0,91.0,0.0,1.0,7.0,0.0
1.0,96.0,2.0,1.0,0.0,0.0
1.0,2.0,10.0,0.0,0.0,0.0
2.0,98.0,0.0,0.0,0.0,0.0
1.0,14.0,28.0,1.0,0.0,0.0
1.0,97.0,2.0,0.0,0.0,0.0
1.0,3.0,7.0,0.0,0.0,0.0
1.0,97.0,1.0,1.0,0.0,0.0
1.0,0.0,0.0,0.0,0.0,0.0
1.0,0.0,0.0,0.0,0.0,0.0
3.0,97.0,0.0,0.0,0.0,0.0
1.0,97.0,0.0,2.0,0.0,0.0
1.0,98.0,1.0,0.0,0.0,0.0
1.0,93.0,5.0,1.0,0.0,0.0
1.0,99.0,0.0,0.0,0.0,0.0
1.0,0.0,1.0,2.0,0.0,0.0
1.0,0.0,1.0,1.0,0.0,25.0
2.0,25.0,0.0,2.0,71.0,0.0
1.0,0.0,0.0,0.0,0.0,0.0
2.0,97.0,1.0,0.0,0.0,0.0
1.0,75.0,24.0,0.0,0.0,0.0
1.0,99.0,0.0,0.0,0.0,0.0
1.0,20.0,37.0,1.0,0.0,0.0
2.0,7.0,47.0,1.0,0.0,0.0
1.0,98.0,0.0,1.0,0.0,0.0
2.0,98.0,0.0,0.0,0.0,0.0
1.0,66.0,0.0,2.0,31.0,0.0
1.0,1.0,0.0,1.0,97.0,0.0
1.0,0.0,1.0,3.0,0.0,66.0
2.0,1.0,28.0,0.0,0.0,0.0
1.0,19.0,0.0,1.0,79.0,0.0
3.0,96.0,0.0,1.0,0.0,0.0
1.0,98.0,0.0,1.0,0.0,0.0
1.0,0.0,12.0,1.0,0.0,0.0
1.0,99.0,0.0,0.0,0.0,0.0
1.0,0.0,0.0,0.0,0.0,0.0
1.0,98.0,0.0,1.0,0.0,0.0
1.0,0.0,0.0,0.0,0.0,0.0
1.0,98.0,1.0,0.0,0.0,0.0
1.0,0.0,1.0,2.0,0.0,30.0
2.0,0.0,97.0,1.0,0.0,0.0
1.0,1.0,87.0,0.0,0.0,0.0
1.0,0.0,1.0,1.0,0.0,38.0
1.0,7.0,0.0,1.0,91.0,0.0
3.0,0.0,4.0,2.0,0.0,0.0
1.0,0.0,7.0,1.0,0.0,0.0
1.0,0.0,75.0,2.0,0.0,0.0
1.0,0.0,93.0,1.0,0.0,0.0
1.0,36.0,26.0,0.0,0.0,0.0
1.0,97.0,1.0,1.0,0.0,0.0
1.0,97.0,2.0,0.0,0.0,0.0
1.0,0.0,0.0,0.0,0.0,0.0
1.0,21.0,0.0,1.0,77.0,0.0
1.0,0.0,82.0,3.0,0.0,0.0
1.0,98.0,0.0,1.0,0.0,0.0
1.0,98.0,1.0,0.0,0.0,0.0
1.0,98.0,0.0,1.0,0.0,0.0
1.0,0.0,34.0,1.0,0.0,0.0
1.0,0.0,95.0,2.0,0.0,0.0
1.0,0.0,47.0,1.0,0.0,0.0
1.0,62.0,37.0,0.0,0.0,0.0
1.0,99.0,0.0,0.0,0.0,0.0
2.0,97.0,1.0,0.0,0.0,0.0
1.0,98.0,1.0,0.0,0.0,0.0
1.0,0.0,0.0,0.0,0.0,0.0
2.0,95.0,0.0,3.0,0.0,0.0
2.0,46.0,24.0,1.0,0.0,0.0
1.0,16.0,20.0,0.0,0.0,0.0
1.0,70.0,22.0,1.0,0.0,0.0
1.0,98.0,0.0,1.0,0.0,0.0
1.0,0.0,90.0,1.0,0.0,0.0
1.0,99.0,0.0,0.0,0.0,0.0
1.0,97.0,0.0,2.0,0.0,0.0
1.0,98.0,1.0,0.0,0.0,0.0
2.0,25.0,73.0,0.0,0.0,0.0
1.0,59.0,18.0,0.0,0.0,0.0
1.0,0.0,40.0,1.0,0.0,0.0
1.0,99.0,0.0,0.0,0.0,0.0
3.0,0.0,1.0,1.0,0.0,18.0
1.0,4.0,0.0,2.0,93.0,0.0
1.0,98.0,0.0,1.0,0.0,0.0
3.0,97.0,0.0,0.0,0.0,0.0
1.0,97.0,0.0,2.0,0.0,0.0
1.0,99.0,0.0,0.0,0.0,0.0
2.0,97.0,0.0,1.0,0.0,0.0
3.0,1.0,0.0,1.0,95.0,0.0
1.0,97.0,0.0,2.0,0.0,0.0
1.0,57.0,3.0,1.0,0.0,0.0
1.0,98.0,1.0,0.0,0.0,0.0
1.0,96.0,0.0,3.0,0.0,0.0
1.0,4.0,92.0,0.0,0.0,0.0
1.0,27.0,0.0,1.0,71.0,0.0
1.0,99.0,0.0,0.0,0.0,0.0
1.0,99.0,0.0,0.0,0.0,0.0
1.0,0.0,33.0,3.0,0.0,0.0
2.0,33.0,14.0,0.0,0.0,0.0
1.0,98.0,1.0,0.0,0.0,0.0
1.0,99.0,0.0,0.0,0.0,0.0
1.0,97.0,0.0,2.0,0.0,0.0
1.0,97.0,1.0,1.0,0.0,0.0
1.0,0.0,1.0,1.0,0.0,89.0
1.0,0.0,0.0,0.0,0.0,0.0
1.0,0.0,35.0,1.0,0.0,0.0
1.0,0.0,33.0,1.0,0.0,0.0
1.0,17.0,6.0,1.0,0.0,0.0
1.0,96.0,0.0,3.0,0.0,0.0
1.0,0.0,0.0,0.0,0.0,0.0
1.0,18.0,0.0,1.0,80.0,0.0
1.0,98.0,1.0,0.0,0.0,0.0
1.0,97.0,0.0,2.0,0.0,0.0
2.0,97.0,0.0,1.0,0.0,0.0
1.0,0.0,0.0,0.0,0.0,0.0
1.0,98.0,0.0,1.0,0.0,0.0
1.0,77.0,0.0,1.0,21.0,0.0
1.0,1.0,41.0,0.0,0.0,0.0
1.0,48.0,6.0,0.0,0.0,0.0
2.0,98.0,0.0,0.0,0.0,0.0
1.0,97.0,1.0,1.0,0.0,0.0
1.0,99.0,0.0,0.0,0.0,0.0
1.0,0.0,27.0,1.0,0.0,0.0
1.0,98.0,0.0,1.0,0.0,0.0
2.0,97.0,0.0,1.0,0.0,0.0
1.0,98.0,1.0,0.0,0.0,0.0
2.0,97.0,0.0,1.0,0.0,0.0
1.0,97.0,1.0,1.0,0.0,0.0
3.0,89.0,8.0,0.0,0.0,0.0
2.0,97.0,1.0,0.0,0.0,0.0
1.0,97.0,0.0,2.0,0.0,0.0
1.0,0.0,21.0,1.0,0.0,0.0
2.0,26.0,53.0,0.0,0.0,0.0
2.0,95.0,0.0,3.0,0.0,0.0
1.0,41.0,0.0,1.0,57.0,0.0
2.0,96.0,0.0,2.0,0.0,0.0
1.0,99.0,0.0,0.0,0.0,0.0
1.0,76.0,22.0,1.0,0.0,0.0
1.0,0.0,0.0,0.0,0.0,0.0
1.0,98.0,0.0,1.0,0.0,0.0
2.0,0.0,1.0,1.0,0.0,3.0
2.0,97.0,1.0,0.0,0.0,0.0
1.0,99.0,0.0,0.0,0.0,0.0
2.0,15.0,14.0,0.0,0.0,0.0
1.0,97.0,2.0,0.0,0.0,0.0
3.0,0.0,59.0,1.0,0.0,0.0
1.0,96.0,0.0,3.0,0.0,0.0
2.0,97.0,0.0,1.0,0.0,0.0
1.0,98.0,1.0,0.0,0.0,0.0
2.0,97.0,0.0,1.0,0.0,0.0
1.0,98.0,0.0,1.0,0.0,0.0
1.0,0.0,1.0,1.0,0.0,64.0
2.0,97.0,0.0,1.0,0.0,0.0
2.0,98.0,0.0,0.0,0.0,0.0
1.0,61.0,0.0,1.0,37.0,0.0
1.0,0.0,2.0,1.0,0.0,2.0
1.0,97.0,0.0,2.0,0.0,0.0
1.0,98.0,1.0,0.0,0.0,0.0
3.0,0.0,1.0,1.0,0.0,60.0
2.0,96.0,1.0,1.0,0.0,0.0
3.0,96.0,0.0,1.0,0.0,0.0
1.0,97.0,1.0,1.0,0.0,0.0
1.0,96.0,2.0,1.0,0.0,0.0
1.0,98.0,0.0,1.0,0.0,0.0
2.0,0.0,1.0,2.0,0.0,24.0
1.0,95.0,1.0,3.0,0.0,0.0
1.0,98.0,0.0,1.0,0.0,0.0
1.0,0.0,31.0,1.0,0.0,0.0
2.0,97.0,1.0,0.0,0.0,0.0
1.0,98.0,0.0,1.0,0.0,0.0
5.0,11.0,0.0,2.0,82.0,0.0
1.0,0.0,89.0,1.0,0.0,0.0
1.0,0.0,1.0,2.0,0.0,30.0
1.0,97.0,0.0,2.0,0.0,0.0
2.0,98.0,0.0,0.0,0.0,0.0
1.0,99.0,0.0,0.0,0.0,0.0
1.0,99.0,0.0,0.0,0.0,0.0
1.0,46.0,0.0,1.0,52.0,0.0
1.0,0.0,3.0,1.0,0.0,0.0
2.0,97.0,0.0,1.0,0.0,0.0
1.0,0.0,14.0,1.0,0.0,0.0
1.0,98.0,1.0,0.0,0.0,0.0
2.0,61.0,0.0,1.0,36.0,0.0
2.0,98.0,0.0,0.0,0.0,0.0
2.0,45.0,0.0,1.0,52.0,0.0
1.0,27.0,72.0,0.0,0.0,0.0
1.0,1.0,0.0,2.0,96.0,0.0
1.0,98.0,0.0,1.0,0.0,0.0
1.0,98.0,0.0,1.0,0.0,0.0
3.0,19.0,0.0,1.0,77.0,0.0
1.0,97.0,1.0,1.0,0.0,0.0
1.0,0.0,2.0,1.0,0.0,0.0
2.0,91.0,7.0,0.0,0.0,0.0
2.0,35.0,0.0,1.0,62.0,0.0
1.0,78.0,0.0,1.0,20.0,0.0
1.0,98.0,0.0,1.0,0.0,0.0
1.0,98.0,1.0,0.0,0.0,0.0
1.0,23.0,0.0,3.0,73.0,0.0
1.0,98.0,0.0,1.0,0.0,0.0
1.0,98.0,1.0,0.0,0.0,0.0
1.0,96.0,2.0,1.0,0.0,0.0
3.0,4.0,21.0,0.0,0.0,0.0
1.0,98.0,0.0,1.0,0.0,0.0
1.0,0.0,6.0,2.0,0.0,0.0
1.0,40.0,12.0,0.0,0.0,0.0
1.0,0.0,27.0,1.0,0.0,0.0
1.0,98.0,0.0,1.0,0.0,0.0
1.0,98.0,1.0,0.0,0.0,0.0
1.0,11.0,13.0,0.0,0.0,0.0
2.0,98.0,0.0,0.0,0.0,0.0
1.0,96.0,1.0,2.0,0.0,0.0
1.0,97.0,0.0,2.0,0.0,0.0
1.0,98.0,1.0,0.0,0.0,0.0
1.0,98.0,1.0,0.0,0.0,0.0
3.0,0.0,1.0,1.0,0.0,28.0
1.0,98.0,0.0,1.0,0.0,0.0
1.0,0.0,1.0,0.0,0.0,0.0
1.0,98.0,0.0,1.0,0.0,0.0
1.0,98.0,0.0,1.0,0.0,0.0
1.0,95.0,0.0,4.0,0.0,0.0
1.0,98.0,1.0,0.0,0.0,0.0
1.0,98.0,1.0,0.0,0.0,0.0
1.0,98.0,0.0,1.0,0.0,0.0
2.0,98.0,0.0,0.0,0.0,0.0
1.0,0.0,18.0,1.0,0.0,0.0
1.0,96.0,0.0,3.0,0.0,0.0
2.0,0.0,1.0,1.0,0.0,60.0
4.0,0.0,4.0,2.0,0.0,0.0
2.0,97.0,1.0,0.0,0.0,0.0
2.0,28.0,5.0,1.0,0.0,0.0
2.0,97.0,1.0,0.0,0.0,0.0
1.0,98.0,1.0,0.0,0.0,0.0
1.0,0.0,0.0,0.0,0.0,0.0
1.0,16.0,5.0,0.0,0.0,0.0
1.0,98.0,1.0,0.0,0.0,0.0
1.0,0.0,20.0,2.0,0.0,0.0
2.0,98.0,0.0,0.0,0.0,0.0
1.0,99.0,0.0,0.0,0.0,0.0
2.0,96.0,1.0,1.0,0.0,0.0
1.0,96.0,1.0,2.0,0.0,0.0
1.0,97.0,0.0,2.0,0.0,0.0
1.0,98.0,0.0,1.0,0.0,0.0
1.0,1.0,8.0,0.0,0.0,0.0
2.0,30.0,66.0,2.0,0.0,0.0
1.0,98.0,0.0,1.0,0.0,0.0
1.0,0.0,1.0,1.0,0.0,97.0
1.0,0.0,1.0,1.0,0.0,54.0
2.0,98.0,0.0,0.0,0.0,0.0
2.0,0.0,39.0,1.0,0.0,0.0
1.0,98.0,0.0,1.0,0.0,0.0
1.0,44.0,0.0,1.0,54.0,0.0
1.0,0.0,1.0,1.0,0.0,0.0
2.0,46.0,24.0,1.0,0.0,0.0
1.0,99.0,0.0,0.0,0.0,0.0
2.0,96.0,0.0,2.0,0.0,0.0
1.0,98.0,0.0,1.0,0.0,0.0
2.0,97.0,0.0,1.0,0.0,0.0
1.0,98.0,0.0,1.0,0.0,0.0
1.0,60.0,38.0,1.0,0.0,0.0
2.0,98.0,0.0,0.0,0.0,0.0
1.0,99.0,0.0,0.0,0.0,0.0
3.0,29.0,7.0,2.0,0.0,0.0
2.0,93.0,0.0,5.0,0.0,0.0
1.0,99.0,0.0,0.0,0.0,0.0
1.0,0.0,1.0,1.0,0.0,97.0
2.0,97.0,0.0,1.0,0.0,0.0
1.0,98.0,1.0,0.0,0.0,0.0
1.0,0.0,20.0,1.0,0.0,0.0
1.0,97.0,1.0,1.0,0.0,0.0
1.0,99.0,0.0,0.0,0.0,0.0
2.0,0.0,9.0,1.0,0.0,0.0
2.0,94.0,1.0,3.0,0.0,0.0
3.0,97.0,0.0,0.0,0.0,0.0
2.0,97.0,1.0,0.0,0.0,0.0
1.0,88.0,11.0,0.0,0.0,0.0
3.0,95.0,0.0,2.0,0.0,0.0
1.0,0.0,1.0,2.0,0.0,88.0
2.0,98.0,0.0,0.0,0.0,0.0
1.0,98.0,0.0,1.0,0.0,0.0
1.0,98.0,0.0,1.0,0.0,0.0
1.0,97.0,1.0,1.0,0.0,0.0
3.0,96.0,0.0,1.0,0.0,0.0
1.0,98.0,1.0,0.0,0.0,0.0
1.0,99.0,0.0,0.0,0.0,0.0
3.0,97.0,0.0,0.0,0.0,0.0
2.0,95.0,1.0,2.0,0.0,0.0
1.0,98.0,0.0,1.0,0.0,0.0
1.0,73.0,0.0,1.0,25.0,0.0
1.0,99.0,0.0,0.0,0.0,0.0
2.0,97.0,0.0,1.0,0.0,0.0
1.0,14.0,18.0,4.0,0.0,0.0
1.0,0.0,87.0,2.0,0.0,0.0
1.0,69.0,30.0,0.0,0.0,0.0
1.0,98.0,1.0,0.0,0.0,0.0
2.0,8.0,15.0,0.0,0.0,0.0
2.0,11.0,26.0,0.0,0.0,0.0
1.0,96.0,0.0,3.0,0.0,0.0
2.0,53.0,44.0,0.0,0.0,0.0
1.0,97.0,2.0,0.0,0.0,0.0
1.0,28.0,44.0,2.0,0.0,0.0
1.0,97.0,0.0,2.0,0.0,0.0
1.0,0.0,2.0,2.0,0.0,40.0
1.0,75.0,0.0,1.0,23.0,0.0
1.0,98.0,0.0,1.0,0.0,0.0
1.0,97.0,1.0,1.0,0.0,0.0
1.0,98.0,0.0,1.0,0.0,0.0
1.0,28.0,0.0,1.0,70.0,0.0
2.0,98.0,0.0,0.0,0.0,0.0
1.0,73.0,0.0,2.0,24.0,0.0
1.0,98.0,0.0,1.0,0.0,0.0
1.0,67.0,10.0,1.0,0.0,0.0
3.0,96.0,0.0,1.0,0.0,0.0
1.0,98.0,0.0,1.0,0.0,0.0
1.0,12.0,86.0,1.0,0.0,0.0
1.0,94.0,1.0,4.0,0.0,0.0
1.0,16.0,23.0,0.0,0.0,0.0
1.0,97.0,0.0,2.0,0.0,0.0
1.0,87.0,0.0,3.0,9.0,0.0
1.0,27.0,71.0,1.0,0.0,0.0
3.0,92.0,0.0,5.0,0.0,0.0
1.0,98.0,1.0,0.0,0.0,0.0
5.0,94.0,0.0,1.0,0.0,0.0
1.0,99.0,0.0,0.0,0.0,0.0
2.0,44.0,0.0,2.0,52.0,0.0
1.0,97.0,0.0,2.0,0.0,0.0
1.0,0.0,40.0,1.0,0.0,0.0
2.0,98.0,0.0,0.0,0.0,0.0
1.0,98.0,0.0,1.0,0.0,0.0
1.0,99.0,0.0,0.0,0.0,0.0
1.0,98.0,1.0,0.0,0.0,0.0
3.0,96.0,1.0,0.0,0.0,0.0
1.0,99.0,0.0,0.0,0.0,0.0
3.0,0.0,77.0,2.0,0.0,0.0
3.0,95.0,1.0,1.0,0.0,0.0
1.0,0.0,29.0,1.0,0.0,0.0
1.0,0.0,14.0,1.0,0.0,0.0
1.0,98.0,0.0,1.0,0.0,0.0
1.0,58.0,4.0,0.0,0.0,0.0
2.0,15.0,16.0,0.0,0.0,0.0
2.0,98.0,0.0,0.0,0.0,0.0
1.0,15.0,84.0,0.0,0.0,0.0
3.0,95.0,1.0,1.0,0.0,0.0
1.0,0.0,82.0,1.0,0.0,0.0
2.0,96.0,0.0,2.0,0.0,0.0
1.0,0.0,40.0,1.0,0.0,0.0
1.0,99.0,0.0,0.0,0.0,0.0
1.0,99.0,0.0,0.0,0.0,0.0
1.0,99.0,0.0,0.0,0.0,0.0
1.0,98.0,0.0,1.0,0.0,0.0
1.0,0.0,3.0,1.0,0.0,0.0
2.0,57.0,18.0,0.0,0.0,0.0
2.0,97.0,0.0,1.0,0.0,0.0
1.0,98.0,1.0,0.0,0.0,0.0
1.0,1.0,8.0,0.0,0.0,0.0
1.0,97.0,1.0,1.0,0.0,0.0
1.0,99.0,0.0,0.0,0.0,0.0
1.0,38.0,3.0,0.0,0.0,0.0
3.0,18.0,0.0,2.0,77.0,0.0
2.0,83.0,15.0,0.0,0.0,0.0
1.0,17.0,39.0,0.0,0.0,0.0
1.0,66.0,26.0,1.0,0.0,0.0
1.0,63.0,22.0,0.0,0.0,0.0
2.0,0.0,0.0,0.0,0.0,0.0
1.0,0.0,2.0,3.0,0.0,94.0
1.0,33.0,13.0,0.0,0.0,0.0
1.0,97.0,2.0,0.0,0.0,0.0
1.0,1.0,0.0,2.0,96.0,0.0
1.0,1.0,32.0,0.0,0.0,0.0
1.0,97.0,0.0,2.0,0.0,0.0
1.0,0.0,50.0,2.0,0.0,0.0
1.0,0.0,0.0,0.0,0.0,0.0
4.0,95.0,0.0,1.0,0.0,0.0
2.0,9.0,31.0,0.0,0.0,0.0
1.0,96.0,0.0,3.0,0.0,0.0
1.0,0.0,1.0,1.0,0.0,97.0
2.0,0.0,97.0,1.0,0.0,0.0
1.0,92.0,0.0,1.0,6.0,0.0
1.0,98.0,0.0,1.0,0.0,0.0
1.0,97.0,1.0,1.0,0.0,0.0
2.0,0.0,6.0,3.0,0.0,0.0
1.0,72.0,0.0,1.0,26.0,0.0
1.0,0.0,97.0,1.0,0.0,0.0
1.0,0.0,0.0,0.0,0.0,0.0
1.0,98.0,1.0,0.0,0.0,0.0
1.0,98.0,1.0,0.0,0.0,0.0
1.0,0.0,10.0,2.0,0.0,0.0
1.0,0.0,23.0,1.0,0.0,0.0
1.0,98.0,0.0,1.0,0.0,0.0
1.0,98.0,1.0,0.0,0.0,0.0
1.0,98.0,1.0,0.0,0.0,0.0
2.0,94.0,1.0,3.0,0.0,0.0
1.0,98.0,1.0,0.0,0.0,0.0
1.0,0.0,1.0,3.0,0.0,58.0
1.0,98.0,0.0,1.0,0.0,0.0
3.0,96.0,0.0,1.0,0.0,0.0
1.0,17.0,0.0,1.0,81.0,0.0
2.0,98.0,0.0,0.0,0.0,0.0
1.0,86.0,13.0,0.0,0.0,0.0
1.0,0.0,23.0,3.0,0.0,0.0
2.0,7.0,88.0,3.0,0.0,0.0
1.0,19.0,12.0,0.0,0.0,0.0
1.0,0.0,7.0,3.0,0.0,0.0
1.0,0.0,1.0,3.0,0.0,6.0
2.0,22.0,18.0,0.0,0.0,0.0
1.0,0.0,1.0,3.0,0.0,60.0
2.0,97.0,0.0,1.0,0.0,0.0
1.0,98.0,0.0,1.0,0.0,0.0
2.0,58.0,13.0,0.0,0.0,0.0
1.0,65.0,32.0,0.0,0.0,0.0
2.0,96.0,1.0,1.0,0.0,0.0
1.0,96.0,3.0,0.0,0.0,0.0
1.0,99.0,0.0,0.0,0.0,0.0
2.0,97.0,1.0,0.0,0.0,0.0
1.0,66.0,31.0,1.0,0.0,0.0
1.0,98.0,0.0,1.0,0.0,0.0
1.0,70.0,29.0,0.0,0.0,0.0
1.0,54.0,45.0,0.0,0.0,0.0
3.0,95.0,1.0,1.0,0.0,0.0
1.0,1.0,0.0,1.0,97.0,0.0
1.0,99.0,0.0,0.0,0.0,0.0
2.0,95.0,1.0,2.0,0.0,0.0
1.0,95.0,0.0,4.0,0.0,0.0
1.0,0.0,17.0,1.0,0.0,0.0
1.0,99.0,0.0,0.0,0.0,0.0
1.0,91.0,5.0,0.0,0.0,0.0
1.0,98.0,1.0,0.0,0.0,0.0
2.0,0.0,0.0,0.0,0.0,0.0
1.0,97.0,1.0,1.0,0.0,0.0
1.0,99.0,0.0,0.0,0.0,0.0
2.0,28.0,69.0,1.0,0.0,0.0
2.0,98.0,0.0,0.0,0.0,0.0
1.0,0.0,21.0,1.0,0.0,0.0
1.0,99.0,0.0,0.0,0.0,0.0
1.0,99.0,0.0,0.0,0.0,0.0
2.0,10.0,0.0,3.0,85.0,0.0
1.0,98.0,0.0,1.0,0.0,0.0
1.0,0.0,0.0,0.0,0.0,0.0
3.0,97.0,0.0,0.0,0.0,0.0
2.0,98.0,0.0,0.0,0.0,0.0
1.0,65.0,0.0,2.0,32.0,0.0
1.0,98.0,1.0,0.0,0.0,0.0
2.0,98.0,0.0,0.0,0.0,0.0
2.0,98.0,0.0,0.0,0.0,0.0
1.0,99.0,0.0,0.0,0.0,0.0
1.0,29.0,70.0,0.0,0.0,0.0
1.0,0.0,1.0,1.0,0.0,66.0
1.0,53.0,23.0,0.0,0.0,0.0
1.0,96.0,1.0,2.0,0.0,0.0
1.0,98.0,0.0,1.0,0.0,0.0
1.0,6.0,0.0,4.0,89.0,0.0
3.0,97.0,0.0,0.0,0.0,0.0
1.0,9.0,16.0,0.0,0.0,0.0
1.0,0.0,1.0,0.0,0.0,0.0
1.0,98.0,1.0,0.0,0.0,0.0
1.0,96.0,1.0,2.0,0.0,0.0
1.0,99.0,0.0,0.0,0.0,0.0
1.0,0.0,98.0,1.0,0.0,0.0
3.0,9.0,0.0,1.0,87.0,0.0
1.0,97.0,0.0,2.0,0.0,0.0
1.0,98.0,1.0,0.0,0.0,0.0
2.0,57.0,30.0,0.0,0.0,0.0
1.0,98.0,1.0,0.0,0.0,0.0
1.0,98.0,1.0,0.0,0.0,0.0
1.0,98.0,0.0,1.0,0.0,0.0
1.0,95.0,1.0,3.0,0.0,0.0
1.0,98.0,1.0,0.0,0.0,0.0
1.0,99.0,0.0,0.0,0.0,0.0
1.0,98.0,1.0,0.0,0.0,0.0
1.0,0.0,24.0,2.0,0.0,0.0
1.0,0.0,0.0,0.0,0.0,0.0
1.0,96.0,0.0,3.0,0.0,0.0
4.0,94.0,0.0,2.0,0.0,0.0
1.0,98.0,0.0,1.0,0.0,0.0
1.0,96.0,0.0,3.0,0.0,0.0
2.0,98.0,0.0,0.0,0.0,0.0
1.0,99.0,0.0,0.0,0.0,0.0
4.0,96.0,0.0,0.0,0.0,0.0
1.0,25.0,5.0,0.0,0.0,0.0
1.0,97.0,0.0,2.0,0.0,0.0
1.0,79.0,18.0,2.0,0.0,0.0
1.0,0.0,32.0,2.0,0.0,0.0
1.0,98.0,1.0,0.0,0.0,0.0
1.0,0.0,1.0,1.0,0.0,97.0
1.0,52.0,47.0,0.0,0.0,0.0
1.0,98.0,1.0,0.0,0.0,0.0
1.0,97.0,1.0,1.0,0.0,0.0
1.0,97.0,0.0,2.0,0.0,0.0
1.0,97.0,1.0,1.0,0.0,0.0
1.0,98.0,1.0,0.0,0.0,0.0
1.0,98.0,0.0,1.0,0.0,0.0
1.0,98.0,0.0,1.0,0.0,0.0
1.0,67.0,31.0,1.0,0.0,0.0
1.0,97.0,1.0,1.0,0.0,0.0
3.0,26.0,24.0,3.0,0.0,0.0
1.0,98.0,0.0,1.0,0.0,0.0
3.0,95.0,2.0,0.0,0.0,0.0
2.0,0.0,12.0,1.0,0.0,0.0
1.0,98.0,1.0,0.0,0.0,0.0
1.0,98.0,1.0,0.0,0.0,0.0
3.0,17.0,0.0,1.0,79.0,0.0
1.0,97.0,0.0,2.0,0.0,0.0
1.0,0.0,10.0,1.0,0.0,0.0
1.0,98.0,0.0,1.0,0.0,0.0
1.0,29.0,32.0,0.0,0.0,0.0
1.0,99.0,0.0,0.0,0.0,0.0
1.0,0.0,0.0,0.0,0.0,0.0
1.0,99.0,0.0,0.0,0.0,0.0
1.0,75.0,23.0,1.0,0.0,0.0
1.0,71.0,27.0,1.0,0.0,0.0
1.0,96.0,1.0,2.0,0.0,0.0
3.0,0.0,21.0,2.0,0.0,0.0
1.0,14.0,0.0,1.0,84.0,0.0
1.0,99.0,0.0,0.0,0.0,0.0
1.0,0.0,36.0,2.0,0.0,0.0
4.0,40.0,40.0,0.0,0.0,0.0
1.0,97.0,0.0,2.0,0.0,0.0
3.0,13.0,78.0,1.0,0.0,0.0
3.0,96.0,0.0,1.0,0.0,0.0
4.0,95.0,1.0,0.0,0.0,0.0
1.0,98.0,0.0,1.0,0.0,0.0
1.0,0.0,10.0,1.0,0.0,0.0
1.0,0.0,0.0,0.0,0.0,0.0
2.0,98.0,0.0,0.0,0.0,0.0
1.0,98.0,1.0,0.0,0.0,0.0
1.0,99.0,0.0,0.0,0.0,0.0
1.0,97.0,1.0,1.0,0.0,0.0
2.0,96.0,1.0,1.0,0.0,0.0
1.0,60.0,30.0,1.0,0.0,0.0
1.0,97.0,1.0,1.0,0.0,0.0
1.0,34.0,57.0,0.0,0.0,0.0
1.0,98.0,1.0,0.0,0.0,0.0
1.0,0.0,5.0,1.0,0.0,0.0
3.0,97.0,0.0,0.0,0.0,0.0
1.0,0.0,35.0,1.0,0.0,0.0
1.0,98.0,1.0,0.0,0.0,0.0
1.0,6.0,0.0,1.0,92.0,0.0
1.0,79.0,18.0,2.0,0.0,0.0
1.0,95.0,0.0,4.0,0.0,0.0
1.0,99.0,0.0,0.0,0.0,0.0
1.0,98.0,1.0,0.0,0.0,0.0
5.0,94.0,0.0,1.0,0.0,0.0
2.0,98.0,0.0,0.0,0.0,0.0
1.0,98.0,0.0,1.0,0.0,0.0
1.0,98.0,1.0,0.0,0.0,0.0
1.0,97.0,1.0,1.0,0.0,0.0
1.0,98.0,0.0,1.0,0.0,0.0
1.0,98.0,1.0,0.0,0.0,0.0
1.0,98.0,1.0,0.0,0.0,0.0
1.0,98.0,1.0,0.0,0.0,0.0
1.0,98.0,1.0,0.0,0.0,0.0
1.0,95.0,1.0,3.0,0.0,0.0
1.0,30.0,36.0,0.0,0.0,0.0
1.0,0.0,15.0,1.0,0.0,0.0
1.0,99.0,0.0,0.0,0.0,0.0
1.0,0.0,34.0,4.0,0.0,0.0
1.0,53.0,14.0,0.0,0.0,0.0
3.0,0.0,9.0,1.0,0.0,0.0
1.0,98.0,0.0,1.0,0.0,0.0
2.0,97.0,1.0,0.0,0.0,0.0
1.0,98.0,1.0,0.0,0.0,0.0
1.0,17.0,0.0,1.0,81.0,0.0
2.0,98.0,0.0,0.0,0.0,0.0
1.0,48.0,50.0,1.0,0.0,0.0
4.0,92.0,0.0,1.0,3.0,0.0
2.0,98.0,0.0,0.0,0.0,0.0
1.0,99.0,0.0,0.0,0.0,0.0
1.0,0.0,49.0,1.0,0.0,0.0
1.0,99.0,0.0,0.0,0.0,0.0
2.0,96.0,1.0,1.0,0.0,0.0
2.0,58.0,16.0,0.0,0.0,0.0
1.0,99.0,0.0,0.0,0.0,0.0
1.0,0.0,2.0,2.0,0.0,1.0
1.0,98.0,1.0,0.0,0.0,0.0
1.0,99.0,0.0,0.0,0.0,0.0
1.0,0.0,1.0,2.0,0.0,96.0
1.0,97.0,0.0,2.0,0.0,0.0
2.0,97.0,0.0,1.0,0.0,0.0
1.0,96.0,1.0,2.0,0.0,0.0
1.0,0.0,0.0,0.0,0.0,0.0
1.0,98.0,0.0,1.0,0.0,0.0
1.0,0.0,6.0,1.0,0.0,0.0
1.0,99.0,0.0,0.0,0.0,0.0
2.0,11.0,0.0,4.0,83.0,0.0
1.0,99.0,0.0,0.0,0.0,0.0
1.0,0.0,0.0,0.0,0.0,0.0
1.0,0.0,63.0,1.0,0.0,0.0
1.0,98.0,0.0,1.0,0.0,0.0
1.0,95.0,1.0,3.0,0.0,0.0
2.0,98.0,0.0,0.0,0.0,0.0
1.0,97.0,1.0,1.0,0.0,0.0
1.0,99.0,0.0,0.0,0.0,0.0
1.0,97.0,0.0,2.0,0.0,0.0
1.0,99.0,0.0,0.0,0.0,0.0
1.0,98.0,0.0,1.0,0.0,0.0
3.0,0.0,61.0,1.0,0.0,0.0
3.0,97.0,0.0,0.0,0.0,0.0
1.0,0.0,0.0,0.0,0.0,0.0
1.0,98.0,1.0,0.0,0.0,0.0
2.0,98.0,0.0,0.0,0.0,0.0
1.0,0.0,2.0,1.0,0.0,0.0
1.0,87.0,10.0,2.0,0.0,0.0
1.0,96.0,1.0,2.0,0.0,0.0
1.0,98.0,0.0,1.0,0.0,0.0
1.0,82.0,0.0,2.0,15.0,0.0
2.0,0.0,47.0,3.0,0.0,0.0
1.0,21.0,3.0,0.0,0.0,0.0
1.0,99.0,0.0,0.0,0.0,0.0
1.0,98.0,1.0,0.0,0.0,0.0
1.0,97.0,2.0,0.0,0.0,0.0
1.0,99.0,0.0,0.0,0.0,0.0
1.0,0.0,49.0,2.0,0.0,0.0
1.0,99.0,0.0,0.0,0.0,0.0
2.0,98.0,0.0,0.0,0.0,0.0
1.0,0.0,0.0,0.0,0.0,0.0
1.0,98.0,0.0,1.0,0.0,0.0
1.0,98.0,1.0,0.0,0.0,0.0
2.0,59.0,38.0,1.0,0.0,0.0
1.0,98.0,1.0,0.0,0.0,0.0
1.0,94.0,0.0,5.0,0.0,0.0
1.0,59.0,0.0,1.0,39.0,0.0
1.0,56.0,0.0,1.0,42.0,0.0
2.0,94.0,2.0,2.0,0.0,0.0
2.0,97.0,1.0,0.0,0.0,0.0
1.0,99.0,0.0,0.0,0.0,0.0
1.0,97.0,1.0,1.0,0.0,0.0
2.0,98.0,0.0,0.0,0.0,0.0
1.0,98.0,1.0,0.0,0.0,0.0
1.0,0.0,36.0,1.0,0.0,0.0
1.0,1.0,23.0,1.0,0.0,0.0
1.0,34.0,64.0,1.0,0.0,0.0
2.0,0.0,17.0,3.0,0.0,0.0
1.0,0.0,1.0,1.0,0.0,97.0
3.0,0.0,53.0,2.0,0.0,0.0
2.0,98.0,0.0,0.0,0.0,0.0
2.0,97.0,1.0,0.0,0.0,0.0
1.0,0.0,53.0,1.0,0.0,0.0
1.0,99.0,0.0,0.0,0.0,0.0
1.0,97.0,2.0,0.0,0.0,0.0
1.0,98.0,1.0,0.0,0.0,0.0
2.0,11.0,39.0,0.0,0.0,0.0
1.0,97.0,1.0,1.0,0.0,0.0
2.0,0.0,97.0,1.0,0.0,0.0
1.0,98.0,0.0,1.0,0.0,0.0
2.0,97.0,0.0,1.0,0.0,0.0
2.0,98.0,0.0,0.0,0.0,0.0
1.0,98.0,0.0,1.0,0.0,0.0
1.0,52.0,0.0,3.0,44.0,0.0
1.0,88.0,0.0,1.0,10.0,0.0
2.0,0.0,55.0,1.0,0.0,0.0
1.0,0.0,1.0,2.0,0.0,10.0
2.0,29.0,31.0,0.0,0.0,0.0
1.0,95.0,1.0,3.0,0.0,0.0
1.0,99.0,0.0,0.0,0.0,0.0
1.0,99.0,0.0,0.0,0.0,0.0
1.0,97.0,1.0,1.0,0.0,0.0
2.0,97.0,0.0,1.0,0.0,0.0
1.0,97.0,0.0,2.0,0.0,0.0
1.0,98.0,0.0,1.0,0.0,0.0
4.0,95.0,1.0,0.0,0.0,0.0
1.0,99.0,0.0,0.0,0.0,0.0
1.0,28.0,0.0,1.0,70.0,0.0
2.0,94.0,0.0,4.0,0.0,0.0
1.0,98.0,0.0,1.0,0.0,0.0
1.0,98.0,0.0,1.0,0.0,0.0
3.0,33.0,14.0,0.0,0.0,0.0
3.0,60.0,0.0,1.0,36.0,0.0
2.0,0.0,4.0,1.0,0.0,0.0
1.0,54.0,0.0,3.0,42.0,0.0
1.0,98.0,1.0,0.0,0.0,0.0
1.0,98.0,0.0,1.0,0.0,0.0
2.0,97.0,1.0,0.0,0.0,0.0
1.0,38.0,14.0,0.0,0.0,0.0
1.0,97.0,0.0,2.0,0.0,0.0
2.0,97.0,0.0,1.0,0.0,0.0
1.0,99.0,0.0,0.0,0.0,0.0
2.0,96.0,0.0,2.0,0.0,0.0
3.0,95.0,2.0,0.0,0.0,0.0
1.0,98.0,0.0,1.0,0.0,0.0
1.0,99.0,0.0,0.0,0.0,0.0
1.0,98.0,1.0,0.0,0.0,0.0
1.0,22.0,1.0,0.0,0.0,0.0
2.0,93.0,1.0,4.0,0.0,0.0
1.0,98.0,0.0,1.0,0.0,0.0
4.0,95.0,0.0,1.0,0.0,0.0
1.0,98.0,0.0,1.0,0.0,0.0
2.0,98.0,0.0,0.0,0.0,0.0
1.0,96.0,1.0,2.0,0.0,0.0
1.0,0.0,34.0,1.0,0.0,0.0
1.0,0.0,0.0,0.0,0.0,0.0
1.0,98.0,0.0,1.0,0.0,0.0
1.0,58.0,0.0,1.0,40.0,0.0
1.0,99.0,0.0,0.0,0.0,0.0
2.0,15.0,0.0,2.0,81.0,0.0
1.0,98.0,1.0,0.0,0.0,0.0
1.0,0.0,97.0,2.0,0.0,0.0
1.0,98.0,1.0,0.0,0.0,0.0
1.0,0.0,1.0,2.0,0.0,9.0
2.0,97.0,0.0,1.0,0.0,0.0
1.0,99.0,0.0,0.0,0.0,0.0
2.0,98.0,0.0,0.0,0.0,0.0
1.0,2.0,10.0,0.0,0.0,0.0
3.0,94.0,0.0,3.0,0.0,0.0
1.0,98.0,0.0,1.0,0.0,0.0
1.0,99.0,0.0,0.0,0.0,0.0
1.0,98.0,1.0,0.0,0.0,0.0
1.0,99.0,0.0,0.0,0.0,0.0
1.0,97.0,0.0,2.0,0.0,0.0
1.0,98.0,1.0,0.0,0.0,0.0
1.0,97.0,0.0,2.0,0.0,0.0
2.0,96.0,1.0,1.0,0.0,0.0
1.0,98.0,0.0,1.0,0.0,0.0
1.0,0.0,87.0,1.0,0.0,0.0
3.0,0.0,24.0,1.0,0.0,0.0
1.0,0.0,0.0,0.0,0.0,0.0
2.0,97.0,0.0,1.0,0.0,0.0
1.0,17.0,16.0,1.0,0.0,0.0
1.0,98.0,0.0,1.0,0.0,0.0
1.0,80.0,19.0,0.0,0.0,0.0
1.0,99.0,0.0,0.0,0.0,0.0
1.0,98.0,1.0,0.0,0.0,0.0
1.0,0.0,0.0,0.0,0.0,0.0
1.0,99.0,0.0,0.0,0.0,0.0
1.0,0.0,14.0,3.0,0.0,0.0
1.0,98.0,0.0,1.0,0.0,0.0
1.0,99.0,0.0,0.0,0.0,0.0
1.0,98.0,0.0,1.0,0.0,0.0
1.0,99.0,0.0,0.0,0.0,0.0
3.0,97.0,0.0,0.0,0.0,0.0
1.0,0.0,49.0,3.0,0.0,0.0
2.0,0.0,8.0,1.0,0.0,0.0
1.0,99.0,0.0,0.0,0.0,0.0
2.0,96.0,1.0,1.0,0.0,0.0
2.0,97.0,0.0,1.0,0.0,0.0
2.0,98.0,0.0,0.0,0.0,0.0
2.0,97.0,1.0,0.0,0.0,0.0
1.0,90.0,9.0,0.0,0.0,0.0
2.0,97.0,0.0,1.0,0.0,0.0
1.0,99.0,0.0,0.0,0.0,0.0
1.0,53.0,10.0,0.0,0.0,0.0
1.0,98.0,1.0,0.0,0.0,0.0
1.0,92.0,6.0,1.0,0.0,0.0
1.0,82.0,16.0,1.0,0.0,0.0
1.0,98.0,0.0,1.0,0.0,0.0
1.0,99.0,0.0,0.0,0.0,0.0
1.0,99.0,0.0,0.0,0.0,0.0
1.0,0.0,1.0,1.0,0.0,20.0
1.0,0.0,11.0,3.0,0.0,0.0
1.0,99.0,0.0,0.0,0.0,0.0
1.0,0.0,1.0,1.0,0.0,0.0
1.0,47.0,13.0,0.0,0.0,0.0
1.0,0.0,29.0,1.0,0.0,0.0
1.0,10.0,16.0,0.0,0.0,0.0
1.0,0.0,89.0,1.0,0.0,0.0
1.0,98.0,0.0,1.0,0.0,0.0
1.0,0.0,1.0,1.0,0.0,19.0
1.0,0.0,49.0,1.0,0.0,0.0
1.0,24.0,0.0,1.0,74.0,0.0
1.0,97.0,0.0,2.0,0.0,0.0
3.0,40.0,0.0,1.0,56.0,0.0
1.0,0.0,19.0,1.0,0.0,0.0
1.0,56.0,42.0,1.0,0.0,0.0
1.0,97.0,0.0,2.0,0.0,0.0
2.0,95.0,0.0,3.0,0.0,0.0
2.0,0.0,1.0,1.0,0.0,3.0
1.0,98.0,0.0,1.0,0.0,0.0
4.0,94.0,0.0,2.0,0.0,0.0
3.0,96.0,1.0,0.0,0.0,0.0
2.0,0.0,52.0,3.0,0.0,0.0
1.0,54.0,0.0,2.0,43.0,0.0
1.0,98.0,0.0,1.0,0.0,0.0
2.0,97.0,1.0,0.0,0.0,0.0
2.0,96.0,0.0,2.0,0.0,0.0
1.0,35.0,0.0,2.0,62.0,0.0
2.0,98.0,0.0,0.0,0.0,0.0
1.0,1.0,35.0,5.0,0.0,0.0
1.0,98.0,0.0,1.0,0.0,0.0
1.0,96.0,1.0,2.0,0.0,0.0
1.0,99.0,0.0,0.0,0.0,0.0
1.0,0.0,26.0,1.0,0.0,0.0
3.0,22.0,0.0,1.0,74.0,0.0
2.0,97.0,0.0,1.0,0.0,0.0
6.0,94.0,0.0,0.0,0.0,0.0
1.0,98.0,0.0,1.0,0.0,0.0
2.0,98.0,0.0,0.0,0.0,0.0
1.0,98.0,1.0,0.0,0.0,0.0
3.0,0.0,1.0,1.0,0.0,32.0
1.0,9.0,43.0,0.0,0.0,0.0
1.0,97.0,2.0,0.0,0.0,0.0
2.0,98.0,0.0,0.0,0.0,0.0
1.0,0.0,0.0,0.0,0.0,0.0
3.0,93.0,0.0,4.0,0.0,0.0
1.0,3.0,0.0,3.0,93.0,0.0
1.0,98.0,1.0,0.0,0.0,0.0
1.0,0.0,1.0,2.0,0.0,96.0
2.0,50.0,0.0,2.0,46.0,0.0
1.0,99.0,0.0,0.0,0.0,0.0
2.0,0.0,1.0,3.0,0.0,15.0
1.0,0.0,1.0,1.0,0.0,10.0
1.0,90.0,0.0,3.0,6.0,0.0
2.0,63.0,0.0,1.0,34.0,0.0
2.0,97.0,0.0,1.0,0.0,0.0
1.0,98.0,0.0,1.0,0.0,0.0
1.0,97.0,0.0,2.0,0.0,0.0
2.0,98.0,0.0,0.0,0.0,0.0
2.0,0.0,12.0,1.0,0.0,0.0
3.0,97.0,0.0,0.0,0.0,0.0
1.0,0.0,53.0,1.0,0.0,0.0
3.0,96.0,1.0,0.0,0.0,0.0
3.0,0.0,30.0,3.0,0.0,0.0
2.0,97.0,0.0,1.0,0.0,0.0
1.0,0.0,98.0,1.0,0.0,0.0
3.0,0.0,49.0,1.0,0.0,0.0
3.0,95.0,1.0,1.0,0.0,0.0
1.0,99.0,0.0,0.0,0.0,0.0
1.0,99.0,0.0,0.0,0.0,0.0
1.0,0.0,0.0,0.0,0.0,0.0
2.0,76.0,0.0,2.0,20.0,0.0
1.0,96.0,1.0,2.0,0.0,0.0
1.0,0.0,76.0,2.0,0.0,0.0
1.0,97.0,0.0,2.0,0.0,0.0
1.0,97.0,0.0,2.0,0.0,0.0
1.0,0.0,13.0,1.0,0.0,0.0
2.0,0.0,1.0,1.0,0.0,14.0
1.0,96.0,1.0,2.0,0.0,0.0
1.0,0.0,0.0,1.0,0.0,0.0
1.0,97.0,1.0,1.0,0.0,0.0
1.0,99.0,0.0,0.0,0.0,0.0
2.0,0.0,94.0,4.0,0.0,0.0
1.0,0.0,98.0,1.0,0.0,0.0
1.0,99.0,0.0,0.0,0.0,0.0
2.0,96.0,1.0,1.0,0.0,0.0
1.0,0.0,5.0,2.0,0.0,0.0
1.0,99.0,0.0,0.0,0.0,0.0
1.0,99.0,0.0,0.0,0.0,0.0
2.0,98.0,0.0,0.0,0.0,0.0
1.0,99.0,0.0,0.0,0.0,0.0
1.0,98.0,1.0,0.0,0.0,0.0
1.0,60.0,2.0,0.0,0.0,0.0
1.0,0.0,8.0,1.0,0.0,0.0
1.0,21.0,0.0,2.0,76.0,0.0
1.0,0.0,5.0,1.0,0.0,0.0
1.0,98.0,0.0,1.0,0.0,0.0
3.0,96.0,1.0,0.0,0.0,0.0
3.0,16.0,81.0,0.0,0.0,0.0
2.0,97.0,0.0,1.0,0.0,0.0
1.0,98.0,0.0,1.0,0.0,0.0
1.0,98.0,0.0,1.0,0.0,0.0
1.0,97.0,1.0,1.0,0.0,0.0
3.0,97.0,0.0,0.0,0.0,0.0
1.0,45.0,0.0,1.0,53.0,0.0
1.0,98.0,0.0,1.0,0.0,0.0
3.0,97.0,0.0,0.0,0.0,0.0
1.0,4.0,0.0,1.0,94.0,0.0
3.0,96.0,1.0,0.0,0.0,0.0
1.0,99.0,0.0,0.0,0.0,0.0
1.0,99.0,0.0,0.0,0.0,0.0
1.0,98.0,0.0,1.0,0.0,0.0
1.0,50.0,0.0,1.0,48.0,0.0
1.0,99.0,0.0,0.0,0.0,0.0
1.0,98.0,1.0,0.0,0.0,0.0
2.0,96.0,0.0,2.0,0.0,0.0
1.0,93.0,0.0,6.0,0.0,0.0
1.0,98.0,1.0,0.0,0.0,0.0
1.0,98.0,0.0,1.0,0.0,0.0
2.0,96.0,0.0,2.0,0.0,0.0
3.0,96.0,0.0,1.0,0.0,0.0
2.0,25.0,0.0,1.0,72.0,0.0
3.0,15.0,5.0,4.0,0.0,0.0
1.0,98.0,0.0,1.0,0.0,0.0
1.0,99.0,0.0,0.0,0.0,0.0
1.0,0.0,0.0,0.0,0.0,0.0
1.0,10.0,0.0,1.0,88.0,0.0
2.0,0.0,1.0,2.0,0.0,75.0
1.0,98.0,0.0,1.0,0.0,0.0
1.0,97.0,0.0,2.0,0.0,0.0
1.0,98.0,1.0,0.0,0.0,0.0
1.0,97.0,0.0,2.0,0.0,0.0
1.0,95.0,0.0,4.0,0.0,0.0
6.0,0.0,1.0,1.0,0.0,72.0
2.0,98.0,0.0,0.0,0.0,0.0
1.0,0.0,80.0,5.0,0.0,0.0
1.0,98.0,0.0,1.0,0.0,0.0
1.0,0.0,51.0,2.0,0.0,0.0
2.0,97.0,0.0,1.0,0.0,0.0
4.0,96.0,0.0,0.0,0.0,0.0
1.0,98.0,0.0,1.0,0.0,0.0
3.0,0.0,72.0,1.0,0.0,0.0
2.0,98.0,0.0,0.0,0.0,0.0
1.0,99.0,0.0,0.0,0.0,0.0
1.0,97.0,1.0,1.0,0.0,0.0
1.0,98.0,0.0,1.0,0.0,0.0
1.0,0.0,25.0,1.0,0.0,0.0
1.0,99.0,0.0,0.0,0.0,0.0
1.0,97.0,1.0,1.0,0.0,0.0
1.0,99.0,0.0,0.0,0.0,0.0
2.0,95.0,0.0,3.0,0.0,0.0
1.0,98.0,0.0,1.0,0.0,0.0
2.0,49.0,11.0,0.0,0.0,0.0
1.0,97.0,1.0,1.0,0.0,0.0
1.0,99.0,0.0,0.0,0.0,0.0
1.0,0.0,28.0,3.0,0.0,0.0
1.0,98.0,1.0,0.0,0.0,0.0
1.0,96.0,1.0,2.0,0.0,0.0
3.0,96.0,1.0,0.0,0.0,0.0
1.0,0.0,69.0,1.0,0.0,0.0
1.0,98.0,0.0,1.0,0.0,0.0
1.0,7.0,0.0,1.0,91.0,0.0
1.0,0.0,0.0,0.0,0.0,0.0
1.0,98.0,0.0,1.0,0.0,0.0
1.0,57.0,42.0,0.0,0.0,0.0
1.0,93.0,0.0,6.0,0.0,0.0
1.0,98.0,0.0,1.0,0.0,0.0
2.0,0.0,97.0,1.0,0.0,0.0
1.0,0.0,1.0,0.0,0.0,0.0
1.0,97.0,0.0,2.0,0.0,0.0
1.0,97.0,0.0,2.0,0.0,0.0
1.0,0.0,0.0,1.0,0.0,0.0
1.0,0.0,91.0,3.0,0.0,0.0
4.0,0.0,17.0,1.0,0.0,0.0
1.0,98.0,0.0,1.0,0.0,0.0
1.0,97.0,0.0,2.0,0.0,0.0
1.0,56.0,41.0,2.0,0.0,0.0
1.0,96.0,0.0,3.0,0.0,0.0
1.0,97.0,0.0,2.0,0.0,0.0
2.0,97.0,0.0,1.0,0.0,0.0
1.0,97.0,1.0,1.0,0.0,0.0
1.0,98.0,1.0,0.0,0.0,0.0
2.0,98.0,0.0,0.0,0.0,0.0
2.0,98.0,0.0,0.0,0.0,0.0
1.0,98.0,1.0,0.0,0.0,0.0
2.0,97.0,0.0,1.0,0.0,0.0
2.0,97.0,1.0,0.0,0.0,0.0
1.0,98.0,0.0,1.0,0.0,0.0
1.0,0.0,0.0,0.0,0.0,0.0
1.0,97.0,1.0,1.0,0.0,0.0
2.0,68.0,28.0,2.0,0.0,0.0
2.0,96.0,0.0,2.0,0.0,0.0
1.0,98.0,0.0,1.0,0.0,0.0
1.0,0.0,14.0,1.0,0.0,0.0
1.0,0.0,15.0,1.0,0.0,0.0
1.0,98.0,0.0,1.0,0.0,0.0
1.0,99.0,0.0,0.0,0.0,0.0
2.0,72.0,25.0,1.0,0.0,0.0
1.0,97.0,1.0,1.0,0.0,0.0
1.0,98.0,0.0,1.0,0.0,0.0
6.0,94.0,0.0,0.0,0.0,0.0
1.0,98.0,1.0,0.0,0.0,0.0
1.0,98.0,0.0,1.0,0.0,0.0
4.0,4.0,3.0,0.0,0.0,0.0
5.0,91.0,0.0,4.0,0.0,0.0
3.0,97.0,0.0,0.0,0.0,0.0
1.0,97.0,0.0,2.0,0.0,0.0
4.0,92.0,1.0,3.0,0.0,0.0
1.0,98.0,0.0,1.0,0.0,0.0
1.0,97.0,1.0,1.0,0.0,0.0
1.0,0.0,1.0,2.0,0.0,96.0
1.0,99.0,0.0,0.0,0.0,0.0
1.0,97.0,2.0,0.0,0.0,0.0
1.0,99.0,0.0,0.0,0.0,0.0
1.0,97.0,0.0,2.0,0.0,0.0
1.0,99.0,0.0,0.0,0.0,0.0
1.0,98.0,1.0,0.0,0.0,0.0
1.0,97.0,2.0,0.0,0.0,0.0
1.0,0.0,98.0,1.0,0.0,0.0
1.0,97.0,1.0,1.0,0.0,0.0
2.0,98.0,0.0,0.0,0.0,0.0
1.0,99.0,0.0,0.0,0.0,0.0
3.0,97.0,0.0,0.0,0.0,0.0
1.0,98.0,0.0,1.0,0.0,0.0
2.0,0.0,2.0,1.0,0.0,2.0
2.0,0.0,35.0,4.0,0.0,0.0
3.0,97.0,0.0,0.0,0.0,0.0
1.0,99.0,0.0,0.0,0.0,0.0
1.0,0.0,0.0,0.0,0.0,0.0
2.0,98.0,0.0,0.0,0.0,0.0
1.0,98.0,0.0,1.0,0.0,0.0
4.0,96.0,0.0,0.0,0.0,0.0
1.0,99.0,0.0,0.0,0.0,0.0
1.0,0.0,10.0,2.0,0.0,0.0
2.0,0.0,57.0,1.0,0.0,0.0
1.0,99.0,0.0,0.0,0.0,0.0
1.0,4.0,6.0,0.0,0.0,0.0
2.0,44.0,0.0,1.0,53.0,0.0
1.0,97.0,0.0,2.0,0.0,0.0
1.0,96.0,0.0,3.0,0.0,0.0
1.0,99.0,0.0,0.0,0.0,0.0
1.0,98.0,1.0,0.0,0.0,0.0
1.0,98.0,0.0,1.0,0.0,0.0
2.0,96.0,0.0,2.0,0.0,0.0
1.0,99.0,0.0,0.0,0.0,0.0
7.0,93.0,0.0,0.0,0.0,0.0
1.0,0.0,33.0,1.0,0.0,0.0
1.0,98.0,1.0,0.0,0.0,0.0
1.0,98.0,0.0,1.0,0.0,0.0
1.0,97.0,0.0,2.0,0.0,0.0
1.0,97.0,1.0,1.0,0.0,0.0
1.0,0.0,2.0,1.0,0.0,0.0
1.0,99.0,0.0,0.0,0.0,0.0
1.0,0.0,0.0,0.0,0.0,0.0
1.0,0.0,1.0,10.0,0.0,0.0
1.0,98.0,1.0,0.0,0.0,0.0
1.0,99.0,0.0,0.0,0.0,0.0
1.0,22.0,0.0,1.0,76.0,0.0
1.0,99.0,0.0,0.0,0.0,0.0
2.0,98.0,0.0,0.0,0.0,0.0
1.0,0.0,49.0,7.0,0.0,0.0
1.0,99.0,0.0,0.0,0.0,0.0
2.0,68.0,30.0,0.0,0.0,0.0
1.0,99.0,0.0,0.0,0.0,0.0
1.0,97.0,0.0,2.0,0.0,0.0
1.0,97.0,1.0,1.0,0.0,0.0
1.0,46.0,18.0,0.0,0.0,0.0
1.0,0.0,41.0,1.0,0.0,0.0
3.0,36.0,0.0,1.0,60.0,0.0
5.0,95.0,0.0,0.0,0.0,0.0
1.0,99.0,0.0,0.0,0.0,0.0
1.0,68.0,25.0,0.0,0.0,0.0
1.0,96.0,1.0,2.0,0.0,0.0
2.0,98.0,0.0,0.0,0.0,0.0
1.0,97.0,1.0,1.0,0.0,0.0
1.0,0.0,1.0,2.0,0.0,41.0
1.0,99.0,0.0,0.0,0.0,0.0
2.0,87.0,11.0,0.0,0.0,0.0
1.0,96.0,0.0,3.0,0.0,0.0
1.0,0.0,29.0,1.0,0.0,0.0
1.0,98.0,1.0,0.0,0.0,0.0
1.0,97.0,1.0,1.0,0.0,0.0
1.0,0.0,33.0,2.0,0.0,0.0
1.0,98.0,1.0,0.0,0.0,0.0
1.0,99.0,0.0,0.0,0.0,0.0
1.0,99.0,0.0,0.0,0.0,0.0
1.0,98.0,1.0,0.0,0.0,0.0
2.0,0.0,28.0,1.0,0.0,0.0
2.0,97.0,0.0,1.0,0.0,0.0
1.0,98.0,0.0,1.0,0.0,0.0
1.0,96.0,0.0,3.0,0.0,0.0
1.0,99.0,0.0,0.0,0.0,0.0
1.0,0.0,23.0,2.0,0.0,0.0
1.0,98.0,0.0,1.0,0.0,0.0
1.0,98.0,0.0,1.0,0.0,0.0
2.0,96.0,0.0,2.0,0.0,0.0
1.0,98.0,1.0,0.0,0.0,0.0
3.0,76.0,0.0,1.0,20.0,0.0
2.0,98.0,0.0,0.0,0.0,0.0
2.0,97.0,0.0,1.0,0.0,0.0
2.0,24.0,0.0,1.0,73.0,0.0
2.0,0.0,8.0,2.0,0.0,0.0
1.0,0.0,1.0,4.0,0.0,3.0
1.0,0.0,32.0,1.0,0.0,0.0
2.0,23.0,46.0,0.0,0.0,0.0
3.0,97.0,0.0,0.0,0.0,0.0
1.0,98.0,1.0,0.0,0.0,0.0
1.0,99.0,0.0,0.0,0.0,0.0
1.0,97.0,1.0,1.0,0.0,0.0
1.0,96.0,1.0,2.0,0.0,0.0
3.0,0.0,4.0,1.0,0.0,0.0
1.0,97.0,1.0,1.0,0.0,0.0
1.0,0.0,1.0,1.0,0.0,17.0
1.0,99.0,0.0,0.0,0.0,0.0
2.0,88.0,9.0,1.0,0.0,0.0
1.0,0.0,54.0,1.0,0.0,0.0
1.0,99.0,0.0,0.0,0.0,0.0
1.0,0.0,87.0,1.0,0.0,0.0
1.0,0.0,1.0,1.0,0.0,1.0
1.0,97.0,0.0,2.0,0.0,0.0
1.0,2.0,34.0,0.0,0.0,0.0
2.0,93.0,1.0,4.0,0.0,0.0
1.0,99.0,0.0,0.0,0.0,0.0
1.0,92.0,0.0,7.0,0.0,0.0
1.0,98.0,0.0,1.0,0.0,0.0
2.0,98.0,0.0,0.0,0.0,0.0
1.0,98.0,1.0,0.0,0.0,0.0
4.0,0.0,62.0,1.0,0.0,0.0
1.0,56.0,11.0,1.0,0.0,0.0
2.0,97.0,1.0,0.0,0.0,0.0
1.0,97.0,0.0,2.0,0.0,0.0
1.0,0.0,20.0,1.0,0.0,0.0
2.0,97.0,0.0,1.0,0.0,0.0
1.0,71.0,28.0,0.0,0.0,0.0
1.0,99.0,0.0,0.0,0.0,0.0
2.0,97.0,1.0,0.0,0.0,0.0
2.0,97.0,1.0,0.0,0.0,0.0
1.0,97.0,0.0,2.0,0.0,0.0
2.0,0.0,44.0,2.0,0.0,0.0
1.0,98.0,0.0,1.0,0.0,0.0
1.0,99.0,0.0,0.0,0.0,0.0
1.0,97.0,0.0,2.0,0.0,0.0
2.0,0.0,1.0,3.0,0.0,47.0
1.0,99.0,0.0,0.0,0.0,0.0
2.0,98.0,0.0,0.0,0.0,0.0
1.0,99.0,0.0,0.0,0.0,0.0
1.0,0.0,2.0,2.0,0.0,0.0
1.0,98.0,0.0,1.0,0.0,0.0
1.0,99.0,0.0,0.0,0.0,0.0
2.0,94.0,0.0,4.0,0.0,0.0
1.0,99.0,0.0,0.0,0.0,0.0
2.0,97.0,0.0,1.0,0.0,0.0
1.0,99.0,0.0,0.0,0.0,0.0
1.0,95.0,1.0,3.0,0.0,0.0
6.0,90.0,1.0,3.0,0.0,0.0
1.0,98.0,0.0,1.0,0.0,0.0
2.0,0.0,6.0,1.0,0.0,0.0
1.0,0.0,98.0,1.0,0.0,0.0
2.0,98.0,0.0,0.0,0.0,0.0
1.0,99.0,0.0,0.0,0.0,0.0
1.0,99.0,0.0,0.0,0.0,0.0
1.0,96.0,0.0,3.0,0.0,0.0
1.0,31.0,22.0,0.0,0.0,0.0
1.0,95.0,0.0,4.0,0.0,0.0
2.0,97.0,0.0,1.0,0.0,0.0
1.0,98.0,1.0,0.0,0.0,0.0
2.0,97.0,1.0,0.0,0.0,0.0
1.0,97.0,1.0,1.0,0.0,0.0
1.0,99.0,0.0,0.0,0.0,0.0
1.0,0.0,1.0,2.0,0.0,21.0
1.0,98.0,1.0,0.0,0.0,0.0
2.0,98.0,0.0,0.0,0.0,0.0
1.0,99.0,0.0,0.0,0.0,0.0
1.0,98.0,1.0,0.0,0.0,0.0
1.0,0.0,1.0,1.0,0.0,1.0
1.0,43.0,54.0,0.0,0.0,0.0
1.0,99.0,0.0,0.0,0.0,0.0
1.0,98.0,0.0,1.0,0.0,0.0
1.0,97.0,0.0,2.0,0.0,0.0
4.0,58.0,38.0,0.0,0.0,0.0
1.0,0.0,0.0,0.0,0.0,0.0
2.0,96.0,0.0,2.0,0.0,0.0
1.0,99.0,0.0,0.0,0.0,0.0
1.0,0.0,1.0,1.0,0.0,26.0
1.0,98.0,1.0,0.0,0.0,0.0
1.0,97.0,0.0,2.0,0.0,0.0
1.0,96.0,0.0,3.0,0.0,0.0
1.0,99.0,0.0,0.0,0.0,0.0
1.0,62.0,37.0,0.0,0.0,0.0
2.0,98.0,0.0,0.0,0.0,0.0
1.0,0.0,50.0,3.0,0.0,0.0
1.0,94.0,0.0,5.0,0.0,0.0
2.0,98.0,0.0,0.0,0.0,0.0
1.0,97.0,0.0,2.0,0.0,0.0
2.0,97.0,0.0,1.0,0.0,0.0
1.0,98.0,0.0,1.0,0.0,0.0
1.0,0.0,1.0,0.0,0.0,0.0
1.0,99.0,0.0,0.0,0.0,0.0
3.0,0.0,15.0,1.0,0.0,0.0
1.0,96.0,1.0,2.0,0.0,0.0
1.0,98.0,0.0,1.0,0.0,0.0
1.0,99.0,0.0,0.0,0.0,0.0
1.0,98.0,0.0,1.0,0.0,0.0
2.0,96.0,1.0,1.0,0.0,0.0
2.0,0.0,1.0,1.0,0.0,64.0
7.0,91.0,1.0,1.0,0.0,0.0
1.0,99.0,0.0,0.0,0.0,0.0
1.0,0.0,61.0,1.0,0.0,0.0
1.0,99.0,0.0,0.0,0.0,0.0
1.0,98.0,0.0,1.0,0.0,0.0
2.0,97.0,1.0,0.0,0.0,0.0
1.0,61.0,0.0,4.0,34.0,0.0
3.0,96.0,0.0,1.0,0.0,0.0
5.0,95.0,0.0,0.0,0.0,0.0
1.0,98.0,1.0,0.0,0.0,0.0
1.0,0.0,7.0,1.0,0.0,0.0
1.0,48.0,47.0,0.0,0.0,0.0
1.0,20.0,13.0,2.0,0.0,0.0
1.0,97.0,0.0,2.0,0.0,0.0
1.0,99.0,0.0,0.0,0.0,0.0
2.0,98.0,0.0,0.0,0.0,0.0
1.0,99.0,0.0,0.0,0.0,0.0
1.0,98.0,0.0,1.0,0.0,0.0
1.0,98.0,1.0,0.0,0.0,0.0
2.0,95.0,1.0,2.0,0.0,0.0
1.0,97.0,1.0,1.0,0.0,0.0
1.0,0.0,15.0,1.0,0.0,0.0
1.0,0.0,1.0,1.0,0.0,0.0
1.0,98.0,1.0,0.0,0.0,0.0
2.0,94.0,0.0,4.0,0.0,0.0
1.0,0.0,0.0,0.0,0.0,0.0
1.0,98.0,0.0,1.0,0.0,0.0
2.0,97.0,0.0,1.0,0.0,0.0
2.0,0.0,71.0,3.0,0.0,0.0
1.0,6.0,13.0,0.0,0.0,0.0
1.0,98.0,1.0,0.0,0.0,0.0
1.0,99.0,0.0,0.0,0.0,0.0
1.0,0.0,79.0,1.0,0.0,0.0
1.0,98.0,1.0,0.0,0.0,0.0
2.0,96.0,1.0,1.0,0.0,0.0
2.0,0.0,9.0,3.0,0.0,0.0
1.0,99.0,0.0,0.0,0.0,0.0
2.0,97.0,1.0,0.0,0.0,0.0
2.0,97.0,0.0,1.0,0.0,0.0
2.0,97.0,0.0,1.0,0.0,0.0
1.0,99.0,0.0,0.0,0.0,0.0
1.0,99.0,0.0,0.0,0.0,0.0
1.0,99.0,0.0,0.0,0.0,0.0
3.0,97.0,0.0,0.0,0.0,0.0
1.0,98.0,1.0,0.0,0.0,0.0
1.0,98.0,1.0,0.0,0.0,0.0
1.0,99.0,0.0,0.0,0.0,0.0
2.0,98.0,0.0,0.0,0.0,0.0
1.0,0.0,31.0,1.0,0.0,0.0
1.0,98.0,0.0,1.0,0.0,0.0
1.0,0.0,1.0,2.0,0.0,11.0
1.0,98.0,0.0,1.0,0.0,0.0
1.0,97.0,2.0,0.0,0.0,0.0
1.0,0.0,1.0,1.0,0.0,95.0
3.0,96.0,0.0,1.0,0.0,0.0
4.0,0.0,1.0,1.0,0.0,59.0
3.0,0.0,94.0,3.0,0.0,0.0
1.0,0.0,60.0,1.0,0.0,0.0
1.0,99.0,0.0,0.0,0.0,0.0
1.0,99.0,0.0,0.0,0.0,0.0
2.0,94.0,1.0,3.0,0.0,0.0
2.0,97.0,0.0,1.0,0.0,0.0
1.0,99.0,0.0,0.0,0.0,0.0
1.0,99.0,0.0,0.0,0.0,0.0
1.0,1.0,0.0,1.0,97.0,0.0
1.0,96.0,1.0,2.0,0.0,0.0
1.0,0.0,68.0,3.0,0.0,0.0
3.0,97.0,0.0,0.0,0.0,0.0
2.0,98.0,0.0,0.0,0.0,0.0
2.0,95.0,0.0,3.0,0.0,0.0
1.0,98.0,1.0,0.0,0.0,0.0
1.0,0.0,9.0,1.0,0.0,0.0
1.0,0.0,19.0,3.0,0.0,0.0
3.0,94.0,0.0,3.0,0.0,0.0
1.0,97.0,0.0,2.0,0.0,0.0
2.0,97.0,0.0,1.0,0.0,0.0
1.0,97.0,0.0,2.0,0.0,0.0
1.0,99.0,0.0,0.0,0.0,0.0
1.0,0.0,1.0,1.0,0.0,22.0
1.0,99.0,0.0,0.0,0.0,0.0
1.0,99.0,0.0,0.0,0.0,0.0
1.0,96.0,0.0,3.0,0.0,0.0
3.0,94.0,0.0,3.0,0.0,0.0
2.0,97.0,1.0,0.0,0.0,0.0
2.0,0.0,45.0,2.0,0.0,0.0
2.0,97.0,0.0,1.0,0.0,0.0
1.0,98.0,1.0,0.0,0.0,0.0
1.0,0.0,24.0,5.0,0.0,0.0
1.0,98.0,0.0,1.0,0.0,0.0
3.0,96.0,0.0,1.0,0.0,0.0
1.0,98.0,1.0,0.0,0.0,0.0
2.0,98.0,0.0,0.0,0.0,0.0
1.0,98.0,1.0,0.0,0.0,0.0
1.0,98.0,0.0,1.0,0.0,0.0
1.0,0.0,1.0,1.0,0.0,0.0
1.0,99.0,0.0,0.0,0.0,0.0
1.0,0.0,19.0,2.0,0.0,0.0
1.0,0.0,1.0,3.0,0.0,13.0
1.0,99.0,0.0,0.0,0.0,0.0
1.0,98.0,1.0,0.0,0.0,0.0
2.0,23.0,48.0,0.0,0.0,0.0
1.0,99.0,0.0,0.0,0.0,0.0
1.0,98.0,0.0,1.0,0.0,0.0
1.0,97.0,0.0,2.0,0.0,0.0
1.0,99.0,0.0,0.0,0.0,0.0
2.0,96.0,1.0,1.0,0.0,0.0
1.0,0.0,97.0,2.0,0.0,0.0
1.0,99.0,0.0,0.0,0.0,0.0
1.0,0.0,1.0,3.0,0.0,8.0
1.0,98.0,1.0,0.0,0.0,0.0
1.0,0.0,56.0,2.0,0.0,0.0
1.0,0.0,3.0,2.0,0.0,0.0
1.0,98.0,0.0,1.0,0.0,0.0
1.0,98.0,0.0,1.0,0.0,0.0
1.0,94.0,1.0,4.0,0.0,0.0
2.0,0.0,12.0,2.0,0.0,0.0
1.0,98.0,1.0,0.0,0.0,0.0
1.0,1.0,0.0,2.0,96.0,0.0
1.0,0.0,18.0,1.0,0.0,0.0
1.0,98.0,0.0,1.0,0.0,0.0
1.0,0.0,24.0,3.0,0.0,0.0
1.0,98.0,0.0,1.0,0.0,0.0
1.0,98.0,1.0,0.0,0.0,0.0
1.0,98.0,1.0,0.0,0.0,0.0
2.0,0.0,1.0,1.0,0.0,7.0
1.0,98.0,0.0,1.0,0.0,0.0
1.0,98.0,0.0,1.0,0.0,0.0
1.0,97.0,0.0,2.0,0.0,0.0
1.0,98.0,0.0,1.0,0.0,0.0
1.0,98.0,1.0,0.0,0.0,0.0
2.0,96.0,0.0,2.0,0.0,0.0
2.0,0.0,2.0,1.0,0.0,0.0
1.0,31.0,51.0,0.0,0.0,0.0
1.0,6.0,0.0,1.0,92.0,0.0
1.0,65.0,14.0,0.0,0.0,0.0
1.0,50.0,0.0,2.0,47.0,0.0
1.0,0.0,1.0,1.0,0.0,0.0
1.0,99.0,0.0,0.0,0.0,0.0
3.0,97.0,0.0,0.0,0.0,0.0
1.0,97.0,0.0,2.0,0.0,0.0
1.0,0.0,20.0,1.0,0.0,0.0
1.0,56.0,43.0,0.0,0.0,0.0
1.0,47.0,7.0,0.0,0.0,0.0
1.0,98.0,1.0,0.0,0.0,0.0
2.0,0.0,42.0,2.0,0.0,0.0
1.0,52.0,0.0,1.0,46.0,0.0
1.0,0.0,98.0,1.0,0.0,0.0
1.0,98.0,0.0,1.0,0.0,0.0
1.0,68.0,31.0,0.0,0.0,0.0
1.0,98.0,1.0,0.0,0.0,0.0
1.0,99.0,0.0,0.0,0.0,0.0
1.0,98.0,0.0,1.0,0.0,0.0
1.0,97.0,1.0,1.0,0.0,0.0
2.0,98.0,0.0,0.0,0.0,0.0
2.0,95.0,1.0,2.0,0.0,0.0
1.0,99.0,0.0,0.0,0.0,0.0
1.0,99.0,0.0,0.0,0.0,0.0
1.0,97.0,1.0,1.0,0.0,0.0
4.0,96.0,0.0,0.0,0.0,0.0
1.0,0.0,97.0,2.0,0.0,0.0
1.0,99.0,0.0,0.0,0.0,0.0
1.0,98.0,0.0,1.0,0.0,0.0
3.0,93.0,0.0,4.0,0.0,0.0
2.0,0.0,14.0,2.0,0.0,0.0
3.0,8.0,89.0,0.0,0.0,0.0
1.0,99.0,0.0,0.0,0.0,0.0
1.0,99.0,0.0,0.0,0.0,0.0
1.0,99.0,0.0,0.0,0.0,0.0
2.0,97.0,0.0,1.0,0.0,0.0
1.0,98.0,1.0,0.0,0.0,0.0
1.0,98.0,0.0,1.0,0.0,0.0
1.0,99.0,0.0,0.0,0.0,0.0
1.0,98.0,0.0,1.0,0.0,0.0
3.0,17.0,0.0,1.0,79.0,0.0
1.0,99.0,0.0,0.0,0.0,0.0
1.0,98.0,0.0,1.0,0.0,0.0
3.0,95.0,1.0,1.0,0.0,0.0
3.0,97.0,0.0,0.0,0.0,0.0
1.0,0.0,26.0,1.0,0.0,0.0
2.0,97.0,0.0,1.0,0.0,0.0
1.0,98.0,1.0,0.0,0.0,0.0
1.0,99.0,0.0,0.0,0.0,0.0
1.0,99.0,0.0,0.0,0.0,0.0
1.0,0.0,1.0,3.0,0.0,57.0
1.0,99.0,0.0,0.0,0.0,0.0
1.0,98.0,1.0,0.0,0.0,0.0
1.0,0.0,1.0,1.0,0.0,64.0
1.0,0.0,0.0,0.0,0.0,0.0
1.0,98.0,1.0,0.0,0.0,0.0
1.0,99.0,0.0,0.0,0.0,0.0
1.0,0.0,1.0,1.0,0.0,34.0
1.0,97.0,0.0,2.0,0.0,0.0
2.0,0.0,1.0,1.0,0.0,96.0
1.0,98.0,1.0,0.0,0.0,0.0
2.0,97.0,0.0,1.0,0.0,0.0
1.0,0.0,51.0,1.0,0.0,0.0
3.0,96.0,0.0,1.0,0.0,0.0
1.0,97.0,0.0,2.0,0.0,0.0
1.0,98.0,0.0,1.0,0.0,0.0
1.0,0.0,22.0,4.0,0.0,0.0
1.0,0.0,37.0,2.0,0.0,0.0
2.0,97.0,0.0,1.0,0.0,0.0
1.0,98.0,0.0,1.0,0.0,0.0
1.0,99.0,0.0,0.0,0.0,0.0
1.0,88.0,11.0,0.0,0.0,0.0
1.0,73.0,0.0,1.0,25.0,0.0
2.0,98.0,0.0,0.0,0.0,0.0
1.0,97.0,0.0,2.0,0.0,0.0
1.0,97.0,1.0,1.0,0.0,0.0
1.0,97.0,0.0,2.0,0.0,0.0
1.0,99.0,0.0,0.0,0.0,0.0
1.0,0.0,47.0,1.0,0.0,0.0
1.0,0.0,0.0,0.0,0.0,0.0
1.0,99.0,0.0,0.0,0.0,0.0
1.0,0.0,11.0,2.0,0.0,0.0
2.0,98.0,0.0,0.0,0.0,0.0
1.0,0.0,2.0,1.0,0.0,0.0
3.0,94.0,0.0,3.0,0.0,0.0
1.0,0.0,37.0,1.0,0.0,0.0
1.0,0.0,1.0,2.0,0.0,10.0
1.0,98.0,1.0,0.0,0.0,0.0
3.0,0.0,27.0,1.0,0.0,0.0
3.0,97.0,0.0,0.0,0.0,0.0
3.0,96.0,0.0,1.0,0.0,0.0
1.0,98.0,0.0,1.0,0.0,0.0
1.0,99.0,0.0,0.0,0.0,0.0
2.0,98.0,0.0,0.0,0.0,0.0
1.0,98.0,1.0,0.0,0.0,0.0
1.0,0.0,35.0,2.0,0.0,0.0
1.0,97.0,1.0,1.0,0.0,0.0
1.0,99.0,0.0,0.0,0.0,0.0
5.0,0.0,1.0,2.0,0.0,92.0
1.0,98.0,1.0,0.0,0.0,0.0
2.0,96.0,1.0,1.0,0.0,0.0
1.0,0.0,0.0,0.0,0.0,0.0
2.0,97.0,0.0,1.0,0.0,0.0
1.0,97.0,1.0,1.0,0.0,0.0
4.0,95.0,0.0,1.0,0.0,0.0
1.0,99.0,0.0,0.0,0.0,0.0
1.0,0.0,1.0,1.0,0.0,35.0
1.0,98.0,1.0,0.0,0.0,0.0
1.0,99.0,0.0,0.0,0.0,0.0
1.0,99.0,0.0,0.0,0.0,0.0
1.0,99.0,0.0,0.0,0.0,0.0
2.0,96.0,0.0,2.0,0.0,0.0
1.0,0.0,1.0,1.0,0.0,42.0
1.0,98.0,0.0,1.0,0.0,0.0
1.0,98.0,0.0,1.0,0.0,0.0
1.0,98.0,0.0,1.0,0.0,0.0
2.0,96.0,0.0,2.0,0.0,0.0
2.0,94.0,1.0,3.0,0.0,0.0
1.0,99.0,0.0,0.0,0.0,0.0
2.0,97.0,1.0,0.0,0.0,0.0
1.0,0.0,6.0,3.0,0.0,0.0
1.0,96.0,1.0,2.0,0.0,0.0
2.0,97.0,0.0,1.0,0.0,0.0
1.0,99.0,0.0,0.0,0.0,0.0
5.0,69.0,0.0,2.0,24.0,0.0
1.0,98.0,1.0,0.0,0.0,0.0
1.0,0.0,14.0,1.0,0.0,0.0
1.0,99.0,0.0,0.0,0.0,0.0
2.0,0.0,16.0,1.0,0.0,0.0
1.0,98.0,1.0,0.0,0.0,0.0
1.0,99.0,0.0,0.0,0.0,0.0
1.0,98.0,1.0,0.0,0.0,0.0
1.0,99.0,0.0,0.0,0.0,0.0
2.0,98.0,0.0,0.0,0.0,0.0
2.0,97.0,0.0,1.0,0.0,0.0
1.0,60.0,37.0,2.0,0.0,0.0
1.0,97.0,0.0,2.0,0.0,0.0
2.0,98.0,0.0,0.0,0.0,0.0
1.0,99.0,0.0,0.0,0.0,0.0
2.0,98.0,0.0,0.0,0.0,0.0
3.0,96.0,1.0,0.0,0.0,0.0
1.0,99.0,0.0,0.0,0.0,0.0
1.0,1.0,0.0,1.0,97.0,0.0
2.0,98.0,0.0,0.0,0.0,0.0
1.0,0.0,25.0,1.0,0.0,0.0
2.0,45.0,0.0,1.0,52.0,0.0
2.0,98.0,0.0,0.0,0.0,0.0
1.0,99.0,0.0,0.0,0.0,0.0
3.0,94.0,1.0,2.0,0.0,0.0
1.0,98.0,1.0,0.0,0.0,0.0
3.0,97.0,0.0,0.0,0.0,0.0
2.0,62.0,0.0,1.0,35.0,0.0
1.0,98.0,0.0,1.0,0.0,0.0
1.0,99.0,0.0,0.0,0.0,0.0
1.0,96.0,0.0,3.0,0.0,0.0
1.0,99.0,0.0,0.0,0.0,0.0
2.0,95.0,1.0,2.0,0.0,0.0
1.0,39.0,9.0,0.0,0.0,0.0
3.0,97.0,0.0,0.0,0.0,0.0
1.0,0.0,47.0,1.0,0.0,0.0
1.0,97.0,0.0,2.0,0.0,0.0
1.0,97.0,0.0,2.0,0.0,0.0
1.0,99.0,0.0,0.0,0.0,0.0
2.0,98.0,0.0,0.0,0.0,0.0
2.0,97.0,0.0,1.0,0.0,0.0
1.0,99.0,0.0,0.0,0.0,0.0
1.0,0.0,63.0,1.0,0.0,0.0
1.0,98.0,1.0,0.0,0.0,0.0
5.0,94.0,0.0,1.0,0.0,0.0
2.0,0.0,1.0,4.0,0.0,34.0
1.0,98.0,1.0,0.0,0.0,0.0
8.0,92.0,0.0,0.0,0.0,0.0
1.0,0.0,9.0,1.0,0.0,0.0
1.0,99.0,0.0,0.0,0.0,0.0
1.0,98.0,0.0,1.0,0.0,0.0
2.0,96.0,0.0,2.0,0.0,0.0
7.0,92.0,1.0,0.0,0.0,0.0
2.0,4.0,23.0,0.0,0.0,0.0
1.0,0.0,98.0,1.0,0.0,0.0
1.0,97.0,0.0,2.0,0.0,0.0
2.0,0.0,24.0,2.0,0.0,0.0
2.0,5.0,90.0,3.0,0.0,0.0
1.0,99.0,0.0,0.0,0.0,0.0
2.0,98.0,0.0,0.0,0.0,0.0
4.0,92.0,0.0,4.0,0.0,0.0
3.0,96.0,0.0,1.0,0.0,0.0
2.0,96.0,0.0,2.0,0.0,0.0
2.0,10.0,88.0,0.0,0.0,0.0
1.0,99.0,0.0,0.0,0.0,0.0
1.0,0.0,3.0,2.0,0.0,0.0
1.0,99.0,0.0,0.0,0.0,0.0
1.0,0.0,88.0,3.0,0.0,0.0
2.0,0.0,13.0,1.0,0.0,0.0
4.0,95.0,0.0,1.0,0.0,0.0
5.0,95.0,0.0,0.0,0.0,0.0
3.0,94.0,1.0,2.0,0.0,0.0
2.0,97.0,0.0,1.0,0.0,0.0
2.0,94.0,0.0,4.0,0.0,0.0
1.0,99.0,0.0,0.0,0.0,0.0
1.0,96.0,0.0,3.0,0.0,0.0
1.0,99.0,0.0,0.0,0.0,0.0
1.0,98.0,0.0,1.0,0.0,0.0
1.0,97.0,1.0,1.0,0.0,0.0
3.0,97.0,0.0,0.0,0.0,0.0
1.0,98.0,1.0,0.0,0.0,0.0
2.0,96.0,0.0,2.0,0.0,0.0
1.0,98.0,1.0,0.0,0.0,0.0
5.0,0.0,48.0,3.0,0.0,0.0
2.0,96.0,0.0,2.0,0.0,0.0
1.0,95.0,1.0,3.0,0.0,0.0
2.0,97.0,0.0,1.0,0.0,0.0
2.0,98.0,0.0,0.0,0.0,0.0
1.0,99.0,0.0,0.0,0.0,0.0
2.0,98.0,0.0,0.0,0.0,0.0
2.0,97.0,1.0,0.0,0.0,0.0
1.0,97.0,0.0,2.0,0.0,0.0
1.0,97.0,1.0,1.0,0.0,0.0
1.0,98.0,0.0,1.0,0.0,0.0
3.0,95.0,0.0,2.0,0.0,0.0
3.0,97.0,0.0,0.0,0.0,0.0
1.0,99.0,0.0,0.0,0.0,0.0
2.0,98.0,0.0,0.0,0.0,0.0
1.0,99.0,0.0,0.0,0.0,0.0
3.0,96.0,0.0,1.0,0.0,0.0
3.0,94.0,0.0,3.0,0.0,0.0
1.0,99.0,0.0,0.0,0.0,0.0
1.0,96.0,1.0,2.0,0.0,0.0
1.0,98.0,0.0,1.0,0.0,0.0
1.0,99.0,0.0,0.0,0.0,0.0
3.0,96.0,1.0,0.0,0.0,0.0
1.0,27.0,0.0,1.0,71.0,0.0
1.0,98.0,0.0,1.0,0.0,0.0
5.0,0.0,15.0,1.0,0.0,0.0
1.0,0.0,0.0,0.0,0.0,0.0
1.0,97.0,1.0,1.0,0.0,0.0
2.0,98.0,0.0,0.0,0.0,0.0
1.0,14.0,0.0,2.0,83.0,0.0
1.0,0.0,98.0,1.0,0.0,0.0
1.0,0.0,1.0,1.0,0.0,18.0
1.0,98.0,1.0,0.0,0.0,0.0
1.0,99.0,0.0,0.0,0.0,0.0
1.0,0.0,15.0,1.0,0.0,0.0
1.0,98.0,0.0,1.0,0.0,0.0
3.0,97.0,0.0,0.0,0.0,0.0
1.0,0.0,27.0,2.0,0.0,0.0
3.0,96.0,0.0,1.0,0.0,0.0
2.0,98.0,0.0,0.0,0.0,0.0
1.0,0.0,2.0,1.0,0.0,0.0
1.0,99.0,0.0,0.0,0.0,0.0
1.0,96.0,1.0,2.0,0.0,0.0
1.0,98.0,1.0,0.0,0.0,0.0
1.0,98.0,0.0,1.0,0.0,0.0
1.0,99.0,0.0,0.0,0.0,0.0
2.0,97.0,0.0,1.0,0.0,0.0
1.0,98.0,0.0,1.0,0.0,0.0
1.0,98.0,0.0,1.0,0.0,0.0
1.0,94.0,0.0,5.0,0.0,0.0
1.0,98.0,1.0,0.0,0.0,0.0
1.0,0.0,43.0,2.0,0.0,0.0
4.0,13.0,0.0,3.0,80.0,0.0
3.0,97.0,0.0,0.0,0.0,0.0
1.0,99.0,0.0,0.0,0.0,0.0
2.0,97.0,0.0,1.0,0.0,0.0
1.0,98.0,0.0,1.0,0.0,0.0
1.0,0.0,23.0,2.0,0.0,0.0
1.0,0.0,32.0,3.0,0.0,0.0
2.0,97.0,0.0,1.0,0.0,0.0
2.0,98.0,0.0,0.0,0.0,0.0
1.0,95.0,1.0,3.0,0.0,0.0
1.0,99.0,0.0,0.0,0.0,0.0
2.0,8.0,57.0,4.0,0.0,0.0
1.0,98.0,0.0,1.0,0.0,0.0
2.0,96.0,1.0,1.0,0.0,0.0
1.0,98.0,0.0,1.0,0.0,0.0
4.0,0.0,2.0,1.0,0.0,0.0
1.0,98.0,1.0,0.0,0.0,0.0
2.0,98.0,0.0,0.0,0.0,0.0
3.0,96.0,0.0,1.0,0.0,0.0
1.0,98.0,1.0,0.0,0.0,0.0
2.0,0.0,62.0,3.0,0.0,0.0
1.0,88.0,1.0,10.0,0.0,0.0
2.0,98.0,0.0,0.0,0.0,0.0
1.0,98.0,1.0,0.0,0.0,0.0
1.0,99.0,0.0,0.0,0.0,0.0
2.0,98.0,0.0,0.0,0.0,0.0
2.0,65.0,30.0,3.0,0.0,0.0
1.0,98.0,1.0,0.0,0.0,0.0
1.0,65.0,18.0,0.0,0.0,0.0
3.0,97.0,0.0,0.0,0.0,0.0
1.0,93.0,1.0,5.0,0.0,0.0
1.0,99.0,0.0,0.0,0.0,0.0
1.0,99.0,0.0,0.0,0.0,0.0
1.0,97.0,1.0,1.0,0.0,0.0
1.0,98.0,0.0,1.0,0.0,0.0
1.0,99.0,0.0,0.0,0.0,0.0
3.0,96.0,0.0,1.0,0.0,0.0
1.0,99.0,0.0,0.0,0.0,0.0
1.0,96.0,0.0,3.0,0.0,0.0
1.0,97.0,1.0,1.0,0.0,0.0
1.0,0.0,10.0,9.0,0.0,0.0
1.0,98.0,0.0,1.0,0.0,0.0
1.0,0.0,1.0,2.0,0.0,75.0
1.0,93.0,0.0,3.0,3.0,0.0
2.0,96.0,0.0,2.0,0.0,0.0
1.0,0.0,4.0,2.0,0.0,0.0
1.0,0.0,8.0,2.0,0.0,0.0
1.0,0.0,98.0,1.0,0.0,0.0
1.0,98.0,0.0,1.0,0.0,0.0
1.0,98.0,1.0,0.0,0.0,0.0
1.0,99.0,0.0,0.0,0.0,0.0
2.0,70.0,27.0,1.0,0.0,0.0
2.0,95.0,1.0,2.0,0.0,0.0
4.0,96.0,0.0,0.0,0.0,0.0
1.0,0.0,32.0,1.0,0.0,0.0
2.0,6.0,0.0,1.0,91.0,0.0
1.0,0.0,45.0,2.0,0.0,0.0
1.0,99.0,0.0,0.0,0.0,0.0
2.0,94.0,0.0,4.0,0.0,0.0
2.0,2.0,96.0,0.0,0.0,0.0
1.0,98.0,0.0,1.0,0.0,0.0
1.0,99.0,0.0,0.0,0.0,0.0
1.0,0.0,1.0,1.0,0.0,56.0
1.0,98.0,0.0,1.0,0.0,0.0
1.0,0.0,40.0,1.0,0.0,0.0
1.0,99.0,0.0,0.0,0.0,0.0
1.0,0.0,5.0,3.0,0.0,0.0
2.0,96.0,0.0,2.0,0.0,0.0
1.0,98.0,1.0,0.0,0.0,0.0
1.0,99.0,0.0,0.0,0.0,0.0
2.0,98.0,0.0,0.0,0.0,0.0
2.0,97.0,0.0,1.0,0.0,0.0
1.0,99.0,0.0,0.0,0.0,0.0
1.0,97.0,1.0,1.0,0.0,0.0
4.0,94.0,0.0,2.0,0.0,0.0
1.0,0.0,51.0,2.0,0.0,0.0
1.0,98.0,0.0,1.0,0.0,0.0
3.0,94.0,0.0,3.0,0.0,0.0
1.0,98.0,1.0,0.0,0.0,0.0
1.0,98.0,1.0,0.0,0.0,0.0
3.0,0.0,1.0,1.0,0.0,87.0
1.0,98.0,0.0,1.0,0.0,0.0
1.0,98.0,1.0,0.0,0.0,0.0
3.0,97.0,0.0,0.0,0.0,0.0
1.0,95.0,1.0,3.0,0.0,0.0
1.0,99.0,0.0,0.0,0.0,0.0
1.0,99.0,0.0,0.0,0.0,0.0
1.0,99.0,0.0,0.0,0.0,0.0
1.0,97.0,2.0,0.0,0.0,0.0
1.0,99.0,0.0,0.0,0.0,0.0
3.0,97.0,0.0,0.0,0.0,0.0
1.0,99.0,0.0,0.0,0.0,0.0
1.0,97.0,0.0,2.0,0.0,0.0
3.0,0.0,1.0,2.0,0.0,94.0
1.0,52.0,47.0,0.0,0.0,0.0
1.0,0.0,3.0,5.0,0.0,0.0
1.0,99.0,0.0,0.0,0.0,0.0
1.0,0.0,81.0,2.0,0.0,0.0
4.0,95.0,0.0,1.0,0.0,0.0
1.0,99.0,0.0,0.0,0.0,0.0
4.0,0.0,20.0,1.0,0.0,0.0
1.0,98.0,0.0,1.0,0.0,0.0
2.0,98.0,0.0,0.0,0.0,0.0
5.0,94.0,0.0,1.0,0.0,0.0
1.0,99.0,0.0,0.0,0.0,0.0
1.0,99.0,0.0,0.0,0.0,0.0
1.0,99.0,0.0,0.0,0.0,0.0
5.0,95.0,0.0,0.0,0.0,0.0
2.0,0.0,32.0,2.0,0.0,0.0
3.0,95.0,1.0,1.0,0.0,0.0
2.0,0.0,1.0,2.0,0.0,52.0
1.0,0.0,1.0,1.0,0.0,40.0
1.0,98.0,0.0,1.0,0.0,0.0
3.0,96.0,0.0,1.0,0.0,0.0
1.0,38.0,0.0,2.0,59.0,0.0
5.0,94.0,0.0,1.0,0.0,0.0
1.0,99.0,0.0,0.0,0.0,0.0
2.0,97.0,0.0,1.0,0.0,0.0
2.0,98.0,0.0,0.0,0.0,0.0
2.0,97.0,1.0,0.0,0.0,0.0
1.0,99.0,0.0,0.0,0.0,0.0
1.0,0.0,92.0,2.0,0.0,0.0
2.0,95.0,1.0,2.0,0.0,0.0
1.0,99.0,0.0,0.0,0.0,0.0
1.0,99.0,0.0,0.0,0.0,0.0
3.0,97.0,0.0,0.0,0.0,0.0
1.0,97.0,0.0,2.0,0.0,0.0
1.0,98.0,0.0,1.0,0.0,0.0
1.0,98.0,1.0,0.0,0.0,0.0
1.0,99.0,0.0,0.0,0.0,0.0
2.0,98.0,0.0,0.0,0.0,0.0
1.0,99.0,0.0,0.0,0.0,0.0
2.0,0.0,27.0,1.0,0.0,0.0
2.0,97.0,0.0,1.0,0.0,0.0
1.0,72.0,0.0,1.0,26.0,0.0
1.0,0.0,1.0,3.0,0.0,95.0
1.0,99.0,0.0,0.0,0.0,0.0
1.0,0.0,98.0,1.0,0.0,0.0
1.0,99.0,0.0,0.0,0.0,0.0
2.0,0.0,97.0,1.0,0.0,0.0
1.0,97.0,0.0,2.0,0.0,0.0
1.0,2.0,0.0,2.0,95.0,0.0
1.0,97.0,0.0,2.0,0.0,0.0
1.0,99.0,0.0,0.0,0.0,0.0
1.0,99.0,0.0,0.0,0.0,0.0
4.0,0.0,2.0,1.0,0.0,0.0
1.0,98.0,1.0,0.0,0.0,0.0
2.0,98.0,0.0,0.0,0.0,0.0
1.0,0.0,97.0,2.0,0.0,0.0
1.0,99.0,0.0,0.0,0.0,0.0
3.0,97.0,0.0,0.0,0.0,0.0
1.0,22.0,0.0,1.0,76.0,0.0
1.0,99.0,0.0,0.0,0.0,0.0
1.0,0.0,52.0,2.0,0.0,0.0
2.0,95.0,0.0,3.0,0.0,0.0
1.0,0.0,57.0,2.0,0.0,0.0
1.0,88.0,0.0,11.0,0.0,0.0
1.0,0.0,1.0,1.0,0.0,55.0
1.0,97.0,1.0,1.0,0.0,0.0
2.0,97.0,1.0,0.0,0.0,0.0
1.0,99.0,0.0,0.0,0.0,0.0
1.0,0.0,1.0,4.0,0.0,53.0
2.0,96.0,1.0,1.0,0.0,0.0
3.0,97.0,0.0,0.0,0.0,0.0
1.0,44.0,5.0,3.0,0.0,0.0
3.0,0.0,50.0,1.0,0.0,0.0
1.0,98.0,1.0,0.0,0.0,0.0
1.0,99.0,0.0,0.0,0.0,0.0
1.0,99.0,0.0,0.0,0.0,0.0
2.0,96.0,0.0,2.0,0.0,0.0
1.0,0.0,15.0,1.0,0.0,0.0
3.0,95.0,1.0,1.0,0.0,0.0
1.0,98.0,0.0,1.0,0.0,0.0
1.0,99.0,0.0,0.0,0.0,0.0
1.0,99.0,0.0,0.0,0.0,0.0
1.0,98.0,1.0,0.0,0.0,0.0
1.0,0.0,20.0,2.0,0.0,0.0
1.0,99.0,0.0,0.0,0.0,0.0
1.0,99.0,0.0,0.0,0.0,0.0
1.0,99.0,0.0,0.0,0.0,0.0
1.0,99.0,0.0,0.0,0.0,0.0
1.0,98.0,0.0,1.0,0.0,0.0
1.0,99.0,0.0,0.0,0.0,0.0
1.0,96.0,0.0,3.0,0.0,0.0
1.0,99.0,0.0,0.0,0.0,0.0
1.0,99.0,0.0,0.0,0.0,0.0
1.0,0.0,25.0,1.0,0.0,0.0
1.0,96.0,0.0,3.0,0.0,0.0
1.0,98.0,1.0,0.0,0.0,0.0
1.0,99.0,0.0,0.0,0.0,0.0
1.0,0.0,98.0,1.0,0.0,0.0
1.0,99.0,0.0,0.0,0.0,0.0
2.0,97.0,0.0,1.0,0.0,0.0
1.0,0.0,1.0,0.0,0.0,0.0
2.0,0.0,1.0,2.0,0.0,0.0
1.0,0.0,51.0,4.0,0.0,0.0
3.0,0.0,24.0,1.0,0.0,0.0
1.0,99.0,0.0,0.0,0.0,0.0
1.0,17.0,66.0,0.0,0.0,0.0
2.0,98.0,0.0,0.0,0.0,0.0
1.0,99.0,0.0,0.0,0.0,0.0
1.0,98.0,0.0,1.0,0.0,0.0
2.0,96.0,2.0,0.0,0.0,0.0
3.0,97.0,0.0,0.0,0.0,0.0
2.0,96.0,0.0,2.0,0.0,0.0
2.0,97.0,0.0,1.0,0.0,0.0
1.0,99.0,0.0,0.0,0.0,0.0
4.0,96.0,0.0,0.0,0.0,0.0
1.0,98.0,1.0,0.0,0.0,0.0
2.0,78.0,19.0,1.0,0.0,0.0
2.0,0.0,97.0,1.0,0.0,0.0
1.0,99.0,0.0,0.0,0.0,0.0
2.0,96.0,0.0,2.0,0.0,0.0
1.0,0.0,5.0,1.0,0.0,0.0
1.0,99.0,0.0,0.0,0.0,0.0
1.0,99.0,0.0,0.0,0.0,0.0
1.0,99.0,0.0,0.0,0.0,0.0
1.0,94.0,0.0,5.0,0.0,0.0
1.0,97.0,0.0,2.0,0.0,0.0
1.0,99.0,0.0,0.0,0.0,0.0
1.0,98.0,0.0,1.0,0.0,0.0
1.0,99.0,0.0,0.0,0.0,0.0
1.0,47.0,33.0,0.0,0.0,0.0
2.0,97.0,0.0,1.0,0.0,0.0
1.0,98.0,0.0,1.0,0.0,0.0
1.0,98.0,0.0,1.0,0.0,0.0
1.0,98.0,0.0,1.0,0.0,0.0
1.0,99.0,0.0,0.0,0.0,0.0
1.0,99.0,0.0,0.0,0.0,0.0
1.0,0.0,95.0,4.0,0.0,0.0
1.0,0.0,1.0,2.0,0.0,22.0
1.0,99.0,0.0,0.0,0.0,0.0
4.0,96.0,0.0,0.0,0.0,0.0
1.0,98.0,1.0,0.0,0.0,0.0
1.0,96.0,0.0,3.0,0.0,0.0
4.0,95.0,0.0,1.0,0.0,0.0
2.0,97.0,0.0,1.0,0.0,0.0
1.0,98.0,1.0,0.0,0.0,0.0
1.0,0.0,1.0,1.0,0.0,97.0
3.0,97.0,0.0,0.0,0.0,0.0
1.0,96.0,0.0,3.0,0.0,0.0
1.0,99.0,0.0,0.0,0.0,0.0
1.0,97.0,0.0,2.0,0.0,0.0
1.0,99.0,0.0,0.0,0.0,0.0
1.0,13.0,33.0,0.0,0.0,0.0
1.0,0.0,96.0,3.0,0.0,0.0
2.0,98.0,0.0,0.0,0.0,0.0
1.0,98.0,1.0,0.0,0.0,0.0
3.0,96.0,0.0,1.0,0.0,0.0
1.0,97.0,1.0,1.0,0.0,0.0
1.0,99.0,0.0,0.0,0.0,0.0
2.0,98.0,0.0,0.0,0.0,0.0
4.0,96.0,0.0,0.0,0.0,0.0
1.0,98.0,0.0,1.0,0.0,0.0
1.0,99.0,0.0,0.0,0.0,0.0
1.0,98.0,0.0,1.0,0.0,0.0
1.0,99.0,0.0,0.0,0.0,0.0
1.0,98.0,0.0,1.0,0.0,0.0
2.0,96.0,2.0,0.0,0.0,0.0
1.0,98.0,1.0,0.0,0.0,0.0
1.0,99.0,0.0,0.0,0.0,0.0
2.0,67.0,0.0,1.0,30.0,0.0
1.0,97.0,1.0,1.0,0.0,0.0
1.0,49.0,31.0,0.0,0.0,0.0
1.0,0.0,93.0,1.0,0.0,0.0
1.0,98.0,0.0,1.0,0.0,0.0
1.0,98.0,1.0,0.0,0.0,0.0
2.0,97.0,0.0,1.0,0.0,0.0
1.0,97.0,0.0,2.0,0.0,0.0
1.0,98.0,0.0,1.0,0.0,0.0
1.0,99.0,0.0,0.0,0.0,0.0
1.0,98.0,0.0,1.0,0.0,0.0
1.0,99.0,0.0,0.0,0.0,0.0
2.0,97.0,0.0,1.0,0.0,0.0
3.0,94.0,0.0,3.0,0.0,0.0
1.0,96.0,0.0,3.0,0.0,0.0
1.0,99.0,0.0,0.0,0.0,0.0
1.0,99.0,0.0,0.0,0.0,0.0
1.0,98.0,0.0,1.0,0.0,0.0
1.0,96.0,2.0,1.0,0.0,0.0
1.0,99.0,0.0,0.0,0.0,0.0
2.0,97.0,0.0,1.0,0.0,0.0
1.0,97.0,0.0,2.0,0.0,0.0
1.0,96.0,0.0,3.0,0.0,0.0
1.0,0.0,58.0,2.0,0.0,0.0
2.0,97.0,0.0,1.0,0.0,0.0
2.0,97.0,0.0,1.0,0.0,0.0
1.0,0.0,27.0,1.0,0.0,0.0
1.0,99.0,0.0,0.0,0.0,0.0
1.0,0.0,98.0,1.0,0.0,0.0
5.0,90.0,0.0,5.0,0.0,0.0
1.0,97.0,0.0,2.0,0.0,0.0
3.0,97.0,0.0,0.0,0.0,0.0
2.0,97.0,0.0,1.0,0.0,0.0
1.0,0.0,0.0,0.0,0.0,0.0
1.0,97.0,1.0,1.0,0.0,0.0
1.0,98.0,1.0,0.0,0.0,0.0
1.0,99.0,0.0,0.0,0.0,0.0
1.0,98.0,0.0,1.0,0.0,0.0
1.0,99.0,0.0,0.0,0.0,0.0
1.0,99.0,0.0,0.0,0.0,0.0
1.0,98.0,0.0,1.0,0.0,0.0
1.0,98.0,1.0,0.0,0.0,0.0
2.0,0.0,1.0,1.0,0.0,5.0
1.0,98.0,0.0,1.0,0.0,0.0
3.0,95.0,0.0,2.0,0.0,0.0
1.0,99.0,0.0,0.0,0.0,0.0
1.0,0.0,11.0,2.0,0.0,0.0
1.0,99.0,0.0,0.0,0.0,0.0
1.0,98.0,0.0,1.0,0.0,0.0
1.0,1.0,11.0,1.0,0.0,0.0
1.0,99.0,0.0,0.0,0.0,0.0
1.0,0.0,0.0,0.0,0.0,0.0
1.0,99.0,0.0,0.0,0.0,0.0
1.0,96.0,1.0,2.0,0.0,0.0
1.0,98.0,0.0,1.0,0.0,0.0
2.0,98.0,0.0,0.0,0.0,0.0
2.0,96.0,0.0,2.0,0.0,0.0
1.0,99.0,0.0,0.0,0.0,0.0
1.0,99.0,0.0,0.0,0.0,0.0
1.0,98.0,1.0,0.0,0.0,0.0
2.0,98.0,0.0,0.0,0.0,0.0
1.0,0.0,71.0,1.0,0.0,0.0
1.0,98.0,1.0,0.0,0.0,0.0
1.0,99.0,0.0,0.0,0.0,0.0
1.0,97.0,2.0,0.0,0.0,0.0
1.0,0.0,4.0,1.0,0.0,0.0
1.0,98.0,0.0,1.0,0.0,0.0
2.0,98.0,0.0,0.0,0.0,0.0
1.0,99.0,0.0,0.0,0.0,0.0
1.0,0.0,11.0,1.0,0.0,0.0
1.0,98.0,1.0,0.0,0.0,0.0
1.0,0.0,40.0,1.0,0.0,0.0
4.0,95.0,1.0,0.0,0.0,0.0
1.0,97.0,0.0,2.0,0.0,0.0
2.0,0.0,70.0,2.0,0.0,0.0
4.0,6.0,19.0,0.0,0.0,0.0
4.0,94.0,0.0,2.0,0.0,0.0
2.0,97.0,0.0,1.0,0.0,0.0
1.0,99.0,0.0,0.0,0.0,0.0
1.0,97.0,0.0,2.0,0.0,0.0
1.0,98.0,1.0,0.0,0.0,0.0
2.0,0.0,60.0,1.0,0.0,0.0
1.0,97.0,0.0,2.0,0.0,0.0
2.0,98.0,0.0,0.0,0.0,0.0
1.0,98.0,0.0,1.0,0.0,0.0
5.0,0.0,20.0,2.0,0.0,0.0
2.0,98.0,0.0,0.0,0.0,0.0
1.0,98.0,0.0,1.0,0.0,0.0
3.0,96.0,0.0,1.0,0.0,0.0
3.0,97.0,0.0,0.0,0.0,0.0
1.0,98.0,0.0,1.0,0.0,0.0
1.0,98.0,0.0,1.0,0.0,0.0
1.0,99.0,0.0,0.0,0.0,0.0
1.0,98.0,1.0,0.0,0.0,0.0
1.0,99.0,0.0,0.0,0.0,0.0
1.0,99.0,0.0,0.0,0.0,0.0
1.0,98.0,0.0,1.0,0.0,0.0
1.0,8.0,0.0,2.0,89.0,0.0
1.0,0.0,2.0,1.0,0.0,11.0
1.0,0.0,26.0,1.0,0.0,0.0
1.0,97.0,1.0,1.0,0.0,0.0
2.0,97.0,0.0,1.0,0.0,0.0
1.0,99.0,0.0,0.0,0.0,0.0
1.0,98.0,1.0,0.0,0.0,0.0
1.0,0.0,0.0,0.0,0.0,0.0
1.0,98.0,0.0,1.0,0.0,0.0
1.0,99.0,0.0,0.0,0.0,0.0
1.0,98.0,1.0,0.0,0.0,0.0
1.0,99.0,0.0,0.0,0.0,0.0
3.0,97.0,0.0,0.0,0.0,0.0
1.0,94.0,0.0,5.0,0.0,0.0
1.0,99.0,0.0,0.0,0.0,0.0
2.0,96.0,0.0,2.0,0.0,0.0
3.0,0.0,2.0,1.0,0.0,58.0
1.0,99.0,0.0,0.0,0.0,0.0
1.0,0.0,1.0,1.0,0.0,4.0
1.0,31.0,0.0,3.0,65.0,0.0
1.0,0.0,31.0,2.0,0.0,0.0
2.0,98.0,0.0,0.0,0.0,0.0
2.0,98.0,0.0,0.0,0.0,0.0
1.0,98.0,0.0,1.0,0.0,0.0
3.0,96.0,0.0,1.0,0.0,0.0
1.0,99.0,0.0,0.0,0.0,0.0
1.0,96.0,0.0,3.0,0.0,0.0
1.0,99.0,0.0,0.0,0.0,0.0
1.0,0.0,40.0,2.0,0.0,0.0
1.0,0.0,0.0,0.0,0.0,0.0
1.0,99.0,0.0,0.0,0.0,0.0
2.0,87.0,0.0,1.0,10.0,0.0
1.0,99.0,0.0,0.0,0.0,0.0
1.0,99.0,0.0,0.0,0.0,0.0
1.0,98.0,1.0,0.0,0.0,0.0
1.0,79.0,0.0,3.0,17.0,0.0
1.0,99.0,0.0,0.0,0.0,0.0
1.0,99.0,0.0,0.0,0.0,0.0
1.0,0.0,15.0,2.0,0.0,0.0
2.0,98.0,0.0,0.0,0.0,0.0
1.0,98.0,0.0,1.0,0.0,0.0
2.0,97.0,0.0,1.0,0.0,0.0
1.0,97.0,0.0,2.0,0.0,0.0
1.0,0.0,47.0,2.0,0.0,0.0
1.0,0.0,15.0,1.0,0.0,0.0
1.0,0.0,13.0,1.0,0.0,0.0
5.0,95.0,0.0,0.0,0.0,0.0
1.0,99.0,0.0,0.0,0.0,0.0
1.0,98.0,0.0,1.0,0.0,0.0
1.0,99.0,0.0,0.0,0.0,0.0
2.0,98.0,0.0,0.0,0.0,0.0
1.0,97.0,0.0,2.0,0.0,0.0
1.0,99.0,0.0,0.0,0.0,0.0
1.0,99.0,0.0,0.0,0.0,0.0
1.0,94.0,0.0,5.0,0.0,0.0
5.0,92.0,0.0,3.0,0.0,0.0
3.0,0.0,18.0,1.0,0.0,0.0
1.0,97.0,1.0,1.0,0.0,0.0
3.0,0.0,96.0,1.0,0.0,0.0
4.0,0.0,68.0,2.0,0.0,0.0
1.0,98.0,0.0,1.0,0.0,0.0
2.0,97.0,0.0,1.0,0.0,0.0
1.0,99.0,0.0,0.0,0.0,0.0
4.0,96.0,0.0,0.0,0.0,0.0
1.0,0.0,11.0,1.0,0.0,0.0
1.0,99.0,0.0,0.0,0.0,0.0
1.0,97.0,0.0,2.0,0.0,0.0
1.0,0.0,0.0,0.0,0.0,0.0
2.0,97.0,0.0,1.0,0.0,0.0
1.0,98.0,1.0,0.0,0.0,0.0
1.0,99.0,0.0,0.0,0.0,0.0
3.0,97.0,0.0,0.0,0.0,0.0
1.0,0.0,0.0,0.0,0.0,0.0
2.0,96.0,1.0,1.0,0.0,0.0
1.0,96.0,3.0,0.0,0.0,0.0
2.0,96.0,1.0,1.0,0.0,0.0
1.0,97.0,0.0,2.0,0.0,0.0
2.0,98.0,0.0,0.0,0.0,0.0
1.0,99.0,0.0,0.0,0.0,0.0
1.0,98.0,1.0,0.0,0.0,0.0
1.0,99.0,0.0,0.0,0.0,0.0
1.0,99.0,0.0,0.0,0.0,0.0
2.0,96.0,0.0,2.0,0.0,0.0
1.0,98.0,0.0,1.0,0.0,0.0
1.0,98.0,1.0,0.0,0.0,0.0
2.0,98.0,0.0,0.0,0.0,0.0
1.0,0.0,0.0,0.0,0.0,0.0
1.0,99.0,0.0,0.0,0.0,0.0
1.0,99.0,0.0,0.0,0.0,0.0
1.0,0.0,40.0,1.0,0.0,0.0
1.0,0.0,43.0,1.0,0.0,0.0
1.0,98.0,0.0,1.0,0.0,0.0
1.0,98.0,1.0,0.0,0.0,0.0
1.0,99.0,0.0,0.0,0.0,0.0
2.0,97.0,1.0,0.0,0.0,0.0
2.0,98.0,0.0,0.0,0.0,0.0
1.0,99.0,0.0,0.0,0.0,0.0
1.0,0.0,13.0,2.0,0.0,0.0
2.0,97.0,0.0,1.0,0.0,0.0
2.0,97.0,0.0,1.0,0.0,0.0
3.0,96.0,0.0,1.0,0.0,0.0
1.0,2.0,0.0,1.0,96.0,0.0
2.0,98.0,0.0,0.0,0.0,0.0
1.0,97.0,0.0,2.0,0.0,0.0
1.0,99.0,0.0,0.0,0.0,0.0
1.0,97.0,2.0,0.0,0.0,0.0
1.0,99.0,0.0,0.0,0.0,0.0
2.0,97.0,0.0,1.0,0.0,0.0
3.0,96.0,0.0,1.0,0.0,0.0
1.0,99.0,0.0,0.0,0.0,0.0
1.0,92.0,0.0,7.0,0.0,0.0
1.0,97.0,0.0,2.0,0.0,0.0
2.0,98.0,0.0,0.0,0.0,0.0
1.0,0.0,81.0,1.0,0.0,0.0
1.0,99.0,0.0,0.0,0.0,0.0
2.0,98.0,0.0,0.0,0.0,0.0
4.0,0.0,41.0,2.0,0.0,0.0
2.0,97.0,0.0,1.0,0.0,0.0
1.0,98.0,1.0,0.0,0.0,0.0
1.0,99.0,0.0,0.0,0.0,0.0
1.0,99.0,0.0,0.0,0.0,0.0
1.0,99.0,0.0,0.0,0.0,0.0
1.0,3.0,0.0,1.0,95.0,0.0
1.0,97.0,0.0,2.0,0.0,0.0
2.0,97.0,0.0,1.0,0.0,0.0
2.0,0.0,27.0,3.0,0.0,0.0
3.0,0.0,1.0,1.0,0.0,65.0
2.0,97.0,0.0,1.0,0.0,0.0
1.0,0.0,12.0,1.0,0.0,0.0
1.0,99.0,0.0,0.0,0.0,0.0
1.0,98.0,0.0,1.0,0.0,0.0
1.0,98.0,1.0,0.0,0.0,0.0
2.0,98.0,0.0,0.0,0.0,0.0
2.0,96.0,0.0,2.0,0.0,0.0
1.0,0.0,0.0,0.0,0.0,0.0
2.0,90.0,8.0,0.0,0.0,0.0
1.0,96.0,0.0,3.0,0.0,0.0
1.0,99.0,0.0,0.0,0.0,0.0
1.0,0.0,98.0,1.0,0.0,0.0
1.0,99.0,0.0,0.0,0.0,0.0
2.0,85.0,12.0,1.0,0.0,0.0
1.0,98.0,0.0,1.0,0.0,0.0
1.0,96.0,1.0,2.0,0.0,0.0
1.0,99.0,0.0,0.0,0.0,0.0
1.0,99.0,0.0,0.0,0.0,0.0
1.0,98.0,1.0,0.0,0.0,0.0
1.0,99.0,0.0,0.0,0.0,0.0
1.0,0.0,24.0,1.0,0.0,0.0
3.0,94.0,1.0,2.0,0.0,0.0
1.0,98.0,0.0,1.0,0.0,0.0
1.0,98.0,1.0,0.0,0.0,0.0
1.0,97.0,0.0,2.0,0.0,0.0
1.0,98.0,1.0,0.0,0.0,0.0
1.0,98.0,0.0,1.0,0.0,0.0
1.0,98.0,1.0,0.0,0.0,0.0
3.0,97.0,0.0,0.0,0.0,0.0
1.0,98.0,1.0,0.0,0.0,0.0
3.0,94.0,0.0,3.0,0.0,0.0
1.0,98.0,0.0,1.0,0.0,0.0
2.0,97.0,0.0,1.0,0.0,0.0
1.0,51.0,0.0,3.0,45.0,0.0
5.0,94.0,0.0,1.0,0.0,0.0
1.0,0.0,6.0,3.0,0.0,0.0
1.0,99.0,0.0,0.0,0.0,0.0
2.0,98.0,0.0,0.0,0.0,0.0
3.0,96.0,0.0,1.0,0.0,0.0
1.0,92.0,0.0,7.0,0.0,0.0
1.0,99.0,0.0,0.0,0.0,0.0
1.0,99.0,0.0,0.0,0.0,0.0
1.0,99.0,0.0,0.0,0.0,0.0
1.0,0.0,98.0,1.0,0.0,0.0
1.0,98.0,1.0,0.0,0.0,0.0
1.0,99.0,0.0,0.0,0.0,0.0
3.0,94.0,0.0,3.0,0.0,0.0
1.0,99.0,0.0,0.0,0.0,0.0
2.0,97.0,0.0,1.0,0.0,0.0
1.0,96.0,1.0,2.0,0.0,0.0
1.0,95.0,0.0,4.0,0.0,0.0
4.0,0.0,84.0,1.0,0.0,0.0
1.0,97.0,0.0,2.0,0.0,0.0
1.0,97.0,0.0,2.0,0.0,0.0
1.0,98.0,0.0,1.0,0.0,0.0
2.0,98.0,0.0,0.0,0.0,0.0
1.0,98.0,0.0,1.0,0.0,0.0
1.0,98.0,0.0,1.0,0.0,0.0
2.0,0.0,8.0,1.0,0.0,0.0
1.0,98.0,0.0,1.0,0.0,0.0
1.0,0.0,1.0,3.0,0.0,64.0
1.0,97.0,1.0,1.0,0.0,0.0
1.0,99.0,0.0,0.0,0.0,0.0
1.0,0.0,44.0,2.0,0.0,0.0
2.0,97.0,0.0,1.0,0.0,0.0
1.0,98.0,1.0,0.0,0.0,0.0
1.0,98.0,1.0,0.0,0.0,0.0
1.0,93.0,1.0,5.0,0.0,0.0
1.0,99.0,0.0,0.0,0.0,0.0
6.0,94.0,0.0,0.0,0.0,0.0
4.0,95.0,1.0,0.0,0.0,0.0
2.0,0.0,1.0,1.0,0.0,18.0
1.0,99.0,0.0,0.0,0.0,0.0
4.0,94.0,0.0,2.0,0.0,0.0
1.0,99.0,0.0,0.0,0.0,0.0
1.0,0.0,3.0,1.0,0.0,0.0
2.0,96.0,1.0,1.0,0.0,0.0
2.0,98.0,0.0,0.0,0.0,0.0
2.0,97.0,0.0,1.0,0.0,0.0
1.0,97.0,0.0,2.0,0.0,0.0
1.0,99.0,0.0,0.0,0.0,0.0
1.0,0.0,78.0,1.0,0.0,0.0
1.0,97.0,0.0,2.0,0.0,0.0
1.0,98.0,1.0,0.0,0.0,0.0
1.0,95.0,0.0,4.0,0.0,0.0
1.0,0.0,81.0,2.0,0.0,0.0
1.0,98.0,1.0,0.0,0.0,0.0
1.0,98.0,0.0,1.0,0.0,0.0
1.0,98.0,0.0,1.0,0.0,0.0
1.0,99.0,0.0,0.0,0.0,0.0
1.0,97.0,1.0,1.0,0.0,0.0
3.0,95.0,0.0,2.0,0.0,0.0
2.0,98.0,0.0,0.0,0.0,0.0
1.0,99.0,0.0,0.0,0.0,0.0
2.0,98.0,0.0,0.0,0.0,0.0
1.0,0.0,44.0,2.0,0.0,0.0
2.0,98.0,0.0,0.0,0.0,0.0
1.0,97.0,1.0,1.0,0.0,0.0
1.0,98.0,1.0,0.0,0.0,0.0
2.0,97.0,0.0,1.0,0.0,0.0
1.0,0.0,14.0,3.0,0.0,0.0
1.0,98.0,1.0,0.0,0.0,0.0
4.0,90.0,0.0,6.0,0.0,0.0
2.0,97.0,1.0,0.0,0.0,0.0
2.0,0.0,96.0,1.0,0.0,0.0
2.0,91.0,7.0,0.0,0.0,0.0
1.0,97.0,0.0,2.0,0.0,0.0
5.0,93.0,0.0,2.0,0.0,0.0
1.0,97.0,0.0,2.0,0.0,0.0
2.0,98.0,0.0,0.0,0.0,0.0
1.0,99.0,0.0,0.0,0.0,0.0
2.0,98.0,0.0,0.0,0.0,0.0
1.0,0.0,1.0,1.0,0.0,16.0
1.0,98.0,1.0,0.0,0.0,0.0
1.0,96.0,0.0,3.0,0.0,0.0
1.0,0.0,0.0,0.0,0.0,0.0
1.0,97.0,0.0,2.0,0.0,0.0
1.0,99.0,0.0,0.0,0.0,0.0
3.0,96.0,1.0,0.0,0.0,0.0
3.0,0.0,7.0,1.0,0.0,0.0
1.0,99.0,0.0,0.0,0.0,0.0
1.0,98.0,0.0,1.0,0.0,0.0
1.0,98.0,1.0,0.0,0.0,0.0
1.0,0.0,48.0,1.0,0.0,0.0
2.0,98.0,0.0,0.0,0.0,0.0
1.0,99.0,0.0,0.0,0.0,0.0
10.0,90.0,0.0,0.0,0.0,0.0
1.0,98.0,1.0,0.0,0.0,0.0
1.0,98.0,0.0,1.0,0.0,0.0
2.0,93.0,0.0,5.0,0.0,0.0
3.0,96.0,0.0,1.0,0.0,0.0
5.0,0.0,6.0,1.0,0.0,0.0
1.0,97.0,0.0,2.0,0.0,0.0
1.0,99.0,0.0,0.0,0.0,0.0
2.0,97.0,0.0,1.0,0.0,0.0
2.0,93.0,1.0,4.0,0.0,0.0
2.0,0.0,30.0,2.0,0.0,0.0
1.0,99.0,0.0,0.0,0.0,0.0
1.0,97.0,1.0,1.0,0.0,0.0
1.0,99.0,0.0,0.0,0.0,0.0
1.0,35.0,20.0,1.0,0.0,0.0
1.0,99.0,0.0,0.0,0.0,0.0
2.0,98.0,0.0,0.0,0.0,0.0
2.0,98.0,0.0,0.0,0.0,0.0
3.0,97.0,0.0,0.0,0.0,0.0
1.0,98.0,1.0,0.0,0.0,0.0
1.0,99.0,0.0,0.0,0.0,0.0
1.0,99.0,0.0,0.0,0.0,0.0
1.0,99.0,0.0,0.0,0.0,0.0
1.0,99.0,0.0,0.0,0.0,0.0
2.0,98.0,0.0,0.0,0.0,0.0
1.0,0.0,18.0,2.0,0.0,0.0
2.0,97.0,0.0,1.0,0.0,0.0
4.0,96.0,0.0,0.0,0.0,0.0
2.0,98.0,0.0,0.0,0.0,0.0
1.0,97.0,1.0,1.0,0.0,0.0
1.0,99.0,0.0,0.0,0.0,0.0
5.0,95.0,0.0,0.0,0.0,0.0
5.0,94.0,1.0,0.0,0.0,0.0
1.0,97.0,0.0,2.0,0.0,0.0
1.0,99.0,0.0,0.0,0.0,0.0
1.0,0.0,97.0,2.0,0.0,0.0
1.0,98.0,0.0,1.0,0.0,0.0
1.0,0.0,38.0,1.0,0.0,0.0
1.0,96.0,1.0,2.0,0.0,0.0
1.0,98.0,0.0,1.0,0.0,0.0
1.0,2.0,47.0,0.0,0.0,0.0
2.0,98.0,0.0,0.0,0.0,0.0
3.0,23.0,0.0,4.0,70.0,0.0
1.0,98.0,1.0,0.0,0.0,0.0
2.0,96.0,0.0,2.0,0.0,0.0
1.0,0.0,1.0,1.0,0.0,15.0
1.0,0.0,36.0,2.0,0.0,0.0
1.0,91.0,1.0,7.0,0.0,0.0
1.0,98.0,0.0,1.0,0.0,0.0
2.0,97.0,0.0,1.0,0.0,0.0
1.0,97.0,0.0,2.0,0.0,0.0
1.0,99.0,0.0,0.0,0.0,0.0
1.0,99.0,0.0,0.0,0.0,0.0
1.0,99.0,0.0,0.0,0.0,0.0
1.0,96.0,0.0,3.0,0.0,0.0
2.0,95.0,1.0,2.0,0.0,0.0
5.0,92.0,0.0,3.0,0.0,0.0
1.0,99.0,0.0,0.0,0.0,0.0
1.0,96.0,1.0,2.0,0.0,0.0
1.0,95.0,1.0,3.0,0.0,0.0
2.0,98.0,0.0,0.0,0.0,0.0
3.0,96.0,1.0,0.0,0.0,0.0
1.0,96.0,0.0,3.0,0.0,0.0
4.0,0.0,94.0,1.0,0.0,0.0
1.0,98.0,1.0,0.0,0.0,0.0
8.0,91.0,0.0,1.0,0.0,0.0
1.0,98.0,1.0,0.0,0.0,0.0
1.0,97.0,1.0,1.0,0.0,0.0
1.0,97.0,1.0,1.0,0.0,0.0
4.0,89.0,0.0,7.0,0.0,0.0
1.0,99.0,0.0,0.0,0.0,0.0
1.0,95.0,0.0,4.0,0.0,0.0
1.0,98.0,0.0,1.0,0.0,0.0
1.0,97.0,0.0,2.0,0.0,0.0
5.0,95.0,0.0,0.0,0.0,0.0
2.0,97.0,0.0,1.0,0.0,0.0
1.0,0.0,88.0,1.0,0.0,0.0
4.0,0.0,1.0,1.0,0.0,16.0
1.0,98.0,1.0,0.0,0.0,0.0
2.0,98.0,0.0,0.0,0.0,0.0
1.0,99.0,0.0,0.0,0.0,0.0
1.0,98.0,1.0,0.0,0.0,0.0
2.0,98.0,0.0,0.0,0.0,0.0
1.0,83.0,14.0,2.0,0.0,0.0
1.0,0.0,1.0,1.0,0.0,2.0
1.0,98.0,0.0,1.0,0.0,0.0
2.0,0.0,21.0,1.0,0.0,0.0
1.0,96.0,0.0,3.0,0.0,0.0
1.0,98.0,0.0,1.0,0.0,0.0
2.0,17.0,21.0,0.0,0.0,0.0
1.0,98.0,1.0,0.0,0.0,0.0
1.0,99.0,0.0,0.0,0.0,0.0
2.0,95.0,0.0,3.0,0.0,0.0
4.0,0.0,1.0,1.0,0.0,6.0
2.0,96.0,0.0,2.0,0.0,0.0
1.0,0.0,40.0,3.0,0.0,0.0
2.0,95.0,1.0,2.0,0.0,0.0
1.0,98.0,0.0,1.0,0.0,0.0
1.0,0.0,0.0,0.0,0.0,0.0
2.0,0.0,8.0,2.0,0.0,0.0
1.0,99.0,0.0,0.0,0.0,0.0
2.0,97.0,0.0,1.0,0.0,0.0
1.0,99.0,0.0,0.0,0.0,0.0
3.0,96.0,0.0,1.0,0.0,0.0
1.0,99.0,0.0,0.0,0.0,0.0
1.0,98.0,0.0,1.0,0.0,0.0
1.0,99.0,0.0,0.0,0.0,0.0
7.0,92.0,1.0,0.0,0.0,0.0
1.0,97.0,0.0,2.0,0.0,0.0
1.0,98.0,1.0,0.0,0.0,0.0
1.0,97.0,0.0,2.0,0.0,0.0
1.0,99.0,0.0,0.0,0.0,0.0
2.0,98.0,0.0,0.0,0.0,0.0
1.0,0.0,0.0,0.0,0.0,0.0
5.0,0.0,80.0,1.0,0.0,0.0
3.0,0.0,44.0,1.0,0.0,0.0
1.0,98.0,0.0,1.0,0.0,0.0
1.0,98.0,0.0,1.0,0.0,0.0
1.0,91.0,0.0,8.0,0.0,0.0
1.0,98.0,1.0,0.0,0.0,0.0
1.0,98.0,1.0,0.0,0.0,0.0
1.0,98.0,0.0,1.0,0.0,0.0
1.0,98.0,1.0,0.0,0.0,0.0
2.0,92.0,0.0,6.0,0.0,0.0
1.0,94.0,0.0,5.0,0.0,0.0
2.0,97.0,0.0,1.0,0.0,0.0
1.0,99.0,0.0,0.0,0.0,0.0
1.0,98.0,1.0,0.0,0.0,0.0
1.0,96.0,1.0,2.0,0.0,0.0
1.0,97.0,1.0,1.0,0.0,0.0
1.0,99.0,0.0,0.0,0.0,0.0
1.0,97.0,1.0,1.0,0.0,0.0
1.0,98.0,0.0,1.0,0.0,0.0
1.0,98.0,0.0,1.0,0.0,0.0
2.0,98.0,0.0,0.0,0.0,0.0
2.0,97.0,0.0,1.0,0.0,0.0
2.0,98.0,0.0,0.0,0.0,0.0
1.0,99.0,0.0,0.0,0.0,0.0
2.0,96.0,1.0,1.0,0.0,0.0
3.0,0.0,4.0,1.0,0.0,0.0
1.0,99.0,0.0,0.0,0.0,0.0
2.0,0.0,17.0,1.0,0.0,0.0
2.0,98.0,0.0,0.0,0.0,0.0
1.0,99.0,0.0,0.0,0.0,0.0
1.0,99.0,0.0,0.0,0.0,0.0
2.0,0.0,54.0,10.0,0.0,0.0
1.0,99.0,0.0,0.0,0.0,0.0
1.0,99.0,0.0,0.0,0.0,0.0
1.0,99.0,0.0,0.0,0.0,0.0
1.0,99.0,0.0,0.0,0.0,0.0
2.0,97.0,0.0,1.0,0.0,0.0
1.0,0.0,14.0,1.0,0.0,0.0
1.0,98.0,0.0,1.0,0.0,0.0
2.0,98.0,0.0,0.0,0.0,0.0
1.0,97.0,0.0,2.0,0.0,0.0
1.0,99.0,0.0,0.0,0.0,0.0
1.0,98.0,0.0,1.0,0.0,0.0
1.0,99.0,0.0,0.0,0.0,0.0
1.0,98.0,0.0,1.0,0.0,0.0
1.0,98.0,1.0,0.0,0.0,0.0
1.0,99.0,0.0,0.0,0.0,0.0
2.0,0.0,23.0,3.0,0.0,0.0
1.0,97.0,0.0,2.0,0.0,0.0
1.0,98.0,0.0,1.0,0.0,0.0
1.0,0.0,80.0,1.0,0.0,0.0
1.0,99.0,0.0,0.0,0.0,0.0
1.0,0.0,0.0,0.0,0.0,0.0
1.0,89.0,1.0,9.0,0.0,0.0
1.0,0.0,6.0,1.0,0.0,0.0
1.0,99.0,0.0,0.0,0.0,0.0
2.0,98.0,0.0,0.0,0.0,0.0
4.0,94.0,1.0,1.0,0.0,0.0
1.0,97.0,0.0,2.0,0.0,0.0
1.0,99.0,0.0,0.0,0.0,0.0
1.0,98.0,1.0,0.0,0.0,0.0
1.0,96.0,0.0,3.0,0.0,0.0
6.0,94.0,0.0,0.0,0.0,0.0
1.0,0.0,10.0,1.0,0.0,0.0
1.0,99.0,0.0,0.0,0.0,0.0
1.0,98.0,0.0,1.0,0.0,0.0
4.0,96.0,0.0,0.0,0.0,0.0
2.0,98.0,0.0,0.0,0.0,0.0
2.0,96.0,0.0,2.0,0.0,0.0
1.0,99.0,0.0,0.0,0.0,0.0
2.0,98.0,0.0,0.0,0.0,0.0
2.0,0.0,1.0,1.0,0.0,87.0
1.0,99.0,0.0,0.0,0.0,0.0
1.0,96.0,1.0,2.0,0.0,0.0
1.0,99.0,0.0,0.0,0.0,0.0
2.0,54.0,0.0,1.0,43.0,0.0
1.0,99.0,0.0,0.0,0.0,0.0
1.0,98.0,0.0,1.0,0.0,0.0
6.0,94.0,0.0,0.0,0.0,0.0
1.0,0.0,0.0,0.0,0.0,0.0
1.0,98.0,0.0,1.0,0.0,0.0
1.0,99.0,0.0,0.0,0.0,0.0
6.0,93.0,0.0,1.0,0.0,0.0
3.0,96.0,0.0,1.0,0.0,0.0
1.0,98.0,1.0,0.0,0.0,0.0
2.0,98.0,0.0,0.0,0.0,0.0
1.0,35.0,45.0,2.0,0.0,0.0
1.0,98.0,0.0,1.0,0.0,0.0
2.0,98.0,0.0,0.0,0.0,0.0
1.0,99.0,0.0,0.0,0.0,0.0
5.0,90.0,0.0,5.0,0.0,0.0
2.0,0.0,5.0,3.0,0.0,0.0
1.0,99.0,0.0,0.0,0.0,0.0
1.0,97.0,1.0,1.0,0.0,0.0
3.0,96.0,0.0,1.0,0.0,0.0
1.0,92.0,0.0,4.0,3.0,0.0
1.0,99.0,0.0,0.0,0.0,0.0
3.0,97.0,0.0,0.0,0.0,0.0
1.0,98.0,1.0,0.0,0.0,0.0
1.0,0.0,13.0,1.0,0.0,0.0
1.0,91.0,1.0,7.0,0.0,0.0
1.0,97.0,0.0,2.0,0.0,0.0
1.0,98.0,0.0,1.0,0.0,0.0
2.0,0.0,0.0,0.0,0.0,0.0
2.0,98.0,0.0,0.0,0.0,0.0
3.0,95.0,0.0,2.0,0.0,0.0
1.0,0.0,0.0,1.0,0.0,0.0
1.0,98.0,0.0,1.0,0.0,0.0
1.0,98.0,1.0,0.0,0.0,0.0
1.0,99.0,0.0,0.0,0.0,0.0
1.0,98.0,0.0,1.0,0.0,0.0
3.0,96.0,0.0,1.0,0.0,0.0
1.0,97.0,0.0,2.0,0.0,0.0
1.0,95.0,0.0,4.0,0.0,0.0
4.0,95.0,0.0,1.0,0.0,0.0
5.0,95.0,0.0,0.0,0.0,0.0
1.0,93.0,0.0,6.0,0.0,0.0
3.0,96.0,0.0,1.0,0.0,0.0
1.0,98.0,0.0,1.0,0.0,0.0
1.0,96.0,0.0,3.0,0.0,0.0
1.0,98.0,1.0,0.0,0.0,0.0
1.0,0.0,19.0,1.0,0.0,0.0
1.0,0.0,19.0,1.0,0.0,0.0
1.0,0.0,19.0,1.0,0.0,0.0
1.0,99.0,0.0,0.0,0.0,0.0
1.0,97.0,1.0,1.0,0.0,0.0
1.0,99.0,0.0,0.0,0.0,0.0
1.0,0.0,4.0,3.0,0.0,0.0
3.0,26.0,5.0,0.0,0.0,0.0
5.0,94.0,1.0,0.0,0.0,0.0
1.0,0.0,66.0,5.0,0.0,0.0
1.0,98.0,0.0,1.0,0.0,0.0
3.0,97.0,0.0,0.0,0.0,0.0
3.0,97.0,0.0,0.0,0.0,0.0
2.0,94.0,0.0,4.0,0.0,0.0
1.0,98.0,0.0,1.0,0.0,0.0
1.0,94.0,0.0,5.0,0.0,0.0
1.0,99.0,0.0,0.0,0.0,0.0
1.0,96.0,1.0,2.0,0.0,0.0
1.0,99.0,0.0,0.0,0.0,0.0
2.0,98.0,0.0,0.0,0.0,0.0
2.0,98.0,0.0,0.0,0.0,0.0
4.0,94.0,0.0,2.0,0.0,0.0
6.0,94.0,0.0,0.0,0.0,0.0
1.0,99.0,0.0,0.0,0.0,0.0
1.0,99.0,0.0,0.0,0.0,0.0
3.0,0.0,95.0,2.0,0.0,0.0
1.0,0.0,13.0,2.0,0.0,0.0
1.0,99.0,0.0,0.0,0.0,0.0
1.0,99.0,0.0,0.0,0.0,0.0
4.0,94.0,0.0,2.0,0.0,0.0
1.0,95.0,1.0,3.0,0.0,0.0
1.0,95.0,0.0,4.0,0.0,0.0
1.0,0.0,34.0,3.0,0.0,0.0
1.0,98.0,1.0,0.0,0.0,0.0
1.0,98.0,0.0,1.0,0.0,0.0
1.0,98.0,0.0,1.0,0.0,0.0
2.0,98.0,0.0,0.0,0.0,0.0
2.0,97.0,1.0,0.0,0.0,0.0
1.0,94.0,0.0,5.0,0.0,0.0
1.0,99.0,0.0,0.0,0.0,0.0
2.0,98.0,0.0,0.0,0.0,0.0
1.0,98.0,0.0,1.0,0.0,0.0
1.0,98.0,0.0,1.0,0.0,0.0
1.0,98.0,0.0,1.0,0.0,0.0
1.0,97.0,0.0,2.0,0.0,0.0
5.0,95.0,0.0,0.0,0.0,0.0
1.0,99.0,0.0,0.0,0.0,0.0
1.0,99.0,0.0,0.0,0.0,0.0
1.0,98.0,0.0,1.0,0.0,0.0
1.0,95.0,0.0,4.0,0.0,0.0
1.0,97.0,0.0,2.0,0.0,0.0
1.0,96.0,0.0,3.0,0.0,0.0
1.0,99.0,0.0,0.0,0.0,0.0
1.0,99.0,0.0,0.0,0.0,0.0
2.0,98.0,0.0,0.0,0.0,0.0
1.0,99.0,0.0,0.0,0.0,0.0
1.0,99.0,0.0,0.0,0.0,0.0
2.0,98.0,0.0,0.0,0.0,0.0
1.0,98.0,1.0,0.0,0.0,0.0
4.0,96.0,0.0,0.0,0.0,0.0
1.0,99.0,0.0,0.0,0.0,0.0
1.0,99.0,0.0,0.0,0.0,0.0
3.0,95.0,0.0,2.0,0.0,0.0
2.0,97.0,1.0,0.0,0.0,0.0
3.0,97.0,0.0,0.0,0.0,0.0
2.0,98.0,0.0,0.0,0.0,0.0
4.0,95.0,0.0,1.0,0.0,0.0
1.0,99.0,0.0,0.0,0.0,0.0
1.0,96.0,0.0,3.0,0.0,0.0
1.0,97.0,1.0,1.0,0.0,0.0
2.0,97.0,0.0,1.0,0.0,0.0
1.0,98.0,1.0,0.0,0.0,0.0
1.0,99.0,0.0,0.0,0.0,0.0
2.0,92.0,1.0,5.0,0.0,0.0
1.0,99.0,0.0,0.0,0.0,0.0
4.0,96.0,0.0,0.0,0.0,0.0
2.0,98.0,0.0,0.0,0.0,0.0
1.0,99.0,0.0,0.0,0.0,0.0
2.0,98.0,0.0,0.0,0.0,0.0
2.0,97.0,1.0,0.0,0.0,0.0
1.0,99.0,0.0,0.0,0.0,0.0
2.0,91.0,1.0,6.0,0.0,0.0
1.0,98.0,0.0,1.0,0.0,0.0
1.0,99.0,0.0,0.0,0.0,0.0
1.0,96.0,0.0,3.0,0.0,0.0
3.0,95.0,0.0,2.0,0.0,0.0
1.0,98.0,0.0,1.0,0.0,0.0
1.0,99.0,0.0,0.0,0.0,0.0
1.0,99.0,0.0,0.0,0.0,0.0
1.0,96.0,0.0,3.0,0.0,0.0
3.0,62.0,0.0,3.0,32.0,0.0
1.0,98.0,0.0,1.0,0.0,0.0
1.0,99.0,0.0,0.0,0.0,0.0
1.0,96.0,1.0,2.0,0.0,0.0
1.0,99.0,0.0,0.0,0.0,0.0
1.0,0.0,5.0,1.0,0.0,0.0
6.0,94.0,0.0,0.0,0.0,0.0
1.0,98.0,0.0,1.0,0.0,0.0
4.0,96.0,0.0,0.0,0.0,0.0
1.0,96.0,0.0,3.0,0.0,0.0
1.0,98.0,0.0,1.0,0.0,0.0
1.0,0.0,0.0,0.0,0.0,0.0
3.0,96.0,0.0,1.0,0.0,0.0
1.0,99.0,0.0,0.0,0.0,0.0
1.0,99.0,0.0,0.0,0.0,0.0
1.0,99.0,0.0,0.0,0.0,0.0
1.0,99.0,0.0,0.0,0.0,0.0
2.0,67.0,0.0,1.0,30.0,0.0
1.0,0.0,1.0,3.0,0.0,6.0
1.0,93.0,0.0,6.0,0.0,0.0
1.0,99.0,0.0,0.0,0.0,0.0
1.0,95.0,0.0,4.0,0.0,0.0
1.0,97.0,0.0,2.0,0.0,0.0
1.0,94.0,0.0,5.0,0.0,0.0
1.0,99.0,0.0,0.0,0.0,0.0
1.0,99.0,0.0,0.0,0.0,0.0
1.0,99.0,0.0,0.0,0.0,0.0
2.0,95.0,0.0,3.0,0.0,0.0
1.0,98.0,0.0,1.0,0.0,0.0
1.0,99.0,0.0,0.0,0.0,0.0
3.0,97.0,0.0,0.0,0.0,0.0
1.0,0.0,1.0,1.0,0.0,5.0
1.0,94.0,1.0,4.0,0.0,0.0
3.0,96.0,1.0,0.0,0.0,0.0
1.0,0.0,2.0,1.0,0.0,0.0
2.0,98.0,0.0,0.0,0.0,0.0
2.0,98.0,0.0,0.0,0.0,0.0
1.0,99.0,0.0,0.0,0.0,0.0
4.0,96.0,0.0,0.0,0.0,0.0
1.0,0.0,69.0,2.0,0.0,0.0
1.0,0.0,1.0,3.0,0.0,20.0
1.0,99.0,0.0,0.0,0.0,0.0
1.0,99.0,0.0,0.0,0.0,0.0
2.0,97.0,0.0,1.0,0.0,0.0
1.0,94.0,1.0,4.0,0.0,0.0
4.0,0.0,79.0,1.0,0.0,0.0
1.0,99.0,0.0,0.0,0.0,0.0
1.0,97.0,1.0,1.0,0.0,0.0
3.0,97.0,0.0,0.0,0.0,0.0
1.0,99.0,0.0,0.0,0.0,0.0
1.0,0.0,98.0,1.0,0.0,0.0
3.0,0.0,2.0,1.0,0.0,94.0
1.0,98.0,1.0,0.0,0.0,0.0
1.0,98.0,1.0,0.0,0.0,0.0
2.0,95.0,0.0,3.0,0.0,0.0
1.0,99.0,0.0,0.0,0.0,0.0
1.0,99.0,0.0,0.0,0.0,0.0
1.0,97.0,1.0,1.0,0.0,0.0
1.0,99.0,0.0,0.0,0.0,0.0
1.0,98.0,0.0,1.0,0.0,0.0
1.0,0.0,36.0,3.0,0.0,0.0
2.0,98.0,0.0,0.0,0.0,0.0
2.0,98.0,0.0,0.0,0.0,0.0
2.0,97.0,0.0,1.0,0.0,0.0
1.0,98.0,1.0,0.0,0.0,0.0
2.0,98.0,0.0,0.0,0.0,0.0
2.0,96.0,0.0,2.0,0.0,0.0
1.0,0.0,10.0,1.0,0.0,0.0
1.0,99.0,0.0,0.0,0.0,0.0
1.0,98.0,1.0,0.0,0.0,0.0
1.0,97.0,0.0,2.0,0.0,0.0
1.0,99.0,0.0,0.0,0.0,0.0
1.0,99.0,0.0,0.0,0.0,0.0
4.0,95.0,0.0,1.0,0.0,0.0
1.0,97.0,0.0,2.0,0.0,0.0
1.0,99.0,0.0,0.0,0.0,0.0
1.0,99.0,0.0,0.0,0.0,0.0
2.0,0.0,97.0,1.0,0.0,0.0
2.0,97.0,1.0,0.0,0.0,0.0
1.0,95.0,0.0,4.0,0.0,0.0
1.0,99.0,0.0,0.0,0.0,0.0
1.0,98.0,0.0,1.0,0.0,0.0
1.0,96.0,0.0,3.0,0.0,0.0
1.0,97.0,0.0,2.0,0.0,0.0
3.0,0.0,6.0,1.0,0.0,0.0
1.0,98.0,1.0,0.0,0.0,0.0
1.0,99.0,0.0,0.0,0.0,0.0
1.0,99.0,0.0,0.0,0.0,0.0
1.0,97.0,1.0,1.0,0.0,0.0
2.0,97.0,1.0,0.0,0.0,0.0
1.0,98.0,0.0,1.0,0.0,0.0
1.0,98.0,0.0,1.0,0.0,0.0
9.0,0.0,31.0,1.0,0.0,0.0
2.0,98.0,0.0,0.0,0.0,0.0
1.0,97.0,0.0,2.0,0.0,0.0
3.0,0.0,5.0,4.0,0.0,0.0
1.0,0.0,98.0,1.0,0.0,0.0
1.0,99.0,0.0,0.0,0.0,0.0
2.0,94.0,0.0,4.0,0.0,0.0
2.0,98.0,0.0,0.0,0.0,0.0
1.0,98.0,0.0,1.0,0.0,0.0
2.0,0.0,96.0,2.0,0.0,0.0
1.0,98.0,0.0,1.0,0.0,0.0
1.0,0.0,0.0,0.0,0.0,0.0
1.0,0.0,6.0,4.0,0.0,0.0
1.0,98.0,0.0,1.0,0.0,0.0
2.0,95.0,0.0,3.0,0.0,0.0
3.0,97.0,0.0,0.0,0.0,0.0
1.0,0.0,38.0,3.0,0.0,0.0
1.0,98.0,1.0,0.0,0.0,0.0
3.0,97.0,0.0,0.0,0.0,0.0
1.0,99.0,0.0,0.0,0.0,0.0
1.0,0.0,1.0,1.0,0.0,71.0
2.0,97.0,0.0,1.0,0.0,0.0
5.0,0.0,66.0,4.0,0.0,0.0
1.0,97.0,1.0,1.0,0.0,0.0
1.0,96.0,0.0,3.0,0.0,0.0
2.0,97.0,1.0,0.0,0.0,0.0
2.0,90.0,0.0,8.0,0.0,0.0
1.0,95.0,1.0,3.0,0.0,0.0
1.0,96.0,0.0,3.0,0.0,0.0
1.0,98.0,0.0,1.0,0.0,0.0
1.0,0.0,8.0,2.0,0.0,0.0
1.0,99.0,0.0,0.0,0.0,0.0
1.0,99.0,0.0,0.0,0.0,0.0
2.0,98.0,0.0,0.0,0.0,0.0
1.0,98.0,0.0,1.0,0.0,0.0
9.0,91.0,0.0,0.0,0.0,0.0
1.0,98.0,0.0,1.0,0.0,0.0
1.0,97.0,1.0,1.0,0.0,0.0
2.0,98.0,0.0,0.0,0.0,0.0
5.0,0.0,61.0,2.0,0.0,0.0
2.0,94.0,1.0,3.0,0.0,0.0
4.0,96.0,0.0,0.0,0.0,0.0
1.0,99.0,0.0,0.0,0.0,0.0
1.0,99.0,0.0,0.0,0.0,0.0
1.0,90.0,2.0,0.0,0.0,0.0
1.0,99.0,0.0,0.0,0.0,0.0
1.0,97.0,1.0,1.0,0.0,0.0
1.0,96.0,0.0,3.0,0.0,0.0
2.0,95.0,1.0,2.0,0.0,0.0
1.0,92.0,0.0,7.0,0.0,0.0
1.0,98.0,0.0,1.0,0.0,0.0
1.0,99.0,0.0,0.0,0.0,0.0
1.0,98.0,1.0,0.0,0.0,0.0
1.0,99.0,0.0,0.0,0.0,0.0
2.0,96.0,0.0,2.0,0.0,0.0
1.0,0.0,34.0,2.0,0.0,0.0
6.0,94.0,0.0,0.0,0.0,0.0
1.0,92.0,1.0,6.0,0.0,0.0
2.0,96.0,0.0,2.0,0.0,0.0
4.0,95.0,0.0,1.0,0.0,0.0
1.0,99.0,0.0,0.0,0.0,0.0
1.0,97.0,1.0,1.0,0.0,0.0
2.0,98.0,0.0,0.0,0.0,0.0
2.0,98.0,0.0,0.0,0.0,0.0
1.0,46.0,0.0,1.0,52.0,0.0
1.0,0.0,86.0,1.0,0.0,0.0
2.0,98.0,0.0,0.0,0.0,0.0
3.0,96.0,0.0,1.0,0.0,0.0
1.0,96.0,1.0,2.0,0.0,0.0
1.0,95.0,0.0,4.0,0.0,0.0
1.0,98.0,1.0,0.0,0.0,0.0
1.0,99.0,0.0,0.0,0.0,0.0
1.0,99.0,0.0,0.0,0.0,0.0
2.0,0.0,26.0,2.0,0.0,0.0
3.0,96.0,0.0,1.0,0.0,0.0
1.0,0.0,40.0,4.0,0.0,0.0
1.0,98.0,0.0,1.0,0.0,0.0
3.0,97.0,0.0,0.0,0.0,0.0
4.0,96.0,0.0,0.0,0.0,0.0
6.0,91.0,1.0,2.0,0.0,0.0
2.0,97.0,0.0,1.0,0.0,0.0
2.0,0.0,38.0,5.0,0.0,0.0
4.0,95.0,0.0,1.0,0.0,0.0
1.0,98.0,0.0,1.0,0.0,0.0
1.0,99.0,0.0,0.0,0.0,0.0
1.0,99.0,0.0,0.0,0.0,0.0
1.0,98.0,0.0,1.0,0.0,0.0
1.0,99.0,0.0,0.0,0.0,0.0
1.0,99.0,0.0,0.0,0.0,0.0
7.0,91.0,1.0,1.0,0.0,0.0
1.0,98.0,0.0,1.0,0.0,0.0
1.0,98.0,1.0,0.0,0.0,0.0
1.0,97.0,1.0,1.0,0.0,0.0
1.0,0.0,98.0,1.0,0.0,0.0
1.0,0.0,37.0,1.0,0.0,0.0
1.0,99.0,0.0,0.0,0.0,0.0
5.0,95.0,0.0,0.0,0.0,0.0
1.0,0.0,58.0,2.0,0.0,0.0
1.0,99.0,0.0,0.0,0.0,0.0
1.0,97.0,0.0,2.0,0.0,0.0
2.0,0.0,44.0,1.0,0.0,0.0
4.0,96.0,0.0,0.0,0.0,0.0
1.0,0.0,53.0,3.0,0.0,0.0
3.0,97.0,0.0,0.0,0.0,0.0
2.0,98.0,0.0,0.0,0.0,0.0
1.0,98.0,0.0,1.0,0.0,0.0
1.0,93.0,0.0,6.0,0.0,0.0
1.0,99.0,0.0,0.0,0.0,0.0
1.0,0.0,1.0,4.0,0.0,14.0
2.0,97.0,0.0,1.0,0.0,0.0
1.0,99.0,0.0,0.0,0.0,0.0
1.0,99.0,0.0,0.0,0.0,0.0
1.0,99.0,0.0,0.0,0.0,0.0
1.0,98.0,0.0,1.0,0.0,0.0
1.0,97.0,0.0,2.0,0.0,0.0
1.0,99.0,0.0,0.0,0.0,0.0
2.0,97.0,0.0,1.0,0.0,0.0
1.0,99.0,0.0,0.0,0.0,0.0
1.0,0.0,14.0,1.0,0.0,0.0
1.0,99.0,0.0,0.0,0.0,0.0
1.0,99.0,0.0,0.0,0.0,0.0
4.0,95.0,0.0,1.0,0.0,0.0
1.0,0.0,95.0,4.0,0.0,0.0
3.0,97.0,0.0,0.0,0.0,0.0
2.0,98.0,0.0,0.0,0.0,0.0
2.0,96.0,0.0,2.0,0.0,0.0
3.0,97.0,0.0,0.0,0.0,0.0
1.0,93.0,1.0,5.0,0.0,0.0
1.0,99.0,0.0,0.0,0.0,0.0
1.0,98.0,1.0,0.0,0.0,0.0
1.0,0.0,3.0,6.0,0.0,0.0
2.0,98.0,0.0,0.0,0.0,0.0
1.0,99.0,0.0,0.0,0.0,0.0
5.0,94.0,0.0,1.0,0.0,0.0
1.0,99.0,0.0,0.0,0.0,0.0
5.0,92.0,0.0,3.0,0.0,0.0
1.0,96.0,0.0,3.0,0.0,0.0
1.0,99.0,0.0,0.0,0.0,0.0
2.0,97.0,0.0,1.0,0.0,0.0
1.0,99.0,0.0,0.0,0.0,0.0
2.0,0.0,6.0,1.0,0.0,0.0
2.0,98.0,0.0,0.0,0.0,0.0
1.0,98.0,0.0,1.0,0.0,0.0
4.0,0.0,1.0,5.0,0.0,8.0
3.0,97.0,0.0,0.0,0.0,0.0
2.0,95.0,0.0,3.0,0.0,0.0
1.0,97.0,1.0,1.0,0.0,0.0
7.0,89.0,0.0,4.0,0.0,0.0
4.0,96.0,0.0,0.0,0.0,0.0
1.0,98.0,0.0,1.0,0.0,0.0
1.0,98.0,1.0,0.0,0.0,0.0
1.0,98.0,1.0,0.0,0.0,0.0
1.0,0.0,17.0,1.0,0.0,0.0
1.0,99.0,0.0,0.0,0.0,0.0
1.0,99.0,0.0,0.0,0.0,0.0
1.0,98.0,1.0,0.0,0.0,0.0
1.0,99.0,0.0,0.0,0.0,0.0
2.0,98.0,0.0,0.0,0.0,0.0
2.0,97.0,1.0,0.0,0.0,0.0
1.0,98.0,1.0,0.0,0.0,0.0
4.0,95.0,0.0,1.0,0.0,0.0
1.0,0.0,1.0,1.0,0.0,2.0
1.0,72.0,0.0,1.0,26.0,0.0
1.0,99.0,0.0,0.0,0.0,0.0
1.0,95.0,0.0,4.0,0.0,0.0
1.0,92.0,1.0,6.0,0.0,0.0
1.0,98.0,0.0,1.0,0.0,0.0
1.0,98.0,0.0,1.0,0.0,0.0
1.0,96.0,1.0,2.0,0.0,0.0
1.0,99.0,0.0,0.0,0.0,0.0
1.0,98.0,0.0,1.0,0.0,0.0
2.0,98.0,0.0,0.0,0.0,0.0
1.0,0.0,12.0,1.0,0.0,0.0
2.0,98.0,0.0,0.0,0.0,0.0
2.0,97.0,0.0,1.0,0.0,0.0
1.0,99.0,0.0,0.0,0.0,0.0
1.0,98.0,1.0,0.0,0.0,0.0
1.0,0.0,1.0,1.0,0.0,8.0
1.0,94.0,0.0,5.0,0.0,0.0
1.0,98.0,0.0,1.0,0.0,0.0
2.0,93.0,1.0,4.0,0.0,0.0
1.0,0.0,1.0,2.0,0.0,70.0
1.0,98.0,1.0,0.0,0.0,0.0
1.0,99.0,0.0,0.0,0.0,0.0
1.0,96.0,1.0,2.0,0.0,0.0
1.0,96.0,0.0,3.0,0.0,0.0
3.0,96.0,1.0,0.0,0.0,0.0
1.0,97.0,0.0,2.0,0.0,0.0
4.0,0.0,92.0,3.0,0.0,0.0
1.0,0.0,1.0,2.0,0.0,58.0
2.0,97.0,1.0,0.0,0.0,0.0
1.0,99.0,0.0,0.0,0.0,0.0
1.0,96.0,0.0,3.0,0.0,0.0
1.0,98.0,0.0,1.0,0.0,0.0
1.0,0.0,1.0,2.0,0.0,60.0
2.0,98.0,0.0,0.0,0.0,0.0
2.0,98.0,0.0,0.0,0.0,0.0
1.0,99.0,0.0,0.0,0.0,0.0
3.0,24.0,39.0,2.0,0.0,0.0
2.0,96.0,0.0,2.0,0.0,0.0
1.0,99.0,0.0,0.0,0.0,0.0
1.0,95.0,0.0,4.0,0.0,0.0
1.0,98.0,0.0,1.0,0.0,0.0
1.0,98.0,1.0,0.0,0.0,0.0
1.0,99.0,0.0,0.0,0.0,0.0
1.0,99.0,0.0,0.0,0.0,0.0
1.0,97.0,1.0,1.0,0.0,0.0
3.0,97.0,0.0,0.0,0.0,0.0
4.0,96.0,0.0,0.0,0.0,0.0
1.0,91.0,0.0,8.0,0.0,0.0
1.0,99.0,0.0,0.0,0.0,0.0
1.0,99.0,0.0,0.0,0.0,0.0
2.0,97.0,1.0,0.0,0.0,0.0
1.0,98.0,0.0,1.0,0.0,0.0
1.0,99.0,0.0,0.0,0.0,0.0
1.0,97.0,1.0,1.0,0.0,0.0
1.0,99.0,0.0,0.0,0.0,0.0
1.0,89.0,2.0,8.0,0.0,0.0
2.0,19.0,0.0,2.0,77.0,0.0
1.0,0.0,1.0,5.0,0.0,56.0
1.0,99.0,0.0,0.0,0.0,0.0
1.0,93.0,1.0,5.0,0.0,0.0
1.0,98.0,0.0,1.0,0.0,0.0
5.0,0.0,78.0,1.0,0.0,0.0
1.0,98.0,0.0,1.0,0.0,0.0
5.0,92.0,0.0,3.0,0.0,0.0
3.0,97.0,0.0,0.0,0.0,0.0
2.0,97.0,0.0,1.0,0.0,0.0
2.0,0.0,1.0,1.0,0.0,96.0
1.0,0.0,20.0,1.0,0.0,0.0
1.0,99.0,0.0,0.0,0.0,0.0
1.0,95.0,0.0,4.0,0.0,0.0
2.0,97.0,0.0,1.0,0.0,0.0
2.0,97.0,1.0,0.0,0.0,0.0
1.0,97.0,1.0,1.0,0.0,0.0
2.0,97.0,0.0,1.0,0.0,0.0
2.0,97.0,0.0,1.0,0.0,0.0
5.0,0.0,24.0,2.0,0.0,0.0
2.0,98.0,0.0,0.0,0.0,0.0
2.0,97.0,1.0,0.0,0.0,0.0
1.0,98.0,1.0,0.0,0.0,0.0
1.0,98.0,1.0,0.0,0.0,0.0
1.0,98.0,0.0,1.0,0.0,0.0
1.0,98.0,1.0,0.0,0.0,0.0
7.0,93.0,0.0,0.0,0.0,0.0
1.0,99.0,0.0,0.0,0.0,0.0
1.0,98.0,0.0,1.0,0.0,0.0
1.0,98.0,0.0,1.0,0.0,0.0
1.0,99.0,0.0,0.0,0.0,0.0
1.0,99.0,0.0,0.0,0.0,0.0
3.0,95.0,0.0,2.0,0.0,0.0
1.0,99.0,0.0,0.0,0.0,0.0
1.0,99.0,0.0,0.0,0.0,0.0
3.0,97.0,0.0,0.0,0.0,0.0
1.0,98.0,0.0,1.0,0.0,0.0
1.0,98.0,0.0,1.0,0.0,0.0
1.0,99.0,0.0,0.0,0.0,0.0
1.0,97.0,0.0,2.0,0.0,0.0
5.0,93.0,0.0,2.0,0.0,0.0
2.0,96.0,0.0,2.0,0.0,0.0
1.0,96.0,0.0,3.0,0.0,0.0
1.0,98.0,1.0,0.0,0.0,0.0
1.0,99.0,0.0,0.0,0.0,0.0
1.0,97.0,1.0,1.0,0.0,0.0
1.0,0.0,3.0,1.0,0.0,0.0
1.0,0.0,38.0,1.0,0.0,0.0
1.0,95.0,1.0,3.0,0.0,0.0
2.0,97.0,1.0,0.0,0.0,0.0
2.0,0.0,19.0,5.0,0.0,0.0
1.0,99.0,0.0,0.0,0.0,0.0
1.0,96.0,0.0,3.0,0.0,0.0
1.0,98.0,1.0,0.0,0.0,0.0
1.0,99.0,0.0,0.0,0.0,0.0
1.0,99.0,0.0,0.0,0.0,0.0
1.0,0.0,87.0,1.0,0.0,0.0
1.0,97.0,1.0,1.0,0.0,0.0
1.0,98.0,1.0,0.0,0.0,0.0
1.0,97.0,1.0,1.0,0.0,0.0
1.0,97.0,1.0,1.0,0.0,0.0
1.0,99.0,0.0,0.0,0.0,0.0
1.0,98.0,0.0,1.0,0.0,0.0
1.0,0.0,10.0,7.0,0.0,0.0
1.0,97.0,0.0,2.0,0.0,0.0
2.0,97.0,0.0,1.0,0.0,0.0
1.0,98.0,0.0,1.0,0.0,0.0
4.0,96.0,0.0,0.0,0.0,0.0
4.0,0.0,11.0,2.0,0.0,0.0
1.0,98.0,0.0,1.0,0.0,0.0
6.0,93.0,0.0,1.0,0.0,0.0
1.0,95.0,1.0,3.0,0.0,0.0
2.0,98.0,0.0,0.0,0.0,0.0
1.0,0.0,84.0,3.0,0.0,0.0
1.0,99.0,0.0,0.0,0.0,0.0
2.0,98.0,0.0,0.0,0.0,0.0
1.0,0.0,1.0,1.0,0.0,23.0
2.0,98.0,0.0,0.0,0.0,0.0
1.0,99.0,0.0,0.0,0.0,0.0
4.0,96.0,0.0,0.0,0.0,0.0
1.0,99.0,0.0,0.0,0.0,0.0
2.0,98.0,0.0,0.0,0.0,0.0
1.0,99.0,0.0,0.0,0.0,0.0
1.0,0.0,1.0,1.0,0.0,0.0
7.0,93.0,0.0,0.0,0.0,0.0
2.0,97.0,0.0,1.0,0.0,0.0
1.0,97.0,0.0,2.0,0.0,0.0
1.0,99.0,0.0,0.0,0.0,0.0
1.0,0.0,4.0,7.0,0.0,0.0
1.0,98.0,0.0,1.0,0.0,0.0
7.0,93.0,0.0,0.0,0.0,0.0
1.0,95.0,0.0,4.0,0.0,0.0
1.0,96.0,1.0,2.0,0.0,0.0
2.0,97.0,1.0,0.0,0.0,0.0
1.0,1.0,61.0,0.0,0.0,0.0
1.0,99.0,0.0,0.0,0.0,0.0
1.0,98.0,1.0,0.0,0.0,0.0
1.0,97.0,1.0,1.0,0.0,0.0
1.0,98.0,1.0,0.0,0.0,0.0
1.0,96.0,0.0,3.0,0.0,0.0
1.0,99.0,0.0,0.0,0.0,0.0
2.0,97.0,0.0,1.0,0.0,0.0
1.0,98.0,1.0,0.0,0.0,0.0
2.0,98.0,0.0,0.0,0.0,0.0
1.0,99.0,0.0,0.0,0.0,0.0
2.0,0.0,97.0,1.0,0.0,0.0
2.0,97.0,0.0,1.0,0.0,0.0
2.0,96.0,0.0,2.0,0.0,0.0
2.0,93.0,0.0,5.0,0.0,0.0
1.0,98.0,0.0,1.0,0.0,0.0
1.0,99.0,0.0,0.0,0.0,0.0
1.0,48.0,0.0,1.0,50.0,0.0
1.0,96.0,0.0,3.0,0.0,0.0
1.0,99.0,0.0,0.0,0.0,0.0
1.0,99.0,0.0,0.0,0.0,0.0
1.0,0.0,47.0,1.0,0.0,0.0
1.0,95.0,1.0,3.0,0.0,0.0
1.0,99.0,0.0,0.0,0.0,0.0
1.0,98.0,1.0,0.0,0.0,0.0
1.0,96.0,0.0,3.0,0.0,0.0
1.0,99.0,0.0,0.0,0.0,0.0
1.0,98.0,0.0,1.0,0.0,0.0
1.0,98.0,0.0,1.0,0.0,0.0
1.0,96.0,0.0,3.0,0.0,0.0
1.0,96.0,0.0,3.0,0.0,0.0
2.0,98.0,0.0,0.0,0.0,0.0
3.0,0.0,28.0,2.0,0.0,0.0
1.0,99.0,0.0,0.0,0.0,0.0
1.0,95.0,0.0,4.0,0.0,0.0
2.0,95.0,0.0,3.0,0.0,0.0
1.0,0.0,4.0,2.0,0.0,0.0
1.0,99.0,0.0,0.0,0.0,0.0
3.0,0.0,9.0,3.0,0.0,0.0
1.0,98.0,0.0,1.0,0.0,0.0
1.0,96.0,0.0,3.0,0.0,0.0
1.0,99.0,0.0,0.0,0.0,0.0
1.0,99.0,0.0,0.0,0.0,0.0
1.0,99.0,0.0,0.0,0.0,0.0
1.0,95.0,0.0,4.0,0.0,0.0
1.0,98.0,1.0,0.0,0.0,0.0
2.0,97.0,1.0,0.0,0.0,0.0
2.0,95.0,0.0,3.0,0.0,0.0
2.0,98.0,0.0,0.0,0.0,0.0
1.0,98.0,1.0,0.0,0.0,0.0
1.0,93.0,1.0,5.0,0.0,0.0
1.0,99.0,0.0,0.0,0.0,0.0
4.0,96.0,0.0,0.0,0.0,0.0
1.0,93.0,1.0,5.0,0.0,0.0
2.0,98.0,0.0,0.0,0.0,0.0
1.0,0.0,1.0,1.0,0.0,18.0
3.0,97.0,0.0,0.0,0.0,0.0
1.0,99.0,0.0,0.0,0.0,0.0
1.0,97.0,0.0,2.0,0.0,0.0
1.0,99.0,0.0,0.0,0.0,0.0
1.0,99.0,0.0,0.0,0.0,0.0
1.0,0.0,98.0,1.0,0.0,0.0
1.0,98.0,0.0,1.0,0.0,0.0
2.0,94.0,0.0,4.0,0.0,0.0
1.0,99.0,0.0,0.0,0.0,0.0
2.0,97.0,0.0,1.0,0.0,0.0
2.0,98.0,0.0,0.0,0.0,0.0
1.0,99.0,0.0,0.0,0.0,0.0
3.0,97.0,0.0,0.0,0.0,0.0
1.0,99.0,0.0,0.0,0.0,0.0
5.0,0.0,1.0,3.0,0.0,0.0
1.0,95.0,0.0,4.0,0.0,0.0
1.0,0.0,65.0,1.0,0.0,0.0
1.0,99.0,0.0,0.0,0.0,0.0
2.0,94.0,0.0,4.0,0.0,0.0
2.0,98.0,0.0,0.0,0.0,0.0
2.0,98.0,0.0,0.0,0.0,0.0
2.0,0.0,3.0,4.0,0.0,0.0
4.0,95.0,0.0,1.0,0.0,0.0
2.0,97.0,0.0,1.0,0.0,0.0
5.0,94.0,0.0,1.0,0.0,0.0
4.0,96.0,0.0,0.0,0.0,0.0
2.0,98.0,0.0,0.0,0.0,0.0
1.0,98.0,0.0,1.0,0.0,0.0
3.0,96.0,1.0,0.0,0.0,0.0
3.0,0.0,74.0,1.0,0.0,0.0
1.0,96.0,0.0,3.0,0.0,0.0
1.0,99.0,0.0,0.0,0.0,0.0
1.0,98.0,0.0,1.0,0.0,0.0
1.0,98.0,0.0,1.0,0.0,0.0
1.0,99.0,0.0,0.0,0.0,0.0
1.0,98.0,0.0,1.0,0.0,0.0
1.0,99.0,0.0,0.0,0.0,0.0
1.0,99.0,0.0,0.0,0.0,0.0
3.0,94.0,0.0,3.0,0.0,0.0
3.0,97.0,0.0,0.0,0.0,0.0
1.0,98.0,0.0,1.0,0.0,0.0
1.0,99.0,0.0,0.0,0.0,0.0
2.0,98.0,0.0,0.0,0.0,0.0
4.0,96.0,0.0,0.0,0.0,0.0
1.0,98.0,1.0,0.0,0.0,0.0
1.0,99.0,0.0,0.0,0.0,0.0
4.0,0.0,18.0,2.0,0.0,0.0
1.0,99.0,0.0,0.0,0.0,0.0
3.0,91.0,0.0,6.0,0.0,0.0
1.0,0.0,45.0,2.0,0.0,0.0
1.0,99.0,0.0,0.0,0.0,0.0
1.0,91.0,0.0,8.0,0.0,0.0
1.0,0.0,11.0,1.0,0.0,0.0
1.0,99.0,0.0,0.0,0.0,0.0
1.0,99.0,0.0,0.0,0.0,0.0
1.0,98.0,0.0,1.0,0.0,0.0
5.0,95.0,0.0,0.0,0.0,0.0
1.0,98.0,0.0,1.0,0.0,0.0
1.0,98.0,1.0,0.0,0.0,0.0
1.0,0.0,82.0,1.0,0.0,0.0
3.0,96.0,0.0,1.0,0.0,0.0
2.0,87.0,0.0,11.0,0.0,0.0
5.0,94.0,1.0,0.0,0.0,0.0
1.0,99.0,0.0,0.0,0.0,0.0
1.0,97.0,0.0,2.0,0.0,0.0
4.0,96.0,0.0,0.0,0.0,0.0
1.0,96.0,0.0,3.0,0.0,0.0
2.0,98.0,0.0,0.0,0.0,0.0
6.0,94.0,0.0,0.0,0.0,0.0
1.0,96.0,0.0,3.0,0.0,0.0
6.0,93.0,0.0,1.0,0.0,0.0
2.0,98.0,0.0,0.0,0.0,0.0
7.0,86.0,0.0,7.0,0.0,0.0
3.0,97.0,0.0,0.0,0.0,0.0
1.0,96.0,0.0,3.0,0.0,0.0
1.0,98.0,0.0,1.0,0.0,0.0
1.0,99.0,0.0,0.0,0.0,0.0
1.0,99.0,0.0,0.0,0.0,0.0
1.0,98.0,0.0,1.0,0.0,0.0
1.0,99.0,0.0,0.0,0.0,0.0
1.0,98.0,0.0,1.0,0.0,0.0
2.0,97.0,0.0,1.0,0.0,0.0
1.0,0.0,40.0,1.0,0.0,0.0
1.0,99.0,0.0,0.0,0.0,0.0
1.0,99.0,0.0,0.0,0.0,0.0
1.0,0.0,0.0,1.0,0.0,0.0
2.0,96.0,1.0,1.0,0.0,0.0
2.0,94.0,0.0,4.0,0.0,0.0
1.0,98.0,0.0,1.0,0.0,0.0
1.0,99.0,0.0,0.0,0.0,0.0
2.0,0.0,3.0,2.0,0.0,0.0
1.0,95.0,1.0,3.0,0.0,0.0
1.0,96.0,0.0,3.0,0.0,0.0
2.0,98.0,0.0,0.0,0.0,0.0
1.0,0.0,87.0,11.0,0.0,0.0
3.0,0.0,4.0,2.0,0.0,0.0
1.0,95.0,1.0,3.0,0.0,0.0
1.0,99.0,0.0,0.0,0.0,0.0
6.0,92.0,0.0,2.0,0.0,0.0
1.0,92.0,0.0,7.0,0.0,0.0
3.0,97.0,0.0,0.0,0.0,0.0
1.0,97.0,0.0,2.0,0.0,0.0
1.0,99.0,0.0,0.0,0.0,0.0
1.0,99.0,0.0,0.0,0.0,0.0
2.0,98.0,0.0,0.0,0.0,0.0
1.0,98.0,1.0,0.0,0.0,0.0
1.0,0.0,0.0,0.0,0.0,0.0
3.0,97.0,0.0,0.0,0.0,0.0
2.0,97.0,0.0,1.0,0.0,0.0
2.0,98.0,0.0,0.0,0.0,0.0
5.0,92.0,0.0,3.0,0.0,0.0
1.0,99.0,0.0,0.0,0.0,0.0
1.0,99.0,0.0,0.0,0.0,0.0
1.0,0.0,13.0,2.0,0.0,0.0
1.0,0.0,78.0,5.0,0.0,0.0
1.0,99.0,0.0,0.0,0.0,0.0
1.0,34.0,0.0,8.0,57.0,0.0
2.0,98.0,0.0,0.0,0.0,0.0
1.0,98.0,0.0,1.0,0.0,0.0
1.0,99.0,0.0,0.0,0.0,0.0
1.0,99.0,0.0,0.0,0.0,0.0
3.0,97.0,0.0,0.0,0.0,0.0
5.0,95.0,0.0,0.0,0.0,0.0
1.0,99.0,0.0,0.0,0.0,0.0
1.0,99.0,0.0,0.0,0.0,0.0
1.0,99.0,0.0,0.0,0.0,0.0
1.0,98.0,0.0,1.0,0.0,0.0
1.0,99.0,0.0,0.0,0.0,0.0
1.0,96.0,0.0,3.0,0.0,0.0
1.0,98.0,0.0,1.0,0.0,0.0
2.0,90.0,0.0,8.0,0.0,0.0
4.0,0.0,24.0,2.0,0.0,0.0
1.0,99.0,0.0,0.0,0.0,0.0
1.0,91.0,0.0,8.0,0.0,0.0
2.0,95.0,1.0,2.0,0.0,0.0
1.0,99.0,0.0,0.0,0.0,0.0
1.0,99.0,0.0,0.0,0.0,0.0
2.0,96.0,0.0,2.0,0.0,0.0
1.0,0.0,25.0,3.0,0.0,0.0
6.0,93.0,1.0,0.0,0.0,0.0
1.0,99.0,0.0,0.0,0.0,0.0
1.0,98.0,1.0,0.0,0.0,0.0
1.0,99.0,0.0,0.0,0.0,0.0
2.0,98.0,0.0,0.0,0.0,0.0
3.0,96.0,0.0,1.0,0.0,0.0
1.0,99.0,0.0,0.0,0.0,0.0
1.0,99.0,0.0,0.0,0.0,0.0
1.0,99.0,0.0,0.0,0.0,0.0
2.0,88.0,0.0,10.0,0.0,0.0
1.0,94.0,0.0,5.0,0.0,0.0
1.0,96.0,0.0,3.0,0.0,0.0
1.0,99.0,0.0,0.0,0.0,0.0
1.0,96.0,1.0,2.0,0.0,0.0
2.0,95.0,0.0,3.0,0.0,0.0
2.0,95.0,0.0,3.0,0.0,0.0
3.0,97.0,0.0,0.0,0.0,0.0
1.0,67.0,0.0,2.0,30.0,0.0
1.0,99.0,0.0,0.0,0.0,0.0
2.0,0.0,13.0,2.0,0.0,0.0
2.0,98.0,0.0,0.0,0.0,0.0
1.0,97.0,1.0,1.0,0.0,0.0
2.0,98.0,0.0,0.0,0.0,0.0
2.0,97.0,1.0,0.0,0.0,0.0
9.0,91.0,0.0,0.0,0.0,0.0
1.0,97.0,0.0,2.0,0.0,0.0
1.0,97.0,0.0,2.0,0.0,0.0
1.0,99.0,0.0,0.0,0.0,0.0
1.0,99.0,0.0,0.0,0.0,0.0
7.0,93.0,0.0,0.0,0.0,0.0
1.0,96.0,1.0,2.0,0.0,0.0
2.0,0.0,35.0,3.0,0.0,0.0
1.0,99.0,0.0,0.0,0.0,0.0
1.0,0.0,18.0,1.0,0.0,0.0
4.0,93.0,0.0,3.0,0.0,0.0
1.0,94.0,0.0,5.0,0.0,0.0
1.0,98.0,0.0,1.0,0.0,0.0
1.0,0.0,98.0,1.0,0.0,0.0
3.0,96.0,0.0,1.0,0.0,0.0
1.0,99.0,0.0,0.0,0.0,0.0
1.0,98.0,1.0,0.0,0.0,0.0
1.0,0.0,0.0,0.0,0.0,0.0
1.0,99.0,0.0,0.0,0.0,0.0
1.0,97.0,1.0,1.0,0.0,0.0
3.0,97.0,0.0,0.0,0.0,0.0
2.0,96.0,1.0,1.0,0.0,0.0
2.0,98.0,0.0,0.0,0.0,0.0
1.0,97.0,1.0,1.0,0.0,0.0
1.0,99.0,0.0,0.0,0.0,0.0
1.0,96.0,0.0,3.0,0.0,0.0
2.0,98.0,0.0,0.0,0.0,0.0
5.0,93.0,0.0,2.0,0.0,0.0
1.0,97.0,0.0,2.0,0.0,0.0
4.0,96.0,0.0,0.0,0.0,0.0
2.0,70.0,28.0,0.0,0.0,0.0
2.0,95.0,0.0,3.0,0.0,0.0
2.0,98.0,0.0,0.0,0.0,0.0
3.0,97.0,0.0,0.0,0.0,0.0
4.0,95.0,1.0,0.0,0.0,0.0
1.0,99.0,0.0,0.0,0.0,0.0
2.0,0.0,12.0,4.0,0.0,0.0
2.0,97.0,0.0,1.0,0.0,0.0
2.0,98.0,0.0,0.0,0.0,0.0
1.0,98.0,0.0,1.0,0.0,0.0
1.0,95.0,1.0,3.0,0.0,0.0
1.0,99.0,0.0,0.0,0.0,0.0
1.0,91.0,1.0,7.0,0.0,0.0
1.0,99.0,0.0,0.0,0.0,0.0
1.0,99.0,0.0,0.0,0.0,0.0
1.0,0.0,11.0,1.0,0.0,0.0
1.0,0.0,51.0,3.0,0.0,0.0
1.0,97.0,0.0,2.0,0.0,0.0
1.0,98.0,1.0,0.0,0.0,0.0
1.0,99.0,0.0,0.0,0.0,0.0
4.0,94.0,0.0,2.0,0.0,0.0
1.0,0.0,7.0,6.0,0.0,0.0
1.0,98.0,0.0,1.0,0.0,0.0
1.0,99.0,0.0,0.0,0.0,0.0
2.0,98.0,0.0,0.0,0.0,0.0
4.0,91.0,0.0,5.0,0.0,0.0
1.0,97.0,0.0,2.0,0.0,0.0
1.0,97.0,1.0,1.0,0.0,0.0
1.0,99.0,0.0,0.0,0.0,0.0
1.0,98.0,0.0,1.0,0.0,0.0
2.0,98.0,0.0,0.0,0.0,0.0
1.0,98.0,0.0,1.0,0.0,0.0
1.0,0.0,16.0,1.0,0.0,0.0
1.0,99.0,0.0,0.0,0.0,0.0
6.0,92.0,0.0,2.0,0.0,0.0
1.0,93.0,0.0,6.0,0.0,0.0
1.0,0.0,1.0,1.0,0.0,59.0
2.0,97.0,0.0,1.0,0.0,0.0
3.0,97.0,0.0,0.0,0.0,0.0
6.0,94.0,0.0,0.0,0.0,0.0
4.0,96.0,0.0,0.0,0.0,0.0
2.0,97.0,0.0,1.0,0.0,0.0
1.0,96.0,2.0,1.0,0.0,0.0
1.0,99.0,0.0,0.0,0.0,0.0
1.0,97.0,2.0,0.0,0.0,0.0
2.0,98.0,0.0,0.0,0.0,0.0
1.0,98.0,1.0,0.0,0.0,0.0
1.0,96.0,0.0,3.0,0.0,0.0
5.0,91.0,0.0,4.0,0.0,0.0
1.0,99.0,0.0,0.0,0.0,0.0
1.0,99.0,0.0,0.0,0.0,0.0
1.0,0.0,43.0,9.0,0.0,0.0
3.0,0.0,94.0,3.0,0.0,0.0
1.0,99.0,0.0,0.0,0.0,0.0
1.0,99.0,0.0,0.0,0.0,0.0
1.0,99.0,0.0,0.0,0.0,0.0
1.0,98.0,0.0,1.0,0.0,0.0
3.0,97.0,0.0,0.0,0.0,0.0
1.0,99.0,0.0,0.0,0.0,0.0
1.0,98.0,0.0,1.0,0.0,0.0
1.0,98.0,0.0,1.0,0.0,0.0
1.0,99.0,0.0,0.0,0.0,0.0
1.0,99.0,0.0,0.0,0.0,0.0
2.0,97.0,0.0,1.0,0.0,0.0
2.0,97.0,0.0,1.0,0.0,0.0
1.0,98.0,0.0,1.0,0.0,0.0
1.0,99.0,0.0,0.0,0.0,0.0
1.0,99.0,0.0,0.0,0.0,0.0
2.0,98.0,0.0,0.0,0.0,0.0
1.0,98.0,0.0,1.0,0.0,0.0
2.0,98.0,0.0,0.0,0.0,0.0
1.0,97.0,0.0,2.0,0.0,0.0
4.0,95.0,0.0,1.0,0.0,0.0
1.0,0.0,12.0,2.0,0.0,0.0
3.0,94.0,0.0,3.0,0.0,0.0
5.0,95.0,0.0,0.0,0.0,0.0
1.0,99.0,0.0,0.0,0.0,0.0
3.0,97.0,0.0,0.0,0.0,0.0
2.0,15.0,41.0,0.0,0.0,0.0
1.0,98.0,0.0,1.0,0.0,0.0
2.0,97.0,0.0,1.0,0.0,0.0
2.0,97.0,1.0,0.0,0.0,0.0
2.0,98.0,0.0,0.0,0.0,0.0
4.0,94.0,0.0,2.0,0.0,0.0
4.0,96.0,0.0,0.0,0.0,0.0
2.0,95.0,0.0,3.0,0.0,0.0
1.0,98.0,1.0,0.0,0.0,0.0
1.0,98.0,0.0,1.0,0.0,0.0
5.0,95.0,0.0,0.0,0.0,0.0
2.0,98.0,0.0,0.0,0.0,0.0
2.0,97.0,0.0,1.0,0.0,0.0
1.0,98.0,1.0,0.0,0.0,0.0
1.0,99.0,0.0,0.0,0.0,0.0
1.0,96.0,0.0,3.0,0.0,0.0
3.0,0.0,21.0,1.0,0.0,0.0
2.0,98.0,0.0,0.0,0.0,0.0
1.0,97.0,0.0,2.0,0.0,0.0
2.0,98.0,0.0,0.0,0.0,0.0
1.0,99.0,0.0,0.0,0.0,0.0
2.0,0.0,6.0,1.0,0.0,0.0
3.0,97.0,0.0,0.0,0.0,0.0
10.0,90.0,0.0,0.0,0.0,0.0
2.0,0.0,42.0,1.0,0.0,0.0
3.0,96.0,1.0,0.0,0.0,0.0
1.0,99.0,0.0,0.0,0.0,0.0
1.0,89.0,0.0,10.0,0.0,0.0
1.0,99.0,0.0,0.0,0.0,0.0
1.0,99.0,0.0,0.0,0.0,0.0
1.0,98.0,0.0,1.0,0.0,0.0
2.0,98.0,0.0,0.0,0.0,0.0
2.0,97.0,0.0,1.0,0.0,0.0
2.0,98.0,0.0,0.0,0.0,0.0
1.0,98.0,1.0,0.0,0.0,0.0
1.0,98.0,0.0,1.0,0.0,0.0
2.0,94.0,0.0,4.0,0.0,0.0
2.0,0.0,39.0,2.0,0.0,0.0
1.0,99.0,0.0,0.0,0.0,0.0
1.0,99.0,0.0,0.0,0.0,0.0
1.0,99.0,0.0,0.0,0.0,0.0
1.0,0.0,14.0,1.0,0.0,0.0
1.0,97.0,1.0,1.0,0.0,0.0
1.0,99.0,0.0,0.0,0.0,0.0
2.0,95.0,0.0,3.0,0.0,0.0
2.0,97.0,0.0,1.0,0.0,0.0
2.0,96.0,1.0,1.0,0.0,0.0
5.0,95.0,0.0,0.0,0.0,0.0
1.0,99.0,0.0,0.0,0.0,0.0
2.0,97.0,0.0,1.0,0.0,0.0
1.0,98.0,0.0,1.0,0.0,0.0
1.0,99.0,0.0,0.0,0.0,0.0
2.0,98.0,0.0,0.0,0.0,0.0
1.0,98.0,1.0,0.0,0.0,0.0
1.0,97.0,0.0,2.0,0.0,0.0
3.0,93.0,0.0,4.0,0.0,0.0
2.0,0.0,1.0,6.0,0.0,91.0
1.0,99.0,0.0,0.0,0.0,0.0
2.0,98.0,0.0,0.0,0.0,0.0
1.0,97.0,0.0,2.0,0.0,0.0
2.0,96.0,0.0,2.0,0.0,0.0
1.0,99.0,0.0,0.0,0.0,0.0
1.0,98.0,0.0,1.0,0.0,0.0
2.0,95.0,0.0,3.0,0.0,0.0
1.0,98.0,0.0,1.0,0.0,0.0
1.0,99.0,0.0,0.0,0.0,0.0
1.0,99.0,0.0,0.0,0.0,0.0
1.0,98.0,1.0,0.0,0.0,0.0
1.0,99.0,0.0,0.0,0.0,0.0
2.0,98.0,0.0,0.0,0.0,0.0
4.0,96.0,0.0,0.0,0.0,0.0
1.0,0.0,23.0,1.0,0.0,0.0
1.0,98.0,0.0,1.0,0.0,0.0
1.0,99.0,0.0,0.0,0.0,0.0
4.0,93.0,0.0,3.0,0.0,0.0
1.0,0.0,0.0,0.0,0.0,0.0
1.0,98.0,0.0,1.0,0.0,0.0
1.0,97.0,1.0,1.0,0.0,0.0
2.0,98.0,0.0,0.0,0.0,0.0
3.0,97.0,0.0,0.0,0.0,0.0
1.0,97.0,0.0,2.0,0.0,0.0
1.0,99.0,0.0,0.0,0.0,0.0
1.0,99.0,0.0,0.0,0.0,0.0
1.0,90.0,0.0,9.0,0.0,0.0
1.0,98.0,0.0,1.0,0.0,0.0
1.0,96.0,0.0,3.0,0.0,0.0
1.0,93.0,0.0,6.0,0.0,0.0
1.0,98.0,0.0,1.0,0.0,0.0
2.0,98.0,0.0,0.0,0.0,0.0
1.0,99.0,0.0,0.0,0.0,0.0
1.0,96.0,0.0,3.0,0.0,0.0
1.0,99.0,0.0,0.0,0.0,0.0
1.0,98.0,1.0,0.0,0.0,0.0
1.0,97.0,1.0,1.0,0.0,0.0
1.0,99.0,0.0,0.0,0.0,0.0
1.0,0.0,10.0,1.0,0.0,0.0
1.0,98.0,0.0,1.0,0.0,0.0
2.0,0.0,22.0,2.0,0.0,0.0
1.0,93.0,1.0,5.0,0.0,0.0
2.0,97.0,1.0,0.0,0.0,0.0
2.0,96.0,0.0,2.0,0.0,0.0
1.0,98.0,0.0,1.0,0.0,0.0
4.0,95.0,0.0,1.0,0.0,0.0
6.0,94.0,0.0,0.0,0.0,0.0
1.0,0.0,98.0,1.0,0.0,0.0
1.0,97.0,0.0,2.0,0.0,0.0
1.0,99.0,0.0,0.0,0.0,0.0
2.0,98.0,0.0,0.0,0.0,0.0
1.0,92.0,0.0,7.0,0.0,0.0
1.0,97.0,0.0,2.0,0.0,0.0
3.0,97.0,0.0,0.0,0.0,0.0
1.0,98.0,1.0,0.0,0.0,0.0
1.0,99.0,0.0,0.0,0.0,0.0
2.0,98.0,0.0,0.0,0.0,0.0
2.0,98.0,0.0,0.0,0.0,0.0
1.0,99.0,0.0,0.0,0.0,0.0
7.0,93.0,0.0,0.0,0.0,0.0
1.0,99.0,0.0,0.0,0.0,0.0
1.0,98.0,0.0,1.0,0.0,0.0
1.0,0.0,76.0,1.0,0.0,0.0
1.0,95.0,1.0,3.0,0.0,0.0
1.0,99.0,0.0,0.0,0.0,0.0
1.0,96.0,0.0,3.0,0.0,0.0
2.0,96.0,1.0,1.0,0.0,0.0
2.0,98.0,0.0,0.0,0.0,0.0
2.0,94.0,0.0,4.0,0.0,0.0
2.0,98.0,0.0,0.0,0.0,0.0
1.0,99.0,0.0,0.0,0.0,0.0
1.0,99.0,0.0,0.0,0.0,0.0
6.0,89.0,0.0,5.0,0.0,0.0
2.0,74.0,0.0,4.0,20.0,0.0
1.0,99.0,0.0,0.0,0.0,0.0
1.0,98.0,0.0,1.0,0.0,0.0
1.0,97.0,0.0,2.0,0.0,0.0
5.0,94.0,1.0,0.0,0.0,0.0
3.0,97.0,0.0,0.0,0.0,0.0
2.0,97.0,0.0,1.0,0.0,0.0
5.0,93.0,1.0,1.0,0.0,0.0
1.0,95.0,0.0,4.0,0.0,0.0
1.0,99.0,0.0,0.0,0.0,0.0
2.0,98.0,0.0,0.0,0.0,0.0
5.0,91.0,0.0,4.0,0.0,0.0
1.0,98.0,0.0,1.0,0.0,0.0
1.0,99.0,0.0,0.0,0.0,0.0
1.0,93.0,0.0,6.0,0.0,0.0
1.0,99.0,0.0,0.0,0.0,0.0
1.0,97.0,1.0,1.0,0.0,0.0
2.0,96.0,0.0,2.0,0.0,0.0
1.0,98.0,1.0,0.0,0.0,0.0
1.0,98.0,0.0,1.0,0.0,0.0
1.0,98.0,0.0,1.0,0.0,0.0
1.0,99.0,0.0,0.0,0.0,0.0
1.0,99.0,0.0,0.0,0.0,0.0
1.0,96.0,1.0,2.0,0.0,0.0
1.0,94.0,1.0,4.0,0.0,0.0
4.0,96.0,0.0,0.0,0.0,0.0
2.0,98.0,0.0,0.0,0.0,0.0
4.0,96.0,0.0,0.0,0.0,0.0
4.0,94.0,0.0,2.0,0.0,0.0
2.0,97.0,0.0,1.0,0.0,0.0
1.0,97.0,0.0,2.0,0.0,0.0
1.0,97.0,0.0,2.0,0.0,0.0
2.0,0.0,1.0,3.0,0.0,2.0
3.0,96.0,1.0,0.0,0.0,0.0
1.0,97.0,0.0,2.0,0.0,0.0
1.0,99.0,0.0,0.0,0.0,0.0
3.0,97.0,0.0,0.0,0.0,0.0
2.0,98.0,0.0,0.0,0.0,0.0
1.0,0.0,75.0,1.0,0.0,0.0
1.0,99.0,0.0,0.0,0.0,0.0
1.0,98.0,0.0,1.0,0.0,0.0
4.0,91.0,0.0,5.0,0.0,0.0
2.0,0.0,77.0,3.0,0.0,0.0
2.0,98.0,0.0,0.0,0.0,0.0
1.0,95.0,0.0,4.0,0.0,0.0
1.0,93.0,1.0,5.0,0.0,0.0
1.0,99.0,0.0,0.0,0.0,0.0
1.0,98.0,0.0,1.0,0.0,0.0
1.0,97.0,0.0,2.0,0.0,0.0
4.0,96.0,0.0,0.0,0.0,0.0
1.0,99.0,0.0,0.0,0.0,0.0
3.0,96.0,0.0,1.0,0.0,0.0
1.0,99.0,0.0,0.0,0.0,0.0
1.0,99.0,0.0,0.0,0.0,0.0
2.0,98.0,0.0,0.0,0.0,0.0
1.0,98.0,0.0,1.0,0.0,0.0
3.0,97.0,0.0,0.0,0.0,0.0
2.0,98.0,0.0,0.0,0.0,0.0
1.0,96.0,0.0,3.0,0.0,0.0
1.0,98.0,0.0,1.0,0.0,0.0
1.0,99.0,0.0,0.0,0.0,0.0
1.0,99.0,0.0,0.0,0.0,0.0
1.0,96.0,0.0,3.0,0.0,0.0
2.0,0.0,97.0,1.0,0.0,0.0
11.0,89.0,0.0,0.0,0.0,0.0
1.0,92.0,0.0,7.0,0.0,0.0
2.0,98.0,0.0,0.0,0.0,0.0
3.0,97.0,0.0,0.0,0.0,0.0
8.0,92.0,0.0,0.0,0.0,0.0
4.0,96.0,0.0,0.0,0.0,0.0
1.0,99.0,0.0,0.0,0.0,0.0
2.0,0.0,6.0,3.0,0.0,0.0
1.0,99.0,0.0,0.0,0.0,0.0
1.0,99.0,0.0,0.0,0.0,0.0
2.0,97.0,0.0,1.0,0.0,0.0
1.0,98.0,1.0,0.0,0.0,0.0
1.0,99.0,0.0,0.0,0.0,0.0
1.0,99.0,0.0,0.0,0.0,0.0
3.0,93.0,0.0,4.0,0.0,0.0
5.0,95.0,0.0,0.0,0.0,0.0
1.0,98.0,1.0,0.0,0.0,0.0
1.0,98.0,0.0,1.0,0.0,0.0
1.0,98.0,0.0,1.0,0.0,0.0
3.0,97.0,0.0,0.0,0.0,0.0
4.0,90.0,0.0,6.0,0.0,0.0
4.0,96.0,0.0,0.0,0.0,0.0
1.0,92.0,0.0,7.0,0.0,0.0
4.0,0.0,92.0,2.0,0.0,0.0
3.0,97.0,0.0,0.0,0.0,0.0
1.0,99.0,0.0,0.0,0.0,0.0
1.0,99.0,0.0,0.0,0.0,0.0
1.0,99.0,0.0,0.0,0.0,0.0
7.0,93.0,0.0,0.0,0.0,0.0
1.0,0.0,9.0,1.0,0.0,0.0
1.0,96.0,1.0,2.0,0.0,0.0
1.0,98.0,0.0,1.0,0.0,0.0
1.0,99.0,0.0,0.0,0.0,0.0
1.0,0.0,0.0,0.0,0.0,0.0
2.0,97.0,0.0,1.0,0.0,0.0
3.0,97.0,0.0,0.0,0.0,0.0
5.0,86.0,0.0,9.0,0.0,0.0
1.0,97.0,0.0,2.0,0.0,0.0
3.0,95.0,0.0,2.0,0.0,0.0
1.0,98.0,0.0,1.0,0.0,0.0
1.0,98.0,0.0,1.0,0.0,0.0
1.0,0.0,10.0,3.0,0.0,0.0
1.0,97.0,0.0,2.0,0.0,0.0
1.0,99.0,0.0,0.0,0.0,0.0
2.0,97.0,0.0,1.0,0.0,0.0
2.0,98.0,0.0,0.0,0.0,0.0
1.0,99.0,0.0,0.0,0.0,0.0
1.0,98.0,1.0,0.0,0.0,0.0
6.0,94.0,0.0,0.0,0.0,0.0
3.0,97.0,0.0,0.0,0.0,0.0
1.0,97.0,1.0,1.0,0.0,0.0
1.0,99.0,0.0,0.0,0.0,0.0
1.0,96.0,0.0,3.0,0.0,0.0
1.0,98.0,1.0,0.0,0.0,0.0
2.0,98.0,0.0,0.0,0.0,0.0
3.0,97.0,0.0,0.0,0.0,0.0
3.0,97.0,0.0,0.0,0.0,0.0
2.0,97.0,1.0,0.0,0.0,0.0
3.0,92.0,0.0,5.0,0.0,0.0
1.0,99.0,0.0,0.0,0.0,0.0
2.0,0.0,4.0,3.0,0.0,0.0
1.0,96.0,0.0,3.0,0.0,0.0
1.0,99.0,0.0,0.0,0.0,0.0
1.0,98.0,1.0,0.0,0.0,0.0
1.0,99.0,0.0,0.0,0.0,0.0
1.0,99.0,0.0,0.0,0.0,0.0
1.0,99.0,0.0,0.0,0.0,0.0
1.0,98.0,0.0,1.0,0.0,0.0
1.0,99.0,0.0,0.0,0.0,0.0
3.0,0.0,86.0,4.0,0.0,0.0
4.0,93.0,0.0,3.0,0.0,0.0
1.0,92.0,0.0,7.0,0.0,0.0
1.0,97.0,1.0,1.0,0.0,0.0
1.0,94.0,0.0,5.0,0.0,0.0
3.0,97.0,0.0,0.0,0.0,0.0
3.0,97.0,0.0,0.0,0.0,0.0
1.0,0.0,0.0,0.0,0.0,0.0
1.0,96.0,1.0,2.0,0.0,0.0
1.0,98.0,1.0,0.0,0.0,0.0
2.0,98.0,0.0,0.0,0.0,0.0
2.0,97.0,0.0,1.0,0.0,0.0
2.0,96.0,0.0,2.0,0.0,0.0
2.0,98.0,0.0,0.0,0.0,0.0
2.0,98.0,0.0,0.0,0.0,0.0
1.0,99.0,0.0,0.0,0.0,0.0
1.0,99.0,0.0,0.0,0.0,0.0
1.0,0.0,94.0,1.0,0.0,0.0
3.0,96.0,1.0,0.0,0.0,0.0
1.0,99.0,0.0,0.0,0.0,0.0
1.0,95.0,0.0,4.0,0.0,0.0
3.0,97.0,0.0,0.0,0.0,0.0
3.0,93.0,0.0,4.0,0.0,0.0
1.0,98.0,1.0,0.0,0.0,0.0
2.0,97.0,1.0,0.0,0.0,0.0
1.0,99.0,0.0,0.0,0.0,0.0
1.0,0.0,25.0,1.0,0.0,0.0
2.0,98.0,0.0,0.0,0.0,0.0
1.0,99.0,0.0,0.0,0.0,0.0
1.0,93.0,0.0,6.0,0.0,0.0
3.0,97.0,0.0,0.0,0.0,0.0
2.0,96.0,0.0,2.0,0.0,0.0
1.0,0.0,98.0,1.0,0.0,0.0
2.0,95.0,0.0,3.0,0.0,0.0
6.0,94.0,0.0,0.0,0.0,0.0
1.0,98.0,1.0,0.0,0.0,0.0
1.0,0.0,0.0,0.0,0.0,0.0
2.0,98.0,0.0,0.0,0.0,0.0
1.0,99.0,0.0,0.0,0.0,0.0
1.0,98.0,1.0,0.0,0.0,0.0
1.0,99.0,0.0,0.0,0.0,0.0
1.0,99.0,0.0,0.0,0.0,0.0
1.0,99.0,0.0,0.0,0.0,0.0
2.0,0.0,23.0,3.0,0.0,0.0
1.0,96.0,0.0,3.0,0.0,0.0
1.0,98.0,0.0,1.0,0.0,0.0
1.0,99.0,0.0,0.0,0.0,0.0
1.0,97.0,0.0,2.0,0.0,0.0
1.0,97.0,0.0,2.0,0.0,0.0
4.0,91.0,0.0,5.0,0.0,0.0
1.0,93.0,1.0,5.0,0.0,0.0
1.0,99.0,0.0,0.0,0.0,0.0
3.0,89.0,0.0,8.0,0.0,0.0
1.0,93.0,0.0,6.0,0.0,0.0
1.0,0.0,49.0,1.0,0.0,0.0
2.0,98.0,0.0,0.0,0.0,0.0
1.0,99.0,0.0,0.0,0.0,0.0
8.0,92.0,0.0,0.0,0.0,0.0
1.0,99.0,0.0,0.0,0.0,0.0
3.0,96.0,0.0,1.0,0.0,0.0
2.0,98.0,0.0,0.0,0.0,0.0
1.0,98.0,0.0,1.0,0.0,0.0
1.0,0.0,7.0,5.0,0.0,0.0
6.0,94.0,0.0,0.0,0.0,0.0
4.0,96.0,0.0,0.0,0.0,0.0
1.0,98.0,0.0,1.0,0.0,0.0
1.0,98.0,0.0,1.0,0.0,0.0
1.0,99.0,0.0,0.0,0.0,0.0
1.0,98.0,1.0,0.0,0.0,0.0
1.0,99.0,0.0,0.0,0.0,0.0
1.0,90.0,1.0,8.0,0.0,0.0
1.0,99.0,0.0,0.0,0.0,0.0
1.0,99.0,0.0,0.0,0.0,0.0
4.0,95.0,0.0,1.0,0.0,0.0
1.0,99.0,0.0,0.0,0.0,0.0
1.0,98.0,1.0,0.0,0.0,0.0
2.0,97.0,1.0,0.0,0.0,0.0
1.0,98.0,1.0,0.0,0.0,0.0
2.0,98.0,0.0,0.0,0.0,0.0
3.0,0.0,39.0,1.0,0.0,0.0
6.0,93.0,0.0,1.0,0.0,0.0
2.0,97.0,0.0,1.0,0.0,0.0
2.0,83.0,14.0,0.0,0.0,0.0
5.0,90.0,0.0,5.0,0.0,0.0
2.0,97.0,0.0,1.0,0.0,0.0
2.0,97.0,0.0,1.0,0.0,0.0
2.0,0.0,30.0,4.0,0.0,0.0
2.0,98.0,0.0,0.0,0.0,0.0
1.0,96.0,0.0,3.0,0.0,0.0
6.0,94.0,0.0,0.0,0.0,0.0
1.0,94.0,0.0,5.0,0.0,0.0
1.0,98.0,0.0,1.0,0.0,0.0
3.0,96.0,0.0,1.0,0.0,0.0
4.0,0.0,29.0,3.0,0.0,0.0
1.0,99.0,0.0,0.0,0.0,0.0
1.0,99.0,0.0,0.0,0.0,0.0
1.0,99.0,0.0,0.0,0.0,0.0
2.0,41.0,0.0,2.0,55.0,0.0
1.0,97.0,0.0,2.0,0.0,0.0
2.0,98.0,0.0,0.0,0.0,0.0
2.0,94.0,0.0,4.0,0.0,0.0
2.0,0.0,85.0,1.0,0.0,0.0
1.0,97.0,1.0,1.0,0.0,0.0
1.0,96.0,0.0,3.0,0.0,0.0
1.0,99.0,0.0,0.0,0.0,0.0
1.0,99.0,0.0,0.0,0.0,0.0
1.0,97.0,0.0,2.0,0.0,0.0
1.0,99.0,0.0,0.0,0.0,0.0
1.0,97.0,0.0,2.0,0.0,0.0
6.0,0.0,38.0,1.0,0.0,0.0
6.0,91.0,0.0,3.0,0.0,0.0
1.0,0.0,40.0,5.0,0.0,0.0
1.0,99.0,0.0,0.0,0.0,0.0
4.0,95.0,1.0,0.0,0.0,0.0
1.0,99.0,0.0,0.0,0.0,0.0
1.0,96.0,0.0,3.0,0.0,0.0
3.0,96.0,0.0,1.0,0.0,0.0
1.0,0.0,32.0,2.0,0.0,0.0
3.0,97.0,0.0,0.0,0.0,0.0
2.0,98.0,0.0,0.0,0.0,0.0
2.0,97.0,1.0,0.0,0.0,0.0
1.0,99.0,0.0,0.0,0.0,0.0
1.0,98.0,1.0,0.0,0.0,0.0
9.0,87.0,1.0,3.0,0.0,0.0
3.0,91.0,0.0,6.0,0.0,0.0
2.0,93.0,0.0,5.0,0.0,0.0
2.0,96.0,0.0,2.0,0.0,0.0
3.0,93.0,0.0,4.0,0.0,0.0
7.0,93.0,0.0,0.0,0.0,0.0
1.0,99.0,0.0,0.0,0.0,0.0
2.0,0.0,38.0,4.0,0.0,0.0
4.0,95.0,0.0,1.0,0.0,0.0
1.0,99.0,0.0,0.0,0.0,0.0
7.0,93.0,0.0,0.0,0.0,0.0
4.0,96.0,0.0,0.0,0.0,0.0
1.0,99.0,0.0,0.0,0.0,0.0
1.0,98.0,0.0,1.0,0.0,0.0
3.0,94.0,0.0,3.0,0.0,0.0
3.0,97.0,0.0,0.0,0.0,0.0
1.0,98.0,0.0,1.0,0.0,0.0
1.0,99.0,0.0,0.0,0.0,0.0
2.0,95.0,1.0,2.0,0.0,0.0
7.0,93.0,0.0,0.0,0.0,0.0
1.0,99.0,0.0,0.0,0.0,0.0
3.0,0.0,76.0,3.0,0.0,0.0
1.0,99.0,0.0,0.0,0.0,0.0
1.0,99.0,0.0,0.0,0.0,0.0
1.0,99.0,0.0,0.0,0.0,0.0
1.0,99.0,0.0,0.0,0.0,0.0
6.0,90.0,0.0,4.0,0.0,0.0
2.0,0.0,38.0,3.0,0.0,0.0
2.0,98.0,0.0,0.0,0.0,0.0
1.0,99.0,0.0,0.0,0.0,0.0
1.0,98.0,0.0,1.0,0.0,0.0
1.0,99.0,0.0,0.0,0.0,0.0
1.0,0.0,96.0,3.0,0.0,0.0
3.0,97.0,0.0,0.0,0.0,0.0
1.0,97.0,0.0,2.0,0.0,0.0
1.0,70.0,0.0,1.0,28.0,0.0
1.0,99.0,0.0,0.0,0.0,0.0
1.0,99.0,0.0,0.0,0.0,0.0
1.0,99.0,0.0,0.0,0.0,0.0
2.0,97.0,0.0,1.0,0.0,0.0
1.0,97.0,0.0,2.0,0.0,0.0
1.0,95.0,0.0,4.0,0.0,0.0
1.0,90.0,0.0,9.0,0.0,0.0
1.0,88.0,0.0,11.0,0.0,0.0
1.0,99.0,0.0,0.0,0.0,0.0
1.0,94.0,0.0,5.0,0.0,0.0
1.0,98.0,0.0,1.0,0.0,0.0
1.0,98.0,0.0,1.0,0.0,0.0
2.0,98.0,0.0,0.0,0.0,0.0
1.0,96.0,0.0,3.0,0.0,0.0
1.0,98.0,1.0,0.0,0.0,0.0
2.0,27.0,0.0,2.0,69.0,0.0
1.0,99.0,0.0,0.0,0.0,0.0
1.0,99.0,0.0,0.0,0.0,0.0
2.0,96.0,0.0,2.0,0.0,0.0
3.0,96.0,1.0,0.0,0.0,0.0
1.0,98.0,1.0,0.0,0.0,0.0
1.0,95.0,0.0,4.0,0.0,0.0
2.0,98.0,0.0,0.0,0.0,0.0
1.0,92.0,0.0,7.0,0.0,0.0
2.0,92.0,0.0,6.0,0.0,0.0
1.0,99.0,0.0,0.0,0.0,0.0
1.0,0.0,8.0,1.0,0.0,0.0
3.0,92.0,0.0,5.0,0.0,0.0
1.0,97.0,0.0,2.0,0.0,0.0
1.0,99.0,0.0,0.0,0.0,0.0
2.0,98.0,0.0,0.0,0.0,0.0
1.0,99.0,0.0,0.0,0.0,0.0
1.0,99.0,0.0,0.0,0.0,0.0
4.0,95.0,0.0,1.0,0.0,0.0
2.0,98.0,0.0,0.0,0.0,0.0
1.0,99.0,0.0,0.0,0.0,0.0
1.0,99.0,0.0,0.0,0.0,0.0
1.0,93.0,0.0,6.0,0.0,0.0
2.0,98.0,0.0,0.0,0.0,0.0
1.0,91.0,1.0,7.0,0.0,0.0
2.0,95.0,0.0,3.0,0.0,0.0
1.0,0.0,96.0,3.0,0.0,0.0
2.0,93.0,1.0,4.0,0.0,0.0
1.0,98.0,0.0,1.0,0.0,0.0
4.0,0.0,12.0,1.0,0.0,0.0
1.0,94.0,1.0,4.0,0.0,0.0
2.0,97.0,1.0,0.0,0.0,0.0
1.0,98.0,1.0,0.0,0.0,0.0
1.0,98.0,0.0,1.0,0.0,0.0
1.0,99.0,0.0,0.0,0.0,0.0
1.0,91.0,0.0,8.0,0.0,0.0
3.0,91.0,0.0,6.0,0.0,0.0
1.0,99.0,0.0,0.0,0.0,0.0
4.0,0.0,2.0,2.0,0.0,0.0
1.0,96.0,0.0,3.0,0.0,0.0
4.0,96.0,0.0,0.0,0.0,0.0
2.0,98.0,0.0,0.0,0.0,0.0
1.0,97.0,0.0,2.0,0.0,0.0
1.0,99.0,0.0,0.0,0.0,0.0
1.0,0.0,8.0,2.0,0.0,0.0
3.0,97.0,0.0,0.0,0.0,0.0
1.0,99.0,0.0,0.0,0.0,0.0
1.0,98.0,0.0,1.0,0.0,0.0
1.0,98.0,0.0,1.0,0.0,0.0
3.0,96.0,1.0,0.0,0.0,0.0
1.0,99.0,0.0,0.0,0.0,0.0
3.0,95.0,0.0,2.0,0.0,0.0
1.0,99.0,0.0,0.0,0.0,0.0
4.0,96.0,0.0,0.0,0.0,0.0
1.0,98.0,0.0,1.0,0.0,0.0
1.0,98.0,1.0,0.0,0.0,0.0
1.0,98.0,1.0,0.0,0.0,0.0
2.0,0.0,1.0,1.0,0.0,8.0
1.0,98.0,1.0,0.0,0.0,0.0
10.0,89.0,0.0,1.0,0.0,0.0
1.0,97.0,0.0,2.0,0.0,0.0
1.0,98.0,1.0,0.0,0.0,0.0
1.0,98.0,0.0,1.0,0.0,0.0
1.0,98.0,0.0,1.0,0.0,0.0
1.0,97.0,1.0,1.0,0.0,0.0
6.0,94.0,0.0,0.0,0.0,0.0
1.0,99.0,0.0,0.0,0.0,0.0
3.0,97.0,0.0,0.0,0.0,0.0
2.0,98.0,0.0,0.0,0.0,0.0
1.0,97.0,0.0,2.0,0.0,0.0
8.0,91.0,0.0,1.0,0.0,0.0
3.0,97.0,0.0,0.0,0.0,0.0
1.0,98.0,1.0,0.0,0.0,0.0
2.0,98.0,0.0,0.0,0.0,0.0
3.0,97.0,0.0,0.0,0.0,0.0
2.0,93.0,0.0,5.0,0.0,0.0
1.0,98.0,0.0,1.0,0.0,0.0
3.0,96.0,1.0,0.0,0.0,0.0
1.0,94.0,0.0,5.0,0.0,0.0
2.0,95.0,0.0,3.0,0.0,0.0
1.0,94.0,0.0,5.0,0.0,0.0
1.0,99.0,0.0,0.0,0.0,0.0
3.0,96.0,0.0,1.0,0.0,0.0
1.0,99.0,0.0,0.0,0.0,0.0
1.0,98.0,1.0,0.0,0.0,0.0
1.0,99.0,0.0,0.0,0.0,0.0
4.0,96.0,0.0,0.0,0.0,0.0
1.0,99.0,0.0,0.0,0.0,0.0
1.0,95.0,0.0,4.0,0.0,0.0
1.0,99.0,0.0,0.0,0.0,0.0
3.0,96.0,0.0,1.0,0.0,0.0
2.0,98.0,0.0,0.0,0.0,0.0
1.0,98.0,0.0,1.0,0.0,0.0
3.0,97.0,0.0,0.0,0.0,0.0
4.0,96.0,0.0,0.0,0.0,0.0
1.0,98.0,0.0,1.0,0.0,0.0
1.0,98.0,0.0,1.0,0.0,0.0
2.0,97.0,1.0,0.0,0.0,0.0
7.0,92.0,1.0,0.0,0.0,0.0
1.0,95.0,1.0,3.0,0.0,0.0
1.0,97.0,1.0,1.0,0.0,0.0
3.0,97.0,0.0,0.0,0.0,0.0
1.0,99.0,0.0,0.0,0.0,0.0
1.0,99.0,0.0,0.0,0.0,0.0
1.0,98.0,1.0,0.0,0.0,0.0
2.0,97.0,1.0,0.0,0.0,0.0
1.0,99.0,0.0,0.0,0.0,0.0
2.0,98.0,0.0,0.0,0.0,0.0
3.0,97.0,0.0,0.0,0.0,0.0
1.0,99.0,0.0,0.0,0.0,0.0
1.0,95.0,0.0,4.0,0.0,0.0
2.0,0.0,50.0,2.0,0.0,0.0
1.0,98.0,0.0,1.0,0.0,0.0
1.0,99.0,0.0,0.0,0.0,0.0
4.0,96.0,0.0,0.0,0.0,0.0
4.0,95.0,0.0,1.0,0.0,0.0
1.0,98.0,1.0,0.0,0.0,0.0
2.0,97.0,0.0,1.0,0.0,0.0
1.0,99.0,0.0,0.0,0.0,0.0
5.0,95.0,0.0,0.0,0.0,0.0
1.0,56.0,0.0,1.0,42.0,0.0
2.0,96.0,0.0,2.0,0.0,0.0
1.0,99.0,0.0,0.0,0.0,0.0
1.0,99.0,0.0,0.0,0.0,0.0
1.0,97.0,0.0,2.0,0.0,0.0
2.0,98.0,0.0,0.0,0.0,0.0
2.0,97.0,1.0,0.0,0.0,0.0
1.0,99.0,0.0,0.0,0.0,0.0
1.0,98.0,0.0,1.0,0.0,0.0
1.0,99.0,0.0,0.0,0.0,0.0
1.0,99.0,0.0,0.0,0.0,0.0
2.0,98.0,0.0,0.0,0.0,0.0
2.0,0.0,23.0,4.0,0.0,0.0
1.0,98.0,0.0,1.0,0.0,0.0
2.0,95.0,0.0,3.0,0.0,0.0
1.0,97.0,0.0,2.0,0.0,0.0
1.0,97.0,2.0,0.0,0.0,0.0
6.0,90.0,0.0,4.0,0.0,0.0
1.0,99.0,0.0,0.0,0.0,0.0
4.0,96.0,0.0,0.0,0.0,0.0
2.0,95.0,0.0,3.0,0.0,0.0
1.0,99.0,0.0,0.0,0.0,0.0
2.0,97.0,1.0,0.0,0.0,0.0
1.0,93.0,1.0,5.0,0.0,0.0
3.0,97.0,0.0,0.0,0.0,0.0
3.0,97.0,0.0,0.0,0.0,0.0
2.0,97.0,1.0,0.0,0.0,0.0
9.0,91.0,0.0,0.0,0.0,0.0
1.0,35.0,64.0,0.0,0.0,0.0
1.0,0.0,55.0,3.0,0.0,0.0
1.0,97.0,0.0,2.0,0.0,0.0
1.0,98.0,0.0,1.0,0.0,0.0
3.0,0.0,45.0,6.0,0.0,0.0
5.0,95.0,0.0,0.0,0.0,0.0
1.0,96.0,0.0,3.0,0.0,0.0
1.0,99.0,0.0,0.0,0.0,0.0
1.0,98.0,0.0,1.0,0.0,0.0
1.0,93.0,0.0,6.0,0.0,0.0
1.0,98.0,0.0,1.0,0.0,0.0
1.0,98.0,0.0,1.0,0.0,0.0
1.0,99.0,0.0,0.0,0.0,0.0
1.0,99.0,0.0,0.0,0.0,0.0
5.0,94.0,0.0,1.0,0.0,0.0
1.0,97.0,0.0,2.0,0.0,0.0
1.0,97.0,0.0,2.0,0.0,0.0
1.0,96.0,0.0,3.0,0.0,0.0
1.0,97.0,0.0,2.0,0.0,0.0
1.0,98.0,0.0,1.0,0.0,0.0
2.0,97.0,0.0,1.0,0.0,0.0
1.0,97.0,0.0,2.0,0.0,0.0
1.0,99.0,0.0,0.0,0.0,0.0
9.0,91.0,0.0,0.0,0.0,0.0
2.0,98.0,0.0,0.0,0.0,0.0
11.0,87.0,0.0,2.0,0.0,0.0
1.0,98.0,1.0,0.0,0.0,0.0
3.0,96.0,1.0,0.0,0.0,0.0
3.0,0.0,19.0,8.0,0.0,0.0
1.0,99.0,0.0,0.0,0.0,0.0
1.0,99.0,0.0,0.0,0.0,0.0
1.0,99.0,0.0,0.0,0.0,0.0
3.0,92.0,1.0,4.0,0.0,0.0
2.0,93.0,0.0,5.0,0.0,0.0
1.0,96.0,0.0,3.0,0.0,0.0
1.0,99.0,0.0,0.0,0.0,0.0
1.0,99.0,0.0,0.0,0.0,0.0
1.0,89.0,0.0,10.0,0.0,0.0
1.0,99.0,0.0,0.0,0.0,0.0
4.0,96.0,0.0,0.0,0.0,0.0
1.0,99.0,0.0,0.0,0.0,0.0
2.0,96.0,0.0,2.0,0.0,0.0
1.0,98.0,1.0,0.0,0.0,0.0
3.0,97.0,0.0,0.0,0.0,0.0
2.0,95.0,0.0,3.0,0.0,0.0
1.0,99.0,0.0,0.0,0.0,0.0
1.0,0.0,5.0,4.0,0.0,0.0
1.0,99.0,0.0,0.0,0.0,0.0
1.0,97.0,1.0,1.0,0.0,0.0
1.0,99.0,0.0,0.0,0.0,0.0
1.0,97.0,0.0,2.0,0.0,0.0
1.0,95.0,0.0,4.0,0.0,0.0
2.0,94.0,0.0,4.0,0.0,0.0
1.0,29.0,0.0,2.0,68.0,0.0
1.0,99.0,0.0,0.0,0.0,0.0
4.0,96.0,0.0,0.0,0.0,0.0
1.0,94.0,1.0,4.0,0.0,0.0
1.0,91.0,0.0,8.0,0.0,0.0
1.0,99.0,0.0,0.0,0.0,0.0
1.0,96.0,0.0,3.0,0.0,0.0
3.0,97.0,0.0,0.0,0.0,0.0
1.0,99.0,0.0,0.0,0.0,0.0
1.0,98.0,1.0,0.0,0.0,0.0
2.0,93.0,0.0,5.0,0.0,0.0
2.0,90.0,1.0,7.0,0.0,0.0
6.0,90.0,0.0,4.0,0.0,0.0
2.0,98.0,0.0,0.0,0.0,0.0
3.0,94.0,0.0,3.0,0.0,0.0
1.0,92.0,0.0,7.0,0.0,0.0
4.0,96.0,0.0,0.0,0.0,0.0
1.0,99.0,0.0,0.0,0.0,0.0
3.0,93.0,0.0,4.0,0.0,0.0
1.0,99.0,0.0,0.0,0.0,0.0
2.0,98.0,0.0,0.0,0.0,0.0
2.0,96.0,0.0,2.0,0.0,0.0
1.0,99.0,0.0,0.0,0.0,0.0
2.0,97.0,0.0,1.0,0.0,0.0
1.0,98.0,0.0,1.0,0.0,0.0
1.0,96.0,0.0,3.0,0.0,0.0
3.0,95.0,0.0,2.0,0.0,0.0
1.0,97.0,0.0,2.0,0.0,0.0
1.0,99.0,0.0,0.0,0.0,0.0
5.0,95.0,0.0,0.0,0.0,0.0
1.0,99.0,0.0,0.0,0.0,0.0
1.0,96.0,0.0,3.0,0.0,0.0
3.0,97.0,0.0,0.0,0.0,0.0
2.0,97.0,0.0,1.0,0.0,0.0
1.0,96.0,0.0,3.0,0.0,0.0
1.0,99.0,0.0,0.0,0.0,0.0
4.0,96.0,0.0,0.0,0.0,0.0
1.0,98.0,0.0,1.0,0.0,0.0
2.0,98.0,0.0,0.0,0.0,0.0
2.0,0.0,44.0,1.0,0.0,0.0
1.0,99.0,0.0,0.0,0.0,0.0
1.0,99.0,0.0,0.0,0.0,0.0
1.0,97.0,0.0,2.0,0.0,0.0
1.0,99.0,0.0,0.0,0.0,0.0
1.0,99.0,0.0,0.0,0.0,0.0
1.0,99.0,0.0,0.0,0.0,0.0
2.0,93.0,0.0,5.0,0.0,0.0
5.0,95.0,0.0,0.0,0.0,0.0
1.0,98.0,0.0,1.0,0.0,0.0
1.0,99.0,0.0,0.0,0.0,0.0
1.0,99.0,0.0,0.0,0.0,0.0
2.0,98.0,0.0,0.0,0.0,0.0
1.0,98.0,1.0,0.0,0.0,0.0
2.0,96.0,0.0,2.0,0.0,0.0
1.0,98.0,0.0,1.0,0.0,0.0
1.0,99.0,0.0,0.0,0.0,0.0
4.0,96.0,0.0,0.0,0.0,0.0
1.0,97.0,0.0,2.0,0.0,0.0
2.0,96.0,1.0,1.0,0.0,0.0
1.0,99.0,0.0,0.0,0.0,0.0
1.0,99.0,0.0,0.0,0.0,0.0
2.0,96.0,0.0,2.0,0.0,0.0
1.0,99.0,0.0,0.0,0.0,0.0
6.0,93.0,0.0,1.0,0.0,0.0
1.0,97.0,0.0,2.0,0.0,0.0
2.0,98.0,0.0,0.0,0.0,0.0
1.0,98.0,0.0,1.0,0.0,0.0
1.0,98.0,0.0,1.0,0.0,0.0
5.0,95.0,0.0,0.0,0.0,0.0
1.0,99.0,0.0,0.0,0.0,0.0
1.0,99.0,0.0,0.0,0.0,0.0
1.0,99.0,0.0,0.0,0.0,0.0
3.0,97.0,0.0,0.0,0.0,0.0
1.0,0.0,9.0,2.0,0.0,0.0
6.0,94.0,0.0,0.0,0.0,0.0
2.0,98.0,0.0,0.0,0.0,0.0
1.0,98.0,0.0,1.0,0.0,0.0
1.0,98.0,1.0,0.0,0.0,0.0
1.0,98.0,1.0,0.0,0.0,0.0
5.0,93.0,1.0,1.0,0.0,0.0
2.0,95.0,0.0,3.0,0.0,0.0
1.0,98.0,0.0,1.0,0.0,0.0
2.0,98.0,0.0,0.0,0.0,0.0
1.0,99.0,0.0,0.0,0.0,0.0
1.0,97.0,0.0,2.0,0.0,0.0
4.0,0.0,95.0,1.0,0.0,0.0
3.0,97.0,0.0,0.0,0.0,0.0
2.0,98.0,0.0,0.0,0.0,0.0
2.0,95.0,0.0,3.0,0.0,0.0
1.0,98.0,0.0,1.0,0.0,0.0
1.0,96.0,0.0,3.0,0.0,0.0
1.0,99.0,0.0,0.0,0.0,0.0
1.0,99.0,0.0,0.0,0.0,0.0
2.0,96.0,0.0,2.0,0.0,0.0
1.0,98.0,1.0,0.0,0.0,0.0
1.0,99.0,0.0,0.0,0.0,0.0
1.0,98.0,0.0,1.0,0.0,0.0
1.0,96.0,1.0,2.0,0.0,0.0
5.0,0.0,3.0,1.0,0.0,0.0
1.0,99.0,0.0,0.0,0.0,0.0
1.0,95.0,0.0,4.0,0.0,0.0
1.0,0.0,0.0,0.0,0.0,0.0
1.0,99.0,0.0,0.0,0.0,0.0
8.0,91.0,1.0,0.0,0.0,0.0
2.0,95.0,0.0,3.0,0.0,0.0
1.0,99.0,0.0,0.0,0.0,0.0
1.0,99.0,0.0,0.0,0.0,0.0
1.0,95.0,0.0,4.0,0.0,0.0
7.0,86.0,0.0,7.0,0.0,0.0
1.0,99.0,0.0,0.0,0.0,0.0
2.0,95.0,0.0,3.0,0.0,0.0
1.0,94.0,0.0,5.0,0.0,0.0
1.0,98.0,1.0,0.0,0.0,0.0
1.0,99.0,0.0,0.0,0.0,0.0
2.0,96.0,0.0,2.0,0.0,0.0
1.0,90.0,0.0,9.0,0.0,0.0
1.0,99.0,0.0,0.0,0.0,0.0
5.0,0.0,94.0,1.0,0.0,0.0
3.0,80.0,0.0,17.0,0.0,0.0
1.0,95.0,0.0,4.0,0.0,0.0
1.0,98.0,1.0,0.0,0.0,0.0
2.0,98.0,0.0,0.0,0.0,0.0
1.0,99.0,0.0,0.0,0.0,0.0
1.0,96.0,1.0,2.0,0.0,0.0
1.0,95.0,0.0,4.0,0.0,0.0
3.0,97.0,0.0,0.0,0.0,0.0
2.0,98.0,0.0,0.0,0.0,0.0
1.0,92.0,0.0,7.0,0.0,0.0
2.0,98.0,0.0,0.0,0.0,0.0
1.0,91.0,1.0,7.0,0.0,0.0
1.0,99.0,0.0,0.0,0.0,0.0
1.0,97.0,1.0,1.0,0.0,0.0
1.0,97.0,0.0,2.0,0.0,0.0
2.0,97.0,0.0,1.0,0.0,0.0
1.0,98.0,0.0,1.0,0.0,0.0
2.0,96.0,0.0,2.0,0.0,0.0
2.0,97.0,1.0,0.0,0.0,0.0
1.0,94.0,0.0,5.0,0.0,0.0
4.0,96.0,0.0,0.0,0.0,0.0
1.0,97.0,0.0,2.0,0.0,0.0
1.0,99.0,0.0,0.0,0.0,0.0
2.0,97.0,1.0,0.0,0.0,0.0
1.0,0.0,24.0,7.0,0.0,0.0
1.0,96.0,0.0,3.0,0.0,0.0
3.0,87.0,0.0,10.0,0.0,0.0
2.0,97.0,1.0,0.0,0.0,0.0
1.0,83.0,0.0,16.0,0.0,0.0
7.0,92.0,1.0,0.0,0.0,0.0
1.0,99.0,0.0,0.0,0.0,0.0
1.0,97.0,0.0,2.0,0.0,0.0
2.0,50.0,0.0,3.0,45.0,0.0
2.0,98.0,0.0,0.0,0.0,0.0
1.0,98.0,1.0,0.0,0.0,0.0
1.0,98.0,0.0,1.0,0.0,0.0
1.0,99.0,0.0,0.0,0.0,0.0
3.0,96.0,0.0,1.0,0.0,0.0
2.0,97.0,1.0,0.0,0.0,0.0
2.0,98.0,0.0,0.0,0.0,0.0
3.0,96.0,0.0,1.0,0.0,0.0
2.0,0.0,76.0,4.0,0.0,0.0
1.0,99.0,0.0,0.0,0.0,0.0
1.0,99.0,0.0,0.0,0.0,0.0
1.0,99.0,0.0,0.0,0.0,0.0
2.0,98.0,0.0,0.0,0.0,0.0
5.0,95.0,0.0,0.0,0.0,0.0
1.0,96.0,1.0,2.0,0.0,0.0
1.0,99.0,0.0,0.0,0.0,0.0
1.0,99.0,0.0,0.0,0.0,0.0
2.0,98.0,0.0,0.0,0.0,0.0
1.0,93.0,0.0,6.0,0.0,0.0
2.0,98.0,0.0,0.0,0.0,0.0
1.0,0.0,1.0,1.0,0.0,5.0
3.0,97.0,0.0,0.0,0.0,0.0
2.0,97.0,0.0,1.0,0.0,0.0
4.0,96.0,0.0,0.0,0.0,0.0
1.0,99.0,0.0,0.0,0.0,0.0
1.0,99.0,0.0,0.0,0.0,0.0
1.0,99.0,0.0,0.0,0.0,0.0
2.0,98.0,0.0,0.0,0.0,0.0
4.0,90.0,0.0,6.0,0.0,0.0
4.0,96.0,0.0,0.0,0.0,0.0
1.0,98.0,1.0,0.0,0.0,0.0
4.0,96.0,0.0,0.0,0.0,0.0
3.0,97.0,0.0,0.0,0.0,0.0
3.0,96.0,0.0,1.0,0.0,0.0
1.0,96.0,0.0,3.0,0.0,0.0
1.0,95.0,0.0,4.0,0.0,0.0
1.0,98.0,0.0,1.0,0.0,0.0
4.0,92.0,0.0,4.0,0.0,0.0
1.0,98.0,1.0,0.0,0.0,0.0
1.0,96.0,0.0,3.0,0.0,0.0
1.0,99.0,0.0,0.0,0.0,0.0
2.0,90.0,0.0,8.0,0.0,0.0
6.0,94.0,0.0,0.0,0.0,0.0
1.0,95.0,0.0,4.0,0.0,0.0
2.0,98.0,0.0,0.0,0.0,0.0
3.0,96.0,1.0,0.0,0.0,0.0
1.0,99.0,0.0,0.0,0.0,0.0
1.0,95.0,0.0,4.0,0.0,0.0
1.0,98.0,1.0,0.0,0.0,0.0
7.0,93.0,0.0,0.0,0.0,0.0
1.0,99.0,0.0,0.0,0.0,0.0
1.0,95.0,0.0,4.0,0.0,0.0
1.0,0.0,29.0,3.0,0.0,0.0
8.0,92.0,0.0,0.0,0.0,0.0
4.0,94.0,0.0,2.0,0.0,0.0
2.0,98.0,0.0,0.0,0.0,0.0
1.0,98.0,0.0,1.0,0.0,0.0
1.0,99.0,0.0,0.0,0.0,0.0
1.0,99.0,0.0,0.0,0.0,0.0
2.0,0.0,24.0,3.0,0.0,0.0
1.0,97.0,0.0,2.0,0.0,0.0
1.0,0.0,98.0,1.0,0.0,0.0
1.0,99.0,0.0,0.0,0.0,0.0
1.0,99.0,0.0,0.0,0.0,0.0
1.0,92.0,0.0,7.0,0.0,0.0
1.0,96.0,0.0,3.0,0.0,0.0
3.0,94.0,0.0,3.0,0.0,0.0
4.0,74.0,0.0,22.0,0.0,0.0
1.0,99.0,0.0,0.0,0.0,0.0
1.0,98.0,0.0,1.0,0.0,0.0
1.0,99.0,0.0,0.0,0.0,0.0
2.0,93.0,0.0,5.0,0.0,0.0
1.0,93.0,0.0,6.0,0.0,0.0
1.0,96.0,0.0,3.0,0.0,0.0
1.0,99.0,0.0,0.0,0.0,0.0
1.0,99.0,0.0,0.0,0.0,0.0
1.0,98.0,0.0,1.0,0.0,0.0
1.0,96.0,0.0,3.0,0.0,0.0
1.0,98.0,0.0,1.0,0.0,0.0
1.0,98.0,0.0,1.0,0.0,0.0
1.0,98.0,1.0,0.0,0.0,0.0
1.0,99.0,0.0,0.0,0.0,0.0
6.0,93.0,0.0,1.0,0.0,0.0
5.0,95.0,0.0,0.0,0.0,0.0
1.0,99.0,0.0,0.0,0.0,0.0
2.0,97.0,0.0,1.0,0.0,0.0
1.0,98.0,1.0,0.0,0.0,0.0
4.0,0.0,28.0,2.0,0.0,0.0
1.0,93.0,0.0,6.0,0.0,0.0
1.0,98.0,0.0,1.0,0.0,0.0
1.0,0.0,19.0,1.0,0.0,0.0
2.0,98.0,0.0,0.0,0.0,0.0
2.0,0.0,55.0,1.0,0.0,0.0
1.0,99.0,0.0,0.0,0.0,0.0
1.0,99.0,0.0,0.0,0.0,0.0
4.0,96.0,0.0,0.0,0.0,0.0
1.0,0.0,3.0,3.0,0.0,0.0
1.0,96.0,0.0,3.0,0.0,0.0
2.0,98.0,0.0,0.0,0.0,0.0
1.0,99.0,0.0,0.0,0.0,0.0
1.0,98.0,1.0,0.0,0.0,0.0
1.0,99.0,0.0,0.0,0.0,0.0
1.0,93.0,1.0,5.0,0.0,0.0
1.0,0.0,46.0,4.0,0.0,0.0
2.0,98.0,0.0,0.0,0.0,0.0
1.0,99.0,0.0,0.0,0.0,0.0
1.0,99.0,0.0,0.0,0.0,0.0
2.0,94.0,0.0,4.0,0.0,0.0
4.0,94.0,0.0,2.0,0.0,0.0
1.0,99.0,0.0,0.0,0.0,0.0
1.0,99.0,0.0,0.0,0.0,0.0
2.0,97.0,0.0,1.0,0.0,0.0
1.0,0.0,1.0,4.0,0.0,44.0
1.0,92.0,1.0,6.0,0.0,0.0
1.0,99.0,0.0,0.0,0.0,0.0
1.0,0.0,20.0,1.0,0.0,0.0
1.0,0.0,1.0,10.0,0.0,0.0
2.0,92.0,0.0,6.0,0.0,0.0
5.0,95.0,0.0,0.0,0.0,0.0
2.0,0.0,27.0,3.0,0.0,0.0
2.0,98.0,0.0,0.0,0.0,0.0
2.0,90.0,0.0,8.0,0.0,0.0
1.0,99.0,0.0,0.0,0.0,0.0
1.0,95.0,0.0,4.0,0.0,0.0
1.0,99.0,0.0,0.0,0.0,0.0
3.0,93.0,0.0,4.0,0.0,0.0
2.0,98.0,0.0,0.0,0.0,0.0
1.0,99.0,0.0,0.0,0.0,0.0
1.0,99.0,0.0,0.0,0.0,0.0
1.0,98.0,0.0,1.0,0.0,0.0
2.0,97.0,0.0,1.0,0.0,0.0
2.0,89.0,1.0,8.0,0.0,0.0
1.0,99.0,0.0,0.0,0.0,0.0
1.0,96.0,0.0,3.0,0.0,0.0
13.0,85.0,0.0,2.0,0.0,0.0
3.0,97.0,0.0,0.0,0.0,0.0
3.0,89.0,1.0,7.0,0.0,0.0
3.0,94.0,0.0,3.0,0.0,0.0
1.0,99.0,0.0,0.0,0.0,0.0
6.0,91.0,0.0,3.0,0.0,0.0
3.0,97.0,0.0,0.0,0.0,0.0
1.0,99.0,0.0,0.0,0.0,0.0
1.0,90.0,0.0,9.0,0.0,0.0
1.0,99.0,0.0,0.0,0.0,0.0
2.0,47.0,0.0,1.0,50.0,0.0
2.0,98.0,0.0,0.0,0.0,0.0
1.0,99.0,0.0,0.0,0.0,0.0
2.0,98.0,0.0,0.0,0.0,0.0
1.0,99.0,0.0,0.0,0.0,0.0
11.0,0.0,3.0,9.0,0.0,0.0
1.0,99.0,0.0,0.0,0.0,0.0
1.0,99.0,0.0,0.0,0.0,0.0
4.0,93.0,0.0,3.0,0.0,0.0
3.0,95.0,0.0,2.0,0.0,0.0
2.0,98.0,0.0,0.0,0.0,0.0
1.0,96.0,0.0,3.0,0.0,0.0
5.0,95.0,0.0,0.0,0.0,0.0
1.0,98.0,1.0,0.0,0.0,0.0
1.0,99.0,0.0,0.0,0.0,0.0
3.0,91.0,0.0,6.0,0.0,0.0
1.0,96.0,1.0,2.0,0.0,0.0
7.0,0.0,24.0,6.0,0.0,0.0
2.0,0.0,1.0,2.0,0.0,57.0
1.0,94.0,0.0,5.0,0.0,0.0
1.0,94.0,0.0,5.0,0.0,0.0
1.0,99.0,0.0,0.0,0.0,0.0
3.0,94.0,0.0,3.0,0.0,0.0
1.0,88.0,0.0,11.0,0.0,0.0
1.0,97.0,0.0,2.0,0.0,0.0
2.0,0.0,44.0,4.0,0.0,0.0
1.0,99.0,0.0,0.0,0.0,0.0
3.0,96.0,1.0,0.0,0.0,0.0
1.0,98.0,1.0,0.0,0.0,0.0
1.0,0.0,92.0,6.0,0.0,0.0
1.0,91.0,0.0,8.0,0.0,0.0
2.0,98.0,0.0,0.0,0.0,0.0
2.0,95.0,1.0,2.0,0.0,0.0
1.0,0.0,3.0,1.0,0.0,0.0
1.0,94.0,0.0,5.0,0.0,0.0
1.0,96.0,1.0,2.0,0.0,0.0
2.0,89.0,0.0,9.0,0.0,0.0
3.0,97.0,0.0,0.0,0.0,0.0
1.0,99.0,0.0,0.0,0.0,0.0
1.0,99.0,0.0,0.0,0.0,0.0
4.0,92.0,0.0,4.0,0.0,0.0
5.0,92.0,0.0,3.0,0.0,0.0
1.0,99.0,0.0,0.0,0.0,0.0
2.0,0.0,19.0,2.0,0.0,0.0
1.0,96.0,0.0,3.0,0.0,0.0
1.0,99.0,0.0,0.0,0.0,0.0
2.0,98.0,0.0,0.0,0.0,0.0
1.0,94.0,0.0,5.0,0.0,0.0
2.0,97.0,0.0,1.0,0.0,0.0
1.0,99.0,0.0,0.0,0.0,0.0
9.0,90.0,1.0,0.0,0.0,0.0
1.0,98.0,0.0,1.0,0.0,0.0
3.0,97.0,0.0,0.0,0.0,0.0
1.0,0.0,87.0,12.0,0.0,0.0
5.0,92.0,0.0,3.0,0.0,0.0
2.0,98.0,0.0,0.0,0.0,0.0
1.0,94.0,0.0,5.0,0.0,0.0
1.0,99.0,0.0,0.0,0.0,0.0
4.0,95.0,1.0,0.0,0.0,0.0
1.0,98.0,1.0,0.0,0.0,0.0
6.0,0.0,7.0,2.0,0.0,0.0
1.0,98.0,1.0,0.0,0.0,0.0
1.0,98.0,0.0,1.0,0.0,0.0
3.0,92.0,0.0,5.0,0.0,0.0
1.0,94.0,0.0,5.0,0.0,0.0
1.0,99.0,0.0,0.0,0.0,0.0
3.0,93.0,0.0,4.0,0.0,0.0
1.0,99.0,0.0,0.0,0.0,0.0
2.0,98.0,0.0,0.0,0.0,0.0
1.0,99.0,0.0,0.0,0.0,0.0
2.0,98.0,0.0,0.0,0.0,0.0
1.0,99.0,0.0,0.0,0.0,0.0
1.0,96.0,0.0,3.0,0.0,0.0
1.0,99.0,0.0,0.0,0.0,0.0
2.0,96.0,1.0,1.0,0.0,0.0
1.0,98.0,0.0,1.0,0.0,0.0
1.0,99.0,0.0,0.0,0.0,0.0
1.0,97.0,0.0,2.0,0.0,0.0
5.0,95.0,0.0,0.0,0.0,0.0
1.0,97.0,0.0,2.0,0.0,0.0
1.0,99.0,0.0,0.0,0.0,0.0
1.0,98.0,1.0,0.0,0.0,0.0
1.0,99.0,0.0,0.0,0.0,0.0
1.0,99.0,0.0,0.0,0.0,0.0
3.0,93.0,0.0,4.0,0.0,0.0
3.0,95.0,0.0,2.0,0.0,0.0
5.0,95.0,0.0,0.0,0.0,0.0
1.0,93.0,0.0,6.0,0.0,0.0
1.0,96.0,1.0,2.0,0.0,0.0
2.0,98.0,0.0,0.0,0.0,0.0
1.0,93.0,0.0,6.0,0.0,0.0
1.0,98.0,1.0,0.0,0.0,0.0
1.0,98.0,0.0,1.0,0.0,0.0
1.0,99.0,0.0,0.0,0.0,0.0
2.0,95.0,0.0,3.0,0.0,0.0
1.0,82.0,0.0,17.0,0.0,0.0
3.0,90.0,0.0,7.0,0.0,0.0
1.0,98.0,0.0,1.0,0.0,0.0
2.0,98.0,0.0,0.0,0.0,0.0
1.0,99.0,0.0,0.0,0.0,0.0
1.0,99.0,0.0,0.0,0.0,0.0
1.0,0.0,15.0,1.0,0.0,0.0
2.0,0.0,89.0,1.0,0.0,0.0
1.0,98.0,0.0,1.0,0.0,0.0
1.0,99.0,0.0,0.0,0.0,0.0
1.0,93.0,0.0,6.0,0.0,0.0
1.0,98.0,1.0,0.0,0.0,0.0
6.0,92.0,0.0,2.0,0.0,0.0
1.0,99.0,0.0,0.0,0.0,0.0
1.0,99.0,0.0,0.0,0.0,0.0
1.0,97.0,1.0,1.0,0.0,0.0
2.0,98.0,0.0,0.0,0.0,0.0
1.0,97.0,0.0,2.0,0.0,0.0
1.0,99.0,0.0,0.0,0.0,0.0
1.0,99.0,0.0,0.0,0.0,0.0
1.0,0.0,56.0,4.0,0.0,0.0
4.0,95.0,0.0,1.0,0.0,0.0
6.0,90.0,0.0,4.0,0.0,0.0
8.0,92.0,0.0,0.0,0.0,0.0
13.0,87.0,0.0,0.0,0.0,0.0
1.0,91.0,0.0,8.0,0.0,0.0
1.0,94.0,0.0,5.0,0.0,0.0
1.0,99.0,0.0,0.0,0.0,0.0
1.0,97.0,0.0,2.0,0.0,0.0
1.0,98.0,0.0,1.0,0.0,0.0
2.0,97.0,1.0,0.0,0.0,0.0
2.0,96.0,0.0,2.0,0.0,0.0
7.0,79.0,0.0,14.0,0.0,0.0
1.0,96.0,0.0,3.0,0.0,0.0
3.0,96.0,0.0,1.0,0.0,0.0
1.0,94.0,0.0,5.0,0.0,0.0
1.0,98.0,1.0,0.0,0.0,0.0
2.0,97.0,0.0,1.0,0.0,0.0
2.0,94.0,0.0,4.0,0.0,0.0
4.0,96.0,0.0,0.0,0.0,0.0
1.0,97.0,0.0,2.0,0.0,0.0
1.0,95.0,0.0,4.0,0.0,0.0
2.0,98.0,0.0,0.0,0.0,0.0
2.0,94.0,0.0,4.0,0.0,0.0
1.0,98.0,0.0,1.0,0.0,0.0
1.0,99.0,0.0,0.0,0.0,0.0
1.0,98.0,0.0,1.0,0.0,0.0
1.0,97.0,0.0,2.0,0.0,0.0
1.0,97.0,0.0,2.0,0.0,0.0
3.0,96.0,0.0,1.0,0.0,0.0
2.0,97.0,0.0,1.0,0.0,0.0
4.0,89.0,0.0,7.0,0.0,0.0
2.0,98.0,0.0,0.0,0.0,0.0
1.0,99.0,0.0,0.0,0.0,0.0
2.0,98.0,0.0,0.0,0.0,0.0
2.0,98.0,0.0,0.0,0.0,0.0
4.0,95.0,0.0,1.0,0.0,0.0
2.0,90.0,0.0,8.0,0.0,0.0
1.0,99.0,0.0,0.0,0.0,0.0
9.0,91.0,0.0,0.0,0.0,0.0
7.0,0.0,17.0,1.0,0.0,0.0
1.0,95.0,0.0,4.0,0.0,0.0
6.0,93.0,0.0,1.0,0.0,0.0
1.0,0.0,59.0,1.0,0.0,0.0
2.0,98.0,0.0,0.0,0.0,0.0
1.0,93.0,0.0,6.0,0.0,0.0
7.0,93.0,0.0,0.0,0.0,0.0
1.0,99.0,0.0,0.0,0.0,0.0
1.0,92.0,0.0,7.0,0.0,0.0
2.0,98.0,0.0,0.0,0.0,0.0
3.0,93.0,0.0,4.0,0.0,0.0
1.0,93.0,0.0,6.0,0.0,0.0
2.0,98.0,0.0,0.0,0.0,0.0
1.0,99.0,0.0,0.0,0.0,0.0
1.0,0.0,7.0,1.0,0.0,0.0
1.0,98.0,1.0,0.0,0.0,0.0
1.0,99.0,0.0,0.0,0.0,0.0
1.0,99.0,0.0,0.0,0.0,0.0
1.0,97.0,1.0,1.0,0.0,0.0
1.0,99.0,0.0,0.0,0.0,0.0
1.0,98.0,0.0,1.0,0.0,0.0
3.0,97.0,0.0,0.0,0.0,0.0
1.0,99.0,0.0,0.0,0.0,0.0
2.0,96.0,0.0,2.0,0.0,0.0
3.0,96.0,0.0,1.0,0.0,0.0
1.0,94.0,0.0,5.0,0.0,0.0
1.0,99.0,0.0,0.0,0.0,0.0
1.0,0.0,95.0,4.0,0.0,0.0
1.0,92.0,0.0,7.0,0.0,0.0
1.0,99.0,0.0,0.0,0.0,0.0
1.0,98.0,0.0,1.0,0.0,0.0
1.0,99.0,0.0,0.0,0.0,0.0
1.0,99.0,0.0,0.0,0.0,0.0
1.0,99.0,0.0,0.0,0.0,0.0
2.0,98.0,0.0,0.0,0.0,0.0
1.0,93.0,1.0,5.0,0.0,0.0
1.0,98.0,1.0,0.0,0.0,0.0
1.0,93.0,0.0,6.0,0.0,0.0
2.0,97.0,0.0,1.0,0.0,0.0
1.0,99.0,0.0,0.0,0.0,0.0
2.0,98.0,0.0,0.0,0.0,0.0
5.0,95.0,0.0,0.0,0.0,0.0
1.0,0.0,91.0,8.0,0.0,0.0
1.0,96.0,0.0,3.0,0.0,0.0
1.0,99.0,0.0,0.0,0.0,0.0
7.0,93.0,0.0,0.0,0.0,0.0
1.0,99.0,0.0,0.0,0.0,0.0
1.0,98.0,1.0,0.0,0.0,0.0
1.0,88.0,0.0,11.0,0.0,0.0
1.0,97.0,0.0,2.0,0.0,0.0
1.0,90.0,0.0,9.0,0.0,0.0
1.0,0.0,5.0,2.0,0.0,0.0
2.0,98.0,0.0,0.0,0.0,0.0
13.0,69.0,0.0,18.0,0.0,0.0
1.0,98.0,0.0,1.0,0.0,0.0
3.0,96.0,0.0,1.0,0.0,0.0
3.0,97.0,0.0,0.0,0.0,0.0
8.0,92.0,0.0,0.0,0.0,0.0
1.0,99.0,0.0,0.0,0.0,0.0
2.0,96.0,0.0,2.0,0.0,0.0
1.0,0.0,39.0,1.0,0.0,0.0
2.0,34.0,0.0,7.0,57.0,0.0
5.0,94.0,1.0,0.0,0.0,0.0
2.0,98.0,0.0,0.0,0.0,0.0
3.0,96.0,0.0,1.0,0.0,0.0
1.0,99.0,0.0,0.0,0.0,0.0
1.0,99.0,0.0,0.0,0.0,0.0
1.0,99.0,0.0,0.0,0.0,0.0
4.0,96.0,0.0,0.0,0.0,0.0
2.0,98.0,0.0,0.0,0.0,0.0
1.0,98.0,0.0,1.0,0.0,0.0
3.0,96.0,0.0,1.0,0.0,0.0
1.0,98.0,0.0,1.0,0.0,0.0
5.0,95.0,0.0,0.0,0.0,0.0
3.0,92.0,0.0,5.0,0.0,0.0
1.0,95.0,1.0,3.0,0.0,0.0
1.0,99.0,0.0,0.0,0.0,0.0
2.0,97.0,1.0,0.0,0.0,0.0
4.0,92.0,0.0,4.0,0.0,0.0
6.0,93.0,0.0,1.0,0.0,0.0
1.0,97.0,1.0,1.0,0.0,0.0
2.0,96.0,0.0,2.0,0.0,0.0
1.0,98.0,0.0,1.0,0.0,0.0
1.0,98.0,1.0,0.0,0.0,0.0
1.0,0.0,26.0,1.0,0.0,0.0
1.0,99.0,0.0,0.0,0.0,0.0
1.0,98.0,1.0,0.0,0.0,0.0
2.0,96.0,1.0,1.0,0.0,0.0
3.0,95.0,0.0,2.0,0.0,0.0
1.0,99.0,0.0,0.0,0.0,0.0
1.0,99.0,0.0,0.0,0.0,0.0
1.0,98.0,0.0,1.0,0.0,0.0
1.0,99.0,0.0,0.0,0.0,0.0
8.0,90.0,0.0,2.0,0.0,0.0
1.0,97.0,1.0,1.0,0.0,0.0
1.0,97.0,0.0,2.0,0.0,0.0
2.0,98.0,0.0,0.0,0.0,0.0
1.0,94.0,0.0,5.0,0.0,0.0
9.0,91.0,0.0,0.0,0.0,0.0
2.0,96.0,0.0,2.0,0.0,0.0
5.0,70.0,0.0,25.0,0.0,0.0
1.0,0.0,94.0,2.0,0.0,0.0
3.0,95.0,0.0,2.0,0.0,0.0
1.0,99.0,0.0,0.0,0.0,0.0
1.0,98.0,0.0,1.0,0.0,0.0
3.0,87.0,1.0,9.0,0.0,0.0
2.0,95.0,0.0,3.0,0.0,0.0
2.0,98.0,0.0,0.0,0.0,0.0
4.0,90.0,0.0,6.0,0.0,0.0
1.0,99.0,0.0,0.0,0.0,0.0
2.0,98.0,0.0,0.0,0.0,0.0
1.0,99.0,0.0,0.0,0.0,0.0
1.0,99.0,0.0,0.0,0.0,0.0
3.0,97.0,0.0,0.0,0.0,0.0
3.0,90.0,0.0,7.0,0.0,0.0
4.0,96.0,0.0,0.0,0.0,0.0
1.0,98.0,0.0,1.0,0.0,0.0
2.0,98.0,0.0,0.0,0.0,0.0
1.0,94.0,0.0,5.0,0.0,0.0
6.0,93.0,0.0,1.0,0.0,0.0
1.0,0.0,1.0,3.0,0.0,23.0
1.0,99.0,0.0,0.0,0.0,0.0
3.0,97.0,0.0,0.0,0.0,0.0
1.0,99.0,0.0,0.0,0.0,0.0
5.0,88.0,0.0,7.0,0.0,0.0
1.0,99.0,0.0,0.0,0.0,0.0
2.0,98.0,0.0,0.0,0.0,0.0
1.0,97.0,1.0,1.0,0.0,0.0
1.0,98.0,0.0,1.0,0.0,0.0
1.0,0.0,1.0,7.0,0.0,23.0
1.0,91.0,0.0,8.0,0.0,0.0
3.0,97.0,0.0,0.0,0.0,0.0
4.0,88.0,0.0,8.0,0.0,0.0
1.0,98.0,0.0,1.0,0.0,0.0
1.0,98.0,1.0,0.0,0.0,0.0
3.0,97.0,0.0,0.0,0.0,0.0
1.0,88.0,0.0,11.0,0.0,0.0
1.0,98.0,1.0,0.0,0.0,0.0
4.0,96.0,0.0,0.0,0.0,0.0
1.0,94.0,1.0,4.0,0.0,0.0
1.0,0.0,1.0,1.0,0.0,1.0
2.0,0.0,1.0,2.0,0.0,0.0
1.0,99.0,0.0,0.0,0.0,0.0
1.0,94.0,0.0,5.0,0.0,0.0
1.0,98.0,1.0,0.0,0.0,0.0
1.0,93.0,0.0,6.0,0.0,0.0
3.0,92.0,0.0,5.0,0.0,0.0
1.0,99.0,0.0,0.0,0.0,0.0
5.0,95.0,0.0,0.0,0.0,0.0
1.0,99.0,0.0,0.0,0.0,0.0
3.0,0.0,50.0,1.0,0.0,0.0
1.0,98.0,0.0,1.0,0.0,0.0
1.0,93.0,0.0,6.0,0.0,0.0
1.0,0.0,98.0,1.0,0.0,0.0
1.0,99.0,0.0,0.0,0.0,0.0
1.0,99.0,0.0,0.0,0.0,0.0
1.0,99.0,0.0,0.0,0.0,0.0
1.0,99.0,0.0,0.0,0.0,0.0
3.0,70.0,0.0,27.0,0.0,0.0
2.0,98.0,0.0,0.0,0.0,0.0
5.0,93.0,0.0,2.0,0.0,0.0
1.0,0.0,1.0,9.0,0.0,14.0
4.0,96.0,0.0,0.0,0.0,0.0
1.0,80.0,0.0,19.0,0.0,0.0
1.0,96.0,0.0,3.0,0.0,0.0
1.0,98.0,0.0,1.0,0.0,0.0
7.0,93.0,0.0,0.0,0.0,0.0
4.0,96.0,0.0,0.0,0.0,0.0
1.0,97.0,0.0,2.0,0.0,0.0
8.0,92.0,0.0,0.0,0.0,0.0
1.0,96.0,0.0,3.0,0.0,0.0
1.0,99.0,0.0,0.0,0.0,0.0
1.0,98.0,1.0,0.0,0.0,0.0
2.0,98.0,0.0,0.0,0.0,0.0
1.0,98.0,1.0,0.0,0.0,0.0
1.0,99.0,0.0,0.0,0.0,0.0
1.0,93.0,1.0,5.0,0.0,0.0
1.0,99.0,0.0,0.0,0.0,0.0
5.0,94.0,1.0,0.0,0.0,0.0
3.0,97.0,0.0,0.0,0.0,0.0
3.0,91.0,0.0,6.0,0.0,0.0
1.0,99.0,0.0,0.0,0.0,0.0
2.0,98.0,0.0,0.0,0.0,0.0
1.0,98.0,0.0,1.0,0.0,0.0
1.0,0.0,20.0,19.0,0.0,0.0
1.0,98.0,0.0,1.0,0.0,0.0
2.0,97.0,0.0,1.0,0.0,0.0
1.0,96.0,0.0,3.0,0.0,0.0
6.0,94.0,0.0,0.0,0.0,0.0
1.0,99.0,0.0,0.0,0.0,0.0
1.0,99.0,0.0,0.0,0.0,0.0
1.0,93.0,0.0,6.0,0.0,0.0
6.0,94.0,0.0,0.0,0.0,0.0
8.0,90.0,0.0,2.0,0.0,0.0
1.0,99.0,0.0,0.0,0.0,0.0
1.0,98.0,0.0,1.0,0.0,0.0
5.0,95.0,0.0,0.0,0.0,0.0
2.0,95.0,0.0,3.0,0.0,0.0
1.0,99.0,0.0,0.0,0.0,0.0
6.0,94.0,0.0,0.0,0.0,0.0
7.0,86.0,0.0,7.0,0.0,0.0
2.0,98.0,0.0,0.0,0.0,0.0
7.0,83.0,1.0,9.0,0.0,0.0
2.0,98.0,0.0,0.0,0.0,0.0
1.0,91.0,0.0,8.0,0.0,0.0
1.0,99.0,0.0,0.0,0.0,0.0
3.0,96.0,0.0,1.0,0.0,0.0
1.0,98.0,0.0,1.0,0.0,0.0
6.0,89.0,0.0,5.0,0.0,0.0
1.0,89.0,0.0,10.0,0.0,0.0
1.0,99.0,0.0,0.0,0.0,0.0
1.0,88.0,1.0,10.0,0.0,0.0
1.0,98.0,0.0,1.0,0.0,0.0
1.0,97.0,0.0,2.0,0.0,0.0
1.0,99.0,0.0,0.0,0.0,0.0
1.0,99.0,0.0,0.0,0.0,0.0
2.0,98.0,0.0,0.0,0.0,0.0
3.0,97.0,0.0,0.0,0.0,0.0
1.0,98.0,1.0,0.0,0.0,0.0
4.0,96.0,0.0,0.0,0.0,0.0
1.0,99.0,0.0,0.0,0.0,0.0
2.0,86.0,0.0,12.0,0.0,0.0
3.0,94.0,0.0,3.0,0.0,0.0
3.0,97.0,0.0,0.0,0.0,0.0
2.0,88.0,0.0,10.0,0.0,0.0
4.0,96.0,0.0,0.0,0.0,0.0
2.0,98.0,0.0,0.0,0.0,0.0
1.0,99.0,0.0,0.0,0.0,0.0
1.0,0.0,97.0,2.0,0.0,0.0
7.0,93.0,0.0,0.0,0.0,0.0
4.0,91.0,0.0,5.0,0.0,0.0
1.0,99.0,0.0,0.0,0.0,0.0
1.0,93.0,0.0,6.0,0.0,0.0
2.0,98.0,0.0,0.0,0.0,0.0
2.0,97.0,0.0,1.0,0.0,0.0
1.0,99.0,0.0,0.0,0.0,0.0
2.0,98.0,0.0,0.0,0.0,0.0
4.0,91.0,0.0,5.0,0.0,0.0
2.0,96.0,0.0,2.0,0.0,0.0
1.0,99.0,0.0,0.0,0.0,0.0
1.0,96.0,0.0,3.0,0.0,0.0
1.0,99.0,0.0,0.0,0.0,0.0
7.0,93.0,0.0,0.0,0.0,0.0
1.0,98.0,0.0,1.0,0.0,0.0
2.0,98.0,0.0,0.0,0.0,0.0
1.0,99.0,0.0,0.0,0.0,0.0
2.0,89.0,0.0,9.0,0.0,0.0
5.0,94.0,0.0,1.0,0.0,0.0
1.0,98.0,0.0,1.0,0.0,0.0
1.0,99.0,0.0,0.0,0.0,0.0
3.0,97.0,0.0,0.0,0.0,0.0
3.0,97.0,0.0,0.0,0.0,0.0
1.0,99.0,0.0,0.0,0.0,0.0
1.0,99.0,0.0,0.0,0.0,0.0
2.0,98.0,0.0,0.0,0.0,0.0
3.0,97.0,0.0,0.0,0.0,0.0
3.0,97.0,0.0,0.0,0.0,0.0
1.0,97.0,0.0,2.0,0.0,0.0
4.0,96.0,0.0,0.0,0.0,0.0
1.0,97.0,0.0,2.0,0.0,0.0
1.0,98.0,0.0,1.0,0.0,0.0
1.0,94.0,0.0,5.0,0.0,0.0
2.0,98.0,0.0,0.0,0.0,0.0
4.0,95.0,0.0,1.0,0.0,0.0
1.0,86.0,0.0,13.0,0.0,0.0
4.0,93.0,0.0,3.0,0.0,0.0
2.0,94.0,1.0,3.0,0.0,0.0
1.0,94.0,0.0,5.0,0.0,0.0
1.0,97.0,0.0,2.0,0.0,0.0
2.0,98.0,0.0,0.0,0.0,0.0
1.0,0.0,97.0,2.0,0.0,0.0
9.0,86.0,0.0,5.0,0.0,0.0
1.0,99.0,0.0,0.0,0.0,0.0
1.0,99.0,0.0,0.0,0.0,0.0
3.0,89.0,0.0,8.0,0.0,0.0
5.0,95.0,0.0,0.0,0.0,0.0
3.0,97.0,0.0,0.0,0.0,0.0
1.0,95.0,0.0,4.0,0.0,0.0
1.0,97.0,1.0,1.0,0.0,0.0
1.0,99.0,0.0,0.0,0.0,0.0
1.0,98.0,1.0,0.0,0.0,0.0
4.0,96.0,0.0,0.0,0.0,0.0
1.0,97.0,0.0,2.0,0.0,0.0
3.0,97.0,0.0,0.0,0.0,0.0
1.0,97.0,0.0,2.0,0.0,0.0
2.0,91.0,0.0,7.0,0.0,0.0
1.0,98.0,1.0,0.0,0.0,0.0
1.0,92.0,1.0,6.0,0.0,0.0
1.0,83.0,1.0,15.0,0.0,0.0
1.0,99.0,0.0,0.0,0.0,0.0
2.0,97.0,0.0,1.0,0.0,0.0
8.0,90.0,0.0,2.0,0.0,0.0
3.0,93.0,0.0,4.0,0.0,0.0
2.0,98.0,0.0,0.0,0.0,0.0
1.0,99.0,0.0,0.0,0.0,0.0
2.0,98.0,0.0,0.0,0.0,0.0
1.0,96.0,0.0,3.0,0.0,0.0
1.0,87.0,1.0,11.0,0.0,0.0
2.0,97.0,0.0,1.0,0.0,0.0
1.0,92.0,0.0,7.0,0.0,0.0
1.0,0.0,22.0,16.0,0.0,0.0
1.0,99.0,0.0,0.0,0.0,0.0
4.0,93.0,0.0,3.0,0.0,0.0
4.0,93.0,0.0,3.0,0.0,0.0
1.0,99.0,0.0,0.0,0.0,0.0
3.0,96.0,1.0,0.0,0.0,0.0
5.0,79.0,0.0,16.0,0.0,0.0
1.0,0.0,97.0,2.0,0.0,0.0
1.0,95.0,0.0,4.0,0.0,0.0
12.0,86.0,0.0,2.0,0.0,0.0
1.0,90.0,0.0,9.0,0.0,0.0
2.0,95.0,0.0,3.0,0.0,0.0
2.0,94.0,0.0,4.0,0.0,0.0
3.0,89.0,1.0,7.0,0.0,0.0
1.0,99.0,0.0,0.0,0.0,0.0
1.0,99.0,0.0,0.0,0.0,0.0
1.0,99.0,0.0,0.0,0.0,0.0
3.0,96.0,1.0,0.0,0.0,0.0
1.0,98.0,0.0,1.0,0.0,0.0
7.0,92.0,0.0,1.0,0.0,0.0
8.0,73.0,0.0,19.0,0.0,0.0
3.0,97.0,0.0,0.0,0.0,0.0
1.0,99.0,0.0,0.0,0.0,0.0
2.0,97.0,1.0,0.0,0.0,0.0
3.0,95.0,0.0,2.0,0.0,0.0
1.0,99.0,0.0,0.0,0.0,0.0
2.0,91.0,0.0,7.0,0.0,0.0
3.0,83.0,0.0,14.0,0.0,0.0
3.0,97.0,0.0,0.0,0.0,0.0
1.0,88.0,1.0,10.0,0.0,0.0
1.0,99.0,0.0,0.0,0.0,0.0
1.0,99.0,0.0,0.0,0.0,0.0
1.0,98.0,1.0,0.0,0.0,0.0
1.0,96.0,0.0,3.0,0.0,0.0
3.0,97.0,0.0,0.0,0.0,0.0
1.0,96.0,1.0,2.0,0.0,0.0
2.0,98.0,0.0,0.0,0.0,0.0
2.0,96.0,0.0,2.0,0.0,0.0
1.0,97.0,0.0,2.0,0.0,0.0
1.0,99.0,0.0,0.0,0.0,0.0
6.0,94.0,0.0,0.0,0.0,0.0
2.0,96.0,0.0,2.0,0.0,0.0
1.0,99.0,0.0,0.0,0.0,0.0
4.0,0.0,5.0,8.0,0.0,0.0
6.0,94.0,0.0,0.0,0.0,0.0
2.0,98.0,0.0,0.0,0.0,0.0
4.0,92.0,0.0,4.0,0.0,0.0
3.0,94.0,0.0,3.0,0.0,0.0
1.0,99.0,0.0,0.0,0.0,0.0
1.0,98.0,0.0,1.0,0.0,0.0
1.0,94.0,0.0,5.0,0.0,0.0
1.0,99.0,0.0,0.0,0.0,0.0
1.0,99.0,0.0,0.0,0.0,0.0
2.0,98.0,0.0,0.0,0.0,0.0
2.0,98.0,0.0,0.0,0.0,0.0
1.0,99.0,0.0,0.0,0.0,0.0
1.0,83.0,0.0,16.0,0.0,0.0
3.0,97.0,0.0,0.0,0.0,0.0
14.0,85.0,1.0,0.0,0.0,0.0
4.0,96.0,0.0,0.0,0.0,0.0
1.0,98.0,1.0,0.0,0.0,0.0
4.0,0.0,25.0,1.0,0.0,0.0
1.0,93.0,0.0,6.0,0.0,0.0
1.0,96.0,0.0,3.0,0.0,0.0
1.0,0.0,98.0,1.0,0.0,0.0
1.0,96.0,0.0,3.0,0.0,0.0
6.0,84.0,0.0,10.0,0.0,0.0
2.0,98.0,0.0,0.0,0.0,0.0
3.0,94.0,0.0,3.0,0.0,0.0
4.0,94.0,0.0,2.0,0.0,0.0
1.0,99.0,0.0,0.0,0.0,0.0
2.0,88.0,1.0,9.0,0.0,0.0
1.0,99.0,0.0,0.0,0.0,0.0
1.0,99.0,0.0,0.0,0.0,0.0
3.0,97.0,0.0,0.0,0.0,0.0
2.0,97.0,0.0,1.0,0.0,0.0
1.0,93.0,0.0,6.0,0.0,0.0
1.0,93.0,0.0,6.0,0.0,0.0
1.0,94.0,0.0,5.0,0.0,0.0
2.0,98.0,0.0,0.0,0.0,0.0
2.0,98.0,0.0,0.0,0.0,0.0
1.0,99.0,0.0,0.0,0.0,0.0
1.0,95.0,0.0,4.0,0.0,0.0
1.0,99.0,0.0,0.0,0.0,0.0
1.0,99.0,0.0,0.0,0.0,0.0
1.0,96.0,0.0,3.0,0.0,0.0
1.0,92.0,0.0,7.0,0.0,0.0
3.0,97.0,0.0,0.0,0.0,0.0
2.0,98.0,0.0,0.0,0.0,0.0
2.0,98.0,0.0,0.0,0.0,0.0
2.0,0.0,9.0,2.0,0.0,0.0
1.0,99.0,0.0,0.0,0.0,0.0
1.0,94.0,0.0,5.0,0.0,0.0
1.0,99.0,0.0,0.0,0.0,0.0
2.0,98.0,0.0,0.0,0.0,0.0
1.0,99.0,0.0,0.0,0.0,0.0
1.0,99.0,0.0,0.0,0.0,0.0
6.0,93.0,1.0,0.0,0.0,0.0
1.0,99.0,0.0,0.0,0.0,0.0
10.0,87.0,0.0,3.0,0.0,0.0
1.0,99.0,0.0,0.0,0.0,0.0
4.0,96.0,0.0,0.0,0.0,0.0
1.0,99.0,0.0,0.0,0.0,0.0
1.0,98.0,0.0,1.0,0.0,0.0
1.0,97.0,0.0,2.0,0.0,0.0
1.0,97.0,0.0,2.0,0.0,0.0
4.0,89.0,0.0,7.0,0.0,0.0
6.0,91.0,0.0,3.0,0.0,0.0
8.0,92.0,0.0,0.0,0.0,0.0
2.0,98.0,0.0,0.0,0.0,0.0
1.0,99.0,0.0,0.0,0.0,0.0
2.0,91.0,0.0,7.0,0.0,0.0
1.0,99.0,0.0,0.0,0.0,0.0
1.0,83.0,0.0,16.0,0.0,0.0
1.0,97.0,0.0,2.0,0.0,0.0
1.0,99.0,0.0,0.0,0.0,0.0
2.0,83.0,0.0,15.0,0.0,0.0
1.0,0.0,47.0,8.0,0.0,0.0
1.0,97.0,1.0,1.0,0.0,0.0
1.0,99.0,0.0,0.0,0.0,0.0
2.0,89.0,0.0,9.0,0.0,0.0
1.0,99.0,0.0,0.0,0.0,0.0
2.0,97.0,0.0,1.0,0.0,0.0
3.0,83.0,0.0,14.0,0.0,0.0
1.0,99.0,0.0,0.0,0.0,0.0
4.0,96.0,0.0,0.0,0.0,0.0
1.0,99.0,0.0,0.0,0.0,0.0
1.0,98.0,1.0,0.0,0.0,0.0
2.0,98.0,0.0,0.0,0.0,0.0
1.0,99.0,0.0,0.0,0.0,0.0
1.0,97.0,0.0,2.0,0.0,0.0
1.0,99.0,0.0,0.0,0.0,0.0
1.0,99.0,0.0,0.0,0.0,0.0
2.0,97.0,1.0,0.0,0.0,0.0
8.0,89.0,1.0,2.0,0.0,0.0
1.0,99.0,0.0,0.0,0.0,0.0
1.0,97.0,0.0,2.0,0.0,0.0
1.0,99.0,0.0,0.0,0.0,0.0
1.0,0.0,32.0,3.0,0.0,0.0
1.0,97.0,0.0,2.0,0.0,0.0
1.0,99.0,0.0,0.0,0.0,0.0
7.0,85.0,0.0,8.0,0.0,0.0
1.0,91.0,0.0,8.0,0.0,0.0
2.0,98.0,0.0,0.0,0.0,0.0
1.0,99.0,0.0,0.0,0.0,0.0
1.0,99.0,0.0,0.0,0.0,0.0
1.0,99.0,0.0,0.0,0.0,0.0
1.0,93.0,0.0,6.0,0.0,0.0
1.0,81.0,0.0,5.0,13.0,0.0
1.0,99.0,0.0,0.0,0.0,0.0
7.0,90.0,0.0,3.0,0.0,0.0
1.0,99.0,0.0,0.0,0.0,0.0
1.0,99.0,0.0,0.0,0.0,0.0
1.0,98.0,1.0,0.0,0.0,0.0
2.0,98.0,0.0,0.0,0.0,0.0
7.0,79.0,0.0,14.0,0.0,0.0
1.0,95.0,0.0,4.0,0.0,0.0
1.0,91.0,1.0,7.0,0.0,0.0
1.0,99.0,0.0,0.0,0.0,0.0
2.0,96.0,0.0,2.0,0.0,0.0
1.0,97.0,0.0,2.0,0.0,0.0
2.0,97.0,0.0,1.0,0.0,0.0
1.0,99.0,0.0,0.0,0.0,0.0
1.0,99.0,0.0,0.0,0.0,0.0
11.0,89.0,0.0,0.0,0.0,0.0
4.0,0.0,12.0,3.0,0.0,0.0
1.0,98.0,1.0,0.0,0.0,0.0
1.0,91.0,0.0,8.0,0.0,0.0
1.0,98.0,0.0,1.0,0.0,0.0
5.0,88.0,0.0,7.0,0.0,0.0
4.0,95.0,0.0,1.0,0.0,0.0
2.0,98.0,0.0,0.0,0.0,0.0
2.0,97.0,0.0,1.0,0.0,0.0
1.0,98.0,1.0,0.0,0.0,0.0
1.0,99.0,0.0,0.0,0.0,0.0
1.0,99.0,0.0,0.0,0.0,0.0
2.0,94.0,0.0,4.0,0.0,0.0
1.0,99.0,0.0,0.0,0.0,0.0
2.0,98.0,0.0,0.0,0.0,0.0
2.0,90.0,0.0,8.0,0.0,0.0
1.0,99.0,0.0,0.0,0.0,0.0
1.0,85.0,0.0,14.0,0.0,0.0
3.0,97.0,0.0,0.0,0.0,0.0
9.0,91.0,0.0,0.0,0.0,0.0
2.0,96.0,0.0,2.0,0.0,0.0
1.0,85.0,1.0,13.0,0.0,0.0
4.0,96.0,0.0,0.0,0.0,0.0
1.0,99.0,0.0,0.0,0.0,0.0
1.0,98.0,1.0,0.0,0.0,0.0
1.0,92.0,0.0,7.0,0.0,0.0
2.0,92.0,0.0,6.0,0.0,0.0
7.0,93.0,0.0,0.0,0.0,0.0
3.0,94.0,0.0,3.0,0.0,0.0
1.0,99.0,0.0,0.0,0.0,0.0
3.0,96.0,0.0,1.0,0.0,0.0
2.0,98.0,0.0,0.0,0.0,0.0
2.0,78.0,0.0,20.0,0.0,0.0
1.0,99.0,0.0,0.0,0.0,0.0
1.0,99.0,0.0,0.0,0.0,0.0
2.0,93.0,0.0,5.0,0.0,0.0
1.0,90.0,0.0,9.0,0.0,0.0
18.0,79.0,0.0,3.0,0.0,0.0
2.0,98.0,0.0,0.0,0.0,0.0
2.0,95.0,0.0,3.0,0.0,0.0
1.0,79.0,1.0,19.0,0.0,0.0
6.0,94.0,0.0,0.0,0.0,0.0
2.0,98.0,0.0,0.0,0.0,0.0
1.0,95.0,0.0,4.0,0.0,0.0
2.0,98.0,0.0,0.0,0.0,0.0
3.0,95.0,0.0,2.0,0.0,0.0
1.0,99.0,0.0,0.0,0.0,0.0
1.0,97.0,0.0,2.0,0.0,0.0
4.0,90.0,0.0,6.0,0.0,0.0
1.0,99.0,0.0,0.0,0.0,0.0
1.0,99.0,0.0,0.0,0.0,0.0
3.0,0.0,35.0,4.0,0.0,0.0
1.0,99.0,0.0,0.0,0.0,0.0
1.0,99.0,0.0,0.0,0.0,0.0
4.0,96.0,0.0,0.0,0.0,0.0
1.0,97.0,0.0,2.0,0.0,0.0
3.0,75.0,0.0,22.0,0.0,0.0
2.0,95.0,0.0,3.0,0.0,0.0
1.0,97.0,0.0,2.0,0.0,0.0
2.0,92.0,0.0,6.0,0.0,0.0
1.0,90.0,1.0,8.0,0.0,0.0
1.0,96.0,0.0,3.0,0.0,0.0
1.0,68.0,0.0,31.0,0.0,0.0
1.0,0.0,88.0,11.0,0.0,0.0
1.0,99.0,0.0,0.0,0.0,0.0
1.0,98.0,0.0,1.0,0.0,0.0
8.0,91.0,0.0,1.0,0.0,0.0
3.0,92.0,0.0,5.0,0.0,0.0
1.0,99.0,0.0,0.0,0.0,0.0
6.0,91.0,0.0,3.0,0.0,0.0
1.0,86.0,0.0,13.0,0.0,0.0
3.0,97.0,0.0,0.0,0.0,0.0
2.0,97.0,1.0,0.0,0.0,0.0
1.0,99.0,0.0,0.0,0.0,0.0
1.0,75.0,0.0,24.0,0.0,0.0
1.0,86.0,0.0,13.0,0.0,0.0
2.0,88.0,0.0,10.0,0.0,0.0
1.0,99.0,0.0,0.0,0.0,0.0
1.0,99.0,0.0,0.0,0.0,0.0
2.0,93.0,0.0,5.0,0.0,0.0
1.0,96.0,0.0,3.0,0.0,0.0
3.0,94.0,0.0,3.0,0.0,0.0
1.0,98.0,1.0,0.0,0.0,0.0
1.0,0.0,1.0,1.0,0.0,52.0
1.0,99.0,0.0,0.0,0.0,0.0
1.0,99.0,0.0,0.0,0.0,0.0
2.0,98.0,0.0,0.0,0.0,0.0
3.0,97.0,0.0,0.0,0.0,0.0
3.0,97.0,0.0,0.0,0.0,0.0
1.0,99.0,0.0,0.0,0.0,0.0
1.0,97.0,0.0,2.0,0.0,0.0
2.0,94.0,0.0,4.0,0.0,0.0
1.0,99.0,0.0,0.0,0.0,0.0
4.0,84.0,0.0,12.0,0.0,0.0
1.0,99.0,0.0,0.0,0.0,0.0
1.0,99.0,0.0,0.0,0.0,0.0
1.0,96.0,0.0,3.0,0.0,0.0
2.0,75.0,0.0,23.0,0.0,0.0
1.0,99.0,0.0,0.0,0.0,0.0
7.0,88.0,0.0,5.0,0.0,0.0
4.0,96.0,0.0,0.0,0.0,0.0
1.0,99.0,0.0,0.0,0.0,0.0
9.0,0.0,53.0,4.0,0.0,0.0
1.0,98.0,1.0,0.0,0.0,0.0
2.0,96.0,0.0,2.0,0.0,0.0
1.0,0.0,10.0,1.0,0.0,0.0
1.0,98.0,0.0,1.0,0.0,0.0
1.0,99.0,0.0,0.0,0.0,0.0
1.0,99.0,0.0,0.0,0.0,0.0
7.0,83.0,0.0,10.0,0.0,0.0
3.0,97.0,0.0,0.0,0.0,0.0
1.0,77.0,0.0,22.0,0.0,0.0
1.0,98.0,0.0,1.0,0.0,0.0
3.0,97.0,0.0,0.0,0.0,0.0
4.0,93.0,0.0,3.0,0.0,0.0
5.0,95.0,0.0,0.0,0.0,0.0
5.0,95.0,0.0,0.0,0.0,0.0
4.0,86.0,0.0,10.0,0.0,0.0
1.0,99.0,0.0,0.0,0.0,0.0
5.0,95.0,0.0,0.0,0.0,0.0
7.0,93.0,0.0,0.0,0.0,0.0
1.0,74.0,0.0,25.0,0.0,0.0
1.0,99.0,0.0,0.0,0.0,0.0
2.0,98.0,0.0,0.0,0.0,0.0
12.0,88.0,0.0,0.0,0.0,0.0
1.0,79.0,1.0,19.0,0.0,0.0
1.0,99.0,0.0,0.0,0.0,0.0
1.0,98.0,0.0,1.0,0.0,0.0
1.0,93.0,0.0,6.0,0.0,0.0
8.0,92.0,0.0,0.0,0.0,0.0
1.0,98.0,1.0,0.0,0.0,0.0
1.0,92.0,7.0,0.0,0.0,0.0
2.0,97.0,0.0,1.0,0.0,0.0
1.0,88.0,0.0,11.0,0.0,0.0
1.0,97.0,0.0,2.0,0.0,0.0
1.0,99.0,0.0,0.0,0.0,0.0
2.0,95.0,0.0,3.0,0.0,0.0
1.0,99.0,0.0,0.0,0.0,0.0
2.0,96.0,0.0,2.0,0.0,0.0
2.0,0.0,35.0,1.0,0.0,0.0
2.0,94.0,0.0,4.0,0.0,0.0
1.0,99.0,0.0,0.0,0.0,0.0
5.0,91.0,0.0,4.0,0.0,0.0
3.0,82.0,0.0,15.0,0.0,0.0
3.0,97.0,0.0,0.0,0.0,0.0
1.0,99.0,0.0,0.0,0.0,0.0
1.0,99.0,0.0,0.0,0.0,0.0
1.0,98.0,1.0,0.0,0.0,0.0
8.0,86.0,0.0,6.0,0.0,0.0
1.0,99.0,0.0,0.0,0.0,0.0
2.0,97.0,1.0,0.0,0.0,0.0
3.0,96.0,0.0,1.0,0.0,0.0
1.0,94.0,0.0,5.0,0.0,0.0
1.0,99.0,0.0,0.0,0.0,0.0
4.0,93.0,0.0,3.0,0.0,0.0
1.0,99.0,0.0,0.0,0.0,0.0
1.0,96.0,0.0,3.0,0.0,0.0
1.0,94.0,1.0,4.0,0.0,0.0
5.0,95.0,0.0,0.0,0.0,0.0
1.0,99.0,0.0,0.0,0.0,0.0
1.0,95.0,0.0,4.0,0.0,0.0
1.0,99.0,0.0,0.0,0.0,0.0
3.0,93.0,0.0,4.0,0.0,0.0
2.0,96.0,0.0,2.0,0.0,0.0
1.0,99.0,0.0,0.0,0.0,0.0
1.0,99.0,0.0,0.0,0.0,0.0
1.0,95.0,1.0,3.0,0.0,0.0
3.0,95.0,0.0,2.0,0.0,0.0
1.0,99.0,0.0,0.0,0.0,0.0
3.0,93.0,0.0,4.0,0.0,0.0
2.0,97.0,0.0,1.0,0.0,0.0
4.0,90.0,1.0,5.0,0.0,0.0
2.0,92.0,0.0,6.0,0.0,0.0
1.0,99.0,0.0,0.0,0.0,0.0
5.0,83.0,0.0,12.0,0.0,0.0
2.0,94.0,0.0,4.0,0.0,0.0
1.0,98.0,1.0,0.0,0.0,0.0
2.0,98.0,0.0,0.0,0.0,0.0
1.0,99.0,0.0,0.0,0.0,0.0
1.0,97.0,0.0,2.0,0.0,0.0
1.0,90.0,0.0,9.0,0.0,0.0
1.0,98.0,0.0,1.0,0.0,0.0
1.0,99.0,0.0,0.0,0.0,0.0
2.0,92.0,0.0,6.0,0.0,0.0
1.0,99.0,0.0,0.0,0.0,0.0
4.0,87.0,0.0,9.0,0.0,0.0
9.0,91.0,0.0,0.0,0.0,0.0
1.0,97.0,0.0,2.0,0.0,0.0
1.0,99.0,0.0,0.0,0.0,0.0
1.0,95.0,0.0,4.0,0.0,0.0
1.0,95.0,0.0,4.0,0.0,0.0
1.0,97.0,0.0,2.0,0.0,0.0
3.0,97.0,0.0,0.0,0.0,0.0
11.0,89.0,0.0,0.0,0.0,0.0
3.0,93.0,0.0,4.0,0.0,0.0
2.0,94.0,1.0,3.0,0.0,0.0
8.0,89.0,0.0,3.0,0.0,0.0
1.0,90.0,0.0,9.0,0.0,0.0
14.0,86.0,0.0,0.0,0.0,0.0
6.0,88.0,0.0,6.0,0.0,0.0
2.0,98.0,0.0,0.0,0.0,0.0
3.0,95.0,0.0,2.0,0.0,0.0
1.0,78.0,0.0,21.0,0.0,0.0
5.0,94.0,1.0,0.0,0.0,0.0
2.0,98.0,0.0,0.0,0.0,0.0
1.0,99.0,0.0,0.0,0.0,0.0
1.0,99.0,0.0,0.0,0.0,0.0
1.0,99.0,0.0,0.0,0.0,0.0
1.0,92.0,1.0,6.0,0.0,0.0
3.0,94.0,0.0,3.0,0.0,0.0
3.0,97.0,0.0,0.0,0.0,0.0
1.0,99.0,0.0,0.0,0.0,0.0
2.0,96.0,0.0,2.0,0.0,0.0
1.0,99.0,0.0,0.0,0.0,0.0
1.0,99.0,0.0,0.0,0.0,0.0
3.0,87.0,1.0,9.0,0.0,0.0
1.0,95.0,0.0,4.0,0.0,0.0
6.0,88.0,0.0,6.0,0.0,0.0
5.0,92.0,0.0,3.0,0.0,0.0
1.0,99.0,0.0,0.0,0.0,0.0
1.0,98.0,0.0,1.0,0.0,0.0
1.0,99.0,0.0,0.0,0.0,0.0
3.0,96.0,0.0,1.0,0.0,0.0
1.0,97.0,0.0,2.0,0.0,0.0
2.0,97.0,0.0,1.0,0.0,0.0
1.0,99.0,0.0,0.0,0.0,0.0
1.0,97.0,0.0,2.0,0.0,0.0
1.0,99.0,0.0,0.0,0.0,0.0
5.0,95.0,0.0,0.0,0.0,0.0
2.0,97.0,0.0,1.0,0.0,0.0
1.0,97.0,1.0,1.0,0.0,0.0
1.0,98.0,0.0,1.0,0.0,0.0
1.0,97.0,0.0,2.0,0.0,0.0
1.0,96.0,0.0,3.0,0.0,0.0
1.0,80.0,0.0,19.0,0.0,0.0
2.0,98.0,0.0,0.0,0.0,0.0
4.0,96.0,0.0,0.0,0.0,0.0
3.0,97.0,0.0,0.0,0.0,0.0
1.0,99.0,0.0,0.0,0.0,0.0
1.0,0.0,28.0,1.0,0.0,0.0
4.0,93.0,0.0,3.0,0.0,0.0
2.0,98.0,0.0,0.0,0.0,0.0
1.0,95.0,0.0,4.0,0.0,0.0
2.0,87.0,0.0,11.0,0.0,0.0
2.0,89.0,0.0,9.0,0.0,0.0
1.0,78.0,0.0,21.0,0.0,0.0
6.0,94.0,0.0,0.0,0.0,0.0
10.0,90.0,0.0,0.0,0.0,0.0
1.0,99.0,0.0,0.0,0.0,0.0
10.0,90.0,0.0,0.0,0.0,0.0
5.0,94.0,0.0,1.0,0.0,0.0
2.0,98.0,0.0,0.0,0.0,0.0
2.0,98.0,0.0,0.0,0.0,0.0
8.0,92.0,0.0,0.0,0.0,0.0
6.0,94.0,0.0,0.0,0.0,0.0
1.0,84.0,0.0,15.0,0.0,0.0
9.0,0.0,15.0,4.0,0.0,0.0
7.0,91.0,0.0,2.0,0.0,0.0
3.0,97.0,0.0,0.0,0.0,0.0
1.0,99.0,0.0,0.0,0.0,0.0
2.0,98.0,0.0,0.0,0.0,0.0
7.0,83.0,0.0,10.0,0.0,0.0
1.0,92.0,0.0,7.0,0.0,0.0
2.0,97.0,1.0,0.0,0.0,0.0
1.0,98.0,1.0,0.0,0.0,0.0
2.0,97.0,0.0,1.0,0.0,0.0
3.0,97.0,0.0,0.0,0.0,0.0
1.0,95.0,0.0,4.0,0.0,0.0
1.0,98.0,1.0,0.0,0.0,0.0
1.0,92.0,1.0,6.0,0.0,0.0
2.0,98.0,0.0,0.0,0.0,0.0
1.0,99.0,0.0,0.0,0.0,0.0
1.0,99.0,0.0,0.0,0.0,0.0
1.0,98.0,0.0,1.0,0.0,0.0
1.0,98.0,0.0,1.0,0.0,0.0
6.0,94.0,0.0,0.0,0.0,0.0
11.0,0.0,6.0,8.0,0.0,0.0
2.0,97.0,1.0,0.0,0.0,0.0
3.0,0.0,63.0,1.0,0.0,0.0
1.0,98.0,0.0,1.0,0.0,0.0
5.0,95.0,0.0,0.0,0.0,0.0
3.0,97.0,0.0,0.0,0.0,0.0
4.0,96.0,0.0,0.0,0.0,0.0
1.0,98.0,0.0,1.0,0.0,0.0
3.0,93.0,0.0,4.0,0.0,0.0
1.0,99.0,0.0,0.0,0.0,0.0
2.0,85.0,0.0,13.0,0.0,0.0
1.0,99.0,0.0,0.0,0.0,0.0
16.0,80.0,1.0,3.0,0.0,0.0
3.0,92.0,0.0,5.0,0.0,0.0
4.0,84.0,0.0,12.0,0.0,0.0
3.0,97.0,0.0,0.0,0.0,0.0
5.0,95.0,0.0,0.0,0.0,0.0
1.0,97.0,0.0,2.0,0.0,0.0
1.0,99.0,0.0,0.0,0.0,0.0
1.0,98.0,0.0,1.0,0.0,0.0
4.0,96.0,0.0,0.0,0.0,0.0
1.0,99.0,0.0,0.0,0.0,0.0
2.0,93.0,0.0,5.0,0.0,0.0
6.0,94.0,0.0,0.0,0.0,0.0
2.0,98.0,0.0,0.0,0.0,0.0
1.0,98.0,0.0,1.0,0.0,0.0
2.0,98.0,0.0,0.0,0.0,0.0
3.0,83.0,1.0,13.0,0.0,0.0
2.0,98.0,0.0,0.0,0.0,0.0
1.0,91.0,0.0,8.0,0.0,0.0
8.0,91.0,0.0,1.0,0.0,0.0
2.0,98.0,0.0,0.0,0.0,0.0
2.0,0.0,92.0,6.0,0.0,0.0
1.0,92.0,0.0,7.0,0.0,0.0
3.0,96.0,0.0,1.0,0.0,0.0
3.0,97.0,0.0,0.0,0.0,0.0
1.0,99.0,0.0,0.0,0.0,0.0
1.0,96.0,0.0,3.0,0.0,0.0
1.0,97.0,0.0,2.0,0.0,0.0
2.0,98.0,0.0,0.0,0.0,0.0
1.0,97.0,0.0,2.0,0.0,0.0
1.0,99.0,0.0,0.0,0.0,0.0
4.0,96.0,0.0,0.0,0.0,0.0
1.0,99.0,0.0,0.0,0.0,0.0
5.0,95.0,0.0,0.0,0.0,0.0
2.0,96.0,0.0,2.0,0.0,0.0
2.0,98.0,0.0,0.0,0.0,0.0
1.0,98.0,1.0,0.0,0.0,0.0
3.0,82.0,0.0,15.0,0.0,0.0
2.0,95.0,0.0,3.0,0.0,0.0
2.0,0.0,97.0,1.0,0.0,0.0
1.0,96.0,0.0,3.0,0.0,0.0
1.0,95.0,0.0,4.0,0.0,0.0
3.0,97.0,0.0,0.0,0.0,0.0
1.0,99.0,0.0,0.0,0.0,0.0
8.0,92.0,0.0,0.0,0.0,0.0
2.0,87.0,0.0,11.0,0.0,0.0
4.0,96.0,0.0,0.0,0.0,0.0
2.0,94.0,0.0,4.0,0.0,0.0
3.0,95.0,0.0,2.0,0.0,0.0
2.0,97.0,1.0,0.0,0.0,0.0
1.0,0.0,0.0,0.0,0.0,0.0
1.0,99.0,0.0,0.0,0.0,0.0
4.0,96.0,0.0,0.0,0.0,0.0
1.0,99.0,0.0,0.0,0.0,0.0
1.0,99.0,0.0,0.0,0.0,0.0
1.0,90.0,0.0,9.0,0.0,0.0
2.0,96.0,0.0,2.0,0.0,0.0
1.0,98.0,1.0,0.0,0.0,0.0
1.0,98.0,0.0,1.0,0.0,0.0
2.0,98.0,0.0,0.0,0.0,0.0
2.0,94.0,0.0,4.0,0.0,0.0
4.0,96.0,0.0,0.0,0.0,0.0
1.0,98.0,1.0,0.0,0.0,0.0
5.0,95.0,0.0,0.0,0.0,0.0
5.0,95.0,0.0,0.0,0.0,0.0
7.0,93.0,0.0,0.0,0.0,0.0
1.0,78.0,0.0,21.0,0.0,0.0
8.0,88.0,0.0,4.0,0.0,0.0
15.0,85.0,0.0,0.0,0.0,0.0
1.0,94.0,0.0,5.0,0.0,0.0
8.0,92.0,0.0,0.0,0.0,0.0
1.0,0.0,0.0,0.0,0.0,0.0
4.0,96.0,0.0,0.0,0.0,0.0
3.0,97.0,0.0,0.0,0.0,0.0
11.0,89.0,0.0,0.0,0.0,0.0
1.0,99.0,0.0,0.0,0.0,0.0
5.0,92.0,0.0,3.0,0.0,0.0
5.0,87.0,0.0,8.0,0.0,0.0
1.0,99.0,0.0,0.0,0.0,0.0
5.0,93.0,0.0,2.0,0.0,0.0
11.0,81.0,0.0,8.0,0.0,0.0
2.0,89.0,0.0,9.0,0.0,0.0
5.0,94.0,0.0,1.0,0.0,0.0
1.0,99.0,0.0,0.0,0.0,0.0
1.0,89.0,0.0,10.0,0.0,0.0
4.0,96.0,0.0,0.0,0.0,0.0
3.0,97.0,0.0,0.0,0.0,0.0
2.0,97.0,1.0,0.0,0.0,0.0
4.0,96.0,0.0,0.0,0.0,0.0
5.0,95.0,0.0,0.0,0.0,0.0
1.0,83.0,0.0,16.0,0.0,0.0
7.0,93.0,0.0,0.0,0.0,0.0
1.0,99.0,0.0,0.0,0.0,0.0
1.0,91.0,0.0,8.0,0.0,0.0
1.0,99.0,0.0,0.0,0.0,0.0
1.0,99.0,0.0,0.0,0.0,0.0
1.0,99.0,0.0,0.0,0.0,0.0
5.0,95.0,0.0,0.0,0.0,0.0
1.0,99.0,0.0,0.0,0.0,0.0
1.0,99.0,0.0,0.0,0.0,0.0
8.0,92.0,0.0,0.0,0.0,0.0
8.0,91.0,0.0,1.0,0.0,0.0
1.0,89.0,0.0,10.0,0.0,0.0
3.0,97.0,0.0,0.0,0.0,0.0
1.0,96.0,0.0,3.0,0.0,0.0
9.0,90.0,0.0,1.0,0.0,0.0
1.0,64.0,0.0,35.0,0.0,0.0
1.0,99.0,0.0,0.0,0.0,0.0
1.0,99.0,0.0,0.0,0.0,0.0
1.0,93.0,0.0,6.0,0.0,0.0
1.0,99.0,0.0,0.0,0.0,0.0
1.0,0.0,0.0,0.0,0.0,0.0
1.0,93.0,1.0,5.0,0.0,0.0
2.0,98.0,0.0,0.0,0.0,0.0
11.0,89.0,0.0,0.0,0.0,0.0
3.0,97.0,0.0,0.0,0.0,0.0
1.0,90.0,0.0,9.0,0.0,0.0
1.0,99.0,0.0,0.0,0.0,0.0
1.0,97.0,0.0,2.0,0.0,0.0
1.0,95.0,0.0,4.0,0.0,0.0
1.0,94.0,0.0,5.0,0.0,0.0
1.0,99.0,0.0,0.0,0.0,0.0
1.0,98.0,0.0,1.0,0.0,0.0
3.0,97.0,0.0,0.0,0.0,0.0
1.0,99.0,0.0,0.0,0.0,0.0
12.0,0.0,84.0,4.0,0.0,0.0
1.0,98.0,1.0,0.0,0.0,0.0
1.0,98.0,0.0,1.0,0.0,0.0
1.0,95.0,0.0,4.0,0.0,0.0
10.0,90.0,0.0,0.0,0.0,0.0
3.0,92.0,0.0,5.0,0.0,0.0
1.0,98.0,1.0,0.0,0.0,0.0
2.0,84.0,0.0,14.0,0.0,0.0
6.0,94.0,0.0,0.0,0.0,0.0
8.0,78.0,0.0,14.0,0.0,0.0
4.0,92.0,0.0,4.0,0.0,0.0
7.0,93.0,0.0,0.0,0.0,0.0
2.0,85.0,1.0,12.0,0.0,0.0
1.0,99.0,0.0,0.0,0.0,0.0
1.0,99.0,0.0,0.0,0.0,0.0
5.0,95.0,0.0,0.0,0.0,0.0
1.0,99.0,0.0,0.0,0.0,0.0
2.0,84.0,0.0,14.0,0.0,0.0
1.0,94.0,1.0,4.0,0.0,0.0
1.0,92.0,0.0,7.0,0.0,0.0
4.0,83.0,0.0,13.0,0.0,0.0
4.0,93.0,0.0,3.0,0.0,0.0
1.0,99.0,0.0,0.0,0.0,0.0
1.0,0.0,18.0,5.0,0.0,0.0
6.0,94.0,0.0,0.0,0.0,0.0
3.0,97.0,0.0,0.0,0.0,0.0
1.0,87.0,0.0,12.0,0.0,0.0
2.0,98.0,0.0,0.0,0.0,0.0
9.0,87.0,0.0,4.0,0.0,0.0
5.0,95.0,0.0,0.0,0.0,0.0
1.0,99.0,0.0,0.0,0.0,0.0
1.0,99.0,0.0,0.0,0.0,0.0
1.0,91.0,1.0,7.0,0.0,0.0
7.0,90.0,1.0,2.0,0.0,0.0
2.0,93.0,0.0,5.0,0.0,0.0
1.0,99.0,0.0,0.0,0.0,0.0
4.0,85.0,0.0,11.0,0.0,0.0
1.0,0.0,86.0,13.0,0.0,0.0
2.0,98.0,0.0,0.0,0.0,0.0
3.0,86.0,0.0,11.0,0.0,0.0
1.0,94.0,0.0,5.0,0.0,0.0
1.0,96.0,0.0,3.0,0.0,0.0
1.0,99.0,0.0,0.0,0.0,0.0
1.0,95.0,0.0,4.0,0.0,0.0
1.0,90.0,0.0,9.0,0.0,0.0
6.0,0.0,60.0,4.0,0.0,0.0
1.0,91.0,0.0,8.0,0.0,0.0
4.0,94.0,0.0,2.0,0.0,0.0
5.0,87.0,0.0,8.0,0.0,0.0
3.0,96.0,0.0,1.0,0.0,0.0
2.0,95.0,0.0,3.0,0.0,0.0
1.0,96.0,0.0,3.0,0.0,0.0
2.0,91.0,0.0,7.0,0.0,0.0
1.0,99.0,0.0,0.0,0.0,0.0
2.0,86.0,0.0,12.0,0.0,0.0
1.0,98.0,0.0,1.0,0.0,0.0
1.0,98.0,0.0,1.0,0.0,0.0
7.0,93.0,0.0,0.0,0.0,0.0
2.0,97.0,0.0,1.0,0.0,0.0
1.0,99.0,0.0,0.0,0.0,0.0
1.0,99.0,0.0,0.0,0.0,0.0
3.0,97.0,0.0,0.0,0.0,0.0
2.0,98.0,0.0,0.0,0.0,0.0
7.0,93.0,0.0,0.0,0.0,0.0
1.0,97.0,0.0,2.0,0.0,0.0
12.0,87.0,0.0,1.0,0.0,0.0
1.0,95.0,0.0,4.0,0.0,0.0
1.0,97.0,0.0,2.0,0.0,0.0
4.0,96.0,0.0,0.0,0.0,0.0
1.0,98.0,1.0,0.0,0.0,0.0
1.0,92.0,0.0,7.0,0.0,0.0
1.0,0.0,51.0,2.0,0.0,0.0
3.0,96.0,1.0,0.0,0.0,0.0
2.0,98.0,0.0,0.0,0.0,0.0
2.0,98.0,0.0,0.0,0.0,0.0
1.0,88.0,0.0,11.0,0.0,0.0
3.0,97.0,0.0,0.0,0.0,0.0
1.0,98.0,0.0,1.0,0.0,0.0
1.0,95.0,0.0,4.0,0.0,0.0
3.0,93.0,0.0,4.0,0.0,0.0
1.0,97.0,0.0,2.0,0.0,0.0
2.0,98.0,0.0,0.0,0.0,0.0
10.0,85.0,0.0,5.0,0.0,0.0
1.0,99.0,0.0,0.0,0.0,0.0
4.0,0.0,91.0,5.0,0.0,0.0
9.0,90.0,0.0,1.0,0.0,0.0
3.0,93.0,0.0,4.0,0.0,0.0
1.0,96.0,0.0,3.0,0.0,0.0
1.0,0.0,1.0,1.0,0.0,15.0
1.0,99.0,0.0,0.0,0.0,0.0
1.0,95.0,0.0,4.0,0.0,0.0
8.0,89.0,0.0,3.0,0.0,0.0
1.0,99.0,0.0,0.0,0.0,0.0
1.0,99.0,0.0,0.0,0.0,0.0
2.0,97.0,0.0,1.0,0.0,0.0
1.0,98.0,0.0,1.0,0.0,0.0
1.0,92.0,0.0,7.0,0.0,0.0
1.0,96.0,0.0,3.0,0.0,0.0
1.0,99.0,0.0,0.0,0.0,0.0
1.0,99.0,0.0,0.0,0.0,0.0
2.0,93.0,0.0,5.0,0.0,0.0
3.0,91.0,0.0,6.0,0.0,0.0
2.0,98.0,0.0,0.0,0.0,0.0
3.0,97.0,0.0,0.0,0.0,0.0
1.0,97.0,0.0,2.0,0.0,0.0
1.0,95.0,1.0,3.0,0.0,0.0
7.0,91.0,0.0,2.0,0.0,0.0
1.0,98.0,1.0,0.0,0.0,0.0
1.0,99.0,0.0,0.0,0.0,0.0
1.0,98.0,1.0,0.0,0.0,0.0
1.0,55.0,0.0,1.0,43.0,0.0
1.0,79.0,1.0,19.0,0.0,0.0
1.0,98.0,1.0,0.0,0.0,0.0
1.0,99.0,0.0,0.0,0.0,0.0
4.0,91.0,0.0,5.0,0.0,0.0
1.0,99.0,0.0,0.0,0.0,0.0
10.0,76.0,0.0,14.0,0.0,0.0
4.0,82.0,0.0,14.0,0.0,0.0
10.0,79.0,0.0,11.0,0.0,0.0
1.0,99.0,0.0,0.0,0.0,0.0
1.0,87.0,0.0,12.0,0.0,0.0
1.0,0.0,97.0,2.0,0.0,0.0
1.0,99.0,0.0,0.0,0.0,0.0
1.0,97.0,0.0,2.0,0.0,0.0
1.0,99.0,0.0,0.0,0.0,0.0
1.0,0.0,1.0,11.0,0.0,14.0
7.0,93.0,0.0,0.0,0.0,0.0
1.0,99.0,0.0,0.0,0.0,0.0
1.0,92.0,0.0,7.0,0.0,0.0
3.0,0.0,17.0,10.0,0.0,0.0
1.0,0.0,68.0,1.0,0.0,0.0
1.0,86.0,0.0,13.0,0.0,0.0
8.0,56.0,0.0,36.0,0.0,0.0
3.0,90.0,0.0,7.0,0.0,0.0
2.0,95.0,1.0,2.0,0.0,0.0
3.0,0.0,35.0,4.0,0.0,0.0
1.0,86.0,1.0,12.0,0.0,0.0
3.0,0.0,18.0,1.0,0.0,0.0
3.0,97.0,0.0,0.0,0.0,0.0
1.0,92.0,0.0,7.0,0.0,0.0
5.0,94.0,0.0,1.0,0.0,0.0
1.0,99.0,0.0,0.0,0.0,0.0
10.0,72.0,0.0,18.0,0.0,0.0
2.0,91.0,0.0,7.0,0.0,0.0
1.0,91.0,0.0,8.0,0.0,0.0
1.0,99.0,0.0,0.0,0.0,0.0
1.0,86.0,1.0,12.0,0.0,0.0
1.0,99.0,0.0,0.0,0.0,0.0
3.0,97.0,0.0,0.0,0.0,0.0
2.0,92.0,0.0,6.0,0.0,0.0
1.0,97.0,0.0,2.0,0.0,0.0
1.0,99.0,0.0,0.0,0.0,0.0
1.0,0.0,8.0,1.0,0.0,0.0
4.0,95.0,1.0,0.0,0.0,0.0
1.0,99.0,0.0,0.0,0.0,0.0
1.0,99.0,0.0,0.0,0.0,0.0
1.0,63.0,0.0,36.0,0.0,0.0
1.0,98.0,0.0,1.0,0.0,0.0
1.0,95.0,1.0,3.0,0.0,0.0
2.0,87.0,0.0,11.0,0.0,0.0
1.0,89.0,0.0,10.0,0.0,0.0
1.0,77.0,0.0,22.0,0.0,0.0
3.0,87.0,0.0,10.0,0.0,0.0
1.0,99.0,0.0,0.0,0.0,0.0
10.0,90.0,0.0,0.0,0.0,0.0
2.0,97.0,1.0,0.0,0.0,0.0
1.0,99.0,0.0,0.0,0.0,0.0
1.0,95.0,1.0,3.0,0.0,0.0
1.0,99.0,0.0,0.0,0.0,0.0
1.0,0.0,0.0,0.0,0.0,0.0
9.0,89.0,0.0,2.0,0.0,0.0
4.0,96.0,0.0,0.0,0.0,0.0
1.0,98.0,1.0,0.0,0.0,0.0
1.0,97.0,0.0,2.0,0.0,0.0
1.0,99.0,0.0,0.0,0.0,0.0
9.0,91.0,0.0,0.0,0.0,0.0
4.0,90.0,0.0,6.0,0.0,0.0
2.0,98.0,0.0,0.0,0.0,0.0
1.0,94.0,0.0,5.0,0.0,0.0
1.0,99.0,0.0,0.0,0.0,0.0
9.0,87.0,0.0,4.0,0.0,0.0
2.0,98.0,0.0,0.0,0.0,0.0
1.0,99.0,0.0,0.0,0.0,0.0
1.0,99.0,0.0,0.0,0.0,0.0
1.0,99.0,0.0,0.0,0.0,0.0
1.0,93.0,0.0,6.0,0.0,0.0
6.0,94.0,0.0,0.0,0.0,0.0
1.0,95.0,0.0,4.0,0.0,0.0
1.0,98.0,0.0,1.0,0.0,0.0
1.0,99.0,0.0,0.0,0.0,0.0
4.0,87.0,0.0,9.0,0.0,0.0
1.0,91.0,0.0,8.0,0.0,0.0
1.0,98.0,1.0,0.0,0.0,0.0
1.0,99.0,0.0,0.0,0.0,0.0
1.0,99.0,0.0,0.0,0.0,0.0
2.0,93.0,0.0,5.0,0.0,0.0
4.0,96.0,0.0,0.0,0.0,0.0
4.0,93.0,0.0,3.0,0.0,0.0
1.0,96.0,0.0,3.0,0.0,0.0
1.0,99.0,0.0,0.0,0.0,0.0
2.0,98.0,0.0,0.0,0.0,0.0
5.0,95.0,0.0,0.0,0.0,0.0
1.0,92.0,0.0,7.0,0.0,0.0
1.0,0.0,31.0,2.0,0.0,0.0
5.0,95.0,0.0,0.0,0.0,0.0
9.0,90.0,0.0,1.0,0.0,0.0
4.0,96.0,0.0,0.0,0.0,0.0
1.0,99.0,0.0,0.0,0.0,0.0
2.0,98.0,0.0,0.0,0.0,0.0
7.0,93.0,0.0,0.0,0.0,0.0
1.0,81.0,1.0,17.0,0.0,0.0
1.0,98.0,1.0,0.0,0.0,0.0
2.0,97.0,0.0,1.0,0.0,0.0
5.0,93.0,0.0,2.0,0.0,0.0
1.0,99.0,0.0,0.0,0.0,0.0
8.0,92.0,0.0,0.0,0.0,0.0
3.0,97.0,0.0,0.0,0.0,0.0
1.0,99.0,0.0,0.0,0.0,0.0
1.0,86.0,0.0,13.0,0.0,0.0
1.0,99.0,0.0,0.0,0.0,0.0
1.0,99.0,0.0,0.0,0.0,0.0
1.0,99.0,0.0,0.0,0.0,0.0
1.0,99.0,0.0,0.0,0.0,0.0
3.0,91.0,0.0,6.0,0.0,0.0
1.0,99.0,0.0,0.0,0.0,0.0
3.0,97.0,0.0,0.0,0.0,0.0
1.0,97.0,0.0,2.0,0.0,0.0
4.0,96.0,0.0,0.0,0.0,0.0
2.0,98.0,0.0,0.0,0.0,0.0
1.0,96.0,0.0,3.0,0.0,0.0
1.0,99.0,0.0,0.0,0.0,0.0
2.0,81.0,0.0,17.0,0.0,0.0
1.0,95.0,0.0,4.0,0.0,0.0
3.0,91.0,0.0,6.0,0.0,0.0
2.0,98.0,0.0,0.0,0.0,0.0
1.0,99.0,0.0,0.0,0.0,0.0
3.0,97.0,0.0,0.0,0.0,0.0
3.0,97.0,0.0,0.0,0.0,0.0
1.0,96.0,0.0,3.0,0.0,0.0
1.0,76.0,0.0,23.0,0.0,0.0
1.0,79.0,0.0,20.0,0.0,0.0
2.0,97.0,0.0,1.0,0.0,0.0
4.0,96.0,0.0,0.0,0.0,0.0
4.0,96.0,0.0,0.0,0.0,0.0
1.0,98.0,1.0,0.0,0.0,0.0
2.0,95.0,0.0,3.0,0.0,0.0
3.0,93.0,0.0,4.0,0.0,0.0
3.0,97.0,0.0,0.0,0.0,0.0
1.0,98.0,1.0,0.0,0.0,0.0
2.0,98.0,0.0,0.0,0.0,0.0
2.0,98.0,0.0,0.0,0.0,0.0
2.0,97.0,0.0,1.0,0.0,0.0
1.0,99.0,0.0,0.0,0.0,0.0
1.0,0.0,3.0,8.0,0.0,0.0
2.0,98.0,0.0,0.0,0.0,0.0
1.0,99.0,0.0,0.0,0.0,0.0
1.0,86.0,0.0,13.0,0.0,0.0
1.0,96.0,0.0,3.0,0.0,0.0
1.0,99.0,0.0,0.0,0.0,0.0
3.0,97.0,0.0,0.0,0.0,0.0
3.0,79.0,0.0,18.0,0.0,0.0
6.0,94.0,0.0,0.0,0.0,0.0
4.0,96.0,0.0,0.0,0.0,0.0
3.0,85.0,0.0,12.0,0.0,0.0
2.0,95.0,0.0,3.0,0.0,0.0
1.0,99.0,0.0,0.0,0.0,0.0
1.0,89.0,0.0,10.0,0.0,0.0
2.0,98.0,0.0,0.0,0.0,0.0
1.0,99.0,0.0,0.0,0.0,0.0
2.0,98.0,0.0,0.0,0.0,0.0
1.0,98.0,0.0,1.0,0.0,0.0
3.0,97.0,0.0,0.0,0.0,0.0
1.0,99.0,0.0,0.0,0.0,0.0
2.0,98.0,0.0,0.0,0.0,0.0
1.0,98.0,0.0,1.0,0.0,0.0
1.0,90.0,0.0,9.0,0.0,0.0
4.0,80.0,0.0,16.0,0.0,0.0
3.0,93.0,0.0,4.0,0.0,0.0
2.0,95.0,0.0,3.0,0.0,0.0
1.0,99.0,0.0,0.0,0.0,0.0
1.0,96.0,0.0,3.0,0.0,0.0
13.0,87.0,0.0,0.0,0.0,0.0
1.0,99.0,0.0,0.0,0.0,0.0
1.0,97.0,0.0,2.0,0.0,0.0
1.0,99.0,0.0,0.0,0.0,0.0
1.0,70.0,0.0,29.0,0.0,0.0
4.0,90.0,0.0,6.0,0.0,0.0
1.0,84.0,0.0,15.0,0.0,0.0
2.0,97.0,0.0,1.0,0.0,0.0
4.0,96.0,0.0,0.0,0.0,0.0
1.0,92.0,0.0,7.0,0.0,0.0
2.0,87.0,0.0,11.0,0.0,0.0
1.0,99.0,0.0,0.0,0.0,0.0
1.0,93.0,0.0,6.0,0.0,0.0
2.0,87.0,0.0,11.0,0.0,0.0
1.0,98.0,0.0,1.0,0.0,0.0
1.0,99.0,0.0,0.0,0.0,0.0
5.0,95.0,0.0,0.0,0.0,0.0
2.0,89.0,0.0,9.0,0.0,0.0
1.0,98.0,0.0,1.0,0.0,0.0
5.0,84.0,0.0,11.0,0.0,0.0
3.0,91.0,0.0,6.0,0.0,0.0
6.0,88.0,0.0,6.0,0.0,0.0
4.0,96.0,0.0,0.0,0.0,0.0
1.0,99.0,0.0,0.0,0.0,0.0
1.0,99.0,0.0,0.0,0.0,0.0
11.0,84.0,0.0,5.0,0.0,0.0
1.0,99.0,0.0,0.0,0.0,0.0
1.0,98.0,1.0,0.0,0.0,0.0
1.0,95.0,1.0,3.0,0.0,0.0
1.0,96.0,0.0,3.0,0.0,0.0
2.0,97.0,0.0,1.0,0.0,0.0
5.0,87.0,0.0,8.0,0.0,0.0
3.0,94.0,0.0,3.0,0.0,0.0
5.0,94.0,0.0,1.0,0.0,0.0
4.0,88.0,0.0,8.0,0.0,0.0
4.0,89.0,0.0,7.0,0.0,0.0
1.0,95.0,0.0,4.0,0.0,0.0
4.0,79.0,1.0,16.0,0.0,0.0
1.0,82.0,0.0,17.0,0.0,0.0
3.0,97.0,0.0,0.0,0.0,0.0
2.0,95.0,0.0,3.0,0.0,0.0
3.0,97.0,0.0,0.0,0.0,0.0
1.0,79.0,0.0,20.0,0.0,0.0
2.0,98.0,0.0,0.0,0.0,0.0
1.0,85.0,0.0,14.0,0.0,0.0
1.0,88.0,0.0,11.0,0.0,0.0
1.0,98.0,1.0,0.0,0.0,0.0
1.0,83.0,0.0,16.0,0.0,0.0
1.0,93.0,1.0,5.0,0.0,0.0
1.0,99.0,0.0,0.0,0.0,0.0
2.0,98.0,0.0,0.0,0.0,0.0
6.0,94.0,0.0,0.0,0.0,0.0
1.0,97.0,0.0,2.0,0.0,0.0
2.0,96.0,0.0,2.0,0.0,0.0
10.0,90.0,0.0,0.0,0.0,0.0
5.0,94.0,0.0,1.0,0.0,0.0
1.0,93.0,1.0,5.0,0.0,0.0
1.0,98.0,0.0,1.0,0.0,0.0
5.0,90.0,0.0,5.0,0.0,0.0
10.0,84.0,0.0,6.0,0.0,0.0
7.0,93.0,0.0,0.0,0.0,0.0
3.0,96.0,0.0,1.0,0.0,0.0
4.0,96.0,0.0,0.0,0.0,0.0
1.0,93.0,0.0,6.0,0.0,0.0
1.0,94.0,0.0,5.0,0.0,0.0
4.0,96.0,0.0,0.0,0.0,0.0
1.0,98.0,0.0,1.0,0.0,0.0
1.0,99.0,0.0,0.0,0.0,0.0
3.0,88.0,0.0,9.0,0.0,0.0
1.0,99.0,0.0,0.0,0.0,0.0
4.0,94.0,0.0,2.0,0.0,0.0
1.0,94.0,0.0,5.0,0.0,0.0
6.0,91.0,0.0,3.0,0.0,0.0
1.0,99.0,0.0,0.0,0.0,0.0
1.0,95.0,0.0,4.0,0.0,0.0
2.0,97.0,1.0,0.0,0.0,0.0
3.0,94.0,0.0,3.0,0.0,0.0
2.0,94.0,0.0,4.0,0.0,0.0
3.0,0.0,48.0,2.0,0.0,0.0
1.0,99.0,0.0,0.0,0.0,0.0
1.0,99.0,0.0,0.0,0.0,0.0
5.0,95.0,0.0,0.0,0.0,0.0
3.0,97.0,0.0,0.0,0.0,0.0
7.0,93.0,0.0,0.0,0.0,0.0
1.0,98.0,1.0,0.0,0.0,0.0
5.0,80.0,0.0,15.0,0.0,0.0
5.0,95.0,0.0,0.0,0.0,0.0
1.0,98.0,0.0,1.0,0.0,0.0
1.0,99.0,0.0,0.0,0.0,0.0
4.0,96.0,0.0,0.0,0.0,0.0
1.0,99.0,0.0,0.0,0.0,0.0
4.0,95.0,0.0,1.0,0.0,0.0
3.0,96.0,1.0,0.0,0.0,0.0
1.0,99.0,0.0,0.0,0.0,0.0
2.0,98.0,0.0,0.0,0.0,0.0
2.0,91.0,0.0,7.0,0.0,0.0
1.0,99.0,0.0,0.0,0.0,0.0
1.0,92.0,0.0,7.0,0.0,0.0
11.0,89.0,0.0,0.0,0.0,0.0
1.0,98.0,0.0,1.0,0.0,0.0
1.0,99.0,0.0,0.0,0.0,0.0
2.0,98.0,0.0,0.0,0.0,0.0
1.0,90.0,0.0,9.0,0.0,0.0
1.0,85.0,0.0,14.0,0.0,0.0
1.0,98.0,1.0,0.0,0.0,0.0
1.0,99.0,0.0,0.0,0.0,0.0
2.0,98.0,0.0,0.0,0.0,0.0
11.0,86.0,0.0,3.0,0.0,0.0
2.0,84.0,0.0,14.0,0.0,0.0
2.0,98.0,0.0,0.0,0.0,0.0
15.0,61.0,0.0,24.0,0.0,0.0
3.0,97.0,0.0,0.0,0.0,0.0
2.0,98.0,0.0,0.0,0.0,0.0
1.0,80.0,0.0,19.0,0.0,0.0
1.0,78.0,0.0,21.0,0.0,0.0
6.0,94.0,0.0,0.0,0.0,0.0
6.0,80.0,0.0,14.0,0.0,0.0
1.0,91.0,0.0,8.0,0.0,0.0
2.0,98.0,0.0,0.0,0.0,0.0
1.0,97.0,0.0,2.0,0.0,0.0
1.0,98.0,0.0,1.0,0.0,0.0
2.0,98.0,0.0,0.0,0.0,0.0
5.0,95.0,0.0,0.0,0.0,0.0
1.0,97.0,0.0,2.0,0.0,0.0
3.0,93.0,0.0,4.0,0.0,0.0
2.0,98.0,0.0,0.0,0.0,0.0
1.0,98.0,1.0,0.0,0.0,0.0
1.0,0.0,41.0,10.0,0.0,0.0
2.0,77.0,0.0,21.0,0.0,0.0
4.0,95.0,0.0,1.0,0.0,0.0
2.0,95.0,0.0,3.0,0.0,0.0
1.0,99.0,0.0,0.0,0.0,0.0
1.0,99.0,0.0,0.0,0.0,0.0
1.0,0.0,0.0,0.0,0.0,0.0
4.0,96.0,0.0,0.0,0.0,0.0
4.0,80.0,0.0,16.0,0.0,0.0
2.0,93.0,0.0,5.0,0.0,0.0
2.0,98.0,0.0,0.0,0.0,0.0
2.0,98.0,0.0,0.0,0.0,0.0
1.0,99.0,0.0,0.0,0.0,0.0
2.0,94.0,0.0,4.0,0.0,0.0
6.0,94.0,0.0,0.0,0.0,0.0
2.0,95.0,0.0,3.0,0.0,0.0
5.0,95.0,0.0,0.0,0.0,0.0
1.0,99.0,0.0,0.0,0.0,0.0
3.0,90.0,0.0,7.0,0.0,0.0
3.0,97.0,0.0,0.0,0.0,0.0
1.0,97.0,0.0,2.0,0.0,0.0
1.0,96.0,0.0,3.0,0.0,0.0
1.0,99.0,0.0,0.0,0.0,0.0
1.0,96.0,0.0,3.0,0.0,0.0
1.0,99.0,0.0,0.0,0.0,0.0
9.0,91.0,0.0,0.0,0.0,0.0
2.0,96.0,0.0,2.0,0.0,0.0
1.0,97.0,0.0,2.0,0.0,0.0
9.0,91.0,0.0,0.0,0.0,0.0
5.0,83.0,0.0,12.0,0.0,0.0
1.0,78.0,0.0,21.0,0.0,0.0
2.0,97.0,0.0,1.0,0.0,0.0
1.0,98.0,0.0,1.0,0.0,0.0
6.0,92.0,0.0,2.0,0.0,0.0
2.0,93.0,0.0,5.0,0.0,0.0
1.0,84.0,0.0,15.0,0.0,0.0
3.0,86.0,1.0,10.0,0.0,0.0
3.0,93.0,0.0,4.0,0.0,0.0
7.0,93.0,0.0,0.0,0.0,0.0
1.0,76.0,0.0,1.0,22.0,0.0
4.0,86.0,0.0,10.0,0.0,0.0
8.0,91.0,0.0,1.0,0.0,0.0
1.0,67.0,0.0,32.0,0.0,0.0
2.0,98.0,0.0,0.0,0.0,0.0
14.0,86.0,0.0,0.0,0.0,0.0
1.0,99.0,0.0,0.0,0.0,0.0
2.0,98.0,0.0,0.0,0.0,0.0
1.0,99.0,0.0,0.0,0.0,0.0
1.0,68.0,0.0,31.0,0.0,0.0
4.0,84.0,0.0,12.0,0.0,0.0
1.0,96.0,0.0,3.0,0.0,0.0
1.0,96.0,0.0,3.0,0.0,0.0
1.0,98.0,0.0,1.0,0.0,0.0
7.0,79.0,0.0,14.0,0.0,0.0
1.0,89.0,0.0,10.0,0.0,0.0
2.0,98.0,0.0,0.0,0.0,0.0
1.0,97.0,0.0,2.0,0.0,0.0
1.0,99.0,0.0,0.0,0.0,0.0
1.0,99.0,0.0,0.0,0.0,0.0
1.0,91.0,0.0,8.0,0.0,0.0
1.0,98.0,1.0,0.0,0.0,0.0
1.0,97.0,0.0,2.0,0.0,0.0
1.0,0.0,1.0,4.0,0.0,34.0
2.0,98.0,0.0,0.0,0.0,0.0
1.0,99.0,0.0,0.0,0.0,0.0
1.0,95.0,1.0,3.0,0.0,0.0
1.0,99.0,0.0,0.0,0.0,0.0
3.0,95.0,0.0,2.0,0.0,0.0
1.0,95.0,0.0,4.0,0.0,0.0
1.0,99.0,0.0,0.0,0.0,0.0
1.0,99.0,0.0,0.0,0.0,0.0
1.0,98.0,0.0,1.0,0.0,0.0
3.0,87.0,0.0,10.0,0.0,0.0
2.0,98.0,0.0,0.0,0.0,0.0
1.0,98.0,0.0,1.0,0.0,0.0
1.0,99.0,0.0,0.0,0.0,0.0
2.0,98.0,0.0,0.0,0.0,0.0
2.0,96.0,0.0,2.0,0.0,0.0
4.0,93.0,0.0,3.0,0.0,0.0
4.0,92.0,0.0,4.0,0.0,0.0
1.0,99.0,0.0,0.0,0.0,0.0
1.0,99.0,0.0,0.0,0.0,0.0
1.0,99.0,0.0,0.0,0.0,0.0
2.0,98.0,0.0,0.0,0.0,0.0
2.0,87.0,0.0,11.0,0.0,0.0
4.0,90.0,0.0,6.0,0.0,0.0
2.0,96.0,0.0,2.0,0.0,0.0
1.0,97.0,0.0,2.0,0.0,0.0
8.0,92.0,0.0,0.0,0.0,0.0
5.0,95.0,0.0,0.0,0.0,0.0
7.0,93.0,0.0,0.0,0.0,0.0
1.0,84.0,1.0,14.0,0.0,0.0
1.0,99.0,0.0,0.0,0.0,0.0
2.0,98.0,0.0,0.0,0.0,0.0
2.0,98.0,0.0,0.0,0.0,0.0
1.0,98.0,0.0,1.0,0.0,0.0
1.0,95.0,0.0,4.0,0.0,0.0
3.0,96.0,1.0,0.0,0.0,0.0
3.0,94.0,0.0,3.0,0.0,0.0
1.0,89.0,0.0,10.0,0.0,0.0
5.0,93.0,0.0,2.0,0.0,0.0
1.0,87.0,0.0,12.0,0.0,0.0
1.0,88.0,0.0,11.0,0.0,0.0
1.0,90.0,0.0,9.0,0.0,0.0
1.0,99.0,0.0,0.0,0.0,0.0
1.0,0.0,27.0,11.0,0.0,0.0
4.0,96.0,0.0,0.0,0.0,0.0
1.0,99.0,0.0,0.0,0.0,0.0
1.0,99.0,0.0,0.0,0.0,0.0
1.0,99.0,0.0,0.0,0.0,0.0
1.0,99.0,0.0,0.0,0.0,0.0
2.0,77.0,0.0,21.0,0.0,0.0
1.0,99.0,0.0,0.0,0.0,0.0
1.0,99.0,0.0,0.0,0.0,0.0
3.0,97.0,0.0,0.0,0.0,0.0
1.0,99.0,0.0,0.0,0.0,0.0
1.0,99.0,0.0,0.0,0.0,0.0
1.0,98.0,0.0,1.0,0.0,0.0
2.0,98.0,0.0,0.0,0.0,0.0
1.0,96.0,0.0,3.0,0.0,0.0
1.0,97.0,0.0,2.0,0.0,0.0
1.0,99.0,0.0,0.0,0.0,0.0
3.0,97.0,0.0,0.0,0.0,0.0
1.0,92.0,0.0,7.0,0.0,0.0
3.0,97.0,0.0,0.0,0.0,0.0
3.0,68.0,0.0,29.0,0.0,0.0
1.0,98.0,1.0,0.0,0.0,0.0
4.0,96.0,0.0,0.0,0.0,0.0
1.0,99.0,0.0,0.0,0.0,0.0
1.0,98.0,0.0,1.0,0.0,0.0
3.0,97.0,0.0,0.0,0.0,0.0
2.0,87.0,0.0,11.0,0.0,0.0
4.0,85.0,0.0,11.0,0.0,0.0
1.0,99.0,0.0,0.0,0.0,0.0
10.0,76.0,0.0,14.0,0.0,0.0
1.0,91.0,0.0,8.0,0.0,0.0
2.0,89.0,0.0,9.0,0.0,0.0
9.0,91.0,0.0,0.0,0.0,0.0
1.0,95.0,0.0,4.0,0.0,0.0
2.0,98.0,0.0,0.0,0.0,0.0
4.0,92.0,0.0,4.0,0.0,0.0
1.0,99.0,0.0,0.0,0.0,0.0
3.0,97.0,0.0,0.0,0.0,0.0
10.0,90.0,0.0,0.0,0.0,0.0
2.0,98.0,0.0,0.0,0.0,0.0
1.0,99.0,0.0,0.0,0.0,0.0
1.0,98.0,1.0,0.0,0.0,0.0
23.0,77.0,0.0,0.0,0.0,0.0
1.0,98.0,0.0,1.0,0.0,0.0
5.0,81.0,0.0,14.0,0.0,0.0
1.0,99.0,0.0,0.0,0.0,0.0
1.0,93.0,0.0,6.0,0.0,0.0
1.0,99.0,0.0,0.0,0.0,0.0
1.0,99.0,0.0,0.0,0.0,0.0
2.0,98.0,0.0,0.0,0.0,0.0
8.0,92.0,0.0,0.0,0.0,0.0
5.0,95.0,0.0,0.0,0.0,0.0
1.0,99.0,0.0,0.0,0.0,0.0
22.0,78.0,0.0,0.0,0.0,0.0
4.0,92.0,0.0,4.0,0.0,0.0
2.0,98.0,0.0,0.0,0.0,0.0
3.0,95.0,0.0,2.0,0.0,0.0
1.0,97.0,0.0,2.0,0.0,0.0
1.0,95.0,0.0,4.0,0.0,0.0
1.0,98.0,1.0,0.0,0.0,0.0
1.0,97.0,0.0,2.0,0.0,0.0
1.0,99.0,0.0,0.0,0.0,0.0
1.0,96.0,0.0,3.0,0.0,0.0
1.0,98.0,0.0,1.0,0.0,0.0
1.0,94.0,0.0,5.0,0.0,0.0
2.0,75.0,0.0,23.0,0.0,0.0
3.0,97.0,0.0,0.0,0.0,0.0
8.0,87.0,0.0,5.0,0.0,0.0
2.0,98.0,0.0,0.0,0.0,0.0
1.0,99.0,0.0,0.0,0.0,0.0
1.0,99.0,0.0,0.0,0.0,0.0
3.0,86.0,0.0,11.0,0.0,0.0
1.0,0.0,95.0,4.0,0.0,0.0
1.0,79.0,0.0,20.0,0.0,0.0
2.0,98.0,0.0,0.0,0.0,0.0
3.0,91.0,0.0,6.0,0.0,0.0
1.0,99.0,0.0,0.0,0.0,0.0
1.0,99.0,0.0,0.0,0.0,0.0
1.0,99.0,0.0,0.0,0.0,0.0
1.0,98.0,0.0,1.0,0.0,0.0
1.0,99.0,0.0,0.0,0.0,0.0
1.0,94.0,0.0,5.0,0.0,0.0
1.0,93.0,0.0,6.0,0.0,0.0
4.0,88.0,0.0,8.0,0.0,0.0
2.0,90.0,0.0,2.0,6.0,0.0
3.0,97.0,0.0,0.0,0.0,0.0
2.0,98.0,0.0,0.0,0.0,0.0
7.0,88.0,0.0,5.0,0.0,0.0
3.0,97.0,0.0,0.0,0.0,0.0
2.0,97.0,0.0,1.0,0.0,0.0
1.0,98.0,0.0,1.0,0.0,0.0
1.0,99.0,0.0,0.0,0.0,0.0
7.0,69.0,0.0,24.0,0.0,0.0
4.0,96.0,0.0,0.0,0.0,0.0
1.0,98.0,1.0,0.0,0.0,0.0
11.0,66.0,0.0,23.0,0.0,0.0
1.0,99.0,0.0,0.0,0.0,0.0
1.0,99.0,0.0,0.0,0.0,0.0
1.0,99.0,0.0,0.0,0.0,0.0
2.0,92.0,0.0,6.0,0.0,0.0
1.0,90.0,0.0,9.0,0.0,0.0
1.0,99.0,0.0,0.0,0.0,0.0
1.0,99.0,0.0,0.0,0.0,0.0
1.0,99.0,0.0,0.0,0.0,0.0
5.0,83.0,0.0,12.0,0.0,0.0
1.0,87.0,0.0,12.0,0.0,0.0
1.0,88.0,0.0,11.0,0.0,0.0
1.0,96.0,0.0,3.0,0.0,0.0
1.0,99.0,0.0,0.0,0.0,0.0
2.0,98.0,0.0,0.0,0.0,0.0
1.0,99.0,0.0,0.0,0.0,0.0
1.0,99.0,0.0,0.0,0.0,0.0
1.0,98.0,1.0,0.0,0.0,0.0
3.0,96.0,0.0,1.0,0.0,0.0
8.0,92.0,0.0,0.0,0.0,0.0
1.0,99.0,0.0,0.0,0.0,0.0
1.0,99.0,0.0,0.0,0.0,0.0
2.0,73.0,0.0,25.0,0.0,0.0
1.0,99.0,0.0,0.0,0.0,0.0
1.0,99.0,0.0,0.0,0.0,0.0
1.0,96.0,0.0,3.0,0.0,0.0
1.0,85.0,0.0,14.0,0.0,0.0
1.0,97.0,0.0,2.0,0.0,0.0
2.0,98.0,0.0,0.0,0.0,0.0
1.0,84.0,0.0,15.0,0.0,0.0
1.0,79.0,0.0,20.0,0.0,0.0
2.0,88.0,0.0,10.0,0.0,0.0
1.0,83.0,0.0,16.0,0.0,0.0
1.0,98.0,0.0,1.0,0.0,0.0
7.0,92.0,0.0,1.0,0.0,0.0
3.0,97.0,0.0,0.0,0.0,0.0
5.0,95.0,0.0,0.0,0.0,0.0
1.0,99.0,0.0,0.0,0.0,0.0
1.0,96.0,0.0,3.0,0.0,0.0
2.0,86.0,0.0,12.0,0.0,0.0
1.0,92.0,0.0,7.0,0.0,0.0
4.0,96.0,0.0,0.0,0.0,0.0
7.0,0.0,77.0,2.0,0.0,0.0
2.0,88.0,0.0,10.0,0.0,0.0
3.0,97.0,0.0,0.0,0.0,0.0
2.0,97.0,0.0,1.0,0.0,0.0
7.0,91.0,1.0,1.0,0.0,0.0
1.0,93.0,0.0,6.0,0.0,0.0
2.0,95.0,0.0,3.0,0.0,0.0
1.0,88.0,0.0,11.0,0.0,0.0
2.0,98.0,0.0,0.0,0.0,0.0
1.0,92.0,1.0,6.0,0.0,0.0
7.0,85.0,0.0,8.0,0.0,0.0
1.0,99.0,0.0,0.0,0.0,0.0
1.0,98.0,0.0,1.0,0.0,0.0
1.0,99.0,0.0,0.0,0.0,0.0
1.0,96.0,0.0,3.0,0.0,0.0
1.0,98.0,0.0,1.0,0.0,0.0
1.0,99.0,0.0,0.0,0.0,0.0
3.0,90.0,0.0,7.0,0.0,0.0
3.0,90.0,0.0,7.0,0.0,0.0
12.0,85.0,0.0,3.0,0.0,0.0
2.0,85.0,0.0,13.0,0.0,0.0
1.0,83.0,1.0,15.0,0.0,0.0
1.0,0.0,0.0,0.0,0.0,0.0
2.0,98.0,0.0,0.0,0.0,0.0
1.0,96.0,0.0,3.0,0.0,0.0
1.0,93.0,0.0,6.0,0.0,0.0
1.0,99.0,0.0,0.0,0.0,0.0
5.0,95.0,0.0,0.0,0.0,0.0
9.0,91.0,0.0,0.0,0.0,0.0
1.0,98.0,1.0,0.0,0.0,0.0
3.0,92.0,0.0,5.0,0.0,0.0
1.0,90.0,0.0,9.0,0.0,0.0
6.0,94.0,0.0,0.0,0.0,0.0
3.0,77.0,0.0,20.0,0.0,0.0
2.0,98.0,0.0,0.0,0.0,0.0
1.0,99.0,0.0,0.0,0.0,0.0
17.0,83.0,0.0,0.0,0.0,0.0
3.0,90.0,0.0,7.0,0.0,0.0
1.0,98.0,0.0,1.0,0.0,0.0
5.0,95.0,0.0,0.0,0.0,0.0
5.0,95.0,0.0,0.0,0.0,0.0
1.0,83.0,0.0,16.0,0.0,0.0
2.0,98.0,0.0,0.0,0.0,0.0
2.0,98.0,0.0,0.0,0.0,0.0
3.0,91.0,0.0,6.0,0.0,0.0
1.0,99.0,0.0,0.0,0.0,0.0
3.0,82.0,0.0,15.0,0.0,0.0
1.0,99.0,0.0,0.0,0.0,0.0
3.0,97.0,0.0,0.0,0.0,0.0
9.0,90.0,1.0,0.0,0.0,0.0
5.0,85.0,0.0,10.0,0.0,0.0
2.0,71.0,0.0,27.0,0.0,0.0
1.0,80.0,0.0,19.0,0.0,0.0
5.0,95.0,0.0,0.0,0.0,0.0
1.0,99.0,0.0,0.0,0.0,0.0
8.0,92.0,0.0,0.0,0.0,0.0
1.0,99.0,0.0,0.0,0.0,0.0
2.0,72.0,0.0,26.0,0.0,0.0
5.0,87.0,0.0,8.0,0.0,0.0
1.0,99.0,0.0,0.0,0.0,0.0
8.0,73.0,0.0,19.0,0.0,0.0
1.0,99.0,0.0,0.0,0.0,0.0
3.0,96.0,0.0,1.0,0.0,0.0
1.0,79.0,0.0,20.0,0.0,0.0
1.0,60.0,0.0,39.0,0.0,0.0
20.0,80.0,0.0,0.0,0.0,0.0
1.0,99.0,0.0,0.0,0.0,0.0
1.0,99.0,0.0,0.0,0.0,0.0
2.0,93.0,0.0,5.0,0.0,0.0
1.0,93.0,0.0,6.0,0.0,0.0
3.0,83.0,0.0,14.0,0.0,0.0
5.0,95.0,0.0,0.0,0.0,0.0
8.0,92.0,0.0,0.0,0.0,0.0
5.0,94.0,1.0,0.0,0.0,0.0
1.0,98.0,0.0,1.0,0.0,0.0
3.0,97.0,0.0,0.0,0.0,0.0
1.0,99.0,0.0,0.0,0.0,0.0
4.0,96.0,0.0,0.0,0.0,0.0
2.0,98.0,0.0,0.0,0.0,0.0
1.0,99.0,0.0,0.0,0.0,0.0
10.0,90.0,0.0,0.0,0.0,0.0
1.0,99.0,0.0,0.0,0.0,0.0
1.0,0.0,88.0,11.0,0.0,0.0
1.0,99.0,0.0,0.0,0.0,0.0
2.0,98.0,0.0,0.0,0.0,0.0
1.0,98.0,0.0,1.0,0.0,0.0
5.0,95.0,0.0,0.0,0.0,0.0
1.0,99.0,0.0,0.0,0.0,0.0
4.0,94.0,0.0,2.0,0.0,0.0
1.0,99.0,0.0,0.0,0.0,0.0
1.0,99.0,0.0,0.0,0.0,0.0
1.0,98.0,1.0,0.0,0.0,0.0
1.0,97.0,1.0,1.0,0.0,0.0
1.0,99.0,0.0,0.0,0.0,0.0
4.0,94.0,0.0,2.0,0.0,0.0
1.0,89.0,0.0,10.0,0.0,0.0
1.0,0.0,1.0,4.0,0.0,30.0
1.0,99.0,0.0,0.0,0.0,0.0
1.0,98.0,0.0,1.0,0.0,0.0
13.0,87.0,0.0,0.0,0.0,0.0
1.0,0.0,65.0,5.0,0.0,0.0
1.0,98.0,0.0,1.0,0.0,0.0
4.0,95.0,1.0,0.0,0.0,0.0
5.0,90.0,0.0,5.0,0.0,0.0
6.0,64.0,0.0,30.0,0.0,0.0
7.0,93.0,0.0,0.0,0.0,0.0
3.0,82.0,0.0,15.0,0.0,0.0
1.0,98.0,0.0,1.0,0.0,0.0
3.0,70.0,0.0,27.0,0.0,0.0
1.0,88.0,0.0,11.0,0.0,0.0
3.0,97.0,0.0,0.0,0.0,0.0
2.0,89.0,0.0,9.0,0.0,0.0
1.0,99.0,0.0,0.0,0.0,0.0
3.0,88.0,0.0,9.0,0.0,0.0
3.0,89.0,0.0,8.0,0.0,0.0
3.0,97.0,0.0,0.0,0.0,0.0
2.0,70.0,0.0,28.0,0.0,0.0
2.0,91.0,0.0,7.0,0.0,0.0
1.0,99.0,0.0,0.0,0.0,0.0
3.0,97.0,0.0,0.0,0.0,0.0
1.0,97.0,0.0,2.0,0.0,0.0
3.0,97.0,0.0,0.0,0.0,0.0
1.0,99.0,0.0,0.0,0.0,0.0
4.0,96.0,0.0,0.0,0.0,0.0
1.0,99.0,0.0,0.0,0.0,0.0
3.0,97.0,0.0,0.0,0.0,0.0
1.0,99.0,0.0,0.0,0.0,0.0
1.0,99.0,0.0,0.0,0.0,0.0
3.0,79.0,0.0,18.0,0.0,0.0
1.0,69.0,0.0,30.0,0.0,0.0
4.0,73.0,0.0,23.0,0.0,0.0
1.0,99.0,0.0,0.0,0.0,0.0
2.0,85.0,0.0,13.0,0.0,0.0
1.0,92.0,0.0,7.0,0.0,0.0
1.0,98.0,0.0,1.0,0.0,0.0
1.0,95.0,0.0,4.0,0.0,0.0
2.0,96.0,0.0,2.0,0.0,0.0
1.0,0.0,13.0,16.0,0.0,0.0
1.0,99.0,0.0,0.0,0.0,0.0
7.0,45.0,0.0,48.0,0.0,0.0
1.0,99.0,0.0,0.0,0.0,0.0
3.0,96.0,0.0,1.0,0.0,0.0
2.0,88.0,0.0,10.0,0.0,0.0
3.0,73.0,0.0,24.0,0.0,0.0
1.0,99.0,0.0,0.0,0.0,0.0
1.0,97.0,0.0,2.0,0.0,0.0
1.0,99.0,0.0,0.0,0.0,0.0
11.0,62.0,0.0,27.0,0.0,0.0
6.0,87.0,0.0,7.0,0.0,0.0
6.0,94.0,0.0,0.0,0.0,0.0
9.0,90.0,0.0,1.0,0.0,0.0
2.0,76.0,0.0,22.0,0.0,0.0
2.0,94.0,0.0,4.0,0.0,0.0
7.0,90.0,0.0,3.0,0.0,0.0
1.0,99.0,0.0,0.0,0.0,0.0
3.0,97.0,0.0,0.0,0.0,0.0
2.0,0.0,17.0,51.0,0.0,0.0
1.0,91.0,0.0,8.0,0.0,0.0
1.0,83.0,0.0,16.0,0.0,0.0
1.0,65.0,0.0,34.0,0.0,0.0
8.0,82.0,0.0,10.0,0.0,0.0
1.0,99.0,0.0,0.0,0.0,0.0
1.0,99.0,0.0,0.0,0.0,0.0
1.0,98.0,0.0,1.0,0.0,0.0
6.0,94.0,0.0,0.0,0.0,0.0
1.0,91.0,0.0,8.0,0.0,0.0
1.0,99.0,0.0,0.0,0.0,0.0
1.0,94.0,0.0,5.0,0.0,0.0
2.0,98.0,0.0,0.0,0.0,0.0
5.0,95.0,0.0,0.0,0.0,0.0
1.0,91.0,0.0,8.0,0.0,0.0
6.0,94.0,0.0,0.0,0.0,0.0
1.0,99.0,0.0,0.0,0.0,0.0
3.0,80.0,0.0,17.0,0.0,0.0
3.0,97.0,0.0,0.0,0.0,0.0
1.0,86.0,0.0,13.0,0.0,0.0
2.0,97.0,1.0,0.0,0.0,0.0
3.0,0.0,93.0,4.0,0.0,0.0
4.0,87.0,0.0,9.0,0.0,0.0
1.0,99.0,0.0,0.0,0.0,0.0
2.0,98.0,0.0,0.0,0.0,0.0
2.0,98.0,0.0,0.0,0.0,0.0
1.0,98.0,0.0,1.0,0.0,0.0
1.0,92.0,0.0,7.0,0.0,0.0
1.0,81.0,0.0,18.0,0.0,0.0
1.0,99.0,0.0,0.0,0.0,0.0
3.0,97.0,0.0,0.0,0.0,0.0
4.0,83.0,0.0,13.0,0.0,0.0
5.0,95.0,0.0,0.0,0.0,0.0
3.0,97.0,0.0,0.0,0.0,0.0
6.0,81.0,0.0,13.0,0.0,0.0
14.0,86.0,0.0,0.0,0.0,0.0
1.0,77.0,0.0,22.0,0.0,0.0
1.0,99.0,0.0,0.0,0.0,0.0
1.0,90.0,0.0,9.0,0.0,0.0
4.0,95.0,0.0,1.0,0.0,0.0
1.0,98.0,0.0,1.0,0.0,0.0
3.0,97.0,0.0,0.0,0.0,0.0
3.0,71.0,0.0,26.0,0.0,0.0
4.0,72.0,0.0,24.0,0.0,0.0
3.0,95.0,0.0,2.0,0.0,0.0
1.0,99.0,0.0,0.0,0.0,0.0
1.0,99.0,0.0,0.0,0.0,0.0
1.0,93.0,0.0,6.0,0.0,0.0
3.0,89.0,0.0,8.0,0.0,0.0
3.0,94.0,0.0,3.0,0.0,0.0
1.0,98.0,1.0,0.0,0.0,0.0
1.0,95.0,0.0,4.0,0.0,0.0
2.0,0.0,28.0,21.0,0.0,0.0
6.0,90.0,0.0,4.0,0.0,0.0
4.0,96.0,0.0,0.0,0.0,0.0
1.0,93.0,0.0,6.0,0.0,0.0
2.0,83.0,0.0,15.0,0.0,0.0
3.0,97.0,0.0,0.0,0.0,0.0
1.0,96.0,0.0,3.0,0.0,0.0
2.0,82.0,0.0,16.0,0.0,0.0
6.0,94.0,0.0,0.0,0.0,0.0
1.0,90.0,0.0,9.0,0.0,0.0
1.0,91.0,1.0,7.0,0.0,0.0
1.0,95.0,0.0,4.0,0.0,0.0
2.0,93.0,0.0,5.0,0.0,0.0
1.0,99.0,0.0,0.0,0.0,0.0
1.0,80.0,0.0,19.0,0.0,0.0
1.0,99.0,0.0,0.0,0.0,0.0
1.0,96.0,0.0,3.0,0.0,0.0
3.0,97.0,0.0,0.0,0.0,0.0
1.0,99.0,0.0,0.0,0.0,0.0
1.0,99.0,0.0,0.0,0.0,0.0
1.0,60.0,0.0,39.0,0.0,0.0
5.0,92.0,1.0,2.0,0.0,0.0
2.0,87.0,0.0,11.0,0.0,0.0
6.0,0.0,2.0,2.0,0.0,0.0
3.0,97.0,0.0,0.0,0.0,0.0
1.0,99.0,0.0,0.0,0.0,0.0
4.0,90.0,0.0,6.0,0.0,0.0
1.0,99.0,0.0,0.0,0.0,0.0
1.0,98.0,0.0,1.0,0.0,0.0
1.0,98.0,0.0,1.0,0.0,0.0
17.0,68.0,0.0,15.0,0.0,0.0
4.0,93.0,0.0,3.0,0.0,0.0
1.0,99.0,0.0,0.0,0.0,0.0
1.0,97.0,0.0,2.0,0.0,0.0
10.0,90.0,0.0,0.0,0.0,0.0
1.0,79.0,1.0,19.0,0.0,0.0
4.0,96.0,0.0,0.0,0.0,0.0
7.0,88.0,0.0,5.0,0.0,0.0
2.0,98.0,0.0,0.0,0.0,0.0
5.0,95.0,0.0,0.0,0.0,0.0
1.0,99.0,0.0,0.0,0.0,0.0
2.0,98.0,0.0,0.0,0.0,0.0
1.0,83.0,0.0,16.0,0.0,0.0
3.0,94.0,0.0,3.0,0.0,0.0
1.0,89.0,1.0,9.0,0.0,0.0
8.0,78.0,0.0,14.0,0.0,0.0
1.0,79.0,0.0,20.0,0.0,0.0
3.0,97.0,0.0,0.0,0.0,0.0
1.0,99.0,0.0,0.0,0.0,0.0
1.0,97.0,0.0,2.0,0.0,0.0
6.0,94.0,0.0,0.0,0.0,0.0
4.0,86.0,0.0,10.0,0.0,0.0
1.0,99.0,0.0,0.0,0.0,0.0
6.0,86.0,0.0,8.0,0.0,0.0
4.0,96.0,0.0,0.0,0.0,0.0
1.0,99.0,0.0,0.0,0.0,0.0
1.0,99.0,0.0,0.0,0.0,0.0
1.0,99.0,0.0,0.0,0.0,0.0
1.0,99.0,0.0,0.0,0.0,0.0
10.0,67.0,0.0,23.0,0.0,0.0
3.0,86.0,0.0,11.0,0.0,0.0
1.0,99.0,0.0,0.0,0.0,0.0
3.0,97.0,0.0,0.0,0.0,0.0
6.0,65.0,0.0,29.0,0.0,0.0
1.0,99.0,0.0,0.0,0.0,0.0
9.0,91.0,0.0,0.0,0.0,0.0
1.0,95.0,0.0,4.0,0.0,0.0
1.0,99.0,0.0,0.0,0.0,0.0
1.0,99.0,0.0,0.0,0.0,0.0
1.0,96.0,0.0,3.0,0.0,0.0
4.0,77.0,0.0,19.0,0.0,0.0
2.0,98.0,0.0,0.0,0.0,0.0
2.0,98.0,0.0,0.0,0.0,0.0
1.0,99.0,0.0,0.0,0.0,0.0
1.0,69.0,0.0,30.0,0.0,0.0
10.0,89.0,0.0,1.0,0.0,0.0
1.0,99.0,0.0,0.0,0.0,0.0
1.0,91.0,0.0,8.0,0.0,0.0
1.0,91.0,1.0,7.0,0.0,0.0
2.0,81.0,0.0,17.0,0.0,0.0
2.0,98.0,0.0,0.0,0.0,0.0
4.0,96.0,0.0,0.0,0.0,0.0
1.0,98.0,0.0,1.0,0.0,0.0
3.0,97.0,0.0,0.0,0.0,0.0
10.0,90.0,0.0,0.0,0.0,0.0
1.0,99.0,0.0,0.0,0.0,0.0
1.0,99.0,0.0,0.0,0.0,0.0
11.0,89.0,0.0,0.0,0.0,0.0
7.0,93.0,0.0,0.0,0.0,0.0
1.0,99.0,0.0,0.0,0.0,0.0
1.0,97.0,0.0,2.0,0.0,0.0
4.0,96.0,0.0,0.0,0.0,0.0
2.0,94.0,0.0,4.0,0.0,0.0
5.0,95.0,0.0,0.0,0.0,0.0
3.0,97.0,0.0,0.0,0.0,0.0
3.0,80.0,1.0,16.0,0.0,0.0
1.0,59.0,0.0,7.0,33.0,0.0
2.0,98.0,0.0,0.0,0.0,0.0
1.0,99.0,0.0,0.0,0.0,0.0
3.0,97.0,0.0,0.0,0.0,0.0
4.0,93.0,0.0,3.0,0.0,0.0
1.0,99.0,0.0,0.0,0.0,0.0
4.0,83.0,0.0,13.0,0.0,0.0
1.0,99.0,0.0,0.0,0.0,0.0
1.0,99.0,0.0,0.0,0.0,0.0
1.0,98.0,0.0,1.0,0.0,0.0
1.0,80.0,0.0,19.0,0.0,0.0
11.0,78.0,0.0,11.0,0.0,0.0
1.0,99.0,0.0,0.0,0.0,0.0
1.0,99.0,0.0,0.0,0.0,0.0
1.0,76.0,0.0,23.0,0.0,0.0
5.0,95.0,0.0,0.0,0.0,0.0
1.0,99.0,0.0,0.0,0.0,0.0
2.0,98.0,0.0,0.0,0.0,0.0
1.0,99.0,0.0,0.0,0.0,0.0
1.0,99.0,0.0,0.0,0.0,0.0
2.0,87.0,0.0,11.0,0.0,0.0
4.0,76.0,0.0,20.0,0.0,0.0
4.0,96.0,0.0,0.0,0.0,0.0
3.0,83.0,0.0,14.0,0.0,0.0
2.0,98.0,0.0,0.0,0.0,0.0
1.0,99.0,0.0,0.0,0.0,0.0
1.0,99.0,0.0,0.0,0.0,0.0
2.0,98.0,0.0,0.0,0.0,0.0
2.0,91.0,0.0,7.0,0.0,0.0
1.0,99.0,0.0,0.0,0.0,0.0
1.0,98.0,1.0,0.0,0.0,0.0
4.0,96.0,0.0,0.0,0.0,0.0
1.0,99.0,0.0,0.0,0.0,0.0
3.0,97.0,0.0,0.0,0.0,0.0
1.0,99.0,0.0,0.0,0.0,0.0
1.0,92.0,1.0,6.0,0.0,0.0
5.0,81.0,0.0,14.0,0.0,0.0
6.0,94.0,0.0,0.0,0.0,0.0
1.0,88.0,1.0,10.0,0.0,0.0
8.0,92.0,0.0,0.0,0.0,0.0
4.0,96.0,0.0,0.0,0.0,0.0
1.0,92.0,0.0,7.0,0.0,0.0
1.0,99.0,0.0,0.0,0.0,0.0
2.0,90.0,0.0,8.0,0.0,0.0
6.0,94.0,0.0,0.0,0.0,0.0
5.0,94.0,0.0,1.0,0.0,0.0
5.0,76.0,0.0,19.0,0.0,0.0
1.0,99.0,0.0,0.0,0.0,0.0
2.0,98.0,0.0,0.0,0.0,0.0
3.0,54.0,0.0,43.0,0.0,0.0
2.0,95.0,0.0,3.0,0.0,0.0
6.0,94.0,0.0,0.0,0.0,0.0
2.0,92.0,0.0,6.0,0.0,0.0
5.0,86.0,0.0,9.0,0.0,0.0
3.0,97.0,0.0,0.0,0.0,0.0
2.0,98.0,0.0,0.0,0.0,0.0
1.0,98.0,1.0,0.0,0.0,0.0
1.0,50.0,0.0,49.0,0.0,0.0
1.0,98.0,0.0,1.0,0.0,0.0
9.0,91.0,0.0,0.0,0.0,0.0
1.0,88.0,0.0,11.0,0.0,0.0
1.0,99.0,0.0,0.0,0.0,0.0
24.0,76.0,0.0,0.0,0.0,0.0
5.0,0.0,34.0,61.0,0.0,0.0
1.0,99.0,0.0,0.0,0.0,0.0
1.0,99.0,0.0,0.0,0.0,0.0
1.0,99.0,0.0,0.0,0.0,0.0
3.0,90.0,0.0,7.0,0.0,0.0
2.0,53.0,0.0,45.0,0.0,0.0
1.0,99.0,0.0,0.0,0.0,0.0
6.0,83.0,0.0,11.0,0.0,0.0
1.0,96.0,0.0,3.0,0.0,0.0
2.0,98.0,0.0,0.0,0.0,0.0
1.0,99.0,0.0,0.0,0.0,0.0
1.0,99.0,0.0,0.0,0.0,0.0
5.0,95.0,0.0,0.0,0.0,0.0
1.0,93.0,0.0,6.0,0.0,0.0
6.0,94.0,0.0,0.0,0.0,0.0
11.0,89.0,0.0,0.0,0.0,0.0
3.0,93.0,0.0,4.0,0.0,0.0
4.0,70.0,0.0,26.0,0.0,0.0
1.0,99.0,0.0,0.0,0.0,0.0
8.0,92.0,0.0,0.0,0.0,0.0
4.0,96.0,0.0,0.0,0.0,0.0
5.0,91.0,0.0,4.0,0.0,0.0
1.0,18.0,0.0,81.0,0.0,0.0
1.0,98.0,1.0,0.0,0.0,0.0
1.0,97.0,0.0,2.0,0.0,0.0
1.0,99.0,0.0,0.0,0.0,0.0
2.0,98.0,0.0,0.0,0.0,0.0
1.0,99.0,0.0,0.0,0.0,0.0
3.0,84.0,0.0,13.0,0.0,0.0
1.0,99.0,0.0,0.0,0.0,0.0
2.0,82.0,0.0,16.0,0.0,0.0
4.0,85.0,0.0,11.0,0.0,0.0
11.0,50.0,0.0,39.0,0.0,0.0
3.0,97.0,0.0,0.0,0.0,0.0
5.0,95.0,0.0,0.0,0.0,0.0
1.0,99.0,0.0,0.0,0.0,0.0
1.0,99.0,0.0,0.0,0.0,0.0
7.0,93.0,0.0,0.0,0.0,0.0
2.0,98.0,0.0,0.0,0.0,0.0
1.0,76.0,0.0,23.0,0.0,0.0
2.0,98.0,0.0,0.0,0.0,0.0
3.0,56.0,0.0,41.0,0.0,0.0
2.0,96.0,0.0,2.0,0.0,0.0
2.0,98.0,0.0,0.0,0.0,0.0
7.0,92.0,0.0,1.0,0.0,0.0
2.0,87.0,0.0,11.0,0.0,0.0
6.0,0.0,91.0,3.0,0.0,0.0
1.0,72.0,0.0,27.0,0.0,0.0
3.0,97.0,0.0,0.0,0.0,0.0
2.0,0.0,38.0,5.0,0.0,0.0
2.0,98.0,0.0,0.0,0.0,0.0
1.0,99.0,0.0,0.0,0.0,0.0
1.0,99.0,0.0,0.0,0.0,0.0
5.0,0.0,4.0,4.0,0.0,0.0
1.0,97.0,0.0,2.0,0.0,0.0
6.0,94.0,0.0,0.0,0.0,0.0
1.0,99.0,0.0,0.0,0.0,0.0
1.0,94.0,0.0,5.0,0.0,0.0
1.0,99.0,0.0,0.0,0.0,0.0
1.0,64.0,0.0,35.0,0.0,0.0
2.0,78.0,0.0,20.0,0.0,0.0
3.0,91.0,0.0,6.0,0.0,0.0
1.0,99.0,0.0,0.0,0.0,0.0
2.0,87.0,0.0,11.0,0.0,0.0
1.0,99.0,0.0,0.0,0.0,0.0
5.0,85.0,0.0,10.0,0.0,0.0
2.0,98.0,0.0,0.0,0.0,0.0
1.0,88.0,0.0,11.0,0.0,0.0
1.0,94.0,0.0,5.0,0.0,0.0
1.0,98.0,1.0,0.0,0.0,0.0
2.0,87.0,0.0,11.0,0.0,0.0
1.0,96.0,0.0,3.0,0.0,0.0
8.0,92.0,0.0,0.0,0.0,0.0
1.0,89.0,0.0,10.0,0.0,0.0
3.0,97.0,0.0,0.0,0.0,0.0
5.0,0.0,61.0,34.0,0.0,0.0
2.0,75.0,0.0,23.0,0.0,0.0
11.0,89.0,0.0,0.0,0.0,0.0
1.0,73.0,0.0,26.0,0.0,0.0
6.0,94.0,0.0,0.0,0.0,0.0
2.0,98.0,0.0,0.0,0.0,0.0
1.0,99.0,0.0,0.0,0.0,0.0
4.0,72.0,0.0,24.0,0.0,0.0
1.0,98.0,0.0,1.0,0.0,0.0
1.0,86.0,0.0,13.0,0.0,0.0
1.0,0.0,56.0,10.0,0.0,0.0
1.0,53.0,0.0,46.0,0.0,0.0
1.0,89.0,1.0,9.0,0.0,0.0
1.0,99.0,0.0,0.0,0.0,0.0
1.0,85.0,0.0,14.0,0.0,0.0
3.0,72.0,0.0,25.0,0.0,0.0
24.0,59.0,0.0,1.0,16.0,0.0
4.0,88.0,0.0,8.0,0.0,0.0
1.0,84.0,0.0,15.0,0.0,0.0
1.0,99.0,0.0,0.0,0.0,0.0
5.0,59.0,0.0,36.0,0.0,0.0
1.0,99.0,0.0,0.0,0.0,0.0
1.0,99.0,0.0,0.0,0.0,0.0
2.0,98.0,0.0,0.0,0.0,0.0
1.0,99.0,0.0,0.0,0.0,0.0
7.0,84.0,0.0,9.0,0.0,0.0
5.0,77.0,0.0,18.0,0.0,0.0
1.0,99.0,0.0,0.0,0.0,0.0
1.0,98.0,1.0,0.0,0.0,0.0
2.0,73.0,0.0,25.0,0.0,0.0
1.0,76.0,0.0,23.0,0.0,0.0
2.0,86.0,0.0,12.0,0.0,0.0
1.0,97.0,0.0,2.0,0.0,0.0
1.0,98.0,0.0,1.0,0.0,0.0
5.0,94.0,0.0,1.0,0.0,0.0
1.0,96.0,0.0,3.0,0.0,0.0
2.0,98.0,0.0,0.0,0.0,0.0
1.0,99.0,0.0,0.0,0.0,0.0
1.0,95.0,0.0,4.0,0.0,0.0
1.0,98.0,1.0,0.0,0.0,0.0
9.0,91.0,0.0,0.0,0.0,0.0
10.0,83.0,0.0,7.0,0.0,0.0
2.0,98.0,0.0,0.0,0.0,0.0
3.0,97.0,0.0,0.0,0.0,0.0
1.0,94.0,0.0,5.0,0.0,0.0
1.0,99.0,0.0,0.0,0.0,0.0
2.0,98.0,0.0,0.0,0.0,0.0
3.0,97.0,0.0,0.0,0.0,0.0
7.0,93.0,0.0,0.0,0.0,0.0
1.0,99.0,0.0,0.0,0.0,0.0
2.0,93.0,0.0,5.0,0.0,0.0
3.0,97.0,0.0,0.0,0.0,0.0
5.0,74.0,0.0,21.0,0.0,0.0
1.0,99.0,0.0,0.0,0.0,0.0
1.0,98.0,1.0,0.0,0.0,0.0
2.0,98.0,0.0,0.0,0.0,0.0
1.0,99.0,0.0,0.0,0.0,0.0
2.0,98.0,0.0,0.0,0.0,0.0
5.0,95.0,0.0,0.0,0.0,0.0
5.0,90.0,0.0,5.0,0.0,0.0
2.0,98.0,0.0,0.0,0.0,0.0
1.0,99.0,0.0,0.0,0.0,0.0
1.0,0.0,23.0,5.0,0.0,0.0
2.0,83.0,0.0,15.0,0.0,0.0
1.0,54.0,1.0,44.0,0.0,0.0
2.0,98.0,0.0,0.0,0.0,0.0
10.0,74.0,0.0,16.0,0.0,0.0
1.0,97.0,0.0,2.0,0.0,0.0
1.0,87.0,0.0,12.0,0.0,0.0
1.0,99.0,0.0,0.0,0.0,0.0
1.0,89.0,0.0,10.0,0.0,0.0
3.0,83.0,0.0,14.0,0.0,0.0
2.0,97.0,0.0,1.0,0.0,0.0
2.0,88.0,0.0,10.0,0.0,0.0
1.0,99.0,0.0,0.0,0.0,0.0
10.0,90.0,0.0,0.0,0.0,0.0
1.0,97.0,0.0,2.0,0.0,0.0
1.0,92.0,0.0,7.0,0.0,0.0
6.0,94.0,0.0,0.0,0.0,0.0
2.0,98.0,0.0,0.0,0.0,0.0
16.0,81.0,0.0,3.0,0.0,0.0
1.0,99.0,0.0,0.0,0.0,0.0
1.0,98.0,0.0,1.0,0.0,0.0
10.0,90.0,0.0,0.0,0.0,0.0
2.0,98.0,0.0,0.0,0.0,0.0
3.0,85.0,1.0,11.0,0.0,0.0
1.0,83.0,0.0,16.0,0.0,0.0
1.0,66.0,0.0,33.0,0.0,0.0
2.0,97.0,0.0,1.0,0.0,0.0
4.0,96.0,0.0,0.0,0.0,0.0
1.0,86.0,0.0,13.0,0.0,0.0
3.0,97.0,0.0,0.0,0.0,0.0
2.0,98.0,0.0,0.0,0.0,0.0
4.0,94.0,1.0,1.0,0.0,0.0
1.0,89.0,0.0,10.0,0.0,0.0
1.0,89.0,0.0,10.0,0.0,0.0
1.0,90.0,0.0,9.0,0.0,0.0
2.0,74.0,0.0,24.0,0.0,0.0
2.0,92.0,0.0,6.0,0.0,0.0
2.0,3.0,0.0,95.0,0.0,0.0
8.0,79.0,0.0,13.0,0.0,0.0
1.0,60.0,0.0,39.0,0.0,0.0
1.0,96.0,1.0,2.0,0.0,0.0
1.0,99.0,0.0,0.0,0.0,0.0
1.0,99.0,0.0,0.0,0.0,0.0
6.0,94.0,0.0,0.0,0.0,0.0
1.0,94.0,0.0,5.0,0.0,0.0
1.0,96.0,1.0,2.0,0.0,0.0
2.0,98.0,0.0,0.0,0.0,0.0
9.0,91.0,0.0,0.0,0.0,0.0
10.0,90.0,0.0,0.0,0.0,0.0
1.0,99.0,0.0,0.0,0.0,0.0
1.0,98.0,0.0,1.0,0.0,0.0
1.0,99.0,0.0,0.0,0.0,0.0
2.0,98.0,0.0,0.0,0.0,0.0
1.0,69.0,1.0,29.0,0.0,0.0
5.0,89.0,0.0,6.0,0.0,0.0
1.0,91.0,0.0,8.0,0.0,0.0
2.0,98.0,0.0,0.0,0.0,0.0
5.0,75.0,0.0,20.0,0.0,0.0
1.0,99.0,0.0,0.0,0.0,0.0
4.0,96.0,0.0,0.0,0.0,0.0
1.0,98.0,1.0,0.0,0.0,0.0
1.0,99.0,0.0,0.0,0.0,0.0
13.0,86.0,0.0,1.0,0.0,0.0
18.0,82.0,0.0,0.0,0.0,0.0
1.0,98.0,0.0,1.0,0.0,0.0
1.0,97.0,0.0,2.0,0.0,0.0
1.0,99.0,0.0,0.0,0.0,0.0
2.0,98.0,0.0,0.0,0.0,0.0
1.0,99.0,0.0,0.0,0.0,0.0
6.0,94.0,0.0,0.0,0.0,0.0
6.0,93.0,0.0,1.0,0.0,0.0
1.0,68.0,0.0,31.0,0.0,0.0
1.0,89.0,0.0,10.0,0.0,0.0
2.0,58.0,0.0,40.0,0.0,0.0
3.0,88.0,0.0,9.0,0.0,0.0
4.0,60.0,0.0,36.0,0.0,0.0
2.0,0.0,52.0,1.0,0.0,0.0
15.0,79.0,0.0,6.0,0.0,0.0
1.0,95.0,0.0,4.0,0.0,0.0
6.0,94.0,0.0,0.0,0.0,0.0
1.0,99.0,0.0,0.0,0.0,0.0
1.0,81.0,0.0,18.0,0.0,0.0
1.0,0.0,17.0,24.0,0.0,0.0
7.0,93.0,0.0,0.0,0.0,0.0
4.0,96.0,0.0,0.0,0.0,0.0
1.0,99.0,0.0,0.0,0.0,0.0
1.0,42.0,0.0,57.0,0.0,0.0
1.0,99.0,0.0,0.0,0.0,0.0
1.0,95.0,0.0,4.0,0.0,0.0
1.0,99.0,0.0,0.0,0.0,0.0
3.0,97.0,0.0,0.0,0.0,0.0
3.0,96.0,0.0,1.0,0.0,0.0
2.0,98.0,0.0,0.0,0.0,0.0
2.0,98.0,0.0,0.0,0.0,0.0
1.0,97.0,0.0,2.0,0.0,0.0
1.0,99.0,0.0,0.0,0.0,0.0
4.0,96.0,0.0,0.0,0.0,0.0
1.0,98.0,1.0,0.0,0.0,0.0
1.0,99.0,0.0,0.0,0.0,0.0
2.0,98.0,0.0,0.0,0.0,0.0
1.0,98.0,0.0,1.0,0.0,0.0
4.0,96.0,0.0,0.0,0.0,0.0
1.0,99.0,0.0,0.0,0.0,0.0
3.0,97.0,0.0,0.0,0.0,0.0
1.0,74.0,0.0,25.0,0.0,0.0
1.0,79.0,0.0,20.0,0.0,0.0
9.0,89.0,0.0,2.0,0.0,0.0
5.0,0.0,28.0,10.0,0.0,0.0
2.0,92.0,0.0,6.0,0.0,0.0
1.0,99.0,0.0,0.0,0.0,0.0
1.0,99.0,0.0,0.0,0.0,0.0
6.0,94.0,0.0,0.0,0.0,0.0
1.0,99.0,0.0,0.0,0.0,0.0
1.0,84.0,0.0,15.0,0.0,0.0
2.0,92.0,0.0,6.0,0.0,0.0
9.0,91.0,0.0,0.0,0.0,0.0
1.0,97.0,0.0,2.0,0.0,0.0
2.0,98.0,0.0,0.0,0.0,0.0
10.0,90.0,0.0,0.0,0.0,0.0
1.0,0.0,7.0,18.0,0.0,0.0
2.0,98.0,0.0,0.0,0.0,0.0
1.0,0.0,65.0,34.0,0.0,0.0
1.0,95.0,0.0,4.0,0.0,0.0
1.0,0.0,1.0,12.0,0.0,19.0
4.0,96.0,0.0,0.0,0.0,0.0
8.0,88.0,0.0,4.0,0.0,0.0
11.0,75.0,0.0,14.0,0.0,0.0
1.0,82.0,0.0,17.0,0.0,0.0
2.0,98.0,0.0,0.0,0.0,0.0
1.0,99.0,0.0,0.0,0.0,0.0
11.0,72.0,0.0,17.0,0.0,0.0
1.0,71.0,1.0,27.0,0.0,0.0
1.0,99.0,0.0,0.0,0.0,0.0
2.0,97.0,1.0,0.0,0.0,0.0
1.0,99.0,0.0,0.0,0.0,0.0
7.0,93.0,0.0,0.0,0.0,0.0
7.0,93.0,0.0,0.0,0.0,0.0
2.0,98.0,0.0,0.0,0.0,0.0
1.0,99.0,0.0,0.0,0.0,0.0
1.0,99.0,0.0,0.0,0.0,0.0
3.0,85.0,0.0,12.0,0.0,0.0
1.0,99.0,0.0,0.0,0.0,0.0
20.0,80.0,0.0,0.0,0.0,0.0
1.0,99.0,0.0,0.0,0.0,0.0
2.0,98.0,0.0,0.0,0.0,0.0
10.0,90.0,0.0,0.0,0.0,0.0
5.0,95.0,0.0,0.0,0.0,0.0
5.0,95.0,0.0,0.0,0.0,0.0
5.0,95.0,0.0,0.0,0.0,0.0
2.0,98.0,0.0,0.0,0.0,0.0
1.0,98.0,0.0,1.0,0.0,0.0
3.0,79.0,0.0,18.0,0.0,0.0
3.0,94.0,0.0,3.0,0.0,0.0
5.0,95.0,0.0,0.0,0.0,0.0
1.0,99.0,0.0,0.0,0.0,0.0
1.0,99.0,0.0,0.0,0.0,0.0
2.0,98.0,0.0,0.0,0.0,0.0
2.0,98.0,0.0,0.0,0.0,0.0
4.0,96.0,0.0,0.0,0.0,0.0
1.0,99.0,0.0,0.0,0.0,0.0
1.0,99.0,0.0,0.0,0.0,0.0
1.0,91.0,0.0,8.0,0.0,0.0
3.0,89.0,0.0,8.0,0.0,0.0
1.0,99.0,0.0,0.0,0.0,0.0
6.0,81.0,0.0,13.0,0.0,0.0
3.0,96.0,0.0,1.0,0.0,0.0
1.0,64.0,0.0,35.0,0.0,0.0
4.0,64.0,0.0,32.0,0.0,0.0
1.0,99.0,0.0,0.0,0.0,0.0
2.0,82.0,0.0,16.0,0.0,0.0
1.0,99.0,0.0,0.0,0.0,0.0
1.0,99.0,0.0,0.0,0.0,0.0
1.0,98.0,1.0,0.0,0.0,0.0
1.0,99.0,0.0,0.0,0.0,0.0
2.0,98.0,0.0,0.0,0.0,0.0
1.0,83.0,0.0,16.0,0.0,0.0
3.0,97.0,0.0,0.0,0.0,0.0
2.0,68.0,0.0,30.0,0.0,0.0
1.0,97.0,0.0,2.0,0.0,0.0
1.0,99.0,0.0,0.0,0.0,0.0
1.0,93.0,0.0,6.0,0.0,0.0
2.0,97.0,0.0,1.0,0.0,0.0
4.0,96.0,0.0,0.0,0.0,0.0
1.0,98.0,1.0,0.0,0.0,0.0
1.0,95.0,0.0,4.0,0.0,0.0
3.0,97.0,0.0,0.0,0.0,0.0
3.0,97.0,0.0,0.0,0.0,0.0
8.0,92.0,0.0,0.0,0.0,0.0
10.0,90.0,0.0,0.0,0.0,0.0
6.0,65.0,0.0,29.0,0.0,0.0
1.0,99.0,0.0,0.0,0.0,0.0
5.0,95.0,0.0,0.0,0.0,0.0
1.0,98.0,1.0,0.0,0.0,0.0
1.0,98.0,0.0,1.0,0.0,0.0
1.0,86.0,0.0,13.0,0.0,0.0
4.0,96.0,0.0,0.0,0.0,0.0
1.0,99.0,0.0,0.0,0.0,0.0
1.0,99.0,0.0,0.0,0.0,0.0
2.0,98.0,0.0,0.0,0.0,0.0
1.0,90.0,0.0,9.0,0.0,0.0
5.0,83.0,0.0,12.0,0.0,0.0
2.0,98.0,0.0,0.0,0.0,0.0
2.0,98.0,0.0,0.0,0.0,0.0
1.0,89.0,0.0,10.0,0.0,0.0
8.0,89.0,0.0,3.0,0.0,0.0
1.0,91.0,0.0,8.0,0.0,0.0
2.0,92.0,0.0,6.0,0.0,0.0
5.0,95.0,0.0,0.0,0.0,0.0
1.0,46.0,0.0,53.0,0.0,0.0
2.0,96.0,0.0,2.0,0.0,0.0
1.0,0.0,1.0,22.0,0.0,76.0
5.0,95.0,0.0,0.0,0.0,0.0
7.0,93.0,0.0,0.0,0.0,0.0
1.0,92.0,0.0,7.0,0.0,0.0
1.0,99.0,0.0,0.0,0.0,0.0
1.0,99.0,0.0,0.0,0.0,0.0
6.0,94.0,0.0,0.0,0.0,0.0
1.0,93.0,0.0,6.0,0.0,0.0
1.0,84.0,0.0,15.0,0.0,0.0
10.0,87.0,0.0,3.0,0.0,0.0
1.0,84.0,0.0,15.0,0.0,0.0
4.0,96.0,0.0,0.0,0.0,0.0
3.0,97.0,0.0,0.0,0.0,0.0
2.0,98.0,0.0,0.0,0.0,0.0
5.0,61.0,0.0,34.0,0.0,0.0
4.0,96.0,0.0,0.0,0.0,0.0
1.0,99.0,0.0,0.0,0.0,0.0
1.0,99.0,0.0,0.0,0.0,0.0
2.0,98.0,0.0,0.0,0.0,0.0
1.0,99.0,0.0,0.0,0.0,0.0
1.0,94.0,0.0,5.0,0.0,0.0
10.0,90.0,0.0,0.0,0.0,0.0
2.0,98.0,0.0,0.0,0.0,0.0
1.0,99.0,0.0,0.0,0.0,0.0
7.0,93.0,0.0,0.0,0.0,0.0
7.0,89.0,0.0,4.0,0.0,0.0
4.0,96.0,0.0,0.0,0.0,0.0
1.0,72.0,0.0,27.0,0.0,0.0
2.0,86.0,0.0,12.0,0.0,0.0
1.0,99.0,0.0,0.0,0.0,0.0
1.0,69.0,0.0,30.0,0.0,0.0
1.0,99.0,0.0,0.0,0.0,0.0
6.0,92.0,0.0,2.0,0.0,0.0
4.0,95.0,0.0,1.0,0.0,0.0
1.0,99.0,0.0,0.0,0.0,0.0
6.0,79.0,0.0,15.0,0.0,0.0
4.0,96.0,0.0,0.0,0.0,0.0
2.0,98.0,0.0,0.0,0.0,0.0
5.0,95.0,0.0,0.0,0.0,0.0
6.0,80.0,0.0,14.0,0.0,0.0
4.0,96.0,0.0,0.0,0.0,0.0
1.0,99.0,0.0,0.0,0.0,0.0
1.0,98.0,0.0,1.0,0.0,0.0
5.0,87.0,0.0,8.0,0.0,0.0
1.0,91.0,0.0,8.0,0.0,0.0
2.0,91.0,0.0,7.0,0.0,0.0
2.0,92.0,0.0,6.0,0.0,0.0
1.0,99.0,0.0,0.0,0.0,0.0
3.0,97.0,0.0,0.0,0.0,0.0
6.0,94.0,0.0,0.0,0.0,0.0
5.0,95.0,0.0,0.0,0.0,0.0
2.0,98.0,0.0,0.0,0.0,0.0
1.0,99.0,0.0,0.0,0.0,0.0
1.0,82.0,0.0,17.0,0.0,0.0
1.0,99.0,0.0,0.0,0.0,0.0
2.0,93.0,0.0,5.0,0.0,0.0
1.0,99.0,0.0,0.0,0.0,0.0
2.0,92.0,0.0,6.0,0.0,0.0
10.0,79.0,0.0,11.0,0.0,0.0
1.0,0.0,91.0,8.0,0.0,0.0
3.0,97.0,0.0,0.0,0.0,0.0
1.0,99.0,0.0,0.0,0.0,0.0
1.0,98.0,0.0,1.0,0.0,0.0
1.0,28.0,0.0,71.0,0.0,0.0
2.0,98.0,0.0,0.0,0.0,0.0
3.0,97.0,0.0,0.0,0.0,0.0
2.0,98.0,0.0,0.0,0.0,0.0
1.0,63.0,0.0,36.0,0.0,0.0
6.0,75.0,0.0,19.0,0.0,0.0
1.0,98.0,0.0,1.0,0.0,0.0
1.0,93.0,0.0,6.0,0.0,0.0
6.0,64.0,0.0,30.0,0.0,0.0
1.0,99.0,0.0,0.0,0.0,0.0
1.0,99.0,0.0,0.0,0.0,0.0
2.0,98.0,0.0,0.0,0.0,0.0
5.0,95.0,0.0,0.0,0.0,0.0
2.0,90.0,0.0,8.0,0.0,0.0
2.0,98.0,0.0,0.0,0.0,0.0
1.0,90.0,0.0,9.0,0.0,0.0
3.0,97.0,0.0,0.0,0.0,0.0
1.0,99.0,0.0,0.0,0.0,0.0
5.0,69.0,0.0,26.0,0.0,0.0
1.0,99.0,0.0,0.0,0.0,0.0
4.0,96.0,0.0,0.0,0.0,0.0
4.0,95.0,0.0,1.0,0.0,0.0
2.0,88.0,0.0,10.0,0.0,0.0
2.0,98.0,0.0,0.0,0.0,0.0
3.0,93.0,0.0,4.0,0.0,0.0
2.0,98.0,0.0,0.0,0.0,0.0
1.0,99.0,0.0,0.0,0.0,0.0
1.0,95.0,0.0,4.0,0.0,0.0
5.0,93.0,0.0,2.0,0.0,0.0
6.0,93.0,1.0,0.0,0.0,0.0
4.0,68.0,0.0,28.0,0.0,0.0
12.0,88.0,0.0,0.0,0.0,0.0
1.0,95.0,0.0,4.0,0.0,0.0
1.0,69.0,0.0,30.0,0.0,0.0
6.0,70.0,0.0,24.0,0.0,0.0
3.0,97.0,0.0,0.0,0.0,0.0
2.0,95.0,0.0,3.0,0.0,0.0
6.0,94.0,0.0,0.0,0.0,0.0
2.0,89.0,0.0,9.0,0.0,0.0
1.0,99.0,0.0,0.0,0.0,0.0
1.0,99.0,0.0,0.0,0.0,0.0
1.0,99.0,0.0,0.0,0.0,0.0
1.0,97.0,1.0,1.0,0.0,0.0
1.0,99.0,0.0,0.0,0.0,0.0
1.0,83.0,0.0,16.0,0.0,0.0
1.0,99.0,0.0,0.0,0.0,0.0
7.0,92.0,0.0,1.0,0.0,0.0
2.0,98.0,0.0,0.0,0.0,0.0
3.0,75.0,0.0,22.0,0.0,0.0
1.0,63.0,1.0,35.0,0.0,0.0
2.0,79.0,0.0,19.0,0.0,0.0
7.0,93.0,0.0,0.0,0.0,0.0
3.0,85.0,0.0,12.0,0.0,0.0
2.0,95.0,0.0,3.0,0.0,0.0
3.0,85.0,0.0,12.0,0.0,0.0
7.0,88.0,0.0,5.0,0.0,0.0
2.0,47.0,0.0,51.0,0.0,0.0
3.0,97.0,0.0,0.0,0.0,0.0
2.0,96.0,0.0,2.0,0.0,0.0
5.0,79.0,0.0,16.0,0.0,0.0
14.0,86.0,0.0,0.0,0.0,0.0
3.0,97.0,0.0,0.0,0.0,0.0
5.0,95.0,0.0,0.0,0.0,0.0
1.0,98.0,0.0,1.0,0.0,0.0
3.0,97.0,0.0,0.0,0.0,0.0
3.0,97.0,0.0,0.0,0.0,0.0
2.0,98.0,0.0,0.0,0.0,0.0
12.0,88.0,0.0,0.0,0.0,0.0
1.0,98.0,0.0,1.0,0.0,0.0
5.0,95.0,0.0,0.0,0.0,0.0
1.0,99.0,0.0,0.0,0.0,0.0
4.0,96.0,0.0,0.0,0.0,0.0
6.0,94.0,0.0,0.0,0.0,0.0
2.0,0.0,40.0,14.0,0.0,0.0
5.0,61.0,0.0,34.0,0.0,0.0
1.0,99.0,0.0,0.0,0.0,0.0
3.0,97.0,0.0,0.0,0.0,0.0
1.0,99.0,0.0,0.0,0.0,0.0
1.0,99.0,0.0,0.0,0.0,0.0
1.0,86.0,0.0,13.0,0.0,0.0
4.0,96.0,0.0,0.0,0.0,0.0
1.0,94.0,0.0,5.0,0.0,0.0
1.0,99.0,0.0,0.0,0.0,0.0
1.0,99.0,0.0,0.0,0.0,0.0
10.0,66.0,0.0,24.0,0.0,0.0
1.0,99.0,0.0,0.0,0.0,0.0
4.0,96.0,0.0,0.0,0.0,0.0
4.0,83.0,0.0,13.0,0.0,0.0
2.0,49.0,0.0,49.0,0.0,0.0
9.0,37.0,0.0,54.0,0.0,0.0
1.0,99.0,0.0,0.0,0.0,0.0
8.0,92.0,0.0,0.0,0.0,0.0
1.0,66.0,1.0,32.0,0.0,0.0
1.0,99.0,0.0,0.0,0.0,0.0
1.0,99.0,0.0,0.0,0.0,0.0
2.0,98.0,0.0,0.0,0.0,0.0
1.0,43.0,0.0,56.0,0.0,0.0
2.0,98.0,0.0,0.0,0.0,0.0
1.0,93.0,0.0,6.0,0.0,0.0
2.0,98.0,0.0,0.0,0.0,0.0
2.0,98.0,0.0,0.0,0.0,0.0
1.0,99.0,0.0,0.0,0.0,0.0
2.0,91.0,0.0,7.0,0.0,0.0
3.0,97.0,0.0,0.0,0.0,0.0
1.0,94.0,0.0,5.0,0.0,0.0
4.0,84.0,0.0,12.0,0.0,0.0
1.0,93.0,1.0,5.0,0.0,0.0
6.0,94.0,0.0,0.0,0.0,0.0
1.0,99.0,0.0,0.0,0.0,0.0
3.0,97.0,0.0,0.0,0.0,0.0
1.0,91.0,0.0,8.0,0.0,0.0
3.0,75.0,0.0,22.0,0.0,0.0
1.0,99.0,0.0,0.0,0.0,0.0
1.0,58.0,0.0,41.0,0.0,0.0
1.0,85.0,1.0,13.0,0.0,0.0
1.0,99.0,0.0,0.0,0.0,0.0
2.0,98.0,0.0,0.0,0.0,0.0
1.0,66.0,1.0,32.0,0.0,0.0
1.0,48.0,0.0,51.0,0.0,0.0
5.0,95.0,0.0,0.0,0.0,0.0
1.0,0.0,83.0,16.0,0.0,0.0
1.0,59.0,0.0,40.0,0.0,0.0
1.0,97.0,0.0,2.0,0.0,0.0
6.0,86.0,0.0,8.0,0.0,0.0
1.0,65.0,0.0,34.0,0.0,0.0
2.0,98.0,0.0,0.0,0.0,0.0
14.0,86.0,0.0,0.0,0.0,0.0
1.0,99.0,0.0,0.0,0.0,0.0
1.0,99.0,0.0,0.0,0.0,0.0
10.0,90.0,0.0,0.0,0.0,0.0
1.0,99.0,0.0,0.0,0.0,0.0
2.0,77.0,0.0,21.0,0.0,0.0
1.0,99.0,0.0,0.0,0.0,0.0
3.0,88.0,0.0,9.0,0.0,0.0
1.0,99.0,0.0,0.0,0.0,0.0
5.0,95.0,0.0,0.0,0.0,0.0
6.0,52.0,0.0,42.0,0.0,0.0
3.0,97.0,0.0,0.0,0.0,0.0
4.0,96.0,0.0,0.0,0.0,0.0
4.0,96.0,0.0,0.0,0.0,0.0
1.0,99.0,0.0,0.0,0.0,0.0
1.0,99.0,0.0,0.0,0.0,0.0
6.0,61.0,0.0,33.0,0.0,0.0
1.0,54.0,0.0,45.0,0.0,0.0
1.0,99.0,0.0,0.0,0.0,0.0
1.0,66.0,0.0,33.0,0.0,0.0
5.0,95.0,0.0,0.0,0.0,0.0
4.0,73.0,0.0,23.0,0.0,0.0
1.0,99.0,0.0,0.0,0.0,0.0
1.0,96.0,1.0,2.0,0.0,0.0
1.0,71.0,0.0,28.0,0.0,0.0
1.0,0.0,37.0,42.0,0.0,0.0
1.0,79.0,0.0,20.0,0.0,0.0
2.0,98.0,0.0,0.0,0.0,0.0
1.0,91.0,0.0,8.0,0.0,0.0
1.0,33.0,0.0,66.0,0.0,0.0
1.0,79.0,0.0,20.0,0.0,0.0
1.0,56.0,1.0,42.0,0.0,0.0
2.0,98.0,0.0,0.0,0.0,0.0
1.0,94.0,0.0,5.0,0.0,0.0
9.0,48.0,0.0,43.0,0.0,0.0
1.0,95.0,0.0,4.0,0.0,0.0
1.0,99.0,0.0,0.0,0.0,0.0
2.0,98.0,0.0,0.0,0.0,0.0
1.0,78.0,0.0,21.0,0.0,0.0
3.0,97.0,0.0,0.0,0.0,0.0
1.0,99.0,0.0,0.0,0.0,0.0
1.0,99.0,0.0,0.0,0.0,0.0
1.0,99.0,0.0,0.0,0.0,0.0
1.0,81.0,0.0,18.0,0.0,0.0
2.0,97.0,1.0,0.0,0.0,0.0
2.0,98.0,0.0,0.0,0.0,0.0
2.0,62.0,0.0,36.0,0.0,0.0
1.0,93.0,0.0,6.0,0.0,0.0
1.0,99.0,0.0,0.0,0.0,0.0
3.0,45.0,0.0,52.0,0.0,0.0
8.0,74.0,0.0,18.0,0.0,0.0
1.0,88.0,0.0,11.0,0.0,0.0
1.0,99.0,0.0,0.0,0.0,0.0
6.0,0.0,5.0,89.0,0.0,0.0
1.0,99.0,0.0,0.0,0.0,0.0
1.0,99.0,0.0,0.0,0.0,0.0
6.0,64.0,0.0,30.0,0.0,0.0
1.0,99.0,0.0,0.0,0.0,0.0
2.0,77.0,0.0,21.0,0.0,0.0
1.0,99.0,0.0,0.0,0.0,0.0
1.0,99.0,0.0,0.0,0.0,0.0
8.0,92.0,0.0,0.0,0.0,0.0
6.0,94.0,0.0,0.0,0.0,0.0
9.0,91.0,0.0,0.0,0.0,0.0
1.0,75.0,0.0,24.0,0.0,0.0
2.0,67.0,0.0,31.0,0.0,0.0
1.0,99.0,0.0,0.0,0.0,0.0
1.0,99.0,0.0,0.0,0.0,0.0
1.0,64.0,0.0,35.0,0.0,0.0
1.0,99.0,0.0,0.0,0.0,0.0
1.0,92.0,0.0,7.0,0.0,0.0
3.0,97.0,0.0,0.0,0.0,0.0
1.0,60.0,0.0,39.0,0.0,0.0
1.0,92.0,0.0,7.0,0.0,0.0
2.0,98.0,0.0,0.0,0.0,0.0
3.0,58.0,0.0,39.0,0.0,0.0
3.0,85.0,1.0,11.0,0.0,0.0
1.0,98.0,1.0,0.0,0.0,0.0
1.0,99.0,0.0,0.0,0.0,0.0
1.0,61.0,0.0,38.0,0.0,0.0
1.0,99.0,0.0,0.0,0.0,0.0
5.0,75.0,0.0,20.0,0.0,0.0
12.0,88.0,0.0,0.0,0.0,0.0
6.0,94.0,0.0,0.0,0.0,0.0
2.0,98.0,0.0,0.0,0.0,0.0
2.0,76.0,0.0,22.0,0.0,0.0
1.0,99.0,0.0,0.0,0.0,0.0
2.0,98.0,0.0,0.0,0.0,0.0
7.0,73.0,0.0,20.0,0.0,0.0
2.0,57.0,0.0,41.0,0.0,0.0
4.0,96.0,0.0,0.0,0.0,0.0
3.0,97.0,0.0,0.0,0.0,0.0
1.0,99.0,0.0,0.0,0.0,0.0
3.0,93.0,0.0,4.0,0.0,0.0
1.0,99.0,0.0,0.0,0.0,0.0
2.0,98.0,0.0,0.0,0.0,0.0
1.0,41.0,0.0,58.0,0.0,0.0
1.0,0.0,10.0,1.0,0.0,0.0
1.0,83.0,0.0,16.0,0.0,0.0
2.0,98.0,0.0,0.0,0.0,0.0
4.0,96.0,0.0,0.0,0.0,0.0
9.0,67.0,0.0,24.0,0.0,0.0
4.0,92.0,0.0,4.0,0.0,0.0
1.0,66.0,0.0,33.0,0.0,0.0
2.0,98.0,0.0,0.0,0.0,0.0
6.0,74.0,0.0,20.0,0.0,0.0
3.0,73.0,0.0,24.0,0.0,0.0
1.0,77.0,0.0,22.0,0.0,0.0
4.0,96.0,0.0,0.0,0.0,0.0
1.0,29.0,0.0,70.0,0.0,0.0
1.0,99.0,0.0,0.0,0.0,0.0
1.0,99.0,0.0,0.0,0.0,0.0
8.0,0.0,0.0,92.0,0.0,0.0
3.0,80.0,0.0,17.0,0.0,0.0
1.0,35.0,1.0,63.0,0.0,0.0
3.0,97.0,0.0,0.0,0.0,0.0
2.0,0.0,0.0,98.0,0.0,0.0
2.0,91.0,0.0,7.0,0.0,0.0
3.0,84.0,0.0,13.0,0.0,0.0
1.0,99.0,0.0,0.0,0.0,0.0
1.0,99.0,0.0,0.0,0.0,0.0
1.0,91.0,0.0,8.0,0.0,0.0
1.0,83.0,0.0,16.0,0.0,0.0
1.0,98.0,0.0,1.0,0.0,0.0
5.0,71.0,0.0,24.0,0.0,0.0
2.0,59.0,0.0,39.0,0.0,0.0
1.0,85.0,0.0,14.0,0.0,0.0
4.0,0.0,0.0,96.0,0.0,0.0
1.0,99.0,0.0,0.0,0.0,0.0
1.0,99.0,0.0,0.0,0.0,0.0
2.0,98.0,0.0,0.0,0.0,0.0
1.0,84.0,0.0,15.0,0.0,0.0
2.0,97.0,1.0,0.0,0.0,0.0
5.0,53.0,0.0,42.0,0.0,0.0
1.0,99.0,0.0,0.0,0.0,0.0
2.0,98.0,0.0,0.0,0.0,0.0
9.0,62.0,0.0,29.0,0.0,0.0
8.0,78.0,0.0,14.0,0.0,0.0
2.0,98.0,0.0,0.0,0.0,0.0
6.0,66.0,0.0,28.0,0.0,0.0
5.0,95.0,0.0,0.0,0.0,0.0
2.0,81.0,0.0,17.0,0.0,0.0
3.0,71.0,0.0,26.0,0.0,0.0
1.0,95.0,0.0,4.0,0.0,0.0
1.0,98.0,1.0,0.0,0.0,0.0
1.0,99.0,0.0,0.0,0.0,0.0
1.0,99.0,0.0,0.0,0.0,0.0
2.0,98.0,0.0,0.0,0.0,0.0
9.0,91.0,0.0,0.0,0.0,0.0
3.0,36.0,0.0,61.0,0.0,0.0
3.0,90.0,0.0,7.0,0.0,0.0
2.0,81.0,0.0,17.0,0.0,0.0
1.0,89.0,0.0,10.0,0.0,0.0
7.0,86.0,0.0,7.0,0.0,0.0
1.0,93.0,0.0,6.0,0.0,0.0
1.0,98.0,1.0,0.0,0.0,0.0
1.0,67.0,0.0,32.0,0.0,0.0
1.0,99.0,0.0,0.0,0.0,0.0
2.0,79.0,0.0,19.0,0.0,0.0
1.0,84.0,0.0,15.0,0.0,0.0
1.0,99.0,0.0,0.0,0.0,0.0
1.0,56.0,0.0,43.0,0.0,0.0
1.0,99.0,0.0,0.0,0.0,0.0
5.0,95.0,0.0,0.0,0.0,0.0
1.0,87.0,0.0,12.0,0.0,0.0
1.0,33.0,0.0,66.0,0.0,0.0
3.0,26.0,0.0,71.0,0.0,0.0
2.0,98.0,0.0,0.0,0.0,0.0
2.0,65.0,0.0,33.0,0.0,0.0
6.0,92.0,0.0,2.0,0.0,0.0
2.0,95.0,0.0,3.0,0.0,0.0
1.0,71.0,0.0,28.0,0.0,0.0
1.0,99.0,0.0,0.0,0.0,0.0
1.0,77.0,0.0,22.0,0.0,0.0
1.0,98.0,0.0,1.0,0.0,0.0
2.0,98.0,0.0,0.0,0.0,0.0
2.0,98.0,0.0,0.0,0.0,0.0
1.0,69.0,0.0,30.0,0.0,0.0
1.0,61.0,0.0,38.0,0.0,0.0
7.0,93.0,0.0,0.0,0.0,0.0
4.0,96.0,0.0,0.0,0.0,0.0
3.0,97.0,0.0,0.0,0.0,0.0
3.0,97.0,0.0,0.0,0.0,0.0
7.0,0.0,0.0,93.0,0.0,0.0
4.0,96.0,0.0,0.0,0.0,0.0
5.0,95.0,0.0,0.0,0.0,0.0
1.0,55.0,0.0,44.0,0.0,0.0
1.0,13.0,0.0,86.0,0.0,0.0
5.0,95.0,0.0,0.0,0.0,0.0
1.0,33.0,0.0,66.0,0.0,0.0
4.0,96.0,0.0,0.0,0.0,0.0
8.0,92.0,0.0,0.0,0.0,0.0
1.0,99.0,0.0,0.0,0.0,0.0
9.0,91.0,0.0,0.0,0.0,0.0
1.0,69.0,0.0,30.0,0.0,0.0
2.0,74.0,0.0,24.0,0.0,0.0
3.0,4.0,0.0,93.0,0.0,0.0
1.0,94.0,0.0,5.0,0.0,0.0
2.0,98.0,0.0,0.0,0.0,0.0
1.0,99.0,0.0,0.0,0.0,0.0
1.0,99.0,0.0,0.0,0.0,0.0
1.0,99.0,0.0,0.0,0.0,0.0
2.0,92.0,0.0,6.0,0.0,0.0
1.0,91.0,0.0,8.0,0.0,0.0
2.0,98.0,0.0,0.0,0.0,0.0
1.0,98.0,0.0,1.0,0.0,0.0
5.0,95.0,0.0,0.0,0.0,0.0
2.0,98.0,0.0,0.0,0.0,0.0
2.0,98.0,0.0,0.0,0.0,0.0
1.0,99.0,0.0,0.0,0.0,0.0
1.0,99.0,0.0,0.0,0.0,0.0
1.0,85.0,0.0,14.0,0.0,0.0
1.0,89.0,0.0,10.0,0.0,0.0
1.0,99.0,0.0,0.0,0.0,0.0
1.0,41.0,0.0,58.0,0.0,0.0
14.0,86.0,0.0,0.0,0.0,0.0
1.0,99.0,0.0,0.0,0.0,0.0
1.0,99.0,0.0,0.0,0.0,0.0
1.0,49.0,0.0,50.0,0.0,0.0
2.0,98.0,0.0,0.0,0.0,0.0
1.0,65.0,0.0,34.0,0.0,0.0
4.0,96.0,0.0,0.0,0.0,0.0
10.0,90.0,0.0,0.0,0.0,0.0
1.0,93.0,1.0,5.0,0.0,0.0
1.0,99.0,0.0,0.0,0.0,0.0
2.0,98.0,0.0,0.0,0.0,0.0
4.0,96.0,0.0,0.0,0.0,0.0
2.0,91.0,0.0,7.0,0.0,0.0
1.0,99.0,0.0,0.0,0.0,0.0
2.0,89.0,0.0,9.0,0.0,0.0
1.0,99.0,0.0,0.0,0.0,0.0
1.0,99.0,0.0,0.0,0.0,0.0
1.0,98.0,1.0,0.0,0.0,0.0
1.0,72.0,0.0,27.0,0.0,0.0
1.0,37.0,0.0,25.0,37.0,0.0
4.0,0.0,0.0,96.0,0.0,0.0
2.0,98.0,0.0,0.0,0.0,0.0
1.0,99.0,0.0,0.0,0.0,0.0
1.0,99.0,0.0,0.0,0.0,0.0
1.0,99.0,0.0,0.0,0.0,0.0
3.0,97.0,0.0,0.0,0.0,0.0
1.0,99.0,0.0,0.0,0.0,0.0
8.0,87.0,0.0,5.0,0.0,0.0
1.0,99.0,0.0,0.0,0.0,0.0
1.0,99.0,0.0,0.0,0.0,0.0
1.0,99.0,0.0,0.0,0.0,0.0
1.0,99.0,0.0,0.0,0.0,0.0
1.0,85.0,0.0,14.0,0.0,0.0
5.0,77.0,0.0,18.0,0.0,0.0
3.0,57.0,0.0,40.0,0.0,0.0
2.0,98.0,0.0,0.0,0.0,0.0
2.0,98.0,0.0,0.0,0.0,0.0
1.0,58.0,0.0,41.0,0.0,0.0
1.0,52.0,0.0,47.0,0.0,0.0
1.0,97.0,0.0,2.0,0.0,0.0
1.0,99.0,0.0,0.0,0.0,0.0
1.0,99.0,0.0,0.0,0.0,0.0
7.0,87.0,0.0,6.0,0.0,0.0
1.0,84.0,0.0,15.0,0.0,0.0
1.0,99.0,0.0,0.0,0.0,0.0
6.0,94.0,0.0,0.0,0.0,0.0
1.0,99.0,0.0,0.0,0.0,0.0
1.0,99.0,0.0,0.0,0.0,0.0
6.0,53.0,0.0,41.0,0.0,0.0
1.0,99.0,0.0,0.0,0.0,0.0
1.0,91.0,0.0,8.0,0.0,0.0
1.0,99.0,0.0,0.0,0.0,0.0
2.0,94.0,0.0,4.0,0.0,0.0
1.0,32.0,0.0,67.0,0.0,0.0
2.0,98.0,0.0,0.0,0.0,0.0
1.0,99.0,0.0,0.0,0.0,0.0
1.0,99.0,0.0,0.0,0.0,0.0
2.0,98.0,0.0,0.0,0.0,0.0
10.0,90.0,0.0,0.0,0.0,0.0
7.0,93.0,0.0,0.0,0.0,0.0
3.0,64.0,0.0,33.0,0.0,0.0
2.0,84.0,0.0,14.0,0.0,0.0
3.0,97.0,0.0,0.0,0.0,0.0
1.0,99.0,0.0,0.0,0.0,0.0
5.0,78.0,0.0,17.0,0.0,0.0
4.0,91.0,0.0,5.0,0.0,0.0
1.0,0.0,0.0,0.0,0.0,0.0
1.0,99.0,0.0,0.0,0.0,0.0
2.0,2.0,0.0,96.0,0.0,0.0
1.0,69.0,0.0,30.0,0.0,0.0
15.0,85.0,0.0,0.0,0.0,0.0
1.0,19.0,1.0,79.0,0.0,0.0
3.0,97.0,0.0,0.0,0.0,0.0
1.0,83.0,0.0,16.0,0.0,0.0
2.0,96.0,0.0,2.0,0.0,0.0
3.0,71.0,0.0,26.0,0.0,0.0
3.0,97.0,0.0,0.0,0.0,0.0
1.0,89.0,0.0,10.0,0.0,0.0
2.0,58.0,0.0,40.0,0.0,0.0
1.0,99.0,0.0,0.0,0.0,0.0
1.0,99.0,0.0,0.0,0.0,0.0
9.0,91.0,0.0,0.0,0.0,0.0
2.0,78.0,0.0,20.0,0.0,0.0
5.0,80.0,0.0,15.0,0.0,0.0
6.0,91.0,0.0,3.0,0.0,0.0
3.0,97.0,0.0,0.0,0.0,0.0
1.0,7.0,0.0,92.0,0.0,0.0
1.0,98.0,0.0,1.0,0.0,0.0
2.0,98.0,0.0,0.0,0.0,0.0
2.0,98.0,0.0,0.0,0.0,0.0
1.0,99.0,0.0,0.0,0.0,0.0
6.0,85.0,0.0,9.0,0.0,0.0
1.0,99.0,0.0,0.0,0.0,0.0
4.0,31.0,0.0,65.0,0.0,0.0
1.0,90.0,0.0,9.0,0.0,0.0
10.0,90.0,0.0,0.0,0.0,0.0
4.0,34.0,0.0,62.0,0.0,0.0
2.0,46.0,0.0,52.0,0.0,0.0
2.0,61.0,1.0,36.0,0.0,0.0
1.0,99.0,0.0,0.0,0.0,0.0
2.0,98.0,0.0,0.0,0.0,0.0
2.0,98.0,0.0,0.0,0.0,0.0
1.0,99.0,0.0,0.0,0.0,0.0
1.0,99.0,0.0,0.0,0.0,0.0
1.0,99.0,0.0,0.0,0.0,0.0
1.0,99.0,0.0,0.0,0.0,0.0
1.0,99.0,0.0,0.0,0.0,0.0
2.0,0.0,65.0,33.0,0.0,0.0
2.0,0.0,0.0,98.0,0.0,0.0
1.0,99.0,0.0,0.0,0.0,0.0
6.0,0.0,0.0,94.0,0.0,0.0
5.0,86.0,1.0,8.0,0.0,0.0
1.0,99.0,0.0,0.0,0.0,0.0
2.0,0.0,0.0,98.0,0.0,0.0
12.0,88.0,0.0,0.0,0.0,0.0
1.0,20.0,0.0,57.0,22.0,0.0
1.0,99.0,0.0,0.0,0.0,0.0
1.0,69.0,0.0,30.0,0.0,0.0
2.0,60.0,0.0,38.0,0.0,0.0
3.0,97.0,0.0,0.0,0.0,0.0
1.0,0.0,0.0,0.0,0.0,0.0
2.0,69.0,0.0,29.0,0.0,0.0
3.0,66.0,0.0,31.0,0.0,0.0
6.0,87.0,0.0,7.0,0.0,0.0
5.0,95.0,0.0,0.0,0.0,0.0
4.0,57.0,0.0,39.0,0.0,0.0
2.0,4.0,28.0,66.0,0.0,0.0
2.0,60.0,0.0,38.0,0.0,0.0
1.0,72.0,0.0,27.0,0.0,0.0
5.0,95.0,0.0,0.0,0.0,0.0
2.0,98.0,0.0,0.0,0.0,0.0
1.0,99.0,0.0,0.0,0.0,0.0
12.0,88.0,0.0,0.0,0.0,0.0
4.0,39.0,0.0,57.0,0.0,0.0
1.0,67.0,0.0,32.0,0.0,0.0
5.0,95.0,0.0,0.0,0.0,0.0
7.0,82.0,0.0,11.0,0.0,0.0
3.0,80.0,0.0,17.0,0.0,0.0
2.0,56.0,0.0,42.0,0.0,0.0
1.0,99.0,0.0,0.0,0.0,0.0
3.0,97.0,0.0,0.0,0.0,0.0
1.0,68.0,0.0,31.0,0.0,0.0
1.0,0.0,48.0,35.0,0.0,0.0
1.0,65.0,0.0,34.0,0.0,0.0
4.0,29.0,0.0,67.0,0.0,0.0
5.0,0.0,0.0,95.0,0.0,0.0
2.0,98.0,0.0,0.0,0.0,0.0
1.0,0.0,0.0,99.0,0.0,0.0
1.0,0.0,0.0,99.0,0.0,0.0
6.0,94.0,0.0,0.0,0.0,0.0
2.0,80.0,0.0,18.0,0.0,0.0
1.0,88.0,1.0,10.0,0.0,0.0
4.0,18.0,0.0,78.0,0.0,0.0
7.0,93.0,0.0,0.0,0.0,0.0
6.0,67.0,0.0,27.0,0.0,0.0
1.0,99.0,0.0,0.0,0.0,0.0
8.0,46.0,0.0,46.0,0.0,0.0
2.0,0.0,42.0,45.0,0.0,0.0
1.0,94.0,0.0,5.0,0.0,0.0
3.0,97.0,0.0,0.0,0.0,0.0
1.0,57.0,0.0,42.0,0.0,0.0
1.0,21.0,0.0,78.0,0.0,0.0
2.0,98.0,0.0,0.0,0.0,0.0
1.0,99.0,0.0,0.0,0.0,0.0
1.0,99.0,0.0,0.0,0.0,0.0
1.0,98.0,1.0,0.0,0.0,0.0
1.0,96.0,0.0,3.0,0.0,0.0
7.0,93.0,0.0,0.0,0.0,0.0
1.0,0.0,0.0,99.0,0.0,0.0
1.0,99.0,0.0,0.0,0.0,0.0
3.0,78.0,0.0,19.0,0.0,0.0
1.0,90.0,0.0,9.0,0.0,0.0
2.0,92.0,0.0,6.0,0.0,0.0
3.0,97.0,0.0,0.0,0.0,0.0
3.0,97.0,0.0,0.0,0.0,0.0
3.0,83.0,0.0,14.0,0.0,0.0
5.0,28.0,0.0,67.0,0.0,0.0
1.0,99.0,0.0,0.0,0.0,0.0
1.0,99.0,0.0,0.0,0.0,0.0
1.0,96.0,0.0,3.0,0.0,0.0
1.0,97.0,0.0,2.0,0.0,0.0
1.0,99.0,0.0,0.0,0.0,0.0
1.0,99.0,0.0,0.0,0.0,0.0
1.0,14.0,0.0,85.0,0.0,0.0
1.0,99.0,0.0,0.0,0.0,0.0
1.0,52.0,0.0,47.0,0.0,0.0
4.0,96.0,0.0,0.0,0.0,0.0
1.0,21.0,0.0,78.0,0.0,0.0
1.0,99.0,0.0,0.0,0.0,0.0
2.0,25.0,0.0,73.0,0.0,0.0
3.0,97.0,0.0,0.0,0.0,0.0
1.0,99.0,0.0,0.0,0.0,0.0
1.0,89.0,1.0,9.0,0.0,0.0
3.0,76.0,0.0,21.0,0.0,0.0
1.0,99.0,0.0,0.0,0.0,0.0
2.0,98.0,0.0,0.0,0.0,0.0
5.0,95.0,0.0,0.0,0.0,0.0
3.0,97.0,0.0,0.0,0.0,0.0
4.0,96.0,0.0,0.0,0.0,0.0
2.0,98.0,0.0,0.0,0.0,0.0
3.0,26.0,0.0,71.0,0.0,0.0
5.0,75.0,0.0,20.0,0.0,0.0
1.0,99.0,0.0,0.0,0.0,0.0
4.0,0.0,0.0,96.0,0.0,0.0
1.0,99.0,0.0,0.0,0.0,0.0
2.0,79.0,0.0,19.0,0.0,0.0
1.0,57.0,0.0,42.0,0.0,0.0
2.0,98.0,0.0,0.0,0.0,0.0
3.0,70.0,0.0,27.0,0.0,0.0
4.0,70.0,0.0,26.0,0.0,0.0
2.0,71.0,0.0,27.0,0.0,0.0
4.0,96.0,0.0,0.0,0.0,0.0
5.0,64.0,0.0,31.0,0.0,0.0
3.0,97.0,0.0,0.0,0.0,0.0
3.0,75.0,0.0,22.0,0.0,0.0
1.0,6.0,0.0,93.0,0.0,0.0
6.0,0.0,0.0,94.0,0.0,0.0
15.0,71.0,0.0,14.0,0.0,0.0
25.0,0.0,0.0,75.0,0.0,0.0
1.0,82.0,0.0,17.0,0.0,0.0
1.0,99.0,0.0,0.0,0.0,0.0
3.0,74.0,0.0,23.0,0.0,0.0
1.0,99.0,0.0,0.0,0.0,0.0
10.0,90.0,0.0,0.0,0.0,0.0
4.0,95.0,0.0,1.0,0.0,0.0
1.0,99.0,0.0,0.0,0.0,0.0
1.0,99.0,0.0,0.0,0.0,0.0
1.0,99.0,0.0,0.0,0.0,0.0
3.0,0.0,36.0,39.0,0.0,0.0
1.0,64.0,0.0,35.0,0.0,0.0
3.0,94.0,0.0,3.0,0.0,0.0
4.0,78.0,0.0,18.0,0.0,0.0
1.0,99.0,0.0,0.0,0.0,0.0
4.0,96.0,0.0,0.0,0.0,0.0
1.0,0.0,0.0,99.0,0.0,0.0
1.0,54.0,0.0,45.0,0.0,0.0
1.0,66.0,0.0,33.0,0.0,0.0
3.0,62.0,0.0,35.0,0.0,0.0
1.0,80.0,0.0,19.0,0.0,0.0
2.0,98.0,0.0,0.0,0.0,0.0
1.0,0.0,0.0,99.0,0.0,0.0
1.0,99.0,0.0,0.0,0.0,0.0
1.0,49.0,1.0,49.0,0.0,0.0
4.0,0.0,0.0,96.0,0.0,0.0
5.0,95.0,0.0,0.0,0.0,0.0
1.0,99.0,0.0,0.0,0.0,0.0
1.0,72.0,0.0,27.0,0.0,0.0
1.0,96.0,1.0,2.0,0.0,0.0
1.0,31.0,0.0,68.0,0.0,0.0
2.0,98.0,0.0,0.0,0.0,0.0
3.0,97.0,0.0,0.0,0.0,0.0
1.0,89.0,0.0,10.0,0.0,0.0
1.0,98.0,0.0,1.0,0.0,0.0
1.0,79.0,0.0,20.0,0.0,0.0
5.0,54.0,0.0,41.0,0.0,0.0
4.0,96.0,0.0,0.0,0.0,0.0
6.0,94.0,0.0,0.0,0.0,0.0
1.0,98.0,1.0,0.0,0.0,0.0
2.0,58.0,0.0,40.0,0.0,0.0
1.0,99.0,0.0,0.0,0.0,0.0
1.0,41.0,0.0,58.0,0.0,0.0
1.0,84.0,0.0,15.0,0.0,0.0
1.0,99.0,0.0,0.0,0.0,0.0
1.0,0.0,0.0,99.0,0.0,0.0
2.0,98.0,0.0,0.0,0.0,0.0
5.0,95.0,0.0,0.0,0.0,0.0
1.0,0.0,0.0,99.0,0.0,0.0
10.0,90.0,0.0,0.0,0.0,0.0
1.0,95.0,0.0,4.0,0.0,0.0
1.0,98.0,0.0,1.0,0.0,0.0
2.0,98.0,0.0,0.0,0.0,0.0
1.0,49.0,0.0,50.0,0.0,0.0
6.0,0.0,29.0,38.0,0.0,0.0
1.0,98.0,1.0,0.0,0.0,0.0
2.0,98.0,0.0,0.0,0.0,0.0
1.0,15.0,0.0,84.0,0.0,0.0
2.0,98.0,0.0,0.0,0.0,0.0
1.0,99.0,0.0,0.0,0.0,0.0
1.0,99.0,0.0,0.0,0.0,0.0
1.0,0.0,41.0,4.0,0.0,0.0
1.0,99.0,0.0,0.0,0.0,0.0
3.0,97.0,0.0,0.0,0.0,0.0
2.0,0.0,0.0,98.0,0.0,0.0
1.0,99.0,0.0,0.0,0.0,0.0
2.0,66.0,0.0,32.0,0.0,0.0
1.0,99.0,0.0,0.0,0.0,0.0
4.0,89.0,0.0,7.0,0.0,0.0
1.0,0.0,0.0,99.0,0.0,0.0
1.0,51.0,1.0,47.0,0.0,0.0
1.0,53.0,0.0,46.0,0.0,0.0
4.0,96.0,0.0,0.0,0.0,0.0
1.0,99.0,0.0,0.0,0.0,0.0
1.0,0.0,0.0,99.0,0.0,0.0
1.0,99.0,0.0,0.0,0.0,0.0
1.0,52.0,0.0,47.0,0.0,0.0
6.0,35.0,0.0,59.0,0.0,0.0
1.0,73.0,0.0,26.0,0.0,0.0
2.0,98.0,0.0,0.0,0.0,0.0
1.0,54.0,0.0,45.0,0.0,0.0
2.0,62.0,0.0,36.0,0.0,0.0
1.0,99.0,0.0,0.0,0.0,0.0
5.0,95.0,0.0,0.0,0.0,0.0
2.0,41.0,0.0,57.0,0.0,0.0
2.0,77.0,0.0,21.0,0.0,0.0
2.0,98.0,0.0,0.0,0.0,0.0
1.0,77.0,0.0,22.0,0.0,0.0
2.0,56.0,0.0,42.0,0.0,0.0
1.0,76.0,0.0,23.0,0.0,0.0
2.0,98.0,0.0,0.0,0.0,0.0
1.0,98.0,1.0,0.0,0.0,0.0
2.0,98.0,0.0,0.0,0.0,0.0
3.0,84.0,0.0,13.0,0.0,0.0
1.0,31.0,0.0,68.0,0.0,0.0
1.0,99.0,0.0,0.0,0.0,0.0
3.0,43.0,0.0,54.0,0.0,0.0
1.0,0.0,0.0,99.0,0.0,0.0
6.0,73.0,0.0,21.0,0.0,0.0
1.0,0.0,0.0,99.0,0.0,0.0
2.0,98.0,0.0,0.0,0.0,0.0
2.0,31.0,0.0,67.0,0.0,0.0
2.0,98.0,0.0,0.0,0.0,0.0
1.0,13.0,0.0,86.0,0.0,0.0
7.0,52.0,0.0,41.0,0.0,0.0
4.0,95.0,0.0,1.0,0.0,0.0
4.0,64.0,0.0,32.0,0.0,0.0
5.0,83.0,0.0,12.0,0.0,0.0
1.0,72.0,0.0,27.0,0.0,0.0
3.0,97.0,0.0,0.0,0.0,0.0
4.0,96.0,0.0,0.0,0.0,0.0
5.0,0.0,0.0,95.0,0.0,0.0
2.0,98.0,0.0,0.0,0.0,0.0
1.0,99.0,0.0,0.0,0.0,0.0
5.0,95.0,0.0,0.0,0.0,0.0
4.0,96.0,0.0,0.0,0.0,0.0
1.0,99.0,0.0,0.0,0.0,0.0
1.0,96.0,0.0,3.0,0.0,0.0
1.0,54.0,0.0,45.0,0.0,0.0
1.0,98.0,1.0,0.0,0.0,0.0
1.0,90.0,0.0,9.0,0.0,0.0
4.0,0.0,0.0,96.0,0.0,0.0
1.0,99.0,0.0,0.0,0.0,0.0
1.0,0.0,0.0,99.0,0.0,0.0
16.0,0.0,3.0,81.0,0.0,0.0
1.0,42.0,0.0,57.0,0.0,0.0
1.0,0.0,1.0,98.0,0.0,0.0
3.0,63.0,0.0,34.0,0.0,0.0
5.0,0.0,0.0,95.0,0.0,0.0
8.0,75.0,0.0,17.0,0.0,0.0
1.0,43.0,0.0,56.0,0.0,0.0
2.0,87.0,0.0,11.0,0.0,0.0
1.0,52.0,1.0,46.0,0.0,0.0
1.0,99.0,0.0,0.0,0.0,0.0
1.0,99.0,0.0,0.0,0.0,0.0
2.0,0.0,0.0,98.0,0.0,0.0
1.0,70.0,0.0,29.0,0.0,0.0
1.0,0.0,31.0,68.0,0.0,0.0
1.0,99.0,0.0,0.0,0.0,0.0
4.0,20.0,0.0,76.0,0.0,0.0
2.0,98.0,0.0,0.0,0.0,0.0
1.0,99.0,0.0,0.0,0.0,0.0
1.0,99.0,0.0,0.0,0.0,0.0
1.0,97.0,0.0,2.0,0.0,0.0
5.0,9.0,0.0,36.0,50.0,0.0
5.0,95.0,0.0,0.0,0.0,0.0
1.0,57.0,0.0,22.0,20.0,0.0
8.0,20.0,0.0,72.0,0.0,0.0
1.0,40.0,0.0,4.0,55.0,0.0
1.0,0.0,0.0,99.0,0.0,0.0
1.0,99.0,0.0,0.0,0.0,0.0
1.0,99.0,0.0,0.0,0.0,0.0
1.0,99.0,0.0,0.0,0.0,0.0
10.0,90.0,0.0,0.0,0.0,0.0
2.0,98.0,0.0,0.0,0.0,0.0
5.0,0.0,0.0,95.0,0.0,0.0
4.0,34.0,0.0,62.0,0.0,0.0
1.0,99.0,0.0,0.0,0.0,0.0
1.0,99.0,0.0,0.0,0.0,0.0
1.0,58.0,0.0,41.0,0.0,0.0
1.0,69.0,0.0,30.0,0.0,0.0
1.0,63.0,0.0,36.0,0.0,0.0
4.0,0.0,0.0,96.0,0.0,0.0
7.0,0.0,0.0,93.0,0.0,0.0
1.0,99.0,0.0,0.0,0.0,0.0
1.0,0.0,0.0,99.0,0.0,0.0
1.0,64.0,0.0,35.0,0.0,0.0
1.0,99.0,0.0,0.0,0.0,0.0
1.0,0.0,0.0,99.0,0.0,0.0
1.0,99.0,0.0,0.0,0.0,0.0
1.0,99.0,0.0,0.0,0.0,0.0
2.0,66.0,0.0,32.0,0.0,0.0
1.0,99.0,0.0,0.0,0.0,0.0
4.0,0.0,0.0,96.0,0.0,0.0
5.0,95.0,0.0,0.0,0.0,0.0
3.0,97.0,0.0,0.0,0.0,0.0
1.0,99.0,0.0,0.0,0.0,0.0
1.0,99.0,0.0,0.0,0.0,0.0
3.0,97.0,0.0,0.0,0.0,0.0
2.0,0.0,0.0,98.0,0.0,0.0
1.0,99.0,0.0,0.0,0.0,0.0
3.0,97.0,0.0,0.0,0.0,0.0
1.0,99.0,0.0,0.0,0.0,0.0
6.0,94.0,0.0,0.0,0.0,0.0
1.0,28.0,0.0,71.0,0.0,0.0
1.0,1.0,0.0,98.0,0.0,0.0
5.0,95.0,0.0,0.0,0.0,0.0
2.0,75.0,0.0,23.0,0.0,0.0
1.0,89.0,0.0,10.0,0.0,0.0
1.0,99.0,0.0,0.0,0.0,0.0
3.0,97.0,0.0,0.0,0.0,0.0
1.0,98.0,0.0,1.0,0.0,0.0
1.0,99.0,0.0,0.0,0.0,0.0
2.0,0.0,0.0,98.0,0.0,0.0
7.0,0.0,0.0,93.0,0.0,0.0
2.0,45.0,0.0,53.0,0.0,0.0
8.0,0.0,0.0,92.0,0.0,0.0
1.0,2.0,0.0,97.0,0.0,0.0
1.0,0.0,0.0,99.0,0.0,0.0
1.0,0.0,0.0,99.0,0.0,0.0
1.0,98.0,0.0,1.0,0.0,0.0
1.0,0.0,0.0,99.0,0.0,0.0
2.0,98.0,0.0,0.0,0.0,0.0
1.0,25.0,0.0,7.0,67.0,0.0
2.0,98.0,0.0,0.0,0.0,0.0
1.0,0.0,0.0,99.0,0.0,0.0
1.0,50.0,0.0,49.0,0.0,0.0
1.0,55.0,0.0,44.0,0.0,0.0
1.0,79.0,0.0,20.0,0.0,0.0
1.0,99.0,0.0,0.0,0.0,0.0
1.0,99.0,0.0,0.0,0.0,0.0
1.0,45.0,0.0,54.0,0.0,0.0
1.0,99.0,0.0,0.0,0.0,0.0
1.0,28.0,0.0,71.0,0.0,0.0
6.0,75.0,0.0,19.0,0.0,0.0
1.0,99.0,0.0,0.0,0.0,0.0
3.0,93.0,0.0,4.0,0.0,0.0
6.0,60.0,0.0,34.0,0.0,0.0
2.0,16.0,0.0,82.0,0.0,0.0
1.0,99.0,0.0,0.0,0.0,0.0
1.0,99.0,0.0,0.0,0.0,0.0
1.0,97.0,0.0,2.0,0.0,0.0
2.0,0.0,0.0,98.0,0.0,0.0
1.0,99.0,0.0,0.0,0.0,0.0
1.0,72.0,0.0,27.0,0.0,0.0
3.0,97.0,0.0,0.0,0.0,0.0
1.0,0.0,0.0,99.0,0.0,0.0
5.0,0.0,0.0,95.0,0.0,0.0
2.0,98.0,0.0,0.0,0.0,0.0
2.0,72.0,0.0,26.0,0.0,0.0
2.0,98.0,0.0,0.0,0.0,0.0
3.0,0.0,0.0,97.0,0.0,0.0
1.0,73.0,0.0,26.0,0.0,0.0
1.0,60.0,0.0,39.0,0.0,0.0
1.0,99.0,0.0,0.0,0.0,0.0
3.0,0.0,0.0,97.0,0.0,0.0
2.0,98.0,0.0,0.0,0.0,0.0
1.0,30.0,0.0,69.0,0.0,0.0
1.0,90.0,0.0,9.0,0.0,0.0
1.0,65.0,0.0,34.0,0.0,0.0
2.0,98.0,0.0,0.0,0.0,0.0
1.0,99.0,0.0,0.0,0.0,0.0
1.0,0.0,0.0,99.0,0.0,0.0
1.0,18.0,0.0,81.0,0.0,0.0
1.0,90.0,0.0,9.0,0.0,0.0
1.0,32.0,0.0,67.0,0.0,0.0
1.0,99.0,0.0,0.0,0.0,0.0
3.0,0.0,0.0,97.0,0.0,0.0
2.0,98.0,0.0,0.0,0.0,0.0
7.0,0.0,0.0,93.0,0.0,0.0
1.0,61.0,0.0,38.0,0.0,0.0
9.0,0.0,0.0,91.0,0.0,0.0
2.0,27.0,0.0,71.0,0.0,0.0
1.0,12.0,0.0,87.0,0.0,0.0
1.0,99.0,0.0,0.0,0.0,0.0
1.0,0.0,0.0,99.0,0.0,0.0
1.0,99.0,0.0,0.0,0.0,0.0
1.0,98.0,1.0,0.0,0.0,0.0
2.0,11.0,0.0,87.0,0.0,0.0
1.0,99.0,0.0,0.0,0.0,0.0
1.0,99.0,0.0,0.0,0.0,0.0
1.0,99.0,0.0,0.0,0.0,0.0
2.0,6.0,0.0,92.0,0.0,0.0
1.0,16.0,0.0,83.0,0.0,0.0
1.0,0.0,0.0,99.0,0.0,0.0
2.0,49.0,0.0,49.0,0.0,0.0
3.0,0.0,0.0,97.0,0.0,0.0
1.0,0.0,0.0,99.0,0.0,0.0
3.0,97.0,0.0,0.0,0.0,0.0
4.0,96.0,0.0,0.0,0.0,0.0
1.0,99.0,0.0,0.0,0.0,0.0
1.0,99.0,0.0,0.0,0.0,0.0
1.0,0.0,0.0,99.0,0.0,0.0
1.0,99.0,0.0,0.0,0.0,0.0
3.0,55.0,0.0,42.0,0.0,0.0
1.0,96.0,0.0,3.0,0.0,0.0
1.0,99.0,0.0,0.0,0.0,0.0
1.0,35.0,0.0,64.0,0.0,0.0
1.0,0.0,0.0,99.0,0.0,0.0
1.0,14.0,0.0,63.0,22.0,0.0
1.0,48.0,0.0,51.0,0.0,0.0
1.0,0.0,21.0,78.0,0.0,0.0
2.0,98.0,0.0,0.0,0.0,0.0
1.0,28.0,0.0,71.0,0.0,0.0
1.0,56.0,0.0,43.0,0.0,0.0
1.0,99.0,0.0,0.0,0.0,0.0
1.0,59.0,0.0,40.0,0.0,0.0
1.0,0.0,0.0,99.0,0.0,0.0
1.0,0.0,0.0,99.0,0.0,0.0
4.0,0.0,0.0,96.0,0.0,0.0
3.0,92.0,0.0,5.0,0.0,0.0
1.0,0.0,0.0,99.0,0.0,0.0
2.0,78.0,0.0,20.0,0.0,0.0
1.0,51.0,0.0,48.0,0.0,0.0
2.0,68.0,0.0,30.0,0.0,0.0
3.0,0.0,0.0,97.0,0.0,0.0
2.0,71.0,0.0,27.0,0.0,0.0
1.0,82.0,1.0,16.0,0.0,0.0
1.0,99.0,0.0,0.0,0.0,0.0
1.0,99.0,0.0,0.0,0.0,0.0
1.0,50.0,0.0,49.0,0.0,0.0
2.0,0.0,0.0,98.0,0.0,0.0
4.0,24.0,0.0,72.0,0.0,0.0
2.0,56.0,0.0,42.0,0.0,0.0
1.0,99.0,0.0,0.0,0.0,0.0
1.0,0.0,0.0,99.0,0.0,0.0
5.0,82.0,0.0,13.0,0.0,0.0
3.0,61.0,0.0,36.0,0.0,0.0
8.0,72.0,0.0,20.0,0.0,0.0
1.0,0.0,0.0,99.0,0.0,0.0
1.0,31.0,0.0,68.0,0.0,0.0
1.0,99.0,0.0,0.0,0.0,0.0
1.0,75.0,0.0,24.0,0.0,0.0
3.0,97.0,0.0,0.0,0.0,0.0
1.0,0.0,1.0,3.0,0.0,27.0
4.0,96.0,0.0,0.0,0.0,0.0
1.0,0.0,0.0,99.0,0.0,0.0
1.0,0.0,1.0,98.0,0.0,0.0
2.0,0.0,0.0,98.0,0.0,0.0
2.0,98.0,0.0,0.0,0.0,0.0
2.0,39.0,0.0,59.0,0.0,0.0
3.0,97.0,0.0,0.0,0.0,0.0
1.0,99.0,0.0,0.0,0.0,0.0
3.0,63.0,0.0,34.0,0.0,0.0
2.0,0.0,0.0,98.0,0.0,0.0
1.0,99.0,0.0,0.0,0.0,0.0
1.0,99.0,0.0,0.0,0.0,0.0
2.0,97.0,0.0,1.0,0.0,0.0
6.0,0.0,0.0,94.0,0.0,0.0
1.0,55.0,0.0,44.0,0.0,0.0
2.0,58.0,0.0,40.0,0.0,0.0
1.0,44.0,0.0,55.0,0.0,0.0
1.0,0.0,0.0,99.0,0.0,0.0
1.0,99.0,0.0,0.0,0.0,0.0
2.0,76.0,0.0,22.0,0.0,0.0
1.0,98.0,1.0,0.0,0.0,0.0
1.0,53.0,0.0,46.0,0.0,0.0
1.0,93.0,1.0,5.0,0.0,0.0
1.0,99.0,0.0,0.0,0.0,0.0
1.0,98.0,1.0,0.0,0.0,0.0
1.0,0.0,47.0,39.0,0.0,0.0
1.0,99.0,0.0,0.0,0.0,0.0
1.0,99.0,0.0,0.0,0.0,0.0
1.0,0.0,0.0,99.0,0.0,0.0
1.0,98.0,0.0,1.0,0.0,0.0
1.0,98.0,1.0,0.0,0.0,0.0
1.0,0.0,1.0,98.0,0.0,0.0
1.0,0.0,0.0,99.0,0.0,0.0
1.0,94.0,0.0,5.0,0.0,0.0
1.0,93.0,0.0,6.0,0.0,0.0
2.0,0.0,0.0,98.0,0.0,0.0
1.0,99.0,0.0,0.0,0.0,0.0
2.0,3.0,0.0,36.0,59.0,0.0
2.0,98.0,0.0,0.0,0.0,0.0
2.0,59.0,0.0,39.0,0.0,0.0
1.0,97.0,0.0,2.0,0.0,0.0
1.0,97.0,0.0,2.0,0.0,0.0
2.0,98.0,0.0,0.0,0.0,0.0
1.0,99.0,0.0,0.0,0.0,0.0
3.0,97.0,0.0,0.0,0.0,0.0
1.0,0.0,0.0,99.0,0.0,0.0
2.0,0.0,0.0,98.0,0.0,0.0
3.0,0.0,0.0,97.0,0.0,0.0
2.0,97.0,1.0,0.0,0.0,0.0
1.0,98.0,0.0,1.0,0.0,0.0
1.0,0.0,0.0,99.0,0.0,0.0
1.0,0.0,0.0,99.0,0.0,0.0
2.0,3.0,0.0,17.0,78.0,0.0
3.0,97.0,0.0,0.0,0.0,0.0
3.0,93.0,0.0,4.0,0.0,0.0
1.0,0.0,47.0,18.0,0.0,0.0
1.0,98.0,1.0,0.0,0.0,0.0
1.0,0.0,0.0,0.0,0.0,0.0
1.0,0.0,0.0,99.0,0.0,0.0
2.0,0.0,13.0,1.0,0.0,0.0
2.0,97.0,0.0,1.0,0.0,0.0
1.0,31.0,0.0,68.0,0.0,0.0
1.0,86.0,0.0,13.0,0.0,0.0
2.0,98.0,0.0,0.0,0.0,0.0
1.0,38.0,0.0,61.0,0.0,0.0
1.0,6.0,0.0,36.0,57.0,0.0
1.0,98.0,0.0,1.0,0.0,0.0
1.0,99.0,0.0,0.0,0.0,0.0
1.0,0.0,0.0,99.0,0.0,0.0
2.0,50.0,0.0,48.0,0.0,0.0
1.0,99.0,0.0,0.0,0.0,0.0
1.0,0.0,0.0,99.0,0.0,0.0
1.0,99.0,0.0,0.0,0.0,0.0
6.0,0.0,0.0,94.0,0.0,0.0
2.0,0.0,0.0,98.0,0.0,0.0
1.0,0.0,1.0,98.0,0.0,0.0
1.0,0.0,0.0,99.0,0.0,0.0
3.0,0.0,0.0,97.0,0.0,0.0
3.0,77.0,1.0,19.0,0.0,0.0
1.0,93.0,0.0,6.0,0.0,0.0
1.0,85.0,0.0,14.0,0.0,0.0
4.0,77.0,0.0,19.0,0.0,0.0
1.0,0.0,0.0,99.0,0.0,0.0
1.0,49.0,0.0,50.0,0.0,0.0
1.0,99.0,0.0,0.0,0.0,0.0
1.0,0.0,0.0,99.0,0.0,0.0
1.0,69.0,0.0,30.0,0.0,0.0
2.0,0.0,0.0,98.0,0.0,0.0
1.0,0.0,0.0,99.0,0.0,0.0
1.0,0.0,0.0,99.0,0.0,0.0
1.0,56.0,0.0,43.0,0.0,0.0
1.0,99.0,0.0,0.0,0.0,0.0
1.0,17.0,0.0,82.0,0.0,0.0
2.0,88.0,0.0,10.0,0.0,0.0
1.0,1.0,0.0,98.0,0.0,0.0
1.0,0.0,1.0,98.0,0.0,0.0
1.0,99.0,0.0,0.0,0.0,0.0
1.0,99.0,0.0,0.0,0.0,0.0
3.0,0.0,0.0,97.0,0.0,0.0
3.0,59.0,0.0,38.0,0.0,0.0
4.0,47.0,0.0,49.0,0.0,0.0
1.0,8.0,0.0,91.0,0.0,0.0
1.0,3.0,0.0,96.0,0.0,0.0
1.0,16.0,0.0,83.0,0.0,0.0
2.0,98.0,0.0,0.0,0.0,0.0
3.0,0.0,0.0,97.0,0.0,0.0
1.0,74.0,0.0,25.0,0.0,0.0
4.0,91.0,0.0,5.0,0.0,0.0
2.0,0.0,0.0,98.0,0.0,0.0
2.0,98.0,0.0,0.0,0.0,0.0
1.0,24.0,0.0,75.0,0.0,0.0
1.0,0.0,0.0,99.0,0.0,0.0
2.0,45.0,0.0,53.0,0.0,0.0
1.0,9.0,0.0,90.0,0.0,0.0
2.0,42.0,0.0,56.0,0.0,0.0
3.0,60.0,0.0,37.0,0.0,0.0
1.0,54.0,0.0,45.0,0.0,0.0
7.0,0.0,0.0,93.0,0.0,0.0
2.0,97.0,1.0,0.0,0.0,0.0
1.0,99.0,0.0,0.0,0.0,0.0
2.0,0.0,0.0,98.0,0.0,0.0
8.0,87.0,0.0,5.0,0.0,0.0
2.0,0.0,0.0,98.0,0.0,0.0
1.0,0.0,6.0,1.0,0.0,0.0
1.0,0.0,0.0,99.0,0.0,0.0
1.0,15.0,0.0,84.0,0.0,0.0
1.0,0.0,1.0,98.0,0.0,0.0
3.0,56.0,0.0,41.0,0.0,0.0
1.0,0.0,0.0,99.0,0.0,0.0
1.0,99.0,0.0,0.0,0.0,0.0
3.0,54.0,0.0,43.0,0.0,0.0
1.0,0.0,0.0,99.0,0.0,0.0
1.0,0.0,0.0,99.0,0.0,0.0
1.0,21.0,0.0,78.0,0.0,0.0
1.0,0.0,0.0,99.0,0.0,0.0
1.0,0.0,0.0,99.0,0.0,0.0
1.0,37.0,0.0,62.0,0.0,0.0
1.0,99.0,0.0,0.0,0.0,0.0
1.0,1.0,0.0,98.0,0.0,0.0
1.0,0.0,0.0,99.0,0.0,0.0
1.0,0.0,0.0,99.0,0.0,0.0
5.0,0.0,0.0,95.0,0.0,0.0
2.0,0.0,0.0,98.0,0.0,0.0
1.0,48.0,0.0,51.0,0.0,0.0
1.0,29.0,0.0,70.0,0.0,0.0
1.0,51.0,0.0,48.0,0.0,0.0
1.0,1.0,0.0,1.0,97.0,0.0
1.0,0.0,0.0,99.0,0.0,0.0
1.0,56.0,0.0,20.0,23.0,0.0
3.0,74.0,0.0,23.0,0.0,0.0
1.0,0.0,1.0,98.0,0.0,0.0
1.0,0.0,0.0,99.0,0.0,0.0
1.0,0.0,0.0,99.0,0.0,0.0
1.0,0.0,0.0,99.0,0.0,0.0
1.0,75.0,0.0,24.0,0.0,0.0
1.0,87.0,1.0,11.0,0.0,0.0
1.0,82.0,0.0,17.0,0.0,0.0
2.0,14.0,0.0,50.0,34.0,0.0
2.0,78.0,0.0,20.0,0.0,0.0
2.0,0.0,0.0,98.0,0.0,0.0
1.0,56.0,0.0,43.0,0.0,0.0
1.0,0.0,0.0,99.0,0.0,0.0
1.0,0.0,0.0,99.0,0.0,0.0
1.0,7.0,0.0,75.0,17.0,0.0
2.0,0.0,0.0,98.0,0.0,0.0
1.0,98.0,0.0,1.0,0.0,0.0
1.0,51.0,0.0,46.0,2.0,0.0
1.0,14.0,0.0,85.0,0.0,0.0
1.0,21.0,0.0,78.0,0.0,0.0
2.0,97.0,1.0,0.0,0.0,0.0
1.0,13.0,0.0,86.0,0.0,0.0
1.0,81.0,1.0,17.0,0.0,0.0
1.0,0.0,0.0,99.0,0.0,0.0
1.0,22.0,0.0,46.0,31.0,0.0
1.0,0.0,0.0,99.0,0.0,0.0
1.0,73.0,0.0,26.0,0.0,0.0
1.0,31.0,0.0,68.0,0.0,0.0
1.0,92.0,0.0,7.0,0.0,0.0
1.0,0.0,0.0,0.0,0.0,0.0
2.0,0.0,1.0,97.0,0.0,0.0
1.0,16.0,0.0,57.0,26.0,0.0
5.0,0.0,9.0,32.0,0.0,0.0
1.0,0.0,0.0,99.0,0.0,0.0
1.0,0.0,0.0,99.0,0.0,0.0
1.0,0.0,0.0,99.0,0.0,0.0
1.0,88.0,0.0,11.0,0.0,0.0
1.0,0.0,0.0,99.0,0.0,0.0
1.0,0.0,0.0,99.0,0.0,0.0
1.0,0.0,0.0,99.0,0.0,0.0
1.0,0.0,0.0,99.0,0.0,0.0
5.0,43.0,0.0,52.0,0.0,0.0
1.0,25.0,0.0,74.0,0.0,0.0
2.0,2.0,0.0,96.0,0.0,0.0
1.0,0.0,0.0,99.0,0.0,0.0
2.0,0.0,1.0,97.0,0.0,0.0
1.0,19.0,0.0,80.0,0.0,0.0
1.0,98.0,0.0,1.0,0.0,0.0
1.0,98.0,0.0,1.0,0.0,0.0
1.0,13.0,22.0,9.0,0.0,0.0
1.0,98.0,1.0,0.0,0.0,0.0
1.0,5.0,0.0,94.0,0.0,0.0
1.0,0.0,0.0,99.0,0.0,0.0
2.0,0.0,0.0,98.0,0.0,0.0
1.0,0.0,0.0,99.0,0.0,0.0
2.0,0.0,0.0,98.0,0.0,0.0
2.0,95.0,0.0,3.0,0.0,0.0
1.0,0.0,0.0,99.0,0.0,0.0
1.0,1.0,0.0,6.0,92.0,0.0
1.0,9.0,1.0,89.0,0.0,0.0
2.0,12.0,0.0,86.0,0.0,0.0
1.0,47.0,0.0,38.0,14.0,0.0
2.0,0.0,0.0,98.0,0.0,0.0
1.0,0.0,0.0,99.0,0.0,0.0
1.0,0.0,0.0,99.0,0.0,0.0
2.0,63.0,0.0,35.0,0.0,0.0
1.0,57.0,0.0,26.0,16.0,0.0
1.0,0.0,0.0,99.0,0.0,0.0
1.0,0.0,0.0,99.0,0.0,0.0
1.0,0.0,0.0,99.0,0.0,0.0
1.0,0.0,0.0,99.0,0.0,0.0
1.0,60.0,0.0,39.0,0.0,0.0
2.0,0.0,0.0,98.0,0.0,0.0
4.0,0.0,0.0,96.0,0.0,0.0
2.0,0.0,0.0,98.0,0.0,0.0
2.0,16.0,0.0,82.0,0.0,0.0
4.0,0.0,0.0,96.0,0.0,0.0
2.0,0.0,0.0,98.0,0.0,0.0
1.0,0.0,1.0,98.0,0.0,0.0
4.0,86.0,0.0,10.0,0.0,0.0
2.0,41.0,0.0,57.0,0.0,0.0
1.0,0.0,0.0,99.0,0.0,0.0
2.0,79.0,0.0,19.0,0.0,0.0
1.0,0.0,0.0,99.0,0.0,0.0
1.0,45.0,0.0,54.0,0.0,0.0
1.0,38.0,4.0,57.0,0.0,0.0
1.0,86.0,0.0,13.0,0.0,0.0
1.0,4.0,0.0,95.0,0.0,0.0
1.0,76.0,0.0,23.0,0.0,0.0
1.0,0.0,0.0,99.0,0.0,0.0
1.0,37.0,0.0,62.0,0.0,0.0
1.0,18.0,9.0,0.0,0.0,0.0
1.0,0.0,0.0,99.0,0.0,0.0
1.0,98.0,0.0,1.0,0.0,0.0
1.0,6.0,0.0,93.0,0.0,0.0
1.0,0.0,0.0,99.0,0.0,0.0
1.0,0.0,0.0,99.0,0.0,0.0
1.0,50.0,0.0,49.0,0.0,0.0
1.0,90.0,0.0,9.0,0.0,0.0
1.0,22.0,0.0,70.0,7.0,0.0
1.0,77.0,0.0,22.0,0.0,0.0
1.0,0.0,0.0,99.0,0.0,0.0
1.0,0.0,0.0,99.0,0.0,0.0
1.0,92.0,0.0,7.0,0.0,0.0
1.0,78.0,0.0,21.0,0.0,0.0
1.0,0.0,0.0,99.0,0.0,0.0
1.0,62.0,0.0,37.0,0.0,0.0
1.0,0.0,0.0,99.0,0.0,0.0
1.0,14.0,0.0,85.0,0.0,0.0
1.0,39.0,0.0,60.0,0.0,0.0
1.0,35.0,0.0,41.0,23.0,0.0
1.0,34.0,0.0,65.0,0.0,0.0
1.0,0.0,0.0,99.0,0.0,0.0
2.0,0.0,1.0,18.0,0.0,0.0
1.0,72.0,0.0,27.0,0.0,0.0
1.0,14.0,8.0,0.0,0.0,0.0
1.0,51.0,0.0,48.0,0.0,0.0
2.0,11.0,0.0,87.0,0.0,0.0
4.0,0.0,0.0,96.0,0.0,0.0
1.0,0.0,0.0,99.0,0.0,0.0
1.0,10.0,0.0,89.0,0.0,0.0
2.0,78.0,0.0,20.0,0.0,0.0
1.0,85.0,0.0,14.0,0.0,0.0
1.0,0.0,0.0,99.0,0.0,0.0
1.0,98.0,1.0,0.0,0.0,0.0
1.0,0.0,0.0,99.0,0.0,0.0
1.0,28.0,0.0,71.0,0.0,0.0
1.0,0.0,1.0,98.0,0.0,0.0
1.0,0.0,1.0,98.0,0.0,0.0
1.0,12.0,0.0,87.0,0.0,0.0
2.0,28.0,0.0,34.0,36.0,0.0
4.0,76.0,0.0,20.0,0.0,0.0
1.0,56.0,0.0,43.0,0.0,0.0
1.0,0.0,0.0,99.0,0.0,0.0
1.0,0.0,0.0,99.0,0.0,0.0
1.0,13.0,0.0,86.0,0.0,0.0
1.0,41.0,0.0,58.0,0.0,0.0
1.0,0.0,1.0,8.0,0.0,0.0
2.0,0.0,1.0,97.0,0.0,0.0
2.0,0.0,0.0,98.0,0.0,0.0
1.0,0.0,0.0,99.0,0.0,0.0
3.0,0.0,0.0,97.0,0.0,0.0
1.0,0.0,0.0,99.0,0.0,0.0
1.0,97.0,0.0,2.0,0.0,0.0
1.0,60.0,0.0,39.0,0.0,0.0
1.0,45.0,0.0,54.0,0.0,0.0
2.0,0.0,0.0,98.0,0.0,0.0
1.0,0.0,1.0,98.0,0.0,0.0
2.0,0.0,0.0,98.0,0.0,0.0
1.0,47.0,0.0,52.0,0.0,0.0
1.0,95.0,0.0,4.0,0.0,0.0
1.0,10.0,0.0,89.0,0.0,0.0
2.0,0.0,0.0,98.0,0.0,0.0
1.0,65.0,0.0,34.0,0.0,0.0
1.0,10.0,0.0,89.0,0.0,0.0
2.0,10.0,0.0,88.0,0.0,0.0
1.0,19.0,0.0,80.0,0.0,0.0
5.0,0.0,0.0,95.0,0.0,0.0
3.0,71.0,0.0,26.0,0.0,0.0
1.0,0.0,0.0,99.0,0.0,0.0
1.0,98.0,1.0,0.0,0.0,0.0
2.0,0.0,0.0,98.0,0.0,0.0
1.0,46.0,0.0,53.0,0.0,0.0
1.0,16.0,0.0,83.0,0.0,0.0
1.0,46.0,0.0,53.0,0.0,0.0
1.0,34.0,0.0,65.0,0.0,0.0
3.0,86.0,0.0,11.0,0.0,0.0
1.0,2.0,0.0,97.0,0.0,0.0
2.0,96.0,0.0,2.0,0.0,0.0
1.0,56.0,0.0,43.0,0.0,0.0
2.0,23.0,0.0,75.0,0.0,0.0
2.0,31.0,0.0,40.0,27.0,0.0
1.0,46.0,0.0,53.0,0.0,0.0
1.0,0.0,0.0,99.0,0.0,0.0
1.0,0.0,0.0,99.0,0.0,0.0
1.0,0.0,0.0,99.0,0.0,0.0
1.0,99.0,0.0,0.0,0.0,0.0
2.0,52.0,0.0,46.0,0.0,0.0
1.0,88.0,0.0,11.0,0.0,0.0
8.0,0.0,0.0,92.0,0.0,0.0
1.0,85.0,0.0,14.0,0.0,0.0
1.0,25.0,0.0,74.0,0.0,0.0
1.0,98.0,1.0,0.0,0.0,0.0
1.0,0.0,0.0,99.0,0.0,0.0
2.0,25.0,0.0,73.0,0.0,0.0
3.0,67.0,0.0,30.0,0.0,0.0
2.0,49.0,0.0,49.0,0.0,0.0
1.0,15.0,0.0,54.0,30.0,0.0
2.0,0.0,0.0,98.0,0.0,0.0
1.0,0.0,0.0,99.0,0.0,0.0
1.0,0.0,0.0,99.0,0.0,0.0
1.0,38.0,0.0,61.0,0.0,0.0
1.0,0.0,0.0,99.0,0.0,0.0
2.0,24.0,0.0,74.0,0.0,0.0
1.0,0.0,0.0,99.0,0.0,0.0
1.0,0.0,0.0,99.0,0.0,0.0
1.0,14.0,0.0,16.0,69.0,0.0
1.0,0.0,0.0,99.0,0.0,0.0
1.0,89.0,0.0,10.0,0.0,0.0
3.0,50.0,0.0,47.0,0.0,0.0
3.0,34.0,0.0,63.0,0.0,0.0
1.0,98.0,1.0,0.0,0.0,0.0
1.0,77.0,0.0,22.0,0.0,0.0
1.0,19.0,0.0,42.0,38.0,0.0
3.0,30.0,0.0,67.0,0.0,0.0
2.0,53.0,0.0,45.0,0.0,0.0
1.0,41.0,1.0,57.0,0.0,0.0
1.0,0.0,0.0,99.0,0.0,0.0
1.0,84.0,0.0,15.0,0.0,0.0
1.0,0.0,0.0,99.0,0.0,0.0
2.0,15.0,0.0,83.0,0.0,0.0
1.0,0.0,0.0,99.0,0.0,0.0
1.0,10.0,0.0,89.0,0.0,0.0
2.0,0.0,18.0,10.0,0.0,0.0
1.0,19.0,0.0,80.0,0.0,0.0
1.0,13.0,0.0,86.0,0.0,0.0
1.0,0.0,0.0,99.0,0.0,0.0
1.0,26.0,0.0,73.0,0.0,0.0
1.0,0.0,0.0,99.0,0.0,0.0
3.0,81.0,0.0,16.0,0.0,0.0
1.0,27.0,0.0,46.0,26.0,0.0
1.0,9.0,0.0,82.0,8.0,0.0
4.0,34.0,0.0,62.0,0.0,0.0
1.0,47.0,0.0,52.0,0.0,0.0
1.0,48.0,1.0,50.0,0.0,0.0
1.0,79.0,0.0,20.0,0.0,0.0
2.0,0.0,0.0,98.0,0.0,0.0
1.0,0.0,0.0,0.0,0.0,0.0
1.0,88.0,0.0,11.0,0.0,0.0
1.0,35.0,0.0,64.0,0.0,0.0
1.0,26.0,0.0,12.0,61.0,0.0
1.0,52.0,0.0,47.0,0.0,0.0
1.0,53.0,0.0,46.0,0.0,0.0
1.0,0.0,0.0,99.0,0.0,0.0
2.0,0.0,0.0,98.0,0.0,0.0
2.0,20.0,0.0,56.0,22.0,0.0
1.0,99.0,0.0,0.0,0.0,0.0
1.0,0.0,0.0,99.0,0.0,0.0
1.0,3.0,0.0,96.0,0.0,0.0
2.0,0.0,0.0,98.0,0.0,0.0
2.0,0.0,0.0,98.0,0.0,0.0
1.0,0.0,0.0,99.0,0.0,0.0
1.0,70.0,0.0,29.0,0.0,0.0
3.0,13.0,0.0,84.0,0.0,0.0
1.0,0.0,0.0,99.0,0.0,0.0
1.0,0.0,0.0,99.0,0.0,0.0
1.0,14.0,0.0,69.0,16.0,0.0
1.0,81.0,0.0,18.0,0.0,0.0
1.0,0.0,0.0,99.0,0.0,0.0
1.0,34.0,0.0,65.0,0.0,0.0
1.0,46.0,0.0,53.0,0.0,0.0
2.0,72.0,26.0,0.0,0.0,0.0
2.0,29.0,0.0,69.0,0.0,0.0
1.0,65.0,31.0,0.0,0.0,0.0
1.0,98.0,1.0,0.0,0.0,0.0
2.0,0.0,0.0,98.0,0.0,0.0
1.0,0.0,0.0,99.0,0.0,0.0
1.0,1.0,0.0,5.0,93.0,0.0
1.0,0.0,0.0,99.0,0.0,0.0
1.0,0.0,0.0,99.0,0.0,0.0
2.0,0.0,0.0,98.0,0.0,0.0
3.0,0.0,0.0,97.0,0.0,0.0
1.0,11.0,0.0,88.0,0.0,0.0
1.0,48.0,0.0,51.0,0.0,0.0
1.0,93.0,0.0,6.0,0.0,0.0
1.0,0.0,0.0,99.0,0.0,0.0
1.0,98.0,1.0,0.0,0.0,0.0
1.0,0.0,0.0,99.0,0.0,0.0
1.0,0.0,0.0,99.0,0.0,0.0
4.0,0.0,0.0,96.0,0.0,0.0
4.0,54.0,0.0,42.0,0.0,0.0
3.0,0.0,0.0,97.0,0.0,0.0
1.0,36.0,0.0,63.0,0.0,0.0
1.0,29.0,0.0,70.0,0.0,0.0
2.0,0.0,0.0,98.0,0.0,0.0
1.0,97.0,0.0,2.0,0.0,0.0
1.0,37.0,0.0,62.0,0.0,0.0
4.0,0.0,0.0,96.0,0.0,0.0
1.0,0.0,0.0,99.0,0.0,0.0
2.0,8.0,0.0,90.0,0.0,0.0
1.0,19.0,0.0,26.0,54.0,0.0
1.0,98.0,1.0,0.0,0.0,0.0
1.0,0.0,0.0,99.0,0.0,0.0
1.0,0.0,0.0,99.0,0.0,0.0
2.0,0.0,0.0,98.0,0.0,0.0
1.0,2.0,0.0,97.0,0.0,0.0
2.0,81.0,0.0,17.0,0.0,0.0
1.0,56.0,0.0,43.0,0.0,0.0
2.0,77.0,0.0,21.0,0.0,0.0
1.0,23.0,1.0,75.0,0.0,0.0
2.0,74.0,0.0,24.0,0.0,0.0
3.0,0.0,0.0,97.0,0.0,0.0
1.0,39.0,0.0,60.0,0.0,0.0
1.0,0.0,1.0,98.0,0.0,0.0
1.0,0.0,0.0,99.0,0.0,0.0
2.0,97.0,1.0,0.0,0.0,0.0
2.0,0.0,0.0,98.0,0.0,0.0
1.0,39.0,0.0,60.0,0.0,0.0
2.0,19.0,0.0,79.0,0.0,0.0
1.0,78.0,0.0,21.0,0.0,0.0
1.0,0.0,0.0,99.0,0.0,0.0
1.0,97.0,0.0,2.0,0.0,0.0
1.0,0.0,0.0,99.0,0.0,0.0
1.0,0.0,0.0,99.0,0.0,0.0
1.0,66.0,0.0,33.0,0.0,0.0
1.0,0.0,0.0,99.0,0.0,0.0
1.0,0.0,0.0,99.0,0.0,0.0
1.0,0.0,0.0,99.0,0.0,0.0
1.0,31.0,0.0,68.0,0.0,0.0
2.0,12.0,0.0,86.0,0.0,0.0
1.0,2.0,0.0,97.0,0.0,0.0
3.0,0.0,0.0,97.0,0.0,0.0
1.0,0.0,0.0,99.0,0.0,0.0
4.0,0.0,0.0,96.0,0.0,0.0
2.0,0.0,0.0,98.0,0.0,0.0
1.0,60.0,0.0,39.0,0.0,0.0
2.0,20.0,0.0,78.0,0.0,0.0
1.0,0.0,0.0,99.0,0.0,0.0
2.0,6.0,0.0,20.0,72.0,0.0
2.0,0.0,0.0,98.0,0.0,0.0
1.0,96.0,0.0,3.0,0.0,0.0
1.0,47.0,0.0,52.0,0.0,0.0
1.0,47.0,0.0,52.0,0.0,0.0
2.0,0.0,0.0,98.0,0.0,0.0
1.0,0.0,0.0,99.0,0.0,0.0
1.0,0.0,0.0,99.0,0.0,0.0
1.0,0.0,0.0,99.0,0.0,0.0
2.0,26.0,0.0,72.0,0.0,0.0
1.0,0.0,1.0,98.0,0.0,0.0
1.0,12.0,0.0,87.0,0.0,0.0
1.0,1.0,0.0,98.0,0.0,0.0
3.0,0.0,0.0,97.0,0.0,0.0
1.0,0.0,0.0,99.0,0.0,0.0
1.0,0.0,0.0,0.0,0.0,0.0
1.0,0.0,0.0,0.0,0.0,0.0
2.0,0.0,0.0,98.0,0.0,0.0
1.0,0.0,0.0,99.0,0.0,0.0
1.0,0.0,0.0,99.0,0.0,0.0
1.0,0.0,0.0,99.0,0.0,0.0
1.0,15.0,0.0,84.0,0.0,0.0
1.0,54.0,0.0,1.0,44.0,0.0
3.0,32.0,0.0,65.0,0.0,0.0
1.0,2.0,0.0,59.0,38.0,0.0
1.0,0.0,0.0,0.0,0.0,0.0
1.0,0.0,0.0,99.0,0.0,0.0
1.0,39.0,0.0,60.0,0.0,0.0
1.0,0.0,1.0,98.0,0.0,0.0
1.0,0.0,0.0,99.0,0.0,0.0
2.0,25.0,0.0,73.0,0.0,0.0
1.0,0.0,0.0,99.0,0.0,0.0
1.0,0.0,0.0,99.0,0.0,0.0
2.0,92.0,0.0,6.0,0.0,0.0
1.0,52.0,0.0,47.0,0.0,0.0
1.0,30.0,0.0,69.0,0.0,0.0
1.0,0.0,0.0,99.0,0.0,0.0
3.0,0.0,0.0,97.0,0.0,0.0
1.0,0.0,0.0,99.0,0.0,0.0
2.0,0.0,0.0,98.0,0.0,0.0
1.0,0.0,0.0,99.0,0.0,0.0
1.0,71.0,0.0,28.0,0.0,0.0
1.0,0.0,0.0,99.0,0.0,0.0
1.0,0.0,0.0,99.0,0.0,0.0
2.0,93.0,0.0,5.0,0.0,0.0
1.0,60.0,0.0,39.0,0.0,0.0
1.0,0.0,0.0,99.0,0.0,0.0
2.0,97.0,1.0,0.0,0.0,0.0
1.0,0.0,0.0,99.0,0.0,0.0
1.0,0.0,0.0,99.0,0.0,0.0
1.0,98.0,1.0,0.0,0.0,0.0
4.0,0.0,0.0,96.0,0.0,0.0
1.0,84.0,0.0,15.0,0.0,0.0
2.0,0.0,0.0,98.0,0.0,0.0
1.0,46.0,1.0,52.0,0.0,0.0
1.0,0.0,0.0,99.0,0.0,0.0
2.0,0.0,0.0,98.0,0.0,0.0
2.0,0.0,0.0,98.0,0.0,0.0
1.0,0.0,0.0,99.0,0.0,0.0
2.0,34.0,0.0,64.0,0.0,0.0
1.0,45.0,0.0,54.0,0.0,0.0
1.0,69.0,1.0,29.0,0.0,0.0
1.0,0.0,0.0,99.0,0.0,0.0
2.0,0.0,0.0,98.0,0.0,0.0
1.0,0.0,0.0,99.0,0.0,0.0
2.0,0.0,0.0,98.0,0.0,0.0
1.0,0.0,3.0,51.0,0.0,0.0
1.0,0.0,1.0,98.0,0.0,0.0
1.0,76.0,0.0,22.0,1.0,0.0
1.0,4.0,0.0,95.0,0.0,0.0
1.0,0.0,0.0,99.0,0.0,0.0
1.0,20.0,0.0,79.0,0.0,0.0
1.0,77.0,0.0,22.0,0.0,0.0
1.0,0.0,0.0,99.0,0.0,0.0
1.0,14.0,0.0,85.0,0.0,0.0
3.0,0.0,12.0,10.0,0.0,0.0
2.0,0.0,0.0,98.0,0.0,0.0
2.0,64.0,0.0,34.0,0.0,0.0
2.0,0.0,0.0,98.0,0.0,0.0
2.0,82.0,0.0,16.0,0.0,0.0
1.0,0.0,0.0,99.0,0.0,0.0
1.0,31.0,0.0,68.0,0.0,0.0
1.0,28.0,0.0,71.0,0.0,0.0
1.0,9.0,0.0,90.0,0.0,0.0
1.0,11.0,0.0,88.0,0.0,0.0
3.0,72.0,0.0,25.0,0.0,0.0
1.0,0.0,0.0,99.0,0.0,0.0
1.0,41.0,0.0,58.0,0.0,0.0
3.0,23.0,0.0,74.0,0.0,0.0
1.0,0.0,0.0,99.0,0.0,0.0
1.0,0.0,0.0,0.0,0.0,0.0
1.0,0.0,0.0,99.0,0.0,0.0
1.0,0.0,0.0,99.0,0.0,0.0
1.0,0.0,0.0,99.0,0.0,0.0
2.0,0.0,0.0,98.0,0.0,0.0
3.0,66.0,0.0,31.0,0.0,0.0
2.0,66.0,0.0,32.0,0.0,0.0
1.0,0.0,0.0,99.0,0.0,0.0
1.0,0.0,0.0,99.0,0.0,0.0
1.0,0.0,0.0,99.0,0.0,0.0
1.0,2.0,0.0,97.0,0.0,0.0
1.0,0.0,0.0,99.0,0.0,0.0
1.0,0.0,0.0,99.0,0.0,0.0
1.0,0.0,0.0,99.0,0.0,0.0
2.0,62.0,0.0,36.0,0.0,0.0
2.0,9.0,0.0,89.0,0.0,0.0
1.0,11.0,0.0,88.0,0.0,0.0
2.0,97.0,1.0,0.0,0.0,0.0
1.0,6.0,0.0,93.0,0.0,0.0
1.0,32.0,0.0,67.0,0.0,0.0
1.0,0.0,0.0,99.0,0.0,0.0
1.0,0.0,0.0,99.0,0.0,0.0
1.0,0.0,0.0,99.0,0.0,0.0
1.0,66.0,0.0,17.0,16.0,0.0
1.0,0.0,0.0,99.0,0.0,0.0
2.0,0.0,0.0,98.0,0.0,0.0
2.0,0.0,0.0,98.0,0.0,0.0
1.0,0.0,0.0,99.0,0.0,0.0
3.0,0.0,0.0,97.0,0.0,0.0
1.0,8.0,0.0,91.0,0.0,0.0
3.0,93.0,0.0,4.0,0.0,0.0
1.0,19.0,0.0,53.0,27.0,0.0
1.0,19.0,0.0,67.0,13.0,0.0
1.0,1.0,0.0,72.0,26.0,0.0
1.0,0.0,0.0,99.0,0.0,0.0
4.0,35.0,0.0,61.0,0.0,0.0
1.0,0.0,0.0,99.0,0.0,0.0
2.0,0.0,0.0,98.0,0.0,0.0
3.0,0.0,6.0,91.0,0.0,0.0
1.0,10.0,0.0,6.0,83.0,0.0
1.0,8.0,0.0,91.0,0.0,0.0
3.0,97.0,0.0,0.0,0.0,0.0
1.0,13.0,0.0,86.0,0.0,0.0
3.0,0.0,0.0,97.0,0.0,0.0
3.0,53.0,0.0,44.0,0.0,0.0
1.0,25.0,0.0,74.0,0.0,0.0
1.0,0.0,0.0,99.0,0.0,0.0
4.0,41.0,0.0,55.0,0.0,0.0
2.0,0.0,1.0,97.0,0.0,0.0
1.0,77.0,0.0,22.0,0.0,0.0
1.0,19.0,0.0,80.0,0.0,0.0
1.0,33.0,0.0,66.0,0.0,0.0
1.0,0.0,0.0,99.0,0.0,0.0
1.0,0.0,0.0,99.0,0.0,0.0
1.0,8.0,0.0,91.0,0.0,0.0
1.0,36.0,0.0,63.0,0.0,0.0
1.0,8.0,0.0,29.0,62.0,0.0
1.0,0.0,0.0,99.0,0.0,0.0
1.0,12.0,0.0,2.0,85.0,0.0
2.0,0.0,0.0,98.0,0.0,0.0
1.0,2.0,0.0,97.0,0.0,0.0
1.0,1.0,0.0,98.0,0.0,0.0
1.0,0.0,1.0,98.0,0.0,0.0
1.0,6.0,1.0,4.0,0.0,0.0
1.0,17.0,29.0,48.0,0.0,0.0
1.0,18.0,0.0,81.0,0.0,0.0
1.0,0.0,0.0,99.0,0.0,0.0
1.0,14.0,0.0,23.0,62.0,0.0
2.0,0.0,0.0,98.0,0.0,0.0
1.0,0.0,0.0,99.0,0.0,0.0
1.0,32.0,0.0,67.0,0.0,0.0
1.0,0.0,0.0,99.0,0.0,0.0
2.0,2.0,0.0,96.0,0.0,0.0
1.0,19.0,7.0,0.0,0.0,0.0
2.0,23.0,0.0,75.0,0.0,0.0
1.0,11.0,0.0,88.0,0.0,0.0
2.0,0.0,18.0,80.0,0.0,0.0
1.0,20.0,0.0,8.0,71.0,0.0
2.0,0.0,0.0,98.0,0.0,0.0
1.0,0.0,1.0,98.0,0.0,0.0
2.0,0.0,0.0,98.0,0.0,0.0
1.0,0.0,0.0,99.0,0.0,0.0
1.0,0.0,0.0,99.0,0.0,0.0
2.0,0.0,0.0,98.0,0.0,0.0
1.0,0.0,0.0,99.0,0.0,0.0
1.0,0.0,0.0,99.0,0.0,0.0
3.0,0.0,0.0,97.0,0.0,0.0
1.0,0.0,0.0,99.0,0.0,0.0
1.0,0.0,0.0,99.0,0.0,0.0
1.0,0.0,0.0,99.0,0.0,0.0
1.0,0.0,0.0,99.0,0.0,0.0
3.0,0.0,0.0,97.0,0.0,0.0
1.0,0.0,0.0,99.0,0.0,0.0
1.0,98.0,1.0,0.0,0.0,0.0
2.0,0.0,0.0,98.0,0.0,0.0
1.0,26.0,0.0,73.0,0.0,0.0
1.0,8.0,0.0,91.0,0.0,0.0
1.0,42.0,0.0,57.0,0.0,0.0
2.0,3.0,0.0,95.0,0.0,0.0
1.0,9.0,0.0,90.0,0.0,0.0
1.0,30.0,0.0,69.0,0.0,0.0
2.0,50.0,0.0,48.0,0.0,0.0
2.0,0.0,0.0,98.0,0.0,0.0
1.0,35.0,0.0,64.0,0.0,0.0
1.0,0.0,1.0,98.0,0.0,0.0
1.0,0.0,0.0,99.0,0.0,0.0
1.0,0.0,0.0,99.0,0.0,0.0
1.0,28.0,0.0,71.0,0.0,0.0
1.0,0.0,0.0,99.0,0.0,0.0
3.0,26.0,0.0,71.0,0.0,0.0
1.0,0.0,0.0,99.0,0.0,0.0
1.0,66.0,0.0,33.0,0.0,0.0
1.0,10.0,0.0,89.0,0.0,0.0
1.0,9.0,0.0,90.0,0.0,0.0
1.0,40.0,0.0,59.0,0.0,0.0
1.0,59.0,0.0,40.0,0.0,0.0
1.0,0.0,0.0,99.0,0.0,0.0
1.0,0.0,0.0,99.0,0.0,0.0
1.0,0.0,1.0,58.0,0.0,40.0
1.0,17.0,0.0,82.0,0.0,0.0
1.0,0.0,0.0,0.0,0.0,0.0
1.0,78.0,0.0,21.0,0.0,0.0
1.0,0.0,0.0,99.0,0.0,0.0
1.0,0.0,0.0,99.0,0.0,0.0
1.0,1.0,0.0,98.0,0.0,0.0
1.0,0.0,0.0,99.0,0.0,0.0
1.0,15.0,2.0,8.0,0.0,0.0
1.0,23.0,0.0,76.0,0.0,0.0
1.0,0.0,0.0,99.0,0.0,0.0
1.0,0.0,0.0,99.0,0.0,0.0
2.0,9.0,0.0,89.0,0.0,0.0
2.0,20.0,0.0,78.0,0.0,0.0
1.0,4.0,0.0,95.0,0.0,0.0
2.0,6.0,0.0,92.0,0.0,0.0
1.0,0.0,0.0,99.0,0.0,0.0
1.0,0.0,0.0,99.0,0.0,0.0
2.0,67.0,0.0,31.0,0.0,0.0
2.0,0.0,0.0,98.0,0.0,0.0
2.0,0.0,0.0,98.0,0.0,0.0
2.0,0.0,83.0,12.0,0.0,0.0
1.0,0.0,0.0,99.0,0.0,0.0
1.0,98.0,1.0,0.0,0.0,0.0
1.0,75.0,0.0,24.0,0.0,0.0
4.0,94.0,0.0,2.0,0.0,0.0
1.0,0.0,0.0,99.0,0.0,0.0
1.0,0.0,0.0,99.0,0.0,0.0
1.0,0.0,0.0,99.0,0.0,0.0
1.0,69.0,0.0,30.0,0.0,0.0
2.0,0.0,0.0,98.0,0.0,0.0
1.0,10.0,0.0,89.0,0.0,0.0
4.0,0.0,0.0,96.0,0.0,0.0
1.0,25.0,0.0,40.0,34.0,0.0
1.0,0.0,0.0,99.0,0.0,0.0
1.0,55.0,0.0,44.0,0.0,0.0
1.0,0.0,0.0,99.0,0.0,0.0
1.0,0.0,1.0,98.0,0.0,0.0
1.0,0.0,0.0,99.0,0.0,0.0
1.0,60.0,0.0,39.0,0.0,0.0
2.0,68.0,0.0,30.0,0.0,0.0
1.0,0.0,0.0,99.0,0.0,0.0
1.0,0.0,0.0,99.0,0.0,0.0
1.0,1.0,0.0,98.0,0.0,0.0
1.0,0.0,0.0,99.0,0.0,0.0
2.0,5.0,0.0,93.0,0.0,0.0
1.0,0.0,0.0,99.0,0.0,0.0
1.0,0.0,0.0,99.0,0.0,0.0
2.0,26.0,0.0,72.0,0.0,0.0
1.0,0.0,0.0,99.0,0.0,0.0
1.0,0.0,0.0,99.0,0.0,0.0
1.0,10.0,0.0,89.0,0.0,0.0
1.0,0.0,0.0,99.0,0.0,0.0
1.0,3.0,0.0,96.0,0.0,0.0
1.0,25.0,0.0,74.0,0.0,0.0
3.0,0.0,0.0,97.0,0.0,0.0
1.0,0.0,0.0,99.0,0.0,0.0
2.0,0.0,0.0,98.0,0.0,0.0
1.0,0.0,1.0,98.0,0.0,0.0
1.0,14.0,0.0,85.0,0.0,0.0
1.0,0.0,0.0,99.0,0.0,0.0
3.0,0.0,0.0,97.0,0.0,0.0
1.0,31.0,0.0,68.0,0.0,0.0
1.0,0.0,0.0,99.0,0.0,0.0
1.0,0.0,0.0,99.0,0.0,0.0
1.0,29.0,0.0,70.0,0.0,0.0
2.0,0.0,0.0,98.0,0.0,0.0
1.0,0.0,0.0,99.0,0.0,0.0
2.0,0.0,0.0,98.0,0.0,0.0
2.0,27.0,0.0,71.0,0.0,0.0
1.0,0.0,0.0,99.0,0.0,0.0
1.0,0.0,0.0,99.0,0.0,0.0
3.0,4.0,1.0,61.0,0.0,0.0
1.0,46.0,1.0,52.0,0.0,0.0
1.0,0.0,0.0,99.0,0.0,0.0
2.0,30.0,0.0,66.0,2.0,0.0
1.0,0.0,0.0,99.0,0.0,0.0
2.0,0.0,0.0,98.0,0.0,0.0
1.0,7.0,0.0,92.0,0.0,0.0
1.0,30.0,0.0,2.0,67.0,0.0
1.0,20.0,0.0,79.0,0.0,0.0
1.0,0.0,1.0,98.0,0.0,0.0
1.0,55.0,0.0,44.0,0.0,0.0
1.0,21.0,0.0,19.0,59.0,0.0
1.0,0.0,40.0,44.0,0.0,0.0
1.0,0.0,0.0,99.0,0.0,0.0
1.0,97.0,0.0,2.0,0.0,0.0
1.0,0.0,0.0,99.0,0.0,0.0
1.0,0.0,0.0,99.0,0.0,0.0
1.0,55.0,0.0,44.0,0.0,0.0
3.0,0.0,0.0,97.0,0.0,0.0
1.0,83.0,0.0,16.0,0.0,0.0
1.0,0.0,0.0,99.0,0.0,0.0
1.0,0.0,1.0,98.0,0.0,0.0
1.0,44.0,0.0,55.0,0.0,0.0
1.0,17.0,0.0,82.0,0.0,0.0
1.0,0.0,0.0,99.0,0.0,0.0
1.0,79.0,0.0,20.0,0.0,0.0
2.0,0.0,1.0,97.0,0.0,0.0
2.0,0.0,0.0,98.0,0.0,0.0
1.0,2.0,0.0,97.0,0.0,0.0
1.0,1.0,0.0,98.0,0.0,0.0
1.0,78.0,0.0,21.0,0.0,0.0
1.0,0.0,0.0,99.0,0.0,0.0
3.0,0.0,0.0,97.0,0.0,0.0
1.0,0.0,0.0,99.0,0.0,0.0
2.0,0.0,0.0,98.0,0.0,0.0
1.0,0.0,3.0,12.0,0.0,0.0
1.0,0.0,2.0,97.0,0.0,0.0
2.0,79.0,0.0,19.0,0.0,0.0
1.0,0.0,1.0,98.0,0.0,0.0
1.0,36.0,0.0,63.0,0.0,0.0
1.0,0.0,0.0,99.0,0.0,0.0
1.0,24.0,0.0,14.0,61.0,0.0
1.0,24.0,0.0,75.0,0.0,0.0
1.0,98.0,1.0,0.0,0.0,0.0
2.0,19.0,0.0,79.0,0.0,0.0
1.0,15.0,1.0,83.0,0.0,0.0
2.0,0.0,0.0,98.0,0.0,0.0
1.0,9.0,0.0,28.0,62.0,0.0
1.0,8.0,0.0,91.0,0.0,0.0
2.0,20.0,0.0,78.0,0.0,0.0
1.0,0.0,0.0,99.0,0.0,0.0
1.0,20.0,0.0,79.0,0.0,0.0
1.0,0.0,0.0,99.0,0.0,0.0
1.0,2.0,14.0,0.0,0.0,0.0
1.0,6.0,0.0,93.0,0.0,0.0
1.0,29.0,0.0,70.0,0.0,0.0
1.0,8.0,0.0,91.0,0.0,0.0
1.0,0.0,0.0,99.0,0.0,0.0
1.0,9.0,3.0,0.0,0.0,0.0
1.0,98.0,1.0,0.0,0.0,0.0
3.0,0.0,0.0,97.0,0.0,0.0
1.0,0.0,0.0,99.0,0.0,0.0
1.0,1.0,0.0,98.0,0.0,0.0
2.0,44.0,0.0,54.0,0.0,0.0
1.0,0.0,0.0,99.0,0.0,0.0
2.0,0.0,0.0,98.0,0.0,0.0
1.0,0.0,0.0,99.0,0.0,0.0
2.0,66.0,0.0,32.0,0.0,0.0
1.0,0.0,0.0,99.0,0.0,0.0
1.0,0.0,0.0,99.0,0.0,0.0
1.0,0.0,0.0,99.0,0.0,0.0
1.0,11.0,0.0,88.0,0.0,0.0
2.0,0.0,0.0,98.0,0.0,0.0
1.0,32.0,0.0,67.0,0.0,0.0
1.0,19.0,0.0,80.0,0.0,0.0
1.0,30.0,0.0,69.0,0.0,0.0
2.0,0.0,0.0,98.0,0.0,0.0
1.0,5.0,0.0,94.0,0.0,0.0
1.0,0.0,0.0,99.0,0.0,0.0
2.0,14.0,0.0,84.0,0.0,0.0
1.0,26.0,0.0,73.0,0.0,0.0
2.0,0.0,0.0,98.0,0.0,0.0
1.0,51.0,0.0,48.0,0.0,0.0
1.0,19.0,0.0,80.0,0.0,0.0
1.0,98.0,1.0,0.0,0.0,0.0
1.0,17.0,0.0,82.0,0.0,0.0
2.0,0.0,0.0,98.0,0.0,0.0
1.0,0.0,0.0,99.0,0.0,0.0
1.0,43.0,0.0,20.0,36.0,0.0
2.0,6.0,0.0,92.0,0.0,0.0
2.0,0.0,1.0,97.0,0.0,0.0
1.0,40.0,0.0,59.0,0.0,0.0
1.0,38.0,0.0,61.0,0.0,0.0
1.0,0.0,0.0,99.0,0.0,0.0
1.0,21.0,0.0,78.0,0.0,0.0
1.0,16.0,0.0,71.0,12.0,0.0
2.0,0.0,0.0,98.0,0.0,0.0
1.0,6.0,0.0,93.0,0.0,0.0
1.0,0.0,0.0,99.0,0.0,0.0
1.0,0.0,0.0,99.0,0.0,0.0
1.0,98.0,1.0,0.0,0.0,0.0
1.0,20.0,0.0,79.0,0.0,0.0
2.0,19.0,0.0,79.0,0.0,0.0
1.0,0.0,0.0,99.0,0.0,0.0
1.0,0.0,0.0,99.0,0.0,0.0
1.0,7.0,0.0,92.0,0.0,0.0
1.0,0.0,0.0,99.0,0.0,0.0
1.0,0.0,0.0,99.0,0.0,0.0
1.0,0.0,0.0,99.0,0.0,0.0
1.0,0.0,0.0,99.0,0.0,0.0
1.0,0.0,0.0,99.0,0.0,0.0
1.0,4.0,0.0,95.0,0.0,0.0
1.0,8.0,0.0,91.0,0.0,0.0
1.0,5.0,0.0,94.0,0.0,0.0
1.0,30.0,0.0,69.0,0.0,0.0
3.0,0.0,0.0,97.0,0.0,0.0
2.0,17.0,0.0,81.0,0.0,0.0
1.0,36.0,0.0,63.0,0.0,0.0
1.0,58.0,0.0,41.0,0.0,0.0
2.0,0.0,0.0,98.0,0.0,0.0
1.0,0.0,1.0,98.0,0.0,0.0
1.0,0.0,1.0,98.0,0.0,0.0
2.0,0.0,0.0,98.0,0.0,0.0
1.0,0.0,0.0,99.0,0.0,0.0
1.0,0.0,0.0,99.0,0.0,0.0
2.0,0.0,0.0,98.0,0.0,0.0
1.0,14.0,0.0,85.0,0.0,0.0
1.0,34.0,0.0,31.0,34.0,0.0
1.0,0.0,0.0,99.0,0.0,0.0
2.0,32.0,2.0,0.0,0.0,0.0
1.0,4.0,0.0,95.0,0.0,0.0
1.0,50.0,0.0,49.0,0.0,0.0
1.0,19.0,0.0,80.0,0.0,0.0
1.0,0.0,0.0,99.0,0.0,0.0
3.0,0.0,0.0,97.0,0.0,0.0
1.0,15.0,0.0,84.0,0.0,0.0
1.0,1.0,0.0,98.0,0.0,0.0
1.0,0.0,0.0,99.0,0.0,0.0
1.0,0.0,0.0,99.0,0.0,0.0
2.0,0.0,0.0,98.0,0.0,0.0
2.0,0.0,0.0,98.0,0.0,0.0
2.0,24.0,0.0,74.0,0.0,0.0
1.0,28.0,0.0,71.0,0.0,0.0
1.0,0.0,0.0,99.0,0.0,0.0
1.0,0.0,1.0,98.0,0.0,0.0
1.0,0.0,0.0,99.0,0.0,0.0
3.0,0.0,0.0,97.0,0.0,0.0
1.0,57.0,0.0,42.0,0.0,0.0
1.0,0.0,0.0,99.0,0.0,0.0
1.0,0.0,0.0,99.0,0.0,0.0
2.0,0.0,0.0,98.0,0.0,0.0
1.0,0.0,0.0,99.0,0.0,0.0
2.0,63.0,0.0,35.0,0.0,0.0
1.0,23.0,0.0,76.0,0.0,0.0
1.0,0.0,7.0,91.0,0.0,0.0
1.0,23.0,0.0,76.0,0.0,0.0
1.0,1.0,0.0,71.0,27.0,0.0
1.0,0.0,0.0,99.0,0.0,0.0
1.0,0.0,0.0,99.0,0.0,0.0
2.0,0.0,0.0,98.0,0.0,0.0
1.0,0.0,0.0,99.0,0.0,0.0
2.0,0.0,0.0,98.0,0.0,0.0
1.0,39.0,0.0,60.0,0.0,0.0
1.0,14.0,0.0,85.0,0.0,0.0
1.0,0.0,0.0,99.0,0.0,0.0
2.0,18.0,0.0,80.0,0.0,0.0
1.0,12.0,0.0,44.0,43.0,0.0
1.0,0.0,0.0,99.0,0.0,0.0
1.0,0.0,0.0,99.0,0.0,0.0
1.0,0.0,0.0,99.0,0.0,0.0
1.0,0.0,0.0,99.0,0.0,0.0
1.0,0.0,0.0,99.0,0.0,0.0
1.0,0.0,0.0,99.0,0.0,0.0
1.0,0.0,0.0,99.0,0.0,0.0
1.0,0.0,0.0,99.0,0.0,0.0
1.0,0.0,0.0,99.0,0.0,0.0
1.0,5.0,0.0,94.0,0.0,0.0
3.0,0.0,0.0,97.0,0.0,0.0
1.0,0.0,0.0,99.0,0.0,0.0
1.0,27.0,1.0,71.0,0.0,0.0
2.0,0.0,0.0,98.0,0.0,0.0
3.0,0.0,0.0,97.0,0.0,0.0
2.0,0.0,0.0,98.0,0.0,0.0
1.0,89.0,0.0,10.0,0.0,0.0
1.0,0.0,0.0,99.0,0.0,0.0
1.0,0.0,0.0,99.0,0.0,0.0
1.0,0.0,0.0,99.0,0.0,0.0
1.0,0.0,0.0,99.0,0.0,0.0
1.0,0.0,0.0,99.0,0.0,0.0
2.0,0.0,0.0,98.0,0.0,0.0
1.0,0.0,0.0,99.0,0.0,0.0
2.0,12.0,0.0,86.0,0.0,0.0
1.0,0.0,0.0,99.0,0.0,0.0
1.0,0.0,0.0,99.0,0.0,0.0
1.0,0.0,0.0,99.0,0.0,0.0
2.0,10.0,0.0,88.0,0.0,0.0
3.0,0.0,0.0,97.0,0.0,0.0
1.0,0.0,0.0,99.0,0.0,0.0
1.0,0.0,0.0,99.0,0.0,0.0
1.0,10.0,0.0,49.0,40.0,0.0
1.0,1.0,15.0,0.0,0.0,0.0
1.0,0.0,0.0,99.0,0.0,0.0
1.0,3.0,0.0,96.0,0.0,0.0
2.0,0.0,0.0,98.0,0.0,0.0
2.0,49.0,0.0,49.0,0.0,0.0
1.0,0.0,0.0,99.0,0.0,0.0
1.0,0.0,0.0,99.0,0.0,0.0
4.0,0.0,0.0,96.0,0.0,0.0
1.0,0.0,0.0,99.0,0.0,0.0
1.0,0.0,0.0,99.0,0.0,0.0
2.0,0.0,0.0,98.0,0.0,0.0
1.0,0.0,0.0,99.0,0.0,0.0
2.0,14.0,0.0,84.0,0.0,0.0
1.0,0.0,0.0,99.0,0.0,0.0
1.0,0.0,0.0,99.0,0.0,0.0
1.0,63.0,0.0,36.0,0.0,0.0
1.0,1.0,0.0,98.0,0.0,0.0
1.0,0.0,0.0,99.0,0.0,0.0
1.0,1.0,0.0,98.0,0.0,0.0
2.0,0.0,0.0,98.0,0.0,0.0
1.0,0.0,1.0,98.0,0.0,0.0
1.0,3.0,0.0,96.0,0.0,0.0
1.0,78.0,0.0,21.0,0.0,0.0
1.0,0.0,0.0,99.0,0.0,0.0
1.0,0.0,0.0,99.0,0.0,0.0
2.0,0.0,0.0,98.0,0.0,0.0
1.0,0.0,0.0,99.0,0.0,0.0
1.0,15.0,0.0,16.0,68.0,0.0
1.0,84.0,0.0,15.0,0.0,0.0
1.0,0.0,0.0,99.0,0.0,0.0
1.0,48.0,1.0,50.0,0.0,0.0
4.0,0.0,0.0,96.0,0.0,0.0
1.0,2.0,0.0,97.0,0.0,0.0
1.0,0.0,0.0,99.0,0.0,0.0
1.0,13.0,0.0,86.0,0.0,0.0
3.0,18.0,0.0,48.0,31.0,0.0
2.0,0.0,0.0,98.0,0.0,0.0
1.0,0.0,0.0,99.0,0.0,0.0
1.0,0.0,1.0,98.0,0.0,0.0
2.0,0.0,0.0,98.0,0.0,0.0
1.0,18.0,0.0,81.0,0.0,0.0
1.0,0.0,0.0,99.0,0.0,0.0
4.0,64.0,0.0,32.0,0.0,0.0
2.0,0.0,0.0,98.0,0.0,0.0
1.0,0.0,0.0,99.0,0.0,0.0
1.0,0.0,0.0,99.0,0.0,0.0
1.0,0.0,1.0,98.0,0.0,0.0
1.0,15.0,0.0,84.0,0.0,0.0
2.0,0.0,0.0,98.0,0.0,0.0
1.0,12.0,0.0,87.0,0.0,0.0
3.0,0.0,0.0,97.0,0.0,0.0
2.0,8.0,0.0,90.0,0.0,0.0
1.0,0.0,0.0,99.0,0.0,0.0
2.0,0.0,0.0,98.0,0.0,0.0
1.0,15.0,0.0,84.0,0.0,0.0
1.0,94.0,1.0,4.0,0.0,0.0
1.0,0.0,0.0,99.0,0.0,0.0
2.0,0.0,0.0,98.0,0.0,0.0
1.0,0.0,0.0,99.0,0.0,0.0
2.0,0.0,0.0,98.0,0.0,0.0
1.0,61.0,0.0,38.0,0.0,0.0
2.0,26.0,0.0,72.0,0.0,0.0
1.0,11.0,0.0,88.0,0.0,0.0
1.0,0.0,0.0,99.0,0.0,0.0
1.0,0.0,0.0,99.0,0.0,0.0
1.0,38.0,0.0,61.0,0.0,0.0
3.0,0.0,0.0,97.0,0.0,0.0
1.0,7.0,0.0,92.0,0.0,0.0
1.0,0.0,0.0,99.0,0.0,0.0
2.0,0.0,0.0,98.0,0.0,0.0
1.0,0.0,0.0,99.0,0.0,0.0
2.0,0.0,3.0,95.0,0.0,0.0
1.0,0.0,1.0,98.0,0.0,0.0
1.0,0.0,0.0,99.0,0.0,0.0
1.0,0.0,0.0,99.0,0.0,0.0
2.0,23.0,0.0,75.0,0.0,0.0
1.0,8.0,0.0,91.0,0.0,0.0
1.0,0.0,0.0,99.0,0.0,0.0
2.0,0.0,0.0,98.0,0.0,0.0
1.0,0.0,0.0,99.0,0.0,0.0
1.0,25.0,0.0,74.0,0.0,0.0
1.0,0.0,0.0,99.0,0.0,0.0
1.0,0.0,0.0,99.0,0.0,0.0
1.0,9.0,0.0,90.0,0.0,0.0
2.0,15.0,0.0,83.0,0.0,0.0
1.0,0.0,0.0,99.0,0.0,0.0
1.0,4.0,0.0,95.0,0.0,0.0
1.0,13.0,0.0,86.0,0.0,0.0
2.0,0.0,0.0,98.0,0.0,0.0
1.0,31.0,0.0,68.0,0.0,0.0
2.0,74.0,0.0,24.0,0.0,0.0
2.0,46.0,1.0,51.0,0.0,0.0
4.0,0.0,1.0,95.0,0.0,0.0
1.0,36.0,1.0,62.0,0.0,0.0
1.0,0.0,0.0,99.0,0.0,0.0
1.0,0.0,0.0,99.0,0.0,0.0
1.0,0.0,0.0,99.0,0.0,0.0
2.0,0.0,0.0,98.0,0.0,0.0
3.0,0.0,0.0,97.0,0.0,0.0
1.0,84.0,0.0,15.0,0.0,0.0
1.0,0.0,1.0,98.0,0.0,0.0
1.0,53.0,0.0,46.0,0.0,0.0
1.0,0.0,0.0,99.0,0.0,0.0
2.0,0.0,0.0,98.0,0.0,0.0
1.0,0.0,0.0,99.0,0.0,0.0
1.0,1.0,0.0,98.0,0.0,0.0
2.0,0.0,0.0,98.0,0.0,0.0
1.0,13.0,0.0,24.0,62.0,0.0
1.0,0.0,0.0,99.0,0.0,0.0
1.0,0.0,0.0,99.0,0.0,0.0
1.0,1.0,0.0,35.0,63.0,0.0
1.0,0.0,0.0,99.0,0.0,0.0
1.0,0.0,0.0,99.0,0.0,0.0
1.0,0.0,0.0,99.0,0.0,0.0
2.0,0.0,0.0,98.0,0.0,0.0
1.0,6.0,0.0,93.0,0.0,0.0
1.0,0.0,0.0,99.0,0.0,0.0
1.0,0.0,0.0,99.0,0.0,0.0
2.0,16.0,0.0,82.0,0.0,0.0
1.0,0.0,0.0,99.0,0.0,0.0
1.0,13.0,0.0,86.0,0.0,0.0
1.0,2.0,0.0,97.0,0.0,0.0
1.0,80.0,0.0,19.0,0.0,0.0
1.0,22.0,0.0,77.0,0.0,0.0
1.0,0.0,1.0,98.0,0.0,0.0
1.0,0.0,0.0,99.0,0.0,0.0
2.0,15.0,0.0,83.0,0.0,0.0
2.0,0.0,0.0,98.0,0.0,0.0
2.0,15.0,0.0,83.0,0.0,0.0
1.0,0.0,0.0,99.0,0.0,0.0
1.0,1.0,0.0,72.0,26.0,0.0
1.0,0.0,0.0,99.0,0.0,0.0
2.0,90.0,0.0,8.0,0.0,0.0
1.0,4.0,0.0,95.0,0.0,0.0
2.0,17.0,0.0,81.0,0.0,0.0
2.0,33.0,0.0,65.0,0.0,0.0
1.0,0.0,0.0,99.0,0.0,0.0
1.0,0.0,0.0,99.0,0.0,0.0
1.0,0.0,0.0,99.0,0.0,0.0
1.0,0.0,0.0,99.0,0.0,0.0
1.0,0.0,0.0,99.0,0.0,0.0
1.0,68.0,0.0,31.0,0.0,0.0
1.0,0.0,0.0,99.0,0.0,0.0
1.0,1.0,0.0,71.0,27.0,0.0
1.0,0.0,0.0,99.0,0.0,0.0
3.0,17.0,0.0,80.0,0.0,0.0
1.0,0.0,0.0,99.0,0.0,0.0
1.0,10.0,0.0,89.0,0.0,0.0
2.0,74.0,0.0,24.0,0.0,0.0
1.0,54.0,0.0,45.0,0.0,0.0
1.0,40.0,0.0,59.0,0.0,0.0
1.0,0.0,1.0,96.0,0.0,2.0
1.0,0.0,0.0,99.0,0.0,0.0
1.0,0.0,0.0,99.0,0.0,0.0
3.0,0.0,0.0,97.0,0.0,0.0
1.0,0.0,0.0,99.0,0.0,0.0
1.0,0.0,0.0,99.0,0.0,0.0
2.0,0.0,0.0,98.0,0.0,0.0
2.0,0.0,0.0,98.0,0.0,0.0
2.0,0.0,0.0,98.0,0.0,0.0
1.0,0.0,0.0,99.0,0.0,0.0
1.0,4.0,0.0,95.0,0.0,0.0
1.0,0.0,0.0,99.0,0.0,0.0
1.0,28.0,25.0,0.0,0.0,0.0
1.0,0.0,0.0,99.0,0.0,0.0
1.0,15.0,0.0,22.0,62.0,0.0
2.0,11.0,0.0,87.0,0.0,0.0
1.0,0.0,0.0,99.0,0.0,0.0
1.0,8.0,0.0,91.0,0.0,0.0
1.0,0.0,0.0,99.0,0.0,0.0
1.0,8.0,0.0,91.0,0.0,0.0
3.0,0.0,0.0,97.0,0.0,0.0
1.0,0.0,0.0,99.0,0.0,0.0
1.0,7.0,0.0,92.0,0.0,0.0
1.0,0.0,0.0,99.0,0.0,0.0
1.0,37.0,0.0,62.0,0.0,0.0
2.0,6.0,0.0,92.0,0.0,0.0
1.0,37.0,0.0,62.0,0.0,0.0
1.0,15.0,0.0,84.0,0.0,0.0
3.0,0.0,0.0,97.0,0.0,0.0
1.0,0.0,0.0,99.0,0.0,0.0
1.0,1.0,60.0,0.0,0.0,0.0
1.0,0.0,0.0,99.0,0.0,0.0
1.0,0.0,1.0,98.0,0.0,0.0
1.0,5.0,0.0,59.0,35.0,0.0
1.0,59.0,0.0,40.0,0.0,0.0
1.0,0.0,0.0,99.0,0.0,0.0
2.0,28.0,0.0,70.0,0.0,0.0
1.0,0.0,0.0,99.0,0.0,0.0
1.0,18.0,0.0,81.0,0.0,0.0
1.0,39.0,0.0,60.0,0.0,0.0
1.0,0.0,0.0,99.0,0.0,0.0
1.0,0.0,0.0,99.0,0.0,0.0
1.0,20.0,0.0,79.0,0.0,0.0
2.0,0.0,0.0,98.0,0.0,0.0
1.0,0.0,0.0,99.0,0.0,0.0
1.0,3.0,0.0,96.0,0.0,0.0
1.0,2.0,0.0,89.0,8.0,0.0
1.0,12.0,0.0,87.0,0.0,0.0
1.0,0.0,0.0,99.0,0.0,0.0
1.0,22.0,0.0,77.0,0.0,0.0
1.0,0.0,0.0,99.0,0.0,0.0
2.0,0.0,0.0,98.0,0.0,0.0
1.0,45.0,0.0,54.0,0.0,0.0
1.0,0.0,0.0,99.0,0.0,0.0
2.0,0.0,0.0,98.0,0.0,0.0
2.0,3.0,0.0,95.0,0.0,0.0
1.0,54.0,0.0,45.0,0.0,0.0
1.0,0.0,0.0,0.0,0.0,0.0
2.0,67.0,0.0,31.0,0.0,0.0
1.0,13.0,0.0,86.0,0.0,0.0
1.0,0.0,0.0,99.0,0.0,0.0
1.0,7.0,0.0,92.0,0.0,0.0
2.0,0.0,0.0,98.0,0.0,0.0
1.0,0.0,0.0,99.0,0.0,0.0
1.0,0.0,0.0,99.0,0.0,0.0
2.0,18.0,0.0,80.0,0.0,0.0
2.0,0.0,1.0,97.0,0.0,0.0
1.0,0.0,0.0,99.0,0.0,0.0
2.0,11.0,0.0,87.0,0.0,0.0
1.0,0.0,65.0,34.0,0.0,0.0
1.0,1.0,0.0,98.0,0.0,0.0
1.0,0.0,0.0,99.0,0.0,0.0
1.0,18.0,0.0,81.0,0.0,0.0
1.0,0.0,0.0,99.0,0.0,0.0
3.0,66.0,0.0,31.0,0.0,0.0
2.0,0.0,0.0,98.0,0.0,0.0
3.0,85.0,0.0,12.0,0.0,0.0
1.0,88.0,0.0,11.0,0.0,0.0
1.0,0.0,0.0,99.0,0.0,0.0
1.0,3.0,0.0,96.0,0.0,0.0
3.0,75.0,0.0,22.0,0.0,0.0
3.0,0.0,0.0,97.0,0.0,0.0
1.0,3.0,0.0,96.0,0.0,0.0
1.0,1.0,0.0,98.0,0.0,0.0
1.0,19.0,0.0,14.0,66.0,0.0
1.0,0.0,0.0,99.0,0.0,0.0
1.0,65.0,1.0,33.0,0.0,0.0
1.0,0.0,0.0,99.0,0.0,0.0
1.0,54.0,0.0,45.0,0.0,0.0
1.0,0.0,0.0,99.0,0.0,0.0
1.0,0.0,0.0,99.0,0.0,0.0
2.0,0.0,0.0,98.0,0.0,0.0
1.0,0.0,0.0,99.0,0.0,0.0
1.0,0.0,0.0,99.0,0.0,0.0
2.0,0.0,0.0,98.0,0.0,0.0
1.0,0.0,0.0,99.0,0.0,0.0
2.0,10.0,0.0,88.0,0.0,0.0
2.0,90.0,0.0,8.0,0.0,0.0
2.0,28.0,0.0,70.0,0.0,0.0
1.0,1.0,0.0,98.0,0.0,0.0
1.0,12.0,0.0,78.0,9.0,0.0
1.0,0.0,1.0,98.0,0.0,0.0
1.0,0.0,0.0,99.0,0.0,0.0
2.0,0.0,0.0,98.0,0.0,0.0
1.0,0.0,0.0,99.0,0.0,0.0
1.0,53.0,1.0,45.0,0.0,0.0
1.0,1.0,0.0,98.0,0.0,0.0
1.0,6.0,0.0,93.0,0.0,0.0
1.0,0.0,0.0,99.0,0.0,0.0
1.0,0.0,0.0,99.0,0.0,0.0
1.0,18.0,0.0,58.0,23.0,0.0
1.0,0.0,0.0,99.0,0.0,0.0
2.0,86.0,0.0,12.0,0.0,0.0
1.0,0.0,0.0,99.0,0.0,0.0
1.0,0.0,0.0,99.0,0.0,0.0
1.0,19.0,0.0,80.0,0.0,0.0
1.0,0.0,0.0,99.0,0.0,0.0
1.0,88.0,0.0,11.0,0.0,0.0
1.0,0.0,0.0,99.0,0.0,0.0
1.0,19.0,0.0,80.0,0.0,0.0
2.0,0.0,0.0,98.0,0.0,0.0
1.0,25.0,0.0,74.0,0.0,0.0
1.0,0.0,0.0,99.0,0.0,0.0
1.0,0.0,0.0,99.0,0.0,0.0
1.0,0.0,0.0,99.0,0.0,0.0
1.0,59.0,0.0,40.0,0.0,0.0
1.0,59.0,0.0,40.0,0.0,0.0
1.0,0.0,0.0,99.0,0.0,0.0
1.0,0.0,0.0,99.0,0.0,0.0
1.0,0.0,0.0,99.0,0.0,0.0
2.0,0.0,0.0,98.0,0.0,0.0
1.0,0.0,0.0,99.0,0.0,0.0
2.0,7.0,0.0,91.0,0.0,0.0
1.0,0.0,0.0,99.0,0.0,0.0
1.0,9.0,0.0,71.0,19.0,0.0
3.0,0.0,9.0,61.0,0.0,0.0
1.0,4.0,0.0,4.0,91.0,0.0
1.0,2.0,0.0,97.0,0.0,0.0
2.0,19.0,0.0,79.0,0.0,0.0
2.0,0.0,0.0,98.0,0.0,0.0
1.0,0.0,0.0,99.0,0.0,0.0
1.0,0.0,0.0,99.0,0.0,0.0
2.0,0.0,1.0,97.0,0.0,0.0
2.0,0.0,0.0,98.0,0.0,0.0
1.0,0.0,0.0,99.0,0.0,0.0
1.0,0.0,1.0,98.0,0.0,0.0
1.0,0.0,1.0,98.0,0.0,0.0
1.0,15.0,0.0,84.0,0.0,0.0
2.0,12.0,0.0,86.0,0.0,0.0
1.0,0.0,0.0,99.0,0.0,0.0
1.0,0.0,0.0,99.0,0.0,0.0
1.0,71.0,0.0,28.0,0.0,0.0
1.0,0.0,0.0,99.0,0.0,0.0
2.0,0.0,0.0,98.0,0.0,0.0
1.0,15.0,0.0,84.0,0.0,0.0
1.0,0.0,0.0,99.0,0.0,0.0
1.0,1.0,0.0,98.0,0.0,0.0
3.0,0.0,0.0,97.0,0.0,0.0
1.0,0.0,0.0,99.0,0.0,0.0
1.0,0.0,0.0,99.0,0.0,0.0
1.0,0.0,0.0,99.0,0.0,0.0
2.0,56.0,0.0,42.0,0.0,0.0
1.0,0.0,0.0,99.0,0.0,0.0
1.0,61.0,0.0,38.0,0.0,0.0
1.0,0.0,0.0,99.0,0.0,0.0
1.0,0.0,0.0,99.0,0.0,0.0
1.0,2.0,0.0,97.0,0.0,0.0
1.0,2.0,0.0,97.0,0.0,0.0
2.0,0.0,0.0,98.0,0.0,0.0
1.0,36.0,0.0,63.0,0.0,0.0
1.0,0.0,0.0,99.0,0.0,0.0
1.0,95.0,0.0,4.0,0.0,0.0
1.0,0.0,1.0,98.0,0.0,0.0
1.0,5.0,0.0,38.0,56.0,0.0
2.0,0.0,0.0,98.0,0.0,0.0
2.0,0.0,0.0,98.0,0.0,0.0
1.0,0.0,1.0,98.0,0.0,0.0
1.0,0.0,0.0,99.0,0.0,0.0
1.0,0.0,0.0,99.0,0.0,0.0
1.0,0.0,0.0,99.0,0.0,0.0
2.0,2.0,0.0,40.0,56.0,0.0
1.0,0.0,0.0,99.0,0.0,0.0
1.0,9.0,0.0,90.0,0.0,0.0
2.0,0.0,0.0,98.0,0.0,0.0
1.0,35.0,0.0,64.0,0.0,0.0
1.0,0.0,1.0,98.0,0.0,0.0
1.0,0.0,0.0,99.0,0.0,0.0
3.0,0.0,0.0,97.0,0.0,0.0
1.0,7.0,0.0,92.0,0.0,0.0
1.0,11.0,0.0,88.0,0.0,0.0
1.0,2.0,0.0,97.0,0.0,0.0
1.0,0.0,0.0,99.0,0.0,0.0
1.0,0.0,0.0,99.0,0.0,0.0
2.0,1.0,0.0,97.0,0.0,0.0
2.0,0.0,0.0,98.0,0.0,0.0
1.0,0.0,0.0,99.0,0.0,0.0
2.0,0.0,0.0,98.0,0.0,0.0
1.0,10.0,0.0,89.0,0.0,0.0
2.0,0.0,0.0,98.0,0.0,0.0
1.0,98.0,1.0,0.0,0.0,0.0
1.0,0.0,0.0,99.0,0.0,0.0
1.0,0.0,0.0,99.0,0.0,0.0
2.0,34.0,0.0,64.0,0.0,0.0
1.0,0.0,0.0,99.0,0.0,0.0
1.0,7.0,0.0,92.0,0.0,0.0
2.0,0.0,0.0,98.0,0.0,0.0
2.0,20.0,0.0,78.0,0.0,0.0
1.0,27.0,0.0,72.0,0.0,0.0
1.0,0.0,1.0,98.0,0.0,0.0
1.0,0.0,0.0,99.0,0.0,0.0
1.0,8.0,0.0,91.0,0.0,0.0
1.0,0.0,0.0,99.0,0.0,0.0
1.0,1.0,0.0,98.0,0.0,0.0
1.0,0.0,0.0,99.0,0.0,0.0
1.0,29.0,0.0,70.0,0.0,0.0
4.0,5.0,0.0,91.0,0.0,0.0
2.0,0.0,0.0,98.0,0.0,0.0
1.0,0.0,0.0,99.0,0.0,0.0
1.0,18.0,0.0,81.0,0.0,0.0
1.0,0.0,0.0,99.0,0.0,0.0
1.0,2.0,0.0,97.0,0.0,0.0
1.0,0.0,0.0,99.0,0.0,0.0
1.0,30.0,0.0,69.0,0.0,0.0
1.0,0.0,0.0,99.0,0.0,0.0
1.0,0.0,0.0,99.0,0.0,0.0
1.0,0.0,0.0,99.0,0.0,0.0
2.0,0.0,0.0,98.0,0.0,0.0
1.0,0.0,0.0,99.0,0.0,0.0
2.0,6.0,0.0,15.0,77.0,0.0
1.0,0.0,0.0,99.0,0.0,0.0
2.0,12.0,0.0,86.0,0.0,0.0
1.0,0.0,0.0,99.0,0.0,0.0
1.0,0.0,0.0,99.0,0.0,0.0
1.0,0.0,0.0,99.0,0.0,0.0
1.0,51.0,0.0,48.0,0.0,0.0
1.0,2.0,0.0,58.0,39.0,0.0
1.0,4.0,0.0,95.0,0.0,0.0
1.0,9.0,0.0,90.0,0.0,0.0
1.0,0.0,0.0,99.0,0.0,0.0
1.0,14.0,0.0,85.0,0.0,0.0
1.0,0.0,0.0,99.0,0.0,0.0
1.0,0.0,0.0,99.0,0.0,0.0
1.0,0.0,0.0,99.0,0.0,0.0
1.0,0.0,0.0,99.0,0.0,0.0
1.0,8.0,0.0,91.0,0.0,0.0
1.0,0.0,0.0,99.0,0.0,0.0
2.0,3.0,0.0,95.0,0.0,0.0
3.0,40.0,0.0,57.0,0.0,0.0
1.0,13.0,0.0,86.0,0.0,0.0
1.0,0.0,1.0,98.0,0.0,0.0
1.0,98.0,1.0,0.0,0.0,0.0
1.0,0.0,0.0,99.0,0.0,0.0
3.0,0.0,0.0,97.0,0.0,0.0
1.0,34.0,0.0,65.0,0.0,0.0
1.0,0.0,0.0,99.0,0.0,0.0
1.0,0.0,0.0,99.0,0.0,0.0
1.0,5.0,0.0,94.0,0.0,0.0
1.0,26.0,0.0,73.0,0.0,0.0
1.0,0.0,0.0,99.0,0.0,0.0
1.0,0.0,0.0,99.0,0.0,0.0
1.0,66.0,0.0,33.0,0.0,0.0
1.0,0.0,0.0,99.0,0.0,0.0
1.0,86.0,0.0,13.0,0.0,0.0
2.0,84.0,0.0,14.0,0.0,0.0
1.0,40.0,0.0,59.0,0.0,0.0
2.0,0.0,0.0,98.0,0.0,0.0
2.0,17.0,0.0,81.0,0.0,0.0
1.0,30.0,0.0,69.0,0.0,0.0
2.0,0.0,0.0,98.0,0.0,0.0
1.0,0.0,0.0,99.0,0.0,0.0
1.0,44.0,0.0,55.0,0.0,0.0
1.0,0.0,0.0,99.0,0.0,0.0
2.0,0.0,0.0,98.0,0.0,0.0
1.0,8.0,0.0,91.0,0.0,0.0
1.0,26.0,0.0,27.0,46.0,0.0
1.0,79.0,0.0,20.0,0.0,0.0
1.0,0.0,0.0,99.0,0.0,0.0
1.0,12.0,0.0,87.0,0.0,0.0
2.0,0.0,0.0,98.0,0.0,0.0
1.0,0.0,1.0,98.0,0.0,0.0
1.0,0.0,0.0,99.0,0.0,0.0
2.0,0.0,0.0,98.0,0.0,0.0
1.0,0.0,0.0,99.0,0.0,0.0
2.0,0.0,0.0,98.0,0.0,0.0
1.0,0.0,0.0,99.0,0.0,0.0
4.0,0.0,0.0,96.0,0.0,0.0
1.0,0.0,0.0,99.0,0.0,0.0
1.0,2.0,0.0,97.0,0.0,0.0
3.0,8.0,0.0,89.0,0.0,0.0
1.0,40.0,0.0,43.0,16.0,0.0
2.0,0.0,0.0,98.0,0.0,0.0
2.0,39.0,0.0,59.0,0.0,0.0
1.0,3.0,49.0,47.0,0.0,0.0
1.0,89.0,0.0,10.0,0.0,0.0
1.0,0.0,0.0,99.0,0.0,0.0
1.0,0.0,0.0,99.0,0.0,0.0
2.0,0.0,0.0,98.0,0.0,0.0
1.0,16.0,0.0,83.0,0.0,0.0
1.0,3.0,0.0,63.0,33.0,0.0
1.0,0.0,0.0,99.0,0.0,0.0
2.0,0.0,0.0,98.0,0.0,0.0
1.0,98.0,1.0,0.0,0.0,0.0
2.0,0.0,0.0,98.0,0.0,0.0
1.0,8.0,0.0,91.0,0.0,0.0
1.0,0.0,0.0,99.0,0.0,0.0
1.0,0.0,0.0,99.0,0.0,0.0
1.0,0.0,0.0,99.0,0.0,0.0
2.0,0.0,0.0,98.0,0.0,0.0
1.0,94.0,0.0,5.0,0.0,0.0
1.0,0.0,0.0,99.0,0.0,0.0
2.0,28.0,0.0,70.0,0.0,0.0
1.0,68.0,1.0,30.0,0.0,0.0
1.0,0.0,0.0,99.0,0.0,0.0
2.0,0.0,0.0,98.0,0.0,0.0
1.0,1.0,0.0,98.0,0.0,0.0
2.0,0.0,0.0,98.0,0.0,0.0
1.0,0.0,0.0,99.0,0.0,0.0
1.0,0.0,0.0,99.0,0.0,0.0
1.0,0.0,0.0,99.0,0.0,0.0
2.0,9.0,0.0,89.0,0.0,0.0
3.0,0.0,0.0,97.0,0.0,0.0
1.0,9.0,0.0,90.0,0.0,0.0
1.0,50.0,0.0,49.0,0.0,0.0
1.0,26.0,0.0,73.0,0.0,0.0
1.0,0.0,0.0,99.0,0.0,0.0
2.0,0.0,0.0,98.0,0.0,0.0
1.0,0.0,6.0,56.0,0.0,0.0
1.0,30.0,62.0,0.0,0.0,0.0
1.0,42.0,0.0,57.0,0.0,0.0
1.0,0.0,1.0,98.0,0.0,0.0
1.0,13.0,0.0,86.0,0.0,0.0
1.0,0.0,0.0,99.0,0.0,0.0
1.0,0.0,0.0,99.0,0.0,0.0
1.0,0.0,0.0,99.0,0.0,0.0
1.0,16.0,0.0,83.0,0.0,0.0
1.0,39.0,0.0,26.0,34.0,0.0
1.0,0.0,0.0,99.0,0.0,0.0
1.0,0.0,0.0,99.0,0.0,0.0
1.0,0.0,0.0,99.0,0.0,0.0
1.0,0.0,0.0,99.0,0.0,0.0
1.0,30.0,0.0,69.0,0.0,0.0
2.0,0.0,0.0,98.0,0.0,0.0
2.0,7.0,0.0,91.0,0.0,0.0
1.0,92.0,0.0,7.0,0.0,0.0
1.0,0.0,0.0,99.0,0.0,0.0
1.0,18.0,0.0,81.0,0.0,0.0
1.0,0.0,0.0,99.0,0.0,0.0
1.0,0.0,0.0,99.0,0.0,0.0
1.0,0.0,0.0,99.0,0.0,0.0
1.0,0.0,0.0,99.0,0.0,0.0
2.0,0.0,0.0,98.0,0.0,0.0
1.0,0.0,0.0,99.0,0.0,0.0
1.0,25.0,0.0,74.0,0.0,0.0
1.0,0.0,0.0,99.0,0.0,0.0
1.0,0.0,8.0,32.0,0.0,0.0
1.0,0.0,0.0,99.0,0.0,0.0
1.0,19.0,0.0,80.0,0.0,0.0
1.0,0.0,0.0,99.0,0.0,0.0
2.0,98.0,0.0,0.0,0.0,0.0
1.0,0.0,1.0,98.0,0.0,0.0
1.0,10.0,0.0,89.0,0.0,0.0
3.0,64.0,0.0,33.0,0.0,0.0
2.0,0.0,0.0,98.0,0.0,0.0
1.0,0.0,0.0,99.0,0.0,0.0
1.0,69.0,0.0,30.0,0.0,0.0
1.0,0.0,0.0,99.0,0.0,0.0
1.0,0.0,0.0,99.0,0.0,0.0
2.0,0.0,0.0,98.0,0.0,0.0
1.0,0.0,0.0,99.0,0.0,0.0
1.0,13.0,0.0,86.0,0.0,0.0
2.0,21.0,0.0,77.0,0.0,0.0
2.0,3.0,0.0,44.0,51.0,0.0
1.0,0.0,0.0,99.0,0.0,0.0
1.0,5.0,0.0,94.0,0.0,0.0
1.0,6.0,0.0,56.0,37.0,0.0
1.0,36.0,0.0,63.0,0.0,0.0
2.0,0.0,0.0,98.0,0.0,0.0
1.0,0.0,0.0,99.0,0.0,0.0
1.0,0.0,1.0,98.0,0.0,0.0
2.0,0.0,0.0,98.0,0.0,0.0
1.0,0.0,0.0,99.0,0.0,0.0
1.0,1.0,0.0,98.0,0.0,0.0
1.0,59.0,0.0,40.0,0.0,0.0
2.0,0.0,0.0,98.0,0.0,0.0
1.0,4.0,0.0,95.0,0.0,0.0
1.0,0.0,1.0,98.0,0.0,0.0
3.0,0.0,0.0,97.0,0.0,0.0
1.0,0.0,0.0,99.0,0.0,0.0
1.0,0.0,0.0,99.0,0.0,0.0
1.0,12.0,0.0,87.0,0.0,0.0
1.0,0.0,0.0,99.0,0.0,0.0
2.0,0.0,0.0,98.0,0.0,0.0
2.0,8.0,0.0,90.0,0.0,0.0
1.0,0.0,0.0,99.0,0.0,0.0
2.0,0.0,1.0,97.0,0.0,0.0
2.0,0.0,0.0,98.0,0.0,0.0
1.0,10.0,0.0,89.0,0.0,0.0
1.0,0.0,0.0,99.0,0.0,0.0
3.0,2.0,0.0,95.0,0.0,0.0
1.0,13.0,0.0,86.0,0.0,0.0
1.0,0.0,0.0,99.0,0.0,0.0
2.0,0.0,0.0,98.0,0.0,0.0
3.0,0.0,0.0,97.0,0.0,0.0
1.0,12.0,0.0,87.0,0.0,0.0
1.0,0.0,1.0,98.0,0.0,0.0
1.0,0.0,0.0,99.0,0.0,0.0
1.0,0.0,0.0,99.0,0.0,0.0
1.0,0.0,0.0,99.0,0.0,0.0
2.0,0.0,0.0,98.0,0.0,0.0
1.0,0.0,0.0,99.0,0.0,0.0
1.0,6.0,0.0,40.0,53.0,0.0
1.0,0.0,0.0,99.0,0.0,0.0
1.0,3.0,0.0,96.0,0.0,0.0
1.0,71.0,0.0,28.0,0.0,0.0
5.0,0.0,0.0,95.0,0.0,0.0
1.0,4.0,0.0,95.0,0.0,0.0
1.0,15.0,0.0,84.0,0.0,0.0
1.0,17.0,0.0,82.0,0.0,0.0
1.0,40.0,0.0,59.0,0.0,0.0
1.0,22.0,0.0,77.0,0.0,0.0
1.0,5.0,0.0,94.0,0.0,0.0
3.0,0.0,0.0,97.0,0.0,0.0
4.0,44.0,0.0,52.0,0.0,0.0
1.0,0.0,1.0,98.0,0.0,0.0
1.0,0.0,0.0,99.0,0.0,0.0
1.0,0.0,0.0,99.0,0.0,0.0
2.0,0.0,0.0,98.0,0.0,0.0
1.0,0.0,0.0,99.0,0.0,0.0
1.0,42.0,0.0,57.0,0.0,0.0
1.0,0.0,0.0,99.0,0.0,0.0
1.0,0.0,0.0,99.0,0.0,0.0
1.0,0.0,0.0,99.0,0.0,0.0
1.0,98.0,1.0,0.0,0.0,0.0
1.0,0.0,0.0,99.0,0.0,0.0
1.0,0.0,0.0,99.0,0.0,0.0
1.0,0.0,0.0,99.0,0.0,0.0
1.0,0.0,0.0,99.0,0.0,0.0
2.0,0.0,0.0,98.0,0.0,0.0
2.0,0.0,0.0,98.0,0.0,0.0
2.0,0.0,0.0,98.0,0.0,0.0
1.0,0.0,0.0,99.0,0.0,0.0
2.0,2.0,0.0,96.0,0.0,0.0
1.0,0.0,0.0,99.0,0.0,0.0
1.0,0.0,0.0,99.0,0.0,0.0
1.0,2.0,0.0,97.0,0.0,0.0
1.0,0.0,0.0,99.0,0.0,0.0
1.0,0.0,0.0,99.0,0.0,0.0
1.0,0.0,0.0,99.0,0.0,0.0
1.0,0.0,1.0,98.0,0.0,0.0
2.0,0.0,1.0,97.0,0.0,0.0
1.0,1.0,0.0,98.0,0.0,0.0
1.0,13.0,0.0,86.0,0.0,0.0
1.0,0.0,0.0,99.0,0.0,0.0
1.0,13.0,0.0,86.0,0.0,0.0
1.0,0.0,0.0,99.0,0.0,0.0
1.0,0.0,0.0,99.0,0.0,0.0
1.0,10.0,0.0,89.0,0.0,0.0
2.0,47.0,0.0,51.0,0.0,0.0
1.0,0.0,0.0,99.0,0.0,0.0
1.0,0.0,0.0,99.0,0.0,0.0
1.0,0.0,0.0,99.0,0.0,0.0
1.0,0.0,0.0,99.0,0.0,0.0
2.0,1.0,0.0,97.0,0.0,0.0
1.0,1.0,0.0,98.0,0.0,0.0
1.0,0.0,0.0,99.0,0.0,0.0
1.0,0.0,0.0,99.0,0.0,0.0
1.0,0.0,0.0,99.0,0.0,0.0
1.0,0.0,0.0,99.0,0.0,0.0
4.0,0.0,2.0,94.0,0.0,0.0
1.0,42.0,0.0,57.0,0.0,0.0
2.0,0.0,0.0,98.0,0.0,0.0
1.0,0.0,0.0,99.0,0.0,0.0
1.0,0.0,0.0,99.0,0.0,0.0
1.0,39.0,0.0,60.0,0.0,0.0
2.0,0.0,0.0,98.0,0.0,0.0
1.0,1.0,0.0,98.0,0.0,0.0
2.0,0.0,0.0,98.0,0.0,0.0
2.0,15.0,0.0,83.0,0.0,0.0
2.0,0.0,0.0,98.0,0.0,0.0
1.0,0.0,0.0,99.0,0.0,0.0
1.0,0.0,0.0,99.0,0.0,0.0
2.0,39.0,0.0,59.0,0.0,0.0
1.0,47.0,0.0,52.0,0.0,0.0
1.0,0.0,0.0,99.0,0.0,0.0
1.0,41.0,0.0,58.0,0.0,0.0
2.0,0.0,0.0,98.0,0.0,0.0
1.0,0.0,0.0,99.0,0.0,0.0
1.0,0.0,0.0,99.0,0.0,0.0
2.0,0.0,0.0,98.0,0.0,0.0
1.0,0.0,0.0,99.0,0.0,0.0
1.0,0.0,0.0,99.0,0.0,0.0
2.0,0.0,0.0,98.0,0.0,0.0
1.0,22.0,0.0,77.0,0.0,0.0
1.0,47.0,0.0,52.0,0.0,0.0
1.0,0.0,0.0,99.0,0.0,0.0
1.0,96.0,0.0,3.0,0.0,0.0
1.0,23.0,0.0,76.0,0.0,0.0
1.0,0.0,0.0,99.0,0.0,0.0
1.0,0.0,0.0,99.0,0.0,0.0
1.0,17.0,0.0,82.0,0.0,0.0
3.0,0.0,0.0,97.0,0.0,0.0
1.0,20.0,0.0,79.0,0.0,0.0
2.0,0.0,0.0,98.0,0.0,0.0
1.0,26.0,0.0,73.0,0.0,0.0
2.0,65.0,0.0,33.0,0.0,0.0
1.0,0.0,0.0,99.0,0.0,0.0
1.0,0.0,0.0,99.0,0.0,0.0
1.0,0.0,0.0,99.0,0.0,0.0
1.0,0.0,0.0,99.0,0.0,0.0
2.0,0.0,0.0,98.0,0.0,0.0
1.0,0.0,0.0,0.0,0.0,0.0
1.0,0.0,0.0,99.0,0.0,0.0
1.0,0.0,0.0,99.0,0.0,0.0
1.0,0.0,0.0,99.0,0.0,0.0
3.0,42.0,0.0,55.0,0.0,0.0
3.0,0.0,0.0,97.0,0.0,0.0
1.0,5.0,0.0,94.0,0.0,0.0
1.0,64.0,0.0,35.0,0.0,0.0
1.0,0.0,1.0,98.0,0.0,0.0
1.0,0.0,0.0,99.0,0.0,0.0
1.0,55.0,0.0,44.0,0.0,0.0
1.0,1.0,0.0,98.0,0.0,0.0
1.0,0.0,0.0,99.0,0.0,0.0
3.0,13.0,0.0,84.0,0.0,0.0
1.0,3.0,0.0,96.0,0.0,0.0
3.0,0.0,0.0,97.0,0.0,0.0
1.0,0.0,0.0,99.0,0.0,0.0
1.0,0.0,0.0,99.0,0.0,0.0
1.0,69.0,0.0,30.0,0.0,0.0
1.0,0.0,0.0,99.0,0.0,0.0
1.0,0.0,0.0,99.0,0.0,0.0
1.0,26.0,0.0,73.0,0.0,0.0
1.0,0.0,0.0,99.0,0.0,0.0
1.0,0.0,0.0,99.0,0.0,0.0
2.0,0.0,0.0,98.0,0.0,0.0
1.0,20.0,0.0,79.0,0.0,0.0
1.0,0.0,0.0,99.0,0.0,0.0
1.0,0.0,0.0,99.0,0.0,0.0
1.0,0.0,0.0,99.0,0.0,0.0
1.0,44.0,0.0,55.0,0.0,0.0
1.0,4.0,0.0,74.0,21.0,0.0
3.0,0.0,0.0,97.0,0.0,0.0
2.0,0.0,0.0,98.0,0.0,0.0
1.0,36.0,0.0,63.0,0.0,0.0
1.0,35.0,0.0,64.0,0.0,0.0
1.0,0.0,2.0,97.0,0.0,0.0
2.0,0.0,0.0,98.0,0.0,0.0
3.0,26.0,0.0,52.0,19.0,0.0
1.0,0.0,0.0,99.0,0.0,0.0
2.0,20.0,0.0,78.0,0.0,0.0
1.0,0.0,0.0,99.0,0.0,0.0
1.0,42.0,0.0,57.0,0.0,0.0
1.0,29.0,0.0,70.0,0.0,0.0
1.0,83.0,0.0,16.0,0.0,0.0
1.0,0.0,0.0,99.0,0.0,0.0
1.0,0.0,0.0,99.0,0.0,0.0
1.0,0.0,0.0,99.0,0.0,0.0
3.0,0.0,0.0,97.0,0.0,0.0
1.0,0.0,0.0,99.0,0.0,0.0
1.0,0.0,0.0,99.0,0.0,0.0
1.0,0.0,0.0,99.0,0.0,0.0
1.0,0.0,0.0,99.0,0.0,0.0
1.0,13.0,0.0,86.0,0.0,0.0
1.0,0.0,1.0,98.0,0.0,0.0
1.0,10.0,0.0,89.0,0.0,0.0
2.0,15.0,0.0,83.0,0.0,0.0
3.0,0.0,0.0,97.0,0.0,0.0
1.0,0.0,0.0,99.0,0.0,0.0
1.0,0.0,0.0,99.0,0.0,0.0
1.0,40.0,0.0,59.0,0.0,0.0
1.0,0.0,0.0,99.0,0.0,0.0
1.0,0.0,0.0,99.0,0.0,0.0
1.0,19.0,0.0,80.0,0.0,0.0
1.0,0.0,0.0,99.0,0.0,0.0
1.0,33.0,0.0,66.0,0.0,0.0
2.0,0.0,0.0,98.0,0.0,0.0
1.0,6.0,0.0,93.0,0.0,0.0
1.0,3.0,0.0,96.0,0.0,0.0
1.0,0.0,0.0,99.0,0.0,0.0
2.0,0.0,0.0,98.0,0.0,0.0
1.0,0.0,0.0,99.0,0.0,0.0
1.0,6.0,0.0,93.0,0.0,0.0
1.0,0.0,0.0,99.0,0.0,0.0
1.0,0.0,0.0,99.0,0.0,0.0
1.0,70.0,0.0,29.0,0.0,0.0
1.0,0.0,0.0,99.0,0.0,0.0
4.0,95.0,1.0,0.0,0.0,0.0
1.0,0.0,0.0,99.0,0.0,0.0
1.0,0.0,0.0,99.0,0.0,0.0
1.0,0.0,0.0,99.0,0.0,0.0
1.0,89.0,0.0,10.0,0.0,0.0
1.0,0.0,0.0,99.0,0.0,0.0
1.0,6.0,0.0,93.0,0.0,0.0
1.0,32.0,0.0,67.0,0.0,0.0
2.0,0.0,0.0,98.0,0.0,0.0
1.0,99.0,0.0,0.0,0.0,0.0
2.0,0.0,0.0,98.0,0.0,0.0
1.0,0.0,0.0,99.0,0.0,0.0
1.0,0.0,0.0,99.0,0.0,0.0
1.0,0.0,0.0,99.0,0.0,0.0
1.0,92.0,0.0,7.0,0.0,0.0
1.0,0.0,0.0,99.0,0.0,0.0
3.0,0.0,0.0,97.0,0.0,0.0
1.0,0.0,0.0,99.0,0.0,0.0
1.0,0.0,0.0,99.0,0.0,0.0
1.0,0.0,3.0,1.0,0.0,0.0
1.0,99.0,0.0,0.0,0.0,0.0
1.0,62.0,0.0,37.0,0.0,0.0
1.0,0.0,0.0,99.0,0.0,0.0
1.0,0.0,0.0,99.0,0.0,0.0
1.0,0.0,0.0,99.0,0.0,0.0
2.0,4.0,4.0,90.0,0.0,0.0
2.0,8.0,0.0,90.0,0.0,0.0
1.0,0.0,0.0,99.0,0.0,0.0
1.0,0.0,0.0,99.0,0.0,0.0
1.0,0.0,1.0,98.0,0.0,0.0
1.0,0.0,0.0,99.0,0.0,0.0
1.0,9.0,0.0,90.0,0.0,0.0
1.0,11.0,0.0,88.0,0.0,0.0
2.0,0.0,0.0,98.0,0.0,0.0
1.0,0.0,0.0,99.0,0.0,0.0
1.0,58.0,0.0,41.0,0.0,0.0
2.0,0.0,0.0,98.0,0.0,0.0
1.0,10.0,0.0,89.0,0.0,0.0
1.0,0.0,0.0,99.0,0.0,0.0
3.0,0.0,0.0,97.0,0.0,0.0
1.0,0.0,0.0,99.0,0.0,0.0
6.0,22.0,1.0,0.0,0.0,0.0
1.0,8.0,0.0,32.0,59.0,0.0
1.0,0.0,0.0,99.0,0.0,0.0
1.0,0.0,0.0,99.0,0.0,0.0
1.0,16.0,0.0,83.0,0.0,0.0
1.0,0.0,0.0,99.0,0.0,0.0
1.0,0.0,0.0,99.0,0.0,0.0
1.0,71.0,0.0,28.0,0.0,0.0
1.0,0.0,0.0,99.0,0.0,0.0
3.0,14.0,0.0,83.0,0.0,0.0
1.0,0.0,0.0,99.0,0.0,0.0
1.0,0.0,1.0,98.0,0.0,0.0
1.0,0.0,0.0,99.0,0.0,0.0
2.0,11.0,0.0,87.0,0.0,0.0
1.0,0.0,0.0,99.0,0.0,0.0
1.0,0.0,1.0,98.0,0.0,0.0
1.0,0.0,0.0,99.0,0.0,0.0
1.0,18.0,0.0,81.0,0.0,0.0
4.0,0.0,0.0,96.0,0.0,0.0
3.0,0.0,0.0,97.0,0.0,0.0
1.0,0.0,0.0,99.0,0.0,0.0
1.0,8.0,0.0,91.0,0.0,0.0
1.0,0.0,0.0,99.0,0.0,0.0
2.0,0.0,0.0,98.0,0.0,0.0
3.0,0.0,0.0,97.0,0.0,0.0
1.0,1.0,0.0,98.0,0.0,0.0
1.0,0.0,0.0,99.0,0.0,0.0
1.0,0.0,0.0,99.0,0.0,0.0
1.0,27.0,0.0,72.0,0.0,0.0
1.0,99.0,0.0,0.0,0.0,0.0
1.0,1.0,6.0,0.0,0.0,0.0
1.0,1.0,0.0,98.0,0.0,0.0
3.0,0.0,0.0,97.0,0.0,0.0
1.0,0.0,0.0,99.0,0.0,0.0
1.0,0.0,0.0,99.0,0.0,0.0
1.0,0.0,0.0,99.0,0.0,0.0
1.0,0.0,0.0,99.0,0.0,0.0
2.0,0.0,0.0,98.0,0.0,0.0
1.0,0.0,0.0,99.0,0.0,0.0
3.0,0.0,0.0,97.0,0.0,0.0
1.0,0.0,0.0,99.0,0.0,0.0
1.0,0.0,0.0,99.0,0.0,0.0
1.0,36.0,0.0,63.0,0.0,0.0
2.0,0.0,0.0,98.0,0.0,0.0
1.0,0.0,0.0,99.0,0.0,0.0
2.0,2.0,0.0,96.0,0.0,0.0
1.0,0.0,0.0,99.0,0.0,0.0
2.0,47.0,0.0,51.0,0.0,0.0
1.0,0.0,0.0,99.0,0.0,0.0
2.0,0.0,0.0,98.0,0.0,0.0
1.0,0.0,0.0,99.0,0.0,0.0
1.0,0.0,0.0,99.0,0.0,0.0
1.0,0.0,0.0,99.0,0.0,0.0
4.0,0.0,0.0,96.0,0.0,0.0
1.0,2.0,0.0,97.0,0.0,0.0
1.0,83.0,0.0,16.0,0.0,0.0
2.0,0.0,0.0,98.0,0.0,0.0
2.0,36.0,0.0,62.0,0.0,0.0
1.0,0.0,0.0,99.0,0.0,0.0
1.0,0.0,0.0,99.0,0.0,0.0
2.0,0.0,0.0,98.0,0.0,0.0
1.0,0.0,0.0,99.0,0.0,0.0
1.0,58.0,0.0,41.0,0.0,0.0
2.0,0.0,0.0,98.0,0.0,0.0
1.0,0.0,0.0,99.0,0.0,0.0
2.0,0.0,0.0,98.0,0.0,0.0
2.0,0.0,0.0,98.0,0.0,0.0
1.0,0.0,0.0,99.0,0.0,0.0
1.0,0.0,0.0,99.0,0.0,0.0
1.0,0.0,0.0,0.0,0.0,0.0
1.0,0.0,0.0,99.0,0.0,0.0
1.0,0.0,0.0,99.0,0.0,0.0
1.0,0.0,0.0,99.0,0.0,0.0
1.0,0.0,0.0,99.0,0.0,0.0
1.0,0.0,0.0,99.0,0.0,0.0
2.0,12.0,0.0,86.0,0.0,0.0
2.0,0.0,0.0,98.0,0.0,0.0
1.0,16.0,0.0,83.0,0.0,0.0
4.0,0.0,0.0,96.0,0.0,0.0
2.0,59.0,0.0,39.0,0.0,0.0
1.0,14.0,0.0,85.0,0.0,0.0
1.0,0.0,0.0,99.0,0.0,0.0
1.0,0.0,0.0,99.0,0.0,0.0
1.0,0.0,0.0,99.0,0.0,0.0
1.0,0.0,0.0,99.0,0.0,0.0
1.0,0.0,0.0,99.0,0.0,0.0
1.0,0.0,0.0,99.0,0.0,0.0
2.0,0.0,0.0,98.0,0.0,0.0
1.0,98.0,1.0,0.0,0.0,0.0
1.0,0.0,0.0,99.0,0.0,0.0
1.0,0.0,0.0,99.0,0.0,0.0
2.0,0.0,0.0,98.0,0.0,0.0
1.0,70.0,0.0,29.0,0.0,0.0
1.0,0.0,0.0,99.0,0.0,0.0
1.0,0.0,0.0,99.0,0.0,0.0
1.0,0.0,0.0,99.0,0.0,0.0
1.0,98.0,1.0,0.0,0.0,0.0
2.0,4.0,0.0,94.0,0.0,0.0
1.0,0.0,0.0,99.0,0.0,0.0
2.0,0.0,0.0,98.0,0.0,0.0
1.0,0.0,0.0,99.0,0.0,0.0
2.0,48.0,0.0,50.0,0.0,0.0
1.0,0.0,0.0,99.0,0.0,0.0
1.0,30.0,0.0,69.0,0.0,0.0
1.0,0.0,0.0,99.0,0.0,0.0
1.0,1.0,98.0,0.0,0.0,0.0
2.0,0.0,0.0,98.0,0.0,0.0
1.0,0.0,0.0,99.0,0.0,0.0
1.0,23.0,0.0,76.0,0.0,0.0
2.0,0.0,0.0,98.0,0.0,0.0
2.0,0.0,0.0,98.0,0.0,0.0
1.0,32.0,0.0,67.0,0.0,0.0
1.0,0.0,0.0,99.0,0.0,0.0
1.0,0.0,0.0,99.0,0.0,0.0
1.0,23.0,0.0,76.0,0.0,0.0
1.0,0.0,0.0,99.0,0.0,0.0
1.0,0.0,0.0,99.0,0.0,0.0
1.0,0.0,0.0,99.0,0.0,0.0
1.0,0.0,0.0,99.0,0.0,0.0
2.0,0.0,0.0,98.0,0.0,0.0
1.0,46.0,0.0,53.0,0.0,0.0
1.0,0.0,1.0,98.0,0.0,0.0
1.0,0.0,1.0,98.0,0.0,0.0
2.0,0.0,0.0,98.0,0.0,0.0
1.0,0.0,0.0,99.0,0.0,0.0
1.0,0.0,0.0,99.0,0.0,0.0
1.0,0.0,0.0,99.0,0.0,0.0
1.0,0.0,0.0,99.0,0.0,0.0
1.0,0.0,0.0,99.0,0.0,0.0
1.0,0.0,0.0,99.0,0.0,0.0
2.0,0.0,0.0,98.0,0.0,0.0
1.0,0.0,0.0,99.0,0.0,0.0
2.0,0.0,0.0,98.0,0.0,0.0
1.0,0.0,0.0,99.0,0.0,0.0
2.0,98.0,0.0,0.0,0.0,0.0
1.0,0.0,0.0,99.0,0.0,0.0
2.0,0.0,0.0,98.0,0.0,0.0
1.0,0.0,1.0,98.0,0.0,0.0
1.0,0.0,0.0,99.0,0.0,0.0
2.0,18.0,0.0,80.0,0.0,0.0
3.0,0.0,0.0,97.0,0.0,0.0
1.0,0.0,0.0,99.0,0.0,0.0
1.0,3.0,0.0,96.0,0.0,0.0
1.0,9.0,0.0,90.0,0.0,0.0
1.0,0.0,1.0,98.0,0.0,0.0
1.0,99.0,0.0,0.0,0.0,0.0
1.0,6.0,0.0,93.0,0.0,0.0
4.0,0.0,0.0,96.0,0.0,0.0
1.0,62.0,0.0,37.0,0.0,0.0
1.0,0.0,0.0,99.0,0.0,0.0
1.0,2.0,0.0,97.0,0.0,0.0
1.0,28.0,0.0,71.0,0.0,0.0
1.0,26.0,0.0,73.0,0.0,0.0
1.0,0.0,0.0,99.0,0.0,0.0
1.0,0.0,0.0,99.0,0.0,0.0
1.0,7.0,0.0,92.0,0.0,0.0
1.0,0.0,0.0,99.0,0.0,0.0
1.0,51.0,0.0,48.0,0.0,0.0
1.0,36.0,0.0,63.0,0.0,0.0
2.0,0.0,0.0,98.0,0.0,0.0
2.0,0.0,0.0,98.0,0.0,0.0
1.0,0.0,0.0,99.0,0.0,0.0
1.0,0.0,0.0,99.0,0.0,0.0
2.0,46.0,0.0,52.0,0.0,0.0
1.0,0.0,0.0,99.0,0.0,0.0
1.0,0.0,0.0,99.0,0.0,0.0
1.0,0.0,0.0,99.0,0.0,0.0
1.0,80.0,0.0,19.0,0.0,0.0
1.0,4.0,0.0,95.0,0.0,0.0
1.0,0.0,0.0,99.0,0.0,0.0
1.0,5.0,0.0,94.0,0.0,0.0
2.0,0.0,0.0,98.0,0.0,0.0
1.0,0.0,0.0,99.0,0.0,0.0
1.0,0.0,0.0,99.0,0.0,0.0
1.0,0.0,0.0,99.0,0.0,0.0
4.0,8.0,0.0,88.0,0.0,0.0
1.0,0.0,0.0,99.0,0.0,0.0
1.0,18.0,0.0,81.0,0.0,0.0
1.0,38.0,0.0,61.0,0.0,0.0
1.0,94.0,0.0,5.0,0.0,0.0
2.0,0.0,0.0,98.0,0.0,0.0
1.0,0.0,0.0,99.0,0.0,0.0
1.0,0.0,0.0,99.0,0.0,0.0
2.0,13.0,0.0,85.0,0.0,0.0
1.0,0.0,1.0,98.0,0.0,0.0
1.0,76.0,0.0,23.0,0.0,0.0
2.0,41.0,0.0,57.0,0.0,0.0
1.0,0.0,0.0,99.0,0.0,0.0
1.0,0.0,0.0,99.0,0.0,0.0
1.0,53.0,0.0,46.0,0.0,0.0
3.0,0.0,0.0,97.0,0.0,0.0
1.0,30.0,0.0,69.0,0.0,0.0
1.0,14.0,0.0,85.0,0.0,0.0
3.0,0.0,0.0,97.0,0.0,0.0
2.0,0.0,1.0,97.0,0.0,0.0
1.0,0.0,0.0,99.0,0.0,0.0
2.0,91.0,0.0,7.0,0.0,0.0
1.0,0.0,0.0,99.0,0.0,0.0
1.0,55.0,0.0,44.0,0.0,0.0
1.0,0.0,0.0,99.0,0.0,0.0
1.0,0.0,0.0,99.0,0.0,0.0
1.0,0.0,0.0,99.0,0.0,0.0
2.0,0.0,0.0,98.0,0.0,0.0
1.0,0.0,1.0,98.0,0.0,0.0
1.0,0.0,0.0,99.0,0.0,0.0
2.0,0.0,0.0,98.0,0.0,0.0
1.0,0.0,0.0,99.0,0.0,0.0
1.0,48.0,0.0,51.0,0.0,0.0
1.0,0.0,0.0,99.0,0.0,0.0
1.0,30.0,0.0,69.0,0.0,0.0
1.0,0.0,0.0,99.0,0.0,0.0
1.0,0.0,0.0,99.0,0.0,0.0
1.0,75.0,0.0,24.0,0.0,0.0
1.0,15.0,0.0,84.0,0.0,0.0
1.0,0.0,0.0,99.0,0.0,0.0
1.0,0.0,0.0,99.0,0.0,0.0
1.0,43.0,0.0,56.0,0.0,0.0
1.0,34.0,0.0,65.0,0.0,0.0
1.0,0.0,0.0,99.0,0.0,0.0
1.0,1.0,0.0,98.0,0.0,0.0
1.0,0.0,0.0,99.0,0.0,0.0
1.0,98.0,1.0,0.0,0.0,0.0
2.0,0.0,0.0,98.0,0.0,0.0
2.0,0.0,0.0,98.0,0.0,0.0
1.0,0.0,0.0,99.0,0.0,0.0
1.0,0.0,0.0,99.0,0.0,0.0
2.0,0.0,0.0,98.0,0.0,0.0
2.0,0.0,0.0,98.0,0.0,0.0
1.0,6.0,0.0,93.0,0.0,0.0
1.0,0.0,0.0,99.0,0.0,0.0
1.0,50.0,0.0,49.0,0.0,0.0
1.0,0.0,0.0,99.0,0.0,0.0
1.0,91.0,0.0,8.0,0.0,0.0
1.0,0.0,0.0,99.0,0.0,0.0
1.0,0.0,0.0,99.0,0.0,0.0
2.0,0.0,0.0,98.0,0.0,0.0
2.0,0.0,0.0,98.0,0.0,0.0
3.0,0.0,0.0,97.0,0.0,0.0
2.0,0.0,0.0,98.0,0.0,0.0
2.0,0.0,0.0,98.0,0.0,0.0
1.0,0.0,0.0,99.0,0.0,0.0
1.0,9.0,0.0,90.0,0.0,0.0
1.0,0.0,0.0,99.0,0.0,0.0
1.0,19.0,0.0,80.0,0.0,0.0
2.0,8.0,0.0,90.0,0.0,0.0
2.0,0.0,0.0,98.0,0.0,0.0
1.0,52.0,0.0,47.0,0.0,0.0
3.0,0.0,0.0,97.0,0.0,0.0
1.0,23.0,0.0,76.0,0.0,0.0
1.0,61.0,0.0,38.0,0.0,0.0
1.0,0.0,0.0,99.0,0.0,0.0
1.0,0.0,0.0,99.0,0.0,0.0
1.0,0.0,0.0,99.0,0.0,0.0
1.0,75.0,0.0,24.0,0.0,0.0
1.0,0.0,0.0,99.0,0.0,0.0
1.0,0.0,0.0,99.0,0.0,0.0
2.0,0.0,0.0,98.0,0.0,0.0
1.0,6.0,0.0,93.0,0.0,0.0
1.0,13.0,0.0,86.0,0.0,0.0
1.0,0.0,0.0,99.0,0.0,0.0
2.0,0.0,0.0,98.0,0.0,0.0
3.0,0.0,0.0,97.0,0.0,0.0
1.0,0.0,0.0,99.0,0.0,0.0
1.0,0.0,0.0,99.0,0.0,0.0
1.0,95.0,0.0,4.0,0.0,0.0
1.0,0.0,0.0,99.0,0.0,0.0
1.0,0.0,0.0,99.0,0.0,0.0
1.0,10.0,0.0,89.0,0.0,0.0
1.0,0.0,0.0,99.0,0.0,0.0
1.0,22.0,0.0,77.0,0.0,0.0
1.0,10.0,0.0,89.0,0.0,0.0
1.0,1.0,0.0,98.0,0.0,0.0
1.0,93.0,0.0,6.0,0.0,0.0
2.0,28.0,0.0,70.0,0.0,0.0
2.0,0.0,0.0,98.0,0.0,0.0
1.0,0.0,0.0,99.0,0.0,0.0
1.0,0.0,0.0,99.0,0.0,0.0
1.0,0.0,0.0,99.0,0.0,0.0
1.0,0.0,0.0,99.0,0.0,0.0
1.0,17.0,0.0,70.0,12.0,0.0
1.0,0.0,0.0,99.0,0.0,0.0
1.0,0.0,0.0,99.0,0.0,0.0
1.0,0.0,0.0,99.0,0.0,0.0
1.0,8.0,0.0,91.0,0.0,0.0
2.0,6.0,0.0,92.0,0.0,0.0
1.0,0.0,0.0,99.0,0.0,0.0
2.0,5.0,0.0,93.0,0.0,0.0
1.0,35.0,0.0,64.0,0.0,0.0
1.0,99.0,0.0,0.0,0.0,0.0
1.0,0.0,0.0,99.0,0.0,0.0
1.0,98.0,1.0,0.0,0.0,0.0
1.0,0.0,0.0,99.0,0.0,0.0
1.0,41.0,0.0,58.0,0.0,0.0
1.0,0.0,0.0,99.0,0.0,0.0
1.0,2.0,5.0,0.0,0.0,0.0
1.0,99.0,0.0,0.0,0.0,0.0
1.0,18.0,0.0,81.0,0.0,0.0
1.0,14.0,0.0,85.0,0.0,0.0
1.0,0.0,0.0,99.0,0.0,0.0
1.0,0.0,0.0,99.0,0.0,0.0
1.0,43.0,0.0,56.0,0.0,0.0
2.0,20.0,0.0,78.0,0.0,0.0
1.0,99.0,0.0,0.0,0.0,0.0
1.0,51.0,0.0,48.0,0.0,0.0
3.0,0.0,0.0,97.0,0.0,0.0
1.0,0.0,1.0,98.0,0.0,0.0
1.0,0.0,0.0,99.0,0.0,0.0
2.0,0.0,0.0,98.0,0.0,0.0
1.0,10.0,0.0,89.0,0.0,0.0
1.0,0.0,0.0,99.0,0.0,0.0
1.0,0.0,28.0,9.0,0.0,0.0
1.0,8.0,0.0,91.0,0.0,0.0
1.0,46.0,0.0,53.0,0.0,0.0
1.0,0.0,0.0,99.0,0.0,0.0
1.0,1.0,0.0,98.0,0.0,0.0
2.0,0.0,0.0,98.0,0.0,0.0
1.0,6.0,0.0,93.0,0.0,0.0
1.0,0.0,0.0,99.0,0.0,0.0
1.0,0.0,0.0,99.0,0.0,0.0
1.0,0.0,0.0,99.0,0.0,0.0
1.0,2.0,0.0,97.0,0.0,0.0
1.0,99.0,0.0,0.0,0.0,0.0
1.0,0.0,0.0,99.0,0.0,0.0
1.0,0.0,0.0,99.0,0.0,0.0
2.0,41.0,0.0,57.0,0.0,0.0
1.0,98.0,0.0,1.0,0.0,0.0
1.0,1.0,0.0,98.0,0.0,0.0
1.0,0.0,0.0,99.0,0.0,0.0
3.0,0.0,0.0,97.0,0.0,0.0
1.0,0.0,0.0,99.0,0.0,0.0
1.0,0.0,0.0,99.0,0.0,0.0
1.0,0.0,0.0,99.0,0.0,0.0
3.0,0.0,0.0,97.0,0.0,0.0
1.0,0.0,0.0,99.0,0.0,0.0
1.0,0.0,0.0,99.0,0.0,0.0
1.0,12.0,0.0,87.0,0.0,0.0
1.0,0.0,0.0,99.0,0.0,0.0
1.0,0.0,0.0,99.0,0.0,0.0
1.0,30.0,0.0,69.0,0.0,0.0
1.0,0.0,0.0,99.0,0.0,0.0
1.0,0.0,0.0,99.0,0.0,0.0
1.0,0.0,0.0,99.0,0.0,0.0
1.0,0.0,0.0,99.0,0.0,0.0
2.0,0.0,0.0,98.0,0.0,0.0
3.0,0.0,0.0,97.0,0.0,0.0
1.0,55.0,0.0,44.0,0.0,0.0
2.0,71.0,0.0,27.0,0.0,0.0
2.0,71.0,0.0,27.0,0.0,0.0
2.0,0.0,1.0,97.0,0.0,0.0
1.0,35.0,0.0,64.0,0.0,0.0
1.0,58.0,0.0,41.0,0.0,0.0
1.0,98.0,1.0,0.0,0.0,0.0
3.0,0.0,0.0,97.0,0.0,0.0
1.0,0.0,0.0,99.0,0.0,0.0
2.0,61.0,0.0,37.0,0.0,0.0
1.0,11.0,2.0,0.0,0.0,0.0
1.0,0.0,0.0,99.0,0.0,0.0
1.0,0.0,0.0,99.0,0.0,0.0
1.0,0.0,0.0,99.0,0.0,0.0
1.0,0.0,0.0,99.0,0.0,0.0
1.0,98.0,1.0,0.0,0.0,0.0
1.0,0.0,0.0,99.0,0.0,0.0
1.0,0.0,0.0,99.0,0.0,0.0
1.0,21.0,0.0,78.0,0.0,0.0
2.0,9.0,0.0,89.0,0.0,0.0
1.0,0.0,0.0,99.0,0.0,0.0
1.0,60.0,0.0,39.0,0.0,0.0
1.0,0.0,0.0,99.0,0.0,0.0
1.0,3.0,0.0,96.0,0.0,0.0
1.0,0.0,0.0,99.0,0.0,0.0
1.0,0.0,0.0,99.0,0.0,0.0
1.0,0.0,0.0,99.0,0.0,0.0
1.0,5.0,0.0,94.0,0.0,0.0
1.0,0.0,0.0,99.0,0.0,0.0
1.0,99.0,0.0,0.0,0.0,0.0
1.0,1.0,0.0,98.0,0.0,0.0
1.0,0.0,0.0,99.0,0.0,0.0
1.0,0.0,0.0,99.0,0.0,0.0
1.0,0.0,0.0,99.0,0.0,0.0
1.0,0.0,0.0,99.0,0.0,0.0
1.0,91.0,0.0,8.0,0.0,0.0
1.0,0.0,0.0,99.0,0.0,0.0
1.0,0.0,0.0,99.0,0.0,0.0
2.0,0.0,0.0,98.0,0.0,0.0
1.0,0.0,0.0,99.0,0.0,0.0
2.0,0.0,0.0,98.0,0.0,0.0
1.0,0.0,0.0,99.0,0.0,0.0
1.0,0.0,0.0,99.0,0.0,0.0
1.0,28.0,0.0,71.0,0.0,0.0
1.0,0.0,0.0,99.0,0.0,0.0
1.0,0.0,0.0,99.0,0.0,0.0
2.0,0.0,0.0,98.0,0.0,0.0
1.0,0.0,0.0,99.0,0.0,0.0
2.0,48.0,0.0,50.0,0.0,0.0
1.0,0.0,0.0,99.0,0.0,0.0
2.0,0.0,0.0,98.0,0.0,0.0
1.0,0.0,0.0,99.0,0.0,0.0
1.0,98.0,1.0,0.0,0.0,0.0
1.0,44.0,0.0,55.0,0.0,0.0
2.0,26.0,0.0,72.0,0.0,0.0
1.0,0.0,0.0,99.0,0.0,0.0
4.0,0.0,0.0,96.0,0.0,0.0
3.0,0.0,0.0,97.0,0.0,0.0
1.0,0.0,0.0,99.0,0.0,0.0
1.0,52.0,0.0,47.0,0.0,0.0
1.0,2.0,0.0,97.0,0.0,0.0
1.0,0.0,0.0,99.0,0.0,0.0
1.0,0.0,0.0,99.0,0.0,0.0
1.0,44.0,0.0,55.0,0.0,0.0
1.0,9.0,0.0,90.0,0.0,0.0
2.0,0.0,0.0,98.0,0.0,0.0
1.0,0.0,0.0,99.0,0.0,0.0
1.0,99.0,0.0,0.0,0.0,0.0
1.0,99.0,0.0,0.0,0.0,0.0
2.0,0.0,0.0,98.0,0.0,0.0
2.0,47.0,0.0,51.0,0.0,0.0
1.0,78.0,0.0,21.0,0.0,0.0
1.0,58.0,0.0,41.0,0.0,0.0
1.0,37.0,0.0,62.0,0.0,0.0
1.0,16.0,0.0,83.0,0.0,0.0
1.0,0.0,0.0,99.0,0.0,0.0
1.0,0.0,0.0,99.0,0.0,0.0
2.0,63.0,0.0,35.0,0.0,0.0
2.0,0.0,0.0,98.0,0.0,0.0
1.0,4.0,0.0,95.0,0.0,0.0
1.0,0.0,0.0,99.0,0.0,0.0
1.0,0.0,0.0,99.0,0.0,0.0
1.0,0.0,0.0,99.0,0.0,0.0
1.0,97.0,0.0,2.0,0.0,0.0
1.0,26.0,0.0,73.0,0.0,0.0
1.0,0.0,0.0,99.0,0.0,0.0
1.0,0.0,0.0,99.0,0.0,0.0
1.0,0.0,0.0,99.0,0.0,0.0
1.0,0.0,0.0,99.0,0.0,0.0
1.0,1.0,0.0,98.0,0.0,0.0
1.0,0.0,0.0,99.0,0.0,0.0
1.0,54.0,0.0,45.0,0.0,0.0
1.0,3.0,0.0,96.0,0.0,0.0
1.0,0.0,0.0,99.0,0.0,0.0
1.0,0.0,1.0,98.0,0.0,0.0
1.0,99.0,0.0,0.0,0.0,0.0
1.0,64.0,0.0,35.0,0.0,0.0
3.0,0.0,0.0,97.0,0.0,0.0
2.0,86.0,0.0,12.0,0.0,0.0
1.0,29.0,0.0,70.0,0.0,0.0
1.0,49.0,0.0,50.0,0.0,0.0
1.0,0.0,0.0,99.0,0.0,0.0
1.0,0.0,0.0,99.0,0.0,0.0
1.0,0.0,0.0,99.0,0.0,0.0
1.0,0.0,0.0,99.0,0.0,0.0
1.0,4.0,0.0,95.0,0.0,0.0
1.0,0.0,0.0,99.0,0.0,0.0
1.0,40.0,0.0,59.0,0.0,0.0
1.0,14.0,0.0,85.0,0.0,0.0
1.0,11.0,0.0,88.0,0.0,0.0
2.0,0.0,0.0,98.0,0.0,0.0
1.0,0.0,0.0,99.0,0.0,0.0
1.0,0.0,0.0,99.0,0.0,0.0
1.0,0.0,0.0,99.0,0.0,0.0
1.0,0.0,0.0,99.0,0.0,0.0
1.0,1.0,0.0,98.0,0.0,0.0
2.0,0.0,0.0,98.0,0.0,0.0
1.0,0.0,0.0,99.0,0.0,0.0
2.0,1.0,0.0,97.0,0.0,0.0
1.0,62.0,0.0,37.0,0.0,0.0
1.0,0.0,0.0,99.0,0.0,0.0
1.0,78.0,0.0,21.0,0.0,0.0
2.0,0.0,0.0,98.0,0.0,0.0
2.0,0.0,0.0,98.0,0.0,0.0
1.0,0.0,0.0,99.0,0.0,0.0
1.0,99.0,0.0,0.0,0.0,0.0
1.0,0.0,0.0,99.0,0.0,0.0
1.0,66.0,0.0,33.0,0.0,0.0
2.0,36.0,0.0,62.0,0.0,0.0
1.0,0.0,0.0,99.0,0.0,0.0
1.0,0.0,0.0,99.0,0.0,0.0
1.0,36.0,0.0,63.0,0.0,0.0
1.0,0.0,0.0,99.0,0.0,0.0
1.0,0.0,0.0,99.0,0.0,0.0
2.0,98.0,0.0,0.0,0.0,0.0
1.0,0.0,0.0,99.0,0.0,0.0
1.0,8.0,0.0,91.0,0.0,0.0
1.0,88.0,0.0,11.0,0.0,0.0
2.0,98.0,0.0,0.0,0.0,0.0
1.0,13.0,0.0,86.0,0.0,0.0
2.0,0.0,0.0,98.0,0.0,0.0
1.0,0.0,0.0,99.0,0.0,0.0
1.0,0.0,0.0,99.0,0.0,0.0
1.0,0.0,1.0,98.0,0.0,0.0
1.0,0.0,0.0,99.0,0.0,0.0
1.0,0.0,0.0,99.0,0.0,0.0
1.0,54.0,0.0,45.0,0.0,0.0
1.0,64.0,16.0,0.0,0.0,0.0
1.0,0.0,1.0,98.0,0.0,0.0
2.0,79.0,0.0,19.0,0.0,0.0
2.0,0.0,0.0,98.0,0.0,0.0
1.0,28.0,0.0,71.0,0.0,0.0
1.0,0.0,0.0,99.0,0.0,0.0
1.0,20.0,0.0,79.0,0.0,0.0
2.0,0.0,0.0,98.0,0.0,0.0
1.0,50.0,0.0,49.0,0.0,0.0
1.0,58.0,0.0,41.0,0.0,0.0
1.0,0.0,0.0,99.0,0.0,0.0
1.0,0.0,1.0,98.0,0.0,0.0
1.0,0.0,0.0,99.0,0.0,0.0
1.0,0.0,0.0,99.0,0.0,0.0
2.0,37.0,0.0,39.0,22.0,0.0
2.0,0.0,0.0,98.0,0.0,0.0
1.0,0.0,0.0,99.0,0.0,0.0
1.0,15.0,0.0,84.0,0.0,0.0
1.0,0.0,0.0,99.0,0.0,0.0
1.0,0.0,0.0,99.0,0.0,0.0
1.0,7.0,29.0,0.0,0.0,0.0
1.0,0.0,0.0,99.0,0.0,0.0
1.0,21.0,0.0,78.0,0.0,0.0
1.0,0.0,0.0,99.0,0.0,0.0
2.0,0.0,0.0,98.0,0.0,0.0
1.0,0.0,0.0,99.0,0.0,0.0
3.0,0.0,1.0,96.0,0.0,0.0
1.0,0.0,0.0,99.0,0.0,0.0
1.0,75.0,0.0,24.0,0.0,0.0
1.0,0.0,0.0,99.0,0.0,0.0
2.0,0.0,0.0,98.0,0.0,0.0
1.0,0.0,0.0,99.0,0.0,0.0
1.0,4.0,0.0,95.0,0.0,0.0
1.0,0.0,0.0,99.0,0.0,0.0
1.0,0.0,0.0,99.0,0.0,0.0
1.0,0.0,0.0,99.0,0.0,0.0
1.0,18.0,0.0,81.0,0.0,0.0
1.0,0.0,0.0,99.0,0.0,0.0
1.0,2.0,0.0,97.0,0.0,0.0
1.0,38.0,0.0,61.0,0.0,0.0
1.0,47.0,0.0,52.0,0.0,0.0
1.0,0.0,1.0,98.0,0.0,0.0
1.0,0.0,0.0,99.0,0.0,0.0
1.0,0.0,0.0,99.0,0.0,0.0
1.0,55.0,0.0,44.0,0.0,0.0
1.0,0.0,0.0,99.0,0.0,0.0
2.0,0.0,0.0,98.0,0.0,0.0
1.0,4.0,0.0,95.0,0.0,0.0
1.0,0.0,0.0,99.0,0.0,0.0
1.0,0.0,0.0,99.0,0.0,0.0
1.0,25.0,0.0,74.0,0.0,0.0
2.0,0.0,0.0,98.0,0.0,0.0
1.0,99.0,0.0,0.0,0.0,0.0
2.0,55.0,0.0,43.0,0.0,0.0
1.0,99.0,0.0,0.0,0.0,0.0
2.0,0.0,0.0,98.0,0.0,0.0
1.0,3.0,0.0,96.0,0.0,0.0
1.0,0.0,0.0,99.0,0.0,0.0
1.0,0.0,0.0,99.0,0.0,0.0
1.0,0.0,0.0,99.0,0.0,0.0
1.0,19.0,0.0,80.0,0.0,0.0
1.0,38.0,0.0,61.0,0.0,0.0
2.0,98.0,0.0,0.0,0.0,0.0
1.0,0.0,0.0,99.0,0.0,0.0
2.0,0.0,0.0,98.0,0.0,0.0
1.0,0.0,0.0,99.0,0.0,0.0
2.0,77.0,0.0,21.0,0.0,0.0
1.0,3.0,0.0,96.0,0.0,0.0
1.0,0.0,0.0,99.0,0.0,0.0
3.0,0.0,0.0,97.0,0.0,0.0
3.0,0.0,0.0,97.0,0.0,0.0
2.0,10.0,0.0,88.0,0.0,0.0
1.0,5.0,0.0,94.0,0.0,0.0
1.0,0.0,0.0,99.0,0.0,0.0
1.0,0.0,0.0,99.0,0.0,0.0
1.0,0.0,0.0,99.0,0.0,0.0
1.0,7.0,0.0,92.0,0.0,0.0
1.0,0.0,0.0,99.0,0.0,0.0
1.0,0.0,0.0,99.0,0.0,0.0
1.0,0.0,0.0,99.0,0.0,0.0
1.0,42.0,0.0,49.0,8.0,0.0
1.0,0.0,0.0,99.0,0.0,0.0
2.0,0.0,0.0,98.0,0.0,0.0
2.0,85.0,0.0,13.0,0.0,0.0
1.0,0.0,1.0,98.0,0.0,0.0
1.0,57.0,0.0,42.0,0.0,0.0
2.0,86.0,0.0,12.0,0.0,0.0
1.0,0.0,0.0,99.0,0.0,0.0
2.0,0.0,0.0,98.0,0.0,0.0
1.0,0.0,0.0,99.0,0.0,0.0
2.0,0.0,0.0,98.0,0.0,0.0
1.0,0.0,0.0,99.0,0.0,0.0
1.0,21.0,0.0,78.0,0.0,0.0
1.0,0.0,0.0,99.0,0.0,0.0
2.0,0.0,0.0,98.0,0.0,0.0
1.0,0.0,0.0,99.0,0.0,0.0
1.0,99.0,0.0,0.0,0.0,0.0
1.0,0.0,0.0,99.0,0.0,0.0
1.0,0.0,0.0,99.0,0.0,0.0
1.0,75.0,0.0,24.0,0.0,0.0
4.0,0.0,0.0,96.0,0.0,0.0
1.0,99.0,0.0,0.0,0.0,0.0
1.0,0.0,0.0,99.0,0.0,0.0
1.0,89.0,0.0,10.0,0.0,0.0
1.0,0.0,0.0,99.0,0.0,0.0
1.0,0.0,0.0,99.0,0.0,0.0
2.0,42.0,0.0,56.0,0.0,0.0
2.0,0.0,0.0,98.0,0.0,0.0
1.0,69.0,0.0,30.0,0.0,0.0
1.0,22.0,0.0,77.0,0.0,0.0
1.0,0.0,0.0,99.0,0.0,0.0
1.0,0.0,0.0,99.0,0.0,0.0
1.0,24.0,0.0,75.0,0.0,0.0
1.0,22.0,0.0,77.0,0.0,0.0
2.0,6.0,0.0,92.0,0.0,0.0
1.0,0.0,0.0,99.0,0.0,0.0
1.0,0.0,0.0,99.0,0.0,0.0
1.0,0.0,0.0,99.0,0.0,0.0
1.0,0.0,0.0,99.0,0.0,0.0
2.0,0.0,0.0,98.0,0.0,0.0
1.0,0.0,0.0,99.0,0.0,0.0
1.0,0.0,0.0,99.0,0.0,0.0
1.0,23.0,0.0,76.0,0.0,0.0
1.0,0.0,0.0,99.0,0.0,0.0
2.0,0.0,0.0,98.0,0.0,0.0
1.0,0.0,0.0,99.0,0.0,0.0
1.0,0.0,1.0,98.0,0.0,0.0
4.0,0.0,0.0,96.0,0.0,0.0
1.0,0.0,0.0,99.0,0.0,0.0
1.0,0.0,0.0,99.0,0.0,0.0
1.0,99.0,0.0,0.0,0.0,0.0
2.0,0.0,0.0,98.0,0.0,0.0
1.0,0.0,0.0,99.0,0.0,0.0
1.0,45.0,0.0,54.0,0.0,0.0
1.0,0.0,0.0,99.0,0.0,0.0
1.0,0.0,95.0,4.0,0.0,0.0
1.0,0.0,0.0,99.0,0.0,0.0
2.0,0.0,0.0,98.0,0.0,0.0
1.0,0.0,0.0,99.0,0.0,0.0
1.0,99.0,0.0,0.0,0.0,0.0
1.0,0.0,0.0,99.0,0.0,0.0
1.0,0.0,0.0,99.0,0.0,0.0
2.0,0.0,0.0,98.0,0.0,0.0
2.0,0.0,0.0,98.0,0.0,0.0
1.0,0.0,0.0,99.0,0.0,0.0
1.0,50.0,0.0,49.0,0.0,0.0
1.0,0.0,0.0,99.0,0.0,0.0
1.0,0.0,0.0,99.0,0.0,0.0
1.0,52.0,0.0,47.0,0.0,0.0
1.0,0.0,0.0,99.0,0.0,0.0
3.0,0.0,0.0,97.0,0.0,0.0
1.0,68.0,0.0,31.0,0.0,0.0
2.0,3.0,18.0,77.0,0.0,0.0
1.0,0.0,0.0,99.0,0.0,0.0
2.0,0.0,0.0,98.0,0.0,0.0
1.0,0.0,0.0,99.0,0.0,0.0
2.0,0.0,0.0,98.0,0.0,0.0
1.0,67.0,0.0,32.0,0.0,0.0
1.0,0.0,0.0,99.0,0.0,0.0
1.0,0.0,0.0,99.0,0.0,0.0
1.0,99.0,0.0,0.0,0.0,0.0
1.0,0.0,0.0,99.0,0.0,0.0
1.0,0.0,0.0,99.0,0.0,0.0
1.0,81.0,0.0,18.0,0.0,0.0
1.0,22.0,0.0,77.0,0.0,0.0
1.0,0.0,0.0,99.0,0.0,0.0
1.0,0.0,0.0,99.0,0.0,0.0
1.0,99.0,0.0,0.0,0.0,0.0
1.0,0.0,0.0,99.0,0.0,0.0
1.0,0.0,0.0,99.0,0.0,0.0
1.0,0.0,1.0,98.0,0.0,0.0
1.0,0.0,0.0,99.0,0.0,0.0
1.0,0.0,0.0,99.0,0.0,0.0
2.0,0.0,0.0,98.0,0.0,0.0
3.0,0.0,0.0,97.0,0.0,0.0
1.0,4.0,0.0,95.0,0.0,0.0
1.0,0.0,0.0,99.0,0.0,0.0
1.0,0.0,0.0,99.0,0.0,0.0
1.0,28.0,0.0,71.0,0.0,0.0
1.0,0.0,0.0,99.0,0.0,0.0
2.0,0.0,0.0,98.0,0.0,0.0
1.0,0.0,0.0,99.0,0.0,0.0
1.0,99.0,0.0,0.0,0.0,0.0
1.0,99.0,0.0,0.0,0.0,0.0
1.0,76.0,0.0,23.0,0.0,0.0
1.0,9.0,0.0,90.0,0.0,0.0
1.0,11.0,0.0,88.0,0.0,0.0
1.0,12.0,0.0,87.0,0.0,0.0
1.0,0.0,0.0,99.0,0.0,0.0
1.0,0.0,0.0,99.0,0.0,0.0
1.0,5.0,0.0,94.0,0.0,0.0
4.0,0.0,0.0,96.0,0.0,0.0
1.0,10.0,0.0,89.0,0.0,0.0
1.0,0.0,1.0,98.0,0.0,0.0
2.0,3.0,0.0,95.0,0.0,0.0
1.0,99.0,0.0,0.0,0.0,0.0
1.0,0.0,0.0,99.0,0.0,0.0
1.0,0.0,0.0,99.0,0.0,0.0
1.0,0.0,0.0,99.0,0.0,0.0
2.0,25.0,0.0,73.0,0.0,0.0
1.0,69.0,0.0,30.0,0.0,0.0
1.0,0.0,0.0,99.0,0.0,0.0
3.0,0.0,0.0,97.0,0.0,0.0
1.0,0.0,0.0,99.0,0.0,0.0
1.0,0.0,0.0,99.0,0.0,0.0
1.0,0.0,0.0,99.0,0.0,0.0
1.0,0.0,0.0,99.0,0.0,0.0
2.0,0.0,0.0,98.0,0.0,0.0
2.0,0.0,0.0,98.0,0.0,0.0
1.0,99.0,0.0,0.0,0.0,0.0
1.0,16.0,0.0,83.0,0.0,0.0
1.0,0.0,1.0,98.0,0.0,0.0
1.0,0.0,0.0,99.0,0.0,0.0
1.0,0.0,0.0,99.0,0.0,0.0
1.0,0.0,0.0,99.0,0.0,0.0
1.0,0.0,0.0,99.0,0.0,0.0
1.0,0.0,0.0,99.0,0.0,0.0
1.0,0.0,0.0,99.0,0.0,0.0
1.0,0.0,0.0,99.0,0.0,0.0
2.0,94.0,0.0,4.0,0.0,0.0
5.0,0.0,0.0,95.0,0.0,0.0
1.0,0.0,0.0,99.0,0.0,0.0
3.0,0.0,0.0,97.0,0.0,0.0
1.0,0.0,0.0,99.0,0.0,0.0
1.0,54.0,0.0,45.0,0.0,0.0
2.0,0.0,0.0,98.0,0.0,0.0
1.0,0.0,0.0,99.0,0.0,0.0
1.0,69.0,0.0,30.0,0.0,0.0
1.0,21.0,0.0,78.0,0.0,0.0
1.0,99.0,0.0,0.0,0.0,0.0
2.0,98.0,0.0,0.0,0.0,0.0
1.0,99.0,0.0,0.0,0.0,0.0
1.0,0.0,0.0,99.0,0.0,0.0
1.0,0.0,0.0,99.0,0.0,0.0
1.0,0.0,0.0,99.0,0.0,0.0
1.0,84.0,0.0,15.0,0.0,0.0
1.0,99.0,0.0,0.0,0.0,0.0
3.0,28.0,0.0,69.0,0.0,0.0
1.0,0.0,0.0,99.0,0.0,0.0
2.0,0.0,0.0,98.0,0.0,0.0
1.0,1.0,0.0,98.0,0.0,0.0
1.0,3.0,0.0,96.0,0.0,0.0
1.0,99.0,0.0,0.0,0.0,0.0
1.0,25.0,0.0,74.0,0.0,0.0
1.0,0.0,0.0,99.0,0.0,0.0
2.0,0.0,0.0,98.0,0.0,0.0
1.0,0.0,0.0,99.0,0.0,0.0
1.0,0.0,0.0,99.0,0.0,0.0
1.0,3.0,0.0,96.0,0.0,0.0
1.0,0.0,0.0,99.0,0.0,0.0
2.0,0.0,0.0,98.0,0.0,0.0
1.0,0.0,0.0,99.0,0.0,0.0
1.0,0.0,0.0,99.0,0.0,0.0
1.0,0.0,0.0,99.0,0.0,0.0
1.0,99.0,0.0,0.0,0.0,0.0
1.0,29.0,0.0,70.0,0.0,0.0
1.0,0.0,0.0,99.0,0.0,0.0
1.0,0.0,0.0,99.0,0.0,0.0
1.0,1.0,0.0,98.0,0.0,0.0
1.0,1.0,0.0,98.0,0.0,0.0
1.0,99.0,0.0,0.0,0.0,0.0
1.0,0.0,0.0,99.0,0.0,0.0
2.0,0.0,0.0,98.0,0.0,0.0
1.0,55.0,0.0,44.0,0.0,0.0
1.0,54.0,0.0,45.0,0.0,0.0
1.0,0.0,0.0,99.0,0.0,0.0
1.0,0.0,0.0,99.0,0.0,0.0
3.0,0.0,0.0,97.0,0.0,0.0
1.0,0.0,0.0,99.0,0.0,0.0
1.0,0.0,0.0,99.0,0.0,0.0
1.0,0.0,0.0,99.0,0.0,0.0
2.0,0.0,0.0,98.0,0.0,0.0
1.0,0.0,0.0,99.0,0.0,0.0
1.0,0.0,0.0,99.0,0.0,0.0
1.0,0.0,0.0,99.0,0.0,0.0
1.0,8.0,0.0,91.0,0.0,0.0
1.0,34.0,0.0,65.0,0.0,0.0
1.0,99.0,0.0,0.0,0.0,0.0
1.0,0.0,0.0,99.0,0.0,0.0
2.0,11.0,0.0,87.0,0.0,0.0
1.0,86.0,0.0,13.0,0.0,0.0
1.0,0.0,0.0,99.0,0.0,0.0
1.0,0.0,0.0,99.0,0.0,0.0
1.0,60.0,0.0,39.0,0.0,0.0
2.0,0.0,0.0,98.0,0.0,0.0
1.0,79.0,0.0,20.0,0.0,0.0
1.0,0.0,0.0,99.0,0.0,0.0
2.0,0.0,0.0,98.0,0.0,0.0
2.0,0.0,0.0,98.0,0.0,0.0
1.0,99.0,0.0,0.0,0.0,0.0
1.0,60.0,0.0,39.0,0.0,0.0
1.0,0.0,0.0,99.0,0.0,0.0
1.0,24.0,0.0,75.0,0.0,0.0
1.0,0.0,0.0,99.0,0.0,0.0
1.0,1.0,0.0,98.0,0.0,0.0
1.0,65.0,0.0,34.0,0.0,0.0
2.0,0.0,0.0,98.0,0.0,0.0
1.0,99.0,0.0,0.0,0.0,0.0
1.0,0.0,0.0,99.0,0.0,0.0
3.0,0.0,0.0,97.0,0.0,0.0
1.0,0.0,0.0,99.0,0.0,0.0
1.0,0.0,0.0,99.0,0.0,0.0
1.0,99.0,0.0,0.0,0.0,0.0
1.0,72.0,0.0,27.0,0.0,0.0
1.0,0.0,0.0,99.0,0.0,0.0
1.0,0.0,0.0,99.0,0.0,0.0
1.0,0.0,0.0,99.0,0.0,0.0
2.0,0.0,0.0,98.0,0.0,0.0
2.0,0.0,0.0,98.0,0.0,0.0
1.0,0.0,0.0,99.0,0.0,0.0
2.0,92.0,0.0,6.0,0.0,0.0
1.0,0.0,0.0,99.0,0.0,0.0
1.0,0.0,0.0,99.0,0.0,0.0
1.0,0.0,1.0,98.0,0.0,0.0
1.0,7.0,0.0,92.0,0.0,0.0
1.0,99.0,0.0,0.0,0.0,0.0
1.0,0.0,0.0,99.0,0.0,0.0
1.0,0.0,0.0,99.0,0.0,0.0
2.0,98.0,0.0,0.0,0.0,0.0
1.0,0.0,0.0,99.0,0.0,0.0
1.0,99.0,0.0,0.0,0.0,0.0
1.0,0.0,0.0,99.0,0.0,0.0
1.0,0.0,0.0,99.0,0.0,0.0
1.0,99.0,0.0,0.0,0.0,0.0
1.0,0.0,0.0,99.0,0.0,0.0
1.0,0.0,0.0,99.0,0.0,0.0
1.0,0.0,0.0,99.0,0.0,0.0
1.0,0.0,0.0,99.0,0.0,0.0
1.0,99.0,0.0,0.0,0.0,0.0
2.0,0.0,0.0,98.0,0.0,0.0
1.0,0.0,0.0,99.0,0.0,0.0
1.0,99.0,0.0,0.0,0.0,0.0
2.0,0.0,0.0,98.0,0.0,0.0
1.0,20.0,0.0,79.0,0.0,0.0
1.0,98.0,0.0,1.0,0.0,0.0
1.0,33.0,0.0,66.0,0.0,0.0
1.0,70.0,0.0,29.0,0.0,0.0
2.0,0.0,0.0,98.0,0.0,0.0
1.0,0.0,0.0,99.0,0.0,0.0
1.0,69.0,0.0,30.0,0.0,0.0
2.0,0.0,1.0,97.0,0.0,0.0
1.0,60.0,0.0,39.0,0.0,0.0
1.0,0.0,0.0,99.0,0.0,0.0
1.0,0.0,0.0,99.0,0.0,0.0
1.0,0.0,0.0,99.0,0.0,0.0
1.0,0.0,0.0,99.0,0.0,0.0
2.0,57.0,41.0,0.0,0.0,0.0
1.0,0.0,0.0,99.0,0.0,0.0
1.0,3.0,0.0,96.0,0.0,0.0
1.0,0.0,0.0,99.0,0.0,0.0
2.0,0.0,0.0,98.0,0.0,0.0
1.0,0.0,0.0,99.0,0.0,0.0
2.0,0.0,0.0,98.0,0.0,0.0
1.0,99.0,0.0,0.0,0.0,0.0
1.0,59.0,0.0,40.0,0.0,0.0
1.0,0.0,0.0,99.0,0.0,0.0
2.0,0.0,0.0,98.0,0.0,0.0
1.0,1.0,0.0,98.0,0.0,0.0
1.0,0.0,0.0,99.0,0.0,0.0
1.0,79.0,0.0,20.0,0.0,0.0
1.0,0.0,0.0,99.0,0.0,0.0
1.0,48.0,0.0,51.0,0.0,0.0
1.0,99.0,0.0,0.0,0.0,0.0
1.0,0.0,0.0,99.0,0.0,0.0
1.0,29.0,0.0,70.0,0.0,0.0
2.0,98.0,0.0,0.0,0.0,0.0
1.0,0.0,0.0,99.0,0.0,0.0
1.0,0.0,0.0,99.0,0.0,0.0
1.0,0.0,0.0,99.0,0.0,0.0
1.0,0.0,0.0,99.0,0.0,0.0
1.0,0.0,0.0,99.0,0.0,0.0
1.0,80.0,0.0,19.0,0.0,0.0
1.0,0.0,0.0,99.0,0.0,0.0
1.0,53.0,0.0,46.0,0.0,0.0
1.0,99.0,0.0,0.0,0.0,0.0
2.0,0.0,44.0,54.0,0.0,0.0
1.0,0.0,0.0,99.0,0.0,0.0
1.0,0.0,0.0,99.0,0.0,0.0
2.0,68.0,0.0,30.0,0.0,0.0
1.0,99.0,0.0,0.0,0.0,0.0
1.0,0.0,0.0,99.0,0.0,0.0
1.0,0.0,0.0,99.0,0.0,0.0
1.0,0.0,0.0,99.0,0.0,0.0
1.0,0.0,0.0,99.0,0.0,0.0
1.0,0.0,0.0,99.0,0.0,0.0
1.0,0.0,0.0,99.0,0.0,0.0
1.0,0.0,0.0,99.0,0.0,0.0
1.0,0.0,0.0,99.0,0.0,0.0
1.0,0.0,0.0,99.0,0.0,0.0
3.0,0.0,0.0,97.0,0.0,0.0
3.0,0.0,0.0,97.0,0.0,0.0
1.0,0.0,0.0,99.0,0.0,0.0
2.0,0.0,0.0,98.0,0.0,0.0
1.0,0.0,0.0,99.0,0.0,0.0
1.0,99.0,0.0,0.0,0.0,0.0
1.0,0.0,0.0,99.0,0.0,0.0
1.0,0.0,0.0,99.0,0.0,0.0
1.0,0.0,0.0,99.0,0.0,0.0
1.0,0.0,0.0,99.0,0.0,0.0
2.0,98.0,0.0,0.0,0.0,0.0
1.0,0.0,0.0,99.0,0.0,0.0
1.0,0.0,0.0,99.0,0.0,0.0
1.0,0.0,0.0,99.0,0.0,0.0
1.0,0.0,0.0,99.0,0.0,0.0
2.0,87.0,0.0,11.0,0.0,0.0
1.0,0.0,0.0,99.0,0.0,0.0
1.0,0.0,0.0,99.0,0.0,0.0
2.0,0.0,0.0,98.0,0.0,0.0
1.0,0.0,0.0,99.0,0.0,0.0
1.0,0.0,0.0,99.0,0.0,0.0
1.0,0.0,0.0,99.0,0.0,0.0
1.0,0.0,0.0,99.0,0.0,0.0
1.0,0.0,0.0,99.0,0.0,0.0
1.0,65.0,0.0,34.0,0.0,0.0
1.0,0.0,0.0,99.0,0.0,0.0
1.0,0.0,0.0,99.0,0.0,0.0
2.0,0.0,0.0,98.0,0.0,0.0
2.0,0.0,0.0,98.0,0.0,0.0
1.0,0.0,0.0,99.0,0.0,0.0
1.0,0.0,0.0,99.0,0.0,0.0
1.0,0.0,0.0,99.0,0.0,0.0
1.0,50.0,0.0,49.0,0.0,0.0
3.0,0.0,0.0,97.0,0.0,0.0
2.0,0.0,0.0,98.0,0.0,0.0
1.0,10.0,0.0,89.0,0.0,0.0
2.0,0.0,0.0,98.0,0.0,0.0
1.0,47.0,0.0,16.0,36.0,0.0
1.0,0.0,0.0,99.0,0.0,0.0
1.0,0.0,0.0,99.0,0.0,0.0
1.0,0.0,0.0,99.0,0.0,0.0
1.0,44.0,0.0,55.0,0.0,0.0
1.0,71.0,0.0,28.0,0.0,0.0
2.0,2.0,0.0,96.0,0.0,0.0
2.0,0.0,0.0,98.0,0.0,0.0
1.0,0.0,0.0,99.0,0.0,0.0
1.0,99.0,0.0,0.0,0.0,0.0
1.0,99.0,0.0,0.0,0.0,0.0
1.0,0.0,0.0,99.0,0.0,0.0
1.0,0.0,0.0,99.0,0.0,0.0
1.0,99.0,0.0,0.0,0.0,0.0
1.0,0.0,0.0,99.0,0.0,0.0
1.0,0.0,0.0,99.0,0.0,0.0
1.0,0.0,0.0,99.0,0.0,0.0
1.0,0.0,0.0,99.0,0.0,0.0
1.0,53.0,0.0,46.0,0.0,0.0
1.0,0.0,0.0,99.0,0.0,0.0
1.0,0.0,1.0,98.0,0.0,0.0
1.0,0.0,0.0,99.0,0.0,0.0
1.0,0.0,0.0,99.0,0.0,0.0
1.0,99.0,0.0,0.0,0.0,0.0
1.0,0.0,0.0,99.0,0.0,0.0
2.0,0.0,0.0,98.0,0.0,0.0
2.0,34.0,0.0,64.0,0.0,0.0
3.0,0.0,0.0,97.0,0.0,0.0
1.0,89.0,0.0,10.0,0.0,0.0
1.0,0.0,0.0,99.0,0.0,0.0
1.0,0.0,0.0,99.0,0.0,0.0
1.0,0.0,0.0,99.0,0.0,0.0
1.0,0.0,0.0,99.0,0.0,0.0
1.0,0.0,0.0,99.0,0.0,0.0
2.0,0.0,0.0,98.0,0.0,0.0
3.0,0.0,0.0,97.0,0.0,0.0
1.0,0.0,0.0,99.0,0.0,0.0
1.0,0.0,0.0,99.0,0.0,0.0
1.0,36.0,0.0,63.0,0.0,0.0
1.0,0.0,0.0,99.0,0.0,0.0
1.0,98.0,1.0,0.0,0.0,0.0
1.0,0.0,0.0,99.0,0.0,0.0
2.0,69.0,0.0,29.0,0.0,0.0
1.0,0.0,0.0,99.0,0.0,0.0
1.0,0.0,0.0,99.0,0.0,0.0
2.0,0.0,0.0,98.0,0.0,0.0
1.0,99.0,0.0,0.0,0.0,0.0
1.0,0.0,0.0,99.0,0.0,0.0
1.0,0.0,0.0,99.0,0.0,0.0
1.0,99.0,0.0,0.0,0.0,0.0
1.0,0.0,0.0,99.0,0.0,0.0
1.0,99.0,0.0,0.0,0.0,0.0
1.0,0.0,0.0,99.0,0.0,0.0
1.0,0.0,1.0,98.0,0.0,0.0
1.0,54.0,0.0,45.0,0.0,0.0
1.0,0.0,0.0,99.0,0.0,0.0
1.0,0.0,0.0,99.0,0.0,0.0
1.0,99.0,0.0,0.0,0.0,0.0
1.0,99.0,0.0,0.0,0.0,0.0
1.0,32.0,0.0,67.0,0.0,0.0
1.0,0.0,0.0,99.0,0.0,0.0
1.0,59.0,0.0,40.0,0.0,0.0
1.0,0.0,0.0,99.0,0.0,0.0
3.0,97.0,0.0,0.0,0.0,0.0
1.0,99.0,0.0,0.0,0.0,0.0
1.0,0.0,0.0,99.0,0.0,0.0
1.0,0.0,0.0,99.0,0.0,0.0
1.0,99.0,0.0,0.0,0.0,0.0
1.0,99.0,0.0,0.0,0.0,0.0
1.0,99.0,0.0,0.0,0.0,0.0
1.0,0.0,0.0,99.0,0.0,0.0
1.0,0.0,0.0,99.0,0.0,0.0
1.0,0.0,0.0,99.0,0.0,0.0
1.0,0.0,1.0,98.0,0.0,0.0
1.0,0.0,0.0,99.0,0.0,0.0
2.0,0.0,0.0,98.0,0.0,0.0
1.0,23.0,0.0,76.0,0.0,0.0
1.0,0.0,0.0,99.0,0.0,0.0
1.0,44.0,0.0,55.0,0.0,0.0
1.0,0.0,0.0,99.0,0.0,0.0
2.0,0.0,0.0,98.0,0.0,0.0
2.0,0.0,0.0,98.0,0.0,0.0
1.0,99.0,0.0,0.0,0.0,0.0
1.0,57.0,0.0,42.0,0.0,0.0
1.0,53.0,0.0,46.0,0.0,0.0
1.0,7.0,0.0,92.0,0.0,0.0
1.0,99.0,0.0,0.0,0.0,0.0
1.0,53.0,0.0,46.0,0.0,0.0
1.0,0.0,0.0,99.0,0.0,0.0
1.0,0.0,0.0,99.0,0.0,0.0
1.0,98.0,1.0,0.0,0.0,0.0
1.0,0.0,0.0,99.0,0.0,0.0
1.0,99.0,0.0,0.0,0.0,0.0
1.0,33.0,0.0,66.0,0.0,0.0
2.0,98.0,0.0,0.0,0.0,0.0
1.0,0.0,0.0,99.0,0.0,0.0
1.0,0.0,0.0,99.0,0.0,0.0
1.0,99.0,0.0,0.0,0.0,0.0
1.0,0.0,0.0,99.0,0.0,0.0
1.0,0.0,0.0,99.0,0.0,0.0
2.0,0.0,0.0,98.0,0.0,0.0
1.0,99.0,0.0,0.0,0.0,0.0
1.0,60.0,0.0,39.0,0.0,0.0
1.0,5.0,0.0,94.0,0.0,0.0
2.0,0.0,0.0,98.0,0.0,0.0
1.0,79.0,0.0,20.0,0.0,0.0
1.0,0.0,0.0,99.0,0.0,0.0
1.0,40.0,0.0,59.0,0.0,0.0
1.0,99.0,0.0,0.0,0.0,0.0
1.0,0.0,0.0,99.0,0.0,0.0
1.0,0.0,0.0,99.0,0.0,0.0
1.0,0.0,1.0,98.0,0.0,0.0
1.0,0.0,0.0,99.0,0.0,0.0
1.0,0.0,0.0,99.0,0.0,0.0
1.0,27.0,0.0,72.0,0.0,0.0
1.0,0.0,0.0,99.0,0.0,0.0
1.0,0.0,0.0,99.0,0.0,0.0
2.0,0.0,0.0,98.0,0.0,0.0
2.0,0.0,0.0,98.0,0.0,0.0
1.0,99.0,0.0,0.0,0.0,0.0
1.0,0.0,0.0,99.0,0.0,0.0
1.0,0.0,0.0,99.0,0.0,0.0
1.0,0.0,1.0,98.0,0.0,0.0
1.0,0.0,0.0,99.0,0.0,0.0
1.0,12.0,0.0,87.0,0.0,0.0
2.0,98.0,0.0,0.0,0.0,0.0
1.0,6.0,0.0,93.0,0.0,0.0
1.0,0.0,0.0,99.0,0.0,0.0
1.0,0.0,0.0,99.0,0.0,0.0
1.0,0.0,0.0,99.0,0.0,0.0
1.0,98.0,1.0,0.0,0.0,0.0
1.0,99.0,0.0,0.0,0.0,0.0
1.0,99.0,0.0,0.0,0.0,0.0
1.0,99.0,0.0,0.0,0.0,0.0
1.0,0.0,0.0,99.0,0.0,0.0
2.0,0.0,0.0,98.0,0.0,0.0
1.0,0.0,0.0,99.0,0.0,0.0
1.0,99.0,0.0,0.0,0.0,0.0
2.0,0.0,0.0,98.0,0.0,0.0
1.0,99.0,0.0,0.0,0.0,0.0
3.0,0.0,0.0,97.0,0.0,0.0
2.0,0.0,0.0,98.0,0.0,0.0
2.0,98.0,0.0,0.0,0.0,0.0
1.0,0.0,0.0,99.0,0.0,0.0
1.0,13.0,0.0,86.0,0.0,0.0
1.0,0.0,0.0,99.0,0.0,0.0
1.0,0.0,0.0,99.0,0.0,0.0
1.0,0.0,0.0,99.0,0.0,0.0
2.0,98.0,0.0,0.0,0.0,0.0
1.0,0.0,0.0,99.0,0.0,0.0
1.0,99.0,0.0,0.0,0.0,0.0
1.0,38.0,0.0,61.0,0.0,0.0
1.0,0.0,0.0,99.0,0.0,0.0
1.0,0.0,1.0,98.0,0.0,0.0
1.0,0.0,0.0,99.0,0.0,0.0
1.0,99.0,0.0,0.0,0.0,0.0
1.0,99.0,0.0,0.0,0.0,0.0
1.0,0.0,0.0,99.0,0.0,0.0
1.0,76.0,0.0,23.0,0.0,0.0
2.0,0.0,0.0,98.0,0.0,0.0
1.0,0.0,0.0,99.0,0.0,0.0
1.0,43.0,0.0,56.0,0.0,0.0
1.0,83.0,0.0,16.0,0.0,0.0
1.0,0.0,0.0,99.0,0.0,0.0
1.0,14.0,0.0,85.0,0.0,0.0
1.0,0.0,0.0,99.0,0.0,0.0
1.0,0.0,0.0,99.0,0.0,0.0
1.0,0.0,0.0,99.0,0.0,0.0
1.0,0.0,0.0,99.0,0.0,0.0
2.0,0.0,0.0,98.0,0.0,0.0
1.0,12.0,0.0,87.0,0.0,0.0
1.0,16.0,0.0,83.0,0.0,0.0
1.0,0.0,0.0,99.0,0.0,0.0
1.0,0.0,0.0,99.0,0.0,0.0
1.0,0.0,0.0,99.0,0.0,0.0
1.0,0.0,0.0,99.0,0.0,0.0
1.0,99.0,0.0,0.0,0.0,0.0
2.0,0.0,0.0,98.0,0.0,0.0
3.0,97.0,0.0,0.0,0.0,0.0
1.0,0.0,1.0,98.0,0.0,0.0
1.0,0.0,0.0,99.0,0.0,0.0
1.0,0.0,0.0,99.0,0.0,0.0
1.0,98.0,1.0,0.0,0.0,0.0
1.0,0.0,0.0,99.0,0.0,0.0
1.0,0.0,0.0,99.0,0.0,0.0
1.0,0.0,0.0,99.0,0.0,0.0
1.0,23.0,0.0,76.0,0.0,0.0
1.0,0.0,0.0,99.0,0.0,0.0
1.0,0.0,0.0,99.0,0.0,0.0
2.0,0.0,0.0,98.0,0.0,0.0
1.0,0.0,0.0,99.0,0.0,0.0
1.0,0.0,0.0,99.0,0.0,0.0
1.0,99.0,0.0,0.0,0.0,0.0
1.0,74.0,0.0,25.0,0.0,0.0
2.0,0.0,0.0,98.0,0.0,0.0
1.0,99.0,0.0,0.0,0.0,0.0
1.0,40.0,0.0,59.0,0.0,0.0
1.0,99.0,0.0,0.0,0.0,0.0
1.0,0.0,0.0,99.0,0.0,0.0
1.0,0.0,0.0,99.0,0.0,0.0
1.0,0.0,0.0,99.0,0.0,0.0
1.0,99.0,0.0,0.0,0.0,0.0
1.0,98.0,1.0,0.0,0.0,0.0
1.0,43.0,0.0,56.0,0.0,0.0
1.0,0.0,0.0,99.0,0.0,0.0
1.0,0.0,0.0,99.0,0.0,0.0
1.0,99.0,0.0,0.0,0.0,0.0
1.0,98.0,1.0,0.0,0.0,0.0
1.0,3.0,0.0,62.0,34.0,0.0
1.0,93.0,0.0,6.0,0.0,0.0
1.0,99.0,0.0,0.0,0.0,0.0
1.0,0.0,0.0,99.0,0.0,0.0
2.0,0.0,0.0,98.0,0.0,0.0
1.0,0.0,0.0,99.0,0.0,0.0
1.0,86.0,0.0,13.0,0.0,0.0
1.0,0.0,0.0,99.0,0.0,0.0
1.0,99.0,0.0,0.0,0.0,0.0
2.0,0.0,0.0,98.0,0.0,0.0
1.0,0.0,1.0,98.0,0.0,0.0
1.0,67.0,0.0,32.0,0.0,0.0
1.0,36.0,0.0,63.0,0.0,0.0
1.0,0.0,0.0,99.0,0.0,0.0
1.0,99.0,0.0,0.0,0.0,0.0
1.0,81.0,0.0,18.0,0.0,0.0
1.0,99.0,0.0,0.0,0.0,0.0
2.0,0.0,0.0,98.0,0.0,0.0
1.0,99.0,0.0,0.0,0.0,0.0
1.0,0.0,0.0,99.0,0.0,0.0
1.0,99.0,0.0,0.0,0.0,0.0
2.0,0.0,0.0,98.0,0.0,0.0
1.0,5.0,0.0,94.0,0.0,0.0
1.0,0.0,0.0,99.0,0.0,0.0
2.0,0.0,0.0,98.0,0.0,0.0
1.0,0.0,0.0,99.0,0.0,0.0
3.0,0.0,0.0,97.0,0.0,0.0
2.0,0.0,0.0,98.0,0.0,0.0
1.0,0.0,0.0,99.0,0.0,0.0
2.0,44.0,0.0,54.0,0.0,0.0
1.0,0.0,1.0,98.0,0.0,0.0
1.0,0.0,0.0,99.0,0.0,0.0
1.0,0.0,0.0,99.0,0.0,0.0
1.0,99.0,0.0,0.0,0.0,0.0
1.0,99.0,0.0,0.0,0.0,0.0
1.0,0.0,0.0,99.0,0.0,0.0
1.0,0.0,0.0,99.0,0.0,0.0
1.0,0.0,0.0,99.0,0.0,0.0
1.0,0.0,0.0,99.0,0.0,0.0
1.0,99.0,0.0,0.0,0.0,0.0
1.0,0.0,0.0,99.0,0.0,0.0
3.0,97.0,0.0,0.0,0.0,0.0
2.0,98.0,0.0,0.0,0.0,0.0
1.0,0.0,0.0,99.0,0.0,0.0
1.0,0.0,0.0,99.0,0.0,0.0
1.0,0.0,0.0,99.0,0.0,0.0
1.0,0.0,0.0,99.0,0.0,0.0
1.0,0.0,0.0,99.0,0.0,0.0
1.0,51.0,0.0,48.0,0.0,0.0
1.0,0.0,0.0,99.0,0.0,0.0
2.0,0.0,0.0,98.0,0.0,0.0
1.0,0.0,0.0,99.0,0.0,0.0
1.0,0.0,0.0,99.0,0.0,0.0
1.0,0.0,0.0,99.0,0.0,0.0
1.0,0.0,0.0,99.0,0.0,0.0
1.0,0.0,0.0,99.0,0.0,0.0
1.0,0.0,0.0,99.0,0.0,0.0
1.0,0.0,0.0,99.0,0.0,0.0
1.0,14.0,0.0,85.0,0.0,0.0
1.0,0.0,0.0,99.0,0.0,0.0
1.0,8.0,0.0,91.0,0.0,0.0
1.0,0.0,0.0,99.0,0.0,0.0
2.0,98.0,0.0,0.0,0.0,0.0
1.0,99.0,0.0,0.0,0.0,0.0
1.0,0.0,0.0,99.0,0.0,0.0
1.0,99.0,0.0,0.0,0.0,0.0
1.0,0.0,0.0,99.0,0.0,0.0
3.0,80.0,0.0,17.0,0.0,0.0
2.0,98.0,0.0,0.0,0.0,0.0
1.0,0.0,0.0,99.0,0.0,0.0
1.0,21.0,0.0,78.0,0.0,0.0
1.0,60.0,0.0,39.0,0.0,0.0
1.0,0.0,0.0,99.0,0.0,0.0
1.0,0.0,0.0,99.0,0.0,0.0
1.0,14.0,0.0,85.0,0.0,0.0
1.0,0.0,0.0,99.0,0.0,0.0
1.0,0.0,0.0,99.0,0.0,0.0
2.0,47.0,0.0,51.0,0.0,0.0
1.0,99.0,0.0,0.0,0.0,0.0
1.0,0.0,0.0,99.0,0.0,0.0
1.0,0.0,0.0,99.0,0.0,0.0
2.0,0.0,0.0,98.0,0.0,0.0
1.0,67.0,0.0,32.0,0.0,0.0
1.0,0.0,0.0,99.0,0.0,0.0
1.0,0.0,0.0,99.0,0.0,0.0
1.0,0.0,0.0,99.0,0.0,0.0
1.0,82.0,0.0,17.0,0.0,0.0
1.0,68.0,0.0,31.0,0.0,0.0
1.0,99.0,0.0,0.0,0.0,0.0
2.0,0.0,0.0,98.0,0.0,0.0
1.0,0.0,0.0,99.0,0.0,0.0
1.0,0.0,0.0,99.0,0.0,0.0
2.0,0.0,0.0,98.0,0.0,0.0
1.0,2.0,0.0,97.0,0.0,0.0
1.0,0.0,1.0,98.0,0.0,0.0
1.0,99.0,0.0,0.0,0.0,0.0
1.0,0.0,0.0,99.0,0.0,0.0
1.0,0.0,0.0,99.0,0.0,0.0
1.0,0.0,0.0,99.0,0.0,0.0
1.0,0.0,0.0,99.0,0.0,0.0
1.0,99.0,0.0,0.0,0.0,0.0
1.0,0.0,0.0,99.0,0.0,0.0
1.0,0.0,0.0,99.0,0.0,0.0
1.0,0.0,0.0,99.0,0.0,0.0
2.0,0.0,0.0,98.0,0.0,0.0
2.0,0.0,0.0,98.0,0.0,0.0
2.0,0.0,0.0,98.0,0.0,0.0
2.0,0.0,0.0,98.0,0.0,0.0
1.0,0.0,0.0,99.0,0.0,0.0
1.0,47.0,0.0,52.0,0.0,0.0
1.0,35.0,0.0,64.0,0.0,0.0
1.0,99.0,0.0,0.0,0.0,0.0
1.0,99.0,0.0,0.0,0.0,0.0
1.0,0.0,0.0,99.0,0.0,0.0
1.0,0.0,1.0,98.0,0.0,0.0
1.0,0.0,0.0,99.0,0.0,0.0
1.0,3.0,0.0,96.0,0.0,0.0
3.0,0.0,0.0,97.0,0.0,0.0
1.0,91.0,0.0,8.0,0.0,0.0
1.0,0.0,0.0,99.0,0.0,0.0
1.0,87.0,0.0,12.0,0.0,0.0
1.0,0.0,0.0,99.0,0.0,0.0
3.0,0.0,0.0,97.0,0.0,0.0
4.0,0.0,0.0,96.0,0.0,0.0
2.0,0.0,0.0,98.0,0.0,0.0
2.0,98.0,0.0,0.0,0.0,0.0
1.0,0.0,0.0,99.0,0.0,0.0
1.0,0.0,0.0,99.0,0.0,0.0
1.0,0.0,1.0,98.0,0.0,0.0
1.0,54.0,9.0,0.0,0.0,0.0
1.0,0.0,0.0,99.0,0.0,0.0
1.0,94.0,0.0,5.0,0.0,0.0
1.0,0.0,0.0,99.0,0.0,0.0
1.0,0.0,0.0,99.0,0.0,0.0
2.0,17.0,0.0,81.0,0.0,0.0
1.0,99.0,0.0,0.0,0.0,0.0
1.0,0.0,0.0,99.0,0.0,0.0
1.0,0.0,0.0,99.0,0.0,0.0
2.0,98.0,0.0,0.0,0.0,0.0
1.0,0.0,0.0,99.0,0.0,0.0
1.0,99.0,0.0,0.0,0.0,0.0
1.0,0.0,0.0,99.0,0.0,0.0
1.0,6.0,0.0,93.0,0.0,0.0
4.0,0.0,0.0,96.0,0.0,0.0
2.0,98.0,0.0,0.0,0.0,0.0
1.0,99.0,0.0,0.0,0.0,0.0
1.0,0.0,0.0,99.0,0.0,0.0
1.0,0.0,0.0,99.0,0.0,0.0
1.0,40.0,0.0,59.0,0.0,0.0
1.0,77.0,0.0,22.0,0.0,0.0
2.0,0.0,0.0,98.0,0.0,0.0
1.0,0.0,0.0,99.0,0.0,0.0
2.0,52.0,0.0,46.0,0.0,0.0
1.0,0.0,0.0,99.0,0.0,0.0
1.0,0.0,0.0,99.0,0.0,0.0
2.0,0.0,0.0,98.0,0.0,0.0
1.0,0.0,0.0,99.0,0.0,0.0
1.0,0.0,0.0,99.0,0.0,0.0
2.0,0.0,1.0,97.0,0.0,0.0
1.0,85.0,0.0,14.0,0.0,0.0
1.0,0.0,0.0,99.0,0.0,0.0
1.0,2.0,0.0,97.0,0.0,0.0
1.0,0.0,1.0,98.0,0.0,0.0
1.0,0.0,0.0,99.0,0.0,0.0
1.0,0.0,0.0,99.0,0.0,0.0
1.0,0.0,0.0,99.0,0.0,0.0
1.0,0.0,0.0,99.0,0.0,0.0
1.0,0.0,0.0,99.0,0.0,0.0
2.0,98.0,0.0,0.0,0.0,0.0
1.0,0.0,0.0,99.0,0.0,0.0
1.0,97.0,0.0,2.0,0.0,0.0
2.0,0.0,0.0,98.0,0.0,0.0
2.0,0.0,0.0,98.0,0.0,0.0
1.0,66.0,0.0,33.0,0.0,0.0
1.0,0.0,0.0,99.0,0.0,0.0
2.0,0.0,0.0,98.0,0.0,0.0
1.0,0.0,0.0,99.0,0.0,0.0
1.0,0.0,0.0,99.0,0.0,0.0
1.0,99.0,0.0,0.0,0.0,0.0
1.0,0.0,0.0,99.0,0.0,0.0
1.0,0.0,0.0,99.0,0.0,0.0
1.0,0.0,0.0,99.0,0.0,0.0
1.0,99.0,0.0,0.0,0.0,0.0
1.0,0.0,0.0,99.0,0.0,0.0
1.0,0.0,0.0,99.0,0.0,0.0
1.0,99.0,0.0,0.0,0.0,0.0
1.0,0.0,0.0,99.0,0.0,0.0
2.0,0.0,0.0,98.0,0.0,0.0
1.0,0.0,0.0,99.0,0.0,0.0
1.0,54.0,0.0,45.0,0.0,0.0
1.0,0.0,0.0,99.0,0.0,0.0
2.0,98.0,0.0,0.0,0.0,0.0
1.0,0.0,0.0,99.0,0.0,0.0
1.0,0.0,0.0,99.0,0.0,0.0
1.0,0.0,0.0,99.0,0.0,0.0
1.0,0.0,0.0,99.0,0.0,0.0
1.0,0.0,1.0,98.0,0.0,0.0
1.0,0.0,0.0,99.0,0.0,0.0
2.0,0.0,0.0,98.0,0.0,0.0
2.0,0.0,0.0,98.0,0.0,0.0
1.0,99.0,0.0,0.0,0.0,0.0
2.0,65.0,0.0,33.0,0.0,0.0
1.0,0.0,0.0,99.0,0.0,0.0
1.0,0.0,0.0,99.0,0.0,0.0
1.0,63.0,0.0,36.0,0.0,0.0
1.0,0.0,0.0,99.0,0.0,0.0
2.0,0.0,0.0,98.0,0.0,0.0
1.0,0.0,1.0,98.0,0.0,0.0
1.0,0.0,0.0,99.0,0.0,0.0
1.0,0.0,0.0,99.0,0.0,0.0
1.0,0.0,0.0,99.0,0.0,0.0
2.0,0.0,0.0,98.0,0.0,0.0
1.0,99.0,0.0,0.0,0.0,0.0
2.0,17.0,0.0,41.0,40.0,0.0
1.0,0.0,0.0,99.0,0.0,0.0
1.0,98.0,1.0,0.0,0.0,0.0
1.0,0.0,0.0,99.0,0.0,0.0
1.0,0.0,0.0,99.0,0.0,0.0
1.0,0.0,0.0,99.0,0.0,0.0
1.0,0.0,1.0,98.0,0.0,0.0
1.0,0.0,0.0,0.0,0.0,0.0
1.0,0.0,0.0,99.0,0.0,0.0
2.0,0.0,0.0,98.0,0.0,0.0
1.0,0.0,0.0,99.0,0.0,0.0
2.0,0.0,0.0,98.0,0.0,0.0
1.0,99.0,0.0,0.0,0.0,0.0
3.0,0.0,0.0,97.0,0.0,0.0
1.0,99.0,0.0,0.0,0.0,0.0
1.0,99.0,0.0,0.0,0.0,0.0
1.0,0.0,0.0,99.0,0.0,0.0
1.0,0.0,0.0,99.0,0.0,0.0
2.0,98.0,0.0,0.0,0.0,0.0
2.0,61.0,0.0,37.0,0.0,0.0
1.0,0.0,0.0,99.0,0.0,0.0
1.0,99.0,0.0,0.0,0.0,0.0
1.0,0.0,0.0,99.0,0.0,0.0
1.0,98.0,1.0,0.0,0.0,0.0
1.0,0.0,0.0,99.0,0.0,0.0
2.0,0.0,0.0,98.0,0.0,0.0
2.0,0.0,0.0,98.0,0.0,0.0
1.0,0.0,0.0,99.0,0.0,0.0
1.0,0.0,0.0,99.0,0.0,0.0
1.0,0.0,0.0,99.0,0.0,0.0
1.0,0.0,0.0,99.0,0.0,0.0
2.0,0.0,0.0,98.0,0.0,0.0
1.0,62.0,0.0,37.0,0.0,0.0
2.0,0.0,0.0,98.0,0.0,0.0
2.0,0.0,0.0,98.0,0.0,0.0
1.0,0.0,0.0,99.0,0.0,0.0
1.0,0.0,0.0,99.0,0.0,0.0
1.0,96.0,0.0,3.0,0.0,0.0
1.0,0.0,0.0,99.0,0.0,0.0
1.0,78.0,0.0,21.0,0.0,0.0
1.0,2.0,0.0,97.0,0.0,0.0
1.0,0.0,0.0,99.0,0.0,0.0
1.0,0.0,0.0,99.0,0.0,0.0
1.0,0.0,0.0,99.0,0.0,0.0
1.0,40.0,0.0,59.0,0.0,0.0
1.0,99.0,0.0,0.0,0.0,0.0
1.0,0.0,0.0,99.0,0.0,0.0
1.0,0.0,0.0,99.0,0.0,0.0
1.0,0.0,0.0,99.0,0.0,0.0
1.0,48.0,0.0,51.0,0.0,0.0
2.0,80.0,0.0,18.0,0.0,0.0
1.0,0.0,0.0,99.0,0.0,0.0
1.0,0.0,0.0,99.0,0.0,0.0
1.0,99.0,0.0,0.0,0.0,0.0
1.0,3.0,0.0,96.0,0.0,0.0
1.0,99.0,0.0,0.0,0.0,0.0
1.0,0.0,0.0,99.0,0.0,0.0
1.0,0.0,0.0,99.0,0.0,0.0
1.0,0.0,0.0,99.0,0.0,0.0
1.0,0.0,0.0,99.0,0.0,0.0
1.0,0.0,0.0,99.0,0.0,0.0
2.0,0.0,0.0,98.0,0.0,0.0
1.0,0.0,0.0,99.0,0.0,0.0
1.0,0.0,0.0,99.0,0.0,0.0
1.0,0.0,0.0,99.0,0.0,0.0
1.0,0.0,0.0,99.0,0.0,0.0
1.0,0.0,0.0,99.0,0.0,0.0
1.0,99.0,0.0,0.0,0.0,0.0
1.0,0.0,0.0,99.0,0.0,0.0
1.0,0.0,0.0,99.0,0.0,0.0
1.0,99.0,0.0,0.0,0.0,0.0
1.0,0.0,0.0,99.0,0.0,0.0
1.0,0.0,0.0,99.0,0.0,0.0
1.0,0.0,0.0,99.0,0.0,0.0
2.0,0.0,0.0,98.0,0.0,0.0
1.0,99.0,0.0,0.0,0.0,0.0
1.0,0.0,0.0,99.0,0.0,0.0
1.0,0.0,0.0,99.0,0.0,0.0
1.0,99.0,0.0,0.0,0.0,0.0
2.0,0.0,0.0,98.0,0.0,0.0
1.0,0.0,0.0,99.0,0.0,0.0
1.0,0.0,0.0,99.0,0.0,0.0
1.0,0.0,0.0,99.0,0.0,0.0
1.0,63.0,0.0,36.0,0.0,0.0
2.0,0.0,0.0,98.0,0.0,0.0
1.0,0.0,0.0,99.0,0.0,0.0
1.0,0.0,0.0,99.0,0.0,0.0
1.0,0.0,0.0,99.0,0.0,0.0
1.0,88.0,0.0,11.0,0.0,0.0
1.0,0.0,0.0,99.0,0.0,0.0
1.0,0.0,0.0,99.0,0.0,0.0
2.0,98.0,0.0,0.0,0.0,0.0
1.0,28.0,0.0,71.0,0.0,0.0
1.0,8.0,0.0,91.0,0.0,0.0
1.0,52.0,0.0,47.0,0.0,0.0
2.0,0.0,1.0,97.0,0.0,0.0
1.0,0.0,0.0,99.0,0.0,0.0
1.0,0.0,0.0,99.0,0.0,0.0
1.0,0.0,0.0,99.0,0.0,0.0
1.0,22.0,0.0,77.0,0.0,0.0
1.0,99.0,0.0,0.0,0.0,0.0
1.0,0.0,0.0,99.0,0.0,0.0
1.0,0.0,0.0,99.0,0.0,0.0
1.0,0.0,0.0,99.0,0.0,0.0
1.0,0.0,0.0,99.0,0.0,0.0
1.0,0.0,0.0,99.0,0.0,0.0
1.0,99.0,0.0,0.0,0.0,0.0
2.0,98.0,0.0,0.0,0.0,0.0
1.0,0.0,0.0,99.0,0.0,0.0
1.0,99.0,0.0,0.0,0.0,0.0
1.0,0.0,0.0,99.0,0.0,0.0
1.0,0.0,0.0,99.0,0.0,0.0
1.0,0.0,0.0,99.0,0.0,0.0
1.0,70.0,0.0,29.0,0.0,0.0
1.0,1.0,0.0,98.0,0.0,0.0
1.0,0.0,0.0,99.0,0.0,0.0
2.0,24.0,0.0,74.0,0.0,0.0
2.0,0.0,0.0,98.0,0.0,0.0
2.0,0.0,0.0,98.0,0.0,0.0
1.0,99.0,0.0,0.0,0.0,0.0
2.0,0.0,0.0,98.0,0.0,0.0
3.0,0.0,0.0,97.0,0.0,0.0
2.0,0.0,0.0,98.0,0.0,0.0
1.0,0.0,0.0,99.0,0.0,0.0
1.0,0.0,0.0,99.0,0.0,0.0
1.0,0.0,0.0,99.0,0.0,0.0
1.0,0.0,1.0,98.0,0.0,0.0
1.0,0.0,0.0,99.0,0.0,0.0
2.0,0.0,0.0,98.0,0.0,0.0
1.0,0.0,0.0,99.0,0.0,0.0
1.0,39.0,0.0,60.0,0.0,0.0
1.0,0.0,0.0,99.0,0.0,0.0
1.0,0.0,0.0,99.0,0.0,0.0
1.0,0.0,0.0,99.0,0.0,0.0
1.0,0.0,0.0,99.0,0.0,0.0
1.0,35.0,0.0,64.0,0.0,0.0
1.0,0.0,0.0,99.0,0.0,0.0
1.0,99.0,0.0,0.0,0.0,0.0
1.0,0.0,0.0,99.0,0.0,0.0
1.0,2.0,0.0,97.0,0.0,0.0
1.0,0.0,0.0,99.0,0.0,0.0
2.0,0.0,0.0,98.0,0.0,0.0
1.0,0.0,0.0,99.0,0.0,0.0
1.0,99.0,0.0,0.0,0.0,0.0
1.0,99.0,0.0,0.0,0.0,0.0
1.0,11.0,0.0,88.0,0.0,0.0
1.0,0.0,0.0,99.0,0.0,0.0
1.0,98.0,1.0,0.0,0.0,0.0
1.0,0.0,0.0,99.0,0.0,0.0
1.0,0.0,0.0,99.0,0.0,0.0
1.0,0.0,0.0,99.0,0.0,0.0
1.0,39.0,0.0,60.0,0.0,0.0
2.0,0.0,0.0,98.0,0.0,0.0
1.0,73.0,0.0,26.0,0.0,0.0
1.0,0.0,0.0,99.0,0.0,0.0
1.0,0.0,0.0,99.0,0.0,0.0
1.0,0.0,0.0,99.0,0.0,0.0
1.0,99.0,0.0,0.0,0.0,0.0
1.0,0.0,0.0,99.0,0.0,0.0
1.0,0.0,0.0,99.0,0.0,0.0
1.0,0.0,1.0,98.0,0.0,0.0
1.0,0.0,0.0,99.0,0.0,0.0
1.0,0.0,0.0,99.0,0.0,0.0
1.0,87.0,0.0,12.0,0.0,0.0
1.0,0.0,0.0,99.0,0.0,0.0
1.0,0.0,0.0,99.0,0.0,0.0
1.0,99.0,0.0,0.0,0.0,0.0
1.0,0.0,0.0,99.0,0.0,0.0
1.0,0.0,0.0,99.0,0.0,0.0
1.0,0.0,0.0,99.0,0.0,0.0
1.0,0.0,0.0,99.0,0.0,0.0
1.0,99.0,0.0,0.0,0.0,0.0
1.0,0.0,0.0,99.0,0.0,0.0
1.0,0.0,0.0,99.0,0.0,0.0
1.0,99.0,0.0,0.0,0.0,0.0
1.0,1.0,0.0,98.0,0.0,0.0
1.0,0.0,0.0,99.0,0.0,0.0
1.0,0.0,1.0,98.0,0.0,0.0
2.0,0.0,0.0,98.0,0.0,0.0
1.0,0.0,1.0,98.0,0.0,0.0
1.0,99.0,0.0,0.0,0.0,0.0
1.0,0.0,0.0,99.0,0.0,0.0
1.0,99.0,0.0,0.0,0.0,0.0
2.0,0.0,0.0,98.0,0.0,0.0
1.0,0.0,0.0,99.0,0.0,0.0
1.0,0.0,0.0,99.0,0.0,0.0
1.0,99.0,0.0,0.0,0.0,0.0
2.0,0.0,0.0,98.0,0.0,0.0
1.0,0.0,0.0,99.0,0.0,0.0
1.0,0.0,0.0,99.0,0.0,0.0
1.0,0.0,0.0,99.0,0.0,0.0
1.0,0.0,0.0,99.0,0.0,0.0
2.0,0.0,0.0,98.0,0.0,0.0
2.0,16.0,0.0,82.0,0.0,0.0
1.0,99.0,0.0,0.0,0.0,0.0
1.0,0.0,0.0,99.0,0.0,0.0
1.0,0.0,0.0,99.0,0.0,0.0
2.0,0.0,0.0,98.0,0.0,0.0
1.0,99.0,0.0,0.0,0.0,0.0
1.0,0.0,0.0,99.0,0.0,0.0
1.0,0.0,0.0,99.0,0.0,0.0
1.0,0.0,0.0,99.0,0.0,0.0
1.0,0.0,0.0,99.0,0.0,0.0
1.0,0.0,0.0,99.0,0.0,0.0
1.0,99.0,0.0,0.0,0.0,0.0
1.0,0.0,0.0,99.0,0.0,0.0
1.0,99.0,0.0,0.0,0.0,0.0
2.0,0.0,0.0,98.0,0.0,0.0
1.0,0.0,0.0,99.0,0.0,0.0
1.0,0.0,0.0,99.0,0.0,0.0
1.0,98.0,1.0,0.0,0.0,0.0
1.0,0.0,0.0,99.0,0.0,0.0
1.0,0.0,0.0,0.0,0.0,0.0
1.0,99.0,0.0,0.0,0.0,0.0
1.0,99.0,0.0,0.0,0.0,0.0
1.0,0.0,0.0,99.0,0.0,0.0
1.0,0.0,0.0,99.0,0.0,0.0
1.0,99.0,0.0,0.0,0.0,0.0
1.0,2.0,0.0,51.0,46.0,0.0
1.0,0.0,0.0,99.0,0.0,0.0
2.0,0.0,0.0,98.0,0.0,0.0
1.0,0.0,0.0,99.0,0.0,0.0
1.0,0.0,0.0,99.0,0.0,0.0
2.0,0.0,0.0,98.0,0.0,0.0
1.0,0.0,0.0,99.0,0.0,0.0
1.0,0.0,0.0,99.0,0.0,0.0
2.0,0.0,0.0,98.0,0.0,0.0
1.0,99.0,0.0,0.0,0.0,0.0
1.0,0.0,0.0,99.0,0.0,0.0
1.0,0.0,0.0,99.0,0.0,0.0
1.0,0.0,0.0,99.0,0.0,0.0
1.0,99.0,0.0,0.0,0.0,0.0
1.0,0.0,0.0,99.0,0.0,0.0
2.0,0.0,0.0,98.0,0.0,0.0
1.0,0.0,0.0,99.0,0.0,0.0
1.0,0.0,0.0,99.0,0.0,0.0
2.0,0.0,0.0,98.0,0.0,0.0
1.0,0.0,0.0,99.0,0.0,0.0
1.0,43.0,0.0,56.0,0.0,0.0
1.0,37.0,0.0,62.0,0.0,0.0
1.0,0.0,0.0,99.0,0.0,0.0
1.0,0.0,0.0,99.0,0.0,0.0
1.0,29.0,0.0,70.0,0.0,0.0
1.0,0.0,0.0,99.0,0.0,0.0
1.0,0.0,0.0,99.0,0.0,0.0
1.0,99.0,0.0,0.0,0.0,0.0
1.0,0.0,0.0,99.0,0.0,0.0
1.0,0.0,0.0,99.0,0.0,0.0
1.0,0.0,0.0,99.0,0.0,0.0
1.0,0.0,0.0,99.0,0.0,0.0
2.0,0.0,0.0,98.0,0.0,0.0
1.0,0.0,0.0,99.0,0.0,0.0
1.0,99.0,0.0,0.0,0.0,0.0
1.0,0.0,0.0,99.0,0.0,0.0
1.0,0.0,0.0,99.0,0.0,0.0
1.0,0.0,0.0,99.0,0.0,0.0
1.0,0.0,0.0,99.0,0.0,0.0
1.0,55.0,0.0,44.0,0.0,0.0
1.0,0.0,0.0,99.0,0.0,0.0
1.0,99.0,0.0,0.0,0.0,0.0
1.0,0.0,0.0,99.0,0.0,0.0
1.0,0.0,0.0,99.0,0.0,0.0
1.0,99.0,0.0,0.0,0.0,0.0
2.0,0.0,0.0,98.0,0.0,0.0
1.0,0.0,0.0,99.0,0.0,0.0
5.0,0.0,0.0,95.0,0.0,0.0
1.0,0.0,0.0,99.0,0.0,0.0
1.0,99.0,0.0,0.0,0.0,0.0
3.0,0.0,0.0,97.0,0.0,0.0
1.0,99.0,0.0,0.0,0.0,0.0
1.0,88.0,0.0,11.0,0.0,0.0
1.0,0.0,0.0,99.0,0.0,0.0
1.0,99.0,0.0,0.0,0.0,0.0
1.0,0.0,0.0,99.0,0.0,0.0
1.0,0.0,0.0,99.0,0.0,0.0
1.0,0.0,0.0,99.0,0.0,0.0
1.0,0.0,0.0,99.0,0.0,0.0
1.0,0.0,0.0,99.0,0.0,0.0
1.0,0.0,0.0,99.0,0.0,0.0
1.0,50.0,0.0,49.0,0.0,0.0
1.0,99.0,0.0,0.0,0.0,0.0
1.0,0.0,0.0,99.0,0.0,0.0
2.0,0.0,0.0,98.0,0.0,0.0
1.0,0.0,0.0,99.0,0.0,0.0
1.0,0.0,0.0,99.0,0.0,0.0
1.0,99.0,0.0,0.0,0.0,0.0
1.0,0.0,0.0,99.0,0.0,0.0
1.0,0.0,0.0,99.0,0.0,0.0
1.0,86.0,0.0,13.0,0.0,0.0
1.0,0.0,0.0,99.0,0.0,0.0
1.0,99.0,0.0,0.0,0.0,0.0
1.0,0.0,0.0,99.0,0.0,0.0
1.0,99.0,0.0,0.0,0.0,0.0
1.0,0.0,0.0,99.0,0.0,0.0
1.0,0.0,0.0,99.0,0.0,0.0
1.0,81.0,0.0,18.0,0.0,0.0
2.0,98.0,0.0,0.0,0.0,0.0
1.0,0.0,1.0,98.0,0.0,0.0
2.0,0.0,0.0,98.0,0.0,0.0
1.0,0.0,0.0,99.0,0.0,0.0
1.0,99.0,0.0,0.0,0.0,0.0
1.0,0.0,0.0,99.0,0.0,0.0
1.0,0.0,0.0,99.0,0.0,0.0
1.0,98.0,1.0,0.0,0.0,0.0
1.0,0.0,0.0,99.0,0.0,0.0
1.0,0.0,0.0,99.0,0.0,0.0
1.0,0.0,0.0,99.0,0.0,0.0
2.0,0.0,0.0,98.0,0.0,0.0
1.0,0.0,0.0,99.0,0.0,0.0
1.0,0.0,0.0,99.0,0.0,0.0
1.0,0.0,0.0,99.0,0.0,0.0
2.0,0.0,0.0,98.0,0.0,0.0
1.0,35.0,0.0,64.0,0.0,0.0
1.0,0.0,0.0,99.0,0.0,0.0
1.0,45.0,0.0,54.0,0.0,0.0
1.0,0.0,1.0,98.0,0.0,0.0
2.0,0.0,0.0,98.0,0.0,0.0
1.0,0.0,0.0,99.0,0.0,0.0
1.0,99.0,0.0,0.0,0.0,0.0
1.0,0.0,0.0,99.0,0.0,0.0
2.0,0.0,0.0,98.0,0.0,0.0
1.0,0.0,0.0,99.0,0.0,0.0
1.0,99.0,0.0,0.0,0.0,0.0
1.0,0.0,0.0,99.0,0.0,0.0
1.0,99.0,0.0,0.0,0.0,0.0
1.0,0.0,0.0,99.0,0.0,0.0
1.0,3.0,0.0,96.0,0.0,0.0
2.0,98.0,0.0,0.0,0.0,0.0
1.0,0.0,0.0,99.0,0.0,0.0
1.0,70.0,0.0,29.0,0.0,0.0
1.0,0.0,0.0,99.0,0.0,0.0
2.0,29.0,0.0,69.0,0.0,0.0
1.0,0.0,0.0,99.0,0.0,0.0
1.0,0.0,0.0,99.0,0.0,0.0
1.0,0.0,0.0,99.0,0.0,0.0
1.0,0.0,0.0,99.0,0.0,0.0
1.0,0.0,0.0,99.0,0.0,0.0
1.0,0.0,0.0,99.0,0.0,0.0
1.0,0.0,0.0,99.0,0.0,0.0
1.0,0.0,0.0,99.0,0.0,0.0
1.0,99.0,0.0,0.0,0.0,0.0
1.0,99.0,0.0,0.0,0.0,0.0
1.0,76.0,0.0,23.0,0.0,0.0
1.0,0.0,0.0,99.0,0.0,0.0
1.0,0.0,0.0,99.0,0.0,0.0
1.0,99.0,0.0,0.0,0.0,0.0
1.0,0.0,0.0,99.0,0.0,0.0
2.0,0.0,0.0,98.0,0.0,0.0
2.0,0.0,0.0,98.0,0.0,0.0
1.0,80.0,0.0,19.0,0.0,0.0
1.0,0.0,0.0,99.0,0.0,0.0
1.0,99.0,0.0,0.0,0.0,0.0
1.0,0.0,0.0,99.0,0.0,0.0
1.0,99.0,0.0,0.0,0.0,0.0
1.0,0.0,0.0,99.0,0.0,0.0
1.0,99.0,0.0,0.0,0.0,0.0
3.0,97.0,0.0,0.0,0.0,0.0
1.0,99.0,0.0,0.0,0.0,0.0
1.0,17.0,0.0,82.0,0.0,0.0
1.0,0.0,0.0,99.0,0.0,0.0
2.0,0.0,0.0,98.0,0.0,0.0
1.0,0.0,0.0,99.0,0.0,0.0
1.0,0.0,0.0,99.0,0.0,0.0
1.0,0.0,0.0,99.0,0.0,0.0
1.0,99.0,0.0,0.0,0.0,0.0
1.0,0.0,0.0,99.0,0.0,0.0
1.0,99.0,0.0,0.0,0.0,0.0
1.0,0.0,0.0,99.0,0.0,0.0
1.0,0.0,1.0,98.0,0.0,0.0
1.0,0.0,0.0,99.0,0.0,0.0
1.0,0.0,0.0,99.0,0.0,0.0
1.0,0.0,0.0,99.0,0.0,0.0
1.0,0.0,0.0,99.0,0.0,0.0
1.0,4.0,0.0,95.0,0.0,0.0
1.0,99.0,0.0,0.0,0.0,0.0
1.0,99.0,0.0,0.0,0.0,0.0
1.0,0.0,0.0,99.0,0.0,0.0
1.0,0.0,0.0,99.0,0.0,0.0
1.0,0.0,0.0,99.0,0.0,0.0
2.0,0.0,0.0,98.0,0.0,0.0
1.0,99.0,0.0,0.0,0.0,0.0
1.0,0.0,0.0,99.0,0.0,0.0
1.0,99.0,0.0,0.0,0.0,0.0
1.0,0.0,0.0,99.0,0.0,0.0
1.0,0.0,0.0,99.0,0.0,0.0
1.0,0.0,0.0,99.0,0.0,0.0
1.0,0.0,0.0,99.0,0.0,0.0
1.0,0.0,0.0,0.0,0.0,0.0
1.0,0.0,0.0,99.0,0.0,0.0
1.0,99.0,0.0,0.0,0.0,0.0
2.0,98.0,0.0,0.0,0.0,0.0
2.0,0.0,0.0,98.0,0.0,0.0
1.0,0.0,0.0,99.0,0.0,0.0
1.0,0.0,0.0,99.0,0.0,0.0
1.0,89.0,0.0,10.0,0.0,0.0
1.0,0.0,0.0,99.0,0.0,0.0
1.0,0.0,0.0,99.0,0.0,0.0
1.0,0.0,0.0,99.0,0.0,0.0
2.0,0.0,0.0,98.0,0.0,0.0
1.0,0.0,0.0,99.0,0.0,0.0
1.0,0.0,0.0,99.0,0.0,0.0
1.0,0.0,0.0,99.0,0.0,0.0
1.0,28.0,0.0,71.0,0.0,0.0
1.0,99.0,0.0,0.0,0.0,0.0
1.0,99.0,0.0,0.0,0.0,0.0
1.0,0.0,0.0,99.0,0.0,0.0
2.0,0.0,0.0,98.0,0.0,0.0
1.0,0.0,0.0,99.0,0.0,0.0
1.0,0.0,0.0,99.0,0.0,0.0
2.0,0.0,0.0,98.0,0.0,0.0
1.0,0.0,0.0,99.0,0.0,0.0
1.0,99.0,0.0,0.0,0.0,0.0
1.0,99.0,0.0,0.0,0.0,0.0
2.0,0.0,0.0,98.0,0.0,0.0
2.0,0.0,0.0,98.0,0.0,0.0
1.0,0.0,0.0,99.0,0.0,0.0
1.0,98.0,1.0,0.0,0.0,0.0
1.0,0.0,0.0,99.0,0.0,0.0
1.0,0.0,0.0,99.0,0.0,0.0
1.0,0.0,0.0,99.0,0.0,0.0
1.0,0.0,0.0,99.0,0.0,0.0
1.0,99.0,0.0,0.0,0.0,0.0
1.0,0.0,0.0,99.0,0.0,0.0
1.0,0.0,0.0,99.0,0.0,0.0
1.0,98.0,1.0,0.0,0.0,0.0
1.0,99.0,0.0,0.0,0.0,0.0
1.0,0.0,0.0,99.0,0.0,0.0
3.0,97.0,0.0,0.0,0.0,0.0
2.0,93.0,0.0,5.0,0.0,0.0
1.0,0.0,0.0,99.0,0.0,0.0
1.0,0.0,0.0,99.0,0.0,0.0
1.0,99.0,0.0,0.0,0.0,0.0
1.0,0.0,0.0,99.0,0.0,0.0
1.0,0.0,0.0,99.0,0.0,0.0
1.0,0.0,0.0,99.0,0.0,0.0
1.0,0.0,0.0,99.0,0.0,0.0
1.0,99.0,0.0,0.0,0.0,0.0
1.0,0.0,0.0,99.0,0.0,0.0
1.0,0.0,0.0,99.0,0.0,0.0
2.0,0.0,0.0,98.0,0.0,0.0
1.0,0.0,0.0,99.0,0.0,0.0
2.0,0.0,0.0,98.0,0.0,0.0
1.0,0.0,0.0,99.0,0.0,0.0
1.0,99.0,0.0,0.0,0.0,0.0
1.0,0.0,0.0,99.0,0.0,0.0
1.0,0.0,0.0,99.0,0.0,0.0
1.0,0.0,0.0,99.0,0.0,0.0
1.0,0.0,0.0,99.0,0.0,0.0
1.0,99.0,0.0,0.0,0.0,0.0
1.0,99.0,0.0,0.0,0.0,0.0
1.0,0.0,0.0,99.0,0.0,0.0
1.0,99.0,0.0,0.0,0.0,0.0
1.0,99.0,0.0,0.0,0.0,0.0
1.0,0.0,0.0,99.0,0.0,0.0
1.0,0.0,0.0,99.0,0.0,0.0
1.0,98.0,1.0,0.0,0.0,0.0
1.0,99.0,0.0,0.0,0.0,0.0
1.0,99.0,0.0,0.0,0.0,0.0
1.0,99.0,0.0,0.0,0.0,0.0
1.0,81.0,0.0,18.0,0.0,0.0
1.0,0.0,0.0,99.0,0.0,0.0
1.0,0.0,0.0,99.0,0.0,0.0
1.0,0.0,0.0,99.0,0.0,0.0
1.0,74.0,0.0,25.0,0.0,0.0
1.0,0.0,0.0,99.0,0.0,0.0
1.0,98.0,1.0,0.0,0.0,0.0
1.0,0.0,1.0,98.0,0.0,0.0
1.0,0.0,0.0,99.0,0.0,0.0
1.0,0.0,0.0,99.0,0.0,0.0
2.0,0.0,0.0,98.0,0.0,0.0
1.0,0.0,0.0,99.0,0.0,0.0
1.0,99.0,0.0,0.0,0.0,0.0
1.0,98.0,1.0,0.0,0.0,0.0
1.0,98.0,0.0,1.0,0.0,0.0
1.0,99.0,0.0,0.0,0.0,0.0
1.0,0.0,0.0,99.0,0.0,0.0
1.0,0.0,0.0,99.0,0.0,0.0
1.0,99.0,0.0,0.0,0.0,0.0
1.0,0.0,0.0,99.0,0.0,0.0
1.0,0.0,0.0,99.0,0.0,0.0
2.0,0.0,0.0,98.0,0.0,0.0
1.0,0.0,0.0,99.0,0.0,0.0
1.0,0.0,0.0,99.0,0.0,0.0
1.0,99.0,0.0,0.0,0.0,0.0
1.0,0.0,0.0,99.0,0.0,0.0
1.0,0.0,0.0,99.0,0.0,0.0
2.0,0.0,0.0,98.0,0.0,0.0
1.0,0.0,0.0,99.0,0.0,0.0
1.0,0.0,0.0,99.0,0.0,0.0
1.0,0.0,1.0,98.0,0.0,0.0
2.0,0.0,0.0,98.0,0.0,0.0
1.0,0.0,0.0,99.0,0.0,0.0
1.0,0.0,0.0,99.0,0.0,0.0
1.0,0.0,0.0,99.0,0.0,0.0
1.0,0.0,0.0,99.0,0.0,0.0
1.0,3.0,0.0,96.0,0.0,0.0
1.0,0.0,0.0,99.0,0.0,0.0
1.0,0.0,0.0,99.0,0.0,0.0
1.0,99.0,0.0,0.0,0.0,0.0
1.0,0.0,0.0,99.0,0.0,0.0
2.0,0.0,0.0,98.0,0.0,0.0
2.0,0.0,0.0,98.0,0.0,0.0
1.0,0.0,0.0,99.0,0.0,0.0
1.0,0.0,0.0,99.0,0.0,0.0
1.0,0.0,0.0,99.0,0.0,0.0
1.0,0.0,0.0,99.0,0.0,0.0
1.0,0.0,0.0,99.0,0.0,0.0
2.0,0.0,0.0,98.0,0.0,0.0
1.0,99.0,0.0,0.0,0.0,0.0
1.0,0.0,0.0,99.0,0.0,0.0
1.0,42.0,2.0,55.0,0.0,0.0
1.0,48.0,0.0,51.0,0.0,0.0
1.0,99.0,0.0,0.0,0.0,0.0
1.0,84.0,0.0,15.0,0.0,0.0
2.0,98.0,0.0,0.0,0.0,0.0
1.0,0.0,0.0,99.0,0.0,0.0
1.0,0.0,0.0,99.0,0.0,0.0
1.0,0.0,0.0,99.0,0.0,0.0
1.0,0.0,0.0,99.0,0.0,0.0
2.0,0.0,0.0,98.0,0.0,0.0
1.0,0.0,0.0,99.0,0.0,0.0
2.0,0.0,0.0,98.0,0.0,0.0
1.0,0.0,0.0,99.0,0.0,0.0
1.0,59.0,0.0,40.0,0.0,0.0
1.0,0.0,0.0,99.0,0.0,0.0
1.0,99.0,0.0,0.0,0.0,0.0
4.0,96.0,0.0,0.0,0.0,0.0
2.0,0.0,0.0,98.0,0.0,0.0
1.0,0.0,0.0,99.0,0.0,0.0
1.0,0.0,0.0,99.0,0.0,0.0
1.0,0.0,0.0,99.0,0.0,0.0
1.0,99.0,0.0,0.0,0.0,0.0
1.0,0.0,0.0,99.0,0.0,0.0
1.0,0.0,1.0,98.0,0.0,0.0
1.0,0.0,0.0,99.0,0.0,0.0
2.0,98.0,0.0,0.0,0.0,0.0
1.0,99.0,0.0,0.0,0.0,0.0
1.0,99.0,0.0,0.0,0.0,0.0
1.0,0.0,0.0,99.0,0.0,0.0
1.0,99.0,0.0,0.0,0.0,0.0
1.0,0.0,0.0,99.0,0.0,0.0
2.0,0.0,0.0,98.0,0.0,0.0
1.0,0.0,0.0,99.0,0.0,0.0
2.0,0.0,0.0,98.0,0.0,0.0
1.0,0.0,0.0,99.0,0.0,0.0
1.0,0.0,0.0,99.0,0.0,0.0
1.0,76.0,0.0,23.0,0.0,0.0
1.0,0.0,0.0,99.0,0.0,0.0
1.0,99.0,0.0,0.0,0.0,0.0
1.0,13.0,0.0,86.0,0.0,0.0
1.0,98.0,1.0,0.0,0.0,0.0
1.0,0.0,0.0,99.0,0.0,0.0
1.0,0.0,0.0,99.0,0.0,0.0
1.0,86.0,0.0,13.0,0.0,0.0
1.0,99.0,0.0,0.0,0.0,0.0
1.0,99.0,0.0,0.0,0.0,0.0
1.0,0.0,0.0,99.0,0.0,0.0
1.0,96.0,0.0,3.0,0.0,0.0
1.0,0.0,0.0,99.0,0.0,0.0
1.0,99.0,0.0,0.0,0.0,0.0
1.0,0.0,0.0,99.0,0.0,0.0
1.0,99.0,0.0,0.0,0.0,0.0
1.0,0.0,0.0,99.0,0.0,0.0
1.0,0.0,0.0,99.0,0.0,0.0
1.0,0.0,0.0,99.0,0.0,0.0
1.0,0.0,0.0,99.0,0.0,0.0
1.0,0.0,0.0,99.0,0.0,0.0
1.0,99.0,0.0,0.0,0.0,0.0
1.0,0.0,0.0,99.0,0.0,0.0
1.0,0.0,0.0,99.0,0.0,0.0
1.0,99.0,0.0,0.0,0.0,0.0
1.0,99.0,0.0,0.0,0.0,0.0
1.0,99.0,0.0,0.0,0.0,0.0
1.0,42.0,0.0,57.0,0.0,0.0
1.0,74.0,0.0,25.0,0.0,0.0
1.0,0.0,1.0,98.0,0.0,0.0
1.0,0.0,0.0,99.0,0.0,0.0
1.0,98.0,0.0,1.0,0.0,0.0
1.0,0.0,0.0,99.0,0.0,0.0
1.0,0.0,0.0,99.0,0.0,0.0
1.0,0.0,0.0,99.0,0.0,0.0
1.0,0.0,0.0,99.0,0.0,0.0
1.0,99.0,0.0,0.0,0.0,0.0
1.0,98.0,1.0,0.0,0.0,0.0
1.0,0.0,1.0,98.0,0.0,0.0
1.0,0.0,0.0,99.0,0.0,0.0
1.0,98.0,1.0,0.0,0.0,0.0
1.0,0.0,0.0,99.0,0.0,0.0
1.0,0.0,0.0,99.0,0.0,0.0
1.0,99.0,0.0,0.0,0.0,0.0
1.0,99.0,0.0,0.0,0.0,0.0
1.0,0.0,0.0,99.0,0.0,0.0
1.0,0.0,0.0,99.0,0.0,0.0
1.0,99.0,0.0,0.0,0.0,0.0
1.0,0.0,0.0,99.0,0.0,0.0
2.0,0.0,0.0,98.0,0.0,0.0
2.0,0.0,0.0,98.0,0.0,0.0
2.0,0.0,0.0,98.0,0.0,0.0
1.0,99.0,0.0,0.0,0.0,0.0
1.0,69.0,0.0,30.0,0.0,0.0
1.0,99.0,0.0,0.0,0.0,0.0
1.0,0.0,0.0,99.0,0.0,0.0
1.0,54.0,0.0,45.0,0.0,0.0
2.0,0.0,0.0,98.0,0.0,0.0
1.0,0.0,0.0,99.0,0.0,0.0
1.0,0.0,0.0,99.0,0.0,0.0
1.0,99.0,0.0,0.0,0.0,0.0
1.0,0.0,0.0,99.0,0.0,0.0
1.0,99.0,0.0,0.0,0.0,0.0
1.0,0.0,0.0,99.0,0.0,0.0
1.0,0.0,0.0,99.0,0.0,0.0
1.0,0.0,0.0,99.0,0.0,0.0
1.0,0.0,0.0,99.0,0.0,0.0
1.0,0.0,0.0,99.0,0.0,0.0
1.0,0.0,0.0,99.0,0.0,0.0
1.0,0.0,0.0,99.0,0.0,0.0
1.0,99.0,0.0,0.0,0.0,0.0
3.0,0.0,0.0,97.0,0.0,0.0
1.0,0.0,0.0,99.0,0.0,0.0
1.0,99.0,0.0,0.0,0.0,0.0
1.0,0.0,0.0,99.0,0.0,0.0
1.0,0.0,0.0,99.0,0.0,0.0
1.0,99.0,0.0,0.0,0.0,0.0
1.0,0.0,0.0,99.0,0.0,0.0
2.0,0.0,0.0,98.0,0.0,0.0
2.0,0.0,0.0,98.0,0.0,0.0
1.0,99.0,0.0,0.0,0.0,0.0
1.0,0.0,0.0,99.0,0.0,0.0
1.0,0.0,0.0,99.0,0.0,0.0
1.0,0.0,0.0,99.0,0.0,0.0
1.0,0.0,0.0,99.0,0.0,0.0
1.0,0.0,0.0,99.0,0.0,0.0
1.0,0.0,0.0,99.0,0.0,0.0
1.0,0.0,0.0,99.0,0.0,0.0
1.0,0.0,0.0,99.0,0.0,0.0
1.0,0.0,0.0,99.0,0.0,0.0
1.0,0.0,0.0,99.0,0.0,0.0
1.0,0.0,0.0,99.0,0.0,0.0
1.0,0.0,0.0,99.0,0.0,0.0
1.0,60.0,0.0,39.0,0.0,0.0
1.0,99.0,0.0,0.0,0.0,0.0
1.0,99.0,0.0,0.0,0.0,0.0
1.0,0.0,1.0,98.0,0.0,0.0
1.0,0.0,0.0,99.0,0.0,0.0
1.0,74.0,0.0,25.0,0.0,0.0
1.0,99.0,0.0,0.0,0.0,0.0
1.0,0.0,0.0,99.0,0.0,0.0
1.0,99.0,0.0,0.0,0.0,0.0
1.0,0.0,0.0,99.0,0.0,0.0
2.0,0.0,0.0,98.0,0.0,0.0
1.0,65.0,0.0,34.0,0.0,0.0
1.0,75.0,0.0,24.0,0.0,0.0
1.0,99.0,0.0,0.0,0.0,0.0
1.0,0.0,0.0,99.0,0.0,0.0
1.0,99.0,0.0,0.0,0.0,0.0
2.0,0.0,1.0,97.0,0.0,0.0
1.0,0.0,0.0,99.0,0.0,0.0
1.0,0.0,0.0,99.0,0.0,0.0
1.0,0.0,1.0,98.0,0.0,0.0
1.0,99.0,0.0,0.0,0.0,0.0
1.0,99.0,0.0,0.0,0.0,0.0
1.0,0.0,0.0,99.0,0.0,0.0
1.0,0.0,0.0,99.0,0.0,0.0
1.0,0.0,0.0,99.0,0.0,0.0
1.0,0.0,0.0,99.0,0.0,0.0
1.0,0.0,0.0,99.0,0.0,0.0
1.0,99.0,0.0,0.0,0.0,0.0
1.0,0.0,0.0,99.0,0.0,0.0
1.0,53.0,0.0,46.0,0.0,0.0
1.0,99.0,0.0,0.0,0.0,0.0
1.0,0.0,1.0,98.0,0.0,0.0
3.0,0.0,0.0,97.0,0.0,0.0
1.0,0.0,0.0,99.0,0.0,0.0
1.0,0.0,0.0,99.0,0.0,0.0
2.0,0.0,0.0,98.0,0.0,0.0
2.0,0.0,0.0,98.0,0.0,0.0
1.0,0.0,0.0,99.0,0.0,0.0
2.0,0.0,0.0,98.0,0.0,0.0
1.0,0.0,0.0,99.0,0.0,0.0
1.0,0.0,0.0,99.0,0.0,0.0
1.0,99.0,0.0,0.0,0.0,0.0
1.0,99.0,0.0,0.0,0.0,0.0
1.0,99.0,0.0,0.0,0.0,0.0
1.0,0.0,0.0,99.0,0.0,0.0
1.0,0.0,0.0,99.0,0.0,0.0
2.0,98.0,0.0,0.0,0.0,0.0
1.0,21.0,0.0,78.0,0.0,0.0
1.0,89.0,0.0,10.0,0.0,0.0
1.0,99.0,0.0,0.0,0.0,0.0
1.0,0.0,0.0,99.0,0.0,0.0
1.0,0.0,0.0,99.0,0.0,0.0
1.0,0.0,0.0,99.0,0.0,0.0
1.0,0.0,0.0,99.0,0.0,0.0
1.0,0.0,0.0,99.0,0.0,0.0
1.0,77.0,0.0,22.0,0.0,0.0
1.0,0.0,0.0,99.0,0.0,0.0
1.0,0.0,0.0,99.0,0.0,0.0
1.0,0.0,0.0,99.0,0.0,0.0
1.0,0.0,0.0,99.0,0.0,0.0
1.0,0.0,0.0,99.0,0.0,0.0
1.0,99.0,0.0,0.0,0.0,0.0
1.0,0.0,0.0,99.0,0.0,0.0
1.0,58.0,0.0,41.0,0.0,0.0
1.0,0.0,0.0,99.0,0.0,0.0
2.0,98.0,0.0,0.0,0.0,0.0
1.0,0.0,0.0,99.0,0.0,0.0
2.0,98.0,0.0,0.0,0.0,0.0
1.0,0.0,0.0,99.0,0.0,0.0
1.0,0.0,0.0,99.0,0.0,0.0
1.0,0.0,0.0,99.0,0.0,0.0
1.0,0.0,0.0,99.0,0.0,0.0
1.0,99.0,0.0,0.0,0.0,0.0
1.0,0.0,0.0,99.0,0.0,0.0
2.0,0.0,0.0,98.0,0.0,0.0
1.0,0.0,0.0,99.0,0.0,0.0
1.0,0.0,0.0,99.0,0.0,0.0
1.0,0.0,0.0,99.0,0.0,0.0
1.0,5.0,0.0,94.0,0.0,0.0
1.0,0.0,0.0,99.0,0.0,0.0
1.0,99.0,0.0,0.0,0.0,0.0
1.0,98.0,1.0,0.0,0.0,0.0
1.0,99.0,0.0,0.0,0.0,0.0
1.0,0.0,0.0,99.0,0.0,0.0
1.0,99.0,0.0,0.0,0.0,0.0
1.0,99.0,0.0,0.0,0.0,0.0
1.0,0.0,0.0,99.0,0.0,0.0
1.0,0.0,0.0,99.0,0.0,0.0
1.0,0.0,0.0,99.0,0.0,0.0
1.0,0.0,0.0,99.0,0.0,0.0
1.0,0.0,0.0,99.0,0.0,0.0
1.0,0.0,0.0,99.0,0.0,0.0
1.0,0.0,0.0,99.0,0.0,0.0
1.0,0.0,0.0,99.0,0.0,0.0
1.0,0.0,0.0,99.0,0.0,0.0
1.0,74.0,0.0,25.0,0.0,0.0
1.0,0.0,0.0,99.0,0.0,0.0
1.0,0.0,0.0,99.0,0.0,0.0
1.0,98.0,1.0,0.0,0.0,0.0
1.0,0.0,0.0,99.0,0.0,0.0
1.0,11.0,0.0,88.0,0.0,0.0
1.0,0.0,0.0,99.0,0.0,0.0
1.0,39.0,0.0,60.0,0.0,0.0
1.0,99.0,0.0,0.0,0.0,0.0
1.0,99.0,0.0,0.0,0.0,0.0
1.0,0.0,0.0,99.0,0.0,0.0
1.0,99.0,0.0,0.0,0.0,0.0
2.0,0.0,0.0,98.0,0.0,0.0
1.0,0.0,0.0,99.0,0.0,0.0
1.0,0.0,0.0,99.0,0.0,0.0
1.0,0.0,0.0,99.0,0.0,0.0
1.0,0.0,0.0,99.0,0.0,0.0
1.0,99.0,0.0,0.0,0.0,0.0
1.0,0.0,0.0,99.0,0.0,0.0
1.0,0.0,0.0,99.0,0.0,0.0
1.0,98.0,1.0,0.0,0.0,0.0
1.0,0.0,0.0,99.0,0.0,0.0
2.0,98.0,0.0,0.0,0.0,0.0
1.0,0.0,0.0,99.0,0.0,0.0
1.0,0.0,0.0,99.0,0.0,0.0
1.0,99.0,0.0,0.0,0.0,0.0
1.0,0.0,0.0,99.0,0.0,0.0
1.0,0.0,0.0,99.0,0.0,0.0
1.0,0.0,0.0,99.0,0.0,0.0
1.0,0.0,0.0,99.0,0.0,0.0
1.0,99.0,0.0,0.0,0.0,0.0
1.0,0.0,0.0,99.0,0.0,0.0
1.0,0.0,0.0,99.0,0.0,0.0
1.0,0.0,0.0,99.0,0.0,0.0
2.0,0.0,0.0,98.0,0.0,0.0
1.0,0.0,0.0,99.0,0.0,0.0
1.0,0.0,0.0,99.0,0.0,0.0
1.0,16.0,0.0,83.0,0.0,0.0
1.0,0.0,0.0,99.0,0.0,0.0
1.0,99.0,0.0,0.0,0.0,0.0
1.0,0.0,0.0,99.0,0.0,0.0
1.0,0.0,0.0,99.0,0.0,0.0
1.0,0.0,0.0,99.0,0.0,0.0
2.0,0.0,0.0,98.0,0.0,0.0
2.0,98.0,0.0,0.0,0.0,0.0
1.0,99.0,0.0,0.0,0.0,0.0
1.0,63.0,0.0,36.0,0.0,0.0
1.0,98.0,1.0,0.0,0.0,0.0
1.0,89.0,0.0,10.0,0.0,0.0
1.0,0.0,0.0,99.0,0.0,0.0
1.0,0.0,0.0,99.0,0.0,0.0
1.0,0.0,0.0,99.0,0.0,0.0
1.0,0.0,0.0,99.0,0.0,0.0
1.0,0.0,0.0,99.0,0.0,0.0
1.0,0.0,0.0,99.0,0.0,0.0
1.0,0.0,0.0,99.0,0.0,0.0
1.0,0.0,0.0,99.0,0.0,0.0
1.0,0.0,0.0,99.0,0.0,0.0
2.0,98.0,0.0,0.0,0.0,0.0
1.0,0.0,1.0,98.0,0.0,0.0
1.0,3.0,0.0,96.0,0.0,0.0
1.0,0.0,0.0,99.0,0.0,0.0
1.0,99.0,0.0,0.0,0.0,0.0
1.0,0.0,0.0,99.0,0.0,0.0
2.0,0.0,0.0,98.0,0.0,0.0
1.0,0.0,0.0,99.0,0.0,0.0
1.0,0.0,0.0,99.0,0.0,0.0
1.0,99.0,0.0,0.0,0.0,0.0
2.0,0.0,0.0,98.0,0.0,0.0
1.0,0.0,0.0,99.0,0.0,0.0
1.0,0.0,0.0,99.0,0.0,0.0
1.0,76.0,0.0,23.0,0.0,0.0
2.0,0.0,0.0,98.0,0.0,0.0
1.0,0.0,0.0,99.0,0.0,0.0
1.0,0.0,0.0,99.0,0.0,0.0
1.0,68.0,0.0,31.0,0.0,0.0
1.0,0.0,0.0,99.0,0.0,0.0
1.0,0.0,0.0,99.0,0.0,0.0
1.0,0.0,0.0,99.0,0.0,0.0
1.0,0.0,0.0,99.0,0.0,0.0
1.0,0.0,0.0,99.0,0.0,0.0
1.0,99.0,0.0,0.0,0.0,0.0
1.0,0.0,0.0,99.0,0.0,0.0
1.0,22.0,0.0,77.0,0.0,0.0
1.0,0.0,1.0,98.0,0.0,0.0
1.0,99.0,0.0,0.0,0.0,0.0
1.0,99.0,0.0,0.0,0.0,0.0
1.0,0.0,0.0,99.0,0.0,0.0
1.0,99.0,0.0,0.0,0.0,0.0
1.0,99.0,0.0,0.0,0.0,0.0
1.0,99.0,0.0,0.0,0.0,0.0
1.0,0.0,0.0,99.0,0.0,0.0
1.0,0.0,0.0,99.0,0.0,0.0
1.0,0.0,0.0,99.0,0.0,0.0
1.0,0.0,0.0,99.0,0.0,0.0
1.0,99.0,0.0,0.0,0.0,0.0
1.0,66.0,0.0,33.0,0.0,0.0
1.0,0.0,0.0,99.0,0.0,0.0
1.0,0.0,0.0,99.0,0.0,0.0
1.0,99.0,0.0,0.0,0.0,0.0
1.0,0.0,0.0,99.0,0.0,0.0
1.0,21.0,29.0,0.0,0.0,0.0
1.0,0.0,0.0,99.0,0.0,0.0
3.0,7.0,0.0,90.0,0.0,0.0
1.0,99.0,0.0,0.0,0.0,0.0
1.0,0.0,0.0,99.0,0.0,0.0
1.0,1.0,0.0,98.0,0.0,0.0
1.0,99.0,0.0,0.0,0.0,0.0
1.0,0.0,0.0,99.0,0.0,0.0
1.0,0.0,0.0,99.0,0.0,0.0
1.0,97.0,0.0,2.0,0.0,0.0
1.0,0.0,0.0,99.0,0.0,0.0
1.0,0.0,0.0,99.0,0.0,0.0
1.0,0.0,1.0,98.0,0.0,0.0
1.0,0.0,0.0,99.0,0.0,0.0
1.0,0.0,0.0,99.0,0.0,0.0
1.0,0.0,0.0,99.0,0.0,0.0
1.0,98.0,0.0,1.0,0.0,0.0
1.0,0.0,0.0,99.0,0.0,0.0
1.0,0.0,0.0,99.0,0.0,0.0
1.0,99.0,0.0,0.0,0.0,0.0
1.0,99.0,0.0,0.0,0.0,0.0
1.0,0.0,0.0,99.0,0.0,0.0
1.0,0.0,0.0,99.0,0.0,0.0
1.0,0.0,0.0,99.0,0.0,0.0
1.0,0.0,0.0,99.0,0.0,0.0
1.0,0.0,0.0,99.0,0.0,0.0
1.0,0.0,0.0,99.0,0.0,0.0
2.0,0.0,0.0,98.0,0.0,0.0
2.0,1.0,0.0,97.0,0.0,0.0
1.0,0.0,0.0,99.0,0.0,0.0
1.0,0.0,0.0,99.0,0.0,0.0
1.0,0.0,0.0,99.0,0.0,0.0
1.0,0.0,0.0,99.0,0.0,0.0
1.0,0.0,1.0,98.0,0.0,0.0
1.0,99.0,0.0,0.0,0.0,0.0
2.0,98.0,0.0,0.0,0.0,0.0
2.0,98.0,0.0,0.0,0.0,0.0
1.0,0.0,0.0,99.0,0.0,0.0
2.0,0.0,0.0,98.0,0.0,0.0
1.0,0.0,0.0,99.0,0.0,0.0
1.0,58.0,0.0,41.0,0.0,0.0
1.0,99.0,0.0,0.0,0.0,0.0
1.0,0.0,0.0,99.0,0.0,0.0
1.0,0.0,0.0,99.0,0.0,0.0
1.0,0.0,0.0,99.0,0.0,0.0
2.0,0.0,0.0,98.0,0.0,0.0
1.0,84.0,0.0,15.0,0.0,0.0
1.0,0.0,0.0,99.0,0.0,0.0
1.0,2.0,0.0,97.0,0.0,0.0
2.0,98.0,0.0,0.0,0.0,0.0
1.0,0.0,0.0,99.0,0.0,0.0
1.0,0.0,0.0,99.0,0.0,0.0
1.0,0.0,0.0,99.0,0.0,0.0
1.0,0.0,0.0,99.0,0.0,0.0
1.0,29.0,1.0,69.0,0.0,0.0
1.0,99.0,0.0,0.0,0.0,0.0
1.0,1.0,0.0,98.0,0.0,0.0
1.0,99.0,0.0,0.0,0.0,0.0
1.0,99.0,0.0,0.0,0.0,0.0
1.0,0.0,0.0,99.0,0.0,0.0
1.0,0.0,0.0,99.0,0.0,0.0
1.0,0.0,0.0,99.0,0.0,0.0
1.0,99.0,0.0,0.0,0.0,0.0
1.0,99.0,0.0,0.0,0.0,0.0
1.0,99.0,0.0,0.0,0.0,0.0
1.0,0.0,0.0,99.0,0.0,0.0
1.0,0.0,0.0,99.0,0.0,0.0
1.0,0.0,0.0,99.0,0.0,0.0
1.0,0.0,0.0,99.0,0.0,0.0
1.0,0.0,0.0,99.0,0.0,0.0
1.0,0.0,0.0,99.0,0.0,0.0
1.0,0.0,0.0,99.0,0.0,0.0
1.0,0.0,0.0,99.0,0.0,0.0
1.0,99.0,0.0,0.0,0.0,0.0
1.0,99.0,0.0,0.0,0.0,0.0
1.0,64.0,0.0,35.0,0.0,0.0
1.0,0.0,0.0,99.0,0.0,0.0
1.0,0.0,0.0,99.0,0.0,0.0
1.0,0.0,0.0,99.0,0.0,0.0
1.0,99.0,0.0,0.0,0.0,0.0
1.0,0.0,0.0,99.0,0.0,0.0
1.0,99.0,0.0,0.0,0.0,0.0
1.0,0.0,0.0,99.0,0.0,0.0
1.0,0.0,0.0,99.0,0.0,0.0
1.0,0.0,0.0,99.0,0.0,0.0
1.0,0.0,0.0,0.0,0.0,0.0
2.0,0.0,0.0,98.0,0.0,0.0
1.0,0.0,0.0,99.0,0.0,0.0
1.0,99.0,0.0,0.0,0.0,0.0
1.0,0.0,0.0,99.0,0.0,0.0
1.0,0.0,0.0,99.0,0.0,0.0
1.0,99.0,0.0,0.0,0.0,0.0
1.0,0.0,0.0,99.0,0.0,0.0
2.0,0.0,0.0,98.0,0.0,0.0
1.0,0.0,0.0,99.0,0.0,0.0
1.0,0.0,0.0,99.0,0.0,0.0
1.0,0.0,0.0,99.0,0.0,0.0
1.0,0.0,0.0,99.0,0.0,0.0
3.0,0.0,0.0,97.0,0.0,0.0
1.0,0.0,0.0,99.0,0.0,0.0
1.0,0.0,1.0,98.0,0.0,0.0
1.0,0.0,0.0,99.0,0.0,0.0
1.0,0.0,0.0,99.0,0.0,0.0
1.0,0.0,1.0,98.0,0.0,0.0
1.0,99.0,0.0,0.0,0.0,0.0
1.0,0.0,1.0,98.0,0.0,0.0
1.0,0.0,0.0,99.0,0.0,0.0
1.0,0.0,0.0,99.0,0.0,0.0
1.0,0.0,0.0,99.0,0.0,0.0
1.0,0.0,0.0,99.0,0.0,0.0
1.0,0.0,0.0,99.0,0.0,0.0
2.0,0.0,0.0,98.0,0.0,0.0
1.0,99.0,0.0,0.0,0.0,0.0
1.0,99.0,0.0,0.0,0.0,0.0
1.0,99.0,0.0,0.0,0.0,0.0
1.0,99.0,0.0,0.0,0.0,0.0
1.0,0.0,0.0,99.0,0.0,0.0
1.0,99.0,0.0,0.0,0.0,0.0
1.0,0.0,0.0,99.0,0.0,0.0
1.0,4.0,0.0,95.0,0.0,0.0
1.0,0.0,0.0,99.0,0.0,0.0
1.0,78.0,0.0,21.0,0.0,0.0
1.0,0.0,0.0,99.0,0.0,0.0
1.0,0.0,0.0,99.0,0.0,0.0
1.0,0.0,0.0,99.0,0.0,0.0
1.0,0.0,0.0,99.0,0.0,0.0
1.0,0.0,0.0,99.0,0.0,0.0
1.0,0.0,91.0,8.0,0.0,0.0
1.0,0.0,0.0,99.0,0.0,0.0
1.0,0.0,0.0,99.0,0.0,0.0
1.0,0.0,0.0,99.0,0.0,0.0
1.0,0.0,0.0,99.0,0.0,0.0
1.0,0.0,0.0,99.0,0.0,0.0
1.0,0.0,0.0,99.0,0.0,0.0
1.0,0.0,0.0,99.0,0.0,0.0
1.0,0.0,0.0,99.0,0.0,0.0
1.0,0.0,0.0,99.0,0.0,0.0
1.0,0.0,0.0,99.0,0.0,0.0
1.0,58.0,0.0,41.0,0.0,0.0
2.0,0.0,0.0,98.0,0.0,0.0
1.0,0.0,0.0,99.0,0.0,0.0
1.0,99.0,0.0,0.0,0.0,0.0
2.0,0.0,0.0,98.0,0.0,0.0
1.0,0.0,0.0,99.0,0.0,0.0
1.0,0.0,0.0,99.0,0.0,0.0
1.0,0.0,0.0,99.0,0.0,0.0
1.0,0.0,0.0,99.0,0.0,0.0
1.0,99.0,0.0,0.0,0.0,0.0
1.0,0.0,0.0,99.0,0.0,0.0
1.0,99.0,0.0,0.0,0.0,0.0
1.0,0.0,0.0,99.0,0.0,0.0
1.0,0.0,0.0,99.0,0.0,0.0
1.0,99.0,0.0,0.0,0.0,0.0
1.0,99.0,0.0,0.0,0.0,0.0
2.0,0.0,0.0,98.0,0.0,0.0
1.0,99.0,0.0,0.0,0.0,0.0
1.0,99.0,0.0,0.0,0.0,0.0
1.0,0.0,0.0,99.0,0.0,0.0
1.0,0.0,0.0,99.0,0.0,0.0
1.0,0.0,0.0,99.0,0.0,0.0
1.0,99.0,0.0,0.0,0.0,0.0
1.0,0.0,0.0,99.0,0.0,0.0
1.0,99.0,0.0,0.0,0.0,0.0
1.0,99.0,0.0,0.0,0.0,0.0
1.0,0.0,0.0,99.0,0.0,0.0
1.0,0.0,1.0,98.0,0.0,0.0
1.0,0.0,1.0,98.0,0.0,0.0
1.0,0.0,1.0,98.0,0.0,0.0
1.0,0.0,0.0,99.0,0.0,0.0
2.0,0.0,0.0,98.0,0.0,0.0
1.0,0.0,0.0,99.0,0.0,0.0
1.0,0.0,0.0,99.0,0.0,0.0
1.0,0.0,0.0,99.0,0.0,0.0
1.0,0.0,0.0,99.0,0.0,0.0
1.0,0.0,0.0,99.0,0.0,0.0
2.0,0.0,0.0,98.0,0.0,0.0
1.0,0.0,0.0,99.0,0.0,0.0
1.0,99.0,0.0,0.0,0.0,0.0
1.0,0.0,0.0,99.0,0.0,0.0
1.0,14.0,0.0,85.0,0.0,0.0
1.0,0.0,0.0,99.0,0.0,0.0
1.0,0.0,0.0,99.0,0.0,0.0
1.0,0.0,0.0,99.0,0.0,0.0
1.0,0.0,0.0,99.0,0.0,0.0
1.0,99.0,0.0,0.0,0.0,0.0
1.0,0.0,0.0,99.0,0.0,0.0
1.0,0.0,0.0,99.0,0.0,0.0
2.0,0.0,0.0,98.0,0.0,0.0
1.0,99.0,0.0,0.0,0.0,0.0
1.0,99.0,0.0,0.0,0.0,0.0
1.0,99.0,0.0,0.0,0.0,0.0
1.0,0.0,0.0,99.0,0.0,0.0
1.0,0.0,0.0,99.0,0.0,0.0
1.0,0.0,0.0,99.0,0.0,0.0
1.0,0.0,0.0,99.0,0.0,0.0
1.0,99.0,0.0,0.0,0.0,0.0
1.0,99.0,0.0,0.0,0.0,0.0
1.0,99.0,0.0,0.0,0.0,0.0
1.0,0.0,0.0,99.0,0.0,0.0
1.0,99.0,0.0,0.0,0.0,0.0
1.0,0.0,0.0,99.0,0.0,0.0
1.0,99.0,0.0,0.0,0.0,0.0
1.0,0.0,0.0,99.0,0.0,0.0
1.0,0.0,0.0,99.0,0.0,0.0
1.0,0.0,0.0,99.0,0.0,0.0
1.0,99.0,0.0,0.0,0.0,0.0
1.0,99.0,0.0,0.0,0.0,0.0
1.0,0.0,0.0,99.0,0.0,0.0
1.0,0.0,0.0,99.0,0.0,0.0
1.0,0.0,0.0,99.0,0.0,0.0
1.0,99.0,0.0,0.0,0.0,0.0
2.0,0.0,0.0,98.0,0.0,0.0
1.0,99.0,0.0,0.0,0.0,0.0
2.0,0.0,0.0,98.0,0.0,0.0
1.0,0.0,0.0,99.0,0.0,0.0
1.0,99.0,0.0,0.0,0.0,0.0
3.0,0.0,0.0,97.0,0.0,0.0
1.0,0.0,0.0,99.0,0.0,0.0
1.0,0.0,0.0,99.0,0.0,0.0
2.0,0.0,0.0,98.0,0.0,0.0
1.0,0.0,0.0,99.0,0.0,0.0
1.0,0.0,0.0,99.0,0.0,0.0
1.0,0.0,0.0,99.0,0.0,0.0
1.0,0.0,0.0,99.0,0.0,0.0
1.0,99.0,0.0,0.0,0.0,0.0
1.0,0.0,0.0,99.0,0.0,0.0
1.0,99.0,0.0,0.0,0.0,0.0
1.0,0.0,0.0,99.0,0.0,0.0
1.0,0.0,0.0,99.0,0.0,0.0
2.0,98.0,0.0,0.0,0.0,0.0
1.0,0.0,0.0,99.0,0.0,0.0
1.0,0.0,0.0,99.0,0.0,0.0
1.0,0.0,0.0,99.0,0.0,0.0
2.0,0.0,0.0,98.0,0.0,0.0
1.0,0.0,1.0,98.0,0.0,0.0
1.0,0.0,0.0,99.0,0.0,0.0
1.0,99.0,0.0,0.0,0.0,0.0
1.0,0.0,0.0,99.0,0.0,0.0
1.0,0.0,0.0,99.0,0.0,0.0
1.0,0.0,0.0,99.0,0.0,0.0
1.0,99.0,0.0,0.0,0.0,0.0
1.0,99.0,0.0,0.0,0.0,0.0
1.0,0.0,0.0,99.0,0.0,0.0
1.0,0.0,0.0,99.0,0.0,0.0
1.0,99.0,0.0,0.0,0.0,0.0
1.0,0.0,0.0,99.0,0.0,0.0
2.0,0.0,0.0,98.0,0.0,0.0
1.0,0.0,0.0,99.0,0.0,0.0
1.0,99.0,0.0,0.0,0.0,0.0
1.0,0.0,1.0,98.0,0.0,0.0
1.0,0.0,0.0,99.0,0.0,0.0
1.0,0.0,0.0,99.0,0.0,0.0
1.0,99.0,0.0,0.0,0.0,0.0
1.0,0.0,0.0,99.0,0.0,0.0
1.0,0.0,0.0,99.0,0.0,0.0
1.0,0.0,0.0,99.0,0.0,0.0
1.0,99.0,0.0,0.0,0.0,0.0
1.0,0.0,0.0,99.0,0.0,0.0
1.0,99.0,0.0,0.0,0.0,0.0
1.0,0.0,0.0,99.0,0.0,0.0
1.0,0.0,0.0,99.0,0.0,0.0
1.0,0.0,0.0,99.0,0.0,0.0
1.0,0.0,0.0,99.0,0.0,0.0
1.0,99.0,0.0,0.0,0.0,0.0
1.0,99.0,0.0,0.0,0.0,0.0
1.0,0.0,0.0,99.0,0.0,0.0
1.0,0.0,0.0,99.0,0.0,0.0
1.0,57.0,0.0,42.0,0.0,0.0
1.0,99.0,0.0,0.0,0.0,0.0
1.0,0.0,0.0,99.0,0.0,0.0
1.0,99.0,0.0,0.0,0.0,0.0
1.0,0.0,0.0,99.0,0.0,0.0
1.0,0.0,0.0,99.0,0.0,0.0
1.0,0.0,0.0,99.0,0.0,0.0
1.0,99.0,0.0,0.0,0.0,0.0
1.0,99.0,0.0,0.0,0.0,0.0
1.0,99.0,0.0,0.0,0.0,0.0
1.0,0.0,0.0,99.0,0.0,0.0
1.0,0.0,0.0,99.0,0.0,0.0
2.0,0.0,0.0,98.0,0.0,0.0
1.0,0.0,0.0,99.0,0.0,0.0
1.0,0.0,0.0,99.0,0.0,0.0
1.0,0.0,0.0,99.0,0.0,0.0
1.0,99.0,0.0,0.0,0.0,0.0
1.0,99.0,0.0,0.0,0.0,0.0
1.0,0.0,0.0,99.0,0.0,0.0
1.0,0.0,0.0,99.0,0.0,0.0
1.0,0.0,0.0,99.0,0.0,0.0
1.0,0.0,0.0,99.0,0.0,0.0
1.0,0.0,0.0,99.0,0.0,0.0
1.0,0.0,0.0,99.0,0.0,0.0
1.0,99.0,0.0,0.0,0.0,0.0
1.0,0.0,0.0,99.0,0.0,0.0
1.0,0.0,0.0,99.0,0.0,0.0
1.0,0.0,0.0,99.0,0.0,0.0
1.0,99.0,0.0,0.0,0.0,0.0
1.0,99.0,0.0,0.0,0.0,0.0
1.0,99.0,0.0,0.0,0.0,0.0
1.0,0.0,0.0,99.0,0.0,0.0
1.0,98.0,1.0,0.0,0.0,0.0
1.0,0.0,0.0,99.0,0.0,0.0
2.0,0.0,0.0,98.0,0.0,0.0
1.0,99.0,0.0,0.0,0.0,0.0
2.0,98.0,0.0,0.0,0.0,0.0
2.0,98.0,0.0,0.0,0.0,0.0
1.0,0.0,0.0,99.0,0.0,0.0
1.0,68.0,31.0,0.0,0.0,0.0
1.0,0.0,0.0,99.0,0.0,0.0
1.0,99.0,0.0,0.0,0.0,0.0
1.0,0.0,0.0,99.0,0.0,0.0
1.0,0.0,1.0,98.0,0.0,0.0
1.0,0.0,0.0,99.0,0.0,0.0
1.0,0.0,0.0,99.0,0.0,0.0
1.0,0.0,0.0,99.0,0.0,0.0
1.0,95.0,0.0,4.0,0.0,0.0
1.0,0.0,0.0,99.0,0.0,0.0
1.0,0.0,0.0,99.0,0.0,0.0
1.0,0.0,0.0,99.0,0.0,0.0
1.0,0.0,0.0,99.0,0.0,0.0
1.0,99.0,0.0,0.0,0.0,0.0
1.0,99.0,0.0,0.0,0.0,0.0
1.0,0.0,0.0,99.0,0.0,0.0
1.0,0.0,0.0,99.0,0.0,0.0
1.0,0.0,0.0,99.0,0.0,0.0
1.0,0.0,0.0,99.0,0.0,0.0
1.0,0.0,0.0,99.0,0.0,0.0
1.0,99.0,0.0,0.0,0.0,0.0
1.0,0.0,0.0,99.0,0.0,0.0
1.0,0.0,0.0,99.0,0.0,0.0
1.0,99.0,0.0,0.0,0.0,0.0
1.0,0.0,0.0,99.0,0.0,0.0
1.0,0.0,0.0,99.0,0.0,0.0
2.0,98.0,0.0,0.0,0.0,0.0
1.0,99.0,0.0,0.0,0.0,0.0
1.0,0.0,0.0,99.0,0.0,0.0
1.0,0.0,0.0,99.0,0.0,0.0
1.0,0.0,0.0,99.0,0.0,0.0
1.0,35.0,0.0,64.0,0.0,0.0
1.0,0.0,0.0,99.0,0.0,0.0
1.0,76.0,0.0,23.0,0.0,0.0
1.0,0.0,0.0,99.0,0.0,0.0
2.0,0.0,0.0,98.0,0.0,0.0
1.0,0.0,0.0,99.0,0.0,0.0
1.0,0.0,0.0,99.0,0.0,0.0
2.0,0.0,0.0,98.0,0.0,0.0
1.0,99.0,0.0,0.0,0.0,0.0
1.0,99.0,0.0,0.0,0.0,0.0
1.0,99.0,0.0,0.0,0.0,0.0
1.0,0.0,0.0,99.0,0.0,0.0
1.0,99.0,0.0,0.0,0.0,0.0
1.0,99.0,0.0,0.0,0.0,0.0
1.0,0.0,0.0,99.0,0.0,0.0
1.0,98.0,1.0,0.0,0.0,0.0
1.0,0.0,0.0,99.0,0.0,0.0
1.0,99.0,0.0,0.0,0.0,0.0
1.0,0.0,0.0,99.0,0.0,0.0
1.0,0.0,0.0,99.0,0.0,0.0
1.0,0.0,0.0,99.0,0.0,0.0
1.0,0.0,0.0,99.0,0.0,0.0
2.0,0.0,0.0,98.0,0.0,0.0
1.0,0.0,0.0,99.0,0.0,0.0
1.0,99.0,0.0,0.0,0.0,0.0
2.0,0.0,0.0,98.0,0.0,0.0
1.0,0.0,0.0,99.0,0.0,0.0
1.0,0.0,0.0,99.0,0.0,0.0
1.0,0.0,0.0,99.0,0.0,0.0
1.0,99.0,0.0,0.0,0.0,0.0
1.0,0.0,0.0,99.0,0.0,0.0
1.0,0.0,0.0,99.0,0.0,0.0
1.0,0.0,0.0,99.0,0.0,0.0
1.0,0.0,0.0,99.0,0.0,0.0
1.0,0.0,0.0,99.0,0.0,0.0
1.0,99.0,0.0,0.0,0.0,0.0
1.0,99.0,0.0,0.0,0.0,0.0
1.0,0.0,0.0,99.0,0.0,0.0
1.0,0.0,0.0,99.0,0.0,0.0
1.0,0.0,0.0,99.0,0.0,0.0
1.0,99.0,0.0,0.0,0.0,0.0
1.0,0.0,0.0,99.0,0.0,0.0
1.0,99.0,0.0,0.0,0.0,0.0
2.0,0.0,0.0,98.0,0.0,0.0
1.0,75.0,0.0,24.0,0.0,0.0
1.0,0.0,0.0,99.0,0.0,0.0
1.0,99.0,0.0,0.0,0.0,0.0
1.0,0.0,0.0,99.0,0.0,0.0
1.0,99.0,0.0,0.0,0.0,0.0
1.0,0.0,0.0,99.0,0.0,0.0
1.0,0.0,0.0,99.0,0.0,0.0
1.0,0.0,0.0,99.0,0.0,0.0
1.0,0.0,0.0,99.0,0.0,0.0
1.0,0.0,0.0,99.0,0.0,0.0
1.0,99.0,0.0,0.0,0.0,0.0
1.0,0.0,0.0,99.0,0.0,0.0
1.0,0.0,0.0,99.0,0.0,0.0
1.0,0.0,0.0,99.0,0.0,0.0
1.0,99.0,0.0,0.0,0.0,0.0
1.0,39.0,0.0,60.0,0.0,0.0
1.0,0.0,0.0,99.0,0.0,0.0
1.0,99.0,0.0,0.0,0.0,0.0
1.0,0.0,0.0,99.0,0.0,0.0
1.0,0.0,1.0,98.0,0.0,0.0
1.0,0.0,0.0,99.0,0.0,0.0
1.0,0.0,0.0,99.0,0.0,0.0
1.0,0.0,0.0,99.0,0.0,0.0
2.0,0.0,0.0,98.0,0.0,0.0
1.0,0.0,0.0,99.0,0.0,0.0
1.0,99.0,0.0,0.0,0.0,0.0
1.0,99.0,0.0,0.0,0.0,0.0
1.0,0.0,0.0,99.0,0.0,0.0
2.0,0.0,0.0,98.0,0.0,0.0
1.0,17.0,0.0,82.0,0.0,0.0
1.0,0.0,0.0,99.0,0.0,0.0
1.0,0.0,0.0,99.0,0.0,0.0
1.0,0.0,0.0,99.0,0.0,0.0
2.0,0.0,0.0,98.0,0.0,0.0
1.0,0.0,0.0,99.0,0.0,0.0
1.0,0.0,0.0,99.0,0.0,0.0
1.0,0.0,0.0,99.0,0.0,0.0
1.0,99.0,0.0,0.0,0.0,0.0
1.0,0.0,0.0,99.0,0.0,0.0
1.0,0.0,0.0,99.0,0.0,0.0
2.0,98.0,0.0,0.0,0.0,0.0
1.0,0.0,0.0,99.0,0.0,0.0
1.0,0.0,0.0,99.0,0.0,0.0
1.0,45.0,10.0,0.0,0.0,0.0
1.0,98.0,1.0,0.0,0.0,0.0
1.0,0.0,0.0,99.0,0.0,0.0
1.0,0.0,0.0,99.0,0.0,0.0
1.0,0.0,0.0,99.0,0.0,0.0
1.0,0.0,0.0,99.0,0.0,0.0
1.0,0.0,1.0,98.0,0.0,0.0
1.0,99.0,0.0,0.0,0.0,0.0
1.0,0.0,0.0,99.0,0.0,0.0
2.0,0.0,0.0,98.0,0.0,0.0
1.0,99.0,0.0,0.0,0.0,0.0
1.0,99.0,0.0,0.0,0.0,0.0
1.0,0.0,0.0,99.0,0.0,0.0
2.0,0.0,0.0,98.0,0.0,0.0
2.0,0.0,0.0,98.0,0.0,0.0
2.0,0.0,0.0,98.0,0.0,0.0
1.0,0.0,0.0,99.0,0.0,0.0
1.0,43.0,0.0,56.0,0.0,0.0
1.0,0.0,0.0,99.0,0.0,0.0
1.0,98.0,1.0,0.0,0.0,0.0
2.0,0.0,0.0,98.0,0.0,0.0
1.0,13.0,0.0,86.0,0.0,0.0
1.0,0.0,0.0,99.0,0.0,0.0
1.0,0.0,0.0,99.0,0.0,0.0
1.0,0.0,0.0,99.0,0.0,0.0
1.0,99.0,0.0,0.0,0.0,0.0
2.0,0.0,0.0,98.0,0.0,0.0
1.0,99.0,0.0,0.0,0.0,0.0
1.0,99.0,0.0,0.0,0.0,0.0
1.0,0.0,0.0,99.0,0.0,0.0
1.0,0.0,0.0,99.0,0.0,0.0
1.0,99.0,0.0,0.0,0.0,0.0
1.0,0.0,0.0,99.0,0.0,0.0
1.0,0.0,0.0,99.0,0.0,0.0
1.0,0.0,0.0,99.0,0.0,0.0
2.0,0.0,0.0,98.0,0.0,0.0
1.0,99.0,0.0,0.0,0.0,0.0
1.0,99.0,0.0,0.0,0.0,0.0
1.0,0.0,0.0,99.0,0.0,0.0
2.0,24.0,0.0,74.0,0.0,0.0
1.0,0.0,0.0,99.0,0.0,0.0
1.0,99.0,0.0,0.0,0.0,0.0
1.0,0.0,0.0,99.0,0.0,0.0
1.0,0.0,0.0,99.0,0.0,0.0
1.0,0.0,0.0,99.0,0.0,0.0
1.0,99.0,0.0,0.0,0.0,0.0
1.0,0.0,0.0,99.0,0.0,0.0
1.0,0.0,0.0,99.0,0.0,0.0
1.0,0.0,0.0,99.0,0.0,0.0
1.0,99.0,0.0,0.0,0.0,0.0
1.0,0.0,0.0,99.0,0.0,0.0
1.0,99.0,0.0,0.0,0.0,0.0
1.0,0.0,0.0,99.0,0.0,0.0
1.0,99.0,0.0,0.0,0.0,0.0
1.0,0.0,0.0,99.0,0.0,0.0
1.0,0.0,0.0,99.0,0.0,0.0
1.0,0.0,0.0,99.0,0.0,0.0
1.0,51.0,0.0,48.0,0.0,0.0
1.0,0.0,0.0,99.0,0.0,0.0
1.0,0.0,0.0,99.0,0.0,0.0
1.0,99.0,0.0,0.0,0.0,0.0
1.0,0.0,0.0,99.0,0.0,0.0
1.0,99.0,0.0,0.0,0.0,0.0
1.0,0.0,0.0,99.0,0.0,0.0
1.0,0.0,0.0,99.0,0.0,0.0
1.0,99.0,0.0,0.0,0.0,0.0
1.0,0.0,0.0,99.0,0.0,0.0
1.0,0.0,0.0,99.0,0.0,0.0
1.0,0.0,0.0,99.0,0.0,0.0
1.0,99.0,0.0,0.0,0.0,0.0
1.0,99.0,0.0,0.0,0.0,0.0
1.0,0.0,0.0,99.0,0.0,0.0
1.0,0.0,0.0,99.0,0.0,0.0
1.0,0.0,0.0,99.0,0.0,0.0
1.0,0.0,0.0,99.0,0.0,0.0
1.0,99.0,0.0,0.0,0.0,0.0
1.0,99.0,0.0,0.0,0.0,0.0
1.0,0.0,0.0,99.0,0.0,0.0
1.0,0.0,0.0,99.0,0.0,0.0
1.0,7.0,0.0,74.0,18.0,0.0
1.0,0.0,0.0,99.0,0.0,0.0
1.0,99.0,0.0,0.0,0.0,0.0
1.0,0.0,0.0,99.0,0.0,0.0
1.0,0.0,0.0,99.0,0.0,0.0
1.0,0.0,0.0,99.0,0.0,0.0
1.0,99.0,0.0,0.0,0.0,0.0
1.0,0.0,0.0,0.0,0.0,0.0
1.0,0.0,0.0,99.0,0.0,0.0
1.0,0.0,0.0,99.0,0.0,0.0
1.0,1.0,0.0,98.0,0.0,0.0
1.0,0.0,0.0,99.0,0.0,0.0
1.0,19.0,0.0,80.0,0.0,0.0
1.0,0.0,0.0,99.0,0.0,0.0
1.0,1.0,0.0,98.0,0.0,0.0
1.0,99.0,0.0,0.0,0.0,0.0
1.0,99.0,0.0,0.0,0.0,0.0
1.0,99.0,0.0,0.0,0.0,0.0
1.0,99.0,0.0,0.0,0.0,0.0
1.0,0.0,0.0,99.0,0.0,0.0
1.0,0.0,0.0,99.0,0.0,0.0
1.0,0.0,0.0,99.0,0.0,0.0
1.0,99.0,0.0,0.0,0.0,0.0
1.0,99.0,0.0,0.0,0.0,0.0
1.0,0.0,0.0,99.0,0.0,0.0
1.0,0.0,0.0,99.0,0.0,0.0
2.0,0.0,0.0,98.0,0.0,0.0
1.0,0.0,0.0,99.0,0.0,0.0
1.0,99.0,0.0,0.0,0.0,0.0
1.0,99.0,0.0,0.0,0.0,0.0
1.0,99.0,0.0,0.0,0.0,0.0
1.0,99.0,0.0,0.0,0.0,0.0
1.0,0.0,0.0,99.0,0.0,0.0
2.0,0.0,0.0,98.0,0.0,0.0
1.0,0.0,1.0,98.0,0.0,0.0
1.0,0.0,0.0,99.0,0.0,0.0
1.0,0.0,0.0,99.0,0.0,0.0
1.0,0.0,0.0,99.0,0.0,0.0
1.0,0.0,1.0,98.0,0.0,0.0
1.0,0.0,0.0,99.0,0.0,0.0
1.0,0.0,0.0,99.0,0.0,0.0
1.0,99.0,0.0,0.0,0.0,0.0
1.0,0.0,0.0,99.0,0.0,0.0
1.0,0.0,0.0,99.0,0.0,0.0
1.0,99.0,0.0,0.0,0.0,0.0
1.0,99.0,0.0,0.0,0.0,0.0
1.0,0.0,1.0,98.0,0.0,0.0
1.0,0.0,0.0,99.0,0.0,0.0
1.0,99.0,0.0,0.0,0.0,0.0
1.0,0.0,0.0,99.0,0.0,0.0
1.0,0.0,0.0,99.0,0.0,0.0
1.0,71.0,0.0,28.0,0.0,0.0
1.0,0.0,0.0,99.0,0.0,0.0
2.0,0.0,0.0,98.0,0.0,0.0
1.0,0.0,0.0,99.0,0.0,0.0
1.0,0.0,0.0,99.0,0.0,0.0
1.0,0.0,0.0,99.0,0.0,0.0
1.0,0.0,0.0,99.0,0.0,0.0
1.0,99.0,0.0,0.0,0.0,0.0
1.0,99.0,0.0,0.0,0.0,0.0
1.0,99.0,0.0,0.0,0.0,0.0
1.0,99.0,0.0,0.0,0.0,0.0
1.0,99.0,0.0,0.0,0.0,0.0
1.0,99.0,0.0,0.0,0.0,0.0
1.0,0.0,0.0,99.0,0.0,0.0
1.0,0.0,0.0,99.0,0.0,0.0
1.0,0.0,0.0,99.0,0.0,0.0
2.0,0.0,0.0,98.0,0.0,0.0
1.0,0.0,0.0,99.0,0.0,0.0
1.0,99.0,0.0,0.0,0.0,0.0
1.0,0.0,0.0,99.0,0.0,0.0
1.0,0.0,0.0,99.0,0.0,0.0
2.0,0.0,0.0,98.0,0.0,0.0
2.0,0.0,0.0,98.0,0.0,0.0
1.0,0.0,0.0,99.0,0.0,0.0
1.0,99.0,0.0,0.0,0.0,0.0
1.0,0.0,0.0,99.0,0.0,0.0
1.0,98.0,1.0,0.0,0.0,0.0
2.0,98.0,0.0,0.0,0.0,0.0
1.0,99.0,0.0,0.0,0.0,0.0
1.0,0.0,0.0,99.0,0.0,0.0
1.0,98.0,1.0,0.0,0.0,0.0
1.0,99.0,0.0,0.0,0.0,0.0
1.0,99.0,0.0,0.0,0.0,0.0
1.0,0.0,0.0,99.0,0.0,0.0
1.0,0.0,0.0,99.0,0.0,0.0
1.0,0.0,0.0,99.0,0.0,0.0
1.0,0.0,0.0,99.0,0.0,0.0
1.0,0.0,0.0,99.0,0.0,0.0
1.0,0.0,0.0,99.0,0.0,0.0
1.0,0.0,0.0,99.0,0.0,0.0
1.0,0.0,0.0,99.0,0.0,0.0
1.0,99.0,0.0,0.0,0.0,0.0
1.0,99.0,0.0,0.0,0.0,0.0
1.0,0.0,0.0,99.0,0.0,0.0
1.0,99.0,0.0,0.0,0.0,0.0
1.0,99.0,0.0,0.0,0.0,0.0
1.0,99.0,0.0,0.0,0.0,0.0
1.0,99.0,0.0,0.0,0.0,0.0
1.0,0.0,0.0,99.0,0.0,0.0
1.0,99.0,0.0,0.0,0.0,0.0
1.0,99.0,0.0,0.0,0.0,0.0
1.0,0.0,0.0,99.0,0.0,0.0
1.0,0.0,0.0,99.0,0.0,0.0
1.0,0.0,0.0,99.0,0.0,0.0
1.0,0.0,0.0,99.0,0.0,0.0
1.0,0.0,0.0,99.0,0.0,0.0
1.0,99.0,0.0,0.0,0.0,0.0
1.0,91.0,0.0,8.0,0.0,0.0
1.0,0.0,0.0,99.0,0.0,0.0
1.0,0.0,0.0,99.0,0.0,0.0
1.0,99.0,0.0,0.0,0.0,0.0
1.0,99.0,0.0,0.0,0.0,0.0
1.0,0.0,0.0,99.0,0.0,0.0
1.0,0.0,0.0,99.0,0.0,0.0
1.0,0.0,0.0,99.0,0.0,0.0
1.0,0.0,0.0,99.0,0.0,0.0
1.0,41.0,0.0,58.0,0.0,0.0
2.0,98.0,0.0,0.0,0.0,0.0
1.0,0.0,0.0,99.0,0.0,0.0
1.0,0.0,0.0,99.0,0.0,0.0
1.0,99.0,0.0,0.0,0.0,0.0
2.0,0.0,0.0,98.0,0.0,0.0
1.0,0.0,0.0,99.0,0.0,0.0
1.0,99.0,0.0,0.0,0.0,0.0
1.0,99.0,0.0,0.0,0.0,0.0
1.0,0.0,0.0,99.0,0.0,0.0
1.0,79.0,0.0,20.0,0.0,0.0
1.0,0.0,0.0,99.0,0.0,0.0
1.0,0.0,0.0,99.0,0.0,0.0
2.0,0.0,0.0,98.0,0.0,0.0
1.0,99.0,0.0,0.0,0.0,0.0
1.0,0.0,0.0,99.0,0.0,0.0
1.0,0.0,0.0,99.0,0.0,0.0
1.0,0.0,0.0,99.0,0.0,0.0
1.0,74.0,0.0,25.0,0.0,0.0
1.0,67.0,0.0,32.0,0.0,0.0
1.0,99.0,0.0,0.0,0.0,0.0
1.0,0.0,0.0,99.0,0.0,0.0
1.0,0.0,0.0,99.0,0.0,0.0
1.0,0.0,0.0,99.0,0.0,0.0
1.0,0.0,0.0,99.0,0.0,0.0
1.0,0.0,0.0,99.0,0.0,0.0
1.0,0.0,0.0,99.0,0.0,0.0
1.0,0.0,0.0,99.0,0.0,0.0
1.0,0.0,0.0,99.0,0.0,0.0
1.0,0.0,0.0,99.0,0.0,0.0
1.0,99.0,0.0,0.0,0.0,0.0
1.0,0.0,0.0,99.0,0.0,0.0
1.0,99.0,0.0,0.0,0.0,0.0
1.0,99.0,0.0,0.0,0.0,0.0
1.0,13.0,0.0,86.0,0.0,0.0
2.0,0.0,0.0,98.0,0.0,0.0
1.0,99.0,0.0,0.0,0.0,0.0
1.0,0.0,62.0,37.0,0.0,0.0
1.0,0.0,0.0,99.0,0.0,0.0
1.0,99.0,0.0,0.0,0.0,0.0
1.0,99.0,0.0,0.0,0.0,0.0
1.0,0.0,0.0,99.0,0.0,0.0
1.0,99.0,0.0,0.0,0.0,0.0
1.0,0.0,0.0,99.0,0.0,0.0
1.0,99.0,0.0,0.0,0.0,0.0
1.0,0.0,0.0,99.0,0.0,0.0
1.0,0.0,0.0,99.0,0.0,0.0
1.0,0.0,0.0,99.0,0.0,0.0
1.0,22.0,0.0,77.0,0.0,0.0
1.0,0.0,0.0,99.0,0.0,0.0
1.0,0.0,0.0,99.0,0.0,0.0
1.0,13.0,0.0,86.0,0.0,0.0
1.0,0.0,0.0,99.0,0.0,0.0
1.0,0.0,0.0,99.0,0.0,0.0
1.0,4.0,0.0,95.0,0.0,0.0
1.0,0.0,0.0,99.0,0.0,0.0
1.0,98.0,1.0,0.0,0.0,0.0
1.0,34.0,1.0,64.0,0.0,0.0
1.0,0.0,1.0,98.0,0.0,0.0
1.0,0.0,0.0,99.0,0.0,0.0
1.0,99.0,0.0,0.0,0.0,0.0
2.0,0.0,0.0,98.0,0.0,0.0
1.0,99.0,0.0,0.0,0.0,0.0
1.0,99.0,0.0,0.0,0.0,0.0
1.0,0.0,0.0,99.0,0.0,0.0
1.0,99.0,0.0,0.0,0.0,0.0
1.0,99.0,0.0,0.0,0.0,0.0
1.0,0.0,0.0,99.0,0.0,0.0
1.0,0.0,0.0,99.0,0.0,0.0
1.0,99.0,0.0,0.0,0.0,0.0
1.0,0.0,0.0,99.0,0.0,0.0
1.0,0.0,0.0,99.0,0.0,0.0
1.0,98.0,1.0,0.0,0.0,0.0
1.0,0.0,0.0,99.0,0.0,0.0
1.0,99.0,0.0,0.0,0.0,0.0
2.0,39.0,0.0,59.0,0.0,0.0
1.0,99.0,0.0,0.0,0.0,0.0
1.0,0.0,0.0,99.0,0.0,0.0
2.0,0.0,0.0,98.0,0.0,0.0
1.0,99.0,0.0,0.0,0.0,0.0
1.0,99.0,0.0,0.0,0.0,0.0
1.0,1.0,0.0,98.0,0.0,0.0
1.0,0.0,0.0,99.0,0.0,0.0
1.0,0.0,0.0,99.0,0.0,0.0
1.0,0.0,0.0,99.0,0.0,0.0
1.0,0.0,0.0,99.0,0.0,0.0
1.0,0.0,0.0,99.0,0.0,0.0
1.0,99.0,0.0,0.0,0.0,0.0
2.0,0.0,0.0,98.0,0.0,0.0
1.0,99.0,0.0,0.0,0.0,0.0
1.0,99.0,0.0,0.0,0.0,0.0
1.0,0.0,0.0,99.0,0.0,0.0
2.0,0.0,0.0,98.0,0.0,0.0
1.0,99.0,0.0,0.0,0.0,0.0
1.0,0.0,0.0,99.0,0.0,0.0
1.0,0.0,1.0,98.0,0.0,0.0
1.0,94.0,5.0,0.0,0.0,0.0
1.0,99.0,0.0,0.0,0.0,0.0
1.0,14.0,0.0,85.0,0.0,0.0
1.0,99.0,0.0,0.0,0.0,0.0
1.0,0.0,0.0,99.0,0.0,0.0
1.0,0.0,0.0,99.0,0.0,0.0
1.0,99.0,0.0,0.0,0.0,0.0
1.0,0.0,0.0,99.0,0.0,0.0
1.0,99.0,0.0,0.0,0.0,0.0
1.0,99.0,0.0,0.0,0.0,0.0
1.0,0.0,0.0,99.0,0.0,0.0
1.0,99.0,0.0,0.0,0.0,0.0
1.0,0.0,0.0,99.0,0.0,0.0
1.0,0.0,0.0,99.0,0.0,0.0
1.0,99.0,0.0,0.0,0.0,0.0
1.0,99.0,0.0,0.0,0.0,0.0
1.0,0.0,0.0,99.0,0.0,0.0
1.0,99.0,0.0,0.0,0.0,0.0
1.0,99.0,0.0,0.0,0.0,0.0
1.0,0.0,0.0,99.0,0.0,0.0
1.0,0.0,0.0,99.0,0.0,0.0
2.0,0.0,0.0,98.0,0.0,0.0
1.0,0.0,0.0,99.0,0.0,0.0
1.0,99.0,0.0,0.0,0.0,0.0
1.0,99.0,0.0,0.0,0.0,0.0
1.0,0.0,0.0,99.0,0.0,0.0
1.0,0.0,0.0,99.0,0.0,0.0
1.0,0.0,1.0,98.0,0.0,0.0
1.0,99.0,0.0,0.0,0.0,0.0
1.0,0.0,0.0,99.0,0.0,0.0
1.0,0.0,0.0,99.0,0.0,0.0
1.0,0.0,0.0,99.0,0.0,0.0
1.0,0.0,0.0,99.0,0.0,0.0
1.0,0.0,0.0,99.0,0.0,0.0
1.0,0.0,0.0,99.0,0.0,0.0
2.0,98.0,0.0,0.0,0.0,0.0
1.0,0.0,0.0,99.0,0.0,0.0
1.0,99.0,0.0,0.0,0.0,0.0
1.0,99.0,0.0,0.0,0.0,0.0
1.0,0.0,0.0,99.0,0.0,0.0
1.0,0.0,0.0,99.0,0.0,0.0
1.0,0.0,0.0,99.0,0.0,0.0
1.0,0.0,0.0,99.0,0.0,0.0
1.0,0.0,0.0,99.0,0.0,0.0
1.0,0.0,0.0,99.0,0.0,0.0
1.0,99.0,0.0,0.0,0.0,0.0
1.0,0.0,0.0,99.0,0.0,0.0
1.0,0.0,0.0,99.0,0.0,0.0
1.0,0.0,0.0,99.0,0.0,0.0
1.0,0.0,0.0,99.0,0.0,0.0
1.0,99.0,0.0,0.0,0.0,0.0
1.0,0.0,0.0,99.0,0.0,0.0
1.0,99.0,0.0,0.0,0.0,0.0
1.0,99.0,0.0,0.0,0.0,0.0
1.0,0.0,0.0,99.0,0.0,0.0
2.0,0.0,0.0,98.0,0.0,0.0
1.0,0.0,0.0,99.0,0.0,0.0
1.0,0.0,0.0,99.0,0.0,0.0
1.0,99.0,0.0,0.0,0.0,0.0
1.0,0.0,0.0,99.0,0.0,0.0
1.0,0.0,0.0,99.0,0.0,0.0
1.0,99.0,0.0,0.0,0.0,0.0
1.0,99.0,0.0,0.0,0.0,0.0
1.0,0.0,0.0,99.0,0.0,0.0
1.0,0.0,0.0,99.0,0.0,0.0
1.0,0.0,0.0,99.0,0.0,0.0
1.0,98.0,1.0,0.0,0.0,0.0
1.0,0.0,0.0,99.0,0.0,0.0
1.0,1.0,0.0,98.0,0.0,0.0
1.0,0.0,0.0,99.0,0.0,0.0
1.0,99.0,0.0,0.0,0.0,0.0
1.0,0.0,0.0,99.0,0.0,0.0
1.0,0.0,0.0,99.0,0.0,0.0
1.0,0.0,0.0,99.0,0.0,0.0
1.0,0.0,0.0,99.0,0.0,0.0
1.0,99.0,0.0,0.0,0.0,0.0
1.0,0.0,0.0,99.0,0.0,0.0
1.0,0.0,1.0,98.0,0.0,0.0
1.0,0.0,0.0,99.0,0.0,0.0
1.0,0.0,0.0,99.0,0.0,0.0
1.0,99.0,0.0,0.0,0.0,0.0
1.0,99.0,0.0,0.0,0.0,0.0
1.0,0.0,0.0,99.0,0.0,0.0
1.0,0.0,0.0,99.0,0.0,0.0
1.0,99.0,0.0,0.0,0.0,0.0
1.0,0.0,0.0,99.0,0.0,0.0
1.0,0.0,0.0,99.0,0.0,0.0
1.0,99.0,0.0,0.0,0.0,0.0
1.0,0.0,0.0,99.0,0.0,0.0
1.0,0.0,0.0,99.0,0.0,0.0
1.0,0.0,0.0,99.0,0.0,0.0
1.0,99.0,0.0,0.0,0.0,0.0
1.0,99.0,0.0,0.0,0.0,0.0
1.0,0.0,0.0,99.0,0.0,0.0
1.0,0.0,0.0,99.0,0.0,0.0
1.0,0.0,0.0,99.0,0.0,0.0
1.0,0.0,0.0,99.0,0.0,0.0
1.0,99.0,0.0,0.0,0.0,0.0
1.0,99.0,0.0,0.0,0.0,0.0
1.0,99.0,0.0,0.0,0.0,0.0
1.0,86.0,0.0,13.0,0.0,0.0
1.0,99.0,0.0,0.0,0.0,0.0
1.0,0.0,0.0,99.0,0.0,0.0
1.0,0.0,0.0,99.0,0.0,0.0
1.0,0.0,0.0,99.0,0.0,0.0
1.0,0.0,0.0,99.0,0.0,0.0
1.0,99.0,0.0,0.0,0.0,0.0
2.0,0.0,0.0,98.0,0.0,0.0
1.0,99.0,0.0,0.0,0.0,0.0
1.0,99.0,0.0,0.0,0.0,0.0
1.0,0.0,0.0,99.0,0.0,0.0
1.0,0.0,0.0,99.0,0.0,0.0
1.0,0.0,0.0,99.0,0.0,0.0
1.0,99.0,0.0,0.0,0.0,0.0
1.0,0.0,0.0,99.0,0.0,0.0
1.0,0.0,1.0,98.0,0.0,0.0
2.0,0.0,0.0,98.0,0.0,0.0
1.0,70.0,0.0,29.0,0.0,0.0
1.0,99.0,0.0,0.0,0.0,0.0
1.0,0.0,0.0,99.0,0.0,0.0
1.0,0.0,0.0,99.0,0.0,0.0
1.0,0.0,0.0,99.0,0.0,0.0
1.0,99.0,0.0,0.0,0.0,0.0
1.0,36.0,0.0,63.0,0.0,0.0
1.0,0.0,0.0,99.0,0.0,0.0
1.0,0.0,0.0,99.0,0.0,0.0
1.0,0.0,0.0,99.0,0.0,0.0
1.0,0.0,0.0,99.0,0.0,0.0
2.0,0.0,1.0,97.0,0.0,0.0
1.0,99.0,0.0,0.0,0.0,0.0
1.0,98.0,1.0,0.0,0.0,0.0
1.0,0.0,0.0,99.0,0.0,0.0
1.0,0.0,0.0,99.0,0.0,0.0
2.0,97.0,1.0,0.0,0.0,0.0
1.0,0.0,0.0,99.0,0.0,0.0
1.0,99.0,0.0,0.0,0.0,0.0
1.0,0.0,0.0,99.0,0.0,0.0
1.0,99.0,0.0,0.0,0.0,0.0
1.0,0.0,0.0,99.0,0.0,0.0
1.0,0.0,0.0,99.0,0.0,0.0
1.0,99.0,0.0,0.0,0.0,0.0
1.0,0.0,0.0,99.0,0.0,0.0
1.0,0.0,0.0,99.0,0.0,0.0
1.0,99.0,0.0,0.0,0.0,0.0
1.0,0.0,0.0,99.0,0.0,0.0
1.0,0.0,0.0,99.0,0.0,0.0
1.0,0.0,0.0,99.0,0.0,0.0
1.0,0.0,0.0,99.0,0.0,0.0
1.0,0.0,0.0,99.0,0.0,0.0
1.0,0.0,0.0,99.0,0.0,0.0
1.0,99.0,0.0,0.0,0.0,0.0
1.0,0.0,0.0,99.0,0.0,0.0
1.0,0.0,0.0,99.0,0.0,0.0
1.0,99.0,0.0,0.0,0.0,0.0
1.0,0.0,0.0,99.0,0.0,0.0
1.0,0.0,0.0,99.0,0.0,0.0
1.0,0.0,0.0,99.0,0.0,0.0
1.0,0.0,0.0,99.0,0.0,0.0
1.0,99.0,0.0,0.0,0.0,0.0
1.0,0.0,0.0,99.0,0.0,0.0
1.0,98.0,1.0,0.0,0.0,0.0
1.0,0.0,0.0,99.0,0.0,0.0
1.0,99.0,0.0,0.0,0.0,0.0
1.0,0.0,0.0,99.0,0.0,0.0
1.0,0.0,0.0,99.0,0.0,0.0
2.0,0.0,0.0,98.0,0.0,0.0
1.0,99.0,0.0,0.0,0.0,0.0
1.0,0.0,0.0,99.0,0.0,0.0
1.0,99.0,0.0,0.0,0.0,0.0
1.0,0.0,0.0,99.0,0.0,0.0
1.0,99.0,0.0,0.0,0.0,0.0
1.0,0.0,0.0,99.0,0.0,0.0
1.0,0.0,0.0,99.0,0.0,0.0
1.0,0.0,0.0,99.0,0.0,0.0
1.0,99.0,0.0,0.0,0.0,0.0
1.0,0.0,0.0,99.0,0.0,0.0
1.0,99.0,0.0,0.0,0.0,0.0
1.0,99.0,0.0,0.0,0.0,0.0
2.0,0.0,0.0,98.0,0.0,0.0
1.0,0.0,0.0,99.0,0.0,0.0
1.0,0.0,0.0,99.0,0.0,0.0
1.0,0.0,0.0,99.0,0.0,0.0
1.0,99.0,0.0,0.0,0.0,0.0
1.0,0.0,1.0,98.0,0.0,0.0
1.0,0.0,0.0,99.0,0.0,0.0
1.0,0.0,0.0,99.0,0.0,0.0
1.0,0.0,0.0,99.0,0.0,0.0
1.0,0.0,0.0,99.0,0.0,0.0
1.0,99.0,0.0,0.0,0.0,0.0
1.0,0.0,0.0,99.0,0.0,0.0
1.0,0.0,0.0,99.0,0.0,0.0
1.0,99.0,0.0,0.0,0.0,0.0
1.0,0.0,0.0,99.0,0.0,0.0
1.0,0.0,0.0,99.0,0.0,0.0
2.0,0.0,0.0,98.0,0.0,0.0
1.0,99.0,0.0,0.0,0.0,0.0
1.0,99.0,0.0,0.0,0.0,0.0
2.0,98.0,0.0,0.0,0.0,0.0
1.0,99.0,0.0,0.0,0.0,0.0
2.0,98.0,0.0,0.0,0.0,0.0
1.0,0.0,1.0,98.0,0.0,0.0
1.0,0.0,0.0,99.0,0.0,0.0
1.0,0.0,0.0,99.0,0.0,0.0
1.0,0.0,0.0,99.0,0.0,0.0
1.0,0.0,0.0,99.0,0.0,0.0
1.0,0.0,0.0,99.0,0.0,0.0
1.0,0.0,0.0,99.0,0.0,0.0
1.0,0.0,0.0,99.0,0.0,0.0
1.0,99.0,0.0,0.0,0.0,0.0
1.0,0.0,0.0,99.0,0.0,0.0
1.0,0.0,0.0,99.0,0.0,0.0
1.0,0.0,0.0,99.0,0.0,0.0
1.0,99.0,0.0,0.0,0.0,0.0
1.0,99.0,0.0,0.0,0.0,0.0
1.0,0.0,0.0,99.0,0.0,0.0
1.0,0.0,0.0,99.0,0.0,0.0
1.0,0.0,0.0,99.0,0.0,0.0
1.0,99.0,0.0,0.0,0.0,0.0
1.0,0.0,0.0,99.0,0.0,0.0
1.0,0.0,0.0,99.0,0.0,0.0
1.0,0.0,0.0,99.0,0.0,0.0
1.0,0.0,0.0,99.0,0.0,0.0
1.0,0.0,1.0,98.0,0.0,0.0
1.0,0.0,0.0,99.0,0.0,0.0
1.0,0.0,0.0,99.0,0.0,0.0
1.0,0.0,0.0,99.0,0.0,0.0
1.0,0.0,0.0,99.0,0.0,0.0
2.0,98.0,0.0,0.0,0.0,0.0
2.0,0.0,0.0,98.0,0.0,0.0
1.0,0.0,0.0,99.0,0.0,0.0
1.0,0.0,0.0,99.0,0.0,0.0
1.0,0.0,0.0,99.0,0.0,0.0
1.0,0.0,1.0,98.0,0.0,0.0
1.0,99.0,0.0,0.0,0.0,0.0
1.0,0.0,1.0,98.0,0.0,0.0
1.0,99.0,0.0,0.0,0.0,0.0
1.0,0.0,0.0,99.0,0.0,0.0
1.0,99.0,0.0,0.0,0.0,0.0
1.0,99.0,0.0,0.0,0.0,0.0
1.0,0.0,0.0,99.0,0.0,0.0
1.0,0.0,0.0,99.0,0.0,0.0
3.0,0.0,0.0,97.0,0.0,0.0
1.0,0.0,0.0,99.0,0.0,0.0
1.0,0.0,0.0,99.0,0.0,0.0
1.0,0.0,0.0,99.0,0.0,0.0
1.0,0.0,0.0,99.0,0.0,0.0
1.0,0.0,0.0,99.0,0.0,0.0
1.0,0.0,0.0,99.0,0.0,0.0
2.0,98.0,0.0,0.0,0.0,0.0
1.0,0.0,0.0,99.0,0.0,0.0
2.0,0.0,0.0,98.0,0.0,0.0
1.0,99.0,0.0,0.0,0.0,0.0
1.0,99.0,0.0,0.0,0.0,0.0
1.0,0.0,0.0,99.0,0.0,0.0
1.0,0.0,0.0,99.0,0.0,0.0
1.0,0.0,0.0,99.0,0.0,0.0
2.0,98.0,0.0,0.0,0.0,0.0
1.0,0.0,0.0,99.0,0.0,0.0
1.0,99.0,0.0,0.0,0.0,0.0
1.0,0.0,0.0,99.0,0.0,0.0
1.0,99.0,0.0,0.0,0.0,0.0
1.0,99.0,0.0,0.0,0.0,0.0
2.0,0.0,0.0,98.0,0.0,0.0
1.0,0.0,0.0,99.0,0.0,0.0
1.0,99.0,0.0,0.0,0.0,0.0
1.0,0.0,0.0,99.0,0.0,0.0
1.0,99.0,0.0,0.0,0.0,0.0
1.0,0.0,0.0,99.0,0.0,0.0
1.0,0.0,0.0,99.0,0.0,0.0
1.0,0.0,0.0,99.0,0.0,0.0
1.0,0.0,1.0,98.0,0.0,0.0
1.0,0.0,0.0,99.0,0.0,0.0
1.0,99.0,0.0,0.0,0.0,0.0
1.0,0.0,0.0,99.0,0.0,0.0
2.0,0.0,0.0,98.0,0.0,0.0
2.0,98.0,0.0,0.0,0.0,0.0
1.0,99.0,0.0,0.0,0.0,0.0
1.0,99.0,0.0,0.0,0.0,0.0
1.0,98.0,1.0,0.0,0.0,0.0
1.0,0.0,0.0,99.0,0.0,0.0
1.0,99.0,0.0,0.0,0.0,0.0
1.0,0.0,1.0,98.0,0.0,0.0
1.0,0.0,0.0,99.0,0.0,0.0
1.0,99.0,0.0,0.0,0.0,0.0
1.0,0.0,0.0,99.0,0.0,0.0
1.0,0.0,0.0,99.0,0.0,0.0
1.0,0.0,0.0,99.0,0.0,0.0
1.0,0.0,0.0,99.0,0.0,0.0
1.0,0.0,0.0,99.0,0.0,0.0
1.0,0.0,0.0,99.0,0.0,0.0
1.0,99.0,0.0,0.0,0.0,0.0
2.0,0.0,0.0,98.0,0.0,0.0
1.0,99.0,0.0,0.0,0.0,0.0
2.0,0.0,1.0,97.0,0.0,0.0
1.0,99.0,0.0,0.0,0.0,0.0
1.0,0.0,0.0,99.0,0.0,0.0
1.0,0.0,0.0,99.0,0.0,0.0
1.0,0.0,0.0,99.0,0.0,0.0
1.0,99.0,0.0,0.0,0.0,0.0
1.0,99.0,0.0,0.0,0.0,0.0
1.0,99.0,0.0,0.0,0.0,0.0
1.0,0.0,1.0,98.0,0.0,0.0
1.0,58.0,0.0,41.0,0.0,0.0
1.0,99.0,0.0,0.0,0.0,0.0
1.0,99.0,0.0,0.0,0.0,0.0
1.0,0.0,0.0,99.0,0.0,0.0
1.0,99.0,0.0,0.0,0.0,0.0
1.0,0.0,0.0,99.0,0.0,0.0
1.0,0.0,0.0,99.0,0.0,0.0
1.0,0.0,0.0,99.0,0.0,0.0
1.0,0.0,0.0,99.0,0.0,0.0
1.0,0.0,0.0,99.0,0.0,0.0
1.0,99.0,0.0,0.0,0.0,0.0
1.0,99.0,0.0,0.0,0.0,0.0
1.0,99.0,0.0,0.0,0.0,0.0
1.0,99.0,0.0,0.0,0.0,0.0
1.0,0.0,0.0,99.0,0.0,0.0
1.0,99.0,0.0,0.0,0.0,0.0
1.0,0.0,0.0,99.0,0.0,0.0
1.0,99.0,0.0,0.0,0.0,0.0
1.0,0.0,0.0,99.0,0.0,0.0
1.0,99.0,0.0,0.0,0.0,0.0
1.0,0.0,0.0,99.0,0.0,0.0
1.0,0.0,0.0,99.0,0.0,0.0
1.0,99.0,0.0,0.0,0.0,0.0
1.0,0.0,0.0,99.0,0.0,0.0
1.0,0.0,0.0,99.0,0.0,0.0
1.0,99.0,0.0,0.0,0.0,0.0
1.0,0.0,0.0,99.0,0.0,0.0
1.0,99.0,0.0,0.0,0.0,0.0
1.0,99.0,0.0,0.0,0.0,0.0
1.0,0.0,0.0,99.0,0.0,0.0
1.0,0.0,0.0,99.0,0.0,0.0
1.0,0.0,0.0,99.0,0.0,0.0
1.0,0.0,0.0,99.0,0.0,0.0
2.0,0.0,1.0,97.0,0.0,0.0
1.0,99.0,0.0,0.0,0.0,0.0
1.0,99.0,0.0,0.0,0.0,0.0
1.0,0.0,0.0,99.0,0.0,0.0
1.0,0.0,0.0,99.0,0.0,0.0
1.0,0.0,0.0,99.0,0.0,0.0
1.0,0.0,0.0,99.0,0.0,0.0
1.0,0.0,0.0,99.0,0.0,0.0
1.0,99.0,0.0,0.0,0.0,0.0
1.0,99.0,0.0,0.0,0.0,0.0
1.0,0.0,0.0,99.0,0.0,0.0
1.0,0.0,0.0,99.0,0.0,0.0
1.0,0.0,0.0,99.0,0.0,0.0
1.0,0.0,0.0,99.0,0.0,0.0
1.0,0.0,0.0,99.0,0.0,0.0
1.0,0.0,0.0,99.0,0.0,0.0
1.0,15.0,0.0,84.0,0.0,0.0
1.0,99.0,0.0,0.0,0.0,0.0
1.0,0.0,0.0,99.0,0.0,0.0
1.0,0.0,0.0,99.0,0.0,0.0
1.0,99.0,0.0,0.0,0.0,0.0
1.0,0.0,0.0,99.0,0.0,0.0
2.0,0.0,0.0,98.0,0.0,0.0
1.0,0.0,0.0,99.0,0.0,0.0
1.0,0.0,0.0,99.0,0.0,0.0
1.0,99.0,0.0,0.0,0.0,0.0
1.0,99.0,0.0,0.0,0.0,0.0
1.0,0.0,0.0,99.0,0.0,0.0
1.0,0.0,0.0,99.0,0.0,0.0
1.0,0.0,0.0,99.0,0.0,0.0
1.0,0.0,0.0,99.0,0.0,0.0
1.0,0.0,0.0,99.0,0.0,0.0
1.0,0.0,0.0,99.0,0.0,0.0
1.0,99.0,0.0,0.0,0.0,0.0
1.0,98.0,1.0,0.0,0.0,0.0
1.0,0.0,0.0,99.0,0.0,0.0
1.0,0.0,1.0,98.0,0.0,0.0
1.0,99.0,0.0,0.0,0.0,0.0
1.0,99.0,0.0,0.0,0.0,0.0
1.0,0.0,0.0,99.0,0.0,0.0
1.0,99.0,0.0,0.0,0.0,0.0
1.0,0.0,0.0,99.0,0.0,0.0
1.0,99.0,0.0,0.0,0.0,0.0
3.0,97.0,0.0,0.0,0.0,0.0
1.0,99.0,0.0,0.0,0.0,0.0
1.0,99.0,0.0,0.0,0.0,0.0
1.0,99.0,0.0,0.0,0.0,0.0
1.0,0.0,0.0,99.0,0.0,0.0
1.0,99.0,0.0,0.0,0.0,0.0
1.0,75.0,0.0,24.0,0.0,0.0
1.0,0.0,0.0,99.0,0.0,0.0
1.0,68.0,0.0,31.0,0.0,0.0
1.0,99.0,0.0,0.0,0.0,0.0
1.0,0.0,0.0,99.0,0.0,0.0
2.0,0.0,0.0,98.0,0.0,0.0
1.0,98.0,1.0,0.0,0.0,0.0
1.0,99.0,0.0,0.0,0.0,0.0
1.0,99.0,0.0,0.0,0.0,0.0
1.0,99.0,0.0,0.0,0.0,0.0
1.0,0.0,0.0,99.0,0.0,0.0
1.0,99.0,0.0,0.0,0.0,0.0
1.0,0.0,0.0,99.0,0.0,0.0
1.0,0.0,0.0,99.0,0.0,0.0
1.0,0.0,0.0,99.0,0.0,0.0
1.0,0.0,0.0,99.0,0.0,0.0
1.0,0.0,0.0,99.0,0.0,0.0
1.0,99.0,0.0,0.0,0.0,0.0
1.0,0.0,0.0,99.0,0.0,0.0
1.0,99.0,0.0,0.0,0.0,0.0
1.0,99.0,0.0,0.0,0.0,0.0
1.0,0.0,0.0,99.0,0.0,0.0
1.0,99.0,0.0,0.0,0.0,0.0
1.0,0.0,0.0,99.0,0.0,0.0
1.0,99.0,0.0,0.0,0.0,0.0
1.0,0.0,0.0,99.0,0.0,0.0
1.0,0.0,0.0,99.0,0.0,0.0
1.0,0.0,0.0,99.0,0.0,0.0
1.0,0.0,0.0,99.0,0.0,0.0
1.0,0.0,0.0,99.0,0.0,0.0
1.0,99.0,0.0,0.0,0.0,0.0
1.0,0.0,0.0,99.0,0.0,0.0
1.0,99.0,0.0,0.0,0.0,0.0
2.0,52.0,0.0,46.0,0.0,0.0
1.0,0.0,0.0,99.0,0.0,0.0
1.0,99.0,0.0,0.0,0.0,0.0
1.0,99.0,0.0,0.0,0.0,0.0
1.0,0.0,0.0,99.0,0.0,0.0
1.0,99.0,0.0,0.0,0.0,0.0
1.0,99.0,0.0,0.0,0.0,0.0
1.0,85.0,0.0,14.0,0.0,0.0
1.0,0.0,0.0,99.0,0.0,0.0
1.0,0.0,0.0,99.0,0.0,0.0
1.0,0.0,0.0,99.0,0.0,0.0
1.0,0.0,0.0,99.0,0.0,0.0
1.0,98.0,1.0,0.0,0.0,0.0
1.0,0.0,0.0,99.0,0.0,0.0
1.0,0.0,0.0,99.0,0.0,0.0
1.0,99.0,0.0,0.0,0.0,0.0
1.0,0.0,0.0,99.0,0.0,0.0
1.0,0.0,0.0,99.0,0.0,0.0
1.0,0.0,0.0,99.0,0.0,0.0
1.0,0.0,0.0,99.0,0.0,0.0
1.0,99.0,0.0,0.0,0.0,0.0
1.0,0.0,1.0,98.0,0.0,0.0
1.0,0.0,0.0,99.0,0.0,0.0
1.0,99.0,0.0,0.0,0.0,0.0
1.0,99.0,0.0,0.0,0.0,0.0
1.0,0.0,1.0,98.0,0.0,0.0
1.0,0.0,0.0,99.0,0.0,0.0
1.0,0.0,0.0,99.0,0.0,0.0
1.0,0.0,0.0,99.0,0.0,0.0
1.0,0.0,0.0,99.0,0.0,0.0
1.0,99.0,0.0,0.0,0.0,0.0
1.0,0.0,0.0,99.0,0.0,0.0
1.0,0.0,0.0,99.0,0.0,0.0
1.0,0.0,0.0,99.0,0.0,0.0
1.0,0.0,0.0,99.0,0.0,0.0
1.0,0.0,0.0,99.0,0.0,0.0
1.0,0.0,0.0,99.0,0.0,0.0
1.0,0.0,0.0,99.0,0.0,0.0
1.0,0.0,0.0,99.0,0.0,0.0
1.0,0.0,0.0,99.0,0.0,0.0
1.0,0.0,0.0,99.0,0.0,0.0
1.0,99.0,0.0,0.0,0.0,0.0
1.0,0.0,0.0,99.0,0.0,0.0
1.0,0.0,0.0,99.0,0.0,0.0
1.0,0.0,0.0,99.0,0.0,0.0
1.0,99.0,0.0,0.0,0.0,0.0
1.0,0.0,0.0,99.0,0.0,0.0
1.0,0.0,0.0,99.0,0.0,0.0
1.0,0.0,0.0,99.0,0.0,0.0
1.0,0.0,0.0,99.0,0.0,0.0
1.0,0.0,0.0,99.0,0.0,0.0
1.0,99.0,0.0,0.0,0.0,0.0
1.0,0.0,0.0,99.0,0.0,0.0
1.0,0.0,0.0,99.0,0.0,0.0
1.0,0.0,0.0,99.0,0.0,0.0
1.0,0.0,0.0,99.0,0.0,0.0
1.0,99.0,0.0,0.0,0.0,0.0
1.0,0.0,0.0,99.0,0.0,0.0
1.0,99.0,0.0,0.0,0.0,0.0
1.0,99.0,0.0,0.0,0.0,0.0
1.0,0.0,0.0,99.0,0.0,0.0
1.0,0.0,0.0,99.0,0.0,0.0
1.0,99.0,0.0,0.0,0.0,0.0
1.0,0.0,0.0,99.0,0.0,0.0
1.0,99.0,0.0,0.0,0.0,0.0
1.0,0.0,0.0,99.0,0.0,0.0
1.0,99.0,0.0,0.0,0.0,0.0
1.0,0.0,1.0,98.0,0.0,0.0
2.0,0.0,0.0,98.0,0.0,0.0
2.0,0.0,0.0,98.0,0.0,0.0
2.0,0.0,0.0,98.0,0.0,0.0
1.0,0.0,0.0,99.0,0.0,0.0
1.0,0.0,0.0,0.0,0.0,0.0
2.0,0.0,0.0,98.0,0.0,0.0
1.0,0.0,0.0,99.0,0.0,0.0
1.0,43.0,0.0,56.0,0.0,0.0
1.0,0.0,0.0,99.0,0.0,0.0
1.0,99.0,0.0,0.0,0.0,0.0
1.0,99.0,0.0,0.0,0.0,0.0
1.0,99.0,0.0,0.0,0.0,0.0
1.0,0.0,0.0,99.0,0.0,0.0
1.0,0.0,0.0,99.0,0.0,0.0
1.0,0.0,0.0,99.0,0.0,0.0
1.0,99.0,0.0,0.0,0.0,0.0
1.0,0.0,0.0,99.0,0.0,0.0
1.0,98.0,1.0,0.0,0.0,0.0
1.0,99.0,0.0,0.0,0.0,0.0
1.0,99.0,0.0,0.0,0.0,0.0
1.0,0.0,0.0,99.0,0.0,0.0
1.0,99.0,0.0,0.0,0.0,0.0
1.0,0.0,0.0,99.0,0.0,0.0
1.0,99.0,0.0,0.0,0.0,0.0
1.0,99.0,0.0,0.0,0.0,0.0
1.0,98.0,1.0,0.0,0.0,0.0
1.0,0.0,0.0,99.0,0.0,0.0
1.0,99.0,0.0,0.0,0.0,0.0
1.0,99.0,0.0,0.0,0.0,0.0
1.0,0.0,0.0,99.0,0.0,0.0
1.0,0.0,0.0,99.0,0.0,0.0
1.0,99.0,0.0,0.0,0.0,0.0
1.0,0.0,0.0,99.0,0.0,0.0
1.0,0.0,0.0,99.0,0.0,0.0
1.0,99.0,0.0,0.0,0.0,0.0
1.0,0.0,0.0,99.0,0.0,0.0
1.0,0.0,0.0,99.0,0.0,0.0
1.0,0.0,0.0,99.0,0.0,0.0
1.0,0.0,0.0,99.0,0.0,0.0
1.0,99.0,0.0,0.0,0.0,0.0
1.0,0.0,0.0,99.0,0.0,0.0
1.0,74.0,0.0,25.0,0.0,0.0
1.0,0.0,0.0,99.0,0.0,0.0
1.0,0.0,0.0,99.0,0.0,0.0
1.0,99.0,0.0,0.0,0.0,0.0
1.0,99.0,0.0,0.0,0.0,0.0
1.0,0.0,0.0,99.0,0.0,0.0
1.0,99.0,0.0,0.0,0.0,0.0
1.0,0.0,0.0,99.0,0.0,0.0
1.0,99.0,0.0,0.0,0.0,0.0
1.0,0.0,1.0,98.0,0.0,0.0
1.0,99.0,0.0,0.0,0.0,0.0
1.0,0.0,0.0,99.0,0.0,0.0
1.0,99.0,0.0,0.0,0.0,0.0
2.0,0.0,0.0,98.0,0.0,0.0
1.0,99.0,0.0,0.0,0.0,0.0
1.0,0.0,0.0,99.0,0.0,0.0
1.0,0.0,0.0,99.0,0.0,0.0
2.0,0.0,0.0,98.0,0.0,0.0
1.0,99.0,0.0,0.0,0.0,0.0
1.0,0.0,0.0,99.0,0.0,0.0
1.0,0.0,0.0,99.0,0.0,0.0
1.0,99.0,0.0,0.0,0.0,0.0
1.0,99.0,0.0,0.0,0.0,0.0
1.0,0.0,0.0,99.0,0.0,0.0
1.0,0.0,0.0,99.0,0.0,0.0
1.0,99.0,0.0,0.0,0.0,0.0
1.0,99.0,0.0,0.0,0.0,0.0
1.0,99.0,0.0,0.0,0.0,0.0
1.0,0.0,0.0,99.0,0.0,0.0
1.0,0.0,0.0,99.0,0.0,0.0
1.0,99.0,0.0,0.0,0.0,0.0
1.0,0.0,0.0,99.0,0.0,0.0
1.0,0.0,0.0,99.0,0.0,0.0
1.0,0.0,1.0,98.0,0.0,0.0
1.0,0.0,1.0,98.0,0.0,0.0
1.0,0.0,0.0,99.0,0.0,0.0
1.0,0.0,0.0,99.0,0.0,0.0
1.0,0.0,0.0,99.0,0.0,0.0
1.0,0.0,0.0,99.0,0.0,0.0
1.0,0.0,0.0,99.0,0.0,0.0
1.0,0.0,0.0,0.0,0.0,0.0
1.0,0.0,0.0,99.0,0.0,0.0
1.0,99.0,0.0,0.0,0.0,0.0
1.0,0.0,0.0,99.0,0.0,0.0
1.0,0.0,0.0,99.0,0.0,0.0
1.0,0.0,1.0,98.0,0.0,0.0
1.0,0.0,0.0,99.0,0.0,0.0
1.0,99.0,0.0,0.0,0.0,0.0
1.0,99.0,0.0,0.0,0.0,0.0
1.0,0.0,0.0,99.0,0.0,0.0
1.0,0.0,0.0,99.0,0.0,0.0
1.0,99.0,0.0,0.0,0.0,0.0
1.0,99.0,0.0,0.0,0.0,0.0
1.0,0.0,0.0,99.0,0.0,0.0
1.0,0.0,0.0,99.0,0.0,0.0
1.0,99.0,0.0,0.0,0.0,0.0
1.0,0.0,0.0,99.0,0.0,0.0
1.0,0.0,1.0,98.0,0.0,0.0
1.0,0.0,0.0,99.0,0.0,0.0
1.0,99.0,0.0,0.0,0.0,0.0
1.0,99.0,0.0,0.0,0.0,0.0
1.0,0.0,0.0,99.0,0.0,0.0
1.0,0.0,0.0,99.0,0.0,0.0
1.0,99.0,0.0,0.0,0.0,0.0
1.0,0.0,0.0,99.0,0.0,0.0
1.0,99.0,0.0,0.0,0.0,0.0
1.0,0.0,0.0,99.0,0.0,0.0
1.0,0.0,0.0,99.0,0.0,0.0
1.0,0.0,0.0,99.0,0.0,0.0
1.0,0.0,0.0,99.0,0.0,0.0
1.0,0.0,0.0,99.0,0.0,0.0
1.0,99.0,0.0,0.0,0.0,0.0
1.0,0.0,0.0,99.0,0.0,0.0
1.0,99.0,0.0,0.0,0.0,0.0
1.0,0.0,0.0,99.0,0.0,0.0
1.0,0.0,1.0,98.0,0.0,0.0
1.0,99.0,0.0,0.0,0.0,0.0
1.0,0.0,0.0,99.0,0.0,0.0
1.0,0.0,1.0,98.0,0.0,0.0
1.0,0.0,1.0,98.0,0.0,0.0
1.0,0.0,0.0,99.0,0.0,0.0
1.0,99.0,0.0,0.0,0.0,0.0
1.0,0.0,0.0,99.0,0.0,0.0
1.0,0.0,0.0,99.0,0.0,0.0
1.0,0.0,0.0,99.0,0.0,0.0
1.0,0.0,0.0,99.0,0.0,0.0
1.0,0.0,0.0,99.0,0.0,0.0
1.0,99.0,0.0,0.0,0.0,0.0
1.0,99.0,0.0,0.0,0.0,0.0
1.0,0.0,0.0,99.0,0.0,0.0
1.0,0.0,0.0,99.0,0.0,0.0
2.0,98.0,0.0,0.0,0.0,0.0
1.0,0.0,1.0,98.0,0.0,0.0
1.0,0.0,0.0,99.0,0.0,0.0
1.0,0.0,1.0,98.0,0.0,0.0
1.0,99.0,0.0,0.0,0.0,0.0
1.0,0.0,0.0,99.0,0.0,0.0
1.0,99.0,0.0,0.0,0.0,0.0
2.0,98.0,0.0,0.0,0.0,0.0
1.0,0.0,0.0,99.0,0.0,0.0
1.0,0.0,1.0,98.0,0.0,0.0
1.0,0.0,0.0,99.0,0.0,0.0
1.0,99.0,0.0,0.0,0.0,0.0
1.0,99.0,0.0,0.0,0.0,0.0
1.0,0.0,0.0,99.0,0.0,0.0
1.0,0.0,0.0,99.0,0.0,0.0
1.0,99.0,0.0,0.0,0.0,0.0
1.0,0.0,0.0,99.0,0.0,0.0
1.0,0.0,0.0,99.0,0.0,0.0
1.0,98.0,1.0,0.0,0.0,0.0
1.0,99.0,0.0,0.0,0.0,0.0
1.0,0.0,0.0,99.0,0.0,0.0
1.0,0.0,0.0,99.0,0.0,0.0
1.0,98.0,1.0,0.0,0.0,0.0
1.0,99.0,0.0,0.0,0.0,0.0
1.0,99.0,0.0,0.0,0.0,0.0
1.0,0.0,0.0,99.0,0.0,0.0
1.0,0.0,0.0,99.0,0.0,0.0
1.0,99.0,0.0,0.0,0.0,0.0
1.0,99.0,0.0,0.0,0.0,0.0
1.0,99.0,0.0,0.0,0.0,0.0
1.0,0.0,0.0,99.0,0.0,0.0
1.0,0.0,0.0,99.0,0.0,0.0
1.0,0.0,0.0,99.0,0.0,0.0
2.0,0.0,0.0,98.0,0.0,0.0
1.0,0.0,0.0,99.0,0.0,0.0
1.0,99.0,0.0,0.0,0.0,0.0
2.0,0.0,1.0,97.0,0.0,0.0
1.0,0.0,0.0,99.0,0.0,0.0
1.0,99.0,0.0,0.0,0.0,0.0
1.0,0.0,0.0,99.0,0.0,0.0
1.0,0.0,0.0,99.0,0.0,0.0
1.0,0.0,0.0,99.0,0.0,0.0
1.0,0.0,0.0,99.0,0.0,0.0
1.0,99.0,0.0,0.0,0.0,0.0
1.0,99.0,0.0,0.0,0.0,0.0
1.0,0.0,0.0,99.0,0.0,0.0
1.0,99.0,0.0,0.0,0.0,0.0
1.0,0.0,0.0,99.0,0.0,0.0
1.0,0.0,0.0,99.0,0.0,0.0
1.0,0.0,0.0,99.0,0.0,0.0
1.0,0.0,1.0,98.0,0.0,0.0
2.0,0.0,0.0,98.0,0.0,0.0
1.0,0.0,1.0,98.0,0.0,0.0
1.0,0.0,0.0,99.0,0.0,0.0
1.0,0.0,1.0,98.0,0.0,0.0
1.0,99.0,0.0,0.0,0.0,0.0
1.0,0.0,0.0,99.0,0.0,0.0
1.0,99.0,0.0,0.0,0.0,0.0
1.0,0.0,0.0,99.0,0.0,0.0
1.0,0.0,0.0,99.0,0.0,0.0
1.0,99.0,0.0,0.0,0.0,0.0
1.0,0.0,0.0,99.0,0.0,0.0
1.0,0.0,0.0,99.0,0.0,0.0
1.0,99.0,0.0,0.0,0.0,0.0
1.0,0.0,0.0,99.0,0.0,0.0
1.0,0.0,0.0,99.0,0.0,0.0
1.0,0.0,0.0,0.0,0.0,0.0
1.0,99.0,0.0,0.0,0.0,0.0
2.0,0.0,0.0,98.0,0.0,0.0
1.0,99.0,0.0,0.0,0.0,0.0
1.0,0.0,0.0,99.0,0.0,0.0
1.0,0.0,0.0,99.0,0.0,0.0
1.0,0.0,0.0,99.0,0.0,0.0
1.0,0.0,0.0,99.0,0.0,0.0
1.0,0.0,0.0,99.0,0.0,0.0
1.0,0.0,0.0,99.0,0.0,0.0
1.0,99.0,0.0,0.0,0.0,0.0
1.0,0.0,0.0,99.0,0.0,0.0
1.0,0.0,0.0,99.0,0.0,0.0
1.0,0.0,0.0,99.0,0.0,0.0
1.0,0.0,0.0,99.0,0.0,0.0
2.0,98.0,0.0,0.0,0.0,0.0
1.0,0.0,0.0,99.0,0.0,0.0
1.0,0.0,0.0,99.0,0.0,0.0
3.0,0.0,0.0,97.0,0.0,0.0
1.0,0.0,1.0,98.0,0.0,0.0
1.0,0.0,0.0,99.0,0.0,0.0
1.0,0.0,1.0,98.0,0.0,0.0
1.0,0.0,0.0,99.0,0.0,0.0
1.0,0.0,0.0,99.0,0.0,0.0
1.0,0.0,0.0,99.0,0.0,0.0
1.0,0.0,0.0,99.0,0.0,0.0
1.0,0.0,0.0,99.0,0.0,0.0
1.0,99.0,0.0,0.0,0.0,0.0
1.0,0.0,0.0,99.0,0.0,0.0
1.0,0.0,0.0,99.0,0.0,0.0
1.0,99.0,0.0,0.0,0.0,0.0
1.0,0.0,0.0,99.0,0.0,0.0
1.0,0.0,0.0,99.0,0.0,0.0
1.0,0.0,0.0,99.0,0.0,0.0
1.0,0.0,0.0,99.0,0.0,0.0
1.0,0.0,0.0,99.0,0.0,0.0
1.0,99.0,0.0,0.0,0.0,0.0
2.0,0.0,0.0,98.0,0.0,0.0
1.0,0.0,0.0,99.0,0.0,0.0
1.0,0.0,1.0,98.0,0.0,0.0
1.0,0.0,0.0,99.0,0.0,0.0
1.0,98.0,1.0,0.0,0.0,0.0
1.0,0.0,0.0,99.0,0.0,0.0
1.0,0.0,0.0,99.0,0.0,0.0
1.0,0.0,1.0,98.0,0.0,0.0
1.0,0.0,0.0,99.0,0.0,0.0
1.0,0.0,0.0,99.0,0.0,0.0
1.0,0.0,0.0,99.0,0.0,0.0
1.0,0.0,0.0,99.0,0.0,0.0
1.0,0.0,0.0,99.0,0.0,0.0
1.0,99.0,0.0,0.0,0.0,0.0
1.0,99.0,0.0,0.0,0.0,0.0
1.0,0.0,0.0,99.0,0.0,0.0
1.0,0.0,0.0,99.0,0.0,0.0
1.0,0.0,0.0,99.0,0.0,0.0
1.0,0.0,0.0,99.0,0.0,0.0
1.0,99.0,0.0,0.0,0.0,0.0
1.0,0.0,0.0,99.0,0.0,0.0
1.0,0.0,0.0,99.0,0.0,0.0
1.0,99.0,0.0,0.0,0.0,0.0
1.0,0.0,0.0,99.0,0.0,0.0
1.0,0.0,0.0,99.0,0.0,0.0
1.0,99.0,0.0,0.0,0.0,0.0
1.0,0.0,0.0,99.0,0.0,0.0
1.0,0.0,1.0,98.0,0.0,0.0
1.0,0.0,0.0,99.0,0.0,0.0
1.0,0.0,0.0,99.0,0.0,0.0
1.0,0.0,0.0,99.0,0.0,0.0
1.0,0.0,0.0,99.0,0.0,0.0
1.0,0.0,0.0,99.0,0.0,0.0
1.0,99.0,0.0,0.0,0.0,0.0
1.0,0.0,0.0,99.0,0.0,0.0
1.0,0.0,0.0,99.0,0.0,0.0
1.0,99.0,0.0,0.0,0.0,0.0
1.0,0.0,0.0,99.0,0.0,0.0
1.0,0.0,0.0,99.0,0.0,0.0
1.0,99.0,0.0,0.0,0.0,0.0
1.0,0.0,0.0,99.0,0.0,0.0
1.0,0.0,0.0,99.0,0.0,0.0
1.0,0.0,0.0,99.0,0.0,0.0
1.0,0.0,0.0,99.0,0.0,0.0
1.0,0.0,0.0,99.0,0.0,0.0
1.0,99.0,0.0,0.0,0.0,0.0
1.0,0.0,0.0,99.0,0.0,0.0
1.0,0.0,0.0,99.0,0.0,0.0
2.0,0.0,0.0,98.0,0.0,0.0
1.0,0.0,0.0,99.0,0.0,0.0
1.0,0.0,0.0,99.0,0.0,0.0
1.0,0.0,0.0,99.0,0.0,0.0
1.0,99.0,0.0,0.0,0.0,0.0
1.0,99.0,0.0,0.0,0.0,0.0
1.0,0.0,0.0,99.0,0.0,0.0
1.0,0.0,0.0,99.0,0.0,0.0
1.0,0.0,0.0,99.0,0.0,0.0
1.0,0.0,0.0,99.0,0.0,0.0
1.0,0.0,0.0,99.0,0.0,0.0
1.0,99.0,0.0,0.0,0.0,0.0
1.0,0.0,0.0,99.0,0.0,0.0
2.0,0.0,1.0,97.0,0.0,0.0
1.0,6.0,66.0,0.0,0.0,0.0
1.0,0.0,0.0,99.0,0.0,0.0
1.0,0.0,0.0,99.0,0.0,0.0
1.0,0.0,0.0,99.0,0.0,0.0
1.0,0.0,0.0,99.0,0.0,0.0
1.0,0.0,0.0,99.0,0.0,0.0
1.0,99.0,0.0,0.0,0.0,0.0
1.0,0.0,0.0,99.0,0.0,0.0
1.0,0.0,0.0,99.0,0.0,0.0
1.0,99.0,0.0,0.0,0.0,0.0
1.0,99.0,0.0,0.0,0.0,0.0
1.0,99.0,0.0,0.0,0.0,0.0
1.0,0.0,0.0,99.0,0.0,0.0
1.0,99.0,0.0,0.0,0.0,0.0
1.0,0.0,0.0,99.0,0.0,0.0
1.0,0.0,0.0,99.0,0.0,0.0
1.0,99.0,0.0,0.0,0.0,0.0
1.0,0.0,0.0,99.0,0.0,0.0
1.0,99.0,0.0,0.0,0.0,0.0
1.0,0.0,0.0,99.0,0.0,0.0
1.0,0.0,0.0,99.0,0.0,0.0
1.0,0.0,0.0,99.0,0.0,0.0
1.0,98.0,1.0,0.0,0.0,0.0
1.0,0.0,0.0,99.0,0.0,0.0
1.0,99.0,0.0,0.0,0.0,0.0
1.0,0.0,0.0,99.0,0.0,0.0
1.0,99.0,0.0,0.0,0.0,0.0
1.0,0.0,0.0,99.0,0.0,0.0
1.0,0.0,0.0,99.0,0.0,0.0
1.0,0.0,0.0,99.0,0.0,0.0
1.0,99.0,0.0,0.0,0.0,0.0
1.0,0.0,0.0,99.0,0.0,0.0
1.0,99.0,0.0,0.0,0.0,0.0
1.0,0.0,0.0,99.0,0.0,0.0
1.0,99.0,0.0,0.0,0.0,0.0
1.0,99.0,0.0,0.0,0.0,0.0
1.0,0.0,0.0,99.0,0.0,0.0
1.0,0.0,0.0,99.0,0.0,0.0
1.0,99.0,0.0,0.0,0.0,0.0
1.0,0.0,1.0,98.0,0.0,0.0
1.0,0.0,0.0,99.0,0.0,0.0
1.0,0.0,0.0,99.0,0.0,0.0
1.0,99.0,0.0,0.0,0.0,0.0
2.0,0.0,0.0,98.0,0.0,0.0
1.0,0.0,0.0,99.0,0.0,0.0
1.0,0.0,1.0,98.0,0.0,0.0
1.0,0.0,0.0,99.0,0.0,0.0
1.0,0.0,0.0,99.0,0.0,0.0
1.0,99.0,0.0,0.0,0.0,0.0
1.0,99.0,0.0,0.0,0.0,0.0
1.0,0.0,1.0,98.0,0.0,0.0
1.0,99.0,0.0,0.0,0.0,0.0
1.0,0.0,0.0,99.0,0.0,0.0
1.0,0.0,0.0,99.0,0.0,0.0
1.0,0.0,0.0,99.0,0.0,0.0
1.0,0.0,0.0,99.0,0.0,0.0
1.0,99.0,0.0,0.0,0.0,0.0
1.0,99.0,0.0,0.0,0.0,0.0
1.0,99.0,0.0,0.0,0.0,0.0
1.0,99.0,0.0,0.0,0.0,0.0
1.0,99.0,0.0,0.0,0.0,0.0
1.0,75.0,0.0,24.0,0.0,0.0
1.0,99.0,0.0,0.0,0.0,0.0
1.0,99.0,0.0,0.0,0.0,0.0
1.0,0.0,0.0,99.0,0.0,0.0
2.0,0.0,0.0,98.0,0.0,0.0
1.0,0.0,0.0,99.0,0.0,0.0
1.0,0.0,0.0,99.0,0.0,0.0
2.0,0.0,0.0,98.0,0.0,0.0
2.0,0.0,0.0,98.0,0.0,0.0
1.0,0.0,0.0,99.0,0.0,0.0
1.0,0.0,0.0,99.0,0.0,0.0
1.0,0.0,1.0,98.0,0.0,0.0
1.0,0.0,0.0,99.0,0.0,0.0
1.0,99.0,0.0,0.0,0.0,0.0
1.0,99.0,0.0,0.0,0.0,0.0
1.0,0.0,0.0,99.0,0.0,0.0
1.0,0.0,0.0,99.0,0.0,0.0
1.0,0.0,0.0,99.0,0.0,0.0
1.0,0.0,0.0,99.0,0.0,0.0
1.0,0.0,0.0,99.0,0.0,0.0
1.0,0.0,0.0,99.0,0.0,0.0
1.0,0.0,0.0,99.0,0.0,0.0
1.0,99.0,0.0,0.0,0.0,0.0
1.0,0.0,0.0,99.0,0.0,0.0
1.0,99.0,0.0,0.0,0.0,0.0
1.0,99.0,0.0,0.0,0.0,0.0
1.0,0.0,0.0,99.0,0.0,0.0
1.0,99.0,0.0,0.0,0.0,0.0
2.0,0.0,0.0,98.0,0.0,0.0
1.0,0.0,0.0,99.0,0.0,0.0
1.0,0.0,0.0,99.0,0.0,0.0
1.0,0.0,0.0,99.0,0.0,0.0
1.0,0.0,1.0,98.0,0.0,0.0
1.0,99.0,0.0,0.0,0.0,0.0
1.0,99.0,0.0,0.0,0.0,0.0
1.0,99.0,0.0,0.0,0.0,0.0
1.0,99.0,0.0,0.0,0.0,0.0
1.0,99.0,0.0,0.0,0.0,0.0
1.0,98.0,1.0,0.0,0.0,0.0
1.0,99.0,0.0,0.0,0.0,0.0
1.0,0.0,0.0,99.0,0.0,0.0
1.0,0.0,0.0,99.0,0.0,0.0
1.0,0.0,0.0,99.0,0.0,0.0
1.0,0.0,0.0,99.0,0.0,0.0
1.0,0.0,0.0,99.0,0.0,0.0
1.0,0.0,0.0,99.0,0.0,0.0
1.0,0.0,0.0,99.0,0.0,0.0
1.0,99.0,0.0,0.0,0.0,0.0
1.0,99.0,0.0,0.0,0.0,0.0
1.0,99.0,0.0,0.0,0.0,0.0
1.0,99.0,0.0,0.0,0.0,0.0
1.0,0.0,0.0,99.0,0.0,0.0
1.0,0.0,0.0,99.0,0.0,0.0
1.0,0.0,1.0,98.0,0.0,0.0
1.0,99.0,0.0,0.0,0.0,0.0
1.0,99.0,0.0,0.0,0.0,0.0
1.0,99.0,0.0,0.0,0.0,0.0
1.0,0.0,0.0,99.0,0.0,0.0
1.0,99.0,0.0,0.0,0.0,0.0
1.0,0.0,0.0,99.0,0.0,0.0
1.0,97.0,0.0,2.0,0.0,0.0
1.0,99.0,0.0,0.0,0.0,0.0
1.0,0.0,0.0,99.0,0.0,0.0
1.0,0.0,0.0,99.0,0.0,0.0
2.0,0.0,0.0,98.0,0.0,0.0
1.0,99.0,0.0,0.0,0.0,0.0
1.0,99.0,0.0,0.0,0.0,0.0
1.0,99.0,0.0,0.0,0.0,0.0
1.0,0.0,0.0,99.0,0.0,0.0
1.0,99.0,0.0,0.0,0.0,0.0
1.0,0.0,0.0,99.0,0.0,0.0
1.0,0.0,0.0,99.0,0.0,0.0
1.0,0.0,0.0,99.0,0.0,0.0
1.0,0.0,0.0,99.0,0.0,0.0
1.0,0.0,1.0,98.0,0.0,0.0
1.0,0.0,0.0,99.0,0.0,0.0
1.0,0.0,0.0,99.0,0.0,0.0
1.0,0.0,0.0,99.0,0.0,0.0
1.0,0.0,0.0,99.0,0.0,0.0
1.0,0.0,1.0,98.0,0.0,0.0
1.0,99.0,0.0,0.0,0.0,0.0
1.0,0.0,0.0,99.0,0.0,0.0
1.0,0.0,0.0,99.0,0.0,0.0
1.0,99.0,0.0,0.0,0.0,0.0
1.0,98.0,1.0,0.0,0.0,0.0
1.0,0.0,0.0,99.0,0.0,0.0
1.0,99.0,0.0,0.0,0.0,0.0
2.0,0.0,0.0,98.0,0.0,0.0
1.0,0.0,0.0,99.0,0.0,0.0
1.0,0.0,0.0,99.0,0.0,0.0
1.0,99.0,0.0,0.0,0.0,0.0
1.0,0.0,0.0,99.0,0.0,0.0
1.0,99.0,0.0,0.0,0.0,0.0
1.0,99.0,0.0,0.0,0.0,0.0
1.0,0.0,0.0,99.0,0.0,0.0
1.0,0.0,0.0,99.0,0.0,0.0
1.0,99.0,0.0,0.0,0.0,0.0
1.0,0.0,0.0,99.0,0.0,0.0
1.0,0.0,0.0,99.0,0.0,0.0
1.0,99.0,0.0,0.0,0.0,0.0
1.0,99.0,0.0,0.0,0.0,0.0
1.0,0.0,0.0,99.0,0.0,0.0
1.0,0.0,0.0,99.0,0.0,0.0
1.0,0.0,1.0,98.0,0.0,0.0
1.0,0.0,0.0,99.0,0.0,0.0
1.0,99.0,0.0,0.0,0.0,0.0
1.0,99.0,0.0,0.0,0.0,0.0
1.0,99.0,0.0,0.0,0.0,0.0
1.0,99.0,0.0,0.0,0.0,0.0
1.0,99.0,0.0,0.0,0.0,0.0
1.0,0.0,0.0,99.0,0.0,0.0
1.0,99.0,0.0,0.0,0.0,0.0
1.0,99.0,0.0,0.0,0.0,0.0
1.0,99.0,0.0,0.0,0.0,0.0
1.0,0.0,0.0,99.0,0.0,0.0
1.0,99.0,0.0,0.0,0.0,0.0
1.0,0.0,0.0,99.0,0.0,0.0
1.0,0.0,0.0,99.0,0.0,0.0
1.0,0.0,0.0,99.0,0.0,0.0
1.0,0.0,0.0,99.0,0.0,0.0
1.0,99.0,0.0,0.0,0.0,0.0
1.0,99.0,0.0,0.0,0.0,0.0
1.0,0.0,0.0,99.0,0.0,0.0
1.0,0.0,0.0,99.0,0.0,0.0
1.0,0.0,1.0,98.0,0.0,0.0
1.0,0.0,0.0,99.0,0.0,0.0
1.0,99.0,0.0,0.0,0.0,0.0
1.0,99.0,0.0,0.0,0.0,0.0
1.0,0.0,0.0,99.0,0.0,0.0
1.0,99.0,0.0,0.0,0.0,0.0
1.0,99.0,0.0,0.0,0.0,0.0
1.0,0.0,0.0,99.0,0.0,0.0
1.0,99.0,0.0,0.0,0.0,0.0
1.0,0.0,0.0,99.0,0.0,0.0
1.0,99.0,0.0,0.0,0.0,0.0
1.0,99.0,0.0,0.0,0.0,0.0
1.0,0.0,0.0,99.0,0.0,0.0
1.0,0.0,1.0,98.0,0.0,0.0
1.0,0.0,1.0,98.0,0.0,0.0
1.0,0.0,0.0,99.0,0.0,0.0
1.0,0.0,0.0,99.0,0.0,0.0
1.0,99.0,0.0,0.0,0.0,0.0
1.0,0.0,0.0,99.0,0.0,0.0
1.0,0.0,0.0,99.0,0.0,0.0
1.0,0.0,0.0,99.0,0.0,0.0
1.0,99.0,0.0,0.0,0.0,0.0
1.0,99.0,0.0,0.0,0.0,0.0
1.0,99.0,0.0,0.0,0.0,0.0
1.0,0.0,0.0,99.0,0.0,0.0
1.0,99.0,0.0,0.0,0.0,0.0
1.0,0.0,0.0,99.0,0.0,0.0
1.0,99.0,0.0,0.0,0.0,0.0
1.0,99.0,0.0,0.0,0.0,0.0
1.0,99.0,0.0,0.0,0.0,0.0
1.0,0.0,0.0,99.0,0.0,0.0
1.0,0.0,0.0,99.0,0.0,0.0
1.0,99.0,0.0,0.0,0.0,0.0
1.0,0.0,0.0,99.0,0.0,0.0
1.0,99.0,0.0,0.0,0.0,0.0
1.0,0.0,0.0,99.0,0.0,0.0
1.0,99.0,0.0,0.0,0.0,0.0
1.0,0.0,0.0,99.0,0.0,0.0
1.0,0.0,0.0,99.0,0.0,0.0
1.0,99.0,0.0,0.0,0.0,0.0
1.0,0.0,0.0,99.0,0.0,0.0
1.0,0.0,0.0,99.0,0.0,0.0
1.0,0.0,0.0,99.0,0.0,0.0
1.0,0.0,0.0,99.0,0.0,0.0
1.0,0.0,1.0,98.0,0.0,0.0
1.0,0.0,0.0,99.0,0.0,0.0
1.0,0.0,0.0,99.0,0.0,0.0
1.0,0.0,0.0,99.0,0.0,0.0
1.0,0.0,0.0,99.0,0.0,0.0
2.0,98.0,0.0,0.0,0.0,0.0
1.0,99.0,0.0,0.0,0.0,0.0
1.0,99.0,0.0,0.0,0.0,0.0
1.0,99.0,0.0,0.0,0.0,0.0
1.0,0.0,0.0,99.0,0.0,0.0
1.0,0.0,0.0,99.0,0.0,0.0
1.0,99.0,0.0,0.0,0.0,0.0
1.0,0.0,0.0,0.0,0.0,0.0
1.0,0.0,0.0,99.0,0.0,0.0
1.0,0.0,0.0,99.0,0.0,0.0
1.0,99.0,0.0,0.0,0.0,0.0
1.0,0.0,0.0,99.0,0.0,0.0
1.0,0.0,0.0,99.0,0.0,0.0
1.0,98.0,1.0,0.0,0.0,0.0
1.0,0.0,0.0,99.0,0.0,0.0
1.0,0.0,1.0,98.0,0.0,0.0
1.0,99.0,0.0,0.0,0.0,0.0
1.0,0.0,1.0,98.0,0.0,0.0
1.0,0.0,0.0,99.0,0.0,0.0
1.0,0.0,1.0,98.0,0.0,0.0
1.0,99.0,0.0,0.0,0.0,0.0
1.0,0.0,0.0,99.0,0.0,0.0
1.0,0.0,0.0,99.0,0.0,0.0
2.0,98.0,0.0,0.0,0.0,0.0
1.0,0.0,0.0,99.0,0.0,0.0
1.0,99.0,0.0,0.0,0.0,0.0
1.0,0.0,0.0,99.0,0.0,0.0
1.0,0.0,0.0,99.0,0.0,0.0
1.0,99.0,0.0,0.0,0.0,0.0
1.0,0.0,0.0,99.0,0.0,0.0
1.0,0.0,0.0,99.0,0.0,0.0
1.0,0.0,0.0,99.0,0.0,0.0
1.0,0.0,0.0,99.0,0.0,0.0
1.0,99.0,0.0,0.0,0.0,0.0
1.0,0.0,0.0,99.0,0.0,0.0
1.0,99.0,0.0,0.0,0.0,0.0
1.0,0.0,0.0,99.0,0.0,0.0
1.0,0.0,0.0,99.0,0.0,0.0
1.0,0.0,0.0,99.0,0.0,0.0
1.0,0.0,0.0,99.0,0.0,0.0
1.0,89.0,0.0,10.0,0.0,0.0
1.0,0.0,0.0,99.0,0.0,0.0
1.0,99.0,0.0,0.0,0.0,0.0
1.0,99.0,0.0,0.0,0.0,0.0
1.0,0.0,0.0,99.0,0.0,0.0
1.0,0.0,0.0,99.0,0.0,0.0
1.0,0.0,0.0,99.0,0.0,0.0
1.0,99.0,0.0,0.0,0.0,0.0
1.0,99.0,0.0,0.0,0.0,0.0
1.0,0.0,0.0,99.0,0.0,0.0
1.0,99.0,0.0,0.0,0.0,0.0
1.0,99.0,0.0,0.0,0.0,0.0
1.0,0.0,0.0,99.0,0.0,0.0
1.0,0.0,0.0,99.0,0.0,0.0
1.0,0.0,0.0,99.0,0.0,0.0
1.0,0.0,0.0,99.0,0.0,0.0
1.0,0.0,0.0,99.0,0.0,0.0
2.0,98.0,0.0,0.0,0.0,0.0
1.0,0.0,0.0,99.0,0.0,0.0
1.0,99.0,0.0,0.0,0.0,0.0
1.0,99.0,0.0,0.0,0.0,0.0
1.0,99.0,0.0,0.0,0.0,0.0
1.0,0.0,0.0,99.0,0.0,0.0
1.0,0.0,0.0,99.0,0.0,0.0
1.0,0.0,0.0,99.0,0.0,0.0
1.0,0.0,0.0,99.0,0.0,0.0
1.0,99.0,0.0,0.0,0.0,0.0
1.0,0.0,0.0,99.0,0.0,0.0
1.0,0.0,0.0,99.0,0.0,0.0
1.0,0.0,0.0,99.0,0.0,0.0
1.0,0.0,1.0,98.0,0.0,0.0
1.0,0.0,0.0,99.0,0.0,0.0
1.0,0.0,0.0,99.0,0.0,0.0
1.0,0.0,0.0,99.0,0.0,0.0
1.0,0.0,0.0,99.0,0.0,0.0
1.0,99.0,0.0,0.0,0.0,0.0
1.0,55.0,0.0,44.0,0.0,0.0
1.0,0.0,0.0,99.0,0.0,0.0
1.0,0.0,0.0,99.0,0.0,0.0
1.0,99.0,0.0,0.0,0.0,0.0
1.0,99.0,0.0,0.0,0.0,0.0
1.0,0.0,2.0,97.0,0.0,0.0
1.0,99.0,0.0,0.0,0.0,0.0
1.0,0.0,0.0,99.0,0.0,0.0
1.0,0.0,1.0,98.0,0.0,0.0
1.0,0.0,0.0,99.0,0.0,0.0
1.0,0.0,0.0,99.0,0.0,0.0
1.0,99.0,0.0,0.0,0.0,0.0
1.0,0.0,0.0,99.0,0.0,0.0
1.0,0.0,0.0,99.0,0.0,0.0
1.0,99.0,0.0,0.0,0.0,0.0
1.0,99.0,0.0,0.0,0.0,0.0
1.0,99.0,0.0,0.0,0.0,0.0
1.0,0.0,0.0,99.0,0.0,0.0
1.0,0.0,1.0,98.0,0.0,0.0
1.0,0.0,0.0,99.0,0.0,0.0
1.0,99.0,0.0,0.0,0.0,0.0
1.0,99.0,0.0,0.0,0.0,0.0
1.0,0.0,1.0,98.0,0.0,0.0
1.0,98.0,1.0,0.0,0.0,0.0
1.0,99.0,0.0,0.0,0.0,0.0
1.0,0.0,0.0,99.0,0.0,0.0
1.0,0.0,0.0,99.0,0.0,0.0
1.0,0.0,0.0,99.0,0.0,0.0
1.0,99.0,0.0,0.0,0.0,0.0
1.0,99.0,0.0,0.0,0.0,0.0
1.0,99.0,0.0,0.0,0.0,0.0
1.0,0.0,0.0,99.0,0.0,0.0
1.0,0.0,0.0,99.0,0.0,0.0
1.0,99.0,0.0,0.0,0.0,0.0
1.0,99.0,0.0,0.0,0.0,0.0
1.0,0.0,0.0,99.0,0.0,0.0
1.0,0.0,0.0,99.0,0.0,0.0
1.0,99.0,0.0,0.0,0.0,0.0
1.0,0.0,0.0,99.0,0.0,0.0
1.0,99.0,0.0,0.0,0.0,0.0
1.0,0.0,0.0,99.0,0.0,0.0
1.0,0.0,0.0,99.0,0.0,0.0
1.0,99.0,0.0,0.0,0.0,0.0
1.0,0.0,0.0,99.0,0.0,0.0
1.0,0.0,0.0,99.0,0.0,0.0
1.0,99.0,0.0,0.0,0.0,0.0
1.0,99.0,0.0,0.0,0.0,0.0
1.0,99.0,0.0,0.0,0.0,0.0
1.0,0.0,0.0,99.0,0.0,0.0
1.0,0.0,0.0,99.0,0.0,0.0
1.0,99.0,0.0,0.0,0.0,0.0
1.0,0.0,0.0,99.0,0.0,0.0
1.0,99.0,0.0,0.0,0.0,0.0
1.0,99.0,0.0,0.0,0.0,0.0
1.0,0.0,0.0,99.0,0.0,0.0
1.0,0.0,0.0,99.0,0.0,0.0
1.0,0.0,0.0,99.0,0.0,0.0
1.0,0.0,0.0,99.0,0.0,0.0
1.0,99.0,0.0,0.0,0.0,0.0
1.0,99.0,0.0,0.0,0.0,0.0
1.0,0.0,0.0,99.0,0.0,0.0
1.0,0.0,0.0,99.0,0.0,0.0
1.0,0.0,0.0,99.0,0.0,0.0
1.0,0.0,0.0,99.0,0.0,0.0
1.0,99.0,0.0,0.0,0.0,0.0
1.0,99.0,0.0,0.0,0.0,0.0
1.0,99.0,0.0,0.0,0.0,0.0
1.0,0.0,0.0,99.0,0.0,0.0
1.0,0.0,0.0,99.0,0.0,0.0
1.0,0.0,0.0,99.0,0.0,0.0
1.0,0.0,0.0,99.0,0.0,0.0
1.0,0.0,0.0,99.0,0.0,0.0
1.0,0.0,0.0,99.0,0.0,0.0
1.0,99.0,0.0,0.0,0.0,0.0
1.0,0.0,0.0,99.0,0.0,0.0
1.0,99.0,0.0,0.0,0.0,0.0
1.0,0.0,0.0,99.0,0.0,0.0
1.0,0.0,0.0,99.0,0.0,0.0
1.0,99.0,0.0,0.0,0.0,0.0
1.0,0.0,0.0,99.0,0.0,0.0
1.0,0.0,2.0,97.0,0.0,0.0
1.0,0.0,0.0,99.0,0.0,0.0
1.0,99.0,0.0,0.0,0.0,0.0
1.0,99.0,0.0,0.0,0.0,0.0
1.0,0.0,0.0,99.0,0.0,0.0
1.0,99.0,0.0,0.0,0.0,0.0
1.0,0.0,0.0,99.0,0.0,0.0
1.0,0.0,0.0,99.0,0.0,0.0
1.0,0.0,0.0,99.0,0.0,0.0
1.0,99.0,0.0,0.0,0.0,0.0
1.0,0.0,0.0,99.0,0.0,0.0
2.0,98.0,0.0,0.0,0.0,0.0
1.0,0.0,0.0,99.0,0.0,0.0
1.0,0.0,0.0,99.0,0.0,0.0
1.0,0.0,0.0,99.0,0.0,0.0
1.0,0.0,0.0,99.0,0.0,0.0
1.0,0.0,0.0,99.0,0.0,0.0
1.0,98.0,1.0,0.0,0.0,0.0
1.0,0.0,0.0,99.0,0.0,0.0
1.0,0.0,0.0,99.0,0.0,0.0
1.0,0.0,0.0,99.0,0.0,0.0
1.0,0.0,0.0,99.0,0.0,0.0
1.0,99.0,0.0,0.0,0.0,0.0
1.0,0.0,0.0,99.0,0.0,0.0
1.0,0.0,0.0,99.0,0.0,0.0
1.0,99.0,0.0,0.0,0.0,0.0
1.0,0.0,0.0,99.0,0.0,0.0
1.0,98.0,1.0,0.0,0.0,0.0
1.0,99.0,0.0,0.0,0.0,0.0
1.0,99.0,0.0,0.0,0.0,0.0
1.0,0.0,1.0,98.0,0.0,0.0
1.0,99.0,0.0,0.0,0.0,0.0
1.0,0.0,0.0,99.0,0.0,0.0
1.0,0.0,0.0,99.0,0.0,0.0
1.0,99.0,0.0,0.0,0.0,0.0
1.0,99.0,0.0,0.0,0.0,0.0
2.0,0.0,0.0,98.0,0.0,0.0
1.0,99.0,0.0,0.0,0.0,0.0
1.0,99.0,0.0,0.0,0.0,0.0
1.0,99.0,0.0,0.0,0.0,0.0
1.0,99.0,0.0,0.0,0.0,0.0
1.0,0.0,0.0,99.0,0.0,0.0
1.0,0.0,0.0,99.0,0.0,0.0
1.0,98.0,1.0,0.0,0.0,0.0
1.0,0.0,0.0,99.0,0.0,0.0
1.0,99.0,0.0,0.0,0.0,0.0
1.0,99.0,0.0,0.0,0.0,0.0
1.0,0.0,0.0,99.0,0.0,0.0
1.0,99.0,0.0,0.0,0.0,0.0
1.0,99.0,0.0,0.0,0.0,0.0
1.0,0.0,0.0,99.0,0.0,0.0
1.0,0.0,0.0,99.0,0.0,0.0
1.0,99.0,0.0,0.0,0.0,0.0
1.0,0.0,0.0,99.0,0.0,0.0
1.0,99.0,0.0,0.0,0.0,0.0
1.0,0.0,0.0,99.0,0.0,0.0
1.0,0.0,0.0,99.0,0.0,0.0
1.0,99.0,0.0,0.0,0.0,0.0
1.0,99.0,0.0,0.0,0.0,0.0
1.0,0.0,0.0,99.0,0.0,0.0
1.0,0.0,0.0,99.0,0.0,0.0
1.0,99.0,0.0,0.0,0.0,0.0
1.0,99.0,0.0,0.0,0.0,0.0
1.0,0.0,0.0,99.0,0.0,0.0
1.0,0.0,0.0,99.0,0.0,0.0
1.0,0.0,0.0,99.0,0.0,0.0
1.0,0.0,0.0,99.0,0.0,0.0
1.0,0.0,0.0,99.0,0.0,0.0
1.0,0.0,0.0,99.0,0.0,0.0
1.0,0.0,0.0,99.0,0.0,0.0
1.0,0.0,0.0,99.0,0.0,0.0
1.0,0.0,0.0,99.0,0.0,0.0
1.0,99.0,0.0,0.0,0.0,0.0
1.0,0.0,0.0,99.0,0.0,0.0
1.0,0.0,0.0,99.0,0.0,0.0
1.0,0.0,0.0,99.0,0.0,0.0
1.0,99.0,0.0,0.0,0.0,0.0
1.0,0.0,0.0,99.0,0.0,0.0
1.0,99.0,0.0,0.0,0.0,0.0
1.0,0.0,0.0,99.0,0.0,0.0
1.0,99.0,0.0,0.0,0.0,0.0
1.0,99.0,0.0,0.0,0.0,0.0
1.0,0.0,0.0,99.0,0.0,0.0
1.0,0.0,0.0,99.0,0.0,0.0
1.0,99.0,0.0,0.0,0.0,0.0
1.0,0.0,0.0,99.0,0.0,0.0
1.0,0.0,0.0,99.0,0.0,0.0
1.0,0.0,0.0,99.0,0.0,0.0
1.0,0.0,0.0,99.0,0.0,0.0
1.0,99.0,0.0,0.0,0.0,0.0
2.0,98.0,0.0,0.0,0.0,0.0
1.0,0.0,1.0,98.0,0.0,0.0
1.0,99.0,0.0,0.0,0.0,0.0
1.0,99.0,0.0,0.0,0.0,0.0
1.0,0.0,0.0,99.0,0.0,0.0
1.0,0.0,0.0,99.0,0.0,0.0
1.0,99.0,0.0,0.0,0.0,0.0
1.0,0.0,0.0,99.0,0.0,0.0
1.0,0.0,0.0,99.0,0.0,0.0
1.0,99.0,0.0,0.0,0.0,0.0
1.0,0.0,0.0,99.0,0.0,0.0
1.0,0.0,0.0,99.0,0.0,0.0
1.0,0.0,0.0,99.0,0.0,0.0
1.0,0.0,0.0,99.0,0.0,0.0
1.0,0.0,1.0,98.0,0.0,0.0
1.0,0.0,0.0,99.0,0.0,0.0
1.0,98.0,1.0,0.0,0.0,0.0
1.0,99.0,0.0,0.0,0.0,0.0
1.0,0.0,0.0,99.0,0.0,0.0
1.0,0.0,0.0,99.0,0.0,0.0
1.0,99.0,0.0,0.0,0.0,0.0
1.0,99.0,0.0,0.0,0.0,0.0
1.0,0.0,0.0,99.0,0.0,0.0
1.0,0.0,0.0,99.0,0.0,0.0
1.0,0.0,0.0,99.0,0.0,0.0
2.0,0.0,0.0,98.0,0.0,0.0
1.0,98.0,1.0,0.0,0.0,0.0
1.0,99.0,0.0,0.0,0.0,0.0
1.0,99.0,0.0,0.0,0.0,0.0
1.0,99.0,0.0,0.0,0.0,0.0
1.0,0.0,0.0,99.0,0.0,0.0
1.0,0.0,0.0,99.0,0.0,0.0
1.0,98.0,1.0,0.0,0.0,0.0
1.0,0.0,0.0,99.0,0.0,0.0
1.0,0.0,0.0,99.0,0.0,0.0
1.0,0.0,0.0,99.0,0.0,0.0
1.0,99.0,0.0,0.0,0.0,0.0
1.0,0.0,0.0,99.0,0.0,0.0
1.0,0.0,0.0,99.0,0.0,0.0
1.0,99.0,0.0,0.0,0.0,0.0
1.0,0.0,0.0,99.0,0.0,0.0
1.0,0.0,0.0,99.0,0.0,0.0
1.0,99.0,0.0,0.0,0.0,0.0
1.0,99.0,0.0,0.0,0.0,0.0
1.0,99.0,0.0,0.0,0.0,0.0
1.0,0.0,0.0,99.0,0.0,0.0
1.0,0.0,0.0,99.0,0.0,0.0
1.0,0.0,0.0,99.0,0.0,0.0
1.0,0.0,1.0,98.0,0.0,0.0
1.0,99.0,0.0,0.0,0.0,0.0
1.0,99.0,0.0,0.0,0.0,0.0
1.0,99.0,0.0,0.0,0.0,0.0
1.0,0.0,0.0,99.0,0.0,0.0
1.0,0.0,0.0,99.0,0.0,0.0
1.0,0.0,0.0,99.0,0.0,0.0
1.0,0.0,0.0,99.0,0.0,0.0
1.0,0.0,0.0,99.0,0.0,0.0
1.0,0.0,0.0,99.0,0.0,0.0
1.0,0.0,0.0,99.0,0.0,0.0
1.0,0.0,0.0,99.0,0.0,0.0
1.0,97.0,2.0,0.0,0.0,0.0
1.0,99.0,0.0,0.0,0.0,0.0
1.0,0.0,0.0,99.0,0.0,0.0
1.0,0.0,0.0,99.0,0.0,0.0
1.0,0.0,0.0,99.0,0.0,0.0
1.0,0.0,0.0,99.0,0.0,0.0
1.0,99.0,0.0,0.0,0.0,0.0
1.0,0.0,0.0,99.0,0.0,0.0
1.0,0.0,0.0,99.0,0.0,0.0
1.0,0.0,0.0,99.0,0.0,0.0
1.0,0.0,0.0,99.0,0.0,0.0
1.0,0.0,0.0,99.0,0.0,0.0
1.0,99.0,0.0,0.0,0.0,0.0
1.0,99.0,0.0,0.0,0.0,0.0
1.0,0.0,0.0,99.0,0.0,0.0
1.0,0.0,0.0,99.0,0.0,0.0
1.0,99.0,0.0,0.0,0.0,0.0
1.0,0.0,0.0,99.0,0.0,0.0
1.0,0.0,0.0,99.0,0.0,0.0
1.0,0.0,0.0,99.0,0.0,0.0
1.0,0.0,0.0,99.0,0.0,0.0
1.0,0.0,0.0,99.0,0.0,0.0
1.0,99.0,0.0,0.0,0.0,0.0
2.0,0.0,0.0,98.0,0.0,0.0
1.0,0.0,0.0,99.0,0.0,0.0
1.0,0.0,0.0,99.0,0.0,0.0
1.0,99.0,0.0,0.0,0.0,0.0
1.0,0.0,0.0,99.0,0.0,0.0
1.0,99.0,0.0,0.0,0.0,0.0
1.0,99.0,0.0,0.0,0.0,0.0
1.0,0.0,0.0,99.0,0.0,0.0
1.0,0.0,0.0,99.0,0.0,0.0
1.0,99.0,0.0,0.0,0.0,0.0
1.0,0.0,0.0,99.0,0.0,0.0
1.0,0.0,0.0,99.0,0.0,0.0
1.0,0.0,0.0,99.0,0.0,0.0
1.0,99.0,0.0,0.0,0.0,0.0
1.0,0.0,0.0,99.0,0.0,0.0
1.0,99.0,0.0,0.0,0.0,0.0
1.0,0.0,0.0,99.0,0.0,0.0
1.0,0.0,0.0,99.0,0.0,0.0
1.0,0.0,1.0,98.0,0.0,0.0
1.0,0.0,0.0,99.0,0.0,0.0
1.0,99.0,0.0,0.0,0.0,0.0
1.0,98.0,1.0,0.0,0.0,0.0
1.0,0.0,0.0,99.0,0.0,0.0
1.0,0.0,0.0,99.0,0.0,0.0
1.0,0.0,0.0,99.0,0.0,0.0
1.0,99.0,0.0,0.0,0.0,0.0
1.0,99.0,0.0,0.0,0.0,0.0
1.0,0.0,1.0,98.0,0.0,0.0
1.0,0.0,0.0,99.0,0.0,0.0
1.0,99.0,0.0,0.0,0.0,0.0
1.0,0.0,0.0,99.0,0.0,0.0
1.0,0.0,0.0,99.0,0.0,0.0
1.0,0.0,0.0,99.0,0.0,0.0
1.0,0.0,0.0,99.0,0.0,0.0
1.0,0.0,0.0,99.0,0.0,0.0
1.0,99.0,0.0,0.0,0.0,0.0
1.0,0.0,0.0,99.0,0.0,0.0
1.0,0.0,0.0,99.0,0.0,0.0
1.0,0.0,0.0,99.0,0.0,0.0
2.0,0.0,0.0,98.0,0.0,0.0
1.0,0.0,0.0,99.0,0.0,0.0
1.0,0.0,0.0,99.0,0.0,0.0
1.0,99.0,0.0,0.0,0.0,0.0
1.0,99.0,0.0,0.0,0.0,0.0
1.0,99.0,0.0,0.0,0.0,0.0
1.0,0.0,0.0,99.0,0.0,0.0
1.0,99.0,0.0,0.0,0.0,0.0
1.0,0.0,0.0,99.0,0.0,0.0
1.0,0.0,0.0,99.0,0.0,0.0
1.0,0.0,0.0,99.0,0.0,0.0
1.0,0.0,0.0,99.0,0.0,0.0
2.0,0.0,0.0,98.0,0.0,0.0
1.0,0.0,0.0,99.0,0.0,0.0
1.0,0.0,0.0,99.0,0.0,0.0
1.0,99.0,0.0,0.0,0.0,0.0
1.0,99.0,0.0,0.0,0.0,0.0
1.0,0.0,0.0,99.0,0.0,0.0
1.0,99.0,0.0,0.0,0.0,0.0
1.0,0.0,0.0,99.0,0.0,0.0
1.0,99.0,0.0,0.0,0.0,0.0
1.0,0.0,1.0,98.0,0.0,0.0
1.0,99.0,0.0,0.0,0.0,0.0
1.0,0.0,1.0,98.0,0.0,0.0
1.0,0.0,0.0,99.0,0.0,0.0
1.0,0.0,0.0,99.0,0.0,0.0
1.0,99.0,0.0,0.0,0.0,0.0
1.0,99.0,0.0,0.0,0.0,0.0
1.0,0.0,0.0,99.0,0.0,0.0
1.0,1.0,0.0,98.0,0.0,0.0
1.0,99.0,0.0,0.0,0.0,0.0
1.0,0.0,0.0,99.0,0.0,0.0
1.0,0.0,0.0,0.0,0.0,0.0
1.0,99.0,0.0,0.0,0.0,0.0
1.0,0.0,0.0,99.0,0.0,0.0
1.0,0.0,0.0,99.0,0.0,0.0
1.0,0.0,1.0,98.0,0.0,0.0
1.0,0.0,0.0,99.0,0.0,0.0
1.0,99.0,0.0,0.0,0.0,0.0
1.0,0.0,0.0,99.0,0.0,0.0
1.0,0.0,1.0,98.0,0.0,0.0
1.0,0.0,0.0,99.0,0.0,0.0
1.0,99.0,0.0,0.0,0.0,0.0
1.0,99.0,0.0,0.0,0.0,0.0
1.0,0.0,0.0,99.0,0.0,0.0
1.0,99.0,0.0,0.0,0.0,0.0
1.0,0.0,1.0,98.0,0.0,0.0
1.0,0.0,0.0,99.0,0.0,0.0
1.0,0.0,0.0,99.0,0.0,0.0
1.0,0.0,0.0,99.0,0.0,0.0
1.0,0.0,0.0,99.0,0.0,0.0
2.0,98.0,0.0,0.0,0.0,0.0
1.0,0.0,0.0,99.0,0.0,0.0
1.0,0.0,0.0,99.0,0.0,0.0
1.0,0.0,0.0,99.0,0.0,0.0
1.0,99.0,0.0,0.0,0.0,0.0
1.0,0.0,0.0,99.0,0.0,0.0
1.0,99.0,0.0,0.0,0.0,0.0
1.0,99.0,0.0,0.0,0.0,0.0
1.0,99.0,0.0,0.0,0.0,0.0
1.0,99.0,0.0,0.0,0.0,0.0
1.0,0.0,0.0,99.0,0.0,0.0
2.0,98.0,0.0,0.0,0.0,0.0
1.0,0.0,0.0,99.0,0.0,0.0
1.0,0.0,1.0,98.0,0.0,0.0
1.0,99.0,0.0,0.0,0.0,0.0
1.0,0.0,1.0,98.0,0.0,0.0
1.0,0.0,0.0,99.0,0.0,0.0
1.0,0.0,0.0,99.0,0.0,0.0
1.0,99.0,0.0,0.0,0.0,0.0
1.0,98.0,1.0,0.0,0.0,0.0
2.0,98.0,0.0,0.0,0.0,0.0
1.0,0.0,0.0,99.0,0.0,0.0
1.0,0.0,0.0,99.0,0.0,0.0
1.0,99.0,0.0,0.0,0.0,0.0
1.0,0.0,0.0,99.0,0.0,0.0
1.0,99.0,0.0,0.0,0.0,0.0
1.0,99.0,0.0,0.0,0.0,0.0
1.0,0.0,0.0,99.0,0.0,0.0
1.0,5.0,0.0,94.0,0.0,0.0
1.0,0.0,0.0,99.0,0.0,0.0
1.0,0.0,0.0,99.0,0.0,0.0
1.0,0.0,0.0,99.0,0.0,0.0
1.0,98.0,1.0,0.0,0.0,0.0
1.0,0.0,0.0,99.0,0.0,0.0
1.0,0.0,1.0,98.0,0.0,0.0
1.0,99.0,0.0,0.0,0.0,0.0
1.0,99.0,0.0,0.0,0.0,0.0
1.0,0.0,0.0,99.0,0.0,0.0
1.0,99.0,0.0,0.0,0.0,0.0
1.0,0.0,0.0,99.0,0.0,0.0
1.0,0.0,0.0,99.0,0.0,0.0
1.0,99.0,0.0,0.0,0.0,0.0
1.0,99.0,0.0,0.0,0.0,0.0
1.0,0.0,0.0,99.0,0.0,0.0
1.0,0.0,0.0,99.0,0.0,0.0
1.0,99.0,0.0,0.0,0.0,0.0
2.0,98.0,0.0,0.0,0.0,0.0
1.0,0.0,0.0,99.0,0.0,0.0
1.0,0.0,0.0,99.0,0.0,0.0
1.0,0.0,0.0,99.0,0.0,0.0
1.0,0.0,0.0,99.0,0.0,0.0
1.0,99.0,0.0,0.0,0.0,0.0
1.0,0.0,0.0,99.0,0.0,0.0
1.0,0.0,0.0,99.0,0.0,0.0
1.0,0.0,0.0,99.0,0.0,0.0
1.0,0.0,0.0,99.0,0.0,0.0
1.0,99.0,0.0,0.0,0.0,0.0
1.0,0.0,0.0,99.0,0.0,0.0
1.0,0.0,0.0,99.0,0.0,0.0
1.0,0.0,0.0,99.0,0.0,0.0
1.0,0.0,0.0,99.0,0.0,0.0
1.0,99.0,0.0,0.0,0.0,0.0
1.0,0.0,1.0,98.0,0.0,0.0
1.0,0.0,1.0,98.0,0.0,0.0
1.0,99.0,0.0,0.0,0.0,0.0
1.0,0.0,0.0,99.0,0.0,0.0
1.0,0.0,0.0,99.0,0.0,0.0
1.0,0.0,1.0,98.0,0.0,0.0
1.0,0.0,0.0,99.0,0.0,0.0
1.0,0.0,1.0,98.0,0.0,0.0
1.0,0.0,0.0,99.0,0.0,0.0
1.0,99.0,0.0,0.0,0.0,0.0
1.0,0.0,0.0,99.0,0.0,0.0
1.0,99.0,0.0,0.0,0.0,0.0
1.0,99.0,0.0,0.0,0.0,0.0
1.0,99.0,0.0,0.0,0.0,0.0
1.0,0.0,0.0,99.0,0.0,0.0
2.0,0.0,0.0,98.0,0.0,0.0
1.0,99.0,0.0,0.0,0.0,0.0
1.0,99.0,0.0,0.0,0.0,0.0
1.0,99.0,0.0,0.0,0.0,0.0
1.0,99.0,0.0,0.0,0.0,0.0
1.0,0.0,0.0,99.0,0.0,0.0
1.0,99.0,0.0,0.0,0.0,0.0
1.0,0.0,0.0,99.0,0.0,0.0
1.0,0.0,0.0,99.0,0.0,0.0
1.0,99.0,0.0,0.0,0.0,0.0
1.0,0.0,0.0,99.0,0.0,0.0
1.0,0.0,0.0,99.0,0.0,0.0
1.0,0.0,0.0,99.0,0.0,0.0
1.0,0.0,0.0,99.0,0.0,0.0
1.0,99.0,0.0,0.0,0.0,0.0
1.0,99.0,0.0,0.0,0.0,0.0
1.0,99.0,0.0,0.0,0.0,0.0
1.0,99.0,0.0,0.0,0.0,0.0
1.0,99.0,0.0,0.0,0.0,0.0
1.0,99.0,0.0,0.0,0.0,0.0
1.0,0.0,0.0,99.0,0.0,0.0
1.0,99.0,0.0,0.0,0.0,0.0
1.0,99.0,0.0,0.0,0.0,0.0
1.0,0.0,0.0,99.0,0.0,0.0
1.0,0.0,0.0,99.0,0.0,0.0
1.0,0.0,3.0,96.0,0.0,0.0
1.0,0.0,0.0,99.0,0.0,0.0
1.0,0.0,0.0,99.0,0.0,0.0
1.0,0.0,0.0,99.0,0.0,0.0
1.0,0.0,0.0,99.0,0.0,0.0
1.0,0.0,0.0,99.0,0.0,0.0
1.0,0.0,0.0,99.0,0.0,0.0
1.0,0.0,0.0,99.0,0.0,0.0
1.0,0.0,0.0,99.0,0.0,0.0
1.0,0.0,0.0,99.0,0.0,0.0
1.0,99.0,0.0,0.0,0.0,0.0
1.0,0.0,0.0,99.0,0.0,0.0
1.0,0.0,0.0,99.0,0.0,0.0
1.0,0.0,0.0,99.0,0.0,0.0
1.0,0.0,1.0,98.0,0.0,0.0
1.0,0.0,0.0,99.0,0.0,0.0
1.0,0.0,0.0,99.0,0.0,0.0
1.0,0.0,0.0,99.0,0.0,0.0
1.0,0.0,0.0,99.0,0.0,0.0
1.0,99.0,0.0,0.0,0.0,0.0
1.0,0.0,0.0,99.0,0.0,0.0
1.0,99.0,0.0,0.0,0.0,0.0
1.0,99.0,0.0,0.0,0.0,0.0
1.0,0.0,0.0,99.0,0.0,0.0
1.0,99.0,0.0,0.0,0.0,0.0
1.0,0.0,0.0,99.0,0.0,0.0
1.0,99.0,0.0,0.0,0.0,0.0
1.0,0.0,0.0,0.0,0.0,0.0
1.0,0.0,0.0,99.0,0.0,0.0
1.0,0.0,0.0,99.0,0.0,0.0
2.0,0.0,0.0,98.0,0.0,0.0
2.0,98.0,0.0,0.0,0.0,0.0
1.0,99.0,0.0,0.0,0.0,0.0
1.0,0.0,0.0,99.0,0.0,0.0
1.0,99.0,0.0,0.0,0.0,0.0
1.0,99.0,0.0,0.0,0.0,0.0
1.0,0.0,0.0,99.0,0.0,0.0
1.0,0.0,0.0,99.0,0.0,0.0
1.0,0.0,0.0,99.0,0.0,0.0
1.0,0.0,0.0,99.0,0.0,0.0
1.0,99.0,0.0,0.0,0.0,0.0
1.0,99.0,0.0,0.0,0.0,0.0
1.0,0.0,0.0,99.0,0.0,0.0
1.0,99.0,0.0,0.0,0.0,0.0
1.0,99.0,0.0,0.0,0.0,0.0
1.0,0.0,0.0,99.0,0.0,0.0
1.0,0.0,0.0,99.0,0.0,0.0
1.0,99.0,0.0,0.0,0.0,0.0
1.0,0.0,0.0,99.0,0.0,0.0
1.0,0.0,0.0,99.0,0.0,0.0
1.0,99.0,0.0,0.0,0.0,0.0
1.0,99.0,0.0,0.0,0.0,0.0
1.0,0.0,0.0,99.0,0.0,0.0
1.0,99.0,0.0,0.0,0.0,0.0
1.0,0.0,0.0,0.0,0.0,0.0
1.0,0.0,0.0,99.0,0.0,0.0
1.0,0.0,1.0,98.0,0.0,0.0
1.0,0.0,0.0,99.0,0.0,0.0
1.0,0.0,0.0,99.0,0.0,0.0
1.0,0.0,0.0,99.0,0.0,0.0
1.0,0.0,0.0,99.0,0.0,0.0
1.0,99.0,0.0,0.0,0.0,0.0
1.0,99.0,0.0,0.0,0.0,0.0
1.0,0.0,0.0,99.0,0.0,0.0
1.0,0.0,0.0,99.0,0.0,0.0
1.0,0.0,1.0,98.0,0.0,0.0
1.0,99.0,0.0,0.0,0.0,0.0
1.0,0.0,0.0,99.0,0.0,0.0
1.0,0.0,0.0,99.0,0.0,0.0
1.0,99.0,0.0,0.0,0.0,0.0
1.0,99.0,0.0,0.0,0.0,0.0
1.0,0.0,0.0,99.0,0.0,0.0
1.0,99.0,0.0,0.0,0.0,0.0
1.0,0.0,0.0,99.0,0.0,0.0
1.0,0.0,1.0,98.0,0.0,0.0
1.0,99.0,0.0,0.0,0.0,0.0
1.0,0.0,1.0,98.0,0.0,0.0
1.0,0.0,0.0,99.0,0.0,0.0
1.0,0.0,0.0,99.0,0.0,0.0
1.0,0.0,0.0,99.0,0.0,0.0
1.0,99.0,0.0,0.0,0.0,0.0
1.0,99.0,0.0,0.0,0.0,0.0
1.0,0.0,0.0,99.0,0.0,0.0
1.0,99.0,0.0,0.0,0.0,0.0
1.0,0.0,0.0,99.0,0.0,0.0
1.0,0.0,0.0,99.0,0.0,0.0
1.0,0.0,0.0,99.0,0.0,0.0
1.0,0.0,0.0,99.0,0.0,0.0
1.0,0.0,0.0,99.0,0.0,0.0
1.0,0.0,0.0,99.0,0.0,0.0
1.0,99.0,0.0,0.0,0.0,0.0
1.0,99.0,0.0,0.0,0.0,0.0
1.0,0.0,1.0,98.0,0.0,0.0
1.0,99.0,0.0,0.0,0.0,0.0
1.0,99.0,0.0,0.0,0.0,0.0
1.0,99.0,0.0,0.0,0.0,0.0
1.0,99.0,0.0,0.0,0.0,0.0
1.0,0.0,0.0,99.0,0.0,0.0
1.0,0.0,0.0,99.0,0.0,0.0
1.0,0.0,0.0,99.0,0.0,0.0
1.0,0.0,0.0,99.0,0.0,0.0
1.0,0.0,0.0,99.0,0.0,0.0
1.0,99.0,0.0,0.0,0.0,0.0
1.0,99.0,0.0,0.0,0.0,0.0
1.0,0.0,0.0,99.0,0.0,0.0
1.0,0.0,1.0,98.0,0.0,0.0
1.0,99.0,0.0,0.0,0.0,0.0
1.0,99.0,0.0,0.0,0.0,0.0
1.0,0.0,0.0,99.0,0.0,0.0
1.0,99.0,0.0,0.0,0.0,0.0
2.0,0.0,0.0,98.0,0.0,0.0
1.0,0.0,0.0,99.0,0.0,0.0
1.0,99.0,0.0,0.0,0.0,0.0
1.0,0.0,0.0,99.0,0.0,0.0
1.0,0.0,0.0,99.0,0.0,0.0
1.0,0.0,0.0,99.0,0.0,0.0
1.0,99.0,0.0,0.0,0.0,0.0
1.0,0.0,0.0,99.0,0.0,0.0
1.0,0.0,0.0,99.0,0.0,0.0
1.0,99.0,0.0,0.0,0.0,0.0
1.0,0.0,0.0,99.0,0.0,0.0
1.0,0.0,0.0,99.0,0.0,0.0
1.0,0.0,0.0,99.0,0.0,0.0
1.0,0.0,0.0,99.0,0.0,0.0
1.0,99.0,0.0,0.0,0.0,0.0
1.0,0.0,0.0,99.0,0.0,0.0
1.0,0.0,0.0,99.0,0.0,0.0
1.0,0.0,0.0,99.0,0.0,0.0
1.0,99.0,0.0,0.0,0.0,0.0
1.0,0.0,0.0,99.0,0.0,0.0
1.0,99.0,0.0,0.0,0.0,0.0
1.0,0.0,0.0,99.0,0.0,0.0
1.0,0.0,0.0,99.0,0.0,0.0
1.0,0.0,0.0,99.0,0.0,0.0
1.0,99.0,0.0,0.0,0.0,0.0
1.0,98.0,1.0,0.0,0.0,0.0
1.0,0.0,0.0,99.0,0.0,0.0
1.0,0.0,0.0,99.0,0.0,0.0
1.0,99.0,0.0,0.0,0.0,0.0
1.0,0.0,0.0,99.0,0.0,0.0
1.0,0.0,0.0,99.0,0.0,0.0
1.0,99.0,0.0,0.0,0.0,0.0
1.0,99.0,0.0,0.0,0.0,0.0
1.0,98.0,1.0,0.0,0.0,0.0
1.0,99.0,0.0,0.0,0.0,0.0
1.0,0.0,0.0,99.0,0.0,0.0
1.0,0.0,0.0,99.0,0.0,0.0
1.0,99.0,0.0,0.0,0.0,0.0
1.0,0.0,0.0,99.0,0.0,0.0
1.0,0.0,0.0,99.0,0.0,0.0
1.0,0.0,1.0,98.0,0.0,0.0
1.0,0.0,0.0,99.0,0.0,0.0
1.0,99.0,0.0,0.0,0.0,0.0
1.0,98.0,1.0,0.0,0.0,0.0
1.0,99.0,0.0,0.0,0.0,0.0
1.0,99.0,0.0,0.0,0.0,0.0
2.0,0.0,0.0,98.0,0.0,0.0
1.0,0.0,0.0,99.0,0.0,0.0
1.0,0.0,0.0,99.0,0.0,0.0
1.0,0.0,0.0,99.0,0.0,0.0
1.0,99.0,0.0,0.0,0.0,0.0
1.0,0.0,0.0,99.0,0.0,0.0
1.0,0.0,0.0,99.0,0.0,0.0
1.0,0.0,0.0,99.0,0.0,0.0
1.0,0.0,0.0,99.0,0.0,0.0
1.0,0.0,0.0,99.0,0.0,0.0
1.0,99.0,0.0,0.0,0.0,0.0
1.0,0.0,0.0,99.0,0.0,0.0
1.0,0.0,0.0,99.0,0.0,0.0
1.0,0.0,0.0,99.0,0.0,0.0
1.0,0.0,0.0,99.0,0.0,0.0
1.0,0.0,1.0,98.0,0.0,0.0
1.0,0.0,0.0,99.0,0.0,0.0
1.0,99.0,0.0,0.0,0.0,0.0
1.0,0.0,0.0,99.0,0.0,0.0
1.0,99.0,0.0,0.0,0.0,0.0
1.0,99.0,0.0,0.0,0.0,0.0
1.0,0.0,0.0,99.0,0.0,0.0
1.0,0.0,0.0,99.0,0.0,0.0
1.0,0.0,0.0,99.0,0.0,0.0
1.0,99.0,0.0,0.0,0.0,0.0
1.0,99.0,0.0,0.0,0.0,0.0
1.0,0.0,0.0,99.0,0.0,0.0
1.0,99.0,0.0,0.0,0.0,0.0
1.0,99.0,0.0,0.0,0.0,0.0
1.0,99.0,0.0,0.0,0.0,0.0
1.0,0.0,0.0,99.0,0.0,0.0
1.0,99.0,0.0,0.0,0.0,0.0
1.0,0.0,0.0,99.0,0.0,0.0
1.0,0.0,0.0,99.0,0.0,0.0
1.0,99.0,0.0,0.0,0.0,0.0
1.0,0.0,0.0,99.0,0.0,0.0
1.0,0.0,0.0,99.0,0.0,0.0
1.0,0.0,0.0,99.0,0.0,0.0
1.0,0.0,0.0,99.0,0.0,0.0
1.0,0.0,0.0,99.0,0.0,0.0
1.0,99.0,0.0,0.0,0.0,0.0
1.0,99.0,0.0,0.0,0.0,0.0
1.0,0.0,0.0,0.0,0.0,0.0
1.0,99.0,0.0,0.0,0.0,0.0
1.0,0.0,0.0,99.0,0.0,0.0
1.0,99.0,0.0,0.0,0.0,0.0
1.0,0.0,0.0,99.0,0.0,0.0
1.0,99.0,0.0,0.0,0.0,0.0
1.0,0.0,0.0,99.0,0.0,0.0
1.0,0.0,0.0,99.0,0.0,0.0
1.0,0.0,0.0,0.0,0.0,0.0
1.0,0.0,0.0,99.0,0.0,0.0
1.0,98.0,1.0,0.0,0.0,0.0
1.0,0.0,0.0,99.0,0.0,0.0
1.0,0.0,0.0,99.0,0.0,0.0
1.0,99.0,0.0,0.0,0.0,0.0
1.0,99.0,0.0,0.0,0.0,0.0
1.0,99.0,0.0,0.0,0.0,0.0
1.0,98.0,1.0,0.0,0.0,0.0
1.0,99.0,0.0,0.0,0.0,0.0
1.0,99.0,0.0,0.0,0.0,0.0
1.0,0.0,0.0,99.0,0.0,0.0
1.0,0.0,0.0,99.0,0.0,0.0
1.0,0.0,0.0,99.0,0.0,0.0
1.0,0.0,0.0,99.0,0.0,0.0
1.0,0.0,0.0,99.0,0.0,0.0
1.0,0.0,0.0,99.0,0.0,0.0
1.0,99.0,0.0,0.0,0.0,0.0
1.0,99.0,0.0,0.0,0.0,0.0
1.0,0.0,0.0,99.0,0.0,0.0
1.0,98.0,1.0,0.0,0.0,0.0
1.0,99.0,0.0,0.0,0.0,0.0
1.0,0.0,0.0,99.0,0.0,0.0
1.0,0.0,0.0,99.0,0.0,0.0
1.0,99.0,0.0,0.0,0.0,0.0
1.0,0.0,0.0,99.0,0.0,0.0
1.0,99.0,0.0,0.0,0.0,0.0
1.0,0.0,0.0,99.0,0.0,0.0
1.0,0.0,0.0,99.0,0.0,0.0
1.0,0.0,0.0,99.0,0.0,0.0
1.0,0.0,0.0,99.0,0.0,0.0
1.0,99.0,0.0,0.0,0.0,0.0
1.0,0.0,0.0,99.0,0.0,0.0
1.0,0.0,0.0,99.0,0.0,0.0
1.0,0.0,0.0,99.0,0.0,0.0
1.0,0.0,0.0,99.0,0.0,0.0
1.0,0.0,0.0,99.0,0.0,0.0
1.0,0.0,1.0,98.0,0.0,0.0
1.0,99.0,0.0,0.0,0.0,0.0
1.0,0.0,0.0,99.0,0.0,0.0
1.0,99.0,0.0,0.0,0.0,0.0
1.0,99.0,0.0,0.0,0.0,0.0
1.0,0.0,0.0,99.0,0.0,0.0
1.0,0.0,0.0,99.0,0.0,0.0
1.0,0.0,0.0,99.0,0.0,0.0
1.0,0.0,1.0,98.0,0.0,0.0
1.0,0.0,0.0,99.0,0.0,0.0
1.0,0.0,0.0,99.0,0.0,0.0
1.0,99.0,0.0,0.0,0.0,0.0
1.0,0.0,0.0,99.0,0.0,0.0
1.0,0.0,0.0,99.0,0.0,0.0
1.0,98.0,1.0,0.0,0.0,0.0
1.0,0.0,0.0,99.0,0.0,0.0
1.0,99.0,0.0,0.0,0.0,0.0
1.0,0.0,0.0,99.0,0.0,0.0
1.0,0.0,0.0,99.0,0.0,0.0
1.0,0.0,0.0,99.0,0.0,0.0
1.0,0.0,0.0,99.0,0.0,0.0
1.0,0.0,0.0,99.0,0.0,0.0
1.0,0.0,1.0,98.0,0.0,0.0
1.0,0.0,0.0,99.0,0.0,0.0
1.0,0.0,0.0,99.0,0.0,0.0
1.0,0.0,0.0,99.0,0.0,0.0
1.0,99.0,0.0,0.0,0.0,0.0
1.0,0.0,0.0,99.0,0.0,0.0
1.0,0.0,0.0,99.0,0.0,0.0
1.0,0.0,0.0,99.0,0.0,0.0
1.0,0.0,0.0,99.0,0.0,0.0
1.0,0.0,0.0,99.0,0.0,0.0
1.0,99.0,0.0,0.0,0.0,0.0
1.0,99.0,0.0,0.0,0.0,0.0
1.0,0.0,0.0,99.0,0.0,0.0
1.0,0.0,0.0,99.0,0.0,0.0
1.0,99.0,0.0,0.0,0.0,0.0
1.0,99.0,0.0,0.0,0.0,0.0
1.0,0.0,0.0,99.0,0.0,0.0
1.0,0.0,0.0,99.0,0.0,0.0
1.0,0.0,0.0,99.0,0.0,0.0
1.0,99.0,0.0,0.0,0.0,0.0
1.0,0.0,0.0,99.0,0.0,0.0
1.0,0.0,0.0,99.0,0.0,0.0
1.0,99.0,0.0,0.0,0.0,0.0
1.0,99.0,0.0,0.0,0.0,0.0
1.0,99.0,0.0,0.0,0.0,0.0
1.0,99.0,0.0,0.0,0.0,0.0
2.0,0.0,0.0,98.0,0.0,0.0
1.0,99.0,0.0,0.0,0.0,0.0
1.0,0.0,0.0,99.0,0.0,0.0
1.0,0.0,0.0,99.0,0.0,0.0
1.0,98.0,1.0,0.0,0.0,0.0
1.0,0.0,0.0,99.0,0.0,0.0
1.0,99.0,0.0,0.0,0.0,0.0
1.0,99.0,0.0,0.0,0.0,0.0
1.0,0.0,0.0,99.0,0.0,0.0
1.0,0.0,0.0,99.0,0.0,0.0
1.0,99.0,0.0,0.0,0.0,0.0
1.0,99.0,0.0,0.0,0.0,0.0
1.0,99.0,0.0,0.0,0.0,0.0
1.0,0.0,0.0,99.0,0.0,0.0
1.0,99.0,0.0,0.0,0.0,0.0
1.0,99.0,0.0,0.0,0.0,0.0
1.0,0.0,0.0,99.0,0.0,0.0
1.0,0.0,0.0,99.0,0.0,0.0
1.0,99.0,0.0,0.0,0.0,0.0
1.0,99.0,0.0,0.0,0.0,0.0
1.0,0.0,0.0,99.0,0.0,0.0
1.0,98.0,1.0,0.0,0.0,0.0
1.0,99.0,0.0,0.0,0.0,0.0
1.0,99.0,0.0,0.0,0.0,0.0
1.0,99.0,0.0,0.0,0.0,0.0
1.0,0.0,0.0,99.0,0.0,0.0
1.0,99.0,0.0,0.0,0.0,0.0
1.0,0.0,0.0,99.0,0.0,0.0
1.0,99.0,0.0,0.0,0.0,0.0
1.0,0.0,0.0,99.0,0.0,0.0
1.0,99.0,0.0,0.0,0.0,0.0
1.0,99.0,0.0,0.0,0.0,0.0
1.0,99.0,0.0,0.0,0.0,0.0
1.0,0.0,0.0,99.0,0.0,0.0
1.0,99.0,0.0,0.0,0.0,0.0
1.0,99.0,0.0,0.0,0.0,0.0
1.0,0.0,0.0,99.0,0.0,0.0
1.0,99.0,0.0,0.0,0.0,0.0
1.0,0.0,0.0,99.0,0.0,0.0
1.0,99.0,0.0,0.0,0.0,0.0
1.0,0.0,0.0,99.0,0.0,0.0
1.0,99.0,0.0,0.0,0.0,0.0
2.0,0.0,0.0,98.0,0.0,0.0
1.0,0.0,0.0,99.0,0.0,0.0
1.0,0.0,0.0,99.0,0.0,0.0
1.0,99.0,0.0,0.0,0.0,0.0
1.0,99.0,0.0,0.0,0.0,0.0
1.0,99.0,0.0,0.0,0.0,0.0
1.0,99.0,0.0,0.0,0.0,0.0
1.0,0.0,0.0,99.0,0.0,0.0
1.0,99.0,0.0,0.0,0.0,0.0
1.0,0.0,0.0,99.0,0.0,0.0
1.0,0.0,1.0,98.0,0.0,0.0
1.0,99.0,0.0,0.0,0.0,0.0
1.0,0.0,1.0,98.0,0.0,0.0
1.0,0.0,0.0,99.0,0.0,0.0
1.0,0.0,0.0,99.0,0.0,0.0
1.0,99.0,0.0,0.0,0.0,0.0
1.0,0.0,0.0,99.0,0.0,0.0
1.0,0.0,0.0,99.0,0.0,0.0
1.0,0.0,0.0,99.0,0.0,0.0
1.0,99.0,0.0,0.0,0.0,0.0
1.0,99.0,0.0,0.0,0.0,0.0
1.0,98.0,1.0,0.0,0.0,0.0
1.0,0.0,0.0,99.0,0.0,0.0
1.0,99.0,0.0,0.0,0.0,0.0
1.0,0.0,0.0,99.0,0.0,0.0
1.0,99.0,0.0,0.0,0.0,0.0
1.0,0.0,0.0,99.0,0.0,0.0
1.0,0.0,0.0,99.0,0.0,0.0
1.0,99.0,0.0,0.0,0.0,0.0
1.0,99.0,0.0,0.0,0.0,0.0
1.0,99.0,0.0,0.0,0.0,0.0
1.0,99.0,0.0,0.0,0.0,0.0
1.0,99.0,0.0,0.0,0.0,0.0
1.0,0.0,0.0,99.0,0.0,0.0
1.0,99.0,0.0,0.0,0.0,0.0
1.0,99.0,0.0,0.0,0.0,0.0
1.0,99.0,0.0,0.0,0.0,0.0
1.0,0.0,0.0,99.0,0.0,0.0
1.0,0.0,0.0,99.0,0.0,0.0
1.0,99.0,0.0,0.0,0.0,0.0
1.0,0.0,0.0,99.0,0.0,0.0
1.0,99.0,0.0,0.0,0.0,0.0
1.0,0.0,0.0,99.0,0.0,0.0
1.0,0.0,0.0,99.0,0.0,0.0
1.0,0.0,0.0,99.0,0.0,0.0
1.0,99.0,0.0,0.0,0.0,0.0
1.0,0.0,0.0,99.0,0.0,0.0
1.0,99.0,0.0,0.0,0.0,0.0
1.0,0.0,0.0,99.0,0.0,0.0
1.0,0.0,0.0,99.0,0.0,0.0
1.0,99.0,0.0,0.0,0.0,0.0
1.0,0.0,0.0,99.0,0.0,0.0
1.0,0.0,0.0,99.0,0.0,0.0
1.0,0.0,0.0,99.0,0.0,0.0
2.0,98.0,0.0,0.0,0.0,0.0
1.0,99.0,0.0,0.0,0.0,0.0
1.0,0.0,0.0,99.0,0.0,0.0
1.0,0.0,0.0,99.0,0.0,0.0
1.0,99.0,0.0,0.0,0.0,0.0
1.0,0.0,0.0,99.0,0.0,0.0
1.0,99.0,0.0,0.0,0.0,0.0
1.0,0.0,0.0,99.0,0.0,0.0
1.0,0.0,0.0,99.0,0.0,0.0
1.0,99.0,0.0,0.0,0.0,0.0
1.0,0.0,0.0,99.0,0.0,0.0
1.0,0.0,0.0,99.0,0.0,0.0
1.0,0.0,0.0,99.0,0.0,0.0
1.0,0.0,0.0,99.0,0.0,0.0
1.0,0.0,0.0,99.0,0.0,0.0
1.0,0.0,0.0,99.0,0.0,0.0
1.0,0.0,0.0,99.0,0.0,0.0
1.0,0.0,0.0,99.0,0.0,0.0
1.0,0.0,0.0,99.0,0.0,0.0
1.0,0.0,0.0,99.0,0.0,0.0
1.0,0.0,0.0,99.0,0.0,0.0
1.0,0.0,1.0,98.0,0.0,0.0
1.0,99.0,0.0,0.0,0.0,0.0
1.0,0.0,0.0,99.0,0.0,0.0
1.0,0.0,0.0,99.0,0.0,0.0
1.0,0.0,0.0,99.0,0.0,0.0
1.0,99.0,0.0,0.0,0.0,0.0
1.0,0.0,0.0,99.0,0.0,0.0
1.0,0.0,1.0,98.0,0.0,0.0
1.0,0.0,0.0,99.0,0.0,0.0
1.0,0.0,0.0,99.0,0.0,0.0
1.0,0.0,0.0,99.0,0.0,0.0
1.0,0.0,0.0,99.0,0.0,0.0
1.0,0.0,0.0,99.0,0.0,0.0
1.0,99.0,0.0,0.0,0.0,0.0
1.0,99.0,0.0,0.0,0.0,0.0
1.0,0.0,0.0,99.0,0.0,0.0
1.0,0.0,0.0,99.0,0.0,0.0
1.0,0.0,0.0,99.0,0.0,0.0
1.0,99.0,0.0,0.0,0.0,0.0
1.0,99.0,0.0,0.0,0.0,0.0
1.0,0.0,0.0,99.0,0.0,0.0
1.0,99.0,0.0,0.0,0.0,0.0
1.0,0.0,0.0,99.0,0.0,0.0
1.0,99.0,0.0,0.0,0.0,0.0
1.0,0.0,0.0,99.0,0.0,0.0
1.0,0.0,0.0,99.0,0.0,0.0
1.0,0.0,0.0,99.0,0.0,0.0
1.0,0.0,0.0,99.0,0.0,0.0
1.0,99.0,0.0,0.0,0.0,0.0
1.0,0.0,0.0,99.0,0.0,0.0
1.0,0.0,0.0,99.0,0.0,0.0
1.0,0.0,0.0,99.0,0.0,0.0
1.0,0.0,0.0,99.0,0.0,0.0
1.0,0.0,0.0,99.0,0.0,0.0
1.0,0.0,0.0,99.0,0.0,0.0
1.0,0.0,0.0,99.0,0.0,0.0
1.0,0.0,0.0,99.0,0.0,0.0
1.0,0.0,0.0,99.0,0.0,0.0
1.0,99.0,0.0,0.0,0.0,0.0
1.0,0.0,1.0,98.0,0.0,0.0
1.0,0.0,0.0,99.0,0.0,0.0
1.0,0.0,0.0,99.0,0.0,0.0
1.0,0.0,0.0,99.0,0.0,0.0
1.0,99.0,0.0,0.0,0.0,0.0
1.0,0.0,0.0,99.0,0.0,0.0
1.0,99.0,0.0,0.0,0.0,0.0
1.0,99.0,0.0,0.0,0.0,0.0
1.0,0.0,0.0,99.0,0.0,0.0
1.0,0.0,0.0,99.0,0.0,0.0
1.0,0.0,0.0,99.0,0.0,0.0
1.0,0.0,0.0,99.0,0.0,0.0
1.0,0.0,0.0,99.0,0.0,0.0
1.0,0.0,1.0,98.0,0.0,0.0
1.0,0.0,0.0,99.0,0.0,0.0
1.0,99.0,0.0,0.0,0.0,0.0
1.0,99.0,0.0,0.0,0.0,0.0
1.0,99.0,0.0,0.0,0.0,0.0
1.0,98.0,1.0,0.0,0.0,0.0
1.0,0.0,0.0,99.0,0.0,0.0
1.0,99.0,0.0,0.0,0.0,0.0
1.0,99.0,0.0,0.0,0.0,0.0
1.0,0.0,0.0,99.0,0.0,0.0
1.0,99.0,0.0,0.0,0.0,0.0
1.0,0.0,1.0,98.0,0.0,0.0
1.0,99.0,0.0,0.0,0.0,0.0
1.0,0.0,0.0,99.0,0.0,0.0
1.0,0.0,0.0,99.0,0.0,0.0
1.0,0.0,1.0,98.0,0.0,0.0
1.0,0.0,0.0,99.0,0.0,0.0
1.0,99.0,0.0,0.0,0.0,0.0
1.0,0.0,0.0,99.0,0.0,0.0
1.0,99.0,0.0,0.0,0.0,0.0
1.0,0.0,0.0,99.0,0.0,0.0
1.0,99.0,0.0,0.0,0.0,0.0
1.0,98.0,1.0,0.0,0.0,0.0
1.0,0.0,0.0,99.0,0.0,0.0
2.0,98.0,0.0,0.0,0.0,0.0
2.0,0.0,0.0,98.0,0.0,0.0
1.0,0.0,0.0,99.0,0.0,0.0
1.0,0.0,0.0,99.0,0.0,0.0
1.0,99.0,0.0,0.0,0.0,0.0
1.0,0.0,0.0,99.0,0.0,0.0
1.0,99.0,0.0,0.0,0.0,0.0
1.0,99.0,0.0,0.0,0.0,0.0
1.0,99.0,0.0,0.0,0.0,0.0
1.0,99.0,0.0,0.0,0.0,0.0
1.0,0.0,0.0,99.0,0.0,0.0
1.0,0.0,0.0,99.0,0.0,0.0
1.0,99.0,0.0,0.0,0.0,0.0
1.0,0.0,0.0,99.0,0.0,0.0
1.0,0.0,0.0,99.0,0.0,0.0
1.0,99.0,0.0,0.0,0.0,0.0
1.0,99.0,0.0,0.0,0.0,0.0
1.0,0.0,0.0,99.0,0.0,0.0
1.0,99.0,0.0,0.0,0.0,0.0
1.0,99.0,0.0,0.0,0.0,0.0
1.0,0.0,0.0,99.0,0.0,0.0
1.0,0.0,0.0,99.0,0.0,0.0
1.0,99.0,0.0,0.0,0.0,0.0
1.0,0.0,1.0,98.0,0.0,0.0
1.0,99.0,0.0,0.0,0.0,0.0
1.0,0.0,0.0,99.0,0.0,0.0
1.0,0.0,0.0,99.0,0.0,0.0
1.0,0.0,0.0,99.0,0.0,0.0
1.0,99.0,0.0,0.0,0.0,0.0
1.0,93.0,6.0,0.0,0.0,0.0
1.0,99.0,0.0,0.0,0.0,0.0
1.0,99.0,0.0,0.0,0.0,0.0
1.0,99.0,0.0,0.0,0.0,0.0
1.0,99.0,0.0,0.0,0.0,0.0
1.0,0.0,0.0,99.0,0.0,0.0
1.0,99.0,0.0,0.0,0.0,0.0
1.0,99.0,0.0,0.0,0.0,0.0
1.0,0.0,0.0,99.0,0.0,0.0
1.0,0.0,0.0,99.0,0.0,0.0
1.0,0.0,1.0,98.0,0.0,0.0
1.0,0.0,0.0,99.0,0.0,0.0
1.0,0.0,0.0,99.0,0.0,0.0
1.0,0.0,0.0,99.0,0.0,0.0
1.0,0.0,1.0,98.0,0.0,0.0
1.0,0.0,0.0,99.0,0.0,0.0
1.0,99.0,0.0,0.0,0.0,0.0
1.0,98.0,1.0,0.0,0.0,0.0
1.0,0.0,0.0,99.0,0.0,0.0
1.0,0.0,0.0,99.0,0.0,0.0
1.0,0.0,0.0,99.0,0.0,0.0
1.0,99.0,0.0,0.0,0.0,0.0
1.0,0.0,0.0,99.0,0.0,0.0
1.0,99.0,0.0,0.0,0.0,0.0
1.0,99.0,0.0,0.0,0.0,0.0
1.0,0.0,0.0,99.0,0.0,0.0
1.0,0.0,1.0,98.0,0.0,0.0
1.0,0.0,0.0,99.0,0.0,0.0
1.0,0.0,0.0,99.0,0.0,0.0
1.0,99.0,0.0,0.0,0.0,0.0
1.0,0.0,1.0,98.0,0.0,0.0
1.0,99.0,0.0,0.0,0.0,0.0
1.0,0.0,0.0,99.0,0.0,0.0
1.0,0.0,0.0,99.0,0.0,0.0
1.0,0.0,0.0,99.0,0.0,0.0
1.0,0.0,0.0,99.0,0.0,0.0
1.0,0.0,0.0,99.0,0.0,0.0
1.0,99.0,0.0,0.0,0.0,0.0
1.0,99.0,0.0,0.0,0.0,0.0
1.0,99.0,0.0,0.0,0.0,0.0
1.0,99.0,0.0,0.0,0.0,0.0
1.0,0.0,1.0,98.0,0.0,0.0
1.0,99.0,0.0,0.0,0.0,0.0
1.0,0.0,0.0,99.0,0.0,0.0
1.0,0.0,0.0,99.0,0.0,0.0
1.0,0.0,0.0,99.0,0.0,0.0
1.0,99.0,0.0,0.0,0.0,0.0
1.0,99.0,0.0,0.0,0.0,0.0
1.0,0.0,0.0,99.0,0.0,0.0
1.0,0.0,0.0,99.0,0.0,0.0
1.0,0.0,0.0,99.0,0.0,0.0
1.0,99.0,0.0,0.0,0.0,0.0
1.0,99.0,0.0,0.0,0.0,0.0
1.0,99.0,0.0,0.0,0.0,0.0
1.0,0.0,0.0,99.0,0.0,0.0
1.0,0.0,1.0,98.0,0.0,0.0
1.0,0.0,0.0,99.0,0.0,0.0
1.0,0.0,0.0,99.0,0.0,0.0
1.0,0.0,0.0,99.0,0.0,0.0
1.0,99.0,0.0,0.0,0.0,0.0
1.0,99.0,0.0,0.0,0.0,0.0
1.0,0.0,0.0,99.0,0.0,0.0
1.0,99.0,0.0,0.0,0.0,0.0
1.0,99.0,0.0,0.0,0.0,0.0
1.0,99.0,0.0,0.0,0.0,0.0
1.0,0.0,0.0,99.0,0.0,0.0
1.0,0.0,1.0,98.0,0.0,0.0
1.0,99.0,0.0,0.0,0.0,0.0
1.0,99.0,0.0,0.0,0.0,0.0
1.0,0.0,1.0,98.0,0.0,0.0
1.0,99.0,0.0,0.0,0.0,0.0
1.0,0.0,0.0,99.0,0.0,0.0
1.0,99.0,0.0,0.0,0.0,0.0
1.0,0.0,0.0,99.0,0.0,0.0
1.0,0.0,0.0,99.0,0.0,0.0
2.0,98.0,0.0,0.0,0.0,0.0
1.0,0.0,0.0,99.0,0.0,0.0
1.0,99.0,0.0,0.0,0.0,0.0
1.0,0.0,0.0,99.0,0.0,0.0
1.0,99.0,0.0,0.0,0.0,0.0
1.0,0.0,0.0,99.0,0.0,0.0
1.0,0.0,1.0,98.0,0.0,0.0
1.0,99.0,0.0,0.0,0.0,0.0
1.0,0.0,0.0,99.0,0.0,0.0
1.0,99.0,0.0,0.0,0.0,0.0
1.0,99.0,0.0,0.0,0.0,0.0
1.0,99.0,0.0,0.0,0.0,0.0
1.0,0.0,0.0,99.0,0.0,0.0
1.0,0.0,0.0,99.0,0.0,0.0
1.0,99.0,0.0,0.0,0.0,0.0
1.0,99.0,0.0,0.0,0.0,0.0
1.0,0.0,0.0,99.0,0.0,0.0
1.0,0.0,0.0,99.0,0.0,0.0
1.0,99.0,0.0,0.0,0.0,0.0
1.0,0.0,0.0,99.0,0.0,0.0
2.0,0.0,0.0,98.0,0.0,0.0
1.0,99.0,0.0,0.0,0.0,0.0
1.0,99.0,0.0,0.0,0.0,0.0
1.0,0.0,2.0,97.0,0.0,0.0
1.0,0.0,0.0,99.0,0.0,0.0
2.0,98.0,0.0,0.0,0.0,0.0
1.0,99.0,0.0,0.0,0.0,0.0
1.0,0.0,0.0,99.0,0.0,0.0
1.0,0.0,0.0,99.0,0.0,0.0
2.0,98.0,0.0,0.0,0.0,0.0
1.0,0.0,0.0,99.0,0.0,0.0
1.0,99.0,0.0,0.0,0.0,0.0
1.0,99.0,0.0,0.0,0.0,0.0
1.0,33.0,66.0,0.0,0.0,0.0
1.0,0.0,0.0,99.0,0.0,0.0
1.0,0.0,0.0,99.0,0.0,0.0
1.0,99.0,0.0,0.0,0.0,0.0
1.0,0.0,0.0,99.0,0.0,0.0
1.0,99.0,0.0,0.0,0.0,0.0
1.0,0.0,0.0,0.0,0.0,0.0
1.0,99.0,0.0,0.0,0.0,0.0
1.0,0.0,0.0,99.0,0.0,0.0
1.0,99.0,0.0,0.0,0.0,0.0
1.0,0.0,0.0,99.0,0.0,0.0
1.0,0.0,0.0,99.0,0.0,0.0
1.0,99.0,0.0,0.0,0.0,0.0
1.0,0.0,0.0,99.0,0.0,0.0
1.0,99.0,0.0,0.0,0.0,0.0
2.0,98.0,0.0,0.0,0.0,0.0
1.0,0.0,0.0,99.0,0.0,0.0
1.0,99.0,0.0,0.0,0.0,0.0
1.0,0.0,0.0,99.0,0.0,0.0
1.0,0.0,0.0,99.0,0.0,0.0
1.0,0.0,0.0,99.0,0.0,0.0
1.0,0.0,0.0,99.0,0.0,0.0
1.0,99.0,0.0,0.0,0.0,0.0
1.0,0.0,0.0,0.0,0.0,0.0
1.0,0.0,0.0,99.0,0.0,0.0
1.0,99.0,0.0,0.0,0.0,0.0
1.0,0.0,0.0,99.0,0.0,0.0
1.0,0.0,0.0,99.0,0.0,0.0
1.0,99.0,0.0,0.0,0.0,0.0
1.0,0.0,0.0,99.0,0.0,0.0
1.0,99.0,0.0,0.0,0.0,0.0
1.0,0.0,1.0,98.0,0.0,0.0
1.0,0.0,0.0,99.0,0.0,0.0
1.0,99.0,0.0,0.0,0.0,0.0
1.0,0.0,0.0,99.0,0.0,0.0
1.0,99.0,0.0,0.0,0.0,0.0
1.0,0.0,0.0,99.0,0.0,0.0
1.0,99.0,0.0,0.0,0.0,0.0
1.0,99.0,0.0,0.0,0.0,0.0
1.0,98.0,1.0,0.0,0.0,0.0
1.0,0.0,1.0,98.0,0.0,0.0
1.0,99.0,0.0,0.0,0.0,0.0
1.0,0.0,0.0,99.0,0.0,0.0
1.0,99.0,0.0,0.0,0.0,0.0
1.0,99.0,0.0,0.0,0.0,0.0
1.0,0.0,0.0,99.0,0.0,0.0
1.0,99.0,0.0,0.0,0.0,0.0
1.0,0.0,0.0,99.0,0.0,0.0
1.0,0.0,0.0,0.0,0.0,0.0
1.0,0.0,0.0,99.0,0.0,0.0
1.0,0.0,0.0,99.0,0.0,0.0
1.0,0.0,0.0,99.0,0.0,0.0
1.0,0.0,0.0,99.0,0.0,0.0
1.0,0.0,0.0,99.0,0.0,0.0
1.0,0.0,0.0,99.0,0.0,0.0
1.0,0.0,0.0,99.0,0.0,0.0
1.0,0.0,0.0,99.0,0.0,0.0
1.0,99.0,0.0,0.0,0.0,0.0
1.0,0.0,0.0,99.0,0.0,0.0
1.0,0.0,0.0,99.0,0.0,0.0
1.0,0.0,0.0,99.0,0.0,0.0
1.0,0.0,0.0,99.0,0.0,0.0
1.0,0.0,0.0,99.0,0.0,0.0
1.0,0.0,0.0,99.0,0.0,0.0
1.0,99.0,0.0,0.0,0.0,0.0
1.0,0.0,0.0,99.0,0.0,0.0
1.0,0.0,0.0,99.0,0.0,0.0
1.0,99.0,0.0,0.0,0.0,0.0
1.0,99.0,0.0,0.0,0.0,0.0
1.0,0.0,0.0,0.0,0.0,0.0
1.0,99.0,0.0,0.0,0.0,0.0
1.0,0.0,0.0,99.0,0.0,0.0
1.0,99.0,0.0,0.0,0.0,0.0
1.0,0.0,0.0,99.0,0.0,0.0
1.0,99.0,0.0,0.0,0.0,0.0
1.0,98.0,1.0,0.0,0.0,0.0
1.0,99.0,0.0,0.0,0.0,0.0
1.0,0.0,0.0,99.0,0.0,0.0
1.0,99.0,0.0,0.0,0.0,0.0
1.0,0.0,0.0,99.0,0.0,0.0
1.0,0.0,0.0,99.0,0.0,0.0
1.0,0.0,0.0,99.0,0.0,0.0
1.0,0.0,0.0,99.0,0.0,0.0
1.0,99.0,0.0,0.0,0.0,0.0
1.0,0.0,0.0,99.0,0.0,0.0
1.0,99.0,0.0,0.0,0.0,0.0
1.0,0.0,1.0,98.0,0.0,0.0
1.0,99.0,0.0,0.0,0.0,0.0
1.0,0.0,0.0,99.0,0.0,0.0
1.0,0.0,0.0,99.0,0.0,0.0
1.0,0.0,0.0,99.0,0.0,0.0
1.0,0.0,0.0,99.0,0.0,0.0
1.0,0.0,0.0,99.0,0.0,0.0
1.0,0.0,0.0,99.0,0.0,0.0
1.0,99.0,0.0,0.0,0.0,0.0
1.0,0.0,0.0,99.0,0.0,0.0
1.0,0.0,0.0,99.0,0.0,0.0
1.0,99.0,0.0,0.0,0.0,0.0
1.0,0.0,1.0,98.0,0.0,0.0
1.0,99.0,0.0,0.0,0.0,0.0
1.0,0.0,0.0,99.0,0.0,0.0
1.0,0.0,0.0,99.0,0.0,0.0
1.0,99.0,0.0,0.0,0.0,0.0
1.0,99.0,0.0,0.0,0.0,0.0
1.0,99.0,0.0,0.0,0.0,0.0
1.0,98.0,1.0,0.0,0.0,0.0
1.0,0.0,0.0,99.0,0.0,0.0
1.0,0.0,0.0,99.0,0.0,0.0
1.0,0.0,0.0,99.0,0.0,0.0
1.0,0.0,0.0,99.0,0.0,0.0
1.0,0.0,0.0,99.0,0.0,0.0
1.0,98.0,1.0,0.0,0.0,0.0
1.0,0.0,0.0,99.0,0.0,0.0
1.0,0.0,0.0,99.0,0.0,0.0
1.0,99.0,0.0,0.0,0.0,0.0
1.0,99.0,0.0,0.0,0.0,0.0
1.0,0.0,2.0,97.0,0.0,0.0
1.0,0.0,0.0,99.0,0.0,0.0
1.0,0.0,0.0,99.0,0.0,0.0
1.0,0.0,0.0,99.0,0.0,0.0
1.0,99.0,0.0,0.0,0.0,0.0
1.0,0.0,1.0,98.0,0.0,0.0
1.0,0.0,0.0,99.0,0.0,0.0
1.0,99.0,0.0,0.0,0.0,0.0
1.0,0.0,1.0,98.0,0.0,0.0
1.0,99.0,0.0,0.0,0.0,0.0
1.0,99.0,0.0,0.0,0.0,0.0
2.0,97.0,1.0,0.0,0.0,0.0
1.0,97.0,2.0,0.0,0.0,0.0
1.0,99.0,0.0,0.0,0.0,0.0
1.0,0.0,0.0,99.0,0.0,0.0
1.0,99.0,0.0,0.0,0.0,0.0
1.0,0.0,0.0,99.0,0.0,0.0
1.0,0.0,0.0,99.0,0.0,0.0
1.0,99.0,0.0,0.0,0.0,0.0
1.0,98.0,1.0,0.0,0.0,0.0
1.0,98.0,1.0,0.0,0.0,0.0
1.0,99.0,0.0,0.0,0.0,0.0
1.0,99.0,0.0,0.0,0.0,0.0
1.0,13.0,0.0,86.0,0.0,0.0
1.0,0.0,0.0,99.0,0.0,0.0
1.0,99.0,0.0,0.0,0.0,0.0
1.0,99.0,0.0,0.0,0.0,0.0
1.0,99.0,0.0,0.0,0.0,0.0
1.0,0.0,0.0,99.0,0.0,0.0
1.0,0.0,0.0,99.0,0.0,0.0
1.0,0.0,0.0,99.0,0.0,0.0
1.0,0.0,0.0,99.0,0.0,0.0
1.0,0.0,0.0,99.0,0.0,0.0
1.0,99.0,0.0,0.0,0.0,0.0
1.0,0.0,0.0,99.0,0.0,0.0
1.0,0.0,0.0,99.0,0.0,0.0
1.0,99.0,0.0,0.0,0.0,0.0
1.0,0.0,0.0,99.0,0.0,0.0
1.0,99.0,0.0,0.0,0.0,0.0
1.0,0.0,0.0,99.0,0.0,0.0
1.0,0.0,0.0,99.0,0.0,0.0
1.0,99.0,0.0,0.0,0.0,0.0
1.0,99.0,0.0,0.0,0.0,0.0
1.0,0.0,0.0,99.0,0.0,0.0
1.0,0.0,0.0,99.0,0.0,0.0
1.0,0.0,0.0,99.0,0.0,0.0
1.0,99.0,0.0,0.0,0.0,0.0
1.0,0.0,0.0,99.0,0.0,0.0
1.0,99.0,0.0,0.0,0.0,0.0
1.0,99.0,0.0,0.0,0.0,0.0
1.0,0.0,0.0,99.0,0.0,0.0
1.0,0.0,0.0,99.0,0.0,0.0
1.0,99.0,0.0,0.0,0.0,0.0
1.0,0.0,0.0,99.0,0.0,0.0
1.0,0.0,0.0,99.0,0.0,0.0
1.0,0.0,0.0,99.0,0.0,0.0
1.0,0.0,0.0,99.0,0.0,0.0
1.0,0.0,0.0,99.0,0.0,0.0
1.0,0.0,1.0,98.0,0.0,0.0
1.0,0.0,0.0,99.0,0.0,0.0
1.0,0.0,0.0,99.0,0.0,0.0
1.0,0.0,0.0,99.0,0.0,0.0
1.0,0.0,0.0,99.0,0.0,0.0
1.0,0.0,0.0,99.0,0.0,0.0
1.0,0.0,0.0,99.0,0.0,0.0
1.0,99.0,0.0,0.0,0.0,0.0
1.0,0.0,0.0,99.0,0.0,0.0
1.0,99.0,0.0,0.0,0.0,0.0
1.0,0.0,0.0,99.0,0.0,0.0
1.0,0.0,1.0,98.0,0.0,0.0
1.0,99.0,0.0,0.0,0.0,0.0
1.0,0.0,0.0,99.0,0.0,0.0
1.0,0.0,0.0,99.0,0.0,0.0
1.0,99.0,0.0,0.0,0.0,0.0
1.0,0.0,0.0,99.0,0.0,0.0
1.0,0.0,0.0,99.0,0.0,0.0
1.0,0.0,1.0,98.0,0.0,0.0
1.0,99.0,0.0,0.0,0.0,0.0
1.0,0.0,0.0,99.0,0.0,0.0
1.0,0.0,0.0,99.0,0.0,0.0
1.0,0.0,0.0,99.0,0.0,0.0
1.0,0.0,0.0,99.0,0.0,0.0
1.0,0.0,0.0,99.0,0.0,0.0
1.0,99.0,0.0,0.0,0.0,0.0
1.0,0.0,0.0,99.0,0.0,0.0
1.0,0.0,0.0,99.0,0.0,0.0
1.0,99.0,0.0,0.0,0.0,0.0
1.0,0.0,0.0,99.0,0.0,0.0
1.0,0.0,0.0,99.0,0.0,0.0
1.0,0.0,0.0,99.0,0.0,0.0
1.0,99.0,0.0,0.0,0.0,0.0
1.0,0.0,0.0,99.0,0.0,0.0
1.0,99.0,0.0,0.0,0.0,0.0
1.0,99.0,0.0,0.0,0.0,0.0
1.0,99.0,0.0,0.0,0.0,0.0
1.0,0.0,0.0,99.0,0.0,0.0
1.0,99.0,0.0,0.0,0.0,0.0
1.0,98.0,1.0,0.0,0.0,0.0
1.0,0.0,0.0,99.0,0.0,0.0
1.0,0.0,0.0,99.0,0.0,0.0
2.0,0.0,0.0,98.0,0.0,0.0
1.0,99.0,0.0,0.0,0.0,0.0
1.0,99.0,0.0,0.0,0.0,0.0
1.0,99.0,0.0,0.0,0.0,0.0
1.0,99.0,0.0,0.0,0.0,0.0
1.0,0.0,0.0,99.0,0.0,0.0
2.0,0.0,1.0,97.0,0.0,0.0
1.0,99.0,0.0,0.0,0.0,0.0
1.0,0.0,0.0,99.0,0.0,0.0
1.0,99.0,0.0,0.0,0.0,0.0
1.0,0.0,0.0,99.0,0.0,0.0
1.0,99.0,0.0,0.0,0.0,0.0
1.0,99.0,0.0,0.0,0.0,0.0
1.0,99.0,0.0,0.0,0.0,0.0
1.0,0.0,0.0,99.0,0.0,0.0
1.0,0.0,0.0,99.0,0.0,0.0
1.0,0.0,0.0,99.0,0.0,0.0
1.0,0.0,0.0,99.0,0.0,0.0
1.0,99.0,0.0,0.0,0.0,0.0
1.0,0.0,0.0,99.0,0.0,0.0
1.0,0.0,0.0,99.0,0.0,0.0
1.0,0.0,0.0,99.0,0.0,0.0
1.0,99.0,0.0,0.0,0.0,0.0
1.0,0.0,0.0,99.0,0.0,0.0
1.0,99.0,0.0,0.0,0.0,0.0
1.0,99.0,0.0,0.0,0.0,0.0
1.0,99.0,0.0,0.0,0.0,0.0
1.0,0.0,0.0,99.0,0.0,0.0
1.0,99.0,0.0,0.0,0.0,0.0
1.0,0.0,0.0,99.0,0.0,0.0
1.0,75.0,0.0,24.0,0.0,0.0
1.0,99.0,0.0,0.0,0.0,0.0
1.0,0.0,0.0,99.0,0.0,0.0
1.0,0.0,0.0,99.0,0.0,0.0
1.0,0.0,0.0,99.0,0.0,0.0
1.0,0.0,0.0,99.0,0.0,0.0
1.0,0.0,0.0,99.0,0.0,0.0
1.0,0.0,0.0,99.0,0.0,0.0
1.0,0.0,0.0,99.0,0.0,0.0
1.0,99.0,0.0,0.0,0.0,0.0
1.0,0.0,1.0,98.0,0.0,0.0
1.0,0.0,0.0,99.0,0.0,0.0
1.0,99.0,0.0,0.0,0.0,0.0
1.0,99.0,0.0,0.0,0.0,0.0
1.0,0.0,0.0,99.0,0.0,0.0
1.0,0.0,0.0,99.0,0.0,0.0
1.0,0.0,0.0,99.0,0.0,0.0
1.0,99.0,0.0,0.0,0.0,0.0
1.0,98.0,1.0,0.0,0.0,0.0
1.0,99.0,0.0,0.0,0.0,0.0
1.0,99.0,0.0,0.0,0.0,0.0
1.0,99.0,0.0,0.0,0.0,0.0
1.0,99.0,0.0,0.0,0.0,0.0
1.0,0.0,0.0,99.0,0.0,0.0
1.0,0.0,0.0,99.0,0.0,0.0
1.0,0.0,0.0,99.0,0.0,0.0
1.0,99.0,0.0,0.0,0.0,0.0
1.0,0.0,0.0,99.0,0.0,0.0
1.0,99.0,0.0,0.0,0.0,0.0
1.0,0.0,0.0,99.0,0.0,0.0
1.0,99.0,0.0,0.0,0.0,0.0
1.0,0.0,0.0,99.0,0.0,0.0
1.0,0.0,0.0,99.0,0.0,0.0
1.0,99.0,0.0,0.0,0.0,0.0
1.0,0.0,0.0,99.0,0.0,0.0
1.0,99.0,0.0,0.0,0.0,0.0
1.0,0.0,0.0,99.0,0.0,0.0
1.0,0.0,1.0,98.0,0.0,0.0
1.0,98.0,1.0,0.0,0.0,0.0
1.0,0.0,0.0,99.0,0.0,0.0
1.0,99.0,0.0,0.0,0.0,0.0
1.0,0.0,0.0,99.0,0.0,0.0
1.0,99.0,0.0,0.0,0.0,0.0
1.0,0.0,0.0,99.0,0.0,0.0
1.0,0.0,0.0,99.0,0.0,0.0
1.0,0.0,0.0,99.0,0.0,0.0
1.0,0.0,0.0,99.0,0.0,0.0
1.0,0.0,0.0,99.0,0.0,0.0
1.0,0.0,0.0,99.0,0.0,0.0
1.0,0.0,0.0,99.0,0.0,0.0
1.0,0.0,0.0,99.0,0.0,0.0
1.0,99.0,0.0,0.0,0.0,0.0
1.0,0.0,0.0,99.0,0.0,0.0
1.0,0.0,0.0,99.0,0.0,0.0
1.0,0.0,0.0,99.0,0.0,0.0
1.0,0.0,0.0,99.0,0.0,0.0
1.0,0.0,0.0,99.0,0.0,0.0
1.0,99.0,0.0,0.0,0.0,0.0
1.0,0.0,0.0,0.0,0.0,0.0
1.0,98.0,1.0,0.0,0.0,0.0
1.0,0.0,0.0,99.0,0.0,0.0
1.0,0.0,0.0,99.0,0.0,0.0
1.0,0.0,0.0,99.0,0.0,0.0
1.0,99.0,0.0,0.0,0.0,0.0
1.0,99.0,0.0,0.0,0.0,0.0
1.0,0.0,0.0,99.0,0.0,0.0
1.0,0.0,0.0,99.0,0.0,0.0
1.0,99.0,0.0,0.0,0.0,0.0
1.0,99.0,0.0,0.0,0.0,0.0
1.0,99.0,0.0,0.0,0.0,0.0
1.0,99.0,0.0,0.0,0.0,0.0
1.0,0.0,1.0,98.0,0.0,0.0
1.0,0.0,0.0,99.0,0.0,0.0
1.0,99.0,0.0,0.0,0.0,0.0
1.0,0.0,0.0,99.0,0.0,0.0
1.0,0.0,0.0,99.0,0.0,0.0
1.0,0.0,0.0,99.0,0.0,0.0
1.0,0.0,0.0,99.0,0.0,0.0
1.0,0.0,0.0,99.0,0.0,0.0
1.0,99.0,0.0,0.0,0.0,0.0
1.0,0.0,0.0,99.0,0.0,0.0
1.0,0.0,1.0,98.0,0.0,0.0
1.0,0.0,0.0,99.0,0.0,0.0
1.0,99.0,0.0,0.0,0.0,0.0
1.0,0.0,1.0,0.0,0.0,0.0
1.0,0.0,0.0,99.0,0.0,0.0
1.0,0.0,0.0,99.0,0.0,0.0
1.0,99.0,0.0,0.0,0.0,0.0
1.0,99.0,0.0,0.0,0.0,0.0
1.0,99.0,0.0,0.0,0.0,0.0
1.0,0.0,1.0,98.0,0.0,0.0
1.0,0.0,0.0,99.0,0.0,0.0
1.0,0.0,0.0,99.0,0.0,0.0
1.0,98.0,1.0,0.0,0.0,0.0
1.0,0.0,0.0,99.0,0.0,0.0
1.0,0.0,0.0,99.0,0.0,0.0
1.0,0.0,2.0,97.0,0.0,0.0
1.0,99.0,0.0,0.0,0.0,0.0
1.0,0.0,0.0,99.0,0.0,0.0
1.0,0.0,0.0,99.0,0.0,0.0
1.0,0.0,0.0,99.0,0.0,0.0
1.0,0.0,0.0,99.0,0.0,0.0
1.0,0.0,0.0,99.0,0.0,0.0
1.0,99.0,0.0,0.0,0.0,0.0
1.0,0.0,0.0,99.0,0.0,0.0
1.0,99.0,0.0,0.0,0.0,0.0
1.0,99.0,0.0,0.0,0.0,0.0
1.0,99.0,0.0,0.0,0.0,0.0
1.0,0.0,0.0,99.0,0.0,0.0
1.0,99.0,0.0,0.0,0.0,0.0
1.0,0.0,0.0,99.0,0.0,0.0
1.0,0.0,0.0,99.0,0.0,0.0
1.0,99.0,0.0,0.0,0.0,0.0
1.0,0.0,0.0,99.0,0.0,0.0
1.0,99.0,0.0,0.0,0.0,0.0
1.0,98.0,1.0,0.0,0.0,0.0
1.0,0.0,0.0,99.0,0.0,0.0
1.0,0.0,0.0,99.0,0.0,0.0
1.0,99.0,0.0,0.0,0.0,0.0
1.0,99.0,0.0,0.0,0.0,0.0
1.0,99.0,0.0,0.0,0.0,0.0
1.0,99.0,0.0,0.0,0.0,0.0
1.0,99.0,0.0,0.0,0.0,0.0
1.0,0.0,1.0,98.0,0.0,0.0
1.0,0.0,0.0,99.0,0.0,0.0
1.0,0.0,0.0,99.0,0.0,0.0
1.0,0.0,0.0,99.0,0.0,0.0
1.0,98.0,1.0,0.0,0.0,0.0
1.0,0.0,0.0,99.0,0.0,0.0
1.0,0.0,0.0,99.0,0.0,0.0
1.0,0.0,0.0,99.0,0.0,0.0
1.0,0.0,0.0,99.0,0.0,0.0
1.0,0.0,0.0,99.0,0.0,0.0
1.0,99.0,0.0,0.0,0.0,0.0
1.0,0.0,0.0,99.0,0.0,0.0
1.0,99.0,0.0,0.0,0.0,0.0
1.0,99.0,0.0,0.0,0.0,0.0
1.0,99.0,0.0,0.0,0.0,0.0
1.0,0.0,0.0,99.0,0.0,0.0
1.0,99.0,0.0,0.0,0.0,0.0
1.0,0.0,0.0,99.0,0.0,0.0
1.0,96.0,3.0,0.0,0.0,0.0
1.0,0.0,0.0,99.0,0.0,0.0
1.0,99.0,0.0,0.0,0.0,0.0
1.0,0.0,0.0,99.0,0.0,0.0
1.0,0.0,0.0,99.0,0.0,0.0
1.0,0.0,0.0,99.0,0.0,0.0
1.0,99.0,0.0,0.0,0.0,0.0
1.0,0.0,1.0,98.0,0.0,0.0
1.0,0.0,0.0,99.0,0.0,0.0
1.0,98.0,1.0,0.0,0.0,0.0
1.0,99.0,0.0,0.0,0.0,0.0
2.0,0.0,0.0,98.0,0.0,0.0
1.0,0.0,0.0,99.0,0.0,0.0
1.0,0.0,0.0,99.0,0.0,0.0
1.0,99.0,0.0,0.0,0.0,0.0
1.0,0.0,1.0,98.0,0.0,0.0
1.0,0.0,0.0,99.0,0.0,0.0
1.0,0.0,0.0,99.0,0.0,0.0
1.0,0.0,1.0,98.0,0.0,0.0
1.0,99.0,0.0,0.0,0.0,0.0
1.0,0.0,0.0,0.0,0.0,0.0
1.0,0.0,2.0,97.0,0.0,0.0
1.0,0.0,0.0,99.0,0.0,0.0
1.0,0.0,0.0,99.0,0.0,0.0
1.0,99.0,0.0,0.0,0.0,0.0
1.0,0.0,0.0,99.0,0.0,0.0
1.0,99.0,0.0,0.0,0.0,0.0
1.0,99.0,0.0,0.0,0.0,0.0
1.0,99.0,0.0,0.0,0.0,0.0
1.0,98.0,1.0,0.0,0.0,0.0
1.0,99.0,0.0,0.0,0.0,0.0
1.0,0.0,1.0,98.0,0.0,0.0
1.0,0.0,0.0,99.0,0.0,0.0
1.0,99.0,0.0,0.0,0.0,0.0
1.0,98.0,1.0,0.0,0.0,0.0
1.0,99.0,0.0,0.0,0.0,0.0
1.0,0.0,0.0,99.0,0.0,0.0
1.0,99.0,0.0,0.0,0.0,0.0
1.0,0.0,0.0,99.0,0.0,0.0
1.0,0.0,0.0,99.0,0.0,0.0
1.0,99.0,0.0,0.0,0.0,0.0
1.0,0.0,0.0,99.0,0.0,0.0
1.0,0.0,0.0,99.0,0.0,0.0
1.0,0.0,0.0,99.0,0.0,0.0
1.0,0.0,0.0,99.0,0.0,0.0
1.0,99.0,0.0,0.0,0.0,0.0
1.0,0.0,0.0,99.0,0.0,0.0
1.0,0.0,1.0,98.0,0.0,0.0
1.0,99.0,0.0,0.0,0.0,0.0
1.0,0.0,0.0,99.0,0.0,0.0
1.0,0.0,1.0,98.0,0.0,0.0
1.0,99.0,0.0,0.0,0.0,0.0
1.0,0.0,0.0,99.0,0.0,0.0
1.0,0.0,0.0,99.0,0.0,0.0
1.0,0.0,0.0,99.0,0.0,0.0
1.0,99.0,0.0,0.0,0.0,0.0
1.0,99.0,0.0,0.0,0.0,0.0
1.0,98.0,1.0,0.0,0.0,0.0
1.0,0.0,0.0,99.0,0.0,0.0
1.0,0.0,0.0,99.0,0.0,0.0
1.0,99.0,0.0,0.0,0.0,0.0
1.0,0.0,0.0,99.0,0.0,0.0
1.0,99.0,0.0,0.0,0.0,0.0
1.0,99.0,0.0,0.0,0.0,0.0
1.0,0.0,0.0,99.0,0.0,0.0
1.0,0.0,0.0,99.0,0.0,0.0
1.0,99.0,0.0,0.0,0.0,0.0
1.0,0.0,0.0,99.0,0.0,0.0
1.0,99.0,0.0,0.0,0.0,0.0
1.0,98.0,1.0,0.0,0.0,0.0
1.0,0.0,0.0,99.0,0.0,0.0
1.0,99.0,0.0,0.0,0.0,0.0
1.0,0.0,0.0,99.0,0.0,0.0
1.0,99.0,0.0,0.0,0.0,0.0
1.0,0.0,0.0,99.0,0.0,0.0
1.0,0.0,0.0,99.0,0.0,0.0
1.0,0.0,0.0,99.0,0.0,0.0
1.0,99.0,0.0,0.0,0.0,0.0
1.0,0.0,0.0,99.0,0.0,0.0
1.0,0.0,1.0,98.0,0.0,0.0
1.0,0.0,0.0,99.0,0.0,0.0
1.0,99.0,0.0,0.0,0.0,0.0
1.0,99.0,0.0,0.0,0.0,0.0
1.0,99.0,0.0,0.0,0.0,0.0
1.0,0.0,0.0,99.0,0.0,0.0
1.0,99.0,0.0,0.0,0.0,0.0
1.0,99.0,0.0,0.0,0.0,0.0
1.0,97.0,2.0,0.0,0.0,0.0
1.0,98.0,1.0,0.0,0.0,0.0
1.0,99.0,0.0,0.0,0.0,0.0
1.0,0.0,0.0,99.0,0.0,0.0
1.0,0.0,0.0,99.0,0.0,0.0
1.0,0.0,0.0,99.0,0.0,0.0
1.0,0.0,0.0,99.0,0.0,0.0
1.0,0.0,0.0,99.0,0.0,0.0
1.0,99.0,0.0,0.0,0.0,0.0
1.0,0.0,0.0,99.0,0.0,0.0
1.0,0.0,0.0,99.0,0.0,0.0
1.0,0.0,0.0,99.0,0.0,0.0
1.0,99.0,0.0,0.0,0.0,0.0
1.0,0.0,0.0,99.0,0.0,0.0
1.0,0.0,0.0,99.0,0.0,0.0
1.0,99.0,0.0,0.0,0.0,0.0
1.0,0.0,0.0,99.0,0.0,0.0
1.0,99.0,0.0,0.0,0.0,0.0
1.0,99.0,0.0,0.0,0.0,0.0
1.0,99.0,0.0,0.0,0.0,0.0
1.0,0.0,0.0,99.0,0.0,0.0
1.0,99.0,0.0,0.0,0.0,0.0
1.0,99.0,0.0,0.0,0.0,0.0
1.0,99.0,0.0,0.0,0.0,0.0
1.0,99.0,0.0,0.0,0.0,0.0
1.0,0.0,0.0,99.0,0.0,0.0
1.0,98.0,1.0,0.0,0.0,0.0
1.0,99.0,0.0,0.0,0.0,0.0
1.0,0.0,1.0,98.0,0.0,0.0
1.0,0.0,0.0,99.0,0.0,0.0
1.0,99.0,0.0,0.0,0.0,0.0
1.0,0.0,0.0,99.0,0.0,0.0
1.0,0.0,0.0,99.0,0.0,0.0
1.0,99.0,0.0,0.0,0.0,0.0
1.0,0.0,0.0,99.0,0.0,0.0
1.0,99.0,0.0,0.0,0.0,0.0
1.0,0.0,0.0,99.0,0.0,0.0
1.0,0.0,0.0,99.0,0.0,0.0
1.0,99.0,0.0,0.0,0.0,0.0
1.0,0.0,0.0,99.0,0.0,0.0
1.0,99.0,0.0,0.0,0.0,0.0
1.0,0.0,1.0,98.0,0.0,0.0
1.0,99.0,0.0,0.0,0.0,0.0
1.0,99.0,0.0,0.0,0.0,0.0
1.0,0.0,1.0,98.0,0.0,0.0
1.0,0.0,0.0,99.0,0.0,0.0
1.0,0.0,0.0,99.0,0.0,0.0
1.0,0.0,1.0,98.0,0.0,0.0
1.0,99.0,0.0,0.0,0.0,0.0
1.0,98.0,1.0,0.0,0.0,0.0
1.0,0.0,0.0,99.0,0.0,0.0
1.0,0.0,0.0,99.0,0.0,0.0
1.0,0.0,0.0,99.0,0.0,0.0
1.0,99.0,0.0,0.0,0.0,0.0
1.0,0.0,0.0,0.0,0.0,0.0
1.0,0.0,0.0,99.0,0.0,0.0
1.0,0.0,0.0,99.0,0.0,0.0
1.0,0.0,0.0,99.0,0.0,0.0
1.0,0.0,0.0,0.0,0.0,0.0
1.0,0.0,0.0,99.0,0.0,0.0
1.0,99.0,0.0,0.0,0.0,0.0
1.0,0.0,2.0,97.0,0.0,0.0
2.0,0.0,0.0,98.0,0.0,0.0
1.0,0.0,0.0,99.0,0.0,0.0
2.0,98.0,0.0,0.0,0.0,0.0
1.0,0.0,0.0,0.0,0.0,0.0
1.0,0.0,0.0,99.0,0.0,0.0
1.0,99.0,0.0,0.0,0.0,0.0
1.0,0.0,1.0,98.0,0.0,0.0
1.0,0.0,0.0,99.0,0.0,0.0
1.0,0.0,0.0,99.0,0.0,0.0
1.0,0.0,1.0,98.0,0.0,0.0
1.0,0.0,0.0,99.0,0.0,0.0
1.0,0.0,0.0,99.0,0.0,0.0
1.0,99.0,0.0,0.0,0.0,0.0
1.0,0.0,0.0,99.0,0.0,0.0
1.0,99.0,0.0,0.0,0.0,0.0
1.0,0.0,0.0,99.0,0.0,0.0
1.0,99.0,0.0,0.0,0.0,0.0
1.0,99.0,0.0,0.0,0.0,0.0
1.0,0.0,0.0,99.0,0.0,0.0
1.0,0.0,0.0,99.0,0.0,0.0
1.0,0.0,2.0,97.0,0.0,0.0
1.0,99.0,0.0,0.0,0.0,0.0
1.0,0.0,1.0,98.0,0.0,0.0
1.0,98.0,1.0,0.0,0.0,0.0
1.0,98.0,1.0,0.0,0.0,0.0
1.0,99.0,0.0,0.0,0.0,0.0
1.0,0.0,1.0,98.0,0.0,0.0
1.0,0.0,0.0,99.0,0.0,0.0
1.0,0.0,0.0,99.0,0.0,0.0
1.0,99.0,0.0,0.0,0.0,0.0
1.0,99.0,0.0,0.0,0.0,0.0
1.0,0.0,0.0,99.0,0.0,0.0
1.0,98.0,1.0,0.0,0.0,0.0
1.0,99.0,0.0,0.0,0.0,0.0
1.0,0.0,1.0,98.0,0.0,0.0
1.0,0.0,0.0,99.0,0.0,0.0
1.0,0.0,0.0,99.0,0.0,0.0
1.0,99.0,0.0,0.0,0.0,0.0
1.0,99.0,0.0,0.0,0.0,0.0
1.0,99.0,0.0,0.0,0.0,0.0
1.0,0.0,0.0,99.0,0.0,0.0
1.0,0.0,0.0,99.0,0.0,0.0
1.0,99.0,0.0,0.0,0.0,0.0
1.0,99.0,0.0,0.0,0.0,0.0
1.0,0.0,0.0,99.0,0.0,0.0
1.0,99.0,0.0,0.0,0.0,0.0
1.0,0.0,0.0,99.0,0.0,0.0
1.0,0.0,0.0,99.0,0.0,0.0
1.0,0.0,0.0,99.0,0.0,0.0
1.0,99.0,0.0,0.0,0.0,0.0
1.0,0.0,0.0,99.0,0.0,0.0
1.0,0.0,0.0,99.0,0.0,0.0
1.0,0.0,0.0,99.0,0.0,0.0
1.0,0.0,2.0,97.0,0.0,0.0
1.0,0.0,0.0,99.0,0.0,0.0
1.0,98.0,1.0,0.0,0.0,0.0
1.0,99.0,0.0,0.0,0.0,0.0
1.0,98.0,1.0,0.0,0.0,0.0
1.0,99.0,0.0,0.0,0.0,0.0
1.0,0.0,0.0,99.0,0.0,0.0
1.0,99.0,0.0,0.0,0.0,0.0
1.0,99.0,0.0,0.0,0.0,0.0
1.0,0.0,0.0,99.0,0.0,0.0
1.0,0.0,0.0,99.0,0.0,0.0
1.0,0.0,1.0,98.0,0.0,0.0
1.0,0.0,0.0,99.0,0.0,0.0
1.0,99.0,0.0,0.0,0.0,0.0
1.0,99.0,0.0,0.0,0.0,0.0
1.0,99.0,0.0,0.0,0.0,0.0
1.0,0.0,0.0,99.0,0.0,0.0
1.0,99.0,0.0,0.0,0.0,0.0
1.0,99.0,0.0,0.0,0.0,0.0
1.0,0.0,0.0,99.0,0.0,0.0
1.0,0.0,0.0,99.0,0.0,0.0
1.0,0.0,0.0,99.0,0.0,0.0
1.0,99.0,0.0,0.0,0.0,0.0
1.0,99.0,0.0,0.0,0.0,0.0
1.0,0.0,1.0,98.0,0.0,0.0
1.0,99.0,0.0,0.0,0.0,0.0
1.0,0.0,0.0,99.0,0.0,0.0
1.0,99.0,0.0,0.0,0.0,0.0
1.0,0.0,0.0,99.0,0.0,0.0
1.0,99.0,0.0,0.0,0.0,0.0
1.0,99.0,0.0,0.0,0.0,0.0
1.0,98.0,1.0,0.0,0.0,0.0
1.0,0.0,0.0,99.0,0.0,0.0
1.0,99.0,0.0,0.0,0.0,0.0
1.0,0.0,0.0,99.0,0.0,0.0
1.0,0.0,0.0,99.0,0.0,0.0
1.0,98.0,1.0,0.0,0.0,0.0
1.0,98.0,1.0,0.0,0.0,0.0
1.0,99.0,0.0,0.0,0.0,0.0
1.0,99.0,0.0,0.0,0.0,0.0
1.0,99.0,0.0,0.0,0.0,0.0
1.0,0.0,0.0,99.0,0.0,0.0
1.0,0.0,0.0,99.0,0.0,0.0
1.0,0.0,0.0,99.0,0.0,0.0
1.0,99.0,0.0,0.0,0.0,0.0
1.0,98.0,1.0,0.0,0.0,0.0
1.0,0.0,0.0,99.0,0.0,0.0
1.0,0.0,0.0,99.0,0.0,0.0
1.0,99.0,0.0,0.0,0.0,0.0
1.0,99.0,0.0,0.0,0.0,0.0
1.0,99.0,0.0,0.0,0.0,0.0
1.0,0.0,0.0,99.0,0.0,0.0
1.0,0.0,0.0,99.0,0.0,0.0
1.0,99.0,0.0,0.0,0.0,0.0
1.0,99.0,0.0,0.0,0.0,0.0
1.0,0.0,0.0,99.0,0.0,0.0
1.0,0.0,1.0,98.0,0.0,0.0
1.0,99.0,0.0,0.0,0.0,0.0
1.0,99.0,0.0,0.0,0.0,0.0
1.0,99.0,0.0,0.0,0.0,0.0
1.0,99.0,0.0,0.0,0.0,0.0
1.0,99.0,0.0,0.0,0.0,0.0
1.0,0.0,0.0,99.0,0.0,0.0
1.0,99.0,0.0,0.0,0.0,0.0
1.0,99.0,0.0,0.0,0.0,0.0
1.0,99.0,0.0,0.0,0.0,0.0
1.0,0.0,0.0,99.0,0.0,0.0
1.0,99.0,0.0,0.0,0.0,0.0
1.0,99.0,0.0,0.0,0.0,0.0
1.0,0.0,0.0,99.0,0.0,0.0
1.0,99.0,0.0,0.0,0.0,0.0
1.0,0.0,0.0,99.0,0.0,0.0
1.0,0.0,0.0,99.0,0.0,0.0
1.0,98.0,1.0,0.0,0.0,0.0
1.0,0.0,0.0,99.0,0.0,0.0
1.0,98.0,1.0,0.0,0.0,0.0
1.0,0.0,0.0,99.0,0.0,0.0
1.0,0.0,0.0,99.0,0.0,0.0
1.0,0.0,0.0,99.0,0.0,0.0
1.0,99.0,0.0,0.0,0.0,0.0
1.0,0.0,1.0,98.0,0.0,0.0
1.0,99.0,0.0,0.0,0.0,0.0
1.0,0.0,0.0,99.0,0.0,0.0
1.0,0.0,0.0,99.0,0.0,0.0
1.0,98.0,1.0,0.0,0.0,0.0
1.0,0.0,0.0,99.0,0.0,0.0
1.0,0.0,0.0,99.0,0.0,0.0
1.0,0.0,0.0,99.0,0.0,0.0
1.0,99.0,0.0,0.0,0.0,0.0
1.0,0.0,0.0,99.0,0.0,0.0
1.0,0.0,0.0,99.0,0.0,0.0
1.0,0.0,0.0,0.0,0.0,0.0
1.0,98.0,1.0,0.0,0.0,0.0
1.0,99.0,0.0,0.0,0.0,0.0
1.0,0.0,0.0,99.0,0.0,0.0
1.0,0.0,0.0,99.0,0.0,0.0
1.0,99.0,0.0,0.0,0.0,0.0
1.0,0.0,0.0,99.0,0.0,0.0
1.0,99.0,0.0,0.0,0.0,0.0
1.0,99.0,0.0,0.0,0.0,0.0
1.0,0.0,0.0,99.0,0.0,0.0
1.0,99.0,0.0,0.0,0.0,0.0
1.0,0.0,0.0,99.0,0.0,0.0
1.0,0.0,0.0,99.0,0.0,0.0
1.0,99.0,0.0,0.0,0.0,0.0
1.0,99.0,0.0,0.0,0.0,0.0
1.0,0.0,0.0,99.0,0.0,0.0
1.0,99.0,0.0,0.0,0.0,0.0
1.0,98.0,1.0,0.0,0.0,0.0
1.0,0.0,1.0,98.0,0.0,0.0
1.0,99.0,0.0,0.0,0.0,0.0
1.0,0.0,0.0,99.0,0.0,0.0
1.0,0.0,0.0,99.0,0.0,0.0
1.0,0.0,0.0,99.0,0.0,0.0
1.0,0.0,0.0,99.0,0.0,0.0
1.0,99.0,0.0,0.0,0.0,0.0
1.0,99.0,0.0,0.0,0.0,0.0
1.0,99.0,0.0,0.0,0.0,0.0
1.0,99.0,0.0,0.0,0.0,0.0
1.0,99.0,0.0,0.0,0.0,0.0
1.0,0.0,0.0,99.0,0.0,0.0
1.0,99.0,0.0,0.0,0.0,0.0
1.0,0.0,0.0,0.0,0.0,0.0
1.0,0.0,0.0,99.0,0.0,0.0
1.0,0.0,1.0,98.0,0.0,0.0
1.0,99.0,0.0,0.0,0.0,0.0
1.0,0.0,0.0,99.0,0.0,0.0
1.0,0.0,0.0,99.0,0.0,0.0
1.0,0.0,0.0,99.0,0.0,0.0
1.0,99.0,0.0,0.0,0.0,0.0
1.0,98.0,1.0,0.0,0.0,0.0
1.0,98.0,1.0,0.0,0.0,0.0
1.0,99.0,0.0,0.0,0.0,0.0
1.0,0.0,0.0,99.0,0.0,0.0
1.0,0.0,0.0,99.0,0.0,0.0
1.0,0.0,0.0,99.0,0.0,0.0
1.0,0.0,1.0,98.0,0.0,0.0
1.0,0.0,0.0,99.0,0.0,0.0
1.0,99.0,0.0,0.0,0.0,0.0
1.0,98.0,1.0,0.0,0.0,0.0
1.0,0.0,0.0,99.0,0.0,0.0
1.0,0.0,0.0,99.0,0.0,0.0
1.0,99.0,0.0,0.0,0.0,0.0
1.0,0.0,0.0,99.0,0.0,0.0
1.0,0.0,0.0,99.0,0.0,0.0
1.0,99.0,0.0,0.0,0.0,0.0
1.0,0.0,0.0,99.0,0.0,0.0
1.0,99.0,0.0,0.0,0.0,0.0
1.0,0.0,0.0,99.0,0.0,0.0
1.0,0.0,0.0,99.0,0.0,0.0
1.0,0.0,1.0,98.0,0.0,0.0
1.0,0.0,1.0,98.0,0.0,0.0
1.0,99.0,0.0,0.0,0.0,0.0
1.0,99.0,0.0,0.0,0.0,0.0
1.0,99.0,0.0,0.0,0.0,0.0
1.0,0.0,0.0,99.0,0.0,0.0
1.0,99.0,0.0,0.0,0.0,0.0
1.0,99.0,0.0,0.0,0.0,0.0
1.0,0.0,0.0,99.0,0.0,0.0
1.0,0.0,0.0,99.0,0.0,0.0
1.0,99.0,0.0,0.0,0.0,0.0
1.0,0.0,0.0,99.0,0.0,0.0
1.0,0.0,0.0,99.0,0.0,0.0
1.0,98.0,1.0,0.0,0.0,0.0
1.0,0.0,0.0,99.0,0.0,0.0
2.0,98.0,0.0,0.0,0.0,0.0
1.0,0.0,0.0,99.0,0.0,0.0
1.0,0.0,0.0,99.0,0.0,0.0
1.0,0.0,0.0,99.0,0.0,0.0
1.0,0.0,2.0,97.0,0.0,0.0
1.0,99.0,0.0,0.0,0.0,0.0
1.0,99.0,0.0,0.0,0.0,0.0
1.0,0.0,0.0,99.0,0.0,0.0
1.0,99.0,0.0,0.0,0.0,0.0
1.0,99.0,0.0,0.0,0.0,0.0
1.0,0.0,0.0,99.0,0.0,0.0
1.0,0.0,0.0,99.0,0.0,0.0
1.0,99.0,0.0,0.0,0.0,0.0
1.0,99.0,0.0,0.0,0.0,0.0
1.0,0.0,0.0,99.0,0.0,0.0
1.0,99.0,0.0,0.0,0.0,0.0
1.0,0.0,0.0,0.0,0.0,0.0
1.0,0.0,0.0,99.0,0.0,0.0
2.0,0.0,0.0,98.0,0.0,0.0
1.0,0.0,0.0,99.0,0.0,0.0
1.0,99.0,0.0,0.0,0.0,0.0
1.0,0.0,0.0,99.0,0.0,0.0
1.0,0.0,0.0,99.0,0.0,0.0
1.0,0.0,1.0,98.0,0.0,0.0
1.0,0.0,0.0,99.0,0.0,0.0
1.0,99.0,0.0,0.0,0.0,0.0
1.0,0.0,0.0,99.0,0.0,0.0
1.0,0.0,0.0,99.0,0.0,0.0
1.0,0.0,0.0,99.0,0.0,0.0
1.0,99.0,0.0,0.0,0.0,0.0
1.0,0.0,0.0,99.0,0.0,0.0
1.0,99.0,0.0,0.0,0.0,0.0
1.0,99.0,0.0,0.0,0.0,0.0
1.0,0.0,0.0,99.0,0.0,0.0
1.0,0.0,0.0,99.0,0.0,0.0
1.0,99.0,0.0,0.0,0.0,0.0
1.0,0.0,0.0,99.0,0.0,0.0
1.0,0.0,0.0,99.0,0.0,0.0
1.0,99.0,0.0,0.0,0.0,0.0
1.0,0.0,0.0,99.0,0.0,0.0
1.0,99.0,0.0,0.0,0.0,0.0
1.0,0.0,0.0,99.0,0.0,0.0
1.0,0.0,0.0,99.0,0.0,0.0
1.0,99.0,0.0,0.0,0.0,0.0
1.0,99.0,0.0,0.0,0.0,0.0
1.0,0.0,0.0,99.0,0.0,0.0
1.0,0.0,0.0,99.0,0.0,0.0
1.0,99.0,0.0,0.0,0.0,0.0
1.0,0.0,1.0,98.0,0.0,0.0
1.0,0.0,0.0,99.0,0.0,0.0
1.0,99.0,0.0,0.0,0.0,0.0
1.0,0.0,0.0,99.0,0.0,0.0
1.0,99.0,0.0,0.0,0.0,0.0
1.0,99.0,0.0,0.0,0.0,0.0
1.0,99.0,0.0,0.0,0.0,0.0
1.0,99.0,0.0,0.0,0.0,0.0
1.0,0.0,0.0,99.0,0.0,0.0
1.0,0.0,0.0,99.0,0.0,0.0
1.0,0.0,0.0,99.0,0.0,0.0
1.0,0.0,0.0,99.0,0.0,0.0
1.0,0.0,0.0,99.0,0.0,0.0
1.0,0.0,0.0,99.0,0.0,0.0
1.0,0.0,0.0,99.0,0.0,0.0
1.0,0.0,0.0,99.0,0.0,0.0
1.0,99.0,0.0,0.0,0.0,0.0
1.0,99.0,0.0,0.0,0.0,0.0
1.0,0.0,1.0,98.0,0.0,0.0
1.0,99.0,0.0,0.0,0.0,0.0
2.0,98.0,0.0,0.0,0.0,0.0
1.0,98.0,1.0,0.0,0.0,0.0
1.0,99.0,0.0,0.0,0.0,0.0
1.0,0.0,0.0,99.0,0.0,0.0
1.0,0.0,0.0,99.0,0.0,0.0
1.0,99.0,0.0,0.0,0.0,0.0
1.0,0.0,0.0,99.0,0.0,0.0
1.0,99.0,0.0,0.0,0.0,0.0
1.0,0.0,0.0,99.0,0.0,0.0
1.0,0.0,0.0,99.0,0.0,0.0
1.0,99.0,0.0,0.0,0.0,0.0
1.0,0.0,0.0,99.0,0.0,0.0
1.0,0.0,0.0,99.0,0.0,0.0
1.0,99.0,0.0,0.0,0.0,0.0
1.0,99.0,0.0,0.0,0.0,0.0
1.0,99.0,0.0,0.0,0.0,0.0
1.0,99.0,0.0,0.0,0.0,0.0
1.0,99.0,0.0,0.0,0.0,0.0
1.0,0.0,0.0,99.0,0.0,0.0
1.0,0.0,0.0,99.0,0.0,0.0
1.0,99.0,0.0,0.0,0.0,0.0
1.0,99.0,0.0,0.0,0.0,0.0
1.0,99.0,0.0,0.0,0.0,0.0
1.0,98.0,1.0,0.0,0.0,0.0
1.0,99.0,0.0,0.0,0.0,0.0
1.0,97.0,2.0,0.0,0.0,0.0
1.0,0.0,0.0,99.0,0.0,0.0
1.0,0.0,0.0,99.0,0.0,0.0
1.0,99.0,0.0,0.0,0.0,0.0
1.0,0.0,0.0,99.0,0.0,0.0
1.0,0.0,2.0,97.0,0.0,0.0
1.0,99.0,0.0,0.0,0.0,0.0
1.0,0.0,0.0,99.0,0.0,0.0
1.0,96.0,3.0,0.0,0.0,0.0
1.0,0.0,0.0,99.0,0.0,0.0
1.0,99.0,0.0,0.0,0.0,0.0
1.0,0.0,1.0,98.0,0.0,0.0
1.0,0.0,0.0,99.0,0.0,0.0
1.0,0.0,0.0,99.0,0.0,0.0
1.0,98.0,1.0,0.0,0.0,0.0
1.0,0.0,1.0,98.0,0.0,0.0
1.0,99.0,0.0,0.0,0.0,0.0
1.0,99.0,0.0,0.0,0.0,0.0
1.0,99.0,0.0,0.0,0.0,0.0
1.0,99.0,0.0,0.0,0.0,0.0
1.0,0.0,0.0,99.0,0.0,0.0
1.0,0.0,0.0,99.0,0.0,0.0
1.0,99.0,0.0,0.0,0.0,0.0
1.0,99.0,0.0,0.0,0.0,0.0
1.0,0.0,0.0,99.0,0.0,0.0
1.0,99.0,0.0,0.0,0.0,0.0
1.0,99.0,0.0,0.0,0.0,0.0
1.0,99.0,0.0,0.0,0.0,0.0
1.0,0.0,0.0,99.0,0.0,0.0
1.0,99.0,0.0,0.0,0.0,0.0
1.0,0.0,1.0,98.0,0.0,0.0
1.0,99.0,0.0,0.0,0.0,0.0
1.0,0.0,2.0,97.0,0.0,0.0
1.0,0.0,0.0,99.0,0.0,0.0
1.0,99.0,0.0,0.0,0.0,0.0
1.0,0.0,0.0,99.0,0.0,0.0
1.0,0.0,0.0,99.0,0.0,0.0
1.0,0.0,0.0,99.0,0.0,0.0
1.0,99.0,0.0,0.0,0.0,0.0
1.0,0.0,0.0,99.0,0.0,0.0
1.0,0.0,0.0,99.0,0.0,0.0
1.0,0.0,0.0,99.0,0.0,0.0
1.0,99.0,0.0,0.0,0.0,0.0
1.0,0.0,0.0,99.0,0.0,0.0
1.0,99.0,0.0,0.0,0.0,0.0
1.0,0.0,0.0,99.0,0.0,0.0
1.0,0.0,0.0,99.0,0.0,0.0
1.0,99.0,0.0,0.0,0.0,0.0
1.0,99.0,0.0,0.0,0.0,0.0
1.0,0.0,0.0,99.0,0.0,0.0
1.0,0.0,0.0,99.0,0.0,0.0
1.0,0.0,0.0,99.0,0.0,0.0
1.0,99.0,0.0,0.0,0.0,0.0
1.0,98.0,1.0,0.0,0.0,0.0
1.0,99.0,0.0,0.0,0.0,0.0
1.0,0.0,0.0,99.0,0.0,0.0
1.0,0.0,0.0,99.0,0.0,0.0
1.0,99.0,0.0,0.0,0.0,0.0
1.0,0.0,0.0,99.0,0.0,0.0
1.0,0.0,0.0,99.0,0.0,0.0
1.0,99.0,0.0,0.0,0.0,0.0
1.0,99.0,0.0,0.0,0.0,0.0
1.0,0.0,0.0,99.0,0.0,0.0
1.0,0.0,0.0,99.0,0.0,0.0
1.0,0.0,0.0,99.0,0.0,0.0
1.0,99.0,0.0,0.0,0.0,0.0
1.0,99.0,0.0,0.0,0.0,0.0
1.0,99.0,0.0,0.0,0.0,0.0
1.0,99.0,0.0,0.0,0.0,0.0
1.0,0.0,0.0,99.0,0.0,0.0
1.0,0.0,0.0,99.0,0.0,0.0
1.0,99.0,0.0,0.0,0.0,0.0
1.0,0.0,0.0,99.0,0.0,0.0
1.0,99.0,0.0,0.0,0.0,0.0
1.0,99.0,0.0,0.0,0.0,0.0
1.0,0.0,0.0,99.0,0.0,0.0
1.0,99.0,0.0,0.0,0.0,0.0
1.0,99.0,0.0,0.0,0.0,0.0
1.0,0.0,0.0,99.0,0.0,0.0
1.0,99.0,0.0,0.0,0.0,0.0
2.0,0.0,0.0,98.0,0.0,0.0
1.0,99.0,0.0,0.0,0.0,0.0
1.0,0.0,0.0,99.0,0.0,0.0
1.0,0.0,0.0,99.0,0.0,0.0
1.0,99.0,0.0,0.0,0.0,0.0
1.0,0.0,0.0,99.0,0.0,0.0
1.0,0.0,0.0,99.0,0.0,0.0
1.0,0.0,0.0,0.0,0.0,0.0
1.0,0.0,0.0,99.0,0.0,0.0
1.0,99.0,0.0,0.0,0.0,0.0
1.0,0.0,0.0,99.0,0.0,0.0
1.0,0.0,1.0,98.0,0.0,0.0
1.0,0.0,0.0,99.0,0.0,0.0
1.0,99.0,0.0,0.0,0.0,0.0
1.0,99.0,0.0,0.0,0.0,0.0
1.0,98.0,1.0,0.0,0.0,0.0
1.0,0.0,0.0,99.0,0.0,0.0
1.0,0.0,0.0,99.0,0.0,0.0
1.0,97.0,2.0,0.0,0.0,0.0
1.0,0.0,0.0,99.0,0.0,0.0
1.0,99.0,0.0,0.0,0.0,0.0
1.0,0.0,0.0,99.0,0.0,0.0
1.0,99.0,0.0,0.0,0.0,0.0
1.0,0.0,0.0,99.0,0.0,0.0
1.0,0.0,0.0,99.0,0.0,0.0
1.0,0.0,0.0,99.0,0.0,0.0
1.0,0.0,0.0,99.0,0.0,0.0
1.0,99.0,0.0,0.0,0.0,0.0
1.0,0.0,0.0,99.0,0.0,0.0
1.0,99.0,0.0,0.0,0.0,0.0
1.0,99.0,0.0,0.0,0.0,0.0
1.0,0.0,0.0,99.0,0.0,0.0
1.0,0.0,0.0,99.0,0.0,0.0
1.0,0.0,0.0,99.0,0.0,0.0
1.0,0.0,0.0,99.0,0.0,0.0
1.0,98.0,1.0,0.0,0.0,0.0
1.0,0.0,0.0,99.0,0.0,0.0
1.0,0.0,0.0,99.0,0.0,0.0
1.0,0.0,0.0,99.0,0.0,0.0
1.0,0.0,0.0,99.0,0.0,0.0
1.0,0.0,0.0,99.0,0.0,0.0
1.0,0.0,0.0,99.0,0.0,0.0
1.0,0.0,0.0,99.0,0.0,0.0
1.0,99.0,0.0,0.0,0.0,0.0
1.0,99.0,0.0,0.0,0.0,0.0
1.0,0.0,0.0,99.0,0.0,0.0
1.0,0.0,0.0,99.0,0.0,0.0
1.0,0.0,0.0,99.0,0.0,0.0
1.0,99.0,0.0,0.0,0.0,0.0
1.0,0.0,0.0,99.0,0.0,0.0
1.0,0.0,0.0,99.0,0.0,0.0
1.0,99.0,0.0,0.0,0.0,0.0
1.0,99.0,0.0,0.0,0.0,0.0
1.0,0.0,1.0,98.0,0.0,0.0
1.0,99.0,0.0,0.0,0.0,0.0
1.0,0.0,0.0,99.0,0.0,0.0
1.0,0.0,0.0,99.0,0.0,0.0
1.0,98.0,1.0,0.0,0.0,0.0
1.0,99.0,0.0,0.0,0.0,0.0
1.0,0.0,0.0,99.0,0.0,0.0
1.0,0.0,0.0,99.0,0.0,0.0
1.0,0.0,0.0,99.0,0.0,0.0
1.0,99.0,0.0,0.0,0.0,0.0
1.0,0.0,0.0,99.0,0.0,0.0
1.0,99.0,0.0,0.0,0.0,0.0
1.0,0.0,0.0,99.0,0.0,0.0
1.0,0.0,0.0,99.0,0.0,0.0
2.0,98.0,0.0,0.0,0.0,0.0
1.0,99.0,0.0,0.0,0.0,0.0
1.0,99.0,0.0,0.0,0.0,0.0
1.0,99.0,0.0,0.0,0.0,0.0
1.0,0.0,0.0,99.0,0.0,0.0
1.0,99.0,0.0,0.0,0.0,0.0
1.0,0.0,0.0,99.0,0.0,0.0
1.0,99.0,0.0,0.0,0.0,0.0
1.0,0.0,0.0,99.0,0.0,0.0
1.0,0.0,1.0,98.0,0.0,0.0
1.0,1.0,0.0,98.0,0.0,0.0
1.0,0.0,0.0,99.0,0.0,0.0
1.0,0.0,0.0,99.0,0.0,0.0
1.0,0.0,0.0,99.0,0.0,0.0
1.0,0.0,0.0,99.0,0.0,0.0
1.0,0.0,0.0,99.0,0.0,0.0
1.0,99.0,0.0,0.0,0.0,0.0
1.0,99.0,0.0,0.0,0.0,0.0
1.0,0.0,0.0,99.0,0.0,0.0
1.0,0.0,0.0,99.0,0.0,0.0
1.0,98.0,1.0,0.0,0.0,0.0
1.0,99.0,0.0,0.0,0.0,0.0
1.0,99.0,0.0,0.0,0.0,0.0
1.0,0.0,1.0,98.0,0.0,0.0
1.0,0.0,0.0,99.0,0.0,0.0
1.0,97.0,2.0,0.0,0.0,0.0
1.0,0.0,1.0,98.0,0.0,0.0
1.0,99.0,0.0,0.0,0.0,0.0
1.0,99.0,0.0,0.0,0.0,0.0
1.0,99.0,0.0,0.0,0.0,0.0
1.0,0.0,0.0,99.0,0.0,0.0
1.0,99.0,0.0,0.0,0.0,0.0
1.0,99.0,0.0,0.0,0.0,0.0
1.0,98.0,1.0,0.0,0.0,0.0
1.0,99.0,0.0,0.0,0.0,0.0
1.0,0.0,0.0,99.0,0.0,0.0
1.0,99.0,0.0,0.0,0.0,0.0
1.0,99.0,0.0,0.0,0.0,0.0
1.0,0.0,0.0,99.0,0.0,0.0
1.0,99.0,0.0,0.0,0.0,0.0
1.0,99.0,0.0,0.0,0.0,0.0
1.0,99.0,0.0,0.0,0.0,0.0
1.0,0.0,0.0,99.0,0.0,0.0
1.0,0.0,0.0,99.0,0.0,0.0
1.0,0.0,2.0,97.0,0.0,0.0
1.0,99.0,0.0,0.0,0.0,0.0
1.0,0.0,0.0,99.0,0.0,0.0
1.0,0.0,0.0,99.0,0.0,0.0
1.0,99.0,0.0,0.0,0.0,0.0
1.0,0.0,0.0,99.0,0.0,0.0
1.0,0.0,0.0,99.0,0.0,0.0
1.0,0.0,1.0,98.0,0.0,0.0
1.0,99.0,0.0,0.0,0.0,0.0
1.0,0.0,0.0,99.0,0.0,0.0
1.0,99.0,0.0,0.0,0.0,0.0
1.0,99.0,0.0,0.0,0.0,0.0
1.0,0.0,0.0,99.0,0.0,0.0
1.0,98.0,1.0,0.0,0.0,0.0
1.0,0.0,0.0,99.0,0.0,0.0
1.0,0.0,0.0,99.0,0.0,0.0
1.0,99.0,0.0,0.0,0.0,0.0
1.0,99.0,0.0,0.0,0.0,0.0
1.0,0.0,0.0,99.0,0.0,0.0
1.0,0.0,1.0,98.0,0.0,0.0
1.0,99.0,0.0,0.0,0.0,0.0
1.0,0.0,2.0,97.0,0.0,0.0
1.0,99.0,0.0,0.0,0.0,0.0
1.0,99.0,0.0,0.0,0.0,0.0
1.0,99.0,0.0,0.0,0.0,0.0
1.0,0.0,0.0,99.0,0.0,0.0
1.0,99.0,0.0,0.0,0.0,0.0
1.0,0.0,0.0,99.0,0.0,0.0
1.0,0.0,0.0,99.0,0.0,0.0
1.0,0.0,0.0,99.0,0.0,0.0
1.0,99.0,0.0,0.0,0.0,0.0
1.0,0.0,1.0,98.0,0.0,0.0
1.0,99.0,0.0,0.0,0.0,0.0
1.0,0.0,0.0,99.0,0.0,0.0
1.0,0.0,0.0,99.0,0.0,0.0
1.0,99.0,0.0,0.0,0.0,0.0
1.0,0.0,0.0,99.0,0.0,0.0
1.0,0.0,0.0,99.0,0.0,0.0
1.0,0.0,1.0,98.0,0.0,0.0
1.0,99.0,0.0,0.0,0.0,0.0
1.0,0.0,0.0,99.0,0.0,0.0
1.0,99.0,0.0,0.0,0.0,0.0
1.0,99.0,0.0,0.0,0.0,0.0
1.0,99.0,0.0,0.0,0.0,0.0
1.0,0.0,0.0,99.0,0.0,0.0
1.0,99.0,0.0,0.0,0.0,0.0
1.0,99.0,0.0,0.0,0.0,0.0
1.0,99.0,0.0,0.0,0.0,0.0
1.0,0.0,1.0,98.0,0.0,0.0
1.0,0.0,1.0,98.0,0.0,0.0
1.0,99.0,0.0,0.0,0.0,0.0
1.0,0.0,0.0,99.0,0.0,0.0
1.0,0.0,0.0,99.0,0.0,0.0
1.0,99.0,0.0,0.0,0.0,0.0
1.0,99.0,0.0,0.0,0.0,0.0
1.0,99.0,0.0,0.0,0.0,0.0
1.0,99.0,0.0,0.0,0.0,0.0
1.0,0.0,0.0,99.0,0.0,0.0
1.0,99.0,0.0,0.0,0.0,0.0
1.0,99.0,0.0,0.0,0.0,0.0
1.0,99.0,0.0,0.0,0.0,0.0
1.0,0.0,0.0,99.0,0.0,0.0
1.0,0.0,0.0,99.0,0.0,0.0
1.0,0.0,0.0,99.0,0.0,0.0
1.0,99.0,0.0,0.0,0.0,0.0
1.0,0.0,0.0,99.0,0.0,0.0
1.0,99.0,0.0,0.0,0.0,0.0
1.0,0.0,0.0,99.0,0.0,0.0
1.0,99.0,0.0,0.0,0.0,0.0
1.0,0.0,0.0,99.0,0.0,0.0
1.0,99.0,0.0,0.0,0.0,0.0
1.0,0.0,0.0,99.0,0.0,0.0
1.0,99.0,0.0,0.0,0.0,0.0
1.0,0.0,0.0,99.0,0.0,0.0
1.0,99.0,0.0,0.0,0.0,0.0
1.0,99.0,0.0,0.0,0.0,0.0
1.0,0.0,0.0,99.0,0.0,0.0
1.0,0.0,0.0,99.0,0.0,0.0
1.0,0.0,0.0,0.0,0.0,0.0
1.0,99.0,0.0,0.0,0.0,0.0
1.0,0.0,0.0,99.0,0.0,0.0
1.0,99.0,0.0,0.0,0.0,0.0
1.0,0.0,0.0,99.0,0.0,0.0
1.0,98.0,1.0,0.0,0.0,0.0
1.0,0.0,0.0,99.0,0.0,0.0
1.0,0.0,0.0,99.0,0.0,0.0
1.0,99.0,0.0,0.0,0.0,0.0
1.0,0.0,0.0,99.0,0.0,0.0
1.0,99.0,0.0,0.0,0.0,0.0
1.0,0.0,0.0,99.0,0.0,0.0
1.0,0.0,0.0,99.0,0.0,0.0
2.0,0.0,0.0,98.0,0.0,0.0
1.0,0.0,0.0,0.0,0.0,0.0
1.0,99.0,0.0,0.0,0.0,0.0
1.0,99.0,0.0,0.0,0.0,0.0
1.0,0.0,0.0,99.0,0.0,0.0
1.0,0.0,0.0,99.0,0.0,0.0
1.0,99.0,0.0,0.0,0.0,0.0
1.0,0.0,0.0,99.0,0.0,0.0
1.0,0.0,0.0,99.0,0.0,0.0
1.0,0.0,0.0,99.0,0.0,0.0
1.0,99.0,0.0,0.0,0.0,0.0
1.0,97.0,2.0,0.0,0.0,0.0
1.0,0.0,0.0,99.0,0.0,0.0
1.0,99.0,0.0,0.0,0.0,0.0
1.0,99.0,0.0,0.0,0.0,0.0
1.0,0.0,0.0,99.0,0.0,0.0
1.0,0.0,0.0,99.0,0.0,0.0
1.0,99.0,0.0,0.0,0.0,0.0
1.0,99.0,0.0,0.0,0.0,0.0
1.0,99.0,0.0,0.0,0.0,0.0
1.0,0.0,1.0,98.0,0.0,0.0
1.0,99.0,0.0,0.0,0.0,0.0
1.0,99.0,0.0,0.0,0.0,0.0
1.0,99.0,0.0,0.0,0.0,0.0
1.0,99.0,0.0,0.0,0.0,0.0
1.0,0.0,0.0,99.0,0.0,0.0
1.0,0.0,0.0,99.0,0.0,0.0
1.0,0.0,0.0,99.0,0.0,0.0
1.0,98.0,1.0,0.0,0.0,0.0
1.0,99.0,0.0,0.0,0.0,0.0
1.0,99.0,0.0,0.0,0.0,0.0
1.0,99.0,0.0,0.0,0.0,0.0
1.0,99.0,0.0,0.0,0.0,0.0
1.0,0.0,0.0,99.0,0.0,0.0
1.0,99.0,0.0,0.0,0.0,0.0
1.0,0.0,0.0,99.0,0.0,0.0
1.0,98.0,1.0,0.0,0.0,0.0
1.0,99.0,0.0,0.0,0.0,0.0
1.0,0.0,0.0,99.0,0.0,0.0
1.0,0.0,0.0,99.0,0.0,0.0
1.0,0.0,1.0,98.0,0.0,0.0
1.0,0.0,0.0,99.0,0.0,0.0
1.0,99.0,0.0,0.0,0.0,0.0
1.0,99.0,0.0,0.0,0.0,0.0
1.0,0.0,0.0,99.0,0.0,0.0
1.0,99.0,0.0,0.0,0.0,0.0
1.0,99.0,0.0,0.0,0.0,0.0
1.0,0.0,0.0,99.0,0.0,0.0
1.0,0.0,2.0,97.0,0.0,0.0
1.0,99.0,0.0,0.0,0.0,0.0
1.0,0.0,0.0,99.0,0.0,0.0
1.0,0.0,0.0,99.0,0.0,0.0
1.0,0.0,0.0,99.0,0.0,0.0
1.0,0.0,0.0,99.0,0.0,0.0
1.0,0.0,0.0,99.0,0.0,0.0
1.0,99.0,0.0,0.0,0.0,0.0
1.0,99.0,0.0,0.0,0.0,0.0
1.0,99.0,0.0,0.0,0.0,0.0
1.0,0.0,1.0,98.0,0.0,0.0
1.0,99.0,0.0,0.0,0.0,0.0
1.0,0.0,0.0,99.0,0.0,0.0
1.0,99.0,0.0,0.0,0.0,0.0
2.0,98.0,0.0,0.0,0.0,0.0
1.0,0.0,0.0,99.0,0.0,0.0
1.0,99.0,0.0,0.0,0.0,0.0
1.0,0.0,0.0,99.0,0.0,0.0
1.0,99.0,0.0,0.0,0.0,0.0
1.0,99.0,0.0,0.0,0.0,0.0
1.0,0.0,1.0,98.0,0.0,0.0
1.0,0.0,0.0,99.0,0.0,0.0
1.0,99.0,0.0,0.0,0.0,0.0
1.0,0.0,0.0,99.0,0.0,0.0
1.0,99.0,0.0,0.0,0.0,0.0
1.0,0.0,0.0,99.0,0.0,0.0
1.0,0.0,0.0,99.0,0.0,0.0
1.0,0.0,0.0,0.0,0.0,0.0
1.0,0.0,0.0,99.0,0.0,0.0
1.0,99.0,0.0,0.0,0.0,0.0
1.0,0.0,0.0,99.0,0.0,0.0
1.0,0.0,0.0,99.0,0.0,0.0
1.0,99.0,0.0,0.0,0.0,0.0
1.0,99.0,0.0,0.0,0.0,0.0
1.0,0.0,0.0,99.0,0.0,0.0
1.0,0.0,0.0,99.0,0.0,0.0
1.0,99.0,0.0,0.0,0.0,0.0
1.0,0.0,1.0,98.0,0.0,0.0
1.0,0.0,0.0,99.0,0.0,0.0
1.0,0.0,0.0,99.0,0.0,0.0
1.0,0.0,0.0,99.0,0.0,0.0
1.0,99.0,0.0,0.0,0.0,0.0
1.0,0.0,0.0,99.0,0.0,0.0
1.0,0.0,0.0,99.0,0.0,0.0
1.0,99.0,0.0,0.0,0.0,0.0
1.0,99.0,0.0,0.0,0.0,0.0
1.0,99.0,0.0,0.0,0.0,0.0
1.0,99.0,0.0,0.0,0.0,0.0
1.0,0.0,2.0,97.0,0.0,0.0
1.0,0.0,0.0,99.0,0.0,0.0
1.0,0.0,0.0,99.0,0.0,0.0
1.0,99.0,0.0,0.0,0.0,0.0
1.0,0.0,0.0,99.0,0.0,0.0
1.0,0.0,1.0,98.0,0.0,0.0
1.0,0.0,0.0,99.0,0.0,0.0
1.0,99.0,0.0,0.0,0.0,0.0
1.0,0.0,0.0,99.0,0.0,0.0
1.0,0.0,0.0,99.0,0.0,0.0
1.0,99.0,0.0,0.0,0.0,0.0
1.0,0.0,0.0,99.0,0.0,0.0
1.0,99.0,0.0,0.0,0.0,0.0
1.0,0.0,0.0,99.0,0.0,0.0
1.0,98.0,1.0,0.0,0.0,0.0
1.0,99.0,0.0,0.0,0.0,0.0
1.0,0.0,0.0,99.0,0.0,0.0
1.0,0.0,0.0,99.0,0.0,0.0
1.0,0.0,0.0,99.0,0.0,0.0
1.0,0.0,0.0,99.0,0.0,0.0
1.0,0.0,0.0,99.0,0.0,0.0
1.0,99.0,0.0,0.0,0.0,0.0
1.0,99.0,0.0,0.0,0.0,0.0
1.0,0.0,1.0,98.0,0.0,0.0
1.0,0.0,0.0,99.0,0.0,0.0
1.0,0.0,1.0,98.0,0.0,0.0
1.0,98.0,1.0,0.0,0.0,0.0
1.0,99.0,0.0,0.0,0.0,0.0
1.0,0.0,0.0,99.0,0.0,0.0
1.0,99.0,0.0,0.0,0.0,0.0
1.0,0.0,0.0,99.0,0.0,0.0
1.0,0.0,0.0,99.0,0.0,0.0
1.0,0.0,0.0,99.0,0.0,0.0
1.0,99.0,0.0,0.0,0.0,0.0
1.0,99.0,0.0,0.0,0.0,0.0
1.0,0.0,0.0,99.0,0.0,0.0
1.0,99.0,0.0,0.0,0.0,0.0
1.0,0.0,0.0,99.0,0.0,0.0
1.0,0.0,0.0,99.0,0.0,0.0
1.0,0.0,0.0,99.0,0.0,0.0
1.0,0.0,0.0,99.0,0.0,0.0
1.0,99.0,0.0,0.0,0.0,0.0
1.0,99.0,0.0,0.0,0.0,0.0
1.0,0.0,0.0,99.0,0.0,0.0
1.0,0.0,1.0,98.0,0.0,0.0
1.0,99.0,0.0,0.0,0.0,0.0
1.0,99.0,0.0,0.0,0.0,0.0
1.0,0.0,0.0,99.0,0.0,0.0
1.0,0.0,0.0,99.0,0.0,0.0
1.0,99.0,0.0,0.0,0.0,0.0
1.0,0.0,0.0,99.0,0.0,0.0
1.0,0.0,0.0,99.0,0.0,0.0
1.0,99.0,0.0,0.0,0.0,0.0
1.0,99.0,0.0,0.0,0.0,0.0
1.0,99.0,0.0,0.0,0.0,0.0
1.0,0.0,0.0,99.0,0.0,0.0
1.0,0.0,1.0,98.0,0.0,0.0
1.0,0.0,1.0,98.0,0.0,0.0
1.0,0.0,0.0,99.0,0.0,0.0
1.0,0.0,0.0,99.0,0.0,0.0
1.0,99.0,0.0,0.0,0.0,0.0
1.0,99.0,0.0,0.0,0.0,0.0
1.0,99.0,0.0,0.0,0.0,0.0
1.0,0.0,1.0,98.0,0.0,0.0
1.0,0.0,0.0,99.0,0.0,0.0
1.0,99.0,0.0,0.0,0.0,0.0
1.0,99.0,0.0,0.0,0.0,0.0
1.0,0.0,0.0,99.0,0.0,0.0
1.0,0.0,0.0,99.0,0.0,0.0
1.0,0.0,0.0,99.0,0.0,0.0
1.0,99.0,0.0,0.0,0.0,0.0
1.0,0.0,1.0,98.0,0.0,0.0
1.0,99.0,0.0,0.0,0.0,0.0
1.0,99.0,0.0,0.0,0.0,0.0
1.0,0.0,0.0,99.0,0.0,0.0
1.0,0.0,0.0,99.0,0.0,0.0
1.0,0.0,0.0,99.0,0.0,0.0
1.0,99.0,0.0,0.0,0.0,0.0
1.0,0.0,0.0,99.0,0.0,0.0
1.0,0.0,0.0,99.0,0.0,0.0
1.0,99.0,0.0,0.0,0.0,0.0
1.0,0.0,0.0,99.0,0.0,0.0
1.0,0.0,0.0,99.0,0.0,0.0
1.0,0.0,0.0,99.0,0.0,0.0
1.0,99.0,0.0,0.0,0.0,0.0
1.0,99.0,0.0,0.0,0.0,0.0
1.0,0.0,0.0,99.0,0.0,0.0
1.0,0.0,0.0,99.0,0.0,0.0
1.0,0.0,0.0,99.0,0.0,0.0
1.0,99.0,0.0,0.0,0.0,0.0
1.0,0.0,0.0,99.0,0.0,0.0
1.0,0.0,0.0,99.0,0.0,0.0
1.0,99.0,0.0,0.0,0.0,0.0
1.0,99.0,0.0,0.0,0.0,0.0
1.0,98.0,1.0,0.0,0.0,0.0
1.0,0.0,0.0,99.0,0.0,0.0
1.0,99.0,0.0,0.0,0.0,0.0
1.0,99.0,0.0,0.0,0.0,0.0
1.0,99.0,0.0,0.0,0.0,0.0
1.0,0.0,0.0,99.0,0.0,0.0
1.0,0.0,0.0,99.0,0.0,0.0
1.0,0.0,0.0,99.0,0.0,0.0
1.0,0.0,0.0,99.0,0.0,0.0
1.0,0.0,0.0,99.0,0.0,0.0
1.0,0.0,0.0,99.0,0.0,0.0
1.0,0.0,0.0,99.0,0.0,0.0
1.0,99.0,0.0,0.0,0.0,0.0
1.0,0.0,0.0,99.0,0.0,0.0
1.0,99.0,0.0,0.0,0.0,0.0
1.0,99.0,0.0,0.0,0.0,0.0
1.0,0.0,0.0,99.0,0.0,0.0
1.0,0.0,0.0,99.0,0.0,0.0
1.0,99.0,0.0,0.0,0.0,0.0
1.0,0.0,0.0,99.0,0.0,0.0
1.0,99.0,0.0,0.0,0.0,0.0
1.0,0.0,0.0,99.0,0.0,0.0
1.0,0.0,2.0,97.0,0.0,0.0
1.0,0.0,0.0,99.0,0.0,0.0
1.0,96.0,3.0,0.0,0.0,0.0
1.0,99.0,0.0,0.0,0.0,0.0
1.0,99.0,0.0,0.0,0.0,0.0
1.0,99.0,0.0,0.0,0.0,0.0
1.0,0.0,2.0,97.0,0.0,0.0
1.0,99.0,0.0,0.0,0.0,0.0
1.0,0.0,0.0,99.0,0.0,0.0
1.0,97.0,2.0,0.0,0.0,0.0
1.0,99.0,0.0,0.0,0.0,0.0
1.0,99.0,0.0,0.0,0.0,0.0
1.0,0.0,0.0,99.0,0.0,0.0
1.0,0.0,0.0,0.0,0.0,0.0
1.0,99.0,0.0,0.0,0.0,0.0
1.0,14.0,0.0,85.0,0.0,0.0
1.0,99.0,0.0,0.0,0.0,0.0
1.0,0.0,0.0,99.0,0.0,0.0
1.0,99.0,0.0,0.0,0.0,0.0
1.0,99.0,0.0,0.0,0.0,0.0
1.0,99.0,0.0,0.0,0.0,0.0
1.0,0.0,0.0,99.0,0.0,0.0
1.0,0.0,0.0,99.0,0.0,0.0
1.0,0.0,0.0,99.0,0.0,0.0
1.0,98.0,1.0,0.0,0.0,0.0
1.0,99.0,0.0,0.0,0.0,0.0
1.0,99.0,0.0,0.0,0.0,0.0
1.0,99.0,0.0,0.0,0.0,0.0
1.0,0.0,0.0,99.0,0.0,0.0
1.0,99.0,0.0,0.0,0.0,0.0
1.0,0.0,0.0,99.0,0.0,0.0
1.0,99.0,0.0,0.0,0.0,0.0
1.0,99.0,0.0,0.0,0.0,0.0
1.0,99.0,0.0,0.0,0.0,0.0
1.0,99.0,0.0,0.0,0.0,0.0
1.0,0.0,0.0,99.0,0.0,0.0
1.0,99.0,0.0,0.0,0.0,0.0
1.0,0.0,1.0,98.0,0.0,0.0
1.0,0.0,1.0,98.0,0.0,0.0
1.0,0.0,0.0,99.0,0.0,0.0
1.0,0.0,0.0,99.0,0.0,0.0
1.0,0.0,0.0,99.0,0.0,0.0
1.0,0.0,0.0,99.0,0.0,0.0
1.0,0.0,0.0,99.0,0.0,0.0
1.0,0.0,0.0,99.0,0.0,0.0
1.0,0.0,0.0,99.0,0.0,0.0
1.0,0.0,0.0,99.0,0.0,0.0
1.0,99.0,0.0,0.0,0.0,0.0
1.0,99.0,0.0,0.0,0.0,0.0
1.0,99.0,0.0,0.0,0.0,0.0
1.0,99.0,0.0,0.0,0.0,0.0
1.0,0.0,0.0,99.0,0.0,0.0
1.0,0.0,0.0,99.0,0.0,0.0
1.0,99.0,0.0,0.0,0.0,0.0
1.0,99.0,0.0,0.0,0.0,0.0
1.0,99.0,0.0,0.0,0.0,0.0
1.0,0.0,1.0,98.0,0.0,0.0
1.0,0.0,0.0,99.0,0.0,0.0
1.0,0.0,0.0,99.0,0.0,0.0
1.0,0.0,0.0,99.0,0.0,0.0
1.0,0.0,0.0,99.0,0.0,0.0
1.0,98.0,1.0,0.0,0.0,0.0
1.0,99.0,0.0,0.0,0.0,0.0
1.0,0.0,0.0,99.0,0.0,0.0
1.0,99.0,0.0,0.0,0.0,0.0
1.0,0.0,0.0,99.0,0.0,0.0
1.0,0.0,0.0,99.0,0.0,0.0
1.0,0.0,1.0,98.0,0.0,0.0
1.0,99.0,0.0,0.0,0.0,0.0
1.0,0.0,0.0,99.0,0.0,0.0
1.0,98.0,1.0,0.0,0.0,0.0
1.0,99.0,0.0,0.0,0.0,0.0
1.0,99.0,0.0,0.0,0.0,0.0
1.0,0.0,2.0,97.0,0.0,0.0
1.0,99.0,0.0,0.0,0.0,0.0
1.0,0.0,0.0,99.0,0.0,0.0
1.0,0.0,0.0,99.0,0.0,0.0
1.0,0.0,0.0,99.0,0.0,0.0
1.0,99.0,0.0,0.0,0.0,0.0
1.0,0.0,0.0,99.0,0.0,0.0
1.0,0.0,0.0,99.0,0.0,0.0
1.0,0.0,0.0,99.0,0.0,0.0
1.0,0.0,0.0,99.0,0.0,0.0
1.0,0.0,0.0,99.0,0.0,0.0
1.0,99.0,0.0,0.0,0.0,0.0
1.0,0.0,0.0,99.0,0.0,0.0
1.0,99.0,0.0,0.0,0.0,0.0
1.0,0.0,0.0,99.0,0.0,0.0
1.0,99.0,0.0,0.0,0.0,0.0
1.0,0.0,0.0,99.0,0.0,0.0
1.0,99.0,0.0,0.0,0.0,0.0
1.0,0.0,0.0,99.0,0.0,0.0
1.0,0.0,0.0,99.0,0.0,0.0
1.0,0.0,0.0,99.0,0.0,0.0
1.0,0.0,0.0,99.0,0.0,0.0
1.0,99.0,0.0,0.0,0.0,0.0
1.0,98.0,1.0,0.0,0.0,0.0
1.0,0.0,0.0,99.0,0.0,0.0
1.0,99.0,0.0,0.0,0.0,0.0
1.0,0.0,0.0,0.0,0.0,0.0
1.0,0.0,0.0,99.0,0.0,0.0
1.0,0.0,0.0,99.0,0.0,0.0
1.0,99.0,0.0,0.0,0.0,0.0
1.0,99.0,0.0,0.0,0.0,0.0
1.0,0.0,0.0,99.0,0.0,0.0
1.0,0.0,0.0,99.0,0.0,0.0
1.0,99.0,0.0,0.0,0.0,0.0
1.0,0.0,0.0,99.0,0.0,0.0
1.0,99.0,0.0,0.0,0.0,0.0
1.0,99.0,0.0,0.0,0.0,0.0
1.0,99.0,0.0,0.0,0.0,0.0
1.0,99.0,0.0,0.0,0.0,0.0
1.0,0.0,0.0,99.0,0.0,0.0
1.0,0.0,0.0,99.0,0.0,0.0
1.0,99.0,0.0,0.0,0.0,0.0
1.0,0.0,0.0,99.0,0.0,0.0
1.0,99.0,0.0,0.0,0.0,0.0
1.0,0.0,0.0,99.0,0.0,0.0
1.0,0.0,0.0,99.0,0.0,0.0
1.0,0.0,0.0,99.0,0.0,0.0
1.0,0.0,0.0,99.0,0.0,0.0
1.0,0.0,0.0,99.0,0.0,0.0
1.0,0.0,0.0,99.0,0.0,0.0
1.0,0.0,0.0,99.0,0.0,0.0
1.0,0.0,0.0,99.0,0.0,0.0
1.0,0.0,0.0,99.0,0.0,0.0
1.0,0.0,0.0,99.0,0.0,0.0
1.0,0.0,0.0,99.0,0.0,0.0
1.0,99.0,0.0,0.0,0.0,0.0
1.0,99.0,0.0,0.0,0.0,0.0
1.0,0.0,0.0,99.0,0.0,0.0
1.0,0.0,2.0,97.0,0.0,0.0
1.0,99.0,0.0,0.0,0.0,0.0
1.0,0.0,0.0,99.0,0.0,0.0
1.0,0.0,0.0,99.0,0.0,0.0
1.0,99.0,0.0,0.0,0.0,0.0
1.0,99.0,0.0,0.0,0.0,0.0
1.0,99.0,0.0,0.0,0.0,0.0
1.0,0.0,0.0,99.0,0.0,0.0
1.0,99.0,0.0,0.0,0.0,0.0
1.0,0.0,0.0,99.0,0.0,0.0
1.0,0.0,0.0,99.0,0.0,0.0
1.0,0.0,0.0,99.0,0.0,0.0
1.0,0.0,1.0,98.0,0.0,0.0
1.0,99.0,0.0,0.0,0.0,0.0
1.0,0.0,0.0,99.0,0.0,0.0
1.0,0.0,0.0,99.0,0.0,0.0
1.0,0.0,0.0,99.0,0.0,0.0
1.0,0.0,0.0,99.0,0.0,0.0
1.0,0.0,1.0,98.0,0.0,0.0
1.0,99.0,0.0,0.0,0.0,0.0
1.0,99.0,0.0,0.0,0.0,0.0
1.0,0.0,0.0,99.0,0.0,0.0
1.0,99.0,0.0,0.0,0.0,0.0
1.0,99.0,0.0,0.0,0.0,0.0
1.0,0.0,0.0,99.0,0.0,0.0
1.0,0.0,0.0,99.0,0.0,0.0
1.0,0.0,0.0,99.0,0.0,0.0
1.0,98.0,1.0,0.0,0.0,0.0
1.0,0.0,0.0,0.0,0.0,0.0
1.0,0.0,0.0,99.0,0.0,0.0
1.0,99.0,0.0,0.0,0.0,0.0
1.0,99.0,0.0,0.0,0.0,0.0
1.0,0.0,0.0,99.0,0.0,0.0
1.0,99.0,0.0,0.0,0.0,0.0
1.0,99.0,0.0,0.0,0.0,0.0
1.0,0.0,0.0,99.0,0.0,0.0
1.0,99.0,0.0,0.0,0.0,0.0
1.0,99.0,0.0,0.0,0.0,0.0
1.0,99.0,0.0,0.0,0.0,0.0
1.0,99.0,0.0,0.0,0.0,0.0
1.0,0.0,0.0,99.0,0.0,0.0
1.0,0.0,0.0,99.0,0.0,0.0
1.0,0.0,0.0,99.0,0.0,0.0
1.0,0.0,0.0,99.0,0.0,0.0
1.0,0.0,0.0,99.0,0.0,0.0
1.0,0.0,1.0,98.0,0.0,0.0
1.0,0.0,0.0,99.0,0.0,0.0
1.0,99.0,0.0,0.0,0.0,0.0
1.0,0.0,0.0,99.0,0.0,0.0
1.0,0.0,0.0,99.0,0.0,0.0
1.0,99.0,0.0,0.0,0.0,0.0
1.0,99.0,0.0,0.0,0.0,0.0
1.0,0.0,0.0,99.0,0.0,0.0
1.0,0.0,0.0,99.0,0.0,0.0
1.0,99.0,0.0,0.0,0.0,0.0
1.0,0.0,0.0,99.0,0.0,0.0
1.0,0.0,0.0,99.0,0.0,0.0
1.0,0.0,0.0,99.0,0.0,0.0
1.0,0.0,0.0,99.0,0.0,0.0
1.0,0.0,0.0,99.0,0.0,0.0
1.0,99.0,0.0,0.0,0.0,0.0
1.0,99.0,0.0,0.0,0.0,0.0
1.0,0.0,0.0,99.0,0.0,0.0
1.0,0.0,0.0,99.0,0.0,0.0
1.0,0.0,0.0,99.0,0.0,0.0
1.0,99.0,0.0,0.0,0.0,0.0
1.0,0.0,0.0,99.0,0.0,0.0
1.0,0.0,0.0,99.0,0.0,0.0
1.0,99.0,0.0,0.0,0.0,0.0
1.0,99.0,0.0,0.0,0.0,0.0
2.0,98.0,0.0,0.0,0.0,0.0
1.0,0.0,0.0,99.0,0.0,0.0
1.0,0.0,0.0,99.0,0.0,0.0
1.0,0.0,2.0,97.0,0.0,0.0
1.0,99.0,0.0,0.0,0.0,0.0
1.0,0.0,0.0,99.0,0.0,0.0
1.0,0.0,1.0,98.0,0.0,0.0
1.0,99.0,0.0,0.0,0.0,0.0
1.0,99.0,0.0,0.0,0.0,0.0
1.0,99.0,0.0,0.0,0.0,0.0
1.0,99.0,0.0,0.0,0.0,0.0
1.0,99.0,0.0,0.0,0.0,0.0
1.0,99.0,0.0,0.0,0.0,0.0
1.0,99.0,0.0,0.0,0.0,0.0
1.0,0.0,0.0,99.0,0.0,0.0
1.0,0.0,0.0,99.0,0.0,0.0
1.0,0.0,0.0,99.0,0.0,0.0
1.0,99.0,0.0,0.0,0.0,0.0
1.0,0.0,0.0,99.0,0.0,0.0
1.0,0.0,0.0,99.0,0.0,0.0
1.0,99.0,0.0,0.0,0.0,0.0
1.0,99.0,0.0,0.0,0.0,0.0
1.0,99.0,0.0,0.0,0.0,0.0
1.0,0.0,0.0,99.0,0.0,0.0
1.0,99.0,0.0,0.0,0.0,0.0
1.0,0.0,0.0,99.0,0.0,0.0
1.0,0.0,2.0,97.0,0.0,0.0
1.0,99.0,0.0,0.0,0.0,0.0
1.0,0.0,0.0,99.0,0.0,0.0
1.0,99.0,0.0,0.0,0.0,0.0
1.0,0.0,0.0,99.0,0.0,0.0
1.0,0.0,0.0,0.0,0.0,0.0
1.0,0.0,0.0,99.0,0.0,0.0
1.0,0.0,0.0,99.0,0.0,0.0
1.0,0.0,0.0,99.0,0.0,0.0
1.0,98.0,1.0,0.0,0.0,0.0
1.0,0.0,0.0,99.0,0.0,0.0
1.0,99.0,0.0,0.0,0.0,0.0
1.0,99.0,0.0,0.0,0.0,0.0
1.0,99.0,0.0,0.0,0.0,0.0
1.0,0.0,0.0,99.0,0.0,0.0
1.0,99.0,0.0,0.0,0.0,0.0
1.0,0.0,0.0,99.0,0.0,0.0
1.0,99.0,0.0,0.0,0.0,0.0
1.0,99.0,0.0,0.0,0.0,0.0
1.0,98.0,1.0,0.0,0.0,0.0
1.0,99.0,0.0,0.0,0.0,0.0
1.0,0.0,0.0,99.0,0.0,0.0
1.0,99.0,0.0,0.0,0.0,0.0
1.0,0.0,0.0,99.0,0.0,0.0
1.0,0.0,0.0,99.0,0.0,0.0
1.0,98.0,1.0,0.0,0.0,0.0
1.0,0.0,0.0,99.0,0.0,0.0
1.0,99.0,0.0,0.0,0.0,0.0
1.0,99.0,0.0,0.0,0.0,0.0
1.0,99.0,0.0,0.0,0.0,0.0
1.0,0.0,0.0,99.0,0.0,0.0
1.0,0.0,0.0,99.0,0.0,0.0
1.0,98.0,1.0,0.0,0.0,0.0
1.0,99.0,0.0,0.0,0.0,0.0
1.0,99.0,0.0,0.0,0.0,0.0
1.0,0.0,0.0,99.0,0.0,0.0
1.0,0.0,0.0,99.0,0.0,0.0
1.0,0.0,0.0,99.0,0.0,0.0
1.0,0.0,0.0,99.0,0.0,0.0
1.0,0.0,0.0,99.0,0.0,0.0
1.0,99.0,0.0,0.0,0.0,0.0
1.0,0.0,0.0,99.0,0.0,0.0
1.0,0.0,0.0,99.0,0.0,0.0
1.0,99.0,0.0,0.0,0.0,0.0
1.0,0.0,0.0,99.0,0.0,0.0
1.0,0.0,0.0,99.0,0.0,0.0
1.0,99.0,0.0,0.0,0.0,0.0
1.0,0.0,0.0,99.0,0.0,0.0
1.0,0.0,0.0,99.0,0.0,0.0
1.0,0.0,0.0,99.0,0.0,0.0
1.0,99.0,0.0,0.0,0.0,0.0
1.0,99.0,0.0,0.0,0.0,0.0
1.0,0.0,0.0,99.0,0.0,0.0
1.0,0.0,0.0,99.0,0.0,0.0
1.0,0.0,0.0,99.0,0.0,0.0
1.0,97.0,2.0,0.0,0.0,0.0
1.0,0.0,0.0,99.0,0.0,0.0
1.0,99.0,0.0,0.0,0.0,0.0
1.0,0.0,0.0,99.0,0.0,0.0
1.0,0.0,0.0,0.0,0.0,0.0
1.0,99.0,0.0,0.0,0.0,0.0
1.0,0.0,0.0,99.0,0.0,0.0
1.0,0.0,0.0,99.0,0.0,0.0
1.0,0.0,0.0,99.0,0.0,0.0
1.0,0.0,0.0,99.0,0.0,0.0
1.0,0.0,0.0,99.0,0.0,0.0
1.0,0.0,0.0,99.0,0.0,0.0
1.0,0.0,0.0,99.0,0.0,0.0
1.0,96.0,3.0,0.0,0.0,0.0
1.0,0.0,0.0,99.0,0.0,0.0
1.0,0.0,0.0,99.0,0.0,0.0
1.0,98.0,1.0,0.0,0.0,0.0
1.0,99.0,0.0,0.0,0.0,0.0
1.0,0.0,0.0,99.0,0.0,0.0
1.0,99.0,0.0,0.0,0.0,0.0
1.0,0.0,2.0,97.0,0.0,0.0
1.0,98.0,1.0,0.0,0.0,0.0
1.0,0.0,0.0,99.0,0.0,0.0
1.0,0.0,0.0,99.0,0.0,0.0
1.0,99.0,0.0,0.0,0.0,0.0
1.0,0.0,0.0,99.0,0.0,0.0
1.0,99.0,0.0,0.0,0.0,0.0
1.0,0.0,0.0,99.0,0.0,0.0
1.0,0.0,1.0,98.0,0.0,0.0
1.0,0.0,0.0,99.0,0.0,0.0
1.0,0.0,0.0,99.0,0.0,0.0
1.0,0.0,0.0,99.0,0.0,0.0
1.0,0.0,0.0,99.0,0.0,0.0
1.0,99.0,0.0,0.0,0.0,0.0
1.0,0.0,0.0,99.0,0.0,0.0
1.0,99.0,0.0,0.0,0.0,0.0
1.0,99.0,0.0,0.0,0.0,0.0
1.0,99.0,0.0,0.0,0.0,0.0
1.0,0.0,0.0,99.0,0.0,0.0
1.0,99.0,0.0,0.0,0.0,0.0
1.0,99.0,0.0,0.0,0.0,0.0
1.0,0.0,0.0,99.0,0.0,0.0
1.0,99.0,0.0,0.0,0.0,0.0
1.0,99.0,0.0,0.0,0.0,0.0
1.0,0.0,0.0,99.0,0.0,0.0
1.0,99.0,0.0,0.0,0.0,0.0
1.0,0.0,0.0,99.0,0.0,0.0
1.0,0.0,0.0,99.0,0.0,0.0
1.0,0.0,0.0,99.0,0.0,0.0
1.0,99.0,0.0,0.0,0.0,0.0
1.0,0.0,0.0,99.0,0.0,0.0
1.0,0.0,0.0,99.0,0.0,0.0
1.0,99.0,0.0,0.0,0.0,0.0
1.0,0.0,1.0,98.0,0.0,0.0
1.0,99.0,0.0,0.0,0.0,0.0
1.0,0.0,1.0,98.0,0.0,0.0
1.0,0.0,2.0,97.0,0.0,0.0
1.0,99.0,0.0,0.0,0.0,0.0
1.0,99.0,0.0,0.0,0.0,0.0
1.0,0.0,0.0,99.0,0.0,0.0
1.0,0.0,0.0,99.0,0.0,0.0
1.0,99.0,0.0,0.0,0.0,0.0
1.0,99.0,0.0,0.0,0.0,0.0
1.0,99.0,0.0,0.0,0.0,0.0
1.0,0.0,0.0,99.0,0.0,0.0
1.0,99.0,0.0,0.0,0.0,0.0
1.0,0.0,0.0,99.0,0.0,0.0
1.0,0.0,0.0,99.0,0.0,0.0
1.0,0.0,0.0,99.0,0.0,0.0
1.0,0.0,0.0,99.0,0.0,0.0
1.0,0.0,0.0,99.0,0.0,0.0
1.0,99.0,0.0,0.0,0.0,0.0
1.0,0.0,0.0,99.0,0.0,0.0
1.0,0.0,0.0,0.0,0.0,0.0
1.0,0.0,0.0,99.0,0.0,0.0
1.0,99.0,0.0,0.0,0.0,0.0
1.0,98.0,1.0,0.0,0.0,0.0
1.0,99.0,0.0,0.0,0.0,0.0
1.0,98.0,1.0,0.0,0.0,0.0
1.0,99.0,0.0,0.0,0.0,0.0
1.0,0.0,0.0,99.0,0.0,0.0
1.0,0.0,0.0,99.0,0.0,0.0
1.0,0.0,0.0,99.0,0.0,0.0
1.0,0.0,0.0,99.0,0.0,0.0
1.0,99.0,0.0,0.0,0.0,0.0
1.0,98.0,1.0,0.0,0.0,0.0
1.0,0.0,0.0,99.0,0.0,0.0
1.0,0.0,0.0,99.0,0.0,0.0
1.0,0.0,0.0,99.0,0.0,0.0
1.0,0.0,0.0,99.0,0.0,0.0
1.0,0.0,0.0,99.0,0.0,0.0
1.0,0.0,0.0,99.0,0.0,0.0
1.0,0.0,0.0,99.0,0.0,0.0
1.0,99.0,0.0,0.0,0.0,0.0
1.0,0.0,1.0,98.0,0.0,0.0
1.0,99.0,0.0,0.0,0.0,0.0
1.0,0.0,3.0,96.0,0.0,0.0
1.0,0.0,0.0,99.0,0.0,0.0
1.0,99.0,0.0,0.0,0.0,0.0
1.0,99.0,0.0,0.0,0.0,0.0
1.0,0.0,0.0,99.0,0.0,0.0
1.0,99.0,0.0,0.0,0.0,0.0
1.0,97.0,2.0,0.0,0.0,0.0
1.0,0.0,0.0,99.0,0.0,0.0
1.0,0.0,0.0,99.0,0.0,0.0
1.0,0.0,1.0,98.0,0.0,0.0
1.0,0.0,0.0,99.0,0.0,0.0
1.0,0.0,2.0,97.0,0.0,0.0
1.0,0.0,0.0,99.0,0.0,0.0
1.0,99.0,0.0,0.0,0.0,0.0
1.0,0.0,0.0,99.0,0.0,0.0
1.0,99.0,0.0,0.0,0.0,0.0
1.0,0.0,1.0,98.0,0.0,0.0
1.0,0.0,0.0,99.0,0.0,0.0
1.0,99.0,0.0,0.0,0.0,0.0
1.0,99.0,0.0,0.0,0.0,0.0
1.0,0.0,0.0,99.0,0.0,0.0
1.0,0.0,0.0,99.0,0.0,0.0
1.0,0.0,0.0,99.0,0.0,0.0
1.0,0.0,1.0,98.0,0.0,0.0
1.0,0.0,0.0,99.0,0.0,0.0
1.0,99.0,0.0,0.0,0.0,0.0
1.0,0.0,0.0,99.0,0.0,0.0
1.0,99.0,0.0,0.0,0.0,0.0
1.0,99.0,0.0,0.0,0.0,0.0
1.0,99.0,0.0,0.0,0.0,0.0
1.0,0.0,0.0,99.0,0.0,0.0
1.0,0.0,0.0,99.0,0.0,0.0
1.0,99.0,0.0,0.0,0.0,0.0
1.0,0.0,0.0,99.0,0.0,0.0
1.0,99.0,0.0,0.0,0.0,0.0
1.0,99.0,0.0,0.0,0.0,0.0
1.0,99.0,0.0,0.0,0.0,0.0
1.0,99.0,0.0,0.0,0.0,0.0
1.0,0.0,0.0,99.0,0.0,0.0
1.0,0.0,0.0,99.0,0.0,0.0
1.0,0.0,1.0,98.0,0.0,0.0
1.0,99.0,0.0,0.0,0.0,0.0
1.0,99.0,0.0,0.0,0.0,0.0
1.0,99.0,0.0,0.0,0.0,0.0
1.0,0.0,0.0,99.0,0.0,0.0
1.0,99.0,0.0,0.0,0.0,0.0
1.0,99.0,0.0,0.0,0.0,0.0
1.0,99.0,0.0,0.0,0.0,0.0
1.0,99.0,0.0,0.0,0.0,0.0
1.0,0.0,0.0,99.0,0.0,0.0
1.0,0.0,0.0,99.0,0.0,0.0
1.0,0.0,0.0,99.0,0.0,0.0
1.0,99.0,0.0,0.0,0.0,0.0
1.0,0.0,0.0,99.0,0.0,0.0
1.0,0.0,0.0,99.0,0.0,0.0
1.0,0.0,0.0,99.0,0.0,0.0
1.0,99.0,0.0,0.0,0.0,0.0
1.0,99.0,0.0,0.0,0.0,0.0
1.0,0.0,0.0,99.0,0.0,0.0
1.0,0.0,0.0,99.0,0.0,0.0
1.0,98.0,1.0,0.0,0.0,0.0
1.0,99.0,0.0,0.0,0.0,0.0
1.0,99.0,0.0,0.0,0.0,0.0
1.0,98.0,1.0,0.0,0.0,0.0
1.0,99.0,0.0,0.0,0.0,0.0
1.0,99.0,0.0,0.0,0.0,0.0
1.0,0.0,0.0,99.0,0.0,0.0
1.0,99.0,0.0,0.0,0.0,0.0
1.0,0.0,0.0,99.0,0.0,0.0
1.0,99.0,0.0,0.0,0.0,0.0
1.0,0.0,0.0,99.0,0.0,0.0
1.0,99.0,0.0,0.0,0.0,0.0
1.0,0.0,0.0,99.0,0.0,0.0
1.0,0.0,0.0,99.0,0.0,0.0
1.0,0.0,0.0,99.0,0.0,0.0
1.0,0.0,0.0,99.0,0.0,0.0
1.0,0.0,0.0,99.0,0.0,0.0
1.0,0.0,8.0,91.0,0.0,0.0
1.0,0.0,0.0,99.0,0.0,0.0
1.0,99.0,0.0,0.0,0.0,0.0
1.0,99.0,0.0,0.0,0.0,0.0
1.0,0.0,0.0,99.0,0.0,0.0
1.0,99.0,0.0,0.0,0.0,0.0
1.0,98.0,1.0,0.0,0.0,0.0
1.0,0.0,0.0,99.0,0.0,0.0
1.0,99.0,0.0,0.0,0.0,0.0
2.0,98.0,0.0,0.0,0.0,0.0
1.0,0.0,3.0,96.0,0.0,0.0
1.0,99.0,0.0,0.0,0.0,0.0
1.0,0.0,0.0,99.0,0.0,0.0
1.0,99.0,0.0,0.0,0.0,0.0
1.0,0.0,0.0,99.0,0.0,0.0
1.0,99.0,0.0,0.0,0.0,0.0
1.0,99.0,0.0,0.0,0.0,0.0
1.0,95.0,4.0,0.0,0.0,0.0
1.0,99.0,0.0,0.0,0.0,0.0
1.0,0.0,0.0,99.0,0.0,0.0
1.0,0.0,1.0,98.0,0.0,0.0
1.0,98.0,1.0,0.0,0.0,0.0
1.0,99.0,0.0,0.0,0.0,0.0
1.0,99.0,0.0,0.0,0.0,0.0
1.0,0.0,0.0,99.0,0.0,0.0
1.0,0.0,0.0,99.0,0.0,0.0
1.0,99.0,0.0,0.0,0.0,0.0
1.0,98.0,1.0,0.0,0.0,0.0
1.0,99.0,0.0,0.0,0.0,0.0
1.0,99.0,0.0,0.0,0.0,0.0
1.0,99.0,0.0,0.0,0.0,0.0
1.0,99.0,0.0,0.0,0.0,0.0
1.0,0.0,0.0,99.0,0.0,0.0
1.0,0.0,0.0,99.0,0.0,0.0
1.0,99.0,0.0,0.0,0.0,0.0
1.0,0.0,0.0,99.0,0.0,0.0
1.0,0.0,2.0,97.0,0.0,0.0
1.0,0.0,0.0,99.0,0.0,0.0
1.0,0.0,0.0,99.0,0.0,0.0
1.0,99.0,0.0,0.0,0.0,0.0
1.0,97.0,2.0,0.0,0.0,0.0
1.0,99.0,0.0,0.0,0.0,0.0
1.0,0.0,0.0,99.0,0.0,0.0
1.0,99.0,0.0,0.0,0.0,0.0
1.0,99.0,0.0,0.0,0.0,0.0
1.0,99.0,0.0,0.0,0.0,0.0
1.0,0.0,0.0,99.0,0.0,0.0
1.0,0.0,0.0,99.0,0.0,0.0
1.0,0.0,0.0,99.0,0.0,0.0
1.0,99.0,0.0,0.0,0.0,0.0
1.0,0.0,0.0,99.0,0.0,0.0
1.0,99.0,0.0,0.0,0.0,0.0
1.0,99.0,0.0,0.0,0.0,0.0
1.0,0.0,0.0,99.0,0.0,0.0
1.0,0.0,0.0,99.0,0.0,0.0
1.0,99.0,0.0,0.0,0.0,0.0
1.0,99.0,0.0,0.0,0.0,0.0
1.0,99.0,0.0,0.0,0.0,0.0
1.0,0.0,6.0,93.0,0.0,0.0
1.0,99.0,0.0,0.0,0.0,0.0
1.0,0.0,0.0,99.0,0.0,0.0
1.0,99.0,0.0,0.0,0.0,0.0
1.0,91.0,8.0,0.0,0.0,0.0
1.0,0.0,0.0,99.0,0.0,0.0
1.0,0.0,0.0,99.0,0.0,0.0
1.0,0.0,0.0,99.0,0.0,0.0
1.0,99.0,0.0,0.0,0.0,0.0
1.0,0.0,0.0,99.0,0.0,0.0
1.0,0.0,0.0,99.0,0.0,0.0
1.0,99.0,0.0,0.0,0.0,0.0
1.0,99.0,0.0,0.0,0.0,0.0
1.0,0.0,2.0,97.0,0.0,0.0
1.0,0.0,0.0,99.0,0.0,0.0
1.0,99.0,0.0,0.0,0.0,0.0
1.0,0.0,0.0,99.0,0.0,0.0
1.0,0.0,1.0,98.0,0.0,0.0
1.0,0.0,0.0,99.0,0.0,0.0
1.0,99.0,0.0,0.0,0.0,0.0
1.0,99.0,0.0,0.0,0.0,0.0
1.0,0.0,5.0,94.0,0.0,0.0
1.0,0.0,0.0,99.0,0.0,0.0
1.0,0.0,0.0,99.0,0.0,0.0
1.0,95.0,4.0,0.0,0.0,0.0
1.0,99.0,0.0,0.0,0.0,0.0
1.0,0.0,0.0,99.0,0.0,0.0
1.0,0.0,0.0,99.0,0.0,0.0
1.0,99.0,0.0,0.0,0.0,0.0
1.0,99.0,0.0,0.0,0.0,0.0
1.0,0.0,3.0,96.0,0.0,0.0
1.0,99.0,0.0,0.0,0.0,0.0
1.0,0.0,0.0,99.0,0.0,0.0
1.0,0.0,0.0,99.0,0.0,0.0
1.0,99.0,0.0,0.0,0.0,0.0
1.0,0.0,0.0,99.0,0.0,0.0
1.0,0.0,0.0,99.0,0.0,0.0
1.0,0.0,0.0,99.0,0.0,0.0
1.0,99.0,0.0,0.0,0.0,0.0
1.0,99.0,0.0,0.0,0.0,0.0
1.0,0.0,0.0,99.0,0.0,0.0
1.0,0.0,0.0,0.0,0.0,0.0
1.0,99.0,0.0,0.0,0.0,0.0
1.0,0.0,0.0,99.0,0.0,0.0
1.0,99.0,0.0,0.0,0.0,0.0
1.0,99.0,0.0,0.0,0.0,0.0
1.0,99.0,0.0,0.0,0.0,0.0
1.0,99.0,0.0,0.0,0.0,0.0
1.0,0.0,0.0,99.0,0.0,0.0
1.0,0.0,0.0,99.0,0.0,0.0
1.0,99.0,0.0,0.0,0.0,0.0
1.0,99.0,0.0,0.0,0.0,0.0
1.0,0.0,0.0,99.0,0.0,0.0
1.0,96.0,3.0,0.0,0.0,0.0
1.0,99.0,0.0,0.0,0.0,0.0
1.0,0.0,0.0,0.0,0.0,0.0
1.0,99.0,0.0,0.0,0.0,0.0
1.0,0.0,0.0,99.0,0.0,0.0
1.0,99.0,0.0,0.0,0.0,0.0
1.0,99.0,0.0,0.0,0.0,0.0
1.0,99.0,0.0,0.0,0.0,0.0
1.0,0.0,0.0,99.0,0.0,0.0
1.0,0.0,0.0,99.0,0.0,0.0
1.0,0.0,1.0,98.0,0.0,0.0
1.0,0.0,0.0,99.0,0.0,0.0
1.0,99.0,0.0,0.0,0.0,0.0
1.0,0.0,0.0,99.0,0.0,0.0
1.0,99.0,0.0,0.0,0.0,0.0
1.0,0.0,0.0,99.0,0.0,0.0
1.0,0.0,0.0,99.0,0.0,0.0
1.0,99.0,0.0,0.0,0.0,0.0
1.0,0.0,0.0,99.0,0.0,0.0
1.0,0.0,0.0,99.0,0.0,0.0
1.0,0.0,0.0,99.0,0.0,0.0
1.0,0.0,0.0,0.0,0.0,0.0
1.0,0.0,0.0,99.0,0.0,0.0
1.0,99.0,0.0,0.0,0.0,0.0
1.0,0.0,0.0,0.0,0.0,0.0
1.0,99.0,0.0,0.0,0.0,0.0
1.0,0.0,0.0,99.0,0.0,0.0
1.0,99.0,0.0,0.0,0.0,0.0
1.0,0.0,0.0,99.0,0.0,0.0
1.0,0.0,4.0,95.0,0.0,0.0
1.0,0.0,0.0,99.0,0.0,0.0
1.0,99.0,0.0,0.0,0.0,0.0
1.0,0.0,0.0,99.0,0.0,0.0
1.0,0.0,0.0,99.0,0.0,0.0
1.0,99.0,0.0,0.0,0.0,0.0
1.0,0.0,0.0,99.0,0.0,0.0
1.0,99.0,0.0,0.0,0.0,0.0
1.0,0.0,0.0,99.0,0.0,0.0
1.0,99.0,0.0,0.0,0.0,0.0
1.0,0.0,0.0,99.0,0.0,0.0
1.0,0.0,0.0,99.0,0.0,0.0
1.0,0.0,0.0,99.0,0.0,0.0
1.0,99.0,0.0,0.0,0.0,0.0
1.0,99.0,0.0,0.0,0.0,0.0
1.0,0.0,0.0,99.0,0.0,0.0
1.0,99.0,0.0,0.0,0.0,0.0
1.0,0.0,1.0,98.0,0.0,0.0
1.0,0.0,0.0,99.0,0.0,0.0
1.0,99.0,0.0,0.0,0.0,0.0
1.0,0.0,0.0,99.0,0.0,0.0
1.0,0.0,1.0,98.0,0.0,0.0
1.0,96.0,3.0,0.0,0.0,0.0
1.0,99.0,0.0,0.0,0.0,0.0
1.0,99.0,0.0,0.0,0.0,0.0
1.0,0.0,0.0,99.0,0.0,0.0
1.0,0.0,0.0,99.0,0.0,0.0
1.0,0.0,0.0,99.0,0.0,0.0
1.0,99.0,0.0,0.0,0.0,0.0
1.0,0.0,1.0,98.0,0.0,0.0
1.0,98.0,1.0,0.0,0.0,0.0
1.0,99.0,0.0,0.0,0.0,0.0
1.0,99.0,0.0,0.0,0.0,0.0
1.0,99.0,0.0,0.0,0.0,0.0
1.0,0.0,0.0,99.0,0.0,0.0
1.0,99.0,0.0,0.0,0.0,0.0
1.0,0.0,0.0,99.0,0.0,0.0
1.0,0.0,0.0,99.0,0.0,0.0
1.0,0.0,1.0,98.0,0.0,0.0
1.0,0.0,0.0,0.0,0.0,0.0
1.0,0.0,0.0,99.0,0.0,0.0
1.0,99.0,0.0,0.0,0.0,0.0
1.0,99.0,0.0,0.0,0.0,0.0
1.0,0.0,2.0,97.0,0.0,0.0
1.0,0.0,0.0,0.0,0.0,0.0
1.0,0.0,0.0,99.0,0.0,0.0
1.0,99.0,0.0,0.0,0.0,0.0
1.0,0.0,1.0,98.0,0.0,0.0
1.0,99.0,0.0,0.0,0.0,0.0
1.0,99.0,0.0,0.0,0.0,0.0
1.0,0.0,0.0,99.0,0.0,0.0
1.0,99.0,0.0,0.0,0.0,0.0
1.0,99.0,0.0,0.0,0.0,0.0
1.0,0.0,0.0,99.0,0.0,0.0
1.0,99.0,0.0,0.0,0.0,0.0
1.0,0.0,0.0,99.0,0.0,0.0
1.0,0.0,0.0,99.0,0.0,0.0
1.0,0.0,0.0,99.0,0.0,0.0
1.0,0.0,0.0,99.0,0.0,0.0
1.0,98.0,1.0,0.0,0.0,0.0
1.0,99.0,0.0,0.0,0.0,0.0
1.0,99.0,0.0,0.0,0.0,0.0
1.0,0.0,0.0,99.0,0.0,0.0
1.0,99.0,0.0,0.0,0.0,0.0
1.0,98.0,1.0,0.0,0.0,0.0
1.0,99.0,0.0,0.0,0.0,0.0
1.0,98.0,1.0,0.0,0.0,0.0
1.0,99.0,0.0,0.0,0.0,0.0
1.0,99.0,0.0,0.0,0.0,0.0
1.0,0.0,0.0,99.0,0.0,0.0
1.0,0.0,0.0,99.0,0.0,0.0
1.0,99.0,0.0,0.0,0.0,0.0
1.0,0.0,2.0,97.0,0.0,0.0
1.0,0.0,0.0,99.0,0.0,0.0
1.0,97.0,2.0,0.0,0.0,0.0
1.0,99.0,0.0,0.0,0.0,0.0
1.0,0.0,2.0,97.0,0.0,0.0
1.0,99.0,0.0,0.0,0.0,0.0
1.0,99.0,0.0,0.0,0.0,0.0
1.0,99.0,0.0,0.0,0.0,0.0
1.0,99.0,0.0,0.0,0.0,0.0
1.0,0.0,0.0,99.0,0.0,0.0
1.0,99.0,0.0,0.0,0.0,0.0
1.0,0.0,0.0,99.0,0.0,0.0
1.0,99.0,0.0,0.0,0.0,0.0
1.0,99.0,0.0,0.0,0.0,0.0
1.0,98.0,1.0,0.0,0.0,0.0
1.0,0.0,0.0,99.0,0.0,0.0
1.0,0.0,0.0,99.0,0.0,0.0
1.0,0.0,2.0,97.0,0.0,0.0
1.0,0.0,0.0,0.0,0.0,0.0
1.0,99.0,0.0,0.0,0.0,0.0
1.0,0.0,0.0,99.0,0.0,0.0
1.0,0.0,0.0,99.0,0.0,0.0
1.0,0.0,0.0,99.0,0.0,0.0
1.0,0.0,0.0,99.0,0.0,0.0
1.0,99.0,0.0,0.0,0.0,0.0
1.0,0.0,0.0,99.0,0.0,0.0
1.0,0.0,0.0,99.0,0.0,0.0
1.0,0.0,1.0,98.0,0.0,0.0
1.0,0.0,0.0,0.0,0.0,0.0
1.0,0.0,0.0,99.0,0.0,0.0
1.0,0.0,0.0,99.0,0.0,0.0
1.0,0.0,0.0,99.0,0.0,0.0
1.0,98.0,1.0,0.0,0.0,0.0
1.0,99.0,0.0,0.0,0.0,0.0
1.0,99.0,0.0,0.0,0.0,0.0
1.0,99.0,0.0,0.0,0.0,0.0
1.0,99.0,0.0,0.0,0.0,0.0
1.0,0.0,0.0,99.0,0.0,0.0
1.0,99.0,0.0,0.0,0.0,0.0
1.0,99.0,0.0,0.0,0.0,0.0
1.0,99.0,0.0,0.0,0.0,0.0
1.0,99.0,0.0,0.0,0.0,0.0
1.0,99.0,0.0,0.0,0.0,0.0
1.0,0.0,0.0,99.0,0.0,0.0
1.0,99.0,0.0,0.0,0.0,0.0
1.0,99.0,0.0,0.0,0.0,0.0
1.0,99.0,0.0,0.0,0.0,0.0
1.0,99.0,0.0,0.0,0.0,0.0
1.0,90.0,9.0,0.0,0.0,0.0
1.0,99.0,0.0,0.0,0.0,0.0
1.0,99.0,0.0,0.0,0.0,0.0
1.0,99.0,0.0,0.0,0.0,0.0
1.0,0.0,0.0,99.0,0.0,0.0
1.0,0.0,0.0,99.0,0.0,0.0
1.0,0.0,1.0,98.0,0.0,0.0
1.0,0.0,0.0,99.0,0.0,0.0
1.0,0.0,0.0,99.0,0.0,0.0
1.0,99.0,0.0,0.0,0.0,0.0
1.0,99.0,0.0,0.0,0.0,0.0
1.0,99.0,0.0,0.0,0.0,0.0
1.0,0.0,0.0,99.0,0.0,0.0
1.0,99.0,0.0,0.0,0.0,0.0
1.0,0.0,0.0,99.0,0.0,0.0
1.0,99.0,0.0,0.0,0.0,0.0
1.0,99.0,0.0,0.0,0.0,0.0
1.0,0.0,0.0,99.0,0.0,0.0
1.0,0.0,0.0,99.0,0.0,0.0
1.0,0.0,0.0,99.0,0.0,0.0
1.0,0.0,0.0,99.0,0.0,0.0
1.0,0.0,0.0,99.0,0.0,0.0
1.0,99.0,0.0,0.0,0.0,0.0
1.0,99.0,0.0,0.0,0.0,0.0
1.0,99.0,0.0,0.0,0.0,0.0
1.0,0.0,0.0,99.0,0.0,0.0
1.0,0.0,0.0,99.0,0.0,0.0
1.0,99.0,0.0,0.0,0.0,0.0
1.0,0.0,0.0,99.0,0.0,0.0
1.0,0.0,0.0,99.0,0.0,0.0
1.0,0.0,0.0,99.0,0.0,0.0
1.0,99.0,0.0,0.0,0.0,0.0
1.0,0.0,0.0,99.0,0.0,0.0
1.0,99.0,0.0,0.0,0.0,0.0
1.0,99.0,0.0,0.0,0.0,0.0
1.0,0.0,0.0,99.0,0.0,0.0
1.0,98.0,1.0,0.0,0.0,0.0
1.0,99.0,0.0,0.0,0.0,0.0
1.0,0.0,0.0,99.0,0.0,0.0
1.0,99.0,0.0,0.0,0.0,0.0
1.0,99.0,0.0,0.0,0.0,0.0
1.0,0.0,0.0,99.0,0.0,0.0
1.0,0.0,1.0,98.0,0.0,0.0
1.0,99.0,0.0,0.0,0.0,0.0
1.0,0.0,1.0,98.0,0.0,0.0
1.0,99.0,0.0,0.0,0.0,0.0
1.0,99.0,0.0,0.0,0.0,0.0
1.0,99.0,0.0,0.0,0.0,0.0
1.0,99.0,0.0,0.0,0.0,0.0
1.0,99.0,0.0,0.0,0.0,0.0
1.0,0.0,0.0,99.0,0.0,0.0
1.0,99.0,0.0,0.0,0.0,0.0
1.0,99.0,0.0,0.0,0.0,0.0
1.0,0.0,0.0,99.0,0.0,0.0
1.0,0.0,0.0,99.0,0.0,0.0
1.0,0.0,0.0,0.0,0.0,0.0
1.0,0.0,0.0,99.0,0.0,0.0
1.0,0.0,0.0,99.0,0.0,0.0
1.0,98.0,1.0,0.0,0.0,0.0
1.0,0.0,0.0,99.0,0.0,0.0
1.0,0.0,0.0,99.0,0.0,0.0
1.0,0.0,0.0,99.0,0.0,0.0
1.0,0.0,0.0,99.0,0.0,0.0
1.0,98.0,1.0,0.0,0.0,0.0
1.0,0.0,0.0,99.0,0.0,0.0
1.0,0.0,0.0,99.0,0.0,0.0
1.0,0.0,0.0,99.0,0.0,0.0
1.0,0.0,4.0,95.0,0.0,0.0
1.0,0.0,2.0,97.0,0.0,0.0
1.0,0.0,0.0,99.0,0.0,0.0
1.0,99.0,0.0,0.0,0.0,0.0
1.0,0.0,0.0,99.0,0.0,0.0
1.0,0.0,0.0,99.0,0.0,0.0
1.0,0.0,0.0,99.0,0.0,0.0
1.0,99.0,0.0,0.0,0.0,0.0
1.0,0.0,2.0,97.0,0.0,0.0
1.0,0.0,0.0,99.0,0.0,0.0
1.0,0.0,0.0,99.0,0.0,0.0
1.0,99.0,0.0,0.0,0.0,0.0
1.0,99.0,0.0,0.0,0.0,0.0
1.0,0.0,0.0,99.0,0.0,0.0
1.0,99.0,0.0,0.0,0.0,0.0
1.0,0.0,0.0,99.0,0.0,0.0
1.0,0.0,0.0,99.0,0.0,0.0
1.0,0.0,0.0,99.0,0.0,0.0
1.0,99.0,0.0,0.0,0.0,0.0
1.0,0.0,0.0,99.0,0.0,0.0
1.0,0.0,0.0,99.0,0.0,0.0
1.0,99.0,0.0,0.0,0.0,0.0
1.0,99.0,0.0,0.0,0.0,0.0
1.0,99.0,0.0,0.0,0.0,0.0
1.0,99.0,0.0,0.0,0.0,0.0
1.0,98.0,1.0,0.0,0.0,0.0
1.0,99.0,0.0,0.0,0.0,0.0
1.0,98.0,1.0,0.0,0.0,0.0
1.0,99.0,0.0,0.0,0.0,0.0
1.0,0.0,0.0,99.0,0.0,0.0
1.0,99.0,0.0,0.0,0.0,0.0
1.0,0.0,0.0,99.0,0.0,0.0
1.0,99.0,0.0,0.0,0.0,0.0
1.0,0.0,0.0,99.0,0.0,0.0
1.0,0.0,0.0,99.0,0.0,0.0
1.0,99.0,0.0,0.0,0.0,0.0
1.0,99.0,0.0,0.0,0.0,0.0
1.0,99.0,0.0,0.0,0.0,0.0
1.0,99.0,0.0,0.0,0.0,0.0
1.0,99.0,0.0,0.0,0.0,0.0
1.0,99.0,0.0,0.0,0.0,0.0
1.0,0.0,0.0,99.0,0.0,0.0
1.0,0.0,0.0,99.0,0.0,0.0
1.0,0.0,0.0,99.0,0.0,0.0
1.0,99.0,0.0,0.0,0.0,0.0
1.0,99.0,0.0,0.0,0.0,0.0
1.0,0.0,1.0,98.0,0.0,0.0
1.0,0.0,0.0,99.0,0.0,0.0
1.0,99.0,0.0,0.0,0.0,0.0
1.0,0.0,0.0,99.0,0.0,0.0
1.0,99.0,0.0,0.0,0.0,0.0
1.0,0.0,1.0,98.0,0.0,0.0
1.0,0.0,0.0,99.0,0.0,0.0
1.0,99.0,0.0,0.0,0.0,0.0
1.0,0.0,0.0,99.0,0.0,0.0
1.0,0.0,0.0,99.0,0.0,0.0
1.0,0.0,1.0,98.0,0.0,0.0
1.0,0.0,1.0,98.0,0.0,0.0
1.0,0.0,0.0,99.0,0.0,0.0
1.0,0.0,0.0,99.0,0.0,0.0
1.0,99.0,0.0,0.0,0.0,0.0
1.0,98.0,1.0,0.0,0.0,0.0
1.0,0.0,0.0,99.0,0.0,0.0
1.0,0.0,0.0,99.0,0.0,0.0
1.0,97.0,2.0,0.0,0.0,0.0
1.0,99.0,0.0,0.0,0.0,0.0
1.0,0.0,4.0,95.0,0.0,0.0
1.0,99.0,0.0,0.0,0.0,0.0
1.0,99.0,0.0,0.0,0.0,0.0
1.0,0.0,0.0,99.0,0.0,0.0
1.0,99.0,0.0,0.0,0.0,0.0
1.0,0.0,0.0,99.0,0.0,0.0
1.0,99.0,0.0,0.0,0.0,0.0
1.0,99.0,0.0,0.0,0.0,0.0
1.0,99.0,0.0,0.0,0.0,0.0
1.0,98.0,1.0,0.0,0.0,0.0
1.0,0.0,0.0,99.0,0.0,0.0
1.0,99.0,0.0,0.0,0.0,0.0
1.0,99.0,0.0,0.0,0.0,0.0
1.0,99.0,0.0,0.0,0.0,0.0
1.0,0.0,0.0,99.0,0.0,0.0
1.0,0.0,0.0,99.0,0.0,0.0
1.0,0.0,0.0,99.0,0.0,0.0
1.0,0.0,3.0,96.0,0.0,0.0
1.0,0.0,0.0,99.0,0.0,0.0
1.0,0.0,0.0,99.0,0.0,0.0
1.0,99.0,0.0,0.0,0.0,0.0
1.0,99.0,0.0,0.0,0.0,0.0
1.0,0.0,0.0,99.0,0.0,0.0
1.0,99.0,0.0,0.0,0.0,0.0
1.0,99.0,0.0,0.0,0.0,0.0
1.0,99.0,0.0,0.0,0.0,0.0
1.0,99.0,0.0,0.0,0.0,0.0
1.0,99.0,0.0,0.0,0.0,0.0
1.0,0.0,0.0,99.0,0.0,0.0
1.0,99.0,0.0,0.0,0.0,0.0
1.0,99.0,0.0,0.0,0.0,0.0
1.0,99.0,0.0,0.0,0.0,0.0
1.0,99.0,0.0,0.0,0.0,0.0
1.0,99.0,0.0,0.0,0.0,0.0
1.0,99.0,0.0,0.0,0.0,0.0
1.0,97.0,2.0,0.0,0.0,0.0
1.0,0.0,0.0,99.0,0.0,0.0
1.0,0.0,0.0,99.0,0.0,0.0
1.0,99.0,0.0,0.0,0.0,0.0
1.0,99.0,0.0,0.0,0.0,0.0
1.0,0.0,1.0,98.0,0.0,0.0
1.0,0.0,2.0,97.0,0.0,0.0
1.0,0.0,0.0,99.0,0.0,0.0
1.0,0.0,0.0,0.0,0.0,0.0
1.0,99.0,0.0,0.0,0.0,0.0
1.0,99.0,0.0,0.0,0.0,0.0
1.0,0.0,0.0,99.0,0.0,0.0
1.0,99.0,0.0,0.0,0.0,0.0
1.0,0.0,0.0,99.0,0.0,0.0
1.0,99.0,0.0,0.0,0.0,0.0
1.0,0.0,0.0,99.0,0.0,0.0
1.0,99.0,0.0,0.0,0.0,0.0
1.0,0.0,0.0,99.0,0.0,0.0
1.0,0.0,6.0,93.0,0.0,0.0
1.0,0.0,0.0,99.0,0.0,0.0
1.0,99.0,0.0,0.0,0.0,0.0
1.0,0.0,0.0,99.0,0.0,0.0
1.0,0.0,0.0,99.0,0.0,0.0
1.0,99.0,0.0,0.0,0.0,0.0
1.0,0.0,0.0,99.0,0.0,0.0
1.0,0.0,0.0,0.0,0.0,0.0
1.0,99.0,0.0,0.0,0.0,0.0
1.0,98.0,1.0,0.0,0.0,0.0
1.0,0.0,8.0,91.0,0.0,0.0
1.0,99.0,0.0,0.0,0.0,0.0
1.0,0.0,0.0,99.0,0.0,0.0
1.0,99.0,0.0,0.0,0.0,0.0
1.0,0.0,0.0,99.0,0.0,0.0
1.0,0.0,2.0,97.0,0.0,0.0
1.0,99.0,0.0,0.0,0.0,0.0
1.0,99.0,0.0,0.0,0.0,0.0
1.0,0.0,0.0,99.0,0.0,0.0
1.0,0.0,0.0,99.0,0.0,0.0
1.0,0.0,0.0,99.0,0.0,0.0
1.0,0.0,0.0,99.0,0.0,0.0
1.0,99.0,0.0,0.0,0.0,0.0
1.0,0.0,0.0,99.0,0.0,0.0
1.0,0.0,0.0,99.0,0.0,0.0
1.0,99.0,0.0,0.0,0.0,0.0
1.0,0.0,0.0,99.0,0.0,0.0
1.0,0.0,0.0,0.0,0.0,0.0
1.0,0.0,0.0,99.0,0.0,0.0
1.0,0.0,0.0,99.0,0.0,0.0
1.0,99.0,0.0,0.0,0.0,0.0
1.0,99.0,0.0,0.0,0.0,0.0
1.0,95.0,4.0,0.0,0.0,0.0
1.0,97.0,2.0,0.0,0.0,0.0
1.0,99.0,0.0,0.0,0.0,0.0
1.0,99.0,0.0,0.0,0.0,0.0
1.0,0.0,0.0,99.0,0.0,0.0
1.0,99.0,0.0,0.0,0.0,0.0
1.0,0.0,1.0,98.0,0.0,0.0
1.0,99.0,0.0,0.0,0.0,0.0
1.0,99.0,0.0,0.0,0.0,0.0
1.0,0.0,0.0,99.0,0.0,0.0
1.0,0.0,0.0,99.0,0.0,0.0
1.0,0.0,0.0,99.0,0.0,0.0
1.0,0.0,0.0,99.0,0.0,0.0
1.0,99.0,0.0,0.0,0.0,0.0
1.0,0.0,0.0,99.0,0.0,0.0
1.0,0.0,0.0,99.0,0.0,0.0
1.0,99.0,0.0,0.0,0.0,0.0
1.0,0.0,0.0,99.0,0.0,0.0
1.0,0.0,0.0,99.0,0.0,0.0
1.0,0.0,0.0,99.0,0.0,0.0
1.0,0.0,0.0,99.0,0.0,0.0
1.0,99.0,0.0,0.0,0.0,0.0
1.0,96.0,3.0,0.0,0.0,0.0
1.0,98.0,1.0,0.0,0.0,0.0
1.0,99.0,0.0,0.0,0.0,0.0
1.0,99.0,0.0,0.0,0.0,0.0
1.0,99.0,0.0,0.0,0.0,0.0
1.0,99.0,0.0,0.0,0.0,0.0
1.0,0.0,0.0,99.0,0.0,0.0
1.0,0.0,0.0,99.0,0.0,0.0
1.0,0.0,0.0,99.0,0.0,0.0
1.0,0.0,0.0,99.0,0.0,0.0
1.0,99.0,0.0,0.0,0.0,0.0
1.0,99.0,0.0,0.0,0.0,0.0
1.0,0.0,2.0,97.0,0.0,0.0
1.0,0.0,0.0,99.0,0.0,0.0
1.0,99.0,0.0,0.0,0.0,0.0
1.0,0.0,0.0,0.0,0.0,0.0
1.0,0.0,0.0,99.0,0.0,0.0
1.0,0.0,3.0,96.0,0.0,0.0
1.0,0.0,0.0,99.0,0.0,0.0
1.0,0.0,0.0,99.0,0.0,0.0
1.0,0.0,0.0,99.0,0.0,0.0
1.0,96.0,3.0,0.0,0.0,0.0
1.0,0.0,0.0,99.0,0.0,0.0
1.0,99.0,0.0,0.0,0.0,0.0
1.0,99.0,0.0,0.0,0.0,0.0
1.0,99.0,0.0,0.0,0.0,0.0
1.0,0.0,0.0,99.0,0.0,0.0
1.0,0.0,0.0,99.0,0.0,0.0
2.0,0.0,0.0,98.0,0.0,0.0
1.0,99.0,0.0,0.0,0.0,0.0
1.0,99.0,0.0,0.0,0.0,0.0
1.0,0.0,0.0,99.0,0.0,0.0
1.0,99.0,0.0,0.0,0.0,0.0
1.0,99.0,0.0,0.0,0.0,0.0
1.0,0.0,0.0,99.0,0.0,0.0
1.0,0.0,0.0,99.0,0.0,0.0
1.0,0.0,0.0,99.0,0.0,0.0
1.0,0.0,3.0,96.0,0.0,0.0
1.0,99.0,0.0,0.0,0.0,0.0
1.0,97.0,2.0,0.0,0.0,0.0
1.0,0.0,0.0,99.0,0.0,0.0
1.0,0.0,0.0,99.0,0.0,0.0
1.0,0.0,1.0,98.0,0.0,0.0
1.0,0.0,0.0,99.0,0.0,0.0
1.0,99.0,0.0,0.0,0.0,0.0
1.0,0.0,0.0,99.0,0.0,0.0
1.0,0.0,0.0,99.0,0.0,0.0
1.0,0.0,0.0,99.0,0.0,0.0
1.0,0.0,0.0,99.0,0.0,0.0
1.0,98.0,1.0,0.0,0.0,0.0
1.0,0.0,0.0,99.0,0.0,0.0
1.0,99.0,0.0,0.0,0.0,0.0
1.0,99.0,0.0,0.0,0.0,0.0
1.0,95.0,4.0,0.0,0.0,0.0
1.0,0.0,4.0,95.0,0.0,0.0
1.0,0.0,0.0,99.0,0.0,0.0
1.0,0.0,0.0,99.0,0.0,0.0
1.0,0.0,0.0,99.0,0.0,0.0
1.0,99.0,0.0,0.0,0.0,0.0
1.0,0.0,0.0,99.0,0.0,0.0
1.0,0.0,0.0,99.0,0.0,0.0
1.0,0.0,0.0,99.0,0.0,0.0
1.0,0.0,0.0,99.0,0.0,0.0
1.0,99.0,0.0,0.0,0.0,0.0
1.0,99.0,0.0,0.0,0.0,0.0
1.0,97.0,2.0,0.0,0.0,0.0
1.0,0.0,0.0,99.0,0.0,0.0
1.0,0.0,1.0,98.0,0.0,0.0
1.0,0.0,0.0,99.0,0.0,0.0
1.0,99.0,0.0,0.0,0.0,0.0
1.0,0.0,0.0,99.0,0.0,0.0
1.0,99.0,0.0,0.0,0.0,0.0
1.0,0.0,0.0,0.0,0.0,0.0
1.0,99.0,0.0,0.0,0.0,0.0
1.0,99.0,0.0,0.0,0.0,0.0
1.0,99.0,0.0,0.0,0.0,0.0
1.0,99.0,0.0,0.0,0.0,0.0
1.0,0.0,0.0,99.0,0.0,0.0
1.0,99.0,0.0,0.0,0.0,0.0
1.0,99.0,0.0,0.0,0.0,0.0
1.0,99.0,0.0,0.0,0.0,0.0
1.0,0.0,4.0,95.0,0.0,0.0
1.0,99.0,0.0,0.0,0.0,0.0
1.0,99.0,0.0,0.0,0.0,0.0
1.0,99.0,0.0,0.0,0.0,0.0
1.0,99.0,0.0,0.0,0.0,0.0
1.0,0.0,0.0,99.0,0.0,0.0
1.0,0.0,0.0,99.0,0.0,0.0
1.0,99.0,0.0,0.0,0.0,0.0
1.0,0.0,0.0,99.0,0.0,0.0
1.0,0.0,0.0,99.0,0.0,0.0
1.0,99.0,0.0,0.0,0.0,0.0
1.0,99.0,0.0,0.0,0.0,0.0
1.0,0.0,0.0,99.0,0.0,0.0
1.0,0.0,0.0,99.0,0.0,0.0
1.0,0.0,0.0,0.0,0.0,0.0
1.0,0.0,0.0,99.0,0.0,0.0
1.0,0.0,0.0,99.0,0.0,0.0
1.0,0.0,0.0,0.0,0.0,0.0
1.0,99.0,0.0,0.0,0.0,0.0
1.0,0.0,0.0,99.0,0.0,0.0
1.0,0.0,0.0,99.0,0.0,0.0
1.0,99.0,0.0,0.0,0.0,0.0
1.0,0.0,0.0,99.0,0.0,0.0
1.0,0.0,0.0,99.0,0.0,0.0
1.0,99.0,0.0,0.0,0.0,0.0
1.0,0.0,0.0,99.0,0.0,0.0
1.0,99.0,0.0,0.0,0.0,0.0
1.0,99.0,0.0,0.0,0.0,0.0
1.0,0.0,0.0,99.0,0.0,0.0
1.0,0.0,0.0,99.0,0.0,0.0
1.0,99.0,0.0,0.0,0.0,0.0
1.0,99.0,0.0,0.0,0.0,0.0
1.0,99.0,0.0,0.0,0.0,0.0
1.0,0.0,0.0,99.0,0.0,0.0
1.0,0.0,0.0,99.0,0.0,0.0
1.0,0.0,1.0,98.0,0.0,0.0
1.0,0.0,0.0,99.0,0.0,0.0
1.0,0.0,0.0,99.0,0.0,0.0
1.0,0.0,0.0,99.0,0.0,0.0
1.0,99.0,0.0,0.0,0.0,0.0
1.0,99.0,0.0,0.0,0.0,0.0
1.0,99.0,0.0,0.0,0.0,0.0
1.0,0.0,0.0,99.0,0.0,0.0
1.0,0.0,0.0,99.0,0.0,0.0
1.0,99.0,0.0,0.0,0.0,0.0
1.0,0.0,1.0,98.0,0.0,0.0
1.0,0.0,0.0,99.0,0.0,0.0
1.0,99.0,0.0,0.0,0.0,0.0
1.0,0.0,0.0,99.0,0.0,0.0
1.0,0.0,1.0,98.0,0.0,0.0
1.0,0.0,0.0,99.0,0.0,0.0
1.0,0.0,0.0,99.0,0.0,0.0
1.0,0.0,0.0,99.0,0.0,0.0
1.0,0.0,0.0,99.0,0.0,0.0
1.0,0.0,0.0,99.0,0.0,0.0
1.0,0.0,0.0,99.0,0.0,0.0
1.0,0.0,1.0,98.0,0.0,0.0
1.0,99.0,0.0,0.0,0.0,0.0
1.0,0.0,0.0,0.0,0.0,0.0
1.0,0.0,0.0,99.0,0.0,0.0
1.0,99.0,0.0,0.0,0.0,0.0
1.0,0.0,0.0,99.0,0.0,0.0
1.0,99.0,0.0,0.0,0.0,0.0
1.0,0.0,0.0,99.0,0.0,0.0
1.0,99.0,0.0,0.0,0.0,0.0
1.0,0.0,0.0,99.0,0.0,0.0
1.0,0.0,0.0,99.0,0.0,0.0
1.0,99.0,0.0,0.0,0.0,0.0
1.0,0.0,0.0,0.0,0.0,0.0
1.0,99.0,0.0,0.0,0.0,0.0
1.0,99.0,0.0,0.0,0.0,0.0
1.0,99.0,0.0,0.0,0.0,0.0
1.0,99.0,0.0,0.0,0.0,0.0
1.0,0.0,0.0,99.0,0.0,0.0
1.0,99.0,0.0,0.0,0.0,0.0
1.0,99.0,0.0,0.0,0.0,0.0
1.0,0.0,0.0,99.0,0.0,0.0
1.0,0.0,0.0,99.0,0.0,0.0
1.0,98.0,1.0,0.0,0.0,0.0
1.0,0.0,0.0,99.0,0.0,0.0
1.0,95.0,4.0,0.0,0.0,0.0
1.0,99.0,0.0,0.0,0.0,0.0
1.0,99.0,0.0,0.0,0.0,0.0
1.0,99.0,0.0,0.0,0.0,0.0
1.0,0.0,1.0,98.0,0.0,0.0
1.0,99.0,0.0,0.0,0.0,0.0
1.0,99.0,0.0,0.0,0.0,0.0
1.0,99.0,0.0,0.0,0.0,0.0
1.0,99.0,0.0,0.0,0.0,0.0
1.0,0.0,0.0,99.0,0.0,0.0
1.0,0.0,0.0,99.0,0.0,0.0
1.0,99.0,0.0,0.0,0.0,0.0
1.0,99.0,0.0,0.0,0.0,0.0
1.0,99.0,0.0,0.0,0.0,0.0
1.0,0.0,0.0,99.0,0.0,0.0
1.0,0.0,0.0,99.0,0.0,0.0
1.0,99.0,0.0,0.0,0.0,0.0
1.0,0.0,0.0,99.0,0.0,0.0
1.0,99.0,0.0,0.0,0.0,0.0
1.0,0.0,0.0,99.0,0.0,0.0
1.0,0.0,0.0,99.0,0.0,0.0
1.0,0.0,0.0,99.0,0.0,0.0
1.0,99.0,0.0,0.0,0.0,0.0
1.0,99.0,0.0,0.0,0.0,0.0
1.0,99.0,0.0,0.0,0.0,0.0
1.0,0.0,0.0,99.0,0.0,0.0
1.0,0.0,4.0,95.0,0.0,0.0
1.0,0.0,1.0,98.0,0.0,0.0
1.0,99.0,0.0,0.0,0.0,0.0
1.0,0.0,0.0,99.0,0.0,0.0
1.0,0.0,0.0,99.0,0.0,0.0
1.0,0.0,0.0,99.0,0.0,0.0
1.0,0.0,0.0,99.0,0.0,0.0
1.0,0.0,0.0,99.0,0.0,0.0
1.0,99.0,0.0,0.0,0.0,0.0
1.0,99.0,0.0,0.0,0.0,0.0
1.0,0.0,0.0,99.0,0.0,0.0
1.0,0.0,0.0,99.0,0.0,0.0
1.0,99.0,0.0,0.0,0.0,0.0
1.0,99.0,0.0,0.0,0.0,0.0
1.0,0.0,0.0,99.0,0.0,0.0
1.0,0.0,0.0,99.0,0.0,0.0
1.0,99.0,0.0,0.0,0.0,0.0
1.0,0.0,0.0,99.0,0.0,0.0
1.0,99.0,0.0,0.0,0.0,0.0
1.0,0.0,0.0,99.0,0.0,0.0
1.0,0.0,0.0,99.0,0.0,0.0
1.0,0.0,0.0,99.0,0.0,0.0
1.0,0.0,3.0,96.0,0.0,0.0
1.0,0.0,0.0,99.0,0.0,0.0
1.0,99.0,0.0,0.0,0.0,0.0
1.0,0.0,0.0,99.0,0.0,0.0
1.0,0.0,0.0,99.0,0.0,0.0
1.0,99.0,0.0,0.0,0.0,0.0
1.0,0.0,0.0,99.0,0.0,0.0
1.0,99.0,0.0,0.0,0.0,0.0
1.0,0.0,1.0,98.0,0.0,0.0
1.0,99.0,0.0,0.0,0.0,0.0
1.0,0.0,0.0,99.0,0.0,0.0
1.0,99.0,0.0,0.0,0.0,0.0
1.0,0.0,0.0,99.0,0.0,0.0
1.0,0.0,0.0,99.0,0.0,0.0
1.0,0.0,0.0,99.0,0.0,0.0
1.0,99.0,0.0,0.0,0.0,0.0
1.0,99.0,0.0,0.0,0.0,0.0
1.0,0.0,1.0,98.0,0.0,0.0
1.0,94.0,5.0,0.0,0.0,0.0
1.0,0.0,0.0,99.0,0.0,0.0
1.0,99.0,0.0,0.0,0.0,0.0
1.0,0.0,0.0,99.0,0.0,0.0
1.0,99.0,0.0,0.0,0.0,0.0
1.0,0.0,0.0,99.0,0.0,0.0
1.0,0.0,0.0,99.0,0.0,0.0
1.0,99.0,0.0,0.0,0.0,0.0
1.0,99.0,0.0,0.0,0.0,0.0
1.0,0.0,0.0,99.0,0.0,0.0
1.0,0.0,0.0,0.0,0.0,0.0
1.0,0.0,0.0,99.0,0.0,0.0
1.0,99.0,0.0,0.0,0.0,0.0
1.0,99.0,0.0,0.0,0.0,0.0
1.0,99.0,0.0,0.0,0.0,0.0
1.0,0.0,1.0,98.0,0.0,0.0
1.0,0.0,0.0,99.0,0.0,0.0
1.0,99.0,0.0,0.0,0.0,0.0
1.0,0.0,0.0,99.0,0.0,0.0
1.0,0.0,0.0,99.0,0.0,0.0
1.0,99.0,0.0,0.0,0.0,0.0
1.0,99.0,0.0,0.0,0.0,0.0
1.0,0.0,0.0,99.0,0.0,0.0
1.0,0.0,1.0,98.0,0.0,0.0
1.0,99.0,0.0,0.0,0.0,0.0
1.0,99.0,0.0,0.0,0.0,0.0
1.0,0.0,0.0,99.0,0.0,0.0
1.0,0.0,0.0,99.0,0.0,0.0
1.0,0.0,1.0,98.0,0.0,0.0
1.0,0.0,0.0,99.0,0.0,0.0
1.0,0.0,0.0,99.0,0.0,0.0
1.0,0.0,0.0,99.0,0.0,0.0
1.0,99.0,0.0,0.0,0.0,0.0
1.0,0.0,0.0,99.0,0.0,0.0
1.0,0.0,0.0,99.0,0.0,0.0
1.0,99.0,0.0,0.0,0.0,0.0
1.0,0.0,0.0,99.0,0.0,0.0
1.0,0.0,0.0,99.0,0.0,0.0
1.0,0.0,0.0,99.0,0.0,0.0
1.0,99.0,0.0,0.0,0.0,0.0
1.0,99.0,0.0,0.0,0.0,0.0
1.0,0.0,0.0,99.0,0.0,0.0
1.0,99.0,0.0,0.0,0.0,0.0
1.0,0.0,2.0,97.0,0.0,0.0
1.0,0.0,2.0,97.0,0.0,0.0
1.0,0.0,0.0,99.0,0.0,0.0
1.0,99.0,0.0,0.0,0.0,0.0
1.0,0.0,0.0,99.0,0.0,0.0
1.0,99.0,0.0,0.0,0.0,0.0
1.0,99.0,0.0,0.0,0.0,0.0
1.0,99.0,0.0,0.0,0.0,0.0
1.0,99.0,0.0,0.0,0.0,0.0
1.0,99.0,0.0,0.0,0.0,0.0
1.0,99.0,0.0,0.0,0.0,0.0
1.0,0.0,0.0,99.0,0.0,0.0
1.0,0.0,0.0,99.0,0.0,0.0
1.0,98.0,1.0,0.0,0.0,0.0
1.0,0.0,0.0,99.0,0.0,0.0
1.0,99.0,0.0,0.0,0.0,0.0
1.0,0.0,0.0,99.0,0.0,0.0
1.0,0.0,0.0,0.0,0.0,0.0
1.0,0.0,0.0,0.0,0.0,0.0
1.0,0.0,0.0,99.0,0.0,0.0
1.0,99.0,0.0,0.0,0.0,0.0
1.0,0.0,1.0,98.0,0.0,0.0
1.0,0.0,0.0,99.0,0.0,0.0
1.0,0.0,0.0,99.0,0.0,0.0
1.0,0.0,0.0,99.0,0.0,0.0
1.0,0.0,0.0,99.0,0.0,0.0
1.0,99.0,0.0,0.0,0.0,0.0
1.0,0.0,0.0,99.0,0.0,0.0
1.0,99.0,0.0,0.0,0.0,0.0
1.0,0.0,0.0,99.0,0.0,0.0
1.0,99.0,0.0,0.0,0.0,0.0
1.0,99.0,0.0,0.0,0.0,0.0
1.0,0.0,0.0,99.0,0.0,0.0
1.0,99.0,0.0,0.0,0.0,0.0
1.0,99.0,0.0,0.0,0.0,0.0
1.0,99.0,0.0,0.0,0.0,0.0
1.0,0.0,0.0,99.0,0.0,0.0
1.0,99.0,0.0,0.0,0.0,0.0
1.0,0.0,0.0,99.0,0.0,0.0
1.0,99.0,0.0,0.0,0.0,0.0
1.0,99.0,0.0,0.0,0.0,0.0
1.0,99.0,0.0,0.0,0.0,0.0
1.0,99.0,0.0,0.0,0.0,0.0
1.0,99.0,0.0,0.0,0.0,0.0
1.0,99.0,0.0,0.0,0.0,0.0
1.0,99.0,0.0,0.0,0.0,0.0
1.0,99.0,0.0,0.0,0.0,0.0
1.0,0.0,0.0,99.0,0.0,0.0
1.0,0.0,0.0,99.0,0.0,0.0
1.0,99.0,0.0,0.0,0.0,0.0
1.0,0.0,0.0,99.0,0.0,0.0
1.0,99.0,0.0,0.0,0.0,0.0
1.0,99.0,0.0,0.0,0.0,0.0
1.0,0.0,0.0,99.0,0.0,0.0
1.0,99.0,0.0,0.0,0.0,0.0
1.0,99.0,0.0,0.0,0.0,0.0
1.0,0.0,0.0,99.0,0.0,0.0
1.0,99.0,0.0,0.0,0.0,0.0
1.0,99.0,0.0,0.0,0.0,0.0
1.0,99.0,0.0,0.0,0.0,0.0
1.0,0.0,0.0,99.0,0.0,0.0
1.0,0.0,0.0,99.0,0.0,0.0
1.0,99.0,0.0,0.0,0.0,0.0
1.0,0.0,0.0,99.0,0.0,0.0
1.0,0.0,0.0,99.0,0.0,0.0
1.0,0.0,0.0,99.0,0.0,0.0
1.0,99.0,0.0,0.0,0.0,0.0
1.0,0.0,0.0,99.0,0.0,0.0
1.0,0.0,0.0,99.0,0.0,0.0
1.0,99.0,0.0,0.0,0.0,0.0
1.0,99.0,0.0,0.0,0.0,0.0
1.0,99.0,0.0,0.0,0.0,0.0
1.0,0.0,0.0,99.0,0.0,0.0
1.0,0.0,4.0,95.0,0.0,0.0
1.0,95.0,4.0,0.0,0.0,0.0
1.0,0.0,0.0,99.0,0.0,0.0
1.0,0.0,0.0,99.0,0.0,0.0
1.0,99.0,0.0,0.0,0.0,0.0
1.0,99.0,0.0,0.0,0.0,0.0
1.0,0.0,4.0,95.0,0.0,0.0
1.0,0.0,0.0,99.0,0.0,0.0
1.0,0.0,0.0,99.0,0.0,0.0
1.0,0.0,1.0,98.0,0.0,0.0
1.0,0.0,3.0,96.0,0.0,0.0
1.0,97.0,2.0,0.0,0.0,0.0
1.0,0.0,0.0,99.0,0.0,0.0
1.0,99.0,0.0,0.0,0.0,0.0
1.0,0.0,0.0,99.0,0.0,0.0
1.0,0.0,0.0,99.0,0.0,0.0
1.0,0.0,0.0,99.0,0.0,0.0
1.0,99.0,0.0,0.0,0.0,0.0
1.0,0.0,3.0,96.0,0.0,0.0
1.0,99.0,0.0,0.0,0.0,0.0
1.0,99.0,0.0,0.0,0.0,0.0
1.0,0.0,0.0,99.0,0.0,0.0
1.0,0.0,0.0,99.0,0.0,0.0
1.0,0.0,0.0,99.0,0.0,0.0
1.0,0.0,0.0,99.0,0.0,0.0
1.0,0.0,3.0,96.0,0.0,0.0
1.0,0.0,0.0,99.0,0.0,0.0
1.0,99.0,0.0,0.0,0.0,0.0
1.0,99.0,0.0,0.0,0.0,0.0
1.0,99.0,0.0,0.0,0.0,0.0
1.0,0.0,0.0,99.0,0.0,0.0
1.0,99.0,0.0,0.0,0.0,0.0
1.0,0.0,0.0,99.0,0.0,0.0
1.0,0.0,0.0,99.0,0.0,0.0
1.0,99.0,0.0,0.0,0.0,0.0
1.0,0.0,0.0,99.0,0.0,0.0
1.0,99.0,0.0,0.0,0.0,0.0
1.0,99.0,0.0,0.0,0.0,0.0
1.0,0.0,0.0,99.0,0.0,0.0
1.0,99.0,0.0,0.0,0.0,0.0
1.0,0.0,0.0,99.0,0.0,0.0
1.0,0.0,1.0,98.0,0.0,0.0
1.0,0.0,0.0,99.0,0.0,0.0
1.0,0.0,0.0,99.0,0.0,0.0
1.0,99.0,0.0,0.0,0.0,0.0
1.0,0.0,0.0,99.0,0.0,0.0
1.0,99.0,0.0,0.0,0.0,0.0
1.0,99.0,0.0,0.0,0.0,0.0
1.0,0.0,0.0,99.0,0.0,0.0
1.0,97.0,2.0,0.0,0.0,0.0
1.0,0.0,1.0,98.0,0.0,0.0
1.0,99.0,0.0,0.0,0.0,0.0
1.0,99.0,0.0,0.0,0.0,0.0
1.0,90.0,9.0,0.0,0.0,0.0
1.0,0.0,3.0,96.0,0.0,0.0
1.0,99.0,0.0,0.0,0.0,0.0
1.0,99.0,0.0,0.0,0.0,0.0
1.0,99.0,0.0,0.0,0.0,0.0
1.0,0.0,0.0,99.0,0.0,0.0
1.0,96.0,3.0,0.0,0.0,0.0
1.0,0.0,0.0,99.0,0.0,0.0
1.0,99.0,0.0,0.0,0.0,0.0
1.0,0.0,0.0,99.0,0.0,0.0
1.0,0.0,1.0,98.0,0.0,0.0
1.0,0.0,0.0,99.0,0.0,0.0
1.0,0.0,0.0,99.0,0.0,0.0
1.0,0.0,0.0,99.0,0.0,0.0
1.0,99.0,0.0,0.0,0.0,0.0
1.0,99.0,0.0,0.0,0.0,0.0
1.0,0.0,0.0,99.0,0.0,0.0
1.0,0.0,0.0,99.0,0.0,0.0
1.0,99.0,0.0,0.0,0.0,0.0
1.0,0.0,0.0,99.0,0.0,0.0
1.0,0.0,0.0,99.0,0.0,0.0
1.0,99.0,0.0,0.0,0.0,0.0
1.0,99.0,0.0,0.0,0.0,0.0
1.0,99.0,0.0,0.0,0.0,0.0
1.0,0.0,0.0,99.0,0.0,0.0
1.0,0.0,2.0,97.0,0.0,0.0
1.0,99.0,0.0,0.0,0.0,0.0
1.0,0.0,0.0,99.0,0.0,0.0
1.0,0.0,0.0,99.0,0.0,0.0
1.0,0.0,0.0,99.0,0.0,0.0
1.0,0.0,0.0,99.0,0.0,0.0
1.0,99.0,0.0,0.0,0.0,0.0
1.0,0.0,0.0,99.0,0.0,0.0
1.0,0.0,3.0,96.0,0.0,0.0
1.0,99.0,0.0,0.0,0.0,0.0
1.0,99.0,0.0,0.0,0.0,0.0
1.0,0.0,0.0,99.0,0.0,0.0
1.0,99.0,0.0,0.0,0.0,0.0
1.0,96.0,3.0,0.0,0.0,0.0
1.0,99.0,0.0,0.0,0.0,0.0
1.0,0.0,0.0,99.0,0.0,0.0
1.0,0.0,0.0,99.0,0.0,0.0
1.0,0.0,0.0,99.0,0.0,0.0
1.0,0.0,0.0,99.0,0.0,0.0
1.0,0.0,0.0,99.0,0.0,0.0
1.0,99.0,0.0,0.0,0.0,0.0
1.0,0.0,1.0,98.0,0.0,0.0
1.0,0.0,0.0,99.0,0.0,0.0
1.0,0.0,0.0,99.0,0.0,0.0
1.0,0.0,0.0,99.0,0.0,0.0
1.0,0.0,0.0,99.0,0.0,0.0
1.0,94.0,5.0,0.0,0.0,0.0
1.0,99.0,0.0,0.0,0.0,0.0
1.0,0.0,1.0,98.0,0.0,0.0
1.0,0.0,0.0,99.0,0.0,0.0
1.0,0.0,0.0,99.0,0.0,0.0
1.0,99.0,0.0,0.0,0.0,0.0
1.0,99.0,0.0,0.0,0.0,0.0
1.0,0.0,1.0,98.0,0.0,0.0
1.0,0.0,0.0,99.0,0.0,0.0
1.0,0.0,0.0,99.0,0.0,0.0
1.0,0.0,0.0,99.0,0.0,0.0
1.0,99.0,0.0,0.0,0.0,0.0
1.0,0.0,0.0,99.0,0.0,0.0
1.0,0.0,0.0,99.0,0.0,0.0
1.0,0.0,4.0,95.0,0.0,0.0
1.0,0.0,0.0,99.0,0.0,0.0
1.0,0.0,0.0,99.0,0.0,0.0
1.0,0.0,0.0,99.0,0.0,0.0
1.0,98.0,1.0,0.0,0.0,0.0
1.0,0.0,0.0,99.0,0.0,0.0
1.0,99.0,0.0,0.0,0.0,0.0
1.0,99.0,0.0,0.0,0.0,0.0
1.0,0.0,0.0,99.0,0.0,0.0
1.0,0.0,0.0,99.0,0.0,0.0
1.0,0.0,1.0,98.0,0.0,0.0
1.0,0.0,0.0,99.0,0.0,0.0
1.0,0.0,0.0,99.0,0.0,0.0
2.0,0.0,5.0,93.0,0.0,0.0
1.0,99.0,0.0,0.0,0.0,0.0
1.0,99.0,0.0,0.0,0.0,0.0
1.0,99.0,0.0,0.0,0.0,0.0
1.0,0.0,0.0,0.0,0.0,0.0
1.0,0.0,0.0,99.0,0.0,0.0
1.0,0.0,5.0,94.0,0.0,0.0
1.0,95.0,4.0,0.0,0.0,0.0
1.0,99.0,0.0,0.0,0.0,0.0
1.0,99.0,0.0,0.0,0.0,0.0
1.0,0.0,0.0,0.0,0.0,0.0
1.0,99.0,0.0,0.0,0.0,0.0
1.0,0.0,0.0,99.0,0.0,0.0
1.0,0.0,0.0,99.0,0.0,0.0
1.0,0.0,0.0,99.0,0.0,0.0
1.0,99.0,0.0,0.0,0.0,0.0
1.0,99.0,0.0,0.0,0.0,0.0
1.0,0.0,1.0,98.0,0.0,0.0
1.0,0.0,1.0,98.0,0.0,0.0
1.0,99.0,0.0,0.0,0.0,0.0
1.0,0.0,0.0,99.0,0.0,0.0
1.0,98.0,1.0,0.0,0.0,0.0
1.0,99.0,0.0,0.0,0.0,0.0
1.0,99.0,0.0,0.0,0.0,0.0
1.0,0.0,0.0,0.0,0.0,0.0
1.0,0.0,0.0,99.0,0.0,0.0
1.0,99.0,0.0,0.0,0.0,0.0
1.0,94.0,5.0,0.0,0.0,0.0
1.0,99.0,0.0,0.0,0.0,0.0
1.0,99.0,0.0,0.0,0.0,0.0
1.0,0.0,0.0,99.0,0.0,0.0
1.0,99.0,0.0,0.0,0.0,0.0
1.0,99.0,0.0,0.0,0.0,0.0
1.0,95.0,4.0,0.0,0.0,0.0
1.0,0.0,0.0,99.0,0.0,0.0
1.0,99.0,0.0,0.0,0.0,0.0
1.0,0.0,0.0,99.0,0.0,0.0
1.0,99.0,0.0,0.0,0.0,0.0
1.0,99.0,0.0,0.0,0.0,0.0
1.0,0.0,0.0,99.0,0.0,0.0
1.0,99.0,0.0,0.0,0.0,0.0
1.0,0.0,0.0,99.0,0.0,0.0
1.0,98.0,1.0,0.0,0.0,0.0
1.0,99.0,0.0,0.0,0.0,0.0
1.0,0.0,0.0,99.0,0.0,0.0
1.0,0.0,1.0,98.0,0.0,0.0
1.0,0.0,0.0,99.0,0.0,0.0
1.0,0.0,0.0,99.0,0.0,0.0
1.0,0.0,0.0,99.0,0.0,0.0
1.0,0.0,0.0,99.0,0.0,0.0
1.0,99.0,0.0,0.0,0.0,0.0
1.0,99.0,0.0,0.0,0.0,0.0
1.0,97.0,2.0,0.0,0.0,0.0
1.0,0.0,2.0,97.0,0.0,0.0
1.0,99.0,0.0,0.0,0.0,0.0
1.0,99.0,0.0,0.0,0.0,0.0
1.0,99.0,0.0,0.0,0.0,0.0
1.0,0.0,0.0,99.0,0.0,0.0
1.0,0.0,3.0,96.0,0.0,0.0
1.0,0.0,0.0,99.0,0.0,0.0
1.0,0.0,1.0,98.0,0.0,0.0
1.0,0.0,0.0,99.0,0.0,0.0
1.0,99.0,0.0,0.0,0.0,0.0
1.0,99.0,0.0,0.0,0.0,0.0
1.0,99.0,0.0,0.0,0.0,0.0
1.0,0.0,0.0,99.0,0.0,0.0
1.0,0.0,0.0,99.0,0.0,0.0
1.0,0.0,0.0,99.0,0.0,0.0
1.0,0.0,1.0,98.0,0.0,0.0
1.0,99.0,0.0,0.0,0.0,0.0
1.0,99.0,0.0,0.0,0.0,0.0
1.0,99.0,0.0,0.0,0.0,0.0
1.0,99.0,0.0,0.0,0.0,0.0
1.0,99.0,0.0,0.0,0.0,0.0
1.0,99.0,0.0,0.0,0.0,0.0
1.0,97.0,2.0,0.0,0.0,0.0
1.0,99.0,0.0,0.0,0.0,0.0
1.0,99.0,0.0,0.0,0.0,0.0
1.0,0.0,0.0,99.0,0.0,0.0
1.0,0.0,0.0,99.0,0.0,0.0
1.0,0.0,0.0,99.0,0.0,0.0
1.0,99.0,0.0,0.0,0.0,0.0
1.0,0.0,5.0,94.0,0.0,0.0
1.0,98.0,1.0,0.0,0.0,0.0
1.0,0.0,0.0,99.0,0.0,0.0
1.0,0.0,0.0,99.0,0.0,0.0
1.0,0.0,0.0,99.0,0.0,0.0
1.0,99.0,0.0,0.0,0.0,0.0
1.0,0.0,0.0,0.0,0.0,0.0
1.0,99.0,0.0,0.0,0.0,0.0
1.0,0.0,0.0,99.0,0.0,0.0
1.0,99.0,0.0,0.0,0.0,0.0
1.0,0.0,0.0,99.0,0.0,0.0
1.0,0.0,0.0,99.0,0.0,0.0
1.0,0.0,0.0,99.0,0.0,0.0
1.0,0.0,0.0,99.0,0.0,0.0
1.0,99.0,0.0,0.0,0.0,0.0
1.0,0.0,0.0,99.0,0.0,0.0
1.0,0.0,0.0,99.0,0.0,0.0
1.0,0.0,0.0,99.0,0.0,0.0
1.0,0.0,0.0,99.0,0.0,0.0
1.0,0.0,3.0,96.0,0.0,0.0
1.0,0.0,4.0,95.0,0.0,0.0
1.0,99.0,0.0,0.0,0.0,0.0
1.0,99.0,0.0,0.0,0.0,0.0
1.0,0.0,0.0,0.0,0.0,0.0
1.0,0.0,0.0,99.0,0.0,0.0
1.0,0.0,0.0,99.0,0.0,0.0
1.0,0.0,2.0,97.0,0.0,0.0
1.0,99.0,0.0,0.0,0.0,0.0
1.0,99.0,0.0,0.0,0.0,0.0
1.0,0.0,0.0,99.0,0.0,0.0
1.0,99.0,0.0,0.0,0.0,0.0
1.0,0.0,2.0,97.0,0.0,0.0
1.0,99.0,0.0,0.0,0.0,0.0
1.0,0.0,0.0,99.0,0.0,0.0
1.0,99.0,0.0,0.0,0.0,0.0
1.0,0.0,0.0,99.0,0.0,0.0
1.0,99.0,0.0,0.0,0.0,0.0
1.0,0.0,0.0,99.0,0.0,0.0
1.0,0.0,0.0,0.0,0.0,0.0
1.0,99.0,0.0,0.0,0.0,0.0
1.0,0.0,0.0,99.0,0.0,0.0
1.0,0.0,0.0,99.0,0.0,0.0
1.0,0.0,0.0,99.0,0.0,0.0
1.0,0.0,0.0,99.0,0.0,0.0
1.0,99.0,0.0,0.0,0.0,0.0
1.0,0.0,0.0,99.0,0.0,0.0
1.0,0.0,0.0,99.0,0.0,0.0
1.0,0.0,0.0,99.0,0.0,0.0
1.0,0.0,0.0,99.0,0.0,0.0
1.0,0.0,0.0,0.0,0.0,0.0
1.0,99.0,0.0,0.0,0.0,0.0
1.0,99.0,0.0,0.0,0.0,0.0
1.0,0.0,0.0,99.0,0.0,0.0
1.0,0.0,6.0,93.0,0.0,0.0
1.0,0.0,0.0,99.0,0.0,0.0
1.0,0.0,1.0,98.0,0.0,0.0
1.0,99.0,0.0,0.0,0.0,0.0
1.0,99.0,0.0,0.0,0.0,0.0
1.0,0.0,0.0,99.0,0.0,0.0
1.0,99.0,0.0,0.0,0.0,0.0
1.0,99.0,0.0,0.0,0.0,0.0
1.0,99.0,0.0,0.0,0.0,0.0
1.0,99.0,0.0,0.0,0.0,0.0
1.0,94.0,5.0,0.0,0.0,0.0
1.0,99.0,0.0,0.0,0.0,0.0
1.0,0.0,0.0,99.0,0.0,0.0
1.0,0.0,0.0,99.0,0.0,0.0
1.0,0.0,0.0,99.0,0.0,0.0
1.0,0.0,0.0,99.0,0.0,0.0
1.0,0.0,0.0,99.0,0.0,0.0
1.0,0.0,0.0,99.0,0.0,0.0
1.0,0.0,0.0,99.0,0.0,0.0
1.0,0.0,0.0,99.0,0.0,0.0
1.0,99.0,0.0,0.0,0.0,0.0
1.0,0.0,0.0,99.0,0.0,0.0
1.0,0.0,0.0,0.0,0.0,0.0
1.0,0.0,0.0,99.0,0.0,0.0
1.0,94.0,5.0,0.0,0.0,0.0
1.0,99.0,0.0,0.0,0.0,0.0
1.0,95.0,4.0,0.0,0.0,0.0
1.0,0.0,0.0,99.0,0.0,0.0
1.0,0.0,2.0,97.0,0.0,0.0
1.0,0.0,0.0,99.0,0.0,0.0
1.0,99.0,0.0,0.0,0.0,0.0
1.0,0.0,0.0,99.0,0.0,0.0
1.0,99.0,0.0,0.0,0.0,0.0
1.0,99.0,0.0,0.0,0.0,0.0
1.0,0.0,0.0,0.0,0.0,0.0
1.0,0.0,0.0,99.0,0.0,0.0
1.0,0.0,0.0,99.0,0.0,0.0
1.0,0.0,11.0,88.0,0.0,0.0
1.0,99.0,0.0,0.0,0.0,0.0
1.0,0.0,0.0,99.0,0.0,0.0
1.0,99.0,0.0,0.0,0.0,0.0
1.0,0.0,0.0,99.0,0.0,0.0
1.0,99.0,0.0,0.0,0.0,0.0
1.0,0.0,0.0,99.0,0.0,0.0
1.0,99.0,0.0,0.0,0.0,0.0
1.0,99.0,0.0,0.0,0.0,0.0
1.0,0.0,0.0,99.0,0.0,0.0
1.0,99.0,0.0,0.0,0.0,0.0
1.0,0.0,0.0,99.0,0.0,0.0
1.0,0.0,1.0,98.0,0.0,0.0
1.0,0.0,0.0,99.0,0.0,0.0
1.0,94.0,5.0,0.0,0.0,0.0
1.0,99.0,0.0,0.0,0.0,0.0
1.0,99.0,0.0,0.0,0.0,0.0
1.0,0.0,0.0,99.0,0.0,0.0
1.0,96.0,3.0,0.0,0.0,0.0
1.0,0.0,0.0,99.0,0.0,0.0
1.0,99.0,0.0,0.0,0.0,0.0
1.0,99.0,0.0,0.0,0.0,0.0
1.0,0.0,0.0,99.0,0.0,0.0
1.0,96.0,3.0,0.0,0.0,0.0
1.0,99.0,0.0,0.0,0.0,0.0
1.0,0.0,0.0,99.0,0.0,0.0
1.0,0.0,0.0,99.0,0.0,0.0
1.0,99.0,0.0,0.0,0.0,0.0
1.0,0.0,0.0,99.0,0.0,0.0
1.0,0.0,0.0,99.0,0.0,0.0
1.0,0.0,0.0,99.0,0.0,0.0
1.0,0.0,0.0,99.0,0.0,0.0
1.0,0.0,0.0,99.0,0.0,0.0
1.0,0.0,1.0,98.0,0.0,0.0
1.0,0.0,3.0,96.0,0.0,0.0
1.0,0.0,0.0,99.0,0.0,0.0
1.0,97.0,2.0,0.0,0.0,0.0
1.0,99.0,0.0,0.0,0.0,0.0
1.0,99.0,0.0,0.0,0.0,0.0
1.0,0.0,0.0,99.0,0.0,0.0
1.0,0.0,0.0,99.0,0.0,0.0
1.0,0.0,0.0,99.0,0.0,0.0
1.0,0.0,0.0,0.0,0.0,0.0
1.0,0.0,0.0,99.0,0.0,0.0
1.0,0.0,0.0,99.0,0.0,0.0
1.0,96.0,3.0,0.0,0.0,0.0
1.0,99.0,0.0,0.0,0.0,0.0
1.0,99.0,0.0,0.0,0.0,0.0
1.0,0.0,0.0,99.0,0.0,0.0
1.0,0.0,0.0,99.0,0.0,0.0
1.0,99.0,0.0,0.0,0.0,0.0
1.0,0.0,0.0,99.0,0.0,0.0
1.0,94.0,5.0,0.0,0.0,0.0
1.0,0.0,0.0,99.0,0.0,0.0
1.0,99.0,0.0,0.0,0.0,0.0
1.0,0.0,0.0,99.0,0.0,0.0
1.0,0.0,0.0,99.0,0.0,0.0
1.0,0.0,0.0,99.0,0.0,0.0
1.0,0.0,0.0,99.0,0.0,0.0
1.0,99.0,0.0,0.0,0.0,0.0
1.0,99.0,0.0,0.0,0.0,0.0
1.0,0.0,0.0,0.0,0.0,0.0
1.0,99.0,0.0,0.0,0.0,0.0
1.0,0.0,0.0,99.0,0.0,0.0
1.0,99.0,0.0,0.0,0.0,0.0
1.0,99.0,0.0,0.0,0.0,0.0
1.0,0.0,0.0,99.0,0.0,0.0
1.0,99.0,0.0,0.0,0.0,0.0
1.0,0.0,0.0,99.0,0.0,0.0
1.0,0.0,4.0,95.0,0.0,0.0
1.0,99.0,0.0,0.0,0.0,0.0
1.0,99.0,0.0,0.0,0.0,0.0
1.0,0.0,0.0,99.0,0.0,0.0
1.0,0.0,4.0,95.0,0.0,0.0
1.0,99.0,0.0,0.0,0.0,0.0
1.0,99.0,0.0,0.0,0.0,0.0
1.0,0.0,0.0,99.0,0.0,0.0
1.0,99.0,0.0,0.0,0.0,0.0
1.0,99.0,0.0,0.0,0.0,0.0
1.0,99.0,0.0,0.0,0.0,0.0
1.0,97.0,2.0,0.0,0.0,0.0
1.0,0.0,1.0,98.0,0.0,0.0
1.0,99.0,0.0,0.0,0.0,0.0
1.0,0.0,0.0,0.0,0.0,0.0
1.0,98.0,1.0,0.0,0.0,0.0
1.0,0.0,0.0,99.0,0.0,0.0
1.0,99.0,0.0,0.0,0.0,0.0
1.0,0.0,0.0,99.0,0.0,0.0
1.0,99.0,0.0,0.0,0.0,0.0
1.0,0.0,5.0,94.0,0.0,0.0
1.0,99.0,0.0,0.0,0.0,0.0
1.0,99.0,0.0,0.0,0.0,0.0
1.0,0.0,0.0,99.0,0.0,0.0
1.0,0.0,0.0,99.0,0.0,0.0
1.0,99.0,0.0,0.0,0.0,0.0
1.0,0.0,0.0,99.0,0.0,0.0
1.0,99.0,0.0,0.0,0.0,0.0
1.0,0.0,0.0,99.0,0.0,0.0
1.0,99.0,0.0,0.0,0.0,0.0
1.0,0.0,0.0,99.0,0.0,0.0
1.0,0.0,0.0,99.0,0.0,0.0
1.0,0.0,7.0,92.0,0.0,0.0
1.0,99.0,0.0,0.0,0.0,0.0
1.0,0.0,1.0,98.0,0.0,0.0
1.0,99.0,0.0,0.0,0.0,0.0
1.0,99.0,0.0,0.0,0.0,0.0
1.0,0.0,0.0,99.0,0.0,0.0
1.0,0.0,0.0,99.0,0.0,0.0
1.0,0.0,0.0,99.0,0.0,0.0
1.0,99.0,0.0,0.0,0.0,0.0
1.0,0.0,5.0,94.0,0.0,0.0
1.0,99.0,0.0,0.0,0.0,0.0
1.0,99.0,0.0,0.0,0.0,0.0
1.0,99.0,0.0,0.0,0.0,0.0
1.0,99.0,0.0,0.0,0.0,0.0
1.0,0.0,2.0,97.0,0.0,0.0
1.0,0.0,1.0,98.0,0.0,0.0
1.0,99.0,0.0,0.0,0.0,0.0
1.0,0.0,0.0,99.0,0.0,0.0
1.0,0.0,0.0,99.0,0.0,0.0
1.0,0.0,0.0,99.0,0.0,0.0
1.0,92.0,7.0,0.0,0.0,0.0
1.0,99.0,0.0,0.0,0.0,0.0
1.0,96.0,3.0,0.0,0.0,0.0
1.0,0.0,0.0,99.0,0.0,0.0
1.0,0.0,0.0,99.0,0.0,0.0
1.0,0.0,0.0,99.0,0.0,0.0
1.0,0.0,0.0,99.0,0.0,0.0
1.0,0.0,1.0,98.0,0.0,0.0
1.0,99.0,0.0,0.0,0.0,0.0
1.0,0.0,0.0,99.0,0.0,0.0
1.0,0.0,0.0,99.0,0.0,0.0
1.0,0.0,0.0,99.0,0.0,0.0
1.0,0.0,7.0,92.0,0.0,0.0
1.0,99.0,0.0,0.0,0.0,0.0
1.0,99.0,0.0,0.0,0.0,0.0
1.0,0.0,0.0,0.0,0.0,0.0
1.0,0.0,3.0,96.0,0.0,0.0
1.0,99.0,0.0,0.0,0.0,0.0
1.0,0.0,1.0,98.0,0.0,0.0
1.0,99.0,0.0,0.0,0.0,0.0
1.0,0.0,0.0,0.0,0.0,0.0
1.0,0.0,0.0,99.0,0.0,0.0
1.0,0.0,0.0,99.0,0.0,0.0
1.0,99.0,0.0,0.0,0.0,0.0
1.0,0.0,0.0,99.0,0.0,0.0
1.0,99.0,0.0,0.0,0.0,0.0
1.0,99.0,0.0,0.0,0.0,0.0
1.0,99.0,0.0,0.0,0.0,0.0
1.0,99.0,0.0,0.0,0.0,0.0
1.0,99.0,0.0,0.0,0.0,0.0
1.0,99.0,0.0,0.0,0.0,0.0
1.0,99.0,0.0,0.0,0.0,0.0
1.0,0.0,0.0,99.0,0.0,0.0
1.0,99.0,0.0,0.0,0.0,0.0
1.0,99.0,0.0,0.0,0.0,0.0
1.0,99.0,0.0,0.0,0.0,0.0
1.0,0.0,0.0,99.0,0.0,0.0
1.0,0.0,0.0,0.0,0.0,0.0
1.0,99.0,0.0,0.0,0.0,0.0
1.0,99.0,0.0,0.0,0.0,0.0
1.0,0.0,0.0,99.0,0.0,0.0
1.0,0.0,0.0,99.0,0.0,0.0
1.0,0.0,0.0,99.0,0.0,0.0
1.0,99.0,0.0,0.0,0.0,0.0
1.0,0.0,0.0,99.0,0.0,0.0
1.0,0.0,0.0,99.0,0.0,0.0
1.0,0.0,0.0,99.0,0.0,0.0
1.0,0.0,0.0,99.0,0.0,0.0
1.0,99.0,0.0,0.0,0.0,0.0
1.0,0.0,0.0,99.0,0.0,0.0
1.0,99.0,0.0,0.0,0.0,0.0
1.0,99.0,0.0,0.0,0.0,0.0
1.0,99.0,0.0,0.0,0.0,0.0
1.0,99.0,0.0,0.0,0.0,0.0
1.0,99.0,0.0,0.0,0.0,0.0
1.0,0.0,1.0,98.0,0.0,0.0
1.0,0.0,0.0,99.0,0.0,0.0
1.0,99.0,0.0,0.0,0.0,0.0
1.0,0.0,1.0,98.0,0.0,0.0
1.0,0.0,0.0,99.0,0.0,0.0
1.0,0.0,0.0,99.0,0.0,0.0
1.0,0.0,0.0,99.0,0.0,0.0
1.0,99.0,0.0,0.0,0.0,0.0
1.0,0.0,0.0,99.0,0.0,0.0
1.0,0.0,0.0,99.0,0.0,0.0
1.0,0.0,2.0,97.0,0.0,0.0
1.0,0.0,0.0,99.0,0.0,0.0
1.0,98.0,1.0,0.0,0.0,0.0
1.0,0.0,0.0,99.0,0.0,0.0
1.0,99.0,0.0,0.0,0.0,0.0
1.0,0.0,0.0,99.0,0.0,0.0
1.0,0.0,0.0,99.0,0.0,0.0
1.0,0.0,0.0,99.0,0.0,0.0
1.0,99.0,0.0,0.0,0.0,0.0
1.0,0.0,0.0,99.0,0.0,0.0
1.0,99.0,0.0,0.0,0.0,0.0
1.0,0.0,0.0,99.0,0.0,0.0
1.0,0.0,0.0,99.0,0.0,0.0
1.0,99.0,0.0,0.0,0.0,0.0
1.0,99.0,0.0,0.0,0.0,0.0
1.0,0.0,0.0,99.0,0.0,0.0
1.0,99.0,0.0,0.0,0.0,0.0
1.0,0.0,0.0,99.0,0.0,0.0
1.0,0.0,1.0,98.0,0.0,0.0
1.0,99.0,0.0,0.0,0.0,0.0
1.0,0.0,0.0,99.0,0.0,0.0
1.0,99.0,0.0,0.0,0.0,0.0
1.0,99.0,0.0,0.0,0.0,0.0
1.0,99.0,0.0,0.0,0.0,0.0
1.0,99.0,0.0,0.0,0.0,0.0
1.0,99.0,0.0,0.0,0.0,0.0
1.0,0.0,0.0,99.0,0.0,0.0
1.0,94.0,5.0,0.0,0.0,0.0
1.0,0.0,0.0,99.0,0.0,0.0
1.0,99.0,0.0,0.0,0.0,0.0
1.0,99.0,0.0,0.0,0.0,0.0
1.0,99.0,0.0,0.0,0.0,0.0
1.0,99.0,0.0,0.0,0.0,0.0
1.0,0.0,0.0,99.0,0.0,0.0
1.0,99.0,0.0,0.0,0.0,0.0
1.0,0.0,0.0,99.0,0.0,0.0
1.0,0.0,0.0,99.0,0.0,0.0
1.0,99.0,0.0,0.0,0.0,0.0
1.0,0.0,0.0,99.0,0.0,0.0
1.0,99.0,0.0,0.0,0.0,0.0
1.0,99.0,0.0,0.0,0.0,0.0
1.0,99.0,0.0,0.0,0.0,0.0
1.0,99.0,0.0,0.0,0.0,0.0
1.0,0.0,0.0,0.0,0.0,0.0
1.0,0.0,0.0,99.0,0.0,0.0
1.0,99.0,0.0,0.0,0.0,0.0
1.0,0.0,0.0,99.0,0.0,0.0
1.0,0.0,0.0,0.0,0.0,0.0
1.0,99.0,0.0,0.0,0.0,0.0
1.0,99.0,0.0,0.0,0.0,0.0
1.0,0.0,0.0,0.0,0.0,0.0
1.0,99.0,0.0,0.0,0.0,0.0
1.0,99.0,0.0,0.0,0.0,0.0
1.0,91.0,8.0,0.0,0.0,0.0
1.0,0.0,1.0,98.0,0.0,0.0
1.0,0.0,0.0,99.0,0.0,0.0
1.0,0.0,7.0,92.0,0.0,0.0
1.0,0.0,0.0,99.0,0.0,0.0
1.0,0.0,0.0,99.0,0.0,0.0
1.0,0.0,2.0,97.0,0.0,0.0
1.0,99.0,0.0,0.0,0.0,0.0
1.0,0.0,0.0,99.0,0.0,0.0
1.0,0.0,0.0,99.0,0.0,0.0
1.0,0.0,0.0,99.0,0.0,0.0
1.0,98.0,1.0,0.0,0.0,0.0
1.0,0.0,2.0,97.0,0.0,0.0
1.0,99.0,0.0,0.0,0.0,0.0
1.0,0.0,2.0,97.0,0.0,0.0
1.0,99.0,0.0,0.0,0.0,0.0
1.0,0.0,1.0,98.0,0.0,0.0
1.0,0.0,2.0,97.0,0.0,0.0
1.0,0.0,0.0,99.0,0.0,0.0
1.0,98.0,1.0,0.0,0.0,0.0
1.0,99.0,0.0,0.0,0.0,0.0
1.0,99.0,0.0,0.0,0.0,0.0
1.0,0.0,0.0,99.0,0.0,0.0
1.0,0.0,0.0,99.0,0.0,0.0
1.0,99.0,0.0,0.0,0.0,0.0
1.0,0.0,0.0,99.0,0.0,0.0
1.0,0.0,0.0,99.0,0.0,0.0
1.0,99.0,0.0,0.0,0.0,0.0
1.0,99.0,0.0,0.0,0.0,0.0
1.0,0.0,0.0,99.0,0.0,0.0
1.0,0.0,0.0,99.0,0.0,0.0
1.0,0.0,0.0,99.0,0.0,0.0
1.0,99.0,0.0,0.0,0.0,0.0
1.0,0.0,0.0,99.0,0.0,0.0
1.0,99.0,0.0,0.0,0.0,0.0
1.0,99.0,0.0,0.0,0.0,0.0
1.0,0.0,0.0,99.0,0.0,0.0
1.0,99.0,0.0,0.0,0.0,0.0
1.0,99.0,0.0,0.0,0.0,0.0
1.0,0.0,0.0,99.0,0.0,0.0
1.0,99.0,0.0,0.0,0.0,0.0
1.0,99.0,0.0,0.0,0.0,0.0
1.0,0.0,0.0,99.0,0.0,0.0
1.0,0.0,0.0,99.0,0.0,0.0
1.0,99.0,0.0,0.0,0.0,0.0
1.0,0.0,4.0,95.0,0.0,0.0
1.0,98.0,1.0,0.0,0.0,0.0
1.0,0.0,0.0,99.0,0.0,0.0
1.0,0.0,0.0,99.0,0.0,0.0
1.0,0.0,0.0,99.0,0.0,0.0
1.0,99.0,0.0,0.0,0.0,0.0
1.0,99.0,0.0,0.0,0.0,0.0
1.0,0.0,0.0,99.0,0.0,0.0
1.0,0.0,0.0,99.0,0.0,0.0
1.0,0.0,0.0,99.0,0.0,0.0
1.0,99.0,0.0,0.0,0.0,0.0
1.0,99.0,0.0,0.0,0.0,0.0
1.0,99.0,0.0,0.0,0.0,0.0
1.0,99.0,0.0,0.0,0.0,0.0
1.0,99.0,0.0,0.0,0.0,0.0
1.0,0.0,5.0,94.0,0.0,0.0
1.0,0.0,0.0,99.0,0.0,0.0
1.0,99.0,0.0,0.0,0.0,0.0
1.0,0.0,0.0,99.0,0.0,0.0
1.0,0.0,0.0,99.0,0.0,0.0
1.0,0.0,0.0,99.0,0.0,0.0
1.0,0.0,0.0,99.0,0.0,0.0
1.0,97.0,2.0,0.0,0.0,0.0
1.0,99.0,0.0,0.0,0.0,0.0
1.0,99.0,0.0,0.0,0.0,0.0
1.0,99.0,0.0,0.0,0.0,0.0
1.0,0.0,0.0,99.0,0.0,0.0
1.0,99.0,0.0,0.0,0.0,0.0
1.0,0.0,0.0,99.0,0.0,0.0
1.0,0.0,3.0,96.0,0.0,0.0
1.0,0.0,0.0,99.0,0.0,0.0
1.0,88.0,11.0,0.0,0.0,0.0
1.0,0.0,0.0,99.0,0.0,0.0
1.0,99.0,0.0,0.0,0.0,0.0
1.0,0.0,0.0,99.0,0.0,0.0
1.0,99.0,0.0,0.0,0.0,0.0
1.0,0.0,0.0,99.0,0.0,0.0
1.0,99.0,0.0,0.0,0.0,0.0
1.0,0.0,0.0,99.0,0.0,0.0
1.0,0.0,0.0,99.0,0.0,0.0
1.0,99.0,0.0,0.0,0.0,0.0
1.0,99.0,0.0,0.0,0.0,0.0
1.0,0.0,0.0,99.0,0.0,0.0
1.0,92.0,7.0,0.0,0.0,0.0
1.0,0.0,3.0,96.0,0.0,0.0
1.0,0.0,0.0,99.0,0.0,0.0
1.0,99.0,0.0,0.0,0.0,0.0
1.0,99.0,0.0,0.0,0.0,0.0
1.0,99.0,0.0,0.0,0.0,0.0
1.0,99.0,0.0,0.0,0.0,0.0
1.0,0.0,7.0,92.0,0.0,0.0
1.0,11.0,88.0,0.0,0.0,0.0
1.0,0.0,0.0,99.0,0.0,0.0
1.0,0.0,0.0,99.0,0.0,0.0
1.0,0.0,0.0,99.0,0.0,0.0
1.0,0.0,0.0,99.0,0.0,0.0
1.0,0.0,0.0,99.0,0.0,0.0
1.0,99.0,0.0,0.0,0.0,0.0
1.0,0.0,0.0,99.0,0.0,0.0
1.0,0.0,1.0,98.0,0.0,0.0
1.0,0.0,0.0,99.0,0.0,0.0
1.0,0.0,0.0,99.0,0.0,0.0
1.0,99.0,0.0,0.0,0.0,0.0
1.0,0.0,0.0,99.0,0.0,0.0
1.0,99.0,0.0,0.0,0.0,0.0
1.0,0.0,0.0,99.0,0.0,0.0
1.0,0.0,0.0,99.0,0.0,0.0
1.0,98.0,1.0,0.0,0.0,0.0
1.0,99.0,0.0,0.0,0.0,0.0
1.0,0.0,0.0,99.0,0.0,0.0
1.0,0.0,0.0,99.0,0.0,0.0
1.0,0.0,0.0,99.0,0.0,0.0
1.0,0.0,0.0,99.0,0.0,0.0
1.0,0.0,0.0,99.0,0.0,0.0
1.0,99.0,0.0,0.0,0.0,0.0
1.0,99.0,0.0,0.0,0.0,0.0
1.0,99.0,0.0,0.0,0.0,0.0
1.0,99.0,0.0,0.0,0.0,0.0
1.0,99.0,0.0,0.0,0.0,0.0
1.0,99.0,0.0,0.0,0.0,0.0
1.0,99.0,0.0,0.0,0.0,0.0
1.0,0.0,0.0,99.0,0.0,0.0
1.0,99.0,0.0,0.0,0.0,0.0
1.0,0.0,0.0,99.0,0.0,0.0
1.0,0.0,0.0,99.0,0.0,0.0
1.0,99.0,0.0,0.0,0.0,0.0
1.0,0.0,0.0,99.0,0.0,0.0
1.0,99.0,0.0,0.0,0.0,0.0
1.0,99.0,0.0,0.0,0.0,0.0
1.0,99.0,0.0,0.0,0.0,0.0
1.0,99.0,0.0,0.0,0.0,0.0
1.0,0.0,0.0,99.0,0.0,0.0
1.0,99.0,0.0,0.0,0.0,0.0
1.0,0.0,0.0,99.0,0.0,0.0
1.0,0.0,0.0,99.0,0.0,0.0
1.0,99.0,0.0,0.0,0.0,0.0
1.0,99.0,0.0,0.0,0.0,0.0
1.0,0.0,0.0,99.0,0.0,0.0
1.0,0.0,0.0,0.0,0.0,0.0
1.0,99.0,0.0,0.0,0.0,0.0
1.0,0.0,3.0,96.0,0.0,0.0
1.0,99.0,0.0,0.0,0.0,0.0
1.0,0.0,0.0,99.0,0.0,0.0
1.0,0.0,0.0,99.0,0.0,0.0
1.0,0.0,3.0,96.0,0.0,0.0
1.0,0.0,0.0,99.0,0.0,0.0
1.0,99.0,0.0,0.0,0.0,0.0
1.0,0.0,0.0,99.0,0.0,0.0
1.0,0.0,0.0,99.0,0.0,0.0
1.0,0.0,3.0,96.0,0.0,0.0
1.0,99.0,0.0,0.0,0.0,0.0
1.0,0.0,1.0,98.0,0.0,0.0
1.0,0.0,4.0,95.0,0.0,0.0
1.0,0.0,0.0,99.0,0.0,0.0
1.0,0.0,0.0,99.0,0.0,0.0
1.0,99.0,0.0,0.0,0.0,0.0
1.0,0.0,7.0,92.0,0.0,0.0
1.0,0.0,2.0,97.0,0.0,0.0
1.0,98.0,1.0,0.0,0.0,0.0
1.0,0.0,0.0,99.0,0.0,0.0
1.0,99.0,0.0,0.0,0.0,0.0
1.0,99.0,0.0,0.0,0.0,0.0
1.0,99.0,0.0,0.0,0.0,0.0
1.0,0.0,0.0,99.0,0.0,0.0
1.0,0.0,0.0,99.0,0.0,0.0
1.0,0.0,0.0,99.0,0.0,0.0
1.0,99.0,0.0,0.0,0.0,0.0
1.0,0.0,0.0,99.0,0.0,0.0
1.0,98.0,1.0,0.0,0.0,0.0
1.0,0.0,0.0,99.0,0.0,0.0
1.0,99.0,0.0,0.0,0.0,0.0
1.0,99.0,0.0,0.0,0.0,0.0
1.0,0.0,0.0,99.0,0.0,0.0
1.0,99.0,0.0,0.0,0.0,0.0
1.0,99.0,0.0,0.0,0.0,0.0
1.0,99.0,0.0,0.0,0.0,0.0
1.0,99.0,0.0,0.0,0.0,0.0
1.0,0.0,0.0,99.0,0.0,0.0
1.0,0.0,0.0,99.0,0.0,0.0
1.0,0.0,0.0,99.0,0.0,0.0
1.0,0.0,0.0,99.0,0.0,0.0
1.0,95.0,4.0,0.0,0.0,0.0
1.0,96.0,3.0,0.0,0.0,0.0
1.0,0.0,0.0,99.0,0.0,0.0
1.0,99.0,0.0,0.0,0.0,0.0
1.0,99.0,0.0,0.0,0.0,0.0
1.0,95.0,4.0,0.0,0.0,0.0
1.0,0.0,0.0,99.0,0.0,0.0
1.0,99.0,0.0,0.0,0.0,0.0
1.0,99.0,0.0,0.0,0.0,0.0
1.0,99.0,0.0,0.0,0.0,0.0
1.0,99.0,0.0,0.0,0.0,0.0
1.0,99.0,0.0,0.0,0.0,0.0
1.0,99.0,0.0,0.0,0.0,0.0
1.0,0.0,0.0,99.0,0.0,0.0
1.0,99.0,0.0,0.0,0.0,0.0
1.0,0.0,0.0,99.0,0.0,0.0
1.0,0.0,0.0,99.0,0.0,0.0
1.0,92.0,7.0,0.0,0.0,0.0
1.0,99.0,0.0,0.0,0.0,0.0
1.0,98.0,1.0,0.0,0.0,0.0
1.0,99.0,0.0,0.0,0.0,0.0
1.0,0.0,0.0,99.0,0.0,0.0
1.0,0.0,0.0,99.0,0.0,0.0
1.0,0.0,0.0,99.0,0.0,0.0
1.0,0.0,1.0,98.0,0.0,0.0
1.0,99.0,0.0,0.0,0.0,0.0
1.0,99.0,0.0,0.0,0.0,0.0
1.0,0.0,0.0,99.0,0.0,0.0
1.0,99.0,0.0,0.0,0.0,0.0
1.0,0.0,0.0,99.0,0.0,0.0
1.0,99.0,0.0,0.0,0.0,0.0
1.0,0.0,0.0,99.0,0.0,0.0
1.0,0.0,0.0,99.0,0.0,0.0
1.0,0.0,0.0,99.0,0.0,0.0
1.0,99.0,0.0,0.0,0.0,0.0
1.0,0.0,0.0,99.0,0.0,0.0
1.0,0.0,0.0,99.0,0.0,0.0
1.0,99.0,0.0,0.0,0.0,0.0
1.0,99.0,0.0,0.0,0.0,0.0
1.0,0.0,0.0,99.0,0.0,0.0
1.0,0.0,0.0,99.0,0.0,0.0
1.0,97.0,2.0,0.0,0.0,0.0
1.0,99.0,0.0,0.0,0.0,0.0
1.0,99.0,0.0,0.0,0.0,0.0
1.0,0.0,0.0,99.0,0.0,0.0
1.0,0.0,0.0,99.0,0.0,0.0
1.0,0.0,0.0,99.0,0.0,0.0
1.0,99.0,0.0,0.0,0.0,0.0
1.0,99.0,0.0,0.0,0.0,0.0
1.0,99.0,0.0,0.0,0.0,0.0
1.0,99.0,0.0,0.0,0.0,0.0
1.0,99.0,0.0,0.0,0.0,0.0
1.0,99.0,0.0,0.0,0.0,0.0
1.0,99.0,0.0,0.0,0.0,0.0
1.0,99.0,0.0,0.0,0.0,0.0
1.0,99.0,0.0,0.0,0.0,0.0
1.0,99.0,0.0,0.0,0.0,0.0
1.0,0.0,0.0,99.0,0.0,0.0
1.0,99.0,0.0,0.0,0.0,0.0
1.0,99.0,0.0,0.0,0.0,0.0
1.0,0.0,0.0,99.0,0.0,0.0
1.0,0.0,0.0,99.0,0.0,0.0
1.0,0.0,0.0,99.0,0.0,0.0
1.0,0.0,0.0,99.0,0.0,0.0
1.0,0.0,0.0,99.0,0.0,0.0
1.0,0.0,0.0,99.0,0.0,0.0
1.0,0.0,0.0,99.0,0.0,0.0
1.0,0.0,0.0,99.0,0.0,0.0
1.0,99.0,0.0,0.0,0.0,0.0
1.0,0.0,0.0,99.0,0.0,0.0
1.0,0.0,0.0,99.0,0.0,0.0
1.0,0.0,0.0,99.0,0.0,0.0
1.0,0.0,0.0,99.0,0.0,0.0
1.0,0.0,0.0,99.0,0.0,0.0
1.0,0.0,4.0,95.0,0.0,0.0
1.0,93.0,6.0,0.0,0.0,0.0
1.0,99.0,0.0,0.0,0.0,0.0
1.0,0.0,0.0,99.0,0.0,0.0
1.0,0.0,14.0,85.0,0.0,0.0
1.0,0.0,0.0,99.0,0.0,0.0
1.0,99.0,0.0,0.0,0.0,0.0
1.0,99.0,0.0,0.0,0.0,0.0
1.0,99.0,0.0,0.0,0.0,0.0
1.0,0.0,0.0,99.0,0.0,0.0
1.0,99.0,0.0,0.0,0.0,0.0
1.0,99.0,0.0,0.0,0.0,0.0
1.0,0.0,0.0,99.0,0.0,0.0
1.0,0.0,0.0,99.0,0.0,0.0
1.0,0.0,0.0,99.0,0.0,0.0
1.0,0.0,3.0,96.0,0.0,0.0
1.0,99.0,0.0,0.0,0.0,0.0
1.0,0.0,0.0,99.0,0.0,0.0
1.0,0.0,0.0,99.0,0.0,0.0
1.0,99.0,0.0,0.0,0.0,0.0
1.0,0.0,0.0,99.0,0.0,0.0
1.0,99.0,0.0,0.0,0.0,0.0
1.0,0.0,0.0,99.0,0.0,0.0
1.0,99.0,0.0,0.0,0.0,0.0
1.0,0.0,0.0,99.0,0.0,0.0
1.0,0.0,3.0,96.0,0.0,0.0
1.0,0.0,0.0,99.0,0.0,0.0
1.0,0.0,0.0,99.0,0.0,0.0
1.0,99.0,0.0,0.0,0.0,0.0
1.0,0.0,0.0,99.0,0.0,0.0
1.0,0.0,0.0,99.0,0.0,0.0
1.0,0.0,0.0,99.0,0.0,0.0
1.0,99.0,0.0,0.0,0.0,0.0
1.0,0.0,0.0,99.0,0.0,0.0
1.0,0.0,0.0,99.0,0.0,0.0
1.0,0.0,0.0,99.0,0.0,0.0
1.0,0.0,5.0,94.0,0.0,0.0
1.0,0.0,0.0,99.0,0.0,0.0
1.0,99.0,0.0,0.0,0.0,0.0
1.0,0.0,0.0,99.0,0.0,0.0
1.0,0.0,0.0,99.0,0.0,0.0
1.0,0.0,0.0,99.0,0.0,0.0
1.0,0.0,0.0,99.0,0.0,0.0
1.0,99.0,0.0,0.0,0.0,0.0
1.0,0.0,0.0,99.0,0.0,0.0
1.0,0.0,1.0,98.0,0.0,0.0
1.0,0.0,0.0,99.0,0.0,0.0
1.0,99.0,0.0,0.0,0.0,0.0
1.0,0.0,0.0,99.0,0.0,0.0
1.0,0.0,0.0,0.0,0.0,0.0
1.0,0.0,0.0,99.0,0.0,0.0
1.0,0.0,0.0,99.0,0.0,0.0
1.0,0.0,0.0,99.0,0.0,0.0
1.0,99.0,0.0,0.0,0.0,0.0
1.0,99.0,0.0,0.0,0.0,0.0
1.0,0.0,0.0,99.0,0.0,0.0
1.0,99.0,0.0,0.0,0.0,0.0
1.0,0.0,0.0,99.0,0.0,0.0
1.0,99.0,0.0,0.0,0.0,0.0
1.0,98.0,1.0,0.0,0.0,0.0
1.0,99.0,0.0,0.0,0.0,0.0
1.0,99.0,0.0,0.0,0.0,0.0
1.0,0.0,0.0,99.0,0.0,0.0
1.0,99.0,0.0,0.0,0.0,0.0
1.0,0.0,0.0,99.0,0.0,0.0
1.0,0.0,7.0,92.0,0.0,0.0
1.0,0.0,0.0,99.0,0.0,0.0
1.0,99.0,0.0,0.0,0.0,0.0
1.0,0.0,0.0,99.0,0.0,0.0
1.0,99.0,0.0,0.0,0.0,0.0
1.0,0.0,0.0,99.0,0.0,0.0
1.0,99.0,0.0,0.0,0.0,0.0
1.0,0.0,0.0,99.0,0.0,0.0
1.0,0.0,0.0,99.0,0.0,0.0
1.0,0.0,0.0,99.0,0.0,0.0
1.0,99.0,0.0,0.0,0.0,0.0
1.0,0.0,0.0,99.0,0.0,0.0
1.0,0.0,0.0,99.0,0.0,0.0
1.0,0.0,0.0,99.0,0.0,0.0
1.0,0.0,0.0,99.0,0.0,0.0
1.0,0.0,3.0,96.0,0.0,0.0
1.0,99.0,0.0,0.0,0.0,0.0
1.0,0.0,0.0,99.0,0.0,0.0
1.0,0.0,0.0,99.0,0.0,0.0
1.0,0.0,0.0,99.0,0.0,0.0
1.0,0.0,0.0,0.0,0.0,0.0
1.0,99.0,0.0,0.0,0.0,0.0
1.0,99.0,0.0,0.0,0.0,0.0
1.0,99.0,0.0,0.0,0.0,0.0
1.0,0.0,0.0,99.0,0.0,0.0
1.0,99.0,0.0,0.0,0.0,0.0
1.0,0.0,0.0,99.0,0.0,0.0
1.0,99.0,0.0,0.0,0.0,0.0
1.0,0.0,0.0,99.0,0.0,0.0
1.0,0.0,0.0,99.0,0.0,0.0
1.0,0.0,0.0,99.0,0.0,0.0
1.0,0.0,0.0,99.0,0.0,0.0
1.0,0.0,0.0,99.0,0.0,0.0
1.0,99.0,0.0,0.0,0.0,0.0
1.0,99.0,0.0,0.0,0.0,0.0
1.0,0.0,0.0,99.0,0.0,0.0
1.0,0.0,0.0,99.0,0.0,0.0
1.0,0.0,0.0,99.0,0.0,0.0
1.0,99.0,0.0,0.0,0.0,0.0
1.0,99.0,0.0,0.0,0.0,0.0
1.0,0.0,0.0,99.0,0.0,0.0
1.0,0.0,0.0,0.0,0.0,0.0
1.0,99.0,0.0,0.0,0.0,0.0
1.0,0.0,0.0,99.0,0.0,0.0
1.0,0.0,1.0,98.0,0.0,0.0
1.0,0.0,0.0,99.0,0.0,0.0
1.0,99.0,0.0,0.0,0.0,0.0
1.0,0.0,0.0,99.0,0.0,0.0
1.0,99.0,0.0,0.0,0.0,0.0
1.0,0.0,0.0,99.0,0.0,0.0
1.0,99.0,0.0,0.0,0.0,0.0
1.0,99.0,0.0,0.0,0.0,0.0
1.0,99.0,0.0,0.0,0.0,0.0
1.0,99.0,0.0,0.0,0.0,0.0
1.0,0.0,0.0,99.0,0.0,0.0
1.0,0.0,0.0,99.0,0.0,0.0
1.0,93.0,6.0,0.0,0.0,0.0
1.0,99.0,0.0,0.0,0.0,0.0
1.0,0.0,0.0,99.0,0.0,0.0
1.0,99.0,0.0,0.0,0.0,0.0
1.0,0.0,0.0,99.0,0.0,0.0
1.0,0.0,0.0,99.0,0.0,0.0
1.0,0.0,0.0,99.0,0.0,0.0
1.0,83.0,16.0,0.0,0.0,0.0
1.0,99.0,0.0,0.0,0.0,0.0
1.0,99.0,0.0,0.0,0.0,0.0
1.0,0.0,0.0,99.0,0.0,0.0
1.0,99.0,0.0,0.0,0.0,0.0
1.0,99.0,0.0,0.0,0.0,0.0
1.0,0.0,0.0,99.0,0.0,0.0
1.0,0.0,0.0,99.0,0.0,0.0
1.0,99.0,0.0,0.0,0.0,0.0
1.0,0.0,0.0,99.0,0.0,0.0
1.0,96.0,3.0,0.0,0.0,0.0
1.0,0.0,0.0,99.0,0.0,0.0
1.0,99.0,0.0,0.0,0.0,0.0
1.0,0.0,0.0,99.0,0.0,0.0
1.0,99.0,0.0,0.0,0.0,0.0
1.0,99.0,0.0,0.0,0.0,0.0
1.0,0.0,0.0,99.0,0.0,0.0
1.0,99.0,0.0,0.0,0.0,0.0
1.0,99.0,0.0,0.0,0.0,0.0
1.0,99.0,0.0,0.0,0.0,0.0
1.0,0.0,4.0,95.0,0.0,0.0
1.0,0.0,0.0,99.0,0.0,0.0
1.0,99.0,0.0,0.0,0.0,0.0
1.0,99.0,0.0,0.0,0.0,0.0
1.0,0.0,0.0,99.0,0.0,0.0
1.0,0.0,0.0,99.0,0.0,0.0
1.0,0.0,0.0,99.0,0.0,0.0
1.0,99.0,0.0,0.0,0.0,0.0
1.0,0.0,6.0,93.0,0.0,0.0
1.0,91.0,8.0,0.0,0.0,0.0
1.0,98.0,1.0,0.0,0.0,0.0
1.0,0.0,0.0,99.0,0.0,0.0
1.0,0.0,0.0,99.0,0.0,0.0
1.0,0.0,1.0,98.0,0.0,0.0
1.0,0.0,0.0,99.0,0.0,0.0
1.0,96.0,3.0,0.0,0.0,0.0
1.0,0.0,0.0,99.0,0.0,0.0
1.0,99.0,0.0,0.0,0.0,0.0
1.0,99.0,0.0,0.0,0.0,0.0
1.0,0.0,0.0,99.0,0.0,0.0
1.0,99.0,0.0,0.0,0.0,0.0
1.0,0.0,0.0,99.0,0.0,0.0
1.0,0.0,0.0,99.0,0.0,0.0
1.0,99.0,0.0,0.0,0.0,0.0
1.0,99.0,0.0,0.0,0.0,0.0
1.0,0.0,0.0,99.0,0.0,0.0
1.0,99.0,0.0,0.0,0.0,0.0
1.0,0.0,2.0,97.0,0.0,0.0
1.0,99.0,0.0,0.0,0.0,0.0
1.0,0.0,0.0,99.0,0.0,0.0
1.0,99.0,0.0,0.0,0.0,0.0
1.0,98.0,1.0,0.0,0.0,0.0
1.0,97.0,2.0,0.0,0.0,0.0
1.0,99.0,0.0,0.0,0.0,0.0
1.0,0.0,0.0,99.0,0.0,0.0
1.0,0.0,7.0,92.0,0.0,0.0
1.0,99.0,0.0,0.0,0.0,0.0
1.0,0.0,0.0,99.0,0.0,0.0
1.0,0.0,0.0,99.0,0.0,0.0
1.0,0.0,0.0,0.0,0.0,0.0
1.0,0.0,0.0,99.0,0.0,0.0
1.0,99.0,0.0,0.0,0.0,0.0
1.0,99.0,0.0,0.0,0.0,0.0
1.0,0.0,1.0,98.0,0.0,0.0
1.0,0.0,0.0,99.0,0.0,0.0
1.0,99.0,0.0,0.0,0.0,0.0
1.0,0.0,0.0,99.0,0.0,0.0
1.0,0.0,0.0,99.0,0.0,0.0
1.0,0.0,0.0,99.0,0.0,0.0
1.0,0.0,0.0,99.0,0.0,0.0
1.0,0.0,0.0,99.0,0.0,0.0
1.0,99.0,0.0,0.0,0.0,0.0
1.0,0.0,0.0,99.0,0.0,0.0
1.0,0.0,0.0,99.0,0.0,0.0
1.0,0.0,0.0,99.0,0.0,0.0
1.0,99.0,0.0,0.0,0.0,0.0
1.0,0.0,0.0,99.0,0.0,0.0
1.0,0.0,0.0,99.0,0.0,0.0
1.0,0.0,0.0,99.0,0.0,0.0
1.0,99.0,0.0,0.0,0.0,0.0
1.0,99.0,0.0,0.0,0.0,0.0
1.0,99.0,0.0,0.0,0.0,0.0
1.0,99.0,0.0,0.0,0.0,0.0
1.0,0.0,0.0,99.0,0.0,0.0
1.0,0.0,0.0,99.0,0.0,0.0
1.0,0.0,0.0,99.0,0.0,0.0
1.0,99.0,0.0,0.0,0.0,0.0
1.0,0.0,0.0,99.0,0.0,0.0
1.0,0.0,0.0,99.0,0.0,0.0
1.0,0.0,0.0,99.0,0.0,0.0
1.0,0.0,0.0,99.0,0.0,0.0
1.0,0.0,1.0,98.0,0.0,0.0
1.0,0.0,0.0,99.0,0.0,0.0
1.0,0.0,0.0,99.0,0.0,0.0
1.0,99.0,0.0,0.0,0.0,0.0
1.0,99.0,0.0,0.0,0.0,0.0
1.0,0.0,0.0,99.0,0.0,0.0
1.0,99.0,0.0,0.0,0.0,0.0
1.0,98.0,1.0,0.0,0.0,0.0
1.0,99.0,0.0,0.0,0.0,0.0
1.0,0.0,0.0,99.0,0.0,0.0
1.0,0.0,13.0,86.0,0.0,0.0
1.0,99.0,0.0,0.0,0.0,0.0
1.0,0.0,0.0,99.0,0.0,0.0
1.0,0.0,0.0,99.0,0.0,0.0
1.0,0.0,0.0,99.0,0.0,0.0
1.0,99.0,0.0,0.0,0.0,0.0
1.0,0.0,0.0,99.0,0.0,0.0
1.0,99.0,0.0,0.0,0.0,0.0
1.0,99.0,0.0,0.0,0.0,0.0
1.0,0.0,0.0,99.0,0.0,0.0
1.0,0.0,0.0,99.0,0.0,0.0
1.0,0.0,3.0,96.0,0.0,0.0
1.0,0.0,0.0,99.0,0.0,0.0
1.0,0.0,0.0,99.0,0.0,0.0
1.0,0.0,0.0,99.0,0.0,0.0
1.0,0.0,0.0,99.0,0.0,0.0
1.0,99.0,0.0,0.0,0.0,0.0
1.0,0.0,0.0,99.0,0.0,0.0
1.0,0.0,0.0,99.0,0.0,0.0
1.0,99.0,0.0,0.0,0.0,0.0
1.0,0.0,4.0,95.0,0.0,0.0
1.0,99.0,0.0,0.0,0.0,0.0
1.0,96.0,3.0,0.0,0.0,0.0
1.0,94.0,5.0,0.0,0.0,0.0
1.0,99.0,0.0,0.0,0.0,0.0
1.0,0.0,0.0,99.0,0.0,0.0
1.0,0.0,0.0,99.0,0.0,0.0
1.0,99.0,0.0,0.0,0.0,0.0
1.0,92.0,7.0,0.0,0.0,0.0
1.0,0.0,0.0,99.0,0.0,0.0
1.0,0.0,0.0,99.0,0.0,0.0
1.0,0.0,0.0,99.0,0.0,0.0
1.0,97.0,2.0,0.0,0.0,0.0
1.0,99.0,0.0,0.0,0.0,0.0
1.0,99.0,0.0,0.0,0.0,0.0
1.0,99.0,0.0,0.0,0.0,0.0
1.0,99.0,0.0,0.0,0.0,0.0
1.0,0.0,0.0,99.0,0.0,0.0
1.0,99.0,0.0,0.0,0.0,0.0
1.0,0.0,0.0,99.0,0.0,0.0
1.0,0.0,7.0,92.0,0.0,0.0
1.0,0.0,0.0,99.0,0.0,0.0
1.0,99.0,0.0,0.0,0.0,0.0
1.0,99.0,0.0,0.0,0.0,0.0
1.0,99.0,0.0,0.0,0.0,0.0
1.0,0.0,0.0,99.0,0.0,0.0
1.0,0.0,0.0,99.0,0.0,0.0
1.0,0.0,0.0,99.0,0.0,0.0
1.0,99.0,0.0,0.0,0.0,0.0
1.0,0.0,1.0,98.0,0.0,0.0
1.0,99.0,0.0,0.0,0.0,0.0
1.0,99.0,0.0,0.0,0.0,0.0
1.0,0.0,0.0,99.0,0.0,0.0
1.0,0.0,0.0,99.0,0.0,0.0
1.0,99.0,0.0,0.0,0.0,0.0
1.0,0.0,0.0,99.0,0.0,0.0
1.0,0.0,0.0,99.0,0.0,0.0
1.0,0.0,0.0,99.0,0.0,0.0
1.0,99.0,0.0,0.0,0.0,0.0
1.0,0.0,0.0,99.0,0.0,0.0
1.0,87.0,12.0,0.0,0.0,0.0
1.0,0.0,0.0,99.0,0.0,0.0
1.0,0.0,0.0,99.0,0.0,0.0
1.0,0.0,0.0,99.0,0.0,0.0
1.0,99.0,0.0,0.0,0.0,0.0
1.0,0.0,0.0,99.0,0.0,0.0
1.0,98.0,1.0,0.0,0.0,0.0
1.0,0.0,0.0,99.0,0.0,0.0
1.0,99.0,0.0,0.0,0.0,0.0
1.0,0.0,0.0,99.0,0.0,0.0
1.0,0.0,0.0,99.0,0.0,0.0
1.0,0.0,0.0,99.0,0.0,0.0
1.0,0.0,0.0,0.0,0.0,0.0
1.0,99.0,0.0,0.0,0.0,0.0
1.0,0.0,0.0,99.0,0.0,0.0
1.0,98.0,1.0,0.0,0.0,0.0
1.0,0.0,0.0,99.0,0.0,0.0
1.0,0.0,0.0,99.0,0.0,0.0
1.0,99.0,0.0,0.0,0.0,0.0
1.0,99.0,0.0,0.0,0.0,0.0
1.0,99.0,0.0,0.0,0.0,0.0
1.0,0.0,0.0,99.0,0.0,0.0
1.0,0.0,1.0,98.0,0.0,0.0
1.0,0.0,0.0,99.0,0.0,0.0
1.0,0.0,0.0,99.0,0.0,0.0
1.0,99.0,0.0,0.0,0.0,0.0
1.0,0.0,0.0,99.0,0.0,0.0
1.0,0.0,0.0,99.0,0.0,0.0
1.0,0.0,0.0,0.0,0.0,0.0
1.0,0.0,0.0,99.0,0.0,0.0
1.0,0.0,0.0,99.0,0.0,0.0
1.0,0.0,0.0,99.0,0.0,0.0
1.0,99.0,0.0,0.0,0.0,0.0
1.0,99.0,0.0,0.0,0.0,0.0
1.0,0.0,0.0,99.0,0.0,0.0
1.0,0.0,0.0,99.0,0.0,0.0
1.0,0.0,0.0,99.0,0.0,0.0
1.0,0.0,8.0,91.0,0.0,0.0
1.0,99.0,0.0,0.0,0.0,0.0
1.0,0.0,0.0,99.0,0.0,0.0
1.0,0.0,0.0,99.0,0.0,0.0
1.0,0.0,0.0,99.0,0.0,0.0
1.0,99.0,0.0,0.0,0.0,0.0
1.0,0.0,0.0,99.0,0.0,0.0
1.0,99.0,0.0,0.0,0.0,0.0
1.0,0.0,8.0,91.0,0.0,0.0
1.0,99.0,0.0,0.0,0.0,0.0
1.0,0.0,0.0,99.0,0.0,0.0
1.0,98.0,1.0,0.0,0.0,0.0
1.0,0.0,0.0,99.0,0.0,0.0
1.0,0.0,0.0,99.0,0.0,0.0
1.0,97.0,2.0,0.0,0.0,0.0
1.0,99.0,0.0,0.0,0.0,0.0
1.0,99.0,0.0,0.0,0.0,0.0
1.0,0.0,0.0,99.0,0.0,0.0
1.0,0.0,4.0,95.0,0.0,0.0
1.0,0.0,0.0,99.0,0.0,0.0
1.0,0.0,1.0,98.0,0.0,0.0
1.0,0.0,0.0,99.0,0.0,0.0
1.0,0.0,0.0,99.0,0.0,0.0
1.0,0.0,9.0,90.0,0.0,0.0
1.0,99.0,0.0,0.0,0.0,0.0
1.0,0.0,1.0,98.0,0.0,0.0
1.0,0.0,0.0,0.0,0.0,0.0
1.0,99.0,0.0,0.0,0.0,0.0
1.0,99.0,0.0,0.0,0.0,0.0
1.0,99.0,0.0,0.0,0.0,0.0
