"total_rewards","action_rewards","opinion_rewards"
18646,3708,14938
17584,2907,14677
17815,3090,14725
17821,3007,14814
17892,3110,14782
17690,3115,14575
17981,3200,14781
18946,3989,14957
18080,3238,14842
18610,3619,14991
18326,3407,14919
18654,3713,14941
18723,3852,14871
18426,3545,14881
18831,3674,15157
18237,3332,14905
18487,3478,15009
18342,3328,15014
18156,3485,14671
17991,3221,14770
17760,3164,14596
18188,3341,14847
18489,3542,14947
18392,3576,14816
18997,3934,15063
17872,3103,14769
18514,3732,14782
18137,3385,14752
17662,3040,14622
18689,3568,15121
17766,3026,14740
18667,3655,15012
18844,3766,15078
18449,3700,14749
18539,3726,14813
18190,3321,14869
18272,3383,14889
17637,2867,14770
18358,3584,14774
19052,4082,14970
16855,2453,14402
18487,3592,14895
19184,4144,15040
19315,4197,15118
18660,3752,14908
19182,4091,15091
19173,4005,15168
17739,3029,14710
18813,3847,14966
18923,4048,14875
17420,2716,14704
18488,3695,14793
18620,3686,14934
18426,3640,14786
18644,3736,14908
18323,3478,14845
19174,4089,15085
18787,3899,14888
19191,4097,15094
18913,3993,14920
18903,3883,15020
19124,4146,14978
18797,3960,14837
17954,3333,14621
19316,4092,15224
18554,3577,14977
18779,3761,15018
18069,3345,14724
18845,3801,15044
19372,4383,14989
19043,3976,15067
19069,4068,15001
19632,4412,15220
19411,4275,15136
18759,3867,14892
18963,4015,14948
19789,4686,15103
19078,4198,14880
18613,3807,14806
18423,3518,14905
19666,4497,15169
17878,3275,14603
19625,4459,15166
19175,4254,14921
19556,4448,15108
19133,4138,14995
18700,3802,14898
19645,4519,15126
19101,4162,14939
18297,3590,14707
19644,4481,15163
19416,4350,15066
19533,4531,15002
18761,3953,14808
19604,4516,15088
18850,3878,14972
19749,4628,15121
19073,4009,15064
19574,4569,15005
19298,4303,14995
19688,4545,15143
19924,4751,15173
19883,4723,15160
19268,4262,15006
19846,4735,15111
20095,4866,15229
19986,4827,15159
19901,4875,15026
17787,3160,14627
20193,4893,15300
19257,4283,14974
20123,4871,15252
18980,4064,14916
19744,4669,15075
20575,5262,15313
20262,5175,15087
19905,4830,15075
17916,3362,14554
19354,4462,14892
20540,5280,15260
20467,5274,15193
20257,5147,15110
19673,4820,14853
19815,4763,15052
20135,5171,14964
18334,3705,14629
20649,5345,15304
20096,4925,15171
20081,5074,15007
19452,4641,14811
19110,4176,14934
20263,5179,15084
19830,4813,15017
20200,5009,15191
20176,5299,14877
20021,5038,14983
19934,4914,15020
20091,4966,15125
20548,5451,15097
20378,5366,15012
19060,4290,14770
20148,5042,15106
20437,5377,15060
20720,5443,15277
20626,5440,15186
19944,4950,14994
20375,5363,15012
20043,5138,14905
20071,5130,14941
20821,5599,15222
21397,6076,15321
20623,5534,15089
19788,4839,14949
19866,5067,14799
20847,5756,15091
20581,5504,15077
19996,5172,14824
20834,5752,15082
19770,4888,14882
21198,5978,15220
20057,5141,14916
20548,5394,15154
21142,6014,15128
20703,5708,14995
20576,5550,15026
21663,6367,15296
21466,6124,15342
19803,5199,14604
21013,6003,15010
21054,5926,15128
21030,5900,15130
20351,5522,14829
20981,6006,14975
20325,5616,14709
20967,5944,15023
21128,6034,15094
21790,6565,15225
22173,6793,15380
20419,5406,15013
20525,5614,14911
21501,6359,15142
21495,6312,15183
21182,6188,14994
20984,6016,14968
21402,6333,15069
21159,6043,15116
21443,6321,15122
21767,6609,15158
21601,6561,15040
21686,6477,15209
21306,6264,15042
20663,5939,14724
21513,6513,15000
21966,6765,15201
21595,6541,15054
20539,5638,14901
21277,6249,15028
21271,6285,14986
22217,7030,15187
20552,5784,14768
21477,6517,14960
21654,6564,15090
21031,6169,14862
21355,6388,14967
21999,6846,15153
20954,6172,14782
22019,6911,15108
22050,6845,15205
20815,5904,14911
20556,5784,14772
22344,7230,15114
22025,6959,15066
21640,6639,15001
22727,7417,15310
21048,6216,14832
22150,7179,14971
20790,6097,14693
21794,6746,15048
22467,7339,15128
22093,7128,14965
21935,6941,14994
22429,7363,15066
21354,6479,14875
21503,6649,14854
21273,6545,14728
22167,7135,15032
21300,6628,14672
21401,6495,14906
22442,7377,15065
22994,7775,15219
21772,6924,14848
22374,7352,15022
21880,7024,14856
22318,7320,14998
21017,6308,14709
22459,7335,15124
21948,6902,15046
22495,7470,15025
21952,7136,14816
22822,7826,14996
22260,7295,14965
22224,7500,14724
21856,7035,14821
22353,7299,15054
22317,7539,14778
21680,6867,14813
20826,6412,14414
21711,7006,14705
22630,7659,14971
22757,7890,14867
20709,6212,14497
22274,7422,14852
20658,6145,14513
22015,7269,14746
22377,7435,14942
21703,7044,14659
21719,7014,14705
22138,7332,14806
22637,7695,14942
21409,6772,14637
19957,5541,14416
22199,7520,14679
22469,7638,14831
21941,7308,14633
22833,7964,14869
22520,7775,14745
22580,7768,14812
23156,8212,14944
20940,6505,14435
22694,8003,14691
22765,7860,14905
23092,8060,15032
22595,7740,14855
22462,7760,14702
21409,6789,14620
22448,7768,14680
22156,7485,14671
21625,7210,14415
22423,7703,14720
23001,8381,14620
21033,6685,14348
22979,8232,14747
23031,8190,14841
22671,7953,14718
22059,7615,14444
23222,8227,14995
22979,8086,14893
23010,8255,14755
22845,8171,14674
23093,8337,14756
22300,7671,14629
22751,8092,14659
22646,7895,14751
23062,8292,14770
21874,7386,14488
22958,8362,14596
22537,7928,14609
22484,7911,14573
22690,8092,14598
22936,8179,14757
22570,7879,14691
23392,8774,14618
22583,8026,14557
23451,8759,14692
22462,7842,14620
22322,7820,14502
21714,7249,14465
22290,7690,14600
23293,8540,14753
22537,7913,14624
23869,9040,14829
23269,8648,14621
23116,8440,14676
23334,8695,14639
22154,7657,14497
22659,8183,14476
21789,7450,14339
19880,5960,13920
22740,8174,14566
22088,7690,14398
22401,7882,14519
22153,7788,14365
22554,8015,14539
23228,8616,14612
23114,8435,14679
21882,7505,14377
23584,8925,14659
22678,8307,14371
22362,8033,14329
22299,7922,14377
23584,8943,14641
22944,8495,14449
23458,8825,14633
21224,7158,14066
23907,9205,14702
23785,9208,14577
23201,8530,14671
22575,8221,14354
22923,8378,14545
23414,8876,14538
23347,8786,14561
21915,7623,14292
23347,8774,14573
22501,8219,14282
22049,7822,14227
24053,9530,14523
22983,8343,14640
23602,9035,14567
23807,9254,14553
23173,8826,14347
24015,9559,14456
23577,9083,14494
22914,8515,14399
24021,9412,14609
22022,7950,14072
22944,8647,14297
22856,8415,14441
21955,7759,14196
22740,8255,14485
23032,8607,14425
22988,8490,14498
23877,9396,14481
22578,8437,14141
22501,8233,14268
22601,8278,14323
23316,9034,14282
22559,8420,14139
22583,8338,14245
23681,9241,14440
23933,9589,14344
23201,8900,14301
23696,9321,14375
22275,8094,14181
22279,8229,14050
22949,8767,14182
24109,9653,14456
24123,9726,14397
23298,8976,14322
23960,9465,14495
23473,9072,14401
22614,8532,14082
23925,9459,14466
23530,9339,14191
23297,9056,14241
24068,9626,14442
23856,9430,14426
22251,8101,14150
21402,7650,13752
23370,9104,14266
23184,8963,14221
24416,9955,14461
23768,9442,14326
23744,9437,14307
22737,8619,14118
21739,7900,13839
21794,7698,14096
23891,9572,14319
22139,8156,13983
21525,7784,13741
24054,9774,14280
23062,8764,14298
22717,8517,14200
22359,8212,14147
20889,7107,13782
21934,8204,13730
22495,8478,14017
22493,8542,13951
23113,8982,14131
22673,8517,14156
23496,9370,14126
23246,9248,13998
22019,8091,13928
21774,7741,14033
23455,9263,14192
23367,9282,14085
24398,10047,14351
23676,9569,14107
23338,9138,14200
22729,8716,14013
23932,9622,14310
23079,8960,14119
23420,9308,14112
22998,8880,14118
22744,8707,14037
23215,9202,14013
22331,8376,13955
23074,9012,14062
23047,9066,13981
22423,8421,14002
23791,9628,14163
22423,8703,13720
22989,9056,13933
23853,9724,14129
23680,9532,14148
23694,9573,14121
23737,9596,14141
23314,9517,13797
22962,9115,13847
23785,9878,13907
23495,9492,14003
23733,9715,14018
23790,9727,14063
22942,9096,13846
24113,10055,14058
23224,9219,14005
22456,8633,13823
22803,8973,13830
23685,9709,13976
22092,8477,13615
24425,10371,14054
24103,9937,14166
22602,8853,13749
24757,10554,14203
24373,10298,14075
22721,8894,13827
23456,9562,13894
24051,10083,13968
23936,9920,14016
21987,8243,13744
24276,10221,14055
23140,9179,13961
24679,10507,14172
24060,9909,14151
22946,9103,13843
23434,9653,13781
25084,10891,14193
22950,9083,13867
21889,8270,13619
23502,9623,13879
23473,9498,13975
24151,10073,14078
22226,8413,13813
22613,9019,13594
24009,10034,13975
24371,10337,14034
22750,8938,13812
22679,8887,13792
23478,9574,13904
24357,10270,14087
23552,9781,13771
23059,9038,14021
23215,9425,13790
23243,9482,13761
23828,10043,13785
25076,11007,14069
23429,9607,13822
23858,9890,13968
24182,10296,13886
22153,8389,13764
23047,9384,13663
22223,8580,13643
24631,10732,13899
22001,8287,13714
23752,9887,13865
23869,10073,13796
23963,10100,13863
24665,10725,13940
23341,9624,13717
24544,10722,13822
24614,10710,13904
23015,9282,13733
24394,10534,13860
24458,10609,13849
24342,10560,13782
24243,10310,13933
22473,8873,13600
23925,10066,13859
24426,10549,13877
23448,9749,13699
21917,8540,13377
24027,10207,13820
24949,11061,13888
23122,9428,13694
22075,8608,13467
23797,10072,13725
21851,8363,13488
23719,9974,13745
24180,10375,13805
24861,11004,13857
22553,8928,13625
24401,10697,13704
23082,9407,13675
23361,9769,13592
24805,10994,13811
23599,9931,13668
22837,9485,13352
24509,10708,13801
23799,10184,13615
23954,10328,13626
23660,9967,13693
24663,10847,13816
24514,10658,13856
24417,10697,13720
22002,8721,13281
24494,10842,13652
23390,9748,13642
23374,9908,13466
21430,8243,13187
22480,8948,13532
24670,10924,13746
23811,10253,13558
24041,10459,13582
22686,9258,13428
23946,10244,13702
23441,9710,13731
23046,9670,13376
23101,9540,13561
23780,10316,13464
24188,10518,13670
24002,10260,13742
23211,9729,13482
23056,9585,13471
25074,11266,13808
22761,9450,13311
24898,11173,13725
22334,8961,13373
23699,10211,13488
23911,10413,13498
24075,10564,13511
22631,9261,13370
23346,9851,13495
22980,9590,13390
24472,10918,13554
23640,10144,13496
24973,11274,13699
21916,8662,13254
23314,9931,13383
23187,9791,13396
23399,10014,13385
23615,10128,13487
23714,10332,13382
22531,9305,13226
24314,10824,13490
24012,10482,13530
23930,10368,13562
23233,9830,13403
23883,10281,13602
23914,10556,13358
22826,9581,13245
24677,11034,13643
23624,10055,13569
23448,10017,13431
24601,11090,13511
22819,9483,13336
22648,9392,13256
24538,10987,13551
23521,10157,13364
22597,9377,13220
23737,10244,13493
23304,9913,13391
24065,10625,13440
23851,10507,13344
23445,9996,13449
23750,10259,13491
21754,8521,13233
23573,10052,13521
22353,9180,13173
25073,11540,13533
24078,10676,13402
25267,11735,13532
22532,9386,13146
23839,10393,13446
24900,11335,13565
24539,11155,13384
24208,10723,13485
23417,10143,13274
23906,10476,13430
23646,10163,13483
24368,10739,13629
24065,10744,13321
22857,9761,13096
24344,10880,13464
24201,10725,13476
23231,9851,13380
23537,10155,13382
23635,10297,13338
23353,10033,13320
22807,9634,13173
22394,9337,13057
24141,10684,13457
22438,9420,13018
23678,10412,13266
23187,9923,13264
24484,10935,13549
23834,10601,13233
24507,10957,13550
24376,10979,13397
22244,9211,13033
23011,9952,13059
24152,10802,13350
23539,10333,13206
22053,9166,12887
23892,10528,13364
24920,11559,13361
22277,9147,13130
25227,11801,13426
23591,10255,13336
21790,8934,12856
23678,10381,13297
22793,9491,13302
23510,10221,13289
23907,10620,13287
23758,10479,13279
23600,10389,13211
24929,11611,13318
23398,10382,13016
23499,10363,13136
24207,10865,13342
23356,9987,13369
22854,9826,13028
23814,10568,13246
23354,10037,13317
23519,10209,13310
23389,10203,13186
25126,11802,13324
24298,10853,13445
24010,10908,13102
24287,11120,13167
23395,10117,13278
22955,9958,12997
21945,8901,13044
24511,11196,13315
23302,10170,13132
23862,10655,13207
24593,11338,13255
25035,11769,13266
25062,11665,13397
23751,10629,13122
24622,11221,13401
23313,10323,12990
24124,10829,13295
23981,10827,13154
22143,9404,12739
25026,11712,13314
25031,11800,13231
24233,11052,13181
23362,10149,13213
23332,10190,13142
21961,9028,12933
23674,10663,13011
23098,10045,13053
23231,10126,13105
23846,10841,13005
24758,11552,13206
24421,11215,13206
23818,10694,13124
24278,11121,13157
24779,11668,13111
24269,11172,13097
23372,10281,13091
23757,10581,13176
24173,11005,13168
24130,10861,13269
21907,8991,12916
24819,11592,13227
24891,11762,13129
23996,10908,13088
24292,11216,13076
22816,10019,12797
24012,11067,12945
23332,10365,12967
23251,10362,12889
24056,10908,13148
23015,9952,13063
24193,10997,13196
23788,10755,13033
22910,10014,12896
24635,11493,13142
25213,12015,13198
23907,10642,13265
23816,10818,12998
24704,11644,13060
25054,11831,13223
23720,10724,12996
23514,10621,12893
23592,10534,13058
23849,10722,13127
23695,10651,13044
23378,10364,13014
22121,9271,12850
24314,11282,13032
23467,10457,13010
24627,11595,13032
22388,9533,12855
21677,9111,12566
24553,11530,13023
23303,10433,12870
24737,11540,13197
23818,10773,13045
24126,10937,13189
23639,10722,12917
23371,10462,12909
23772,10764,13008
24022,11135,12887
24062,11101,12961
23197,10318,12879
24099,11266,12833
24297,11290,13007
24088,11154,12934
24181,11202,12979
24300,11346,12954
22476,9796,12680
24344,11457,12887
22796,10020,12776
23177,10349,12828
22713,9844,12869
24398,11423,12975
24404,11527,12877
24549,11515,13034
24467,11359,13108
23108,10264,12844
23954,11103,12851
23884,10978,12906
22258,9505,12753
24364,11407,12957
24834,11907,12927
24695,11793,12902
23045,10195,12850
23724,10745,12979
24338,11406,12932
24208,11249,12959
23938,10961,12977
25211,12110,13101
23461,10651,12810
22705,10141,12564
23069,10430,12639
23408,10556,12852
24772,11913,12859
23625,10747,12878
22837,9949,12888
22523,9922,12601
21930,9238,12692
22346,9737,12609
23531,10611,12920
23597,10861,12736
23250,10348,12902
23011,10265,12746
24299,11529,12770
25253,12251,13002
23052,10275,12777
22837,10024,12813
22824,10111,12713
24112,11105,13007
24062,11057,13005
23607,10774,12833
23332,10551,12781
22188,9725,12463
23722,10823,12899
23037,10289,12748
24328,11383,12945
21742,9282,12460
23634,10967,12667
23029,10287,12742
24522,11577,12945
22966,10170,12796
24309,11411,12898
23667,10816,12851
24855,11984,12871
23555,10779,12776
22845,10176,12669
22885,10134,12751
23148,10523,12625
24017,11349,12668
24760,11805,12955
24070,11154,12916
23735,10918,12817
21614,9188,12426
23932,11198,12734
25275,12315,12960
24204,11221,12983
24706,11780,12926
24958,12044,12914
25069,12109,12960
23747,10983,12764
23788,10905,12883
21693,9259,12434
24128,11261,12867
22696,10289,12407
23344,10742,12602
24213,11489,12724
23763,11090,12673
23741,11165,12576
24939,12077,12862
24065,11442,12623
22637,10092,12545
23144,10455,12689
24597,11834,12763
22855,10189,12666
23861,11033,12828
23730,10881,12849
21866,9488,12378
23808,11140,12668
24077,11275,12802
23363,10618,12745
22087,9592,12495
23701,10926,12775
22349,10054,12295
23696,10960,12736
24136,11329,12807
24355,11493,12862
23595,11049,12546
24382,11664,12718
23456,10836,12620
23070,10338,12732
22185,9699,12486
23215,10433,12782
25208,12324,12884
22591,10126,12465
23470,10780,12690
23139,10428,12711
22755,10152,12603
24559,11826,12733
22585,10092,12493
24758,11869,12889
24729,12045,12684
23833,11045,12788
23403,10644,12759
23657,11084,12573
23907,11132,12775
25040,12360,12680
23050,10465,12585
23685,11050,12635
22046,9649,12397
24677,12002,12675
25287,12468,12819
23566,11128,12438
23854,11182,12672
24328,11635,12693
24707,12024,12683
24129,11488,12641
23712,11194,12518
24154,11436,12718
23701,11063,12638
23515,10854,12661
23428,10943,12485
24189,11512,12677
24491,11887,12604
23007,10514,12493
22414,9969,12445
24466,11797,12669
23914,11223,12691
21585,9125,12460
22931,10284,12647
24300,11585,12715
22743,10234,12509
23549,11021,12528
24745,12042,12703
23934,11371,12563
23878,11165,12713
24802,12048,12754
23357,10772,12585
22342,9850,12492
24192,11685,12507
23821,11324,12497
24068,11573,12495
24061,11483,12578
23594,11084,12510
23822,11251,12571
23990,11380,12610
24403,11840,12563
24243,11601,12642
24209,11576,12633
22400,10219,12181
23998,11514,12484
24432,11787,12645
23947,11339,12608
24358,11684,12674
23295,10684,12611
23112,10684,12428
23483,10944,12539
22581,10355,12226
21874,9514,12360
23461,10956,12505
22024,9649,12375
24940,12308,12632
23704,11325,12379
23228,10791,12437
23734,11232,12502
23892,11292,12600
22682,10292,12390
23134,10663,12471
22036,9883,12153
23371,10856,12515
23838,11186,12652
24886,12375,12511
23413,11003,12410
24542,11855,12687
23896,11453,12443
23190,10829,12361
23430,10876,12554
24450,11895,12555
22396,10056,12340
25016,12306,12710
23817,11379,12438
23386,10801,12585
24368,11641,12727
23147,10660,12487
22947,10632,12315
23667,11128,12539
24162,11590,12572
23364,10778,12586
24756,12283,12473
22472,10082,12390
21835,9655,12180
21509,9289,12220
22843,10629,12214
22698,10279,12419
23612,11114,12498
24459,11900,12559
23107,10811,12296
23238,10715,12523
23838,11308,12530
24724,12084,12640
24296,11767,12529
22992,10603,12389
24693,12151,12542
24409,11885,12524
21739,9636,12103
23412,11062,12350
23165,10720,12445
20962,8856,12106
23230,10882,12348
23787,11285,12502
24390,11933,12457
22870,10390,12480
24241,11652,12589
22623,10231,12392
23238,10853,12385
25230,12639,12591
23293,10870,12423
23883,11386,12497
24656,12218,12438
23803,11593,12210
23032,10816,12216
25559,12860,12699
23893,11657,12236
23613,11279,12334
24991,12571,12420
24653,12268,12385
23854,11303,12551
23299,10941,12358
23489,10906,12583
22510,10166,12344
22388,10039,12349
21173,9115,12058
23555,11136,12419
22958,10666,12292
23630,11159,12471
22017,9858,12159
24692,12161,12531
23313,11006,12307
22737,10506,12231
23367,11037,12330
22139,9810,12329
22619,10327,12292
24539,12016,12523
22560,10517,12043
22603,10361,12242
23299,10924,12375
24235,11851,12384
25143,12582,12561
22856,10603,12253
23242,10965,12277
23798,11332,12466
25142,12616,12526
25226,12691,12535
22109,9910,12199
21590,9502,12088
24268,11771,12497
24856,12407,12449
22885,10673,12212
24464,12243,12221
23580,11344,12236
22580,10331,12249
22910,10543,12367
24733,12164,12569
24238,11850,12388
23811,11618,12193
24213,11787,12426
23454,11113,12341
23924,11593,12331
23159,11020,12139
23217,11092,12125
24354,11864,12490
22338,10218,12120
23938,11514,12424
23978,11663,12315
24773,12245,12528
24868,12626,12242
24436,11945,12491
24037,11489,12548
23694,11643,12051
21786,9689,12097
23070,10696,12374
24085,11908,12177
23129,10945,12184
22640,10582,12058
24111,11777,12334
24535,12239,12296
24153,11668,12485
24414,11995,12419
24700,12243,12457
23792,11584,12208
24595,12246,12349
23104,10898,12206
21542,9476,12066
24914,12669,12245
20771,8978,11793
24323,11905,12418
25076,12600,12476
23526,11167,12359
23333,11232,12101
23944,11636,12308
24921,12437,12484
22675,10674,12001
24663,12345,12318
23222,11062,12160
25094,12640,12454
23287,11012,12275
23243,11024,12219
22709,10520,12189
21807,9648,12159
21706,9892,11814
24379,12060,12319
23209,10949,12260
23252,10967,12285
24786,12344,12442
23694,11532,12162
24194,11794,12400
23998,11598,12400
24669,12393,12276
23291,10967,12324
24829,12404,12425
21590,9730,11860
24605,12226,12379
24127,11730,12397
24420,12055,12365
24032,11648,12384
23228,10919,12309
23229,11120,12109
23144,10780,12364
20811,9123,11688
24207,11975,12232
23524,11093,12431
24767,12485,12282
23673,11398,12275
24696,12353,12343
22181,10044,12137
24149,11636,12513
21642,9447,12195
23443,11293,12150
24373,12158,12215
24057,11673,12384
23924,11574,12350
23392,11158,12234
24130,12007,12123
25304,12832,12472
23821,11538,12283
23685,11345,12340
22227,10196,12031
23688,11503,12185
23061,10888,12173
23976,11615,12361
24859,12393,12466
25298,12888,12410
22315,10219,12096
24170,11946,12224
24097,11979,12118
24086,12196,11890
24786,12563,12223
22727,10865,11862
22653,10645,12008
23100,11003,12097
23748,11435,12313
23389,11196,12193
23042,10967,12075
25027,12653,12374
22300,10221,12079
23086,10957,12129
23000,10817,12183
23885,11575,12310
22408,10469,11939
24846,12414,12432
22029,10076,11953
23087,10921,12166
21630,9571,12059
22462,10350,12112
22828,10860,11968
24114,11833,12281
23639,11719,11920
24205,11969,12236
23594,11400,12194
23453,11216,12237
24173,11815,12358
23649,11313,12336
21962,9842,12120
23951,11764,12187
23349,11252,12097
23978,11772,12206
24306,12037,12269
23908,11629,12279
23166,11050,12116
24499,12272,12227
23748,11441,12307
22474,10448,12026
22851,10654,12197
23589,11304,12285
23459,11550,11909
24454,12167,12287
23586,11403,12183
22252,10166,12086
24865,12530,12335
22614,10505,12109
25158,12860,12298
23808,11616,12192
23975,11648,12327
23579,11351,12228
24111,11912,12199
24687,12347,12340
23793,11449,12344
24122,12045,12077
23489,11253,12236
22957,10801,12156
23134,10940,12194
23660,11428,12232
23091,10888,12203
24594,12359,12235
24455,12198,12257
24271,12455,11816
21442,9645,11797
23642,11442,12200
25037,12640,12397
23433,11651,11782
24254,11999,12255
23433,11236,12197
22394,10774,11620
21941,10114,11827
22316,10313,12003
23577,11661,11916
24824,12562,12262
23533,11491,12042
22952,10696,12256
24241,12108,12133
24401,12264,12137
25161,12917,12244
23582,11607,11975
22804,10773,12031
23330,11265,12065
25112,12910,12202
24235,11891,12344
23797,11920,11877
24201,12004,12197
23108,11179,11929
24760,12583,12177
23684,11557,12127
24038,11940,12098
23908,11629,12279
24377,12275,12102
25277,13005,12272
22702,10646,12056
22006,10346,11660
25015,12754,12261
24159,12157,12002
22734,10909,11825
23091,10906,12185
23184,11194,11990
22217,10267,11950
23378,11203,12175
23067,11240,11827
24882,12699,12183
23742,11595,12147
23985,11835,12150
23992,11919,12073
20953,9300,11653
23869,11736,12133
23427,11301,12126
24086,11873,12213
23497,11280,12217
23770,11771,11999
24865,12801,12064
23761,11579,12182
24171,11954,12217
23685,11502,12183
25082,12843,12239
24802,12734,12068
22339,10455,11884
24341,12382,11959
23756,11661,12095
23317,11287,12030
24853,12591,12262
23999,11826,12173
24024,11895,12129
23716,11583,12133
24670,12506,12164
22577,11001,11576
23955,11948,12007
22553,10466,12087
23156,11071,12085
23452,11283,12169
23947,11697,12250
23351,11261,12090
23348,11380,11968
23892,11816,12076
24306,12476,11830
23326,11211,12115
22939,10821,12118
22554,10588,11966
22851,10877,11974
23931,12002,11929
23979,11784,12195
23991,12240,11751
23521,11541,11980
23992,11938,12054
24579,12544,12035
23155,11101,12054
23245,11252,11993
24917,12808,12109
23478,11427,12051
24581,12540,12041
24370,12239,12131
23555,11421,12134
22031,10185,11846
24932,12864,12068
23777,11821,11956
22977,10942,12035
23321,11561,11760
23595,11452,12143
24112,12260,11852
23434,11361,12073
24394,12313,12081
24334,12605,11729
23998,11923,12075
23577,11426,12151
21983,10083,11900
23927,12008,11919
24296,12351,11945
23938,11886,12052
24233,12363,11870
21343,9753,11590
22080,10533,11547
21748,9904,11844
24088,11990,12098
24212,12331,11881
23046,11094,11952
23818,11849,11969
24362,12236,12126
21604,9896,11708
21984,10130,11854
22980,11104,11876
23942,11842,12100
22611,10581,12030
23363,11359,12004
24000,12051,11949
22755,10787,11968
22419,10840,11579
24192,12270,11922
23896,12102,11794
24725,12617,12108
23864,12105,11759
21859,10073,11786
23444,11323,12121
22202,10376,11826
23662,11711,11951
23930,11845,12085
22887,10991,11896
23343,11305,12038
25006,12830,12176
22077,10177,11900
24650,12759,11891
22575,10878,11697
23797,11673,12124
23501,11553,11948
24123,12230,11893
23326,11448,11878
23940,11892,12048
23726,11713,12013
22988,11278,11710
22637,10815,11822
24148,11976,12172
22551,10914,11637
23846,11768,12078
23503,11610,11893
20705,9606,11099
22678,10767,11911
22245,10318,11927
24269,12219,12050
23184,11086,12098
23371,11536,11835
22850,11026,11824
23729,11695,12034
22345,10436,11909
24085,12021,12064
24447,12521,11926
22727,10699,12028
23971,11912,12059
23249,11224,12025
23481,11452,12029
22853,10934,11919
24002,12025,11977
23961,11802,12159
23003,11339,11664
23859,11765,12094
24071,11917,12154
22080,10303,11777
24668,12622,12046
22247,10321,11926
22577,10688,11889
23381,11373,12008
23842,11793,12049
23775,12150,11625
24334,12351,11983
24142,12023,12119
22719,11292,11427
24020,12170,11850
23916,12019,11897
22805,11160,11645
21983,10270,11713
22262,10436,11826
23878,11842,12036
23978,12333,11645
22767,11159,11608
23670,11619,12051
24442,12311,12131
23651,11564,12087
24597,12402,12195
23793,12025,11768
24579,12601,11978
23638,11681,11957
21682,9818,11864
24246,12350,11896
23338,11357,11981
24939,12892,12047
25089,12882,12207
24075,11908,12167
23782,11823,11959
23627,11628,11999
23131,11100,12031
21816,9976,11840
23530,11500,12030
24398,12684,11714
21271,9963,11308
21665,9992,11673
23977,12011,11966
24105,12014,12091
22934,11039,11895
23278,11352,11926
22337,10870,11467
23285,11475,11810
21213,9629,11584
22479,10568,11911
22439,10566,11873
22504,10725,11779
23270,11702,11568
23299,11456,11843
23559,11604,11955
23273,11286,11987
24148,12409,11739
23254,11303,11951
23368,11370,11998
24225,12345,11880
22142,10299,11843
23970,11852,12118
24181,12126,12055
23082,11225,11857
23453,11406,12047
23729,11774,11955
23546,11536,12010
23937,11871,12066
22052,10269,11783
23409,11510,11899
22667,10827,11840
22389,10631,11758
22225,10348,11877
23674,12058,11616
23892,12255,11637
22184,10582,11602
23309,11712,11597
24702,12503,12199
23045,11016,12029
23309,11791,11518
23847,11850,11997
24083,12075,12008
23759,12001,11758
24696,12793,11903
22817,10870,11947
22005,10117,11888
24380,12370,12010
22067,10351,11716
22403,10701,11702
23784,11916,11868
22297,10591,11706
22754,10918,11836
24064,11985,12079
23615,11848,11767
23860,11802,12058
21533,9802,11731
22742,11019,11723
21447,9760,11687
24096,12348,11748
23804,11990,11814
24116,12105,12011
24301,12501,11800
24162,12227,11935
23000,11142,11858
23161,11578,11583
24915,12993,11922
24431,12446,11985
24553,12451,12102
23541,11871,11670
24167,12235,11932
23902,11973,11929
22576,10696,11880
23741,12187,11554
24422,12386,12036
24093,12456,11637
22454,10643,11811
24371,12399,11972
24657,12774,11883
21657,9998,11659
23226,11696,11530
24568,12434,12134
22684,10779,11905
21734,9946,11788
24370,12476,11894
22495,10619,11876
23630,12106,11524
22174,10390,11784
24032,12369,11663
21914,10250,11664
22899,11048,11851
23714,11710,12004
22889,11147,11742
22886,11139,11747
23546,11705,11841
23959,11937,12022
23402,11549,11853
22653,10859,11794
23747,11785,11962
23993,12126,11867
23672,11630,12042
22038,10533,11505
22952,11085,11867
23532,12017,11515
23863,12136,11727
23111,11026,12085
24134,12240,11894
22924,11100,11824
21965,10252,11713
23655,11678,11977
21118,9563,11555
23150,11348,11802
23902,11855,12047
23831,12167,11664
23857,11828,12029
22858,11145,11713
24337,12571,11766
21271,9547,11724
24227,12149,12078
24063,12005,12058
23313,11424,11889
23744,11788,11956
22544,10744,11800
23985,11976,12009
21959,10210,11749
22442,10756,11686
24153,12231,11922
23506,11634,11872
21546,10357,11189
22014,10501,11513
23428,11654,11774
23221,11383,11838
21215,9734,11481
22253,10499,11754
23138,11689,11449
23398,11951,11447
21421,9952,11469
23887,12064,11823
23078,11363,11715
23294,11584,11710
23014,11111,11903
23545,12013,11532
21925,10503,11422
22784,10906,11878
23792,11960,11832
24420,12403,12017
23687,12127,11560
22348,10657,11691
24338,12699,11639
22284,10509,11775
24170,12369,11801
23859,11957,11902
23714,11834,11880
23630,11600,12030
21987,10808,11179
24350,12421,11929
23720,11767,11953
24717,12745,11972
22645,10795,11850
22485,10921,11564
21728,9991,11737
23282,11708,11574
22371,10785,11586
23943,12349,11594
22996,11555,11441
22569,10906,11663
23490,11624,11866
23420,11936,11484
24226,12231,11995
23790,12230,11560
23393,11518,11875
22133,10499,11634
21073,9550,11523
24085,12014,12071
22404,10545,11859
22636,10919,11717
23082,11106,11976
23132,11268,11864
23005,11174,11831
24241,12464,11777
22981,11221,11760
23781,11929,11852
23210,11423,11787
23375,11504,11871
23049,11197,11852
24026,12042,11984
22891,11066,11825
23341,11466,11875
21631,10070,11561
21695,10114,11581
21795,10191,11604
23929,12401,11528
22672,11184,11488
24032,12465,11567
23505,11771,11734
23946,12061,11885
23208,11674,11534
23758,12090,11668
24464,12796,11668
22084,10425,11659
24582,12713,11869
21963,10680,11283
21867,10273,11594
22800,11233,11567
23651,12145,11506
22983,11373,11610
22937,11101,11836
23602,12123,11479
23646,11973,11673
24943,13047,11896
24333,12435,11898
23137,11263,11874
22687,11314,11373
23282,11543,11739
24356,12444,11912
23845,12029,11816
22751,10865,11886
23442,11609,11833
21737,10206,11531
23029,11368,11661
23054,11233,11821
24040,12538,11502
22956,11202,11754
22924,11336,11588
23346,11438,11908
24700,13069,11631
23224,11382,11842
22660,11281,11379
23255,11350,11905
22767,10912,11855
23167,11843,11324
22036,10464,11572
21589,9903,11686
23775,12239,11536
23360,11539,11821
21552,9818,11734
23062,11549,11513
23906,12081,11825
23664,11852,11812
23808,11824,11984
21310,9697,11613
23383,11699,11684
23561,12154,11407
24607,12676,11931
23505,11631,11874
23432,11520,11912
24373,12774,11599
23899,12412,11487
22806,11059,11747
20610,9046,11564
24027,12097,11930
23684,12198,11486
23407,11485,11922
23942,12015,11927
23962,11965,11997
24574,12648,11926
24202,12207,11995
22705,10966,11739
22300,10617,11683
23379,11464,11915
24316,12715,11601
23730,11669,12061
22676,11026,11650
23776,11852,11924
22325,10474,11851
23479,11990,11489
22419,11030,11389
22951,11407,11544
24430,12439,11991
22765,11454,11311
23688,11804,11884
21728,10168,11560
22578,11044,11534
23883,12037,11846
23649,12223,11426
22605,10989,11616
22888,11228,11660
23522,11632,11890
23130,11302,11828
23042,11328,11714
22842,11169,11673
23235,11410,11825
23323,11460,11863
24236,12685,11551
22218,10482,11736
24060,12137,11923
22758,10964,11794
23380,11443,11937
23620,11880,11740
22545,10838,11707
21763,10179,11584
23298,11840,11458
22869,11472,11397
22562,11176,11386
24255,12279,11976
23008,11474,11534
22686,10974,11712
21965,10323,11642
24473,12548,11925
23589,12154,11435
24177,12613,11564
23498,11944,11554
23088,11259,11829
20228,8947,11281
24663,13064,11599
24210,12642,11568
24508,12556,11952
23270,11817,11453
23707,11788,11919
24203,12485,11718
22157,10444,11713
24148,12255,11893
22617,10955,11662
23391,11907,11484
22781,11488,11293
22988,11291,11697
23142,11420,11722
23149,11452,11697
23614,11812,11802
23562,12003,11559
23177,11653,11524
24099,12084,12015
23065,11298,11767
24179,12692,11487
22399,10989,11410
24486,12900,11586
23062,11713,11349
23444,11545,11899
23017,11416,11601
23414,11517,11897
21822,10142,11680
23496,11649,11847
24909,13040,11869
23338,11471,11867
23406,11718,11688
23863,11948,11915
24497,12895,11602
23675,11866,11809
23367,11579,11788
24347,12408,11939
23387,11952,11435
23942,12338,11604
22664,10930,11734
24120,12178,11942
20500,9151,11349
23177,11357,11820
22149,10467,11682
23377,11533,11844
21990,10410,11580
22356,10617,11739
23832,11876,11956
23353,11514,11839
22673,10866,11807
24166,12538,11628
23218,11803,11415
23897,12442,11455
23089,11571,11518
23430,11540,11890
24162,12309,11853
23845,12021,11824
23284,11380,11904
23622,11780,11842
24828,13112,11716
23094,11277,11817
20962,9804,11158
23084,11255,11829
22079,10461,11618
22778,11405,11373
22417,10714,11703
23914,12428,11486
23075,11312,11763
22943,11578,11365
22401,10695,11706
23173,11219,11954
21152,9806,11346
23579,11753,11826
22549,10802,11747
23240,11429,11811
22482,10777,11705
22417,10699,11718
22504,11266,11238
24462,12983,11479
22595,11019,11576
20989,9487,11502
23069,11288,11781
22823,11165,11658
24099,12627,11472
23186,11875,11311
23747,11856,11891
24116,12238,11878
24151,12591,11560
22138,10815,11323
23676,11823,11853
21922,10276,11646
24902,12934,11968
22683,11085,11598
23349,11805,11544
22262,10624,11638
23989,12527,11462
22130,10770,11360
24157,12606,11551
23479,11576,11903
22693,11002,11691
23872,12033,11839
23279,11492,11787
23330,11448,11882
22968,11730,11238
23951,12437,11514
23148,11298,11850
23190,11437,11753
23107,11285,11822
21265,10029,11236
23302,11875,11427
23608,11876,11732
22886,11167,11719
24443,12542,11901
24393,12489,11904
24120,12599,11521
23995,12176,11819
24063,12496,11567
21825,10283,11542
23513,11605,11908
24076,12550,11526
23114,11527,11587
23424,11980,11444
22180,10588,11592
23605,11705,11900
22914,11199,11715
24339,12509,11830
23941,12464,11477
22954,11500,11454
23819,12252,11567
23801,12267,11534
23451,11747,11704
23613,11830,11783
23237,11788,11449
21348,9831,11517
22533,10915,11618
22868,11343,11525
22315,10747,11568
24000,12134,11866
24285,12586,11699
22367,10740,11627
23594,11851,11743
23416,11888,11528
23071,11206,11865
22508,11227,11281
23919,12464,11455
23543,11737,11806
23989,12583,11406
22327,10892,11435
21486,9941,11545
23211,11486,11725
22699,11400,11299
23856,12169,11687
23116,11361,11755
23111,11360,11751
22787,11087,11700
22934,11414,11520
24249,12423,11826
23469,12016,11453
24063,12507,11556
22625,10911,11714
22424,10720,11704
23231,11761,11470
22228,10672,11556
22598,11430,11168
21852,10324,11528
23206,11756,11450
23392,11555,11837
23790,12054,11736
23979,12156,11823
24306,12418,11888
24487,12579,11908
23335,11580,11755
23350,11944,11406
23034,11291,11743
22042,10358,11684
24381,12661,11720
23978,12117,11861
23145,11382,11763
23178,11360,11818
24368,12807,11561
23696,12124,11572
23463,11706,11757
23602,12131,11471
22033,10463,11570
23520,11626,11894
22176,10808,11368
24035,12591,11444
23668,12156,11512
23769,12208,11561
22829,11185,11644
23493,12153,11340
22948,11284,11664
23250,11524,11726
22799,11444,11355
23459,11583,11876
24020,12553,11467
24303,12495,11808
21325,10140,11185
22729,11020,11709
21409,9879,11530
21885,10393,11492
23228,11887,11341
23958,12068,11890
23980,12255,11725
23377,11666,11711
22527,10780,11747
24512,12709,11803
24616,12651,11965
23282,11419,11863
22783,11212,11571
24217,12673,11544
22675,10997,11678
22913,11245,11668
23167,11365,11802
23161,11773,11388
23281,11527,11754
23002,11700,11302
22734,11187,11547
23011,11266,11745
23817,12399,11418
22796,11192,11604
23485,12143,11342
23269,11463,11806
23405,11692,11713
23410,11878,11532
23132,11487,11645
22238,11018,11220
23665,12139,11526
24203,12712,11491
24382,12824,11558
23338,11589,11749
23287,11915,11372
22504,10862,11642
24025,12598,11427
21518,10041,11477
24279,12448,11831
21564,10195,11369
22817,11445,11372
23108,11716,11392
23084,11367,11717
23666,11794,11872
22567,10961,11606
22645,11212,11433
23073,11431,11642
22782,11066,11716
23157,11801,11356
24173,12399,11774
23605,12198,11407
23585,12001,11584
24350,12514,11836
22838,11351,11487
20734,9653,11081
23225,11559,11666
24014,12195,11819
23398,11650,11748
21923,10388,11535
23828,11983,11845
23331,11497,11834
24038,12634,11404
23287,11478,11809
23001,11277,11724
23974,12348,11626
22149,10879,11270
23167,11689,11478
23046,11348,11698
23141,11316,11825
23461,11657,11804
22550,11217,11333
21935,10374,11561
23940,12477,11463
22549,10848,11701
22532,10805,11727
22042,10392,11650
23211,11459,11752
22921,11162,11759
23414,11841,11573
23678,11821,11857
22993,11625,11368
23463,12038,11425
22170,10626,11544
24039,12533,11506
23217,11415,11802
22844,11113,11731
23182,11424,11758
23455,11624,11831
23791,11945,11846
21726,10135,11591
23302,11470,11832
23351,11560,11791
23804,12035,11769
22288,10650,11638
23957,12108,11849
23965,12109,11856
23863,12109,11754
23947,12242,11705
22694,11316,11378
23170,11403,11767
21384,9792,11592
22747,11112,11635
23895,12052,11843
24561,13124,11437
24120,12186,11934
23681,12171,11510
22867,11429,11438
22847,11215,11632
23720,11968,11752
22677,11361,11316
23537,11849,11688
23678,12006,11672
23301,11479,11822
23041,11749,11292
22590,10884,11706
22943,11646,11297
23538,11756,11782
21952,10297,11655
23449,11742,11707
23322,11931,11391
23212,11464,11748
22075,10768,11307
24165,12677,11488
22536,10958,11578
23386,11934,11452
22564,11004,11560
22989,11256,11733
23272,11864,11408
22840,11181,11659
23245,11915,11330
21873,10249,11624
23697,12232,11465
23273,11472,11801
23542,12135,11407
22800,11081,11719
24358,12473,11885
22901,11237,11664
22166,10529,11637
22542,10933,11609
21571,10100,11471
23664,11847,11817
23877,11996,11881
23279,12047,11232
24309,12479,11830
22451,10762,11689
23763,12242,11521
22645,10959,11686
23082,11385,11697
22961,11241,11720
24006,12217,11789
22343,11069,11274
24241,12674,11567
23490,11960,11530
22942,11291,11651
21862,10803,11059
21660,10446,11214
23355,11907,11448
23510,12139,11371
22782,11493,11289
23465,11800,11665
23794,12368,11426
23084,11360,11724
23706,12236,11470
23652,11884,11768
23536,12066,11470
23202,11482,11720
23809,12331,11478
23181,11354,11827
22674,11088,11586
23461,11996,11465
21914,10208,11706
23894,12502,11392
23898,12546,11352
23033,11438,11595
23041,11765,11276
21466,9979,11487
23452,11941,11511
23560,11752,11808
23480,12053,11427
22465,10849,11616
23366,11674,11692
23172,11397,11775
22257,10789,11468
23824,12044,11780
23719,11906,11813
21848,10736,11112
22988,11709,11279
22614,11222,11392
22750,11028,11722
22373,10790,11583
23311,11854,11457
22574,11084,11490
23727,12242,11485
23684,12204,11480
23480,11782,11698
21053,9656,11397
24255,12840,11415
22454,10840,11614
23942,12424,11518
23629,12168,11461
22650,11159,11491
23452,11852,11600
23215,11931,11284
23125,11480,11645
23530,11803,11727
21497,9948,11549
22440,10769,11671
21894,10296,11598
22366,10946,11420
22931,11504,11427
22802,11403,11399
23429,11750,11679
23286,11565,11721
23220,11565,11655
23053,11586,11467
24423,12974,11449
22354,10782,11572
23785,12384,11401
22904,11217,11687
24043,12527,11516
23088,11540,11548
23735,11906,11829
22948,11249,11699
21733,10655,11078
22513,10967,11546
23649,12152,11497
22717,11392,11325
23759,12028,11731
23004,11425,11579
23343,11949,11394
23072,11492,11580
23807,12041,11766
23415,11956,11459
23187,11484,11703
23322,12008,11314
24076,12614,11462
23799,12352,11447
22694,11075,11619
22573,10953,11620
22884,11132,11752
22547,10950,11597
22850,11572,11278
24300,12837,11463
21904,10592,11312
22521,10974,11547
23498,11727,11771
22214,10942,11272
23743,12346,11397
22375,10747,11628
22850,11636,11214
22539,11005,11534
22282,11018,11264
23883,12076,11807
24742,12975,11767
22687,11236,11451
23472,11746,11726
24041,12326,11715
23760,11940,11820
23618,11798,11820
23379,11634,11745
23888,12456,11432
23722,12066,11656
22226,10716,11510
22697,11075,11622
23237,11891,11346
23605,11831,11774
23023,11328,11695
24156,12568,11588
22891,11664,11227
23241,11446,11795
23609,11820,11789
23319,12011,11308
23918,12507,11411
23319,11561,11758
23614,11764,11850
24039,12193,11846
22376,10834,11542
23583,12048,11535
23743,12361,11382
23458,11688,11770
23536,11777,11759
22342,10873,11469
21878,10296,11582
22947,11771,11176
23098,11764,11334
23638,11684,11954
23053,11308,11745
23045,11439,11606
23179,11711,11468
24329,12894,11435
22752,10999,11753
22940,11169,11771
23486,12068,11418
21148,9810,11338
23514,12058,11456
22462,11154,11308
23678,11840,11838
22322,11092,11230
24227,12748,11479
24034,12177,11857
23601,12008,11593
23375,11668,11707
23203,11402,11801
24359,12835,11524
22828,11186,11642
22867,11189,11678
23673,12139,11534
23114,11868,11246
23353,11563,11790
23351,12059,11292
23525,12136,11389
22417,11215,11202
23287,11970,11317
21802,10598,11204
23432,11690,11742
23464,11656,11808
23476,12143,11333
24293,12808,11485
22951,11648,11303
23534,11720,11814
21557,10264,11293
22949,11573,11376
23786,12397,11389
23783,12063,11720
22608,11222,11386
23707,12154,11553
23236,11592,11644
23567,12145,11422
23700,11925,11775
23361,11987,11374
24071,12717,11354
21812,10767,11045
23523,12053,11470
22428,10756,11672
22020,10466,11554
23946,12542,11404
23598,12131,11467
22268,10606,11662
22274,10944,11330
22994,11355,11639
24495,13007,11488
23824,12459,11365
23766,12366,11400
22907,11377,11530
23095,11812,11283
24406,12896,11510
22007,10451,11556
24142,12414,11728
22480,11266,11214
21776,10354,11422
23415,11644,11771
23270,12015,11255
22387,10786,11601
23918,12046,11872
22369,11010,11359
23288,11577,11711
24129,12411,11718
23360,11980,11380
24409,12660,11749
23246,11595,11651
22777,11135,11642
23819,12400,11419
23461,11781,11680
20569,9313,11256
22624,10958,11666
24084,12422,11662
23648,12189,11459
22421,10889,11532
22170,10581,11589
24293,12776,11517
23515,11954,11561
22645,11127,11518
21488,10188,11300
22292,11032,11260
24254,12774,11480
23150,11743,11407
24389,12661,11728
22694,11019,11675
23618,12202,11416
24448,12905,11543
24441,12958,11483
22775,11202,11573
22399,10848,11551
22926,11241,11685
23025,11663,11362
22107,10766,11341
22247,10793,11454
24500,13056,11444
24802,13054,11748
22691,11106,11585
23914,12443,11471
22673,11513,11160
23506,11857,11649
22238,11010,11228
23801,12379,11422
23051,11280,11771
23119,11531,11588
22708,11264,11444
22079,10781,11298
24105,12323,11782
23062,11337,11725
23126,11829,11297
24437,13065,11372
24107,12735,11372
23724,12060,11664
24313,12886,11427
23943,12343,11600
21895,10475,11420
22140,10560,11580
22679,11073,11606
23539,12010,11529
22418,10784,11634
24080,12315,11765
23898,12072,11826
23273,11889,11384
22714,11000,11714
21873,10457,11416
23227,11970,11257
23542,12205,11337
23309,11994,11315
22491,11040,11451
22814,11303,11511
22684,11333,11351
22961,11398,11563
23138,11808,11330
22984,11738,11246
22257,10771,11486
24003,12503,11500
22983,11744,11239
23450,11652,11798
21254,9992,11262
23347,11600,11747
22610,10947,11663
23883,12567,11316
24218,12797,11421
22839,11255,11584
22602,10965,11637
23347,11615,11732
22724,11424,11300
23367,11619,11748
23328,11916,11412
23380,12021,11359
21923,10758,11165
22096,10557,11539
23451,11654,11797
21816,10311,11505
22866,11548,11318
23570,11825,11745
21704,10124,11580
24644,13138,11506
24004,12606,11398
22008,10851,11157
23945,12181,11764
24520,12958,11562
22421,10743,11678
24028,12238,11790
24004,12603,11401
21639,10228,11411
24545,13051,11494
23379,12027,11352
24617,12667,11950
23895,12586,11309
23325,11646,11679
22133,10674,11459
22565,11321,11244
21859,10587,11272
23362,11568,11794
23870,12417,11453
23326,11955,11371
24127,12455,11672
23378,11633,11745
23570,11822,11748
22425,10731,11694
23798,12344,11454
23480,11715,11765
24091,12246,11845
22284,10643,11641
21903,10387,11516
23513,12188,11325
23275,11928,11347
22253,10908,11345
23245,11814,11431
22951,11464,11487
23908,12518,11390
23472,11977,11495
22240,10696,11544
23643,12140,11503
21691,10660,11031
23528,12189,11339
22528,10987,11541
23422,11752,11670
24138,12308,11830
23141,11488,11653
23375,11993,11382
23134,11821,11313
24383,12544,11839
23791,11934,11857
24045,12256,11789
23043,11332,11711
22834,11202,11632
23328,11928,11400
22780,11247,11533
23513,11801,11712
22581,10895,11686
23872,12413,11459
21733,10279,11454
23649,12311,11338
23557,12141,11416
23057,11366,11691
23964,12530,11434
24192,12742,11450
22779,11491,11288
23517,11867,11650
23141,11735,11406
23415,11619,11796
22826,11206,11620
23263,11517,11746
22443,10919,11524
22901,11284,11617
23480,11733,11747
22767,11517,11250
22303,10796,11507
24002,12384,11618
23859,12101,11758
23020,11298,11722
22822,11152,11670
23703,12237,11466
23557,11808,11749
24256,12454,11802
22986,11422,11564
22872,11234,11638
21371,9942,11429
22698,11186,11512
22116,10637,11479
23382,11748,11634
24470,12991,11479
23762,12063,11699
23547,12120,11427
23323,11645,11678
22377,10730,11647
22430,11264,11166
22721,11159,11562
23889,12270,11619
21981,10472,11509
22258,10796,11462
20494,9138,11356
23503,12090,11413
24196,12767,11429
23629,12288,11341
23668,11973,11695
22818,11120,11698
23455,11771,11684
22964,11314,11650
24041,12287,11754
22360,10825,11535
22603,11242,11361
23705,12009,11696
23727,11997,11730
24537,12803,11734
23418,11749,11669
23825,12466,11359
24032,12443,11589
23574,11937,11637
22538,11058,11480
22734,11116,11618
23621,11832,11789
24065,12765,11300
23330,11630,11700
23480,11703,11777
23808,12449,11359
22818,11576,11242
23598,11895,11703
21977,10391,11586
22137,11087,11050
24089,12729,11360
22644,11446,11198
20295,9094,11201
23996,12194,11802
23821,12027,11794
23728,12320,11408
23278,11972,11306
23445,11828,11617
23278,11984,11294
23519,12194,11325
23217,11979,11238
23550,12186,11364
21047,9841,11206
22587,11378,11209
24077,12251,11826
22472,11041,11431
20888,9463,11425
23293,11903,11390
23424,12103,11321
23226,11850,11376
22889,11296,11593
23048,11342,11706
23616,12272,11344
21616,10572,11044
23199,11831,11368
24050,12638,11412
23448,11788,11660
22986,11692,11294
23841,12503,11338
23269,11626,11643
22750,10978,11772
23436,11784,11652
22778,11237,11541
23896,12091,11805
23124,11779,11345
21715,10187,11528
23473,11745,11728
23291,11544,11747
22365,10782,11583
23363,11766,11597
23742,11939,11803
23949,12609,11340
23645,11891,11754
23096,11451,11645
23777,12082,11695
23527,11827,11700
23899,12291,11608
21495,10123,11372
23362,11515,11847
21796,10392,11404
21993,10493,11500
22559,11457,11102
22606,11039,11567
23487,12190,11297
22034,10962,11072
23865,12172,11693
21954,10505,11449
23416,12113,11303
22656,11079,11577
22798,11121,11677
23095,11891,11204
22212,10702,11510
22585,11355,11230
23599,12175,11424
24182,12412,11770
23523,12225,11298
24328,12848,11480
22728,11161,11567
24200,12706,11494
20840,9517,11323
22920,11338,11582
23694,12010,11684
22413,11232,11181
23607,12316,11291
23382,11848,11534
23208,11932,11276
23483,11739,11744
24158,12677,11481
23318,12092,11226
23503,11822,11681
23108,11884,11224
22994,11327,11667
23087,11729,11358
23261,12160,11101
22272,10729,11543
23256,11945,11311
22911,11371,11540
22322,10853,11469
23311,11966,11345
24039,12626,11413
22926,11659,11267
22404,11215,11189
23701,12369,11332
22673,11430,11243
22544,10936,11608
23633,12373,11260
22040,10884,11156
22507,10973,11534
23097,11414,11683
23365,11951,11414
22271,10762,11509
24285,12860,11425
22206,10870,11336
23355,11910,11445
23605,12251,11354
23635,12330,11305
23853,12184,11669
22305,10811,11494
23904,12266,11638
23893,12446,11447
23317,11949,11368
23548,11777,11771
23319,12030,11289
24218,12790,11428
23427,12109,11318
23084,11789,11295
22964,11266,11698
23999,12131,11868
22870,11194,11676
23320,11648,11672
23712,12014,11698
23143,11880,11263
22727,11139,11588
23480,12203,11277
23160,11518,11642
23273,11516,11757
24078,12624,11454
23761,12005,11756
24116,12407,11709
23254,11559,11695
22865,11599,11266
23427,11634,11793
23371,12008,11363
23844,12057,11787
23693,12111,11582
22900,11240,11660
24284,12478,11806
23658,12222,11436
24088,12379,11709
23816,12498,11318
23821,12121,11700
23218,11836,11382
23485,11828,11657
22664,11502,11162
23592,11827,11765
23031,11292,11739
21979,10472,11507
22763,11465,11298
22985,11272,11713
22791,11485,11306
23290,11558,11732
23052,11683,11369
24035,12653,11382
23081,11461,11620
23136,11458,11678
22697,11132,11565
23523,11891,11632
24046,12309,11737
23835,12303,11532
22993,11375,11618
21712,10274,11438
23296,11630,11666
21158,9766,11392
22138,10988,11150
23858,12505,11353
24234,12796,11438
22500,10915,11585
22080,10919,11161
24169,12731,11438
23516,12158,11358
22608,11357,11251
22854,11589,11265
23020,11356,11664
23209,11466,11743
22004,10410,11594
23399,11723,11676
23063,11402,11661
23037,11631,11406
22355,11095,11260
22958,11395,11563
22882,11339,11543
22104,10561,11543
22917,11341,11576
23252,11881,11371
23598,11845,11753
23284,11907,11377
22875,11154,11721
23673,12281,11392
22398,10723,11675
22754,11220,11534
24716,12916,11800
24547,13078,11469
24461,13033,11428
23724,12129,11595
23342,11962,11380
23870,12506,11364
24220,12460,11760
22844,11591,11253
23827,12443,11384
23108,11668,11440
24080,12663,11417
22258,11057,11201
23206,11883,11323
23685,12186,11499
22836,11320,11516
24203,12814,11389
21791,10720,11071
24211,12800,11411
23660,11856,11804
22485,10862,11623
22781,11263,11518
23694,12287,11407
23671,11929,11742
23273,11577,11696
24882,13088,11794
23105,11707,11398
23621,12250,11371
22679,11096,11583
22541,10912,11629
23107,11507,11600
21897,10472,11425
22371,10752,11619
24135,12656,11479
22941,11340,11601
23530,12161,11369
23038,11774,11264
22506,11230,11276
23222,11749,11473
23157,11997,11160
24192,12461,11731
23696,12381,11315
23449,11824,11625
21496,10519,10977
22151,10606,11545
23291,11929,11362
24194,12693,11501
21998,10410,11588
24121,12647,11474
23415,11663,11752
22625,11118,11507
22666,10997,11669
21936,10574,11362
22750,11175,11575
22980,11631,11349
24213,12720,11493
23891,12550,11341
23156,11540,11616
23285,11554,11731
23453,11664,11789
21401,10590,10811
21214,9893,11321
23631,11904,11727
23987,12245,11742
22981,11724,11257
22979,11726,11253
23174,11441,11733
22739,11080,11659
23322,11639,11683
21956,10514,11442
22101,10775,11326
22949,11243,11706
22343,10904,11439
22684,11270,11414
23344,11744,11600
23542,11757,11785
23085,11695,11390
23889,12486,11403
21593,10226,11367
23913,12531,11382
23071,11519,11552
23941,12185,11756
23555,11782,11773
23097,11801,11296
23284,11975,11309
22271,10729,11542
23019,11308,11711
22879,11167,11712
23005,11620,11385
24248,12850,11398
23706,12323,11383
22354,10688,11666
23666,12352,11314
23857,12367,11490
22731,11140,11591
23771,12481,11290
22913,11277,11636
23800,12435,11365
22513,11279,11234
22484,10898,11586
21798,10270,11528
22810,11241,11569
23889,12482,11407
21189,9759,11430
22968,11719,11249
23919,12131,11788
23891,12099,11792
23639,11938,11701
23842,12621,11221
23757,12163,11594
23135,11859,11276
23678,12015,11663
23036,11405,11631
22520,11156,11364
23553,11874,11679
23832,12025,11807
22345,11096,11249
23452,12034,11418
22843,11144,11699
23777,12147,11630
22720,11078,11642
23472,11664,11808
23585,12182,11403
23306,11657,11649
23649,11907,11742
23906,12585,11321
23889,12595,11294
23128,11423,11705
23724,11972,11752
23495,12283,11212
24519,12705,11814
23264,11867,11397
23935,12270,11665
24564,13221,11343
23601,12322,11279
23169,11519,11650
20352,9201,11151
23299,11707,11592
23371,11720,11651
22720,11509,11211
23481,11766,11715
24456,12617,11839
23771,11976,11795
22066,10445,11621
24208,12729,11479
23424,11718,11706
23065,11778,11287
23118,11729,11389
23147,11607,11540
23753,12061,11692
23237,11752,11485
20743,9416,11327
22182,10975,11207
23850,12128,11722
22252,11019,11233
20858,9639,11219
22970,11312,11658
21406,10058,11348
22838,11178,11660
23897,12135,11762
20071,9421,10650
23460,11707,11753
22966,11465,11501
21998,10560,11438
23514,12310,11204
23796,12145,11651
23515,11727,11788
23207,11546,11661
23486,11918,11568
23741,12279,11462
22332,10700,11632
23804,12047,11757
23215,11772,11443
23830,12483,11347
23542,11907,11635
23308,11964,11344
22970,11366,11604
24314,12795,11519
22582,11002,11580
23004,11334,11670
22477,11293,11184
24227,12371,11856
22343,10915,11428
20967,9529,11438
23831,12076,11755
23115,11782,11333
22758,11190,11568
22476,11284,11192
21535,10546,10989
23457,11654,11803
23009,11321,11688
23877,12063,11814
22050,10909,11141
23973,12594,11379
23261,11993,11268
22851,11582,11269
23300,11688,11612
22463,10983,11480
22623,11105,11518
24167,12539,11628
23502,12158,11344
23611,11930,11681
23154,11781,11373
23743,12458,11285
23246,11654,11592
23102,11852,11250
23068,11814,11254
23104,11486,11618
24038,12324,11714
21464,9964,11500
23601,11856,11745
23184,11647,11537
22712,11195,11517
23325,11610,11715
21947,10422,11525
23446,12089,11357
24031,12212,11819
22896,11603,11293
22846,11320,11526
22940,11277,11663
23308,11667,11641
22930,11643,11287
22980,11370,11610
22543,11031,11512
23211,11499,11712
22353,10857,11496
22966,11370,11596
23903,12527,11376
22922,11398,11524
22958,11322,11636
22389,10898,11491
23841,12472,11369
23463,12097,11366
23118,11527,11591
23536,11804,11732
22191,10652,11539
23238,11700,11538
22925,11356,11569
23000,11767,11233
23482,11801,11681
23252,11634,11618
22580,10957,11623
22473,11187,11286
23339,11657,11682
23664,11848,11816
23785,12343,11442
22780,11214,11566
22694,11526,11168
23457,12133,11324
22643,11071,11572
22862,11603,11259
23972,12529,11443
23510,12283,11227
23168,11518,11650
24083,12656,11427
23063,11544,11519
23361,11641,11720
23758,12453,11305
23023,11653,11370
23835,11986,11849
23278,11627,11651
23048,11438,11610
23459,12101,11358
23239,11983,11256
22846,11578,11268
23811,12158,11653
23895,12576,11319
23272,11539,11733
21355,9865,11490
23615,11886,11729
23113,11468,11645
21170,9850,11320
23445,11728,11717
20896,9601,11295
22693,11419,11274
24236,12916,11320
24297,12901,11396
23567,11874,11693
24004,12457,11547
22483,11062,11421
23216,11728,11488
22896,11656,11240
22240,11013,11227
23028,11832,11196
23089,11511,11578
23550,12275,11275
23350,11717,11633
22449,11238,11211
24023,12437,11586
23284,11643,11641
23665,12020,11645
21672,10209,11463
23625,12299,11326
23820,12273,11547
22869,11350,11519
23110,11828,11282
22479,10855,11624
23412,11752,11660
22510,10942,11568
23009,11416,11593
24294,12626,11668
23180,11640,11540
23221,11900,11321
22152,10736,11416
24343,13003,11340
23217,11861,11356
22017,10713,11304
22943,11674,11269
23011,11384,11627
23875,12435,11440
23434,12045,11389
23488,12077,11411
23440,11879,11561
23377,12063,11314
22613,11100,11513
21983,10497,11486
22672,11112,11560
23289,11691,11598
23871,12475,11396
23171,11808,11363
24394,12964,11430
23026,11342,11684
24251,12795,11456
22349,10806,11543
22114,10911,11203
23744,11959,11785
23704,12024,11680
23604,11931,11673
23009,11721,11288
24229,12896,11333
23166,11746,11420
23301,11653,11648
23615,12176,11439
24014,12604,11410
22670,11086,11584
23481,12143,11338
23323,12083,11240
22688,11429,11259
23078,11470,11608
23064,11823,11241
24781,12924,11857
21063,9583,11480
23886,12161,11725
22360,10802,11558
22962,11607,11355
24262,12864,11398
22073,10703,11370
23139,11841,11298
24378,12923,11455
22957,11445,11512
22948,11443,11505
22317,11014,11303
24745,12962,11783
23283,11992,11291
23836,12592,11244
23389,11754,11635
22992,11419,11573
24095,12688,11407
23575,12050,11525
22370,11010,11360
23302,11923,11379
22908,11450,11458
22720,11122,11598
23889,12124,11765
22713,11132,11581
22869,11205,11664
22966,11313,11653
22977,11441,11536
24345,12883,11462
22816,11814,11002
20599,9357,11242
22448,11360,11088
23070,11487,11583
23821,12123,11698
22562,11423,11139
23936,12284,11652
22537,11193,11344
23824,12110,11714
23269,11589,11680
22841,11336,11505
22708,11093,11615
23857,12418,11439
24235,12591,11644
22701,11483,11218
23437,12200,11237
23384,11967,11417
23191,11907,11284
24721,13226,11495
24482,12685,11797
22996,11383,11613
22689,11345,11344
21821,10284,11537
24503,13094,11409
24196,12797,11399
23077,11709,11368
21301,10256,11045
22323,10819,11504
23154,11480,11674
24001,12234,11767
22251,11239,11012
23073,11377,11696
23466,11750,11716
24490,12700,11790
23990,12552,11438
23475,11748,11727
23767,11995,11772
23670,12294,11376
24320,12856,11464
22798,11594,11204
21850,10314,11536
22085,10846,11239
23929,12423,11506
22713,11465,11248
23766,11996,11770
23342,12084,11258
23140,11463,11677
23075,11389,11686
22593,11335,11258
22904,11654,11250
22537,11004,11533
23612,11967,11645
24676,13008,11668
22988,11730,11258
22691,10988,11703
23395,12025,11370
21684,10374,11310
23894,12136,11758
24069,12555,11514
22302,10806,11496
23205,11509,11696
23193,11668,11525
23030,11382,11648
21612,10345,11267
21865,10462,11403
23604,11871,11733
24130,12359,11771
24652,13160,11492
23509,11803,11706
22507,11038,11469
23651,12460,11191
23087,11408,11679
22762,11237,11525
22308,10783,11525
23702,12322,11380
22926,11385,11541
22096,10714,11382
23162,11386,11776
23940,12298,11642
23140,11449,11691
22912,11204,11708
23945,12211,11734
23501,11766,11735
23578,12045,11533
22635,11032,11603
23696,12011,11685
22596,11090,11506
23795,12500,11295
23409,11693,11716
21431,10022,11409
22718,11196,11522
23543,12190,11353
21892,10611,11281
21584,10034,11550
24259,12494,11765
22294,11071,11223
23928,12071,11857
22150,10602,11548
24094,12643,11451
21592,10423,11169
22877,11471,11406
23953,12466,11487
23027,11416,11611
23078,11520,11558
23459,12153,11306
24299,12939,11360
22750,11272,11478
22705,11132,11573
22857,11408,11449
23657,12200,11457
22694,11240,11454
23444,12085,11359
22339,10900,11439
22954,11383,11571
23721,11960,11761
23154,11819,11335
20506,9511,10995
22433,10895,11538
23583,12020,11563
23121,11514,11607
23302,11678,11624
23846,12143,11703
22484,11292,11192
24043,12644,11399
22931,11278,11653
23960,12620,11340
21401,10090,11311
23628,11865,11763
22753,11191,11562
23167,11523,11644
22941,11577,11364
22901,11611,11290
21438,10465,10973
22463,10961,11502
23553,12249,11304
22940,11622,11318
23290,11566,11724
22068,10631,11437
21850,10371,11479
23056,11443,11613
23619,11846,11773
23121,11416,11705
23319,11699,11620
22869,11628,11241
22763,11585,11178
22739,11483,11256
23417,12025,11392
23002,11732,11270
23514,12188,11326
21731,10564,11167
22866,11187,11679
22416,11352,11064
22562,11041,11521
22974,11546,11428
24111,12441,11670
22933,11183,11750
20427,9229,11198
21371,10307,11064
23874,12227,11647
22928,11353,11575
23188,11496,11692
23632,12302,11330
22737,11079,11658
23362,11682,11680
23567,12198,11369
23149,11510,11639
24116,12687,11429
23463,11773,11690
23421,12042,11379
22503,11204,11299
23819,12000,11819
22489,11227,11262
22992,11712,11280
23057,11432,11625
22869,11345,11524
24172,12496,11676
23270,11555,11715
21698,10449,11249
21351,10039,11312
24345,12924,11421
22951,11389,11562
22916,11367,11549
23723,12028,11695
23747,12154,11593
22035,10605,11430
22318,10744,11574
23161,11531,11630
23325,12012,11313
23424,12112,11312
22509,10982,11527
22490,10963,11527
23702,12294,11408
23693,11967,11726
23945,12140,11805
23515,11831,11684
21717,10213,11504
22870,11186,11684
22150,10626,11524
23693,11876,11817
24194,12525,11669
22932,11380,11552
22678,11257,11421
22724,11125,11599
23945,12335,11610
22482,10845,11637
24150,12842,11308
23352,12009,11343
24226,12846,11380
22640,10976,11664
22661,11199,11462
23296,11526,11770
23812,12098,11714
23186,11538,11648
23907,12483,11424
24251,12899,11352
22790,11394,11396
23523,11810,11713
22462,11384,11078
22518,10969,11549
22387,10890,11497
23593,12337,11256
23133,11808,11325
23561,11855,11706
23804,12062,11742
22848,11174,11674
23549,12230,11319
23871,12492,11379
23340,11689,11651
22922,11213,11709
23627,12215,11412
23690,11902,11788
22809,11142,11667
23857,12164,11693
22681,11119,11562
22706,11278,11428
19607,8473,11134
23060,11817,11243
22612,11069,11543
23571,12158,11413
21947,10392,11555
23997,12422,11575
22820,11272,11548
21618,10230,11388
23380,12042,11338
22473,11009,11464
23278,12002,11276
22928,11719,11209
23053,11519,11534
23520,11796,11724
24181,12860,11321
23113,11922,11191
23689,11981,11708
23641,12359,11282
22590,11323,11267
23750,12100,11650
23946,12544,11402
23440,12138,11302
22401,10824,11577
22978,11747,11231
23577,12199,11378
21902,10385,11517
23782,12100,11682
24314,12937,11377
22902,11294,11608
23630,12246,11384
23269,11867,11402
23078,11812,11266
24152,12436,11716
24422,12963,11459
22914,11380,11534
22647,11028,11619
23460,12122,11338
22497,10936,11561
22835,11207,11628
22676,11477,11199
23871,12201,11670
22961,11269,11692
22684,11024,11660
21988,10505,11483
22396,10932,11464
22827,11179,11648
22456,10935,11521
22616,11476,11140
23049,11423,11626
23577,11901,11676
23999,12253,11746
22908,11180,11728
23107,11499,11608
22541,11062,11479
21463,10302,11161
23024,11736,11288
21175,10302,10873
22811,11564,11247
23768,12397,11371
24527,13037,11490
24293,12558,11735
23565,12334,11231
22088,10609,11479
23913,12110,11803
22912,11346,11566
22822,11256,11566
22197,10699,11498
22513,10861,11652
23435,11769,11666
20906,9583,11323
23712,12139,11573
23928,12119,11809
22086,10575,11511
23284,12015,11269
21944,10511,11433
24177,12798,11379
22503,11020,11483
22639,11026,11613
22319,10905,11414
22971,11258,11713
23522,11886,11636
23471,11899,11572
24376,13015,11361
22512,10931,11581
24329,12619,11710
22797,11216,11581
24111,12687,11424
22678,11406,11272
23774,12393,11381
23317,11743,11574
22281,11132,11149
21337,9871,11466
23323,11981,11342
21354,9993,11361
23033,11720,11313
22479,10920,11559
22803,11513,11290
23413,11721,11692
23277,11612,11665
22209,10639,11570
23873,12498,11375
23416,12158,11258
23137,11456,11681
22483,11305,11178
23641,12182,11459
23372,11758,11614
22950,11262,11688
23346,11782,11564
22550,11008,11542
22246,10882,11364
23486,11772,11714
23264,11696,11568
23421,11789,11632
23050,11459,11591
22927,11725,11202
22561,11147,11414
21542,10156,11386
23617,11958,11659
22626,11149,11477
24216,12822,11394
23278,11772,11506
22455,10902,11553
23106,11413,11693
20163,8996,11167
22944,11818,11126
22286,11189,11097
23728,12396,11332
24011,12262,11749
23024,11534,11490
23659,12336,11323
23398,11710,11688
23423,12037,11386
23329,11965,11364
23891,12179,11712
23226,11890,11336
23079,11878,11201
21950,10497,11453
23867,12506,11361
23721,11922,11799
22922,11632,11290
23743,12424,11319
23782,12160,11622
23989,12371,11618
22258,10844,11414
21664,10337,11327
24028,12607,11421
22394,10801,11593
23773,12463,11310
22874,11251,11623
24140,12381,11759
23794,12129,11665
23689,12426,11263
24714,13007,11707
22406,11213,11193
22529,10871,11658
22904,11273,11631
22832,11281,11551
23334,12071,11263
24041,12678,11363
23263,11626,11637
23568,11867,11701
23333,11800,11533
22895,11372,11523
22136,10610,11526
21930,10482,11448
23035,11881,11154
24499,12768,11731
21947,10404,11543
22163,10871,11292
21054,10071,10983
23848,12390,11458
22943,11339,11604
22760,11110,11650
23107,11479,11628
22705,11170,11535
23118,11647,11471
22417,11239,11178
23052,11696,11356
23069,11789,11280
22523,10870,11653
23276,12035,11241
20433,9268,11165
23096,11892,11204
23225,11529,11696
23023,11402,11621
23160,11479,11681
23769,12334,11435
23429,11706,11723
23992,12641,11351
22740,11460,11280
22722,11155,11567
23543,11936,11607
23868,12478,11390
23114,11451,11663
23957,12566,11391
23010,11408,11602
24107,12776,11331
22663,11019,11644
22287,10938,11349
22712,11365,11347
24023,12664,11359
23437,11769,11668
23010,11471,11539
23390,11864,11526
23469,11870,11599
23096,11920,11176
24285,12518,11767
22207,11020,11187
23846,12472,11374
22986,11633,11353
23126,11578,11548
24249,12446,11803
23937,12513,11424
22750,11241,11509
23244,11928,11316
22688,11248,11440
23798,12030,11768
21382,10158,11224
24189,12724,11465
23465,11697,11768
23599,12186,11413
24585,12786,11799
23291,11594,11697
22889,11656,11233
22642,11343,11299
21355,10221,11134
23881,12419,11462
22644,11105,11539
23573,11925,11648
23649,12266,11383
23735,12047,11688
23497,11768,11729
21923,10448,11475
23420,11892,11528
23310,11631,11679
23281,11539,11742
22422,11252,11170
22955,11655,11300
23903,12578,11325
24167,12798,11369
24014,12559,11455
21509,10091,11418
22968,11270,11698
22853,11601,11252
22915,11433,11482
23796,12096,11700
21367,10373,10994
22870,11428,11442
23607,12312,11295
22727,11365,11362
21986,10526,11460
23616,11953,11663
21699,10264,11435
21134,9819,11315
22823,11240,11583
22098,10620,11478
22557,11052,11505
22549,11303,11246
22795,11215,11580
23392,11734,11658
21104,9858,11246
23808,12476,11332
22392,10859,11533
23058,11556,11502
23491,11694,11797
22245,10795,11450
22721,11483,11238
23403,12185,11218
23678,12014,11664
22452,11186,11266
23308,11624,11684
23999,12514,11485
22568,11110,11458
23209,11507,11702
24084,12690,11394
22861,11592,11269
22792,11596,11196
22157,10685,11472
23677,12261,11416
23406,11760,11646
23438,11744,11694
23049,11406,11643
23156,11485,11671
22999,11408,11591
23704,12384,11320
23670,12339,11331
21784,10486,11298
23539,12186,11353
23460,12060,11400
23548,11951,11597
23573,12238,11335
23865,12221,11644
22762,11489,11273
22876,11542,11334
20894,9682,11212
23180,11537,11643
20118,8951,11167
22340,11210,11130
21925,10422,11503
23522,11851,11671
21995,10587,11408
23057,11472,11585
22422,10878,11544
23909,12214,11695
22012,10631,11381
22897,11613,11284
22024,10872,11152
22517,10980,11537
23317,11689,11628
23902,12255,11647
23672,12088,11584
24075,12751,11324
23740,12099,11641
22806,11407,11399
23105,11416,11689
23173,11587,11586
24188,12790,11398
24041,12651,11390
24058,12589,11469
23969,12180,11789
22570,10976,11594
23252,11548,11704
21729,10292,11437
23533,12277,11256
21630,10212,11418
23175,11517,11658
22503,11022,11481
23346,12001,11345
24024,12646,11378
23378,11774,11604
24772,12967,11805
21303,9963,11340
22715,11065,11650
23037,11672,11365
23471,11741,11730
23523,12184,11339
23886,12126,11760
23393,11714,11679
22890,11270,11620
24284,12934,11350
23138,11783,11355
22257,11136,11121
23539,11864,11675
23081,11494,11587
23491,11826,11665
22088,10800,11288
23709,12038,11671
23791,12022,11769
23932,12185,11747
23366,11652,11714
23503,11756,11747
22691,11141,11550
23603,12308,11295
23279,11667,11612
21708,10600,11108
23640,12240,11400
22718,11533,11185
24755,12862,11893
24274,12903,11371
23400,12042,11358
22076,10573,11503
22770,11196,11574
22429,11029,11400
22524,10900,11624
23935,12174,11761
23549,12256,11293
22295,10813,11482
22985,11341,11644
23378,11671,11707
23624,12073,11551
23557,11959,11598
22133,10570,11563
20771,9545,11226
24167,12589,11578
22895,11359,11536
22375,11195,11180
21165,9710,11455
23687,12324,11363
22980,11325,11655
23264,11579,11685
22489,11227,11262
23685,12016,11669
22628,11443,11185
23814,12427,11387
24076,12243,11833
22789,11212,11577
20804,9565,11239
22257,10812,11445
23304,11995,11309
24152,12694,11458
22474,10895,11579
22937,11327,11610
22903,11221,11682
21920,10436,11484
22616,11075,11541
23051,11412,11639
23017,11437,11580
24098,12713,11385
23896,12161,11735
22315,10675,11640
22501,11043,11458
23654,12310,11344
24120,12281,11839
22742,11154,11588
23382,12036,11346
22722,11220,11502
22057,10584,11473
23817,12392,11425
23909,12545,11364
24048,12471,11577
22442,10842,11600
22026,10500,11526
23538,12110,11428
23857,12095,11762
23125,11446,11679
22818,11632,11186
24282,12711,11571
22607,11369,11238
23276,11597,11679
23490,12110,11380
22859,11196,11663
22971,11281,11690
22686,11115,11571
23489,12091,11398
23743,12037,11706
23268,11837,11431
22974,11369,11605
24372,12823,11549
22869,11276,11593
22217,10660,11557
21885,10797,11088
23276,11608,11668
22190,10823,11367
23432,11862,11570
23667,12032,11635
21923,10910,11013
22256,10896,11360
23797,12403,11394
23181,11834,11347
22385,10940,11445
23033,11364,11669
23362,11804,11558
22189,11053,11136
22884,11280,11604
22904,11227,11677
23129,11794,11335
23890,12380,11510
23480,12110,11370
24088,12705,11383
22539,10994,11545
21183,10388,10795
23878,12138,11740
23376,12053,11323
22542,11061,11481
23239,11600,11639
22919,11310,11609
23718,12074,11644
23539,11817,11722
24177,12484,11693
23817,12114,11703
22622,11022,11600
23528,12019,11509
23322,12025,11297
23674,12294,11380
23021,11581,11440
23079,11477,11602
21252,9833,11419
23359,11660,11699
21702,10444,11258
22178,10766,11412
22981,11609,11372
23708,12402,11306
22584,11106,11478
22271,10768,11503
21704,10562,11142
22249,10780,11469
22782,11168,11614
21969,10648,11321
21326,9945,11381
22462,10924,11538
21932,10544,11388
23400,11799,11601
22550,11358,11192
23416,11769,11647
21287,10296,10991
22749,11097,11652
23986,12586,11400
22393,10781,11612
22825,11258,11567
23939,12621,11318
23342,11687,11655
22110,11155,10955
20850,9643,11207
23027,11782,11245
22763,11558,11205
22392,10828,11564
22673,11049,11624
24239,12833,11406
23613,12343,11270
21054,9843,11211
23087,11355,11732
22179,10671,11508
23142,11660,11482
22507,10869,11638
23166,11522,11644
22802,11290,11512
22523,11103,11420
22474,11002,11472
22033,10822,11211
23217,11516,11701
22921,11692,11229
19560,8896,10664
23197,11436,11761
22973,11454,11519
21546,10116,11430
22742,11271,11471
22967,11380,11587
23823,12339,11484
23382,11738,11644
22848,11285,11563
23761,12062,11699
22856,11222,11634
24057,12301,11756
23518,12149,11369
23784,12175,11609
22132,11013,11119
23028,11381,11647
23167,11876,11291
22355,11114,11241
23079,11450,11629
22897,11473,11424
23310,11723,11587
22643,11103,11540
22598,11527,11071
23412,11967,11445
22418,11263,11155
24207,12853,11354
23959,12253,11706
22533,11031,11502
22784,11315,11469
23255,11561,11694
22877,11435,11442
23149,11539,11610
23633,11926,11707
23569,11916,11653
23620,11886,11734
22374,10861,11513
24235,12544,11691
23843,12548,11295
23257,11834,11423
22059,10551,11508
22859,11116,11743
23600,12165,11435
23667,12332,11335
23654,12338,11316
24005,12292,11713
23496,11857,11639
23819,12123,11696
23463,11859,11604
22981,11355,11626
24131,12373,11758
22417,11165,11252
21671,10259,11412
23845,12144,11701
21860,10689,11171
23008,11353,11655
24046,12681,11365
22487,11220,11267
24011,12634,11377
21882,10899,10983
22520,11003,11517
23941,12616,11325
23149,11867,11282
23700,12297,11403
23208,11721,11487
23192,12036,11156
22591,11479,11112
22532,10978,11554
22064,10660,11404
24538,13069,11469
21676,10750,10926
22163,10742,11421
23317,11981,11336
23651,11969,11682
22925,11455,11470
23360,11660,11700
23233,11637,11596
23272,11724,11548
23134,11814,11320
23283,11583,11700
23692,11899,11793
23902,12172,11730
22769,11232,11537
22089,10756,11333
23309,11724,11585
23148,11860,11288
24919,13169,11750
23520,12241,11279
21089,10100,10989
22832,11156,11676
22392,11312,11080
21804,10685,11119
24075,12276,11799
22669,11083,11586
23521,11959,11562
23326,11998,11328
23244,11510,11734
20982,9696,11286
22260,10945,11315
22892,11277,11615
22354,10705,11649
23742,12439,11303
23570,12191,11379
22658,11361,11297
22740,11530,11210
23279,11665,11614
21218,9979,11239
22010,10969,11041
22807,11101,11706
22856,11495,11361
24053,12320,11733
22960,11314,11646
23504,11799,11705
23083,11532,11551
22301,11066,11235
23996,12225,11771
22720,11133,11587
23914,12515,11399
23842,12525,11317
23267,11596,11671
21860,10467,11393
21883,10433,11450
23676,11959,11717
23382,12005,11377
22683,11066,11617
22777,11153,11624
22547,11001,11546
23559,12262,11297
23277,11646,11631
23268,11523,11745
21770,10638,11132
22257,10805,11452
23717,12319,11398
22750,11241,11509
23100,11486,11614
23346,11691,11655
23554,11806,11748
21903,10459,11444
22402,11195,11207
22881,11289,11592
22543,10972,11571
23371,11938,11433
22192,10712,11480
23624,11873,11751
22362,11194,11168
23737,12482,11255
23105,11889,11216
23402,11645,11757
23952,12123,11829
22499,11118,11381
22853,11335,11518
23014,11715,11299
23255,11610,11645
23316,12016,11300
23313,11617,11696
23431,11732,11699
24328,12751,11577
21211,9773,11438
21755,10227,11528
21266,10048,11218
23465,11778,11687
22722,11176,11546
23249,11580,11669
23836,12134,11702
23835,12066,11769
22097,10635,11462
23799,12072,11727
23635,11874,11761
22882,11202,11680
23142,11572,11570
23035,11659,11376
22470,11286,11184
23443,11684,11759
24477,12939,11538
23098,11772,11326
23611,12289,11322
23998,12555,11443
22234,10837,11397
23172,11613,11559
24020,12749,11271
23442,12249,11193
23358,12029,11329
23016,11354,11662
22817,11300,11517
23061,11879,11182
23715,11925,11790
21388,10005,11383
22729,11150,11579
21467,10153,11314
23973,12614,11359
23645,12291,11354
23573,11877,11696
23297,11680,11617
21249,9918,11331
23909,12152,11757
24111,12763,11348
23414,11707,11707
23439,11746,11693
22495,11049,11446
22983,11787,11196
23764,12422,11342
22506,11017,11489
21935,10352,11583
23037,11459,11578
22655,11407,11248
24338,12624,11714
23677,12285,11392
23856,12457,11399
22651,11157,11494
23119,11945,11174
22424,11206,11218
23309,11565,11744
23060,11357,11703
23795,12079,11716
23268,11608,11660
23802,12066,11736
23999,12613,11386
22913,11590,11323
21923,10463,11460
23489,12116,11373
24224,12896,11328
23647,12353,11294
22551,11005,11546
22454,10968,11486
23800,12565,11235
23815,12460,11355
21494,10077,11417
22650,11108,11542
23832,12120,11712
24448,13052,11396
24113,12721,11392
22686,11156,11530
23443,11802,11641
23449,12101,11348
23200,11511,11689
19017,8148,10869
24040,12691,11349
23258,11971,11287
23479,11945,11534
23346,11652,11694
23911,12451,11460
22197,10882,11315
23454,12067,11387
22168,10658,11510
21834,10381,11453
21937,10488,11449
23356,12098,11258
23571,12334,11237
24088,12753,11335
22945,11673,11272
23253,11597,11656
24026,12325,11701
22617,11079,11538
23178,11580,11598
22722,10977,11745
22365,10844,11521
21982,10597,11385
23635,11995,11640
22056,10668,11388
21851,10807,11044
23918,12537,11381
23779,12047,11732
22466,11311,11155
21344,10066,11278
22635,11180,11455
24151,12337,11814
23367,12112,11255
23586,12205,11381
21914,10527,11387
23542,12441,11101
23723,12101,11622
23444,11770,11674
23223,12045,11178
22379,11024,11355
23245,11685,11560
22904,11329,11575
23486,12234,11252
21569,10326,11243
22579,11361,11218
23502,12232,11270
23556,11908,11648
23379,11814,11565
22674,11492,11182
23236,12031,11205
22954,11412,11542
21699,10437,11262
23101,11840,11261
21941,10807,11134
22244,10657,11587
20414,9257,11157
23744,11960,11784
22130,10699,11431
22510,11035,11475
22949,11701,11248
23262,11672,11590
21498,10406,11092
22200,10696,11504
22043,10606,11437
24298,12590,11708
23017,11497,11520
23357,11685,11672
23654,12279,11375
23700,12055,11645
23371,11928,11443
22903,11518,11385
23758,12074,11684
23718,12451,11267
22200,10771,11429
23309,11584,11725
23957,12558,11399
24197,12531,11666
23699,12055,11644
23513,11704,11809
23510,11909,11601
23578,12007,11571
22023,10604,11419
23899,12170,11729
23813,12045,11768
22536,10965,11571
23369,12080,11289
22973,11366,11607
23023,11627,11396
23669,11976,11693
21633,10120,11513
22757,11207,11550
23748,12409,11339
23375,12024,11351
24179,12748,11431
23105,11934,11171
23498,11766,11732
23715,12040,11675
23739,12002,11737
22773,11226,11547
22209,10683,11526
22769,11173,11596
24466,12695,11771
21451,10230,11221
21794,10390,11404
23606,11907,11699
23228,11515,11713
22878,11179,11699
22679,11515,11164
24226,12494,11732
23133,11822,11311
22433,11225,11208
22978,11409,11569
23910,12216,11694
23593,12289,11304
23227,11512,11715
22964,11616,11348
22094,10560,11534
22179,10775,11404
22777,11244,11533
21395,9972,11423
23497,12202,11295
23301,11630,11671
22083,10504,11579
23043,11827,11216
23144,11875,11269
22270,10686,11584
23510,12096,11414
21379,9855,11524
21648,10269,11379
23869,12184,11685
22281,10791,11490
21802,10290,11512
23553,11919,11634
23235,11622,11613
22425,11248,11177
22782,11716,11066
21943,10464,11479
22701,11102,11599
22475,11313,11162
23164,11509,11655
22311,10709,11602
20944,9689,11255
22327,10802,11525
22952,11627,11325
22414,10838,11576
23860,12149,11711
21909,10502,11407
21989,10963,11026
22649,11491,11158
24627,12820,11807
23176,11545,11631
23289,11791,11498
24130,12659,11471
22382,10828,11554
23746,12009,11737
23835,12455,11380
23866,12509,11357
22467,10860,11607
22941,11376,11565
23048,11376,11672
22989,11329,11660
23462,11939,11523
23322,12134,11188
22575,11293,11282
23329,11729,11600
23222,11496,11726
23249,11761,11488
24042,12740,11302
23404,12162,11242
21060,9733,11327
23948,12258,11690
23252,11984,11268
23112,11545,11567
21918,10540,11378
23751,12382,11369
23632,11952,11680
24258,12685,11573
23371,12065,11306
23823,12416,11407
23010,11432,11578
23607,11916,11691
22064,10517,11547
22896,11517,11379
22389,10779,11610
21853,10395,11458
23600,12367,11233
22805,11758,11047
23881,12103,11778
22047,10604,11443
24313,12770,11543
23930,12188,11742
23109,11412,11697
23782,12123,11659
23969,12200,11769
23314,11627,11687
23326,12056,11270
22888,11273,11615
22188,10753,11435
23239,11911,11328
22991,11790,11201
21946,10460,11486
23229,11748,11481
22806,11156,11650
23671,12297,11374
20756,9340,11416
23010,11331,11679
21821,10234,11587
23548,11819,11729
23497,11783,11714
22595,11027,11568
22510,10885,11625
23289,11629,11660
23293,11674,11619
23924,12553,11371
22348,10743,11605
23565,12322,11243
23625,12286,11339
22148,11081,11067
23079,11731,11348
23458,11856,11602
22121,10546,11575
21374,9866,11508
23151,11909,11242
21785,10578,11207
22756,11591,11165
23981,12681,11300
23431,12161,11270
24229,12487,11742
22187,11080,11107
23842,12438,11404
22799,11178,11621
22903,11173,11730
23536,11920,11616
24066,12648,11418
23464,12121,11343
24144,12706,11438
24332,12929,11403
23465,11854,11611
22803,11131,11672
23480,11883,11597
23407,11781,11626
23574,11860,11714
23910,12512,11398
23780,12081,11699
22521,11069,11452
22966,11305,11661
22497,10895,11602
22396,11349,11047
22529,10973,11556
22984,11612,11372
23576,12157,11419
22923,11497,11426
23514,11808,11706
23041,11758,11283
24707,12963,11744
24034,12247,11787
22639,11468,11171
22438,11101,11337
24450,12948,11502
23398,11709,11689
23592,11782,11810
23368,11777,11591
23333,11640,11693
21842,10448,11394
22751,11511,11240
23520,12317,11203
21557,10417,11140
23759,12374,11385
22388,10825,11563
21155,9985,11170
23396,11784,11612
23892,12173,11719
23471,12266,11205
23838,12503,11335
23643,12256,11387
22770,11487,11283
23043,11760,11283
23993,12673,11320
22462,11007,11455
22923,11278,11645
23885,12491,11394
23317,12109,11208
23069,11694,11375
23461,12068,11393
23814,12432,11382
22153,10688,11465
22547,11375,11172
23897,12248,11649
22961,11583,11378
23616,11913,11703
23271,11589,11682
21650,10178,11472
22994,11700,11294
23244,11959,11285
23293,11717,11576
23226,11911,11315
22791,11213,11578
23119,11922,11197
23127,11744,11383
22297,10781,11516
23630,12204,11426
21668,10261,11407
23289,11682,11607
23226,12000,11226
23755,12381,11374
22560,11147,11413
22592,11463,11129
21714,10548,11166
22873,11245,11628
22562,11114,11448
21787,10455,11332
23168,11954,11214
22851,11434,11417
23794,12159,11635
23483,12114,11369
23757,12387,11370
23572,12200,11372
23039,11435,11604
24436,12699,11737
24446,12591,11855
23272,11624,11648
23116,11881,11235
22748,11162,11586
22619,11378,11241
22914,11254,11660
22498,10997,11501
23114,11498,11616
22643,11426,11217
23090,11728,11362
23265,11520,11745
24423,12908,11515
23669,12326,11343
23355,11565,11790
23093,11507,11586
23605,11916,11689
23820,12038,11782
21122,9835,11287
24315,12947,11368
23545,11872,11673
23619,12102,11517
23178,11570,11608
23212,11905,11307
22759,11107,11652
21324,9910,11414
22127,10612,11515
24059,12582,11477
22432,11091,11341
23331,11599,11732
22820,11159,11661
23638,11941,11697
23626,11965,11661
23240,11993,11247
24125,12703,11422
23231,11828,11403
22061,10496,11565
22901,11223,11678
23355,11740,11615
24025,12614,11411
23043,11459,11584
23540,12224,11316
23766,12430,11336
23004,11422,11582
23573,12158,11415
23348,11640,11708
24233,12801,11432
22712,11485,11227
23425,12108,11317
23886,12113,11773
22105,10602,11503
23894,12083,11811
22808,11341,11467
23623,11921,11702
24255,12579,11676
22234,10745,11489
22569,10923,11646
24272,12494,11778
23071,11543,11528
21940,10517,11423
23271,11995,11276
23606,12388,11218
21543,10287,11256
22721,11118,11603
22877,11487,11390
23884,12254,11630
23430,12011,11419
23628,11842,11786
22419,11152,11267
23220,11565,11655
23389,11723,11666
23193,11679,11514
22680,11577,11103
23454,11761,11693
23908,12507,11401
23908,12238,11670
23480,12296,11184
21820,10384,11436
23452,12136,11316
22870,11632,11238
21630,10536,11094
23519,11837,11682
22492,11310,11182
23503,12315,11188
23373,12112,11261
23313,11592,11721
22373,10980,11393
22297,11071,11226
23756,12078,11678
23013,11498,11515
23970,12626,11344
24235,12778,11457
24316,12921,11395
21671,10459,11212
23842,12096,11746
23295,11673,11622
23103,11524,11579
23637,11982,11655
23868,12479,11389
24126,12683,11443
22008,10405,11603
22326,10722,11604
22273,10974,11299
23499,11719,11780
22853,11367,11486
23116,11509,11607
22765,11201,11564
23191,11972,11219
22612,11345,11267
23746,12046,11700
22376,10936,11440
21976,10460,11516
21933,10430,11503
22243,10764,11479
22793,11216,11577
22843,11367,11476
23001,11359,11642
24043,12321,11722
22457,10879,11578
23546,11870,11676
24140,12453,11687
22209,10628,11581
24116,12385,11731
23270,11564,11706
22402,10973,11429
22529,11066,11463
22526,10931,11595
23711,12191,11520
22309,10694,11615
23291,11750,11541
23416,11809,11607
23732,12091,11641
22087,10951,11136
21955,10370,11585
23409,11798,11611
23938,12156,11782
23429,11757,11672
22502,11255,11247
21414,10004,11410
21914,10836,11078
24145,12784,11361
24286,12845,11441
23866,12147,11719
22713,11233,11480
22237,10645,11592
20492,9292,11200
21605,10228,11377
23514,12217,11297
23466,11740,11726
21561,10280,11281
22164,10597,11567
22773,11098,11675
23133,11955,11178
21996,10767,11229
23702,12267,11435
23594,11856,11738
21289,10035,11254
22284,10729,11555
23759,12499,11260
24033,12736,11297
23369,11657,11712
23998,12629,11369
22536,11211,11325
23865,12176,11689
22364,10850,11514
21720,10160,11560
22674,11153,11521
23152,11582,11570
23462,11802,11660
22750,11275,11475
24043,12692,11351
22689,11025,11664
22900,11312,11588
21882,10428,11454
22335,10771,11564
22319,10712,11607
23097,11509,11588
23954,12187,11767
22973,11381,11592
23657,11947,11710
20990,9652,11338
23665,11976,11689
23775,12395,11380
23281,11965,11316
23381,12014,11367
23832,12082,11750
23227,11488,11739
21729,10409,11320
24067,12239,11828
23879,12111,11768
23626,11940,11686
23196,11710,11486
22611,11073,11538
22902,11369,11533
24024,12437,11587
22786,11235,11551
23646,12102,11544
22739,11288,11451
22839,11252,11587
22779,11246,11533
23955,12199,11756
24095,12313,11782
23767,12003,11764
23246,11944,11302
24456,12929,11527
23817,12196,11621
23079,11371,11708
23933,12341,11592
22637,11480,11157
23043,11455,11588
23329,11823,11506
22346,10806,11540
23231,11756,11475
24366,12888,11478
23897,12158,11739
23937,12189,11748
22371,10846,11525
21911,10550,11361
23164,11989,11175
23306,11688,11618
22780,11192,11588
22737,11233,11504
23627,12016,11611
23210,11900,11310
21903,10719,11184
21891,10429,11462
23455,12154,11301
23279,11616,11663
22001,10891,11110
23459,12120,11339
23379,11681,11698
23008,11475,11533
22074,10989,11085
23284,11672,11612
21012,9651,11361
23992,12612,11380
23182,11493,11689
23366,11931,11435
23865,12056,11809
23139,11863,11276
23402,11973,11429
22862,11529,11333
22767,11116,11651
24293,12557,11736
22414,10858,11556
21969,10608,11361
22503,11030,11473
23484,11844,11640
23125,11450,11675
22110,10685,11425
23322,11718,11604
21980,10666,11314
22824,11567,11257
23208,11550,11658
22941,11362,11579
22776,11151,11625
22768,11409,11359
22646,11079,11567
22245,10769,11476
23663,11888,11775
21683,10634,11049
24430,13099,11331
23341,11655,11686
21990,10532,11458
23988,12539,11449
23493,11799,11694
23503,11756,11747
22935,11318,11617
22150,10996,11154
23861,12437,11424
23586,12246,11340
23625,12349,11276
23368,11704,11664
23611,12297,11314
23298,11590,11708
23156,11530,11626
23615,12297,11318
23584,11839,11745
23368,11772,11596
23496,11802,11694
22677,11036,11641
23407,11890,11517
23718,12361,11357
22671,11402,11269
22661,11157,11504
23891,12574,11317
23258,11538,11720
23942,12197,11745
23394,11676,11718
23042,11340,11702
23022,11475,11547
23062,11498,11564
22085,10950,11135
22609,11370,11239
21736,10344,11392
23724,12020,11704
23490,11833,11657
22876,11276,11600
23527,11854,11673
23390,11663,11727
21656,10412,11244
23562,11830,11732
23026,11745,11281
23647,11951,11696
23505,11792,11713
24059,12232,11827
23929,12154,11775
23739,12019,11720
23868,12205,11663
22608,10944,11664
22131,10618,11513
23123,11457,11666
22308,10757,11551
20992,9730,11262
22740,11582,11158
23718,12124,11594
22972,11629,11343
23567,11979,11588
23820,11978,11842
22330,10834,11496
23858,12145,11713
24120,12721,11399
23909,12165,11744
20520,9449,11071
23192,11553,11639
23546,11827,11719
23119,11605,11514
23710,12271,11439
23234,11668,11566
23543,12280,11263
24044,12292,11752
24432,12575,11857
21514,10182,11332
23661,11870,11791
22213,11112,11101
22059,10749,11310
23623,11820,11803
23231,11560,11671
22285,11252,11033
24000,12305,11695
22724,11062,11662
23223,11892,11331
22540,10915,11625
22468,10929,11539
22672,11132,11540
20632,9273,11359
22550,11235,11315
22549,10971,11578
23447,11927,11520
22419,11219,11200
23278,11671,11607
23421,11673,11748
22524,11024,11500
22896,11624,11272
22423,10811,11612
22277,10719,11558
23663,12014,11649
23694,11980,11714
23269,11655,11614
23684,12415,11269
22994,11335,11659
24501,12996,11505
24088,12616,11472
23728,12096,11632
23125,11860,11265
23380,12148,11232
24046,12589,11457
23353,12149,11204
23467,11754,11713
22523,11010,11513
24077,12693,11384
21839,10361,11478
23922,12577,11345
23230,11570,11660
24102,12382,11720
24009,12450,11559
22074,10693,11381
23295,11697,11598
22784,11179,11605
24344,12974,11370
23212,11560,11652
21367,10302,11065
23846,12383,11463
23415,11973,11442
22363,11098,11265
23034,11423,11611
22602,11102,11500
22008,10610,11398
22169,10738,11431
23052,11372,11680
23619,12272,11347
22952,11417,11535
22258,10723,11535
23068,11515,11553
23518,11990,11528
23864,12444,11420
22518,10938,11580
23223,11919,11304
23264,11601,11663
22325,10768,11557
23827,12122,11705
21422,10073,11349
22326,10814,11512
23302,11670,11632
23350,11751,11599
23398,11731,11667
22387,10832,11555
23117,11493,11624
23945,12616,11329
21204,9867,11337
23193,11570,11623
23940,12647,11293
23829,12111,11718
24264,12883,11381
23935,12285,11650
23584,11905,11679
23985,12624,11361
22473,10980,11493
24078,12320,11758
24556,12776,11780
21373,10226,11147
22431,10872,11559
21742,10289,11453
22980,11788,11192
22809,11662,11147
24892,12978,11914
23073,11387,11686
23251,11671,11580
22298,10810,11488
24069,12505,11564
23312,11663,11649
23972,12211,11761
23902,12158,11744
22936,11225,11711
23254,11673,11581
22728,11161,11567
23098,11497,11601
23407,11701,11706
20481,9441,11040
23425,11686,11739
23176,11968,11208
23691,12406,11285
23359,11688,11671
24350,12895,11455
22542,10940,11602
21173,10231,10942
22556,10997,11559
24083,12754,11329
23344,11655,11689
23724,12335,11389
21702,10308,11394
22730,11188,11542
24144,12722,11422
23567,11892,11675
22302,10794,11508
23197,11419,11778
24441,13045,11396
22585,11021,11564
23804,12078,11726
23569,12318,11251
22681,11062,11619
22695,11061,11634
24487,12748,11739
22898,11600,11298
23375,11699,11676
22750,11116,11634
22994,11352,11642
22252,10730,11522
23140,11388,11752
23410,11750,11660
22111,10539,11572
23646,12303,11343
23527,11852,11675
23023,11854,11169
23141,11483,11658
22996,11597,11399
23688,12417,11271
20897,9679,11218
23584,11823,11761
24366,12562,11804
23855,12175,11680
20843,9456,11387
22281,10998,11283
22898,11460,11438
22822,11260,11562
23380,11751,11629
22842,11322,11520
21399,10288,11111
21492,10084,11408
23852,12121,11731
23283,11589,11694
22362,11087,11275
23447,11619,11828
23220,11566,11654
21515,10211,11304
22518,11269,11249
23219,11541,11678
21786,10215,11571
22405,10957,11448
23124,11468,11656
22375,11185,11190
23355,11659,11696
22532,11110,11422
23895,12174,11721
22864,11396,11468
23093,11475,11618
24015,12329,11686
22992,11384,11608
23982,12578,11404
22583,11215,11368
22585,11430,11155
23419,11741,11678
22548,10924,11624
23601,12256,11345
23243,11579,11664
23415,12057,11358
22146,10767,11379
23854,12535,11319
22895,11276,11619
20492,9264,11228
24037,12294,11743
23683,11949,11734
22639,11032,11607
23557,12158,11399
21813,10284,11529
24094,12408,11686
23957,12232,11725
23308,11612,11696
23101,11796,11305
24140,12425,11715
23416,12042,11374
23880,12691,11189
23778,12209,11569
23376,12046,11330
24264,12981,11283
23649,12013,11636
21761,10422,11339
22324,10842,11482
23210,11542,11668
23926,12562,11364
23304,11573,11731
23775,12478,11297
23117,11866,11251
23066,11553,11513
23153,11898,11255
23693,12028,11665
23413,11666,11747
23146,11980,11166
22996,11353,11643
23764,12352,11412
22999,11382,11617
24024,12483,11541
23682,12064,11618
23175,11428,11747
23812,12456,11356
23634,11933,11701
23387,12124,11263
23322,12102,11220
23653,11859,11794
24214,12505,11709
23419,11688,11731
22685,11103,11582
24254,12962,11292
21406,10463,10943
24074,12443,11631
21797,10308,11489
23445,12175,11270
22774,11307,11467
23495,12216,11279
20012,8820,11192
22618,11278,11340
22600,11456,11144
23564,11898,11666
22467,10951,11516
23479,11789,11690
23133,11789,11344
22710,11243,11467
23095,11388,11707
23019,11321,11698
22598,11129,11469
23906,12586,11320
22658,11449,11209
23322,11689,11633
21384,10419,10965
24085,12324,11761
22986,11487,11499
22938,11263,11675
23539,11871,11668
22949,11487,11462
22120,10906,11214
23987,12371,11616
23866,12562,11304
23668,11989,11679
23557,12284,11273
23184,11519,11665
23617,12292,11325
22029,10551,11478
23324,12007,11317
22848,11293,11555
22324,10812,11512
23257,11677,11580
23684,11992,11692
24285,12418,11867
22804,11206,11598
22821,11277,11544
23427,12159,11268
22294,10780,11514
20797,9595,11202
22998,11400,11598
23325,11983,11342
23636,12354,11282
22146,10906,11240
23005,11757,11248
23668,12319,11349
23982,12526,11456
22988,11336,11652
22959,11412,11547
22564,11056,11508
21337,9983,11354
22964,11479,11485
23194,11848,11346
22721,11502,11219
21785,10350,11435
22549,11027,11522
23165,11536,11629
23614,12280,11334
21668,10125,11543
22582,11045,11537
21873,10471,11402
21651,10184,11467
24039,12671,11368
22177,11009,11168
22188,10754,11434
24096,12292,11804
22985,11335,11650
23379,11727,11652
21383,10125,11258
22669,11156,11513
23137,11370,11767
23949,12089,11860
24101,12722,11379
23248,11654,11594
24510,13097,11413
23555,11879,11676
24277,12510,11767
20818,10080,10738
23610,12274,11336
23244,11564,11680
23494,11886,11608
24001,12390,11611
24078,12331,11747
22019,10532,11487
23739,12041,11698
23245,11656,11589
23580,12295,11285
23894,12565,11329
23360,11652,11708
21371,10553,10818
22490,10956,11534
22916,11291,11625
23950,12514,11436
23694,11944,11750
23596,11942,11654
23938,12165,11773
22815,11575,11240
22896,11317,11579
24055,12668,11387
21481,10218,11263
22596,11376,11220
23101,11431,11670
22681,11062,11619
22825,11138,11687
21873,10444,11429
22065,10579,11486
21674,10392,11282
23495,11780,11715
23166,11612,11554
23022,11408,11614
23378,12021,11357
23460,11768,11692
23365,11843,11522
22482,10955,11527
22474,10907,11567
23194,11530,11664
23097,11331,11766
22012,10882,11130
23656,12307,11349
22872,11311,11561
21503,10076,11427
22820,11614,11206
22196,10606,11590
23345,11684,11661
23637,11898,11739
24099,12256,11843
23593,12260,11333
21355,10369,10986
23527,11903,11624
22779,11300,11479
24111,12780,11331
23824,12133,11691
22448,10939,11509
21962,10462,11500
23140,11839,11301
24065,12425,11640
22403,10812,11591
23280,11633,11647
23109,11580,11529
22682,11084,11598
23541,11871,11670
23266,11572,11694
23140,11534,11606
23346,11737,11609
23787,12065,11722
22885,11197,11688
21932,10409,11523
23565,11902,11663
21971,10553,11418
24050,12333,11717
22736,11233,11503
23738,12369,11369
23096,11498,11598
23765,12366,11399
22872,11245,11627
22248,10793,11455
21371,10109,11262
24266,12449,11817
23539,11925,11614
23679,11930,11749
22756,11149,11607
22521,11100,11421
22513,10926,11587
22139,10607,11532
23734,12365,11369
23030,11839,11191
22825,11275,11550
21161,9855,11306
22693,11154,11539
23540,11890,11650
23843,12469,11374
22781,11181,11600
23922,12540,11382
22809,11424,11385
23415,11654,11761
23722,12104,11618
22944,11387,11557
23153,11557,11596
22196,10658,11538
23809,12040,11769
23982,12650,11332
23316,11813,11503
21508,10115,11393
22181,10713,11468
22154,10684,11470
23577,11852,11725
23460,11778,11682
23035,11460,11575
22072,10733,11339
22120,10795,11325
23481,11869,11612
23987,12342,11645
23228,11952,11276
22481,10976,11505
22908,11635,11273
23612,12137,11475
22409,11138,11271
23185,11587,11598
23366,11712,11654
22245,10654,11591
23264,12027,11237
23291,11753,11538
22752,11250,11502
23782,12148,11634
23685,11965,11720
22007,10630,11377
23704,12067,11637
23818,12136,11682
21481,10101,11380
22313,10814,11499
23748,12466,11282
24150,12417,11733
23803,12036,11767
23882,12103,11779
24189,12773,11416
23691,12028,11663
22846,11279,11567
23045,11431,11614
22997,11296,11701
21692,10192,11500
24557,13109,11448
21040,10177,10863
23232,11603,11629
22463,11046,11417
23887,12202,11685
23532,12115,11417
23534,11745,11789
23639,12175,11464
22990,11803,11187
23080,11738,11342
23880,12196,11684
21541,10085,11456
23629,12284,11345
23381,11675,11706
23611,12248,11363
23962,12219,11743
23726,12080,11646
23503,12182,11321
23459,11729,11730
23993,12281,11712
23796,12026,11770
23541,11923,11618
23403,12120,11283
23400,12183,11217
23386,11714,11672
23630,12070,11560
22915,11296,11619
23532,12122,11410
23973,12668,11305
24075,12698,11377
23402,11924,11478
23853,12105,11748
22550,11324,11226
22292,10766,11526
23504,12090,11414
21684,10213,11471
22706,11518,11188
22523,10909,11614
21981,10791,11190
22630,11137,11493
22726,11232,11494
23515,11904,11611
24544,13179,11365
23160,11537,11623
24263,12653,11610
24151,12831,11320
23523,12220,11303
24405,13083,11322
22792,11547,11245
22721,11217,11504
23080,11712,11368
21932,10450,11482
23510,12230,11280
21532,10054,11478
23880,12073,11807
23857,12248,11609
23128,11697,11431
24048,12368,11680
23796,12005,11791
23226,11817,11409
23524,12140,11384
23610,11925,11685
23621,12353,11268
23033,11422,11611
23272,11688,11584
23434,12150,11284
19619,8733,10886
22555,11083,11472
21935,10430,11505
23287,11793,11494
21894,10976,10918
23529,12187,11342
21721,10261,11460
24026,12604,11422
22689,11445,11244
21220,9805,11415
23867,12244,11623
21094,9925,11169
22748,11355,11393
21959,10838,11121
20919,9681,11238
23082,11438,11644
23539,11911,11628
22819,11163,11656
22537,10921,11616
23690,12021,11669
23142,11571,11571
23735,12477,11258
21430,10029,11401
23518,11876,11642
23980,12387,11593
23159,11482,11677
23482,12071,11411
22927,11441,11486
23407,11855,11552
22954,11267,11687
23776,12018,11758
23583,11968,11615
22608,11041,11567
22216,10669,11547
23470,12086,11384
21983,10477,11506
22059,10604,11455
22649,11377,11272
22760,11572,11188
22979,11308,11671
22954,11662,11292
22531,11067,11464
23320,11787,11533
24077,12632,11445
23211,11603,11608
23691,11995,11696
23434,11794,11640
24226,12553,11673
24309,12762,11547
23915,12167,11748
22510,11059,11451
23782,11989,11793
23116,11871,11245
23148,11543,11605
22689,11303,11386
24233,12810,11423
23158,11443,11715
22290,11159,11131
23160,11900,11260
23480,11791,11689
23114,11872,11242
24384,12944,11440
23219,11979,11240
23545,11921,11624
21740,10349,11391
23312,11518,11794
23094,11473,11621
22855,11321,11534
23563,11901,11662
23314,11613,11701
23395,11748,11647
23814,12046,11768
23478,11928,11550
24008,12276,11732
22553,11011,11542
23400,12009,11391
23163,11500,11663
22240,10676,11564
23099,11433,11666
24018,12214,11804
20827,9453,11374
23081,11783,11298
20811,9823,10988
22172,10675,11497
23847,12490,11357
23684,12279,11405
23112,11437,11675
22604,11019,11585
23233,11602,11631
23208,11860,11348
22116,10571,11545
23037,11394,11643
22632,11446,11186
22236,11180,11056
23606,11904,11702
23578,11789,11789
22408,11022,11386
21152,9852,11300
23537,11858,11679
23984,12225,11759
23445,11791,11654
22315,10814,11501
24276,12503,11773
22891,11307,11584
23948,12559,11389
24149,12337,11812
22940,11423,11517
23833,12173,11660
22351,10890,11461
23051,11825,11226
23282,11956,11326
23839,12217,11622
23017,11481,11536
23901,12210,11691
23274,11597,11677
24400,12994,11406
23358,11685,11673
23581,12366,11215
24102,12334,11768
22343,11264,11079
21753,10340,11413
23184,11573,11611
23847,12091,11756
22090,11056,11034
22886,11183,11703
22953,11441,11512
22502,11253,11249
23311,12068,11243
21410,10350,11060
23356,11770,11586
23613,11962,11651
22401,11419,10982
22247,10889,11358
22542,11359,11183
22320,11303,11017
23662,11974,11688
21900,10819,11081
22709,11154,11555
22996,11364,11632
22926,11614,11312
22863,11271,11592
24015,12182,11833
21671,10629,11042
22293,10658,11635
23274,11642,11632
22683,11108,11575
23366,11688,11678
24040,12304,11736
21434,9953,11481
23879,12137,11742
23247,11676,11571
22876,11316,11560
22498,11032,11466
23230,11508,11722
23079,11870,11209
24395,12654,11741
21273,9912,11361
24279,12608,11671
22926,11272,11654
23118,11895,11223
23167,11836,11331
22286,10826,11460
24005,12262,11743
23707,11984,11723
23308,11571,11737
23192,11974,11218
24197,12502,11695
22267,10925,11342
24445,13004,11441
22959,11259,11700
24041,12379,11662
22038,10640,11398
24274,12763,11511
23838,12474,11364
22972,11352,11620
23311,11667,11644
23539,12213,11326
23075,11791,11284
23014,11403,11611
23091,11430,11661
23014,11508,11506
22830,11666,11164
23915,12124,11791
22995,11362,11633
23182,11638,11544
22904,11356,11548
23497,11858,11639
23165,11551,11614
23446,11861,11585
22267,11123,11144
24066,12238,11828
23440,12102,11338
24041,12456,11585
24039,12613,11426
22807,11138,11669
23266,11689,11577
23882,12193,11689
23720,12272,11448
23413,11767,11646
23837,12143,11694
23157,11867,11290
22701,11128,11573
20102,9065,11037
22632,11029,11603
21622,10117,11505
23770,12421,11349
23235,11761,11474
22539,10950,11589
23421,11762,11659
24013,12236,11777
22532,11115,11417
22551,11408,11143
24241,12569,11672
22314,11117,11197
22520,11039,11481
22334,10955,11379
23104,11565,11539
23376,11738,11638
23371,11778,11593
23115,11527,11588
22315,10925,11390
23019,11512,11507
23700,12404,11296
23677,12010,11667
23376,11998,11378
23568,11943,11625
23692,12000,11692
22792,11236,11556
22958,11720,11238
24042,12315,11727
22848,11533,11315
21241,9882,11359
23837,12483,11354
22591,11405,11186
23906,12474,11432
21946,10357,11589
22643,11392,11251
22132,10600,11532
22278,10792,11486
22914,11258,11656
21845,10359,11486
22413,10879,11534
24097,12629,11468
23478,11801,11677
22509,11323,11186
22769,11159,11610
24049,12313,11736
22011,10564,11447
23592,12280,11312
22971,11319,11652
23316,11813,11503
23062,11846,11216
23648,12438,11210
22619,11384,11235
23984,12226,11758
22599,11136,11463
22413,10962,11451
23351,11611,11740
24361,12879,11482
24024,12356,11668
22653,10991,11662
23766,12463,11303
23283,11678,11605
24317,12903,11414
22313,10763,11550
23174,11554,11620
22739,11270,11469
22930,11864,11066
23926,12433,11493
22305,10643,11662
23554,11874,11680
22882,11224,11658
23366,11718,11648
23123,11563,11560
22733,11138,11595
23460,11783,11677
22734,11181,11553
22958,11332,11626
23580,11790,11790
22812,11527,11285
23428,12219,11209
24138,12401,11737
23555,12197,11358
23146,11855,11291
21548,10385,11163
22262,10743,11519
23223,11516,11707
22889,11592,11297
23812,12274,11538
24150,12421,11729
24109,12352,11757
23742,12025,11717
23247,12113,11134
23387,11799,11588
22620,11391,11229
23684,12384,11300
23869,12131,11738
21324,10127,11197
21833,10382,11451
23226,12037,11189
23119,11686,11433
23053,11333,11720
21956,10844,11112
22596,11121,11475
22932,11312,11620
23626,11908,11718
22759,11205,11554
22759,11251,11508
23103,11393,11710
23273,11670,11603
23233,11615,11618
22858,11534,11324
22369,10921,11448
22834,11239,11595
24554,12768,11786
22599,11008,11591
23029,11731,11298
22288,10853,11435
23423,11886,11537
22043,10637,11406
23695,11922,11773
22465,10946,11519
22553,11203,11350
22504,11130,11374
22423,10973,11450
23545,11898,11647
22936,11304,11632
22478,10969,11509
22974,11365,11609
23289,11703,11586
24541,13042,11499
23911,12171,11740
23006,11444,11562
24323,12856,11467
23826,12322,11504
22236,10738,11498
23640,11906,11734
23620,12146,11474
22483,11064,11419
23767,12411,11356
23513,12342,11171
22043,10563,11480
23686,12013,11673
23462,11804,11658
21767,10356,11411
21873,10347,11526
23195,11517,11678
22618,11071,11547
24113,12408,11705
24308,12740,11568
23642,11889,11753
22957,11233,11724
23626,11975,11651
23219,11581,11638
23096,11497,11599
22257,10669,11588
23381,12048,11333
23599,12281,11318
21661,10340,11321
23202,11560,11642
24173,12501,11672
23177,11539,11638
23034,11425,11609
21224,10176,11048
23588,11897,11691
23362,11696,11666
22724,11138,11586
21091,10081,11010
23744,12384,11360
23332,12132,11200
23747,11978,11769
22827,11217,11610
22583,11053,11530
24107,12779,11328
21863,10245,11618
24226,12851,11375
21950,10869,11081
23472,11848,11624
22701,11187,11514
23530,12193,11337
22831,11217,11614
23516,11828,11688
23319,11696,11623
22687,11099,11588
23483,11840,11643
22828,11243,11585
22672,11120,11552
22488,10958,11530
23052,11416,11636
22594,10979,11615
22635,11169,11466
23249,11645,11604
22314,10856,11458
22991,11343,11648
23272,11629,11643
22823,11528,11295
23514,12228,11286
21828,10435,11393
21048,9704,11344
24166,12742,11424
24034,12233,11801
24330,12545,11785
23960,12667,11293
22879,11239,11640
22397,10919,11478
23155,11572,11583
23732,11975,11757
23560,12196,11364
24041,12769,11272
23814,12105,11709
22040,10688,11352
22481,10962,11519
23346,11714,11632
21352,10456,10896
23305,11741,11564
22481,11346,11135
22834,11516,11318
24191,12872,11319
23102,11530,11572
23864,12455,11409
23363,11606,11757
23756,12089,11667
23023,11451,11572
24350,12574,11776
22787,11541,11246
23882,12449,11433
23658,12304,11354
22980,11373,11607
23268,11943,11325
23843,12514,11329
22394,10838,11556
22919,11391,11528
22964,11337,11627
23114,11638,11476
22693,10991,11702
21950,10566,11384
22778,11171,11607
22529,10903,11626
23874,12333,11541
21932,10574,11358
24407,12609,11798
22653,11074,11579
23946,12219,11727
24214,12799,11415
23483,11836,11647
23319,11638,11681
22894,11178,11716
22605,11047,11558
22854,11621,11233
23057,11962,11095
24089,12373,11716
23384,11841,11543
22797,11161,11636
22619,11385,11234
23411,12011,11400
24052,12294,11758
23327,11767,11560
23272,11640,11632
22369,10815,11554
23324,11631,11693
23106,11528,11578
23865,12153,11712
23181,11525,11656
22451,10918,11533
23296,11713,11583
23303,11597,11706
23161,11587,11574
23264,11667,11597
22780,11128,11652
23182,11510,11672
22493,11318,11175
22322,10923,11399
23881,12444,11437
22679,11077,11602
22808,11498,11310
23200,11511,11689
23361,11630,11731
23328,11917,11411
22513,11357,11156
22479,10850,11629
23542,12187,11355
23765,12073,11692
23496,12127,11369
22950,11412,11538
23047,11452,11595
23644,12001,11643
22015,10521,11494
23517,11998,11519
23898,12164,11734
23313,11596,11717
21108,9867,11241
24364,12619,11745
21575,10331,11244
23767,12039,11728
23026,11407,11619
23895,12154,11741
24368,12646,11722
22138,10620,11518
23931,12269,11662
22390,10985,11405
22028,10478,11550
22851,11282,11569
22935,11421,11514
22008,10478,11530
23852,12107,11745
23083,11553,11530
22389,11263,11126
23594,12070,11524
22796,11251,11545
23065,11522,11543
22306,11119,11187
24012,12527,11485
23094,11761,11333
20688,9514,11174
23155,11904,11251
23445,11774,11671
23377,11762,11615
22228,10769,11459
22607,11204,11403
23626,11976,11650
21217,9848,11369
22012,10845,11167
23726,11983,11743
23640,12319,11321
24065,12610,11455
23539,11799,11740
24088,12318,11770
23482,11797,11685
23600,12039,11561
23513,11809,11704
23427,12258,11169
23472,11759,11713
23256,11565,11691
23080,11449,11631
23052,11767,11285
24070,12692,11378
23356,12022,11334
22887,11276,11611
22911,11400,11511
22824,11209,11615
22592,10971,11621
23042,11434,11608
23214,11590,11624
23905,12506,11399
22396,10933,11463
23997,12615,11382
22538,11116,11422
23154,11393,11761
23851,12119,11732
21938,10606,11332
23445,11830,11615
22578,11095,11483
23174,11482,11692
21316,9962,11354
22977,11270,11707
23673,11951,11722
23305,11621,11684
23833,12120,11713
22218,10717,11501
23224,11593,11631
23137,11935,11202
24042,12672,11370
23590,12198,11392
23828,12543,11285
23220,11945,11275
21934,10316,11618
21088,10138,10950
22628,10957,11671
23659,11964,11695
22102,11010,11092
23290,11984,11306
23455,12090,11365
22903,11320,11583
22185,10665,11520
23882,12155,11727
23170,11628,11542
24538,12800,11738
23528,11863,11665
23219,11538,11681
23323,11810,11513
22968,11416,11552
23797,12257,11540
23996,12285,11711
23520,11918,11602
23778,12333,11445
23273,11619,11654
22011,10601,11410
23651,12349,11302
23819,12064,11755
22447,10959,11488
24472,12914,11558
23575,11909,11666
23206,11555,11651
23005,11395,11610
23075,11403,11672
24161,12790,11371
23706,12065,11641
23122,11831,11291
24006,12276,11730
22424,10930,11494
23365,11776,11589
22948,11336,11612
23875,12186,11689
21955,10525,11430
23134,11547,11587
24182,12333,11849
22731,11180,11551
23488,11749,11739
22551,11384,11167
23701,12056,11645
23447,12108,11339
23577,11880,11697
24182,12785,11397
22721,11088,11633
22988,11400,11588
23402,12061,11341
23591,11918,11673
24304,12934,11370
23846,12528,11318
23041,11385,11656
23646,12281,11365
23524,11906,11618
22981,11718,11263
23252,11523,11729
24048,12246,11802
20788,9565,11223
23866,12179,11687
23668,11906,11762
22028,10539,11489
19162,8142,11020
23189,11650,11539
23529,11983,11546
24422,12605,11817
21645,10069,11576
23571,12081,11490
23214,11938,11276
23134,11435,11699
22660,11045,11615
21593,10325,11268
23162,11476,11686
23129,11827,11302
22847,11515,11332
21665,10234,11431
23234,12007,11227
23359,11691,11668
23999,12232,11767
24270,12930,11340
23502,11792,11710
21356,10138,11218
24666,12998,11668
21082,9779,11303
23300,11747,11553
23650,12393,11257
23233,11588,11645
23552,12223,11329
21687,10244,11443
23137,11541,11596
23511,11742,11769
23586,12321,11265
24249,12510,11739
22947,11385,11562
23894,12535,11359
23265,11565,11700
23186,11957,11229
22153,11040,11113
24018,12280,11738
23598,12007,11591
23469,11771,11698
24174,12730,11444
22849,11254,11595
21539,10459,11080
22077,10656,11421
23388,11791,11597
23031,11459,11572
22475,10878,11597
22448,11011,11437
23623,11941,11682
23274,11628,11646
22825,11160,11665
23304,11584,11720
24072,12366,11706
21039,10003,11036
23593,11934,11659
22752,11302,11450
23584,12248,11336
24113,12735,11378
23479,11854,11625
20617,9248,11369
24205,12496,11709
23433,11724,11709
23968,12137,11831
23510,12216,11294
24028,12272,11756
23752,12078,11674
21776,10290,11486
23019,11855,11164
24047,12703,11344
22863,11316,11547
21576,10220,11356
22033,10941,11092
23884,12320,11564
24084,12794,11290
20776,9465,11311
23440,11793,11647
23336,12057,11279
24034,12678,11356
23045,11407,11638
22736,11096,11640
22275,11085,11190
23823,12535,11288
22591,11055,11536
22664,11092,11572
23173,11861,11312
23711,11975,11736
23347,11942,11405
23776,12077,11699
23845,12198,11647
22115,10691,11424
23573,11985,11588
23383,12080,11303
22405,11408,10997
21437,9997,11440
23012,11804,11208
24034,12358,11676
23124,11776,11348
22319,10818,11501
22103,10647,11456
23538,11901,11637
22571,11195,11376
23001,11838,11163
23042,11814,11228
23958,12206,11752
23697,12134,11563
22552,11055,11497
23546,11840,11706
22820,11177,11643
22624,11007,11617
23948,12268,11680
23489,11815,11674
23827,12177,11650
24382,12942,11440
20878,9513,11365
23827,12461,11366
23084,11576,11508
23104,11501,11603
23998,12635,11363
21801,10298,11503
22633,11034,11599
20944,9760,11184
23431,11800,11631
23836,12490,11346
23274,11864,11410
23314,11709,11605
22393,10864,11529
23511,11783,11728
22373,10772,11601
20612,9414,11198
24141,12378,11763
22633,10986,11647
22235,10787,11448
22367,10928,11439
23564,11820,11744
21635,10258,11377
21845,10550,11295
22776,11287,11489
24083,12403,11680
23735,11989,11746
23469,11779,11690
23642,11987,11655
23308,11996,11312
23112,11935,11177
24375,12968,11407
22594,10948,11646
23424,11802,11622
23086,11483,11603
21923,10612,11311
23998,12242,11756
23248,11954,11294
24130,12809,11321
24257,12855,11402
23595,11974,11621
23278,11627,11651
23151,11927,11224
22999,11460,11539
23515,11875,11640
23391,11877,11514
23794,12102,11692
21631,10324,11307
22527,11060,11467
22726,11175,11551
23410,11714,11696
23991,12722,11269
23105,11481,11624
23251,11630,11621
22598,11178,11420
22772,11180,11592
24020,12720,11300
24192,12376,11816
23710,12125,11585
24152,12522,11630
23202,11870,11332
23910,12433,11477
24286,12490,11796
22754,11206,11548
23067,11444,11623
23620,11894,11726
22962,11675,11287
23640,12310,11330
23443,11799,11644
22687,11088,11599
23570,11950,11620
23078,11347,11731
22263,10670,11593
21914,10410,11504
22808,11722,11086
22865,11352,11513
23354,11702,11652
23672,11967,11705
24213,12382,11831
23657,12036,11621
21949,10470,11479
22799,11225,11574
22819,11645,11174
22512,11327,11185
23469,11801,11668
23134,11467,11667
23517,12084,11433
22794,11135,11659
23325,11620,11705
24008,12330,11678
23141,11528,11613
21667,10302,11365
23420,11833,11587
23256,11980,11276
23935,12137,11798
23712,11942,11770
22570,10999,11571
22302,11258,11044
23477,11828,11649
22651,11167,11484
23027,11341,11686
21429,10100,11329
23742,12005,11737
23169,11418,11751
22043,10741,11302
22834,11307,11527
22893,11390,11503
24363,12737,11626
23540,11935,11605
22974,11277,11697
22510,10838,11672
23043,11303,11740
23832,11998,11834
23745,12029,11716
24012,12290,11722
23370,11649,11721
22545,10945,11600
23252,11567,11685
21666,10226,11440
23217,11577,11640
23725,12086,11639
24156,12815,11341
22798,11516,11282
23119,11865,11254
21981,10493,11488
22496,11301,11195
23926,12236,11690
22515,10931,11584
22043,10607,11436
24222,12803,11419
24240,12528,11712
23100,11654,11446
21989,10423,11566
23738,12037,11701
22595,11083,11512
23303,11963,11340
22854,11233,11621
23636,11978,11658
22669,11104,11565
23545,12271,11274
22518,11169,11349
23833,12053,11780
23285,11991,11294
22683,11062,11621
22890,11265,11625
24152,12366,11786
22971,11386,11585
21868,10813,11055
23363,11730,11633
21521,10119,11402
22863,11321,11542
23163,11529,11634
22368,10828,11540
24189,12419,11770
22636,11129,11507
21437,10114,11323
24109,12325,11784
23680,11927,11753
23982,12509,11473
22480,11425,11055
24087,12318,11769
24087,12307,11780
23516,12100,11416
23688,11972,11716
22658,11129,11529
21304,9980,11324
23219,11582,11637
21873,10765,11108
23130,11638,11492
23134,11596,11538
22577,11075,11502
22566,10978,11588
22542,10954,11588
23811,12193,11618
23873,12129,11744
23451,11815,11636
22673,11186,11487
23609,12093,11516
22987,11366,11621
22236,10629,11607
24131,12410,11721
22672,11194,11478
23766,12177,11589
21712,10307,11405
23264,11586,11678
22923,11264,11659
23438,12085,11353
23808,12404,11404
23060,11345,11715
23198,11565,11633
24311,12532,11779
22200,10701,11499
23151,11573,11578
23375,11731,11644
23746,12011,11735
23133,11545,11588
23139,11512,11627
22661,11063,11598
23585,11894,11691
23217,11626,11591
21695,10259,11436
23591,12022,11569
24034,12339,11695
22648,11498,11150
23021,11432,11589
23787,12003,11784
23053,11378,11675
22694,11066,11628
21006,9634,11372
22541,11043,11498
23474,11717,11757
22487,11029,11458
23909,12147,11762
23611,11934,11677
22366,10814,11552
22549,11353,11196
23109,11720,11389
22597,11048,11549
22863,11260,11603
23700,11992,11708
24267,12527,11740
23539,12307,11232
23012,11868,11144
21847,10433,11414
24518,13135,11383
23622,11960,11662
23465,12218,11247
23584,11914,11670
23091,11735,11356
23535,11960,11575
23050,11778,11272
22723,11371,11352
23317,11901,11416
19359,8691,10668
23689,12087,11602
23552,11876,11676
22304,10792,11512
21200,9806,11394
24232,12458,11774
23590,11818,11772
23055,11482,11573
23229,11890,11339
23529,11805,11724
23592,11848,11744
23261,11828,11433
24240,12791,11449
22116,10886,11230
22661,11055,11606
22847,11226,11621
23696,12030,11666
23439,11823,11616
22555,11004,11551
23788,12276,11512
23146,11527,11619
23470,11873,11597
23556,12220,11336
24567,13163,11404
22286,10755,11531
21573,10281,11292
21963,10430,11533
22201,10816,11385
24419,13003,11416
22516,10928,11588
23304,11663,11641
22534,11339,11195
21839,10352,11487
22623,11096,11527
23801,12493,11308
22225,10702,11523
22651,11098,11553
22438,11002,11436
22838,11376,11462
21716,10252,11464
24026,12312,11714
21959,10451,11508
23028,11436,11592
22779,11224,11555
21287,10104,11183
23822,12144,11678
23528,11796,11732
23079,11348,11731
22468,10828,11640
22798,11153,11645
22838,11273,11565
23372,11690,11682
23266,11614,11652
22062,11097,10965
24013,12629,11384
23805,12466,11339
23235,11629,11606
23065,11459,11606
23266,11761,11505
24088,12738,11350
22653,11025,11628
22149,10683,11466
21786,10556,11230
23003,11381,11622
23943,12330,11613
23038,11848,11190
23757,12025,11732
23157,11479,11678
21987,10573,11414
23838,12083,11755
23176,11533,11643
23713,12000,11713
23589,11908,11681
21855,10389,11466
22167,10748,11419
24158,12758,11400
22862,11442,11420
23522,11919,11603
23292,11623,11669
22270,11189,11081
23505,12110,11395
22786,11249,11537
24267,12591,11676
23068,11711,11357
22713,11155,11558
20728,9348,11380
22566,10872,11694
23096,11468,11628
23052,11383,11669
24047,12287,11760
21879,10406,11473
23597,12235,11362
21977,10534,11443
23191,11932,11259
21102,9890,11212
24229,12749,11480
22983,11410,11573
22621,11382,11239
23042,11412,11630
23590,11964,11626
23855,12199,11656
24017,12306,11711
22179,10720,11459
23137,11619,11518
23556,12184,11372
23665,12243,11422
22601,11101,11500
23214,11554,11660
22781,11147,11634
23904,12284,11620
22263,10767,11496
22839,11237,11602
22317,11119,11198
22501,11154,11347
22057,10498,11559
24419,12983,11436
23468,11789,11679
23477,11778,11699
22790,11634,11156
22246,10646,11600
23320,11674,11646
21782,10442,11340
23505,11787,11718
22720,11532,11188
24168,12766,11402
23997,12224,11773
23784,12012,11772
22933,11376,11557
23065,11433,11632
23458,11793,11665
23524,12157,11367
23139,11800,11339
23462,11764,11698
23393,11847,11546
23942,12225,11717
22194,10660,11534
23457,11820,11637
22847,11215,11632
23755,12108,11647
22288,10758,11530
23310,11595,11715
22398,10862,11536
22231,10774,11457
22849,11200,11649
22843,11229,11614
23033,11870,11163
22739,11243,11496
23949,12293,11656
21730,10604,11126
23842,12104,11738
22350,10753,11597
23121,11429,11692
23355,11718,11637
21346,9976,11370
22725,11222,11503
24241,12909,11332
24172,12421,11751
23742,12427,11315
22761,11180,11581
23094,11925,11169
20421,9238,11183
21963,10434,11529
22967,11593,11374
22719,11546,11173
22506,11089,11417
23851,12179,11672
20279,9288,10991
23715,12135,11580
21181,9644,11537
23303,11731,11572
22430,10941,11489
23543,11900,11643
23205,11977,11228
24073,12303,11770
23085,11469,11616
23477,11754,11723
22059,10561,11498
22777,11220,11557
23372,11604,11768
23774,12036,11738
22983,11813,11170
22966,11439,11527
23694,12304,11390
23817,12086,11731
22664,11078,11586
24053,12402,11651
22947,11325,11622
23556,11895,11661
23424,11794,11630
23167,11494,11673
21798,10253,11545
23731,12056,11675
24103,12335,11768
24766,12950,11816
22971,11379,11592
23023,11472,11551
22594,11249,11345
24171,12576,11595
23076,11474,11602
23533,11838,11695
21906,10401,11505
22775,11207,11568
23556,11903,11653
23576,12041,11535
22840,11576,11264
22748,11125,11623
24034,12347,11687
22821,11411,11410
21294,9957,11337
24153,12320,11833
22419,11036,11383
23332,11706,11626
23749,12063,11686
24201,12429,11772
23235,11723,11512
23933,12200,11733
23181,11485,11696
23343,11740,11603
23937,12212,11725
22269,10723,11546
21713,10441,11272
23569,11891,11678
23101,11461,11640
21491,10096,11395
23531,11916,11615
23247,12066,11181
23695,12367,11328
24071,12748,11323
23178,11630,11548
23212,11975,11237
23431,11696,11735
23255,11729,11526
23273,11717,11556
23680,11918,11762
22243,10673,11570
23335,12030,11305
23085,11470,11615
22443,10847,11596
22308,10799,11509
21926,10630,11296
22693,11137,11556
23023,11471,11552
24107,12430,11677
23859,12511,11348
22907,11297,11610
23789,12012,11777
22361,10973,11388
22494,10939,11555
23395,12052,11343
24160,12652,11508
23091,11476,11615
23281,12038,11243
21125,9862,11263
23043,11722,11321
23016,11274,11742
23235,11923,11312
23569,11768,11801
23157,11859,11298
24418,12970,11448
23617,12117,11500
24143,12284,11859
22233,10702,11531
23361,11719,11642
21570,10228,11342
22916,11264,11652
22862,11308,11554
22147,10969,11178
23019,11513,11506
22408,10902,11506
22717,11219,11498
23573,11926,11647
24115,12828,11287
23487,11817,11670
22161,10740,11421
21635,10214,11421
23515,11899,11616
23236,12027,11209
23701,12091,11610
22117,10700,11417
23237,11569,11668
22365,10767,11598
22378,10874,11504
23388,11667,11721
23139,11442,11697
22455,10944,11511
23569,11957,11612
23236,11728,11508
22113,11043,11070
23837,12156,11681
22893,11288,11605
23622,12050,11572
21475,10155,11320
23072,11426,11646
23522,11824,11698
24098,12388,11710
23671,12382,11289
23838,12181,11657
22196,10753,11443
22615,11076,11539
22271,10999,11272
22845,11240,11605
23085,11874,11211
23652,11946,11706
22744,11218,11526
23792,12094,11698
24041,12649,11392
23216,11604,11612
23339,11585,11754
23184,11583,11601
22408,10931,11477
22413,10951,11462
23081,11481,11600
22180,10639,11541
22987,11714,11273
23961,12251,11710
23175,11590,11585
22030,10982,11048
23430,12099,11331
23395,11770,11625
22828,11321,11507
21282,9917,11365
23473,11855,11618
23453,11738,11715
22520,11012,11508
23770,12033,11737
23464,11794,11670
23843,12540,11303
23062,11448,11614
22596,11002,11594
22192,10743,11449
22672,11458,11214
22771,11150,11621
23824,12399,11425
23372,11844,11528
24258,12523,11735
22379,10905,11474
21670,10258,11412
23744,12113,11631
22254,10785,11469
23654,12341,11313
23118,11536,11582
22807,11617,11190
22746,11314,11432
22673,11047,11626
24325,12546,11779
23601,11863,11738
22465,11241,11224
23408,11720,11688
23140,11498,11642
22485,10849,11636
23614,11966,11648
23551,11848,11703
24716,12979,11737
22657,11102,11555
22240,10563,11677
23654,11934,11720
23768,12051,11717
22664,11077,11587
23972,12600,11372
24162,12758,11404
23200,11593,11607
22320,10738,11582
21575,10260,11315
22737,11150,11587
22060,10598,11462
22654,11148,11506
22483,11136,11347
23524,11820,11704
23544,11896,11648
23023,11751,11272
22767,11501,11266
22943,11384,11559
22946,11282,11664
23600,11917,11683
24017,12468,11549
21260,9885,11375
23254,11552,11702
23206,11953,11253
23491,11790,11701
23643,11900,11743
22429,11030,11399
23761,12027,11734
21521,10065,11456
23530,12254,11276
22393,10845,11548
23992,12241,11751
23620,11847,11773
23741,11941,11800
23331,11710,11621
21763,10746,11017
22349,10832,11517
23789,12400,11389
23623,11945,11678
23657,12339,11318
23624,11841,11783
22587,10944,11643
23686,12033,11653
22057,10593,11464
22825,11326,11499
23373,12029,11344
23476,11768,11708
22396,11302,11094
23558,11891,11667
23682,12064,11618
22853,11338,11515
23444,11738,11706
22875,11687,11188
23672,11953,11719
23468,11837,11631
24070,12328,11742
22039,11029,11010
22322,10786,11536
23618,11988,11630
23007,11450,11557
20657,9862,10795
22299,10771,11528
23257,11564,11693
24214,12522,11692
22405,11380,11025
21150,10187,10963
23571,11996,11575
23309,11727,11582
23612,11902,11710
23752,12023,11729
22554,11182,11372
21155,9901,11254
22524,11448,11076
22254,10721,11533
23336,11732,11604
22683,11133,11550
23696,12357,11339
23135,11613,11522
22644,11069,11575
22299,10850,11449
22457,11219,11238
23212,11546,11666
23012,11439,11573
24463,13018,11445
22707,11559,11148
23560,11885,11675
21668,10118,11550
22900,11714,11186
23429,11651,11778
22992,11757,11235
21778,10243,11535
22384,10915,11469
22804,11270,11534
22507,11177,11330
24183,12801,11382
23221,11515,11706
22239,10675,11564
23647,12275,11372
22546,10899,11647
24203,12456,11747
22461,10880,11581
21044,9713,11331
23148,11557,11591
21218,9807,11411
23887,12461,11426
22682,11186,11496
22838,11188,11650
24239,12513,11726
21742,10350,11392
23803,12557,11246
23854,12141,11713
23963,12572,11391
23781,12026,11755
23859,12141,11718
21774,10417,11357
23156,11557,11599
23011,11425,11586
23573,11881,11692
22891,11337,11554
22189,10661,11528
23077,11477,11600
21974,10535,11439
24025,12288,11737
23729,12084,11645
22388,10817,11571
24189,12550,11639
23946,12410,11536
23029,11459,11570
23347,11649,11698
23619,11907,11712
22866,11290,11576
22848,11181,11667
23203,11586,11617
23893,12169,11724
21210,9790,11420
23544,11902,11642
23993,12289,11704
24511,12999,11512
22802,11163,11639
23680,11938,11742
23904,12157,11747
23832,12099,11733
23570,11937,11633
21496,10073,11423
22817,11202,11615
22702,11159,11543
21835,10415,11420
23727,12144,11583
22987,11710,11277
22524,11053,11471
22958,11743,11215
23208,11544,11664
23812,12367,11445
23358,11715,11643
22737,11573,11164
24075,12711,11364
23672,12261,11411
22922,11307,11615
23423,11816,11607
23627,11916,11711
23294,11724,11570
23258,11679,11579
24449,13008,11441
23398,11702,11696
24078,12440,11638
23402,11741,11661
23535,11832,11703
23879,12202,11677
23341,12042,11299
21335,9992,11343
23863,12126,11737
23646,12204,11442
22201,10644,11557
23280,11795,11485
23203,11565,11638
23015,11391,11624
24232,12444,11788
22722,11048,11674
23445,12190,11255
21521,10161,11360
23989,12210,11779
23343,11666,11677
22853,11259,11594
21218,9779,11439
23767,12077,11690
23773,12157,11616
23399,11775,11624
23004,11403,11601
23060,11895,11165
22835,11243,11592
23998,12237,11761
23570,11928,11642
23520,11784,11736
22480,10916,11564
23338,11670,11668
21379,10068,11311
23312,12051,11261
22542,10958,11584
22358,10869,11489
21459,10098,11361
21849,10375,11474
23468,11799,11669
22315,10746,11569
23291,11691,11600
24359,12883,11476
23413,11749,11664
24423,13009,11414
23277,11661,11616
22913,11311,11602
21185,9971,11214
22939,11269,11670
24110,12371,11739
24183,12876,11307
21114,9796,11318
24240,12616,11624
23335,11723,11612
23464,12155,11309
24055,12340,11715
24020,12306,11714
23102,11412,11690
22407,11190,11217
22633,11050,11583
23717,12391,11326
23423,11798,11625
23602,11942,11660
22949,11264,11685
23606,12288,11318
23056,11272,11784
22694,11030,11664
24148,12709,11439
23748,12018,11730
20836,9710,11126
23458,11747,11711
24389,12614,11775
23598,11963,11635
21820,10328,11492
23357,11627,11730
22241,10772,11469
22461,11244,11217
22429,10898,11531
22681,11074,11607
23253,11600,11653
21804,10517,11287
23537,11823,11714
22863,11290,11573
22549,10947,11602
23924,12530,11394
22605,11461,11144
23008,11340,11668
22415,11044,11371
23904,12534,11370
23593,11893,11700
23971,12211,11760
22009,10680,11329
23406,12135,11271
23818,12403,11415
22310,10942,11368
23590,12331,11259
23474,11739,11735
23802,12097,11705
23875,12135,11740
23968,12220,11748
23066,11465,11601
24515,13147,11368
23505,12154,11351
24251,12748,11503
23511,11820,11691
23547,11833,11714
23269,11663,11606
22884,11201,11683
23956,12195,11761
23418,11811,11607
22492,11356,11136
23647,11970,11677
22386,10890,11496
23389,11696,11693
23767,12099,11668
22024,10545,11479
23581,11900,11681
22065,10945,11120
21855,10462,11393
23928,12578,11350
23581,11907,11674
23700,12003,11697
23351,11657,11694
23395,11680,11715
23116,11361,11755
23942,12246,11696
22938,11311,11627
21764,10402,11362
23813,12525,11288
24251,12436,11815
24281,12890,11391
23809,12128,11681
24386,12940,11446
23687,12119,11568
23945,12605,11340
23001,11492,11509
23499,11769,11730
23095,11455,11640
23332,11751,11581
22834,11267,11567
23561,11905,11656
23676,11970,11706
22589,11237,11352
23693,11888,11805
21582,10110,11472
23227,11657,11570
20697,9373,11324
21929,10834,11095
22829,11302,11527
23244,11588,11656
23437,11787,11650
23586,11934,11652
23612,11875,11737
23218,11658,11560
21798,10372,11426
23205,11878,11327
24382,12587,11795
23488,11766,11722
22409,10884,11525
23599,12336,11263
23240,11621,11619
23221,11847,11374
22234,10810,11424
23930,12105,11825
22779,11207,11572
23895,12166,11729
23560,11884,11676
23708,11978,11730
22358,10812,11546
22878,11652,11226
22509,10989,11520
23010,11442,11568
24196,12782,11414
23156,11794,11362
23066,11683,11383
23940,12236,11704
23304,11670,11634
23923,12266,11657
22625,11097,11528
22656,11177,11479
23966,12164,11802
23934,12548,11386
22827,11576,11251
21622,10328,11294
22886,11260,11626
23555,11871,11684
21811,10322,11489
24334,12577,11757
22823,11228,11595
21753,10702,11051
22910,11215,11695
24330,12917,11413
23198,11504,11694
23518,12059,11459
23743,11957,11786
21678,10459,11219
22890,11326,11564
23362,12223,11139
22275,10793,11482
23997,12306,11691
23354,11705,11649
22284,10784,11500
21821,10502,11319
23823,12491,11332
22689,11096,11593
23139,11891,11248
23703,11989,11714
22874,11364,11510
22823,11164,11659
23656,11951,11705
23951,12357,11594
23366,11735,11631
22684,11286,11398
21840,10409,11431
23442,11776,11666
23194,11539,11655
22858,11336,11522
22084,10722,11362
21654,10215,11439
23944,12098,11846
22091,10490,11601
23117,11514,11603
21668,10388,11280
22963,11326,11637
21728,10235,11493
23017,11411,11606
23064,11805,11259
23467,12144,11323
24073,12274,11799
23928,12584,11344
23664,12264,11400
23698,11969,11729
22416,10824,11592
23836,12106,11730
22608,11117,11491
23781,12156,11625
23961,12292,11669
22794,11145,11649
22337,10802,11535
23158,11562,11596
23592,12060,11532
23848,12112,11736
23299,11645,11654
22292,10853,11439
22574,11076,11498
24124,12302,11822
22347,10837,11510
22579,10928,11651
23859,12125,11734
22533,11256,11277
22767,11188,11579
22581,11370,11211
23588,12119,11469
23489,11775,11714
24074,12398,11676
23321,11689,11632
21406,9938,11468
23232,11648,11584
24154,12401,11753
23373,11781,11592
23815,12196,11619
22428,10973,11455
23367,12062,11305
21958,10438,11520
22418,10824,11594
22603,11129,11474
21343,10002,11341
21953,10421,11532
22106,10655,11451
23658,12410,11248
23843,12076,11767
23315,11681,11634
22534,10935,11599
24131,12807,11324
23727,12018,11709
22451,11271,11180
22608,10999,11609
21591,10264,11327
22933,11227,11706
22574,11269,11305
23222,11907,11315
22672,11045,11627
23316,11657,11659
23664,12021,11643
23238,11638,11600
23651,11993,11658
23050,11441,11609
22859,11287,11572
23250,11502,11748
21942,10509,11433
22091,10661,11430
24144,12420,11724
23795,12129,11666
23161,11901,11260
23217,11602,11615
23461,11815,11646
23503,12010,11493
22611,11089,11522
23460,11720,11740
21587,10513,11074
22638,11198,11440
23605,12203,11402
22736,11129,11607
23601,11969,11632
23054,11295,11759
23105,11528,11577
23520,11855,11665
22475,11303,11172
22842,11238,11604
23234,11653,11581
22348,11144,11204
24052,12286,11766
22962,11647,11315
23702,12356,11346
23826,12071,11755
22726,11121,11605
23502,11821,11681
23374,11952,11422
23454,11835,11619
21883,10463,11420
23592,11965,11627
23437,11759,11678
21954,10482,11472
24355,12958,11397
22055,10891,11164
23799,12008,11791
23367,11671,11696
21790,10435,11355
23054,11322,11732
22347,10814,11533
22836,11352,11484
23838,12166,11672
23300,12115,11185
23528,11836,11692
23080,11506,11574
22569,11123,11446
23261,11738,11523
23232,11621,11611
23242,11533,11709
23745,12380,11365
24000,12323,11677
24036,12602,11434
21387,10070,11317
21329,9967,11362
23457,11723,11734
23340,11692,11648
22789,11296,11493
23928,12327,11601
24269,12771,11498
23222,11549,11673
23396,12114,11282
23250,12044,11206
22798,11276,11522
23924,12460,11464
22344,10843,11501
22705,11158,11547
22393,11045,11348
21917,10841,11076
23277,11686,11591
23468,11674,11794
24180,12569,11611
23398,11704,11694
22486,10970,11516
22274,10857,11417
22893,11363,11530
23698,12242,11456
22717,11237,11480
22340,10784,11556
23840,12120,11720
22202,10641,11561
23788,12074,11714
22325,10813,11512
22699,11069,11630
23227,11671,11556
22423,10865,11558
23371,11604,11767
23304,11632,11672
23888,12125,11763
24028,12641,11387
23334,12011,11323
22866,11380,11486
22878,11219,11659
22985,11843,11142
22614,11039,11575
23002,11743,11259
23475,11743,11732
22336,10705,11631
24160,12440,11720
22482,10964,11518
24101,12701,11400
22442,10879,11563
22497,10870,11627
24088,12331,11757
23998,12699,11299
23283,11557,11726
23323,11608,11715
22949,11587,11362
23032,11426,11606
23234,11606,11628
22027,10674,11353
22395,11266,11129
22257,10903,11354
22987,11472,11515
22528,10968,11560
23494,11849,11645
19518,8424,11094
23120,11495,11625
23242,11557,11685
23988,12138,11850
22943,11281,11662
24532,12850,11682
23063,11356,11707
23255,12006,11249
22746,11085,11661
23483,11890,11593
24086,12431,11655
22483,10811,11672
23361,11825,11536
23385,12128,11257
22994,11336,11658
23922,12504,11418
22397,10885,11512
24247,12506,11741
22604,10985,11619
23661,12350,11311
21696,10664,11032
22986,11425,11561
22493,10903,11590
23912,12232,11680
22260,10769,11491
23424,11714,11710
23067,11442,11625
23873,12161,11712
23418,12212,11206
22293,10840,11453
24309,12507,11802
23777,12534,11243
21425,10068,11357
22600,11282,11318
22396,11157,11239
22560,10945,11615
23182,11518,11664
24219,12426,11793
22631,11003,11628
23856,12105,11751
22902,11291,11611
23659,11927,11732
22502,10969,11533
21759,10717,11042
23626,12028,11598
23328,11735,11593
24059,12288,11771
23195,11579,11616
21854,10436,11418
23075,11427,11648
23330,11699,11631
24323,12575,11748
24431,12910,11521
21735,10421,11314
24131,12372,11759
22697,11440,11257
23240,11610,11630
22903,11309,11594
21339,10137,11202
23318,11594,11724
23101,11691,11410
24224,12344,11880
20669,9717,10952
24173,12450,11723
23154,11486,11668
23106,11625,11481
23614,12301,11313
23114,11788,11326
22716,11082,11634
24205,12383,11822
24106,12695,11411
24290,12506,11784
23327,11736,11591
23072,11431,11641
21434,9905,11529
23988,12551,11437
22795,11274,11521
22952,11366,11586
24050,12332,11718
24235,12512,11723
23117,11586,11531
23331,11775,11556
22760,11177,11583
19847,8712,11135
23071,11392,11679
23066,11444,11622
23258,11980,11278
23593,12245,11348
23072,11324,11748
23084,11489,11595
23804,12075,11729
22262,10788,11474
23907,12122,11785
23049,11485,11564
23794,12165,11629
23606,11873,11733
23475,11841,11634
22695,11458,11237
23843,12492,11351
22972,11412,11560
23319,12071,11248
22831,11150,11681
23286,12137,11149
23784,11970,11814
23902,12080,11822
22420,11234,11186
23830,12103,11727
23042,11414,11628
23774,12020,11754
23453,11856,11597
23715,12016,11699
23072,11578,11494
22540,10950,11590
23763,12141,11622
23699,12404,11295
23374,11714,11660
22147,10753,11394
23205,11536,11669
21671,10312,11359
22580,10990,11590
23714,12118,11596
24525,13122,11403
22133,10653,11480
23847,12095,11752
21213,9903,11310
22855,11556,11299
22160,10678,11482
23360,11686,11674
23391,11717,11674
23039,11429,11610
23970,12284,11686
24255,12523,11732
23950,12264,11686
22758,11192,11566
23414,12133,11281
23610,12311,11299
23225,12017,11208
22928,11266,11662
23675,11986,11689
23314,12037,11277
24443,13040,11403
24109,12706,11403
23560,11876,11684
23881,12147,11734
22423,10957,11466
24073,12755,11318
24085,12234,11851
23703,12310,11393
23662,12336,11326
24016,12259,11757
22826,11329,11497
23142,11893,11249
23797,12456,11341
24093,12326,11767
22403,10878,11525
23807,12043,11764
20990,9803,11187
24147,12423,11724
23550,11862,11688
23785,12133,11652
21952,10536,11416
23350,11701,11649
23434,11666,11768
23480,11802,11678
21939,10832,11107
23626,11986,11640
24519,13124,11395
20167,9105,11062
23221,11446,11775
23447,11705,11742
23687,11995,11692
22299,10790,11509
22978,11684,11294
21246,9876,11370
23683,11936,11747
24327,12987,11340
23455,11751,11704
23782,12178,11604
23201,11547,11654
22570,11049,11521
23533,12104,11429
22710,11352,11358
24748,12955,11793
23680,11977,11703
22871,11198,11673
23130,11553,11577
23600,11964,11636
23068,11814,11254
21455,10495,10960
23699,12324,11375
22593,11088,11505
23793,12092,11701
23239,11627,11612
23457,12077,11380
22937,11336,11601
22606,11084,11522
23826,12021,11805
23543,12260,11283
23313,11734,11579
22631,11279,11352
24046,12336,11710
24174,12492,11682
23429,11684,11745
22941,11290,11651
23104,11889,11215
21737,10296,11441
23219,11713,11506
22870,11249,11621
23659,11957,11702
21578,10193,11385
22579,11315,11264
22857,11272,11585
21867,10471,11396
22974,11306,11668
23324,11962,11362
23539,12340,11199
21686,10261,11425
22499,10877,11622
22799,11293,11506
22841,11231,11610
22728,11164,11564
23263,11537,11726
23650,11907,11743
23480,11824,11656
22687,10977,11710
23238,11495,11743
22259,10893,11366
24098,12415,11683
23317,12057,11260
22769,11227,11542
23325,12117,11208
21496,10110,11386
23976,12301,11675
22881,11271,11610
23860,12611,11249
24322,12599,11723
24000,12189,11811
22669,11097,11572
22956,11348,11608
23159,11466,11693
24086,12356,11730
21657,10641,11016
24394,12628,11766
23521,12212,11309
23645,11945,11700
23144,11508,11636
23095,11592,11503
23840,12064,11776
23060,11482,11578
21978,10465,11513
23384,12220,11164
23638,12074,11564
22373,11248,11125
23707,12348,11359
24044,12265,11779
23426,11738,11688
21910,10558,11352
21425,10462,10963
22685,10997,11688
20848,9535,11313
22736,11106,11630
23506,11868,11638
23777,12133,11644
24726,12963,11763
21841,10446,11395
23967,12266,11701
22020,10619,11401
21900,10531,11369
22962,11503,11459
22254,10731,11523
23373,11996,11377
24119,12292,11827
23584,11920,11664
23310,11593,11717
23696,11958,11738
23422,11724,11698
23588,11845,11743
23018,11480,11538
23750,11963,11787
23061,11441,11620
21664,10447,11217
22208,10734,11474
23640,12297,11343
22178,10668,11510
24003,12195,11808
23503,11799,11704
22463,11001,11462
24316,12488,11828
23795,12415,11380
23531,11898,11633
23820,12183,11637
23704,12064,11640
22554,11436,11118
23701,12090,11611
23487,12104,11383
23246,11578,11668
21831,10447,11384
23622,12311,11311
23589,12216,11373
23078,11545,11533
22940,11262,11678
22679,11127,11552
22357,11207,11150
23450,11755,11695
24140,12343,11797
23546,11845,11701
23521,11804,11717
22994,11417,11577
22702,11174,11528
23289,11940,11349
23271,11948,11323
24331,12946,11385
23837,12053,11784
22814,11289,11525
22787,11248,11539
22325,10855,11470
23528,12207,11321
22885,11394,11491
23141,11595,11546
22982,11820,11162
23619,12270,11349
24213,12490,11723
23768,12007,11761
23109,11937,11172
21892,10560,11332
23604,11997,11607
23101,11531,11570
23453,11782,11671
23966,12281,11685
21296,9839,11457
22636,11514,11122
23496,11753,11743
21634,10144,11490
23930,12180,11750
23782,12075,11707
22794,11094,11700
23399,11755,11644
20048,9009,11039
23720,12352,11368
22710,11276,11434
22651,11074,11577
24083,12706,11377
23451,11796,11655
22156,11010,11146
23468,12145,11323
22619,11178,11441
24078,12740,11338
23848,12520,11328
22099,10607,11492
21656,10271,11385
22898,11302,11596
23581,12216,11365
24069,12675,11394
20811,9556,11255
21839,10399,11440
23962,12702,11260
24295,12550,11745
23888,12507,11381
21342,10064,11278
23350,11716,11634
20900,9616,11284
21975,10630,11345
24127,12369,11758
23994,12314,11680
22883,11299,11584
22989,11404,11585
22608,10944,11664
24465,13059,11406
21691,10306,11385
23957,12259,11698
22474,11354,11120
23698,12004,11694
23600,11870,11730
22483,10917,11566
23844,12274,11570
24048,12344,11704
21710,10515,11195
23835,12481,11354
23432,11799,11633
23301,11686,11615
22412,10943,11469
22871,11269,11602
22426,11198,11228
22920,11699,11221
23871,12149,11722
22305,10745,11560
23088,11496,11592
24277,12949,11328
23523,12200,11323
22401,10855,11546
23604,11935,11669
22985,11390,11595
22573,10946,11627
22931,11365,11566
22829,11238,11591
23018,11371,11647
24163,12452,11711
23734,11981,11753
23447,11761,11686
22477,10958,11519
23072,11785,11287
21351,9973,11378
22880,11226,11654
23222,11579,11643
20806,10117,10689
23215,12002,11213
23112,11491,11621
22092,10654,11438
22918,11250,11668
23388,11681,11707
22248,10769,11479
22429,10979,11450
24151,12707,11444
23543,12214,11329
23899,12169,11730
21195,9802,11393
23033,11377,11656
22116,10604,11512
23744,11933,11811
23916,12564,11352
22910,11392,11518
23071,11779,11292
23757,12430,11327
23956,12608,11348
23050,11356,11694
22406,10967,11439
23250,11719,11531
21075,9763,11312
23534,11831,11703
23960,12624,11336
22843,11619,11224
23933,12259,11674
22203,10677,11526
22903,11769,11134
24057,12286,11771
23429,11727,11702
23851,12557,11294
21892,10477,11415
23405,11711,11694
24110,12455,11655
23500,12123,11377
22886,11309,11577
23818,12528,11290
21890,10776,11114
24235,12387,11848
21637,10238,11399
23205,11524,11681
23025,11456,11569
23313,11666,11647
23546,11953,11593
23664,11992,11672
23448,11893,11555
24000,12318,11682
23714,12173,11541
23986,12192,11794
22178,10671,11507
23554,11825,11729
23585,12273,11312
22736,11138,11598
21496,10442,11054
20976,9959,11017
23375,11708,11667
22792,11251,11541
22749,11276,11473
23142,11498,11644
23527,11867,11660
23777,12132,11645
22007,10814,11193
23670,12016,11654
23895,12182,11713
23109,11443,11666
22280,10680,11600
23542,11886,11656
22147,10695,11452
23556,11836,11720
23371,11725,11646
22536,10881,11655
23268,11593,11675
22535,11047,11488
23735,12028,11707
23651,12215,11436
22885,11313,11572
23780,12091,11689
24087,12684,11403
23096,11816,11280
23119,11483,11636
23151,11449,11702
23714,12423,11291
23030,11545,11485
23218,11869,11349
23395,11672,11723
23309,12032,11277
23561,11856,11705
22302,10801,11501
22753,11278,11475
22725,11558,11167
23607,11928,11679
23779,12419,11360
23364,11563,11801
24245,12467,11778
23668,12026,11642
20857,9523,11334
23470,11766,11704
22500,11029,11471
23889,12192,11697
22933,11286,11647
21840,10502,11338
21602,10184,11418
23656,11994,11662
22958,11681,11277
21635,10245,11390
22861,11304,11557
22520,10853,11667
22745,11201,11544
21647,10265,11382
23581,11908,11673
22963,11413,11550
22844,11305,11539
23442,11839,11603
22807,11167,11640
23217,11561,11656
22297,10854,11443
24557,12861,11696
23544,11924,11620
23658,12326,11332
22892,11236,11656
24372,12943,11429
23593,11927,11666
24580,13079,11501
24198,12501,11697
23126,11661,11465
23031,11425,11606
22776,11128,11648
23272,11699,11573
23125,11553,11572
23820,12131,11689
24402,13017,11385
23757,12464,11293
22602,11375,11227
23531,11904,11627
23301,11652,11649
24374,12605,11769
23614,12294,11320
22894,11673,11221
21388,10034,11354
23522,11779,11743
23788,12011,11777
21145,9776,11369
22983,11390,11593
24334,12825,11509
22329,10741,11588
24076,12272,11804
22703,11374,11329
22395,10864,11531
23857,12154,11703
22346,10823,11523
22357,10799,11558
22460,11314,11146
23660,11992,11668
23274,11650,11624
21718,10283,11435
23035,11378,11657
23079,11405,11674
22461,11273,11188
23999,12266,11733
23496,11805,11691
21259,10027,11232
22989,11287,11702
22857,11315,11542
23505,11857,11648
24196,12782,11414
22971,11415,11556
22621,11411,11210
23816,12386,11430
21611,10276,11335
23071,11389,11682
21736,10491,11245
22528,11028,11500
22392,11147,11245
23426,11760,11666
21771,10382,11389
23194,11515,11679
23233,11830,11403
24089,12707,11382
24051,12323,11728
20842,9640,11202
23249,11621,11628
23407,12061,11346
22176,10713,11463
23205,11957,11248
23771,12001,11770
23917,12219,11698
22202,10856,11346
23923,12166,11757
22384,10887,11497
23367,11996,11371
22980,11391,11589
24065,12337,11728
23362,11715,11647
23220,11834,11386
23525,11906,11619
23295,11986,11309
23651,12372,11279
23238,12002,11236
21902,10402,11500
24293,12566,11727
23676,12011,11665
23364,11783,11581
23497,11815,11682
23837,12134,11703
20769,9469,11300
22620,11156,11464
23932,12275,11657
23173,11915,11258
23230,11629,11601
21667,10309,11358
23265,11457,11808
23206,11647,11559
23624,11838,11786
24030,12366,11664
22600,11025,11575
23230,11668,11562
23409,11764,11645
22463,10863,11600
23068,11432,11636
23157,11623,11534
21589,10228,11361
23700,12284,11416
23827,12145,11682
22985,11350,11635
23595,11949,11646
24156,12301,11855
22387,10806,11581
23656,12038,11618
21775,10298,11477
22654,11039,11615
23713,12399,11314
21474,10142,11332
24621,12766,11855
22571,10994,11577
24427,12830,11597
23358,11753,11605
21542,10091,11451
24033,12276,11757
21868,10374,11494
24083,12685,11398
22552,10955,11597
23493,11921,11572
22852,11792,11060
23770,12208,11562
23402,11740,11662
23078,11470,11608
23460,11774,11686
23490,11811,11679
22806,11350,11456
22404,10817,11587
24334,12574,11760
23610,11861,11749
23192,11643,11549
24002,12329,11673
22460,11414,11046
23795,12428,11367
24261,12505,11756
23993,12253,11740
22359,10814,11545
21870,10354,11516
23786,12339,11447
22908,11637,11271
22577,11046,11531
22515,10952,11563
22731,11280,11451
23009,11790,11219
24281,12405,11876
23165,11550,11615
22271,10876,11395
23966,12603,11363
24241,12499,11742
22240,10721,11519
23302,11618,11684
23475,12220,11255
23951,12597,11354
23807,12086,11721
22682,11030,11652
23404,11773,11631
23866,12528,11338
23550,12238,11312
24046,12318,11728
22021,10858,11163
22791,11222,11569
24074,12300,11774
23089,11417,11672
22413,10904,11509
22215,10742,11473
23981,12591,11390
22054,10864,11190
23756,12418,11338
21898,10798,11100
22988,11382,11606
23671,11959,11712
23500,11830,11670
24130,12336,11794
23655,12233,11422
23750,12034,11716
23363,12013,11350
23837,12099,11738
23150,11605,11545
21884,10538,11346
24353,13000,11353
23628,11956,11672
23459,12206,11253
23467,11831,11636
22682,11088,11594
23121,11478,11643
23999,12273,11726
23468,11842,11626
24264,12553,11711
23841,12039,11802
22810,11172,11638
21782,10794,10988
24516,12678,11838
22915,11371,11544
21698,10233,11465
22753,11148,11605
23367,11729,11638
23276,11630,11646
22696,10937,11759
22761,11236,11525
22711,11079,11632
23650,12342,11308
24021,12298,11723
22471,11261,11210
22545,10941,11604
23259,11658,11601
22083,10741,11342
23423,11826,11597
23886,12177,11709
22506,11232,11274
22291,10713,11578
22343,11102,11241
22741,11131,11610
23275,11786,11489
22869,11203,11666
22141,10748,11393
23159,11570,11589
22797,11295,11502
23327,11665,11662
24099,12384,11715
23932,12590,11342
22951,11411,11540
23021,11439,11582
23818,12157,11661
24207,12797,11410
24823,13332,11491
23123,11568,11555
22925,11342,11583
22836,11328,11508
22912,11388,11524
23977,12670,11307
22412,10762,11650
23206,11508,11698
23448,11752,11696
24244,12413,11831
22605,11060,11545
24249,12854,11395
22805,11125,11680
21649,10230,11419
23722,12071,11651
23090,11436,11654
22301,10816,11485
23709,12028,11681
24283,12794,11489
23040,11411,11629
23378,11695,11683
23305,11619,11686
23605,11845,11760
22954,11292,11662
21562,10205,11357
21373,9886,11487
23074,11443,11631
23813,12483,11330
23975,12275,11700
23160,11891,11269
23036,11416,11620
23158,11510,11648
22543,11003,11540
22915,11505,11410
23413,11777,11636
22628,11370,11258
22506,11368,11138
24037,12267,11770
22469,10984,11485
22640,10988,11652
22943,11310,11633
24076,12391,11685
23179,11576,11603
23639,12023,11616
22279,11235,11044
23653,11968,11685
23631,11988,11643
23353,11612,11741
21890,10310,11580
22172,10690,11482
23072,11504,11568
22799,11254,11545
22459,10939,11520
23591,11886,11705
22952,11348,11604
22387,10971,11416
23492,11804,11688
23862,12476,11386
22961,11699,11262
23980,12224,11756
22941,11345,11596
23833,12064,11769
22999,11736,11263
21680,10300,11380
22139,11125,11014
24177,12835,11342
22787,11432,11355
22789,11375,11414
23553,11881,11672
22851,11244,11607
22741,11259,11482
23062,11423,11639
21921,10488,11433
22395,10978,11417
23022,11338,11684
23569,12197,11372
21993,10577,11416
22681,11143,11538
24215,12431,11784
23141,11985,11156
23086,11458,11628
21774,10300,11474
22690,11175,11515
22660,11165,11495
22583,10939,11644
23569,11988,11581
23487,12145,11342
23311,11616,11695
23891,12198,11693
23034,11553,11481
23272,11698,11574
22930,11346,11584
23281,11697,11584
22428,11226,11202
24046,12287,11759
22946,11365,11581
22016,10499,11517
22930,11350,11580
23890,12212,11678
23468,12089,11379
23930,12288,11642
23343,11765,11578
23780,12378,11402
22477,10909,11568
21080,9910,11170
23348,11707,11641
23323,11715,11608
22762,11418,11344
23942,12209,11733
22834,11525,11309
23560,11880,11680
22850,11572,11278
23063,11464,11599
22719,11156,11563
23793,12381,11412
22269,10833,11436
23001,11386,11615
21490,10041,11449
24204,12406,11798
23380,12035,11345
23817,12123,11694
22256,10713,11543
24136,12383,11753
22019,10777,11242
22368,11373,10995
23690,12022,11668
23450,11835,11615
23500,11819,11681
23997,12658,11339
23725,12006,11719
22986,11387,11599
23964,12280,11684
22777,11323,11454
22988,11389,11599
23914,12182,11732
23766,12469,11297
23173,11556,11617
23853,12121,11732
23183,11563,11620
23305,11793,11512
23114,11420,11694
23127,11473,11654
23930,12168,11762
23208,11621,11587
23806,12117,11689
23607,11913,11694
23822,12097,11725
22444,10969,11475
23152,11666,11486
23576,11904,11672
24023,12334,11689
23821,12111,11710
22727,11114,11613
24172,12435,11737
23931,12310,11621
23361,11740,11621
22996,11410,11586
23300,11616,11684
23040,11834,11206
23669,11996,11673
23597,11886,11711
23001,11408,11593
22821,11312,11509
23689,11927,11762
22607,11429,11178
22954,11372,11582
20283,9141,11142
22716,11214,11502
21962,10504,11458
22529,11118,11411
23334,11819,11515
23856,12096,11760
23444,11669,11775
23401,11703,11698
23757,12417,11340
22932,11649,11283
22622,10940,11682
23999,12231,11768
23676,11965,11711
24251,12427,11824
23009,11423,11586
23270,11648,11622
24370,13008,11362
24036,12639,11397
22198,10863,11335
23090,11650,11440
23506,12168,11338
22533,10848,11685
23040,11420,11620
23262,11609,11653
21147,9802,11345
22643,11275,11368
23661,12026,11635
22954,11347,11607
22863,11327,11536
21819,10343,11476
24390,12745,11645
22672,11530,11142
22442,10914,11528
22962,11355,11607
23293,11767,11526
22901,11548,11353
23361,11734,11627
23660,12063,11597
23331,11792,11539
23844,12151,11693
23578,12201,11377
24019,12264,11755
22558,11178,11380
23648,11979,11669
23334,11978,11356
21354,10107,11247
23693,12001,11692
22399,11150,11249
23578,12258,11320
23060,11501,11559
23316,11756,11560
23884,12163,11721
23406,11784,11622
24069,12544,11525
22877,11323,11554
23668,11963,11705
24224,12830,11394
23082,11570,11512
22453,10871,11582
23021,11746,11275
22869,11293,11576
22144,10746,11398
20793,9398,11395
23142,11530,11612
22773,11283,11490
23852,12131,11721
23383,11711,11672
22108,10625,11483
22307,10799,11508
23484,11888,11596
21938,10815,11123
21951,10617,11334
22990,11382,11608
24168,12778,11390
23289,11600,11689
23578,11978,11600
23939,12503,11436
23870,12197,11673
23141,11493,11648
22054,10646,11408
23460,11740,11720
22476,10938,11538
23858,12138,11720
22961,11248,11713
23175,11948,11227
21693,10726,10967
22854,11283,11571
23761,12138,11623
23651,11979,11672
22112,10578,11534
22897,11320,11577
23461,11791,11670
22879,11226,11653
23671,12011,11660
23910,12209,11701
23567,11840,11727
22424,10968,11456
21996,10472,11524
22447,11139,11308
22412,10870,11542
22544,10960,11584
23101,11590,11511
23809,12074,11735
22844,11261,11583
22921,11730,11191
23946,12405,11541
23278,11511,11767
23033,11740,11293
23566,11972,11594
24012,12779,11233
23801,12078,11723
24069,12367,11702
24205,12514,11691
22964,11211,11753
23579,11924,11655
24005,12367,11638
23342,11747,11595
23268,11621,11647
22644,11075,11569
22159,10754,11405
22352,10809,11543
21660,10200,11460
20544,9391,11153
22539,11082,11457
23767,12112,11655
24117,12386,11731
23592,11931,11661
24007,12637,11370
22882,11332,11550
23704,12040,11664
24333,12946,11387
22660,11098,11562
23292,11704,11588
23596,11838,11758
22474,11005,11469
23874,12569,11305
22689,11438,11251
22619,11055,11564
23906,12191,11715
23721,12009,11712
21437,9893,11544
23755,12084,11671
22175,11059,11116
23189,11533,11656
23077,11448,11629
22039,10625,11414
24143,12752,11391
23133,11442,11691
21990,10862,11128
23462,11949,11513
22977,11565,11412
24122,12453,11669
23446,11718,11728
23865,12178,11687
23397,11771,11626
22699,11135,11564
24230,12397,11833
23604,11899,11705
23631,11986,11645
23520,11789,11731
23379,11782,11597
23214,11511,11703
23287,11614,11673
22296,10778,11518
24183,12421,11762
23551,11860,11691
23211,11623,11588
23541,11843,11698
23998,12680,11318
23377,11699,11678
22363,10780,11583
22670,11074,11596
24257,12434,11823
21251,9920,11331
23884,12140,11744
21733,10387,11346
21908,10477,11431
23387,12052,11335
23479,11810,11669
22861,11344,11517
23094,11778,11316
22828,11307,11521
23745,12122,11623
23206,11586,11620
23732,12031,11701
23237,11573,11664
23315,11705,11610
22721,11422,11299
21935,10445,11490
23487,12322,11165
23067,11504,11563
22281,10704,11577
23776,11983,11793
23090,11502,11588
23181,11535,11646
21738,10422,11316
24498,13093,11405
24177,12471,11706
22794,11230,11564
23423,11833,11590
22898,11362,11536
22373,10879,11494
23205,11527,11678
24185,12499,11686
24146,12438,11708
22632,11016,11616
23908,12189,11719
21443,9989,11454
21080,9832,11248
22690,11409,11281
23865,12172,11693
22579,10975,11604
23577,12243,11334
23685,12078,11607
23475,12108,11367
24301,12535,11766
23142,11536,11606
23031,11408,11623
23412,11746,11666
21241,9823,11418
23053,11820,11233
22556,11019,11537
23560,11872,11688
23649,12154,11495
22788,11063,11725
24097,12366,11731
23339,11731,11608
22550,11044,11506
23554,11926,11628
20158,9070,11088
23155,11525,11630
22950,11268,11682
23130,11466,11664
23317,11676,11641
23139,11460,11679
23568,11903,11665
21912,10516,11396
23212,11504,11708
23255,11578,11677
23142,11514,11628
24022,12696,11326
23937,12168,11769
22059,10519,11540
22201,10807,11394
23203,11928,11275
23523,12219,11304
23325,11672,11653
24016,12490,11526
23306,11691,11615
23080,11483,11597
22984,11447,11537
23776,12536,11240
23822,12390,11432
21510,10151,11359
22884,11363,11521
21700,10564,11136
21820,10386,11434
22495,10873,11622
22560,11142,11418
23564,11774,11790
23794,12372,11422
20599,9489,11110
23985,12218,11767
23936,12592,11344
23355,11734,11621
22216,10766,11450
21523,10120,11403
24086,12246,11840
23202,11441,11761
23490,11907,11583
23274,11548,11726
23741,12070,11671
22638,11042,11596
24338,12920,11418
23731,12026,11705
23120,11561,11559
23174,12015,11159
23579,12230,11349
23424,11825,11599
23916,12276,11640
22667,11253,11414
23609,12152,11457
23010,11821,11189
22606,10967,11639
22808,11196,11612
23657,11997,11660
22885,11292,11593
23405,11799,11606
21949,10499,11450
23052,11497,11555
22360,10905,11455
23502,11841,11661
23573,11957,11616
23967,12219,11748
21182,9896,11286
22792,11233,11559
23526,11890,11636
22735,11058,11677
22916,11396,11520
23571,11927,11644
23301,11695,11606
20250,8944,11306
23133,11547,11586
21637,10223,11414
23294,11690,11604
23334,11700,11634
23048,11464,11584
22680,11459,11221
23379,11685,11694
21204,9809,11395
23356,11683,11673
23804,12269,11535
23339,11654,11685
21951,10429,11522
22652,11032,11620
23051,11474,11577
23487,11762,11725
23764,12103,11661
22358,11305,11053
24073,12722,11351
21423,10041,11382
23440,11743,11697
23905,12222,11683
22670,11225,11445
23336,11633,11703
24015,12736,11279
23200,11495,11705
22674,11363,11311
21802,10360,11442
22275,10804,11471
23426,11789,11637
23980,12177,11803
23626,11914,11712
23484,11858,11626
22778,11576,11202
22349,11153,11196
22665,11161,11504
24284,12490,11794
21715,10699,11016
22730,11149,11581
22449,10942,11507
22918,11326,11592
23512,11850,11662
22977,11798,11179
23618,12247,11371
24096,12642,11454
23657,12063,11594
22538,10892,11646
22979,11743,11236
23840,12451,11389
21216,9935,11281
22948,11390,11558
23502,11892,11610
23913,12121,11792
23810,12241,11569
23306,11789,11517
23436,11760,11676
22894,11210,11684
23246,11633,11613
23918,12617,11301
22979,11337,11642
23110,11422,11688
23447,11956,11491
23388,11678,11710
22804,11289,11515
21991,10922,11069
23777,12063,11714
23204,11638,11566
21572,10313,11259
23307,11664,11643
22805,11217,11588
23575,11861,11714
22588,10988,11600
23289,11730,11559
22228,10658,11570
23597,12348,11249
23384,11717,11667
23152,11483,11669
23991,12262,11729
23951,12199,11752
22843,11688,11155
23593,11892,11701
22594,11047,11547
23419,12084,11335
23634,11992,11642
23402,11732,11670
23932,12235,11697
23901,12557,11344
23044,11398,11646
23722,12000,11722
23272,11680,11592
23669,11966,11703
22369,10753,11616
23959,12485,11474
23653,11960,11693
23184,11539,11645
23536,12101,11435
22539,10976,11563
24105,12423,11682
23341,11774,11567
23248,11619,11629
24143,12772,11371
23346,11691,11655
22851,11295,11556
23404,11772,11632
21909,10446,11463
23063,11361,11702
24116,12371,11745
22285,11049,11236
22299,10803,11496
23095,11520,11575
23142,11788,11354
22285,10789,11496
23426,11706,11720
23382,12010,11372
23217,12013,11204
21769,10710,11059
23830,12053,11777
22626,11209,11417
22591,11038,11553
23825,12091,11734
24275,12968,11307
23625,12241,11384
22639,11473,11166
21379,9955,11424
23137,11615,11522
23777,12156,11621
23279,11905,11374
22851,11259,11592
22431,10875,11556
22486,10987,11499
23682,12005,11677
23758,12443,11315
23476,11791,11685
23664,12469,11195
23049,11806,11243
23943,12237,11706
22953,11350,11603
24057,12318,11739
22951,11317,11634
22491,10963,11528
21537,10084,11453
22711,11162,11549
23097,11888,11209
22088,10438,11650
23689,12053,11636
21311,9978,11333
23442,11790,11652
23975,12214,11761
23979,12225,11754
24040,12470,11570
22379,10887,11492
24300,12543,11757
23781,12066,11715
23933,12279,11654
23230,11504,11726
24139,12301,11838
22753,11239,11514
23607,12349,11258
23504,11813,11691
23113,11613,11500
23605,12285,11320
24501,12697,11804
21626,10353,11273
21984,10869,11115
23705,12087,11618
23244,11576,11668
23349,11697,11652
23068,11762,11306
23601,11939,11662
23958,12630,11328
23611,12322,11289
22533,10895,11638
22358,10770,11588
23539,11822,11717
23984,12326,11658
22139,10706,11433
23121,11833,11288
22849,11268,11581
24132,12388,11744
23296,11718,11578
23456,11735,11721
23634,11923,11711
22906,11356,11550
22938,11226,11712
22517,11058,11459
23622,11848,11774
23355,11674,11681
22886,11238,11648
23546,11918,11628
24110,12365,11745
22527,10951,11576
23203,11668,11535
23341,11798,11543
24072,12337,11735
23608,11888,11720
23242,11708,11534
23466,11757,11709
23242,12039,11203
22000,10984,11016
23389,11770,11619
21951,10552,11399
23463,11782,11681
20319,9399,10920
21830,10379,11451
21232,10135,11097
22449,10907,11542
23940,12223,11717
21719,10640,11079
22917,11298,11619
23633,11895,11738
22156,10967,11189
22147,10672,11475
21891,10687,11204
21717,10343,11374
23592,12175,11417
23398,11732,11666
22531,11058,11473
23352,11702,11650
23769,12177,11592
23904,12133,11771
21962,10848,11114
20893,9807,11086
23394,12130,11264
22699,11249,11450
21965,10817,11148
21583,10521,11062
23627,12274,11353
23317,11720,11597
23136,11492,11644
23181,11497,11684
22955,11414,11541
24218,12803,11415
22037,10550,11487
23922,12202,11720
24156,12414,11742
23181,11658,11523
22800,11191,11609
24076,12344,11732
22911,11643,11268
22514,10980,11534
23961,12427,11534
21863,10639,11224
22801,11214,11587
23111,11448,11663
22615,10967,11648
21755,10341,11414
23205,11581,11624
23949,12195,11754
22523,10985,11538
22531,11001,11530
22528,11094,11434
22811,11193,11618
24073,12397,11676
21554,10216,11338
23914,12122,11792
23707,12056,11651
23757,11989,11768
23508,11785,11723
22508,10990,11518
23446,11767,11679
22730,11549,11181
23841,12155,11686
23298,11690,11608
22947,11289,11658
22313,10777,11536
23851,12157,11694
24014,12358,11656
23157,11492,11665
23858,12154,11704
23915,12229,11686
23222,11640,11582
23081,11482,11599
22949,11365,11584
22779,11277,11502
23997,12247,11750
22647,11146,11501
22490,11348,11142
23255,11532,11723
23544,11853,11691
23393,11762,11631
22977,11318,11659
22155,10690,11465
24318,12471,11847
23448,11764,11684
23842,12528,11314
22967,11644,11323
24163,12477,11686
23187,11541,11646
23555,11931,11624
22278,10867,11411
23218,11630,11588
22040,10516,11524
20411,9345,11066
21966,10564,11402
23657,12007,11650
21409,10020,11389
22461,10942,11519
23194,11599,11595
22924,11300,11624
24146,12757,11389
24058,12294,11764
20895,9725,11170
24555,13066,11489
23365,11768,11597
23202,11531,11671
24178,12420,11758
23038,11756,11282
24174,12741,11433
20838,9809,11029
22649,11053,11596
23893,12117,11776
23754,11982,11772
23195,11727,11468
22776,11309,11467
23544,11891,11653
23373,11691,11682
23785,12048,11737
23832,12224,11608
23569,12186,11383
22736,11084,11652
24015,12264,11751
23677,11947,11730
23502,11893,11609
24323,12689,11634
23702,12059,11643
23187,11524,11663
21404,10008,11396
23059,11675,11384
23255,11592,11663
23941,12658,11283
23186,11563,11623
21362,10030,11332
23059,11453,11606
23798,12044,11754
22876,11258,11618
23185,11582,11603
23480,11752,11728
23979,12472,11507
21495,10508,10987
23871,12156,11715
23976,12294,11682
22532,10981,11551
22860,11287,11573
21667,10264,11403
20552,9281,11271
22736,11158,11578
23585,11802,11783
23457,11788,11669
22674,11091,11583
23330,11660,11670
24199,12418,11781
23698,12032,11666
22689,11207,11482
21904,10715,11189
21788,10423,11365
23389,11739,11650
23751,12145,11606
23056,11546,11510
23722,12333,11389
23774,12096,11678
23683,12010,11673
22160,10715,11445
23883,12488,11395
22449,10817,11632
23767,12411,11356
23845,12277,11568
23156,11652,11504
22261,11117,11144
22936,11657,11279
22526,10984,11542
23089,11820,11269
23215,11616,11599
23535,11781,11754
23524,11983,11541
23653,12065,11588
23659,12018,11641
23301,11621,11680
23004,11389,11615
21920,10438,11482
23680,12020,11660
24000,12248,11752
23341,11606,11735
22922,11399,11523
23176,11543,11633
22809,11211,11598
24250,12819,11431
24063,12281,11782
23638,11906,11732
23013,11402,11611
23717,12113,11604
23106,11867,11239
23673,12259,11414
22958,11379,11579
24244,12927,11317
23490,12175,11315
21881,10435,11446
23362,12080,11282
22705,11216,11489
22598,11405,11193
24264,12543,11721
23907,12256,11651
21723,10668,11055
23661,11985,11676
23740,11947,11793
23141,11496,11645
23957,12501,11456
22215,10654,11561
23971,12285,11686
21990,10513,11477
23015,11483,11532
23309,11700,11609
23465,12058,11407
24091,12350,11741
22472,10927,11545
24090,12375,11715
23239,11760,11479
23970,12288,11682
23044,11566,11478
23481,11854,11627
22941,11365,11576
20903,9654,11249
23843,12179,11664
23761,12031,11730
21739,10169,11570
23561,11965,11596
24268,12489,11779
23774,12067,11707
23462,11730,11732
22715,11086,11629
22737,11140,11597
20417,9296,11121
23213,11554,11659
23546,11949,11597
24102,12358,11744
23818,12104,11714
23827,12061,11766
22889,11342,11547
23062,11448,11614
21815,10735,11080
21973,10580,11393
23471,11792,11679
23532,11844,11688
23061,11477,11584
23444,11770,11674
21798,10374,11424
24403,12633,11770
24159,12416,11743
23123,11359,11764
23844,12129,11715
24213,12851,11362
22052,10592,11460
22582,10989,11593
23435,12012,11423
22798,11197,11601
21913,10492,11421
23836,12202,11634
22642,11196,11446
22786,11191,11595
22407,10914,11493
23275,11643,11632
23408,11787,11621
21588,10341,11247
22414,10996,11418
22207,10767,11440
23559,11882,11677
23847,12071,11776
23278,11655,11623
23292,12039,11253
22509,10978,11531
22782,11228,11554
23370,11638,11732
20964,10064,10900
23351,11637,11714
23576,12006,11570
23195,12033,11162
22909,11326,11583
23919,12203,11716
23758,12381,11377
23656,11960,11696
24037,12344,11693
23682,12006,11676
23661,11952,11709
24111,12269,11842
23506,11815,11691
21955,10577,11378
24599,13065,11534
24049,12334,11715
21837,10501,11336
23782,12069,11713
22409,10894,11515
21542,10308,11234
21839,10491,11348
22748,11349,11399
23430,12098,11332
23241,11977,11264
21519,10122,11397
22515,11001,11514
23709,12014,11695
23395,11677,11718
23757,12050,11707
23326,11664,11662
24347,12937,11410
22510,10963,11547
23809,12072,11737
24057,12296,11761
23620,11920,11700
22134,10702,11432
23229,11949,11280
23866,12378,11488
21943,10538,11405
23664,12088,11576
22443,10982,11461
22346,11146,11200
23156,11548,11608
22759,11205,11554
22564,10945,11619
22088,11102,10986
23281,11702,11579
21039,9625,11414
22457,11270,11187
23966,12195,11771
21998,10545,11453
22107,10930,11177
23970,12585,11385
21304,10164,11140
22705,11207,11498
23099,11436,11663
22520,11020,11500
23821,12115,11706
22949,11465,11484
23562,11898,11664
22894,11392,11502
23091,11555,11536
21934,10422,11512
22425,10927,11498
23060,11267,11793
21786,10363,11423
23694,12020,11674
23283,11624,11659
23396,12120,11276
23367,11899,11468
23401,11762,11639
22128,10679,11449
23501,11839,11662
23498,11940,11558
23423,11656,11767
22879,11346,11533
20949,9717,11232
24109,12682,11427
23222,11535,11687
22170,10602,11568
22915,11383,11532
23052,11391,11661
23174,11640,11534
21967,10841,11126
23447,12105,11342
23859,12359,11500
22245,10858,11387
22249,10864,11385
23372,12168,11204
23552,12145,11407
23485,11772,11713
23533,12236,11297
23573,11939,11634
22117,10594,11523
23696,11942,11754
23265,11557,11708
22063,10594,11469
23330,12063,11267
23927,12195,11732
22428,10891,11537
22388,10968,11420
22784,11230,11554
23599,12294,11305
23489,11741,11748
24003,12374,11629
22930,11302,11628
22699,11134,11565
23755,12369,11386
23545,11827,11718
23337,11970,11367
23671,12003,11668
22950,11327,11623
23381,11791,11590
23607,11870,11737
21158,9780,11378
22115,10573,11542
23402,11672,11730
22797,11157,11640
23212,11960,11252
23857,12481,11376
23360,11936,11424
22118,10558,11560
21270,9948,11322
22235,11150,11085
22547,11074,11473
23230,11653,11577
23210,11485,11725
23262,11660,11602
23039,11307,11732
22926,11348,11578
24311,12772,11539
23210,11642,11568
23472,11850,11622
22843,11329,11514
23796,12147,11649
23707,12043,11664
22430,10965,11465
22901,11325,11576
23246,11661,11585
23661,11899,11762
23118,11430,11688
23158,11456,11702
23866,12083,11783
21594,10271,11323
22499,11000,11499
23530,11919,11611
21571,10230,11341
23735,12004,11731
22318,10832,11486
22791,11254,11537
23509,11864,11645
23306,12012,11294
23760,12071,11689
22589,11168,11421
23474,11838,11636
23035,11370,11665
23303,11579,11724
23797,12362,11435
21958,10541,11417
22634,11330,11304
22466,11131,11335
22765,11254,11511
22349,10813,11536
22639,11184,11455
23643,11918,11725
23204,11847,11357
22283,10732,11551
22975,11355,11620
24081,12444,11637
22876,11333,11543
23085,11518,11567
23481,11791,11690
22072,10695,11377
23063,11477,11586
23672,12049,11623
23597,11941,11656
23182,11512,11670
23191,11503,11688
23223,11588,11635
22601,11149,11452
22690,11128,11562
24040,12405,11635
23945,12151,11794
23353,11759,11594
23573,11862,11711
23880,12378,11502
22652,11156,11496
22177,10800,11377
22865,11420,11445
23895,12299,11596
24051,12306,11745
21338,9940,11398
22147,10651,11496
21501,10168,11333
23563,11780,11783
21733,10390,11343
23116,11881,11235
22707,11161,11546
21928,10527,11401
22370,10998,11372
20964,9642,11322
23736,12113,11623
23271,11999,11272
22269,10813,11456
23024,11492,11532
23613,11947,11666
23868,12253,11615
23918,12258,11660
23803,12139,11664
23057,11530,11527
22133,10743,11390
22711,11235,11476
23538,11833,11705
23069,11469,11600
23417,11841,11576
23672,12427,11245
22627,11394,11233
24245,12460,11785
23057,11656,11401
22633,11259,11374
23622,11996,11626
22924,11674,11250
21731,10477,11254
23801,12476,11325
22760,11036,11724
23929,12196,11733
24097,12343,11754
21826,10349,11477
23182,11569,11613
23961,12202,11759
23777,12158,11619
23151,11563,11588
23798,12080,11718
22556,11142,11414
21116,9747,11369
23409,11645,11764
23340,11593,11747
23477,12212,11265
23745,12433,11312
23903,12497,11406
23678,11927,11751
23384,11817,11567
21821,10543,11278
21411,10117,11294
24016,12654,11362
22959,11363,11596
22380,10854,11526
22875,11359,11516
21755,10670,11085
23797,11968,11829
23053,11457,11596
21300,10053,11247
21898,10822,11076
22911,11360,11551
22753,11082,11671
22717,11055,11662
22784,11322,11462
22640,11044,11596
22789,11309,11480
20076,8867,11209
22079,10627,11452
23710,12094,11616
23642,12003,11639
23027,11794,11233
23736,12031,11705
22844,11209,11635
22310,11125,11185
23198,11548,11650
23394,11694,11700
22495,10916,11579
24160,12427,11733
21586,10190,11396
22756,11266,11490
21965,10476,11489
20909,9442,11467
23437,11860,11577
24049,12259,11790
21713,10456,11257
21862,10395,11467
23648,11926,11722
22136,10908,11228
22778,11174,11604
23176,11534,11642
22860,11350,11510
21951,10584,11367
23511,11876,11635
23339,12098,11241
23643,11946,11697
23753,12040,11713
22270,10999,11271
23327,11584,11743
23065,11467,11598
22701,11223,11478
22804,11128,11676
23337,11675,11662
24273,12474,11799
22862,11244,11618
22744,11227,11517
21781,10247,11534
22689,11030,11659
24344,12582,11762
23289,11621,11668
24060,12698,11362
23302,11568,11734
22540,11014,11526
23999,12624,11375
22475,11088,11387
23410,12022,11388
21720,10248,11472
23540,11922,11618
23426,11917,11509
23215,11709,11506
23481,11861,11620
23811,12357,11454
23679,11951,11728
23450,11855,11595
24217,12422,11795
21830,10577,11253
23897,12313,11584
22478,10904,11574
22736,11136,11600
24070,12341,11729
22062,10572,11490
22316,10802,11514
23383,11702,11681
23246,11746,11500
24228,12460,11768
23121,11529,11592
23131,11577,11554
22798,11278,11520
24039,12186,11853
23200,11561,11639
23751,12015,11736
24233,12516,11717
21708,10668,11040
22823,11194,11629
23825,12097,11728
23515,11815,11700
24011,12317,11694
23304,12018,11286
23379,11807,11572
24068,12331,11737
23690,12055,11635
23537,11821,11716
20567,9352,11215
23016,11385,11631
23156,11523,11633
22832,11228,11604
23639,11963,11676
23746,12018,11728
23385,11779,11606
22742,11136,11606
23834,12109,11725
23843,12076,11767
22687,11576,11111
21775,10439,11336
23130,11491,11639
23932,12195,11737
22969,11391,11578
23442,11743,11699
23565,11863,11702
22380,10871,11509
24040,12368,11672
24552,12770,11782
23942,12578,11364
23022,11711,11311
20991,9708,11283
22871,11339,11532
23311,11644,11667
22912,11306,11606
23905,12356,11549
21802,10305,11497
23209,11687,11522
21459,10014,11445
23990,12238,11752
23268,11646,11622
23470,11853,11617
23017,11355,11662
21965,10539,11426
22181,11094,11087
22634,11419,11215
22840,11132,11708
22383,10805,11578
24060,12314,11746
22658,11120,11538
23260,11663,11597
23183,11518,11665
22761,11478,11283
21131,9894,11237
21956,10689,11267
22512,11355,11157
22648,11068,11580
21320,10032,11288
23869,12243,11626
24079,12285,11794
23542,11883,11659
22990,11560,11430
23285,11666,11619
22585,11511,11074
22971,11390,11581
24088,12453,11635
23098,11542,11556
22872,11524,11348
23722,11996,11726
23774,12149,11625
23397,11803,11594
23065,11514,11551
23873,12214,11659
22777,11564,11213
24066,12255,11811
21482,10088,11394
23322,11627,11695
22086,10686,11400
23473,11814,11659
22956,11310,11646
23085,11547,11538
23783,12104,11679
21122,10120,11002
23144,11574,11570
23049,11441,11608
23155,11647,11508
21261,9972,11289
23150,11736,11414
21427,10086,11341
23871,12166,11705
22206,10768,11438
21795,10354,11441
22504,10992,11512
21759,10748,11011
23567,12274,11293
23728,12030,11698
23167,11601,11566
24200,12368,11832
22391,10941,11450
22914,11313,11601
22189,10713,11476
20953,9757,11196
22852,11250,11602
22408,10850,11558
23857,12127,11730
20984,9875,11109
23326,11987,11339
23731,12011,11720
23614,11998,11616
24262,12831,11431
24164,12435,11729
23716,12171,11545
22739,11213,11526
23658,11827,11831
22941,11272,11669
22849,11412,11437
21655,10120,11535
22836,11358,11478
23477,11844,11633
23778,12178,11600
24365,12964,11401
23048,11432,11616
24297,12445,11852
22127,10602,11525
22779,11131,11648
23044,11378,11666
20571,9337,11234
22077,10690,11387
22219,10705,11514
21903,10387,11516
23526,12163,11363
23169,11802,11367
23025,11485,11540
22363,10851,11512
22861,11233,11628
21406,10079,11327
21822,10449,11373
23266,11618,11648
23955,12244,11711
23633,11884,11749
23520,11765,11755
23830,12286,11544
23987,12653,11334
23134,11524,11610
23542,11975,11567
23502,11880,11622
22806,11279,11527
23600,11925,11675
22977,11382,11595
23145,11573,11572
22993,11325,11668
23527,11845,11682
22915,11416,11499
23996,12623,11373
22753,11211,11542
22311,10775,11536
24217,12875,11342
22065,10522,11543
23512,12158,11354
21936,10494,11442
23953,12303,11650
22329,10867,11462
24205,12382,11823
23969,12192,11777
22344,10846,11498
23274,11614,11660
23965,12616,11349
23603,12358,11245
22054,10557,11497
23515,11944,11571
23055,11407,11648
22919,11352,11567
21707,10327,11380
22947,11463,11484
24084,12355,11729
23433,11698,11735
23504,11832,11672
23102,11480,11622
22650,11120,11530
22859,11387,11472
23100,11464,11636
23970,12251,11719
23336,11521,11815
23710,11989,11721
23398,11951,11447
23374,11754,11620
23718,12038,11680
23361,11719,11642
23986,12261,11725
23217,11628,11589
23613,11975,11638
21671,10130,11541
22878,11228,11650
23180,11517,11663
23075,11773,11302
23582,11923,11659
22741,11144,11597
23919,12573,11346
23555,11926,11629
23474,11807,11667
23077,11348,11729
23136,11562,11574
22911,11393,11518
22969,11355,11614
23403,11710,11693
23737,12236,11501
23276,11668,11608
23453,11760,11693
21616,10124,11492
22242,10780,11462
23100,11440,11660
23064,11495,11569
23322,12012,11310
23596,11837,11759
22849,11326,11523
22430,10922,11508
23949,12258,11691
23189,11679,11510
22748,11251,11497
23799,12130,11669
24279,12476,11803
23349,11654,11695
22843,11233,11610
23432,11725,11707
22648,10960,11688
22833,11335,11498
23460,11833,11627
22087,10579,11508
23277,11618,11659
23399,11876,11523
23035,11468,11567
23800,12085,11715
22824,11345,11479
22395,10840,11555
23196,11685,11511
22373,11015,11358
22965,11358,11607
23742,12028,11714
21542,10147,11395
22079,10627,11452
21819,10413,11406
23621,12224,11397
23370,11800,11570
23431,11653,11778
24165,12859,11306
22627,11165,11462
23392,11746,11646
21395,10043,11352
22896,11225,11671
22609,11001,11608
22927,11345,11582
24197,12492,11705
23799,12082,11717
22863,11687,11176
23607,11872,11735
23663,11954,11709
22924,11261,11663
23685,12057,11628
23935,12278,11657
22719,11214,11505
23951,12645,11306
22906,11236,11670
23375,11863,11512
22358,11200,11158
23416,11895,11521
21659,10189,11470
22304,10736,11568
22146,10747,11399
23411,11779,11632
23661,11905,11756
22757,11225,11532
23022,11518,11504
23641,11933,11708
23932,12212,11720
24090,12420,11670
23795,12041,11754
23928,12192,11736
22285,10777,11508
23556,11858,11698
21202,9858,11344
24056,12200,11856
22023,10517,11506
22930,11658,11272
23162,11475,11687
22290,10794,11496
23361,11701,11660
22910,11339,11571
22577,11051,11526
23480,11799,11681
21433,10041,11392
22760,11180,11580
21692,10562,11130
24035,12658,11377
22429,10919,11510
23001,11424,11577
22542,11007,11535
24240,12523,11717
23905,12309,11596
23462,11768,11694
22312,10862,11450
23424,11820,11604
23198,11604,11594
23465,11912,11553
23513,11930,11583
23761,12066,11695
21914,10465,11449
23118,11615,11503
22912,11349,11563
22979,11444,11535
24304,12928,11376
23475,11800,11675
21067,9889,11178
24099,12402,11697
23806,12175,11631
23619,11996,11623
22019,10860,11159
23260,11590,11670
21046,9793,11253
23280,11631,11649
23447,11722,11725
22407,10871,11536
23356,11763,11593
23430,12167,11263
24131,12386,11745
22697,11163,11534
23697,12013,11684
23426,11809,11617
23285,11627,11658
23382,11700,11682
21662,10327,11335
22802,11235,11567
23286,11900,11386
23589,11861,11728
24249,12912,11337
22575,11118,11457
24194,12814,11380
23382,11731,11651
21856,10467,11389
23038,11463,11575
22438,10924,11514
23955,12309,11646
24015,12703,11312
22883,11353,11530
23103,11569,11534
23610,12306,11304
22690,11201,11489
22908,11301,11607
24017,12216,11801
22015,10463,11552
23564,11965,11599
22994,11584,11410
23843,12214,11629
22468,10998,11470
23031,11474,11557
20806,9489,11317
22920,11320,11600
23878,12525,11353
23313,12077,11236
23625,12054,11571
23157,11484,11673
24274,12531,11743
23319,11744,11575
23435,11960,11475
24349,12789,11560
23475,11817,11658
23189,11824,11365
22174,10630,11544
23528,12318,11210
23924,12242,11682
22556,11441,11115
22177,10658,11519
22704,11162,11542
23422,11780,11642
23062,11405,11657
23000,11773,11227
24090,12650,11440
22914,11356,11558
22228,11051,11177
23634,11860,11774
18760,7907,10853
22528,11402,11126
22740,11254,11486
22675,11098,11577
22005,10626,11379
22289,11132,11157
23604,12313,11291
23471,11737,11734
23982,12338,11644
22684,11190,11494
21780,10383,11397
24097,12330,11767
22446,10934,11512
22930,11285,11645
24026,12322,11704
23947,12256,11691
23545,11801,11744
23671,11977,11694
22482,11183,11299
22940,11527,11413
22843,11422,11421
23380,11788,11592
23573,12108,11465
23478,11779,11699
21566,10312,11254
23886,12228,11658
22815,11284,11531
24563,12735,11828
22619,10945,11674
23235,11627,11608
23133,11632,11501
23940,12255,11685
24163,12435,11728
22984,11372,11612
23559,11911,11648
23045,11468,11577
23594,11969,11625
23276,11727,11549
22430,10995,11435
23767,11959,11808
23933,12273,11660
22919,11356,11563
21704,10470,11234
21749,10401,11348
21091,9788,11303
23636,11979,11657
24221,12756,11465
22872,11222,11650
21652,10263,11389
22629,11146,11483
23605,12197,11408
24115,12408,11707
23705,12096,11609
22798,11276,11522
22946,11369,11577
22339,10759,11580
22824,11239,11585
23613,11959,11654
23462,11902,11560
22772,11142,11630
23702,12004,11698
21679,10475,11204
22676,11139,11537
22719,11242,11477
20630,9463,11167
23109,11986,11123
23002,11331,11671
23736,12156,11580
22444,10994,11450
22690,11189,11501
23760,12031,11729
21548,10542,11006
21948,10714,11234
24173,12613,11560
22796,11624,11172
23920,12400,11520
22352,10827,11525
24438,12668,11770
23447,11837,11610
21804,10647,11157
22197,10581,11616
23680,12332,11348
23477,11803,11674
23254,11618,11636
23991,12378,11613
22929,11352,11577
23705,11974,11731
24099,12391,11708
22987,11350,11637
22012,10626,11386
22592,11039,11553
23065,11521,11544
23697,12126,11571
21381,10098,11283
22922,11301,11621
22541,11089,11452
22369,11071,11298
22751,11498,11253
23587,11883,11704
24276,12518,11758
22283,10854,11429
21918,10499,11419
24134,12470,11664
22298,10784,11514
23430,11804,11626
22691,11447,11244
21221,9866,11355
22858,11325,11533
24035,12399,11636
22497,11326,11171
23669,12156,11513
22634,11088,11546
23997,12287,11710
23280,11660,11620
23919,12287,11632
24103,12402,11701
23199,11581,11618
23927,12174,11753
23754,12149,11605
23714,12022,11692
23040,11401,11639
22285,10832,11453
22812,11628,11184
23317,11725,11592
24159,12368,11791
22884,11286,11598
22758,11288,11470
23141,11537,11604
23077,11454,11623
23790,12077,11713
22959,11371,11588
22051,10537,11514
20780,9377,11403
23363,11671,11692
23367,11661,11706
23486,12176,11310
23159,11551,11608
24350,12709,11641
22543,11005,11538
22580,11111,11469
24039,12419,11620
22659,11098,11561
22998,11645,11353
24140,12346,11794
22475,10958,11517
23131,11817,11314
23483,11721,11762
23135,11444,11691
23218,11593,11625
21141,9915,11226
22417,10896,11521
22456,10919,11537
22343,10836,11507
23052,11469,11583
23194,11979,11215
23923,12215,11708
23180,11616,11564
21096,9782,11314
22720,11167,11553
23331,11751,11580
23213,11726,11487
23261,11674,11587
22239,10700,11539
22243,10701,11542
23237,11554,11683
23553,11864,11689
23791,12119,11672
22790,11550,11240
22864,11302,11562
21031,9736,11295
22465,10911,11554
23656,12037,11619
23215,11545,11670
20705,9319,11386
22811,11343,11468
23173,11572,11601
23755,12165,11590
23129,11390,11739
23607,12004,11603
24146,12538,11608
23274,11655,11619
22914,11313,11601
22492,10960,11532
24116,12842,11274
24082,12424,11658
23538,11907,11631
23176,11899,11277
22596,11257,11339
22979,11297,11682
22855,11690,11165
23408,12153,11255
23654,12053,11601
23711,12091,11620
23739,12037,11702
24152,12350,11802
23217,11601,11616
21287,10116,11171
22102,10741,11361
22940,11333,11607
23550,12207,11343
22978,11454,11524
22934,11485,11449
24167,12346,11821
24080,12330,11750
23983,12179,11804
22383,10955,11428
23445,11996,11449
23490,11887,11603
22720,11137,11583
23356,11802,11554
22255,10600,11655
22320,10737,11583
23657,12048,11609
22292,10929,11363
23808,12066,11742
23298,11786,11512
23583,12098,11485
22353,11225,11128
23137,11571,11566
24201,12776,11425
24179,12393,11786
24042,12326,11716
22963,11402,11561
23770,12090,11680
22907,11522,11385
21970,10528,11442
23235,11816,11419
23451,11821,11630
23139,11511,11628
23234,11580,11654
23399,11849,11550
24308,12567,11741
21715,10388,11327
22864,11453,11411
23760,12011,11749
21995,10794,11201
21800,10448,11352
23099,11487,11612
23297,11807,11490
24668,12934,11734
23510,11859,11651
22540,10987,11553
22858,11221,11637
22388,10800,11588
23957,12173,11784
22660,11189,11471
23103,11451,11652
22735,11189,11546
23783,12066,11717
23180,11604,11576
23070,11522,11548
22659,11085,11574
23293,11717,11576
22896,11326,11570
23050,11632,11418
22605,11113,11492
23774,12135,11639
22161,11041,11120
23392,11727,11665
24662,12872,11790
23489,11854,11635
23673,12087,11586
23107,11453,11654
24036,12683,11353
22968,11342,11626
23415,11747,11668
24007,12208,11799
21994,10615,11379
22917,11575,11342
21344,9957,11387
21914,10828,11086
23306,11833,11473
21450,10093,11357
23335,11947,11388
23051,11386,11665
24282,12481,11801
23400,11838,11562
21792,10454,11338
21919,10432,11487
21024,9804,11220
21972,10540,11432
21927,10398,11529
23848,12119,11729
22907,11611,11296
22830,11621,11209
22142,10743,11399
22936,11492,11444
23231,11900,11331
23296,11650,11646
23267,11703,11564
24029,12339,11690
21067,9788,11279
21507,10066,11441
24187,12429,11758
24099,12726,11373
21630,10337,11293
23214,11625,11589
23173,11891,11282
23707,12094,11613
23048,11365,11683
23919,12244,11675
23220,11711,11509
24082,12355,11727
22207,10948,11259
23985,12631,11354
24111,12398,11713
23522,11887,11635
23497,11819,11678
23462,11699,11763
23693,12415,11278
22702,11079,11623
22322,10782,11540
23194,11965,11229
24235,12497,11738
23234,11587,11647
22727,11111,11616
23129,11553,11576
22439,11069,11370
23982,12620,11362
23012,11584,11428
22916,11325,11591
24032,12304,11728
23444,11832,11612
21971,10615,11356
22585,11056,11529
21335,10090,11245
23290,11662,11628
22518,11016,11502
24061,12346,11715
23787,11978,11809
22306,10723,11583
23870,12130,11740
23843,12165,11678
23607,11906,11701
23336,11866,11470
23459,11813,11646
22269,10775,11494
22352,10953,11399
23162,11606,11556
23123,11791,11332
23285,11552,11733
22989,11372,11617
23859,12113,11746
23280,11733,11547
22460,11054,11406
23596,12118,11478
22183,10674,11509
22702,11135,11567
22521,11137,11384
23531,11936,11595
23855,12156,11699
23928,12234,11694
22759,11178,11581
23653,11952,11701
24127,12412,11715
24190,12342,11848
22799,11388,11411
23420,11710,11710
22635,11148,11487
22339,10772,11567
24031,12435,11596
23295,11866,11429
23802,12049,11753
23237,11678,11559
22832,11510,11322
23133,11624,11509
24333,12536,11797
23693,12339,11354
24108,12385,11723
22818,11254,11564
22486,11272,11214
22989,11444,11545
22578,11358,11220
21587,10225,11362
23265,11704,11561
22980,11482,11498
22773,11265,11508
22533,11184,11349
23893,12553,11340
22348,10818,11530
23412,11845,11567
22736,11298,11438
22497,10968,11529
23337,11855,11482
23134,11774,11360
23762,11978,11784
20673,9322,11351
23573,11928,11645
21466,10295,11171
23710,12034,11676
24117,12442,11675
21872,10494,11378
22908,11638,11270
21961,10595,11366
23610,12038,11572
22729,11309,11420
23226,11637,11589
23384,11903,11481
23152,11583,11569
23371,11764,11607
23030,11703,11327
23636,12084,11552
23415,11712,11703
22844,11296,11548
23204,11692,11512
22621,10999,11622
23097,11445,11652
23453,11864,11589
23596,12257,11339
22901,11291,11610
22212,10790,11422
22323,10827,11496
23138,11614,11524
23694,11977,11717
23351,12042,11309
23736,12084,11652
22979,11406,11573
23668,12059,11609
23435,11844,11591
21693,10364,11329
24009,12344,11665
23855,12192,11663
21730,10189,11541
22935,11541,11394
23135,11584,11551
23317,11614,11703
24009,12178,11831
22717,11284,11433
22303,10977,11326
22987,11434,11553
23928,12111,11817
23287,11722,11565
21443,10024,11419
23426,11660,11766
22147,10681,11466
24269,12451,11818
23589,11985,11604
22529,11200,11329
23917,12206,11711
23842,12042,11800
23333,11886,11447
23530,11853,11677
22706,11211,11495
22357,10924,11433
23278,11788,11490
23473,12107,11366
23177,11561,11616
23288,11667,11621
21337,10081,11256
23707,12336,11371
23117,11566,11551
21878,10493,11385
23370,11741,11629
23683,11942,11741
23621,11915,11706
22963,11661,11302
23568,12117,11451
21504,10507,10997
23076,11513,11563
23460,11824,11636
23826,12083,11743
23544,12005,11539
23764,12165,11599
23693,11923,11770
23650,12380,11270
23820,12255,11565
23739,12321,11418
23889,12226,11663
22432,11097,11335
23320,11664,11656
22706,11166,11540
22301,11124,11177
23438,11710,11728
22271,10777,11494
22811,11445,11366
23930,12505,11425
22709,11082,11627
24143,12609,11534
23010,11575,11435
23083,11525,11558
22842,11460,11382
22449,11043,11406
23029,11482,11547
23642,12043,11599
24036,12394,11642
21928,10332,11596
23126,11423,11703
23429,11852,11577
23837,12122,11715
22992,11422,11570
22353,11335,11018
22696,11269,11427
23029,11588,11441
24139,12290,11849
22473,10907,11566
22025,10623,11402
23031,11466,11565
23307,11671,11636
22165,10772,11393
22143,10884,11259
21056,9955,11101
22504,11148,11356
22795,11336,11459
23570,11885,11685
22328,10761,11567
23204,11655,11549
22839,11306,11533
21631,10152,11479
23513,11860,11653
21691,10241,11450
23000,11342,11658
22333,11010,11323
22609,11104,11505
23419,11904,11515
24089,12353,11736
22761,11614,11147
21890,10378,11512
22965,11583,11382
21993,10527,11466
23555,11931,11624
22700,11269,11431
22470,11013,11457
23016,11327,11689
21533,10046,11487
22728,11191,11537
20592,9381,11211
22598,11382,11216
23332,11715,11617
23246,11613,11633
23647,12183,11464
22990,11916,11074
24198,12542,11656
24215,12517,11698
24198,12396,11802
18630,8068,10562
22366,10844,11522
22075,10848,11227
23056,11552,11504
21969,10665,11304
22376,11143,11233
22317,10844,11473
21302,10250,11052
24294,12524,11770
21684,10155,11529
22074,10574,11500
22659,10965,11694
23186,11953,11233
22259,10733,11526
23850,12450,11400
24356,12604,11752
23224,11523,11701
22711,11359,11352
22339,10890,11449
22848,11247,11601
21639,10289,11350
21903,10516,11387
22172,10628,11544
22160,10788,11372
23781,12095,11686
22398,11009,11389
23329,11739,11590
22144,10538,11606
21714,10369,11345
22876,11245,11631
22999,11426,11573
22176,10769,11407
23351,11725,11626
24030,12647,11383
21926,10402,11524
21532,10119,11413
24131,12494,11637
22703,11173,11530
23647,11916,11731
22828,11338,11490
22502,11125,11377
22954,11450,11504
24204,12379,11825
23213,11715,11498
24243,12454,11789
23816,12125,11691
22503,11006,11497
22961,11481,11480
23421,11823,11598
22608,11083,11525
23170,11828,11342
23639,11888,11751
22447,10948,11499
22575,11147,11428
23945,12260,11685
21870,10557,11313
24213,12489,11724
23015,11386,11629
21251,9996,11255
23450,11830,11620
23702,12084,11618
22013,10569,11444
24159,12376,11783
23505,12267,11238
22894,11272,11622
23838,12107,11731
23826,12116,11710
23289,11562,11727
23591,11981,11610
23484,12204,11280
22768,11300,11468
22369,10914,11455
23405,11690,11715
22654,11150,11504
24025,12316,11709
23581,12245,11336
22511,10983,11528
22808,11220,11588
23310,11801,11509
22402,10859,11543
23277,11752,11525
22985,11452,11533
22969,11434,11535
23504,11853,11651
22882,11217,11665
22355,11152,11203
23160,11520,11640
21795,10387,11408
23834,12126,11708
22998,11359,11639
22325,11029,11296
23811,12247,11564
23122,11523,11599
23658,12089,11569
23046,11517,11529
22207,10699,11508
24089,12407,11682
23175,11456,11719
23942,12163,11779
22321,10977,11344
22955,11507,11448
23441,11826,11615
23267,11604,11663
23425,11847,11578
21847,10793,11054
23408,11815,11593
24000,12238,11762
23782,12203,11579
23190,11507,11683
23485,11905,11580
22540,10997,11543
23136,11457,11679
23581,11899,11682
23490,11792,11698
24210,12490,11720
22980,11286,11694
21800,10828,10972
23829,12507,11322
22804,11277,11527
24019,12363,11656
22337,11057,11280
22946,11334,11612
21525,10252,11273
22654,11505,11149
23110,11466,11644
21423,10164,11259
21282,9962,11320
23552,11894,11658
23585,11926,11659
24061,12611,11450
22480,11080,11400
23457,11894,11563
22481,11272,11209
22836,11503,11333
23837,12228,11609
23779,12020,11759
22973,11586,11387
23497,12134,11363
22798,11233,11565
23145,11528,11617
23177,11512,11665
23254,11632,11622
23716,12038,11678
23563,12217,11346
23091,11583,11508
23534,11806,11728
22979,11690,11289
24309,12491,11818
24001,12474,11527
22535,11075,11460
22838,11339,11499
22742,11119,11623
23151,11707,11444
23239,11578,11661
23053,11709,11344
22456,10874,11582
22550,11118,11432
23355,11899,11456
22720,11482,11238
23638,12255,11383
22963,11393,11570
23131,11605,11526
23356,11733,11623
23036,11480,11556
21659,10350,11309
21004,9871,11133
24295,12493,11802
23247,11638,11609
22997,11408,11589
22264,10749,11515
22758,11177,11581
23849,12074,11775
23740,12026,11714
23383,12000,11383
22229,10844,11385
23305,11636,11669
21989,10735,11254
22345,11092,11253
23927,12277,11650
23398,11879,11519
22945,11395,11550
22494,11064,11430
23511,12144,11367
23921,12072,11849
22610,11225,11385
23120,11616,11504
23700,12036,11664
23189,11696,11493
23384,11755,11629
23684,12340,11344
22406,11025,11381
22464,11066,11398
22754,11375,11379
23160,11705,11455
23298,11857,11441
22919,11437,11482
21887,10541,11346
23451,11947,11504
23150,11625,11525
21162,10131,11031
22936,11595,11341
22296,10953,11343
22818,11331,11487
22824,11248,11576
23458,11854,11604
22157,10868,11289
23187,11679,11508
23185,11704,11481
23363,11705,11658
23348,11637,11711
23591,11879,11712
22705,11200,11505
23061,11762,11299
22967,11402,11565
24058,12333,11725
23688,12393,11295
24025,12396,11629
23374,11713,11661
24127,12398,11729
23971,12178,11793
23594,11968,11626
23312,11746,11566
22113,10765,11348
21957,10386,11571
21223,10075,11148
23170,11466,11704
22144,10765,11379
23619,12185,11434
23212,11481,11731
21840,10606,11234
23618,11913,11705
23430,11869,11561
23135,11611,11524
23699,12008,11691
22492,11211,11281
21383,10293,11090
22864,11591,11273
22835,11173,11662
23014,11382,11632
22055,10609,11446
22201,11064,11137
22554,11239,11315
22315,10754,11561
20765,9523,11242
22864,11238,11626
23451,12106,11345
23838,12233,11605
23358,11616,11742
23325,11522,11803
22208,10913,11295
22807,11271,11536
21729,10105,11624
22809,11136,11673
21977,10472,11505
23156,11456,11700
22816,11212,11604
22758,11486,11272
23542,11903,11639
23740,12074,11666
23945,12667,11278
22083,10802,11281
23510,11982,11528
24233,12550,11683
22403,11327,11076
23832,12059,11773
22561,11040,11521
23081,11589,11492
23590,11816,11774
22778,11269,11509
23321,11668,11653
23278,11924,11354
23225,11573,11652
22423,11235,11188
23355,11713,11642
22558,11084,11474
23773,12115,11658
24350,12790,11560
22969,11586,11383
23178,11522,11656
22380,10802,11578
23736,11966,11770
23489,11916,11573
22302,10997,11305
21724,10601,11123
22608,11013,11595
23354,11794,11560
22386,10976,11410
23780,12115,11665
23481,12134,11347
22878,11335,11543
23792,12173,11619
22860,11274,11586
23584,11851,11733
23319,11621,11698
20774,9521,11253
23595,11965,11630
23892,12573,11319
22764,11297,11467
22719,11249,11470
23168,11484,11684
23478,11777,11701
22304,11003,11301
23153,11629,11524
21998,10739,11259
21614,10238,11376
23035,11463,11572
22722,11301,11421
23984,12459,11525
23264,11575,11689
23330,11942,11388
24205,12692,11513
21359,10413,10946
23197,11852,11345
23413,11845,11568
23625,12066,11559
22970,11399,11571
22758,11284,11474
22337,11043,11294
22318,10841,11477
23944,12180,11764
22626,11262,11364
22307,11125,11182
22626,10981,11645
23559,11885,11674
22048,10524,11524
22792,11223,11569
22775,11285,11490
23309,11800,11509
22202,10941,11261
22769,11330,11439
23201,11639,11562
23771,12177,11594
22668,11056,11612
24136,12414,11722
22285,11078,11207
22874,11338,11536
23455,11941,11514
23897,12221,11676
22056,10549,11507
21333,10108,11225
22896,11519,11377
23474,11924,11550
23860,12376,11484
23910,12242,11668
22891,11662,11229
23480,11987,11493
23413,11708,11705
22861,11280,11581
22766,11562,11204
22450,10873,11577
23833,12126,11707
23331,11982,11349
23450,11928,11522
23625,11855,11770
23619,12165,11454
22872,11399,11473
23265,11743,11522
23283,11645,11638
19648,8760,10888
22396,10836,11560
23017,11741,11276
23396,11759,11637
23907,12237,11670
21637,10205,11432
23670,11865,11805
22824,11187,11637
21885,10669,11216
22019,10497,11522
23527,12221,11306
23328,11731,11597
23565,12069,11496
22588,11074,11514
22561,11067,11494
21543,10323,11220
24028,12431,11597
23036,11685,11351
22531,11253,11278
23667,12003,11664
23489,11998,11491
21788,10433,11355
21487,10348,11139
24233,12396,11837
24023,12306,11717
23265,11632,11633
24216,12532,11684
23249,11830,11419
22693,11347,11346
23682,12068,11614
23264,11707,11557
23650,11950,11700
22835,11625,11210
23635,12092,11543
23869,12109,11760
22977,11841,11136
22106,10645,11461
23513,11950,11563
22752,11428,11324
20264,9151,11113
23109,11482,11627
22991,11453,11538
23591,12243,11348
23486,12012,11474
22660,11283,11377
23557,12237,11320
23259,11953,11306
23001,11501,11500
23687,12103,11584
24043,12570,11473
22772,11295,11477
23531,12113,11418
24350,12905,11445
22955,11683,11272
23367,11668,11699
23467,11975,11492
22679,11100,11579
22707,11320,11387
23033,11555,11478
23320,11713,11607
23773,12022,11751
21355,9847,11508
22726,11534,11192
23556,11910,11646
23468,11797,11671
23826,12406,11420
20992,9942,11050
22020,10605,11415
20860,9533,11327
22594,11363,11231
22767,11384,11383
22905,11326,11579
22247,10964,11283
23067,11449,11618
21809,10601,11208
23220,11669,11551
22812,11217,11595
22525,10973,11552
23085,11856,11229
21602,10170,11432
22546,10961,11585
23805,12142,11663
22217,11014,11203
22393,10882,11511
23471,11992,11479
24161,12579,11582
23832,12249,11583
23573,11976,11597
23536,11961,11575
22098,10710,11388
23065,11484,11581
22924,11319,11605
22704,11343,11361
22714,11171,11543
23323,11716,11607
22129,10645,11484
23529,12091,11438
22932,11517,11415
21347,10071,11276
23793,12061,11732
21591,10224,11367
22991,11399,11592
23533,11903,11630
22731,11485,11246
23822,12256,11566
21775,10400,11375
22179,10887,11292
23582,11826,11756
23691,11980,11711
24000,12286,11714
22417,10969,11448
22595,11351,11244
23222,11741,11481
23367,12026,11341
23676,12035,11641
21362,9975,11387
23715,12065,11650
23130,11762,11368
22230,10730,11500
23200,11598,11602
21866,10603,11263
22173,10860,11313
23635,12027,11608
23798,12073,11725
22211,11143,11068
22290,10842,11448
23387,11965,11422
22631,11162,11469
22930,11432,11498
22780,11280,11500
24159,12443,11716
23681,11998,11683
23214,11818,11396
23681,12004,11677
22895,11557,11338
22465,10994,11471
22342,11009,11333
23078,11847,11231
22926,11479,11447
22922,11358,11564
22127,10650,11477
24005,12443,11562
22682,11685,10997
22321,11112,11209
23245,11704,11541
23415,12038,11377
23792,12346,11446
22362,11001,11361
21940,10526,11414
22787,11339,11448
23669,12073,11596
22098,11005,11093
22674,11384,11290
22668,11075,11593
22895,11529,11366
23108,11606,11502
21986,10916,11070
23388,11696,11692
23459,11939,11520
22619,11136,11483
23350,11722,11628
22250,10757,11493
23889,12218,11671
23486,11852,11634
22933,11409,11524
23835,12362,11473
22263,10897,11366
21551,10323,11228
23701,12237,11464
23478,11818,11660
22679,11306,11373
23249,11642,11607
24122,12449,11673
22807,11212,11595
22865,11385,11480
22121,10765,11356
22236,10678,11558
21546,10419,11127
23214,11619,11595
23736,11931,11805
22768,11367,11401
23627,12064,11563
23793,12250,11543
22560,11042,11518
24184,12465,11719
23539,11832,11707
21844,10594,11250
22763,11502,11261
23640,12098,11542
21993,10635,11358
23370,11992,11378
24104,12368,11736
20932,9618,11314
24200,12505,11695
22589,11093,11496
22208,10851,11357
23216,11540,11676
23660,11983,11677
23368,11835,11533
23619,11860,11759
21750,10664,11086
23810,12381,11429
22994,11578,11416
22645,11072,11573
23410,11707,11703
23304,11868,11436
23851,12155,11696
23597,12042,11555
24008,12271,11737
23022,11512,11510
23444,11793,11651
21389,10050,11339
22259,10806,11453
22353,11099,11254
20865,9941,10924
23207,11583,11624
22648,11291,11357
22648,11295,11353
22829,11462,11367
23757,12312,11445
21963,10621,11342
22113,10970,11143
21399,10086,11313
23585,11905,11680
23132,11648,11484
24051,12350,11701
23648,11912,11736
22156,11019,11137
20947,9881,11066
24087,12459,11628
21894,10758,11136
23991,12242,11749
23107,11478,11629
22616,11162,11454
22899,11579,11320
23128,11736,11392
21490,10313,11177
23292,11663,11629
22193,10865,11328
22661,11424,11237
22401,10883,11518
22626,11262,11364
22943,11684,11259
23993,12264,11729
22464,10965,11499
23027,11476,11551
23363,12044,11319
23873,12491,11382
22502,11104,11398
22931,11592,11339
21869,10959,10910
22386,11167,11219
22126,10709,11417
23813,12166,11647
23907,12135,11772
23725,12368,11357
23668,12247,11421
22641,11378,11263
23680,12299,11381
23677,11991,11686
23578,11835,11743
21742,10276,11466
21550,10233,11317
22246,10812,11434
22477,11312,11165
23555,12000,11555
23393,11772,11621
24127,12538,11589
22626,11446,11180
21676,10248,11428
22558,11036,11522
23761,12209,11552
22575,11337,11238
22555,11328,11227
23112,11837,11275
23154,11777,11377
23235,11894,11341
23180,11929,11251
23149,11634,11515
23690,12106,11584
22456,11214,11242
21270,9726,11544
22274,11155,11119
23944,12579,11365
21158,9844,11314
24024,12274,11750
20920,9568,11352
22722,11471,11251
23229,11654,11575
23490,12084,11406
23780,12352,11428
23545,12224,11321
21115,10129,10986
22552,11323,11229
23603,11934,11669
23127,11749,11378
23131,11707,11424
23372,12025,11347
23087,11765,11322
22623,11238,11385
23707,12134,11573
23920,12606,11314
23244,11714,11530
23973,12219,11754
22291,10880,11411
20956,9927,11029
23557,12055,11502
23576,12015,11561
23426,11847,11579
22498,11157,11341
22336,10790,11546
23324,11953,11371
22857,11673,11184
22968,11281,11687
22514,11002,11512
22697,11463,11234
22454,11112,11342
23558,11785,11773
21748,10691,11057
23541,11972,11569
22918,11554,11364
23498,12114,11384
23365,11973,11392
21900,10637,11263
22354,11045,11309
22964,11482,11482
23023,11662,11361
23114,11731,11383
22549,11081,11468
23481,12156,11325
23719,12377,11342
22945,11552,11393
21311,9906,11405
23314,11975,11339
23616,11984,11632
23798,12254,11544
22599,11289,11310
22399,10925,11474
21697,10537,11160
23461,12007,11454
22123,10971,11152
21596,10398,11198
23712,12340,11372
23653,12323,11330
23578,12033,11545
23589,12054,11535
21612,10261,11351
22669,11268,11401
22683,11251,11432
22583,11132,11451
23027,11803,11224
22363,10834,11529
23286,11878,11408
22864,11336,11528
24002,12162,11840
23054,11790,11264
22822,11657,11165
22499,11357,11142
22172,10713,11459
24160,12714,11446
23436,12012,11424
24474,12648,11826
23165,11556,11609
22237,11048,11189
22776,11307,11469
22966,11264,11702
24214,12782,11432
23584,11939,11645
23346,11950,11396
22981,11495,11486
22687,11307,11380
22591,11194,11397
23194,11882,11312
23313,12047,11266
23111,11829,11282
22228,11044,11184
22312,11105,11207
22011,10674,11337
23699,12231,11468
22738,11007,11731
22648,11392,11256
23065,11359,11706
23445,11917,11528
21704,10640,11064
23730,12312,11418
23021,11523,11498
22755,11377,11378
21634,10503,11131
21376,10177,11199
23286,11683,11603
20793,9965,10828
22713,11406,11307
24040,12759,11281
23408,11939,11469
22790,11310,11480
23065,11383,11682
22716,11111,11605
21587,10558,11029
22932,11318,11614
24032,12324,11708
22393,10849,11544
23614,11986,11628
22972,11662,11310
23688,12220,11468
24215,12487,11728
23886,12277,11609
23708,12110,11598
20456,9309,11147
21425,10321,11104
23523,11853,11670
21611,10256,11355
21876,10476,11400
23009,11435,11574
22739,11182,11557
22875,11362,11513
23589,12208,11381
23199,11789,11410
23710,12267,11443
23360,11891,11469
23216,11869,11347
22880,11632,11248
22447,11066,11381
22865,11592,11273
23205,11547,11658
20879,9612,11267
23393,11664,11729
21944,10644,11300
23756,11976,11780
22856,11367,11489
22799,11486,11313
23344,12140,11204
23364,11879,11485
22460,11181,11279
21821,10596,11225
23714,12170,11544
22962,11608,11354
22430,11195,11235
23935,12517,11418
23816,12168,11648
22887,11406,11481
22683,11088,11595
22860,11488,11372
23134,11598,11536
22858,11320,11538
21652,10285,11367
23541,12270,11271
23098,11505,11593
23533,11953,11580
23078,11485,11593
23627,12152,11475
21835,10440,11395
22508,11274,11234
22622,11442,11180
22969,11565,11404
23737,12141,11596
23451,12104,11347
23485,11885,11600
24017,12561,11456
21974,10798,11176
23923,12305,11618
23512,12255,11257
22577,11015,11562
23233,11901,11332
23920,12227,11693
23601,12313,11288
23867,12203,11664
23965,12301,11664
22964,11657,11307
23136,11467,11669
23342,11894,11448
22996,11753,11243
22605,11438,11167
23131,11621,11510
23038,11747,11291
22351,10822,11529
22700,11085,11615
23163,11782,11381
23832,12381,11451
23671,12393,11278
23086,11805,11281
22503,10932,11571
24130,12385,11745
23337,11974,11363
23923,12398,11525
23252,11723,11529
23700,12302,11398
24187,12433,11754
23501,12026,11475
23972,12542,11430
20692,9711,10981
23392,11720,11672
23740,12282,11458
22659,11347,11312
23392,11962,11430
22507,11195,11312
23354,11690,11664
22815,11653,11162
23759,12067,11692
22928,11209,11719
23378,11627,11751
23384,11933,11451
23681,12068,11613
22972,11380,11592
22161,10765,11396
22190,10693,11497
24340,12512,11828
22157,10918,11239
22623,11037,11586
22599,11226,11373
22450,11212,11238
22498,10960,11538
22357,11192,11165
22477,11221,11256
23772,12422,11350
22983,11634,11349
22876,11468,11408
23062,11639,11423
23333,11800,11533
22837,11375,11462
23899,12432,11467
23738,12052,11686
23265,11620,11645
22794,11145,11649
22911,11314,11597
22820,11196,11624
23598,12053,11545
22326,10849,11477
22829,11575,11254
23108,11830,11278
22936,11452,11484
23659,12184,11475
24196,12472,11724
22710,11400,11310
22256,10928,11328
21209,9984,11225
23461,11889,11572
23615,12264,11351
23258,11598,11660
22932,11653,11279
23325,11819,11506
23321,11982,11339
22317,11175,11142
21470,10102,11368
21957,10721,11236
24017,12296,11721
23236,11890,11346
21271,10133,11138
23256,11570,11686
22608,11126,11482
23146,11496,11650
23198,11860,11338
23519,12086,11433
23028,11648,11380
22502,11340,11162
23435,11810,11625
23137,11733,11404
23217,11535,11682
22067,10678,11389
23198,11755,11443
22071,10521,11550
22692,11101,11591
22713,11063,11650
22678,11407,11271
23635,11978,11657
23204,11693,11511
22707,11270,11437
23849,12010,11839
21197,10070,11127
23767,12381,11386
22100,10817,11283
23013,11399,11614
23842,12465,11377
23527,11951,11576
22685,11371,11314
22522,11129,11393
24141,12480,11661
22603,11136,11467
23751,12117,11634
20657,9696,10961
23474,12074,11400
21711,10115,11596
23841,12233,11608
23960,12377,11583
23459,11833,11626
23879,12178,11701
22503,11237,11266
23800,12195,11605
22510,11255,11255
23192,11875,11317
22002,10820,11182
22811,11624,11187
23682,12021,11661
23729,12229,11500
22204,10954,11250
21935,10633,11302
21919,10702,11217
23145,11589,11556
20831,9832,10999
22549,11093,11456
23233,11894,11339
22375,10971,11404
23295,11614,11681
22280,10942,11338
22944,11417,11527
22220,11031,11189
22690,11499,11191
21790,10641,11149
20253,9343,10910
23763,12039,11724
23132,11800,11332
23771,12311,11460
22792,11462,11330
22930,11576,11354
23252,11833,11419
23133,11600,11533
23198,11815,11383
23077,11827,11250
21212,10181,11031
22803,11531,11272
22183,10914,11269
21493,10411,11082
22994,11517,11477
24002,12370,11632
22991,11633,11358
21284,10377,10907
21900,10742,11158
23100,11553,11547
23003,11588,11415
22693,11432,11261
23428,11984,11444
24008,12534,11474
23343,12100,11243
23343,11859,11484
22927,11646,11281
24068,12315,11753
22909,11304,11605
23732,12318,11414
22629,11264,11365
23322,11834,11488
23162,11686,11476
22151,10810,11341
24156,12403,11753
21309,9906,11403
23374,12103,11271
24095,12393,11702
23253,11823,11430
22832,11370,11462
23570,12231,11339
23177,11513,11664
23705,12232,11473
23465,12071,11394
22762,11331,11431
23098,11656,11442
23541,12272,11269
23272,11944,11328
21812,10533,11279
23344,11722,11622
22360,11128,11232
22829,11464,11365
22844,11382,11462
23982,12400,11582
23265,11937,11328
23117,11765,11352
22189,10869,11320
23702,12137,11565
23913,12534,11379
22700,11316,11384
22208,10689,11519
22665,11207,11458
23535,12108,11427
22200,10993,11207
23376,11787,11589
22404,11147,11257
22212,10819,11393
23560,12270,11290
21176,10110,11066
22554,11392,11162
23866,12510,11356
21296,10051,11245
22723,11466,11257
23270,11667,11603
22446,10997,11449
22129,10577,11552
22502,11291,11211
23554,11854,11700
22287,11017,11270
23052,11720,11332
21956,10475,11481
22896,11568,11328
22490,11224,11266
23019,11663,11356
23025,11636,11389
24018,12329,11689
23766,12339,11427
23448,11797,11651
23711,12306,11405
22901,11215,11686
23641,12298,11343
23199,11655,11544
23958,12358,11600
22047,10561,11486
23452,12085,11367
22751,11299,11452
22162,10937,11225
21741,10542,11199
22613,11275,11338
20151,9318,10833
21954,10549,11405
23112,11691,11421
22924,11516,11408
23521,12005,11516
23280,11796,11484
23662,11965,11697
21201,10153,11048
22535,11364,11171
24151,12829,11322
23787,12330,11457
23187,11642,11545
23749,12039,11710
21574,10374,11200
22832,11558,11274
22124,10649,11475
23531,11922,11609
22376,11218,11158
22322,11098,11224
21746,10552,11194
22968,11637,11331
23479,12067,11412
23651,12221,11430
23930,12350,11580
23851,12172,11679
23502,12143,11359
22882,11362,11520
22660,11128,11532
21960,10704,11256
22559,11312,11247
22846,11384,11462
23647,12313,11334
21971,10783,11188
22725,11141,11584
22655,11415,11240
23329,11642,11687
23046,11508,11538
22580,11089,11491
22625,11306,11319
22893,11611,11282
23815,12314,11501
22907,11714,11193
24074,12262,11812
23637,12309,11328
23619,12150,11469
21612,10494,11118
23753,12364,11389
22870,11733,11137
23354,12174,11180
23172,11561,11611
20793,9482,11311
22285,11044,11241
23316,11922,11394
23207,11912,11295
22711,11435,11276
22425,11241,11184
23133,11845,11288
22837,11652,11185
22080,10773,11307
22787,11396,11391
24135,12460,11675
22905,11714,11191
23193,11754,11439
22532,11061,11471
22465,10952,11513
23441,11874,11567
24072,12449,11623
22679,11389,11290
23702,12122,11580
23953,12614,11339
22849,11682,11167
23535,11907,11628
22867,11479,11388
23756,12320,11436
22145,10752,11393
23280,11772,11508
23689,12136,11553
23713,12228,11485
23050,11769,11281
23548,12074,11474
22006,10739,11267
23890,12365,11525
22084,10882,11202
23510,11848,11662
22217,10922,11295
22490,11288,11202
23357,11945,11412
23558,12060,11498
23129,11449,11680
22003,10627,11376
23301,11781,11520
23530,12239,11291
23340,11662,11678
21671,10434,11237
22903,11568,11335
23757,12053,11704
22638,11378,11260
23192,11645,11547
22074,10614,11460
22132,10911,11221
23400,11823,11577
22698,11509,11189
20576,9679,10897
22775,11111,11664
23128,11633,11495
22607,11288,11319
22320,10941,11379
23440,11877,11563
23865,12271,11594
21944,10868,11076
23356,11820,11536
23768,12332,11436
22987,11692,11295
23844,12458,11386
23676,12384,11292
22325,11225,11100
23051,11778,11273
22672,11443,11229
22723,11174,11549
23839,12426,11413
23160,11895,11265
22856,11584,11272
23567,11878,11689
23767,12392,11375
22446,11197,11249
22611,11363,11248
21865,10736,11129
23418,12111,11307
22795,11287,11508
22359,10834,11525
22502,11248,11254
22897,11590,11307
23507,11845,11662
23675,11971,11704
23935,12197,11738
23587,12179,11408
20320,9518,10802
24002,12239,11763
22753,11239,11514
22812,11439,11373
22076,10944,11132
22716,11342,11374
21859,10660,11199
24179,12664,11515
23692,12377,11315
22864,11568,11296
23097,11824,11273
22812,11417,11395
23492,12039,11453
22398,11015,11383
23127,11830,11297
22706,11334,11372
22584,11297,11287
23753,12235,11518
23467,11868,11599
22862,11429,11433
23329,11793,11536
23149,11622,11527
23869,12456,11413
22198,10989,11209
23380,11969,11411
23817,12103,11714
22938,11640,11298
23044,11696,11348
23521,12114,11407
23535,11963,11572
23693,11900,11793
23651,12031,11620
23519,12265,11254
23196,11904,11292
23944,12411,11533
22406,11225,11181
22893,11385,11508
22937,11373,11564
22523,10955,11568
19141,8466,10675
22303,10813,11490
22625,11124,11501
21294,10126,11168
22609,11295,11314
23756,12280,11476
23324,11604,11720
23827,12356,11471
22533,11164,11369
21901,10524,11377
23244,11911,11333
22629,11276,11353
23197,11541,11656
23745,12368,11377
21835,10641,11194
22645,11243,11402
23348,11758,11590
22979,11658,11321
22877,11627,11250
22725,11567,11158
22783,11336,11447
23013,11701,11312
22779,11503,11276
22854,11472,11382
23419,11872,11547
23307,11664,11643
23125,11641,11484
23426,12084,11342
22583,11041,11542
23124,11795,11329
24044,12338,11706
22918,11518,11400
22318,11181,11137
21830,10654,11176
23862,12172,11690
23969,12608,11361
21057,10088,10969
22934,11324,11610
23019,11572,11447
22048,10900,11148
22686,11222,11464
22558,11299,11259
23040,11431,11609
23548,12226,11322
22672,11498,11174
22539,11174,11365
22399,11076,11323
23237,11627,11610
23547,12004,11543
23415,12072,11343
23620,12254,11366
22818,11659,11159
20950,9727,11223
24104,12568,11536
22851,11606,11245
23469,12120,11349
23155,11595,11560
22731,11404,11327
24310,12584,11726
22425,11234,11191
23303,11835,11468
23568,12270,11298
23549,12221,11328
22956,11510,11446
23156,11713,11443
23788,12309,11479
22791,11581,11210
23464,12093,11371
21532,10441,11091
22629,11417,11212
21946,10870,11076
22144,10866,11278
22645,11499,11146
24001,12275,11726
23407,12144,11263
22369,11079,11290
22867,11548,11319
22247,10970,11277
23124,11471,11653
23788,12074,11714
21169,10234,10935
23274,11912,11362
23632,12272,11360
21130,10103,11027
23173,11722,11451
23786,12473,11313
22064,10809,11255
22187,11017,11170
23097,11404,11693
22504,11078,11426
23636,11969,11667
22954,11461,11493
21913,10527,11386
23856,12150,11706
23025,11457,11568
23325,11961,11364
23808,12153,11655
22946,11783,11163
22999,11595,11404
22091,10788,11303
23470,11955,11515
23269,11751,11518
22760,11476,11284
23134,11727,11407
23678,12077,11601
23116,11675,11441
23684,12309,11375
22354,11255,11099
22108,10713,11395
23399,12045,11354
23415,11992,11423
24061,12559,11502
23088,11508,11580
22259,11079,11180
23824,12159,11665
22879,11451,11428
23729,12065,11664
23476,12093,11383
22799,11572,11227
21051,10220,10831
23738,12440,11298
22765,11639,11126
23629,12121,11508
21581,10162,11419
23245,11730,11515
23985,12614,11371
22360,11000,11360
21891,10708,11183
23874,12441,11433
22020,10837,11183
21663,10573,11090
23277,11799,11478
22339,11263,11076
22784,11472,11312
23651,12298,11353
22282,11053,11229
22669,11124,11545
22679,11181,11498
22522,11302,11220
21813,10631,11182
23481,12203,11278
23263,11626,11637
22417,11171,11246
23222,11916,11306
22582,11039,11543
23154,11924,11230
22485,11329,11156
23061,11608,11453
22369,11018,11351
23466,12119,11347
23276,11783,11493
23551,12171,11380
22891,11654,11237
22475,11215,11260
22981,11441,11540
23732,12300,11432
23120,11771,11349
22811,11288,11523
22816,11595,11221
23663,12107,11556
23096,11503,11593
22360,11151,11209
22946,11545,11401
23646,12155,11491
23035,11447,11588
23732,12226,11506
23879,12488,11391
23043,11647,11396
22586,11380,11206
23793,12264,11529
22527,11073,11454
23820,12144,11676
22411,10978,11433
23449,12064,11385
22423,11193,11230
22960,11691,11269
22735,11545,11190
22602,11385,11217
22902,11692,11210
22656,11084,11572
22286,11092,11194
23088,11846,11242
24186,12413,11773
23329,11720,11609
22081,10830,11251
23637,12008,11629
22684,11522,11162
22818,11633,11185
22860,11353,11507
22677,11502,11175
23112,11782,11330
21790,10757,11033
23043,11771,11272
22765,11537,11228
23600,11893,11707
23591,12239,11352
22636,11041,11595
22780,11619,11161
23004,11467,11537
21058,9835,11223
23221,11688,11533
22778,11578,11200
21234,10124,11110
22582,11441,11141
23797,12314,11483
23875,12255,11620
23630,12031,11599
23444,11948,11496
21668,10365,11303
23696,12316,11380
22270,11095,11175
23588,12034,11554
22545,11210,11335
22897,11312,11585
23032,11676,11356
21876,10752,11124
22282,11134,11148
23390,12103,11287
23313,11811,11502
23386,12004,11382
23519,12226,11293
22056,10744,11312
22402,11088,11314
21000,9847,11153
21829,10538,11291
23667,12099,11568
23935,12304,11631
23502,12236,11266
23739,12300,11439
23179,11587,11592
21626,10578,11048
23572,12110,11462
22933,11577,11356
23565,11926,11639
19005,8272,10733
22071,10859,11212
23078,11836,11242
22616,11388,11228
23936,12594,11342
23535,12189,11346
23476,11952,11524
22439,11220,11219
23563,12002,11561
23228,11961,11267
23259,12034,11225
22808,11428,11380
22982,11332,11650
21912,10766,11146
22870,11664,11206
22821,11335,11486
22296,11210,11086
23607,12008,11599
23843,12521,11322
22384,11272,11112
21668,10624,11044
20750,9573,11177
23737,12092,11645
22723,11317,11406
23246,11952,11294
23208,11945,11263
23763,12260,11503
22815,11691,11124
22907,11472,11435
23851,12503,11348
23474,11910,11564
23239,11805,11434
23041,11730,11311
23673,12061,11612
23873,12459,11414
23843,12084,11759
23405,11863,11542
23136,11616,11520
22981,11740,11241
21675,10280,11395
23358,11974,11384
23655,12285,11370
23345,11620,11725
21377,10346,11031
22005,10786,11219
22348,10898,11450
21864,10671,11193
23543,12251,11292
22798,11523,11275
23909,12517,11392
23050,11635,11415
23428,12047,11381
21879,10575,11304
22210,10790,11420
23329,11944,11385
22458,11117,11341
22184,11067,11117
22203,10853,11350
22324,11258,11066
22756,11609,11147
22874,11606,11268
23888,12331,11557
23069,11729,11340
21642,10539,11103
21466,10464,11002
23059,11740,11319
22784,11680,11104
23840,12176,11664
23224,11716,11508
21825,10424,11401
23155,11860,11295
23676,12165,11511
22580,11156,11424
22385,11299,11086
23160,11688,11472
23751,12402,11349
22457,11087,11370
21812,10405,11407
23318,11950,11368
22914,11332,11582
23338,11985,11353
23552,12012,11540
23389,12109,11280
23548,12024,11524
22371,11026,11345
23941,12503,11438
24083,12632,11451
22057,10653,11404
23219,11937,11282
22740,11370,11370
23451,12228,11223
22014,10866,11148
22876,11585,11291
22913,11440,11473
23934,12238,11696
23774,12120,11654
23268,11974,11294
21581,10197,11384
23849,12411,11438
23401,11946,11455
23732,11991,11741
22151,11078,11073
23587,12206,11381
22976,11407,11569
23323,11859,11464
23893,12555,11338
22878,11736,11142
22965,11452,11513
22273,11035,11238
21077,10056,11021
23653,12415,11238
23113,11955,11158
23339,11849,11490
23164,11913,11251
23315,11920,11395
22501,11090,11411
21630,10613,11017
23331,11741,11590
22177,11113,11064
24041,12361,11680
21721,10669,11052
22824,11578,11246
23653,12253,11400
21551,10483,11068
23767,12116,11651
23215,11886,11329
23669,12081,11588
22823,11391,11432
21889,10645,11244
22134,10924,11210
23700,12253,11447
20944,9760,11184
23102,11574,11528
23496,11986,11510
22916,11471,11445
23883,12595,11288
23534,11902,11632
24244,12802,11442
23364,12078,11286
20599,9459,11140
23166,11930,11236
22001,10673,11328
22889,11275,11614
22424,11182,11242
23358,12046,11312
21947,10556,11391
22814,11533,11281
21979,10926,11053
21698,10357,11341
23346,12090,11256
22794,11518,11276
21801,10425,11376
22877,11606,11271
23089,11533,11556
21729,10573,11156
23702,12402,11300
23103,11480,11623
23260,12008,11252
23396,11675,11721
23709,12049,11660
22577,11398,11179
21437,10464,10973
23270,12068,11202
22438,10844,11594
21259,10307,10952
23594,12169,11425
23155,11984,11171
22969,11651,11318
23131,11929,11202
23387,11754,11633
22277,11019,11258
23467,12124,11343
22431,11298,11133
23034,11799,11235
21705,10845,10860
23313,11919,11394
22770,11471,11299
22619,11091,11528
22142,11032,11110
23195,11700,11495
22715,11404,11311
22299,11153,11146
22667,11432,11235
21254,10326,10928
22623,11357,11266
22838,11506,11332
23396,11753,11643
20926,10029,10897
23152,11772,11380
23130,11632,11498
23093,11660,11433
23474,12114,11360
23290,11994,11296
23152,11864,11288
22515,11323,11192
22026,10923,11103
23441,12146,11295
23089,11730,11359
22011,10960,11051
22674,11526,11148
22892,11696,11196
23223,12009,11214
22970,11774,11196
23041,11762,11279
23058,11823,11235
23590,12338,11252
23125,11674,11451
22930,11598,11332
21849,10741,11108
22679,11598,11081
23958,12264,11694
21434,10458,10976
23159,11917,11242
20562,9201,11361
22712,11382,11330
23429,12012,11417
23574,12127,11447
23720,12008,11712
22750,11259,11491
23653,12289,11364
23153,11841,11312
22112,10910,11202
22034,10805,11229
22288,11033,11255
24150,12714,11436
22269,11107,11162
23534,12145,11389
22884,11444,11440
23802,12174,11628
22359,11273,11086
23591,12276,11315
23097,11863,11234
22494,11340,11154
22633,11383,11250
22489,11008,11481
21220,10272,10948
21974,10817,11157
21440,10216,11224
23317,12112,11205
22593,11419,11174
22471,11195,11276
22573,11174,11399
23387,12167,11220
22258,10844,11414
23901,12312,11589
22515,11328,11187
22558,11411,11147
21808,10821,10987
22787,11575,11212
23632,12134,11498
22172,10896,11276
21680,10365,11315
21598,10415,11183
23121,11412,11709
23789,12235,11554
22485,11280,11205
23536,12278,11258
21621,10566,11055
22732,11519,11213
22564,11322,11242
22998,11704,11294
23243,11878,11365
23025,11762,11263
23124,11672,11452
22769,11467,11302
22479,11268,11211
24024,12378,11646
23368,12048,11320
23693,12389,11304
22272,10933,11339
23574,12285,11289
21059,10130,10929
23113,11889,11224
22929,11775,11154
20836,9848,10988
22289,11083,11206
23831,12416,11415
23252,11983,11269
22939,11481,11458
23260,11688,11572
22034,10724,11310
22819,11352,11467
22839,11265,11574
22881,11658,11223
22611,11542,11069
22587,11375,11212
22708,11525,11183
22800,11566,11234
22394,10975,11419
22841,11535,11306
23808,12090,11718
21702,10590,11112
21916,10832,11084
23760,12097,11663
23734,12141,11593
23230,11963,11267
23218,11997,11221
21756,10659,11097
22508,11244,11264
22490,11284,11206
23459,11973,11486
23699,12362,11337
23760,12386,11374
22004,10821,11183
23385,11990,11395
22216,11052,11164
23483,12244,11239
23693,12128,11565
23769,12421,11348
22458,11319,11139
23208,11664,11544
23802,12354,11448
22470,11052,11418
21394,10338,11056
21751,10476,11275
23274,11829,11445
23153,11846,11307
23091,11838,11253
22407,11339,11068
21745,10722,11023
23345,11916,11429
23721,12328,11393
23526,11877,11649
23459,12071,11388
22854,11600,11254
23141,11855,11286
22488,11284,11204
21727,10522,11205
22846,11524,11322
22691,11498,11193
23041,11599,11442
22116,10965,11151
23328,11730,11598
22858,11659,11199
23616,12488,11128
23286,12051,11235
22316,11220,11096
22700,11247,11453
21932,10645,11287
21462,10480,10982
22581,11413,11168
22874,11369,11505
22293,10873,11420
22723,11578,11145
22667,11033,11634
22202,11106,11096
23473,12164,11309
21307,10255,11052
22693,11270,11423
21349,10194,11155
22349,11174,11175
24099,12414,11685
22249,11087,11162
24452,12738,11714
23466,11925,11541
23611,12280,11331
21425,10354,11071
22748,11544,11204
22832,11674,11158
21482,10121,11361
23564,12216,11348
22893,11797,11096
22057,10896,11161
23587,12225,11362
22877,11584,11293
23156,11824,11332
22969,11633,11336
22749,11396,11353
23537,12210,11327
23252,11961,11291
22978,11755,11223
22914,11742,11172
22782,11202,11580
21923,10874,11049
21158,10124,11034
23205,11665,11540
23652,12165,11487
23490,11932,11558
22190,10888,11302
21324,10260,11064
23251,11944,11307
22338,11115,11223
23539,12247,11292
23093,11493,11600
22033,10947,11086
23378,11943,11435
22260,11125,11135
22694,11225,11469
22384,10982,11402
20922,9799,11123
23440,12125,11315
23343,12038,11305
23013,11599,11414
23913,12222,11691
23320,12037,11283
21719,10683,11036
21723,10704,11019
23627,12306,11321
23527,12081,11446
21909,10492,11417
22896,11711,11185
21455,10446,11009
23564,12033,11531
23591,12367,11224
21918,10864,11054
23644,12149,11495
21160,10072,11088
23194,11632,11562
23917,12573,11344
22909,11528,11381
23342,12068,11274
22897,11541,11356
21373,10543,10830
23046,11570,11476
23594,12236,11358
20761,9568,11193
23521,11977,11544
22992,11784,11208
23512,12161,11351
23382,12090,11292
19915,9082,10833
22400,11175,11225
22594,11354,11240
22592,11086,11506
22880,11625,11255
22696,11463,11233
23314,11806,11508
23378,12014,11364
22377,11168,11209
22912,11659,11253
21531,10484,11047
22269,10833,11436
23541,12067,11474
23167,11660,11507
22160,10717,11443
23298,11991,11307
18944,8043,10901
23295,12075,11220
22996,11758,11238
22811,11602,11209
23681,12287,11394
22680,11262,11418
22951,11699,11252
23167,11921,11246
22113,11012,11101
22802,11537,11265
22713,11507,11206
23827,12534,11293
22507,11303,11204
22248,11119,11129
22456,11030,11426
22372,11158,11214
23057,11730,11327
23711,12343,11368
23044,11819,11225
23174,11750,11424
22955,11687,11268
23867,12566,11301
21852,10809,11043
20049,9132,10917
23971,12427,11544
20474,9295,11179
23276,11957,11319
23496,12076,11420
22879,11480,11399
22644,11503,11141
22364,11114,11250
23026,11826,11200
22706,11161,11545
21688,10688,11000
23013,11712,11301
23280,12028,11252
21577,10578,10999
24077,12809,11268
23570,12202,11368
22438,11361,11077
22226,11093,11133
22918,11391,11527
22363,11072,11291
22574,11469,11105
22557,11191,11366
22960,11755,11205
23889,12458,11431
22582,11256,11326
21961,10518,11443
22371,11288,11083
23310,11692,11618
23365,12057,11308
22369,11210,11159
22206,10811,11395
22543,11307,11236
22738,11505,11233
20989,9960,11029
23328,11934,11394
23656,12255,11401
23345,12030,11315
23957,12248,11709
24121,12447,11674
21925,10764,11161
23483,12265,11218
23703,12096,11607
22336,11153,11183
22442,11300,11142
23715,12179,11536
22154,10619,11535
22622,11429,11193
22982,11768,11214
22980,11821,11159
23825,12093,11732
19795,9089,10706
23602,12307,11295
23429,11838,11591
22229,11025,11204
22389,11244,11145
22866,11692,11174
23776,12439,11337
21871,10842,11029
21889,10715,11174
22597,11318,11279
23592,12313,11279
22467,11289,11178
23214,11977,11237
22784,11650,11134
23336,11706,11630
21924,10844,11080
24224,12682,11542
23619,12083,11536
22642,11411,11231
23098,11833,11265
23717,12394,11323
21394,10331,11063
22390,11185,11205
23650,12081,11569
22275,10757,11518
22877,11534,11343
23864,12146,11718
22302,11141,11161
23235,11939,11296
23963,12394,11569
22518,11433,11085
23186,12018,11168
23279,12121,11158
21894,10683,11211
22544,11172,11372
21878,10570,11308
22300,10779,11521
21455,10461,10994
19679,8950,10729
23368,12125,11243
23273,11996,11277
24144,12774,11370
23264,11998,11266
23540,12146,11394
22345,11156,11189
23563,12209,11354
22657,11424,11233
23161,11838,11323
22062,10969,11093
22330,10864,11466
23393,12178,11215
23108,11986,11122
23342,11949,11393
22959,11690,11269
23075,11831,11244
22029,10818,11211
22809,11614,11195
22781,11441,11340
22940,11832,11108
23728,12294,11434
23723,12296,11427
20076,9015,11061
23307,12014,11293
22258,11146,11112
22831,11659,11172
22913,11692,11221
23387,12010,11377
23553,11944,11609
23938,12539,11399
21592,10444,11148
22807,11606,11201
22446,11056,11390
22688,11222,11466
22298,11113,11185
19723,8976,10747
23016,11770,11246
23372,12129,11243
23973,12325,11648
22766,11445,11321
22116,11014,11102
22496,11222,11274
20887,9902,10985
22689,11534,11155
22192,11082,11110
22523,11166,11357
22819,11507,11312
23283,11973,11310
23281,11827,11454
22539,11451,11088
21700,10676,11024
22533,11317,11216
22526,11400,11126
21922,10708,11214
20821,9629,11192
23371,11812,11559
23762,12152,11610
23561,12146,11415
23394,11755,11639
23424,12058,11366
23277,11994,11283
23017,11794,11223
22096,10947,11149
23879,12497,11382
23098,11886,11212
22797,11632,11165
23453,11821,11632
22531,11313,11218
23184,11757,11427
23051,11699,11352
22291,10901,11390
22933,11516,11417
23769,12486,11283
23894,12562,11332
23670,12317,11353
22014,10918,11096
23397,11968,11429
23292,12000,11292
22511,11262,11249
23701,12252,11449
22233,10923,11310
23341,12000,11341
22417,11349,11068
23048,11788,11260
23549,12053,11496
23429,12212,11217
22186,11138,11048
22423,11381,11042
23157,11866,11291
23790,12509,11281
22763,11525,11238
23019,11702,11317
23144,11913,11231
22482,11287,11195
22756,11481,11275
23747,12131,11616
21310,10158,11152
23157,11816,11341
23760,12389,11371
23418,11874,11544
22722,11572,11150
23179,11649,11530
23545,12188,11357
23311,11890,11421
21377,10321,11056
22920,11745,11175
23382,11903,11479
22309,11029,11280
22442,10959,11483
21491,10502,10989
22129,10748,11381
22809,11567,11242
22063,10943,11120
23873,12445,11428
23096,11791,11305
23262,11830,11432
23375,11793,11582
23360,12068,11292
21909,10844,11065
20816,9700,11116
22480,11391,11089
22872,11375,11497
22047,10962,11085
21964,10867,11097
23425,12143,11282
22966,11778,11188
23977,12648,11329
20885,9890,10995
22904,11342,11562
22373,10937,11436
21771,10594,11177
21590,10543,11047
23888,12511,11377
23215,11982,11233
23157,11874,11283
22570,11487,11083
23414,12012,11402
23260,11950,11310
22247,11082,11165
23356,11886,11470
23391,12173,11218
23089,11790,11299
23579,12062,11517
22980,11630,11350
23788,12182,11606
21784,10630,11154
21571,10611,10960
22922,11716,11206
22027,10854,11173
23304,12002,11302
23298,12075,11223
23004,11852,11152
23756,12482,11274
21892,10708,11184
22181,10951,11230
23691,12206,11485
23139,11897,11242
22657,11217,11440
23056,11942,11114
23389,12049,11340
22923,11460,11463
23370,12135,11235
23652,12222,11430
24174,12599,11575
22653,11348,11305
22109,10904,11205
22290,11212,11078
21385,10359,11026
22967,11614,11353
22375,10848,11527
22977,11485,11492
22099,10774,11325
22272,11108,11164
22461,11279,11182
23568,12007,11561
23275,11982,11293
23900,12413,11487
23407,12084,11323
21311,10112,11199
22610,11096,11514
21649,10618,11031
23441,12135,11306
22526,11423,11103
22676,11348,11328
23721,12439,11282
22367,11195,11172
23330,12068,11262
23037,11387,11650
23100,11591,11509
23324,12026,11298
21860,10850,11010
23448,12263,11185
22093,10978,11115
22782,11576,11206
23722,12187,11535
23544,12343,11201
23243,11983,11260
22398,10885,11513
22142,11008,11134
21901,10912,10989
22666,11470,11196
23131,11847,11284
21987,10927,11060
23481,12236,11245
22584,11425,11159
23207,11832,11375
20904,9691,11213
21219,9934,11285
23293,11721,11572
23094,11604,11490
21865,10820,11045
22729,11420,11309
22520,11299,11221
22472,11292,11180
23789,12242,11547
23253,12103,11150
22937,11506,11431
23998,12302,11696
22721,11479,11242
21574,10621,10953
23662,12218,11444
23830,12460,11370
21679,10365,11314
22859,11528,11331
23338,12078,11260
22789,11564,11225
23509,12229,11280
21887,10528,11359
22933,11375,11558
22813,11671,11142
23023,11507,11516
22578,11401,11177
23145,11695,11450
22623,11673,10950
22875,11456,11419
23000,11779,11221
23290,11860,11430
23979,12682,11297
22262,11142,11120
22536,11452,11084
23577,12349,11228
22978,11831,11147
23354,11933,11421
23415,12148,11267
22564,11049,11515
22224,11159,11065
22903,11631,11272
23266,11832,11434
22460,11271,11189
22122,10926,11196
23325,12113,11212
21864,10647,11217
23100,11870,11230
21896,10654,11242
22364,11149,11215
22247,10806,11441
22873,11612,11261
22625,11343,11282
23039,11752,11287
23247,11915,11332
21747,10430,11317
23722,12158,11564
23556,12112,11444
23241,11983,11258
23116,11889,11227
23469,12235,11234
23056,11446,11610
23750,12071,11679
23485,12033,11452
22087,10781,11306
22958,11727,11231
23457,11907,11550
21422,10481,10941
23733,12086,11647
22372,11150,11222
21804,10772,11032
23331,12044,11287
21553,10531,11022
21856,10892,10964
23441,11974,11467
22440,11231,11209
23173,11894,11279
23134,11943,11191
22406,11263,11143
23829,12478,11351
22818,11575,11243
24388,12642,11746
23628,12381,11247
23789,12396,11393
20735,9462,11273
22704,11517,11187
22808,11410,11398
23500,11823,11677
24129,12605,11524
22005,10990,11015
21421,10257,11164
22779,11373,11406
21698,10582,11116
21588,10577,11011
23458,12092,11366
22613,11353,11260
22437,11156,11281
21926,10910,11016
23555,11995,11560
23165,11898,11267
23233,11948,11285
23043,11479,11564
23810,12123,11687
22262,11225,11037
23611,12324,11287
23251,11962,11289
20786,9911,10875
21780,10687,11093
23425,12107,11318
23563,11940,11623
22929,11755,11174
22822,11281,11541
22197,10734,11463
21730,10681,11049
21517,10482,11035
23501,12080,11421
21701,10646,11055
21926,10870,11056
22226,11071,11155
22773,11456,11317
22803,11502,11301
23611,12206,11405
22198,11022,11176
22023,10949,11074
22988,11709,11279
22796,11671,11125
23618,12007,11611
22885,11617,11268
23987,12473,11514
22688,11703,10985
22000,10796,11204
22025,10924,11101
21229,10338,10891
23478,12277,11201
23807,12464,11343
23318,11775,11543
23773,12350,11423
23237,11991,11246
22906,11701,11205
22961,11754,11207
22194,11162,11032
23517,12258,11259
23285,12067,11218
23603,11935,11668
22707,11483,11224
21944,10607,11337
22904,11408,11496
23898,12530,11368
22458,11401,11057
21832,10747,11085
22014,10806,11208
22934,11654,11280
23119,11674,11445
21313,10350,10963
23971,12728,11243
23028,11877,11151
23382,11964,11418
23126,11412,11714
22655,11491,11164
24213,12623,11590
21991,10680,11311
23292,11888,11404
23247,11779,11468
20761,9777,10984
22500,11360,11140
22448,11309,11139
23116,11797,11319
22400,11208,11192
23346,11791,11555
22757,11624,11133
23685,12377,11308
22435,11207,11228
23213,11925,11288
22848,11530,11318
23326,12005,11321
23024,11718,11306
22734,11500,11234
23139,11879,11260
24355,12691,11664
22957,11614,11343
23867,12395,11472
22476,11259,11217
22820,11383,11437
21031,10055,10976
22915,11682,11233
23975,12633,11342
23295,11908,11387
22678,11501,11177
23019,11797,11222
23183,11753,11430
22098,11046,11052
22910,11764,11146
21548,10339,11209
23615,12120,11495
22529,11375,11154
22462,11200,11262
22107,10952,11155
21597,10728,10869
23276,11985,11291
22458,11272,11186
22146,11023,11123
22542,11342,11200
22557,11140,11417
21939,10871,11068
23592,12281,11311
22659,11529,11130
22135,10849,11286
22940,11773,11167
22684,11553,11131
23073,11697,11376
22852,11573,11279
22936,11684,11252
22244,11073,11171
22485,11200,11285
23197,11789,11408
23044,11553,11491
22658,11407,11251
23893,12640,11253
23001,11868,11133
23356,12076,11280
22487,11187,11300
23421,12218,11203
22525,11394,11131
22369,11166,11203
22996,11864,11132
23406,12099,11307
20579,9621,10958
23104,11656,11448
22568,11312,11256
23570,12059,11511
23210,11714,11496
23401,12210,11191
22636,11230,11406
23454,12148,11306
22567,11418,11149
23370,12033,11337
21865,10646,11219
22576,11399,11177
21886,10716,11170
23381,12061,11320
21822,10819,11003
23055,11902,11153
22909,11762,11147
23110,11417,11693
22223,10919,11304
23779,12512,11267
23454,12029,11425
23669,12373,11296
22583,11324,11259
23398,12126,11272
22745,11492,11253
23390,11976,11414
24385,12792,11593
23432,11972,11460
23921,12625,11296
22285,10958,11327
23380,12087,11293
22866,11576,11290
21723,10469,11254
23316,12075,11241
24011,12304,11707
21903,10779,11124
23359,12068,11291
22520,11318,11202
20122,9461,10661
22497,11300,11197
23101,11760,11341
22733,11463,11270
21868,10644,11224
23200,11940,11260
23003,11690,11313
22493,11114,11379
23122,11779,11343
22816,11272,11544
22422,11290,11132
22778,11556,11222
23821,12588,11233
22746,11563,11183
22285,11054,11231
23551,12189,11362
22204,11042,11162
22975,11748,11227
22573,11423,11150
23137,11963,11174
22755,11466,11289
23452,12056,11396
23401,12038,11363
22026,10977,11049
21294,10265,11029
23382,12015,11367
23131,11845,11286
23267,12013,11254
21943,10819,11124
21924,10560,11364
22448,11159,11289
22604,11122,11482
23414,12017,11397
21881,10507,11374
22697,11535,11162
23688,12427,11261
22781,11616,11165
23034,11482,11552
23765,12102,11663
23041,11749,11292
23054,11575,11479
22424,11297,11127
22572,11189,11383
22836,11602,11234
22534,11359,11175
23470,12123,11347
22730,11407,11323
21903,10760,11143
21508,10552,10956
22930,11471,11459
22077,10796,11281
23778,12515,11263
20293,9312,10981
22980,11683,11297
23429,12201,11228
22845,11769,11076
23527,12382,11145
22835,11497,11338
22609,11466,11143
22532,11145,11387
22731,11345,11386
23325,11698,11627
23111,11817,11294
23507,11992,11515
22894,11820,11074
21790,10779,11011
23396,12138,11258
23466,12121,11345
20699,9768,10931
21944,10794,11150
22637,11152,11485
23313,12125,11188
22728,11459,11269
22216,11117,11099
23717,12382,11335
23505,12224,11281
22786,11366,11420
23387,12020,11367
21289,10154,11135
21465,10567,10898
23289,12084,11205
23021,11681,11340
23044,11647,11397
23426,12136,11290
22801,11659,11142
23682,12399,11283
23686,12397,11289
22747,11529,11218
23307,11942,11365
23403,12167,11236
22985,11887,11098
23987,12314,11673
22144,10692,11452
22893,11696,11197
23574,12094,11480
22350,11231,11119
22741,11557,11184
23157,11806,11351
23073,11768,11305
22594,11445,11149
24045,12656,11389
22287,11117,11170
23423,12221,11202
22093,10925,11168
21512,10385,11127
22537,11438,11099
22247,11094,11153
23336,11828,11508
22113,11039,11074
23356,11912,11444
22377,11178,11199
23925,12331,11594
22863,11698,11165
23559,12242,11317
23410,11886,11524
22360,11246,11114
23367,12194,11173
22017,10898,11119
22291,11094,11197
23149,11860,11289
22930,11749,11181
23327,12159,11168
23229,11885,11344
23678,12374,11304
22519,11337,11182
22949,11774,11175
22305,10856,11449
23153,11834,11319
21284,10200,11084
21812,10789,11023
22665,11549,11116
23279,12094,11185
21865,10738,11127
23343,11788,11555
23141,11759,11382
23986,12419,11567
23198,11541,11657
23148,11931,11217
22441,11395,11046
23215,11868,11347
22834,11686,11148
21263,10345,10918
22734,11394,11340
21129,10160,10969
23222,11776,11446
22946,11744,11202
23336,11915,11421
23371,12150,11221
22497,11402,11095
23455,12127,11328
23327,12115,11212
23033,11850,11183
22442,11336,11106
22908,11410,11498
22666,11419,11247
22162,11154,11008
23326,12043,11283
23508,12179,11329
23484,11889,11595
23143,11813,11330
22936,11510,11426
22765,11546,11219
23200,12064,11136
23274,11807,11467
23273,11755,11518
21961,10827,11134
22333,11310,11023
23670,12300,11370
22559,11167,11392
23869,12269,11600
22942,11663,11279
23750,12439,11311
23603,12094,11509
23633,12108,11525
23547,12370,11177
19420,8781,10639
23413,12172,11241
23224,12058,11166
21125,10177,10948
23053,11526,11527
22880,11713,11167
22127,11098,11029
23463,12037,11426
23197,12001,11196
22572,11464,11108
22172,10997,11175
23086,11810,11276
22728,11562,11166
22062,10697,11365
21811,10687,11124
22917,11775,11142
22660,11479,11181
21949,10760,11189
23675,12263,11412
22532,11456,11076
20450,9417,11033
24210,12648,11562
22280,10995,11285
23577,12326,11251
23152,11897,11255
22917,11711,11206
23101,11640,11461
23877,12332,11545
23101,11654,11447
22965,11892,11073
23527,12231,11296
22923,11768,11155
21615,10693,10922
21963,10958,11005
22399,11172,11227
22995,11702,11293
22841,11408,11433
23392,12147,11245
22634,11515,11119
23072,11706,11366
23282,11972,11310
21846,10794,11052
23008,11683,11325
23201,11667,11534
22680,11192,11488
23293,12291,11002
23325,11854,11471
21945,10737,11208
23001,11551,11450
23208,11900,11308
23302,11934,11368
21318,10293,11025
23149,11883,11266
22520,10996,11524
23025,11493,11532
21303,10409,10894
23323,12110,11213
23796,12618,11178
21788,10688,11100
22224,10921,11303
23361,12150,11211
23715,12390,11325
22554,11449,11105
22963,11767,11196
22490,11421,11069
22837,11649,11188
23657,12337,11320
23554,12274,11280
23874,12556,11318
23441,11823,11618
22365,10833,11532
21596,10265,11331
22845,11485,11360
23114,11676,11438
23232,12007,11225
23287,11813,11474
22494,11358,11136
22890,11730,11160
23001,11678,11323
23408,12064,11344
23544,12105,11439
22738,11542,11196
22489,11314,11175
22407,11307,11100
23053,11885,11168
22658,11554,11104
21464,10396,11068
23340,12079,11261
21099,10138,10961
23607,12258,11349
23401,12085,11316
23012,11764,11248
23339,12132,11207
22398,11165,11233
22935,11449,11486
23232,11907,11325
22924,11708,11216
24229,12554,11675
23480,12174,11306
21611,10597,11014
23011,11748,11263
24084,12381,11703
21393,10355,11038
23067,11822,11245
23173,11887,11286
22110,11052,11058
22556,11309,11247
23458,12170,11288
22447,11293,11154
23424,12162,11262
20975,9744,11231
21784,10717,11067
22071,10990,11081
22967,11708,11259
21723,10482,11241
23742,12280,11462
22439,11257,11182
23612,12356,11256
21996,10686,11310
21833,10625,11208
22260,11011,11249
23705,12196,11509
21634,10612,11022
23566,12341,11225
22268,10943,11325
22761,11298,11463
23311,12186,11125
22418,11157,11261
22781,11560,11221
20911,10137,10774
21807,10326,11481
22543,11486,11057
22629,11488,11141
22897,11761,11136
23018,11711,11307
23383,12066,11317
23181,11829,11352
23480,11909,11571
23625,12311,11314
23330,11922,11408
22737,11162,11575
22578,11359,11219
22954,11848,11106
22357,10982,11375
20643,9856,10787
22304,11231,11073
21804,10822,10982
22909,11700,11209
20115,9233,10882
21922,10798,11124
22143,11139,11004
23048,11510,11538
22760,11471,11289
22516,11548,10968
23891,12582,11309
22488,11250,11238
21014,10167,10847
22193,10967,11226
22491,11137,11354
23111,11811,11300
23552,12289,11263
23448,12013,11435
23626,12251,11375
23418,12143,11275
22224,11142,11082
22594,11400,11194
22405,11218,11187
22377,10993,11384
22411,11227,11184
23108,11871,11237
23270,11903,11367
22320,11246,11074
23333,12126,11207
23014,11861,11153
22181,11120,11061
22870,11543,11327
22146,11126,11020
23599,12069,11530
21619,10268,11351
20357,9433,10924
20918,10244,10674
23662,12264,11398
22469,11324,11145
23891,12359,11532
23341,12062,11279
22797,11385,11412
22266,11181,11085
23793,12535,11258
21758,10613,11145
23565,12215,11350
21984,10910,11074
22513,11466,11047
22700,11460,11240
23405,11750,11655
21272,10191,11081
21481,10310,11171
22671,11520,11151
22969,11711,11258
23554,12367,11187
21940,10626,11314
23184,11969,11215
22953,11813,11140
23340,12061,11279
23400,12237,11163
23383,12053,11330
22829,11567,11262
23527,12268,11259
23400,12122,11278
21260,10327,10933
22674,11331,11343
23306,12071,11235
23295,11910,11385
22597,11365,11232
23516,12198,11318
23255,12031,11224
23886,12589,11297
21831,10582,11249
23586,12265,11321
24069,12653,11416
23043,11727,11316
24037,12438,11599
22818,11723,11095
23776,12611,11165
23738,12411,11327
23193,12044,11149
23594,12332,11262
23428,11875,11553
23432,12152,11280
22627,11317,11310
20937,10051,10886
23222,12114,11108
23550,12311,11239
23607,12327,11280
22547,11123,11424
23481,11988,11493
22235,11232,11003
22641,11236,11405
22964,11830,11134
20963,9872,11091
22888,11763,11125
21583,10544,11039
22622,11154,11468
23014,11596,11418
23373,12070,11303
22130,11023,11107
23822,12373,11449
22482,11420,11062
22879,11649,11230
22605,11459,11146
22270,11108,11162
22709,11594,11115
23281,11882,11399
23757,12441,11316
21439,10077,11362
21568,10496,11072
21829,10828,11001
22997,11782,11215
22582,11447,11135
22847,11746,11101
23255,11874,11381
21647,10577,11070
22809,11585,11224
21318,10165,11153
23815,12393,11422
22991,11773,11218
23415,12127,11288
21989,10921,11068
22367,11174,11193
21800,10722,11078
23501,12244,11257
23027,11723,11304
21927,10637,11290
22005,10814,11191
22970,11724,11246
22583,11535,11048
21457,10427,11030
23443,12194,11249
22043,10823,11220
23080,11696,11384
22608,11400,11208
23253,11989,11264
23533,12280,11253
23216,11877,11339
22815,11604,11211
23563,12046,11517
22460,11317,11143
23157,11989,11168
21810,10726,11084
21186,10250,10936
23115,11902,11213
22747,11484,11263
23507,12008,11499
21112,9996,11116
21013,10072,10941
23855,12562,11293
22433,11393,11040
23584,12259,11325
23031,11334,11697
22376,11167,11209
22932,11582,11350
23177,11882,11295
21941,11040,10901
23825,12232,11593
23145,11907,11238
22538,11452,11086
23563,11953,11610
22298,11201,11097
22835,11575,11260
22562,11455,11107
22883,11784,11099
23323,12027,11296
23659,12399,11260
23481,12160,11321
23183,11985,11198
23110,11953,11157
22616,11557,11059
23674,12466,11208
23876,12493,11383
22802,11689,11113
22669,11388,11281
22696,11418,11278
23936,12574,11362
22084,11038,11046
22924,11615,11309
22585,11571,11014
23821,12543,11278
23058,11814,11244
21086,10129,10957
22128,10666,11462
21950,10967,10983
22358,11217,11141
22904,11861,11043
22378,11064,11314
22273,11235,11038
23351,12099,11252
22455,11335,11120
23623,12251,11372
22740,11677,11063
22930,11694,11236
23601,12364,11237
22249,11100,11149
23502,12121,11381
22534,11410,11124
23460,12219,11241
22443,11207,11236
22234,10966,11268
22050,10972,11078
22255,11219,11036
23085,11938,11147
23336,12104,11232
22301,11191,11110
22178,10950,11228
23030,11693,11337
23156,12000,11156
23115,11848,11267
23120,11881,11239
23512,12150,11362
22232,10792,11440
22754,11557,11197
21325,10315,11010
22601,11499,11102
22870,11550,11320
23662,12310,11352
23490,12117,11373
23344,11838,11506
23061,11877,11184
22676,11460,11216
22246,11042,11204
22607,11393,11214
22274,10787,11487
20622,9675,10947
22633,11568,11065
22721,11440,11281
23225,11951,11274
22218,10694,11524
23333,11927,11406
23309,11966,11343
23614,12089,11525
21194,10053,11141
22573,11424,11149
23257,11991,11266
22620,11543,11077
22073,10892,11181
21554,10669,10885
22816,11308,11508
21306,10365,10941
22518,11516,11002
22632,11466,11166
21225,10168,11057
22492,11148,11344
22065,11011,11054
23194,11933,11261
21922,10838,11084
22896,11623,11273
22204,10940,11264
24028,12500,11528
22772,11645,11127
22865,11536,11329
22857,11596,11261
22863,11777,11086
22701,11593,11108
23335,12124,11211
22568,11365,11203
22881,11380,11501
21239,10122,11117
23404,12113,11291
21444,10591,10853
23401,12072,11329
23220,11954,11266
23114,11896,11218
22320,11350,10970
23818,12607,11211
23460,12312,11148
23713,12361,11352
23433,12074,11359
23572,12285,11287
23378,12181,11197
22340,11192,11148
22005,10679,11326
19923,9158,10765
22724,11261,11463
23187,11602,11585
22458,11403,11055
22197,10820,11377
23296,12037,11259
21912,10952,10960
21581,10461,11120
21719,10679,11040
21655,10694,10961
23701,12244,11457
23239,11867,11372
23143,12016,11127
22470,11395,11075
21965,10851,11114
20992,9924,11068
22258,11037,11221
23190,11905,11285
22454,11350,11104
21991,10962,11029
21325,10220,11105
22146,11131,11015
23206,12027,11179
22796,11567,11229
20890,9863,11027
22775,11619,11156
23375,12129,11246
22346,11258,11088
24122,12445,11677
23266,11998,11268
22942,11755,11187
23424,11844,11580
21376,10360,11016
23279,11950,11329
23151,11844,11307
23670,12406,11264
22450,11303,11147
23765,12109,11656
23272,12145,11127
23090,11805,11285
21689,10620,11069
22535,11355,11180
21573,10626,10947
22786,11521,11265
21485,10505,10980
22683,11525,11158
23190,12018,11172
23399,12143,11256
22985,11789,11196
22415,11210,11205
23199,12065,11134
22912,11665,11247
22238,11168,11070
23439,12168,11271
23160,11972,11188
23171,11853,11318
23207,11893,11314
21723,10728,10995
22672,11371,11301
20010,9168,10842
22566,11439,11127
23705,12359,11346
23518,12079,11439
22752,11460,11292
22890,11641,11249
23263,11706,11557
23887,12481,11406
22779,11593,11186
23734,12244,11490
22908,11581,11327
21644,10575,11069
23123,11931,11192
22354,11215,11139
22937,11798,11139
23351,12175,11176
23251,11607,11644
22488,11041,11447
23318,12112,11206
22374,11216,11158
22160,11011,11149
24252,12570,11682
22718,11615,11103
24106,12431,11675
22533,11444,11089
23220,11981,11239
23094,11791,11303
21501,10437,11064
23870,12552,11318
21451,10342,11109
22274,11185,11089
20940,9844,11096
21715,10650,11065
23261,12125,11136
22512,11325,11187
23454,12074,11380
23991,12376,11615
22312,11133,11179
22353,11277,11076
22912,11804,11108
23715,12238,11477
22997,11653,11344
22918,11779,11139
22632,11547,11085
21469,10410,11059
22155,10843,11312
22128,11120,11008
21463,10464,10999
22348,11247,11101
22323,10894,11429
22416,11321,11095
20720,9836,10884
22464,11240,11224
21770,10840,10930
22951,11768,11183
22662,11248,11414
23637,12181,11456
21787,10720,11067
21891,10824,11067
23398,11911,11487
21646,10544,11102
22906,11751,11155
22720,11336,11384
22949,11734,11215
23482,12146,11336
22182,11145,11037
21917,10816,11101
23587,12032,11555
21448,10396,11052
22336,11100,11236
22523,11317,11206
23200,11922,11278
22562,11389,11173
21507,10589,10918
23262,11934,11328
21799,10501,11298
22654,11373,11281
21942,10749,11193
22497,11307,11190
22780,11571,11209
23614,12167,11447
22981,11758,11223
22130,11056,11074
20347,9562,10785
22473,11024,11449
20849,10057,10792
22424,11282,11142
22528,11423,11105
21911,10872,11039
23320,12091,11229
23288,11980,11308
23310,12037,11273
22870,11704,11166
22188,11224,10964
23842,12491,11351
23598,12360,11238
23437,12138,11299
22411,11135,11276
23565,12235,11330
23222,11967,11255
22943,11721,11222
20219,9419,10800
22413,11274,11139
21565,10441,11124
21740,10739,11001
22334,10979,11355
23948,12489,11459
22678,11113,11565
22792,11746,11046
22165,11163,11002
22183,11093,11090
23526,12163,11363
23316,12024,11292
23057,11850,11207
22951,11494,11457
22751,11610,11141
23514,12176,11338
23935,12601,11334
23529,12192,11337
21929,10597,11332
23491,12198,11293
23142,11959,11183
23737,12538,11199
23823,12510,11313
23033,11816,11217
22634,11521,11113
21902,10863,11039
23291,11866,11425
22544,11366,11178
23702,12322,11380
23231,12082,11149
22197,11279,10918
22852,11576,11276
22820,11547,11273
22815,11476,11339
20901,9974,10927
22810,11659,11151
23367,12140,11227
21168,10200,10968
22078,10997,11081
22591,11426,11165
22513,11302,11211
22926,11509,11417
23306,12065,11241
22847,11541,11306
22710,11541,11169
22893,11830,11063
22734,11545,11189
23277,11980,11297
22448,11234,11214
22554,11418,11136
22757,11427,11330
22860,11683,11177
22427,11266,11161
23360,12079,11281
23775,12488,11287
22877,11723,11154
23696,12437,11259
21928,10787,11141
20279,9196,11083
22718,11562,11156
22435,11260,11175
23387,12223,11164
23241,11862,11379
22180,11027,11153
21236,10238,10998
22581,11445,11136
23519,12270,11249
23382,12095,11287
23073,11728,11345
21576,10556,11020
21810,10668,11142
23513,12432,11081
23080,11730,11350
23324,12106,11218
23410,12068,11342
23784,12453,11331
21708,10676,11032
23416,12148,11268
22909,11462,11447
23308,11981,11327
22990,11591,11399
23071,11876,11195
22161,10952,11209
21821,10805,11016
21752,10715,11037
23293,11946,11347
23608,12319,11289
22658,11378,11280
23504,12214,11290
21415,10265,11150
22469,11239,11230
23573,12294,11279
23652,12284,11368
22997,11837,11160
21772,10679,11093
22752,11458,11294
22884,11781,11103
23723,12442,11281
21768,10784,10984
23817,12427,11390
22939,11737,11202
23366,12197,11169
21389,10374,11015
23056,11787,11269
22793,11786,11007
23112,11794,11318
23603,12366,11237
23039,11842,11197
23138,11829,11309
23006,11698,11308
22791,11492,11299
22735,11531,11204
23658,11968,11690
23394,12119,11275
22008,10865,11143
22811,11744,11067
22530,11428,11102
21080,10351,10729
23010,11397,11613
22667,11506,11161
23585,12242,11343
22324,11284,11040
22659,11442,11217
22740,11570,11170
21227,10314,10913
21945,10945,11000
22486,11454,11032
22294,11228,11066
22258,11175,11083
23745,12360,11385
22555,11298,11257
23101,11885,11216
21999,11021,10978
22784,11581,11203
22991,11794,11197
22723,11632,11091
23479,12193,11286
22468,11300,11168
22518,11433,11085
22048,11078,10970
22862,11728,11134
23132,11903,11229
21587,10293,11294
22843,11575,11268
23727,12418,11309
23287,11990,11297
23543,12228,11315
22432,11214,11218
21531,10562,10969
22911,11610,11301
22465,11283,11182
23101,11952,11149
22250,10975,11275
22656,11279,11377
23935,12538,11397
23746,12211,11535
23947,12649,11298
22452,11408,11044
23086,11909,11177
22172,11053,11119
22360,11242,11118
23132,11934,11198
23911,12434,11477
23303,11913,11390
22657,11522,11135
22911,11740,11171
23750,12505,11245
22251,10987,11264
22335,11297,11038
22559,11264,11295
22356,11276,11080
23050,11708,11342
23084,11797,11287
22679,11559,11120
23310,12024,11286
22903,11386,11517
22885,11693,11192
21117,10104,11013
23901,12597,11304
23644,12454,11190
23503,12168,11335
23062,11825,11237
23014,11698,11316
23366,12131,11235
22605,11563,11042
23729,12443,11286
22202,10802,11400
22866,11379,11487
22971,11712,11259
23431,12179,11252
21785,10828,10957
22508,11274,11234
23132,11893,11239
23073,11876,11197
21229,9982,11247
22762,11763,10999
23690,12472,11218
23024,11783,11241
22828,11633,11195
22302,11205,11097
23912,12524,11388
20688,9562,11126
23317,12145,11172
24019,12686,11333
23450,12320,11130
22874,11675,11199
23610,12332,11278
23323,12063,11260
23469,11997,11472
23413,12141,11272
21220,10328,10892
22774,11435,11339
23375,11937,11438
21690,10686,11004
24315,12621,11694
23283,11637,11646
23041,11828,11213
19080,8609,10471
22952,11716,11236
23118,11691,11427
22464,11364,11100
21920,10794,11126
22935,11865,11070
22683,11432,11251
22920,11775,11145
24009,12339,11670
20729,9869,10860
22980,11788,11192
22513,11139,11374
21723,10731,10992
22807,11626,11181
22667,11502,11165
23390,11948,11442
22885,11702,11183
22770,11574,11196
23149,11671,11478
21258,10420,10838
22546,11052,11494
23589,12319,11270
22886,11659,11227
23054,11866,11188
21067,10081,10986
20942,10096,10846
21878,10745,11133
21153,10129,11024
23089,11814,11275
23308,12143,11165
22605,11539,11066
24004,12597,11407
22824,11763,11061
23233,12013,11220
23738,12408,11330
23528,12215,11313
23041,11758,11283
22103,11005,11098
23173,11889,11284
21316,10325,10991
22208,11151,11057
23775,12581,11194
22991,11783,11208
22578,11462,11116
22102,11070,11032
23138,12001,11137
23862,12394,11468
21789,10846,10943
23454,12185,11269
22625,11307,11318
23050,11697,11353
22402,11359,11043
21791,10725,11066
23558,12013,11545
23276,11787,11489
22317,11073,11244
23406,12114,11292
22782,11518,11264
21864,10915,10949
23185,11995,11190
22834,11290,11544
22691,11677,11014
23465,12190,11275
23264,11904,11360
22145,11027,11118
22605,11366,11239
22770,11580,11190
22196,11187,11009
20662,9872,10790
22821,11596,11225
23467,12189,11278
23401,12013,11388
23051,11874,11177
23601,11980,11621
23540,12271,11269
23676,12228,11448
22510,11404,11106
22573,11525,11048
21628,10363,11265
20923,10040,10883
23040,11714,11326
22219,11196,11023
22041,11065,10976
21664,10595,11069
23351,12024,11327
21445,10228,11217
23601,12269,11332
22842,11671,11171
23318,12041,11277
22961,11738,11223
22246,10954,11292
23204,12020,11184
22595,11302,11293
22821,11603,11218
19462,8778,10684
23772,12533,11239
22070,10925,11145
21749,10585,11164
22256,10998,11258
22429,11108,11321
21917,10776,11141
22104,10827,11277
22616,11414,11202
21611,10688,10923
22316,11201,11115
23241,11967,11274
23608,12313,11295
22794,11546,11248
20658,9755,10903
23285,12095,11190
23682,12312,11370
23181,11828,11353
20974,10044,10930
21797,10592,11205
23233,11945,11288
20845,9895,10950
22978,11832,11146
23109,11804,11305
21192,10234,10958
22485,11282,11203
22947,11750,11197
22092,10970,11122
22270,10994,11276
23589,12258,11331
20130,9356,10774
23360,12153,11207
22051,10986,11065
22394,11291,11103
22824,11579,11245
23135,11875,11260
21549,10523,11026
23057,11935,11122
21740,10750,10990
23553,12333,11220
23406,12125,11281
23852,12617,11235
23234,12021,11213
22778,11563,11215
22774,11544,11230
23098,11690,11408
21710,10319,11391
22946,11609,11337
22775,11579,11196
23823,12514,11309
23018,11824,11194
21299,10191,11108
23323,12135,11188
23526,12199,11327
22762,11658,11104
23055,11751,11304
22032,11027,11005
22793,11607,11186
22698,11350,11348
22127,10931,11196
22246,11095,11151
22433,11228,11205
22772,11581,11191
23759,12426,11333
23700,12520,11180
22384,11350,11034
23753,12501,11252
22845,11765,11080
23187,12017,11170
22994,11764,11230
23097,11838,11259
22337,11015,11322
23093,11903,11190
23528,12349,11179
23418,11861,11557
22404,11304,11100
23463,11898,11565
22449,11477,10972
21926,10906,11020
23172,11985,11187
21787,10710,11077
21727,10684,11043
22545,11400,11145
23215,12000,11215
22975,11674,11301
23423,11981,11442
21281,10320,10961
23255,12029,11226
22642,11470,11172
22605,11072,11533
22764,11597,11167
22388,10929,11459
23212,11999,11213
22519,11444,11075
23755,12314,11441
22628,11573,11055
20340,9736,10604
22986,11812,11174
23631,12416,11215
23187,12031,11156
23328,12103,11225
22182,11019,11163
22359,11239,11120
22354,11082,11272
22476,11219,11257
22354,11263,11091
22141,11143,10998
23620,12383,11237
23476,12243,11233
22823,11560,11263
22914,11692,11222
23127,11876,11251
23265,11876,11389
24223,12799,11424
19175,8622,10553
23613,12278,11335
23329,12102,11227
23199,11887,11312
23915,12676,11239
23322,12129,11193
22857,11343,11514
23273,11872,11401
23448,12037,11411
23135,11790,11345
22736,11586,11150
22603,11431,11172
23021,11801,11220
21553,10328,11225
23140,11935,11205
22153,11055,11098
22805,11569,11236
22080,10950,11130
21445,10404,11041
22822,11608,11214
22826,11585,11241
23677,12424,11253
23378,12064,11314
22296,11263,11033
22966,11682,11284
22802,11598,11204
23674,12231,11443
21824,10857,10967
23128,11968,11160
23544,12422,11122
22850,11752,11098
22154,11213,10941
21651,10549,11102
23946,12561,11385
22968,11843,11125
23352,12047,11305
23277,12037,11240
23861,12569,11292
20920,10011,10909
22166,11095,11071
23280,12006,11274
22795,11620,11175
21944,10717,11227
22371,11252,11119
23036,11730,11306
22260,11085,11175
23533,12254,11279
23272,11962,11310
22849,11681,11168
23662,12391,11271
23620,12159,11461
23258,11998,11260
23510,12256,11254
23657,12271,11386
21899,10661,11238
23410,12118,11292
23476,12055,11421
19293,8836,10457
20143,9377,10766
23585,12351,11234
23762,12424,11338
23248,12022,11226
21296,10280,11016
21363,10424,10939
23313,12179,11134
21940,10882,11058
21209,10136,11073
23774,12538,11236
23314,11954,11360
23241,11772,11469
22863,11731,11132
22225,11134,11091
23146,11896,11250
23157,11932,11225
22372,11306,11066
22647,11461,11186
21856,10769,11087
21535,10511,11024
22656,11486,11170
21393,10310,11083
22513,11326,11187
22769,11656,11113
21690,10579,11111
22728,11714,11014
23028,11543,11485
22352,11204,11148
22824,11768,11056
23746,12326,11420
22067,10960,11107
23485,12290,11195
22171,11082,11089
23712,12118,11594
23520,12202,11318
21991,10576,11415
23615,12380,11235
21920,10749,11171
21784,10537,11247
22996,11776,11220
23292,12119,11173
23536,12007,11529
22556,11463,11093
23508,12157,11351
22240,11079,11161
23016,11808,11208
23229,12143,11086
23596,12238,11358
22738,11652,11086
21386,10315,11071
22218,11197,11021
22480,11239,11241
23344,11772,11572
23754,12374,11380
23178,11981,11197
21168,10139,11029
23123,11993,11130
22545,11360,11185
22295,11289,11006
23068,11960,11108
20003,9290,10713
23842,12616,11226
23545,11944,11601
23932,12620,11312
20538,9773,10765
23169,11946,11223
21025,10126,10899
21131,10011,11120
23361,12168,11193
22669,11560,11109
23859,12364,11495
22640,11432,11208
22504,11279,11225
23088,11720,11368
22711,11692,11019
22439,11359,11080
23610,12377,11233
22730,11604,11126
23088,11894,11194
22162,11000,11162
22569,11341,11228
23056,11816,11240
22680,11472,11208
22760,11483,11277
21373,10397,10976
23441,12164,11277
23443,12324,11119
23403,12153,11250
19699,9060,10639
23084,11878,11206
22620,11361,11259
22484,11320,11164
23787,12618,11169
23638,12331,11307
20947,10010,10937
23345,11894,11451
22909,11821,11088
23458,12226,11232
22771,11509,11262
23791,12432,11359
24121,12414,11707
22965,11762,11203
22806,11576,11230
22624,11254,11370
23495,12327,11168
23030,11799,11231
23375,12134,11241
22668,11479,11189
23031,11829,11202
22020,10896,11124
19322,8489,10833
21881,10786,11095
23610,12366,11244
22533,11395,11138
23274,11995,11279
23068,11840,11228
22046,11034,11012
22677,11280,11397
22697,11348,11349
23077,11977,11100
23688,12469,11219
22155,11047,11108
22138,10863,11275
23325,11944,11381
22806,11766,11040
23608,12406,11202
22077,11045,11032
22056,10897,11159
22446,11412,11034
22201,10990,11211
22252,11038,11214
22672,11584,11088
22655,11508,11147
21792,10821,10971
22113,11013,11100
22972,11812,11160
22955,11692,11263
23581,12280,11301
23018,11798,11220
23590,12246,11344
22986,11894,11092
23797,12295,11502
21996,10907,11089
23774,12326,11448
23483,12174,11309
22615,11351,11264
22964,11749,11215
22857,11611,11246
23367,11731,11636
22772,11266,11506
22923,11777,11146
22789,11563,11226
22389,11262,11127
22923,11728,11195
23387,12224,11163
22964,11697,11267
23481,12236,11245
21695,10722,10973
23539,12264,11275
23568,12205,11363
21799,10822,10977
23556,12267,11289
23166,11627,11539
22692,11594,11098
23155,11935,11220
21241,10168,11073
23312,11886,11426
22175,11016,11159
22730,11633,11097
22608,11464,11144
22179,11075,11104
22164,11086,11078
23050,11879,11171
22553,11405,11148
22223,11138,11085
22997,11732,11265
22729,11618,11111
22680,11403,11277
20021,9427,10594
23554,12283,11271
22732,11413,11319
22664,11487,11177
22838,11439,11399
23868,12637,11231
23783,12435,11348
23963,12602,11361
23351,12293,11058
23162,11616,11546
22547,11487,11060
23087,11856,11231
23057,11712,11345
22770,11586,11184
22637,11587,11050
21201,10208,10993
23276,12006,11270
23439,12172,11267
23261,12024,11237
21846,11006,10840
22645,11447,11198
21811,10756,11055
22958,11730,11228
22795,11571,11224
23306,11995,11311
23005,11851,11154
22447,11151,11296
22471,11257,11214
20752,9917,10835
22048,10989,11059
22666,11413,11253
22313,11125,11188
22594,11307,11287
23471,12222,11249
22961,11799,11162
20177,9375,10802
23319,12177,11142
22723,11599,11124
22672,11585,11087
22294,11182,11112
23445,12245,11200
22204,11107,11097
22479,11252,11227
23529,12017,11512
22872,11664,11208
20209,9319,10890
18896,8264,10632
22980,11815,11165
23389,12126,11263
22327,11165,11162
23057,11623,11434
22918,11674,11244
21839,10775,11064
22825,11671,11154
22717,11418,11299
22104,11054,11050
22193,11122,11071
24152,12727,11425
22976,11879,11097
23423,12124,11299
22114,11036,11078
23858,12494,11364
23812,12527,11285
23545,12394,11151
22554,11468,11086
23616,12235,11381
22351,11296,11055
22752,11631,11121
21993,10810,11183
23536,12290,11246
21114,10254,10860
21659,10590,11069
22886,11573,11313
23852,12599,11253
22758,11503,11255
22940,11791,11149
21511,10536,10975
22416,11239,11177
23273,11976,11297
23194,11863,11331
23024,11793,11231
23288,12102,11186
22906,11651,11255
22335,11044,11291
22407,11360,11047
23507,12176,11331
22988,11748,11240
22410,11281,11129
22257,11180,11077
23402,12151,11251
22163,11152,11011
23350,12223,11127
22106,11001,11105
21834,10841,10993
21570,10536,11034
22298,11138,11160
23027,11802,11225
22076,10758,11318
22261,11154,11107
22896,11570,11326
23149,11899,11250
23319,12134,11185
24081,12543,11538
23150,11977,11173
22707,11544,11163
23245,11925,11320
21519,10420,11099
22435,11224,11211
23317,12090,11227
21957,10638,11319
23135,11930,11205
21258,10201,11057
23033,11808,11225
23080,11794,11286
23468,12147,11321
22938,11772,11166
22767,11677,11090
22258,11249,11009
23198,12013,11185
23804,12351,11453
23750,12468,11282
22489,11461,11028
22971,11729,11242
23915,12236,11679
23669,11976,11693
23162,11910,11252
22032,10919,11113
23220,11847,11373
23583,12263,11320
23269,11975,11294
22554,11450,11104
23281,12015,11266
23007,11866,11141
22745,11645,11100
22559,11426,11133
22177,11169,11008
23449,12137,11312
23508,12374,11134
21957,10861,11096
21035,10222,10813
23751,12413,11338
22184,11044,11140
23088,11798,11290
23550,12325,11225
22511,11446,11065
22425,11257,11168
22643,11493,11150
23460,12150,11310
23299,12070,11229
21680,10703,10977
23231,12109,11122
23378,12207,11171
22445,11198,11247
21742,10732,11010
22284,11201,11083
22232,11211,11021
22873,11696,11177
22539,11414,11125
23020,11821,11199
22831,11620,11211
23749,12226,11523
23045,11834,11211
23870,12682,11188
22321,11255,11066
21342,10067,11275
21316,10254,11062
23152,11924,11228
22104,11183,10921
22870,11664,11206
23986,12710,11276
23493,12302,11191
22247,11071,11176
23415,11855,11560
23049,11666,11383
23293,11916,11377
23140,11772,11368
22816,11688,11128
22420,11389,11031
23021,11900,11121
22035,11008,11027
22519,11364,11155
22890,11646,11244
21797,10785,11012
22436,11309,11127
22093,11058,11035
23169,11880,11289
22389,11271,11118
22145,11045,11100
23370,12027,11343
23177,11916,11261
23208,11922,11286
23328,12059,11269
23266,11918,11348
21380,10422,10958
23434,12209,11225
23343,12103,11240
22045,11020,11025
22794,11642,11152
23305,12012,11293
23338,11933,11405
22795,11566,11229
23608,12287,11321
23354,12006,11348
22583,11317,11266
23732,12382,11350
21601,10619,10982
22765,11575,11190
23328,12073,11255
23552,12289,11263
22029,10768,11261
22415,11159,11256
22674,11460,11214
22239,11051,11188
23698,12267,11431
23600,12405,11195
23201,11856,11345
22247,11091,11156
21981,10742,11239
22332,11154,11178
22999,11772,11227
23438,12171,11267
23042,11992,11050
22842,11727,11115
21541,10576,10965
22917,11686,11231
22476,11375,11101
20732,9853,10879
23895,12520,11375
23992,12681,11311
21699,10747,10952
22883,11635,11248
23710,12331,11379
21828,10777,11051
22821,11645,11176
21657,10762,10895
22986,11847,11139
23226,12060,11166
22543,11312,11231
23160,12023,11137
22928,11674,11254
22948,11800,11148
23018,11483,11535
22676,11470,11206
22616,11405,11211
18402,7810,10592
22729,11498,11231
21872,10870,11002
21141,10207,10934
22652,11443,11209
22279,11204,11075
22967,11673,11294
23481,12199,11282
23701,12425,11276
22872,11710,11162
21283,10355,10928
22465,11330,11135
22597,11527,11070
23277,11946,11331
22564,11354,11210
22806,11529,11277
22839,11643,11196
22398,11301,11097
22028,10866,11162
21861,10776,11085
22151,11227,10924
21074,10054,11020
23515,12173,11342
23408,12137,11271
22687,11530,11157
21634,10635,10999
22412,11380,11032
22774,11419,11355
23451,12248,11203
23338,12049,11289
22975,11645,11330
22057,10989,11068
22411,11238,11173
23233,12007,11226
23062,11864,11198
22534,11388,11146
23234,12081,11153
23536,12341,11195
23308,12077,11231
21748,10697,11051
23156,11919,11237
23383,11907,11476
22522,11311,11211
23503,12245,11258
23486,12186,11300
21942,10874,11068
23247,11995,11252
23023,11807,11216
23831,12500,11331
22100,11058,11042
22556,11390,11166
22466,11223,11243
23553,12330,11223
23767,12446,11321
23492,12007,11485
22433,11289,11144
23281,11910,11371
22527,11441,11086
22505,11428,11077
23488,12262,11226
22194,10900,11294
21823,10546,11277
20736,9684,11052
22844,11694,11150
23128,11781,11347
20578,9634,10944
22023,10952,11071
23675,12397,11278
21244,10389,10855
22675,11495,11180
21627,10593,11034
23126,11807,11319
23057,11941,11116
22237,11277,10960
22912,11716,11196
22342,11248,11094
21736,10709,11027
21718,10661,11057
22299,11220,11079
23684,12408,11276
22953,11777,11176
23683,12383,11300
21820,10612,11208
22716,11427,11289
22962,11741,11221
23813,12522,11291
22417,11255,11162
23226,11953,11273
21214,10286,10928
21124,10127,10997
22420,11289,11131
22921,11702,11219
23167,11865,11302
23511,12279,11232
22921,11741,11180
22018,11041,10977
22885,11725,11160
22383,11067,11316
23996,12750,11246
22854,11560,11294
23689,12321,11368
21826,10832,10994
23040,11678,11362
22696,11462,11234
23539,12297,11242
22828,11581,11247
23216,11914,11302
23249,12004,11245
22827,11649,11178
22877,11541,11336
21502,10520,10982
22327,11255,11072
23627,12332,11295
22906,11794,11112
21936,10885,11051
23239,11968,11271
22256,11208,11048
23965,12575,11390
21745,10809,10936
23081,11805,11276
23617,12201,11416
23362,12069,11293
23365,12094,11271
22449,11339,11110
20883,9999,10884
23022,11863,11159
22392,11326,11066
23396,12200,11196
22163,11102,11061
22869,11696,11173
21462,10391,11071
23344,11775,11569
22878,11774,11104
24049,12407,11642
23305,12032,11273
21802,10732,11070
22327,11317,11010
23272,12011,11261
22931,11623,11308
23793,12448,11345
22378,11312,11066
22576,11360,11216
23033,11662,11371
23548,12351,11197
22859,11588,11271
23204,11949,11255
22279,11157,11122
22997,11824,11173
22088,11086,11002
23555,12075,11480
23053,11967,11086
22101,10966,11135
23237,11773,11464
22791,11531,11260
22335,11150,11185
21858,10794,11064
22382,11201,11181
21967,10879,11088
23014,11873,11141
22884,11668,11216
22857,11656,11201
23541,12245,11296
21985,10884,11101
23612,12353,11259
23518,12172,11346
22354,11122,11232
20736,9868,10868
23081,11738,11343
23215,12112,11103
23435,11975,11460
22267,11182,11085
22705,11586,11119
22124,11001,11123
22878,11457,11421
22336,11131,11205
23122,11870,11252
21813,10857,10956
23098,11953,11145
22661,11459,11202
21456,10560,10896
22652,11564,11088
22933,11724,11209
22490,11429,11061
22015,10991,11024
22888,11721,11167
22119,10956,11163
23387,12142,11245
22499,11467,11032
21886,10829,11057
21894,10778,11116
22663,11474,11189
23184,12064,11120
21925,10915,11010
21426,10432,10994
23172,12147,11025
23246,12001,11245
21606,10558,11048
23004,11852,11152
22915,11762,11153
20831,10204,10627
22750,11421,11329
23016,11895,11121
23143,11890,11253
22316,11147,11169
23137,11909,11228
23460,12127,11333
22282,10886,11396
22396,11398,10998
20620,9852,10768
22392,10906,11486
23928,12623,11305
23405,12122,11283
22682,11397,11285
22900,11657,11243
22792,11642,11150
22549,11348,11201
22813,11612,11201
22921,11691,11230
22603,11437,11166
22821,11563,11258
23511,12263,11248
23621,12345,11276
23053,11786,11267
23223,11963,11260
22658,11470,11188
23465,12301,11164
21991,11003,10988
22161,11046,11115
23244,12081,11163
22312,11240,11072
23177,11929,11248
23123,11929,11194
21543,10271,11272
22580,11386,11194
22533,11561,10972
23226,11978,11248
23080,11863,11217
23141,11968,11173
23302,12028,11274
21456,10444,11012
23437,12144,11293
23307,12072,11235
22379,11209,11170
20436,9772,10664
21459,10584,10875
23853,12504,11349
22959,11683,11276
23702,12384,11318
21679,10529,11150
23395,12176,11219
21937,10802,11135
22664,11550,11114
22466,10984,11482
22932,11657,11275
23043,11705,11338
21679,10762,10917
22475,11289,11186
22216,11096,11120
23658,12401,11257
22234,10956,11278
22909,11705,11204
22038,11018,11020
22258,10993,11265
22669,11295,11374
22961,11726,11235
23033,11859,11174
21986,11005,10981
23077,11925,11152
22055,11015,11040
22834,11786,11048
22708,11568,11140
22894,11719,11175
23548,12286,11262
22251,11184,11067
23464,12197,11267
23564,12309,11255
22857,11416,11441
23060,11535,11525
21113,10178,10935
22448,10986,11462
23078,12017,11061
22214,11113,11101
21777,10616,11161
22615,11194,11421
22568,11532,11036
23303,12124,11179
23291,12167,11124
22854,11616,11238
22812,11573,11239
23650,12477,11173
21987,10869,11118
22860,11535,11325
22931,11885,11046
22868,11790,11078
22724,11494,11230
23682,12165,11517
23023,11900,11123
21173,10210,10963
21964,10928,11036
22912,11606,11306
23543,12266,11277
23517,12050,11467
23023,11832,11191
22146,11012,11134
22937,11728,11209
23784,12164,11620
20591,9876,10715
23263,12024,11239
22939,11782,11157
23219,12041,11178
23847,12570,11277
23216,11987,11229
21462,10518,10944
23466,11989,11477
23400,11977,11423
22811,11618,11193
22369,11250,11119
22528,11412,11116
22371,11329,11042
22438,11288,11150
23003,11666,11337
22164,10953,11211
22170,11024,11146
22321,11123,11198
23096,11848,11248
23217,12017,11200
23764,12486,11278
22600,11343,11257
23541,12058,11483
22918,11829,11089
23072,11570,11502
23197,12038,11159
23400,12254,11146
22972,11613,11359
23763,12472,11291
23098,11868,11230
23122,11980,11142
20861,9845,11016
22825,11681,11144
22813,11530,11283
21311,10380,10931
23621,12182,11439
21856,10828,11028
23431,12144,11287
22443,11338,11105
21227,10273,10954
22673,11498,11175
21994,10931,11063
23731,12385,11346
22628,11453,11175
23131,12003,11128
23029,11851,11178
22036,10703,11333
22074,11031,11043
19797,8969,10828
21701,10699,11002
22112,10972,11140
21404,10285,11119
22873,11756,11117
23148,11811,11337
22566,11261,11305
23716,12292,11424
23933,12513,11420
23694,12380,11314
23547,12293,11254
21238,10266,10972
23389,11929,11460
23094,11764,11330
22535,11332,11203
22538,11230,11308
24060,12543,11517
22604,11318,11286
21561,10455,11106
23481,12053,11428
22030,10988,11042
23282,12078,11204
21490,10467,11023
22594,11656,10938
22326,11187,11139
23339,12044,11295
22930,11767,11163
22720,11542,11178
22201,11167,11034
23546,12417,11129
22119,10970,11149
23291,12134,11157
23344,11983,11361
22441,11245,11196
23880,12547,11333
23286,12128,11158
22909,11745,11164
23275,12017,11258
23132,12039,11093
22692,11667,11025
21931,10943,10988
22715,11614,11101
23243,11993,11250
23351,12169,11182
23086,11940,11146
23088,11896,11192
22382,11290,11092
22782,11480,11302
22513,11229,11284
23948,12438,11510
23015,11748,11267
21600,10610,10990
21353,10452,10901
22964,11690,11274
23709,12413,11296
22583,11608,10975
23570,12295,11275
23065,11960,11105
23283,12063,11220
23160,11769,11391
21525,10539,10986
21296,10315,10981
23355,11991,11364
22661,11385,11276
23125,11916,11209
23199,11966,11233
23251,12116,11135
23445,12191,11254
22094,11018,11076
23523,12289,11234
22886,11800,11086
22546,11460,11086
21755,10678,11077
22769,11673,11096
22631,11485,11146
22858,11642,11216
19450,8912,10538
23243,11964,11279
23537,12212,11325
23514,12111,11403
23575,12243,11332
23187,11990,11197
22685,11447,11238
22328,11268,11060
21865,10808,11057
23888,12541,11347
23021,11819,11202
23695,12454,11241
23424,12164,11260
22258,11170,11088
21740,10761,10979
21618,10471,11147
23260,11950,11310
21380,10357,11023
20503,9602,10901
22831,11614,11217
22950,11833,11117
23704,12542,11162
23313,12051,11262
23219,12029,11190
22381,11329,11052
23286,12091,11195
21779,10761,11018
23354,12152,11202
22782,11655,11127
23297,12054,11243
23521,12240,11281
22545,11400,11145
22759,11628,11131
22218,11101,11117
22000,10917,11083
23697,12373,11324
23018,11721,11297
22782,11619,11163
23681,12285,11396
23860,12505,11355
23459,12177,11282
23403,12045,11358
22696,11719,10977
22267,11127,11140
22032,10816,11216
22379,11351,11028
23526,12081,11445
23261,12061,11200
22495,11361,11134
23763,12472,11291
23169,11692,11477
22494,11305,11189
23409,12294,11115
24007,12561,11446
22491,11403,11088
23019,11897,11122
22434,11347,11087
23010,11769,11241
21461,10479,10982
23220,11916,11304
23350,12077,11273
22718,11568,11150
23443,12102,11341
22606,11443,11163
21944,10903,11041
21773,10869,10904
22469,11139,11330
22972,11657,11315
21917,10716,11201
22034,11060,10974
23960,12464,11496
23973,12630,11343
23601,12339,11262
23681,12429,11252
22692,11489,11203
22464,11336,11128
22835,11678,11157
23443,12117,11326
23531,12218,11313
23780,12541,11239
21935,10861,11074
23402,12110,11292
23646,12375,11271
22366,11279,11087
23274,12073,11201
23090,11900,11190
22097,10709,11388
22808,11608,11200
22936,11692,11244
23839,12395,11444
22594,11294,11300
21404,10395,11009
24174,12774,11400
23112,11801,11311
22534,11240,11294
21096,10196,10900
23621,12406,11215
20815,9900,10915
22842,11643,11199
23786,12475,11311
22587,11463,11124
23223,11940,11283
23076,11933,11143
21987,10856,11131
21047,10087,10960
22263,10898,11365
23944,12582,11362
23876,12600,11276
22053,10978,11075
23198,12047,11151
23115,11965,11150
22947,11810,11137
21936,10714,11222
23415,11988,11427
22643,11562,11081
22068,10934,11134
23542,12201,11341
22898,11762,11136
21428,10344,11084
22055,10946,11109
22154,11133,11021
22945,11437,11508
22318,10991,11327
23899,12322,11577
22269,11187,11082
22442,11252,11190
22964,11747,11217
23309,12158,11151
23377,12180,11197
23286,12138,11148
22157,10756,11401
22330,11171,11159
24009,12403,11606
23243,12218,11025
22965,11840,11125
23777,12447,11330
23504,12070,11434
22107,11014,11093
23105,11604,11501
22920,11724,11196
21711,10553,11158
22588,11323,11265
23908,12607,11301
23059,11854,11205
23532,12211,11321
22374,10965,11409
24115,12785,11330
22686,11617,11069
22585,11516,11069
23267,12043,11224
23484,11972,11512
22713,11594,11119
21566,10550,11016
21722,10603,11119
23074,11898,11176
22818,11641,11177
23177,11989,11188
23157,11980,11177
22166,11089,11077
23378,12141,11237
22387,11114,11273
23362,12218,11144
22559,11429,11130
21335,10447,10888
21279,10005,11274
22371,11357,11014
21567,10544,11023
23206,11928,11278
22526,11191,11335
23440,11883,11557
22782,11530,11252
22812,11692,11120
23408,11775,11633
22510,11407,11103
23371,12145,11226
22530,11256,11274
22670,11324,11346
22919,11717,11202
23437,12252,11185
22127,11032,11095
22443,11324,11119
23221,11950,11271
23507,12235,11272
23504,12311,11193
23163,12044,11119
22193,11046,11147
22347,11242,11105
23213,12022,11191
23044,11955,11089
22928,11638,11290
23693,12491,11202
22543,11361,11182
23002,11778,11224
22753,11596,11157
23229,12082,11147
22142,11092,11050
22323,11211,11112
21378,10388,10990
23036,11943,11093
22656,11551,11105
23141,11894,11247
22730,11567,11163
22970,11658,11312
23094,11887,11207
23118,11921,11197
22568,11433,11135
23454,12210,11244
22397,11295,11102
22099,10985,11114
22872,11513,11359
23177,11965,11212
23030,11906,11124
21592,10626,10966
22841,11669,11172
23136,12048,11088
21984,11010,10974
22465,11303,11162
22876,11744,11132
22541,11286,11255
21888,10904,10984
22664,11517,11147
23098,11918,11180
23013,11718,11295
23595,12038,11557
23019,11810,11209
20200,9322,10878
23474,12311,11163
23924,12496,11428
22875,11790,11085
23213,11898,11315
19843,9192,10651
23292,11852,11440
22581,11488,11093
22870,11809,11061
22359,11370,10989
22890,11708,11182
23501,12214,11287
24101,12487,11614
22249,11099,11150
23573,12245,11328
22601,11416,11185
23815,12522,11293
23121,11861,11260
23135,11793,11342
23647,12457,11190
22019,11140,10879
20845,9828,11017
21261,10291,10970
22871,11726,11145
23410,12097,11313
22442,11224,11218
23736,12385,11351
22702,11541,11161
22546,11442,11104
22029,10749,11280
23314,12001,11313
21957,10855,11102
21291,10297,10994
23186,11924,11262
22205,11251,10954
23574,12299,11275
21953,10798,11155
21942,10822,11120
23530,12252,11278
23021,11803,11218
22757,11562,11195
21550,10567,10983
22552,11404,11148
23419,12245,11174
23140,11825,11315
22531,11365,11166
22783,11650,11133
21504,10248,11256
22974,11766,11208
22949,11617,11332
22268,11026,11242
22597,11388,11209
23014,11761,11253
22989,11834,11155
21422,10342,11080
22131,11102,11029
22195,11159,11036
22653,11564,11089
22802,11436,11366
22578,11560,11018
21115,10093,11022
21506,10512,10994
21926,10972,10954
22005,10876,11129
22100,11139,10961
22404,11275,11129
23223,11940,11283
22808,11455,11353
21515,10539,10976
22530,11386,11144
22396,11292,11104
21975,10881,11094
21039,10104,10935
21902,10431,11471
22123,10990,11133
23432,12103,11329
23525,12287,11238
22087,10958,11129
20365,9545,10820
22938,11796,11142
21569,10648,10921
21965,10933,11032
23509,12191,11318
23269,11984,11285
23151,11991,11160
23462,12137,11325
22736,11651,11085
21825,10776,11049
23555,12264,11291
21966,10715,11251
22651,11342,11309
21341,10254,11087
23738,12494,11244
24009,12352,11657
23421,12252,11169
23691,12461,11230
22759,11539,11220
23429,12175,11254
23688,12325,11363
23416,12118,11298
21784,10564,11220
23192,11946,11246
23615,12367,11248
23157,11862,11295
22658,11464,11194
21949,10961,10988
24216,12615,11601
23060,11867,11193
23010,11898,11112
22105,10956,11149
21558,10589,10969
23715,12435,11280
22892,11677,11215
23017,11700,11317
23435,12000,11435
22041,10866,11175
22442,11333,11109
22846,11763,11083
23834,12408,11426
23341,12064,11277
23376,12130,11246
23660,12319,11341
22685,11500,11185
23242,12098,11144
22587,11268,11319
23456,12256,11200
22290,11102,11188
22960,11754,11206
22153,11090,11063
22890,11799,11091
22149,11032,11117
21426,10402,11024
22784,11656,11128
23175,12007,11168
23704,12421,11283
20945,10133,10812
23191,12011,11180
22429,11215,11214
23039,11671,11368
23510,12149,11361
21823,10871,10952
19937,9127,10810
23072,11838,11234
23089,11764,11325
22362,11390,10972
22704,11584,11120
22940,11766,11174
23345,12143,11202
22525,11404,11121
22536,11370,11166
22124,10959,11165
23110,11806,11304
23590,12324,11266
23181,11617,11564
23836,12592,11244
23011,11808,11203
22178,11055,11123
23657,12367,11290
22888,11662,11226
22216,11178,11038
21964,10681,11283
22875,11826,11049
21766,10785,10981
23568,12375,11193
23391,12163,11228
22882,11690,11192
21280,10334,10946
23268,11799,11469
22549,11344,11205
20163,9315,10848
20325,9441,10884
22822,11645,11177
22157,10920,11237
22208,11194,11014
22900,11767,11133
23338,12130,11208
21984,10850,11134
22206,11086,11120
20647,9797,10850
22185,10916,11269
23347,12177,11170
22536,11393,11143
21674,10602,11072
23427,12034,11393
19999,9316,10683
23029,11755,11274
23608,12438,11170
19695,9000,10695
23302,12061,11241
20153,9369,10784
20986,10126,10860
23056,11808,11248
21661,10554,11107
22734,11432,11302
23435,12260,11175
22748,11413,11335
23048,11716,11332
23176,11897,11279
23135,11840,11295
23980,12672,11308
23134,11959,11175
23583,12318,11265
22348,11242,11106
23618,12389,11229
21439,10557,10882
22313,11302,11011
20976,9977,10999
21386,10492,10894
21950,10935,11015
21545,10595,10950
23479,12301,11178
22352,11172,11180
22561,11161,11400
24021,12641,11380
22996,11875,11121
22675,11458,11217
22727,11564,11163
22143,10975,11168
22030,10945,11085
23537,12314,11223
23807,12349,11458
22923,11521,11402
22495,11449,11046
21833,10799,11034
22938,11764,11174
23059,11859,11200
22720,11472,11248
21019,10082,10937
22933,11682,11251
22341,11295,11046
21971,10934,11037
21964,10949,11015
22767,11655,11112
22617,11501,11116
23102,11866,11236
23437,12187,11250
22884,11667,11217
23656,12427,11229
20374,9331,11043
23400,12173,11227
22238,11078,11160
23085,11910,11175
21859,10769,11090
22934,11691,11243
21934,10958,10976
22226,11194,11032
22069,10976,11093
22292,11134,11158
21199,10167,11032
23115,11845,11270
23851,12629,11222
23015,11795,11220
21308,10261,11047
22948,11677,11271
23004,11820,11184
21156,9947,11209
22933,11725,11208
23641,12320,11321
22189,11114,11075
23213,11942,11271
23335,12182,11153
22237,11139,11098
22843,11631,11212
21275,10125,11150
22826,11624,11202
21305,10264,11041
22821,11573,11248
22514,11435,11079
21939,10904,11035
22459,11323,11136
23004,11873,11131
22966,11684,11282
23364,12049,11315
22690,11523,11167
21218,10397,10821
22650,11395,11255
21181,10378,10803
23207,11944,11263
23076,11875,11201
23579,12357,11222
23234,11987,11247
23115,11829,11286
22809,11570,11239
21785,10744,11041
24066,12750,11316
23427,12121,11306
22890,11829,11061
22038,11020,11018
22931,11856,11075
22623,11428,11195
21910,10989,10921
23535,12310,11225
23388,12188,11200
21574,10648,10926
21927,10901,11026
22629,11395,11234
21464,10386,11078
23663,12422,11241
22889,11563,11326
23215,11839,11376
23300,12069,11231
23444,12143,11301
21879,10707,11172
22519,11394,11125
23128,11944,11184
22779,11515,11264
22370,11271,11099
22252,11170,11082
23432,12209,11223
21678,10650,11028
23213,12026,11187
22128,11190,10938
23299,12122,11177
21806,10736,11070
22290,11027,11263
22223,11007,11216
22981,11879,11102
23985,12632,11353
22074,11080,10994
22080,11105,10975
23186,11979,11207
23228,11749,11479
23155,11776,11379
21218,9921,11297
23155,11987,11168
22526,11433,11093
23522,12205,11317
22920,11743,11177
23066,11895,11171
22437,11269,11168
22922,11670,11252
23373,12254,11119
22570,11361,11209
21986,10909,11077
21031,10002,11029
23668,12457,11211
23028,11781,11247
23217,12130,11087
22663,11316,11347
21936,10774,11162
22473,11388,11085
23145,11988,11157
20753,9850,10903
23413,12144,11269
21447,10389,11058
22428,11387,11041
23345,12141,11204
22109,10928,11181
23561,12388,11173
22451,11327,11124
22620,11482,11138
22004,10865,11139
22854,11804,11050
23660,12429,11231
22004,10866,11138
22589,11382,11207
23033,11757,11276
22395,11100,11295
22734,11613,11121
23009,11736,11273
23453,12230,11223
22870,11635,11235
21292,10236,11056
23887,12547,11340
23406,12152,11254
23150,11894,11256
21804,10707,11097
23770,12586,11184
21953,10854,11099
23257,12019,11238
22821,11688,11133
21918,10834,11084
22875,11797,11078
23476,12088,11388
22632,11402,11230
23378,12155,11223
23489,12221,11268
23006,11772,11234
23050,11740,11310
22462,11186,11276
21994,10851,11143
21131,10239,10892
23160,11903,11257
21961,10854,11107
22182,10927,11255
22957,11743,11214
21082,10195,10887
22471,11324,11147
23845,12588,11257
21428,10513,10915
22649,11592,11057
22502,11475,11027
23176,12024,11152
22687,11468,11219
21832,10872,10960
22719,11399,11320
23545,12194,11351
23183,11961,11222
22621,11429,11192
22999,11884,11115
22495,11330,11165
22881,11789,11092
23048,11932,11116
22912,11418,11494
23370,12043,11327
23672,12338,11334
23253,11829,11424
23103,11605,11498
23089,11938,11151
23467,12297,11170
23636,12324,11312
22363,11159,11204
22839,11572,11267
23046,11884,11162
21325,10218,11107
22557,11471,11086
23266,11974,11292
19681,8982,10699
22661,11563,11098
22775,11526,11249
22833,11726,11107
22561,11370,11191
21784,10731,11053
23423,12245,11178
21985,10885,11100
23108,11892,11216
22240,11083,11157
21866,10892,10974
22468,11239,11229
22981,11859,11122
23059,11866,11193
23061,11791,11270
20797,9885,10912
23022,11831,11191
23736,12452,11284
21924,10922,11002
22302,11103,11199
22606,11556,11050
23550,12200,11350
22321,11319,11002
22959,11730,11229
23053,11805,11248
23956,12626,11330
22045,10853,11192
23264,12162,11102
22579,11309,11270
21403,10529,10874
23076,11948,11128
23574,12300,11274
21951,10890,11061
23007,11735,11272
23260,12135,11125
24282,12942,11340
22956,11706,11250
21604,10470,11134
21859,10733,11126
22404,11194,11210
22925,11696,11229
23538,12407,11131
22755,11555,11200
23428,12124,11304
22613,11403,11210
23027,11603,11424
23455,12190,11265
20962,10068,10894
22940,11718,11222
21548,10571,10977
22287,11253,11034
21988,10901,11087
22611,11362,11249
23403,12167,11236
21701,10713,10988
23521,12170,11351
22162,10830,11332
22179,11133,11046
23963,12436,11527
23549,11943,11606
22358,11199,11159
22457,11344,11113
21323,10401,10922
21763,10727,11036
23194,11947,11247
23106,11864,11242
23356,11869,11487
22614,11446,11168
23624,12067,11557
22453,11390,11063
23576,12257,11319
23323,12131,11192
22266,11082,11184
22725,11605,11120
23660,12467,11193
22847,11696,11151
23490,12218,11272
23685,12460,11225
23455,12134,11321
23148,11913,11235
21784,10819,10965
22399,11246,11153
22425,11282,11143
23083,11850,11233
23487,12214,11273
20435,9556,10879
22531,11401,11130
22780,11628,11152
23400,12120,11280
21498,10478,11020
22069,10860,11209
23371,12068,11303
23457,12281,11176
21798,10792,11006
21568,10228,11340
22645,11404,11241
22416,11245,11171
23252,11986,11266
23060,11842,11218
22874,11658,11216
23110,11961,11149
23873,12211,11662
21321,10329,10992
23465,11890,11575
22796,11668,11128
21910,10861,11049
23257,12095,11162
21945,10911,11034
23069,11973,11096
23063,11758,11305
22431,11373,11058
23374,12137,11237
22036,10907,11129
21961,11031,10930
23696,12405,11291
21881,10774,11107
23305,12087,11218
23910,12507,11403
23038,11929,11109
23329,12143,11186
23400,12249,11151
23481,12344,11137
21687,10680,11007
23106,11904,11202
22067,10941,11126
23105,11955,11150
22532,11365,11167
21938,11019,10919
23446,12169,11277
22490,11193,11297
23333,12171,11162
22846,11627,11219
22501,11317,11184
21738,10702,11036
22883,11692,11191
22978,11776,11202
21366,10195,11171
23425,12161,11264
22880,11835,11045
22507,11304,11203
22480,11400,11080
21053,9934,11119
22935,11688,11247
23555,12188,11367
23745,12455,11290
23303,12113,11190
22366,11233,11133
22118,10903,11215
22376,11278,11098
22186,11090,11096
23294,11953,11341
21957,10813,11144
22046,10885,11161
23145,11768,11377
22318,11234,11084
23128,11954,11174
22103,10894,11209
23340,12034,11306
23192,11904,11288
22823,11681,11142
21644,10686,10958
23270,12058,11212
23343,12088,11255
22694,11420,11274
22530,11446,11084
22816,11539,11277
22643,11549,11094
23695,12449,11246
22229,11091,11138
22182,11105,11077
22853,11723,11130
21827,10704,11123
22473,11268,11205
22341,11219,11122
22416,11444,10972
21805,10755,11050
21620,10590,11030
23239,11981,11258
21977,10916,11061
23446,12147,11299
23074,11802,11272
23253,11906,11347
22148,11039,11109
23074,11871,11203
23376,12088,11288
22828,11701,11127
21506,10392,11114
23512,12185,11327
22674,11442,11232
23159,11913,11246
23117,11859,11258
23398,12151,11247
21903,10853,11050
21850,10958,10892
20932,9970,10962
22315,11156,11159
23703,12324,11379
23357,12150,11207
22924,11715,11209
23605,12365,11240
22407,11345,11062
23026,11937,11089
22886,11625,11261
22796,11597,11199
22383,11173,11210
23899,12424,11475
22176,11052,11124
23603,12350,11253
22994,11790,11204
22392,11391,11001
22537,11415,11122
22582,11469,11113
21739,10725,11014
22716,11521,11195
22013,10966,11047
22838,11742,11096
22544,11440,11104
22494,11339,11155
23095,11902,11193
23067,11837,11230
22923,11746,11177
22888,11586,11302
23206,12029,11177
22538,11401,11137
20974,10019,10955
21688,10675,11013
22863,11664,11199
23101,11877,11224
23158,11894,11264
23024,11814,11210
23048,11858,11190
22480,11202,11278
21959,10987,10972
21863,10588,11275
22692,11489,11203
22626,11526,11100
22439,11300,11139
23505,12218,11287
22255,11129,11126
21257,10366,10891
23629,12347,11282
21597,10535,11062
23519,12261,11258
22384,11308,11076
22568,11434,11134
23004,11816,11188
21524,10351,11173
23633,12389,11244
22909,11739,11170
20057,9287,10770
23732,12268,11464
23000,11814,11186
22691,11496,11195
22966,11730,11236
22989,11830,11159
22806,11736,11070
23937,12636,11301
23946,12668,11278
22568,11458,11110
22017,10913,11104
23432,11734,11698
23348,12049,11299
22287,11238,11049
22057,10998,11059
22419,11301,11118
23330,12035,11295
22183,11271,10912
23135,11859,11276
22106,11057,11049
22212,10845,11367
23275,12070,11205
19915,9315,10600
22650,11562,11088
22467,11157,11310
22531,11465,11066
23480,12204,11276
23716,12513,11203
22671,11555,11116
22352,11327,11025
20513,9618,10895
23128,11918,11210
22686,11549,11137
22626,11474,11152
22617,11396,11221
23356,12097,11259
22616,11369,11247
22719,11441,11278
22024,11066,10958
23805,12550,11255
22130,11016,11114
23949,12722,11227
24066,12597,11469
23425,12071,11354
23824,12531,11293
22847,11560,11287
23408,12145,11263
23051,11843,11208
22552,11416,11136
23082,11918,11164
22865,11531,11334
23565,12345,11220
23099,11829,11270
22098,10956,11142
22951,11750,11201
22948,11880,11068
22676,11536,11140
22663,11458,11205
21101,10176,10925
23434,12166,11268
23465,12168,11297
22400,11264,11136
21687,10723,10964
21406,10492,10914
22610,11428,11182
23981,12745,11236
23674,12325,11349
21922,10764,11158
22724,11623,11101
21525,10462,11063
22634,11532,11102
22492,11321,11171
22336,11180,11156
23175,11961,11214
22210,11122,11088
20552,9502,11050
22304,11199,11105
22900,11688,11212
20492,9605,10887
22478,11260,11218
23013,11755,11258
20698,9682,11016
24340,12950,11390
23472,12054,11418
23504,12245,11259
22269,11148,11121
21847,10716,11131
20855,9900,10955
21208,10163,11045
21671,10720,10951
23692,12436,11256
21840,10943,10897
23265,11997,11268
23320,12084,11236
23599,12399,11200
22937,11800,11137
21694,10642,11052
22402,11262,11140
22611,11388,11223
22234,11094,11140
22443,11305,11138
23351,12045,11306
21592,10262,11330
23460,12193,11267
22389,11235,11154
23198,11889,11309
22579,11553,11026
23062,11836,11226
22367,11315,11052
23118,11925,11193
22643,11459,11184
23334,12119,11215
22959,11709,11250
22979,11809,11170
21989,10897,11092
21562,10604,10958
22076,11030,11046
23304,12129,11175
22970,11736,11234
22717,11539,11178
22902,11526,11376
22128,11132,10996
22433,11335,11098
20753,9680,11073
23578,12292,11286
23340,12074,11266
23181,11719,11462
22506,11444,11062
23540,12337,11203
22400,11373,11027
22585,11508,11077
21124,10241,10883
22233,10986,11247
22421,11123,11298
23023,11877,11146
23758,12378,11380
22492,11263,11229
22631,11413,11218
22939,11721,11218
23377,12138,11239
21966,10742,11224
21498,10398,11100
22906,11668,11238
22721,11536,11185
21531,10629,10902
23373,12155,11218
22833,11604,11229
23061,11836,11225
22379,11192,11187
22737,11562,11175
22256,11237,11019
23661,12440,11221
24042,12805,11237
22039,10935,11104
22491,11399,11092
22937,11693,11244
21770,10789,10981
22928,11870,11058
23279,11998,11281
22561,11285,11276
22789,11630,11159
21804,10854,10950
22994,11641,11353
22118,11035,11083
23002,11846,11156
23665,12284,11381
21938,10933,11005
24012,12750,11262
22671,11478,11193
22064,10837,11227
21772,10724,11048
22162,11114,11048
23272,12032,11240
23198,11988,11210
22941,11709,11232
22308,11148,11160
22173,11146,11027
21296,10365,10931
21002,9884,11118
23604,12079,11525
23270,11956,11314
23264,12024,11240
21878,10841,11037
20860,9856,11004
22107,11094,11013
22848,11578,11270
22275,11099,11176
22391,11268,11123
22480,11398,11082
20938,9976,10962
23465,12239,11226
21584,10608,10976
22571,11526,11045
21933,10863,11070
22700,11532,11168
23352,12101,11251
23512,11894,11618
20907,10013,10894
23201,11923,11278
21359,10622,10737
22594,11547,11047
23040,11892,11148
23423,12190,11233
22488,11370,11118
22018,10820,11198
20770,9904,10866
20512,9790,10722
23367,12108,11259
23592,12351,11241
22715,11566,11149
23748,12500,11248
22539,11370,11169
22103,11118,10985
22313,11157,11156
22783,11577,11206
22341,11253,11088
23786,12463,11323
21848,10770,11078
21640,10632,11008
22735,11474,11261
22918,11814,11104
22716,11473,11243
22541,11237,11304
22946,11747,11199
21541,10532,11009
22769,11446,11323
22851,11690,11161
21697,10661,11036
22637,11508,11129
22481,11179,11302
23007,11705,11302
21876,10784,11092
22507,11532,10975
22385,11232,11153
22842,11718,11124
22551,11260,11291
23722,12192,11530
21457,10468,10989
23126,11949,11177
22688,11526,11162
23860,12459,11401
21978,10767,11211
23210,11914,11296
22865,11684,11181
24030,12577,11453
23722,12454,11268
22823,11600,11223
20960,9977,10983
22140,11130,11010
21964,10892,11072
22956,11804,11152
23048,11864,11184
22004,11007,10997
23170,11919,11251
22767,11575,11192
22964,11889,11075
21964,10894,11070
22554,11439,11115
23397,12223,11174
23526,12285,11241
22457,11175,11282
20408,9759,10649
22580,11424,11156
22389,11230,11159
22333,11055,11278
22595,11368,11227
21651,10608,11043
23365,12152,11213
23207,12072,11135
20876,9983,10893
22369,11306,11063
22835,11785,11050
22762,11702,11060
22624,11474,11150
23407,12146,11261
22976,11721,11255
23295,12203,11092
21187,10092,11095
23354,12172,11182
21821,10721,11100
23069,11884,11185
22556,11260,11296
23767,12520,11247
22513,11270,11243
22980,11695,11285
21745,10799,10946
23829,12425,11404
22741,11583,11158
23077,11800,11277
23453,12265,11188
23064,11919,11145
22388,11184,11204
22349,11122,11227
23160,11855,11305
22432,11246,11186
23175,11967,11208
22742,11670,11072
22590,11406,11184
23047,11876,11171
22825,11597,11228
23121,11840,11281
23183,11984,11199
23330,12015,11315
23105,11942,11163
21868,10927,10941
22704,11517,11187
22055,11027,11028
21498,10497,11001
23560,12334,11226
23264,12016,11248
23179,11967,11212
22066,11011,11055
22535,11329,11206
22110,11028,11082
22868,11622,11246
23092,11907,11185
21784,10725,11059
21315,10414,10901
22293,11187,11106
22498,11369,11129
22300,11195,11105
21802,10863,10939
23610,12373,11237
22868,11607,11261
20605,9845,10760
22940,11567,11373
22794,11544,11250
23233,11954,11279
21645,10645,11000
23130,11984,11146
23500,12182,11318
23231,12072,11159
23169,11886,11283
22249,11128,11121
22721,11515,11206
22350,11234,11116
21928,10710,11218
23405,12104,11301
22748,11456,11292
22917,11602,11315
21983,10796,11187
23539,12306,11233
22699,11546,11153
22603,11419,11184
23050,11845,11205
23625,12321,11304
22699,11665,11034
23489,12290,11199
20704,9896,10808
23279,12045,11234
22226,11203,11023
22039,10974,11065
22845,11574,11271
22984,11896,11088
22526,11324,11202
23268,12081,11187
22873,11647,11226
23286,12057,11229
22561,11348,11213
23093,11914,11179
22326,11149,11177
22860,11731,11129
23047,11893,11154
22869,11572,11297
22270,11310,10960
23155,11997,11158
23112,11906,11206
22504,10973,11531
22352,11248,11104
23496,12206,11290
23362,12111,11251
23607,12255,11352
22716,11642,11074
22866,11640,11226
22781,11569,11212
21951,10819,11132
23018,11773,11245
22339,11103,11236
20874,9749,11125
23279,12019,11260
22001,10845,11156
21474,10531,10943
21843,10964,10879
22700,11560,11140
22797,11588,11209
23526,12262,11264
21538,10443,11095
21447,10420,11027
22867,11640,11227
22010,10771,11239
22098,11130,10968
23648,12517,11131
23371,11983,11388
23044,11811,11233
22371,11317,11054
21428,10540,10888
23503,12206,11297
23140,11939,11201
21540,10576,10964
23170,11875,11295
23383,12094,11289
23110,11952,11158
22456,11324,11132
22291,11056,11235
23139,11971,11168
23452,12286,11166
23759,12492,11267
22870,11685,11185
22812,11507,11305
22918,11606,11312
21995,11025,10970
22602,11556,11046
23072,11882,11190
22324,11294,11030
22993,11936,11057
22132,10932,11200
22652,11447,11205
22603,11492,11111
23269,11951,11318
21212,10201,11011
22801,11536,11265
22968,11748,11220
22888,11824,11064
23130,11866,11264
21638,10535,11103
23238,12059,11179
22246,11082,11164
21957,10838,11119
22023,10999,11024
23929,12673,11256
23826,12422,11404
23205,11978,11227
22959,11758,11201
22392,11319,11073
21863,10776,11087
23361,12040,11321
22114,11109,11005
23352,12074,11278
22915,11660,11255
23157,11885,11272
23216,11994,11222
23195,11861,11334
22166,11095,11071
21814,10780,11034
22412,11401,11011
23484,12245,11239
21776,10787,10989
21214,10225,10989
21828,10772,11056
22646,11457,11189
22714,11508,11206
23084,11803,11281
22558,11399,11159
21834,10766,11068
22808,11663,11145
23348,12135,11213
22219,11098,11121
23423,12158,11265
22756,11536,11220
21758,10701,11057
22586,11460,11126
22049,10909,11140
23751,12484,11267
23768,12470,11298
22968,11805,11163
22951,11624,11327
23150,11905,11245
21078,10297,10781
23700,12427,11273
21734,10660,11074
23194,12054,11140
21758,10608,11150
22789,11632,11157
22044,11040,11004
22432,11311,11121
22720,11540,11180
23748,12464,11284
24285,12667,11618
23935,12593,11342
23345,12138,11207
23640,12272,11368
23583,12257,11326
22386,11287,11099
22330,11321,11009
21678,10642,11036
23219,12103,11116
22573,11419,11154
21916,10841,11075
22485,11299,11186
23548,12271,11277
22741,11587,11154
22677,11504,11173
23168,11908,11260
23297,12109,11188
23493,12105,11388
22563,11335,11228
22065,10973,11092
21669,10658,11011
22322,11180,11142
22594,11408,11186
23867,12545,11322
22745,11625,11120
23462,11976,11486
22781,11646,11135
22057,10916,11141
23416,12173,11243
22126,11045,11081
23660,12378,11282
23420,12289,11131
22105,11093,11012
22488,11404,11084
23080,11879,11201
23417,12087,11330
23341,12198,11143
23371,12172,11199
22481,11225,11256
22984,11667,11317
23332,12180,11152
22396,11286,11110
22694,11449,11245
22534,11416,11118
22642,11151,11491
22851,11600,11251
23011,11817,11194
22183,11165,11018
23445,12178,11267
23008,11941,11067
23321,12153,11168
24128,12689,11439
22634,11551,11083
22904,11765,11139
22910,11767,11143
21850,10780,11070
22844,11591,11253
22709,11605,11104
23844,12592,11252
23055,11815,11240
21463,10435,11028
23940,12633,11307
23184,11868,11316
23558,12276,11282
22014,10997,11017
23368,12195,11173
21168,10146,11022
23223,11911,11312
23042,11840,11202
23413,12196,11217
23573,12326,11247
23933,12471,11462
21760,10779,10981
21968,10829,11139
23068,11844,11224
23255,12014,11241
22186,10994,11192
23633,12503,11130
23042,11725,11317
21777,10724,11053
22364,11302,11062
23807,12587,11220
21737,10740,10997
22656,11548,11108
22331,10902,11429
23340,12071,11269
22344,11291,11053
23638,12250,11388
23068,11852,11216
21394,10366,11028
23128,11693,11435
23795,12504,11291
23009,11857,11152
23741,12548,11193
21663,10563,11100
22379,11340,11039
23245,12116,11129
23281,11923,11358
22823,11571,11252
23204,12015,11189
22951,11798,11153
23211,12028,11183
22841,11625,11216
23768,12505,11263
22235,11171,11064
22876,11584,11292
23336,12114,11222
22891,11689,11202
22357,11197,11160
22715,11528,11187
23036,11882,11154
23774,12592,11182
23941,12411,11530
22356,11255,11101
22328,11171,11157
22847,11617,11230
22821,11616,11205
23253,12008,11245
22907,11569,11338
22883,11653,11230
22324,11303,11021
22593,11369,11224
22075,11048,11027
21756,10747,11009
23349,11853,11496
23896,12595,11301
22733,11573,11160
21594,10669,10925
23060,11815,11245
23663,12342,11321
22346,11218,11128
20549,9557,10992
21577,10606,10971
21455,10473,10982
22358,11265,11093
22623,11481,11142
23075,11926,11149
21435,10446,10989
22871,11690,11181
23295,12188,11107
23578,12349,11229
22378,11326,11052
23764,12496,11268
24084,12469,11615
23411,12112,11299
22018,10992,11026
22693,11510,11183
23679,12353,11326
22378,11217,11161
21789,10801,10988
22048,10918,11130
23372,12241,11131
22468,11380,11088
22011,10941,11070
19616,8925,10691
22341,10919,11422
22329,11226,11103
21586,10563,11023
21910,11013,10897
22655,11479,11176
22610,11475,11135
19382,8578,10804
23693,12396,11297
22389,11224,11165
22644,11447,11197
23204,12045,11159
23557,12290,11267
22737,11700,11037
22507,11383,11124
22501,11364,11137
23107,11925,11182
24126,12693,11433
23290,11979,11311
22496,11291,11205
22799,11642,11157
23358,12078,11280
23179,11909,11270
23171,11936,11235
23359,12143,11216
22729,11630,11099
22778,11571,11207
22074,11047,11027
20728,9779,10949
22507,11424,11083
23023,11824,11199
22424,11147,11277
23296,12023,11273
23037,11887,11150
22485,11360,11125
24020,12686,11334
22918,11559,11359
20728,9881,10847
22896,11644,11252
22338,11273,11065
22857,11552,11305
23223,11872,11351
22370,11357,11013
22857,11699,11158
21819,10925,10894
20615,9609,11006
23145,11995,11150
23968,12732,11236
21506,10498,11008
23073,11863,11210
23121,11860,11261
22864,11644,11220
21477,10695,10782
20918,10242,10676
23080,11790,11290
23485,12106,11379
21946,10917,11029
22539,11306,11233
21958,10935,11023
23056,11837,11219
22546,11371,11175
22528,11384,11144
22538,11510,11028
19157,8628,10529
22277,11208,11069
23402,12032,11370
22630,11452,11178
22634,11480,11154
21869,10813,11056
22628,11455,11173
23125,11950,11175
21985,11135,10850
21488,10542,10946
23669,12409,11260
21591,10633,10958
23854,12567,11287
22371,11260,11111
23492,12298,11194
23265,12097,11168
22852,11672,11180
22796,11595,11201
21688,10651,11037
21640,10569,11071
21585,10622,10963
22949,11899,11050
23098,12016,11082
22462,11382,11080
23721,12439,11282
23127,11875,11252
22981,11887,11094
22710,11606,11104
23225,12016,11209
23252,11898,11354
23541,12354,11187
23331,12127,11204
23598,12429,11169
21168,10059,11109
23137,12013,11124
23391,12241,11150
22077,11136,10941
22170,11195,10975
22538,11438,11100
22641,11517,11124
22292,11173,11119
22878,11712,11166
23085,11867,11218
23033,11859,11174
21579,10502,11077
22140,11047,11093
22396,11240,11156
21175,10212,10963
22944,11793,11151
22727,11361,11366
22766,11588,11178
23812,12408,11404
23277,11914,11363
22652,11508,11144
23183,11870,11313
21296,10428,10868
23073,11924,11149
21342,10317,11025
23343,12009,11334
23519,12265,11254
22435,11192,11243
22737,11523,11214
20228,9240,10988
23040,11823,11217
23691,12373,11318
22791,11685,11106
22943,11782,11161
21532,10489,11043
22625,11472,11153
23433,12214,11219
21858,10709,11149
22715,11656,11059
21679,10693,10986
22921,11653,11268
21692,10736,10956
23395,12222,11173
22973,11843,11130
22646,11439,11207
22971,11771,11200
23187,11961,11226
22339,11149,11190
21916,10882,11034
22315,11128,11187
22647,11484,11163
22749,11517,11232
23298,12070,11228
21702,10718,10984
22208,11064,11144
22663,11444,11219
21832,10718,11114
23203,11885,11318
21824,10770,11054
21176,10375,10801
22480,11356,11124
23199,12043,11156
21195,10298,10897
21682,10602,11080
23752,12440,11312
23117,11737,11380
23022,11959,11063
22768,11544,11224
23883,12592,11291
21146,10183,10963
22338,11223,11115
23104,11734,11370
23097,11823,11274
22953,11813,11140
22298,11193,11105
22464,11369,11095
22304,11151,11153
23052,11798,11254
20314,9403,10911
23346,11981,11365
21901,10910,10991
22067,10878,11189
21965,10872,11093
22594,11391,11203
21623,10494,11129
23711,12363,11348
23032,11895,11137
22350,11200,11150
20822,9938,10884
18417,8024,10393
22809,11753,11056
23557,12415,11142
23177,11977,11200
21599,10390,11209
23351,11986,11365
22808,11668,11140
22781,11568,11213
23167,12039,11128
23021,11835,11186
22409,11194,11215
23757,12437,11320
21756,10762,10994
23391,12066,11325
22519,11244,11275
23025,11865,11160
23704,12462,11242
22393,11239,11154
22576,11306,11270
24097,12732,11365
22116,11109,11007
22956,11812,11144
22633,11428,11205
23682,12341,11341
22270,11195,11075
23374,12227,11147
21226,10086,11140
22937,11840,11097
21638,10608,11030
23445,12136,11309
22594,11516,11078
23329,12086,11243
21499,10492,11007
23210,11871,11339
23221,11951,11270
23602,12409,11193
22541,11245,11296
22583,11410,11173
21957,10910,11047
23513,12264,11249
22802,11572,11230
22692,11481,11211
23420,12190,11230
22315,11083,11232
21418,10589,10829
23670,12278,11392
22962,11662,11300
21134,10293,10841
23550,12254,11296
22569,11476,11093
22758,11685,11073
22980,11729,11251
23284,12150,11134
23091,11912,11179
22589,11458,11131
23081,11959,11122
23489,12208,11281
22883,11728,11155
23446,12050,11396
23956,12550,11406
22767,11634,11133
22287,11073,11214
22080,10993,11087
23706,12509,11197
23083,11840,11243
22285,11161,11124
23665,12439,11226
23077,11903,11174
22618,11411,11207
23359,12025,11334
23802,12445,11357
23311,11972,11339
21139,10058,11081
22416,11345,11071
22217,11120,11097
21395,10425,10970
23036,11890,11146
22249,11044,11205
23180,12016,11164
21778,10848,10930
24003,12604,11399
22755,11521,11234
21054,10288,10766
23280,11986,11294
22358,11212,11146
21968,10882,11086
21737,10564,11173
20041,9243,10798
22979,11876,11103
21130,10121,11009
22711,11487,11224
23853,12454,11399
22525,11363,11162
23189,12012,11177
23054,11767,11287
23407,12197,11210
22961,11799,11162
23050,11816,11234
22601,11499,11102
23410,12178,11232
22039,10900,11139
22468,11423,11045
23017,11907,11110
23268,11987,11281
22051,10941,11110
23619,12296,11323
23545,12399,11146
23554,12273,11281
23056,11796,11260
22912,11722,11190
23035,11715,11320
23152,11917,11235
22978,11899,11079
22997,11864,11133
23010,11790,11220
24018,12800,11218
21684,10761,10923
22783,11571,11212
22196,11066,11130
23270,12121,11149
22587,11492,11095
23228,11823,11405
23497,12182,11315
23231,12079,11152
22759,11604,11155
22633,11418,11215
23445,12216,11229
23438,12126,11312
22635,11563,11072
23443,12282,11161
22537,11373,11164
22108,11138,10970
22513,11327,11186
22891,11679,11212
22993,11755,11238
23312,12214,11098
21493,10649,10844
23224,12060,11164
22548,11417,11131
21568,10498,11070
22507,11500,11007
22153,11080,11073
21970,10910,11060
21790,10702,11088
22909,11598,11311
23576,12346,11230
22305,11182,11123
22022,10893,11129
21755,10814,10941
23257,12085,11172
23356,12177,11179
21829,10830,10999
23050,11817,11233
23564,12331,11233
22479,11474,11005
22517,11344,11173
22727,11589,11138
23052,11765,11287
23111,11861,11250
21241,10337,10904
22784,11674,11110
22134,11102,11032
23620,12371,11249
22401,11249,11152
22837,11686,11151
22207,11152,11055
23678,12477,11201
23491,12202,11289
21730,10632,11098
21521,10635,10886
22791,11696,11095
22433,11315,11118
22260,11166,11094
23545,12305,11240
22308,11221,11087
21194,10501,10693
22583,11408,11175
22077,11089,10988
22736,11631,11105
23326,12124,11202
23047,11814,11233
23158,12034,11124
21459,10387,11072
20151,9349,10802
21696,10523,11173
23320,12051,11269
22277,11249,11028
22709,11712,10997
23078,11798,11280
22681,11543,11138
22507,11256,11251
21417,10406,11011
22958,11811,11147
23145,11978,11167
23072,11979,11093
22555,11393,11162
22879,11740,11139
22921,11613,11308
23262,11857,11405
22824,11621,11203
21744,10677,11067
22817,11678,11139
22759,11589,11170
22693,11456,11237
24152,12625,11527
23888,12572,11316
22930,11726,11204
22799,11723,11076
22563,11423,11140
22761,11541,11220
22703,11649,11054
23544,12163,11381
23128,11946,11182
21445,10496,10949
22829,11683,11146
21494,10467,11027
22558,11331,11227
22371,11202,11169
22550,11437,11113
22303,11065,11238
23668,12485,11183
22841,11596,11245
23926,12708,11218
23270,12054,11216
22483,11336,11147
23514,12278,11236
22922,11666,11256
23200,12066,11134
22243,11208,11035
22849,11703,11146
22238,11131,11107
22193,11086,11107
23386,12154,11232
23112,11894,11218
22357,11345,11012
22580,11459,11121
23601,12256,11345
23153,11959,11194
22440,11214,11226
23283,11913,11370
23330,12158,11172
22919,11685,11234
20901,9916,10985
22611,11447,11164
20666,9677,10989
23844,12612,11232
23096,11914,11182
21727,10747,10980
23423,12277,11146
22667,11461,11206
23608,12252,11356
22315,11054,11261
22299,11169,11130
22746,11525,11221
23319,12034,11285
22673,11541,11132
22127,10935,11192
21437,10506,10931
23483,12272,11211
23749,12407,11342
23827,12419,11408
23725,12489,11236
22778,11562,11216
21474,10684,10790
21343,10288,11055
23539,12306,11233
21894,10866,11028
23113,11910,11203
23033,11874,11159
21777,10721,11056
20213,9479,10734
23194,11914,11280
22398,11235,11163
23336,12101,11235
22509,11379,11130
22602,11504,11098
22199,11057,11142
23341,12041,11300
23056,11919,11137
23459,12190,11269
22886,11789,11097
23063,11939,11124
23908,12623,11285
22121,10986,11135
23464,12117,11347
23448,12195,11253
21589,10599,10990
23146,11953,11193
21942,10747,11195
22233,11101,11132
23667,12388,11279
23479,12198,11281
22242,11136,11106
22982,11764,11218
22692,11519,11173
22867,11741,11126
22974,11701,11273
22710,11540,11170
20020,9395,10625
23956,12723,11233
22748,11547,11201
22975,11772,11203
23211,11951,11260
23399,12234,11165
21520,10611,10909
23378,12206,11172
23083,11839,11244
22555,11450,11105
22807,11581,11226
22507,11299,11208
23254,12142,11112
21039,10078,10961
23162,11931,11231
20884,10020,10864
22942,11721,11221
22774,11576,11198
21671,10690,10981
22773,11605,11168
23023,11836,11187
22239,11189,11050
23463,12293,11170
22352,11180,11172
23188,11915,11273
21613,10603,11010
23811,12518,11293
21437,10547,10890
22885,11805,11080
22973,11830,11143
23154,11857,11297
22235,11060,11175
23906,12673,11233
22317,11218,11099
22578,11379,11199
22363,11136,11227
23222,11974,11248
21731,10852,10879
22703,11613,11090
22865,11593,11272
21226,10258,10968
23823,12481,11342
23609,12444,11165
21933,10766,11167
22957,11776,11181
21638,10712,10926
23065,11444,11621
20952,9835,11117
22937,11683,11254
23292,12231,11061
23022,11881,11141
23050,11975,11075
23277,11744,11533
22112,10959,11153
23693,12448,11245
22479,11339,11140
22248,11106,11142
23185,11736,11449
22479,11334,11145
22872,11717,11155
22174,11054,11120
23414,12157,11257
22807,11557,11250
22592,11426,11166
23711,12386,11325
23307,12028,11279
22018,10874,11144
23012,11794,11218
22430,11336,11094
23734,12586,11148
21382,10422,10960
22188,11184,11004
22953,11746,11207
23404,12131,11273
22755,11553,11202
22516,11485,11031
22722,11525,11197
21463,10542,10921
23214,12008,11206
23316,12091,11225
21975,10823,11152
22211,11068,11143
23606,12350,11256
22411,11332,11079
21951,10850,11101
21653,10546,11107
23487,12059,11428
23583,12046,11537
21300,10218,11082
23489,12175,11314
22501,11406,11095
21460,10453,11007
22935,11707,11228
22241,11073,11168
22245,11204,11041
22856,11701,11155
22249,11058,11191
23623,12340,11283
22194,11082,11112
22413,11224,11189
22914,11756,11158
24037,12658,11379
23373,12104,11269
22783,11672,11111
21235,10224,11011
22514,11335,11179
22128,11109,11019
23347,12000,11347
21426,10666,10760
22610,11428,11182
22370,11280,11090
22141,11040,11101
24060,12728,11332
22804,11588,11216
22064,10969,11095
22088,11002,11086
21688,10790,10898
23462,12256,11206
22238,11186,11052
22050,11011,11039
23513,12165,11348
21495,10594,10901
21401,10492,10909
23368,12195,11173
23356,12121,11235
23542,12242,11300
22005,10813,11192
23753,12443,11310
23827,12487,11340
21987,10874,11113
22923,11803,11120
23513,12230,11283
21886,10868,11018
23590,12234,11356
21429,10504,10925
22007,10961,11046
23041,11892,11149
22969,11777,11192
22946,11781,11165
22466,11374,11092
23167,12024,11143
23447,12226,11221
23142,11819,11323
21678,10700,10978
23035,11894,11141
23387,12211,11176
22856,11704,11152
23330,12033,11297
21355,10454,10901
21413,10516,10897
21896,10850,11046
23042,11831,11211
20847,9944,10903
23157,11707,11450
21391,10415,10976
21903,10770,11133
21719,10619,11100
23748,12535,11213
22842,11582,11260
21747,10732,11015
21698,10632,11066
22392,11182,11210
22254,11178,11076
22278,11110,11168
23230,12017,11213
23922,12652,11270
23140,12018,11122
22458,11367,11091
23218,12047,11171
22867,11730,11137
23193,12051,11142
22967,11781,11186
22948,11780,11168
23843,12641,11202
22932,11753,11179
23400,12199,11201
23694,12481,11213
22994,11930,11064
22859,11682,11177
22595,11504,11091
23529,12276,11253
23182,11968,11214
22777,11531,11246
23004,11866,11138
22474,11260,11214
22935,11700,11235
23161,11941,11220
22249,11174,11075
22750,11478,11272
24007,12693,11314
23618,12316,11302
22248,11224,11024
23888,12359,11529
22671,11441,11230
22487,11379,11108
23445,12231,11214
21602,10658,10944
21610,10653,10957
23629,12389,11240
23034,11858,11176
20931,10108,10823
22857,11778,11079
22236,11027,11209
23617,12296,11321
22448,11168,11280
23849,12583,11266
22764,11626,11138
22743,11563,11180
21515,10514,11001
23657,12316,11341
21660,10790,10870
22302,11250,11052
21852,10838,11014
22686,11449,11237
22073,10674,11399
22418,11221,11197
22256,11094,11162
22465,11478,10987
23233,12090,11143
22501,11130,11371
23628,12252,11376
22250,11119,11131
22620,11374,11246
23209,12020,11189
23059,11885,11174
24075,12775,11300
22477,11395,11082
22505,11361,11144
22369,11159,11210
23221,11870,11351
22979,11771,11208
23704,12368,11336
23714,12379,11335
23095,11797,11298
22073,11125,10948
22460,11304,11156
23261,12026,11235
22138,11118,11020
21078,10138,10940
22504,11348,11156
22231,11048,11183
23634,12296,11338
22392,11319,11073
22722,11633,11089
23738,12442,11296
22885,11534,11351
21714,10722,10992
20732,9874,10858
23149,11932,11217
22373,11375,10998
22243,11175,11068
22245,11131,11114
22321,11192,11129
22938,11714,11224
22668,11610,11058
23191,11884,11307
21551,10495,11056
22727,11572,11155
23073,11934,11139
22818,11603,11215
22099,10866,11233
21221,10144,11077
22707,11557,11150
22187,11082,11105
23762,12484,11278
22571,11457,11114
20548,9593,10955
22880,11740,11140
21901,10882,11019
22845,11586,11259
23042,11848,11194
23584,12208,11376
23345,12024,11321
22441,11366,11075
21922,10933,10989
22166,11129,11037
22956,11781,11175
21776,10815,10961
22904,11745,11159
23291,12101,11190
23538,12324,11214
20968,10103,10865
22871,11682,11189
22584,11487,11097
23680,12474,11206
22241,11189,11052
22972,11773,11199
22665,11498,11167
23896,12526,11370
23094,11851,11243
23509,12279,11230
23281,12047,11234
21998,11058,10940
22747,11633,11114
22540,11330,11210
22933,11680,11253
23413,12211,11202
23090,11874,11216
23497,12213,11284
22308,11309,10999
23104,11920,11184
23192,11901,11291
23401,12137,11264
22988,11755,11233
22382,11415,10967
23586,12278,11308
23089,11776,11313
23492,12330,11162
22707,11550,11157
22822,11588,11234
22760,11713,11047
22619,11454,11165
23024,11904,11120
23915,12677,11238
23536,12320,11216
23399,11996,11403
23077,11866,11211
22349,11131,11218
22047,10861,11186
20801,9971,10830
20847,10099,10748
22842,11704,11138
22726,11563,11163
22226,11095,11131
23748,12529,11219
21431,10564,10867
23239,11978,11261
21713,10817,10896
23614,12336,11278
23290,12010,11280
23527,12214,11313
22101,11049,11052
22490,11177,11313
22933,11741,11192
22245,11120,11125
22566,11277,11289
22965,11775,11190
22147,11068,11079
21498,10473,11025
22316,11158,11158
22195,11137,11058
23065,11871,11194
22685,11674,11011
23448,12220,11228
22465,11188,11277
23530,12305,11225
22064,10919,11145
23489,12302,11187
23520,12183,11337
21757,10665,11092
22549,11502,11047
23106,11847,11259
22153,11010,11143
22240,11082,11158
23229,12092,11137
22870,11509,11361
22148,11023,11125
22025,11018,11007
22674,11613,11061
22648,11407,11241
22665,11491,11174
22706,11677,11029
21963,10831,11132
22699,11432,11267
23320,12249,11071
23040,11874,11166
23647,12484,11163
22842,11685,11157
22989,11846,11143
21424,10399,11025
23191,12072,11119
21823,10752,11071
23549,12315,11234
23618,12306,11312
19864,9283,10581
23127,11789,11338
19896,9133,10763
23707,12382,11325
22857,11686,11171
22874,11772,11102
22127,11015,11112
23662,12286,11376
22866,11647,11219
23907,12650,11257
23504,12224,11280
22655,11554,11101
23127,12022,11105
21344,10384,10960
22557,11453,11104
23380,12123,11257
22831,11554,11277
23422,12162,11260
23313,11813,11500
23777,12519,11258
23027,11822,11205
22897,11659,11238
23369,12183,11186
22388,11306,11082
22055,10883,11172
21866,10747,11119
23224,12011,11213
23349,12143,11206
23518,12279,11239
23236,12121,11115
22490,11331,11159
22514,11345,11169
23749,12587,11162
23739,12448,11291
23214,12027,11187
22782,11653,11129
23032,11923,11109
21289,10326,10963
23714,12523,11191
22834,11630,11204
21445,10374,11071
23559,12327,11232
23960,12672,11288
23760,12476,11284
22932,11769,11163
23771,12488,11283
21905,11051,10854
22767,11601,11166
23133,11828,11305
21316,10350,10966
22965,11760,11205
22922,11724,11198
23070,11873,11197
22375,11209,11166
23379,12204,11175
23203,11984,11219
22527,11302,11225
22812,11643,11169
23338,12118,11220
23387,12132,11255
20746,9882,10864
23627,12378,11249
22036,10874,11162
23776,12504,11272
23548,12182,11366
23618,12464,11154
21725,10662,11063
23529,12246,11283
23791,12452,11339
23058,11794,11264
23494,12278,11216
22914,11754,11160
23532,12235,11297
22532,11314,11218
22763,11511,11252
22324,11180,11144
22756,11474,11282
22698,11528,11170
23191,12004,11187
22963,11830,11133
22222,11088,11134
21637,10614,11023
20531,9656,10875
22332,11201,11131
22957,11747,11210
23813,12631,11182
22621,11377,11244
22898,11693,11205
19414,8937,10477
22387,11196,11191
24131,12825,11306
23274,11889,11385
22555,11376,11179
22612,11231,11381
23077,11556,11521
23954,12299,11655
22841,11616,11225
23659,12364,11295
23703,12374,11329
23684,12383,11301
22684,11588,11096
23499,12281,11218
22426,11253,11173
23385,12151,11234
22349,11204,11145
23302,11977,11325
23061,11802,11259
22823,11545,11278
23172,12065,11107
23624,12339,11285
22976,11862,11114
22329,11286,11043
22888,11722,11166
22327,11163,11164
22899,11649,11250
22350,11175,11175
22402,11269,11133
23128,11782,11346
23334,12137,11197
23180,11945,11235
22612,11482,11130
21910,10879,11031
23225,12024,11201
23503,12210,11293
21640,10656,10984
23334,12050,11284
22460,11333,11127
22846,11696,11150
23344,12058,11286
23874,12582,11292
23143,11976,11167
23737,12485,11252
21751,10849,10902
23267,12030,11237
23087,11910,11177
21881,10827,11054
23032,11752,11280
21193,10118,11075
22102,11208,10894
21724,10562,11162
21901,10820,11081
23022,11682,11340
22068,11066,11002
22408,11266,11142
23341,12013,11328
22576,11473,11103
22551,11425,11126
21992,10963,11029
22509,11232,11277
23215,11875,11340
21494,10487,11007
21535,10478,11057
23304,12206,11098
22320,11262,11058
21764,10709,11055
23015,11878,11137
21958,10974,10984
23204,11964,11240
19771,8869,10902
23147,12000,11147
22861,11658,11203
24026,12651,11375
21284,10259,11025
22728,11598,11130
22819,11557,11262
22852,11719,11133
23062,11713,11349
21926,10856,11070
22794,11713,11081
23533,12192,11341
23519,12343,11176
23047,11866,11181
22116,10982,11134
22648,11519,11129
23152,11924,11228
23268,12053,11215
22565,11492,11073
22949,11808,11141
24335,12736,11599
22886,11677,11209
21627,10509,11118
22755,11345,11410
23438,12226,11212
21967,10886,11081
22402,11269,11133
22178,11262,10916
23657,12430,11227
23434,12138,11296
23254,12118,11136
22237,11245,10992
22347,11108,11239
22729,11648,11081
23021,11821,11200
22529,11476,11053
22217,11084,11133
22610,11428,11182
23283,12022,11261
22848,11662,11186
21551,10579,10972
23360,12152,11208
23495,12366,11129
22902,11661,11241
22928,11691,11237
23358,12101,11257
21658,10570,11088
23424,12247,11177
23447,12245,11202
23108,11889,11219
22831,11630,11201
23330,12080,11250
22779,11620,11159
22354,11308,11046
22265,11113,11152
23130,11962,11168
22951,11743,11208
22386,11342,11044
23376,12166,11210
23014,11739,11275
22533,11398,11135
23294,12104,11190
23512,12251,11261
22814,11667,11147
23421,12146,11275
22321,11248,11073
21469,10619,10850
23631,12377,11254
22268,11280,10988
21649,10602,11047
21530,10482,11048
23721,12466,11255
22577,11319,11258
21181,10153,11028
23268,11878,11390
23354,12215,11139
23491,12276,11215
22619,11504,11115
21490,10411,11079
23578,12207,11371
20602,9774,10828
23176,11962,11214
20967,10067,10900
21034,10172,10862
23060,11798,11262
22329,10786,11543
23222,11951,11271
20169,9482,10687
23604,12337,11267
21019,10297,10722
23506,12271,11235
22696,11497,11199
23594,12246,11348
20771,9896,10875
22061,11003,11058
22630,11347,11283
22941,11782,11159
22024,10926,11098
23087,11939,11148
23535,12286,11249
22252,11160,11092
22843,11717,11126
23213,11962,11251
22108,10986,11122
22465,11372,11093
22892,11739,11153
22852,11586,11266
23565,12273,11292
21333,10400,10933
23476,12261,11215
22032,11024,11008
22749,11616,11133
22983,11870,11113
23131,11920,11211
22953,11710,11243
22737,11554,11183
23224,12020,11204
23499,12236,11263
23733,12439,11294
21139,10248,10891
22772,11585,11187
20798,10041,10757
22781,11591,11190
23455,12230,11225
22761,11612,11149
22480,11360,11120
23095,11883,11212
23210,12032,11178
23888,12570,11318
23254,12175,11079
22159,11105,11054
23271,12039,11232
22201,11037,11164
21089,10231,10858
22023,10871,11152
21515,10323,11192
23373,12217,11156
22532,11368,11164
23892,12620,11272
22971,11751,11220
20869,9985,10884
22366,11210,11156
22759,11679,11080
23045,11938,11107
23110,11871,11239
23008,11815,11193
22334,11273,11061
22831,11672,11159
23823,12604,11219
23396,12163,11233
22140,11022,11118
22722,11511,11211
22538,11439,11099
23083,11741,11342
22208,11061,11147
22506,11083,11423
21676,10767,10909
23316,12100,11216
22143,11175,10968
22180,11123,11057
23062,11874,11188
22944,11695,11249
22075,10967,11108
22384,11208,11176
22922,11713,11209
22934,11635,11299
22198,11135,11063
23282,12152,11130
23449,12224,11225
23045,11765,11280
22945,11774,11171
23286,12155,11131
23142,12065,11077
21828,10687,11141
20291,9371,10920
23083,11867,11216
22693,11481,11212
22559,11567,10992
22680,11494,11186
22242,11183,11059
22940,11715,11225
22455,11404,11051
23070,11923,11147
22481,11338,11143
21595,10546,11049
21000,9873,11127
23282,12025,11257
22510,11395,11115
23531,12224,11307
22572,11448,11124
22686,11531,11155
22467,11233,11234
20211,9482,10729
23697,12535,11162
21440,10413,11027
22359,11113,11246
23361,12206,11155
22784,11673,11111
22667,11522,11145
22028,10869,11159
21933,10884,11049
20719,10045,10674
22529,11374,11155
22447,11305,11142
21740,10701,11039
22817,11600,11217
23295,12000,11295
22846,11746,11100
23432,12226,11206
23416,12195,11221
22863,11801,11062
22137,11089,11048
22944,11756,11188
22586,11394,11192
23555,12290,11265
23566,12303,11263
23014,11770,11244
23241,12015,11226
23650,12312,11338
22761,11566,11195
23156,11899,11257
22629,11449,11180
23168,12020,11148
22962,11830,11132
23085,11820,11265
21572,10590,10982
22027,10903,11124
21301,10197,11104
23737,12487,11250
23183,11953,11230
22777,11544,11233
23143,11946,11197
23533,12273,11260
23513,12259,11254
22603,11491,11112
19470,8970,10500
22052,11069,10983
22568,11341,11227
21079,9816,11263
23279,12071,11208
23390,12133,11257
22663,11484,11179
22848,11633,11215
22388,11317,11071
22052,11131,10921
23508,12273,11235
23212,11898,11314
22424,11301,11123
23812,12550,11262
23141,11864,11277
23232,12133,11099
21956,10801,11155
22550,11382,11168
23437,12217,11220
22444,11311,11133
23281,12059,11222
22077,10992,11085
21443,10595,10848
23229,11932,11297
22592,11567,11025
21730,10566,11164
22712,11539,11173
22336,11273,11063
22939,11722,11217
23647,12368,11279
21792,10776,11016
23079,11750,11329
22597,11470,11127
23326,12155,11171
22257,11057,11200
23443,12120,11323
22429,11331,11098
22157,10901,11256
23468,12282,11186
22309,11317,10992
23675,12330,11345
22274,11200,11074
23931,12600,11331
23510,12207,11303
23126,11869,11257
23953,12658,11295
22727,11616,11111
23388,12140,11248
22408,11224,11184
23282,11815,11467
21257,10287,10970
22784,11501,11283
21829,10732,11097
22186,11163,11023
21478,10426,11052
22840,11637,11203
23028,11867,11161
22763,11532,11231
22225,11123,11102
23162,11910,11252
23534,12248,11286
23006,11720,11286
22716,11395,11321
23848,12558,11290
23351,12077,11274
22001,10996,11005
23422,12208,11214
23004,11817,11187
22376,11097,11279
22017,10801,11216
22312,11161,11151
22376,11206,11170
22367,11175,11192
22522,11272,11250
23247,11996,11251
23645,12235,11410
22519,11330,11189
23570,12267,11303
22982,11658,11324
22202,11080,11122
23333,12068,11265
23554,12294,11260
23243,11951,11292
21986,11025,10961
23862,12525,11337
21494,10462,11032
22654,11323,11331
22128,10985,11143
22199,11067,11132
23315,11977,11338
23391,12126,11265
22707,11555,11152
21848,10672,11176
23484,12298,11186
22644,11575,11069
23704,12426,11278
22854,11725,11129
23142,11974,11168
23077,11943,11134
23548,12295,11253
21658,10661,10997
23595,12302,11293
23583,12348,11235
22978,11801,11177
22355,11209,11146
21023,9952,11071
23080,11919,11161
23082,11873,11209
23092,11953,11139
23443,12171,11272
22517,11401,11116
21922,10777,11145
22038,10932,11106
24041,12711,11330
21186,10276,10910
23623,12392,11231
23510,12384,11126
23832,12474,11358
22431,11413,11018
21381,10331,11050
22518,11387,11131
23420,12158,11262
23218,12021,11197
22491,11392,11099
22553,11428,11125
24025,12660,11365
23162,11939,11223
22869,11698,11171
22392,11418,10974
23551,12158,11393
23669,12053,11616
22702,11536,11166
23231,12099,11132
22878,11666,11212
21573,10441,11132
23444,12179,11265
22893,11699,11194
23851,12617,11234
23085,11624,11461
22362,11147,11215
22509,11270,11239
23297,12022,11275
21853,10761,11092
23066,11946,11120
22752,11517,11235
21966,10915,11051
22227,11106,11121
23426,12143,11283
23627,12365,11262
20399,9550,10849
23391,12122,11269
22177,11186,10991
22977,11738,11239
22811,11638,11173
22049,11003,11046
22290,11200,11090
22148,11073,11075
21889,10885,11004
23037,11809,11228
22470,11276,11194
21441,10574,10867
23416,12182,11234
22756,11569,11187
21463,10386,11077
22281,11360,10921
22228,11047,11181
22644,11562,11082
22062,11009,11053
23065,11766,11299
21746,10791,10955
22713,11506,11207
23054,11756,11298
22125,10965,11160
21804,10819,10985
23575,12235,11340
21323,10232,11091
20875,9996,10879
23473,12186,11287
23830,12562,11268
23884,12683,11201
21641,10581,11060
23080,11908,11172
23471,12093,11378
22747,11457,11290
23251,11980,11271
23159,11939,11220
23144,11996,11148
21468,10580,10888
21782,10783,10999
23790,12542,11248
22115,11143,10972
22012,10986,11026
22723,11596,11127
23803,12525,11278
23208,12056,11152
21932,10850,11082
23314,12044,11270
22288,11138,11150
23296,12025,11271
24000,12705,11295
21586,10592,10994
23030,11821,11209
23647,12536,11111
21726,10695,11031
23247,12113,11134
22833,11604,11229
22835,11600,11235
21459,10522,10937
21917,10904,11013
20186,9367,10819
21923,10752,11171
23023,11859,11164
23673,12447,11226
22209,11153,11056
23551,12343,11208
23363,12147,11216
22976,11835,11141
23622,12401,11221
20799,9819,10980
21919,10848,11071
22587,11510,11077
23182,12001,11181
22353,11323,11030
22801,11689,11112
22154,10987,11167
23194,11979,11215
23289,12082,11207
22614,11530,11084
22533,11298,11235
22485,11398,11087
22877,11611,11266
23433,12200,11233
22800,11604,11196
22391,11268,11123
22724,11588,11136
21924,10913,11011
20812,9821,10991
23684,12055,11629
23306,11982,11324
22743,11577,11166
23707,12465,11242
22970,11703,11267
22766,11564,11202
23167,11851,11316
23124,11868,11256
22000,10887,11113
23207,12103,11104
23928,12526,11402
22298,11122,11176
23950,12638,11312
23367,12122,11245
23418,12178,11240
21497,10536,10961
23390,12188,11202
23327,12100,11227
21478,10395,11083
22987,11795,11192
22893,11710,11183
23605,12264,11341
21907,10809,11098
23258,11964,11294
22138,11041,11097
23145,11931,11214
22215,11213,11002
23184,11935,11249
22575,11437,11138
22849,11666,11183
23192,11975,11217
22858,11667,11191
23368,12081,11287
22619,11596,11023
23457,12164,11293
22914,11768,11146
23590,12327,11263
22816,11588,11228
21176,10195,10981
22703,11633,11070
23591,12396,11195
21076,10342,10734
22607,11504,11103
21870,10841,11029
20747,9845,10902
23403,12258,11145
22801,11624,11177
22721,11513,11208
22773,11506,11267
22891,11724,11167
22380,11278,11102
22251,11231,11020
21168,10257,10911
23468,12161,11307
24356,12765,11591
22699,11627,11072
22224,11253,10971
22897,11710,11187
23662,12379,11283
21978,10742,11236
20797,9884,10913
23645,12437,11208
22692,11459,11233
21721,10716,11005
21373,10385,10988
22745,11492,11253
21531,10801,10730
22908,11647,11261
23358,12079,11279
23019,11805,11214
23115,12003,11112
23175,11844,11331
22518,11467,11051
23081,11816,11265
22452,11229,11223
18859,8379,10480
22219,11207,11012
21975,10899,11076
21542,10461,11081
22129,11100,11029
23190,12037,11153
23040,11869,11171
22896,11721,11175
21921,10760,11161
22777,11499,11278
21456,10439,11017
22529,11330,11199
23345,12140,11205
23628,12306,11322
22519,11372,11147
23160,12036,11124
21145,10204,10941
22711,11650,11061
22807,11700,11107
22158,11190,10968
23351,12101,11250
23032,11697,11335
23451,12156,11295
21072,10357,10715
22853,11543,11310
22140,11146,10994
21470,10417,11053
21650,10675,10975
23175,11917,11258
22796,11570,11226
22826,11745,11081
22739,11671,11068
22467,11334,11133
23665,12396,11269
22405,11192,11213
22857,11655,11202
23019,11706,11313
22378,11300,11078
23480,12025,11455
22780,11538,11242
21040,10097,10943
22780,11524,11256
23508,12220,11288
22485,11336,11149
21485,10603,10882
22773,11659,11114
23210,11966,11244
22958,11750,11208
22683,11627,11056
21544,10644,10900
23198,11837,11361
23700,12234,11466
23499,12193,11306
22487,11418,11069
22931,11732,11199
21694,10652,11042
21889,10936,10953
22838,11638,11200
23245,12043,11202
22851,11733,11118
21579,10789,10790
23196,11905,11291
23370,12201,11169
23108,11939,11169
23581,12277,11304
23108,11920,11188
23045,11780,11265
22302,11207,11095
21183,10296,10887
23377,12077,11300
23004,11913,11091
20958,10073,10885
23449,12182,11267
23557,12296,11261
23437,12188,11249
22060,10918,11142
22643,11520,11123
22792,11545,11247
22905,11687,11218
21672,10729,10943
23491,12323,11168
22913,11675,11238
21750,10754,10996
23346,12151,11195
23036,11874,11162
22672,11535,11137
23709,12470,11239
21289,10371,10918
22658,11384,11274
22555,11437,11118
22045,10903,11142
23508,12404,11104
23979,12668,11311
21961,10868,11093
23844,12500,11344
23427,12110,11317
23276,12048,11228
23105,11893,11212
23239,12216,11023
22297,11218,11079
22720,11439,11281
23096,11947,11149
22215,11072,11143
23307,12062,11245
23227,12049,11178
22680,11554,11126
23450,12159,11291
22899,11708,11191
21266,10294,10972
23895,12646,11249
21733,10404,11329
22700,11539,11161
23710,12470,11240
22781,11521,11260
22497,11448,11049
23678,12329,11349
23075,11883,11192
23301,12021,11280
21889,10928,10961
21914,10829,11085
22269,11100,11169
23748,12506,11242
22146,11005,11141
23685,12275,11410
22704,11515,11189
22869,11685,11184
23103,11892,11211
22318,11125,11193
22511,11400,11111
21797,10611,11186
22422,11314,11108
21343,10391,10952
20990,10289,10701
23532,12257,11275
22834,11573,11261
21811,10765,11046
23719,12502,11217
21797,10762,11035
22490,11309,11181
22941,11785,11156
21859,10719,11140
20852,10039,10813
22203,11105,11098
23710,12354,11356
22109,11061,11048
21771,10769,11002
23294,12102,11192
23749,12400,11349
23229,11930,11299
23384,12216,11168
20677,9927,10750
23303,12185,11118
23292,11982,11310
22768,11626,11142
22917,11740,11177
23220,11888,11332
22295,11058,11237
22840,11644,11196
22117,11131,10986
23097,11896,11201
21215,10217,10998
23735,12482,11253
23069,11900,11169
22288,11250,11038
23349,12086,11263
23758,12404,11354
21792,10757,11035
23366,12204,11162
23370,12093,11277
22430,11361,11069
22739,11592,11147
23234,11982,11252
23754,12474,11280
21797,10769,11028
21458,10518,10940
23629,12387,11242
23194,11909,11285
23863,12634,11229
21748,10723,11025
23654,12338,11316
23131,11817,11314
23285,12040,11245
22059,11056,11003
21557,10548,11009
22195,11113,11082
23554,12340,11214
22290,11151,11139
23336,12121,11215
21891,10810,11081
22926,11848,11078
22169,11021,11148
23169,11904,11265
22513,11351,11162
23348,12132,11216
23619,12296,11323
22076,10900,11176
22856,11788,11068
23131,11922,11209
21896,10897,10999
21266,10300,10966
23630,12406,11224
23097,11879,11218
23210,11940,11270
22873,11510,11363
21532,10464,11068
20755,9851,10904
22376,11318,11058
21946,10886,11060
23554,12368,11186
23304,12010,11294
21130,10248,10882
22881,11643,11238
22611,11460,11151
23531,12262,11269
23080,11910,11170
23083,11850,11233
22774,11652,11122
22402,11222,11180
23187,11954,11233
23143,11930,11213
22834,11690,11144
22768,11565,11203
22387,11406,10981
23308,12084,11224
21446,10357,11089
22888,11649,11239
21264,10229,11035
22536,11367,11169
23138,12074,11064
23627,12435,11192
23059,11919,11140
21529,10555,10974
23227,11963,11264
22528,11423,11105
23119,11868,11251
22705,11487,11218
23510,12238,11272
23115,12021,11094
23132,11859,11273
23238,11897,11341
22757,11715,11042
22985,11823,11162
23550,12354,11196
23317,12144,11173
22112,10935,11177
20987,10002,10985
22276,11207,11069
22898,11741,11157
22942,11860,11082
22722,11523,11199
23174,12022,11152
22773,11581,11192
22512,11531,10981
22759,11536,11223
22261,11120,11141
22646,11541,11105
23016,11626,11390
21908,10869,11039
22928,11687,11241
22538,11461,11077
22079,11013,11066
23234,11991,11243
22332,11170,11162
23917,12585,11332
23176,11965,11211
22256,11156,11100
23504,12164,11340
23291,12158,11133
22464,11370,11094
21015,10087,10928
22716,11513,11203
22022,10945,11077
22283,11252,11031
22915,11685,11230
23424,11896,11528
23749,12423,11326
20427,9639,10788
23990,12703,11287
22896,11700,11196
22403,11267,11136
22702,11558,11144
21869,10784,11085
22416,11371,11045
22470,11305,11165
23793,12486,11307
22519,11365,11154
22489,11255,11234
23572,12294,11278
20961,10073,10888
21424,10400,11024
21108,10260,10848
22051,11063,10988
23556,12325,11231
23082,11888,11194
23540,12310,11230
21318,10366,10952
23341,12133,11208
23071,12009,11062
22079,11104,10975
22242,11139,11103
23065,11871,11194
23199,11982,11217
22379,11239,11140
22250,11280,10970
22297,11157,11140
22380,11234,11146
23297,12101,11196
22579,11352,11227
23090,11836,11254
21701,10768,10933
22427,11289,11138
23470,12172,11298
22347,11253,11094
23064,11873,11191
23520,12365,11155
22164,11170,10994
22978,11857,11121
21501,10540,10961
22375,11360,11015
21736,10844,10892
22276,11334,10942
23133,11925,11208
22521,11400,11121
22061,10973,11088
23614,12372,11242
23608,12388,11220
23149,11895,11254
21845,10896,10949
22562,11370,11192
23293,11995,11298
22631,11542,11089
22208,11052,11156
22162,10900,11262
21676,10560,11116
21626,10681,10945
21209,10251,10958
23103,12019,11084
21115,10091,11024
22292,11168,11124
22961,11648,11313
22049,11015,11034
23366,12150,11216
23285,11915,11370
21887,10870,11017
22700,11541,11159
23381,12218,11163
22631,11346,11285
22006,10967,11039
21883,10855,11028
23760,12508,11252
22960,11854,11106
22912,11752,11160
21802,10753,11049
22715,11503,11212
22548,11359,11189
22410,11310,11100
20850,9880,10970
22030,10958,11072
23003,11813,11190
22787,11580,11207
22538,11437,11101
22075,10949,11126
22857,11730,11127
23435,12163,11272
21622,10633,10989
22663,11474,11189
22292,11085,11207
22582,11409,11173
23430,12155,11275
23468,12296,11172
22925,11740,11185
21810,10684,11126
22122,10917,11205
23041,11827,11214
22670,11652,11018
22623,11480,11143
22437,11387,11050
22858,11645,11213
23063,11843,11220
22586,11328,11258
21834,10797,11037
22286,11237,11049
23055,11809,11246
23476,12190,11286
23731,12549,11182
22947,11909,11038
23603,12343,11260
22603,11308,11295
23680,12448,11232
21993,10985,11008
24654,13009,11645
22843,11697,11146
22239,11073,11166
22128,10948,11180
22982,11814,11168
23041,11860,11181
23557,12214,11343
22571,11359,11212
23640,12348,11292
21606,10575,11031
22523,11315,11208
22131,11127,11004
23658,12386,11272
23653,12416,11237
22729,11607,11122
23400,11994,11406
23406,12143,11263
23094,11925,11169
23524,12181,11343
22299,11215,11084
22442,11316,11126
22680,11431,11249
23245,12046,11199
22370,11268,11102
21706,10594,11112
22125,11005,11120
23497,12256,11241
22876,11683,11193
22506,11445,11061
23624,12387,11237
23680,12366,11314
23171,12059,11112
23820,12444,11376
23033,11778,11255
21684,10584,11100
21960,10800,11160
22012,10997,11015
21756,10743,11013
22544,11417,11127
22926,11628,11298
22728,11541,11187
22211,11000,11211
23262,12046,11216
21738,10722,11016
22057,11037,11020
22145,10959,11186
21657,10636,11021
22383,11232,11151
23465,12190,11275
19635,8832,10803
22267,11268,10999
22185,11040,11145
23172,11896,11276
22533,11415,11118
22941,11580,11361
21855,10603,11252
23184,11936,11248
22877,11674,11203
22148,11020,11128
21931,10843,11088
22195,11126,11069
22060,10996,11064
23306,12063,11243
23258,12006,11252
22619,11472,11147
22493,11343,11150
22335,11247,11088
23613,12401,11212
23127,11968,11159
21943,10911,11032
23484,12240,11244
22744,11412,11332
23090,11496,11594
21004,10156,10848
23211,11999,11212
22712,11590,11122
23331,12108,11223
22364,11218,11146
23166,11963,11203
22692,11527,11165
23235,11966,11269
22283,11233,11050
21691,10587,11104
23106,11853,11253
23174,11934,11240
23307,12235,11072
22409,11165,11244
23230,12084,11146
22558,11412,11146
23363,12149,11214
23340,12125,11215
21149,10088,11061
23464,12357,11107
21238,10312,10926
24048,12693,11355
23362,12124,11238
23693,12465,11228
21783,10807,10976
22858,11753,11105
23685,12486,11199
23031,11913,11118
22491,11303,11188
23096,11863,11233
22532,11303,11229
23084,11824,11260
22787,11543,11244
23832,12574,11258
23606,12360,11246
22132,10995,11137
21374,10371,11003
22892,11648,11244
22790,11692,11098
23920,12571,11349
23005,11760,11245
21762,10722,11040
22454,11337,11117
21746,10744,11002
23568,12215,11353
23679,12360,11319
21809,10723,11086
23709,12400,11309
22407,11233,11174
22821,11671,11150
22500,11426,11074
22429,11196,11233
23469,12233,11236
22271,11143,11128
23699,12366,11333
22758,11570,11188
23544,12279,11265
22753,11540,11213
19866,8958,10908
21561,10516,11045
22221,11165,11056
23354,12042,11312
23204,11907,11297
22198,11113,11085
22809,11406,11403
22702,11414,11288
23326,12073,11253
23423,12240,11183
23907,12635,11272
23668,12346,11322
23574,12427,11147
22975,11822,11153
21859,10776,11083
23002,11862,11140
23703,12341,11362
22286,11216,11070
23194,11885,11309
22823,11727,11096
23680,12569,11111
22811,11671,11140
22647,11472,11175
23215,12028,11187
22500,11305,11195
23240,11964,11276
22244,11082,11162
23696,12338,11358
23156,11919,11237
23418,12253,11165
23127,11984,11143
21718,10779,10939
22462,11276,11186
21677,10813,10864
23612,12353,11259
21969,10938,11031
22080,10945,11135
22041,10889,11152
22522,11332,11190
23073,11893,11180
22559,11373,11186
21677,10633,11044
20096,9348,10748
22189,11112,11077
23710,12483,11227
23431,12117,11314
22505,11386,11119
22907,11753,11154
21934,10928,11006
23210,12059,11151
22700,11578,11122
22644,11469,11175
22915,11756,11159
23262,12076,11186
21646,10456,11190
23626,12371,11255
22826,11582,11244
23050,11802,11248
23802,12578,11224
22119,11009,11110
22752,11613,11139
22748,11526,11222
23672,12328,11344
23545,12287,11258
21735,10769,10966
22453,11443,11010
22812,11613,11199
22022,11026,10996
22350,11202,11148
23458,12165,11293
22160,11188,10972
21972,10799,11173
21886,10684,11202
22288,11306,10982
23095,11778,11317
22878,11846,11032
22310,11197,11113
22904,11651,11253
21661,10642,11019
22689,11554,11135
22107,11073,11034
22353,11132,11221
22998,11843,11155
23381,12070,11311
22881,11726,11155
23385,12042,11343
23653,12391,11262
22255,11183,11072
23423,12108,11315
23026,11744,11282
22604,11425,11179
21583,10531,11052
23389,12157,11232
22826,11588,11238
21857,10745,11112
23099,11961,11138
22773,11657,11116
22775,11547,11228
22458,11264,11194
22935,11760,11175
21448,10589,10859
22220,10845,11375
23308,11937,11371
23276,12021,11255
22722,11461,11261
23229,12087,11142
22433,11158,11275
21775,10786,10989
22722,11677,11045
21935,11087,10848
22737,11578,11159
23140,11885,11255
22575,11552,11023
21331,10431,10900
22744,11494,11250
21312,10342,10970
22371,11340,11031
22718,11695,11023
21302,10323,10979
23049,11809,11240
22702,11628,11074
23083,11845,11238
23673,12451,11222
23486,12156,11330
22812,11638,11174
23345,12113,11232
21325,10383,10942
23469,12301,11168
22028,10975,11053
21462,10597,10865
22968,11726,11242
22464,11219,11245
22853,11786,11067
21254,10371,10883
22689,11398,11291
22135,11061,11074
22838,11634,11204
22804,11694,11110
23280,11929,11351
22484,11505,10979
21947,10848,11099
22848,11654,11194
23139,11778,11361
23311,12080,11231
22968,11740,11228
22497,11417,11080
22131,11111,11020
23601,12317,11284
21856,10853,11003
22137,11189,10948
23461,12211,11250
21756,10629,11127
23056,11677,11379
22734,11536,11198
22972,11863,11109
21912,10976,10936
23063,11828,11235
23626,12390,11236
22272,11132,11140
23995,12556,11439
22875,11674,11201
22541,11539,11002
23347,12057,11290
23011,11797,11214
22230,11116,11114
22848,11724,11124
23074,11886,11188
23510,12321,11189
22765,11601,11164
22777,11539,11238
22297,11173,11124
21462,10514,10948
23579,12384,11195
21844,10893,10951
23522,12252,11270
22263,11241,11022
22305,11184,11121
21281,10219,11062
23270,12112,11158
22690,11548,11142
23552,12204,11348
22735,11530,11205
22097,10960,11137
22026,10998,11028
22726,11577,11149
23131,11955,11176
22628,11485,11143
22671,11519,11152
23011,11918,11093
23241,12110,11131
22763,11638,11125
21064,9999,11065
19746,9105,10641
23304,12057,11247
22495,11436,11059
23285,12044,11241
23132,11867,11265
22975,11700,11275
22030,10874,11156
21894,10941,10953
22691,11439,11252
22810,11727,11083
23233,11999,11234
22885,11695,11190
21440,10401,11039
22253,11177,11076
23451,12243,11208
22329,11145,11184
22885,11728,11157
23615,12278,11337
21988,10844,11144
22308,11218,11090
22610,11473,11137
21746,10881,10865
22540,11308,11232
23318,12179,11139
22650,11449,11201
21918,10890,11028
21892,10987,10905
23132,11870,11262
22470,11360,11110
23587,12359,11228
22622,11424,11198
22961,11756,11205
22801,11526,11275
23332,12056,11276
21894,10859,11035
21610,10675,10935
22636,11538,11098
21839,10758,11081
23426,12074,11352
22650,11407,11243
23611,12382,11229
21440,10450,10990
22296,11194,11102
21324,10297,11027
21288,10361,10927
21353,10385,10968
23812,12500,11312
23526,12246,11280
23215,12084,11131
22728,11502,11226
20269,9488,10781
23754,12477,11277
21950,10928,11022
22748,11554,11194
22401,11221,11180
22660,11638,11022
21995,10974,11021
23190,11956,11234
23267,12056,11211
23080,11822,11258
22660,11436,11224
22248,11128,11120
22313,11163,11150
22808,11619,11189
23426,12237,11189
23621,12315,11306
23111,11869,11242
21945,10913,11032
22483,11315,11168
22880,11726,11154
23144,11951,11193
22002,10935,11067
22135,10969,11166
22148,11100,11048
23723,12439,11284
20366,9473,10893
21899,10830,11069
23496,12243,11253
23006,11922,11084
22617,11373,11244
22716,11472,11244
22856,11662,11194
22068,10878,11190
22692,11468,11224
23630,12368,11262
22140,10881,11259
23429,12237,11192
23054,11852,11202
21772,10803,10969
21840,10859,10981
22367,11082,11285
22695,11593,11102
20728,9934,10794
23173,11892,11281
22501,11365,11136
22903,11746,11157
22976,11774,11202
22840,11723,11117
23221,12016,11205
23150,11849,11301
22751,11563,11188
21528,10526,11002
21307,10266,11041
22924,11782,11142
23301,12012,11289
22989,11766,11223
23470,12270,11200
23235,11946,11289
23470,12183,11287
23274,11993,11281
22651,11601,11050
23269,12045,11224
23251,11944,11307
21350,10423,10927
20785,9920,10865
22520,11363,11157
23427,12118,11309
22865,11693,11172
22937,11816,11121
22116,11001,11115
23113,11854,11259
23817,12535,11282
23294,11969,11325
21987,10983,11004
22096,11041,11055
23640,12331,11309
22021,10931,11090
23000,11861,11139
21290,10350,10940
23647,12395,11252
23198,12006,11192
21288,10304,10984
24113,12835,11278
23554,12214,11340
22243,11111,11132
22563,11484,11079
22049,11108,10941
22359,11180,11179
23650,12348,11302
22406,11340,11066
23659,12442,11217
23339,11998,11341
22184,11181,11003
23387,12106,11281
22737,11614,11123
22180,11050,11130
21891,10869,11022
22794,11680,11114
22262,11182,11080
22565,11507,11058
22638,11490,11148
22666,11607,11059
21214,10173,11041
20937,9949,10988
23505,12070,11435
22683,11486,11197
23927,12680,11247
22430,11414,11016
21375,10493,10882
21343,10325,11018
23030,11893,11137
21735,10694,11041
20935,10084,10851
23493,12242,11251
23169,11966,11203
22854,11743,11111
21966,10954,11012
23669,12396,11273
22039,10925,11114
22990,11852,11138
22287,11300,10987
23405,12216,11189
22897,11788,11109
23116,11861,11255
22462,11368,11094
23884,12595,11289
22345,11364,10981
20321,9608,10713
22100,11008,11092
23591,12263,11328
22711,11520,11191
20747,9864,10883
23050,11841,11209
22234,10973,11261
22078,11111,10967
22495,11358,11137
21593,10626,10967
22410,11344,11066
22604,11538,11066
23688,12472,11216
22657,11515,11142
21143,10133,11010
22473,11279,11194
23546,12313,11233
23403,12224,11179
22010,10851,11159
23285,12031,11254
23761,12391,11370
22643,11539,11104
21071,10160,10911
22261,11239,11022
22334,11218,11116
22437,11313,11124
23606,12409,11197
23359,12117,11242
22960,11817,11143
22987,11729,11258
23509,12210,11299
23116,11906,11210
23428,12245,11183
22925,11616,11309
22827,11739,11088
22544,11375,11169
22859,11594,11265
22626,11379,11247
22836,11796,11040
22165,11161,11004
22715,11475,11240
22281,11234,11047
23050,11881,11169
22443,11325,11118
22666,11521,11145
22950,11783,11167
22745,11502,11243
22366,11171,11195
23253,12059,11194
23764,12534,11230
23714,12256,11458
22973,11777,11196
21577,10494,11083
22035,10873,11162
22804,11580,11224
22441,11274,11167
23708,12463,11245
23454,12202,11252
23000,11824,11176
22757,11633,11124
23214,11960,11254
22716,11523,11193
23320,12136,11184
22255,11177,11078
21725,10569,11156
23966,12577,11389
20871,9900,10971
23804,12416,11388
23054,11872,11182
22213,11134,11079
23666,12325,11341
22894,11399,11495
23581,12355,11226
23592,12353,11239
20784,9949,10835
21690,10635,11055
23109,11973,11136
22233,11095,11138
23446,12137,11309
23091,11952,11139
22933,11793,11140
22154,10892,11262
21076,10301,10775
22180,11179,11001
23098,11813,11285
23088,11867,11221
23218,11976,11242
22726,11484,11242
22464,11331,11133
23936,12641,11295
23030,11846,11184
19966,9205,10761
22636,11263,11373
23279,12120,11159
23847,12522,11325
22929,11847,11082
23739,12518,11221
23603,12279,11324
22645,11652,10993
22680,11303,11377
21641,10579,11062
22526,11506,11020
21953,10756,11197
21258,10226,11032
21829,10811,11018
23239,12043,11196
22313,11239,11074
22180,11073,11107
22344,11305,11039
21959,11047,10912
21494,10433,11061
23154,12008,11146
23730,12381,11349
23577,12303,11274
22585,11357,11228
20645,9751,10894
20586,9649,10937
22930,11596,11334
21249,10308,10941
22214,11163,11051
22604,11441,11163
23199,11930,11269
22793,11532,11261
22076,11105,10971
23063,11954,11109
23463,12204,11259
22753,11593,11160
23039,11804,11235
22657,11513,11144
21246,10225,11021
21867,10774,11093
23555,12311,11244
23021,11842,11179
22599,11342,11257
23550,12365,11185
20830,9804,11026
23408,12185,11223
23072,11833,11239
21424,10475,10949
22585,11482,11103
22767,11661,11106
20838,10033,10805
23418,12211,11207
23452,12196,11256
23526,12318,11208
22316,11284,11032
23390,12088,11302
22533,11321,11212
22663,11351,11312
23208,12013,11195
22814,11600,11214
23167,11953,11214
22876,11629,11247
23878,12584,11294
22597,11365,11232
22771,11593,11178
23165,12075,11090
22383,11269,11114
23183,11969,11214
22860,11669,11191
21910,10850,11060
22775,11621,11154
19835,9140,10695
22857,11684,11173
23725,12463,11262
22968,11799,11169
21951,10845,11106
22148,11101,11047
22586,11467,11119
22565,11461,11104
21957,11022,10935
21355,10220,11135
22202,11058,11144
23077,11864,11213
22149,11189,10960
22848,11725,11123
23648,12354,11294
22843,11712,11131
21581,10641,10940
22479,11344,11135
21826,10806,11020
22996,11765,11231
22832,11779,11053
22619,11540,11079
22412,11276,11136
23770,12502,11268
23456,12240,11216
22892,11763,11129
22662,11467,11195
22486,11442,11044
22621,11496,11125
22329,11313,11016
22465,11429,11036
22669,11574,11095
23144,11966,11178
21626,10543,11083
21824,10805,11019
21774,10742,11032
23954,12671,11283
22852,11730,11122
23393,12171,11222
22316,11179,11137
22009,10926,11083
23351,12145,11206
21643,10664,10979
22678,11542,11136
22848,11650,11198
23247,12116,11131
21605,10655,10950
23090,11885,11205
22245,11184,11061
21867,10812,11055
22943,11726,11217
22622,11374,11248
23069,11883,11186
22432,11293,11139
22763,11550,11213
23056,11833,11223
23532,12310,11222
23402,12185,11217
22734,11511,11223
22255,11011,11244
23232,12069,11163
21041,10143,10898
21239,10199,11040
23236,11952,11284
22791,11658,11133
22625,11511,11114
23326,12062,11264
23416,12267,11149
22752,11644,11108
23458,12225,11233
23041,11824,11217
22645,11373,11272
23400,12186,11214
20461,9587,10874
23168,11719,11449
21588,10371,11217
21724,10664,11060
22211,11128,11083
23171,11870,11301
22912,11728,11184
22409,11257,11152
22798,11529,11269
21343,10332,11011
22176,11050,11126
21858,10795,11063
23731,12437,11294
23250,12010,11240
22830,11634,11196
22394,11260,11134
23685,12349,11336
23343,12134,11209
22462,11354,11108
21638,10576,11062
23582,12207,11375
22662,11523,11139
22029,10955,11074
23366,12155,11211
23793,12454,11339
23362,12138,11224
22101,10999,11102
21466,10374,11092
22117,11107,11010
23193,12024,11169
23528,12227,11301
23088,11911,11177
22816,11681,11135
23858,12601,11257
22063,10970,11093
22595,11362,11233
22968,11888,11080
23032,11764,11268
23317,12190,11127
22441,11283,11158
21922,10836,11086
23493,12290,11203
23524,12240,11284
22987,11752,11235
22831,11656,11175
22107,11047,11060
23004,11807,11197
21990,10873,11117
22494,11399,11095
21435,10431,11004
23766,12447,11319
23285,11802,11483
20681,9811,10870
22847,11620,11227
23203,11887,11316
21653,10614,11039
22998,11765,11233
21534,10591,10943
22103,11037,11066
23233,12026,11207
23455,12218,11237
21782,10784,10998
22874,11516,11358
23054,11872,11182
20681,9891,10790
20672,9716,10956
22963,11832,11131
22712,11647,11065
22505,11257,11248
22774,11605,11169
22641,11524,11117
21322,10273,11049
22672,11536,11136
22727,11667,11060
23481,12254,11227
19540,8890,10650
23144,11984,11160
21290,10393,10897
20953,9902,11051
23159,12041,11118
22978,11669,11309
23193,11964,11229
19086,8461,10625
23038,11948,11090
22275,11188,11087
23007,11859,11148
22716,11544,11172
23348,12225,11123
22832,11659,11173
22253,11296,10957
22862,11557,11305
23229,11978,11251
22603,11531,11072
21497,10541,10956
23595,12336,11259
21191,10130,11061
21801,10776,11025
22208,11225,10983
23042,11742,11300
23048,11834,11214
22165,11078,11087
23196,12001,11195
23249,12024,11225
22864,11641,11223
22200,11127,11073
23579,12369,11210
21779,10703,11076
22723,11484,11239
19973,9371,10602
23393,12122,11271
23056,11787,11269
23454,12254,11200
22568,11477,11091
23627,12337,11290
22592,11500,11092
20811,9939,10872
23157,11975,11182
23741,12457,11284
22101,10875,11226
22830,11590,11240
23775,12480,11295
23120,11917,11203
23773,12462,11311
22767,11696,11071
22457,11278,11179
20725,9868,10857
23029,11742,11287
22875,11599,11276
22296,11170,11126
22229,11131,11098
22954,11783,11171
23055,11835,11220
22302,11153,11149
23443,12188,11255
22565,11283,11282
22229,11129,11100
23295,12007,11288
23626,12313,11313
22349,11218,11131
22289,11163,11126
21826,10894,10932
22701,11522,11179
23559,12337,11222
21575,10643,10932
23622,12417,11205
23839,12537,11302
22954,11839,11115
22823,11599,11224
22338,11206,11132
22095,10959,11136
23420,12190,11230
22495,11439,11056
21012,10039,10973
22160,10908,11252
22652,11622,11030
22261,11183,11078
22838,11664,11174
22819,11590,11229
22132,10996,11136
21648,10599,11049
20082,9243,10839
23133,11944,11189
22794,11531,11263
22517,11230,11287
21785,10681,11104
22413,11284,11129
21572,10617,10955
22358,11289,11069
22936,11696,11240
21815,10722,11093
21966,11128,10838
23636,12299,11337
23631,12392,11239
23517,12260,11257
22655,11444,11211
22607,11426,11181
23184,12042,11142
23233,11913,11320
22298,11317,10981
23393,12205,11188
24811,13166,11645
23646,12407,11239
22835,11590,11245
23044,11853,11191
21647,10673,10974
23410,12107,11303
24080,12832,11248
22170,11133,11037
20609,9793,10816
21785,10744,11041
22635,11085,11550
23335,11985,11350
23078,11965,11113
23585,12333,11252
21908,10811,11097
22550,11430,11120
23117,11880,11237
22147,11120,11027
22520,11498,11022
22948,11786,11162
21810,10743,11067
22386,11311,11075
20959,9921,11038
22971,11927,11044
23123,11921,11202
23022,11753,11269
23081,11934,11147
22981,11734,11247
22692,11602,11090
23431,12191,11240
22193,10940,11253
23221,11956,11265
23253,12058,11195
23463,12187,11276
22378,11173,11205
23503,12243,11260
23483,12204,11279
21897,10925,10972
23323,12074,11249
20703,9774,10929
23093,11963,11130
23134,11971,11163
22653,11464,11189
21718,10668,11050
21915,10844,11071
23041,11762,11279
23619,12368,11251
21682,10686,10996
23295,12097,11198
23015,11770,11245
22681,11588,11093
23229,11999,11230
23381,12181,11200
21776,10741,11035
22215,11131,11084
23125,11785,11340
22102,10994,11108
22484,11334,11150
23327,12110,11217
21588,10591,10997
21356,10388,10968
23151,11893,11258
23034,11787,11247
23066,11769,11297
22419,11189,11230
22858,11677,11181
23936,12547,11389
23006,11788,11218
22112,11043,11069
21840,10742,11098
22739,11567,11172
23870,12580,11290
23341,12175,11166
22804,11586,11218
22144,11122,11022
23152,12022,11130
22553,11367,11186
23212,11978,11234
21632,10412,11220
22537,11517,11020
23282,12046,11236
21170,10278,10892
23191,11984,11207
23386,12048,11338
22046,11047,10999
22927,11726,11201
23642,12378,11264
23229,11905,11324
22517,11521,10996
22096,11055,11041
22458,11337,11121
23239,11993,11246
19899,9125,10774
22727,11439,11288
23058,11825,11233
23363,12078,11285
23439,12128,11311
23736,12323,11413
23123,11950,11173
21815,10791,11024
22749,11542,11207
23490,12177,11313
23208,11981,11227
23788,12542,11246
21505,10394,11111
22767,11502,11265
21339,10308,11031
22648,11491,11157
23464,12167,11297
23044,11798,11246
23614,12229,11385
22827,11624,11203
23945,12618,11327
22741,11629,11112
21801,10787,11014
22136,11128,11008
23529,12297,11232
23819,12527,11292
23657,12299,11358
22453,11299,11154
22734,11477,11257
23062,11938,11124
21921,10947,10974
22414,11206,11208
23585,12269,11316
22756,11579,11177
22758,11632,11126
22110,10997,11113
22928,11815,11113
21881,10822,11059
21787,10727,11060
22765,11649,11116
22860,11600,11260
23295,11865,11430
23137,11980,11157
20864,9849,11015
22661,11538,11123
21756,10672,11084
20781,9998,10783
23092,11787,11305
23716,12444,11272
23352,12142,11210
23229,12024,11205
22994,11674,11320
21848,10838,11010
23184,12023,11161
22480,11336,11144
22242,11175,11067
22248,11088,11160
23731,12518,11213
21564,10498,11066
23094,11849,11245
23251,12153,11098
22485,11423,11062
22963,11707,11256
21441,10475,10966
23531,12231,11300
22802,11525,11277
22727,11644,11083
21768,10714,11054
22868,11810,11058
23229,11983,11246
22518,11374,11144
22937,11667,11270
23378,12215,11163
23335,12098,11237
23093,11861,11232
22409,11182,11227
23343,12170,11173
22755,11629,11126
21851,10788,11063
23261,12110,11151
22917,11726,11191
23079,11788,11291
21902,10931,10971
23435,12166,11269
22303,11247,11056
23919,12504,11415
23263,12089,11174
22025,10955,11070
22826,11536,11290
23165,11871,11294
23427,12171,11256
21641,10730,10911
20981,10068,10913
23756,12525,11231
23859,12662,11197
22782,11560,11222
22149,11053,11096
19881,9171,10710
23290,12077,11213
22508,11291,11217
21782,10689,11093
23836,12494,11342
23756,12424,11332
23721,12401,11320
23512,12300,11212
22782,11643,11139
23235,12077,11158
22280,11173,11107
23144,11923,11221
22099,11014,11085
23407,12155,11252
24091,12425,11666
23521,12245,11276
22988,11882,11106
22012,10912,11100
22847,11752,11095
22669,11538,11131
21525,10522,11003
22608,11390,11218
21812,10721,11091
23655,12368,11287
22230,11152,11078
24068,12511,11557
22235,11066,11169
22069,11040,11029
23346,12108,11238
22995,11801,11194
22858,11777,11081
22738,11449,11289
22460,11273,11187
23456,12204,11252
23218,11945,11273
22435,11339,11096
22410,11304,11106
22587,11443,11144
22340,11249,11091
22436,11322,11114
22452,11354,11098
22805,11503,11302
22687,11470,11217
23482,12261,11221
21590,10785,10805
23360,12083,11277
23583,12276,11307
22967,11840,11127
21782,10869,10913
21426,10309,11117
23128,11880,11248
23408,12202,11206
23601,12220,11381
22858,11604,11254
23255,12049,11206
24162,12763,11399
22734,11661,11073
23212,11956,11256
22211,10966,11245
23004,11748,11256
22239,11090,11149
22453,11372,11081
23449,12202,11247
23148,11935,11213
22198,10998,11200
23383,12113,11270
22908,11740,11168
22599,11388,11211
23163,11956,11207
22948,11707,11241
22159,11000,11159
23212,11935,11277
21837,10838,10999
22893,11669,11224
22944,11698,11246
23365,12050,11315
22312,11058,11254
22134,11086,11048
21982,11085,10897
21817,10785,11032
23326,12018,11308
23263,11973,11290
22307,11165,11142
22803,11667,11136
22802,11613,11189
23506,12300,11206
21425,10476,10949
23614,12387,11227
22419,11322,11097
23129,11963,11166
21558,10447,11111
23332,12015,11317
22342,11177,11165
23335,12119,11216
19756,9000,10756
23183,12059,11124
23674,12421,11253
23448,12272,11176
23486,12266,11220
22627,11384,11243
23736,12431,11305
22250,11080,11170
24055,12453,11602
23395,12203,11192
23128,11899,11229
20567,9740,10827
22829,11680,11149
21049,10032,11017
20939,10024,10915
20382,9544,10838
23252,11960,11292
21778,10697,11081
22615,11356,11259
22827,11789,11038
22832,11719,11113
22847,11671,11176
21419,10478,10941
21297,10335,10962
23135,11916,11219
23128,11952,11176
22209,11082,11127
23680,12474,11206
21768,10760,11008
23324,12159,11165
21801,10676,11125
21943,10972,10971
23067,11804,11263
23040,11855,11185
22813,11621,11192
21985,10707,11278
22043,10944,11099
23856,12588,11268
23222,12057,11165
23843,12319,11524
23076,11808,11268
22518,11461,11057
21254,10164,11090
23261,12167,11094
23797,12492,11305
22675,11599,11076
23030,11927,11103
21704,10533,11171
22358,11366,10992
23272,11979,11293
21596,10621,10975
22230,11128,11102
22522,11343,11179
23711,12478,11233
21424,10360,11064
22380,11257,11123
22259,11080,11179
23450,12188,11262
22102,11003,11099
23983,12533,11450
22788,11575,11213
23167,11925,11242
23846,12561,11285
23052,11745,11307
22850,11681,11169
23553,12223,11330
23595,12360,11235
23347,12158,11189
22945,11755,11190
23290,11940,11350
23086,11876,11210
22896,11700,11196
21469,10334,11135
23591,12366,11225
23247,12049,11198
22430,11340,11090
22659,11471,11188
20799,9812,10987
23171,11919,11252
23683,12321,11362
22598,11503,11095
21923,10742,11181
23158,12016,11142
22934,11734,11200
22830,11642,11188
22743,11574,11169
22732,11307,11425
21892,10922,10970
22519,11369,11150
22829,11703,11126
23224,12059,11165
23261,12170,11091
23856,12584,11272
22036,11119,10917
23413,12228,11185
21951,10878,11073
22877,11580,11297
22348,11017,11331
20551,9569,10982
22731,11556,11175
23117,11953,11164
23256,12024,11232
22984,11661,11323
22654,11531,11123
22234,11278,10956
23016,11841,11175
20435,9467,10968
22863,11623,11240
21795,10853,10942
23905,12604,11301
22435,11230,11205
23885,12559,11326
23136,11836,11300
23146,12024,11122
21329,10450,10879
23108,11907,11201
22925,11627,11298
22606,11612,10994
22552,11299,11253
23322,12111,11211
22721,11654,11067
23272,12010,11262
23714,12484,11230
22677,11439,11238
23199,11927,11272
22266,11049,11217
22304,11228,11076
23216,11867,11349
21922,10871,11051
23101,11923,11178
22540,11405,11135
22282,11186,11096
23047,11829,11218
23045,11848,11197
23067,11846,11221
23682,12390,11292
22438,11239,11199
22474,11271,11203
22566,11270,11296
22518,11349,11169
22766,11627,11139
22091,10950,11141
22752,11574,11178
21679,10709,10970
23829,12297,11532
22557,11422,11135
21981,10812,11169
23259,11990,11269
23670,12430,11240
21584,10633,10951
22839,11604,11235
21367,10459,10908
22065,10928,11137
22539,11321,11218
23094,11917,11177
23154,11989,11165
21149,10269,10880
23865,12517,11348
21205,10120,11085
22327,11229,11098
23224,11888,11336
22727,11497,11230
23343,12159,11184
23240,11999,11241
22569,11449,11120
23745,12483,11262
22568,11444,11124
22334,11210,11124
20983,10050,10933
21113,10217,10896
21913,10853,11060
23003,11824,11179
23125,12016,11109
21330,10350,10980
23290,12098,11192
23446,12217,11229
22331,11227,11104
22517,11456,11061
23423,12182,11241
23626,12487,11139
21410,10376,11034
21130,10159,10971
22317,11165,11152
22292,11219,11073
23590,12215,11375
23261,12013,11248
23601,12248,11353
22565,11412,11153
22862,11687,11175
22733,11530,11203
23013,11879,11134
22454,11300,11154
22642,11529,11113
22801,11604,11197
23409,12162,11247
23062,11801,11261
23404,12297,11107
22632,11439,11193
21149,10110,11039
22816,11542,11274
21752,10873,10879
22400,11374,11026
22059,10994,11065
23553,12182,11371
23010,11869,11141
22121,11112,11009
22304,11072,11232
22779,11742,11037
22096,11152,10944
22439,11204,11235
22199,11091,11108
22933,11643,11290
23046,11869,11177
23471,12119,11352
22929,11726,11203
22891,11687,11204
23443,12305,11138
23386,12094,11292
22213,11105,11108
23177,12015,11162
23675,12406,11269
23973,12588,11385
22840,11640,11200
23367,12117,11250
22391,11254,11137
23251,11925,11326
23161,11948,11213
22621,11542,11079
21763,10932,10831
21841,10684,11157
22305,11242,11063
22228,11184,11044
21592,10588,11004
23094,11937,11157
23117,11970,11147
23573,12413,11160
22046,11015,11031
22038,10973,11065
21755,10707,11048
22580,11482,11098
20765,9912,10853
22215,11032,11183
23367,12202,11165
20734,9792,10942
21418,10368,11050
22816,11593,11223
23158,11950,11208
23000,11861,11139
22669,11370,11299
21289,10232,11057
23237,11918,11319
22350,11236,11114
23341,12040,11301
22336,11057,11279
23353,12111,11242
21941,10848,11093
22464,11287,11177
23249,11993,11256
23287,12042,11245
21827,10736,11091
22509,11321,11188
23400,12160,11240
23092,11944,11148
22931,11768,11163
22906,11713,11193
22374,11252,11122
23162,11804,11358
21323,10366,10957
22442,11198,11244
23236,11981,11255
23256,12047,11209
22282,11184,11098
20759,9838,10921
21640,10771,10869
21936,10979,10957
23180,11901,11279
23094,11823,11271
23057,11972,11085
22832,11652,11180
22898,11561,11337
22667,11464,11203
23694,12350,11344
23097,11933,11164
21763,10768,10995
21025,10120,10905
22529,11325,11204
23287,12031,11256
22664,11608,11056
22961,11780,11181
22345,11141,11204
23347,12042,11305
23414,12211,11203
23132,11970,11162
23470,12221,11249
22837,11554,11283
23561,12355,11206
22886,11818,11068
23089,11940,11149
23481,12146,11335
21996,10938,11058
23245,11965,11280
23590,12247,11343
23152,11948,11204
21355,10390,10965
23411,12133,11278
23114,11830,11284
23291,11952,11339
21993,10974,11019
21477,10547,10930
21804,10716,11088
22658,11480,11178
23131,11887,11244
20884,9951,10933
23044,11812,11232
22520,11358,11162
23298,12083,11215
21556,10541,11015
21721,10783,10938
22479,11260,11219
23611,12302,11309
22567,11428,11139
22716,11522,11194
23384,12222,11162
22918,11708,11210
23025,11827,11198
22266,11160,11106
21526,10511,11015
23245,11985,11260
23542,12239,11303
22976,11746,11230
22051,11011,11040
22829,11714,11115
22492,11264,11228
22710,11449,11261
22539,11439,11100
22923,11790,11133
22102,10962,11140
22948,11739,11209
22237,11102,11135
22709,11369,11340
21761,10690,11071
23628,12420,11208
23052,11927,11125
22503,11322,11181
23578,12350,11228
22942,11725,11217
21743,10694,11049
23796,12573,11223
22712,11557,11155
23341,12152,11189
22140,10987,11153
22976,11794,11182
22285,11079,11206
22899,11693,11206
22805,11478,11327
21794,10645,11149
23045,11785,11260
21345,10328,11017
23511,12307,11204
21938,10843,11095
23444,12148,11296
23732,12473,11259
22845,11711,11134
21620,10625,10995
21934,10916,11018
23497,12369,11128
22915,11715,11200
23026,11772,11254
21811,10815,10996
22745,11522,11223
23140,11842,11298
22993,11873,11120
22646,11472,11174
23522,12274,11248
22691,11506,11185
23204,11864,11340
21851,10745,11106
23245,12023,11222
22358,11061,11297
23257,12017,11240
22453,11321,11132
22692,11602,11090
22548,11391,11157
23080,11934,11146
22533,11373,11160
23633,12369,11264
22984,11821,11163
22790,11601,11189
21831,10787,11044
23338,12100,11238
21012,10036,10976
22836,11668,11168
23290,12120,11170
22858,11659,11199
19619,8954,10665
21986,10848,11138
22495,11355,11140
22535,11335,11200
23234,11982,11252
21668,10611,11057
22952,11769,11183
22386,11353,11033
23332,12030,11302
18920,8169,10751
23713,12390,11323
23646,12382,11264
23743,12422,11321
23713,12434,11279
21627,10603,11024
23000,11869,11131
22114,10989,11125
22476,11421,11055
21748,10662,11086
21659,10547,11112
23413,12096,11317
22994,11746,11248
22762,11544,11218
22903,11683,11220
23475,12231,11244
23086,11843,11243
22657,11544,11113
22510,11446,11064
22788,11618,11170
23315,12072,11243
22871,11497,11374
21072,10067,11005
23108,11944,11164
23467,12158,11309
23113,11908,11205
22754,11592,11162
21970,10944,11026
23637,12353,11284
22820,11628,11192
22771,11666,11105
23189,12091,11098
23035,11779,11256
23582,12289,11293
23207,11935,11272
21153,10144,11009
22966,11714,11252
22881,11663,11218
21254,10184,11070
22630,11330,11300
22508,11379,11129
22725,11491,11234
22662,11525,11137
22207,11089,11118
21166,10247,10919
22653,11544,11109
22991,11818,11173
23802,12376,11426
23412,12160,11252
22464,11288,11176
19928,9123,10805
23295,11994,11301
22950,11792,11158
23250,12016,11234
22811,11661,11150
23126,11976,11150
23555,12251,11304
22165,11027,11138
22936,11763,11173
22338,11129,11209
23149,11873,11276
22432,11229,11203
19560,8862,10698
22978,11747,11231
22633,11490,11143
21905,10826,11079
23632,12322,11310
22761,11610,11151
22978,11756,11222
22109,11078,11031
22626,11538,11088
21535,10449,11086
21834,10752,11082
23376,12237,11139
22154,11080,11074
23119,11972,11147
23015,11762,11253
22760,11684,11076
23223,11940,11283
22873,11671,11202
23003,11702,11301
22306,11132,11174
23662,12365,11297
23272,12060,11212
22675,11464,11211
22503,11275,11228
23044,11903,11141
23109,11864,11245
22909,11551,11358
23391,12237,11154
22349,11292,11057
22993,11735,11258
22357,11247,11110
23020,11739,11281
21614,10519,11095
23092,11857,11235
23013,11715,11298
22895,11665,11230
22283,11105,11178
23279,11965,11314
23631,12067,11564
23198,12049,11149
23220,11986,11234
22261,11221,11040
23047,11804,11243
23005,11673,11332
22883,11693,11190
20956,10029,10927
22268,11181,11087
23353,12109,11244
23406,12243,11163
22644,11404,11240
22587,11419,11168
23662,12347,11315
22534,11404,11130
23574,12135,11439
22934,11694,11240
22591,11328,11263
23302,12059,11243
22890,11789,11101
23722,12587,11135
22319,11262,11057
23395,12200,11195
22736,11461,11275
23698,12440,11258
22114,10941,11173
23884,12495,11389
23006,11911,11095
21763,10785,10978
22790,11563,11227
23435,12123,11312
22764,11682,11082
21725,10666,11059
22649,11472,11177
22142,11049,11093
22756,11641,11115
22103,10996,11107
21582,10558,11024
22999,11771,11228
22238,11174,11064
23663,12421,11242
22158,11022,11136
21365,10293,11072
21079,10289,10790
22873,11798,11075
23045,11930,11115
23239,11991,11248
21790,10679,11111
22798,11599,11199
23118,11895,11223
23248,11953,11295
22676,11599,11077
22653,11434,11219
23169,12051,11118
22866,11658,11208
23037,11851,11186
23353,12152,11201
23106,11919,11187
23498,12163,11335
20946,10049,10897
22168,11057,11111
21638,10685,10953
22987,11877,11110
22670,11480,11190
22376,11357,11019
23402,12209,11193
22673,11521,11152
22623,11436,11187
23351,12077,11274
21942,10801,11141
21391,10414,10977
21795,10789,11006
23437,12235,11202
22411,11286,11125
22754,11690,11064
22749,11575,11174
22639,11599,11040
23894,12591,11303
24008,12525,11483
22792,11611,11181
23122,11850,11272
23264,12007,11257
22353,11315,11038
21477,10414,11063
22122,10909,11213
22885,11620,11265
23591,12255,11336
23797,12451,11346
22681,11478,11203
22924,11819,11105
21141,10207,10934
22711,11694,11017
23856,12610,11246
22531,11296,11235
22998,11783,11215
21734,10632,11102
22523,11430,11093
22721,11510,11211
23114,12030,11084
23512,12184,11328
22314,11245,11069
23084,11845,11239
23232,12045,11187
23618,12356,11262
23851,12578,11273
22928,11781,11147
21972,10783,11189
22471,11352,11119
22345,11238,11107
21610,10562,11048
23232,12100,11132
23422,12199,11223
22001,11019,10982
23123,11901,11222
21704,10720,10984
23262,12133,11129
23104,11901,11203
22329,11126,11203
22710,11466,11244
23401,12114,11287
22452,11297,11155
22727,11511,11216
23490,12187,11303
22930,11641,11289
23978,12636,11342
23540,12355,11185
23530,12337,11193
22670,11512,11158
21777,10779,10998
23597,12403,11194
23075,11805,11270
23160,11904,11256
23770,12387,11383
21540,10500,11040
23869,12528,11341
23445,12172,11273
23060,11835,11225
22219,11210,11009
21822,10593,11229
22834,11616,11218
21435,10427,11008
22524,11374,11150
22697,11613,11084
23472,12262,11210
23047,11887,11160
23374,12060,11314
23196,11938,11258
22941,11732,11209
22821,11585,11236
21510,10511,10999
22608,11364,11244
23214,11998,11216
23085,11855,11230
21115,10113,11002
22409,11412,10997
22265,11177,11088
21201,10151,11050
22798,11600,11198
23299,11998,11301
23127,11885,11242
21889,10904,10985
21895,10874,11021
20737,9892,10845
21153,10179,10974
23388,11998,11390
21435,10333,11102
23665,12461,11204
23248,12002,11246
21022,10197,10825
21966,10968,10998
23157,11946,11211
22727,11536,11191
23181,11928,11253
23074,11864,11210
22503,11380,11123
23249,11970,11279
23105,11930,11175
22940,11694,11246
23011,11691,11320
23838,12473,11365
23246,12154,11092
23912,12665,11247
22934,11692,11242
23379,12222,11157
22225,11095,11130
22706,11467,11239
23663,12299,11364
23500,12263,11237
22729,11521,11208
23602,12338,11264
23337,12072,11265
23410,12189,11221
23179,12039,11140
22684,11521,11163
21851,10745,11106
21724,10651,11073
22750,11566,11184
22247,11090,11157
23070,11714,11356
22156,11121,11035
22397,11305,11092
20924,10037,10887
23160,11921,11239
22044,10907,11137
20837,9855,10982
22405,11426,10979
22430,11213,11217
23055,11933,11122
20640,9725,10915
22945,11613,11332
21308,10328,10980
22820,11622,11198
21856,10736,11120
23100,11906,11194
22541,11400,11141
23342,12155,11187
22992,11831,11161
22006,11033,10973
23278,12010,11268
22776,11666,11110
23342,12134,11208
23795,12477,11318
22462,11330,11132
22069,10876,11193
22518,11345,11173
22840,11667,11173
23223,11938,11285
23738,12459,11279
23566,12311,11255
21773,10874,10899
22440,11385,11055
20542,9692,10850
23129,11861,11268
23706,12446,11260
23275,12053,11222
22336,11218,11118
22717,11587,11130
23505,12201,11304
22386,11193,11193
22447,11351,11096
21487,10561,10926
22363,11191,11172
20053,9439,10614
22424,11149,11275
22392,11270,11122
23005,11893,11112
19039,8510,10529
23109,11921,11188
23150,12056,11094
23687,12474,11213
22483,11408,11075
23033,11831,11202
