recon,cyber,disinfo,comb,cyber2,disinfo2
0.0,0.0,0.0,0.0,0.0,0.0
1.0,2.0,1.0,1.0,0.0,0.0
1.0,1.0,2.0,0.0,0.0,0.0
1.0,0.0,1.0,1.0,0.0,1.0
2.0,1.0,0.0,1.0,0.0,0.0
1.0,0.0,0.0,0.0,0.0,0.0
1.0,0.0,0.0,0.0,0.0,0.0
2.0,1.0,0.0,1.0,1.0,0.0
2.0,0.0,0.0,1.0,0.0,0.0
1.0,5.0,1.0,0.0,0.0,0.0
3.0,0.0,0.0,0.0,0.0,0.0
2.0,0.0,0.0,0.0,0.0,0.0
1.0,0.0,1.0,1.0,0.0,0.0
1.0,1.0,1.0,0.0,0.0,0.0
1.0,0.0,2.0,1.0,0.0,0.0
1.0,0.0,0.0,2.0,0.0,0.0
3.0,0.0,1.0,1.0,0.0,0.0
1.0,0.0,1.0,1.0,0.0,5.0
1.0,0.0,1.0,0.0,0.0,0.0
1.0,0.0,0.0,0.0,0.0,0.0
1.0,4.0,1.0,0.0,0.0,0.0
1.0,2.0,1.0,0.0,0.0,0.0
1.0,1.0,0.0,0.0,0.0,0.0
1.0,0.0,0.0,0.0,0.0,0.0
2.0,0.0,1.0,3.0,0.0,1.0
1.0,1.0,0.0,1.0,0.0,0.0
1.0,0.0,0.0,3.0,0.0,0.0
2.0,0.0,2.0,1.0,0.0,0.0
3.0,0.0,3.0,1.0,0.0,0.0
1.0,0.0,1.0,1.0,0.0,0.0
1.0,1.0,0.0,0.0,0.0,0.0
1.0,5.0,1.0,2.0,0.0,0.0
1.0,0.0,4.0,1.0,0.0,0.0
1.0,4.0,0.0,1.0,0.0,0.0
1.0,1.0,1.0,0.0,0.0,0.0
1.0,0.0,0.0,0.0,0.0,0.0
1.0,2.0,3.0,0.0,0.0,0.0
1.0,1.0,0.0,1.0,0.0,0.0
2.0,1.0,2.0,0.0,0.0,0.0
1.0,1.0,0.0,1.0,0.0,0.0
1.0,0.0,2.0,2.0,0.0,2.0
1.0,4.0,0.0,3.0,1.0,0.0
1.0,0.0,1.0,2.0,0.0,1.0
1.0,0.0,4.0,1.0,0.0,0.0
1.0,1.0,1.0,0.0,0.0,0.0
1.0,0.0,1.0,0.0,0.0,0.0
1.0,0.0,1.0,0.0,0.0,0.0
1.0,0.0,0.0,0.0,0.0,0.0
1.0,6.0,0.0,1.0,0.0,0.0
1.0,1.0,1.0,0.0,0.0,0.0
2.0,1.0,0.0,1.0,1.0,0.0
1.0,0.0,0.0,1.0,0.0,0.0
1.0,0.0,0.0,0.0,0.0,0.0
1.0,0.0,1.0,1.0,0.0,0.0
1.0,0.0,1.0,0.0,0.0,0.0
1.0,0.0,3.0,2.0,0.0,0.0
1.0,0.0,0.0,1.0,0.0,0.0
1.0,0.0,1.0,0.0,0.0,0.0
1.0,4.0,2.0,2.0,0.0,0.0
2.0,2.0,0.0,0.0,0.0,0.0
1.0,0.0,0.0,0.0,0.0,0.0
1.0,0.0,0.0,1.0,0.0,0.0
1.0,1.0,1.0,0.0,0.0,0.0
1.0,0.0,0.0,0.0,0.0,0.0
1.0,0.0,0.0,0.0,0.0,0.0
1.0,0.0,1.0,0.0,0.0,0.0
1.0,1.0,0.0,0.0,0.0,0.0
1.0,3.0,0.0,0.0,0.0,0.0
1.0,1.0,1.0,0.0,0.0,0.0
1.0,0.0,0.0,0.0,0.0,0.0
2.0,0.0,1.0,0.0,0.0,0.0
2.0,1.0,1.0,0.0,0.0,0.0
1.0,1.0,1.0,0.0,0.0,0.0
1.0,0.0,0.0,0.0,0.0,0.0
2.0,0.0,2.0,1.0,0.0,0.0
1.0,0.0,0.0,0.0,0.0,0.0
1.0,0.0,1.0,0.0,0.0,0.0
1.0,1.0,1.0,1.0,0.0,0.0
1.0,1.0,0.0,0.0,0.0,0.0
1.0,6.0,1.0,0.0,0.0,0.0
1.0,0.0,0.0,0.0,0.0,0.0
1.0,1.0,0.0,1.0,0.0,0.0
1.0,0.0,0.0,0.0,0.0,0.0
1.0,7.0,1.0,1.0,0.0,0.0
1.0,1.0,0.0,0.0,0.0,0.0
2.0,1.0,2.0,0.0,0.0,0.0
1.0,0.0,0.0,0.0,0.0,0.0
2.0,1.0,1.0,0.0,0.0,0.0
1.0,0.0,0.0,0.0,0.0,0.0
1.0,0.0,1.0,1.0,0.0,0.0
1.0,0.0,0.0,1.0,0.0,0.0
1.0,3.0,2.0,1.0,0.0,0.0
2.0,1.0,2.0,0.0,0.0,0.0
1.0,0.0,0.0,0.0,0.0,0.0
1.0,0.0,0.0,0.0,0.0,0.0
1.0,3.0,2.0,0.0,0.0,0.0
1.0,3.0,1.0,0.0,0.0,0.0
1.0,2.0,1.0,1.0,0.0,0.0
1.0,0.0,2.0,1.0,0.0,0.0
1.0,5.0,1.0,1.0,0.0,0.0
1.0,1.0,2.0,0.0,0.0,0.0
1.0,0.0,1.0,0.0,0.0,0.0
2.0,0.0,0.0,0.0,0.0,0.0
1.0,1.0,3.0,0.0,0.0,0.0
1.0,1.0,0.0,2.0,1.0,0.0
1.0,0.0,0.0,0.0,0.0,0.0
1.0,0.0,2.0,1.0,0.0,0.0
1.0,2.0,1.0,0.0,0.0,0.0
1.0,0.0,0.0,1.0,0.0,0.0
1.0,11.0,1.0,0.0,0.0,0.0
1.0,0.0,1.0,1.0,0.0,0.0
1.0,0.0,0.0,0.0,0.0,0.0
1.0,1.0,2.0,1.0,0.0,0.0
1.0,0.0,1.0,0.0,0.0,0.0
1.0,1.0,0.0,1.0,1.0,0.0
1.0,0.0,3.0,0.0,0.0,0.0
1.0,0.0,0.0,0.0,0.0,0.0
1.0,0.0,0.0,0.0,0.0,0.0
1.0,0.0,0.0,2.0,0.0,0.0
1.0,1.0,0.0,1.0,0.0,0.0
1.0,0.0,0.0,1.0,0.0,0.0
2.0,0.0,0.0,0.0,0.0,0.0
1.0,1.0,1.0,0.0,0.0,0.0
1.0,0.0,0.0,0.0,0.0,0.0
1.0,1.0,1.0,0.0,0.0,0.0
1.0,3.0,1.0,0.0,0.0,0.0
1.0,0.0,0.0,0.0,0.0,0.0
2.0,0.0,1.0,0.0,0.0,0.0
3.0,0.0,0.0,3.0,0.0,0.0
1.0,1.0,0.0,1.0,0.0,0.0
1.0,2.0,0.0,0.0,0.0,0.0
1.0,0.0,0.0,0.0,0.0,0.0
2.0,0.0,1.0,0.0,0.0,0.0
3.0,0.0,2.0,1.0,0.0,0.0
1.0,2.0,0.0,1.0,0.0,0.0
1.0,0.0,0.0,0.0,0.0,0.0
1.0,0.0,0.0,0.0,0.0,0.0
1.0,13.0,1.0,0.0,0.0,0.0
1.0,1.0,0.0,1.0,0.0,0.0
1.0,1.0,4.0,0.0,0.0,0.0
1.0,1.0,0.0,0.0,0.0,0.0
2.0,0.0,1.0,1.0,0.0,0.0
1.0,0.0,1.0,0.0,0.0,0.0
1.0,11.0,1.0,0.0,0.0,0.0
1.0,0.0,1.0,1.0,0.0,0.0
2.0,0.0,0.0,0.0,0.0,0.0
1.0,6.0,1.0,0.0,0.0,0.0
1.0,5.0,0.0,3.0,0.0,0.0
1.0,2.0,1.0,0.0,0.0,0.0
1.0,0.0,0.0,1.0,0.0,0.0
1.0,9.0,1.0,1.0,0.0,0.0
1.0,0.0,0.0,0.0,0.0,0.0
2.0,1.0,0.0,1.0,8.0,0.0
1.0,2.0,1.0,0.0,0.0,0.0
2.0,0.0,0.0,0.0,0.0,0.0
1.0,0.0,0.0,1.0,0.0,0.0
1.0,1.0,0.0,3.0,5.0,0.0
1.0,9.0,2.0,0.0,0.0,0.0
2.0,0.0,0.0,0.0,0.0,0.0
2.0,0.0,1.0,0.0,0.0,0.0
1.0,1.0,0.0,1.0,0.0,0.0
1.0,1.0,0.0,1.0,0.0,0.0
3.0,0.0,0.0,0.0,0.0,0.0
1.0,2.0,0.0,0.0,0.0,0.0
1.0,0.0,1.0,1.0,0.0,0.0
1.0,0.0,0.0,0.0,0.0,0.0
1.0,0.0,1.0,1.0,0.0,0.0
1.0,11.0,1.0,0.0,0.0,0.0
2.0,0.0,0.0,0.0,0.0,0.0
1.0,4.0,0.0,1.0,0.0,0.0
1.0,0.0,0.0,0.0,0.0,0.0
1.0,0.0,1.0,0.0,0.0,0.0
1.0,3.0,0.0,2.0,0.0,0.0
1.0,17.0,1.0,0.0,0.0,0.0
1.0,1.0,1.0,0.0,0.0,0.0
1.0,13.0,1.0,0.0,0.0,0.0
1.0,9.0,1.0,1.0,0.0,0.0
1.0,0.0,1.0,0.0,0.0,0.0
1.0,1.0,0.0,1.0,6.0,0.0
1.0,0.0,0.0,1.0,0.0,0.0
1.0,0.0,1.0,1.0,0.0,0.0
2.0,1.0,2.0,0.0,0.0,0.0
2.0,0.0,1.0,1.0,0.0,0.0
1.0,0.0,1.0,1.0,0.0,0.0
1.0,0.0,2.0,1.0,0.0,0.0
1.0,2.0,0.0,0.0,0.0,0.0
1.0,0.0,0.0,0.0,0.0,0.0
1.0,2.0,1.0,0.0,0.0,0.0
2.0,1.0,0.0,2.0,4.0,0.0
2.0,0.0,1.0,1.0,0.0,1.0
1.0,0.0,1.0,0.0,0.0,0.0
1.0,1.0,0.0,1.0,0.0,0.0
2.0,0.0,0.0,0.0,0.0,0.0
1.0,0.0,4.0,2.0,0.0,0.0
1.0,0.0,0.0,4.0,0.0,0.0
1.0,0.0,0.0,0.0,0.0,0.0
1.0,0.0,0.0,0.0,0.0,0.0
1.0,2.0,0.0,0.0,0.0,0.0
1.0,0.0,0.0,0.0,0.0,0.0
3.0,0.0,0.0,0.0,0.0,0.0
1.0,0.0,0.0,0.0,0.0,0.0
1.0,0.0,1.0,1.0,0.0,0.0
3.0,9.0,0.0,1.0,0.0,0.0
1.0,1.0,0.0,2.0,23.0,0.0
1.0,0.0,0.0,0.0,0.0,0.0
1.0,2.0,0.0,1.0,9.0,0.0
1.0,9.0,1.0,0.0,0.0,0.0
1.0,1.0,2.0,0.0,0.0,0.0
1.0,1.0,1.0,0.0,0.0,0.0
1.0,1.0,0.0,0.0,0.0,0.0
1.0,0.0,0.0,1.0,0.0,0.0
1.0,5.0,0.0,1.0,7.0,0.0
1.0,0.0,0.0,0.0,0.0,0.0
1.0,1.0,1.0,0.0,0.0,0.0
1.0,0.0,2.0,0.0,0.0,0.0
2.0,0.0,0.0,0.0,0.0,0.0
2.0,0.0,0.0,0.0,0.0,0.0
2.0,0.0,1.0,2.0,0.0,7.0
1.0,2.0,12.0,0.0,0.0,0.0
1.0,1.0,0.0,0.0,0.0,0.0
1.0,9.0,1.0,0.0,0.0,0.0
1.0,0.0,0.0,1.0,0.0,0.0
1.0,23.0,1.0,0.0,0.0,0.0
3.0,30.0,1.0,0.0,0.0,0.0
1.0,3.0,0.0,1.0,0.0,0.0
2.0,1.0,1.0,0.0,0.0,0.0
2.0,0.0,0.0,0.0,0.0,0.0
1.0,0.0,0.0,0.0,0.0,0.0
1.0,14.0,1.0,3.0,0.0,0.0
1.0,0.0,0.0,0.0,0.0,0.0
1.0,0.0,0.0,0.0,0.0,0.0
1.0,0.0,0.0,0.0,0.0,0.0
1.0,1.0,0.0,0.0,0.0,0.0
1.0,0.0,0.0,0.0,0.0,0.0
3.0,0.0,0.0,0.0,0.0,0.0
1.0,0.0,0.0,1.0,0.0,0.0
2.0,2.0,0.0,1.0,29.0,0.0
2.0,3.0,1.0,0.0,0.0,0.0
1.0,1.0,0.0,1.0,0.0,0.0
1.0,0.0,0.0,0.0,0.0,0.0
1.0,1.0,1.0,0.0,0.0,0.0
1.0,10.0,1.0,0.0,0.0,0.0
1.0,11.0,1.0,0.0,0.0,0.0
1.0,1.0,0.0,1.0,1.0,0.0
1.0,1.0,0.0,3.0,0.0,0.0
1.0,7.0,0.0,1.0,0.0,0.0
1.0,0.0,1.0,1.0,0.0,0.0
1.0,2.0,0.0,2.0,16.0,0.0
1.0,1.0,0.0,1.0,0.0,0.0
2.0,6.0,1.0,0.0,0.0,0.0
2.0,0.0,1.0,0.0,0.0,0.0
1.0,0.0,0.0,1.0,0.0,0.0
3.0,0.0,1.0,1.0,0.0,0.0
2.0,0.0,0.0,0.0,0.0,0.0
1.0,1.0,1.0,1.0,0.0,0.0
4.0,1.0,0.0,1.0,0.0,0.0
1.0,0.0,0.0,0.0,0.0,0.0
3.0,1.0,16.0,0.0,0.0,0.0
1.0,0.0,1.0,0.0,0.0,0.0
1.0,0.0,4.0,1.0,0.0,0.0
1.0,4.0,1.0,0.0,0.0,0.0
1.0,2.0,0.0,0.0,0.0,0.0
1.0,5.0,2.0,1.0,0.0,0.0
1.0,0.0,0.0,0.0,0.0,0.0
1.0,1.0,3.0,0.0,0.0,0.0
1.0,36.0,0.0,1.0,0.0,0.0
1.0,1.0,1.0,0.0,0.0,0.0
1.0,0.0,1.0,0.0,0.0,0.0
1.0,1.0,0.0,1.0,15.0,0.0
1.0,1.0,1.0,2.0,0.0,0.0
2.0,13.0,0.0,1.0,0.0,0.0
1.0,2.0,0.0,1.0,0.0,0.0
1.0,1.0,0.0,0.0,0.0,0.0
1.0,0.0,0.0,0.0,0.0,0.0
1.0,0.0,0.0,0.0,0.0,0.0
3.0,0.0,1.0,1.0,0.0,7.0
1.0,3.0,0.0,1.0,7.0,0.0
2.0,17.0,2.0,0.0,0.0,0.0
1.0,0.0,0.0,0.0,0.0,0.0
1.0,1.0,1.0,0.0,0.0,0.0
1.0,14.0,19.0,0.0,0.0,0.0
1.0,3.0,0.0,0.0,0.0,0.0
1.0,2.0,0.0,1.0,0.0,0.0
1.0,1.0,3.0,0.0,0.0,0.0
1.0,1.0,0.0,0.0,0.0,0.0
2.0,0.0,3.0,1.0,0.0,0.0
1.0,0.0,0.0,1.0,0.0,0.0
1.0,0.0,1.0,0.0,0.0,0.0
1.0,1.0,0.0,0.0,0.0,0.0
1.0,0.0,0.0,0.0,0.0,0.0
1.0,1.0,0.0,1.0,13.0,0.0
1.0,0.0,0.0,0.0,0.0,0.0
1.0,0.0,11.0,2.0,0.0,0.0
2.0,1.0,0.0,1.0,0.0,0.0
1.0,0.0,0.0,0.0,0.0,0.0
3.0,1.0,6.0,0.0,0.0,0.0
1.0,7.0,13.0,0.0,0.0,0.0
1.0,1.0,1.0,0.0,0.0,0.0
1.0,4.0,1.0,0.0,0.0,0.0
1.0,0.0,0.0,0.0,0.0,0.0
1.0,1.0,5.0,0.0,0.0,0.0
1.0,1.0,0.0,0.0,0.0,0.0
1.0,2.0,0.0,0.0,0.0,0.0
2.0,2.0,10.0,0.0,0.0,0.0
1.0,0.0,0.0,1.0,0.0,0.0
1.0,0.0,0.0,0.0,0.0,0.0
1.0,17.0,0.0,1.0,0.0,0.0
1.0,0.0,2.0,1.0,0.0,0.0
1.0,0.0,0.0,0.0,0.0,0.0
1.0,1.0,4.0,0.0,0.0,0.0
1.0,5.0,2.0,0.0,0.0,0.0
3.0,1.0,0.0,2.0,5.0,0.0
2.0,0.0,0.0,0.0,0.0,0.0
1.0,1.0,1.0,0.0,0.0,0.0
1.0,11.0,1.0,0.0,0.0,0.0
1.0,0.0,0.0,0.0,0.0,0.0
1.0,5.0,0.0,1.0,17.0,0.0
1.0,85.0,0.0,1.0,0.0,0.0
1.0,1.0,2.0,1.0,0.0,0.0
1.0,16.0,0.0,1.0,0.0,0.0
1.0,15.0,1.0,0.0,0.0,0.0
1.0,2.0,11.0,0.0,0.0,0.0
1.0,73.0,0.0,1.0,0.0,0.0
2.0,1.0,0.0,1.0,0.0,0.0
1.0,3.0,11.0,1.0,0.0,0.0
1.0,3.0,5.0,0.0,0.0,0.0
1.0,1.0,2.0,0.0,0.0,0.0
2.0,1.0,0.0,1.0,39.0,0.0
1.0,8.0,0.0,1.0,0.0,0.0
2.0,1.0,0.0,1.0,68.0,0.0
1.0,1.0,11.0,1.0,0.0,0.0
1.0,1.0,6.0,0.0,0.0,0.0
1.0,47.0,0.0,1.0,0.0,0.0
1.0,98.0,0.0,1.0,0.0,0.0
1.0,0.0,13.0,2.0,0.0,0.0
1.0,57.0,0.0,1.0,0.0,0.0
1.0,2.0,0.0,0.0,0.0,0.0
1.0,0.0,0.0,0.0,0.0,0.0
1.0,58.0,1.0,1.0,0.0,0.0
1.0,3.0,2.0,0.0,0.0,0.0
1.0,0.0,1.0,1.0,0.0,0.0
1.0,40.0,1.0,1.0,0.0,0.0
1.0,97.0,1.0,1.0,0.0,0.0
1.0,47.0,0.0,1.0,0.0,0.0
1.0,9.0,0.0,2.0,0.0,0.0
2.0,42.0,0.0,4.0,0.0,0.0
1.0,0.0,1.0,1.0,0.0,3.0
1.0,68.0,0.0,1.0,0.0,0.0
1.0,0.0,0.0,0.0,0.0,0.0
1.0,0.0,1.0,1.0,0.0,0.0
1.0,23.0,1.0,0.0,0.0,0.0
1.0,2.0,0.0,1.0,30.0,0.0
2.0,0.0,1.0,0.0,0.0,0.0
5.0,4.0,0.0,0.0,0.0,0.0
2.0,0.0,0.0,0.0,0.0,0.0
1.0,53.0,0.0,2.0,0.0,0.0
1.0,1.0,0.0,0.0,0.0,0.0
2.0,11.0,15.0,1.0,0.0,0.0
1.0,0.0,0.0,0.0,0.0,0.0
1.0,0.0,0.0,1.0,0.0,0.0
1.0,31.0,1.0,1.0,0.0,0.0
1.0,7.0,0.0,1.0,23.0,0.0
1.0,0.0,0.0,0.0,0.0,0.0
1.0,1.0,0.0,0.0,0.0,0.0
1.0,69.0,1.0,0.0,0.0,0.0
3.0,0.0,13.0,2.0,0.0,0.0
1.0,0.0,0.0,1.0,0.0,0.0
2.0,2.0,13.0,0.0,0.0,0.0
1.0,1.0,31.0,0.0,0.0,0.0
1.0,4.0,1.0,2.0,0.0,0.0
1.0,56.0,2.0,0.0,0.0,0.0
1.0,0.0,4.0,3.0,0.0,0.0
1.0,0.0,13.0,1.0,0.0,0.0
1.0,0.0,2.0,1.0,0.0,0.0
1.0,0.0,0.0,1.0,0.0,0.0
5.0,28.0,1.0,0.0,0.0,0.0
3.0,4.0,11.0,0.0,0.0,0.0
1.0,1.0,0.0,1.0,97.0,0.0
1.0,1.0,0.0,2.0,0.0,0.0
1.0,1.0,0.0,1.0,97.0,0.0
2.0,0.0,0.0,0.0,0.0,0.0
1.0,15.0,1.0,2.0,0.0,0.0
1.0,2.0,6.0,0.0,0.0,0.0
2.0,1.0,8.0,0.0,0.0,0.0
1.0,15.0,0.0,1.0,0.0,0.0
1.0,0.0,0.0,0.0,0.0,0.0
1.0,4.0,0.0,0.0,0.0,0.0
1.0,0.0,1.0,1.0,0.0,1.0
1.0,0.0,0.0,0.0,0.0,0.0
2.0,28.0,0.0,2.0,0.0,0.0
1.0,98.0,1.0,0.0,0.0,0.0
1.0,46.0,1.0,1.0,0.0,0.0
1.0,0.0,0.0,0.0,0.0,0.0
1.0,65.0,1.0,0.0,0.0,0.0
1.0,0.0,0.0,0.0,0.0,0.0
1.0,0.0,0.0,0.0,0.0,0.0
2.0,2.0,2.0,0.0,0.0,0.0
2.0,1.0,0.0,0.0,0.0,0.0
1.0,0.0,0.0,0.0,0.0,0.0
1.0,28.0,0.0,3.0,0.0,0.0
2.0,0.0,1.0,1.0,0.0,0.0
3.0,3.0,0.0,1.0,93.0,0.0
1.0,34.0,2.0,0.0,0.0,0.0
1.0,3.0,6.0,0.0,0.0,0.0
3.0,4.0,3.0,0.0,0.0,0.0
1.0,56.0,0.0,1.0,0.0,0.0
1.0,1.0,0.0,0.0,0.0,0.0
2.0,37.0,1.0,0.0,0.0,0.0
1.0,37.0,2.0,0.0,0.0,0.0
1.0,15.0,1.0,1.0,0.0,0.0
1.0,1.0,0.0,1.0,0.0,0.0
1.0,0.0,0.0,0.0,0.0,0.0
2.0,76.0,1.0,0.0,0.0,0.0
1.0,0.0,0.0,0.0,0.0,0.0
1.0,57.0,1.0,0.0,0.0,0.0
1.0,0.0,1.0,2.0,0.0,0.0
1.0,67.0,0.0,2.0,0.0,0.0
1.0,1.0,1.0,0.0,0.0,0.0
1.0,66.0,1.0,1.0,0.0,0.0
2.0,5.0,0.0,1.0,47.0,0.0
1.0,49.0,1.0,0.0,0.0,0.0
1.0,3.0,14.0,0.0,0.0,0.0
1.0,4.0,0.0,1.0,0.0,0.0
1.0,19.0,1.0,0.0,0.0,0.0
2.0,1.0,2.0,0.0,0.0,0.0
1.0,0.0,0.0,0.0,0.0,0.0
1.0,1.0,4.0,0.0,0.0,0.0
1.0,28.0,1.0,1.0,0.0,0.0
1.0,97.0,2.0,0.0,0.0,0.0
1.0,1.0,0.0,1.0,46.0,0.0
1.0,64.0,0.0,1.0,0.0,0.0
1.0,1.0,22.0,0.0,0.0,0.0
1.0,11.0,0.0,1.0,87.0,0.0
1.0,0.0,0.0,0.0,0.0,0.0
1.0,0.0,0.0,0.0,0.0,0.0
1.0,0.0,0.0,0.0,0.0,0.0
1.0,28.0,0.0,1.0,0.0,0.0
1.0,0.0,0.0,0.0,0.0,0.0
2.0,1.0,0.0,0.0,0.0,0.0
2.0,2.0,0.0,1.0,95.0,0.0
2.0,0.0,14.0,1.0,0.0,0.0
1.0,0.0,0.0,0.0,0.0,0.0
2.0,50.0,1.0,1.0,0.0,0.0
1.0,0.0,1.0,1.0,0.0,0.0
1.0,6.0,0.0,2.0,0.0,0.0
2.0,3.0,1.0,0.0,0.0,0.0
1.0,96.0,2.0,1.0,0.0,0.0
1.0,12.0,0.0,6.0,0.0,0.0
1.0,0.0,1.0,1.0,0.0,0.0
1.0,1.0,2.0,0.0,0.0,0.0
1.0,0.0,4.0,1.0,0.0,0.0
1.0,23.0,2.0,0.0,0.0,0.0
1.0,98.0,1.0,0.0,0.0,0.0
1.0,0.0,19.0,1.0,0.0,0.0
2.0,1.0,0.0,0.0,0.0,0.0
1.0,0.0,0.0,0.0,0.0,0.0
2.0,2.0,5.0,4.0,0.0,0.0
2.0,11.0,0.0,1.0,14.0,0.0
1.0,17.0,19.0,1.0,0.0,0.0
1.0,0.0,0.0,0.0,0.0,0.0
1.0,1.0,10.0,0.0,0.0,0.0
1.0,80.0,0.0,2.0,0.0,0.0
1.0,0.0,1.0,1.0,0.0,0.0
1.0,0.0,0.0,0.0,0.0,0.0
1.0,0.0,2.0,1.0,0.0,25.0
1.0,98.0,0.0,1.0,0.0,0.0
1.0,96.0,1.0,2.0,0.0,0.0
1.0,1.0,8.0,0.0,0.0,0.0
1.0,0.0,0.0,0.0,0.0,0.0
2.0,1.0,0.0,3.0,83.0,0.0
1.0,2.0,0.0,1.0,70.0,0.0
2.0,59.0,1.0,1.0,0.0,0.0
1.0,0.0,1.0,0.0,0.0,0.0
1.0,98.0,1.0,0.0,0.0,0.0
2.0,0.0,1.0,1.0,0.0,0.0
2.0,0.0,2.0,0.0,0.0,0.0
1.0,0.0,0.0,1.0,0.0,0.0
1.0,97.0,1.0,1.0,0.0,0.0
1.0,24.0,0.0,1.0,0.0,0.0
1.0,0.0,0.0,0.0,0.0,0.0
1.0,20.0,2.0,1.0,0.0,0.0
4.0,18.0,0.0,1.0,77.0,0.0
1.0,1.0,4.0,2.0,0.0,0.0
1.0,1.0,0.0,1.0,97.0,0.0
1.0,97.0,1.0,1.0,0.0,0.0
1.0,0.0,1.0,0.0,0.0,0.0
1.0,28.0,0.0,1.0,0.0,0.0
1.0,37.0,1.0,2.0,0.0,0.0
3.0,93.0,0.0,1.0,0.0,0.0
3.0,96.0,0.0,1.0,0.0,0.0
1.0,0.0,13.0,1.0,0.0,0.0
2.0,10.0,6.0,0.0,0.0,0.0
1.0,0.0,1.0,0.0,0.0,0.0
1.0,87.0,1.0,0.0,0.0,0.0
4.0,22.0,5.0,0.0,0.0,0.0
1.0,95.0,0.0,4.0,0.0,0.0
2.0,19.0,0.0,3.0,0.0,0.0
2.0,24.0,26.0,1.0,0.0,0.0
1.0,98.0,0.0,1.0,0.0,0.0
1.0,0.0,0.0,0.0,0.0,0.0
1.0,22.0,0.0,1.0,0.0,0.0
1.0,11.0,0.0,0.0,0.0,0.0
2.0,10.0,15.0,0.0,0.0,0.0
2.0,3.0,18.0,0.0,0.0,0.0
1.0,23.0,10.0,0.0,0.0,0.0
1.0,0.0,1.0,0.0,0.0,0.0
1.0,11.0,3.0,1.0,0.0,0.0
2.0,11.0,6.0,1.0,0.0,0.0
1.0,5.0,0.0,1.0,93.0,0.0
1.0,35.0,0.0,2.0,0.0,0.0
2.0,22.0,1.0,0.0,0.0,0.0
1.0,5.0,8.0,0.0,0.0,0.0
1.0,1.0,1.0,0.0,0.0,0.0
1.0,7.0,12.0,0.0,0.0,0.0
1.0,1.0,8.0,1.0,0.0,0.0
1.0,98.0,0.0,1.0,0.0,0.0
1.0,0.0,0.0,0.0,0.0,0.0
2.0,26.0,21.0,0.0,0.0,0.0
1.0,1.0,0.0,1.0,97.0,0.0
1.0,2.0,0.0,1.0,96.0,0.0
1.0,0.0,0.0,0.0,0.0,0.0
1.0,0.0,0.0,0.0,0.0,0.0
1.0,0.0,6.0,1.0,0.0,0.0
2.0,16.0,1.0,0.0,0.0,0.0
2.0,7.0,0.0,1.0,2.0,0.0
1.0,0.0,1.0,0.0,0.0,0.0
2.0,0.0,0.0,0.0,0.0,0.0
1.0,1.0,4.0,0.0,0.0,0.0
1.0,1.0,0.0,1.0,54.0,0.0
1.0,7.0,6.0,0.0,0.0,0.0
1.0,0.0,2.0,1.0,0.0,0.0
2.0,0.0,0.0,0.0,0.0,0.0
1.0,1.0,0.0,1.0,97.0,0.0
1.0,72.0,1.0,1.0,0.0,0.0
1.0,4.0,20.0,1.0,0.0,0.0
1.0,1.0,0.0,0.0,0.0,0.0
1.0,0.0,9.0,1.0,0.0,0.0
1.0,11.0,14.0,0.0,0.0,0.0
1.0,21.0,0.0,4.0,0.0,0.0
2.0,46.0,1.0,0.0,0.0,0.0
2.0,1.0,11.0,1.0,0.0,0.0
2.0,0.0,4.0,1.0,0.0,0.0
1.0,0.0,8.0,2.0,0.0,0.0
1.0,0.0,1.0,0.0,0.0,0.0
1.0,0.0,0.0,0.0,0.0,0.0
1.0,0.0,0.0,0.0,0.0,0.0
1.0,1.0,9.0,2.0,0.0,0.0
2.0,55.0,1.0,0.0,0.0,0.0
2.0,1.0,0.0,1.0,96.0,0.0
1.0,0.0,13.0,3.0,0.0,0.0
3.0,95.0,1.0,1.0,0.0,0.0
1.0,98.0,1.0,0.0,0.0,0.0
1.0,0.0,2.0,1.0,0.0,0.0
2.0,50.0,0.0,2.0,0.0,0.0
1.0,96.0,2.0,1.0,0.0,0.0
1.0,10.0,0.0,1.0,30.0,0.0
1.0,0.0,1.0,3.0,0.0,0.0
1.0,0.0,0.0,0.0,0.0,0.0
3.0,3.0,10.0,1.0,0.0,0.0
1.0,98.0,1.0,0.0,0.0,0.0
2.0,0.0,1.0,0.0,0.0,0.0
2.0,96.0,2.0,0.0,0.0,0.0
1.0,97.0,2.0,0.0,0.0,0.0
1.0,54.0,1.0,2.0,0.0,0.0
1.0,46.0,0.0,2.0,0.0,0.0
1.0,0.0,0.0,0.0,0.0,0.0
3.0,1.0,0.0,1.0,95.0,0.0
1.0,0.0,1.0,4.0,0.0,7.0
1.0,6.0,6.0,0.0,0.0,0.0
1.0,1.0,0.0,1.0,90.0,0.0
2.0,0.0,1.0,1.0,0.0,6.0
1.0,4.0,0.0,1.0,0.0,0.0
1.0,0.0,0.0,0.0,0.0,0.0
2.0,0.0,4.0,1.0,0.0,3.0
2.0,97.0,0.0,1.0,0.0,0.0
2.0,18.0,0.0,2.0,3.0,0.0
1.0,2.0,0.0,1.0,96.0,0.0
1.0,98.0,0.0,1.0,0.0,0.0
1.0,1.0,3.0,0.0,0.0,0.0
1.0,42.0,1.0,0.0,0.0,0.0
1.0,1.0,0.0,1.0,0.0,0.0
1.0,10.0,0.0,1.0,75.0,0.0
1.0,8.0,1.0,0.0,0.0,0.0
1.0,19.0,16.0,0.0,0.0,0.0
1.0,1.0,0.0,0.0,0.0,0.0
1.0,76.0,1.0,0.0,0.0,0.0
1.0,0.0,0.0,0.0,0.0,0.0
1.0,0.0,12.0,1.0,0.0,0.0
1.0,0.0,1.0,0.0,0.0,0.0
1.0,95.0,2.0,2.0,0.0,0.0
1.0,0.0,9.0,1.0,0.0,0.0
1.0,0.0,0.0,0.0,0.0,0.0
1.0,20.0,0.0,1.0,78.0,0.0
1.0,1.0,0.0,1.0,82.0,0.0
1.0,5.0,4.0,3.0,0.0,0.0
2.0,1.0,0.0,2.0,95.0,0.0
1.0,0.0,1.0,0.0,0.0,0.0
1.0,7.0,3.0,0.0,0.0,0.0
2.0,0.0,0.0,0.0,0.0,0.0
1.0,3.0,27.0,1.0,0.0,0.0
2.0,0.0,1.0,1.0,0.0,8.0
1.0,96.0,3.0,0.0,0.0,0.0
2.0,4.0,1.0,2.0,0.0,0.0
1.0,0.0,4.0,5.0,0.0,0.0
1.0,97.0,0.0,2.0,0.0,0.0
1.0,1.0,13.0,0.0,0.0,0.0
1.0,98.0,0.0,1.0,0.0,0.0
1.0,98.0,1.0,0.0,0.0,0.0
1.0,1.0,0.0,1.0,0.0,0.0
3.0,96.0,1.0,0.0,0.0,0.0
2.0,0.0,1.0,0.0,0.0,0.0
1.0,50.0,1.0,0.0,0.0,0.0
1.0,1.0,20.0,0.0,0.0,0.0
1.0,0.0,0.0,0.0,0.0,0.0
1.0,0.0,1.0,1.0,0.0,10.0
1.0,98.0,1.0,0.0,0.0,0.0
3.0,1.0,2.0,0.0,0.0,0.0
2.0,44.0,17.0,1.0,0.0,0.0
1.0,98.0,1.0,0.0,0.0,0.0
1.0,1.0,0.0,0.0,0.0,0.0
3.0,0.0,6.0,1.0,0.0,0.0
1.0,1.0,0.0,1.0,97.0,0.0
1.0,98.0,1.0,0.0,0.0,0.0
2.0,13.0,1.0,0.0,0.0,0.0
1.0,42.0,0.0,1.0,0.0,0.0
1.0,97.0,2.0,0.0,0.0,0.0
1.0,97.0,2.0,0.0,0.0,0.0
1.0,2.0,0.0,1.0,93.0,0.0
2.0,96.0,0.0,2.0,0.0,0.0
1.0,0.0,0.0,0.0,0.0,0.0
1.0,11.0,0.0,2.0,86.0,0.0
1.0,24.0,0.0,1.0,0.0,0.0
1.0,98.0,1.0,0.0,0.0,0.0
1.0,95.0,1.0,0.0,0.0,0.0
2.0,86.0,1.0,0.0,0.0,0.0
1.0,98.0,0.0,1.0,0.0,0.0
3.0,96.0,0.0,1.0,0.0,0.0
1.0,0.0,0.0,0.0,0.0,0.0
1.0,1.0,2.0,0.0,0.0,0.0
2.0,19.0,0.0,2.0,77.0,0.0
1.0,0.0,1.0,1.0,0.0,0.0
2.0,1.0,22.0,1.0,0.0,0.0
1.0,11.0,0.0,1.0,87.0,0.0
1.0,98.0,0.0,1.0,0.0,0.0
1.0,97.0,0.0,2.0,0.0,0.0
1.0,98.0,0.0,1.0,0.0,0.0
2.0,0.0,1.0,1.0,0.0,33.0
1.0,98.0,1.0,0.0,0.0,0.0
1.0,0.0,0.0,0.0,0.0,0.0
1.0,98.0,0.0,1.0,0.0,0.0
1.0,98.0,0.0,1.0,0.0,0.0
1.0,1.0,2.0,0.0,0.0,0.0
2.0,97.0,0.0,1.0,0.0,0.0
1.0,1.0,14.0,0.0,0.0,0.0
1.0,0.0,1.0,0.0,0.0,0.0
1.0,32.0,1.0,0.0,0.0,0.0
1.0,98.0,1.0,0.0,0.0,0.0
1.0,98.0,0.0,1.0,0.0,0.0
3.0,96.0,0.0,1.0,0.0,0.0
1.0,98.0,0.0,1.0,0.0,0.0
2.0,5.0,0.0,1.0,92.0,0.0
1.0,0.0,0.0,0.0,0.0,0.0
1.0,4.0,17.0,0.0,0.0,0.0
1.0,97.0,0.0,2.0,0.0,0.0
2.0,0.0,1.0,2.0,0.0,0.0
2.0,0.0,0.0,0.0,0.0,0.0
1.0,19.0,0.0,1.0,7.0,0.0
1.0,0.0,0.0,0.0,0.0,0.0
2.0,0.0,1.0,0.0,0.0,0.0
1.0,0.0,17.0,1.0,0.0,0.0
2.0,1.0,0.0,1.0,96.0,0.0
1.0,4.0,19.0,0.0,0.0,0.0
1.0,0.0,2.0,0.0,0.0,0.0
2.0,12.0,3.0,0.0,0.0,0.0
1.0,0.0,0.0,1.0,0.0,0.0
1.0,0.0,0.0,2.0,0.0,0.0
1.0,0.0,0.0,1.0,0.0,0.0
1.0,98.0,0.0,1.0,0.0,0.0
1.0,97.0,2.0,0.0,0.0,0.0
4.0,0.0,0.0,0.0,0.0,0.0
2.0,97.0,0.0,1.0,0.0,0.0
1.0,0.0,0.0,0.0,0.0,0.0
1.0,98.0,1.0,0.0,0.0,0.0
1.0,0.0,0.0,3.0,0.0,0.0
1.0,0.0,1.0,0.0,0.0,0.0
1.0,98.0,1.0,0.0,0.0,0.0
1.0,0.0,1.0,0.0,0.0,0.0
1.0,98.0,0.0,1.0,0.0,0.0
1.0,98.0,1.0,0.0,0.0,0.0
1.0,0.0,0.0,0.0,0.0,0.0
1.0,13.0,0.0,1.0,0.0,0.0
1.0,25.0,14.0,0.0,0.0,0.0
2.0,96.0,0.0,2.0,0.0,0.0
1.0,94.0,1.0,4.0,0.0,0.0
1.0,96.0,1.0,2.0,0.0,0.0
1.0,0.0,0.0,0.0,0.0,0.0
1.0,95.0,1.0,3.0,0.0,0.0
1.0,97.0,2.0,0.0,0.0,0.0
1.0,96.0,0.0,3.0,0.0,0.0
1.0,97.0,2.0,0.0,0.0,0.0
1.0,96.0,1.0,2.0,0.0,0.0
1.0,98.0,0.0,1.0,0.0,0.0
1.0,8.0,0.0,1.0,90.0,0.0
3.0,96.0,1.0,0.0,0.0,0.0
1.0,97.0,1.0,1.0,0.0,0.0
1.0,95.0,1.0,0.0,0.0,0.0
1.0,0.0,6.0,2.0,0.0,0.0
1.0,0.0,1.0,1.0,0.0,11.0
1.0,23.0,8.0,1.0,0.0,0.0
1.0,0.0,0.0,0.0,0.0,0.0
1.0,1.0,17.0,0.0,0.0,0.0
3.0,0.0,7.0,1.0,0.0,0.0
1.0,0.0,0.0,0.0,0.0,0.0
1.0,0.0,1.0,0.0,0.0,0.0
1.0,0.0,0.0,1.0,0.0,0.0
1.0,45.0,11.0,0.0,0.0,0.0
2.0,0.0,0.0,0.0,0.0,0.0
2.0,6.0,0.0,1.0,91.0,0.0
1.0,96.0,3.0,0.0,0.0,0.0
1.0,0.0,0.0,1.0,0.0,0.0
1.0,97.0,0.0,2.0,0.0,0.0
1.0,0.0,0.0,0.0,0.0,0.0
1.0,98.0,0.0,1.0,0.0,0.0
1.0,35.0,9.0,0.0,0.0,0.0
2.0,94.0,0.0,4.0,0.0,0.0
1.0,8.0,2.0,1.0,0.0,0.0
1.0,0.0,1.0,1.0,0.0,0.0
1.0,98.0,0.0,1.0,0.0,0.0
1.0,97.0,1.0,1.0,0.0,0.0
2.0,97.0,0.0,1.0,0.0,0.0
2.0,11.0,32.0,1.0,0.0,0.0
2.0,1.0,3.0,0.0,0.0,0.0
1.0,97.0,0.0,2.0,0.0,0.0
1.0,98.0,0.0,1.0,0.0,0.0
1.0,0.0,0.0,0.0,0.0,0.0
1.0,0.0,0.0,1.0,0.0,0.0
1.0,0.0,0.0,0.0,0.0,0.0
1.0,97.0,0.0,2.0,0.0,0.0
1.0,0.0,0.0,0.0,0.0,0.0
1.0,64.0,3.0,0.0,0.0,0.0
1.0,0.0,28.0,1.0,0.0,0.0
1.0,19.0,1.0,0.0,0.0,0.0
1.0,0.0,14.0,1.0,0.0,0.0
1.0,83.0,1.0,2.0,0.0,0.0
1.0,0.0,7.0,1.0,0.0,0.0
1.0,97.0,0.0,2.0,0.0,0.0
1.0,0.0,0.0,0.0,0.0,0.0
1.0,1.0,0.0,1.0,0.0,0.0
1.0,98.0,0.0,1.0,0.0,0.0
1.0,0.0,0.0,0.0,0.0,0.0
1.0,72.0,1.0,0.0,0.0,0.0
1.0,98.0,1.0,0.0,0.0,0.0
1.0,0.0,0.0,0.0,0.0,0.0
2.0,52.0,0.0,2.0,0.0,0.0
1.0,32.0,1.0,0.0,0.0,0.0
1.0,98.0,0.0,1.0,0.0,0.0
1.0,20.0,0.0,2.0,77.0,0.0
1.0,97.0,0.0,1.0,0.0,0.0
1.0,0.0,1.0,2.0,0.0,9.0
1.0,0.0,0.0,0.0,0.0,0.0
1.0,97.0,0.0,2.0,0.0,0.0
1.0,98.0,1.0,0.0,0.0,0.0
1.0,1.0,0.0,1.0,97.0,0.0
1.0,0.0,0.0,0.0,0.0,0.0
1.0,0.0,0.0,4.0,0.0,0.0
1.0,0.0,9.0,1.0,0.0,0.0
1.0,7.0,7.0,0.0,0.0,0.0
1.0,97.0,2.0,0.0,0.0,0.0
1.0,0.0,0.0,1.0,0.0,0.0
1.0,0.0,0.0,0.0,0.0,0.0
3.0,26.0,0.0,5.0,66.0,0.0
1.0,2.0,0.0,1.0,96.0,0.0
1.0,0.0,0.0,0.0,0.0,0.0
2.0,1.0,15.0,0.0,0.0,0.0
1.0,4.0,0.0,3.0,72.0,0.0
1.0,97.0,2.0,0.0,0.0,0.0
2.0,96.0,0.0,2.0,0.0,0.0
1.0,0.0,0.0,0.0,0.0,0.0
1.0,0.0,2.0,1.0,0.0,15.0
1.0,97.0,1.0,1.0,0.0,0.0
1.0,0.0,0.0,0.0,0.0,0.0
1.0,1.0,7.0,0.0,0.0,0.0
1.0,94.0,1.0,4.0,0.0,0.0
1.0,10.0,0.0,2.0,87.0,0.0
1.0,98.0,1.0,0.0,0.0,0.0
1.0,98.0,1.0,0.0,0.0,0.0
1.0,0.0,0.0,1.0,0.0,0.0
4.0,38.0,33.0,0.0,0.0,0.0
1.0,0.0,2.0,1.0,0.0,0.0
1.0,0.0,1.0,1.0,0.0,0.0
2.0,69.0,0.0,1.0,0.0,0.0
3.0,16.0,11.0,0.0,0.0,0.0
2.0,97.0,0.0,1.0,0.0,0.0
1.0,2.0,0.0,2.0,95.0,0.0
1.0,0.0,1.0,0.0,0.0,0.0
2.0,0.0,0.0,0.0,0.0,0.0
1.0,96.0,1.0,2.0,0.0,0.0
1.0,1.0,26.0,1.0,0.0,0.0
1.0,7.0,15.0,1.0,0.0,0.0
2.0,0.0,0.0,0.0,0.0,0.0
1.0,97.0,1.0,1.0,0.0,0.0
3.0,16.0,0.0,1.0,80.0,0.0
1.0,97.0,1.0,1.0,0.0,0.0
2.0,0.0,21.0,1.0,0.0,0.0
2.0,22.0,1.0,0.0,0.0,0.0
1.0,0.0,1.0,0.0,0.0,0.0
1.0,41.0,0.0,1.0,0.0,0.0
1.0,0.0,2.0,1.0,0.0,0.0
1.0,0.0,1.0,1.0,0.0,50.0
2.0,0.0,3.0,1.0,0.0,0.0
1.0,0.0,0.0,0.0,0.0,0.0
1.0,96.0,1.0,2.0,0.0,0.0
2.0,25.0,1.0,3.0,0.0,0.0
2.0,1.0,0.0,1.0,96.0,0.0
1.0,0.0,0.0,1.0,0.0,0.0
1.0,1.0,16.0,1.0,0.0,0.0
2.0,97.0,0.0,1.0,0.0,0.0
1.0,0.0,0.0,0.0,0.0,0.0
1.0,0.0,0.0,0.0,0.0,0.0
1.0,0.0,0.0,0.0,0.0,0.0
2.0,2.0,7.0,0.0,0.0,0.0
1.0,98.0,0.0,1.0,0.0,0.0
2.0,95.0,1.0,2.0,0.0,0.0
2.0,7.0,3.0,0.0,0.0,0.0
1.0,7.0,1.0,0.0,0.0,0.0
1.0,0.0,0.0,0.0,0.0,0.0
1.0,1.0,0.0,1.0,97.0,0.0
1.0,0.0,0.0,0.0,0.0,0.0
1.0,1.0,0.0,3.0,95.0,0.0
2.0,96.0,2.0,0.0,0.0,0.0
2.0,11.0,1.0,0.0,0.0,0.0
1.0,98.0,1.0,0.0,0.0,0.0
2.0,97.0,0.0,1.0,0.0,0.0
2.0,97.0,1.0,0.0,0.0,0.0
2.0,1.0,12.0,1.0,0.0,0.0
1.0,97.0,0.0,2.0,0.0,0.0
1.0,6.0,0.0,2.0,91.0,0.0
1.0,12.0,27.0,0.0,0.0,0.0
1.0,98.0,1.0,0.0,0.0,0.0
1.0,72.0,0.0,1.0,0.0,0.0
1.0,0.0,1.0,1.0,0.0,0.0
1.0,3.0,17.0,0.0,0.0,0.0
1.0,98.0,0.0,1.0,0.0,0.0
1.0,98.0,1.0,0.0,0.0,0.0
2.0,93.0,3.0,2.0,0.0,0.0
2.0,0.0,0.0,0.0,0.0,0.0
1.0,0.0,1.0,1.0,0.0,0.0
1.0,98.0,0.0,1.0,0.0,0.0
2.0,44.0,15.0,3.0,0.0,0.0
1.0,2.0,0.0,3.0,93.0,0.0
2.0,0.0,1.0,2.0,0.0,13.0
1.0,17.0,8.0,2.0,0.0,0.0
4.0,0.0,1.0,3.0,0.0,2.0
1.0,97.0,0.0,2.0,0.0,0.0
1.0,97.0,2.0,0.0,0.0,0.0
1.0,0.0,1.0,1.0,0.0,21.0
1.0,96.0,3.0,0.0,0.0,0.0
1.0,0.0,3.0,1.0,0.0,0.0
1.0,0.0,2.0,1.0,0.0,0.0
1.0,1.0,1.0,0.0,0.0,0.0
2.0,25.0,9.0,1.0,0.0,0.0
1.0,51.0,1.0,0.0,0.0,0.0
3.0,8.0,0.0,1.0,88.0,0.0
1.0,15.0,1.0,2.0,0.0,0.0
1.0,9.0,16.0,0.0,0.0,0.0
1.0,96.0,2.0,1.0,0.0,0.0
2.0,20.0,28.0,1.0,0.0,0.0
1.0,98.0,0.0,1.0,0.0,0.0
3.0,2.0,0.0,1.0,94.0,0.0
1.0,8.0,8.0,2.0,0.0,0.0
1.0,11.0,6.0,0.0,0.0,0.0
2.0,94.0,1.0,3.0,0.0,0.0
1.0,0.0,0.0,0.0,0.0,0.0
1.0,98.0,0.0,1.0,0.0,0.0
1.0,1.0,8.0,0.0,0.0,0.0
1.0,97.0,1.0,1.0,0.0,0.0
1.0,0.0,1.0,0.0,0.0,0.0
1.0,0.0,2.0,1.0,0.0,0.0
1.0,98.0,1.0,0.0,0.0,0.0
1.0,1.0,35.0,1.0,0.0,0.0
1.0,98.0,0.0,1.0,0.0,0.0
3.0,4.0,10.0,0.0,0.0,0.0
1.0,97.0,0.0,2.0,0.0,0.0
1.0,97.0,2.0,0.0,0.0,0.0
1.0,97.0,1.0,1.0,0.0,0.0
2.0,10.0,0.0,2.0,18.0,0.0
1.0,12.0,0.0,1.0,86.0,0.0
1.0,4.0,0.0,2.0,93.0,0.0
2.0,9.0,0.0,1.0,88.0,0.0
1.0,0.0,0.0,0.0,0.0,0.0
1.0,5.0,0.0,3.0,13.0,0.0
2.0,0.0,0.0,0.0,0.0,0.0
1.0,5.0,2.0,1.0,0.0,0.0
1.0,0.0,0.0,0.0,0.0,0.0
1.0,0.0,8.0,1.0,0.0,0.0
2.0,96.0,2.0,0.0,0.0,0.0
1.0,0.0,12.0,2.0,0.0,0.0
1.0,98.0,1.0,0.0,0.0,0.0
1.0,98.0,1.0,0.0,0.0,0.0
3.0,0.0,1.0,1.0,0.0,12.0
1.0,0.0,0.0,0.0,0.0,0.0
1.0,98.0,0.0,1.0,0.0,0.0
2.0,97.0,0.0,1.0,0.0,0.0
1.0,0.0,15.0,2.0,0.0,0.0
1.0,0.0,41.0,2.0,0.0,0.0
1.0,98.0,1.0,0.0,0.0,0.0
1.0,98.0,0.0,1.0,0.0,0.0
1.0,1.0,18.0,0.0,0.0,0.0
1.0,98.0,0.0,1.0,0.0,0.0
2.0,97.0,0.0,1.0,0.0,0.0
1.0,97.0,2.0,0.0,0.0,0.0
4.0,0.0,6.0,3.0,0.0,0.0
1.0,98.0,0.0,1.0,0.0,0.0
3.0,96.0,0.0,1.0,0.0,0.0
2.0,97.0,0.0,1.0,0.0,0.0
1.0,98.0,1.0,0.0,0.0,0.0
1.0,0.0,8.0,1.0,0.0,0.0
2.0,95.0,3.0,0.0,0.0,0.0
2.0,0.0,0.0,0.0,0.0,0.0
1.0,1.0,0.0,0.0,0.0,0.0
1.0,97.0,0.0,2.0,0.0,0.0
2.0,97.0,1.0,0.0,0.0,0.0
1.0,0.0,1.0,0.0,0.0,0.0
3.0,32.0,0.0,1.0,0.0,0.0
1.0,0.0,0.0,1.0,0.0,0.0
1.0,0.0,18.0,1.0,0.0,0.0
1.0,0.0,19.0,1.0,0.0,0.0
1.0,7.0,0.0,1.0,91.0,0.0
2.0,97.0,0.0,1.0,0.0,0.0
1.0,0.0,17.0,1.0,0.0,0.0
1.0,96.0,0.0,3.0,0.0,0.0
1.0,90.0,1.0,1.0,0.0,0.0
2.0,97.0,1.0,0.0,0.0,0.0
1.0,0.0,0.0,0.0,0.0,0.0
1.0,42.0,0.0,2.0,55.0,0.0
1.0,0.0,0.0,0.0,0.0,0.0
1.0,98.0,1.0,0.0,0.0,0.0
1.0,98.0,0.0,1.0,0.0,0.0
1.0,0.0,1.0,3.0,0.0,23.0
1.0,97.0,0.0,2.0,0.0,0.0
1.0,97.0,0.0,2.0,0.0,0.0
1.0,0.0,0.0,0.0,0.0,0.0
1.0,96.0,2.0,1.0,0.0,0.0
1.0,20.0,0.0,1.0,78.0,0.0
1.0,0.0,26.0,1.0,0.0,0.0
1.0,97.0,0.0,2.0,0.0,0.0
1.0,83.0,1.0,0.0,0.0,0.0
1.0,0.0,0.0,0.0,0.0,0.0
1.0,97.0,0.0,2.0,0.0,0.0
1.0,98.0,1.0,0.0,0.0,0.0
1.0,1.0,2.0,0.0,0.0,0.0
1.0,97.0,2.0,0.0,0.0,0.0
2.0,21.0,35.0,1.0,0.0,0.0
1.0,0.0,0.0,0.0,0.0,0.0
2.0,0.0,1.0,1.0,0.0,34.0
1.0,28.0,0.0,2.0,69.0,0.0
2.0,12.0,4.0,0.0,0.0,0.0
1.0,3.0,3.0,0.0,0.0,0.0
1.0,6.0,29.0,0.0,0.0,0.0
1.0,0.0,1.0,2.0,0.0,1.0
1.0,98.0,1.0,0.0,0.0,0.0
1.0,0.0,0.0,0.0,0.0,0.0
1.0,0.0,19.0,1.0,0.0,0.0
1.0,0.0,0.0,0.0,0.0,0.0
1.0,0.0,0.0,0.0,0.0,0.0
1.0,96.0,0.0,3.0,0.0,0.0
2.0,97.0,0.0,1.0,0.0,0.0
1.0,98.0,1.0,0.0,0.0,0.0
1.0,5.0,0.0,2.0,92.0,0.0
1.0,0.0,0.0,0.0,0.0,0.0
2.0,1.0,6.0,2.0,0.0,0.0
2.0,1.0,12.0,0.0,0.0,0.0
1.0,0.0,0.0,0.0,0.0,0.0
1.0,98.0,0.0,1.0,0.0,0.0
1.0,99.0,0.0,0.0,0.0,0.0
1.0,97.0,1.0,1.0,0.0,0.0
1.0,98.0,1.0,0.0,0.0,0.0
1.0,0.0,0.0,0.0,0.0,0.0
1.0,1.0,0.0,0.0,0.0,0.0
1.0,0.0,0.0,0.0,0.0,0.0
1.0,98.0,0.0,1.0,0.0,0.0
2.0,96.0,1.0,1.0,0.0,0.0
2.0,0.0,5.0,4.0,0.0,0.0
1.0,98.0,0.0,1.0,0.0,0.0
2.0,48.0,0.0,1.0,0.0,0.0
2.0,3.0,1.0,3.0,0.0,0.0
1.0,90.0,0.0,2.0,0.0,0.0
2.0,96.0,1.0,1.0,0.0,0.0
1.0,25.0,0.0,2.0,72.0,0.0
1.0,1.0,0.0,0.0,0.0,0.0
1.0,98.0,1.0,0.0,0.0,0.0
1.0,97.0,2.0,0.0,0.0,0.0
3.0,96.0,0.0,1.0,0.0,0.0
2.0,43.0,16.0,0.0,0.0,0.0
1.0,0.0,0.0,0.0,0.0,0.0
1.0,0.0,52.0,2.0,0.0,0.0
1.0,97.0,1.0,1.0,0.0,0.0
2.0,0.0,1.0,1.0,0.0,2.0
1.0,97.0,1.0,1.0,0.0,0.0
1.0,1.0,1.0,0.0,0.0,0.0
1.0,0.0,0.0,0.0,0.0,0.0
2.0,96.0,1.0,1.0,0.0,0.0
1.0,0.0,0.0,0.0,0.0,0.0
1.0,97.0,0.0,2.0,0.0,0.0
2.0,0.0,1.0,1.0,0.0,11.0
1.0,18.0,1.0,1.0,0.0,0.0
1.0,98.0,1.0,0.0,0.0,0.0
1.0,0.0,11.0,1.0,0.0,0.0
1.0,98.0,1.0,0.0,0.0,0.0
1.0,98.0,1.0,0.0,0.0,0.0
1.0,6.0,0.0,1.0,92.0,0.0
1.0,1.0,1.0,0.0,0.0,0.0
1.0,0.0,24.0,1.0,0.0,0.0
1.0,98.0,0.0,1.0,0.0,0.0
3.0,96.0,0.0,1.0,0.0,0.0
2.0,18.0,0.0,1.0,79.0,0.0
2.0,5.0,11.0,0.0,0.0,0.0
2.0,97.0,0.0,1.0,0.0,0.0
1.0,6.0,0.0,1.0,92.0,0.0
1.0,7.0,7.0,0.0,0.0,0.0
1.0,1.0,0.0,1.0,97.0,0.0
2.0,37.0,38.0,0.0,0.0,0.0
1.0,97.0,1.0,1.0,0.0,0.0
1.0,3.0,32.0,3.0,0.0,0.0
1.0,0.0,26.0,2.0,0.0,0.0
1.0,1.0,1.0,0.0,0.0,0.0
1.0,0.0,27.0,1.0,0.0,0.0
2.0,0.0,26.0,2.0,0.0,0.0
1.0,42.0,0.0,2.0,55.0,0.0
1.0,98.0,0.0,1.0,0.0,0.0
2.0,97.0,0.0,1.0,0.0,0.0
1.0,98.0,0.0,1.0,0.0,0.0
1.0,0.0,25.0,1.0,0.0,0.0
1.0,70.0,0.0,1.0,28.0,0.0
1.0,11.0,1.0,2.0,0.0,0.0
1.0,98.0,0.0,1.0,0.0,0.0
1.0,9.0,0.0,1.0,0.0,0.0
1.0,8.0,0.0,1.0,90.0,0.0
1.0,0.0,21.0,2.0,0.0,0.0
1.0,15.0,0.0,1.0,0.0,0.0
1.0,98.0,1.0,0.0,0.0,0.0
2.0,95.0,2.0,1.0,0.0,0.0
1.0,0.0,33.0,1.0,0.0,0.0
1.0,99.0,0.0,0.0,0.0,0.0
2.0,97.0,0.0,1.0,0.0,0.0
1.0,97.0,0.0,2.0,0.0,0.0
1.0,73.0,1.0,0.0,0.0,0.0
2.0,9.0,26.0,0.0,0.0,0.0
1.0,98.0,0.0,1.0,0.0,0.0
1.0,98.0,1.0,0.0,0.0,0.0
1.0,18.0,29.0,0.0,0.0,0.0
2.0,97.0,1.0,0.0,0.0,0.0
1.0,0.0,0.0,0.0,0.0,0.0
2.0,3.0,43.0,0.0,0.0,0.0
2.0,97.0,0.0,1.0,0.0,0.0
1.0,1.0,18.0,1.0,0.0,0.0
1.0,70.0,0.0,3.0,26.0,0.0
1.0,98.0,0.0,1.0,0.0,0.0
1.0,1.0,0.0,1.0,97.0,0.0
1.0,98.0,1.0,0.0,0.0,0.0
2.0,0.0,41.0,4.0,0.0,0.0
1.0,0.0,2.0,1.0,0.0,0.0
2.0,52.0,38.0,1.0,0.0,0.0
1.0,98.0,1.0,0.0,0.0,0.0
1.0,1.0,4.0,0.0,0.0,0.0
1.0,98.0,1.0,0.0,0.0,0.0
1.0,0.0,1.0,1.0,0.0,0.0
1.0,60.0,0.0,1.0,38.0,0.0
1.0,98.0,1.0,0.0,0.0,0.0
2.0,1.0,7.0,2.0,0.0,0.0
2.0,96.0,0.0,2.0,0.0,0.0
1.0,0.0,15.0,5.0,0.0,0.0
2.0,24.0,0.0,3.0,71.0,0.0
1.0,0.0,4.0,1.0,0.0,0.0
1.0,0.0,0.0,1.0,0.0,0.0
1.0,17.0,4.0,0.0,0.0,0.0
1.0,2.0,0.0,0.0,0.0,0.0
1.0,98.0,0.0,1.0,0.0,0.0
2.0,97.0,1.0,0.0,0.0,0.0
1.0,98.0,0.0,1.0,0.0,0.0
1.0,54.0,13.0,0.0,0.0,0.0
1.0,0.0,1.0,1.0,0.0,1.0
1.0,0.0,11.0,1.0,0.0,0.0
1.0,0.0,0.0,0.0,0.0,0.0
2.0,0.0,0.0,0.0,0.0,0.0
1.0,97.0,1.0,1.0,0.0,0.0
1.0,34.0,0.0,2.0,63.0,0.0
1.0,0.0,0.0,0.0,0.0,0.0
2.0,0.0,11.0,1.0,0.0,0.0
1.0,2.0,27.0,0.0,0.0,0.0
1.0,0.0,0.0,0.0,0.0,0.0
1.0,1.0,11.0,0.0,0.0,0.0
2.0,98.0,0.0,0.0,0.0,0.0
2.0,0.0,14.0,1.0,0.0,0.0
2.0,96.0,0.0,2.0,0.0,0.0
1.0,42.0,29.0,0.0,0.0,0.0
2.0,67.0,0.0,1.0,30.0,0.0
2.0,95.0,2.0,1.0,0.0,0.0
1.0,0.0,1.0,1.0,0.0,1.0
1.0,46.0,26.0,0.0,0.0,0.0
1.0,97.0,2.0,0.0,0.0,0.0
3.0,1.0,8.0,0.0,0.0,0.0
2.0,96.0,0.0,2.0,0.0,0.0
1.0,0.0,0.0,0.0,0.0,0.0
1.0,1.0,0.0,1.0,97.0,0.0
1.0,98.0,0.0,1.0,0.0,0.0
1.0,9.0,0.0,1.0,89.0,0.0
1.0,0.0,2.0,1.0,0.0,0.0
1.0,97.0,2.0,0.0,0.0,0.0
1.0,31.0,3.0,0.0,0.0,0.0
1.0,0.0,0.0,0.0,0.0,0.0
1.0,0.0,1.0,1.0,0.0,9.0
1.0,36.0,9.0,0.0,0.0,0.0
1.0,96.0,0.0,3.0,0.0,0.0
3.0,96.0,1.0,0.0,0.0,0.0
1.0,0.0,0.0,0.0,0.0,0.0
1.0,0.0,0.0,0.0,0.0,0.0
1.0,0.0,0.0,0.0,0.0,0.0
1.0,38.0,0.0,2.0,59.0,0.0
1.0,97.0,1.0,1.0,0.0,0.0
1.0,96.0,3.0,0.0,0.0,0.0
1.0,0.0,0.0,0.0,0.0,0.0
1.0,96.0,0.0,3.0,0.0,0.0
1.0,97.0,2.0,0.0,0.0,0.0
1.0,98.0,0.0,1.0,0.0,0.0
1.0,1.0,37.0,0.0,0.0,0.0
1.0,1.0,4.0,0.0,0.0,0.0
1.0,0.0,21.0,4.0,0.0,0.0
1.0,6.0,0.0,1.0,92.0,0.0
1.0,98.0,0.0,1.0,0.0,0.0
2.0,97.0,0.0,1.0,0.0,0.0
1.0,0.0,0.0,1.0,0.0,0.0
1.0,97.0,2.0,0.0,0.0,0.0
1.0,0.0,0.0,0.0,0.0,0.0
1.0,98.0,1.0,0.0,0.0,0.0
1.0,27.0,0.0,2.0,70.0,0.0
1.0,98.0,1.0,0.0,0.0,0.0
1.0,1.0,0.0,1.0,97.0,0.0
2.0,0.0,1.0,2.0,0.0,27.0
1.0,0.0,4.0,1.0,0.0,0.0
1.0,1.0,0.0,1.0,97.0,0.0
1.0,0.0,22.0,1.0,0.0,0.0
1.0,10.0,0.0,1.0,88.0,0.0
1.0,97.0,2.0,0.0,0.0,0.0
1.0,1.0,15.0,0.0,0.0,0.0
1.0,95.0,3.0,1.0,0.0,0.0
1.0,98.0,0.0,1.0,0.0,0.0
1.0,98.0,1.0,0.0,0.0,0.0
1.0,97.0,1.0,1.0,0.0,0.0
1.0,0.0,2.0,1.0,0.0,0.0
2.0,0.0,2.0,1.0,0.0,0.0
2.0,96.0,1.0,1.0,0.0,0.0
1.0,53.0,0.0,1.0,45.0,0.0
1.0,0.0,1.0,1.0,0.0,12.0
3.0,72.0,25.0,0.0,0.0,0.0
1.0,1.0,20.0,0.0,0.0,0.0
3.0,94.0,2.0,1.0,0.0,0.0
1.0,0.0,26.0,1.0,0.0,0.0
1.0,0.0,0.0,0.0,0.0,0.0
1.0,0.0,0.0,0.0,0.0,0.0
1.0,97.0,0.0,2.0,0.0,0.0
1.0,69.0,15.0,0.0,0.0,0.0
1.0,1.0,23.0,0.0,0.0,0.0
1.0,0.0,2.0,1.0,0.0,0.0
1.0,0.0,3.0,1.0,0.0,0.0
1.0,0.0,1.0,1.0,0.0,0.0
1.0,36.0,0.0,1.0,62.0,0.0
3.0,73.0,0.0,1.0,23.0,0.0
3.0,0.0,8.0,3.0,0.0,0.0
1.0,96.0,2.0,1.0,0.0,0.0
2.0,10.0,14.0,0.0,0.0,0.0
2.0,94.0,2.0,2.0,0.0,0.0
1.0,53.0,5.0,0.0,0.0,0.0
1.0,0.0,0.0,0.0,0.0,0.0
2.0,0.0,0.0,0.0,0.0,0.0
2.0,97.0,1.0,0.0,0.0,0.0
1.0,0.0,3.0,1.0,0.0,3.0
1.0,23.0,23.0,0.0,0.0,0.0
2.0,95.0,0.0,3.0,0.0,0.0
2.0,95.0,0.0,3.0,0.0,0.0
1.0,1.0,0.0,1.0,97.0,0.0
1.0,0.0,1.0,0.0,0.0,0.0
1.0,17.0,22.0,0.0,0.0,0.0
2.0,97.0,1.0,0.0,0.0,0.0
1.0,97.0,0.0,2.0,0.0,0.0
2.0,97.0,0.0,1.0,0.0,0.0
1.0,0.0,27.0,1.0,0.0,0.0
1.0,97.0,0.0,2.0,0.0,0.0
1.0,1.0,0.0,1.0,97.0,0.0
5.0,24.0,21.0,1.0,0.0,0.0
1.0,98.0,1.0,0.0,0.0,0.0
2.0,68.0,0.0,4.0,26.0,0.0
1.0,98.0,1.0,0.0,0.0,0.0
1.0,0.0,3.0,1.0,0.0,0.0
1.0,30.0,1.0,0.0,0.0,0.0
1.0,3.0,18.0,0.0,0.0,0.0
2.0,96.0,0.0,2.0,0.0,0.0
1.0,1.0,0.0,1.0,97.0,0.0
1.0,73.0,5.0,0.0,0.0,0.0
1.0,2.0,10.0,0.0,0.0,0.0
1.0,0.0,6.0,2.0,0.0,0.0
1.0,1.0,10.0,0.0,0.0,0.0
1.0,97.0,0.0,2.0,0.0,0.0
2.0,54.0,13.0,0.0,0.0,0.0
1.0,98.0,1.0,0.0,0.0,0.0
1.0,0.0,7.0,1.0,0.0,0.0
1.0,98.0,0.0,1.0,0.0,0.0
1.0,97.0,0.0,2.0,0.0,0.0
1.0,98.0,0.0,1.0,0.0,0.0
3.0,5.0,12.0,1.0,0.0,0.0
2.0,53.0,6.0,2.0,0.0,0.0
1.0,90.0,2.0,0.0,0.0,0.0
1.0,88.0,0.0,1.0,10.0,0.0
1.0,0.0,22.0,1.0,0.0,0.0
1.0,0.0,0.0,0.0,0.0,0.0
1.0,98.0,0.0,1.0,0.0,0.0
1.0,0.0,0.0,0.0,0.0,0.0
1.0,98.0,0.0,1.0,0.0,0.0
1.0,0.0,11.0,1.0,0.0,0.0
1.0,95.0,1.0,3.0,0.0,0.0
2.0,97.0,1.0,0.0,0.0,0.0
1.0,0.0,0.0,0.0,0.0,0.0
1.0,43.0,0.0,1.0,55.0,0.0
1.0,0.0,0.0,1.0,0.0,0.0
1.0,0.0,0.0,1.0,0.0,0.0
2.0,97.0,0.0,1.0,0.0,0.0
1.0,97.0,0.0,2.0,0.0,0.0
2.0,31.0,0.0,2.0,65.0,0.0
2.0,95.0,0.0,3.0,0.0,0.0
1.0,99.0,0.0,0.0,0.0,0.0
1.0,2.0,0.0,1.0,26.0,0.0
1.0,0.0,2.0,1.0,0.0,51.0
1.0,1.0,2.0,1.0,0.0,0.0
2.0,50.0,47.0,1.0,0.0,0.0
3.0,97.0,0.0,0.0,0.0,0.0
1.0,63.0,26.0,0.0,0.0,0.0
1.0,0.0,0.0,0.0,0.0,0.0
1.0,42.0,5.0,1.0,0.0,0.0
2.0,13.0,85.0,0.0,0.0,0.0
1.0,0.0,0.0,0.0,0.0,0.0
1.0,97.0,2.0,0.0,0.0,0.0
2.0,98.0,0.0,0.0,0.0,0.0
3.0,26.0,0.0,1.0,5.0,0.0
2.0,41.0,7.0,2.0,0.0,0.0
1.0,98.0,0.0,1.0,0.0,0.0
1.0,0.0,0.0,0.0,0.0,0.0
1.0,0.0,46.0,2.0,0.0,0.0
4.0,95.0,1.0,0.0,0.0,0.0
1.0,97.0,1.0,1.0,0.0,0.0
1.0,84.0,1.0,0.0,0.0,0.0
1.0,44.0,0.0,1.0,54.0,0.0
1.0,98.0,1.0,0.0,0.0,0.0
1.0,97.0,1.0,1.0,0.0,0.0
1.0,10.0,0.0,1.0,88.0,0.0
1.0,2.0,45.0,0.0,0.0,0.0
1.0,98.0,1.0,0.0,0.0,0.0
1.0,97.0,0.0,2.0,0.0,0.0
1.0,15.0,0.0,1.0,83.0,0.0
1.0,98.0,0.0,1.0,0.0,0.0
1.0,18.0,28.0,0.0,0.0,0.0
1.0,4.0,0.0,1.0,94.0,0.0
1.0,0.0,1.0,2.0,0.0,10.0
1.0,18.0,5.0,0.0,0.0,0.0
1.0,97.0,2.0,0.0,0.0,0.0
1.0,0.0,0.0,0.0,0.0,0.0
1.0,0.0,51.0,3.0,0.0,0.0
1.0,0.0,7.0,2.0,0.0,0.0
3.0,17.0,27.0,0.0,0.0,0.0
1.0,40.0,22.0,0.0,0.0,0.0
1.0,98.0,0.0,1.0,0.0,0.0
1.0,98.0,0.0,1.0,0.0,0.0
1.0,15.0,0.0,2.0,82.0,0.0
1.0,98.0,1.0,0.0,0.0,0.0
1.0,0.0,0.0,1.0,0.0,0.0
6.0,1.0,0.0,3.0,90.0,0.0
1.0,1.0,11.0,0.0,0.0,0.0
2.0,0.0,25.0,1.0,0.0,0.0
3.0,96.0,1.0,0.0,0.0,0.0
1.0,82.0,0.0,1.0,0.0,0.0
1.0,96.0,1.0,2.0,0.0,0.0
1.0,2.0,0.0,1.0,96.0,0.0
2.0,26.0,7.0,0.0,0.0,0.0
1.0,96.0,2.0,1.0,0.0,0.0
2.0,1.0,42.0,0.0,0.0,0.0
1.0,97.0,1.0,1.0,0.0,0.0
1.0,62.0,0.0,1.0,0.0,0.0
1.0,0.0,34.0,4.0,0.0,0.0
1.0,0.0,2.0,2.0,0.0,0.0
1.0,97.0,2.0,0.0,0.0,0.0
1.0,0.0,1.0,0.0,0.0,0.0
2.0,0.0,1.0,1.0,0.0,1.0
1.0,99.0,0.0,0.0,0.0,0.0
2.0,47.0,0.0,1.0,50.0,0.0
3.0,96.0,0.0,1.0,0.0,0.0
1.0,96.0,0.0,3.0,0.0,0.0
1.0,0.0,0.0,0.0,0.0,0.0
1.0,98.0,1.0,0.0,0.0,0.0
1.0,52.0,0.0,1.0,46.0,0.0
1.0,96.0,1.0,2.0,0.0,0.0
1.0,17.0,0.0,1.0,81.0,0.0
2.0,15.0,82.0,1.0,0.0,0.0
1.0,80.0,18.0,1.0,0.0,0.0
1.0,41.0,2.0,0.0,0.0,0.0
1.0,0.0,1.0,0.0,0.0,0.0
3.0,96.0,0.0,1.0,0.0,0.0
1.0,0.0,0.0,0.0,0.0,0.0
1.0,52.0,0.0,1.0,46.0,0.0
1.0,98.0,1.0,0.0,0.0,0.0
1.0,97.0,2.0,0.0,0.0,0.0
3.0,96.0,0.0,1.0,0.0,0.0
1.0,52.0,6.0,0.0,0.0,0.0
1.0,97.0,1.0,1.0,0.0,0.0
1.0,98.0,1.0,0.0,0.0,0.0
1.0,22.0,17.0,0.0,0.0,0.0
1.0,78.0,12.0,0.0,0.0,0.0
2.0,0.0,25.0,1.0,0.0,0.0
1.0,98.0,1.0,0.0,0.0,0.0
1.0,1.0,26.0,0.0,0.0,0.0
1.0,0.0,22.0,2.0,0.0,0.0
1.0,98.0,1.0,0.0,0.0,0.0
1.0,1.0,19.0,0.0,0.0,0.0
1.0,98.0,0.0,1.0,0.0,0.0
1.0,99.0,0.0,0.0,0.0,0.0
1.0,15.0,0.0,2.0,82.0,0.0
1.0,98.0,0.0,1.0,0.0,0.0
1.0,2.0,0.0,2.0,95.0,0.0
1.0,0.0,4.0,1.0,0.0,0.0
1.0,0.0,0.0,0.0,0.0,0.0
1.0,0.0,19.0,1.0,0.0,0.0
1.0,0.0,1.0,2.0,0.0,0.0
1.0,98.0,0.0,1.0,0.0,0.0
1.0,98.0,0.0,1.0,0.0,0.0
2.0,78.0,20.0,0.0,0.0,0.0
2.0,98.0,0.0,0.0,0.0,0.0
1.0,22.0,14.0,2.0,0.0,0.0
2.0,98.0,0.0,0.0,0.0,0.0
1.0,1.0,17.0,0.0,0.0,0.0
1.0,0.0,0.0,0.0,0.0,0.0
1.0,98.0,1.0,0.0,0.0,0.0
2.0,97.0,0.0,1.0,0.0,0.0
1.0,19.0,1.0,0.0,0.0,0.0
1.0,54.0,13.0,0.0,0.0,0.0
2.0,97.0,0.0,1.0,0.0,0.0
2.0,7.0,0.0,1.0,90.0,0.0
1.0,0.0,14.0,1.0,0.0,0.0
1.0,99.0,0.0,0.0,0.0,0.0
1.0,98.0,0.0,1.0,0.0,0.0
1.0,21.0,47.0,0.0,0.0,0.0
3.0,87.0,0.0,2.0,8.0,0.0
1.0,3.0,8.0,0.0,0.0,0.0
1.0,52.0,1.0,0.0,0.0,0.0
1.0,71.0,15.0,0.0,0.0,0.0
1.0,13.0,10.0,0.0,0.0,0.0
1.0,98.0,0.0,1.0,0.0,0.0
1.0,2.0,0.0,2.0,95.0,0.0
2.0,97.0,0.0,1.0,0.0,0.0
1.0,41.0,2.0,0.0,0.0,0.0
4.0,34.0,0.0,1.0,61.0,0.0
1.0,60.0,0.0,1.0,38.0,0.0
2.0,96.0,0.0,2.0,0.0,0.0
1.0,19.0,16.0,0.0,0.0,0.0
1.0,0.0,4.0,1.0,0.0,0.0
2.0,97.0,0.0,1.0,0.0,0.0
1.0,98.0,0.0,1.0,0.0,0.0
6.0,32.0,0.0,3.0,59.0,0.0
1.0,98.0,0.0,1.0,0.0,0.0
1.0,97.0,0.0,2.0,0.0,0.0
1.0,0.0,10.0,5.0,0.0,0.0
2.0,4.0,0.0,2.0,0.0,0.0
1.0,97.0,0.0,2.0,0.0,0.0
1.0,22.0,0.0,1.0,76.0,0.0
2.0,96.0,2.0,0.0,0.0,0.0
1.0,3.0,0.0,2.0,94.0,0.0
2.0,97.0,1.0,0.0,0.0,0.0
1.0,0.0,0.0,0.0,0.0,0.0
1.0,98.0,1.0,0.0,0.0,0.0
2.0,95.0,0.0,3.0,0.0,0.0
1.0,0.0,8.0,2.0,0.0,0.0
1.0,95.0,1.0,3.0,0.0,0.0
1.0,68.0,0.0,2.0,29.0,0.0
1.0,1.0,27.0,0.0,0.0,0.0
1.0,0.0,0.0,0.0,0.0,0.0
2.0,97.0,1.0,0.0,0.0,0.0
2.0,80.0,0.0,1.0,17.0,0.0
2.0,0.0,13.0,1.0,0.0,0.0
1.0,90.0,8.0,1.0,0.0,0.0
1.0,96.0,2.0,1.0,0.0,0.0
1.0,1.0,25.0,0.0,0.0,0.0
1.0,98.0,1.0,0.0,0.0,0.0
1.0,65.0,0.0,1.0,33.0,0.0
1.0,98.0,0.0,1.0,0.0,0.0
1.0,97.0,1.0,1.0,0.0,0.0
1.0,67.0,32.0,0.0,0.0,0.0
1.0,17.0,12.0,1.0,0.0,0.0
1.0,0.0,4.0,1.0,0.0,0.0
1.0,0.0,0.0,0.0,0.0,0.0
1.0,96.0,1.0,2.0,0.0,0.0
1.0,0.0,1.0,1.0,0.0,25.0
1.0,0.0,1.0,2.0,0.0,2.0
2.0,97.0,0.0,1.0,0.0,0.0
3.0,0.0,12.0,1.0,0.0,0.0
2.0,9.0,12.0,0.0,0.0,0.0
2.0,0.0,15.0,1.0,0.0,0.0
1.0,0.0,7.0,2.0,0.0,0.0
3.0,96.0,0.0,1.0,0.0,0.0
1.0,98.0,0.0,1.0,0.0,0.0
1.0,62.0,2.0,0.0,0.0,0.0
1.0,46.0,7.0,0.0,0.0,0.0
1.0,97.0,2.0,0.0,0.0,0.0
1.0,0.0,0.0,0.0,0.0,0.0
1.0,0.0,22.0,1.0,0.0,0.0
1.0,98.0,0.0,1.0,0.0,0.0
1.0,98.0,1.0,0.0,0.0,0.0
1.0,96.0,1.0,2.0,0.0,0.0
1.0,1.0,0.0,1.0,97.0,0.0
1.0,91.0,1.0,7.0,0.0,0.0
2.0,84.0,7.0,1.0,0.0,0.0
1.0,0.0,0.0,0.0,0.0,0.0
1.0,98.0,0.0,1.0,0.0,0.0
2.0,96.0,0.0,2.0,0.0,0.0
1.0,0.0,0.0,0.0,0.0,0.0
2.0,95.0,2.0,1.0,0.0,0.0
1.0,1.0,3.0,0.0,0.0,0.0
1.0,95.0,0.0,4.0,0.0,0.0
2.0,0.0,1.0,2.0,0.0,10.0
1.0,98.0,0.0,1.0,0.0,0.0
1.0,0.0,1.0,2.0,0.0,9.0
1.0,0.0,0.0,0.0,0.0,0.0
1.0,97.0,1.0,1.0,0.0,0.0
2.0,97.0,0.0,1.0,0.0,0.0
1.0,0.0,1.0,0.0,0.0,0.0
1.0,52.0,0.0,1.0,46.0,0.0
1.0,39.0,13.0,0.0,0.0,0.0
1.0,0.0,1.0,0.0,0.0,0.0
1.0,98.0,0.0,1.0,0.0,0.0
1.0,0.0,0.0,0.0,0.0,0.0
1.0,0.0,0.0,0.0,0.0,0.0
2.0,97.0,1.0,0.0,0.0,0.0
1.0,15.0,0.0,2.0,82.0,0.0
3.0,0.0,1.0,1.0,0.0,3.0
1.0,60.0,0.0,1.0,38.0,0.0
1.0,1.0,3.0,1.0,0.0,0.0
2.0,97.0,0.0,1.0,0.0,0.0
1.0,29.0,5.0,0.0,0.0,0.0
1.0,98.0,1.0,0.0,0.0,0.0
1.0,96.0,3.0,0.0,0.0,0.0
1.0,97.0,2.0,0.0,0.0,0.0
1.0,98.0,0.0,1.0,0.0,0.0
1.0,0.0,0.0,0.0,0.0,0.0
3.0,96.0,1.0,0.0,0.0,0.0
1.0,0.0,0.0,0.0,0.0,0.0
1.0,31.0,27.0,0.0,0.0,0.0
1.0,0.0,1.0,1.0,0.0,17.0
1.0,39.0,11.0,0.0,0.0,0.0
1.0,98.0,0.0,1.0,0.0,0.0
1.0,23.0,73.0,3.0,0.0,0.0
1.0,98.0,0.0,1.0,0.0,0.0
1.0,5.0,2.0,0.0,0.0,0.0
2.0,0.0,6.0,1.0,0.0,0.0
1.0,94.0,2.0,3.0,0.0,0.0
1.0,88.0,0.0,1.0,10.0,0.0
1.0,98.0,1.0,0.0,0.0,0.0
3.0,96.0,0.0,1.0,0.0,0.0
1.0,98.0,1.0,0.0,0.0,0.0
2.0,97.0,0.0,1.0,0.0,0.0
1.0,99.0,0.0,0.0,0.0,0.0
2.0,0.0,26.0,5.0,0.0,0.0
1.0,97.0,2.0,0.0,0.0,0.0
1.0,62.0,0.0,1.0,36.0,0.0
1.0,0.0,1.0,3.0,0.0,1.0
1.0,33.0,0.0,1.0,65.0,0.0
1.0,0.0,0.0,0.0,0.0,0.0
1.0,93.0,2.0,4.0,0.0,0.0
1.0,1.0,0.0,1.0,97.0,0.0
1.0,1.0,0.0,1.0,0.0,0.0
1.0,0.0,1.0,1.0,0.0,13.0
1.0,0.0,7.0,1.0,0.0,0.0
3.0,94.0,1.0,2.0,0.0,0.0
2.0,96.0,1.0,1.0,0.0,0.0
1.0,98.0,1.0,0.0,0.0,0.0
1.0,97.0,1.0,1.0,0.0,0.0
4.0,0.0,37.0,1.0,0.0,0.0
1.0,0.0,0.0,0.0,0.0,0.0
1.0,0.0,1.0,1.0,0.0,8.0
2.0,96.0,1.0,1.0,0.0,0.0
1.0,3.0,83.0,0.0,0.0,0.0
2.0,61.0,0.0,2.0,0.0,0.0
1.0,0.0,0.0,0.0,0.0,0.0
1.0,72.0,27.0,0.0,0.0,0.0
3.0,94.0,1.0,2.0,0.0,0.0
1.0,97.0,1.0,1.0,0.0,0.0
2.0,25.0,0.0,1.0,72.0,0.0
1.0,96.0,2.0,1.0,0.0,0.0
1.0,97.0,0.0,2.0,0.0,0.0
1.0,97.0,2.0,0.0,0.0,0.0
3.0,5.0,0.0,2.0,90.0,0.0
1.0,98.0,0.0,1.0,0.0,0.0
1.0,98.0,0.0,1.0,0.0,0.0
1.0,99.0,0.0,0.0,0.0,0.0
1.0,53.0,33.0,0.0,0.0,0.0
1.0,98.0,0.0,1.0,0.0,0.0
1.0,58.0,0.0,1.0,40.0,0.0
1.0,99.0,0.0,0.0,0.0,0.0
5.0,0.0,61.0,1.0,0.0,0.0
1.0,97.0,0.0,2.0,0.0,0.0
1.0,98.0,1.0,0.0,0.0,0.0
1.0,91.0,0.0,1.0,7.0,0.0
3.0,68.0,29.0,0.0,0.0,0.0
1.0,96.0,1.0,2.0,0.0,0.0
3.0,0.0,1.0,1.0,0.0,4.0
1.0,61.0,10.0,0.0,0.0,0.0
1.0,99.0,0.0,0.0,0.0,0.0
1.0,98.0,1.0,0.0,0.0,0.0
1.0,0.0,0.0,0.0,0.0,0.0
1.0,0.0,29.0,1.0,0.0,0.0
1.0,99.0,0.0,0.0,0.0,0.0
2.0,95.0,2.0,1.0,0.0,0.0
1.0,98.0,0.0,1.0,0.0,0.0
1.0,98.0,1.0,0.0,0.0,0.0
4.0,95.0,1.0,0.0,0.0,0.0
1.0,98.0,0.0,1.0,0.0,0.0
1.0,97.0,0.0,2.0,0.0,0.0
1.0,37.0,26.0,1.0,0.0,0.0
2.0,4.0,20.0,1.0,0.0,0.0
1.0,76.0,0.0,1.0,22.0,0.0
1.0,99.0,0.0,0.0,0.0,0.0
1.0,98.0,1.0,0.0,0.0,0.0
1.0,97.0,0.0,2.0,0.0,0.0
3.0,96.0,0.0,1.0,0.0,0.0
1.0,0.0,5.0,2.0,0.0,0.0
1.0,1.0,18.0,0.0,0.0,0.0
1.0,98.0,1.0,0.0,0.0,0.0
1.0,1.0,0.0,1.0,97.0,0.0
1.0,97.0,0.0,2.0,0.0,0.0
2.0,71.0,0.0,1.0,26.0,0.0
1.0,6.0,9.0,0.0,0.0,0.0
2.0,32.0,0.0,2.0,64.0,0.0
1.0,0.0,10.0,1.0,0.0,0.0
1.0,97.0,0.0,2.0,0.0,0.0
1.0,98.0,1.0,0.0,0.0,0.0
1.0,33.0,24.0,0.0,0.0,0.0
2.0,59.0,5.0,0.0,0.0,0.0
2.0,50.0,0.0,1.0,47.0,0.0
2.0,0.0,1.0,5.0,0.0,11.0
1.0,97.0,0.0,2.0,0.0,0.0
1.0,98.0,0.0,1.0,0.0,0.0
2.0,49.0,7.0,0.0,0.0,0.0
1.0,98.0,1.0,0.0,0.0,0.0
1.0,56.0,0.0,0.0,0.0,0.0
3.0,41.0,0.0,1.0,55.0,0.0
1.0,98.0,1.0,0.0,0.0,0.0
3.0,96.0,0.0,1.0,0.0,0.0
1.0,1.0,0.0,1.0,66.0,0.0
1.0,98.0,1.0,0.0,0.0,0.0
1.0,1.0,0.0,1.0,97.0,0.0
1.0,0.0,1.0,1.0,0.0,0.0
1.0,0.0,7.0,2.0,0.0,0.0
1.0,99.0,0.0,0.0,0.0,0.0
1.0,97.0,1.0,1.0,0.0,0.0
2.0,24.0,0.0,1.0,73.0,0.0
2.0,98.0,0.0,0.0,0.0,0.0
2.0,0.0,12.0,1.0,0.0,0.0
1.0,70.0,10.0,0.0,0.0,0.0
2.0,21.0,6.0,3.0,0.0,0.0
1.0,2.0,1.0,0.0,0.0,0.0
1.0,98.0,0.0,1.0,0.0,0.0
1.0,97.0,1.0,1.0,0.0,0.0
1.0,26.0,7.0,1.0,0.0,0.0
1.0,96.0,1.0,2.0,0.0,0.0
1.0,96.0,1.0,2.0,0.0,0.0
1.0,0.0,0.0,0.0,0.0,0.0
1.0,77.0,0.0,1.0,21.0,0.0
1.0,0.0,1.0,1.0,0.0,5.0
1.0,99.0,0.0,0.0,0.0,0.0
1.0,97.0,2.0,0.0,0.0,0.0
1.0,0.0,2.0,1.0,0.0,0.0
1.0,98.0,0.0,1.0,0.0,0.0
2.0,0.0,39.0,2.0,0.0,0.0
2.0,96.0,0.0,2.0,0.0,0.0
2.0,98.0,0.0,0.0,0.0,0.0
1.0,1.0,0.0,2.0,96.0,0.0
1.0,98.0,1.0,0.0,0.0,0.0
1.0,98.0,0.0,1.0,0.0,0.0
1.0,0.0,8.0,1.0,0.0,0.0
1.0,50.0,0.0,1.0,48.0,0.0
1.0,0.0,0.0,1.0,0.0,0.0
1.0,99.0,0.0,0.0,0.0,0.0
1.0,97.0,0.0,2.0,0.0,0.0
2.0,97.0,0.0,1.0,0.0,0.0
1.0,0.0,0.0,0.0,0.0,0.0
1.0,1.0,7.0,0.0,0.0,0.0
1.0,24.0,18.0,1.0,0.0,0.0
1.0,98.0,1.0,0.0,0.0,0.0
1.0,65.0,0.0,1.0,33.0,0.0
2.0,98.0,0.0,0.0,0.0,0.0
2.0,44.0,0.0,1.0,53.0,0.0
2.0,0.0,2.0,3.0,0.0,0.0
1.0,1.0,6.0,0.0,0.0,0.0
1.0,99.0,0.0,0.0,0.0,0.0
1.0,29.0,2.0,1.0,0.0,0.0
3.0,96.0,0.0,1.0,0.0,0.0
1.0,48.0,0.0,1.0,50.0,0.0
1.0,0.0,1.0,1.0,0.0,15.0
2.0,96.0,0.0,2.0,0.0,0.0
1.0,98.0,1.0,0.0,0.0,0.0
2.0,97.0,1.0,0.0,0.0,0.0
1.0,42.0,0.0,4.0,53.0,0.0
1.0,99.0,0.0,0.0,0.0,0.0
1.0,43.0,0.0,1.0,55.0,0.0
3.0,0.0,10.0,2.0,0.0,0.0
1.0,99.0,0.0,0.0,0.0,0.0
1.0,70.0,0.0,1.0,28.0,0.0
1.0,99.0,0.0,0.0,0.0,0.0
1.0,0.0,0.0,0.0,0.0,0.0
1.0,0.0,0.0,0.0,0.0,0.0
1.0,0.0,7.0,1.0,0.0,0.0
1.0,1.0,0.0,2.0,96.0,0.0
3.0,96.0,0.0,1.0,0.0,0.0
1.0,0.0,1.0,0.0,0.0,0.0
1.0,97.0,0.0,2.0,0.0,0.0
1.0,98.0,0.0,1.0,0.0,0.0
1.0,92.0,0.0,2.0,5.0,0.0
1.0,51.0,42.0,1.0,0.0,0.0
1.0,1.0,30.0,0.0,0.0,0.0
1.0,1.0,29.0,0.0,0.0,0.0
1.0,16.0,3.0,0.0,0.0,0.0
1.0,99.0,0.0,0.0,0.0,0.0
1.0,97.0,2.0,0.0,0.0,0.0
2.0,96.0,1.0,1.0,0.0,0.0
1.0,0.0,1.0,3.0,0.0,37.0
3.0,96.0,0.0,1.0,0.0,0.0
2.0,97.0,1.0,0.0,0.0,0.0
2.0,0.0,11.0,3.0,0.0,0.0
1.0,1.0,9.0,2.0,0.0,0.0
1.0,98.0,0.0,1.0,0.0,0.0
1.0,48.0,16.0,0.0,0.0,0.0
1.0,99.0,0.0,0.0,0.0,0.0
2.0,0.0,1.0,2.0,0.0,12.0
2.0,97.0,0.0,1.0,0.0,0.0
1.0,99.0,0.0,0.0,0.0,0.0
1.0,98.0,1.0,0.0,0.0,0.0
1.0,97.0,1.0,1.0,0.0,0.0
1.0,48.0,0.0,0.0,0.0,0.0
1.0,98.0,0.0,1.0,0.0,0.0
1.0,99.0,0.0,0.0,0.0,0.0
2.0,93.0,5.0,0.0,0.0,0.0
1.0,97.0,0.0,2.0,0.0,0.0
1.0,96.0,0.0,3.0,0.0,0.0
1.0,98.0,0.0,1.0,0.0,0.0
1.0,0.0,2.0,2.0,0.0,0.0
1.0,98.0,0.0,1.0,0.0,0.0
1.0,98.0,1.0,0.0,0.0,0.0
2.0,96.0,2.0,0.0,0.0,0.0
3.0,0.0,1.0,2.0,0.0,39.0
1.0,45.0,0.0,1.0,53.0,0.0
1.0,93.0,0.0,6.0,0.0,0.0
1.0,0.0,14.0,1.0,0.0,0.0
1.0,98.0,0.0,1.0,0.0,0.0
1.0,87.0,0.0,2.0,10.0,0.0
1.0,98.0,1.0,0.0,0.0,0.0
1.0,44.0,55.0,0.0,0.0,0.0
1.0,42.0,0.0,2.0,55.0,0.0
1.0,98.0,1.0,0.0,0.0,0.0
1.0,99.0,0.0,0.0,0.0,0.0
1.0,99.0,0.0,0.0,0.0,0.0
1.0,64.0,0.0,2.0,33.0,0.0
2.0,0.0,4.0,1.0,0.0,0.0
1.0,0.0,0.0,0.0,0.0,0.0
1.0,98.0,0.0,1.0,0.0,0.0
1.0,98.0,1.0,0.0,0.0,0.0
1.0,0.0,23.0,1.0,0.0,0.0
2.0,0.0,15.0,2.0,0.0,0.0
2.0,36.0,24.0,1.0,0.0,0.0
2.0,97.0,0.0,1.0,0.0,0.0
2.0,97.0,0.0,1.0,0.0,0.0
1.0,16.0,13.0,0.0,0.0,0.0
1.0,98.0,1.0,0.0,0.0,0.0
1.0,97.0,1.0,1.0,0.0,0.0
1.0,17.0,5.0,4.0,0.0,0.0
1.0,0.0,33.0,2.0,0.0,0.0
1.0,96.0,2.0,1.0,0.0,0.0
2.0,96.0,0.0,2.0,0.0,0.0
2.0,4.0,28.0,0.0,0.0,0.0
1.0,99.0,0.0,0.0,0.0,0.0
1.0,0.0,13.0,1.0,0.0,0.0
4.0,95.0,1.0,0.0,0.0,0.0
1.0,98.0,1.0,0.0,0.0,0.0
2.0,21.0,0.0,1.0,76.0,0.0
1.0,11.0,0.0,1.0,87.0,0.0
1.0,0.0,0.0,0.0,0.0,0.0
1.0,98.0,0.0,1.0,0.0,0.0
2.0,96.0,0.0,2.0,0.0,0.0
1.0,98.0,1.0,0.0,0.0,0.0
1.0,98.0,1.0,0.0,0.0,0.0
1.0,38.0,0.0,1.0,60.0,0.0
1.0,0.0,1.0,2.0,0.0,9.0
2.0,98.0,0.0,0.0,0.0,0.0
1.0,98.0,0.0,1.0,0.0,0.0
1.0,0.0,0.0,0.0,0.0,0.0
2.0,98.0,0.0,0.0,0.0,0.0
2.0,28.0,19.0,1.0,0.0,0.0
1.0,0.0,0.0,0.0,0.0,0.0
1.0,99.0,0.0,0.0,0.0,0.0
1.0,0.0,9.0,1.0,0.0,0.0
1.0,99.0,0.0,0.0,0.0,0.0
1.0,97.0,0.0,2.0,0.0,0.0
1.0,0.0,1.0,1.0,0.0,0.0
1.0,98.0,0.0,1.0,0.0,0.0
1.0,0.0,0.0,0.0,0.0,0.0
1.0,5.0,0.0,1.0,93.0,0.0
1.0,99.0,0.0,0.0,0.0,0.0
1.0,98.0,0.0,1.0,0.0,0.0
1.0,98.0,1.0,0.0,0.0,0.0
1.0,96.0,0.0,3.0,0.0,0.0
1.0,97.0,2.0,0.0,0.0,0.0
1.0,29.0,0.0,1.0,69.0,0.0
1.0,22.0,0.0,1.0,76.0,0.0
1.0,27.0,1.0,0.0,0.0,0.0
6.0,40.0,1.0,0.0,0.0,0.0
1.0,98.0,0.0,1.0,0.0,0.0
2.0,98.0,0.0,0.0,0.0,0.0
1.0,99.0,0.0,0.0,0.0,0.0
1.0,96.0,0.0,3.0,0.0,0.0
2.0,55.0,0.0,1.0,42.0,0.0
1.0,99.0,0.0,0.0,0.0,0.0
1.0,98.0,0.0,1.0,0.0,0.0
1.0,95.0,0.0,4.0,0.0,0.0
1.0,14.0,29.0,0.0,0.0,0.0
1.0,98.0,0.0,1.0,0.0,0.0
1.0,64.0,11.0,0.0,0.0,0.0
1.0,0.0,19.0,1.0,0.0,0.0
3.0,0.0,23.0,1.0,0.0,0.0
1.0,98.0,0.0,1.0,0.0,0.0
1.0,96.0,0.0,3.0,0.0,0.0
2.0,97.0,0.0,1.0,0.0,0.0
1.0,99.0,0.0,0.0,0.0,0.0
1.0,0.0,1.0,0.0,0.0,0.0
1.0,43.0,0.0,3.0,53.0,0.0
1.0,98.0,0.0,1.0,0.0,0.0
5.0,4.0,15.0,2.0,0.0,0.0
1.0,1.0,3.0,0.0,0.0,0.0
1.0,21.0,0.0,2.0,76.0,0.0
1.0,5.0,0.0,1.0,93.0,0.0
5.0,94.0,0.0,1.0,0.0,0.0
1.0,98.0,0.0,1.0,0.0,0.0
3.0,17.0,0.0,1.0,79.0,0.0
1.0,99.0,0.0,0.0,0.0,0.0
1.0,99.0,0.0,0.0,0.0,0.0
1.0,50.0,4.0,0.0,0.0,0.0
2.0,97.0,1.0,0.0,0.0,0.0
1.0,96.0,1.0,2.0,0.0,0.0
1.0,99.0,0.0,0.0,0.0,0.0
1.0,98.0,0.0,1.0,0.0,0.0
3.0,96.0,1.0,0.0,0.0,0.0
2.0,39.0,0.0,2.0,57.0,0.0
1.0,8.0,41.0,1.0,0.0,0.0
1.0,99.0,0.0,0.0,0.0,0.0
2.0,0.0,13.0,1.0,0.0,0.0
1.0,21.0,1.0,0.0,0.0,0.0
1.0,98.0,0.0,1.0,0.0,0.0
2.0,26.0,3.0,1.0,0.0,0.0
1.0,98.0,0.0,1.0,0.0,0.0
1.0,34.0,0.0,1.0,64.0,0.0
2.0,0.0,7.0,1.0,0.0,0.0
1.0,97.0,1.0,1.0,0.0,0.0
1.0,0.0,0.0,0.0,0.0,0.0
1.0,0.0,29.0,1.0,0.0,0.0
2.0,0.0,1.0,0.0,0.0,0.0
2.0,97.0,0.0,1.0,0.0,0.0
1.0,25.0,34.0,0.0,0.0,0.0
1.0,97.0,0.0,2.0,0.0,0.0
1.0,46.0,11.0,1.0,0.0,0.0
1.0,0.0,0.0,0.0,0.0,0.0
1.0,96.0,0.0,3.0,0.0,0.0
1.0,0.0,9.0,1.0,0.0,0.0
1.0,99.0,0.0,0.0,0.0,0.0
1.0,95.0,1.0,3.0,0.0,0.0
2.0,0.0,4.0,2.0,0.0,0.0
1.0,8.0,6.0,0.0,0.0,0.0
1.0,97.0,0.0,2.0,0.0,0.0
1.0,98.0,1.0,0.0,0.0,0.0
1.0,0.0,0.0,0.0,0.0,0.0
2.0,97.0,0.0,1.0,0.0,0.0
1.0,97.0,1.0,1.0,0.0,0.0
2.0,18.0,25.0,0.0,0.0,0.0
1.0,88.0,2.0,1.0,0.0,0.0
2.0,97.0,1.0,0.0,0.0,0.0
1.0,0.0,0.0,1.0,0.0,0.0
2.0,97.0,1.0,0.0,0.0,0.0
2.0,97.0,1.0,0.0,0.0,0.0
5.0,93.0,1.0,1.0,0.0,0.0
1.0,0.0,0.0,0.0,0.0,0.0
1.0,0.0,1.0,1.0,0.0,36.0
2.0,96.0,0.0,2.0,0.0,0.0
2.0,98.0,0.0,0.0,0.0,0.0
1.0,97.0,0.0,2.0,0.0,0.0
1.0,98.0,0.0,1.0,0.0,0.0
1.0,33.0,0.0,2.0,64.0,0.0
1.0,47.0,0.0,1.0,51.0,0.0
1.0,1.0,0.0,2.0,96.0,0.0
1.0,2.0,0.0,2.0,95.0,0.0
1.0,93.0,0.0,1.0,5.0,0.0
2.0,97.0,0.0,1.0,0.0,0.0
2.0,0.0,1.0,1.0,0.0,0.0
1.0,98.0,0.0,1.0,0.0,0.0
2.0,97.0,0.0,1.0,0.0,0.0
1.0,97.0,0.0,2.0,0.0,0.0
1.0,0.0,0.0,0.0,0.0,0.0
1.0,98.0,0.0,1.0,0.0,0.0
1.0,97.0,0.0,2.0,0.0,0.0
1.0,96.0,3.0,0.0,0.0,0.0
1.0,99.0,0.0,0.0,0.0,0.0
1.0,0.0,25.0,3.0,0.0,0.0
1.0,1.0,1.0,2.0,0.0,0.0
2.0,97.0,0.0,1.0,0.0,0.0
1.0,5.0,0.0,2.0,92.0,0.0
1.0,98.0,0.0,1.0,0.0,0.0
1.0,99.0,0.0,0.0,0.0,0.0
1.0,1.0,0.0,1.0,97.0,0.0
3.0,97.0,0.0,0.0,0.0,0.0
1.0,0.0,0.0,0.0,0.0,0.0
1.0,96.0,3.0,0.0,0.0,0.0
1.0,97.0,1.0,1.0,0.0,0.0
1.0,97.0,1.0,1.0,0.0,0.0
1.0,32.0,10.0,4.0,0.0,0.0
1.0,2.0,0.0,1.0,96.0,0.0
1.0,0.0,1.0,1.0,0.0,93.0
1.0,21.0,12.0,0.0,0.0,0.0
1.0,0.0,0.0,0.0,0.0,0.0
2.0,97.0,1.0,0.0,0.0,0.0
1.0,2.0,50.0,1.0,0.0,0.0
1.0,98.0,1.0,0.0,0.0,0.0
1.0,99.0,0.0,0.0,0.0,0.0
2.0,2.0,0.0,1.0,95.0,0.0
1.0,98.0,0.0,1.0,0.0,0.0
1.0,97.0,0.0,2.0,0.0,0.0
2.0,97.0,0.0,1.0,0.0,0.0
3.0,96.0,0.0,1.0,0.0,0.0
1.0,98.0,1.0,0.0,0.0,0.0
1.0,97.0,0.0,2.0,0.0,0.0
1.0,88.0,7.0,0.0,0.0,0.0
2.0,98.0,0.0,0.0,0.0,0.0
1.0,0.0,0.0,0.0,0.0,0.0
3.0,97.0,0.0,0.0,0.0,0.0
1.0,0.0,65.0,2.0,0.0,0.0
1.0,0.0,7.0,1.0,0.0,0.0
1.0,98.0,0.0,1.0,0.0,0.0
1.0,97.0,0.0,2.0,0.0,0.0
1.0,98.0,1.0,0.0,0.0,0.0
1.0,1.0,20.0,2.0,0.0,0.0
1.0,99.0,0.0,0.0,0.0,0.0
2.0,98.0,0.0,0.0,0.0,0.0
1.0,95.0,1.0,3.0,0.0,0.0
1.0,96.0,0.0,3.0,0.0,0.0
3.0,94.0,0.0,3.0,0.0,0.0
1.0,98.0,0.0,1.0,0.0,0.0
1.0,98.0,1.0,0.0,0.0,0.0
1.0,99.0,0.0,0.0,0.0,0.0
1.0,98.0,0.0,1.0,0.0,0.0
1.0,98.0,1.0,0.0,0.0,0.0
1.0,98.0,1.0,0.0,0.0,0.0
2.0,92.0,0.0,6.0,0.0,0.0
1.0,97.0,0.0,2.0,0.0,0.0
1.0,93.0,5.0,1.0,0.0,0.0
1.0,0.0,56.0,1.0,0.0,0.0
2.0,97.0,1.0,0.0,0.0,0.0
1.0,95.0,1.0,3.0,0.0,0.0
2.0,97.0,1.0,0.0,0.0,0.0
1.0,96.0,0.0,3.0,0.0,0.0
1.0,99.0,0.0,0.0,0.0,0.0
1.0,56.0,0.0,1.0,42.0,0.0
3.0,97.0,0.0,0.0,0.0,0.0
1.0,0.0,1.0,2.0,0.0,48.0
2.0,98.0,0.0,0.0,0.0,0.0
3.0,96.0,1.0,0.0,0.0,0.0
1.0,62.0,25.0,0.0,0.0,0.0
2.0,0.0,9.0,1.0,0.0,0.0
2.0,94.0,1.0,3.0,0.0,0.0
2.0,34.0,11.0,1.0,0.0,0.0
2.0,97.0,0.0,1.0,0.0,0.0
1.0,99.0,0.0,0.0,0.0,0.0
2.0,98.0,0.0,0.0,0.0,0.0
1.0,98.0,1.0,0.0,0.0,0.0
1.0,98.0,0.0,1.0,0.0,0.0
2.0,42.0,11.0,1.0,0.0,0.0
3.0,96.0,1.0,0.0,0.0,0.0
1.0,96.0,0.0,3.0,0.0,0.0
1.0,97.0,0.0,2.0,0.0,0.0
2.0,96.0,0.0,2.0,0.0,0.0
1.0,0.0,1.0,1.0,0.0,0.0
1.0,0.0,6.0,1.0,0.0,0.0
1.0,99.0,0.0,0.0,0.0,0.0
1.0,99.0,0.0,0.0,0.0,0.0
1.0,32.0,1.0,2.0,0.0,0.0
1.0,97.0,0.0,2.0,0.0,0.0
3.0,97.0,0.0,0.0,0.0,0.0
1.0,98.0,0.0,1.0,0.0,0.0
1.0,0.0,0.0,0.0,0.0,0.0
1.0,99.0,0.0,0.0,0.0,0.0
2.0,97.0,1.0,0.0,0.0,0.0
1.0,91.0,8.0,0.0,0.0,0.0
4.0,96.0,0.0,0.0,0.0,0.0
1.0,0.0,1.0,1.0,0.0,32.0
1.0,96.0,2.0,1.0,0.0,0.0
2.0,0.0,12.0,2.0,0.0,0.0
1.0,91.0,0.0,5.0,3.0,0.0
2.0,98.0,0.0,0.0,0.0,0.0
2.0,98.0,0.0,0.0,0.0,0.0
1.0,5.0,1.0,0.0,0.0,0.0
2.0,97.0,1.0,0.0,0.0,0.0
2.0,97.0,0.0,1.0,0.0,0.0
1.0,98.0,1.0,0.0,0.0,0.0
1.0,24.0,0.0,1.0,74.0,0.0
2.0,96.0,0.0,2.0,0.0,0.0
1.0,65.0,20.0,1.0,0.0,0.0
1.0,95.0,4.0,0.0,0.0,0.0
1.0,0.0,1.0,1.0,0.0,3.0
1.0,1.0,0.0,1.0,97.0,0.0
1.0,0.0,1.0,2.0,0.0,0.0
2.0,98.0,0.0,0.0,0.0,0.0
1.0,99.0,0.0,0.0,0.0,0.0
1.0,99.0,0.0,0.0,0.0,0.0
2.0,8.0,6.0,0.0,0.0,0.0
1.0,98.0,0.0,1.0,0.0,0.0
1.0,99.0,0.0,0.0,0.0,0.0
1.0,98.0,0.0,1.0,0.0,0.0
1.0,97.0,1.0,1.0,0.0,0.0
1.0,75.0,0.0,1.0,23.0,0.0
1.0,97.0,1.0,1.0,0.0,0.0
2.0,10.0,0.0,1.0,87.0,0.0
1.0,98.0,0.0,1.0,0.0,0.0
1.0,0.0,5.0,1.0,0.0,0.0
1.0,99.0,0.0,0.0,0.0,0.0
2.0,0.0,1.0,2.0,0.0,19.0
1.0,25.0,2.0,0.0,0.0,0.0
2.0,98.0,0.0,0.0,0.0,0.0
2.0,97.0,0.0,1.0,0.0,0.0
1.0,2.0,21.0,0.0,0.0,0.0
1.0,97.0,1.0,1.0,0.0,0.0
1.0,9.0,26.0,0.0,0.0,0.0
1.0,0.0,20.0,1.0,0.0,0.0
1.0,0.0,0.0,0.0,0.0,0.0
1.0,31.0,17.0,0.0,0.0,0.0
2.0,98.0,0.0,0.0,0.0,0.0
1.0,98.0,1.0,0.0,0.0,0.0
1.0,98.0,0.0,1.0,0.0,0.0
1.0,37.0,5.0,0.0,0.0,0.0
1.0,98.0,0.0,1.0,0.0,0.0
1.0,64.0,0.0,1.0,34.0,0.0
1.0,99.0,0.0,0.0,0.0,0.0
3.0,97.0,0.0,0.0,0.0,0.0
1.0,48.0,10.0,0.0,0.0,0.0
2.0,98.0,0.0,0.0,0.0,0.0
1.0,60.0,29.0,0.0,0.0,0.0
1.0,99.0,0.0,0.0,0.0,0.0
1.0,1.0,0.0,3.0,95.0,0.0
1.0,99.0,0.0,0.0,0.0,0.0
1.0,1.0,7.0,2.0,0.0,0.0
4.0,96.0,0.0,0.0,0.0,0.0
1.0,1.0,0.0,2.0,96.0,0.0
1.0,99.0,0.0,0.0,0.0,0.0
1.0,98.0,0.0,1.0,0.0,0.0
1.0,98.0,0.0,1.0,0.0,0.0
1.0,96.0,0.0,3.0,0.0,0.0
1.0,99.0,0.0,0.0,0.0,0.0
2.0,1.0,0.0,1.0,96.0,0.0
1.0,0.0,9.0,1.0,0.0,0.0
1.0,98.0,0.0,1.0,0.0,0.0
1.0,96.0,0.0,3.0,0.0,0.0
4.0,0.0,10.0,2.0,0.0,0.0
2.0,97.0,0.0,1.0,0.0,0.0
2.0,0.0,1.0,1.0,0.0,17.0
2.0,80.0,18.0,0.0,0.0,0.0
1.0,98.0,0.0,1.0,0.0,0.0
3.0,94.0,0.0,3.0,0.0,0.0
1.0,84.0,0.0,0.0,0.0,0.0
1.0,99.0,0.0,0.0,0.0,0.0
1.0,94.0,4.0,1.0,0.0,0.0
1.0,99.0,0.0,0.0,0.0,0.0
1.0,98.0,1.0,0.0,0.0,0.0
3.0,96.0,0.0,1.0,0.0,0.0
1.0,1.0,46.0,1.0,0.0,0.0
1.0,98.0,0.0,1.0,0.0,0.0
1.0,0.0,29.0,2.0,0.0,0.0
1.0,0.0,0.0,0.0,0.0,0.0
1.0,47.0,0.0,1.0,51.0,0.0
4.0,96.0,0.0,0.0,0.0,0.0
1.0,0.0,38.0,1.0,0.0,0.0
1.0,1.0,0.0,2.0,96.0,0.0
1.0,0.0,0.0,0.0,0.0,0.0
1.0,99.0,0.0,0.0,0.0,0.0
2.0,98.0,0.0,0.0,0.0,0.0
2.0,97.0,1.0,0.0,0.0,0.0
1.0,98.0,0.0,1.0,0.0,0.0
1.0,97.0,0.0,2.0,0.0,0.0
1.0,97.0,0.0,2.0,0.0,0.0
1.0,98.0,0.0,1.0,0.0,0.0
1.0,99.0,0.0,0.0,0.0,0.0
2.0,73.0,8.0,0.0,0.0,0.0
1.0,96.0,1.0,2.0,0.0,0.0
1.0,98.0,1.0,0.0,0.0,0.0
1.0,99.0,0.0,0.0,0.0,0.0
1.0,98.0,0.0,1.0,0.0,0.0
1.0,98.0,0.0,1.0,0.0,0.0
1.0,0.0,0.0,0.0,0.0,0.0
1.0,0.0,1.0,1.0,0.0,8.0
1.0,98.0,0.0,1.0,0.0,0.0
3.0,97.0,0.0,0.0,0.0,0.0
1.0,96.0,0.0,3.0,0.0,0.0
1.0,54.0,0.0,1.0,44.0,0.0
3.0,0.0,15.0,1.0,0.0,0.0
1.0,96.0,0.0,3.0,0.0,0.0
2.0,97.0,0.0,1.0,0.0,0.0
1.0,98.0,0.0,1.0,0.0,0.0
1.0,99.0,0.0,0.0,0.0,0.0
1.0,10.0,0.0,2.0,87.0,0.0
2.0,98.0,0.0,0.0,0.0,0.0
1.0,96.0,0.0,3.0,0.0,0.0
5.0,38.0,0.0,5.0,52.0,0.0
1.0,98.0,1.0,0.0,0.0,0.0
1.0,0.0,0.0,0.0,0.0,0.0
1.0,97.0,1.0,1.0,0.0,0.0
1.0,1.0,1.0,1.0,0.0,0.0
1.0,98.0,0.0,1.0,0.0,0.0
1.0,99.0,0.0,0.0,0.0,0.0
1.0,97.0,2.0,0.0,0.0,0.0
1.0,96.0,2.0,1.0,0.0,0.0
2.0,66.0,26.0,0.0,0.0,0.0
1.0,98.0,1.0,0.0,0.0,0.0
3.0,97.0,0.0,0.0,0.0,0.0
3.0,46.0,3.0,3.0,0.0,0.0
1.0,98.0,1.0,0.0,0.0,0.0
1.0,97.0,1.0,1.0,0.0,0.0
1.0,33.0,0.0,1.0,65.0,0.0
1.0,98.0,1.0,0.0,0.0,0.0
1.0,0.0,1.0,1.0,0.0,19.0
1.0,97.0,0.0,2.0,0.0,0.0
3.0,96.0,0.0,1.0,0.0,0.0
1.0,96.0,2.0,1.0,0.0,0.0
1.0,97.0,1.0,1.0,0.0,0.0
1.0,98.0,0.0,1.0,0.0,0.0
1.0,98.0,1.0,0.0,0.0,0.0
1.0,98.0,1.0,0.0,0.0,0.0
1.0,98.0,1.0,0.0,0.0,0.0
2.0,97.0,0.0,1.0,0.0,0.0
1.0,99.0,0.0,0.0,0.0,0.0
2.0,0.0,1.0,2.0,0.0,50.0
2.0,98.0,0.0,0.0,0.0,0.0
1.0,97.0,2.0,0.0,0.0,0.0
1.0,0.0,0.0,0.0,0.0,0.0
1.0,99.0,0.0,0.0,0.0,0.0
1.0,0.0,13.0,3.0,0.0,0.0
4.0,54.0,0.0,1.0,41.0,0.0
2.0,25.0,18.0,1.0,0.0,0.0
1.0,98.0,1.0,0.0,0.0,0.0
2.0,98.0,0.0,0.0,0.0,0.0
2.0,98.0,0.0,0.0,0.0,0.0
1.0,0.0,1.0,6.0,0.0,3.0
1.0,0.0,1.0,3.0,0.0,0.0
1.0,1.0,15.0,2.0,0.0,0.0
1.0,99.0,0.0,0.0,0.0,0.0
3.0,97.0,0.0,0.0,0.0,0.0
1.0,0.0,2.0,2.0,0.0,0.0
1.0,99.0,0.0,0.0,0.0,0.0
1.0,99.0,0.0,0.0,0.0,0.0
1.0,99.0,0.0,0.0,0.0,0.0
2.0,98.0,0.0,0.0,0.0,0.0
2.0,97.0,1.0,0.0,0.0,0.0
2.0,2.0,2.0,0.0,0.0,0.0
1.0,0.0,0.0,0.0,0.0,0.0
2.0,93.0,0.0,1.0,4.0,0.0
2.0,5.0,32.0,0.0,0.0,0.0
1.0,0.0,10.0,3.0,0.0,0.0
1.0,99.0,0.0,0.0,0.0,0.0
1.0,0.0,1.0,0.0,0.0,0.0
2.0,98.0,0.0,0.0,0.0,0.0
1.0,98.0,0.0,1.0,0.0,0.0
3.0,94.0,0.0,3.0,0.0,0.0
1.0,98.0,0.0,1.0,0.0,0.0
2.0,97.0,1.0,0.0,0.0,0.0
1.0,0.0,0.0,0.0,0.0,0.0
1.0,0.0,62.0,1.0,0.0,0.0
1.0,97.0,0.0,2.0,0.0,0.0
1.0,44.0,0.0,1.0,54.0,0.0
2.0,0.0,0.0,0.0,0.0,0.0
1.0,96.0,0.0,3.0,0.0,0.0
1.0,36.0,0.0,3.0,60.0,0.0
2.0,72.0,0.0,2.0,24.0,0.0
1.0,14.0,0.0,2.0,83.0,0.0
1.0,99.0,0.0,0.0,0.0,0.0
2.0,84.0,0.0,1.0,13.0,0.0
3.0,79.0,18.0,0.0,0.0,0.0
1.0,99.0,0.0,0.0,0.0,0.0
2.0,98.0,0.0,0.0,0.0,0.0
2.0,80.0,0.0,1.0,17.0,0.0
1.0,15.0,12.0,3.0,0.0,0.0
1.0,98.0,0.0,1.0,0.0,0.0
3.0,96.0,0.0,1.0,0.0,0.0
2.0,97.0,0.0,1.0,0.0,0.0
1.0,99.0,0.0,0.0,0.0,0.0
1.0,0.0,0.0,0.0,0.0,0.0
1.0,96.0,0.0,3.0,0.0,0.0
1.0,52.0,0.0,1.0,46.0,0.0
2.0,96.0,1.0,1.0,0.0,0.0
1.0,15.0,38.0,1.0,0.0,0.0
1.0,97.0,0.0,2.0,0.0,0.0
1.0,98.0,1.0,0.0,0.0,0.0
1.0,97.0,1.0,1.0,0.0,0.0
2.0,83.0,0.0,1.0,14.0,0.0
1.0,86.0,0.0,3.0,10.0,0.0
2.0,22.0,0.0,1.0,75.0,0.0
1.0,98.0,1.0,0.0,0.0,0.0
2.0,97.0,1.0,0.0,0.0,0.0
3.0,49.0,36.0,1.0,0.0,0.0
3.0,72.0,23.0,2.0,0.0,0.0
1.0,84.0,15.0,0.0,0.0,0.0
1.0,99.0,0.0,0.0,0.0,0.0
2.0,95.0,1.0,2.0,0.0,0.0
1.0,97.0,1.0,1.0,0.0,0.0
1.0,99.0,0.0,0.0,0.0,0.0
1.0,0.0,1.0,1.0,0.0,6.0
1.0,1.0,0.0,1.0,97.0,0.0
2.0,94.0,1.0,3.0,0.0,0.0
1.0,99.0,0.0,0.0,0.0,0.0
1.0,99.0,0.0,0.0,0.0,0.0
4.0,0.0,1.0,3.0,0.0,12.0
1.0,88.0,11.0,0.0,0.0,0.0
1.0,98.0,0.0,1.0,0.0,0.0
2.0,60.0,0.0,1.0,37.0,0.0
1.0,83.0,7.0,0.0,0.0,0.0
1.0,75.0,22.0,2.0,0.0,0.0
1.0,98.0,1.0,0.0,0.0,0.0
1.0,99.0,0.0,0.0,0.0,0.0
3.0,0.0,3.0,2.0,0.0,0.0
1.0,99.0,0.0,0.0,0.0,0.0
3.0,96.0,1.0,0.0,0.0,0.0
1.0,99.0,0.0,0.0,0.0,0.0
1.0,0.0,2.0,1.0,0.0,0.0
1.0,97.0,1.0,1.0,0.0,0.0
2.0,33.0,0.0,1.0,64.0,0.0
2.0,98.0,0.0,0.0,0.0,0.0
2.0,97.0,0.0,1.0,0.0,0.0
1.0,17.0,11.0,0.0,0.0,0.0
1.0,66.0,3.0,2.0,0.0,0.0
2.0,98.0,0.0,0.0,0.0,0.0
1.0,22.0,0.0,1.0,76.0,0.0
1.0,97.0,1.0,1.0,0.0,0.0
2.0,50.0,0.0,1.0,47.0,0.0
1.0,96.0,0.0,3.0,0.0,0.0
1.0,0.0,11.0,2.0,0.0,0.0
1.0,99.0,0.0,0.0,0.0,0.0
1.0,0.0,0.0,0.0,0.0,0.0
1.0,0.0,7.0,2.0,0.0,0.0
1.0,96.0,0.0,3.0,0.0,0.0
1.0,98.0,1.0,0.0,0.0,0.0
1.0,98.0,1.0,0.0,0.0,0.0
1.0,99.0,0.0,0.0,0.0,0.0
1.0,99.0,0.0,0.0,0.0,0.0
1.0,0.0,2.0,1.0,0.0,6.0
2.0,97.0,1.0,0.0,0.0,0.0
2.0,98.0,0.0,0.0,0.0,0.0
1.0,98.0,0.0,1.0,0.0,0.0
2.0,97.0,0.0,1.0,0.0,0.0
1.0,94.0,1.0,4.0,0.0,0.0
1.0,98.0,0.0,1.0,0.0,0.0
1.0,0.0,5.0,3.0,0.0,0.0
1.0,96.0,0.0,3.0,0.0,0.0
3.0,95.0,1.0,1.0,0.0,0.0
1.0,99.0,0.0,0.0,0.0,0.0
1.0,99.0,0.0,0.0,0.0,0.0
1.0,99.0,0.0,0.0,0.0,0.0
1.0,98.0,0.0,1.0,0.0,0.0
1.0,98.0,0.0,1.0,0.0,0.0
3.0,97.0,0.0,0.0,0.0,0.0
1.0,98.0,0.0,1.0,0.0,0.0
1.0,98.0,1.0,0.0,0.0,0.0
1.0,1.0,10.0,1.0,0.0,0.0
1.0,98.0,0.0,1.0,0.0,0.0
2.0,98.0,0.0,0.0,0.0,0.0
1.0,98.0,0.0,1.0,0.0,0.0
1.0,0.0,7.0,1.0,0.0,0.0
1.0,0.0,0.0,1.0,0.0,0.0
2.0,21.0,0.0,1.0,76.0,0.0
1.0,98.0,0.0,1.0,0.0,0.0
1.0,0.0,2.0,1.0,0.0,5.0
1.0,97.0,1.0,1.0,0.0,0.0
1.0,51.0,35.0,0.0,0.0,0.0
1.0,99.0,0.0,0.0,0.0,0.0
1.0,98.0,1.0,0.0,0.0,0.0
2.0,97.0,1.0,0.0,0.0,0.0
1.0,1.0,38.0,2.0,0.0,0.0
1.0,98.0,1.0,0.0,0.0,0.0
5.0,89.0,0.0,1.0,5.0,0.0
1.0,96.0,0.0,3.0,0.0,0.0
1.0,98.0,0.0,1.0,0.0,0.0
1.0,98.0,0.0,1.0,0.0,0.0
1.0,97.0,0.0,2.0,0.0,0.0
2.0,97.0,1.0,0.0,0.0,0.0
2.0,94.0,0.0,4.0,0.0,0.0
1.0,97.0,1.0,1.0,0.0,0.0
1.0,1.0,98.0,0.0,0.0,0.0
1.0,18.0,52.0,0.0,0.0,0.0
1.0,0.0,3.0,1.0,0.0,0.0
3.0,0.0,1.0,1.0,0.0,6.0
1.0,0.0,26.0,1.0,0.0,0.0
6.0,75.0,18.0,1.0,0.0,0.0
1.0,28.0,0.0,1.0,70.0,0.0
1.0,97.0,2.0,0.0,0.0,0.0
7.0,92.0,0.0,1.0,0.0,0.0
2.0,57.0,11.0,0.0,0.0,0.0
1.0,0.0,55.0,1.0,0.0,0.0
3.0,94.0,1.0,2.0,0.0,0.0
2.0,5.0,0.0,1.0,92.0,0.0
2.0,97.0,0.0,1.0,0.0,0.0
2.0,98.0,0.0,0.0,0.0,0.0
3.0,96.0,0.0,1.0,0.0,0.0
5.0,93.0,1.0,1.0,0.0,0.0
1.0,98.0,0.0,1.0,0.0,0.0
1.0,0.0,0.0,0.0,0.0,0.0
1.0,5.0,22.0,1.0,0.0,0.0
2.0,98.0,0.0,0.0,0.0,0.0
1.0,98.0,1.0,0.0,0.0,0.0
2.0,98.0,0.0,0.0,0.0,0.0
1.0,98.0,0.0,1.0,0.0,0.0
1.0,0.0,2.0,1.0,0.0,3.0
1.0,0.0,8.0,2.0,0.0,0.0
1.0,99.0,0.0,0.0,0.0,0.0
2.0,97.0,1.0,0.0,0.0,0.0
2.0,97.0,0.0,1.0,0.0,0.0
2.0,97.0,0.0,1.0,0.0,0.0
1.0,0.0,16.0,1.0,0.0,0.0
1.0,99.0,0.0,0.0,0.0,0.0
1.0,98.0,0.0,1.0,0.0,0.0
3.0,96.0,1.0,0.0,0.0,0.0
1.0,99.0,0.0,0.0,0.0,0.0
1.0,97.0,1.0,1.0,0.0,0.0
3.0,97.0,0.0,0.0,0.0,0.0
2.0,98.0,0.0,0.0,0.0,0.0
3.0,97.0,0.0,0.0,0.0,0.0
3.0,97.0,0.0,0.0,0.0,0.0
1.0,0.0,0.0,0.0,0.0,0.0
2.0,63.0,0.0,2.0,33.0,0.0
1.0,0.0,0.0,0.0,0.0,0.0
1.0,98.0,1.0,0.0,0.0,0.0
1.0,99.0,0.0,0.0,0.0,0.0
1.0,0.0,98.0,1.0,0.0,0.0
1.0,99.0,0.0,0.0,0.0,0.0
1.0,0.0,1.0,2.0,0.0,32.0
1.0,98.0,1.0,0.0,0.0,0.0
2.0,91.0,7.0,0.0,0.0,0.0
3.0,96.0,0.0,1.0,0.0,0.0
1.0,98.0,1.0,0.0,0.0,0.0
1.0,0.0,20.0,1.0,0.0,0.0
4.0,94.0,1.0,1.0,0.0,0.0
1.0,97.0,0.0,2.0,0.0,0.0
1.0,1.0,42.0,0.0,0.0,0.0
3.0,97.0,0.0,0.0,0.0,0.0
2.0,95.0,1.0,2.0,0.0,0.0
1.0,0.0,23.0,2.0,0.0,0.0
3.0,9.0,59.0,1.0,0.0,0.0
1.0,99.0,0.0,0.0,0.0,0.0
1.0,33.0,0.0,2.0,64.0,0.0
1.0,42.0,1.0,1.0,0.0,0.0
1.0,0.0,11.0,1.0,0.0,0.0
2.0,98.0,0.0,0.0,0.0,0.0
2.0,96.0,1.0,1.0,0.0,0.0
1.0,98.0,0.0,1.0,0.0,0.0
1.0,98.0,1.0,0.0,0.0,0.0
1.0,97.0,0.0,2.0,0.0,0.0
2.0,93.0,0.0,5.0,0.0,0.0
1.0,0.0,39.0,2.0,0.0,0.0
1.0,0.0,1.0,2.0,0.0,0.0
1.0,98.0,0.0,1.0,0.0,0.0
1.0,80.0,0.0,5.0,14.0,0.0
1.0,0.0,4.0,2.0,0.0,0.0
1.0,99.0,0.0,0.0,0.0,0.0
1.0,99.0,0.0,0.0,0.0,0.0
1.0,91.0,0.0,1.0,7.0,0.0
1.0,0.0,65.0,1.0,0.0,0.0
1.0,99.0,0.0,0.0,0.0,0.0
3.0,96.0,1.0,0.0,0.0,0.0
1.0,98.0,1.0,0.0,0.0,0.0
2.0,98.0,0.0,0.0,0.0,0.0
1.0,88.0,10.0,1.0,0.0,0.0
1.0,99.0,0.0,0.0,0.0,0.0
2.0,97.0,0.0,1.0,0.0,0.0
1.0,98.0,1.0,0.0,0.0,0.0
1.0,99.0,0.0,0.0,0.0,0.0
2.0,98.0,0.0,0.0,0.0,0.0
1.0,1.0,0.0,1.0,97.0,0.0
2.0,20.0,17.0,0.0,0.0,0.0
1.0,98.0,1.0,0.0,0.0,0.0
1.0,99.0,0.0,0.0,0.0,0.0
1.0,0.0,9.0,1.0,0.0,0.0
1.0,98.0,1.0,0.0,0.0,0.0
1.0,97.0,0.0,2.0,0.0,0.0
1.0,33.0,0.0,1.0,65.0,0.0
1.0,99.0,0.0,0.0,0.0,0.0
1.0,0.0,3.0,3.0,0.0,0.0
1.0,97.0,0.0,2.0,0.0,0.0
2.0,97.0,0.0,1.0,0.0,0.0
1.0,0.0,16.0,1.0,0.0,0.0
1.0,60.0,0.0,3.0,36.0,0.0
2.0,0.0,2.0,1.0,0.0,0.0
1.0,0.0,7.0,1.0,0.0,0.0
3.0,97.0,0.0,0.0,0.0,0.0
1.0,1.0,3.0,0.0,0.0,0.0
1.0,99.0,0.0,0.0,0.0,0.0
1.0,98.0,0.0,1.0,0.0,0.0
1.0,99.0,0.0,0.0,0.0,0.0
2.0,96.0,0.0,2.0,0.0,0.0
1.0,0.0,0.0,0.0,0.0,0.0
1.0,0.0,5.0,1.0,0.0,0.0
1.0,99.0,0.0,0.0,0.0,0.0
1.0,98.0,1.0,0.0,0.0,0.0
1.0,98.0,1.0,0.0,0.0,0.0
1.0,99.0,0.0,0.0,0.0,0.0
1.0,99.0,0.0,0.0,0.0,0.0
1.0,0.0,2.0,4.0,0.0,0.0
1.0,97.0,0.0,2.0,0.0,0.0
1.0,74.0,3.0,0.0,0.0,0.0
4.0,94.0,1.0,1.0,0.0,0.0
3.0,97.0,0.0,0.0,0.0,0.0
1.0,97.0,0.0,2.0,0.0,0.0
2.0,91.0,2.0,5.0,0.0,0.0
1.0,0.0,0.0,0.0,0.0,0.0
2.0,97.0,0.0,1.0,0.0,0.0
3.0,95.0,0.0,2.0,0.0,0.0
1.0,99.0,0.0,0.0,0.0,0.0
1.0,51.0,0.0,2.0,46.0,0.0
1.0,62.0,9.0,0.0,0.0,0.0
2.0,97.0,0.0,1.0,0.0,0.0
1.0,97.0,0.0,2.0,0.0,0.0
1.0,98.0,0.0,1.0,0.0,0.0
1.0,98.0,0.0,1.0,0.0,0.0
3.0,96.0,0.0,1.0,0.0,0.0
1.0,46.0,0.0,1.0,52.0,0.0
1.0,98.0,0.0,1.0,0.0,0.0
1.0,98.0,1.0,0.0,0.0,0.0
2.0,96.0,0.0,2.0,0.0,0.0
1.0,0.0,21.0,1.0,0.0,0.0
1.0,98.0,0.0,1.0,0.0,0.0
1.0,99.0,0.0,0.0,0.0,0.0
1.0,0.0,0.0,0.0,0.0,0.0
1.0,47.0,48.0,2.0,0.0,0.0
1.0,0.0,18.0,1.0,0.0,0.0
1.0,59.0,27.0,0.0,0.0,0.0
1.0,96.0,1.0,2.0,0.0,0.0
1.0,98.0,1.0,0.0,0.0,0.0
3.0,97.0,0.0,0.0,0.0,0.0
1.0,94.0,1.0,4.0,0.0,0.0
1.0,98.0,0.0,1.0,0.0,0.0
1.0,97.0,1.0,1.0,0.0,0.0
1.0,98.0,1.0,0.0,0.0,0.0
1.0,94.0,0.0,5.0,0.0,0.0
1.0,95.0,0.0,2.0,2.0,0.0
1.0,0.0,4.0,2.0,0.0,0.0
2.0,96.0,1.0,1.0,0.0,0.0
1.0,97.0,1.0,1.0,0.0,0.0
1.0,98.0,1.0,0.0,0.0,0.0
1.0,99.0,0.0,0.0,0.0,0.0
1.0,98.0,0.0,1.0,0.0,0.0
1.0,0.0,0.0,0.0,0.0,0.0
2.0,0.0,55.0,1.0,0.0,0.0
1.0,10.0,68.0,0.0,0.0,0.0
1.0,99.0,0.0,0.0,0.0,0.0
1.0,84.0,15.0,0.0,0.0,0.0
1.0,98.0,0.0,1.0,0.0,0.0
1.0,99.0,0.0,0.0,0.0,0.0
1.0,99.0,0.0,0.0,0.0,0.0
1.0,0.0,4.0,1.0,0.0,0.0
1.0,98.0,0.0,1.0,0.0,0.0
1.0,96.0,2.0,1.0,0.0,0.0
3.0,96.0,1.0,0.0,0.0,0.0
1.0,98.0,1.0,0.0,0.0,0.0
2.0,98.0,0.0,0.0,0.0,0.0
1.0,98.0,0.0,1.0,0.0,0.0
2.0,98.0,0.0,0.0,0.0,0.0
1.0,84.0,12.0,0.0,0.0,0.0
3.0,96.0,0.0,1.0,0.0,0.0
2.0,96.0,1.0,1.0,0.0,0.0
4.0,95.0,0.0,1.0,0.0,0.0
3.0,97.0,0.0,0.0,0.0,0.0
5.0,92.0,0.0,3.0,0.0,0.0
2.0,96.0,2.0,0.0,0.0,0.0
1.0,99.0,0.0,0.0,0.0,0.0
1.0,99.0,0.0,0.0,0.0,0.0
1.0,97.0,0.0,2.0,0.0,0.0
2.0,98.0,0.0,0.0,0.0,0.0
2.0,98.0,0.0,0.0,0.0,0.0
1.0,97.0,0.0,2.0,0.0,0.0
1.0,99.0,0.0,0.0,0.0,0.0
1.0,99.0,0.0,0.0,0.0,0.0
1.0,0.0,1.0,1.0,0.0,0.0
1.0,99.0,0.0,0.0,0.0,0.0
1.0,98.0,0.0,1.0,0.0,0.0
1.0,99.0,0.0,0.0,0.0,0.0
1.0,98.0,1.0,0.0,0.0,0.0
2.0,23.0,15.0,2.0,0.0,0.0
1.0,0.0,4.0,1.0,0.0,0.0
1.0,98.0,1.0,0.0,0.0,0.0
1.0,1.0,0.0,2.0,96.0,0.0
2.0,96.0,0.0,2.0,0.0,0.0
2.0,98.0,0.0,0.0,0.0,0.0
1.0,0.0,7.0,1.0,0.0,0.0
1.0,98.0,0.0,1.0,0.0,0.0
1.0,99.0,0.0,0.0,0.0,0.0
1.0,0.0,0.0,0.0,0.0,0.0
1.0,0.0,45.0,1.0,0.0,0.0
1.0,98.0,0.0,1.0,0.0,0.0
3.0,0.0,1.0,1.0,0.0,9.0
1.0,95.0,0.0,4.0,0.0,0.0
1.0,0.0,25.0,2.0,0.0,0.0
2.0,98.0,0.0,0.0,0.0,0.0
2.0,97.0,0.0,1.0,0.0,0.0
1.0,98.0,0.0,1.0,0.0,0.0
1.0,0.0,49.0,1.0,0.0,0.0
2.0,97.0,0.0,1.0,0.0,0.0
1.0,99.0,0.0,0.0,0.0,0.0
1.0,98.0,0.0,1.0,0.0,0.0
1.0,99.0,0.0,0.0,0.0,0.0
1.0,99.0,0.0,0.0,0.0,0.0
1.0,95.0,0.0,4.0,0.0,0.0
1.0,97.0,1.0,1.0,0.0,0.0
1.0,99.0,0.0,0.0,0.0,0.0
1.0,97.0,0.0,2.0,0.0,0.0
2.0,96.0,1.0,1.0,0.0,0.0
1.0,98.0,0.0,1.0,0.0,0.0
1.0,99.0,0.0,0.0,0.0,0.0
1.0,99.0,0.0,0.0,0.0,0.0
1.0,49.0,20.0,0.0,0.0,0.0
1.0,0.0,1.0,1.0,0.0,5.0
1.0,0.0,25.0,1.0,0.0,0.0
2.0,98.0,0.0,0.0,0.0,0.0
2.0,96.0,0.0,2.0,0.0,0.0
1.0,99.0,0.0,0.0,0.0,0.0
1.0,99.0,0.0,0.0,0.0,0.0
2.0,96.0,1.0,1.0,0.0,0.0
2.0,97.0,0.0,1.0,0.0,0.0
1.0,98.0,1.0,0.0,0.0,0.0
1.0,0.0,0.0,0.0,0.0,0.0
1.0,83.0,0.0,1.0,15.0,0.0
1.0,52.0,13.0,2.0,0.0,0.0
1.0,99.0,0.0,0.0,0.0,0.0
1.0,99.0,0.0,0.0,0.0,0.0
1.0,98.0,1.0,0.0,0.0,0.0
1.0,96.0,1.0,2.0,0.0,0.0
3.0,97.0,0.0,0.0,0.0,0.0
2.0,98.0,0.0,0.0,0.0,0.0
1.0,98.0,0.0,1.0,0.0,0.0
1.0,0.0,1.0,0.0,0.0,0.0
1.0,0.0,15.0,2.0,0.0,0.0
1.0,99.0,0.0,0.0,0.0,0.0
1.0,97.0,1.0,1.0,0.0,0.0
2.0,98.0,0.0,0.0,0.0,0.0
1.0,99.0,0.0,0.0,0.0,0.0
2.0,0.0,24.0,2.0,0.0,0.0
3.0,0.0,24.0,1.0,0.0,0.0
3.0,96.0,0.0,1.0,0.0,0.0
2.0,98.0,0.0,0.0,0.0,0.0
1.0,99.0,0.0,0.0,0.0,0.0
3.0,95.0,1.0,1.0,0.0,0.0
1.0,95.0,0.0,4.0,0.0,0.0
1.0,1.0,0.0,1.0,97.0,0.0
2.0,0.0,1.0,1.0,0.0,48.0
2.0,97.0,1.0,0.0,0.0,0.0
1.0,98.0,0.0,1.0,0.0,0.0
1.0,0.0,0.0,0.0,0.0,0.0
2.0,97.0,0.0,1.0,0.0,0.0
2.0,97.0,0.0,1.0,0.0,0.0
1.0,99.0,0.0,0.0,0.0,0.0
2.0,98.0,0.0,0.0,0.0,0.0
1.0,97.0,0.0,2.0,0.0,0.0
1.0,98.0,0.0,1.0,0.0,0.0
2.0,98.0,0.0,0.0,0.0,0.0
2.0,88.0,1.0,0.0,0.0,0.0
2.0,97.0,1.0,0.0,0.0,0.0
1.0,98.0,0.0,1.0,0.0,0.0
1.0,50.0,15.0,0.0,0.0,0.0
1.0,97.0,0.0,2.0,0.0,0.0
1.0,98.0,0.0,1.0,0.0,0.0
2.0,58.0,0.0,1.0,39.0,0.0
1.0,0.0,1.0,1.0,0.0,10.0
2.0,97.0,0.0,1.0,0.0,0.0
5.0,69.0,0.0,1.0,25.0,0.0
1.0,0.0,49.0,1.0,0.0,0.0
1.0,98.0,0.0,1.0,0.0,0.0
1.0,98.0,0.0,1.0,0.0,0.0
1.0,99.0,0.0,0.0,0.0,0.0
1.0,99.0,0.0,0.0,0.0,0.0
2.0,97.0,1.0,0.0,0.0,0.0
1.0,98.0,1.0,0.0,0.0,0.0
1.0,96.0,1.0,2.0,0.0,0.0
1.0,0.0,44.0,1.0,0.0,0.0
3.0,96.0,0.0,1.0,0.0,0.0
1.0,99.0,0.0,0.0,0.0,0.0
1.0,98.0,1.0,0.0,0.0,0.0
1.0,0.0,0.0,0.0,0.0,0.0
2.0,98.0,0.0,0.0,0.0,0.0
1.0,1.0,39.0,0.0,0.0,0.0
1.0,33.0,27.0,0.0,0.0,0.0
2.0,97.0,0.0,1.0,0.0,0.0
1.0,96.0,0.0,3.0,0.0,0.0
1.0,99.0,0.0,0.0,0.0,0.0
1.0,98.0,0.0,1.0,0.0,0.0
1.0,93.0,0.0,6.0,0.0,0.0
2.0,97.0,1.0,0.0,0.0,0.0
2.0,98.0,0.0,0.0,0.0,0.0
1.0,0.0,55.0,1.0,0.0,0.0
1.0,97.0,0.0,2.0,0.0,0.0
2.0,96.0,0.0,2.0,0.0,0.0
1.0,1.0,0.0,3.0,95.0,0.0
1.0,98.0,1.0,0.0,0.0,0.0
1.0,99.0,0.0,0.0,0.0,0.0
1.0,0.0,0.0,0.0,0.0,0.0
1.0,99.0,0.0,0.0,0.0,0.0
1.0,98.0,0.0,1.0,0.0,0.0
1.0,98.0,0.0,1.0,0.0,0.0
1.0,0.0,0.0,0.0,0.0,0.0
1.0,98.0,1.0,0.0,0.0,0.0
1.0,0.0,36.0,1.0,0.0,0.0
1.0,0.0,16.0,4.0,0.0,0.0
1.0,0.0,1.0,1.0,0.0,0.0
2.0,96.0,0.0,2.0,0.0,0.0
2.0,98.0,0.0,0.0,0.0,0.0
1.0,97.0,0.0,2.0,0.0,0.0
2.0,95.0,1.0,2.0,0.0,0.0
1.0,99.0,0.0,0.0,0.0,0.0
1.0,99.0,0.0,0.0,0.0,0.0
3.0,96.0,0.0,1.0,0.0,0.0
1.0,98.0,1.0,0.0,0.0,0.0
1.0,98.0,0.0,1.0,0.0,0.0
1.0,98.0,0.0,1.0,0.0,0.0
3.0,13.0,0.0,1.0,83.0,0.0
2.0,97.0,0.0,1.0,0.0,0.0
1.0,1.0,0.0,0.0,0.0,0.0
1.0,0.0,1.0,1.0,0.0,0.0
1.0,99.0,0.0,0.0,0.0,0.0
1.0,29.0,0.0,3.0,67.0,0.0
2.0,97.0,0.0,1.0,0.0,0.0
4.0,92.0,0.0,4.0,0.0,0.0
2.0,98.0,0.0,0.0,0.0,0.0
2.0,97.0,0.0,1.0,0.0,0.0
1.0,31.0,0.0,1.0,67.0,0.0
1.0,0.0,35.0,5.0,0.0,0.0
4.0,96.0,0.0,0.0,0.0,0.0
4.0,0.0,57.0,2.0,0.0,0.0
2.0,98.0,0.0,0.0,0.0,0.0
1.0,99.0,0.0,0.0,0.0,0.0
1.0,99.0,0.0,0.0,0.0,0.0
6.0,94.0,0.0,0.0,0.0,0.0
1.0,98.0,0.0,1.0,0.0,0.0
1.0,99.0,0.0,0.0,0.0,0.0
2.0,52.0,0.0,1.0,45.0,0.0
1.0,99.0,0.0,0.0,0.0,0.0
1.0,97.0,0.0,2.0,0.0,0.0
1.0,98.0,0.0,1.0,0.0,0.0
1.0,96.0,0.0,3.0,0.0,0.0
1.0,99.0,0.0,0.0,0.0,0.0
1.0,98.0,1.0,0.0,0.0,0.0
1.0,26.0,0.0,3.0,70.0,0.0
1.0,98.0,1.0,0.0,0.0,0.0
2.0,0.0,0.0,0.0,0.0,0.0
3.0,97.0,0.0,0.0,0.0,0.0
1.0,99.0,0.0,0.0,0.0,0.0
1.0,98.0,1.0,0.0,0.0,0.0
2.0,95.0,0.0,3.0,0.0,0.0
1.0,98.0,1.0,0.0,0.0,0.0
2.0,96.0,1.0,1.0,0.0,0.0
1.0,14.0,0.0,1.0,84.0,0.0
1.0,1.0,0.0,1.0,97.0,0.0
1.0,99.0,0.0,0.0,0.0,0.0
1.0,96.0,0.0,3.0,0.0,0.0
2.0,93.0,0.0,5.0,0.0,0.0
2.0,97.0,1.0,0.0,0.0,0.0
1.0,99.0,0.0,0.0,0.0,0.0
2.0,98.0,0.0,0.0,0.0,0.0
1.0,0.0,18.0,4.0,0.0,0.0
1.0,34.0,0.0,2.0,63.0,0.0
3.0,94.0,1.0,2.0,0.0,0.0
8.0,91.0,0.0,1.0,0.0,0.0
2.0,98.0,0.0,0.0,0.0,0.0
1.0,96.0,1.0,2.0,0.0,0.0
1.0,99.0,0.0,0.0,0.0,0.0
2.0,98.0,0.0,0.0,0.0,0.0
2.0,98.0,0.0,0.0,0.0,0.0
1.0,0.0,0.0,0.0,0.0,0.0
1.0,99.0,0.0,0.0,0.0,0.0
1.0,0.0,60.0,1.0,0.0,0.0
1.0,22.0,3.0,2.0,0.0,0.0
1.0,99.0,0.0,0.0,0.0,0.0
1.0,0.0,97.0,2.0,0.0,0.0
1.0,0.0,0.0,1.0,0.0,0.0
1.0,99.0,0.0,0.0,0.0,0.0
1.0,97.0,0.0,2.0,0.0,0.0
1.0,98.0,1.0,0.0,0.0,0.0
1.0,99.0,0.0,0.0,0.0,0.0
1.0,98.0,1.0,0.0,0.0,0.0
1.0,41.0,49.0,0.0,0.0,0.0
2.0,97.0,0.0,1.0,0.0,0.0
1.0,95.0,0.0,4.0,0.0,0.0
1.0,98.0,0.0,1.0,0.0,0.0
1.0,99.0,0.0,0.0,0.0,0.0
2.0,95.0,0.0,3.0,0.0,0.0
1.0,98.0,1.0,0.0,0.0,0.0
1.0,0.0,5.0,2.0,0.0,0.0
1.0,98.0,1.0,0.0,0.0,0.0
1.0,9.0,37.0,0.0,0.0,0.0
2.0,97.0,1.0,0.0,0.0,0.0
3.0,33.0,3.0,2.0,0.0,0.0
1.0,94.0,1.0,4.0,0.0,0.0
1.0,0.0,1.0,1.0,0.0,27.0
2.0,98.0,0.0,0.0,0.0,0.0
1.0,98.0,0.0,1.0,0.0,0.0
2.0,97.0,1.0,0.0,0.0,0.0
1.0,99.0,0.0,0.0,0.0,0.0
1.0,98.0,0.0,1.0,0.0,0.0
1.0,98.0,0.0,1.0,0.0,0.0
1.0,0.0,17.0,1.0,0.0,0.0
1.0,98.0,0.0,1.0,0.0,0.0
2.0,98.0,0.0,0.0,0.0,0.0
2.0,97.0,0.0,1.0,0.0,0.0
2.0,0.0,29.0,3.0,0.0,0.0
1.0,81.0,0.0,1.0,17.0,0.0
1.0,97.0,1.0,1.0,0.0,0.0
1.0,98.0,0.0,1.0,0.0,0.0
1.0,98.0,1.0,0.0,0.0,0.0
1.0,98.0,1.0,0.0,0.0,0.0
1.0,99.0,0.0,0.0,0.0,0.0
1.0,98.0,0.0,1.0,0.0,0.0
2.0,98.0,0.0,0.0,0.0,0.0
1.0,0.0,25.0,1.0,0.0,0.0
2.0,96.0,0.0,2.0,0.0,0.0
1.0,81.0,0.0,1.0,17.0,0.0
1.0,98.0,0.0,1.0,0.0,0.0
2.0,0.0,15.0,1.0,0.0,0.0
1.0,99.0,0.0,0.0,0.0,0.0
3.0,97.0,0.0,0.0,0.0,0.0
1.0,94.0,2.0,3.0,0.0,0.0
3.0,97.0,0.0,0.0,0.0,0.0
1.0,98.0,1.0,0.0,0.0,0.0
1.0,95.0,1.0,3.0,0.0,0.0
1.0,0.0,1.0,2.0,0.0,14.0
2.0,96.0,0.0,2.0,0.0,0.0
1.0,97.0,1.0,1.0,0.0,0.0
1.0,0.0,11.0,1.0,0.0,0.0
1.0,99.0,0.0,0.0,0.0,0.0
1.0,98.0,0.0,1.0,0.0,0.0
1.0,33.0,14.0,0.0,0.0,0.0
1.0,0.0,12.0,1.0,0.0,0.0
2.0,97.0,1.0,0.0,0.0,0.0
1.0,93.0,1.0,5.0,0.0,0.0
1.0,99.0,0.0,0.0,0.0,0.0
2.0,98.0,0.0,0.0,0.0,0.0
4.0,92.0,1.0,3.0,0.0,0.0
1.0,97.0,1.0,1.0,0.0,0.0
1.0,0.0,24.0,2.0,0.0,0.0
1.0,98.0,1.0,0.0,0.0,0.0
1.0,99.0,0.0,0.0,0.0,0.0
1.0,99.0,0.0,0.0,0.0,0.0
1.0,94.0,0.0,5.0,0.0,0.0
1.0,98.0,1.0,0.0,0.0,0.0
1.0,0.0,0.0,0.0,0.0,0.0
3.0,0.0,22.0,1.0,0.0,0.0
1.0,99.0,0.0,0.0,0.0,0.0
1.0,0.0,5.0,1.0,0.0,0.0
1.0,99.0,0.0,0.0,0.0,0.0
1.0,98.0,0.0,1.0,0.0,0.0
1.0,99.0,0.0,0.0,0.0,0.0
1.0,0.0,0.0,0.0,0.0,0.0
2.0,98.0,0.0,0.0,0.0,0.0
1.0,99.0,0.0,0.0,0.0,0.0
1.0,98.0,1.0,0.0,0.0,0.0
3.0,96.0,0.0,1.0,0.0,0.0
2.0,97.0,1.0,0.0,0.0,0.0
1.0,98.0,0.0,1.0,0.0,0.0
1.0,99.0,0.0,0.0,0.0,0.0
1.0,98.0,1.0,0.0,0.0,0.0
1.0,98.0,0.0,1.0,0.0,0.0
2.0,96.0,0.0,2.0,0.0,0.0
4.0,91.0,0.0,5.0,0.0,0.0
1.0,99.0,0.0,0.0,0.0,0.0
2.0,98.0,0.0,0.0,0.0,0.0
4.0,0.0,49.0,2.0,0.0,0.0
1.0,99.0,0.0,0.0,0.0,0.0
1.0,93.0,1.0,5.0,0.0,0.0
1.0,99.0,0.0,0.0,0.0,0.0
1.0,64.0,6.0,0.0,0.0,0.0
2.0,98.0,0.0,0.0,0.0,0.0
1.0,99.0,0.0,0.0,0.0,0.0
1.0,98.0,1.0,0.0,0.0,0.0
1.0,98.0,1.0,0.0,0.0,0.0
1.0,98.0,1.0,0.0,0.0,0.0
2.0,0.0,13.0,1.0,0.0,0.0
2.0,95.0,0.0,3.0,0.0,0.0
1.0,98.0,0.0,1.0,0.0,0.0
1.0,0.0,21.0,2.0,0.0,0.0
2.0,0.0,0.0,0.0,0.0,0.0
2.0,20.0,0.0,1.0,77.0,0.0
3.0,97.0,0.0,0.0,0.0,0.0
3.0,97.0,0.0,0.0,0.0,0.0
1.0,98.0,1.0,0.0,0.0,0.0
1.0,98.0,1.0,0.0,0.0,0.0
1.0,50.0,0.0,1.0,48.0,0.0
1.0,99.0,0.0,0.0,0.0,0.0
1.0,30.0,0.0,3.0,66.0,0.0
1.0,98.0,1.0,0.0,0.0,0.0
1.0,99.0,0.0,0.0,0.0,0.0
1.0,0.0,10.0,1.0,0.0,0.0
1.0,0.0,12.0,1.0,0.0,0.0
2.0,14.0,11.0,0.0,0.0,0.0
1.0,99.0,0.0,0.0,0.0,0.0
1.0,0.0,2.0,1.0,0.0,0.0
1.0,97.0,0.0,2.0,0.0,0.0
1.0,0.0,0.0,0.0,0.0,0.0
1.0,0.0,7.0,5.0,0.0,0.0
1.0,99.0,0.0,0.0,0.0,0.0
1.0,99.0,0.0,0.0,0.0,0.0
1.0,97.0,1.0,1.0,0.0,0.0
1.0,99.0,0.0,0.0,0.0,0.0
4.0,95.0,0.0,1.0,0.0,0.0
2.0,96.0,1.0,1.0,0.0,0.0
3.0,97.0,0.0,0.0,0.0,0.0
1.0,99.0,0.0,0.0,0.0,0.0
1.0,0.0,4.0,2.0,0.0,0.0
1.0,21.0,0.0,2.0,76.0,0.0
3.0,0.0,21.0,3.0,0.0,0.0
1.0,98.0,0.0,1.0,0.0,0.0
1.0,99.0,0.0,0.0,0.0,0.0
1.0,98.0,1.0,0.0,0.0,0.0
1.0,98.0,1.0,0.0,0.0,0.0
2.0,96.0,0.0,2.0,0.0,0.0
2.0,0.0,1.0,2.0,0.0,2.0
1.0,1.0,0.0,1.0,97.0,0.0
2.0,98.0,0.0,0.0,0.0,0.0
1.0,0.0,32.0,2.0,0.0,0.0
2.0,0.0,1.0,6.0,0.0,7.0
5.0,95.0,0.0,0.0,0.0,0.0
2.0,98.0,0.0,0.0,0.0,0.0
1.0,94.0,1.0,4.0,0.0,0.0
2.0,96.0,1.0,1.0,0.0,0.0
1.0,99.0,0.0,0.0,0.0,0.0
1.0,0.0,11.0,2.0,0.0,0.0
1.0,97.0,1.0,1.0,0.0,0.0
1.0,98.0,0.0,1.0,0.0,0.0
2.0,8.0,41.0,0.0,0.0,0.0
1.0,98.0,0.0,1.0,0.0,0.0
3.0,97.0,0.0,0.0,0.0,0.0
2.0,0.0,8.0,2.0,0.0,0.0
2.0,40.0,0.0,2.0,56.0,0.0
1.0,99.0,0.0,0.0,0.0,0.0
2.0,20.0,52.0,0.0,0.0,0.0
1.0,97.0,1.0,1.0,0.0,0.0
1.0,95.0,0.0,4.0,0.0,0.0
2.0,98.0,0.0,0.0,0.0,0.0
3.0,96.0,0.0,1.0,0.0,0.0
1.0,98.0,1.0,0.0,0.0,0.0
1.0,99.0,0.0,0.0,0.0,0.0
1.0,98.0,0.0,1.0,0.0,0.0
2.0,97.0,1.0,0.0,0.0,0.0
1.0,99.0,0.0,0.0,0.0,0.0
3.0,95.0,0.0,2.0,0.0,0.0
1.0,98.0,1.0,0.0,0.0,0.0
1.0,97.0,1.0,1.0,0.0,0.0
1.0,98.0,1.0,0.0,0.0,0.0
1.0,0.0,2.0,2.0,0.0,0.0
3.0,96.0,0.0,1.0,0.0,0.0
1.0,99.0,0.0,0.0,0.0,0.0
1.0,96.0,0.0,3.0,0.0,0.0
3.0,97.0,0.0,0.0,0.0,0.0
1.0,1.0,0.0,1.0,97.0,0.0
1.0,0.0,49.0,1.0,0.0,0.0
1.0,33.0,66.0,0.0,0.0,0.0
1.0,98.0,0.0,1.0,0.0,0.0
2.0,97.0,0.0,1.0,0.0,0.0
1.0,95.0,1.0,3.0,0.0,0.0
1.0,98.0,0.0,1.0,0.0,0.0
1.0,99.0,0.0,0.0,0.0,0.0
1.0,0.0,0.0,0.0,0.0,0.0
4.0,96.0,0.0,0.0,0.0,0.0
1.0,98.0,0.0,1.0,0.0,0.0
1.0,98.0,0.0,1.0,0.0,0.0
1.0,98.0,0.0,1.0,0.0,0.0
1.0,98.0,0.0,1.0,0.0,0.0
1.0,98.0,1.0,0.0,0.0,0.0
1.0,98.0,0.0,1.0,0.0,0.0
2.0,0.0,46.0,1.0,0.0,0.0
1.0,1.0,0.0,0.0,0.0,0.0
3.0,95.0,0.0,2.0,0.0,0.0
4.0,96.0,0.0,0.0,0.0,0.0
1.0,99.0,0.0,0.0,0.0,0.0
1.0,0.0,18.0,1.0,0.0,0.0
2.0,96.0,0.0,2.0,0.0,0.0
1.0,99.0,0.0,0.0,0.0,0.0
1.0,98.0,0.0,1.0,0.0,0.0
2.0,98.0,0.0,0.0,0.0,0.0
1.0,99.0,0.0,0.0,0.0,0.0
3.0,97.0,0.0,0.0,0.0,0.0
1.0,99.0,0.0,0.0,0.0,0.0
3.0,97.0,0.0,0.0,0.0,0.0
2.0,98.0,0.0,0.0,0.0,0.0
2.0,98.0,0.0,0.0,0.0,0.0
1.0,97.0,0.0,2.0,0.0,0.0
1.0,99.0,0.0,0.0,0.0,0.0
1.0,97.0,0.0,2.0,0.0,0.0
1.0,0.0,0.0,1.0,0.0,0.0
1.0,99.0,0.0,0.0,0.0,0.0
2.0,93.0,0.0,5.0,0.0,0.0
3.0,96.0,0.0,1.0,0.0,0.0
1.0,99.0,0.0,0.0,0.0,0.0
2.0,50.0,0.0,1.0,47.0,0.0
1.0,0.0,24.0,1.0,0.0,0.0
1.0,0.0,1.0,2.0,0.0,49.0
2.0,98.0,0.0,0.0,0.0,0.0
1.0,99.0,0.0,0.0,0.0,0.0
3.0,97.0,0.0,0.0,0.0,0.0
2.0,98.0,0.0,0.0,0.0,0.0
1.0,99.0,0.0,0.0,0.0,0.0
3.0,96.0,0.0,1.0,0.0,0.0
1.0,97.0,0.0,2.0,0.0,0.0
1.0,99.0,0.0,0.0,0.0,0.0
1.0,97.0,0.0,2.0,0.0,0.0
2.0,98.0,0.0,0.0,0.0,0.0
1.0,99.0,0.0,0.0,0.0,0.0
1.0,0.0,17.0,1.0,0.0,0.0
3.0,10.0,15.0,0.0,0.0,0.0
1.0,77.0,0.0,1.0,21.0,0.0
1.0,95.0,0.0,4.0,0.0,0.0
1.0,99.0,0.0,0.0,0.0,0.0
1.0,99.0,0.0,0.0,0.0,0.0
1.0,96.0,0.0,3.0,0.0,0.0
1.0,99.0,0.0,0.0,0.0,0.0
2.0,95.0,1.0,2.0,0.0,0.0
1.0,97.0,1.0,1.0,0.0,0.0
1.0,97.0,1.0,1.0,0.0,0.0
1.0,1.0,24.0,1.0,0.0,0.0
1.0,98.0,0.0,1.0,0.0,0.0
1.0,97.0,1.0,1.0,0.0,0.0
2.0,0.0,4.0,1.0,0.0,0.0
1.0,98.0,1.0,0.0,0.0,0.0
2.0,98.0,0.0,0.0,0.0,0.0
1.0,85.0,3.0,1.0,0.0,0.0
2.0,97.0,1.0,0.0,0.0,0.0
1.0,98.0,1.0,0.0,0.0,0.0
2.0,97.0,1.0,0.0,0.0,0.0
2.0,98.0,0.0,0.0,0.0,0.0
2.0,98.0,0.0,0.0,0.0,0.0
1.0,99.0,0.0,0.0,0.0,0.0
1.0,98.0,0.0,1.0,0.0,0.0
1.0,96.0,0.0,3.0,0.0,0.0
2.0,4.0,0.0,3.0,91.0,0.0
1.0,98.0,1.0,0.0,0.0,0.0
1.0,98.0,1.0,0.0,0.0,0.0
1.0,0.0,3.0,2.0,0.0,0.0
4.0,0.0,22.0,1.0,0.0,0.0
1.0,99.0,0.0,0.0,0.0,0.0
1.0,76.0,0.0,1.0,22.0,0.0
1.0,98.0,1.0,0.0,0.0,0.0
3.0,97.0,0.0,0.0,0.0,0.0
3.0,0.0,11.0,1.0,0.0,0.0
1.0,99.0,0.0,0.0,0.0,0.0
1.0,99.0,0.0,0.0,0.0,0.0
1.0,64.0,0.0,3.0,32.0,0.0
1.0,97.0,0.0,2.0,0.0,0.0
1.0,99.0,0.0,0.0,0.0,0.0
1.0,98.0,1.0,0.0,0.0,0.0
1.0,98.0,0.0,1.0,0.0,0.0
2.0,98.0,0.0,0.0,0.0,0.0
1.0,81.0,17.0,0.0,0.0,0.0
1.0,97.0,0.0,2.0,0.0,0.0
1.0,99.0,0.0,0.0,0.0,0.0
2.0,97.0,1.0,0.0,0.0,0.0
1.0,98.0,0.0,1.0,0.0,0.0
1.0,99.0,0.0,0.0,0.0,0.0
3.0,97.0,0.0,0.0,0.0,0.0
1.0,50.0,0.0,1.0,48.0,0.0
1.0,0.0,0.0,0.0,0.0,0.0
5.0,28.0,0.0,2.0,65.0,0.0
1.0,99.0,0.0,0.0,0.0,0.0
1.0,98.0,0.0,1.0,0.0,0.0
1.0,98.0,0.0,1.0,0.0,0.0
1.0,99.0,0.0,0.0,0.0,0.0
1.0,99.0,0.0,0.0,0.0,0.0
1.0,99.0,0.0,0.0,0.0,0.0
2.0,98.0,0.0,0.0,0.0,0.0
2.0,98.0,0.0,0.0,0.0,0.0
2.0,97.0,1.0,0.0,0.0,0.0
4.0,86.0,0.0,3.0,7.0,0.0
2.0,97.0,1.0,0.0,0.0,0.0
2.0,97.0,0.0,1.0,0.0,0.0
1.0,98.0,0.0,1.0,0.0,0.0
1.0,0.0,36.0,1.0,0.0,0.0
2.0,98.0,0.0,0.0,0.0,0.0
1.0,99.0,0.0,0.0,0.0,0.0
3.0,97.0,0.0,0.0,0.0,0.0
1.0,99.0,0.0,0.0,0.0,0.0
2.0,98.0,0.0,0.0,0.0,0.0
4.0,51.0,0.0,1.0,44.0,0.0
1.0,97.0,1.0,1.0,0.0,0.0
2.0,49.0,15.0,1.0,0.0,0.0
4.0,93.0,0.0,3.0,0.0,0.0
1.0,0.0,2.0,1.0,0.0,0.0
1.0,31.0,0.0,1.0,67.0,0.0
1.0,98.0,1.0,0.0,0.0,0.0
2.0,98.0,0.0,0.0,0.0,0.0
1.0,99.0,0.0,0.0,0.0,0.0
1.0,0.0,0.0,0.0,0.0,0.0
1.0,97.0,1.0,1.0,0.0,0.0
1.0,99.0,0.0,0.0,0.0,0.0
4.0,94.0,0.0,2.0,0.0,0.0
1.0,99.0,0.0,0.0,0.0,0.0
1.0,98.0,1.0,0.0,0.0,0.0
2.0,96.0,1.0,1.0,0.0,0.0
4.0,0.0,15.0,2.0,0.0,0.0
2.0,98.0,0.0,0.0,0.0,0.0
1.0,99.0,0.0,0.0,0.0,0.0
1.0,97.0,0.0,2.0,0.0,0.0
1.0,98.0,0.0,1.0,0.0,0.0
1.0,0.0,1.0,1.0,0.0,5.0
2.0,18.0,0.0,3.0,77.0,0.0
5.0,94.0,1.0,0.0,0.0,0.0
1.0,99.0,0.0,0.0,0.0,0.0
2.0,96.0,0.0,2.0,0.0,0.0
1.0,98.0,0.0,1.0,0.0,0.0
2.0,96.0,0.0,2.0,0.0,0.0
1.0,22.0,0.0,2.0,75.0,0.0
2.0,97.0,0.0,1.0,0.0,0.0
2.0,96.0,1.0,1.0,0.0,0.0
1.0,90.0,0.0,9.0,0.0,0.0
1.0,99.0,0.0,0.0,0.0,0.0
1.0,98.0,1.0,0.0,0.0,0.0
1.0,68.0,0.0,2.0,29.0,0.0
1.0,99.0,0.0,0.0,0.0,0.0
2.0,98.0,0.0,0.0,0.0,0.0
1.0,98.0,0.0,1.0,0.0,0.0
1.0,1.0,3.0,0.0,0.0,0.0
2.0,49.0,4.0,1.0,0.0,0.0
1.0,97.0,0.0,2.0,0.0,0.0
2.0,98.0,0.0,0.0,0.0,0.0
1.0,98.0,0.0,1.0,0.0,0.0
1.0,0.0,85.0,1.0,0.0,0.0
1.0,96.0,0.0,3.0,0.0,0.0
1.0,94.0,0.0,5.0,0.0,0.0
1.0,96.0,0.0,3.0,0.0,0.0
1.0,97.0,0.0,2.0,0.0,0.0
1.0,0.0,21.0,2.0,0.0,0.0
2.0,98.0,0.0,0.0,0.0,0.0
1.0,97.0,1.0,1.0,0.0,0.0
1.0,0.0,15.0,1.0,0.0,0.0
1.0,97.0,1.0,1.0,0.0,0.0
1.0,99.0,0.0,0.0,0.0,0.0
3.0,95.0,0.0,2.0,0.0,0.0
1.0,97.0,0.0,2.0,0.0,0.0
2.0,98.0,0.0,0.0,0.0,0.0
1.0,98.0,1.0,0.0,0.0,0.0
2.0,98.0,0.0,0.0,0.0,0.0
1.0,98.0,0.0,1.0,0.0,0.0
1.0,99.0,0.0,0.0,0.0,0.0
1.0,28.0,15.0,0.0,0.0,0.0
1.0,98.0,0.0,1.0,0.0,0.0
1.0,0.0,92.0,2.0,0.0,0.0
2.0,95.0,0.0,3.0,0.0,0.0
1.0,97.0,0.0,2.0,0.0,0.0
1.0,0.0,0.0,0.0,0.0,0.0
1.0,24.0,0.0,1.0,74.0,0.0
3.0,95.0,1.0,1.0,0.0,0.0
3.0,96.0,1.0,0.0,0.0,0.0
1.0,98.0,0.0,1.0,0.0,0.0
1.0,99.0,0.0,0.0,0.0,0.0
2.0,0.0,8.0,1.0,0.0,0.0
1.0,97.0,0.0,2.0,0.0,0.0
2.0,97.0,0.0,1.0,0.0,0.0
1.0,98.0,0.0,1.0,0.0,0.0
3.0,0.0,66.0,1.0,0.0,0.0
1.0,0.0,12.0,2.0,0.0,0.0
1.0,0.0,0.0,0.0,0.0,0.0
1.0,0.0,32.0,2.0,0.0,0.0
2.0,16.0,0.0,2.0,80.0,0.0
1.0,96.0,0.0,3.0,0.0,0.0
1.0,99.0,0.0,0.0,0.0,0.0
1.0,99.0,0.0,0.0,0.0,0.0
4.0,96.0,0.0,0.0,0.0,0.0
2.0,0.0,1.0,1.0,0.0,3.0
1.0,0.0,20.0,2.0,0.0,0.0
1.0,96.0,0.0,3.0,0.0,0.0
2.0,96.0,0.0,2.0,0.0,0.0
7.0,90.0,0.0,3.0,0.0,0.0
1.0,98.0,1.0,0.0,0.0,0.0
1.0,98.0,0.0,1.0,0.0,0.0
2.0,98.0,0.0,0.0,0.0,0.0
1.0,0.0,1.0,0.0,0.0,0.0
1.0,99.0,0.0,0.0,0.0,0.0
4.0,96.0,0.0,0.0,0.0,0.0
1.0,99.0,0.0,0.0,0.0,0.0
2.0,95.0,0.0,3.0,0.0,0.0
1.0,99.0,0.0,0.0,0.0,0.0
2.0,96.0,0.0,2.0,0.0,0.0
2.0,98.0,0.0,0.0,0.0,0.0
5.0,95.0,0.0,0.0,0.0,0.0
1.0,99.0,0.0,0.0,0.0,0.0
3.0,96.0,1.0,0.0,0.0,0.0
1.0,98.0,0.0,1.0,0.0,0.0
2.0,98.0,0.0,0.0,0.0,0.0
1.0,97.0,0.0,2.0,0.0,0.0
2.0,98.0,0.0,0.0,0.0,0.0
1.0,97.0,0.0,2.0,0.0,0.0
1.0,97.0,0.0,2.0,0.0,0.0
1.0,0.0,0.0,0.0,0.0,0.0
3.0,23.0,0.0,3.0,71.0,0.0
1.0,0.0,96.0,3.0,0.0,0.0
1.0,99.0,0.0,0.0,0.0,0.0
1.0,99.0,0.0,0.0,0.0,0.0
1.0,99.0,0.0,0.0,0.0,0.0
1.0,99.0,0.0,0.0,0.0,0.0
2.0,96.0,0.0,2.0,0.0,0.0
1.0,98.0,0.0,1.0,0.0,0.0
2.0,98.0,0.0,0.0,0.0,0.0
1.0,94.0,1.0,4.0,0.0,0.0
1.0,98.0,1.0,0.0,0.0,0.0
1.0,98.0,0.0,1.0,0.0,0.0
3.0,96.0,1.0,0.0,0.0,0.0
2.0,98.0,0.0,0.0,0.0,0.0
1.0,93.0,0.0,6.0,0.0,0.0
1.0,0.0,31.0,1.0,0.0,0.0
1.0,99.0,0.0,0.0,0.0,0.0
1.0,97.0,1.0,1.0,0.0,0.0
1.0,96.0,1.0,2.0,0.0,0.0
1.0,96.0,0.0,3.0,0.0,0.0
2.0,98.0,0.0,0.0,0.0,0.0
2.0,95.0,0.0,3.0,0.0,0.0
3.0,97.0,0.0,0.0,0.0,0.0
2.0,97.0,0.0,1.0,0.0,0.0
1.0,0.0,1.0,1.0,0.0,0.0
1.0,1.0,9.0,0.0,0.0,0.0
1.0,0.0,1.0,1.0,0.0,4.0
3.0,97.0,0.0,0.0,0.0,0.0
1.0,97.0,1.0,1.0,0.0,0.0
4.0,95.0,0.0,1.0,0.0,0.0
1.0,99.0,0.0,0.0,0.0,0.0
2.0,98.0,0.0,0.0,0.0,0.0
2.0,97.0,0.0,1.0,0.0,0.0
1.0,99.0,0.0,0.0,0.0,0.0
1.0,0.0,0.0,0.0,0.0,0.0
1.0,1.0,13.0,0.0,0.0,0.0
3.0,97.0,0.0,0.0,0.0,0.0
1.0,97.0,1.0,1.0,0.0,0.0
2.0,98.0,0.0,0.0,0.0,0.0
2.0,98.0,0.0,0.0,0.0,0.0
1.0,0.0,0.0,0.0,0.0,0.0
2.0,95.0,1.0,2.0,0.0,0.0
1.0,99.0,0.0,0.0,0.0,0.0
1.0,97.0,0.0,2.0,0.0,0.0
3.0,96.0,0.0,1.0,0.0,0.0
3.0,97.0,0.0,0.0,0.0,0.0
1.0,98.0,0.0,1.0,0.0,0.0
4.0,0.0,10.0,3.0,0.0,0.0
2.0,97.0,0.0,1.0,0.0,0.0
4.0,65.0,0.0,4.0,27.0,0.0
2.0,98.0,0.0,0.0,0.0,0.0
1.0,98.0,1.0,0.0,0.0,0.0
1.0,99.0,0.0,0.0,0.0,0.0
1.0,99.0,0.0,0.0,0.0,0.0
1.0,99.0,0.0,0.0,0.0,0.0
1.0,97.0,0.0,2.0,0.0,0.0
2.0,72.0,24.0,0.0,0.0,0.0
1.0,98.0,1.0,0.0,0.0,0.0
1.0,98.0,0.0,1.0,0.0,0.0
2.0,13.0,0.0,2.0,83.0,0.0
2.0,97.0,0.0,1.0,0.0,0.0
2.0,97.0,0.0,1.0,0.0,0.0
3.0,96.0,0.0,1.0,0.0,0.0
2.0,97.0,0.0,1.0,0.0,0.0
1.0,0.0,14.0,2.0,0.0,0.0
1.0,99.0,0.0,0.0,0.0,0.0
1.0,99.0,0.0,0.0,0.0,0.0
1.0,0.0,21.0,1.0,0.0,0.0
4.0,0.0,18.0,1.0,0.0,0.0
1.0,99.0,0.0,0.0,0.0,0.0
3.0,96.0,0.0,1.0,0.0,0.0
1.0,99.0,0.0,0.0,0.0,0.0
1.0,99.0,0.0,0.0,0.0,0.0
1.0,99.0,0.0,0.0,0.0,0.0
1.0,0.0,17.0,1.0,0.0,0.0
1.0,97.0,0.0,2.0,0.0,0.0
1.0,97.0,1.0,1.0,0.0,0.0
3.0,0.0,18.0,2.0,0.0,0.0
1.0,98.0,0.0,1.0,0.0,0.0
2.0,98.0,0.0,0.0,0.0,0.0
1.0,99.0,0.0,0.0,0.0,0.0
1.0,99.0,0.0,0.0,0.0,0.0
1.0,0.0,7.0,1.0,0.0,0.0
3.0,0.0,1.0,1.0,0.0,17.0
1.0,98.0,0.0,1.0,0.0,0.0
2.0,98.0,0.0,0.0,0.0,0.0
3.0,97.0,0.0,0.0,0.0,0.0
3.0,96.0,1.0,0.0,0.0,0.0
1.0,98.0,1.0,0.0,0.0,0.0
1.0,99.0,0.0,0.0,0.0,0.0
1.0,98.0,1.0,0.0,0.0,0.0
3.0,97.0,0.0,0.0,0.0,0.0
1.0,0.0,1.0,2.0,0.0,11.0
1.0,97.0,0.0,2.0,0.0,0.0
4.0,95.0,0.0,1.0,0.0,0.0
1.0,99.0,0.0,0.0,0.0,0.0
1.0,97.0,0.0,2.0,0.0,0.0
2.0,93.0,0.0,5.0,0.0,0.0
1.0,0.0,78.0,1.0,0.0,0.0
1.0,0.0,1.0,1.0,0.0,27.0
1.0,98.0,1.0,0.0,0.0,0.0
1.0,0.0,0.0,0.0,0.0,0.0
2.0,0.0,2.0,1.0,0.0,0.0
1.0,98.0,0.0,1.0,0.0,0.0
1.0,99.0,0.0,0.0,0.0,0.0
3.0,97.0,0.0,0.0,0.0,0.0
1.0,98.0,1.0,0.0,0.0,0.0
1.0,97.0,0.0,2.0,0.0,0.0
1.0,99.0,0.0,0.0,0.0,0.0
2.0,98.0,0.0,0.0,0.0,0.0
3.0,97.0,0.0,0.0,0.0,0.0
2.0,0.0,11.0,2.0,0.0,0.0
1.0,97.0,0.0,2.0,0.0,0.0
2.0,96.0,0.0,2.0,0.0,0.0
1.0,72.0,0.0,1.0,26.0,0.0
1.0,99.0,0.0,0.0,0.0,0.0
1.0,98.0,1.0,0.0,0.0,0.0
1.0,95.0,1.0,3.0,0.0,0.0
1.0,96.0,0.0,3.0,0.0,0.0
1.0,98.0,0.0,1.0,0.0,0.0
2.0,98.0,0.0,0.0,0.0,0.0
1.0,97.0,1.0,1.0,0.0,0.0
2.0,97.0,1.0,0.0,0.0,0.0
1.0,98.0,0.0,1.0,0.0,0.0
2.0,98.0,0.0,0.0,0.0,0.0
1.0,99.0,0.0,0.0,0.0,0.0
1.0,0.0,0.0,0.0,0.0,0.0
1.0,99.0,0.0,0.0,0.0,0.0
1.0,98.0,0.0,1.0,0.0,0.0
1.0,99.0,0.0,0.0,0.0,0.0
1.0,99.0,0.0,0.0,0.0,0.0
2.0,97.0,0.0,1.0,0.0,0.0
1.0,98.0,0.0,1.0,0.0,0.0
4.0,0.0,89.0,1.0,0.0,0.0
1.0,99.0,0.0,0.0,0.0,0.0
1.0,99.0,0.0,0.0,0.0,0.0
2.0,98.0,0.0,0.0,0.0,0.0
2.0,94.0,0.0,4.0,0.0,0.0
1.0,97.0,1.0,1.0,0.0,0.0
1.0,98.0,0.0,1.0,0.0,0.0
1.0,0.0,6.0,2.0,0.0,0.0
1.0,96.0,0.0,3.0,0.0,0.0
1.0,99.0,0.0,0.0,0.0,0.0
1.0,97.0,0.0,2.0,0.0,0.0
2.0,0.0,6.0,3.0,0.0,0.0
3.0,95.0,0.0,2.0,0.0,0.0
3.0,97.0,0.0,0.0,0.0,0.0
1.0,96.0,1.0,2.0,0.0,0.0
4.0,96.0,0.0,0.0,0.0,0.0
3.0,97.0,0.0,0.0,0.0,0.0
1.0,98.0,0.0,1.0,0.0,0.0
1.0,0.0,24.0,4.0,0.0,0.0
1.0,98.0,0.0,1.0,0.0,0.0
2.0,94.0,0.0,4.0,0.0,0.0
1.0,98.0,1.0,0.0,0.0,0.0
2.0,0.0,3.0,1.0,0.0,0.0
1.0,98.0,0.0,1.0,0.0,0.0
1.0,97.0,0.0,2.0,0.0,0.0
1.0,99.0,0.0,0.0,0.0,0.0
1.0,99.0,0.0,0.0,0.0,0.0
2.0,97.0,1.0,0.0,0.0,0.0
1.0,0.0,34.0,1.0,0.0,0.0
1.0,40.0,0.0,2.0,57.0,0.0
2.0,0.0,11.0,1.0,0.0,0.0
1.0,99.0,0.0,0.0,0.0,0.0
1.0,99.0,0.0,0.0,0.0,0.0
1.0,14.0,11.0,0.0,0.0,0.0
2.0,97.0,1.0,0.0,0.0,0.0
2.0,98.0,0.0,0.0,0.0,0.0
2.0,98.0,0.0,0.0,0.0,0.0
2.0,98.0,0.0,0.0,0.0,0.0
1.0,99.0,0.0,0.0,0.0,0.0
3.0,96.0,0.0,1.0,0.0,0.0
1.0,98.0,1.0,0.0,0.0,0.0
2.0,75.0,23.0,0.0,0.0,0.0
1.0,94.0,0.0,1.0,4.0,0.0
3.0,84.0,0.0,1.0,12.0,0.0
2.0,94.0,0.0,4.0,0.0,0.0
1.0,99.0,0.0,0.0,0.0,0.0
1.0,99.0,0.0,0.0,0.0,0.0
1.0,92.0,0.0,7.0,0.0,0.0
1.0,99.0,0.0,0.0,0.0,0.0
1.0,99.0,0.0,0.0,0.0,0.0
2.0,97.0,0.0,1.0,0.0,0.0
3.0,96.0,0.0,1.0,0.0,0.0
1.0,99.0,0.0,0.0,0.0,0.0
2.0,0.0,1.0,0.0,0.0,0.0
1.0,99.0,0.0,0.0,0.0,0.0
1.0,96.0,1.0,2.0,0.0,0.0
1.0,97.0,1.0,1.0,0.0,0.0
1.0,97.0,0.0,2.0,0.0,0.0
1.0,97.0,0.0,2.0,0.0,0.0
1.0,98.0,0.0,1.0,0.0,0.0
3.0,97.0,0.0,0.0,0.0,0.0
1.0,98.0,0.0,1.0,0.0,0.0
1.0,98.0,0.0,1.0,0.0,0.0
1.0,99.0,0.0,0.0,0.0,0.0
1.0,18.0,0.0,2.0,79.0,0.0
5.0,0.0,6.0,4.0,0.0,0.0
1.0,0.0,0.0,0.0,0.0,0.0
1.0,99.0,0.0,0.0,0.0,0.0
1.0,97.0,1.0,1.0,0.0,0.0
1.0,0.0,0.0,0.0,0.0,0.0
1.0,98.0,0.0,1.0,0.0,0.0
1.0,1.0,3.0,0.0,0.0,0.0
2.0,0.0,32.0,1.0,0.0,0.0
2.0,98.0,0.0,0.0,0.0,0.0
1.0,97.0,0.0,2.0,0.0,0.0
2.0,26.0,15.0,0.0,0.0,0.0
4.0,96.0,0.0,0.0,0.0,0.0
6.0,94.0,0.0,0.0,0.0,0.0
1.0,98.0,1.0,0.0,0.0,0.0
1.0,97.0,0.0,2.0,0.0,0.0
1.0,97.0,1.0,1.0,0.0,0.0
2.0,98.0,0.0,0.0,0.0,0.0
1.0,98.0,1.0,0.0,0.0,0.0
3.0,96.0,0.0,1.0,0.0,0.0
4.0,96.0,0.0,0.0,0.0,0.0
3.0,97.0,0.0,0.0,0.0,0.0
3.0,95.0,0.0,2.0,0.0,0.0
1.0,95.0,0.0,4.0,0.0,0.0
3.0,96.0,0.0,1.0,0.0,0.0
1.0,98.0,0.0,1.0,0.0,0.0
2.0,98.0,0.0,0.0,0.0,0.0
1.0,44.0,15.0,0.0,0.0,0.0
1.0,99.0,0.0,0.0,0.0,0.0
1.0,97.0,1.0,1.0,0.0,0.0
2.0,98.0,0.0,0.0,0.0,0.0
1.0,0.0,0.0,0.0,0.0,0.0
2.0,95.0,1.0,2.0,0.0,0.0
1.0,98.0,0.0,1.0,0.0,0.0
1.0,0.0,1.0,1.0,0.0,0.0
1.0,0.0,32.0,1.0,0.0,0.0
1.0,97.0,1.0,1.0,0.0,0.0
1.0,99.0,0.0,0.0,0.0,0.0
1.0,99.0,0.0,0.0,0.0,0.0
2.0,97.0,0.0,1.0,0.0,0.0
2.0,0.0,65.0,2.0,0.0,0.0
2.0,97.0,0.0,1.0,0.0,0.0
1.0,0.0,0.0,0.0,0.0,0.0
3.0,97.0,0.0,0.0,0.0,0.0
1.0,0.0,18.0,1.0,0.0,0.0
1.0,97.0,0.0,2.0,0.0,0.0
2.0,98.0,0.0,0.0,0.0,0.0
1.0,95.0,2.0,2.0,0.0,0.0
1.0,97.0,0.0,2.0,0.0,0.0
1.0,98.0,1.0,0.0,0.0,0.0
1.0,97.0,1.0,1.0,0.0,0.0
1.0,97.0,2.0,0.0,0.0,0.0
5.0,95.0,0.0,0.0,0.0,0.0
1.0,94.0,1.0,4.0,0.0,0.0
1.0,99.0,0.0,0.0,0.0,0.0
2.0,98.0,0.0,0.0,0.0,0.0
2.0,95.0,0.0,3.0,0.0,0.0
1.0,99.0,0.0,0.0,0.0,0.0
1.0,95.0,0.0,4.0,0.0,0.0
2.0,96.0,0.0,2.0,0.0,0.0
1.0,99.0,0.0,0.0,0.0,0.0
1.0,98.0,1.0,0.0,0.0,0.0
3.0,95.0,1.0,1.0,0.0,0.0
1.0,0.0,1.0,4.0,0.0,35.0
1.0,0.0,17.0,6.0,0.0,0.0
1.0,98.0,1.0,0.0,0.0,0.0
1.0,99.0,0.0,0.0,0.0,0.0
1.0,99.0,0.0,0.0,0.0,0.0
1.0,58.0,0.0,5.0,36.0,0.0
1.0,99.0,0.0,0.0,0.0,0.0
1.0,99.0,0.0,0.0,0.0,0.0
2.0,0.0,14.0,7.0,0.0,0.0
2.0,97.0,0.0,1.0,0.0,0.0
1.0,0.0,0.0,1.0,0.0,0.0
1.0,99.0,0.0,0.0,0.0,0.0
2.0,98.0,0.0,0.0,0.0,0.0
2.0,98.0,0.0,0.0,0.0,0.0
1.0,98.0,0.0,1.0,0.0,0.0
1.0,0.0,31.0,1.0,0.0,0.0
1.0,97.0,0.0,2.0,0.0,0.0
1.0,98.0,0.0,1.0,0.0,0.0
2.0,96.0,0.0,2.0,0.0,0.0
1.0,99.0,0.0,0.0,0.0,0.0
1.0,96.0,1.0,2.0,0.0,0.0
2.0,97.0,1.0,0.0,0.0,0.0
2.0,44.0,0.0,1.0,53.0,0.0
1.0,98.0,0.0,1.0,0.0,0.0
1.0,99.0,0.0,0.0,0.0,0.0
2.0,90.0,0.0,8.0,0.0,0.0
2.0,97.0,0.0,1.0,0.0,0.0
1.0,96.0,0.0,3.0,0.0,0.0
1.0,99.0,0.0,0.0,0.0,0.0
2.0,98.0,0.0,0.0,0.0,0.0
2.0,98.0,0.0,0.0,0.0,0.0
2.0,98.0,0.0,0.0,0.0,0.0
1.0,0.0,5.0,3.0,0.0,0.0
1.0,97.0,0.0,2.0,0.0,0.0
1.0,0.0,8.0,2.0,0.0,0.0
2.0,97.0,1.0,0.0,0.0,0.0
2.0,96.0,0.0,2.0,0.0,0.0
3.0,96.0,0.0,1.0,0.0,0.0
5.0,32.0,0.0,1.0,62.0,0.0
2.0,96.0,0.0,2.0,0.0,0.0
2.0,97.0,1.0,0.0,0.0,0.0
1.0,99.0,0.0,0.0,0.0,0.0
1.0,97.0,0.0,2.0,0.0,0.0
2.0,64.0,0.0,1.0,33.0,0.0
1.0,0.0,11.0,1.0,0.0,0.0
1.0,0.0,1.0,0.0,0.0,0.0
1.0,99.0,0.0,0.0,0.0,0.0
1.0,99.0,0.0,0.0,0.0,0.0
1.0,95.0,0.0,4.0,0.0,0.0
2.0,97.0,1.0,0.0,0.0,0.0
1.0,99.0,0.0,0.0,0.0,0.0
1.0,98.0,1.0,0.0,0.0,0.0
2.0,96.0,0.0,2.0,0.0,0.0
1.0,98.0,0.0,1.0,0.0,0.0
1.0,98.0,0.0,1.0,0.0,0.0
1.0,97.0,1.0,1.0,0.0,0.0
2.0,96.0,0.0,2.0,0.0,0.0
2.0,95.0,0.0,3.0,0.0,0.0
2.0,98.0,0.0,0.0,0.0,0.0
1.0,98.0,0.0,1.0,0.0,0.0
1.0,99.0,0.0,0.0,0.0,0.0
1.0,0.0,1.0,3.0,0.0,95.0
2.0,98.0,0.0,0.0,0.0,0.0
1.0,99.0,0.0,0.0,0.0,0.0
1.0,0.0,0.0,1.0,0.0,0.0
1.0,98.0,1.0,0.0,0.0,0.0
3.0,97.0,0.0,0.0,0.0,0.0
1.0,0.0,41.0,2.0,0.0,0.0
1.0,98.0,1.0,0.0,0.0,0.0
1.0,99.0,0.0,0.0,0.0,0.0
1.0,99.0,0.0,0.0,0.0,0.0
3.0,97.0,0.0,0.0,0.0,0.0
1.0,99.0,0.0,0.0,0.0,0.0
2.0,98.0,0.0,0.0,0.0,0.0
2.0,96.0,0.0,2.0,0.0,0.0
1.0,98.0,0.0,1.0,0.0,0.0
2.0,97.0,0.0,1.0,0.0,0.0
1.0,96.0,0.0,3.0,0.0,0.0
2.0,98.0,0.0,0.0,0.0,0.0
1.0,98.0,1.0,0.0,0.0,0.0
3.0,0.0,49.0,3.0,0.0,0.0
2.0,98.0,0.0,0.0,0.0,0.0
2.0,96.0,0.0,2.0,0.0,0.0
1.0,99.0,0.0,0.0,0.0,0.0
3.0,97.0,0.0,0.0,0.0,0.0
1.0,96.0,1.0,2.0,0.0,0.0
1.0,97.0,0.0,2.0,0.0,0.0
3.0,95.0,2.0,0.0,0.0,0.0
1.0,0.0,17.0,2.0,0.0,0.0
1.0,0.0,1.0,1.0,0.0,44.0
2.0,97.0,0.0,1.0,0.0,0.0
1.0,0.0,59.0,4.0,0.0,0.0
2.0,97.0,0.0,1.0,0.0,0.0
2.0,97.0,0.0,1.0,0.0,0.0
1.0,99.0,0.0,0.0,0.0,0.0
1.0,98.0,0.0,1.0,0.0,0.0
3.0,97.0,0.0,0.0,0.0,0.0
1.0,98.0,1.0,0.0,0.0,0.0
1.0,98.0,0.0,1.0,0.0,0.0
1.0,0.0,83.0,1.0,0.0,0.0
1.0,98.0,1.0,0.0,0.0,0.0
1.0,0.0,10.0,1.0,0.0,0.0
1.0,0.0,0.0,0.0,0.0,0.0
1.0,99.0,0.0,0.0,0.0,0.0
1.0,50.0,3.0,3.0,0.0,0.0
2.0,0.0,8.0,6.0,0.0,0.0
1.0,99.0,0.0,0.0,0.0,0.0
1.0,98.0,0.0,1.0,0.0,0.0
3.0,96.0,0.0,1.0,0.0,0.0
2.0,98.0,0.0,0.0,0.0,0.0
2.0,98.0,0.0,0.0,0.0,0.0
1.0,95.0,0.0,4.0,0.0,0.0
1.0,99.0,0.0,0.0,0.0,0.0
1.0,29.0,19.0,2.0,0.0,0.0
1.0,0.0,1.0,2.0,0.0,0.0
2.0,98.0,0.0,0.0,0.0,0.0
1.0,99.0,0.0,0.0,0.0,0.0
1.0,99.0,0.0,0.0,0.0,0.0
1.0,99.0,0.0,0.0,0.0,0.0
2.0,97.0,1.0,0.0,0.0,0.0
1.0,97.0,0.0,2.0,0.0,0.0
1.0,99.0,0.0,0.0,0.0,0.0
2.0,97.0,0.0,1.0,0.0,0.0
1.0,98.0,1.0,0.0,0.0,0.0
2.0,0.0,41.0,1.0,0.0,0.0
1.0,99.0,0.0,0.0,0.0,0.0
1.0,98.0,0.0,1.0,0.0,0.0
1.0,99.0,0.0,0.0,0.0,0.0
1.0,98.0,0.0,1.0,0.0,0.0
1.0,98.0,1.0,0.0,0.0,0.0
1.0,99.0,0.0,0.0,0.0,0.0
2.0,97.0,0.0,1.0,0.0,0.0
2.0,97.0,0.0,1.0,0.0,0.0
2.0,98.0,0.0,0.0,0.0,0.0
2.0,0.0,8.0,1.0,0.0,0.0
1.0,99.0,0.0,0.0,0.0,0.0
11.0,88.0,0.0,1.0,0.0,0.0
1.0,97.0,0.0,2.0,0.0,0.0
2.0,98.0,0.0,0.0,0.0,0.0
1.0,98.0,0.0,1.0,0.0,0.0
3.0,96.0,0.0,1.0,0.0,0.0
2.0,98.0,0.0,0.0,0.0,0.0
1.0,99.0,0.0,0.0,0.0,0.0
1.0,99.0,0.0,0.0,0.0,0.0
2.0,94.0,1.0,3.0,0.0,0.0
1.0,98.0,0.0,1.0,0.0,0.0
1.0,0.0,1.0,2.0,0.0,0.0
3.0,96.0,0.0,1.0,0.0,0.0
2.0,97.0,1.0,0.0,0.0,0.0
2.0,98.0,0.0,0.0,0.0,0.0
1.0,99.0,0.0,0.0,0.0,0.0
2.0,98.0,0.0,0.0,0.0,0.0
1.0,99.0,0.0,0.0,0.0,0.0
1.0,98.0,0.0,1.0,0.0,0.0
1.0,98.0,0.0,1.0,0.0,0.0
2.0,98.0,0.0,0.0,0.0,0.0
1.0,98.0,0.0,1.0,0.0,0.0
1.0,99.0,0.0,0.0,0.0,0.0
1.0,95.0,0.0,4.0,0.0,0.0
4.0,95.0,0.0,1.0,0.0,0.0
1.0,68.0,0.0,1.0,30.0,0.0
2.0,96.0,2.0,0.0,0.0,0.0
1.0,99.0,0.0,0.0,0.0,0.0
1.0,99.0,0.0,0.0,0.0,0.0
5.0,93.0,0.0,2.0,0.0,0.0
1.0,95.0,0.0,4.0,0.0,0.0
1.0,97.0,1.0,1.0,0.0,0.0
1.0,99.0,0.0,0.0,0.0,0.0
1.0,95.0,1.0,3.0,0.0,0.0
1.0,95.0,0.0,4.0,0.0,0.0
4.0,90.0,1.0,5.0,0.0,0.0
2.0,98.0,0.0,0.0,0.0,0.0
1.0,98.0,1.0,0.0,0.0,0.0
1.0,98.0,0.0,1.0,0.0,0.0
2.0,80.0,0.0,1.0,17.0,0.0
2.0,96.0,0.0,2.0,0.0,0.0
1.0,97.0,1.0,1.0,0.0,0.0
1.0,98.0,1.0,0.0,0.0,0.0
2.0,96.0,1.0,1.0,0.0,0.0
2.0,98.0,0.0,0.0,0.0,0.0
1.0,99.0,0.0,0.0,0.0,0.0
1.0,97.0,1.0,1.0,0.0,0.0
1.0,86.0,0.0,6.0,7.0,0.0
1.0,71.0,0.0,2.0,26.0,0.0
1.0,98.0,1.0,0.0,0.0,0.0
1.0,98.0,0.0,1.0,0.0,0.0
1.0,99.0,0.0,0.0,0.0,0.0
1.0,98.0,0.0,1.0,0.0,0.0
2.0,98.0,0.0,0.0,0.0,0.0
1.0,97.0,1.0,1.0,0.0,0.0
2.0,97.0,0.0,1.0,0.0,0.0
1.0,96.0,1.0,2.0,0.0,0.0
1.0,98.0,1.0,0.0,0.0,0.0
2.0,97.0,0.0,1.0,0.0,0.0
1.0,96.0,1.0,2.0,0.0,0.0
2.0,94.0,0.0,4.0,0.0,0.0
3.0,97.0,0.0,0.0,0.0,0.0
1.0,98.0,1.0,0.0,0.0,0.0
5.0,93.0,0.0,2.0,0.0,0.0
2.0,98.0,0.0,0.0,0.0,0.0
1.0,99.0,0.0,0.0,0.0,0.0
1.0,98.0,0.0,1.0,0.0,0.0
1.0,98.0,1.0,0.0,0.0,0.0
1.0,99.0,0.0,0.0,0.0,0.0
1.0,99.0,0.0,0.0,0.0,0.0
2.0,97.0,1.0,0.0,0.0,0.0
1.0,0.0,0.0,0.0,0.0,0.0
2.0,97.0,0.0,1.0,0.0,0.0
1.0,58.0,0.0,4.0,37.0,0.0
6.0,93.0,0.0,1.0,0.0,0.0
3.0,92.0,0.0,5.0,0.0,0.0
1.0,99.0,0.0,0.0,0.0,0.0
3.0,96.0,0.0,1.0,0.0,0.0
1.0,99.0,0.0,0.0,0.0,0.0
1.0,99.0,0.0,0.0,0.0,0.0
1.0,99.0,0.0,0.0,0.0,0.0
1.0,99.0,0.0,0.0,0.0,0.0
1.0,98.0,0.0,1.0,0.0,0.0
1.0,99.0,0.0,0.0,0.0,0.0
4.0,96.0,0.0,0.0,0.0,0.0
1.0,99.0,0.0,0.0,0.0,0.0
1.0,99.0,0.0,0.0,0.0,0.0
1.0,98.0,1.0,0.0,0.0,0.0
3.0,96.0,1.0,0.0,0.0,0.0
1.0,0.0,3.0,1.0,0.0,0.0
1.0,99.0,0.0,0.0,0.0,0.0
1.0,98.0,0.0,1.0,0.0,0.0
1.0,17.0,0.0,2.0,80.0,0.0
1.0,99.0,0.0,0.0,0.0,0.0
1.0,49.0,0.0,2.0,48.0,0.0
1.0,98.0,0.0,1.0,0.0,0.0
1.0,99.0,0.0,0.0,0.0,0.0
1.0,99.0,0.0,0.0,0.0,0.0
1.0,98.0,1.0,0.0,0.0,0.0
1.0,97.0,0.0,2.0,0.0,0.0
1.0,99.0,0.0,0.0,0.0,0.0
1.0,99.0,0.0,0.0,0.0,0.0
2.0,95.0,1.0,2.0,0.0,0.0
1.0,98.0,0.0,1.0,0.0,0.0
3.0,0.0,33.0,2.0,0.0,0.0
3.0,97.0,0.0,0.0,0.0,0.0
3.0,97.0,0.0,0.0,0.0,0.0
4.0,94.0,1.0,1.0,0.0,0.0
1.0,99.0,0.0,0.0,0.0,0.0
1.0,99.0,0.0,0.0,0.0,0.0
1.0,99.0,0.0,0.0,0.0,0.0
2.0,96.0,1.0,1.0,0.0,0.0
1.0,89.0,0.0,10.0,0.0,0.0
1.0,98.0,0.0,1.0,0.0,0.0
3.0,39.0,0.0,2.0,56.0,0.0
1.0,0.0,23.0,3.0,0.0,0.0
1.0,96.0,0.0,3.0,0.0,0.0
2.0,98.0,0.0,0.0,0.0,0.0
1.0,97.0,0.0,2.0,0.0,0.0
1.0,0.0,49.0,1.0,0.0,0.0
1.0,98.0,0.0,1.0,0.0,0.0
3.0,96.0,0.0,1.0,0.0,0.0
1.0,99.0,0.0,0.0,0.0,0.0
1.0,0.0,0.0,0.0,0.0,0.0
2.0,0.0,1.0,1.0,0.0,48.0
1.0,17.0,8.0,0.0,0.0,0.0
2.0,97.0,1.0,0.0,0.0,0.0
1.0,99.0,0.0,0.0,0.0,0.0
3.0,0.0,45.0,1.0,0.0,0.0
1.0,99.0,0.0,0.0,0.0,0.0
1.0,99.0,0.0,0.0,0.0,0.0
2.0,98.0,0.0,0.0,0.0,0.0
1.0,97.0,0.0,2.0,0.0,0.0
5.0,95.0,0.0,0.0,0.0,0.0
1.0,98.0,0.0,1.0,0.0,0.0
1.0,97.0,1.0,1.0,0.0,0.0
2.0,97.0,0.0,1.0,0.0,0.0
1.0,18.0,0.0,2.0,79.0,0.0
1.0,98.0,1.0,0.0,0.0,0.0
4.0,96.0,0.0,0.0,0.0,0.0
1.0,99.0,0.0,0.0,0.0,0.0
1.0,98.0,0.0,1.0,0.0,0.0
1.0,99.0,0.0,0.0,0.0,0.0
3.0,97.0,0.0,0.0,0.0,0.0
5.0,94.0,1.0,0.0,0.0,0.0
2.0,98.0,0.0,0.0,0.0,0.0
2.0,98.0,0.0,0.0,0.0,0.0
1.0,95.0,0.0,4.0,0.0,0.0
1.0,97.0,0.0,2.0,0.0,0.0
3.0,95.0,0.0,2.0,0.0,0.0
1.0,99.0,0.0,0.0,0.0,0.0
4.0,90.0,0.0,6.0,0.0,0.0
2.0,97.0,1.0,0.0,0.0,0.0
1.0,99.0,0.0,0.0,0.0,0.0
6.0,94.0,0.0,0.0,0.0,0.0
1.0,98.0,0.0,1.0,0.0,0.0
1.0,99.0,0.0,0.0,0.0,0.0
1.0,99.0,0.0,0.0,0.0,0.0
1.0,99.0,0.0,0.0,0.0,0.0
1.0,0.0,22.0,1.0,0.0,0.0
1.0,99.0,0.0,0.0,0.0,0.0
2.0,98.0,0.0,0.0,0.0,0.0
1.0,0.0,1.0,1.0,0.0,10.0
1.0,97.0,1.0,1.0,0.0,0.0
1.0,0.0,4.0,1.0,0.0,0.0
2.0,0.0,44.0,1.0,0.0,0.0
1.0,99.0,0.0,0.0,0.0,0.0
3.0,94.0,1.0,2.0,0.0,0.0
1.0,99.0,0.0,0.0,0.0,0.0
1.0,0.0,22.0,2.0,0.0,0.0
5.0,94.0,0.0,1.0,0.0,0.0
3.0,96.0,0.0,1.0,0.0,0.0
5.0,95.0,0.0,0.0,0.0,0.0
1.0,99.0,0.0,0.0,0.0,0.0
2.0,98.0,0.0,0.0,0.0,0.0
3.0,95.0,0.0,2.0,0.0,0.0
2.0,98.0,0.0,0.0,0.0,0.0
2.0,98.0,0.0,0.0,0.0,0.0
5.0,95.0,0.0,0.0,0.0,0.0
1.0,96.0,0.0,3.0,0.0,0.0
1.0,0.0,8.0,2.0,0.0,0.0
2.0,97.0,0.0,1.0,0.0,0.0
1.0,95.0,0.0,4.0,0.0,0.0
1.0,99.0,0.0,0.0,0.0,0.0
1.0,99.0,0.0,0.0,0.0,0.0
1.0,97.0,0.0,2.0,0.0,0.0
1.0,0.0,48.0,1.0,0.0,0.0
1.0,98.0,0.0,1.0,0.0,0.0
1.0,99.0,0.0,0.0,0.0,0.0
1.0,97.0,1.0,1.0,0.0,0.0
1.0,95.0,1.0,3.0,0.0,0.0
1.0,99.0,0.0,0.0,0.0,0.0
1.0,97.0,0.0,2.0,0.0,0.0
3.0,96.0,0.0,1.0,0.0,0.0
1.0,98.0,0.0,1.0,0.0,0.0
1.0,99.0,0.0,0.0,0.0,0.0
1.0,96.0,1.0,2.0,0.0,0.0
2.0,98.0,0.0,0.0,0.0,0.0
1.0,97.0,0.0,2.0,0.0,0.0
2.0,93.0,0.0,5.0,0.0,0.0
1.0,99.0,0.0,0.0,0.0,0.0
3.0,97.0,0.0,0.0,0.0,0.0
1.0,99.0,0.0,0.0,0.0,0.0
1.0,96.0,1.0,2.0,0.0,0.0
3.0,96.0,0.0,1.0,0.0,0.0
1.0,98.0,1.0,0.0,0.0,0.0
1.0,99.0,0.0,0.0,0.0,0.0
1.0,98.0,0.0,1.0,0.0,0.0
1.0,99.0,0.0,0.0,0.0,0.0
1.0,0.0,7.0,1.0,0.0,0.0
1.0,98.0,1.0,0.0,0.0,0.0
1.0,97.0,0.0,2.0,0.0,0.0
3.0,97.0,0.0,0.0,0.0,0.0
1.0,0.0,98.0,1.0,0.0,0.0
3.0,95.0,0.0,2.0,0.0,0.0
1.0,8.0,0.0,1.0,90.0,0.0
1.0,97.0,0.0,2.0,0.0,0.0
1.0,0.0,0.0,0.0,0.0,0.0
1.0,45.0,0.0,1.0,53.0,0.0
1.0,99.0,0.0,0.0,0.0,0.0
1.0,0.0,4.0,4.0,0.0,0.0
1.0,99.0,0.0,0.0,0.0,0.0
1.0,98.0,1.0,0.0,0.0,0.0
3.0,96.0,1.0,0.0,0.0,0.0
1.0,0.0,4.0,1.0,0.0,0.0
1.0,97.0,0.0,2.0,0.0,0.0
1.0,99.0,0.0,0.0,0.0,0.0
1.0,99.0,0.0,0.0,0.0,0.0
1.0,98.0,0.0,1.0,0.0,0.0
1.0,98.0,0.0,1.0,0.0,0.0
2.0,98.0,0.0,0.0,0.0,0.0
1.0,99.0,0.0,0.0,0.0,0.0
1.0,99.0,0.0,0.0,0.0,0.0
1.0,98.0,0.0,1.0,0.0,0.0
1.0,98.0,0.0,1.0,0.0,0.0
4.0,94.0,0.0,2.0,0.0,0.0
5.0,95.0,0.0,0.0,0.0,0.0
1.0,97.0,0.0,2.0,0.0,0.0
1.0,96.0,0.0,3.0,0.0,0.0
1.0,0.0,29.0,1.0,0.0,0.0
3.0,95.0,0.0,2.0,0.0,0.0
1.0,98.0,0.0,1.0,0.0,0.0
1.0,0.0,40.0,3.0,0.0,0.0
1.0,96.0,0.0,3.0,0.0,0.0
1.0,97.0,1.0,1.0,0.0,0.0
1.0,98.0,0.0,1.0,0.0,0.0
1.0,99.0,0.0,0.0,0.0,0.0
1.0,0.0,3.0,3.0,0.0,0.0
2.0,0.0,42.0,3.0,0.0,0.0
1.0,98.0,0.0,1.0,0.0,0.0
1.0,99.0,0.0,0.0,0.0,0.0
2.0,98.0,0.0,0.0,0.0,0.0
1.0,96.0,1.0,2.0,0.0,0.0
1.0,99.0,0.0,0.0,0.0,0.0
2.0,98.0,0.0,0.0,0.0,0.0
2.0,98.0,0.0,0.0,0.0,0.0
1.0,95.0,0.0,4.0,0.0,0.0
1.0,0.0,1.0,1.0,0.0,29.0
2.0,96.0,1.0,1.0,0.0,0.0
2.0,94.0,1.0,3.0,0.0,0.0
1.0,99.0,0.0,0.0,0.0,0.0
1.0,99.0,0.0,0.0,0.0,0.0
1.0,98.0,0.0,1.0,0.0,0.0
2.0,98.0,0.0,0.0,0.0,0.0
3.0,95.0,0.0,2.0,0.0,0.0
1.0,99.0,0.0,0.0,0.0,0.0
1.0,97.0,1.0,1.0,0.0,0.0
1.0,99.0,0.0,0.0,0.0,0.0
1.0,0.0,6.0,1.0,0.0,0.0
1.0,98.0,1.0,0.0,0.0,0.0
1.0,97.0,0.0,2.0,0.0,0.0
2.0,98.0,0.0,0.0,0.0,0.0
1.0,99.0,0.0,0.0,0.0,0.0
1.0,97.0,0.0,2.0,0.0,0.0
1.0,95.0,1.0,3.0,0.0,0.0
3.0,95.0,1.0,1.0,0.0,0.0
1.0,98.0,0.0,1.0,0.0,0.0
1.0,0.0,1.0,3.0,0.0,0.0
2.0,98.0,0.0,0.0,0.0,0.0
2.0,97.0,1.0,0.0,0.0,0.0
1.0,99.0,0.0,0.0,0.0,0.0
1.0,98.0,0.0,1.0,0.0,0.0
1.0,99.0,0.0,0.0,0.0,0.0
4.0,96.0,0.0,0.0,0.0,0.0
2.0,97.0,0.0,1.0,0.0,0.0
1.0,99.0,0.0,0.0,0.0,0.0
1.0,99.0,0.0,0.0,0.0,0.0
1.0,95.0,0.0,4.0,0.0,0.0
1.0,99.0,0.0,0.0,0.0,0.0
1.0,99.0,0.0,0.0,0.0,0.0
4.0,96.0,0.0,0.0,0.0,0.0
1.0,99.0,0.0,0.0,0.0,0.0
2.0,98.0,0.0,0.0,0.0,0.0
1.0,98.0,1.0,0.0,0.0,0.0
1.0,50.0,0.0,2.0,47.0,0.0
2.0,98.0,0.0,0.0,0.0,0.0
1.0,98.0,1.0,0.0,0.0,0.0
2.0,97.0,0.0,1.0,0.0,0.0
1.0,98.0,0.0,1.0,0.0,0.0
1.0,99.0,0.0,0.0,0.0,0.0
1.0,0.0,21.0,1.0,0.0,0.0
3.0,96.0,0.0,1.0,0.0,0.0
1.0,93.0,1.0,5.0,0.0,0.0
2.0,98.0,0.0,0.0,0.0,0.0
1.0,97.0,0.0,2.0,0.0,0.0
2.0,0.0,25.0,1.0,0.0,0.0
1.0,95.0,0.0,4.0,0.0,0.0
3.0,97.0,0.0,0.0,0.0,0.0
1.0,0.0,0.0,0.0,0.0,0.0
1.0,97.0,0.0,2.0,0.0,0.0
1.0,99.0,0.0,0.0,0.0,0.0
1.0,99.0,0.0,0.0,0.0,0.0
2.0,97.0,1.0,0.0,0.0,0.0
1.0,98.0,0.0,1.0,0.0,0.0
2.0,97.0,0.0,1.0,0.0,0.0
1.0,97.0,0.0,2.0,0.0,0.0
1.0,99.0,0.0,0.0,0.0,0.0
2.0,97.0,0.0,1.0,0.0,0.0
2.0,0.0,0.0,0.0,0.0,0.0
1.0,98.0,1.0,0.0,0.0,0.0
1.0,97.0,1.0,1.0,0.0,0.0
1.0,99.0,0.0,0.0,0.0,0.0
1.0,99.0,0.0,0.0,0.0,0.0
1.0,98.0,0.0,1.0,0.0,0.0
1.0,96.0,0.0,3.0,0.0,0.0
1.0,98.0,1.0,0.0,0.0,0.0
2.0,98.0,0.0,0.0,0.0,0.0
1.0,99.0,0.0,0.0,0.0,0.0
1.0,99.0,0.0,0.0,0.0,0.0
3.0,97.0,0.0,0.0,0.0,0.0
2.0,98.0,0.0,0.0,0.0,0.0
1.0,99.0,0.0,0.0,0.0,0.0
2.0,97.0,0.0,1.0,0.0,0.0
1.0,99.0,0.0,0.0,0.0,0.0
1.0,97.0,0.0,2.0,0.0,0.0
1.0,43.0,0.0,2.0,54.0,0.0
1.0,97.0,0.0,2.0,0.0,0.0
1.0,98.0,0.0,1.0,0.0,0.0
1.0,98.0,1.0,0.0,0.0,0.0
1.0,97.0,0.0,2.0,0.0,0.0
1.0,98.0,0.0,1.0,0.0,0.0
6.0,94.0,0.0,0.0,0.0,0.0
2.0,98.0,0.0,0.0,0.0,0.0
4.0,96.0,0.0,0.0,0.0,0.0
2.0,98.0,0.0,0.0,0.0,0.0
2.0,0.0,89.0,1.0,0.0,0.0
2.0,98.0,0.0,0.0,0.0,0.0
2.0,98.0,0.0,0.0,0.0,0.0
3.0,95.0,0.0,2.0,0.0,0.0
1.0,99.0,0.0,0.0,0.0,0.0
2.0,97.0,1.0,0.0,0.0,0.0
3.0,95.0,0.0,2.0,0.0,0.0
2.0,97.0,1.0,0.0,0.0,0.0
1.0,98.0,0.0,1.0,0.0,0.0
1.0,95.0,0.0,4.0,0.0,0.0
1.0,99.0,0.0,0.0,0.0,0.0
3.0,97.0,0.0,0.0,0.0,0.0
2.0,0.0,26.0,1.0,0.0,0.0
1.0,98.0,0.0,1.0,0.0,0.0
4.0,0.0,3.0,2.0,0.0,0.0
3.0,97.0,0.0,0.0,0.0,0.0
1.0,96.0,1.0,2.0,0.0,0.0
1.0,95.0,0.0,4.0,0.0,0.0
2.0,98.0,0.0,0.0,0.0,0.0
1.0,99.0,0.0,0.0,0.0,0.0
1.0,98.0,0.0,1.0,0.0,0.0
1.0,99.0,0.0,0.0,0.0,0.0
1.0,94.0,1.0,4.0,0.0,0.0
2.0,98.0,0.0,0.0,0.0,0.0
3.0,97.0,0.0,0.0,0.0,0.0
1.0,99.0,0.0,0.0,0.0,0.0
1.0,96.0,1.0,2.0,0.0,0.0
1.0,85.0,0.0,1.0,13.0,0.0
1.0,0.0,16.0,1.0,0.0,0.0
2.0,98.0,0.0,0.0,0.0,0.0
2.0,97.0,0.0,1.0,0.0,0.0
1.0,99.0,0.0,0.0,0.0,0.0
1.0,98.0,1.0,0.0,0.0,0.0
2.0,98.0,0.0,0.0,0.0,0.0
2.0,96.0,1.0,1.0,0.0,0.0
2.0,98.0,0.0,0.0,0.0,0.0
1.0,98.0,1.0,0.0,0.0,0.0
2.0,98.0,0.0,0.0,0.0,0.0
3.0,93.0,0.0,4.0,0.0,0.0
1.0,99.0,0.0,0.0,0.0,0.0
3.0,94.0,0.0,3.0,0.0,0.0
1.0,97.0,0.0,2.0,0.0,0.0
1.0,98.0,0.0,1.0,0.0,0.0
4.0,93.0,0.0,3.0,0.0,0.0
1.0,98.0,1.0,0.0,0.0,0.0
1.0,98.0,0.0,1.0,0.0,0.0
3.0,96.0,1.0,0.0,0.0,0.0
1.0,99.0,0.0,0.0,0.0,0.0
1.0,98.0,0.0,1.0,0.0,0.0
3.0,97.0,0.0,0.0,0.0,0.0
1.0,99.0,0.0,0.0,0.0,0.0
2.0,97.0,0.0,1.0,0.0,0.0
1.0,99.0,0.0,0.0,0.0,0.0
1.0,98.0,0.0,1.0,0.0,0.0
1.0,99.0,0.0,0.0,0.0,0.0
4.0,95.0,0.0,1.0,0.0,0.0
1.0,97.0,0.0,2.0,0.0,0.0
2.0,92.0,0.0,6.0,0.0,0.0
2.0,97.0,0.0,1.0,0.0,0.0
2.0,0.0,49.0,2.0,0.0,0.0
1.0,99.0,0.0,0.0,0.0,0.0
1.0,99.0,0.0,0.0,0.0,0.0
1.0,97.0,1.0,1.0,0.0,0.0
1.0,96.0,0.0,3.0,0.0,0.0
1.0,98.0,0.0,1.0,0.0,0.0
3.0,96.0,1.0,0.0,0.0,0.0
1.0,71.0,0.0,1.0,27.0,0.0
1.0,98.0,1.0,0.0,0.0,0.0
1.0,99.0,0.0,0.0,0.0,0.0
1.0,99.0,0.0,0.0,0.0,0.0
2.0,0.0,3.0,3.0,0.0,0.0
1.0,0.0,0.0,0.0,0.0,0.0
3.0,97.0,0.0,0.0,0.0,0.0
1.0,99.0,0.0,0.0,0.0,0.0
1.0,98.0,0.0,1.0,0.0,0.0
1.0,95.0,0.0,4.0,0.0,0.0
1.0,0.0,33.0,2.0,0.0,0.0
1.0,98.0,0.0,1.0,0.0,0.0
3.0,69.0,16.0,0.0,0.0,0.0
1.0,98.0,1.0,0.0,0.0,0.0
1.0,98.0,0.0,1.0,0.0,0.0
1.0,58.0,0.0,1.0,40.0,0.0
2.0,98.0,0.0,0.0,0.0,0.0
1.0,99.0,0.0,0.0,0.0,0.0
1.0,98.0,0.0,1.0,0.0,0.0
1.0,0.0,33.0,1.0,0.0,0.0
1.0,98.0,0.0,1.0,0.0,0.0
2.0,97.0,1.0,0.0,0.0,0.0
1.0,93.0,0.0,6.0,0.0,0.0
2.0,98.0,0.0,0.0,0.0,0.0
1.0,27.0,0.0,1.0,71.0,0.0
1.0,96.0,0.0,3.0,0.0,0.0
1.0,99.0,0.0,0.0,0.0,0.0
1.0,99.0,0.0,0.0,0.0,0.0
3.0,86.0,1.0,10.0,0.0,0.0
1.0,96.0,0.0,3.0,0.0,0.0
1.0,99.0,0.0,0.0,0.0,0.0
1.0,99.0,0.0,0.0,0.0,0.0
1.0,99.0,0.0,0.0,0.0,0.0
1.0,0.0,14.0,1.0,0.0,0.0
8.0,91.0,0.0,1.0,0.0,0.0
1.0,99.0,0.0,0.0,0.0,0.0
1.0,98.0,0.0,1.0,0.0,0.0
1.0,97.0,0.0,2.0,0.0,0.0
1.0,99.0,0.0,0.0,0.0,0.0
1.0,97.0,0.0,2.0,0.0,0.0
5.0,91.0,0.0,4.0,0.0,0.0
1.0,99.0,0.0,0.0,0.0,0.0
1.0,98.0,1.0,0.0,0.0,0.0
1.0,31.0,0.0,7.0,61.0,0.0
1.0,99.0,0.0,0.0,0.0,0.0
4.0,94.0,0.0,2.0,0.0,0.0
1.0,99.0,0.0,0.0,0.0,0.0
1.0,99.0,0.0,0.0,0.0,0.0
2.0,98.0,0.0,0.0,0.0,0.0
1.0,97.0,0.0,2.0,0.0,0.0
2.0,98.0,0.0,0.0,0.0,0.0
1.0,98.0,1.0,0.0,0.0,0.0
10.0,87.0,0.0,3.0,0.0,0.0
1.0,99.0,0.0,0.0,0.0,0.0
2.0,97.0,0.0,1.0,0.0,0.0
1.0,99.0,0.0,0.0,0.0,0.0
1.0,72.0,0.0,3.0,24.0,0.0
1.0,97.0,0.0,2.0,0.0,0.0
1.0,98.0,1.0,0.0,0.0,0.0
2.0,98.0,0.0,0.0,0.0,0.0
2.0,97.0,0.0,1.0,0.0,0.0
1.0,98.0,0.0,1.0,0.0,0.0
2.0,98.0,0.0,0.0,0.0,0.0
1.0,99.0,0.0,0.0,0.0,0.0
1.0,92.0,0.0,7.0,0.0,0.0
1.0,98.0,1.0,0.0,0.0,0.0
1.0,96.0,1.0,2.0,0.0,0.0
3.0,97.0,0.0,0.0,0.0,0.0
2.0,24.0,0.0,1.0,73.0,0.0
1.0,97.0,0.0,2.0,0.0,0.0
1.0,99.0,0.0,0.0,0.0,0.0
1.0,98.0,0.0,1.0,0.0,0.0
1.0,98.0,0.0,1.0,0.0,0.0
1.0,0.0,5.0,2.0,0.0,0.0
1.0,99.0,0.0,0.0,0.0,0.0
1.0,99.0,0.0,0.0,0.0,0.0
1.0,99.0,0.0,0.0,0.0,0.0
1.0,98.0,1.0,0.0,0.0,0.0
3.0,97.0,0.0,0.0,0.0,0.0
2.0,97.0,0.0,1.0,0.0,0.0
1.0,99.0,0.0,0.0,0.0,0.0
1.0,99.0,0.0,0.0,0.0,0.0
1.0,98.0,1.0,0.0,0.0,0.0
1.0,95.0,0.0,4.0,0.0,0.0
1.0,98.0,1.0,0.0,0.0,0.0
2.0,97.0,0.0,1.0,0.0,0.0
1.0,98.0,0.0,1.0,0.0,0.0
1.0,98.0,0.0,1.0,0.0,0.0
2.0,97.0,1.0,0.0,0.0,0.0
2.0,98.0,0.0,0.0,0.0,0.0
1.0,99.0,0.0,0.0,0.0,0.0
1.0,99.0,0.0,0.0,0.0,0.0
1.0,96.0,0.0,3.0,0.0,0.0
4.0,96.0,0.0,0.0,0.0,0.0
1.0,99.0,0.0,0.0,0.0,0.0
1.0,98.0,0.0,1.0,0.0,0.0
2.0,98.0,0.0,0.0,0.0,0.0
2.0,98.0,0.0,0.0,0.0,0.0
2.0,98.0,0.0,0.0,0.0,0.0
1.0,99.0,0.0,0.0,0.0,0.0
1.0,98.0,0.0,1.0,0.0,0.0
1.0,97.0,0.0,2.0,0.0,0.0
1.0,0.0,98.0,1.0,0.0,0.0
1.0,99.0,0.0,0.0,0.0,0.0
2.0,98.0,0.0,0.0,0.0,0.0
2.0,98.0,0.0,0.0,0.0,0.0
1.0,99.0,0.0,0.0,0.0,0.0
1.0,99.0,0.0,0.0,0.0,0.0
2.0,94.0,1.0,3.0,0.0,0.0
1.0,99.0,0.0,0.0,0.0,0.0
3.0,97.0,0.0,0.0,0.0,0.0
1.0,99.0,0.0,0.0,0.0,0.0
1.0,99.0,0.0,0.0,0.0,0.0
4.0,96.0,0.0,0.0,0.0,0.0
1.0,95.0,1.0,3.0,0.0,0.0
1.0,99.0,0.0,0.0,0.0,0.0
1.0,98.0,0.0,1.0,0.0,0.0
1.0,97.0,1.0,1.0,0.0,0.0
1.0,97.0,1.0,1.0,0.0,0.0
1.0,99.0,0.0,0.0,0.0,0.0
1.0,93.0,0.0,6.0,0.0,0.0
1.0,0.0,0.0,0.0,0.0,0.0
2.0,98.0,0.0,0.0,0.0,0.0
2.0,98.0,0.0,0.0,0.0,0.0
1.0,99.0,0.0,0.0,0.0,0.0
1.0,98.0,1.0,0.0,0.0,0.0
1.0,98.0,0.0,1.0,0.0,0.0
1.0,96.0,0.0,3.0,0.0,0.0
2.0,98.0,0.0,0.0,0.0,0.0
1.0,98.0,1.0,0.0,0.0,0.0
2.0,97.0,1.0,0.0,0.0,0.0
2.0,94.0,0.0,4.0,0.0,0.0
1.0,99.0,0.0,0.0,0.0,0.0
2.0,30.0,0.0,2.0,66.0,0.0
1.0,98.0,1.0,0.0,0.0,0.0
2.0,97.0,0.0,1.0,0.0,0.0
1.0,99.0,0.0,0.0,0.0,0.0
1.0,98.0,0.0,1.0,0.0,0.0
1.0,0.0,31.0,5.0,0.0,0.0
5.0,95.0,0.0,0.0,0.0,0.0
1.0,99.0,0.0,0.0,0.0,0.0
2.0,98.0,0.0,0.0,0.0,0.0
1.0,97.0,1.0,1.0,0.0,0.0
1.0,99.0,0.0,0.0,0.0,0.0
1.0,99.0,0.0,0.0,0.0,0.0
1.0,99.0,0.0,0.0,0.0,0.0
1.0,0.0,7.0,1.0,0.0,0.0
1.0,97.0,0.0,2.0,0.0,0.0
1.0,98.0,1.0,0.0,0.0,0.0
1.0,99.0,0.0,0.0,0.0,0.0
2.0,94.0,0.0,4.0,0.0,0.0
1.0,97.0,1.0,1.0,0.0,0.0
4.0,27.0,22.0,2.0,0.0,0.0
1.0,99.0,0.0,0.0,0.0,0.0
3.0,0.0,37.0,1.0,0.0,0.0
1.0,0.0,3.0,1.0,0.0,0.0
4.0,96.0,0.0,0.0,0.0,0.0
1.0,98.0,0.0,1.0,0.0,0.0
1.0,98.0,0.0,1.0,0.0,0.0
1.0,0.0,4.0,1.0,0.0,0.0
1.0,99.0,0.0,0.0,0.0,0.0
1.0,99.0,0.0,0.0,0.0,0.0
1.0,0.0,28.0,2.0,0.0,0.0
1.0,58.0,0.0,1.0,40.0,0.0
2.0,96.0,0.0,2.0,0.0,0.0
1.0,98.0,0.0,1.0,0.0,0.0
1.0,99.0,0.0,0.0,0.0,0.0
1.0,98.0,0.0,1.0,0.0,0.0
3.0,95.0,0.0,2.0,0.0,0.0
1.0,99.0,0.0,0.0,0.0,0.0
2.0,0.0,0.0,0.0,0.0,0.0
1.0,99.0,0.0,0.0,0.0,0.0
6.0,92.0,0.0,2.0,0.0,0.0
1.0,97.0,1.0,1.0,0.0,0.0
2.0,98.0,0.0,0.0,0.0,0.0
1.0,98.0,0.0,1.0,0.0,0.0
1.0,0.0,1.0,1.0,0.0,1.0
2.0,98.0,0.0,0.0,0.0,0.0
3.0,97.0,0.0,0.0,0.0,0.0
1.0,99.0,0.0,0.0,0.0,0.0
5.0,92.0,0.0,3.0,0.0,0.0
1.0,98.0,1.0,0.0,0.0,0.0
1.0,97.0,0.0,2.0,0.0,0.0
1.0,99.0,0.0,0.0,0.0,0.0
2.0,90.0,0.0,8.0,0.0,0.0
2.0,97.0,0.0,1.0,0.0,0.0
1.0,99.0,0.0,0.0,0.0,0.0
5.0,95.0,0.0,0.0,0.0,0.0
2.0,97.0,0.0,1.0,0.0,0.0
1.0,99.0,0.0,0.0,0.0,0.0
1.0,99.0,0.0,0.0,0.0,0.0
1.0,99.0,0.0,0.0,0.0,0.0
6.0,0.0,20.0,1.0,0.0,0.0
1.0,98.0,1.0,0.0,0.0,0.0
1.0,99.0,0.0,0.0,0.0,0.0
2.0,97.0,0.0,1.0,0.0,0.0
1.0,97.0,0.0,2.0,0.0,0.0
1.0,98.0,1.0,0.0,0.0,0.0
1.0,98.0,0.0,1.0,0.0,0.0
1.0,99.0,0.0,0.0,0.0,0.0
1.0,99.0,0.0,0.0,0.0,0.0
1.0,99.0,0.0,0.0,0.0,0.0
1.0,98.0,0.0,1.0,0.0,0.0
4.0,95.0,0.0,1.0,0.0,0.0
1.0,99.0,0.0,0.0,0.0,0.0
2.0,97.0,1.0,0.0,0.0,0.0
6.0,94.0,0.0,0.0,0.0,0.0
1.0,96.0,1.0,2.0,0.0,0.0
2.0,97.0,0.0,1.0,0.0,0.0
2.0,98.0,0.0,0.0,0.0,0.0
2.0,98.0,0.0,0.0,0.0,0.0
1.0,99.0,0.0,0.0,0.0,0.0
1.0,0.0,3.0,3.0,0.0,0.0
2.0,0.0,1.0,1.0,0.0,0.0
2.0,98.0,0.0,0.0,0.0,0.0
7.0,88.0,0.0,5.0,0.0,0.0
2.0,97.0,1.0,0.0,0.0,0.0
1.0,99.0,0.0,0.0,0.0,0.0
1.0,99.0,0.0,0.0,0.0,0.0
1.0,99.0,0.0,0.0,0.0,0.0
1.0,99.0,0.0,0.0,0.0,0.0
2.0,94.0,0.0,4.0,0.0,0.0
1.0,94.0,0.0,5.0,0.0,0.0
3.0,97.0,0.0,0.0,0.0,0.0
6.0,93.0,1.0,0.0,0.0,0.0
1.0,99.0,0.0,0.0,0.0,0.0
1.0,99.0,0.0,0.0,0.0,0.0
1.0,97.0,0.0,2.0,0.0,0.0
7.0,93.0,0.0,0.0,0.0,0.0
1.0,96.0,1.0,2.0,0.0,0.0
1.0,98.0,0.0,1.0,0.0,0.0
2.0,96.0,0.0,2.0,0.0,0.0
1.0,99.0,0.0,0.0,0.0,0.0
1.0,30.0,0.0,2.0,67.0,0.0
2.0,97.0,0.0,1.0,0.0,0.0
3.0,94.0,0.0,3.0,0.0,0.0
2.0,98.0,0.0,0.0,0.0,0.0
1.0,99.0,0.0,0.0,0.0,0.0
1.0,99.0,0.0,0.0,0.0,0.0
2.0,97.0,0.0,1.0,0.0,0.0
1.0,98.0,0.0,1.0,0.0,0.0
1.0,0.0,15.0,1.0,0.0,0.0
1.0,99.0,0.0,0.0,0.0,0.0
1.0,0.0,0.0,0.0,0.0,0.0
1.0,99.0,0.0,0.0,0.0,0.0
2.0,98.0,0.0,0.0,0.0,0.0
1.0,99.0,0.0,0.0,0.0,0.0
1.0,97.0,0.0,2.0,0.0,0.0
1.0,97.0,0.0,2.0,0.0,0.0
6.0,93.0,1.0,0.0,0.0,0.0
2.0,98.0,0.0,0.0,0.0,0.0
1.0,96.0,0.0,3.0,0.0,0.0
1.0,99.0,0.0,0.0,0.0,0.0
1.0,99.0,0.0,0.0,0.0,0.0
1.0,97.0,1.0,1.0,0.0,0.0
1.0,65.0,0.0,1.0,33.0,0.0
2.0,95.0,0.0,3.0,0.0,0.0
1.0,97.0,0.0,2.0,0.0,0.0
1.0,0.0,1.0,1.0,0.0,8.0
3.0,97.0,0.0,0.0,0.0,0.0
1.0,97.0,0.0,2.0,0.0,0.0
1.0,98.0,0.0,1.0,0.0,0.0
1.0,98.0,0.0,1.0,0.0,0.0
1.0,94.0,0.0,5.0,0.0,0.0
1.0,99.0,0.0,0.0,0.0,0.0
1.0,92.0,0.0,7.0,0.0,0.0
1.0,98.0,0.0,1.0,0.0,0.0
1.0,98.0,1.0,0.0,0.0,0.0
1.0,98.0,0.0,1.0,0.0,0.0
1.0,98.0,0.0,1.0,0.0,0.0
2.0,97.0,0.0,1.0,0.0,0.0
3.0,97.0,0.0,0.0,0.0,0.0
1.0,98.0,1.0,0.0,0.0,0.0
4.0,96.0,0.0,0.0,0.0,0.0
1.0,96.0,0.0,3.0,0.0,0.0
1.0,96.0,0.0,3.0,0.0,0.0
2.0,98.0,0.0,0.0,0.0,0.0
1.0,99.0,0.0,0.0,0.0,0.0
1.0,94.0,0.0,5.0,0.0,0.0
1.0,99.0,0.0,0.0,0.0,0.0
1.0,99.0,0.0,0.0,0.0,0.0
5.0,0.0,3.0,1.0,0.0,0.0
2.0,98.0,0.0,0.0,0.0,0.0
3.0,97.0,0.0,0.0,0.0,0.0
2.0,98.0,0.0,0.0,0.0,0.0
3.0,0.0,14.0,1.0,0.0,0.0
1.0,99.0,0.0,0.0,0.0,0.0
1.0,99.0,0.0,0.0,0.0,0.0
1.0,99.0,0.0,0.0,0.0,0.0
2.0,98.0,0.0,0.0,0.0,0.0
1.0,0.0,0.0,0.0,0.0,0.0
2.0,96.0,1.0,1.0,0.0,0.0
1.0,99.0,0.0,0.0,0.0,0.0
2.0,63.0,0.0,1.0,34.0,0.0
5.0,95.0,0.0,0.0,0.0,0.0
1.0,99.0,0.0,0.0,0.0,0.0
1.0,99.0,0.0,0.0,0.0,0.0
2.0,98.0,0.0,0.0,0.0,0.0
1.0,99.0,0.0,0.0,0.0,0.0
5.0,91.0,0.0,4.0,0.0,0.0
1.0,98.0,0.0,1.0,0.0,0.0
2.0,95.0,0.0,3.0,0.0,0.0
1.0,99.0,0.0,0.0,0.0,0.0
1.0,99.0,0.0,0.0,0.0,0.0
3.0,97.0,0.0,0.0,0.0,0.0
1.0,97.0,1.0,1.0,0.0,0.0
1.0,0.0,0.0,0.0,0.0,0.0
1.0,97.0,0.0,2.0,0.0,0.0
1.0,99.0,0.0,0.0,0.0,0.0
1.0,98.0,0.0,1.0,0.0,0.0
1.0,98.0,0.0,1.0,0.0,0.0
2.0,98.0,0.0,0.0,0.0,0.0
2.0,94.0,1.0,3.0,0.0,0.0
3.0,93.0,0.0,4.0,0.0,0.0
1.0,98.0,1.0,0.0,0.0,0.0
1.0,71.0,7.0,0.0,0.0,0.0
1.0,96.0,0.0,3.0,0.0,0.0
1.0,99.0,0.0,0.0,0.0,0.0
2.0,98.0,0.0,0.0,0.0,0.0
5.0,95.0,0.0,0.0,0.0,0.0
1.0,98.0,0.0,1.0,0.0,0.0
1.0,5.0,0.0,7.0,0.0,0.0
1.0,99.0,0.0,0.0,0.0,0.0
4.0,95.0,0.0,1.0,0.0,0.0
5.0,94.0,0.0,1.0,0.0,0.0
1.0,97.0,0.0,2.0,0.0,0.0
2.0,98.0,0.0,0.0,0.0,0.0
1.0,93.0,1.0,5.0,0.0,0.0
1.0,98.0,0.0,1.0,0.0,0.0
1.0,98.0,1.0,0.0,0.0,0.0
1.0,98.0,1.0,0.0,0.0,0.0
1.0,99.0,0.0,0.0,0.0,0.0
3.0,96.0,0.0,1.0,0.0,0.0
1.0,98.0,0.0,1.0,0.0,0.0
1.0,99.0,0.0,0.0,0.0,0.0
2.0,97.0,1.0,0.0,0.0,0.0
1.0,98.0,1.0,0.0,0.0,0.0
1.0,97.0,0.0,2.0,0.0,0.0
1.0,98.0,0.0,1.0,0.0,0.0
2.0,98.0,0.0,0.0,0.0,0.0
1.0,99.0,0.0,0.0,0.0,0.0
2.0,97.0,1.0,0.0,0.0,0.0
1.0,63.0,0.0,1.0,35.0,0.0
1.0,95.0,1.0,3.0,0.0,0.0
1.0,99.0,0.0,0.0,0.0,0.0
2.0,0.0,14.0,1.0,0.0,0.0
1.0,99.0,0.0,0.0,0.0,0.0
1.0,0.0,98.0,1.0,0.0,0.0
1.0,97.0,0.0,2.0,0.0,0.0
1.0,95.0,0.0,4.0,0.0,0.0
1.0,98.0,1.0,0.0,0.0,0.0
1.0,99.0,0.0,0.0,0.0,0.0
2.0,97.0,0.0,1.0,0.0,0.0
4.0,0.0,20.0,1.0,0.0,0.0
1.0,99.0,0.0,0.0,0.0,0.0
1.0,98.0,1.0,0.0,0.0,0.0
1.0,99.0,0.0,0.0,0.0,0.0
4.0,94.0,1.0,1.0,0.0,0.0
2.0,97.0,0.0,1.0,0.0,0.0
1.0,98.0,1.0,0.0,0.0,0.0
2.0,98.0,0.0,0.0,0.0,0.0
1.0,98.0,0.0,1.0,0.0,0.0
4.0,94.0,0.0,2.0,0.0,0.0
1.0,99.0,0.0,0.0,0.0,0.0
1.0,98.0,1.0,0.0,0.0,0.0
1.0,50.0,0.0,1.0,48.0,0.0
1.0,98.0,0.0,1.0,0.0,0.0
1.0,99.0,0.0,0.0,0.0,0.0
1.0,99.0,0.0,0.0,0.0,0.0
8.0,92.0,0.0,0.0,0.0,0.0
2.0,98.0,0.0,0.0,0.0,0.0
1.0,98.0,1.0,0.0,0.0,0.0
1.0,99.0,0.0,0.0,0.0,0.0
7.0,0.0,1.0,2.0,0.0,55.0
1.0,97.0,0.0,2.0,0.0,0.0
1.0,98.0,0.0,1.0,0.0,0.0
1.0,99.0,0.0,0.0,0.0,0.0
1.0,99.0,0.0,0.0,0.0,0.0
2.0,96.0,0.0,2.0,0.0,0.0
1.0,97.0,0.0,2.0,0.0,0.0
5.0,0.0,78.0,1.0,0.0,0.0
2.0,98.0,0.0,0.0,0.0,0.0
1.0,99.0,0.0,0.0,0.0,0.0
1.0,99.0,0.0,0.0,0.0,0.0
1.0,98.0,1.0,0.0,0.0,0.0
1.0,97.0,0.0,2.0,0.0,0.0
2.0,98.0,0.0,0.0,0.0,0.0
8.0,88.0,1.0,3.0,0.0,0.0
3.0,12.0,0.0,1.0,84.0,0.0
1.0,99.0,0.0,0.0,0.0,0.0
1.0,96.0,0.0,3.0,0.0,0.0
2.0,96.0,0.0,2.0,0.0,0.0
1.0,95.0,0.0,4.0,0.0,0.0
2.0,98.0,0.0,0.0,0.0,0.0
1.0,0.0,2.0,1.0,0.0,8.0
2.0,0.0,3.0,1.0,0.0,0.0
2.0,0.0,6.0,2.0,0.0,0.0
1.0,99.0,0.0,0.0,0.0,0.0
3.0,97.0,0.0,0.0,0.0,0.0
1.0,99.0,0.0,0.0,0.0,0.0
3.0,97.0,0.0,0.0,0.0,0.0
2.0,97.0,1.0,0.0,0.0,0.0
4.0,96.0,0.0,0.0,0.0,0.0
1.0,96.0,0.0,3.0,0.0,0.0
2.0,98.0,0.0,0.0,0.0,0.0
3.0,97.0,0.0,0.0,0.0,0.0
2.0,95.0,0.0,3.0,0.0,0.0
2.0,98.0,0.0,0.0,0.0,0.0
2.0,97.0,1.0,0.0,0.0,0.0
1.0,99.0,0.0,0.0,0.0,0.0
1.0,98.0,0.0,1.0,0.0,0.0
1.0,99.0,0.0,0.0,0.0,0.0
3.0,97.0,0.0,0.0,0.0,0.0
1.0,99.0,0.0,0.0,0.0,0.0
2.0,98.0,0.0,0.0,0.0,0.0
1.0,98.0,1.0,0.0,0.0,0.0
3.0,97.0,0.0,0.0,0.0,0.0
1.0,1.0,0.0,1.0,97.0,0.0
1.0,97.0,0.0,2.0,0.0,0.0
1.0,97.0,1.0,1.0,0.0,0.0
1.0,96.0,0.0,3.0,0.0,0.0
1.0,98.0,0.0,1.0,0.0,0.0
1.0,99.0,0.0,0.0,0.0,0.0
1.0,98.0,0.0,1.0,0.0,0.0
4.0,94.0,0.0,2.0,0.0,0.0
2.0,98.0,0.0,0.0,0.0,0.0
6.0,94.0,0.0,0.0,0.0,0.0
1.0,99.0,0.0,0.0,0.0,0.0
1.0,99.0,0.0,0.0,0.0,0.0
1.0,98.0,0.0,1.0,0.0,0.0
2.0,96.0,0.0,2.0,0.0,0.0
3.0,97.0,0.0,0.0,0.0,0.0
1.0,98.0,1.0,0.0,0.0,0.0
3.0,96.0,1.0,0.0,0.0,0.0
1.0,80.0,0.0,2.0,17.0,0.0
1.0,96.0,0.0,3.0,0.0,0.0
1.0,97.0,0.0,2.0,0.0,0.0
6.0,94.0,0.0,0.0,0.0,0.0
2.0,97.0,0.0,1.0,0.0,0.0
1.0,96.0,0.0,3.0,0.0,0.0
2.0,96.0,0.0,2.0,0.0,0.0
2.0,98.0,0.0,0.0,0.0,0.0
1.0,97.0,0.0,2.0,0.0,0.0
2.0,98.0,0.0,0.0,0.0,0.0
4.0,96.0,0.0,0.0,0.0,0.0
1.0,98.0,0.0,1.0,0.0,0.0
3.0,97.0,0.0,0.0,0.0,0.0
4.0,23.0,41.0,5.0,0.0,0.0
2.0,95.0,1.0,2.0,0.0,0.0
1.0,98.0,0.0,1.0,0.0,0.0
1.0,39.0,0.0,4.0,56.0,0.0
1.0,99.0,0.0,0.0,0.0,0.0
1.0,99.0,0.0,0.0,0.0,0.0
1.0,97.0,0.0,2.0,0.0,0.0
1.0,99.0,0.0,0.0,0.0,0.0
1.0,98.0,0.0,1.0,0.0,0.0
2.0,98.0,0.0,0.0,0.0,0.0
2.0,98.0,0.0,0.0,0.0,0.0
1.0,99.0,0.0,0.0,0.0,0.0
1.0,96.0,0.0,3.0,0.0,0.0
2.0,98.0,0.0,0.0,0.0,0.0
1.0,0.0,0.0,0.0,0.0,0.0
1.0,98.0,0.0,1.0,0.0,0.0
1.0,99.0,0.0,0.0,0.0,0.0
1.0,98.0,0.0,1.0,0.0,0.0
3.0,69.0,27.0,1.0,0.0,0.0
8.0,54.0,0.0,5.0,33.0,0.0
2.0,98.0,0.0,0.0,0.0,0.0
2.0,98.0,0.0,0.0,0.0,0.0
1.0,95.0,1.0,3.0,0.0,0.0
1.0,98.0,0.0,1.0,0.0,0.0
4.0,96.0,0.0,0.0,0.0,0.0
1.0,99.0,0.0,0.0,0.0,0.0
2.0,0.0,3.0,1.0,0.0,0.0
3.0,97.0,0.0,0.0,0.0,0.0
1.0,98.0,0.0,1.0,0.0,0.0
1.0,98.0,0.0,1.0,0.0,0.0
1.0,99.0,0.0,0.0,0.0,0.0
2.0,97.0,0.0,1.0,0.0,0.0
2.0,0.0,9.0,2.0,0.0,0.0
1.0,98.0,0.0,1.0,0.0,0.0
1.0,97.0,0.0,2.0,0.0,0.0
1.0,99.0,0.0,0.0,0.0,0.0
4.0,92.0,1.0,3.0,0.0,0.0
1.0,99.0,0.0,0.0,0.0,0.0
2.0,97.0,1.0,0.0,0.0,0.0
1.0,99.0,0.0,0.0,0.0,0.0
2.0,98.0,0.0,0.0,0.0,0.0
2.0,97.0,1.0,0.0,0.0,0.0
3.0,95.0,0.0,2.0,0.0,0.0
2.0,98.0,0.0,0.0,0.0,0.0
1.0,99.0,0.0,0.0,0.0,0.0
1.0,99.0,0.0,0.0,0.0,0.0
2.0,98.0,0.0,0.0,0.0,0.0
1.0,98.0,1.0,0.0,0.0,0.0
1.0,99.0,0.0,0.0,0.0,0.0
1.0,98.0,0.0,1.0,0.0,0.0
2.0,98.0,0.0,0.0,0.0,0.0
1.0,98.0,1.0,0.0,0.0,0.0
6.0,93.0,0.0,1.0,0.0,0.0
1.0,97.0,0.0,1.0,1.0,0.0
2.0,98.0,0.0,0.0,0.0,0.0
1.0,99.0,0.0,0.0,0.0,0.0
1.0,0.0,6.0,5.0,0.0,0.0
1.0,99.0,0.0,0.0,0.0,0.0
1.0,98.0,1.0,0.0,0.0,0.0
1.0,97.0,0.0,2.0,0.0,0.0
2.0,96.0,0.0,2.0,0.0,0.0
1.0,98.0,0.0,1.0,0.0,0.0
1.0,95.0,0.0,4.0,0.0,0.0
1.0,97.0,0.0,2.0,0.0,0.0
2.0,98.0,0.0,0.0,0.0,0.0
2.0,98.0,0.0,0.0,0.0,0.0
1.0,99.0,0.0,0.0,0.0,0.0
2.0,98.0,0.0,0.0,0.0,0.0
3.0,94.0,0.0,3.0,0.0,0.0
2.0,97.0,0.0,1.0,0.0,0.0
1.0,99.0,0.0,0.0,0.0,0.0
2.0,96.0,0.0,2.0,0.0,0.0
2.0,97.0,0.0,1.0,0.0,0.0
1.0,98.0,0.0,1.0,0.0,0.0
1.0,99.0,0.0,0.0,0.0,0.0
3.0,97.0,0.0,0.0,0.0,0.0
5.0,95.0,0.0,0.0,0.0,0.0
1.0,99.0,0.0,0.0,0.0,0.0
2.0,96.0,0.0,2.0,0.0,0.0
1.0,99.0,0.0,0.0,0.0,0.0
1.0,94.0,0.0,5.0,0.0,0.0
1.0,0.0,1.0,2.0,0.0,4.0
1.0,99.0,0.0,0.0,0.0,0.0
1.0,99.0,0.0,0.0,0.0,0.0
1.0,99.0,0.0,0.0,0.0,0.0
1.0,99.0,0.0,0.0,0.0,0.0
2.0,98.0,0.0,0.0,0.0,0.0
2.0,98.0,0.0,0.0,0.0,0.0
1.0,99.0,0.0,0.0,0.0,0.0
1.0,98.0,1.0,0.0,0.0,0.0
5.0,94.0,0.0,1.0,0.0,0.0
3.0,96.0,1.0,0.0,0.0,0.0
1.0,96.0,0.0,3.0,0.0,0.0
2.0,97.0,0.0,1.0,0.0,0.0
3.0,94.0,0.0,3.0,0.0,0.0
3.0,85.0,0.0,1.0,11.0,0.0
6.0,0.0,83.0,2.0,0.0,0.0
4.0,93.0,1.0,2.0,0.0,0.0
1.0,96.0,1.0,2.0,0.0,0.0
1.0,0.0,1.0,2.0,0.0,29.0
1.0,98.0,0.0,1.0,0.0,0.0
1.0,97.0,0.0,2.0,0.0,0.0
1.0,99.0,0.0,0.0,0.0,0.0
2.0,97.0,0.0,1.0,0.0,0.0
1.0,99.0,0.0,0.0,0.0,0.0
2.0,97.0,0.0,1.0,0.0,0.0
1.0,0.0,1.0,1.0,0.0,2.0
1.0,0.0,7.0,1.0,0.0,0.0
2.0,0.0,21.0,1.0,0.0,0.0
1.0,96.0,0.0,3.0,0.0,0.0
1.0,99.0,0.0,0.0,0.0,0.0
2.0,97.0,0.0,1.0,0.0,0.0
1.0,96.0,0.0,3.0,0.0,0.0
1.0,98.0,1.0,0.0,0.0,0.0
2.0,96.0,0.0,2.0,0.0,0.0
1.0,97.0,0.0,2.0,0.0,0.0
4.0,96.0,0.0,0.0,0.0,0.0
6.0,94.0,0.0,0.0,0.0,0.0
1.0,0.0,0.0,0.0,0.0,0.0
2.0,98.0,0.0,0.0,0.0,0.0
1.0,99.0,0.0,0.0,0.0,0.0
1.0,98.0,1.0,0.0,0.0,0.0
1.0,96.0,0.0,3.0,0.0,0.0
1.0,0.0,34.0,4.0,0.0,0.0
3.0,97.0,0.0,0.0,0.0,0.0
2.0,97.0,0.0,1.0,0.0,0.0
1.0,99.0,0.0,0.0,0.0,0.0
2.0,0.0,11.0,2.0,0.0,0.0
1.0,99.0,0.0,0.0,0.0,0.0
1.0,99.0,0.0,0.0,0.0,0.0
1.0,98.0,0.0,1.0,0.0,0.0
1.0,99.0,0.0,0.0,0.0,0.0
2.0,98.0,0.0,0.0,0.0,0.0
1.0,99.0,0.0,0.0,0.0,0.0
1.0,99.0,0.0,0.0,0.0,0.0
1.0,99.0,0.0,0.0,0.0,0.0
1.0,99.0,0.0,0.0,0.0,0.0
1.0,98.0,0.0,1.0,0.0,0.0
2.0,96.0,0.0,2.0,0.0,0.0
3.0,94.0,0.0,3.0,0.0,0.0
2.0,98.0,0.0,0.0,0.0,0.0
1.0,97.0,1.0,1.0,0.0,0.0
4.0,96.0,0.0,0.0,0.0,0.0
1.0,98.0,0.0,1.0,0.0,0.0
1.0,99.0,0.0,0.0,0.0,0.0
1.0,99.0,0.0,0.0,0.0,0.0
2.0,98.0,0.0,0.0,0.0,0.0
1.0,98.0,0.0,1.0,0.0,0.0
2.0,98.0,0.0,0.0,0.0,0.0
1.0,98.0,1.0,0.0,0.0,0.0
1.0,99.0,0.0,0.0,0.0,0.0
1.0,99.0,0.0,0.0,0.0,0.0
3.0,96.0,0.0,1.0,0.0,0.0
1.0,94.0,0.0,5.0,0.0,0.0
1.0,98.0,0.0,1.0,0.0,0.0
1.0,98.0,0.0,1.0,0.0,0.0
8.0,91.0,0.0,1.0,0.0,0.0
2.0,98.0,0.0,0.0,0.0,0.0
3.0,95.0,0.0,2.0,0.0,0.0
1.0,98.0,0.0,1.0,0.0,0.0
1.0,99.0,0.0,0.0,0.0,0.0
2.0,98.0,0.0,0.0,0.0,0.0
1.0,98.0,0.0,1.0,0.0,0.0
4.0,96.0,0.0,0.0,0.0,0.0
2.0,98.0,0.0,0.0,0.0,0.0
1.0,98.0,1.0,0.0,0.0,0.0
1.0,99.0,0.0,0.0,0.0,0.0
1.0,98.0,1.0,0.0,0.0,0.0
2.0,98.0,0.0,0.0,0.0,0.0
1.0,98.0,1.0,0.0,0.0,0.0
2.0,95.0,0.0,3.0,0.0,0.0
1.0,99.0,0.0,0.0,0.0,0.0
1.0,99.0,0.0,0.0,0.0,0.0
2.0,98.0,0.0,0.0,0.0,0.0
1.0,98.0,0.0,1.0,0.0,0.0
1.0,98.0,0.0,1.0,0.0,0.0
1.0,99.0,0.0,0.0,0.0,0.0
4.0,92.0,0.0,4.0,0.0,0.0
1.0,98.0,1.0,0.0,0.0,0.0
3.0,97.0,0.0,0.0,0.0,0.0
3.0,97.0,0.0,0.0,0.0,0.0
5.0,91.0,0.0,4.0,0.0,0.0
1.0,66.0,24.0,1.0,0.0,0.0
1.0,0.0,24.0,1.0,0.0,0.0
6.0,91.0,0.0,3.0,0.0,0.0
2.0,97.0,0.0,1.0,0.0,0.0
1.0,94.0,1.0,4.0,0.0,0.0
2.0,94.0,0.0,4.0,0.0,0.0
2.0,96.0,0.0,2.0,0.0,0.0
2.0,97.0,1.0,0.0,0.0,0.0
1.0,97.0,0.0,2.0,0.0,0.0
4.0,92.0,0.0,4.0,0.0,0.0
2.0,2.0,0.0,3.0,93.0,0.0
2.0,98.0,0.0,0.0,0.0,0.0
4.0,92.0,0.0,4.0,0.0,0.0
1.0,99.0,0.0,0.0,0.0,0.0
2.0,0.0,75.0,2.0,0.0,0.0
1.0,98.0,1.0,0.0,0.0,0.0
2.0,98.0,0.0,0.0,0.0,0.0
1.0,33.0,0.0,1.0,65.0,0.0
6.0,94.0,0.0,0.0,0.0,0.0
2.0,97.0,1.0,0.0,0.0,0.0
1.0,99.0,0.0,0.0,0.0,0.0
1.0,98.0,0.0,1.0,0.0,0.0
1.0,99.0,0.0,0.0,0.0,0.0
2.0,96.0,0.0,2.0,0.0,0.0
3.0,97.0,0.0,0.0,0.0,0.0
3.0,97.0,0.0,0.0,0.0,0.0
1.0,97.0,0.0,2.0,0.0,0.0
3.0,86.0,0.0,4.0,7.0,0.0
1.0,97.0,0.0,2.0,0.0,0.0
1.0,94.0,0.0,5.0,0.0,0.0
2.0,95.0,0.0,3.0,0.0,0.0
1.0,99.0,0.0,0.0,0.0,0.0
1.0,0.0,53.0,1.0,0.0,0.0
2.0,98.0,0.0,0.0,0.0,0.0
1.0,0.0,6.0,2.0,0.0,0.0
1.0,99.0,0.0,0.0,0.0,0.0
1.0,99.0,0.0,0.0,0.0,0.0
1.0,98.0,0.0,1.0,0.0,0.0
2.0,98.0,0.0,0.0,0.0,0.0
1.0,97.0,0.0,2.0,0.0,0.0
2.0,98.0,0.0,0.0,0.0,0.0
1.0,99.0,0.0,0.0,0.0,0.0
1.0,98.0,1.0,0.0,0.0,0.0
1.0,97.0,0.0,2.0,0.0,0.0
1.0,92.0,0.0,7.0,0.0,0.0
1.0,99.0,0.0,0.0,0.0,0.0
1.0,99.0,0.0,0.0,0.0,0.0
2.0,97.0,1.0,0.0,0.0,0.0
3.0,97.0,0.0,0.0,0.0,0.0
6.0,94.0,0.0,0.0,0.0,0.0
3.0,97.0,0.0,0.0,0.0,0.0
1.0,0.0,0.0,0.0,0.0,0.0
1.0,98.0,0.0,1.0,0.0,0.0
2.0,98.0,0.0,0.0,0.0,0.0
1.0,98.0,0.0,1.0,0.0,0.0
1.0,98.0,1.0,0.0,0.0,0.0
1.0,0.0,20.0,1.0,0.0,0.0
2.0,97.0,1.0,0.0,0.0,0.0
1.0,96.0,1.0,2.0,0.0,0.0
2.0,98.0,0.0,0.0,0.0,0.0
1.0,97.0,0.0,2.0,0.0,0.0
1.0,99.0,0.0,0.0,0.0,0.0
2.0,97.0,1.0,0.0,0.0,0.0
5.0,95.0,0.0,0.0,0.0,0.0
5.0,95.0,0.0,0.0,0.0,0.0
1.0,98.0,0.0,1.0,0.0,0.0
1.0,98.0,0.0,1.0,0.0,0.0
5.0,95.0,0.0,0.0,0.0,0.0
1.0,98.0,0.0,1.0,0.0,0.0
1.0,92.0,0.0,7.0,0.0,0.0
1.0,0.0,17.0,1.0,0.0,0.0
1.0,99.0,0.0,0.0,0.0,0.0
1.0,99.0,0.0,0.0,0.0,0.0
1.0,98.0,0.0,1.0,0.0,0.0
2.0,96.0,1.0,1.0,0.0,0.0
4.0,43.0,1.0,0.0,0.0,0.0
4.0,95.0,0.0,1.0,0.0,0.0
1.0,99.0,0.0,0.0,0.0,0.0
2.0,63.0,0.0,2.0,33.0,0.0
1.0,98.0,0.0,1.0,0.0,0.0
1.0,98.0,0.0,1.0,0.0,0.0
2.0,0.0,5.0,4.0,0.0,0.0
1.0,99.0,0.0,0.0,0.0,0.0
2.0,98.0,0.0,0.0,0.0,0.0
2.0,98.0,0.0,0.0,0.0,0.0
1.0,99.0,0.0,0.0,0.0,0.0
5.0,94.0,0.0,1.0,0.0,0.0
1.0,98.0,1.0,0.0,0.0,0.0
1.0,99.0,0.0,0.0,0.0,0.0
1.0,99.0,0.0,0.0,0.0,0.0
3.0,97.0,0.0,0.0,0.0,0.0
1.0,0.0,5.0,1.0,0.0,0.0
7.0,93.0,0.0,0.0,0.0,0.0
1.0,0.0,40.0,1.0,0.0,0.0
1.0,97.0,0.0,2.0,0.0,0.0
1.0,98.0,1.0,0.0,0.0,0.0
2.0,95.0,1.0,2.0,0.0,0.0
4.0,91.0,0.0,5.0,0.0,0.0
4.0,96.0,0.0,0.0,0.0,0.0
1.0,0.0,0.0,0.0,0.0,0.0
1.0,97.0,0.0,2.0,0.0,0.0
1.0,99.0,0.0,0.0,0.0,0.0
6.0,94.0,0.0,0.0,0.0,0.0
1.0,96.0,1.0,2.0,0.0,0.0
9.0,91.0,0.0,0.0,0.0,0.0
3.0,0.0,20.0,1.0,0.0,0.0
5.0,94.0,0.0,1.0,0.0,0.0
1.0,96.0,1.0,2.0,0.0,0.0
2.0,98.0,0.0,0.0,0.0,0.0
1.0,0.0,94.0,5.0,0.0,0.0
1.0,99.0,0.0,0.0,0.0,0.0
1.0,0.0,9.0,2.0,0.0,0.0
3.0,95.0,0.0,2.0,0.0,0.0
1.0,99.0,0.0,0.0,0.0,0.0
2.0,96.0,0.0,2.0,0.0,0.0
1.0,0.0,11.0,3.0,0.0,0.0
2.0,98.0,0.0,0.0,0.0,0.0
4.0,91.0,0.0,5.0,0.0,0.0
1.0,0.0,16.0,3.0,0.0,0.0
1.0,0.0,5.0,2.0,0.0,0.0
3.0,97.0,0.0,0.0,0.0,0.0
1.0,98.0,0.0,1.0,0.0,0.0
1.0,99.0,0.0,0.0,0.0,0.0
1.0,99.0,0.0,0.0,0.0,0.0
1.0,96.0,0.0,3.0,0.0,0.0
2.0,95.0,0.0,3.0,0.0,0.0
1.0,95.0,0.0,4.0,0.0,0.0
7.0,92.0,0.0,1.0,0.0,0.0
1.0,98.0,0.0,1.0,0.0,0.0
1.0,98.0,0.0,1.0,0.0,0.0
2.0,96.0,0.0,2.0,0.0,0.0
1.0,96.0,0.0,3.0,0.0,0.0
1.0,98.0,0.0,1.0,0.0,0.0
2.0,97.0,0.0,1.0,0.0,0.0
1.0,98.0,0.0,1.0,0.0,0.0
1.0,94.0,1.0,4.0,0.0,0.0
1.0,95.0,0.0,4.0,0.0,0.0
1.0,98.0,0.0,1.0,0.0,0.0
1.0,98.0,1.0,0.0,0.0,0.0
2.0,0.0,12.0,4.0,0.0,0.0
3.0,96.0,0.0,1.0,0.0,0.0
1.0,99.0,0.0,0.0,0.0,0.0
1.0,0.0,24.0,1.0,0.0,0.0
1.0,0.0,18.0,1.0,0.0,0.0
3.0,97.0,0.0,0.0,0.0,0.0
1.0,98.0,1.0,0.0,0.0,0.0
1.0,98.0,0.0,1.0,0.0,0.0
1.0,98.0,0.0,1.0,0.0,0.0
2.0,98.0,0.0,0.0,0.0,0.0
1.0,94.0,0.0,5.0,0.0,0.0
1.0,98.0,0.0,1.0,0.0,0.0
1.0,97.0,0.0,2.0,0.0,0.0
13.0,87.0,0.0,0.0,0.0,0.0
3.0,96.0,0.0,1.0,0.0,0.0
1.0,98.0,0.0,1.0,0.0,0.0
1.0,99.0,0.0,0.0,0.0,0.0
2.0,97.0,0.0,1.0,0.0,0.0
5.0,93.0,0.0,2.0,0.0,0.0
1.0,97.0,0.0,2.0,0.0,0.0
1.0,98.0,0.0,1.0,0.0,0.0
1.0,97.0,0.0,2.0,0.0,0.0
1.0,99.0,0.0,0.0,0.0,0.0
5.0,95.0,0.0,0.0,0.0,0.0
4.0,96.0,0.0,0.0,0.0,0.0
1.0,97.0,0.0,2.0,0.0,0.0
1.0,99.0,0.0,0.0,0.0,0.0
1.0,61.0,0.0,1.0,37.0,0.0
1.0,0.0,1.0,1.0,0.0,21.0
1.0,97.0,1.0,1.0,0.0,0.0
2.0,98.0,0.0,0.0,0.0,0.0
1.0,99.0,0.0,0.0,0.0,0.0
1.0,98.0,0.0,1.0,0.0,0.0
3.0,92.0,0.0,5.0,0.0,0.0
1.0,99.0,0.0,0.0,0.0,0.0
1.0,98.0,1.0,0.0,0.0,0.0
2.0,98.0,0.0,0.0,0.0,0.0
12.0,88.0,0.0,0.0,0.0,0.0
6.0,92.0,0.0,2.0,0.0,0.0
1.0,98.0,0.0,1.0,0.0,0.0
1.0,99.0,0.0,0.0,0.0,0.0
1.0,99.0,0.0,0.0,0.0,0.0
1.0,0.0,0.0,0.0,0.0,0.0
2.0,97.0,0.0,1.0,0.0,0.0
1.0,97.0,0.0,2.0,0.0,0.0
1.0,99.0,0.0,0.0,0.0,0.0
2.0,98.0,0.0,0.0,0.0,0.0
2.0,97.0,0.0,1.0,0.0,0.0
8.0,91.0,1.0,0.0,0.0,0.0
2.0,98.0,0.0,0.0,0.0,0.0
2.0,98.0,0.0,0.0,0.0,0.0
2.0,97.0,0.0,1.0,0.0,0.0
1.0,90.0,0.0,9.0,0.0,0.0
1.0,95.0,0.0,4.0,0.0,0.0
2.0,97.0,1.0,0.0,0.0,0.0
3.0,96.0,0.0,1.0,0.0,0.0
1.0,97.0,0.0,2.0,0.0,0.0
1.0,99.0,0.0,0.0,0.0,0.0
4.0,89.0,0.0,7.0,0.0,0.0
4.0,96.0,0.0,0.0,0.0,0.0
3.0,95.0,0.0,2.0,0.0,0.0
1.0,96.0,0.0,3.0,0.0,0.0
1.0,94.0,0.0,5.0,0.0,0.0
1.0,99.0,0.0,0.0,0.0,0.0
1.0,99.0,0.0,0.0,0.0,0.0
5.0,95.0,0.0,0.0,0.0,0.0
2.0,97.0,0.0,1.0,0.0,0.0
2.0,96.0,0.0,2.0,0.0,0.0
2.0,98.0,0.0,0.0,0.0,0.0
1.0,97.0,0.0,2.0,0.0,0.0
2.0,92.0,0.0,6.0,0.0,0.0
3.0,97.0,0.0,0.0,0.0,0.0
4.0,94.0,0.0,2.0,0.0,0.0
2.0,98.0,0.0,0.0,0.0,0.0
1.0,98.0,0.0,1.0,0.0,0.0
1.0,99.0,0.0,0.0,0.0,0.0
1.0,97.0,1.0,1.0,0.0,0.0
1.0,98.0,0.0,1.0,0.0,0.0
3.0,97.0,0.0,0.0,0.0,0.0
1.0,99.0,0.0,0.0,0.0,0.0
1.0,2.0,0.0,4.0,93.0,0.0
4.0,92.0,0.0,4.0,0.0,0.0
1.0,97.0,0.0,2.0,0.0,0.0
1.0,99.0,0.0,0.0,0.0,0.0
4.0,92.0,0.0,4.0,0.0,0.0
1.0,93.0,0.0,6.0,0.0,0.0
4.0,94.0,1.0,1.0,0.0,0.0
1.0,98.0,0.0,1.0,0.0,0.0
1.0,99.0,0.0,0.0,0.0,0.0
1.0,99.0,0.0,0.0,0.0,0.0
1.0,98.0,0.0,1.0,0.0,0.0
6.0,94.0,0.0,0.0,0.0,0.0
1.0,93.0,0.0,6.0,0.0,0.0
1.0,99.0,0.0,0.0,0.0,0.0
6.0,93.0,0.0,1.0,0.0,0.0
2.0,98.0,0.0,0.0,0.0,0.0
2.0,97.0,0.0,1.0,0.0,0.0
2.0,98.0,0.0,0.0,0.0,0.0
1.0,99.0,0.0,0.0,0.0,0.0
1.0,99.0,0.0,0.0,0.0,0.0
1.0,99.0,0.0,0.0,0.0,0.0
4.0,94.0,1.0,1.0,0.0,0.0
2.0,97.0,0.0,1.0,0.0,0.0
2.0,98.0,0.0,0.0,0.0,0.0
1.0,97.0,2.0,0.0,0.0,0.0
1.0,0.0,90.0,6.0,0.0,0.0
2.0,98.0,0.0,0.0,0.0,0.0
1.0,99.0,0.0,0.0,0.0,0.0
1.0,99.0,0.0,0.0,0.0,0.0
2.0,97.0,0.0,1.0,0.0,0.0
1.0,96.0,0.0,3.0,0.0,0.0
1.0,96.0,0.0,3.0,0.0,0.0
4.0,94.0,0.0,2.0,0.0,0.0
1.0,98.0,1.0,0.0,0.0,0.0
3.0,96.0,0.0,1.0,0.0,0.0
4.0,0.0,23.0,1.0,0.0,0.0
5.0,94.0,0.0,1.0,0.0,0.0
1.0,99.0,0.0,0.0,0.0,0.0
1.0,0.0,0.0,0.0,0.0,0.0
1.0,99.0,0.0,0.0,0.0,0.0
1.0,98.0,1.0,0.0,0.0,0.0
2.0,98.0,0.0,0.0,0.0,0.0
1.0,98.0,1.0,0.0,0.0,0.0
1.0,98.0,1.0,0.0,0.0,0.0
1.0,99.0,0.0,0.0,0.0,0.0
2.0,98.0,0.0,0.0,0.0,0.0
1.0,97.0,1.0,1.0,0.0,0.0
1.0,57.0,0.0,1.0,41.0,0.0
1.0,0.0,6.0,1.0,0.0,0.0
6.0,0.0,26.0,1.0,0.0,0.0
1.0,99.0,0.0,0.0,0.0,0.0
1.0,98.0,0.0,1.0,0.0,0.0
1.0,98.0,1.0,0.0,0.0,0.0
2.0,97.0,1.0,0.0,0.0,0.0
1.0,96.0,0.0,3.0,0.0,0.0
1.0,98.0,0.0,1.0,0.0,0.0
2.0,97.0,0.0,1.0,0.0,0.0
1.0,98.0,1.0,0.0,0.0,0.0
1.0,99.0,0.0,0.0,0.0,0.0
2.0,0.0,1.0,1.0,0.0,64.0
1.0,99.0,0.0,0.0,0.0,0.0
1.0,99.0,0.0,0.0,0.0,0.0
2.0,98.0,0.0,0.0,0.0,0.0
4.0,96.0,0.0,0.0,0.0,0.0
1.0,99.0,0.0,0.0,0.0,0.0
1.0,99.0,0.0,0.0,0.0,0.0
1.0,98.0,1.0,0.0,0.0,0.0
2.0,94.0,0.0,4.0,0.0,0.0
2.0,98.0,0.0,0.0,0.0,0.0
1.0,93.0,1.0,5.0,0.0,0.0
2.0,98.0,0.0,0.0,0.0,0.0
2.0,98.0,0.0,0.0,0.0,0.0
1.0,98.0,0.0,1.0,0.0,0.0
1.0,98.0,1.0,0.0,0.0,0.0
2.0,98.0,0.0,0.0,0.0,0.0
1.0,98.0,0.0,1.0,0.0,0.0
1.0,97.0,1.0,1.0,0.0,0.0
1.0,99.0,0.0,0.0,0.0,0.0
4.0,96.0,0.0,0.0,0.0,0.0
1.0,99.0,0.0,0.0,0.0,0.0
1.0,99.0,0.0,0.0,0.0,0.0
4.0,96.0,0.0,0.0,0.0,0.0
1.0,96.0,0.0,3.0,0.0,0.0
1.0,98.0,0.0,1.0,0.0,0.0
3.0,96.0,0.0,1.0,0.0,0.0
1.0,97.0,0.0,2.0,0.0,0.0
1.0,0.0,71.0,1.0,0.0,0.0
2.0,98.0,0.0,0.0,0.0,0.0
1.0,98.0,1.0,0.0,0.0,0.0
7.0,93.0,0.0,0.0,0.0,0.0
4.0,95.0,0.0,1.0,0.0,0.0
1.0,97.0,1.0,1.0,0.0,0.0
7.0,92.0,0.0,1.0,0.0,0.0
2.0,96.0,0.0,2.0,0.0,0.0
1.0,99.0,0.0,0.0,0.0,0.0
2.0,96.0,0.0,2.0,0.0,0.0
1.0,99.0,0.0,0.0,0.0,0.0
1.0,98.0,1.0,0.0,0.0,0.0
2.0,98.0,0.0,0.0,0.0,0.0
1.0,99.0,0.0,0.0,0.0,0.0
7.0,93.0,0.0,0.0,0.0,0.0
2.0,97.0,1.0,0.0,0.0,0.0
1.0,99.0,0.0,0.0,0.0,0.0
1.0,99.0,0.0,0.0,0.0,0.0
1.0,99.0,0.0,0.0,0.0,0.0
1.0,98.0,0.0,1.0,0.0,0.0
1.0,99.0,0.0,0.0,0.0,0.0
1.0,93.0,0.0,2.0,4.0,0.0
9.0,0.0,4.0,5.0,0.0,0.0
1.0,99.0,0.0,0.0,0.0,0.0
1.0,99.0,0.0,0.0,0.0,0.0
1.0,97.0,1.0,1.0,0.0,0.0
5.0,95.0,0.0,0.0,0.0,0.0
1.0,99.0,0.0,0.0,0.0,0.0
1.0,95.0,0.0,4.0,0.0,0.0
1.0,99.0,0.0,0.0,0.0,0.0
1.0,99.0,0.0,0.0,0.0,0.0
1.0,97.0,0.0,2.0,0.0,0.0
1.0,99.0,0.0,0.0,0.0,0.0
1.0,98.0,0.0,1.0,0.0,0.0
3.0,97.0,0.0,0.0,0.0,0.0
6.0,92.0,0.0,2.0,0.0,0.0
2.0,97.0,0.0,1.0,0.0,0.0
2.0,95.0,0.0,3.0,0.0,0.0
2.0,95.0,0.0,3.0,0.0,0.0
2.0,98.0,0.0,0.0,0.0,0.0
2.0,97.0,0.0,1.0,0.0,0.0
16.0,84.0,0.0,0.0,0.0,0.0
1.0,97.0,1.0,1.0,0.0,0.0
1.0,99.0,0.0,0.0,0.0,0.0
1.0,95.0,0.0,4.0,0.0,0.0
1.0,99.0,0.0,0.0,0.0,0.0
1.0,98.0,0.0,1.0,0.0,0.0
3.0,95.0,0.0,2.0,0.0,0.0
1.0,94.0,0.0,5.0,0.0,0.0
2.0,97.0,0.0,1.0,0.0,0.0
1.0,99.0,0.0,0.0,0.0,0.0
10.0,90.0,0.0,0.0,0.0,0.0
2.0,98.0,0.0,0.0,0.0,0.0
2.0,95.0,0.0,3.0,0.0,0.0
4.0,94.0,0.0,2.0,0.0,0.0
2.0,98.0,0.0,0.0,0.0,0.0
1.0,98.0,0.0,1.0,0.0,0.0
2.0,98.0,0.0,0.0,0.0,0.0
5.0,94.0,0.0,1.0,0.0,0.0
5.0,95.0,0.0,0.0,0.0,0.0
3.0,95.0,0.0,2.0,0.0,0.0
1.0,99.0,0.0,0.0,0.0,0.0
5.0,95.0,0.0,0.0,0.0,0.0
2.0,98.0,0.0,0.0,0.0,0.0
1.0,99.0,0.0,0.0,0.0,0.0
2.0,97.0,0.0,1.0,0.0,0.0
2.0,98.0,0.0,0.0,0.0,0.0
1.0,99.0,0.0,0.0,0.0,0.0
1.0,99.0,0.0,0.0,0.0,0.0
2.0,98.0,0.0,0.0,0.0,0.0
1.0,96.0,0.0,3.0,0.0,0.0
1.0,99.0,0.0,0.0,0.0,0.0
1.0,99.0,0.0,0.0,0.0,0.0
6.0,94.0,0.0,0.0,0.0,0.0
1.0,98.0,0.0,1.0,0.0,0.0
3.0,97.0,0.0,0.0,0.0,0.0
1.0,98.0,0.0,1.0,0.0,0.0
1.0,0.0,25.0,6.0,0.0,0.0
1.0,99.0,0.0,0.0,0.0,0.0
1.0,99.0,0.0,0.0,0.0,0.0
1.0,97.0,0.0,2.0,0.0,0.0
3.0,97.0,0.0,0.0,0.0,0.0
1.0,99.0,0.0,0.0,0.0,0.0
1.0,99.0,0.0,0.0,0.0,0.0
2.0,97.0,0.0,1.0,0.0,0.0
3.0,97.0,0.0,0.0,0.0,0.0
7.0,93.0,0.0,0.0,0.0,0.0
1.0,98.0,0.0,1.0,0.0,0.0
1.0,98.0,0.0,1.0,0.0,0.0
1.0,93.0,1.0,5.0,0.0,0.0
2.0,97.0,1.0,0.0,0.0,0.0
1.0,99.0,0.0,0.0,0.0,0.0
1.0,98.0,0.0,1.0,0.0,0.0
1.0,98.0,0.0,1.0,0.0,0.0
1.0,98.0,0.0,1.0,0.0,0.0
3.0,97.0,0.0,0.0,0.0,0.0
1.0,86.0,0.0,13.0,0.0,0.0
1.0,98.0,0.0,1.0,0.0,0.0
1.0,98.0,1.0,0.0,0.0,0.0
5.0,92.0,0.0,3.0,0.0,0.0
1.0,98.0,1.0,0.0,0.0,0.0
3.0,94.0,0.0,3.0,0.0,0.0
1.0,0.0,1.0,2.0,0.0,5.0
4.0,96.0,0.0,0.0,0.0,0.0
10.0,88.0,0.0,2.0,0.0,0.0
2.0,97.0,0.0,1.0,0.0,0.0
1.0,99.0,0.0,0.0,0.0,0.0
1.0,99.0,0.0,0.0,0.0,0.0
1.0,99.0,0.0,0.0,0.0,0.0
1.0,97.0,0.0,2.0,0.0,0.0
1.0,98.0,1.0,0.0,0.0,0.0
1.0,0.0,0.0,0.0,0.0,0.0
1.0,99.0,0.0,0.0,0.0,0.0
2.0,95.0,1.0,2.0,0.0,0.0
2.0,0.0,5.0,2.0,0.0,0.0
4.0,93.0,0.0,3.0,0.0,0.0
1.0,99.0,0.0,0.0,0.0,0.0
1.0,99.0,0.0,0.0,0.0,0.0
2.0,93.0,1.0,4.0,0.0,0.0
9.0,90.0,0.0,1.0,0.0,0.0
4.0,94.0,0.0,2.0,0.0,0.0
2.0,91.0,1.0,6.0,0.0,0.0
1.0,96.0,0.0,3.0,0.0,0.0
1.0,99.0,0.0,0.0,0.0,0.0
1.0,99.0,0.0,0.0,0.0,0.0
1.0,98.0,1.0,0.0,0.0,0.0
1.0,99.0,0.0,0.0,0.0,0.0
2.0,98.0,0.0,0.0,0.0,0.0
2.0,96.0,0.0,2.0,0.0,0.0
5.0,95.0,0.0,0.0,0.0,0.0
3.0,96.0,0.0,1.0,0.0,0.0
1.0,99.0,0.0,0.0,0.0,0.0
2.0,0.0,11.0,3.0,0.0,0.0
1.0,95.0,1.0,3.0,0.0,0.0
1.0,97.0,0.0,2.0,0.0,0.0
2.0,97.0,0.0,1.0,0.0,0.0
1.0,99.0,0.0,0.0,0.0,0.0
1.0,97.0,1.0,1.0,0.0,0.0
1.0,99.0,0.0,0.0,0.0,0.0
1.0,95.0,0.0,4.0,0.0,0.0
1.0,97.0,1.0,1.0,0.0,0.0
2.0,98.0,0.0,0.0,0.0,0.0
1.0,0.0,0.0,0.0,0.0,0.0
10.0,89.0,0.0,1.0,0.0,0.0
2.0,94.0,0.0,4.0,0.0,0.0
1.0,99.0,0.0,0.0,0.0,0.0
1.0,0.0,74.0,1.0,0.0,0.0
1.0,99.0,0.0,0.0,0.0,0.0
2.0,95.0,1.0,2.0,0.0,0.0
2.0,98.0,0.0,0.0,0.0,0.0
3.0,96.0,0.0,1.0,0.0,0.0
3.0,97.0,0.0,0.0,0.0,0.0
1.0,97.0,0.0,2.0,0.0,0.0
5.0,95.0,0.0,0.0,0.0,0.0
1.0,99.0,0.0,0.0,0.0,0.0
4.0,94.0,0.0,2.0,0.0,0.0
1.0,99.0,0.0,0.0,0.0,0.0
1.0,99.0,0.0,0.0,0.0,0.0
1.0,99.0,0.0,0.0,0.0,0.0
1.0,99.0,0.0,0.0,0.0,0.0
4.0,94.0,0.0,2.0,0.0,0.0
1.0,99.0,0.0,0.0,0.0,0.0
1.0,96.0,0.0,3.0,0.0,0.0
3.0,96.0,0.0,1.0,0.0,0.0
4.0,95.0,0.0,1.0,0.0,0.0
1.0,99.0,0.0,0.0,0.0,0.0
1.0,97.0,0.0,2.0,0.0,0.0
3.0,96.0,0.0,1.0,0.0,0.0
1.0,98.0,0.0,1.0,0.0,0.0
1.0,97.0,0.0,2.0,0.0,0.0
1.0,99.0,0.0,0.0,0.0,0.0
1.0,95.0,0.0,4.0,0.0,0.0
5.0,95.0,0.0,0.0,0.0,0.0
2.0,95.0,0.0,3.0,0.0,0.0
6.0,94.0,0.0,0.0,0.0,0.0
2.0,10.0,0.0,3.0,85.0,0.0
1.0,99.0,0.0,0.0,0.0,0.0
2.0,96.0,0.0,2.0,0.0,0.0
1.0,98.0,0.0,1.0,0.0,0.0
2.0,97.0,0.0,1.0,0.0,0.0
1.0,93.0,0.0,6.0,0.0,0.0
1.0,92.0,1.0,6.0,0.0,0.0
1.0,99.0,0.0,0.0,0.0,0.0
5.0,88.0,0.0,7.0,0.0,0.0
1.0,98.0,0.0,1.0,0.0,0.0
3.0,94.0,0.0,3.0,0.0,0.0
10.0,0.0,25.0,1.0,0.0,0.0
3.0,96.0,0.0,1.0,0.0,0.0
1.0,0.0,92.0,1.0,0.0,0.0
3.0,97.0,0.0,0.0,0.0,0.0
2.0,95.0,0.0,3.0,0.0,0.0
3.0,97.0,0.0,0.0,0.0,0.0
1.0,97.0,0.0,2.0,0.0,0.0
1.0,99.0,0.0,0.0,0.0,0.0
3.0,97.0,0.0,0.0,0.0,0.0
1.0,99.0,0.0,0.0,0.0,0.0
8.0,92.0,0.0,0.0,0.0,0.0
1.0,0.0,23.0,3.0,0.0,0.0
2.0,98.0,0.0,0.0,0.0,0.0
1.0,99.0,0.0,0.0,0.0,0.0
1.0,0.0,75.0,1.0,0.0,0.0
7.0,91.0,1.0,1.0,0.0,0.0
1.0,94.0,1.0,4.0,0.0,0.0
1.0,98.0,0.0,1.0,0.0,0.0
1.0,97.0,1.0,1.0,0.0,0.0
1.0,97.0,0.0,2.0,0.0,0.0
1.0,99.0,0.0,0.0,0.0,0.0
1.0,98.0,1.0,0.0,0.0,0.0
1.0,99.0,0.0,0.0,0.0,0.0
1.0,99.0,0.0,0.0,0.0,0.0
1.0,99.0,0.0,0.0,0.0,0.0
1.0,99.0,0.0,0.0,0.0,0.0
1.0,98.0,1.0,0.0,0.0,0.0
1.0,98.0,1.0,0.0,0.0,0.0
1.0,96.0,0.0,3.0,0.0,0.0
2.0,97.0,0.0,1.0,0.0,0.0
1.0,96.0,0.0,3.0,0.0,0.0
1.0,99.0,0.0,0.0,0.0,0.0
1.0,99.0,0.0,0.0,0.0,0.0
1.0,99.0,0.0,0.0,0.0,0.0
3.0,97.0,0.0,0.0,0.0,0.0
1.0,99.0,0.0,0.0,0.0,0.0
4.0,96.0,0.0,0.0,0.0,0.0
1.0,99.0,0.0,0.0,0.0,0.0
1.0,96.0,0.0,3.0,0.0,0.0
1.0,90.0,0.0,9.0,0.0,0.0
1.0,99.0,0.0,0.0,0.0,0.0
1.0,99.0,0.0,0.0,0.0,0.0
1.0,0.0,21.0,2.0,0.0,0.0
1.0,99.0,0.0,0.0,0.0,0.0
1.0,97.0,0.0,2.0,0.0,0.0
1.0,98.0,0.0,1.0,0.0,0.0
1.0,0.0,0.0,0.0,0.0,0.0
1.0,99.0,0.0,0.0,0.0,0.0
2.0,96.0,0.0,2.0,0.0,0.0
1.0,99.0,0.0,0.0,0.0,0.0
1.0,99.0,0.0,0.0,0.0,0.0
2.0,98.0,0.0,0.0,0.0,0.0
13.0,87.0,0.0,0.0,0.0,0.0
1.0,99.0,0.0,0.0,0.0,0.0
1.0,99.0,0.0,0.0,0.0,0.0
1.0,0.0,34.0,1.0,0.0,0.0
1.0,97.0,0.0,2.0,0.0,0.0
1.0,99.0,0.0,0.0,0.0,0.0
4.0,96.0,0.0,0.0,0.0,0.0
1.0,99.0,0.0,0.0,0.0,0.0
4.0,93.0,0.0,3.0,0.0,0.0
1.0,98.0,1.0,0.0,0.0,0.0
8.0,92.0,0.0,0.0,0.0,0.0
1.0,0.0,0.0,0.0,0.0,0.0
3.0,96.0,0.0,1.0,0.0,0.0
1.0,99.0,0.0,0.0,0.0,0.0
1.0,96.0,0.0,3.0,0.0,0.0
1.0,98.0,1.0,0.0,0.0,0.0
4.0,95.0,0.0,1.0,0.0,0.0
1.0,99.0,0.0,0.0,0.0,0.0
2.0,94.0,0.0,4.0,0.0,0.0
5.0,0.0,35.0,1.0,0.0,0.0
1.0,97.0,0.0,2.0,0.0,0.0
2.0,97.0,0.0,1.0,0.0,0.0
1.0,98.0,0.0,1.0,0.0,0.0
2.0,98.0,0.0,0.0,0.0,0.0
3.0,89.0,0.0,8.0,0.0,0.0
4.0,96.0,0.0,0.0,0.0,0.0
7.0,92.0,0.0,1.0,0.0,0.0
3.0,97.0,0.0,0.0,0.0,0.0
1.0,95.0,0.0,4.0,0.0,0.0
2.0,98.0,0.0,0.0,0.0,0.0
2.0,98.0,0.0,0.0,0.0,0.0
3.0,95.0,0.0,2.0,0.0,0.0
4.0,96.0,0.0,0.0,0.0,0.0
1.0,96.0,0.0,3.0,0.0,0.0
1.0,99.0,0.0,0.0,0.0,0.0
8.0,92.0,0.0,0.0,0.0,0.0
17.0,83.0,0.0,0.0,0.0,0.0
1.0,98.0,0.0,1.0,0.0,0.0
2.0,0.0,30.0,3.0,0.0,0.0
4.0,96.0,0.0,0.0,0.0,0.0
3.0,94.0,0.0,3.0,0.0,0.0
3.0,0.0,17.0,2.0,0.0,0.0
1.0,99.0,0.0,0.0,0.0,0.0
2.0,0.0,3.0,1.0,0.0,0.0
1.0,95.0,0.0,4.0,0.0,0.0
1.0,99.0,0.0,0.0,0.0,0.0
2.0,98.0,0.0,0.0,0.0,0.0
2.0,95.0,0.0,3.0,0.0,0.0
8.0,91.0,0.0,1.0,0.0,0.0
3.0,96.0,0.0,1.0,0.0,0.0
2.0,97.0,1.0,0.0,0.0,0.0
2.0,98.0,0.0,0.0,0.0,0.0
2.0,98.0,0.0,0.0,0.0,0.0
3.0,97.0,0.0,0.0,0.0,0.0
2.0,97.0,0.0,1.0,0.0,0.0
1.0,99.0,0.0,0.0,0.0,0.0
1.0,98.0,0.0,1.0,0.0,0.0
2.0,97.0,0.0,1.0,0.0,0.0
1.0,99.0,0.0,0.0,0.0,0.0
1.0,99.0,0.0,0.0,0.0,0.0
3.0,94.0,0.0,3.0,0.0,0.0
2.0,96.0,0.0,2.0,0.0,0.0
1.0,98.0,1.0,0.0,0.0,0.0
2.0,94.0,0.0,4.0,0.0,0.0
1.0,98.0,1.0,0.0,0.0,0.0
1.0,98.0,0.0,1.0,0.0,0.0
3.0,92.0,0.0,5.0,0.0,0.0
2.0,96.0,0.0,2.0,0.0,0.0
7.0,93.0,0.0,0.0,0.0,0.0
1.0,99.0,0.0,0.0,0.0,0.0
10.0,90.0,0.0,0.0,0.0,0.0
4.0,96.0,0.0,0.0,0.0,0.0
1.0,99.0,0.0,0.0,0.0,0.0
1.0,98.0,1.0,0.0,0.0,0.0
2.0,98.0,0.0,0.0,0.0,0.0
1.0,99.0,0.0,0.0,0.0,0.0
2.0,98.0,0.0,0.0,0.0,0.0
1.0,97.0,0.0,2.0,0.0,0.0
1.0,95.0,0.0,4.0,0.0,0.0
7.0,93.0,0.0,0.0,0.0,0.0
8.0,92.0,0.0,0.0,0.0,0.0
1.0,98.0,1.0,0.0,0.0,0.0
1.0,99.0,0.0,0.0,0.0,0.0
3.0,96.0,0.0,1.0,0.0,0.0
4.0,96.0,0.0,0.0,0.0,0.0
11.0,0.0,43.0,1.0,0.0,0.0
2.0,97.0,0.0,1.0,0.0,0.0
4.0,96.0,0.0,0.0,0.0,0.0
1.0,98.0,0.0,1.0,0.0,0.0
1.0,98.0,0.0,1.0,0.0,0.0
2.0,95.0,0.0,3.0,0.0,0.0
1.0,99.0,0.0,0.0,0.0,0.0
1.0,99.0,0.0,0.0,0.0,0.0
7.0,91.0,0.0,2.0,0.0,0.0
1.0,98.0,0.0,1.0,0.0,0.0
1.0,92.0,0.0,7.0,0.0,0.0
1.0,99.0,0.0,0.0,0.0,0.0
2.0,92.0,0.0,6.0,0.0,0.0
5.0,94.0,0.0,1.0,0.0,0.0
1.0,99.0,0.0,0.0,0.0,0.0
1.0,99.0,0.0,0.0,0.0,0.0
1.0,99.0,0.0,0.0,0.0,0.0
1.0,99.0,0.0,0.0,0.0,0.0
2.0,98.0,0.0,0.0,0.0,0.0
1.0,98.0,0.0,1.0,0.0,0.0
4.0,94.0,0.0,2.0,0.0,0.0
1.0,0.0,62.0,1.0,0.0,0.0
2.0,94.0,0.0,4.0,0.0,0.0
1.0,98.0,0.0,1.0,0.0,0.0
4.0,95.0,0.0,1.0,0.0,0.0
9.0,91.0,0.0,0.0,0.0,0.0
2.0,98.0,0.0,0.0,0.0,0.0
1.0,95.0,0.0,4.0,0.0,0.0
1.0,99.0,0.0,0.0,0.0,0.0
2.0,97.0,0.0,1.0,0.0,0.0
2.0,98.0,0.0,0.0,0.0,0.0
4.0,92.0,0.0,4.0,0.0,0.0
1.0,98.0,0.0,1.0,0.0,0.0
11.0,0.0,2.0,5.0,0.0,0.0
7.0,0.0,89.0,3.0,0.0,0.0
3.0,97.0,0.0,0.0,0.0,0.0
1.0,93.0,1.0,5.0,0.0,0.0
1.0,98.0,1.0,0.0,0.0,0.0
1.0,99.0,0.0,0.0,0.0,0.0
2.0,98.0,0.0,0.0,0.0,0.0
1.0,99.0,0.0,0.0,0.0,0.0
7.0,89.0,0.0,4.0,0.0,0.0
1.0,99.0,0.0,0.0,0.0,0.0
6.0,94.0,0.0,0.0,0.0,0.0
1.0,99.0,0.0,0.0,0.0,0.0
1.0,97.0,0.0,2.0,0.0,0.0
1.0,97.0,0.0,2.0,0.0,0.0
4.0,96.0,0.0,0.0,0.0,0.0
2.0,0.0,1.0,1.0,0.0,0.0
1.0,0.0,12.0,1.0,0.0,0.0
1.0,97.0,0.0,2.0,0.0,0.0
4.0,95.0,0.0,1.0,0.0,0.0
1.0,9.0,0.0,2.0,88.0,0.0
1.0,97.0,1.0,1.0,0.0,0.0
1.0,94.0,0.0,5.0,0.0,0.0
2.0,98.0,0.0,0.0,0.0,0.0
2.0,97.0,0.0,1.0,0.0,0.0
2.0,48.0,0.0,4.0,46.0,0.0
1.0,98.0,1.0,0.0,0.0,0.0
1.0,99.0,0.0,0.0,0.0,0.0
3.0,97.0,0.0,0.0,0.0,0.0
3.0,95.0,0.0,2.0,0.0,0.0
2.0,98.0,0.0,0.0,0.0,0.0
1.0,98.0,0.0,1.0,0.0,0.0
5.0,95.0,0.0,0.0,0.0,0.0
2.0,98.0,0.0,0.0,0.0,0.0
2.0,92.0,0.0,6.0,0.0,0.0
7.0,92.0,0.0,1.0,0.0,0.0
1.0,0.0,32.0,4.0,0.0,0.0
1.0,91.0,0.0,8.0,0.0,0.0
1.0,99.0,0.0,0.0,0.0,0.0
5.0,93.0,0.0,2.0,0.0,0.0
5.0,95.0,0.0,0.0,0.0,0.0
1.0,92.0,0.0,7.0,0.0,0.0
1.0,99.0,0.0,0.0,0.0,0.0
4.0,96.0,0.0,0.0,0.0,0.0
1.0,97.0,0.0,2.0,0.0,0.0
4.0,96.0,0.0,0.0,0.0,0.0
1.0,98.0,0.0,1.0,0.0,0.0
1.0,99.0,0.0,0.0,0.0,0.0
5.0,95.0,0.0,0.0,0.0,0.0
1.0,98.0,0.0,1.0,0.0,0.0
1.0,99.0,0.0,0.0,0.0,0.0
1.0,97.0,0.0,2.0,0.0,0.0
1.0,99.0,0.0,0.0,0.0,0.0
1.0,98.0,0.0,1.0,0.0,0.0
5.0,95.0,0.0,0.0,0.0,0.0
3.0,97.0,0.0,0.0,0.0,0.0
1.0,96.0,0.0,3.0,0.0,0.0
1.0,99.0,0.0,0.0,0.0,0.0
1.0,98.0,0.0,1.0,0.0,0.0
4.0,95.0,0.0,1.0,0.0,0.0
1.0,99.0,0.0,0.0,0.0,0.0
5.0,95.0,0.0,0.0,0.0,0.0
2.0,97.0,0.0,1.0,0.0,0.0
11.0,89.0,0.0,0.0,0.0,0.0
1.0,99.0,0.0,0.0,0.0,0.0
2.0,93.0,0.0,5.0,0.0,0.0
1.0,97.0,1.0,1.0,0.0,0.0
5.0,95.0,0.0,0.0,0.0,0.0
1.0,98.0,0.0,1.0,0.0,0.0
1.0,99.0,0.0,0.0,0.0,0.0
1.0,99.0,0.0,0.0,0.0,0.0
2.0,98.0,0.0,0.0,0.0,0.0
1.0,99.0,0.0,0.0,0.0,0.0
2.0,96.0,1.0,1.0,0.0,0.0
5.0,93.0,0.0,2.0,0.0,0.0
3.0,97.0,0.0,0.0,0.0,0.0
1.0,98.0,0.0,1.0,0.0,0.0
2.0,98.0,0.0,0.0,0.0,0.0
1.0,98.0,0.0,1.0,0.0,0.0
2.0,98.0,0.0,0.0,0.0,0.0
3.0,97.0,0.0,0.0,0.0,0.0
1.0,99.0,0.0,0.0,0.0,0.0
1.0,98.0,0.0,1.0,0.0,0.0
9.0,91.0,0.0,0.0,0.0,0.0
1.0,99.0,0.0,0.0,0.0,0.0
1.0,15.0,0.0,1.0,83.0,0.0
4.0,96.0,0.0,0.0,0.0,0.0
4.0,96.0,0.0,0.0,0.0,0.0
1.0,96.0,0.0,3.0,0.0,0.0
1.0,97.0,0.0,2.0,0.0,0.0
2.0,97.0,0.0,1.0,0.0,0.0
5.0,95.0,0.0,0.0,0.0,0.0
2.0,96.0,1.0,1.0,0.0,0.0
7.0,93.0,0.0,0.0,0.0,0.0
1.0,99.0,0.0,0.0,0.0,0.0
1.0,98.0,0.0,1.0,0.0,0.0
1.0,99.0,0.0,0.0,0.0,0.0
1.0,99.0,0.0,0.0,0.0,0.0
3.0,97.0,0.0,0.0,0.0,0.0
2.0,96.0,0.0,2.0,0.0,0.0
6.0,94.0,0.0,0.0,0.0,0.0
7.0,93.0,0.0,0.0,0.0,0.0
1.0,99.0,0.0,0.0,0.0,0.0
2.0,97.0,1.0,0.0,0.0,0.0
3.0,97.0,0.0,0.0,0.0,0.0
1.0,99.0,0.0,0.0,0.0,0.0
2.0,97.0,0.0,1.0,0.0,0.0
1.0,99.0,0.0,0.0,0.0,0.0
1.0,99.0,0.0,0.0,0.0,0.0
1.0,99.0,0.0,0.0,0.0,0.0
3.0,97.0,0.0,0.0,0.0,0.0
4.0,95.0,0.0,1.0,0.0,0.0
1.0,99.0,0.0,0.0,0.0,0.0
1.0,94.0,2.0,3.0,0.0,0.0
1.0,99.0,0.0,0.0,0.0,0.0
1.0,99.0,0.0,0.0,0.0,0.0
1.0,98.0,1.0,0.0,0.0,0.0
1.0,96.0,0.0,3.0,0.0,0.0
2.0,98.0,0.0,0.0,0.0,0.0
3.0,97.0,0.0,0.0,0.0,0.0
3.0,96.0,0.0,1.0,0.0,0.0
6.0,93.0,0.0,1.0,0.0,0.0
1.0,0.0,1.0,3.0,0.0,22.0
1.0,96.0,1.0,2.0,0.0,0.0
3.0,97.0,0.0,0.0,0.0,0.0
11.0,89.0,0.0,0.0,0.0,0.0
1.0,98.0,0.0,1.0,0.0,0.0
1.0,96.0,1.0,2.0,0.0,0.0
1.0,99.0,0.0,0.0,0.0,0.0
3.0,97.0,0.0,0.0,0.0,0.0
3.0,95.0,0.0,2.0,0.0,0.0
1.0,99.0,0.0,0.0,0.0,0.0
1.0,98.0,0.0,1.0,0.0,0.0
1.0,98.0,1.0,0.0,0.0,0.0
1.0,99.0,0.0,0.0,0.0,0.0
1.0,93.0,0.0,6.0,0.0,0.0
2.0,96.0,0.0,2.0,0.0,0.0
12.0,86.0,0.0,2.0,0.0,0.0
2.0,97.0,0.0,1.0,0.0,0.0
1.0,98.0,0.0,1.0,0.0,0.0
7.0,92.0,0.0,1.0,0.0,0.0
1.0,99.0,0.0,0.0,0.0,0.0
2.0,97.0,0.0,1.0,0.0,0.0
7.0,89.0,0.0,4.0,0.0,0.0
2.0,57.0,0.0,1.0,40.0,0.0
1.0,96.0,0.0,3.0,0.0,0.0
3.0,94.0,0.0,3.0,0.0,0.0
1.0,99.0,0.0,0.0,0.0,0.0
2.0,97.0,0.0,1.0,0.0,0.0
1.0,98.0,0.0,1.0,0.0,0.0
2.0,95.0,0.0,3.0,0.0,0.0
11.0,89.0,0.0,0.0,0.0,0.0
2.0,98.0,0.0,0.0,0.0,0.0
11.0,89.0,0.0,0.0,0.0,0.0
3.0,97.0,0.0,0.0,0.0,0.0
2.0,0.0,29.0,3.0,0.0,0.0
1.0,0.0,0.0,0.0,0.0,0.0
7.0,93.0,0.0,0.0,0.0,0.0
3.0,96.0,0.0,1.0,0.0,0.0
6.0,94.0,0.0,0.0,0.0,0.0
1.0,98.0,0.0,1.0,0.0,0.0
14.0,83.0,0.0,3.0,0.0,0.0
1.0,99.0,0.0,0.0,0.0,0.0
1.0,99.0,0.0,0.0,0.0,0.0
1.0,0.0,25.0,1.0,0.0,0.0
11.0,89.0,0.0,0.0,0.0,0.0
1.0,99.0,0.0,0.0,0.0,0.0
1.0,98.0,1.0,0.0,0.0,0.0
1.0,0.0,33.0,7.0,0.0,0.0
1.0,98.0,0.0,1.0,0.0,0.0
1.0,99.0,0.0,0.0,0.0,0.0
9.0,91.0,0.0,0.0,0.0,0.0
5.0,95.0,0.0,0.0,0.0,0.0
1.0,99.0,0.0,0.0,0.0,0.0
8.0,89.0,0.0,3.0,0.0,0.0
2.0,97.0,0.0,1.0,0.0,0.0
7.0,93.0,0.0,0.0,0.0,0.0
1.0,99.0,0.0,0.0,0.0,0.0
2.0,98.0,0.0,0.0,0.0,0.0
1.0,98.0,0.0,1.0,0.0,0.0
1.0,95.0,0.0,4.0,0.0,0.0
3.0,95.0,0.0,2.0,0.0,0.0
4.0,95.0,0.0,1.0,0.0,0.0
1.0,99.0,0.0,0.0,0.0,0.0
4.0,92.0,0.0,4.0,0.0,0.0
3.0,97.0,0.0,0.0,0.0,0.0
1.0,0.0,0.0,0.0,0.0,0.0
1.0,80.0,0.0,2.0,17.0,0.0
1.0,0.0,60.0,2.0,0.0,0.0
1.0,94.0,0.0,5.0,0.0,0.0
1.0,95.0,0.0,4.0,0.0,0.0
10.0,90.0,0.0,0.0,0.0,0.0
1.0,96.0,0.0,3.0,0.0,0.0
8.0,91.0,0.0,1.0,0.0,0.0
2.0,98.0,0.0,0.0,0.0,0.0
2.0,96.0,0.0,2.0,0.0,0.0
1.0,99.0,0.0,0.0,0.0,0.0
4.0,96.0,0.0,0.0,0.0,0.0
1.0,95.0,1.0,3.0,0.0,0.0
2.0,97.0,0.0,1.0,0.0,0.0
4.0,96.0,0.0,0.0,0.0,0.0
6.0,88.0,0.0,6.0,0.0,0.0
1.0,96.0,0.0,3.0,0.0,0.0
1.0,98.0,0.0,1.0,0.0,0.0
1.0,99.0,0.0,0.0,0.0,0.0
2.0,98.0,0.0,0.0,0.0,0.0
2.0,0.0,0.0,0.0,0.0,0.0
1.0,95.0,0.0,4.0,0.0,0.0
21.0,78.0,0.0,1.0,0.0,0.0
2.0,97.0,0.0,1.0,0.0,0.0
1.0,98.0,1.0,0.0,0.0,0.0
1.0,97.0,0.0,2.0,0.0,0.0
1.0,99.0,0.0,0.0,0.0,0.0
1.0,98.0,0.0,1.0,0.0,0.0
1.0,98.0,0.0,1.0,0.0,0.0
2.0,98.0,0.0,0.0,0.0,0.0
1.0,96.0,1.0,2.0,0.0,0.0
1.0,99.0,0.0,0.0,0.0,0.0
2.0,98.0,0.0,0.0,0.0,0.0
1.0,99.0,0.0,0.0,0.0,0.0
1.0,99.0,0.0,0.0,0.0,0.0
1.0,97.0,0.0,2.0,0.0,0.0
5.0,0.0,28.0,4.0,0.0,0.0
2.0,98.0,0.0,0.0,0.0,0.0
1.0,96.0,0.0,3.0,0.0,0.0
3.0,97.0,0.0,0.0,0.0,0.0
1.0,98.0,0.0,1.0,0.0,0.0
1.0,98.0,1.0,0.0,0.0,0.0
2.0,95.0,0.0,3.0,0.0,0.0
2.0,98.0,0.0,0.0,0.0,0.0
7.0,0.0,14.0,2.0,0.0,0.0
1.0,99.0,0.0,0.0,0.0,0.0
1.0,99.0,0.0,0.0,0.0,0.0
2.0,97.0,0.0,1.0,0.0,0.0
1.0,99.0,0.0,0.0,0.0,0.0
1.0,95.0,0.0,4.0,0.0,0.0
1.0,99.0,0.0,0.0,0.0,0.0
1.0,99.0,0.0,0.0,0.0,0.0
2.0,96.0,0.0,2.0,0.0,0.0
1.0,0.0,1.0,1.0,0.0,18.0
2.0,98.0,0.0,0.0,0.0,0.0
4.0,96.0,0.0,0.0,0.0,0.0
1.0,96.0,0.0,3.0,0.0,0.0
2.0,97.0,0.0,1.0,0.0,0.0
3.0,97.0,0.0,0.0,0.0,0.0
1.0,99.0,0.0,0.0,0.0,0.0
6.0,93.0,0.0,1.0,0.0,0.0
2.0,98.0,0.0,0.0,0.0,0.0
1.0,99.0,0.0,0.0,0.0,0.0
3.0,97.0,0.0,0.0,0.0,0.0
1.0,98.0,0.0,1.0,0.0,0.0
1.0,98.0,0.0,1.0,0.0,0.0
1.0,99.0,0.0,0.0,0.0,0.0
2.0,97.0,0.0,1.0,0.0,0.0
3.0,97.0,0.0,0.0,0.0,0.0
2.0,97.0,1.0,0.0,0.0,0.0
8.0,0.0,17.0,2.0,0.0,0.0
6.0,94.0,0.0,0.0,0.0,0.0
1.0,99.0,0.0,0.0,0.0,0.0
2.0,98.0,0.0,0.0,0.0,0.0
1.0,99.0,0.0,0.0,0.0,0.0
6.0,93.0,0.0,1.0,0.0,0.0
1.0,0.0,6.0,4.0,0.0,0.0
1.0,99.0,0.0,0.0,0.0,0.0
6.0,94.0,0.0,0.0,0.0,0.0
1.0,99.0,0.0,0.0,0.0,0.0
1.0,99.0,0.0,0.0,0.0,0.0
1.0,98.0,1.0,0.0,0.0,0.0
2.0,98.0,0.0,0.0,0.0,0.0
1.0,98.0,0.0,1.0,0.0,0.0
3.0,96.0,1.0,0.0,0.0,0.0
2.0,98.0,0.0,0.0,0.0,0.0
1.0,99.0,0.0,0.0,0.0,0.0
12.0,75.0,1.0,12.0,0.0,0.0
1.0,98.0,0.0,1.0,0.0,0.0
9.0,89.0,0.0,2.0,0.0,0.0
1.0,97.0,0.0,2.0,0.0,0.0
1.0,98.0,0.0,1.0,0.0,0.0
1.0,99.0,0.0,0.0,0.0,0.0
6.0,94.0,0.0,0.0,0.0,0.0
9.0,90.0,0.0,1.0,0.0,0.0
3.0,97.0,0.0,0.0,0.0,0.0
3.0,97.0,0.0,0.0,0.0,0.0
2.0,96.0,0.0,2.0,0.0,0.0
5.0,95.0,0.0,0.0,0.0,0.0
10.0,88.0,0.0,2.0,0.0,0.0
1.0,96.0,0.0,3.0,0.0,0.0
2.0,97.0,1.0,0.0,0.0,0.0
5.0,92.0,0.0,3.0,0.0,0.0
1.0,98.0,0.0,1.0,0.0,0.0
1.0,99.0,0.0,0.0,0.0,0.0
1.0,98.0,1.0,0.0,0.0,0.0
5.0,94.0,1.0,0.0,0.0,0.0
1.0,97.0,0.0,2.0,0.0,0.0
2.0,98.0,0.0,0.0,0.0,0.0
2.0,97.0,0.0,1.0,0.0,0.0
1.0,0.0,26.0,1.0,0.0,0.0
9.0,89.0,0.0,2.0,0.0,0.0
1.0,96.0,0.0,3.0,0.0,0.0
4.0,96.0,0.0,0.0,0.0,0.0
1.0,96.0,1.0,2.0,0.0,0.0
1.0,99.0,0.0,0.0,0.0,0.0
10.0,89.0,0.0,1.0,0.0,0.0
1.0,97.0,0.0,2.0,0.0,0.0
5.0,95.0,0.0,0.0,0.0,0.0
13.0,87.0,0.0,0.0,0.0,0.0
1.0,99.0,0.0,0.0,0.0,0.0
9.0,91.0,0.0,0.0,0.0,0.0
8.0,91.0,0.0,1.0,0.0,0.0
15.0,85.0,0.0,0.0,0.0,0.0
9.0,91.0,0.0,0.0,0.0,0.0
13.0,85.0,0.0,2.0,0.0,0.0
9.0,91.0,0.0,0.0,0.0,0.0
3.0,97.0,0.0,0.0,0.0,0.0
1.0,99.0,0.0,0.0,0.0,0.0
1.0,95.0,0.0,4.0,0.0,0.0
5.0,88.0,0.0,7.0,0.0,0.0
1.0,99.0,0.0,0.0,0.0,0.0
1.0,99.0,0.0,0.0,0.0,0.0
2.0,95.0,0.0,3.0,0.0,0.0
1.0,99.0,0.0,0.0,0.0,0.0
4.0,0.0,5.0,2.0,0.0,0.0
1.0,94.0,1.0,4.0,0.0,0.0
1.0,96.0,0.0,3.0,0.0,0.0
1.0,98.0,0.0,1.0,0.0,0.0
10.0,90.0,0.0,0.0,0.0,0.0
12.0,88.0,0.0,0.0,0.0,0.0
9.0,91.0,0.0,0.0,0.0,0.0
1.0,98.0,1.0,0.0,0.0,0.0
1.0,96.0,0.0,3.0,0.0,0.0
1.0,0.0,0.0,0.0,0.0,0.0
2.0,98.0,0.0,0.0,0.0,0.0
4.0,95.0,0.0,1.0,0.0,0.0
9.0,86.0,1.0,4.0,0.0,0.0
1.0,99.0,0.0,0.0,0.0,0.0
1.0,99.0,0.0,0.0,0.0,0.0
4.0,96.0,0.0,0.0,0.0,0.0
9.0,91.0,0.0,0.0,0.0,0.0
1.0,99.0,0.0,0.0,0.0,0.0
1.0,98.0,0.0,1.0,0.0,0.0
4.0,91.0,0.0,5.0,0.0,0.0
1.0,0.0,67.0,2.0,0.0,0.0
1.0,98.0,0.0,1.0,0.0,0.0
5.0,95.0,0.0,0.0,0.0,0.0
1.0,98.0,0.0,1.0,0.0,0.0
1.0,99.0,0.0,0.0,0.0,0.0
2.0,0.0,16.0,1.0,0.0,0.0
2.0,0.0,92.0,6.0,0.0,0.0
1.0,91.0,0.0,8.0,0.0,0.0
2.0,97.0,0.0,1.0,0.0,0.0
1.0,99.0,0.0,0.0,0.0,0.0
1.0,94.0,1.0,4.0,0.0,0.0
2.0,98.0,0.0,0.0,0.0,0.0
2.0,95.0,0.0,3.0,0.0,0.0
1.0,94.0,0.0,5.0,0.0,0.0
3.0,96.0,0.0,1.0,0.0,0.0
2.0,93.0,0.0,5.0,0.0,0.0
1.0,0.0,62.0,1.0,0.0,0.0
4.0,96.0,0.0,0.0,0.0,0.0
5.0,92.0,0.0,3.0,0.0,0.0
1.0,98.0,0.0,1.0,0.0,0.0
1.0,99.0,0.0,0.0,0.0,0.0
1.0,99.0,0.0,0.0,0.0,0.0
3.0,97.0,0.0,0.0,0.0,0.0
1.0,98.0,0.0,1.0,0.0,0.0
1.0,99.0,0.0,0.0,0.0,0.0
9.0,91.0,0.0,0.0,0.0,0.0
2.0,97.0,0.0,1.0,0.0,0.0
9.0,90.0,1.0,0.0,0.0,0.0
2.0,97.0,0.0,1.0,0.0,0.0
2.0,98.0,0.0,0.0,0.0,0.0
2.0,97.0,0.0,1.0,0.0,0.0
1.0,99.0,0.0,0.0,0.0,0.0
15.0,85.0,0.0,0.0,0.0,0.0
5.0,95.0,0.0,0.0,0.0,0.0
2.0,97.0,0.0,1.0,0.0,0.0
2.0,97.0,1.0,0.0,0.0,0.0
5.0,87.0,0.0,8.0,0.0,0.0
2.0,98.0,0.0,0.0,0.0,0.0
1.0,97.0,0.0,2.0,0.0,0.0
2.0,98.0,0.0,0.0,0.0,0.0
7.0,92.0,0.0,1.0,0.0,0.0
3.0,95.0,0.0,2.0,0.0,0.0
9.0,91.0,0.0,0.0,0.0,0.0
2.0,98.0,0.0,0.0,0.0,0.0
2.0,98.0,0.0,0.0,0.0,0.0
1.0,0.0,9.0,2.0,0.0,0.0
7.0,93.0,0.0,0.0,0.0,0.0
1.0,99.0,0.0,0.0,0.0,0.0
1.0,99.0,0.0,0.0,0.0,0.0
4.0,96.0,0.0,0.0,0.0,0.0
1.0,99.0,0.0,0.0,0.0,0.0
1.0,97.0,1.0,1.0,0.0,0.0
3.0,97.0,0.0,0.0,0.0,0.0
5.0,95.0,0.0,0.0,0.0,0.0
1.0,98.0,0.0,1.0,0.0,0.0
1.0,97.0,0.0,2.0,0.0,0.0
9.0,88.0,0.0,3.0,0.0,0.0
3.0,93.0,0.0,4.0,0.0,0.0
6.0,91.0,0.0,3.0,0.0,0.0
2.0,98.0,0.0,0.0,0.0,0.0
4.0,88.0,0.0,8.0,0.0,0.0
17.0,83.0,0.0,0.0,0.0,0.0
1.0,99.0,0.0,0.0,0.0,0.0
7.0,89.0,0.0,4.0,0.0,0.0
1.0,99.0,0.0,0.0,0.0,0.0
2.0,0.0,19.0,2.0,0.0,0.0
6.0,29.0,0.0,2.0,63.0,0.0
1.0,96.0,0.0,3.0,0.0,0.0
5.0,93.0,0.0,2.0,0.0,0.0
4.0,96.0,0.0,0.0,0.0,0.0
2.0,97.0,0.0,1.0,0.0,0.0
5.0,95.0,0.0,0.0,0.0,0.0
2.0,96.0,0.0,2.0,0.0,0.0
1.0,98.0,0.0,1.0,0.0,0.0
1.0,95.0,0.0,4.0,0.0,0.0
2.0,94.0,0.0,4.0,0.0,0.0
2.0,97.0,0.0,1.0,0.0,0.0
2.0,95.0,0.0,3.0,0.0,0.0
1.0,96.0,1.0,2.0,0.0,0.0
6.0,93.0,0.0,1.0,0.0,0.0
4.0,94.0,0.0,2.0,0.0,0.0
1.0,99.0,0.0,0.0,0.0,0.0
1.0,99.0,0.0,0.0,0.0,0.0
1.0,97.0,0.0,2.0,0.0,0.0
2.0,97.0,0.0,1.0,0.0,0.0
1.0,99.0,0.0,0.0,0.0,0.0
3.0,92.0,0.0,5.0,0.0,0.0
2.0,0.0,50.0,3.0,0.0,0.0
2.0,97.0,0.0,1.0,0.0,0.0
1.0,99.0,0.0,0.0,0.0,0.0
5.0,95.0,0.0,0.0,0.0,0.0
1.0,99.0,0.0,0.0,0.0,0.0
5.0,95.0,0.0,0.0,0.0,0.0
2.0,98.0,0.0,0.0,0.0,0.0
1.0,97.0,0.0,2.0,0.0,0.0
3.0,97.0,0.0,0.0,0.0,0.0
1.0,99.0,0.0,0.0,0.0,0.0
3.0,97.0,0.0,0.0,0.0,0.0
1.0,97.0,1.0,1.0,0.0,0.0
2.0,98.0,0.0,0.0,0.0,0.0
1.0,99.0,0.0,0.0,0.0,0.0
1.0,97.0,0.0,2.0,0.0,0.0
2.0,96.0,0.0,2.0,0.0,0.0
1.0,99.0,0.0,0.0,0.0,0.0
1.0,99.0,0.0,0.0,0.0,0.0
4.0,96.0,0.0,0.0,0.0,0.0
1.0,98.0,0.0,1.0,0.0,0.0
2.0,98.0,0.0,0.0,0.0,0.0
6.0,93.0,0.0,1.0,0.0,0.0
12.0,88.0,0.0,0.0,0.0,0.0
6.0,94.0,0.0,0.0,0.0,0.0
1.0,96.0,0.0,3.0,0.0,0.0
1.0,98.0,0.0,1.0,0.0,0.0
1.0,99.0,0.0,0.0,0.0,0.0
1.0,0.0,14.0,1.0,0.0,0.0
1.0,99.0,0.0,0.0,0.0,0.0
1.0,99.0,0.0,0.0,0.0,0.0
2.0,98.0,0.0,0.0,0.0,0.0
1.0,99.0,0.0,0.0,0.0,0.0
7.0,93.0,0.0,0.0,0.0,0.0
1.0,99.0,0.0,0.0,0.0,0.0
1.0,94.0,0.0,5.0,0.0,0.0
1.0,95.0,0.0,4.0,0.0,0.0
1.0,97.0,0.0,2.0,0.0,0.0
17.0,83.0,0.0,0.0,0.0,0.0
1.0,99.0,0.0,0.0,0.0,0.0
1.0,99.0,0.0,0.0,0.0,0.0
2.0,96.0,0.0,2.0,0.0,0.0
1.0,97.0,1.0,1.0,0.0,0.0
1.0,99.0,0.0,0.0,0.0,0.0
4.0,0.0,2.0,2.0,0.0,0.0
4.0,96.0,0.0,0.0,0.0,0.0
2.0,95.0,0.0,3.0,0.0,0.0
2.0,98.0,0.0,0.0,0.0,0.0
1.0,99.0,0.0,0.0,0.0,0.0
1.0,99.0,0.0,0.0,0.0,0.0
2.0,98.0,0.0,0.0,0.0,0.0
1.0,99.0,0.0,0.0,0.0,0.0
2.0,94.0,0.0,4.0,0.0,0.0
1.0,97.0,0.0,2.0,0.0,0.0
1.0,95.0,1.0,3.0,0.0,0.0
12.0,88.0,0.0,0.0,0.0,0.0
4.0,96.0,0.0,0.0,0.0,0.0
2.0,95.0,0.0,3.0,0.0,0.0
1.0,96.0,0.0,3.0,0.0,0.0
1.0,98.0,1.0,0.0,0.0,0.0
5.0,94.0,0.0,1.0,0.0,0.0
2.0,98.0,0.0,0.0,0.0,0.0
1.0,0.0,0.0,1.0,0.0,0.0
1.0,99.0,0.0,0.0,0.0,0.0
10.0,0.0,15.0,2.0,0.0,0.0
1.0,98.0,1.0,0.0,0.0,0.0
2.0,97.0,0.0,1.0,0.0,0.0
2.0,96.0,0.0,2.0,0.0,0.0
1.0,0.0,75.0,1.0,0.0,0.0
8.0,91.0,0.0,1.0,0.0,0.0
2.0,98.0,0.0,0.0,0.0,0.0
2.0,98.0,0.0,0.0,0.0,0.0
4.0,0.0,83.0,5.0,0.0,0.0
1.0,0.0,0.0,0.0,0.0,0.0
1.0,99.0,0.0,0.0,0.0,0.0
2.0,98.0,0.0,0.0,0.0,0.0
1.0,97.0,0.0,2.0,0.0,0.0
13.0,82.0,0.0,5.0,0.0,0.0
1.0,99.0,0.0,0.0,0.0,0.0
1.0,99.0,0.0,0.0,0.0,0.0
2.0,98.0,0.0,0.0,0.0,0.0
1.0,97.0,0.0,2.0,0.0,0.0
2.0,97.0,0.0,1.0,0.0,0.0
4.0,93.0,0.0,3.0,0.0,0.0
9.0,90.0,0.0,1.0,0.0,0.0
1.0,97.0,0.0,2.0,0.0,0.0
4.0,96.0,0.0,0.0,0.0,0.0
7.0,0.0,35.0,2.0,0.0,0.0
18.0,82.0,0.0,0.0,0.0,0.0
3.0,95.0,0.0,2.0,0.0,0.0
1.0,99.0,0.0,0.0,0.0,0.0
1.0,99.0,0.0,0.0,0.0,0.0
1.0,97.0,1.0,1.0,0.0,0.0
1.0,97.0,0.0,2.0,0.0,0.0
3.0,97.0,0.0,0.0,0.0,0.0
13.0,85.0,0.0,2.0,0.0,0.0
1.0,98.0,1.0,0.0,0.0,0.0
6.0,94.0,0.0,0.0,0.0,0.0
1.0,98.0,0.0,1.0,0.0,0.0
1.0,99.0,0.0,0.0,0.0,0.0
12.0,88.0,0.0,0.0,0.0,0.0
2.0,97.0,0.0,1.0,0.0,0.0
1.0,98.0,0.0,1.0,0.0,0.0
3.0,96.0,0.0,1.0,0.0,0.0
1.0,99.0,0.0,0.0,0.0,0.0
1.0,97.0,0.0,2.0,0.0,0.0
1.0,99.0,0.0,0.0,0.0,0.0
6.0,91.0,0.0,3.0,0.0,0.0
1.0,99.0,0.0,0.0,0.0,0.0
2.0,98.0,0.0,0.0,0.0,0.0
8.0,90.0,0.0,2.0,0.0,0.0
2.0,98.0,0.0,0.0,0.0,0.0
15.0,85.0,0.0,0.0,0.0,0.0
1.0,97.0,0.0,2.0,0.0,0.0
2.0,95.0,0.0,3.0,0.0,0.0
11.0,88.0,0.0,1.0,0.0,0.0
4.0,96.0,0.0,0.0,0.0,0.0
9.0,90.0,0.0,1.0,0.0,0.0
7.0,93.0,0.0,0.0,0.0,0.0
8.0,92.0,0.0,0.0,0.0,0.0
1.0,96.0,0.0,3.0,0.0,0.0
1.0,98.0,1.0,0.0,0.0,0.0
1.0,98.0,1.0,0.0,0.0,0.0
4.0,96.0,0.0,0.0,0.0,0.0
1.0,96.0,0.0,3.0,0.0,0.0
4.0,95.0,0.0,1.0,0.0,0.0
1.0,99.0,0.0,0.0,0.0,0.0
1.0,99.0,0.0,0.0,0.0,0.0
1.0,97.0,0.0,2.0,0.0,0.0
1.0,97.0,0.0,2.0,0.0,0.0
1.0,99.0,0.0,0.0,0.0,0.0
2.0,98.0,0.0,0.0,0.0,0.0
3.0,97.0,0.0,0.0,0.0,0.0
1.0,99.0,0.0,0.0,0.0,0.0
15.0,85.0,0.0,0.0,0.0,0.0
3.0,96.0,0.0,1.0,0.0,0.0
1.0,99.0,0.0,0.0,0.0,0.0
1.0,98.0,0.0,1.0,0.0,0.0
1.0,94.0,1.0,4.0,0.0,0.0
2.0,98.0,0.0,0.0,0.0,0.0
7.0,87.0,0.0,6.0,0.0,0.0
23.0,75.0,0.0,2.0,0.0,0.0
1.0,99.0,0.0,0.0,0.0,0.0
2.0,98.0,0.0,0.0,0.0,0.0
1.0,97.0,0.0,2.0,0.0,0.0
1.0,13.0,0.0,1.0,85.0,0.0
1.0,99.0,0.0,0.0,0.0,0.0
2.0,95.0,0.0,3.0,0.0,0.0
13.0,87.0,0.0,0.0,0.0,0.0
18.0,80.0,0.0,2.0,0.0,0.0
4.0,95.0,0.0,1.0,0.0,0.0
1.0,0.0,29.0,1.0,0.0,0.0
1.0,99.0,0.0,0.0,0.0,0.0
1.0,98.0,0.0,1.0,0.0,0.0
1.0,99.0,0.0,0.0,0.0,0.0
1.0,99.0,0.0,0.0,0.0,0.0
8.0,91.0,1.0,0.0,0.0,0.0
1.0,96.0,0.0,3.0,0.0,0.0
1.0,0.0,0.0,3.0,0.0,0.0
1.0,98.0,1.0,0.0,0.0,0.0
16.0,84.0,0.0,0.0,0.0,0.0
4.0,96.0,0.0,0.0,0.0,0.0
1.0,98.0,0.0,1.0,0.0,0.0
6.0,94.0,0.0,0.0,0.0,0.0
1.0,99.0,0.0,0.0,0.0,0.0
5.0,95.0,0.0,0.0,0.0,0.0
17.0,83.0,0.0,0.0,0.0,0.0
7.0,93.0,0.0,0.0,0.0,0.0
2.0,98.0,0.0,0.0,0.0,0.0
7.0,93.0,0.0,0.0,0.0,0.0
13.0,87.0,0.0,0.0,0.0,0.0
1.0,98.0,1.0,0.0,0.0,0.0
1.0,97.0,0.0,2.0,0.0,0.0
1.0,0.0,98.0,1.0,0.0,0.0
9.0,90.0,1.0,0.0,0.0,0.0
11.0,89.0,0.0,0.0,0.0,0.0
16.0,83.0,0.0,1.0,0.0,0.0
1.0,99.0,0.0,0.0,0.0,0.0
5.0,0.0,18.0,1.0,0.0,0.0
1.0,99.0,0.0,0.0,0.0,0.0
12.0,88.0,0.0,0.0,0.0,0.0
11.0,88.0,1.0,0.0,0.0,0.0
1.0,99.0,0.0,0.0,0.0,0.0
12.0,88.0,0.0,0.0,0.0,0.0
1.0,98.0,0.0,1.0,0.0,0.0
6.0,92.0,1.0,1.0,0.0,0.0
2.0,98.0,0.0,0.0,0.0,0.0
2.0,96.0,0.0,2.0,0.0,0.0
11.0,86.0,0.0,3.0,0.0,0.0
6.0,90.0,0.0,4.0,0.0,0.0
1.0,99.0,0.0,0.0,0.0,0.0
6.0,93.0,0.0,1.0,0.0,0.0
10.0,88.0,0.0,2.0,0.0,0.0
1.0,99.0,0.0,0.0,0.0,0.0
1.0,96.0,1.0,2.0,0.0,0.0
1.0,99.0,0.0,0.0,0.0,0.0
1.0,93.0,0.0,6.0,0.0,0.0
1.0,97.0,0.0,2.0,0.0,0.0
1.0,98.0,0.0,1.0,0.0,0.0
1.0,98.0,0.0,1.0,0.0,0.0
1.0,75.0,0.0,7.0,17.0,0.0
1.0,97.0,0.0,2.0,0.0,0.0
1.0,99.0,0.0,0.0,0.0,0.0
9.0,91.0,0.0,0.0,0.0,0.0
1.0,99.0,0.0,0.0,0.0,0.0
1.0,99.0,0.0,0.0,0.0,0.0
1.0,99.0,0.0,0.0,0.0,0.0
1.0,97.0,0.0,2.0,0.0,0.0
1.0,98.0,0.0,1.0,0.0,0.0
20.0,80.0,0.0,0.0,0.0,0.0
1.0,98.0,0.0,1.0,0.0,0.0
2.0,98.0,0.0,0.0,0.0,0.0
4.0,93.0,0.0,3.0,0.0,0.0
1.0,99.0,0.0,0.0,0.0,0.0
1.0,99.0,0.0,0.0,0.0,0.0
2.0,97.0,0.0,1.0,0.0,0.0
6.0,93.0,0.0,1.0,0.0,0.0
1.0,97.0,0.0,2.0,0.0,0.0
1.0,99.0,0.0,0.0,0.0,0.0
1.0,89.0,1.0,9.0,0.0,0.0
1.0,99.0,0.0,0.0,0.0,0.0
1.0,99.0,0.0,0.0,0.0,0.0
1.0,97.0,1.0,1.0,0.0,0.0
8.0,90.0,0.0,2.0,0.0,0.0
1.0,99.0,0.0,0.0,0.0,0.0
2.0,97.0,0.0,1.0,0.0,0.0
1.0,98.0,0.0,1.0,0.0,0.0
1.0,97.0,0.0,2.0,0.0,0.0
1.0,98.0,0.0,1.0,0.0,0.0
1.0,98.0,0.0,1.0,0.0,0.0
1.0,99.0,0.0,0.0,0.0,0.0
1.0,97.0,2.0,0.0,0.0,0.0
1.0,98.0,0.0,1.0,0.0,0.0
1.0,95.0,1.0,3.0,0.0,0.0
1.0,98.0,1.0,0.0,0.0,0.0
38.0,61.0,0.0,1.0,0.0,0.0
1.0,0.0,0.0,0.0,0.0,0.0
14.0,86.0,0.0,0.0,0.0,0.0
1.0,99.0,0.0,0.0,0.0,0.0
1.0,99.0,0.0,0.0,0.0,0.0
1.0,0.0,98.0,1.0,0.0,0.0
4.0,92.0,0.0,4.0,0.0,0.0
5.0,94.0,0.0,1.0,0.0,0.0
1.0,99.0,0.0,0.0,0.0,0.0
1.0,97.0,0.0,2.0,0.0,0.0
3.0,97.0,0.0,0.0,0.0,0.0
1.0,97.0,0.0,2.0,0.0,0.0
6.0,94.0,0.0,0.0,0.0,0.0
1.0,0.0,27.0,1.0,0.0,0.0
1.0,99.0,0.0,0.0,0.0,0.0
13.0,86.0,1.0,0.0,0.0,0.0
10.0,89.0,0.0,1.0,0.0,0.0
1.0,97.0,0.0,2.0,0.0,0.0
1.0,98.0,0.0,1.0,0.0,0.0
2.0,93.0,0.0,5.0,0.0,0.0
1.0,99.0,0.0,0.0,0.0,0.0
4.0,95.0,0.0,1.0,0.0,0.0
1.0,99.0,0.0,0.0,0.0,0.0
8.0,92.0,0.0,0.0,0.0,0.0
2.0,0.0,27.0,1.0,0.0,0.0
1.0,0.0,15.0,2.0,0.0,0.0
2.0,98.0,0.0,0.0,0.0,0.0
2.0,98.0,0.0,0.0,0.0,0.0
1.0,98.0,0.0,1.0,0.0,0.0
5.0,94.0,0.0,1.0,0.0,0.0
10.0,0.0,31.0,1.0,0.0,0.0
16.0,84.0,0.0,0.0,0.0,0.0
23.0,77.0,0.0,0.0,0.0,0.0
1.0,97.0,0.0,2.0,0.0,0.0
4.0,96.0,0.0,0.0,0.0,0.0
3.0,97.0,0.0,0.0,0.0,0.0
3.0,14.0,11.0,0.0,0.0,0.0
1.0,98.0,0.0,1.0,0.0,0.0
9.0,85.0,0.0,6.0,0.0,0.0
3.0,95.0,0.0,2.0,0.0,0.0
3.0,94.0,0.0,3.0,0.0,0.0
1.0,99.0,0.0,0.0,0.0,0.0
4.0,96.0,0.0,0.0,0.0,0.0
1.0,99.0,0.0,0.0,0.0,0.0
1.0,99.0,0.0,0.0,0.0,0.0
7.0,93.0,0.0,0.0,0.0,0.0
6.0,94.0,0.0,0.0,0.0,0.0
1.0,97.0,0.0,2.0,0.0,0.0
10.0,90.0,0.0,0.0,0.0,0.0
10.0,90.0,0.0,0.0,0.0,0.0
2.0,97.0,0.0,1.0,0.0,0.0
4.0,94.0,1.0,1.0,0.0,0.0
16.0,79.0,0.0,5.0,0.0,0.0
1.0,98.0,1.0,0.0,0.0,0.0
1.0,98.0,0.0,1.0,0.0,0.0
2.0,98.0,0.0,0.0,0.0,0.0
11.0,89.0,0.0,0.0,0.0,0.0
1.0,96.0,0.0,3.0,0.0,0.0
1.0,98.0,0.0,1.0,0.0,0.0
1.0,97.0,0.0,2.0,0.0,0.0
5.0,95.0,0.0,0.0,0.0,0.0
1.0,99.0,0.0,0.0,0.0,0.0
1.0,97.0,0.0,2.0,0.0,0.0
19.0,81.0,0.0,0.0,0.0,0.0
1.0,99.0,0.0,0.0,0.0,0.0
12.0,88.0,0.0,0.0,0.0,0.0
5.0,95.0,0.0,0.0,0.0,0.0
2.0,98.0,0.0,0.0,0.0,0.0
1.0,99.0,0.0,0.0,0.0,0.0
16.0,84.0,0.0,0.0,0.0,0.0
8.0,91.0,0.0,1.0,0.0,0.0
1.0,98.0,1.0,0.0,0.0,0.0
18.0,82.0,0.0,0.0,0.0,0.0
1.0,98.0,0.0,1.0,0.0,0.0
7.0,92.0,0.0,1.0,0.0,0.0
3.0,97.0,0.0,0.0,0.0,0.0
1.0,94.0,0.0,5.0,0.0,0.0
1.0,95.0,0.0,4.0,0.0,0.0
1.0,98.0,0.0,1.0,0.0,0.0
2.0,98.0,0.0,0.0,0.0,0.0
6.0,92.0,0.0,2.0,0.0,0.0
11.0,89.0,0.0,0.0,0.0,0.0
3.0,97.0,0.0,0.0,0.0,0.0
6.0,0.0,41.0,2.0,0.0,0.0
1.0,98.0,0.0,1.0,0.0,0.0
1.0,99.0,0.0,0.0,0.0,0.0
5.0,94.0,0.0,1.0,0.0,0.0
4.0,93.0,0.0,3.0,0.0,0.0
2.0,92.0,1.0,5.0,0.0,0.0
5.0,94.0,0.0,1.0,0.0,0.0
1.0,0.0,45.0,2.0,0.0,0.0
3.0,97.0,0.0,0.0,0.0,0.0
6.0,93.0,1.0,0.0,0.0,0.0
3.0,96.0,0.0,1.0,0.0,0.0
1.0,99.0,0.0,0.0,0.0,0.0
1.0,99.0,0.0,0.0,0.0,0.0
2.0,98.0,0.0,0.0,0.0,0.0
2.0,97.0,0.0,1.0,0.0,0.0
1.0,98.0,0.0,1.0,0.0,0.0
1.0,99.0,0.0,0.0,0.0,0.0
4.0,96.0,0.0,0.0,0.0,0.0
5.0,89.0,0.0,6.0,0.0,0.0
1.0,99.0,0.0,0.0,0.0,0.0
4.0,0.0,33.0,5.0,0.0,0.0
1.0,98.0,0.0,1.0,0.0,0.0
13.0,87.0,0.0,0.0,0.0,0.0
3.0,95.0,0.0,2.0,0.0,0.0
3.0,94.0,0.0,3.0,0.0,0.0
1.0,99.0,0.0,0.0,0.0,0.0
4.0,93.0,0.0,3.0,0.0,0.0
5.0,93.0,0.0,2.0,0.0,0.0
1.0,98.0,1.0,0.0,0.0,0.0
10.0,90.0,0.0,0.0,0.0,0.0
1.0,97.0,0.0,2.0,0.0,0.0
5.0,95.0,0.0,0.0,0.0,0.0
2.0,98.0,0.0,0.0,0.0,0.0
13.0,87.0,0.0,0.0,0.0,0.0
1.0,99.0,0.0,0.0,0.0,0.0
1.0,99.0,0.0,0.0,0.0,0.0
2.0,96.0,1.0,1.0,0.0,0.0
1.0,99.0,0.0,0.0,0.0,0.0
4.0,96.0,0.0,0.0,0.0,0.0
2.0,97.0,0.0,1.0,0.0,0.0
26.0,72.0,0.0,2.0,0.0,0.0
1.0,99.0,0.0,0.0,0.0,0.0
1.0,99.0,0.0,0.0,0.0,0.0
10.0,90.0,0.0,0.0,0.0,0.0
1.0,99.0,0.0,0.0,0.0,0.0
3.0,97.0,0.0,0.0,0.0,0.0
1.0,99.0,0.0,0.0,0.0,0.0
5.0,94.0,0.0,1.0,0.0,0.0
14.0,83.0,1.0,2.0,0.0,0.0
2.0,0.0,41.0,1.0,0.0,0.0
1.0,98.0,0.0,1.0,0.0,0.0
12.0,83.0,0.0,5.0,0.0,0.0
1.0,99.0,0.0,0.0,0.0,0.0
1.0,99.0,0.0,0.0,0.0,0.0
2.0,96.0,0.0,2.0,0.0,0.0
1.0,99.0,0.0,0.0,0.0,0.0
3.0,96.0,0.0,1.0,0.0,0.0
1.0,99.0,0.0,0.0,0.0,0.0
18.0,81.0,0.0,1.0,0.0,0.0
8.0,92.0,0.0,0.0,0.0,0.0
9.0,90.0,0.0,1.0,0.0,0.0
7.0,93.0,0.0,0.0,0.0,0.0
2.0,98.0,0.0,0.0,0.0,0.0
4.0,96.0,0.0,0.0,0.0,0.0
19.0,74.0,0.0,7.0,0.0,0.0
2.0,98.0,0.0,0.0,0.0,0.0
12.0,88.0,0.0,0.0,0.0,0.0
4.0,96.0,0.0,0.0,0.0,0.0
1.0,97.0,0.0,2.0,0.0,0.0
2.0,97.0,0.0,1.0,0.0,0.0
2.0,94.0,0.0,4.0,0.0,0.0
1.0,99.0,0.0,0.0,0.0,0.0
1.0,99.0,0.0,0.0,0.0,0.0
18.0,82.0,0.0,0.0,0.0,0.0
1.0,99.0,0.0,0.0,0.0,0.0
1.0,99.0,0.0,0.0,0.0,0.0
6.0,94.0,0.0,0.0,0.0,0.0
4.0,0.0,11.0,3.0,0.0,0.0
1.0,97.0,1.0,1.0,0.0,0.0
1.0,99.0,0.0,0.0,0.0,0.0
1.0,99.0,0.0,0.0,0.0,0.0
2.0,98.0,0.0,0.0,0.0,0.0
1.0,99.0,0.0,0.0,0.0,0.0
1.0,98.0,1.0,0.0,0.0,0.0
9.0,91.0,0.0,0.0,0.0,0.0
3.0,97.0,0.0,0.0,0.0,0.0
1.0,99.0,0.0,0.0,0.0,0.0
4.0,93.0,0.0,3.0,0.0,0.0
22.0,78.0,0.0,0.0,0.0,0.0
1.0,97.0,0.0,2.0,0.0,0.0
6.0,93.0,0.0,1.0,0.0,0.0
2.0,93.0,0.0,5.0,0.0,0.0
4.0,95.0,0.0,1.0,0.0,0.0
3.0,97.0,0.0,0.0,0.0,0.0
1.0,94.0,1.0,4.0,0.0,0.0
1.0,94.0,0.0,5.0,0.0,0.0
1.0,98.0,1.0,0.0,0.0,0.0
6.0,93.0,0.0,1.0,0.0,0.0
1.0,99.0,0.0,0.0,0.0,0.0
5.0,95.0,0.0,0.0,0.0,0.0
2.0,98.0,0.0,0.0,0.0,0.0
1.0,99.0,0.0,0.0,0.0,0.0
2.0,96.0,0.0,2.0,0.0,0.0
1.0,96.0,0.0,3.0,0.0,0.0
1.0,98.0,1.0,0.0,0.0,0.0
20.0,78.0,0.0,2.0,0.0,0.0
39.0,61.0,0.0,0.0,0.0,0.0
1.0,99.0,0.0,0.0,0.0,0.0
1.0,67.0,0.0,3.0,29.0,0.0
1.0,98.0,0.0,1.0,0.0,0.0
4.0,95.0,0.0,1.0,0.0,0.0
6.0,92.0,0.0,2.0,0.0,0.0
1.0,98.0,0.0,1.0,0.0,0.0
1.0,98.0,0.0,1.0,0.0,0.0
8.0,92.0,0.0,0.0,0.0,0.0
1.0,99.0,0.0,0.0,0.0,0.0
10.0,88.0,0.0,2.0,0.0,0.0
1.0,99.0,0.0,0.0,0.0,0.0
1.0,99.0,0.0,0.0,0.0,0.0
2.0,98.0,0.0,0.0,0.0,0.0
1.0,98.0,0.0,1.0,0.0,0.0
16.0,84.0,0.0,0.0,0.0,0.0
3.0,97.0,0.0,0.0,0.0,0.0
1.0,0.0,22.0,1.0,0.0,0.0
1.0,99.0,0.0,0.0,0.0,0.0
1.0,99.0,0.0,0.0,0.0,0.0
1.0,99.0,0.0,0.0,0.0,0.0
1.0,93.0,0.0,6.0,0.0,0.0
1.0,99.0,0.0,0.0,0.0,0.0
5.0,94.0,0.0,1.0,0.0,0.0
1.0,98.0,0.0,1.0,0.0,0.0
2.0,98.0,0.0,0.0,0.0,0.0
1.0,99.0,0.0,0.0,0.0,0.0
2.0,97.0,0.0,1.0,0.0,0.0
6.0,90.0,0.0,4.0,0.0,0.0
1.0,98.0,0.0,1.0,0.0,0.0
2.0,0.0,59.0,3.0,0.0,0.0
14.0,0.0,60.0,1.0,0.0,0.0
2.0,93.0,0.0,5.0,0.0,0.0
1.0,98.0,0.0,1.0,0.0,0.0
2.0,97.0,0.0,1.0,0.0,0.0
28.0,69.0,0.0,3.0,0.0,0.0
29.0,69.0,0.0,2.0,0.0,0.0
1.0,98.0,1.0,0.0,0.0,0.0
3.0,94.0,0.0,3.0,0.0,0.0
1.0,99.0,0.0,0.0,0.0,0.0
1.0,98.0,0.0,1.0,0.0,0.0
6.0,0.0,9.0,2.0,0.0,0.0
1.0,0.0,5.0,1.0,0.0,0.0
1.0,98.0,0.0,1.0,0.0,0.0
1.0,99.0,0.0,0.0,0.0,0.0
1.0,99.0,0.0,0.0,0.0,0.0
33.0,65.0,0.0,2.0,0.0,0.0
1.0,99.0,0.0,0.0,0.0,0.0
1.0,99.0,0.0,0.0,0.0,0.0
10.0,86.0,0.0,4.0,0.0,0.0
2.0,98.0,0.0,0.0,0.0,0.0
2.0,0.0,28.0,3.0,0.0,0.0
2.0,93.0,0.0,5.0,0.0,0.0
6.0,94.0,0.0,0.0,0.0,0.0
1.0,99.0,0.0,0.0,0.0,0.0
13.0,87.0,0.0,0.0,0.0,0.0
1.0,98.0,0.0,1.0,0.0,0.0
3.0,96.0,0.0,1.0,0.0,0.0
2.0,98.0,0.0,0.0,0.0,0.0
1.0,99.0,0.0,0.0,0.0,0.0
1.0,99.0,0.0,0.0,0.0,0.0
4.0,96.0,0.0,0.0,0.0,0.0
1.0,95.0,1.0,3.0,0.0,0.0
1.0,99.0,0.0,0.0,0.0,0.0
1.0,98.0,0.0,1.0,0.0,0.0
1.0,0.0,0.0,0.0,0.0,0.0
22.0,78.0,0.0,0.0,0.0,0.0
1.0,95.0,0.0,4.0,0.0,0.0
5.0,95.0,0.0,0.0,0.0,0.0
1.0,99.0,0.0,0.0,0.0,0.0
1.0,96.0,0.0,3.0,0.0,0.0
3.0,97.0,0.0,0.0,0.0,0.0
1.0,99.0,0.0,0.0,0.0,0.0
11.0,89.0,0.0,0.0,0.0,0.0
4.0,96.0,0.0,0.0,0.0,0.0
4.0,96.0,0.0,0.0,0.0,0.0
2.0,98.0,0.0,0.0,0.0,0.0
3.0,96.0,0.0,1.0,0.0,0.0
1.0,99.0,0.0,0.0,0.0,0.0
3.0,97.0,0.0,0.0,0.0,0.0
1.0,98.0,1.0,0.0,0.0,0.0
1.0,99.0,0.0,0.0,0.0,0.0
4.0,91.0,0.0,5.0,0.0,0.0
2.0,97.0,0.0,1.0,0.0,0.0
1.0,98.0,0.0,1.0,0.0,0.0
1.0,0.0,25.0,1.0,0.0,0.0
1.0,94.0,0.0,5.0,0.0,0.0
7.0,93.0,0.0,0.0,0.0,0.0
10.0,89.0,0.0,1.0,0.0,0.0
1.0,97.0,0.0,2.0,0.0,0.0
14.0,86.0,0.0,0.0,0.0,0.0
7.0,93.0,0.0,0.0,0.0,0.0
1.0,97.0,1.0,1.0,0.0,0.0
2.0,96.0,1.0,1.0,0.0,0.0
5.0,95.0,0.0,0.0,0.0,0.0
1.0,99.0,0.0,0.0,0.0,0.0
3.0,97.0,0.0,0.0,0.0,0.0
23.0,77.0,0.0,0.0,0.0,0.0
16.0,0.0,34.0,2.0,0.0,0.0
1.0,97.0,1.0,1.0,0.0,0.0
7.0,93.0,0.0,0.0,0.0,0.0
10.0,90.0,0.0,0.0,0.0,0.0
1.0,99.0,0.0,0.0,0.0,0.0
7.0,91.0,0.0,2.0,0.0,0.0
19.0,81.0,0.0,0.0,0.0,0.0
2.0,98.0,0.0,0.0,0.0,0.0
1.0,99.0,0.0,0.0,0.0,0.0
11.0,88.0,1.0,0.0,0.0,0.0
6.0,93.0,0.0,1.0,0.0,0.0
9.0,90.0,1.0,0.0,0.0,0.0
3.0,96.0,0.0,1.0,0.0,0.0
7.0,0.0,73.0,4.0,0.0,0.0
11.0,87.0,0.0,2.0,0.0,0.0
16.0,83.0,0.0,1.0,0.0,0.0
47.0,53.0,0.0,0.0,0.0,0.0
1.0,99.0,0.0,0.0,0.0,0.0
1.0,96.0,0.0,3.0,0.0,0.0
5.0,95.0,0.0,0.0,0.0,0.0
1.0,1.0,71.0,0.0,0.0,0.0
23.0,77.0,0.0,0.0,0.0,0.0
2.0,97.0,0.0,1.0,0.0,0.0
34.0,65.0,0.0,1.0,0.0,0.0
1.0,0.0,5.0,3.0,0.0,0.0
1.0,99.0,0.0,0.0,0.0,0.0
7.0,93.0,0.0,0.0,0.0,0.0
2.0,95.0,0.0,3.0,0.0,0.0
2.0,96.0,0.0,2.0,0.0,0.0
11.0,87.0,0.0,2.0,0.0,0.0
16.0,80.0,0.0,4.0,0.0,0.0
1.0,99.0,0.0,0.0,0.0,0.0
1.0,94.0,0.0,5.0,0.0,0.0
1.0,99.0,0.0,0.0,0.0,0.0
1.0,97.0,0.0,2.0,0.0,0.0
27.0,69.0,0.0,4.0,0.0,0.0
5.0,95.0,0.0,0.0,0.0,0.0
3.0,96.0,0.0,1.0,0.0,0.0
6.0,93.0,0.0,1.0,0.0,0.0
1.0,98.0,0.0,1.0,0.0,0.0
1.0,99.0,0.0,0.0,0.0,0.0
3.0,97.0,0.0,0.0,0.0,0.0
1.0,96.0,0.0,3.0,0.0,0.0
11.0,89.0,0.0,0.0,0.0,0.0
1.0,0.0,18.0,3.0,0.0,0.0
1.0,99.0,0.0,0.0,0.0,0.0
1.0,98.0,0.0,1.0,0.0,0.0
2.0,96.0,0.0,2.0,0.0,0.0
15.0,84.0,0.0,1.0,0.0,0.0
6.0,94.0,0.0,0.0,0.0,0.0
1.0,99.0,0.0,0.0,0.0,0.0
1.0,99.0,0.0,0.0,0.0,0.0
1.0,99.0,0.0,0.0,0.0,0.0
26.0,74.0,0.0,0.0,0.0,0.0
1.0,99.0,0.0,0.0,0.0,0.0
4.0,96.0,0.0,0.0,0.0,0.0
1.0,98.0,1.0,0.0,0.0,0.0
1.0,97.0,0.0,2.0,0.0,0.0
1.0,98.0,1.0,0.0,0.0,0.0
8.0,91.0,0.0,1.0,0.0,0.0
2.0,98.0,0.0,0.0,0.0,0.0
15.0,85.0,0.0,0.0,0.0,0.0
8.0,92.0,0.0,0.0,0.0,0.0
2.0,97.0,0.0,1.0,0.0,0.0
1.0,95.0,0.0,4.0,0.0,0.0
1.0,99.0,0.0,0.0,0.0,0.0
14.0,86.0,0.0,0.0,0.0,0.0
7.0,92.0,1.0,0.0,0.0,0.0
1.0,97.0,0.0,2.0,0.0,0.0
1.0,98.0,0.0,1.0,0.0,0.0
2.0,97.0,0.0,1.0,0.0,0.0
4.0,96.0,0.0,0.0,0.0,0.0
29.0,70.0,0.0,1.0,0.0,0.0
1.0,97.0,0.0,2.0,0.0,0.0
25.0,75.0,0.0,0.0,0.0,0.0
2.0,98.0,0.0,0.0,0.0,0.0
1.0,97.0,0.0,2.0,0.0,0.0
1.0,97.0,0.0,2.0,0.0,0.0
33.0,66.0,0.0,1.0,0.0,0.0
6.0,94.0,0.0,0.0,0.0,0.0
2.0,98.0,0.0,0.0,0.0,0.0
11.0,86.0,0.0,3.0,0.0,0.0
2.0,98.0,0.0,0.0,0.0,0.0
12.0,85.0,0.0,3.0,0.0,0.0
5.0,90.0,1.0,4.0,0.0,0.0
15.0,82.0,0.0,3.0,0.0,0.0
1.0,0.0,20.0,2.0,0.0,0.0
5.0,0.0,27.0,7.0,0.0,0.0
19.0,81.0,0.0,0.0,0.0,0.0
1.0,99.0,0.0,0.0,0.0,0.0
3.0,97.0,0.0,0.0,0.0,0.0
9.0,91.0,0.0,0.0,0.0,0.0
21.0,79.0,0.0,0.0,0.0,0.0
14.0,86.0,0.0,0.0,0.0,0.0
1.0,82.0,0.0,1.0,16.0,0.0
3.0,97.0,0.0,0.0,0.0,0.0
3.0,97.0,0.0,0.0,0.0,0.0
9.0,88.0,0.0,3.0,0.0,0.0
2.0,98.0,0.0,0.0,0.0,0.0
2.0,96.0,0.0,2.0,0.0,0.0
1.0,94.0,0.0,5.0,0.0,0.0
1.0,94.0,0.0,5.0,0.0,0.0
22.0,77.0,0.0,1.0,0.0,0.0
1.0,98.0,1.0,0.0,0.0,0.0
5.0,93.0,0.0,2.0,0.0,0.0
2.0,94.0,0.0,4.0,0.0,0.0
1.0,93.0,0.0,6.0,0.0,0.0
1.0,90.0,0.0,9.0,0.0,0.0
6.0,93.0,0.0,1.0,0.0,0.0
34.0,0.0,4.0,4.0,0.0,0.0
1.0,97.0,1.0,1.0,0.0,0.0
12.0,87.0,0.0,1.0,0.0,0.0
14.0,85.0,0.0,1.0,0.0,0.0
1.0,99.0,0.0,0.0,0.0,0.0
1.0,99.0,0.0,0.0,0.0,0.0
2.0,98.0,0.0,0.0,0.0,0.0
1.0,99.0,0.0,0.0,0.0,0.0
3.0,97.0,0.0,0.0,0.0,0.0
15.0,84.0,0.0,1.0,0.0,0.0
4.0,95.0,0.0,1.0,0.0,0.0
1.0,99.0,0.0,0.0,0.0,0.0
1.0,96.0,0.0,3.0,0.0,0.0
1.0,99.0,0.0,0.0,0.0,0.0
1.0,98.0,0.0,1.0,0.0,0.0
3.0,93.0,0.0,4.0,0.0,0.0
2.0,98.0,0.0,0.0,0.0,0.0
1.0,0.0,0.0,0.0,0.0,0.0
3.0,96.0,0.0,1.0,0.0,0.0
1.0,98.0,0.0,1.0,0.0,0.0
1.0,97.0,0.0,2.0,0.0,0.0
3.0,97.0,0.0,0.0,0.0,0.0
2.0,98.0,0.0,0.0,0.0,0.0
2.0,97.0,0.0,1.0,0.0,0.0
4.0,90.0,0.0,6.0,0.0,0.0
2.0,98.0,0.0,0.0,0.0,0.0
2.0,98.0,0.0,0.0,0.0,0.0
9.0,90.0,0.0,1.0,0.0,0.0
2.0,96.0,0.0,2.0,0.0,0.0
2.0,97.0,0.0,1.0,0.0,0.0
1.0,96.0,0.0,3.0,0.0,0.0
2.0,98.0,0.0,0.0,0.0,0.0
1.0,99.0,0.0,0.0,0.0,0.0
80.0,20.0,0.0,0.0,0.0,0.0
6.0,94.0,0.0,0.0,0.0,0.0
13.0,13.0,0.0,2.0,72.0,0.0
3.0,97.0,0.0,0.0,0.0,0.0
14.0,85.0,0.0,1.0,0.0,0.0
1.0,94.0,0.0,5.0,0.0,0.0
1.0,96.0,1.0,2.0,0.0,0.0
13.0,86.0,0.0,1.0,0.0,0.0
1.0,99.0,0.0,0.0,0.0,0.0
1.0,98.0,0.0,1.0,0.0,0.0
1.0,0.0,35.0,1.0,0.0,0.0
30.0,70.0,0.0,0.0,0.0,0.0
1.0,98.0,0.0,1.0,0.0,0.0
26.0,74.0,0.0,0.0,0.0,0.0
16.0,84.0,0.0,0.0,0.0,0.0
3.0,97.0,0.0,0.0,0.0,0.0
1.0,99.0,0.0,0.0,0.0,0.0
19.0,80.0,0.0,1.0,0.0,0.0
6.0,94.0,0.0,0.0,0.0,0.0
15.0,80.0,0.0,5.0,0.0,0.0
2.0,97.0,0.0,1.0,0.0,0.0
11.0,89.0,0.0,0.0,0.0,0.0
1.0,99.0,0.0,0.0,0.0,0.0
2.0,96.0,0.0,2.0,0.0,0.0
27.0,70.0,0.0,3.0,0.0,0.0
35.0,64.0,0.0,1.0,0.0,0.0
6.0,93.0,0.0,1.0,0.0,0.0
3.0,97.0,0.0,0.0,0.0,0.0
1.0,99.0,0.0,0.0,0.0,0.0
1.0,98.0,0.0,1.0,0.0,0.0
6.0,94.0,0.0,0.0,0.0,0.0
6.0,94.0,0.0,0.0,0.0,0.0
8.0,91.0,0.0,1.0,0.0,0.0
14.0,86.0,0.0,0.0,0.0,0.0
1.0,99.0,0.0,0.0,0.0,0.0
3.0,97.0,0.0,0.0,0.0,0.0
48.0,52.0,0.0,0.0,0.0,0.0
1.0,99.0,0.0,0.0,0.0,0.0
1.0,96.0,0.0,3.0,0.0,0.0
2.0,98.0,0.0,0.0,0.0,0.0
1.0,98.0,1.0,0.0,0.0,0.0
23.0,76.0,0.0,1.0,0.0,0.0
26.0,74.0,0.0,0.0,0.0,0.0
1.0,91.0,0.0,8.0,0.0,0.0
1.0,98.0,0.0,1.0,0.0,0.0
2.0,98.0,0.0,0.0,0.0,0.0
42.0,58.0,0.0,0.0,0.0,0.0
1.0,98.0,0.0,1.0,0.0,0.0
2.0,98.0,0.0,0.0,0.0,0.0
14.0,84.0,0.0,2.0,0.0,0.0
3.0,94.0,0.0,3.0,0.0,0.0
1.0,99.0,0.0,0.0,0.0,0.0
2.0,97.0,0.0,1.0,0.0,0.0
1.0,99.0,0.0,0.0,0.0,0.0
14.0,84.0,0.0,2.0,0.0,0.0
7.0,93.0,0.0,0.0,0.0,0.0
1.0,98.0,0.0,1.0,0.0,0.0
18.0,80.0,0.0,2.0,0.0,0.0
1.0,99.0,0.0,0.0,0.0,0.0
1.0,98.0,1.0,0.0,0.0,0.0
3.0,97.0,0.0,0.0,0.0,0.0
8.0,92.0,0.0,0.0,0.0,0.0
7.0,90.0,0.0,3.0,0.0,0.0
1.0,0.0,1.0,0.0,0.0,0.0
6.0,94.0,0.0,0.0,0.0,0.0
1.0,99.0,0.0,0.0,0.0,0.0
1.0,98.0,0.0,1.0,0.0,0.0
8.0,92.0,0.0,0.0,0.0,0.0
1.0,99.0,0.0,0.0,0.0,0.0
2.0,98.0,0.0,0.0,0.0,0.0
10.0,90.0,0.0,0.0,0.0,0.0
1.0,97.0,0.0,2.0,0.0,0.0
3.0,96.0,0.0,1.0,0.0,0.0
4.0,96.0,0.0,0.0,0.0,0.0
1.0,99.0,0.0,0.0,0.0,0.0
1.0,99.0,0.0,0.0,0.0,0.0
1.0,99.0,0.0,0.0,0.0,0.0
8.0,92.0,0.0,0.0,0.0,0.0
8.0,89.0,0.0,3.0,0.0,0.0
19.0,78.0,0.0,3.0,0.0,0.0
1.0,99.0,0.0,0.0,0.0,0.0
2.0,98.0,0.0,0.0,0.0,0.0
12.0,88.0,0.0,0.0,0.0,0.0
1.0,99.0,0.0,0.0,0.0,0.0
4.0,0.0,0.0,0.0,0.0,0.0
10.0,88.0,0.0,2.0,0.0,0.0
8.0,92.0,0.0,0.0,0.0,0.0
1.0,99.0,0.0,0.0,0.0,0.0
1.0,97.0,0.0,2.0,0.0,0.0
2.0,98.0,0.0,0.0,0.0,0.0
17.0,83.0,0.0,0.0,0.0,0.0
3.0,97.0,0.0,0.0,0.0,0.0
1.0,0.0,0.0,0.0,0.0,0.0
2.0,98.0,0.0,0.0,0.0,0.0
1.0,94.0,0.0,5.0,0.0,0.0
8.0,92.0,0.0,0.0,0.0,0.0
2.0,94.0,0.0,4.0,0.0,0.0
1.0,0.0,0.0,0.0,0.0,0.0
10.0,88.0,0.0,2.0,0.0,0.0
17.0,82.0,0.0,1.0,0.0,0.0
2.0,98.0,0.0,0.0,0.0,0.0
12.0,85.0,0.0,3.0,0.0,0.0
3.0,97.0,0.0,0.0,0.0,0.0
1.0,99.0,0.0,0.0,0.0,0.0
49.0,51.0,0.0,0.0,0.0,0.0
5.0,95.0,0.0,0.0,0.0,0.0
2.0,98.0,0.0,0.0,0.0,0.0
1.0,99.0,0.0,0.0,0.0,0.0
15.0,81.0,0.0,4.0,0.0,0.0
27.0,72.0,0.0,1.0,0.0,0.0
14.0,86.0,0.0,0.0,0.0,0.0
1.0,98.0,0.0,1.0,0.0,0.0
15.0,85.0,0.0,0.0,0.0,0.0
1.0,96.0,0.0,3.0,0.0,0.0
4.0,94.0,0.0,2.0,0.0,0.0
1.0,99.0,0.0,0.0,0.0,0.0
1.0,99.0,0.0,0.0,0.0,0.0
4.0,96.0,0.0,0.0,0.0,0.0
15.0,80.0,0.0,5.0,0.0,0.0
4.0,93.0,0.0,3.0,0.0,0.0
6.0,94.0,0.0,0.0,0.0,0.0
1.0,98.0,0.0,1.0,0.0,0.0
9.0,91.0,0.0,0.0,0.0,0.0
1.0,96.0,0.0,3.0,0.0,0.0
3.0,95.0,0.0,2.0,0.0,0.0
1.0,98.0,1.0,0.0,0.0,0.0
1.0,99.0,0.0,0.0,0.0,0.0
4.0,96.0,0.0,0.0,0.0,0.0
1.0,97.0,0.0,2.0,0.0,0.0
2.0,97.0,0.0,1.0,0.0,0.0
5.0,93.0,0.0,2.0,0.0,0.0
5.0,95.0,0.0,0.0,0.0,0.0
26.0,74.0,0.0,0.0,0.0,0.0
13.0,84.0,0.0,3.0,0.0,0.0
8.0,92.0,0.0,0.0,0.0,0.0
1.0,97.0,1.0,1.0,0.0,0.0
1.0,99.0,0.0,0.0,0.0,0.0
2.0,98.0,0.0,0.0,0.0,0.0
9.0,91.0,0.0,0.0,0.0,0.0
2.0,98.0,0.0,0.0,0.0,0.0
31.0,68.0,0.0,1.0,0.0,0.0
1.0,99.0,0.0,0.0,0.0,0.0
20.0,80.0,0.0,0.0,0.0,0.0
1.0,97.0,0.0,2.0,0.0,0.0
1.0,98.0,0.0,1.0,0.0,0.0
1.0,99.0,0.0,0.0,0.0,0.0
1.0,99.0,0.0,0.0,0.0,0.0
2.0,91.0,0.0,7.0,0.0,0.0
1.0,96.0,0.0,3.0,0.0,0.0
1.0,96.0,0.0,3.0,0.0,0.0
2.0,98.0,0.0,0.0,0.0,0.0
1.0,98.0,0.0,1.0,0.0,0.0
11.0,88.0,0.0,1.0,0.0,0.0
46.0,52.0,0.0,2.0,0.0,0.0
50.0,50.0,0.0,0.0,0.0,0.0
43.0,30.0,23.0,4.0,0.0,0.0
1.0,99.0,0.0,0.0,0.0,0.0
1.0,99.0,0.0,0.0,0.0,0.0
1.0,99.0,0.0,0.0,0.0,0.0
12.0,88.0,0.0,0.0,0.0,0.0
4.0,96.0,0.0,0.0,0.0,0.0
1.0,98.0,0.0,1.0,0.0,0.0
1.0,98.0,0.0,1.0,0.0,0.0
1.0,99.0,0.0,0.0,0.0,0.0
1.0,99.0,0.0,0.0,0.0,0.0
37.0,63.0,0.0,0.0,0.0,0.0
21.0,79.0,0.0,0.0,0.0,0.0
18.0,82.0,0.0,0.0,0.0,0.0
11.0,86.0,0.0,3.0,0.0,0.0
6.0,93.0,0.0,1.0,0.0,0.0
14.0,85.0,0.0,1.0,0.0,0.0
1.0,99.0,0.0,0.0,0.0,0.0
14.0,86.0,0.0,0.0,0.0,0.0
2.0,98.0,0.0,0.0,0.0,0.0
1.0,99.0,0.0,0.0,0.0,0.0
8.0,59.0,0.0,1.0,32.0,0.0
20.0,79.0,0.0,1.0,0.0,0.0
1.0,99.0,0.0,0.0,0.0,0.0
31.0,69.0,0.0,0.0,0.0,0.0
1.0,98.0,1.0,0.0,0.0,0.0
16.0,84.0,0.0,0.0,0.0,0.0
36.0,63.0,0.0,1.0,0.0,0.0
25.0,75.0,0.0,0.0,0.0,0.0
1.0,98.0,1.0,0.0,0.0,0.0
29.0,71.0,0.0,0.0,0.0,0.0
19.0,77.0,0.0,4.0,0.0,0.0
16.0,81.0,0.0,3.0,0.0,0.0
3.0,97.0,0.0,0.0,0.0,0.0
1.0,99.0,0.0,0.0,0.0,0.0
1.0,99.0,0.0,0.0,0.0,0.0
1.0,98.0,0.0,1.0,0.0,0.0
76.0,20.0,0.0,4.0,0.0,0.0
14.0,85.0,1.0,0.0,0.0,0.0
37.0,60.0,0.0,3.0,0.0,0.0
14.0,86.0,0.0,0.0,0.0,0.0
5.0,95.0,0.0,0.0,0.0,0.0
17.0,83.0,0.0,0.0,0.0,0.0
15.0,85.0,0.0,0.0,0.0,0.0
16.0,84.0,0.0,0.0,0.0,0.0
15.0,85.0,0.0,0.0,0.0,0.0
2.0,98.0,0.0,0.0,0.0,0.0
15.0,84.0,1.0,0.0,0.0,0.0
7.0,84.0,0.0,9.0,0.0,0.0
1.0,97.0,0.0,2.0,0.0,0.0
16.0,84.0,0.0,0.0,0.0,0.0
2.0,95.0,0.0,3.0,0.0,0.0
7.0,92.0,0.0,1.0,0.0,0.0
46.0,53.0,0.0,1.0,0.0,0.0
13.0,84.0,0.0,3.0,0.0,0.0
1.0,99.0,0.0,0.0,0.0,0.0
1.0,99.0,0.0,0.0,0.0,0.0
2.0,97.0,1.0,0.0,0.0,0.0
2.0,98.0,0.0,0.0,0.0,0.0
1.0,99.0,0.0,0.0,0.0,0.0
3.0,97.0,0.0,0.0,0.0,0.0
1.0,99.0,0.0,0.0,0.0,0.0
5.0,94.0,0.0,1.0,0.0,0.0
3.0,97.0,0.0,0.0,0.0,0.0
8.0,91.0,0.0,1.0,0.0,0.0
2.0,98.0,0.0,0.0,0.0,0.0
18.0,82.0,0.0,0.0,0.0,0.0
18.0,80.0,0.0,2.0,0.0,0.0
3.0,96.0,0.0,1.0,0.0,0.0
2.0,98.0,0.0,0.0,0.0,0.0
2.0,97.0,0.0,1.0,0.0,0.0
1.0,99.0,0.0,0.0,0.0,0.0
3.0,96.0,0.0,1.0,0.0,0.0
13.0,87.0,0.0,0.0,0.0,0.0
4.0,94.0,0.0,2.0,0.0,0.0
1.0,98.0,1.0,0.0,0.0,0.0
49.0,51.0,0.0,0.0,0.0,0.0
2.0,97.0,0.0,1.0,0.0,0.0
13.0,87.0,0.0,0.0,0.0,0.0
14.0,86.0,0.0,0.0,0.0,0.0
20.0,80.0,0.0,0.0,0.0,0.0
1.0,97.0,1.0,1.0,0.0,0.0
8.0,92.0,0.0,0.0,0.0,0.0
29.0,71.0,0.0,0.0,0.0,0.0
9.0,90.0,0.0,1.0,0.0,0.0
1.0,99.0,0.0,0.0,0.0,0.0
2.0,97.0,0.0,1.0,0.0,0.0
1.0,99.0,0.0,0.0,0.0,0.0
2.0,98.0,0.0,0.0,0.0,0.0
1.0,99.0,0.0,0.0,0.0,0.0
1.0,99.0,0.0,0.0,0.0,0.0
2.0,98.0,0.0,0.0,0.0,0.0
1.0,98.0,0.0,1.0,0.0,0.0
27.0,73.0,0.0,0.0,0.0,0.0
48.0,52.0,0.0,0.0,0.0,0.0
17.0,82.0,0.0,1.0,0.0,0.0
15.0,85.0,0.0,0.0,0.0,0.0
1.0,0.0,9.0,1.0,0.0,0.0
4.0,95.0,0.0,1.0,0.0,0.0
52.0,11.0,0.0,2.0,35.0,0.0
1.0,99.0,0.0,0.0,0.0,0.0
2.0,98.0,0.0,0.0,0.0,0.0
1.0,98.0,0.0,1.0,0.0,0.0
3.0,97.0,0.0,0.0,0.0,0.0
26.0,73.0,0.0,1.0,0.0,0.0
8.0,92.0,0.0,0.0,0.0,0.0
2.0,0.0,97.0,1.0,0.0,0.0
7.0,93.0,0.0,0.0,0.0,0.0
1.0,97.0,0.0,2.0,0.0,0.0
1.0,98.0,0.0,1.0,0.0,0.0
21.0,78.0,0.0,1.0,0.0,0.0
1.0,99.0,0.0,0.0,0.0,0.0
18.0,82.0,0.0,0.0,0.0,0.0
6.0,89.0,0.0,5.0,0.0,0.0
3.0,97.0,0.0,0.0,0.0,0.0
1.0,95.0,0.0,4.0,0.0,0.0
20.0,0.0,15.0,3.0,0.0,0.0
2.0,98.0,0.0,0.0,0.0,0.0
19.0,80.0,0.0,1.0,0.0,0.0
57.0,43.0,0.0,0.0,0.0,0.0
4.0,92.0,0.0,4.0,0.0,0.0
1.0,99.0,0.0,0.0,0.0,0.0
30.0,69.0,0.0,1.0,0.0,0.0
1.0,99.0,0.0,0.0,0.0,0.0
8.0,92.0,0.0,0.0,0.0,0.0
7.0,93.0,0.0,0.0,0.0,0.0
14.0,86.0,0.0,0.0,0.0,0.0
1.0,96.0,0.0,3.0,0.0,0.0
1.0,99.0,0.0,0.0,0.0,0.0
1.0,97.0,0.0,2.0,0.0,0.0
2.0,97.0,0.0,1.0,0.0,0.0
33.0,67.0,0.0,0.0,0.0,0.0
2.0,98.0,0.0,0.0,0.0,0.0
2.0,98.0,0.0,0.0,0.0,0.0
3.0,95.0,0.0,2.0,0.0,0.0
1.0,97.0,0.0,2.0,0.0,0.0
36.0,64.0,0.0,0.0,0.0,0.0
1.0,98.0,0.0,1.0,0.0,0.0
5.0,94.0,0.0,1.0,0.0,0.0
2.0,92.0,0.0,5.0,1.0,0.0
10.0,89.0,0.0,1.0,0.0,0.0
51.0,49.0,0.0,0.0,0.0,0.0
14.0,84.0,0.0,2.0,0.0,0.0
12.0,88.0,0.0,0.0,0.0,0.0
3.0,97.0,0.0,0.0,0.0,0.0
1.0,99.0,0.0,0.0,0.0,0.0
8.0,90.0,0.0,2.0,0.0,0.0
59.0,41.0,0.0,0.0,0.0,0.0
1.0,95.0,0.0,4.0,0.0,0.0
14.0,86.0,0.0,0.0,0.0,0.0
4.0,95.0,0.0,1.0,0.0,0.0
2.0,95.0,0.0,3.0,0.0,0.0
1.0,99.0,0.0,0.0,0.0,0.0
21.0,77.0,0.0,2.0,0.0,0.0
2.0,98.0,0.0,0.0,0.0,0.0
11.0,89.0,0.0,0.0,0.0,0.0
9.0,89.0,0.0,2.0,0.0,0.0
52.0,47.0,0.0,1.0,0.0,0.0
53.0,47.0,0.0,0.0,0.0,0.0
17.0,82.0,0.0,1.0,0.0,0.0
17.0,76.0,0.0,7.0,0.0,0.0
2.0,98.0,0.0,0.0,0.0,0.0
17.0,83.0,0.0,0.0,0.0,0.0
6.0,92.0,0.0,2.0,0.0,0.0
16.0,84.0,0.0,0.0,0.0,0.0
21.0,79.0,0.0,0.0,0.0,0.0
2.0,98.0,0.0,0.0,0.0,0.0
7.0,89.0,0.0,4.0,0.0,0.0
4.0,94.0,0.0,2.0,0.0,0.0
30.0,70.0,0.0,0.0,0.0,0.0
1.0,98.0,0.0,1.0,0.0,0.0
1.0,99.0,0.0,0.0,0.0,0.0
22.0,78.0,0.0,0.0,0.0,0.0
10.0,90.0,0.0,0.0,0.0,0.0
1.0,89.0,0.0,10.0,0.0,0.0
22.0,78.0,0.0,0.0,0.0,0.0
5.0,94.0,0.0,1.0,0.0,0.0
18.0,82.0,0.0,0.0,0.0,0.0
8.0,92.0,0.0,0.0,0.0,0.0
4.0,95.0,0.0,1.0,0.0,0.0
9.0,89.0,0.0,2.0,0.0,0.0
11.0,89.0,0.0,0.0,0.0,0.0
21.0,79.0,0.0,0.0,0.0,0.0
1.0,99.0,0.0,0.0,0.0,0.0
6.0,92.0,0.0,2.0,0.0,0.0
15.0,85.0,0.0,0.0,0.0,0.0
3.0,95.0,1.0,1.0,0.0,0.0
9.0,89.0,0.0,2.0,0.0,0.0
2.0,98.0,0.0,0.0,0.0,0.0
1.0,99.0,0.0,0.0,0.0,0.0
1.0,99.0,0.0,0.0,0.0,0.0
1.0,95.0,0.0,4.0,0.0,0.0
23.0,77.0,0.0,0.0,0.0,0.0
6.0,94.0,0.0,0.0,0.0,0.0
23.0,77.0,0.0,0.0,0.0,0.0
8.0,92.0,0.0,0.0,0.0,0.0
3.0,97.0,0.0,0.0,0.0,0.0
1.0,98.0,0.0,1.0,0.0,0.0
7.0,93.0,0.0,0.0,0.0,0.0
2.0,98.0,0.0,0.0,0.0,0.0
5.0,94.0,0.0,1.0,0.0,0.0
5.0,95.0,0.0,0.0,0.0,0.0
12.0,87.0,0.0,1.0,0.0,0.0
24.0,75.0,0.0,1.0,0.0,0.0
5.0,57.0,0.0,2.0,36.0,0.0
2.0,96.0,0.0,2.0,0.0,0.0
3.0,96.0,0.0,1.0,0.0,0.0
20.0,80.0,0.0,0.0,0.0,0.0
4.0,92.0,0.0,4.0,0.0,0.0
1.0,99.0,0.0,0.0,0.0,0.0
2.0,98.0,0.0,0.0,0.0,0.0
1.0,94.0,0.0,5.0,0.0,0.0
6.0,93.0,0.0,1.0,0.0,0.0
2.0,98.0,0.0,0.0,0.0,0.0
1.0,99.0,0.0,0.0,0.0,0.0
3.0,95.0,0.0,2.0,0.0,0.0
3.0,97.0,0.0,0.0,0.0,0.0
22.0,76.0,0.0,2.0,0.0,0.0
12.0,84.0,0.0,4.0,0.0,0.0
19.0,81.0,0.0,0.0,0.0,0.0
11.0,89.0,0.0,0.0,0.0,0.0
2.0,98.0,0.0,0.0,0.0,0.0
23.0,77.0,0.0,0.0,0.0,0.0
2.0,95.0,0.0,3.0,0.0,0.0
6.0,94.0,0.0,0.0,0.0,0.0
22.0,76.0,0.0,2.0,0.0,0.0
1.0,97.0,0.0,2.0,0.0,0.0
4.0,94.0,0.0,2.0,0.0,0.0
10.0,90.0,0.0,0.0,0.0,0.0
1.0,99.0,0.0,0.0,0.0,0.0
16.0,84.0,0.0,0.0,0.0,0.0
1.0,99.0,0.0,0.0,0.0,0.0
1.0,97.0,1.0,1.0,0.0,0.0
4.0,96.0,0.0,0.0,0.0,0.0
19.0,78.0,0.0,3.0,0.0,0.0
14.0,86.0,0.0,0.0,0.0,0.0
13.0,85.0,0.0,2.0,0.0,0.0
1.0,99.0,0.0,0.0,0.0,0.0
1.0,97.0,0.0,2.0,0.0,0.0
61.0,38.0,0.0,1.0,0.0,0.0
13.0,83.0,0.0,4.0,0.0,0.0
17.0,82.0,0.0,1.0,0.0,0.0
9.0,91.0,0.0,0.0,0.0,0.0
8.0,92.0,0.0,0.0,0.0,0.0
2.0,98.0,0.0,0.0,0.0,0.0
8.0,85.0,0.0,7.0,0.0,0.0
1.0,99.0,0.0,0.0,0.0,0.0
1.0,99.0,0.0,0.0,0.0,0.0
31.0,68.0,0.0,1.0,0.0,0.0
14.0,85.0,0.0,1.0,0.0,0.0
38.0,60.0,0.0,2.0,0.0,0.0
1.0,99.0,0.0,0.0,0.0,0.0
18.0,82.0,0.0,0.0,0.0,0.0
1.0,98.0,0.0,1.0,0.0,0.0
2.0,98.0,0.0,0.0,0.0,0.0
22.0,77.0,0.0,1.0,0.0,0.0
17.0,83.0,0.0,0.0,0.0,0.0
20.0,80.0,0.0,0.0,0.0,0.0
1.0,21.0,0.0,4.0,74.0,0.0
1.0,98.0,0.0,1.0,0.0,0.0
1.0,99.0,0.0,0.0,0.0,0.0
1.0,99.0,0.0,0.0,0.0,0.0
10.0,89.0,0.0,1.0,0.0,0.0
29.0,70.0,0.0,1.0,0.0,0.0
65.0,35.0,0.0,0.0,0.0,0.0
16.0,82.0,0.0,2.0,0.0,0.0
10.0,90.0,0.0,0.0,0.0,0.0
19.0,0.0,80.0,1.0,0.0,0.0
1.0,97.0,0.0,2.0,0.0,0.0
2.0,98.0,0.0,0.0,0.0,0.0
4.0,89.0,0.0,7.0,0.0,0.0
7.0,93.0,0.0,0.0,0.0,0.0
12.0,87.0,1.0,0.0,0.0,0.0
24.0,75.0,0.0,1.0,0.0,0.0
1.0,96.0,0.0,3.0,0.0,0.0
1.0,99.0,0.0,0.0,0.0,0.0
2.0,98.0,0.0,0.0,0.0,0.0
26.0,74.0,0.0,0.0,0.0,0.0
1.0,98.0,0.0,1.0,0.0,0.0
26.0,73.0,0.0,1.0,0.0,0.0
1.0,98.0,0.0,1.0,0.0,0.0
2.0,93.0,0.0,5.0,0.0,0.0
7.0,93.0,0.0,0.0,0.0,0.0
16.0,81.0,0.0,3.0,0.0,0.0
2.0,92.0,0.0,6.0,0.0,0.0
2.0,95.0,0.0,3.0,0.0,0.0
2.0,84.0,0.0,1.0,13.0,0.0
1.0,99.0,0.0,0.0,0.0,0.0
10.0,90.0,0.0,0.0,0.0,0.0
28.0,72.0,0.0,0.0,0.0,0.0
1.0,99.0,0.0,0.0,0.0,0.0
45.0,55.0,0.0,0.0,0.0,0.0
18.0,81.0,0.0,1.0,0.0,0.0
3.0,96.0,0.0,1.0,0.0,0.0
1.0,98.0,0.0,1.0,0.0,0.0
29.0,71.0,0.0,0.0,0.0,0.0
16.0,82.0,0.0,2.0,0.0,0.0
55.0,40.0,0.0,5.0,0.0,0.0
32.0,68.0,0.0,0.0,0.0,0.0
13.0,87.0,0.0,0.0,0.0,0.0
23.0,77.0,0.0,0.0,0.0,0.0
73.0,24.0,0.0,3.0,0.0,0.0
12.0,88.0,0.0,0.0,0.0,0.0
2.0,96.0,0.0,2.0,0.0,0.0
44.0,54.0,0.0,2.0,0.0,0.0
6.0,94.0,0.0,0.0,0.0,0.0
8.0,91.0,0.0,1.0,0.0,0.0
1.0,98.0,1.0,0.0,0.0,0.0
38.0,62.0,0.0,0.0,0.0,0.0
38.0,62.0,0.0,0.0,0.0,0.0
1.0,99.0,0.0,0.0,0.0,0.0
2.0,98.0,0.0,0.0,0.0,0.0
6.0,91.0,0.0,3.0,0.0,0.0
9.0,91.0,0.0,0.0,0.0,0.0
1.0,98.0,0.0,1.0,0.0,0.0
16.0,84.0,0.0,0.0,0.0,0.0
2.0,95.0,0.0,3.0,0.0,0.0
1.0,98.0,0.0,1.0,0.0,0.0
24.0,76.0,0.0,0.0,0.0,0.0
33.0,67.0,0.0,0.0,0.0,0.0
1.0,98.0,0.0,1.0,0.0,0.0
29.0,71.0,0.0,0.0,0.0,0.0
38.0,62.0,0.0,0.0,0.0,0.0
10.0,90.0,0.0,0.0,0.0,0.0
60.0,35.0,0.0,5.0,0.0,0.0
5.0,91.0,0.0,4.0,0.0,0.0
92.0,5.0,0.0,3.0,0.0,0.0
11.0,89.0,0.0,0.0,0.0,0.0
1.0,99.0,0.0,0.0,0.0,0.0
15.0,84.0,0.0,1.0,0.0,0.0
1.0,99.0,0.0,0.0,0.0,0.0
1.0,99.0,0.0,0.0,0.0,0.0
10.0,90.0,0.0,0.0,0.0,0.0
5.0,95.0,0.0,0.0,0.0,0.0
29.0,71.0,0.0,0.0,0.0,0.0
2.0,97.0,1.0,0.0,0.0,0.0
6.0,93.0,0.0,1.0,0.0,0.0
17.0,82.0,0.0,1.0,0.0,0.0
6.0,94.0,0.0,0.0,0.0,0.0
33.0,65.0,0.0,2.0,0.0,0.0
2.0,96.0,0.0,2.0,0.0,0.0
28.0,72.0,0.0,0.0,0.0,0.0
9.0,91.0,0.0,0.0,0.0,0.0
9.0,91.0,0.0,0.0,0.0,0.0
12.0,0.0,3.0,4.0,0.0,0.0
27.0,72.0,0.0,1.0,0.0,0.0
9.0,89.0,0.0,2.0,0.0,0.0
16.0,75.0,0.0,9.0,0.0,0.0
1.0,98.0,0.0,1.0,0.0,0.0
4.0,94.0,0.0,2.0,0.0,0.0
1.0,99.0,0.0,0.0,0.0,0.0
3.0,96.0,0.0,1.0,0.0,0.0
16.0,84.0,0.0,0.0,0.0,0.0
10.0,89.0,0.0,1.0,0.0,0.0
1.0,99.0,0.0,0.0,0.0,0.0
9.0,91.0,0.0,0.0,0.0,0.0
2.0,96.0,0.0,2.0,0.0,0.0
38.0,59.0,0.0,3.0,0.0,0.0
15.0,82.0,0.0,3.0,0.0,0.0
1.0,97.0,0.0,2.0,0.0,0.0
1.0,98.0,0.0,1.0,0.0,0.0
1.0,99.0,0.0,0.0,0.0,0.0
7.0,91.0,0.0,2.0,0.0,0.0
11.0,86.0,0.0,3.0,0.0,0.0
1.0,99.0,0.0,0.0,0.0,0.0
1.0,97.0,1.0,1.0,0.0,0.0
30.0,70.0,0.0,0.0,0.0,0.0
53.0,45.0,0.0,2.0,0.0,0.0
2.0,98.0,0.0,0.0,0.0,0.0
1.0,96.0,1.0,2.0,0.0,0.0
25.0,72.0,0.0,3.0,0.0,0.0
7.0,92.0,0.0,1.0,0.0,0.0
1.0,98.0,0.0,1.0,0.0,0.0
1.0,0.0,20.0,1.0,0.0,0.0
1.0,96.0,0.0,3.0,0.0,0.0
6.0,94.0,0.0,0.0,0.0,0.0
6.0,92.0,0.0,2.0,0.0,0.0
17.0,83.0,0.0,0.0,0.0,0.0
13.0,86.0,0.0,1.0,0.0,0.0
14.0,86.0,0.0,0.0,0.0,0.0
4.0,96.0,0.0,0.0,0.0,0.0
2.0,98.0,0.0,0.0,0.0,0.0
6.0,94.0,0.0,0.0,0.0,0.0
1.0,99.0,0.0,0.0,0.0,0.0
1.0,99.0,0.0,0.0,0.0,0.0
1.0,99.0,0.0,0.0,0.0,0.0
23.0,75.0,0.0,2.0,0.0,0.0
3.0,96.0,0.0,1.0,0.0,0.0
14.0,86.0,0.0,0.0,0.0,0.0
1.0,99.0,0.0,0.0,0.0,0.0
10.0,90.0,0.0,0.0,0.0,0.0
31.0,67.0,0.0,2.0,0.0,0.0
5.0,94.0,0.0,1.0,0.0,0.0
32.0,67.0,0.0,1.0,0.0,0.0
14.0,83.0,0.0,3.0,0.0,0.0
9.0,91.0,0.0,0.0,0.0,0.0
7.0,93.0,0.0,0.0,0.0,0.0
51.0,49.0,0.0,0.0,0.0,0.0
1.0,95.0,0.0,4.0,0.0,0.0
11.0,88.0,0.0,1.0,0.0,0.0
17.0,83.0,0.0,0.0,0.0,0.0
23.0,74.0,0.0,3.0,0.0,0.0
30.0,70.0,0.0,0.0,0.0,0.0
17.0,79.0,0.0,4.0,0.0,0.0
22.0,77.0,0.0,1.0,0.0,0.0
1.0,98.0,0.0,1.0,0.0,0.0
38.0,62.0,0.0,0.0,0.0,0.0
9.0,89.0,0.0,2.0,0.0,0.0
15.0,0.0,21.0,1.0,0.0,0.0
1.0,95.0,0.0,4.0,0.0,0.0
6.0,93.0,0.0,1.0,0.0,0.0
34.0,66.0,0.0,0.0,0.0,0.0
7.0,91.0,1.0,1.0,0.0,0.0
1.0,98.0,1.0,0.0,0.0,0.0
1.0,97.0,0.0,2.0,0.0,0.0
34.0,66.0,0.0,0.0,0.0,0.0
26.0,74.0,0.0,0.0,0.0,0.0
1.0,99.0,0.0,0.0,0.0,0.0
1.0,98.0,1.0,0.0,0.0,0.0
52.0,46.0,0.0,2.0,0.0,0.0
2.0,97.0,0.0,1.0,0.0,0.0
1.0,98.0,0.0,1.0,0.0,0.0
2.0,98.0,0.0,0.0,0.0,0.0
18.0,81.0,0.0,1.0,0.0,0.0
1.0,95.0,0.0,4.0,0.0,0.0
1.0,99.0,0.0,0.0,0.0,0.0
2.0,98.0,0.0,0.0,0.0,0.0
20.0,80.0,0.0,0.0,0.0,0.0
1.0,99.0,0.0,0.0,0.0,0.0
3.0,97.0,0.0,0.0,0.0,0.0
21.0,76.0,0.0,3.0,0.0,0.0
11.0,89.0,0.0,0.0,0.0,0.0
42.0,58.0,0.0,0.0,0.0,0.0
2.0,98.0,0.0,0.0,0.0,0.0
3.0,97.0,0.0,0.0,0.0,0.0
86.0,14.0,0.0,0.0,0.0,0.0
27.0,71.0,0.0,2.0,0.0,0.0
16.0,84.0,0.0,0.0,0.0,0.0
1.0,97.0,1.0,1.0,0.0,0.0
2.0,98.0,0.0,0.0,0.0,0.0
1.0,99.0,0.0,0.0,0.0,0.0
54.0,46.0,0.0,0.0,0.0,0.0
6.0,94.0,0.0,0.0,0.0,0.0
29.0,71.0,0.0,0.0,0.0,0.0
28.0,72.0,0.0,0.0,0.0,0.0
2.0,97.0,0.0,1.0,0.0,0.0
68.0,29.0,0.0,3.0,0.0,0.0
46.0,54.0,0.0,0.0,0.0,0.0
15.0,85.0,0.0,0.0,0.0,0.0
1.0,99.0,0.0,0.0,0.0,0.0
1.0,98.0,0.0,1.0,0.0,0.0
20.0,80.0,0.0,0.0,0.0,0.0
1.0,97.0,0.0,2.0,0.0,0.0
25.0,74.0,1.0,0.0,0.0,0.0
10.0,86.0,0.0,4.0,0.0,0.0
8.0,90.0,0.0,2.0,0.0,0.0
2.0,97.0,0.0,1.0,0.0,0.0
3.0,97.0,0.0,0.0,0.0,0.0
1.0,99.0,0.0,0.0,0.0,0.0
16.0,84.0,0.0,0.0,0.0,0.0
2.0,97.0,0.0,1.0,0.0,0.0
40.0,58.0,0.0,2.0,0.0,0.0
40.0,60.0,0.0,0.0,0.0,0.0
8.0,90.0,0.0,2.0,0.0,0.0
2.0,95.0,0.0,3.0,0.0,0.0
15.0,84.0,0.0,1.0,0.0,0.0
2.0,0.0,28.0,6.0,0.0,0.0
19.0,77.0,0.0,4.0,0.0,0.0
36.0,5.0,0.0,3.0,56.0,0.0
49.0,50.0,0.0,1.0,0.0,0.0
13.0,84.0,1.0,2.0,0.0,0.0
13.0,87.0,0.0,0.0,0.0,0.0
24.0,76.0,0.0,0.0,0.0,0.0
2.0,97.0,0.0,1.0,0.0,0.0
14.0,86.0,0.0,0.0,0.0,0.0
1.0,98.0,0.0,1.0,0.0,0.0
49.0,51.0,0.0,0.0,0.0,0.0
3.0,97.0,0.0,0.0,0.0,0.0
6.0,94.0,0.0,0.0,0.0,0.0
93.0,5.0,0.0,2.0,0.0,0.0
16.0,84.0,0.0,0.0,0.0,0.0
10.0,89.0,0.0,1.0,0.0,0.0
73.0,26.0,0.0,1.0,0.0,0.0
22.0,78.0,0.0,0.0,0.0,0.0
29.0,71.0,0.0,0.0,0.0,0.0
43.0,56.0,0.0,1.0,0.0,0.0
1.0,97.0,0.0,2.0,0.0,0.0
21.0,79.0,0.0,0.0,0.0,0.0
1.0,99.0,0.0,0.0,0.0,0.0
1.0,97.0,0.0,2.0,0.0,0.0
7.0,93.0,0.0,0.0,0.0,0.0
20.0,78.0,0.0,2.0,0.0,0.0
23.0,77.0,0.0,0.0,0.0,0.0
14.0,86.0,0.0,0.0,0.0,0.0
5.0,95.0,0.0,0.0,0.0,0.0
3.0,94.0,0.0,3.0,0.0,0.0
11.0,86.0,0.0,3.0,0.0,0.0
1.0,99.0,0.0,0.0,0.0,0.0
1.0,98.0,0.0,1.0,0.0,0.0
1.0,98.0,0.0,1.0,0.0,0.0
10.0,90.0,0.0,0.0,0.0,0.0
35.0,65.0,0.0,0.0,0.0,0.0
2.0,96.0,0.0,2.0,0.0,0.0
65.0,35.0,0.0,0.0,0.0,0.0
38.0,62.0,0.0,0.0,0.0,0.0
5.0,95.0,0.0,0.0,0.0,0.0
18.0,82.0,0.0,0.0,0.0,0.0
1.0,99.0,0.0,0.0,0.0,0.0
1.0,99.0,0.0,0.0,0.0,0.0
2.0,98.0,0.0,0.0,0.0,0.0
3.0,97.0,0.0,0.0,0.0,0.0
4.0,96.0,0.0,0.0,0.0,0.0
1.0,99.0,0.0,0.0,0.0,0.0
42.0,57.0,0.0,1.0,0.0,0.0
3.0,97.0,0.0,0.0,0.0,0.0
12.0,88.0,0.0,0.0,0.0,0.0
71.0,29.0,0.0,0.0,0.0,0.0
1.0,87.0,0.0,12.0,0.0,0.0
9.0,91.0,0.0,0.0,0.0,0.0
56.0,43.0,0.0,1.0,0.0,0.0
22.0,78.0,0.0,0.0,0.0,0.0
14.0,86.0,0.0,0.0,0.0,0.0
6.0,94.0,0.0,0.0,0.0,0.0
1.0,99.0,0.0,0.0,0.0,0.0
100.0,0.0,0.0,0.0,0.0,0.0
1.0,98.0,0.0,1.0,0.0,0.0
10.0,90.0,0.0,0.0,0.0,0.0
22.0,75.0,0.0,3.0,0.0,0.0
67.0,33.0,0.0,0.0,0.0,0.0
65.0,33.0,0.0,2.0,0.0,0.0
1.0,98.0,0.0,1.0,0.0,0.0
35.0,65.0,0.0,0.0,0.0,0.0
1.0,99.0,0.0,0.0,0.0,0.0
1.0,96.0,0.0,3.0,0.0,0.0
36.0,63.0,0.0,1.0,0.0,0.0
100.0,0.0,0.0,0.0,0.0,0.0
97.0,2.0,0.0,1.0,0.0,0.0
77.0,18.0,0.0,5.0,0.0,0.0
23.0,77.0,0.0,0.0,0.0,0.0
1.0,92.0,0.0,7.0,0.0,0.0
28.0,72.0,0.0,0.0,0.0,0.0
2.0,98.0,0.0,0.0,0.0,0.0
14.0,86.0,0.0,0.0,0.0,0.0
39.0,60.0,0.0,1.0,0.0,0.0
1.0,0.0,39.0,1.0,0.0,0.0
17.0,82.0,0.0,1.0,0.0,0.0
1.0,93.0,0.0,6.0,0.0,0.0
94.0,5.0,0.0,1.0,0.0,0.0
27.0,70.0,0.0,3.0,0.0,0.0
1.0,99.0,0.0,0.0,0.0,0.0
12.0,88.0,0.0,0.0,0.0,0.0
1.0,99.0,0.0,0.0,0.0,0.0
21.0,75.0,0.0,4.0,0.0,0.0
5.0,49.0,0.0,2.0,44.0,0.0
4.0,93.0,0.0,3.0,0.0,0.0
49.0,51.0,0.0,0.0,0.0,0.0
26.0,74.0,0.0,0.0,0.0,0.0
19.0,81.0,0.0,0.0,0.0,0.0
1.0,99.0,0.0,0.0,0.0,0.0
42.0,58.0,0.0,0.0,0.0,0.0
1.0,99.0,0.0,0.0,0.0,0.0
15.0,78.0,0.0,7.0,0.0,0.0
54.0,45.0,0.0,1.0,0.0,0.0
36.0,63.0,0.0,1.0,0.0,0.0
41.0,59.0,0.0,0.0,0.0,0.0
9.0,91.0,0.0,0.0,0.0,0.0
1.0,99.0,0.0,0.0,0.0,0.0
1.0,0.0,3.0,1.0,0.0,0.0
6.0,94.0,0.0,0.0,0.0,0.0
2.0,98.0,0.0,0.0,0.0,0.0
21.0,79.0,0.0,0.0,0.0,0.0
32.0,68.0,0.0,0.0,0.0,0.0
1.0,98.0,0.0,1.0,0.0,0.0
4.0,96.0,0.0,0.0,0.0,0.0
1.0,99.0,0.0,0.0,0.0,0.0
24.0,73.0,0.0,3.0,0.0,0.0
29.0,71.0,0.0,0.0,0.0,0.0
7.0,93.0,0.0,0.0,0.0,0.0
45.0,55.0,0.0,0.0,0.0,0.0
8.0,92.0,0.0,0.0,0.0,0.0
24.0,70.0,0.0,6.0,0.0,0.0
21.0,79.0,0.0,0.0,0.0,0.0
99.0,1.0,0.0,0.0,0.0,0.0
2.0,91.0,1.0,6.0,0.0,0.0
1.0,96.0,0.0,3.0,0.0,0.0
1.0,98.0,0.0,1.0,0.0,0.0
40.0,58.0,0.0,2.0,0.0,0.0
5.0,93.0,0.0,2.0,0.0,0.0
100.0,0.0,0.0,0.0,0.0,0.0
1.0,99.0,0.0,0.0,0.0,0.0
1.0,96.0,0.0,3.0,0.0,0.0
28.0,70.0,0.0,2.0,0.0,0.0
9.0,90.0,0.0,1.0,0.0,0.0
8.0,88.0,0.0,4.0,0.0,0.0
1.0,99.0,0.0,0.0,0.0,0.0
34.0,66.0,0.0,0.0,0.0,0.0
1.0,99.0,0.0,0.0,0.0,0.0
45.0,54.0,0.0,1.0,0.0,0.0
27.0,73.0,0.0,0.0,0.0,0.0
25.0,72.0,0.0,3.0,0.0,0.0
9.0,91.0,0.0,0.0,0.0,0.0
10.0,89.0,0.0,1.0,0.0,0.0
1.0,99.0,0.0,0.0,0.0,0.0
35.0,65.0,0.0,0.0,0.0,0.0
28.0,70.0,0.0,2.0,0.0,0.0
100.0,0.0,0.0,0.0,0.0,0.0
25.0,71.0,0.0,4.0,0.0,0.0
1.0,99.0,0.0,0.0,0.0,0.0
1.0,98.0,0.0,1.0,0.0,0.0
9.0,89.0,0.0,2.0,0.0,0.0
24.0,76.0,0.0,0.0,0.0,0.0
45.0,55.0,0.0,0.0,0.0,0.0
1.0,99.0,0.0,0.0,0.0,0.0
5.0,95.0,0.0,0.0,0.0,0.0
1.0,97.0,0.0,2.0,0.0,0.0
3.0,96.0,0.0,1.0,0.0,0.0
8.0,92.0,0.0,0.0,0.0,0.0
1.0,95.0,0.0,4.0,0.0,0.0
70.0,27.0,0.0,3.0,0.0,0.0
8.0,92.0,0.0,0.0,0.0,0.0
56.0,44.0,0.0,0.0,0.0,0.0
1.0,99.0,0.0,0.0,0.0,0.0
18.0,82.0,0.0,0.0,0.0,0.0
8.0,0.0,21.0,3.0,0.0,0.0
1.0,98.0,1.0,0.0,0.0,0.0
1.0,96.0,0.0,3.0,0.0,0.0
50.0,42.0,0.0,8.0,0.0,0.0
14.0,86.0,0.0,0.0,0.0,0.0
28.0,71.0,0.0,1.0,0.0,0.0
35.0,64.0,0.0,1.0,0.0,0.0
28.0,72.0,0.0,0.0,0.0,0.0
4.0,96.0,0.0,0.0,0.0,0.0
1.0,98.0,0.0,1.0,0.0,0.0
12.0,86.0,0.0,2.0,0.0,0.0
1.0,98.0,0.0,1.0,0.0,0.0
21.0,73.0,0.0,6.0,0.0,0.0
2.0,97.0,0.0,1.0,0.0,0.0
1.0,99.0,0.0,0.0,0.0,0.0
21.0,23.0,0.0,7.0,49.0,0.0
62.0,36.0,0.0,2.0,0.0,0.0
28.0,71.0,0.0,1.0,0.0,0.0
2.0,95.0,0.0,3.0,0.0,0.0
62.0,37.0,0.0,1.0,0.0,0.0
33.0,67.0,0.0,0.0,0.0,0.0
52.0,45.0,0.0,3.0,0.0,0.0
1.0,98.0,0.0,1.0,0.0,0.0
1.0,99.0,0.0,0.0,0.0,0.0
1.0,96.0,1.0,2.0,0.0,0.0
58.0,41.0,0.0,1.0,0.0,0.0
9.0,91.0,0.0,0.0,0.0,0.0
100.0,0.0,0.0,0.0,0.0,0.0
1.0,95.0,0.0,4.0,0.0,0.0
7.0,93.0,0.0,0.0,0.0,0.0
69.0,30.0,0.0,1.0,0.0,0.0
42.0,53.0,0.0,5.0,0.0,0.0
37.0,63.0,0.0,0.0,0.0,0.0
1.0,99.0,0.0,0.0,0.0,0.0
27.0,70.0,0.0,3.0,0.0,0.0
25.0,75.0,0.0,0.0,0.0,0.0
1.0,99.0,0.0,0.0,0.0,0.0
4.0,94.0,0.0,2.0,0.0,0.0
1.0,94.0,0.0,2.0,3.0,0.0
1.0,98.0,0.0,1.0,0.0,0.0
14.0,86.0,0.0,0.0,0.0,0.0
12.0,88.0,0.0,0.0,0.0,0.0
2.0,98.0,0.0,0.0,0.0,0.0
56.0,43.0,0.0,1.0,0.0,0.0
7.0,92.0,0.0,1.0,0.0,0.0
80.0,19.0,0.0,1.0,0.0,0.0
79.0,15.0,0.0,6.0,0.0,0.0
2.0,98.0,0.0,0.0,0.0,0.0
54.0,40.0,0.0,6.0,0.0,0.0
3.0,97.0,0.0,0.0,0.0,0.0
21.0,71.0,0.0,8.0,0.0,0.0
26.0,73.0,0.0,1.0,0.0,0.0
8.0,92.0,0.0,0.0,0.0,0.0
2.0,97.0,0.0,1.0,0.0,0.0
19.0,81.0,0.0,0.0,0.0,0.0
51.0,46.0,0.0,3.0,0.0,0.0
1.0,97.0,0.0,2.0,0.0,0.0
38.0,62.0,0.0,0.0,0.0,0.0
86.0,11.0,0.0,3.0,0.0,0.0
7.0,92.0,0.0,1.0,0.0,0.0
56.0,38.0,0.0,6.0,0.0,0.0
13.0,87.0,0.0,0.0,0.0,0.0
8.0,90.0,0.0,2.0,0.0,0.0
7.0,93.0,0.0,0.0,0.0,0.0
9.0,91.0,0.0,0.0,0.0,0.0
100.0,0.0,0.0,0.0,0.0,0.0
37.0,63.0,0.0,0.0,0.0,0.0
27.0,73.0,0.0,0.0,0.0,0.0
2.0,96.0,0.0,2.0,0.0,0.0
39.0,61.0,0.0,0.0,0.0,0.0
5.0,95.0,0.0,0.0,0.0,0.0
31.0,66.0,0.0,3.0,0.0,0.0
45.0,55.0,0.0,0.0,0.0,0.0
30.0,70.0,0.0,0.0,0.0,0.0
100.0,0.0,0.0,0.0,0.0,0.0
25.0,74.0,0.0,1.0,0.0,0.0
8.0,92.0,0.0,0.0,0.0,0.0
10.0,89.0,0.0,1.0,0.0,0.0
1.0,98.0,0.0,1.0,0.0,0.0
31.0,69.0,0.0,0.0,0.0,0.0
64.0,36.0,0.0,0.0,0.0,0.0
51.0,49.0,0.0,0.0,0.0,0.0
15.0,83.0,0.0,2.0,0.0,0.0
10.0,90.0,0.0,0.0,0.0,0.0
1.0,99.0,0.0,0.0,0.0,0.0
51.0,49.0,0.0,0.0,0.0,0.0
13.0,87.0,0.0,0.0,0.0,0.0
20.0,76.0,0.0,4.0,0.0,0.0
48.0,51.0,0.0,1.0,0.0,0.0
3.0,96.0,0.0,1.0,0.0,0.0
1.0,98.0,0.0,1.0,0.0,0.0
9.0,91.0,0.0,0.0,0.0,0.0
40.0,59.0,1.0,0.0,0.0,0.0
1.0,98.0,0.0,1.0,0.0,0.0
1.0,99.0,0.0,0.0,0.0,0.0
1.0,98.0,1.0,0.0,0.0,0.0
1.0,99.0,0.0,0.0,0.0,0.0
5.0,42.0,0.0,2.0,51.0,0.0
22.0,78.0,0.0,0.0,0.0,0.0
1.0,98.0,0.0,1.0,0.0,0.0
1.0,99.0,0.0,0.0,0.0,0.0
26.0,63.0,0.0,11.0,0.0,0.0
7.0,93.0,0.0,0.0,0.0,0.0
35.0,64.0,0.0,1.0,0.0,0.0
1.0,98.0,1.0,0.0,0.0,0.0
5.0,95.0,0.0,0.0,0.0,0.0
51.0,49.0,0.0,0.0,0.0,0.0
46.0,54.0,0.0,0.0,0.0,0.0
100.0,0.0,0.0,0.0,0.0,0.0
88.0,12.0,0.0,0.0,0.0,0.0
100.0,0.0,0.0,0.0,0.0,0.0
68.0,30.0,1.0,1.0,0.0,0.0
11.0,89.0,0.0,0.0,0.0,0.0
16.0,84.0,0.0,0.0,0.0,0.0
1.0,97.0,0.0,2.0,0.0,0.0
100.0,0.0,0.0,0.0,0.0,0.0
2.0,98.0,0.0,0.0,0.0,0.0
2.0,96.0,0.0,2.0,0.0,0.0
8.0,92.0,0.0,0.0,0.0,0.0
42.0,56.0,0.0,2.0,0.0,0.0
1.0,97.0,0.0,2.0,0.0,0.0
29.0,70.0,0.0,1.0,0.0,0.0
14.0,86.0,0.0,0.0,0.0,0.0
26.0,72.0,0.0,2.0,0.0,0.0
2.0,98.0,0.0,0.0,0.0,0.0
64.0,34.0,0.0,2.0,0.0,0.0
3.0,97.0,0.0,0.0,0.0,0.0
2.0,98.0,0.0,0.0,0.0,0.0
1.0,96.0,0.0,3.0,0.0,0.0
1.0,98.0,0.0,1.0,0.0,0.0
1.0,97.0,0.0,2.0,0.0,0.0
73.0,27.0,0.0,0.0,0.0,0.0
10.0,87.0,1.0,2.0,0.0,0.0
16.0,82.0,0.0,2.0,0.0,0.0
5.0,95.0,0.0,0.0,0.0,0.0
20.0,76.0,0.0,4.0,0.0,0.0
77.0,21.0,0.0,2.0,0.0,0.0
1.0,92.0,0.0,7.0,0.0,0.0
33.0,67.0,0.0,0.0,0.0,0.0
1.0,96.0,0.0,3.0,0.0,0.0
43.0,57.0,0.0,0.0,0.0,0.0
13.0,81.0,0.0,6.0,0.0,0.0
14.0,85.0,0.0,1.0,0.0,0.0
94.0,6.0,0.0,0.0,0.0,0.0
27.0,73.0,0.0,0.0,0.0,0.0
41.0,59.0,0.0,0.0,0.0,0.0
1.0,98.0,0.0,1.0,0.0,0.0
51.0,49.0,0.0,0.0,0.0,0.0
24.0,76.0,0.0,0.0,0.0,0.0
25.0,75.0,0.0,0.0,0.0,0.0
1.0,97.0,0.0,2.0,0.0,0.0
8.0,91.0,0.0,1.0,0.0,0.0
1.0,99.0,0.0,0.0,0.0,0.0
8.0,92.0,0.0,0.0,0.0,0.0
60.0,40.0,0.0,0.0,0.0,0.0
1.0,99.0,0.0,0.0,0.0,0.0
8.0,91.0,0.0,1.0,0.0,0.0
53.0,47.0,0.0,0.0,0.0,0.0
1.0,98.0,0.0,1.0,0.0,0.0
74.0,25.0,1.0,0.0,0.0,0.0
9.0,90.0,0.0,1.0,0.0,0.0
15.0,84.0,0.0,1.0,0.0,0.0
48.0,51.0,0.0,1.0,0.0,0.0
1.0,94.0,0.0,5.0,0.0,0.0
1.0,99.0,0.0,0.0,0.0,0.0
9.0,91.0,0.0,0.0,0.0,0.0
77.0,22.0,0.0,1.0,0.0,0.0
61.0,39.0,0.0,0.0,0.0,0.0
67.0,33.0,0.0,0.0,0.0,0.0
50.0,50.0,0.0,0.0,0.0,0.0
24.0,74.0,0.0,2.0,0.0,0.0
62.0,37.0,0.0,1.0,0.0,0.0
9.0,89.0,1.0,1.0,0.0,0.0
16.0,84.0,0.0,0.0,0.0,0.0
2.0,98.0,0.0,0.0,0.0,0.0
87.0,13.0,0.0,0.0,0.0,0.0
20.0,80.0,0.0,0.0,0.0,0.0
100.0,0.0,0.0,0.0,0.0,0.0
26.0,74.0,0.0,0.0,0.0,0.0
15.0,85.0,0.0,0.0,0.0,0.0
10.0,90.0,0.0,0.0,0.0,0.0
100.0,0.0,0.0,0.0,0.0,0.0
26.0,72.0,0.0,2.0,0.0,0.0
3.0,92.0,0.0,5.0,0.0,0.0
7.0,92.0,0.0,1.0,0.0,0.0
100.0,0.0,0.0,0.0,0.0,0.0
8.0,92.0,0.0,0.0,0.0,0.0
24.0,76.0,0.0,0.0,0.0,0.0
7.0,93.0,0.0,0.0,0.0,0.0
87.0,8.0,1.0,4.0,0.0,0.0
33.0,67.0,0.0,0.0,0.0,0.0
6.0,92.0,0.0,2.0,0.0,0.0
81.0,19.0,0.0,0.0,0.0,0.0
3.0,97.0,0.0,0.0,0.0,0.0
90.0,10.0,0.0,0.0,0.0,0.0
7.0,93.0,0.0,0.0,0.0,0.0
86.0,14.0,0.0,0.0,0.0,0.0
47.0,53.0,0.0,0.0,0.0,0.0
5.0,94.0,0.0,1.0,0.0,0.0
99.0,1.0,0.0,0.0,0.0,0.0
63.0,37.0,0.0,0.0,0.0,0.0
26.0,74.0,0.0,0.0,0.0,0.0
1.0,98.0,0.0,1.0,0.0,0.0
20.0,79.0,0.0,1.0,0.0,0.0
100.0,0.0,0.0,0.0,0.0,0.0
100.0,0.0,0.0,0.0,0.0,0.0
22.0,77.0,0.0,1.0,0.0,0.0
1.0,97.0,0.0,2.0,0.0,0.0
1.0,98.0,0.0,1.0,0.0,0.0
10.0,90.0,0.0,0.0,0.0,0.0
28.0,72.0,0.0,0.0,0.0,0.0
29.0,71.0,0.0,0.0,0.0,0.0
17.0,79.0,0.0,4.0,0.0,0.0
57.0,42.0,0.0,1.0,0.0,0.0
39.0,61.0,0.0,0.0,0.0,0.0
56.0,42.0,0.0,2.0,0.0,0.0
28.0,72.0,0.0,0.0,0.0,0.0
47.0,17.0,0.0,2.0,34.0,0.0
92.0,1.0,0.0,7.0,0.0,0.0
1.0,99.0,0.0,0.0,0.0,0.0
13.0,85.0,0.0,2.0,0.0,0.0
29.0,71.0,0.0,0.0,0.0,0.0
25.0,71.0,0.0,4.0,0.0,0.0
2.0,98.0,0.0,0.0,0.0,0.0
6.0,94.0,0.0,0.0,0.0,0.0
8.0,92.0,0.0,0.0,0.0,0.0
42.0,58.0,0.0,0.0,0.0,0.0
6.0,94.0,0.0,0.0,0.0,0.0
8.0,92.0,0.0,0.0,0.0,0.0
14.0,0.0,24.0,2.0,0.0,0.0
34.0,64.0,0.0,2.0,0.0,0.0
29.0,71.0,0.0,0.0,0.0,0.0
1.0,99.0,0.0,0.0,0.0,0.0
1.0,97.0,0.0,2.0,0.0,0.0
8.0,90.0,0.0,2.0,0.0,0.0
52.0,48.0,0.0,0.0,0.0,0.0
100.0,0.0,0.0,0.0,0.0,0.0
1.0,99.0,0.0,0.0,0.0,0.0
76.0,22.0,0.0,2.0,0.0,0.0
50.0,50.0,0.0,0.0,0.0,0.0
50.0,50.0,0.0,0.0,0.0,0.0
8.0,91.0,0.0,1.0,0.0,0.0
39.0,61.0,0.0,0.0,0.0,0.0
72.0,28.0,0.0,0.0,0.0,0.0
1.0,96.0,0.0,3.0,0.0,0.0
76.0,23.0,0.0,1.0,0.0,0.0
32.0,63.0,0.0,5.0,0.0,0.0
53.0,47.0,0.0,0.0,0.0,0.0
3.0,96.0,0.0,1.0,0.0,0.0
42.0,55.0,0.0,3.0,0.0,0.0
1.0,99.0,0.0,0.0,0.0,0.0
34.0,66.0,0.0,0.0,0.0,0.0
8.0,91.0,0.0,1.0,0.0,0.0
16.0,84.0,0.0,0.0,0.0,0.0
6.0,88.0,0.0,6.0,0.0,0.0
10.0,90.0,0.0,0.0,0.0,0.0
100.0,0.0,0.0,0.0,0.0,0.0
29.0,71.0,0.0,0.0,0.0,0.0
2.0,88.0,0.0,10.0,0.0,0.0
1.0,94.0,0.0,5.0,0.0,0.0
2.0,98.0,0.0,0.0,0.0,0.0
45.0,55.0,0.0,0.0,0.0,0.0
45.0,54.0,0.0,1.0,0.0,0.0
2.0,97.0,0.0,1.0,0.0,0.0
2.0,23.0,0.0,1.0,74.0,0.0
61.0,39.0,0.0,0.0,0.0,0.0
100.0,0.0,0.0,0.0,0.0,0.0
1.0,97.0,0.0,2.0,0.0,0.0
11.0,83.0,0.0,6.0,0.0,0.0
100.0,0.0,0.0,0.0,0.0,0.0
38.0,61.0,0.0,1.0,0.0,0.0
8.0,85.0,0.0,7.0,0.0,0.0
84.0,15.0,1.0,0.0,0.0,0.0
15.0,85.0,0.0,0.0,0.0,0.0
100.0,0.0,0.0,0.0,0.0,0.0
34.0,66.0,0.0,0.0,0.0,0.0
7.0,93.0,0.0,0.0,0.0,0.0
1.0,97.0,0.0,2.0,0.0,0.0
1.0,99.0,0.0,0.0,0.0,0.0
100.0,0.0,0.0,0.0,0.0,0.0
40.0,60.0,0.0,0.0,0.0,0.0
92.0,8.0,0.0,0.0,0.0,0.0
30.0,0.0,2.0,7.0,0.0,0.0
10.0,90.0,0.0,0.0,0.0,0.0
100.0,0.0,0.0,0.0,0.0,0.0
2.0,98.0,0.0,0.0,0.0,0.0
53.0,47.0,0.0,0.0,0.0,0.0
11.0,89.0,0.0,0.0,0.0,0.0
23.0,77.0,0.0,0.0,0.0,0.0
5.0,88.0,0.0,7.0,0.0,0.0
100.0,0.0,0.0,0.0,0.0,0.0
1.0,85.0,0.0,14.0,0.0,0.0
4.0,95.0,1.0,0.0,0.0,0.0
100.0,0.0,0.0,0.0,0.0,0.0
1.0,99.0,0.0,0.0,0.0,0.0
45.0,52.0,0.0,3.0,0.0,0.0
25.0,75.0,0.0,0.0,0.0,0.0
67.0,33.0,0.0,0.0,0.0,0.0
20.0,77.0,0.0,3.0,0.0,0.0
49.0,48.0,0.0,3.0,0.0,0.0
68.0,25.0,0.0,7.0,0.0,0.0
29.0,69.0,0.0,2.0,0.0,0.0
11.0,89.0,0.0,0.0,0.0,0.0
21.0,78.0,0.0,1.0,0.0,0.0
1.0,98.0,0.0,1.0,0.0,0.0
42.0,58.0,0.0,0.0,0.0,0.0
100.0,0.0,0.0,0.0,0.0,0.0
17.0,83.0,0.0,0.0,0.0,0.0
85.0,15.0,0.0,0.0,0.0,0.0
1.0,98.0,0.0,1.0,0.0,0.0
79.0,20.0,0.0,1.0,0.0,0.0
27.0,73.0,0.0,0.0,0.0,0.0
1.0,99.0,0.0,0.0,0.0,0.0
2.0,98.0,0.0,0.0,0.0,0.0
32.0,58.0,0.0,10.0,0.0,0.0
64.0,34.0,0.0,2.0,0.0,0.0
1.0,99.0,0.0,0.0,0.0,0.0
4.0,96.0,0.0,0.0,0.0,0.0
20.0,79.0,0.0,1.0,0.0,0.0
50.0,50.0,0.0,0.0,0.0,0.0
7.0,93.0,0.0,0.0,0.0,0.0
1.0,98.0,1.0,0.0,0.0,0.0
28.0,72.0,0.0,0.0,0.0,0.0
100.0,0.0,0.0,0.0,0.0,0.0
1.0,0.0,18.0,1.0,0.0,0.0
100.0,0.0,0.0,0.0,0.0,0.0
95.0,5.0,0.0,0.0,0.0,0.0
12.0,88.0,0.0,0.0,0.0,0.0
51.0,49.0,0.0,0.0,0.0,0.0
100.0,0.0,0.0,0.0,0.0,0.0
43.0,56.0,0.0,1.0,0.0,0.0
100.0,0.0,0.0,0.0,0.0,0.0
33.0,67.0,0.0,0.0,0.0,0.0
27.0,73.0,0.0,0.0,0.0,0.0
1.0,0.0,10.0,5.0,0.0,0.0
2.0,97.0,0.0,1.0,0.0,0.0
1.0,97.0,0.0,2.0,0.0,0.0
100.0,0.0,0.0,0.0,0.0,0.0
2.0,98.0,0.0,0.0,0.0,0.0
49.0,50.0,1.0,0.0,0.0,0.0
100.0,0.0,0.0,0.0,0.0,0.0
43.0,57.0,0.0,0.0,0.0,0.0
6.0,80.0,0.0,14.0,0.0,0.0
32.0,63.0,0.0,5.0,0.0,0.0
1.0,99.0,0.0,0.0,0.0,0.0
1.0,99.0,0.0,0.0,0.0,0.0
7.0,89.0,0.0,4.0,0.0,0.0
33.0,66.0,0.0,1.0,0.0,0.0
73.0,23.0,0.0,4.0,0.0,0.0
1.0,0.0,51.0,1.0,0.0,0.0
100.0,0.0,0.0,0.0,0.0,0.0
1.0,99.0,0.0,0.0,0.0,0.0
1.0,99.0,0.0,0.0,0.0,0.0
14.0,86.0,0.0,0.0,0.0,0.0
22.0,74.0,0.0,4.0,0.0,0.0
100.0,0.0,0.0,0.0,0.0,0.0
5.0,95.0,0.0,0.0,0.0,0.0
1.0,96.0,0.0,3.0,0.0,0.0
1.0,0.0,79.0,1.0,0.0,0.0
15.0,84.0,1.0,0.0,0.0,0.0
100.0,0.0,0.0,0.0,0.0,0.0
46.0,54.0,0.0,0.0,0.0,0.0
71.0,0.0,28.0,1.0,0.0,0.0
26.0,74.0,0.0,0.0,0.0,0.0
1.0,98.0,0.0,1.0,0.0,0.0
100.0,0.0,0.0,0.0,0.0,0.0
84.0,16.0,0.0,0.0,0.0,0.0
1.0,98.0,0.0,1.0,0.0,0.0
1.0,99.0,0.0,0.0,0.0,0.0
2.0,97.0,0.0,1.0,0.0,0.0
100.0,0.0,0.0,0.0,0.0,0.0
5.0,95.0,0.0,0.0,0.0,0.0
5.0,89.0,0.0,6.0,0.0,0.0
6.0,29.0,0.0,1.0,64.0,0.0
1.0,98.0,0.0,1.0,0.0,0.0
100.0,0.0,0.0,0.0,0.0,0.0
15.0,85.0,0.0,0.0,0.0,0.0
38.0,62.0,0.0,0.0,0.0,0.0
67.0,33.0,0.0,0.0,0.0,0.0
47.0,53.0,0.0,0.0,0.0,0.0
100.0,0.0,0.0,0.0,0.0,0.0
1.0,97.0,0.0,2.0,0.0,0.0
26.0,74.0,0.0,0.0,0.0,0.0
1.0,98.0,0.0,1.0,0.0,0.0
1.0,98.0,1.0,0.0,0.0,0.0
13.0,86.0,0.0,1.0,0.0,0.0
34.0,65.0,0.0,1.0,0.0,0.0
52.0,48.0,0.0,0.0,0.0,0.0
1.0,88.0,0.0,11.0,0.0,0.0
64.0,30.0,0.0,6.0,0.0,0.0
100.0,0.0,0.0,0.0,0.0,0.0
15.0,85.0,0.0,0.0,0.0,0.0
73.0,25.0,0.0,2.0,0.0,0.0
100.0,0.0,0.0,0.0,0.0,0.0
19.0,75.0,0.0,6.0,0.0,0.0
1.0,98.0,0.0,1.0,0.0,0.0
1.0,92.0,0.0,7.0,0.0,0.0
1.0,99.0,0.0,0.0,0.0,0.0
3.0,96.0,0.0,1.0,0.0,0.0
46.0,53.0,0.0,1.0,0.0,0.0
100.0,0.0,0.0,0.0,0.0,0.0
35.0,61.0,0.0,4.0,0.0,0.0
29.0,30.0,0.0,7.0,34.0,0.0
23.0,77.0,0.0,0.0,0.0,0.0
18.0,82.0,0.0,0.0,0.0,0.0
5.0,95.0,0.0,0.0,0.0,0.0
6.0,19.0,0.0,4.0,71.0,0.0
1.0,99.0,0.0,0.0,0.0,0.0
16.0,80.0,0.0,4.0,0.0,0.0
17.0,83.0,0.0,0.0,0.0,0.0
1.0,97.0,0.0,2.0,0.0,0.0
85.0,15.0,0.0,0.0,0.0,0.0
1.0,99.0,0.0,0.0,0.0,0.0
63.0,35.0,0.0,2.0,0.0,0.0
1.0,97.0,0.0,2.0,0.0,0.0
1.0,97.0,0.0,2.0,0.0,0.0
24.0,59.0,17.0,0.0,0.0,0.0
27.0,73.0,0.0,0.0,0.0,0.0
1.0,98.0,0.0,1.0,0.0,0.0
27.0,69.0,0.0,4.0,0.0,0.0
56.0,41.0,0.0,3.0,0.0,0.0
1.0,95.0,0.0,4.0,0.0,0.0
91.0,7.0,0.0,2.0,0.0,0.0
76.0,23.0,0.0,1.0,0.0,0.0
100.0,0.0,0.0,0.0,0.0,0.0
7.0,92.0,0.0,1.0,0.0,0.0
25.0,74.0,0.0,1.0,0.0,0.0
42.0,56.0,0.0,2.0,0.0,0.0
24.0,69.0,1.0,6.0,0.0,0.0
8.0,87.0,0.0,5.0,0.0,0.0
35.0,65.0,0.0,0.0,0.0,0.0
1.0,99.0,0.0,0.0,0.0,0.0
47.0,53.0,0.0,0.0,0.0,0.0
12.0,82.0,0.0,6.0,0.0,0.0
58.0,39.0,0.0,3.0,0.0,0.0
71.0,29.0,0.0,0.0,0.0,0.0
38.0,62.0,0.0,0.0,0.0,0.0
84.0,12.0,0.0,4.0,0.0,0.0
1.0,99.0,0.0,0.0,0.0,0.0
1.0,99.0,0.0,0.0,0.0,0.0
67.0,33.0,0.0,0.0,0.0,0.0
7.0,92.0,0.0,1.0,0.0,0.0
8.0,92.0,0.0,0.0,0.0,0.0
40.0,59.0,0.0,1.0,0.0,0.0
61.0,36.0,0.0,3.0,0.0,0.0
22.0,77.0,0.0,1.0,0.0,0.0
84.0,16.0,0.0,0.0,0.0,0.0
31.0,68.0,0.0,1.0,0.0,0.0
1.0,99.0,0.0,0.0,0.0,0.0
100.0,0.0,0.0,0.0,0.0,0.0
1.0,99.0,0.0,0.0,0.0,0.0
90.0,10.0,0.0,0.0,0.0,0.0
73.0,25.0,0.0,2.0,0.0,0.0
67.0,30.0,0.0,3.0,0.0,0.0
28.0,72.0,0.0,0.0,0.0,0.0
54.0,45.0,0.0,1.0,0.0,0.0
2.0,97.0,0.0,1.0,0.0,0.0
48.0,51.0,0.0,1.0,0.0,0.0
56.0,44.0,0.0,0.0,0.0,0.0
77.0,23.0,0.0,0.0,0.0,0.0
58.0,41.0,0.0,1.0,0.0,0.0
100.0,0.0,0.0,0.0,0.0,0.0
54.0,39.0,0.0,7.0,0.0,0.0
77.0,22.0,0.0,1.0,0.0,0.0
88.0,12.0,0.0,0.0,0.0,0.0
44.0,56.0,0.0,0.0,0.0,0.0
100.0,0.0,0.0,0.0,0.0,0.0
37.0,62.0,0.0,1.0,0.0,0.0
45.0,47.0,0.0,8.0,0.0,0.0
100.0,0.0,0.0,0.0,0.0,0.0
2.0,98.0,0.0,0.0,0.0,0.0
5.0,95.0,0.0,0.0,0.0,0.0
1.0,94.0,0.0,5.0,0.0,0.0
9.0,91.0,0.0,0.0,0.0,0.0
39.0,61.0,0.0,0.0,0.0,0.0
5.0,95.0,0.0,0.0,0.0,0.0
1.0,99.0,0.0,0.0,0.0,0.0
27.0,71.0,1.0,1.0,0.0,0.0
72.0,28.0,0.0,0.0,0.0,0.0
42.0,58.0,0.0,0.0,0.0,0.0
30.0,0.0,51.0,1.0,0.0,0.0
95.0,3.0,0.0,2.0,0.0,0.0
1.0,99.0,0.0,0.0,0.0,0.0
100.0,0.0,0.0,0.0,0.0,0.0
22.0,75.0,0.0,3.0,0.0,0.0
1.0,95.0,0.0,4.0,0.0,0.0
82.0,18.0,0.0,0.0,0.0,0.0
100.0,0.0,0.0,0.0,0.0,0.0
1.0,99.0,0.0,0.0,0.0,0.0
100.0,0.0,0.0,0.0,0.0,0.0
37.0,63.0,0.0,0.0,0.0,0.0
75.0,25.0,0.0,0.0,0.0,0.0
4.0,96.0,0.0,0.0,0.0,0.0
45.0,54.0,0.0,1.0,0.0,0.0
82.0,14.0,0.0,4.0,0.0,0.0
44.0,56.0,0.0,0.0,0.0,0.0
100.0,0.0,0.0,0.0,0.0,0.0
1.0,99.0,0.0,0.0,0.0,0.0
44.0,54.0,0.0,2.0,0.0,0.0
27.0,73.0,0.0,0.0,0.0,0.0
51.0,49.0,0.0,0.0,0.0,0.0
1.0,99.0,0.0,0.0,0.0,0.0
8.0,91.0,0.0,1.0,0.0,0.0
1.0,99.0,0.0,0.0,0.0,0.0
44.0,52.0,0.0,4.0,0.0,0.0
28.0,69.0,0.0,3.0,0.0,0.0
37.0,63.0,0.0,0.0,0.0,0.0
1.0,99.0,0.0,0.0,0.0,0.0
1.0,98.0,0.0,1.0,0.0,0.0
68.0,31.0,0.0,1.0,0.0,0.0
6.0,94.0,0.0,0.0,0.0,0.0
100.0,0.0,0.0,0.0,0.0,0.0
100.0,0.0,0.0,0.0,0.0,0.0
1.0,99.0,0.0,0.0,0.0,0.0
1.0,93.0,0.0,6.0,0.0,0.0
1.0,0.0,1.0,4.0,0.0,0.0
41.0,57.0,0.0,2.0,0.0,0.0
100.0,0.0,0.0,0.0,0.0,0.0
4.0,96.0,0.0,0.0,0.0,0.0
40.0,59.0,0.0,1.0,0.0,0.0
78.0,22.0,0.0,0.0,0.0,0.0
100.0,0.0,0.0,0.0,0.0,0.0
1.0,99.0,0.0,0.0,0.0,0.0
1.0,95.0,0.0,4.0,0.0,0.0
79.0,21.0,0.0,0.0,0.0,0.0
100.0,0.0,0.0,0.0,0.0,0.0
92.0,1.0,0.0,7.0,0.0,0.0
40.0,60.0,0.0,0.0,0.0,0.0
92.0,6.0,0.0,2.0,0.0,0.0
57.0,43.0,0.0,0.0,0.0,0.0
1.0,97.0,0.0,2.0,0.0,0.0
100.0,0.0,0.0,0.0,0.0,0.0
25.0,75.0,0.0,0.0,0.0,0.0
100.0,0.0,0.0,0.0,0.0,0.0
94.0,0.0,0.0,6.0,0.0,0.0
20.0,80.0,0.0,0.0,0.0,0.0
61.0,39.0,0.0,0.0,0.0,0.0
1.0,99.0,0.0,0.0,0.0,0.0
30.0,65.0,0.0,5.0,0.0,0.0
1.0,96.0,0.0,3.0,0.0,0.0
1.0,97.0,0.0,2.0,0.0,0.0
19.0,81.0,0.0,0.0,0.0,0.0
1.0,99.0,0.0,0.0,0.0,0.0
35.0,63.0,0.0,2.0,0.0,0.0
100.0,0.0,0.0,0.0,0.0,0.0
55.0,45.0,0.0,0.0,0.0,0.0
9.0,91.0,0.0,0.0,0.0,0.0
100.0,0.0,0.0,0.0,0.0,0.0
20.0,80.0,0.0,0.0,0.0,0.0
100.0,0.0,0.0,0.0,0.0,0.0
100.0,0.0,0.0,0.0,0.0,0.0
61.0,37.0,0.0,2.0,0.0,0.0
100.0,0.0,0.0,0.0,0.0,0.0
18.0,82.0,0.0,0.0,0.0,0.0
71.0,29.0,0.0,0.0,0.0,0.0
100.0,0.0,0.0,0.0,0.0,0.0
22.0,78.0,0.0,0.0,0.0,0.0
1.0,67.0,0.0,5.0,27.0,0.0
100.0,0.0,0.0,0.0,0.0,0.0
19.0,78.0,0.0,3.0,0.0,0.0
46.0,54.0,0.0,0.0,0.0,0.0
100.0,0.0,0.0,0.0,0.0,0.0
100.0,0.0,0.0,0.0,0.0,0.0
100.0,0.0,0.0,0.0,0.0,0.0
78.0,18.0,0.0,4.0,0.0,0.0
19.0,80.0,0.0,1.0,0.0,0.0
33.0,67.0,0.0,0.0,0.0,0.0
4.0,95.0,0.0,1.0,0.0,0.0
100.0,0.0,0.0,0.0,0.0,0.0
100.0,0.0,0.0,0.0,0.0,0.0
24.0,76.0,0.0,0.0,0.0,0.0
93.0,4.0,0.0,3.0,0.0,0.0
100.0,0.0,0.0,0.0,0.0,0.0
33.0,67.0,0.0,0.0,0.0,0.0
22.0,78.0,0.0,0.0,0.0,0.0
1.0,98.0,0.0,1.0,0.0,0.0
42.0,57.0,0.0,1.0,0.0,0.0
56.0,44.0,0.0,0.0,0.0,0.0
69.0,31.0,0.0,0.0,0.0,0.0
12.0,88.0,0.0,0.0,0.0,0.0
1.0,99.0,0.0,0.0,0.0,0.0
81.0,18.0,0.0,1.0,0.0,0.0
100.0,0.0,0.0,0.0,0.0,0.0
49.0,51.0,0.0,0.0,0.0,0.0
100.0,0.0,0.0,0.0,0.0,0.0
79.0,19.0,0.0,2.0,0.0,0.0
2.0,98.0,0.0,0.0,0.0,0.0
55.0,43.0,0.0,2.0,0.0,0.0
40.0,60.0,0.0,0.0,0.0,0.0
82.0,18.0,0.0,0.0,0.0,0.0
4.0,96.0,0.0,0.0,0.0,0.0
1.0,99.0,0.0,0.0,0.0,0.0
2.0,98.0,0.0,0.0,0.0,0.0
52.0,47.0,0.0,1.0,0.0,0.0
1.0,99.0,0.0,0.0,0.0,0.0
100.0,0.0,0.0,0.0,0.0,0.0
100.0,0.0,0.0,0.0,0.0,0.0
100.0,0.0,0.0,0.0,0.0,0.0
40.0,57.0,0.0,3.0,0.0,0.0
47.0,0.0,52.0,1.0,0.0,0.0
1.0,98.0,0.0,1.0,0.0,0.0
1.0,99.0,0.0,0.0,0.0,0.0
7.0,93.0,0.0,0.0,0.0,0.0
8.0,92.0,0.0,0.0,0.0,0.0
17.0,83.0,0.0,0.0,0.0,0.0
49.0,51.0,0.0,0.0,0.0,0.0
20.0,76.0,0.0,4.0,0.0,0.0
1.0,99.0,0.0,0.0,0.0,0.0
60.0,39.0,0.0,1.0,0.0,0.0
28.0,72.0,0.0,0.0,0.0,0.0
55.0,44.0,0.0,1.0,0.0,0.0
15.0,81.0,0.0,4.0,0.0,0.0
67.0,33.0,0.0,0.0,0.0,0.0
45.0,54.0,0.0,1.0,0.0,0.0
66.0,32.0,0.0,2.0,0.0,0.0
49.0,46.0,0.0,5.0,0.0,0.0
87.0,13.0,0.0,0.0,0.0,0.0
100.0,0.0,0.0,0.0,0.0,0.0
18.0,81.0,0.0,1.0,0.0,0.0
100.0,0.0,0.0,0.0,0.0,0.0
1.0,95.0,1.0,3.0,0.0,0.0
38.0,62.0,0.0,0.0,0.0,0.0
5.0,95.0,0.0,0.0,0.0,0.0
2.0,97.0,0.0,1.0,0.0,0.0
1.0,98.0,1.0,0.0,0.0,0.0
32.0,68.0,0.0,0.0,0.0,0.0
9.0,91.0,0.0,0.0,0.0,0.0
2.0,98.0,0.0,0.0,0.0,0.0
1.0,99.0,0.0,0.0,0.0,0.0
33.0,67.0,0.0,0.0,0.0,0.0
27.0,73.0,0.0,0.0,0.0,0.0
3.0,96.0,0.0,1.0,0.0,0.0
23.0,77.0,0.0,0.0,0.0,0.0
48.0,52.0,0.0,0.0,0.0,0.0
100.0,0.0,0.0,0.0,0.0,0.0
18.0,82.0,0.0,0.0,0.0,0.0
1.0,98.0,0.0,1.0,0.0,0.0
1.0,99.0,0.0,0.0,0.0,0.0
55.0,45.0,0.0,0.0,0.0,0.0
1.0,98.0,0.0,1.0,0.0,0.0
100.0,0.0,0.0,0.0,0.0,0.0
17.0,83.0,0.0,0.0,0.0,0.0
65.0,0.0,8.0,1.0,0.0,0.0
1.0,94.0,0.0,5.0,0.0,0.0
82.0,17.0,0.0,1.0,0.0,0.0
64.0,35.0,0.0,1.0,0.0,0.0
47.0,53.0,0.0,0.0,0.0,0.0
1.0,99.0,0.0,0.0,0.0,0.0
13.0,85.0,0.0,2.0,0.0,0.0
100.0,0.0,0.0,0.0,0.0,0.0
100.0,0.0,0.0,0.0,0.0,0.0
1.0,99.0,0.0,0.0,0.0,0.0
42.0,58.0,0.0,0.0,0.0,0.0
2.0,98.0,0.0,0.0,0.0,0.0
84.0,10.0,0.0,6.0,0.0,0.0
38.0,62.0,0.0,0.0,0.0,0.0
1.0,99.0,0.0,0.0,0.0,0.0
5.0,95.0,0.0,0.0,0.0,0.0
76.0,20.0,0.0,4.0,0.0,0.0
1.0,99.0,0.0,0.0,0.0,0.0
53.0,47.0,0.0,0.0,0.0,0.0
12.0,88.0,0.0,0.0,0.0,0.0
9.0,91.0,0.0,0.0,0.0,0.0
4.0,95.0,0.0,1.0,0.0,0.0
52.0,48.0,0.0,0.0,0.0,0.0
71.0,27.0,0.0,2.0,0.0,0.0
100.0,0.0,0.0,0.0,0.0,0.0
30.0,70.0,0.0,0.0,0.0,0.0
59.0,41.0,0.0,0.0,0.0,0.0
48.0,52.0,0.0,0.0,0.0,0.0
100.0,0.0,0.0,0.0,0.0,0.0
3.0,90.0,0.0,7.0,0.0,0.0
4.0,96.0,0.0,0.0,0.0,0.0
29.0,71.0,0.0,0.0,0.0,0.0
22.0,76.0,0.0,2.0,0.0,0.0
2.0,98.0,0.0,0.0,0.0,0.0
1.0,99.0,0.0,0.0,0.0,0.0
10.0,90.0,0.0,0.0,0.0,0.0
40.0,60.0,0.0,0.0,0.0,0.0
69.0,31.0,0.0,0.0,0.0,0.0
1.0,99.0,0.0,0.0,0.0,0.0
1.0,99.0,0.0,0.0,0.0,0.0
100.0,0.0,0.0,0.0,0.0,0.0
100.0,0.0,0.0,0.0,0.0,0.0
1.0,99.0,0.0,0.0,0.0,0.0
1.0,99.0,0.0,0.0,0.0,0.0
2.0,97.0,0.0,1.0,0.0,0.0
48.0,52.0,0.0,0.0,0.0,0.0
10.0,89.0,0.0,1.0,0.0,0.0
1.0,98.0,1.0,0.0,0.0,0.0
20.0,80.0,0.0,0.0,0.0,0.0
53.0,47.0,0.0,0.0,0.0,0.0
21.0,79.0,0.0,0.0,0.0,0.0
40.0,59.0,0.0,1.0,0.0,0.0
1.0,99.0,0.0,0.0,0.0,0.0
15.0,85.0,0.0,0.0,0.0,0.0
2.0,97.0,0.0,1.0,0.0,0.0
1.0,99.0,0.0,0.0,0.0,0.0
100.0,0.0,0.0,0.0,0.0,0.0
55.0,45.0,0.0,0.0,0.0,0.0
64.0,35.0,0.0,1.0,0.0,0.0
19.0,79.0,0.0,2.0,0.0,0.0
18.0,82.0,0.0,0.0,0.0,0.0
7.0,93.0,0.0,0.0,0.0,0.0
26.0,74.0,0.0,0.0,0.0,0.0
1.0,99.0,0.0,0.0,0.0,0.0
42.0,57.0,0.0,1.0,0.0,0.0
1.0,97.0,0.0,2.0,0.0,0.0
100.0,0.0,0.0,0.0,0.0,0.0
37.0,62.0,0.0,1.0,0.0,0.0
27.0,72.0,0.0,1.0,0.0,0.0
73.0,22.0,0.0,5.0,0.0,0.0
12.0,87.0,0.0,1.0,0.0,0.0
69.0,31.0,0.0,0.0,0.0,0.0
98.0,2.0,0.0,0.0,0.0,0.0
1.0,97.0,0.0,2.0,0.0,0.0
83.0,17.0,0.0,0.0,0.0,0.0
96.0,2.0,0.0,2.0,0.0,0.0
100.0,0.0,0.0,0.0,0.0,0.0
100.0,0.0,0.0,0.0,0.0,0.0
100.0,0.0,0.0,0.0,0.0,0.0
2.0,98.0,0.0,0.0,0.0,0.0
1.0,99.0,0.0,0.0,0.0,0.0
1.0,95.0,0.0,4.0,0.0,0.0
98.0,0.0,0.0,2.0,0.0,0.0
73.0,27.0,0.0,0.0,0.0,0.0
32.0,68.0,0.0,0.0,0.0,0.0
74.0,26.0,0.0,0.0,0.0,0.0
55.0,44.0,0.0,1.0,0.0,0.0
3.0,86.0,0.0,11.0,0.0,0.0
100.0,0.0,0.0,0.0,0.0,0.0
1.0,98.0,0.0,1.0,0.0,0.0
66.0,34.0,0.0,0.0,0.0,0.0
100.0,0.0,0.0,0.0,0.0,0.0
53.0,47.0,0.0,0.0,0.0,0.0
59.0,41.0,0.0,0.0,0.0,0.0
5.0,93.0,0.0,2.0,0.0,0.0
57.0,43.0,0.0,0.0,0.0,0.0
60.0,39.0,0.0,1.0,0.0,0.0
2.0,98.0,0.0,0.0,0.0,0.0
70.0,30.0,0.0,0.0,0.0,0.0
24.0,73.0,0.0,3.0,0.0,0.0
21.0,78.0,0.0,1.0,0.0,0.0
1.0,99.0,0.0,0.0,0.0,0.0
100.0,0.0,0.0,0.0,0.0,0.0
84.0,16.0,0.0,0.0,0.0,0.0
100.0,0.0,0.0,0.0,0.0,0.0
69.0,29.0,0.0,2.0,0.0,0.0
1.0,99.0,0.0,0.0,0.0,0.0
18.0,81.0,0.0,1.0,0.0,0.0
47.0,52.0,0.0,1.0,0.0,0.0
4.0,94.0,0.0,2.0,0.0,0.0
38.0,62.0,0.0,0.0,0.0,0.0
50.0,50.0,0.0,0.0,0.0,0.0
43.0,57.0,0.0,0.0,0.0,0.0
20.0,68.0,0.0,12.0,0.0,0.0
66.0,34.0,0.0,0.0,0.0,0.0
100.0,0.0,0.0,0.0,0.0,0.0
1.0,97.0,0.0,2.0,0.0,0.0
1.0,98.0,0.0,1.0,0.0,0.0
1.0,99.0,0.0,0.0,0.0,0.0
11.0,88.0,0.0,1.0,0.0,0.0
2.0,95.0,0.0,3.0,0.0,0.0
74.0,24.0,0.0,2.0,0.0,0.0
100.0,0.0,0.0,0.0,0.0,0.0
100.0,0.0,0.0,0.0,0.0,0.0
100.0,0.0,0.0,0.0,0.0,0.0
1.0,99.0,0.0,0.0,0.0,0.0
39.0,26.0,0.0,1.0,34.0,0.0
58.0,42.0,0.0,0.0,0.0,0.0
27.0,73.0,0.0,0.0,0.0,0.0
1.0,99.0,0.0,0.0,0.0,0.0
2.0,96.0,0.0,2.0,0.0,0.0
19.0,80.0,0.0,1.0,0.0,0.0
3.0,97.0,0.0,0.0,0.0,0.0
1.0,99.0,0.0,0.0,0.0,0.0
11.0,88.0,0.0,1.0,0.0,0.0
34.0,66.0,0.0,0.0,0.0,0.0
83.0,17.0,0.0,0.0,0.0,0.0
1.0,99.0,0.0,0.0,0.0,0.0
8.0,92.0,0.0,0.0,0.0,0.0
64.0,36.0,0.0,0.0,0.0,0.0
1.0,97.0,0.0,2.0,0.0,0.0
25.0,75.0,0.0,0.0,0.0,0.0
100.0,0.0,0.0,0.0,0.0,0.0
1.0,99.0,0.0,0.0,0.0,0.0
81.0,15.0,0.0,4.0,0.0,0.0
68.0,32.0,0.0,0.0,0.0,0.0
15.0,81.0,0.0,4.0,0.0,0.0
100.0,0.0,0.0,0.0,0.0,0.0
20.0,80.0,0.0,0.0,0.0,0.0
2.0,98.0,0.0,0.0,0.0,0.0
52.0,48.0,0.0,0.0,0.0,0.0
100.0,0.0,0.0,0.0,0.0,0.0
100.0,0.0,0.0,0.0,0.0,0.0
27.0,73.0,0.0,0.0,0.0,0.0
73.0,26.0,0.0,1.0,0.0,0.0
3.0,94.0,0.0,3.0,0.0,0.0
55.0,44.0,0.0,1.0,0.0,0.0
31.0,68.0,0.0,1.0,0.0,0.0
100.0,0.0,0.0,0.0,0.0,0.0
28.0,66.0,0.0,6.0,0.0,0.0
1.0,96.0,0.0,3.0,0.0,0.0
100.0,0.0,0.0,0.0,0.0,0.0
21.0,79.0,0.0,0.0,0.0,0.0
8.0,92.0,0.0,0.0,0.0,0.0
33.0,67.0,0.0,0.0,0.0,0.0
100.0,0.0,0.0,0.0,0.0,0.0
20.0,69.0,0.0,2.0,9.0,0.0
1.0,97.0,0.0,2.0,0.0,0.0
45.0,54.0,0.0,1.0,0.0,0.0
100.0,0.0,0.0,0.0,0.0,0.0
100.0,0.0,0.0,0.0,0.0,0.0
34.0,59.0,0.0,7.0,0.0,0.0
94.0,0.0,0.0,6.0,0.0,0.0
34.0,64.0,0.0,2.0,0.0,0.0
90.0,5.0,0.0,5.0,0.0,0.0
64.0,36.0,0.0,0.0,0.0,0.0
35.0,63.0,0.0,2.0,0.0,0.0
6.0,93.0,0.0,1.0,0.0,0.0
1.0,99.0,0.0,0.0,0.0,0.0
61.0,38.0,1.0,0.0,0.0,0.0
61.0,39.0,0.0,0.0,0.0,0.0
57.0,37.0,0.0,6.0,0.0,0.0
100.0,0.0,0.0,0.0,0.0,0.0
87.0,9.0,0.0,4.0,0.0,0.0
100.0,0.0,0.0,0.0,0.0,0.0
9.0,86.0,0.0,5.0,0.0,0.0
100.0,0.0,0.0,0.0,0.0,0.0
17.0,81.0,0.0,2.0,0.0,0.0
48.0,51.0,0.0,1.0,0.0,0.0
1.0,98.0,1.0,0.0,0.0,0.0
28.0,45.0,0.0,1.0,26.0,0.0
1.0,97.0,0.0,2.0,0.0,0.0
67.0,33.0,0.0,0.0,0.0,0.0
19.0,81.0,0.0,0.0,0.0,0.0
1.0,99.0,0.0,0.0,0.0,0.0
2.0,98.0,0.0,0.0,0.0,0.0
1.0,99.0,0.0,0.0,0.0,0.0
7.0,93.0,0.0,0.0,0.0,0.0
35.0,65.0,0.0,0.0,0.0,0.0
29.0,69.0,0.0,2.0,0.0,0.0
30.0,68.0,0.0,2.0,0.0,0.0
71.0,29.0,0.0,0.0,0.0,0.0
100.0,0.0,0.0,0.0,0.0,0.0
34.0,65.0,0.0,1.0,0.0,0.0
1.0,99.0,0.0,0.0,0.0,0.0
100.0,0.0,0.0,0.0,0.0,0.0
67.0,32.0,0.0,1.0,0.0,0.0
1.0,98.0,0.0,1.0,0.0,0.0
37.0,63.0,0.0,0.0,0.0,0.0
88.0,12.0,0.0,0.0,0.0,0.0
13.0,87.0,0.0,0.0,0.0,0.0
20.0,80.0,0.0,0.0,0.0,0.0
1.0,98.0,0.0,1.0,0.0,0.0
1.0,97.0,0.0,2.0,0.0,0.0
17.0,81.0,0.0,2.0,0.0,0.0
48.0,52.0,0.0,0.0,0.0,0.0
1.0,99.0,0.0,0.0,0.0,0.0
100.0,0.0,0.0,0.0,0.0,0.0
49.0,51.0,0.0,0.0,0.0,0.0
71.0,28.0,0.0,1.0,0.0,0.0
1.0,0.0,5.0,1.0,0.0,0.0
40.0,60.0,0.0,0.0,0.0,0.0
10.0,90.0,0.0,0.0,0.0,0.0
33.0,67.0,0.0,0.0,0.0,0.0
100.0,0.0,0.0,0.0,0.0,0.0
45.0,54.0,0.0,1.0,0.0,0.0
53.0,45.0,0.0,2.0,0.0,0.0
56.0,43.0,0.0,1.0,0.0,0.0
26.0,74.0,0.0,0.0,0.0,0.0
15.0,83.0,0.0,2.0,0.0,0.0
10.0,90.0,0.0,0.0,0.0,0.0
38.0,60.0,0.0,2.0,0.0,0.0
1.0,99.0,0.0,0.0,0.0,0.0
11.0,89.0,0.0,0.0,0.0,0.0
77.0,17.0,0.0,6.0,0.0,0.0
100.0,0.0,0.0,0.0,0.0,0.0
14.0,86.0,0.0,0.0,0.0,0.0
35.0,63.0,0.0,2.0,0.0,0.0
87.0,11.0,0.0,2.0,0.0,0.0
100.0,0.0,0.0,0.0,0.0,0.0
34.0,64.0,0.0,2.0,0.0,0.0
65.0,34.0,0.0,1.0,0.0,0.0
39.0,61.0,0.0,0.0,0.0,0.0
2.0,97.0,0.0,1.0,0.0,0.0
21.0,0.0,29.0,1.0,0.0,0.0
1.0,99.0,0.0,0.0,0.0,0.0
1.0,96.0,0.0,3.0,0.0,0.0
27.0,71.0,0.0,2.0,0.0,0.0
18.0,82.0,0.0,0.0,0.0,0.0
23.0,75.0,1.0,1.0,0.0,0.0
94.0,2.0,0.0,4.0,0.0,0.0
100.0,0.0,0.0,0.0,0.0,0.0
23.0,77.0,0.0,0.0,0.0,0.0
35.0,65.0,0.0,0.0,0.0,0.0
100.0,0.0,0.0,0.0,0.0,0.0
9.0,91.0,0.0,0.0,0.0,0.0
2.0,96.0,0.0,2.0,0.0,0.0
53.0,44.0,0.0,3.0,0.0,0.0
1.0,99.0,0.0,0.0,0.0,0.0
99.0,1.0,0.0,0.0,0.0,0.0
38.0,61.0,0.0,1.0,0.0,0.0
25.0,75.0,0.0,0.0,0.0,0.0
1.0,99.0,0.0,0.0,0.0,0.0
16.0,83.0,0.0,1.0,0.0,0.0
48.0,51.0,0.0,1.0,0.0,0.0
79.0,18.0,0.0,3.0,0.0,0.0
100.0,0.0,0.0,0.0,0.0,0.0
45.0,55.0,0.0,0.0,0.0,0.0
11.0,89.0,0.0,0.0,0.0,0.0
47.0,50.0,0.0,3.0,0.0,0.0
99.0,1.0,0.0,0.0,0.0,0.0
36.0,64.0,0.0,0.0,0.0,0.0
57.0,41.0,0.0,2.0,0.0,0.0
100.0,0.0,0.0,0.0,0.0,0.0
49.0,51.0,0.0,0.0,0.0,0.0
4.0,96.0,0.0,0.0,0.0,0.0
2.0,97.0,0.0,1.0,0.0,0.0
3.0,97.0,0.0,0.0,0.0,0.0
80.0,20.0,0.0,0.0,0.0,0.0
1.0,99.0,0.0,0.0,0.0,0.0
100.0,0.0,0.0,0.0,0.0,0.0
96.0,4.0,0.0,0.0,0.0,0.0
100.0,0.0,0.0,0.0,0.0,0.0
51.0,49.0,0.0,0.0,0.0,0.0
33.0,67.0,0.0,0.0,0.0,0.0
7.0,93.0,0.0,0.0,0.0,0.0
19.0,78.0,0.0,3.0,0.0,0.0
31.0,68.0,0.0,1.0,0.0,0.0
58.0,42.0,0.0,0.0,0.0,0.0
54.0,46.0,0.0,0.0,0.0,0.0
1.0,97.0,1.0,1.0,0.0,0.0
34.0,65.0,0.0,1.0,0.0,0.0
1.0,99.0,0.0,0.0,0.0,0.0
24.0,74.0,0.0,2.0,0.0,0.0
100.0,0.0,0.0,0.0,0.0,0.0
23.0,77.0,0.0,0.0,0.0,0.0
100.0,0.0,0.0,0.0,0.0,0.0
83.0,16.0,0.0,1.0,0.0,0.0
100.0,0.0,0.0,0.0,0.0,0.0
100.0,0.0,0.0,0.0,0.0,0.0
12.0,84.0,0.0,4.0,0.0,0.0
60.0,40.0,0.0,0.0,0.0,0.0
100.0,0.0,0.0,0.0,0.0,0.0
1.0,98.0,0.0,1.0,0.0,0.0
100.0,0.0,0.0,0.0,0.0,0.0
49.0,48.0,0.0,3.0,0.0,0.0
34.0,64.0,0.0,2.0,0.0,0.0
5.0,95.0,0.0,0.0,0.0,0.0
1.0,99.0,0.0,0.0,0.0,0.0
100.0,0.0,0.0,0.0,0.0,0.0
63.0,36.0,0.0,1.0,0.0,0.0
44.0,56.0,0.0,0.0,0.0,0.0
18.0,82.0,0.0,0.0,0.0,0.0
16.0,84.0,0.0,0.0,0.0,0.0
59.0,41.0,0.0,0.0,0.0,0.0
100.0,0.0,0.0,0.0,0.0,0.0
1.0,98.0,0.0,1.0,0.0,0.0
100.0,0.0,0.0,0.0,0.0,0.0
4.0,96.0,0.0,0.0,0.0,0.0
54.0,45.0,0.0,1.0,0.0,0.0
100.0,0.0,0.0,0.0,0.0,0.0
66.0,30.0,0.0,4.0,0.0,0.0
7.0,93.0,0.0,0.0,0.0,0.0
34.0,65.0,0.0,1.0,0.0,0.0
30.0,70.0,0.0,0.0,0.0,0.0
1.0,98.0,0.0,1.0,0.0,0.0
91.0,2.0,0.0,7.0,0.0,0.0
65.0,34.0,0.0,1.0,0.0,0.0
10.0,90.0,0.0,0.0,0.0,0.0
57.0,41.0,0.0,2.0,0.0,0.0
24.0,74.0,0.0,2.0,0.0,0.0
16.0,84.0,0.0,0.0,0.0,0.0
41.0,58.0,0.0,1.0,0.0,0.0
1.0,0.0,0.0,0.0,0.0,0.0
1.0,98.0,0.0,1.0,0.0,0.0
63.0,35.0,0.0,2.0,0.0,0.0
15.0,83.0,0.0,2.0,0.0,0.0
84.0,15.0,0.0,1.0,0.0,0.0
1.0,97.0,1.0,1.0,0.0,0.0
1.0,97.0,0.0,2.0,0.0,0.0
13.0,82.0,0.0,5.0,0.0,0.0
100.0,0.0,0.0,0.0,0.0,0.0
23.0,76.0,0.0,1.0,0.0,0.0
36.0,64.0,0.0,0.0,0.0,0.0
32.0,68.0,0.0,0.0,0.0,0.0
19.0,81.0,0.0,0.0,0.0,0.0
2.0,0.0,15.0,6.0,0.0,0.0
87.0,13.0,0.0,0.0,0.0,0.0
100.0,0.0,0.0,0.0,0.0,0.0
83.0,15.0,0.0,2.0,0.0,0.0
15.0,81.0,0.0,4.0,0.0,0.0
10.0,90.0,0.0,0.0,0.0,0.0
60.0,40.0,0.0,0.0,0.0,0.0
100.0,0.0,0.0,0.0,0.0,0.0
19.0,80.0,0.0,1.0,0.0,0.0
11.0,86.0,0.0,3.0,0.0,0.0
1.0,96.0,0.0,3.0,0.0,0.0
19.0,79.0,0.0,2.0,0.0,0.0
1.0,45.0,0.0,1.0,53.0,0.0
88.0,12.0,0.0,0.0,0.0,0.0
1.0,99.0,0.0,0.0,0.0,0.0
51.0,49.0,0.0,0.0,0.0,0.0
1.0,99.0,0.0,0.0,0.0,0.0
1.0,97.0,0.0,2.0,0.0,0.0
21.0,76.0,0.0,3.0,0.0,0.0
38.0,57.0,0.0,5.0,0.0,0.0
48.0,52.0,0.0,0.0,0.0,0.0
34.0,66.0,0.0,0.0,0.0,0.0
12.0,88.0,0.0,0.0,0.0,0.0
22.0,77.0,0.0,1.0,0.0,0.0
1.0,97.0,0.0,2.0,0.0,0.0
72.0,22.0,0.0,6.0,0.0,0.0
1.0,99.0,0.0,0.0,0.0,0.0
43.0,57.0,0.0,0.0,0.0,0.0
100.0,0.0,0.0,0.0,0.0,0.0
3.0,96.0,0.0,1.0,0.0,0.0
71.0,29.0,0.0,0.0,0.0,0.0
8.0,92.0,0.0,0.0,0.0,0.0
69.0,30.0,0.0,1.0,0.0,0.0
100.0,0.0,0.0,0.0,0.0,0.0
65.0,35.0,0.0,0.0,0.0,0.0
19.0,81.0,0.0,0.0,0.0,0.0
58.0,42.0,0.0,0.0,0.0,0.0
57.0,42.0,0.0,1.0,0.0,0.0
20.0,79.0,0.0,1.0,0.0,0.0
29.0,71.0,0.0,0.0,0.0,0.0
47.0,53.0,0.0,0.0,0.0,0.0
97.0,2.0,0.0,1.0,0.0,0.0
15.0,85.0,0.0,0.0,0.0,0.0
11.0,88.0,0.0,1.0,0.0,0.0
22.0,76.0,0.0,2.0,0.0,0.0
3.0,96.0,0.0,1.0,0.0,0.0
39.0,9.0,0.0,1.0,51.0,0.0
11.0,86.0,0.0,3.0,0.0,0.0
65.0,35.0,0.0,0.0,0.0,0.0
1.0,97.0,0.0,2.0,0.0,0.0
1.0,99.0,0.0,0.0,0.0,0.0
1.0,98.0,0.0,1.0,0.0,0.0
6.0,88.0,0.0,6.0,0.0,0.0
27.0,73.0,0.0,0.0,0.0,0.0
100.0,0.0,0.0,0.0,0.0,0.0
100.0,0.0,0.0,0.0,0.0,0.0
80.0,20.0,0.0,0.0,0.0,0.0
1.0,99.0,0.0,0.0,0.0,0.0
1.0,99.0,0.0,0.0,0.0,0.0
93.0,6.0,0.0,1.0,0.0,0.0
100.0,0.0,0.0,0.0,0.0,0.0
71.0,29.0,0.0,0.0,0.0,0.0
22.0,77.0,0.0,1.0,0.0,0.0
11.0,88.0,0.0,1.0,0.0,0.0
2.0,98.0,0.0,0.0,0.0,0.0
3.0,97.0,0.0,0.0,0.0,0.0
2.0,97.0,0.0,1.0,0.0,0.0
3.0,96.0,0.0,1.0,0.0,0.0
1.0,99.0,0.0,0.0,0.0,0.0
1.0,99.0,0.0,0.0,0.0,0.0
1.0,93.0,0.0,6.0,0.0,0.0
1.0,97.0,0.0,2.0,0.0,0.0
1.0,98.0,0.0,1.0,0.0,0.0
100.0,0.0,0.0,0.0,0.0,0.0
3.0,96.0,0.0,1.0,0.0,0.0
86.0,13.0,0.0,1.0,0.0,0.0
87.0,10.0,0.0,3.0,0.0,0.0
42.0,50.0,0.0,8.0,0.0,0.0
26.0,74.0,0.0,0.0,0.0,0.0
98.0,2.0,0.0,0.0,0.0,0.0
73.0,27.0,0.0,0.0,0.0,0.0
31.0,69.0,0.0,0.0,0.0,0.0
29.0,71.0,0.0,0.0,0.0,0.0
15.0,83.0,0.0,2.0,0.0,0.0
20.0,77.0,0.0,3.0,0.0,0.0
9.0,91.0,0.0,0.0,0.0,0.0
5.0,95.0,0.0,0.0,0.0,0.0
1.0,98.0,0.0,1.0,0.0,0.0
37.0,58.0,0.0,5.0,0.0,0.0
33.0,66.0,0.0,1.0,0.0,0.0
69.0,30.0,0.0,1.0,0.0,0.0
100.0,0.0,0.0,0.0,0.0,0.0
26.0,74.0,0.0,0.0,0.0,0.0
1.0,99.0,0.0,0.0,0.0,0.0
43.0,57.0,0.0,0.0,0.0,0.0
1.0,99.0,0.0,0.0,0.0,0.0
100.0,0.0,0.0,0.0,0.0,0.0
1.0,98.0,0.0,1.0,0.0,0.0
74.0,26.0,0.0,0.0,0.0,0.0
11.0,88.0,0.0,1.0,0.0,0.0
35.0,63.0,0.0,2.0,0.0,0.0
27.0,73.0,0.0,0.0,0.0,0.0
15.0,85.0,0.0,0.0,0.0,0.0
95.0,5.0,0.0,0.0,0.0,0.0
71.0,23.0,0.0,6.0,0.0,0.0
100.0,0.0,0.0,0.0,0.0,0.0
16.0,84.0,0.0,0.0,0.0,0.0
56.0,40.0,0.0,4.0,0.0,0.0
73.0,17.0,0.0,10.0,0.0,0.0
9.0,90.0,0.0,1.0,0.0,0.0
42.0,57.0,0.0,1.0,0.0,0.0
87.0,13.0,0.0,0.0,0.0,0.0
2.0,98.0,0.0,0.0,0.0,0.0
9.0,48.0,0.0,1.0,42.0,0.0
1.0,99.0,0.0,0.0,0.0,0.0
100.0,0.0,0.0,0.0,0.0,0.0
1.0,98.0,0.0,1.0,0.0,0.0
100.0,0.0,0.0,0.0,0.0,0.0
1.0,99.0,0.0,0.0,0.0,0.0
63.0,36.0,0.0,1.0,0.0,0.0
14.0,86.0,0.0,0.0,0.0,0.0
1.0,99.0,0.0,0.0,0.0,0.0
1.0,99.0,0.0,0.0,0.0,0.0
21.0,79.0,0.0,0.0,0.0,0.0
1.0,99.0,0.0,0.0,0.0,0.0
1.0,99.0,0.0,0.0,0.0,0.0
100.0,0.0,0.0,0.0,0.0,0.0
11.0,88.0,0.0,1.0,0.0,0.0
62.0,38.0,0.0,0.0,0.0,0.0
57.0,43.0,0.0,0.0,0.0,0.0
8.0,91.0,0.0,1.0,0.0,0.0
1.0,99.0,0.0,0.0,0.0,0.0
100.0,0.0,0.0,0.0,0.0,0.0
94.0,5.0,0.0,1.0,0.0,0.0
60.0,40.0,0.0,0.0,0.0,0.0
1.0,99.0,0.0,0.0,0.0,0.0
9.0,91.0,0.0,0.0,0.0,0.0
40.0,59.0,0.0,1.0,0.0,0.0
33.0,62.0,0.0,5.0,0.0,0.0
14.0,82.0,0.0,4.0,0.0,0.0
1.0,99.0,0.0,0.0,0.0,0.0
32.0,66.0,0.0,2.0,0.0,0.0
23.0,77.0,0.0,0.0,0.0,0.0
1.0,99.0,0.0,0.0,0.0,0.0
61.0,38.0,0.0,1.0,0.0,0.0
47.0,53.0,0.0,0.0,0.0,0.0
1.0,99.0,0.0,0.0,0.0,0.0
1.0,99.0,0.0,0.0,0.0,0.0
100.0,0.0,0.0,0.0,0.0,0.0
5.0,92.0,0.0,3.0,0.0,0.0
32.0,68.0,0.0,0.0,0.0,0.0
23.0,77.0,0.0,0.0,0.0,0.0
44.0,56.0,0.0,0.0,0.0,0.0
1.0,99.0,0.0,0.0,0.0,0.0
78.0,22.0,0.0,0.0,0.0,0.0
78.0,22.0,0.0,0.0,0.0,0.0
1.0,99.0,0.0,0.0,0.0,0.0
98.0,2.0,0.0,0.0,0.0,0.0
10.0,0.0,7.0,1.0,0.0,0.0
24.0,73.0,1.0,2.0,0.0,0.0
1.0,96.0,0.0,3.0,0.0,0.0
5.0,95.0,0.0,0.0,0.0,0.0
2.0,98.0,0.0,0.0,0.0,0.0
28.0,72.0,0.0,0.0,0.0,0.0
2.0,98.0,0.0,0.0,0.0,0.0
100.0,0.0,0.0,0.0,0.0,0.0
63.0,37.0,0.0,0.0,0.0,0.0
31.0,69.0,0.0,0.0,0.0,0.0
41.0,59.0,0.0,0.0,0.0,0.0
4.0,92.0,0.0,4.0,0.0,0.0
1.0,99.0,0.0,0.0,0.0,0.0
80.0,16.0,0.0,4.0,0.0,0.0
38.0,62.0,0.0,0.0,0.0,0.0
42.0,58.0,0.0,0.0,0.0,0.0
100.0,0.0,0.0,0.0,0.0,0.0
14.0,86.0,0.0,0.0,0.0,0.0
2.0,97.0,0.0,1.0,0.0,0.0
100.0,0.0,0.0,0.0,0.0,0.0
1.0,99.0,0.0,0.0,0.0,0.0
21.0,79.0,0.0,0.0,0.0,0.0
100.0,0.0,0.0,0.0,0.0,0.0
9.0,88.0,0.0,3.0,0.0,0.0
27.0,70.0,0.0,3.0,0.0,0.0
8.0,92.0,0.0,0.0,0.0,0.0
7.0,93.0,0.0,0.0,0.0,0.0
7.0,93.0,0.0,0.0,0.0,0.0
100.0,0.0,0.0,0.0,0.0,0.0
11.0,88.0,0.0,1.0,0.0,0.0
71.0,27.0,0.0,2.0,0.0,0.0
45.0,55.0,0.0,0.0,0.0,0.0
61.0,39.0,0.0,0.0,0.0,0.0
1.0,98.0,0.0,1.0,0.0,0.0
13.0,87.0,0.0,0.0,0.0,0.0
26.0,74.0,0.0,0.0,0.0,0.0
100.0,0.0,0.0,0.0,0.0,0.0
1.0,96.0,0.0,3.0,0.0,0.0
100.0,0.0,0.0,0.0,0.0,0.0
63.0,36.0,0.0,1.0,0.0,0.0
1.0,99.0,0.0,0.0,0.0,0.0
1.0,93.0,0.0,6.0,0.0,0.0
100.0,0.0,0.0,0.0,0.0,0.0
1.0,98.0,0.0,1.0,0.0,0.0
40.0,60.0,0.0,0.0,0.0,0.0
35.0,61.0,0.0,4.0,0.0,0.0
1.0,99.0,0.0,0.0,0.0,0.0
34.0,66.0,0.0,0.0,0.0,0.0
23.0,77.0,0.0,0.0,0.0,0.0
100.0,0.0,0.0,0.0,0.0,0.0
20.0,80.0,0.0,0.0,0.0,0.0
37.0,61.0,0.0,2.0,0.0,0.0
100.0,0.0,0.0,0.0,0.0,0.0
100.0,0.0,0.0,0.0,0.0,0.0
100.0,0.0,0.0,0.0,0.0,0.0
1.0,99.0,0.0,0.0,0.0,0.0
18.0,81.0,0.0,1.0,0.0,0.0
100.0,0.0,0.0,0.0,0.0,0.0
1.0,99.0,0.0,0.0,0.0,0.0
50.0,50.0,0.0,0.0,0.0,0.0
1.0,91.0,1.0,7.0,0.0,0.0
1.0,98.0,1.0,0.0,0.0,0.0
7.0,91.0,0.0,2.0,0.0,0.0
2.0,98.0,0.0,0.0,0.0,0.0
35.0,65.0,0.0,0.0,0.0,0.0
100.0,0.0,0.0,0.0,0.0,0.0
71.0,28.0,0.0,1.0,0.0,0.0
88.0,8.0,0.0,4.0,0.0,0.0
1.0,99.0,0.0,0.0,0.0,0.0
78.0,22.0,0.0,0.0,0.0,0.0
100.0,0.0,0.0,0.0,0.0,0.0
7.0,92.0,0.0,1.0,0.0,0.0
21.0,79.0,0.0,0.0,0.0,0.0
1.0,97.0,0.0,2.0,0.0,0.0
50.0,50.0,0.0,0.0,0.0,0.0
36.0,16.0,0.0,1.0,47.0,0.0
78.0,1.0,0.0,6.0,15.0,0.0
1.0,95.0,0.0,4.0,0.0,0.0
100.0,0.0,0.0,0.0,0.0,0.0
27.0,72.0,0.0,1.0,0.0,0.0
31.0,68.0,0.0,1.0,0.0,0.0
80.0,20.0,0.0,0.0,0.0,0.0
22.0,68.0,0.0,10.0,0.0,0.0
18.0,82.0,0.0,0.0,0.0,0.0
5.0,95.0,0.0,0.0,0.0,0.0
36.0,64.0,0.0,0.0,0.0,0.0
14.0,86.0,0.0,0.0,0.0,0.0
35.0,51.0,0.0,1.0,13.0,0.0
12.0,88.0,0.0,0.0,0.0,0.0
3.0,95.0,0.0,2.0,0.0,0.0
7.0,89.0,0.0,4.0,0.0,0.0
36.0,63.0,0.0,1.0,0.0,0.0
11.0,89.0,0.0,0.0,0.0,0.0
62.0,37.0,0.0,1.0,0.0,0.0
88.0,12.0,0.0,0.0,0.0,0.0
1.0,99.0,0.0,0.0,0.0,0.0
1.0,99.0,0.0,0.0,0.0,0.0
36.0,63.0,0.0,1.0,0.0,0.0
100.0,0.0,0.0,0.0,0.0,0.0
14.0,81.0,0.0,5.0,0.0,0.0
1.0,98.0,0.0,1.0,0.0,0.0
30.0,70.0,0.0,0.0,0.0,0.0
37.0,63.0,0.0,0.0,0.0,0.0
2.0,98.0,0.0,0.0,0.0,0.0
25.0,75.0,0.0,0.0,0.0,0.0
100.0,0.0,0.0,0.0,0.0,0.0
1.0,98.0,0.0,1.0,0.0,0.0
100.0,0.0,0.0,0.0,0.0,0.0
23.0,77.0,0.0,0.0,0.0,0.0
1.0,99.0,0.0,0.0,0.0,0.0
40.0,59.0,0.0,1.0,0.0,0.0
39.0,59.0,0.0,2.0,0.0,0.0
8.0,89.0,0.0,3.0,0.0,0.0
1.0,98.0,0.0,1.0,0.0,0.0
1.0,99.0,0.0,0.0,0.0,0.0
90.0,10.0,0.0,0.0,0.0,0.0
100.0,0.0,0.0,0.0,0.0,0.0
94.0,0.0,0.0,6.0,0.0,0.0
1.0,99.0,0.0,0.0,0.0,0.0
33.0,67.0,0.0,0.0,0.0,0.0
44.0,55.0,0.0,1.0,0.0,0.0
1.0,99.0,0.0,0.0,0.0,0.0
1.0,95.0,0.0,4.0,0.0,0.0
1.0,99.0,0.0,0.0,0.0,0.0
26.0,74.0,0.0,0.0,0.0,0.0
100.0,0.0,0.0,0.0,0.0,0.0
51.0,49.0,0.0,0.0,0.0,0.0
27.0,73.0,0.0,0.0,0.0,0.0
61.0,38.0,0.0,1.0,0.0,0.0
26.0,74.0,0.0,0.0,0.0,0.0
100.0,0.0,0.0,0.0,0.0,0.0
35.0,64.0,0.0,1.0,0.0,0.0
100.0,0.0,0.0,0.0,0.0,0.0
15.0,85.0,0.0,0.0,0.0,0.0
61.0,39.0,0.0,0.0,0.0,0.0
1.0,99.0,0.0,0.0,0.0,0.0
1.0,98.0,0.0,1.0,0.0,0.0
79.0,21.0,0.0,0.0,0.0,0.0
14.0,86.0,0.0,0.0,0.0,0.0
1.0,99.0,0.0,0.0,0.0,0.0
29.0,71.0,0.0,0.0,0.0,0.0
2.0,96.0,1.0,1.0,0.0,0.0
9.0,91.0,0.0,0.0,0.0,0.0
7.0,93.0,0.0,0.0,0.0,0.0
16.0,84.0,0.0,0.0,0.0,0.0
10.0,90.0,0.0,0.0,0.0,0.0
16.0,84.0,0.0,0.0,0.0,0.0
1.0,95.0,0.0,4.0,0.0,0.0
1.0,99.0,0.0,0.0,0.0,0.0
1.0,99.0,0.0,0.0,0.0,0.0
3.0,97.0,0.0,0.0,0.0,0.0
54.0,46.0,0.0,0.0,0.0,0.0
7.0,93.0,0.0,0.0,0.0,0.0
100.0,0.0,0.0,0.0,0.0,0.0
27.0,73.0,0.0,0.0,0.0,0.0
39.0,60.0,0.0,1.0,0.0,0.0
9.0,90.0,0.0,1.0,0.0,0.0
1.0,99.0,0.0,0.0,0.0,0.0
85.0,14.0,0.0,1.0,0.0,0.0
16.0,83.0,0.0,1.0,0.0,0.0
100.0,0.0,0.0,0.0,0.0,0.0
4.0,92.0,0.0,4.0,0.0,0.0
50.0,50.0,0.0,0.0,0.0,0.0
90.0,10.0,0.0,0.0,0.0,0.0
1.0,96.0,0.0,3.0,0.0,0.0
73.0,27.0,0.0,0.0,0.0,0.0
3.0,97.0,0.0,0.0,0.0,0.0
77.0,23.0,0.0,0.0,0.0,0.0
52.0,46.0,0.0,2.0,0.0,0.0
95.0,5.0,0.0,0.0,0.0,0.0
17.0,81.0,0.0,2.0,0.0,0.0
3.0,97.0,0.0,0.0,0.0,0.0
100.0,0.0,0.0,0.0,0.0,0.0
31.0,69.0,0.0,0.0,0.0,0.0
100.0,0.0,0.0,0.0,0.0,0.0
32.0,68.0,0.0,0.0,0.0,0.0
20.0,80.0,0.0,0.0,0.0,0.0
100.0,0.0,0.0,0.0,0.0,0.0
82.0,17.0,0.0,1.0,0.0,0.0
23.0,77.0,0.0,0.0,0.0,0.0
87.0,13.0,0.0,0.0,0.0,0.0
3.0,97.0,0.0,0.0,0.0,0.0
7.0,93.0,0.0,0.0,0.0,0.0
100.0,0.0,0.0,0.0,0.0,0.0
19.0,80.0,0.0,1.0,0.0,0.0
11.0,87.0,1.0,1.0,0.0,0.0
2.0,91.0,0.0,7.0,0.0,0.0
1.0,95.0,0.0,4.0,0.0,0.0
1.0,99.0,0.0,0.0,0.0,0.0
1.0,99.0,0.0,0.0,0.0,0.0
72.0,28.0,0.0,0.0,0.0,0.0
1.0,98.0,0.0,1.0,0.0,0.0
10.0,90.0,0.0,0.0,0.0,0.0
25.0,75.0,0.0,0.0,0.0,0.0
100.0,0.0,0.0,0.0,0.0,0.0
2.0,98.0,0.0,0.0,0.0,0.0
75.0,21.0,0.0,4.0,0.0,0.0
1.0,96.0,0.0,3.0,0.0,0.0
30.0,69.0,0.0,1.0,0.0,0.0
100.0,0.0,0.0,0.0,0.0,0.0
84.0,11.0,0.0,5.0,0.0,0.0
1.0,94.0,0.0,5.0,0.0,0.0
38.0,0.0,19.0,1.0,0.0,0.0
3.0,97.0,0.0,0.0,0.0,0.0
21.0,79.0,0.0,0.0,0.0,0.0
32.0,68.0,0.0,0.0,0.0,0.0
8.0,89.0,0.0,3.0,0.0,0.0
7.0,49.0,0.0,2.0,42.0,0.0
59.0,40.0,0.0,1.0,0.0,0.0
34.0,65.0,0.0,1.0,0.0,0.0
24.0,75.0,0.0,1.0,0.0,0.0
17.0,83.0,0.0,0.0,0.0,0.0
71.0,28.0,0.0,1.0,0.0,0.0
100.0,0.0,0.0,0.0,0.0,0.0
83.0,16.0,0.0,1.0,0.0,0.0
1.0,98.0,1.0,0.0,0.0,0.0
95.0,5.0,0.0,0.0,0.0,0.0
37.0,19.0,0.0,3.0,41.0,0.0
36.0,64.0,0.0,0.0,0.0,0.0
9.0,60.0,0.0,3.0,28.0,0.0
2.0,97.0,0.0,1.0,0.0,0.0
50.0,48.0,0.0,2.0,0.0,0.0
46.0,54.0,0.0,0.0,0.0,0.0
100.0,0.0,0.0,0.0,0.0,0.0
47.0,53.0,0.0,0.0,0.0,0.0
8.0,90.0,0.0,2.0,0.0,0.0
61.0,36.0,0.0,3.0,0.0,0.0
100.0,0.0,0.0,0.0,0.0,0.0
91.0,4.0,0.0,5.0,0.0,0.0
29.0,71.0,0.0,0.0,0.0,0.0
35.0,65.0,0.0,0.0,0.0,0.0
41.0,57.0,0.0,2.0,0.0,0.0
1.0,25.0,0.0,1.0,73.0,0.0
85.0,15.0,0.0,0.0,0.0,0.0
18.0,79.0,0.0,3.0,0.0,0.0
1.0,98.0,1.0,0.0,0.0,0.0
29.0,71.0,0.0,0.0,0.0,0.0
15.0,85.0,0.0,0.0,0.0,0.0
22.0,76.0,0.0,2.0,0.0,0.0
13.0,80.0,0.0,7.0,0.0,0.0
28.0,68.0,0.0,4.0,0.0,0.0
88.0,1.0,0.0,11.0,0.0,0.0
6.0,94.0,0.0,0.0,0.0,0.0
4.0,96.0,0.0,0.0,0.0,0.0
100.0,0.0,0.0,0.0,0.0,0.0
54.0,39.0,0.0,7.0,0.0,0.0
7.0,89.0,0.0,4.0,0.0,0.0
56.0,44.0,0.0,0.0,0.0,0.0
50.0,50.0,0.0,0.0,0.0,0.0
1.0,99.0,0.0,0.0,0.0,0.0
99.0,1.0,0.0,0.0,0.0,0.0
11.0,85.0,0.0,4.0,0.0,0.0
64.0,32.0,0.0,4.0,0.0,0.0
71.0,27.0,0.0,2.0,0.0,0.0
19.0,80.0,0.0,1.0,0.0,0.0
100.0,0.0,0.0,0.0,0.0,0.0
5.0,95.0,0.0,0.0,0.0,0.0
22.0,78.0,0.0,0.0,0.0,0.0
1.0,99.0,0.0,0.0,0.0,0.0
5.0,95.0,0.0,0.0,0.0,0.0
74.0,25.0,0.0,1.0,0.0,0.0
56.0,44.0,0.0,0.0,0.0,0.0
100.0,0.0,0.0,0.0,0.0,0.0
9.0,91.0,0.0,0.0,0.0,0.0
100.0,0.0,0.0,0.0,0.0,0.0
59.0,41.0,0.0,0.0,0.0,0.0
66.0,34.0,0.0,0.0,0.0,0.0
73.0,27.0,0.0,0.0,0.0,0.0
100.0,0.0,0.0,0.0,0.0,0.0
100.0,0.0,0.0,0.0,0.0,0.0
57.0,43.0,0.0,0.0,0.0,0.0
86.0,13.0,0.0,1.0,0.0,0.0
5.0,95.0,0.0,0.0,0.0,0.0
14.0,84.0,0.0,2.0,0.0,0.0
1.0,95.0,0.0,4.0,0.0,0.0
11.0,88.0,0.0,1.0,0.0,0.0
1.0,95.0,0.0,4.0,0.0,0.0
60.0,37.0,0.0,3.0,0.0,0.0
1.0,99.0,0.0,0.0,0.0,0.0
22.0,78.0,0.0,0.0,0.0,0.0
24.0,74.0,0.0,2.0,0.0,0.0
26.0,74.0,0.0,0.0,0.0,0.0
51.0,48.0,0.0,1.0,0.0,0.0
29.0,66.0,0.0,5.0,0.0,0.0
25.0,75.0,0.0,0.0,0.0,0.0
1.0,99.0,0.0,0.0,0.0,0.0
25.0,69.0,0.0,6.0,0.0,0.0
3.0,97.0,0.0,0.0,0.0,0.0
2.0,98.0,0.0,0.0,0.0,0.0
36.0,61.0,0.0,3.0,0.0,0.0
1.0,98.0,0.0,1.0,0.0,0.0
26.0,74.0,0.0,0.0,0.0,0.0
24.0,74.0,0.0,2.0,0.0,0.0
18.0,82.0,0.0,0.0,0.0,0.0
1.0,99.0,0.0,0.0,0.0,0.0
17.0,83.0,0.0,0.0,0.0,0.0
1.0,99.0,0.0,0.0,0.0,0.0
28.0,69.0,0.0,3.0,0.0,0.0
56.0,43.0,0.0,1.0,0.0,0.0
46.0,54.0,0.0,0.0,0.0,0.0
59.0,37.0,0.0,4.0,0.0,0.0
12.0,86.0,0.0,2.0,0.0,0.0
2.0,93.0,0.0,5.0,0.0,0.0
3.0,94.0,0.0,3.0,0.0,0.0
11.0,85.0,0.0,4.0,0.0,0.0
65.0,30.0,0.0,5.0,0.0,0.0
8.0,92.0,0.0,0.0,0.0,0.0
5.0,95.0,0.0,0.0,0.0,0.0
1.0,99.0,0.0,0.0,0.0,0.0
47.0,52.0,0.0,1.0,0.0,0.0
74.0,23.0,0.0,3.0,0.0,0.0
23.0,77.0,0.0,0.0,0.0,0.0
6.0,85.0,0.0,9.0,0.0,0.0
71.0,25.0,0.0,4.0,0.0,0.0
46.0,51.0,0.0,3.0,0.0,0.0
1.0,99.0,0.0,0.0,0.0,0.0
21.0,79.0,0.0,0.0,0.0,0.0
100.0,0.0,0.0,0.0,0.0,0.0
1.0,99.0,0.0,0.0,0.0,0.0
91.0,9.0,0.0,0.0,0.0,0.0
48.0,51.0,0.0,1.0,0.0,0.0
100.0,0.0,0.0,0.0,0.0,0.0
10.0,90.0,0.0,0.0,0.0,0.0
58.0,42.0,0.0,0.0,0.0,0.0
57.0,43.0,0.0,0.0,0.0,0.0
3.0,95.0,0.0,2.0,0.0,0.0
5.0,95.0,0.0,0.0,0.0,0.0
1.0,99.0,0.0,0.0,0.0,0.0
2.0,98.0,0.0,0.0,0.0,0.0
53.0,47.0,0.0,0.0,0.0,0.0
100.0,0.0,0.0,0.0,0.0,0.0
1.0,99.0,0.0,0.0,0.0,0.0
80.0,20.0,0.0,0.0,0.0,0.0
1.0,99.0,0.0,0.0,0.0,0.0
3.0,97.0,0.0,0.0,0.0,0.0
100.0,0.0,0.0,0.0,0.0,0.0
30.0,69.0,0.0,1.0,0.0,0.0
20.0,80.0,0.0,0.0,0.0,0.0
17.0,83.0,0.0,0.0,0.0,0.0
12.0,76.0,0.0,5.0,7.0,0.0
11.0,83.0,0.0,6.0,0.0,0.0
100.0,0.0,0.0,0.0,0.0,0.0
15.0,85.0,0.0,0.0,0.0,0.0
1.0,99.0,0.0,0.0,0.0,0.0
4.0,94.0,0.0,2.0,0.0,0.0
15.0,83.0,0.0,2.0,0.0,0.0
48.0,50.0,0.0,2.0,0.0,0.0
1.0,97.0,0.0,2.0,0.0,0.0
29.0,71.0,0.0,0.0,0.0,0.0
14.0,86.0,0.0,0.0,0.0,0.0
12.0,88.0,0.0,0.0,0.0,0.0
16.0,82.0,0.0,2.0,0.0,0.0
1.0,99.0,0.0,0.0,0.0,0.0
14.0,82.0,0.0,4.0,0.0,0.0
1.0,99.0,0.0,0.0,0.0,0.0
24.0,75.0,0.0,1.0,0.0,0.0
70.0,30.0,0.0,0.0,0.0,0.0
80.0,20.0,0.0,0.0,0.0,0.0
45.0,55.0,0.0,0.0,0.0,0.0
1.0,99.0,0.0,0.0,0.0,0.0
61.0,39.0,0.0,0.0,0.0,0.0
9.0,91.0,0.0,0.0,0.0,0.0
30.0,69.0,0.0,1.0,0.0,0.0
40.0,60.0,0.0,0.0,0.0,0.0
63.0,37.0,0.0,0.0,0.0,0.0
26.0,69.0,0.0,2.0,3.0,0.0
26.0,73.0,0.0,1.0,0.0,0.0
86.0,14.0,0.0,0.0,0.0,0.0
45.0,55.0,0.0,0.0,0.0,0.0
44.0,56.0,0.0,0.0,0.0,0.0
3.0,97.0,0.0,0.0,0.0,0.0
1.0,98.0,0.0,1.0,0.0,0.0
13.0,87.0,0.0,0.0,0.0,0.0
20.0,79.0,0.0,1.0,0.0,0.0
1.0,99.0,0.0,0.0,0.0,0.0
64.0,35.0,0.0,1.0,0.0,0.0
56.0,42.0,0.0,2.0,0.0,0.0
1.0,99.0,0.0,0.0,0.0,0.0
3.0,96.0,0.0,1.0,0.0,0.0
2.0,98.0,0.0,0.0,0.0,0.0
2.0,97.0,0.0,1.0,0.0,0.0
1.0,96.0,0.0,3.0,0.0,0.0
2.0,98.0,0.0,0.0,0.0,0.0
44.0,56.0,0.0,0.0,0.0,0.0
1.0,99.0,0.0,0.0,0.0,0.0
86.0,14.0,0.0,0.0,0.0,0.0
37.0,62.0,0.0,1.0,0.0,0.0
11.0,89.0,0.0,0.0,0.0,0.0
77.0,23.0,0.0,0.0,0.0,0.0
82.0,16.0,0.0,2.0,0.0,0.0
100.0,0.0,0.0,0.0,0.0,0.0
38.0,55.0,0.0,7.0,0.0,0.0
6.0,91.0,0.0,3.0,0.0,0.0
36.0,63.0,0.0,1.0,0.0,0.0
12.0,88.0,0.0,0.0,0.0,0.0
1.0,99.0,0.0,0.0,0.0,0.0
40.0,60.0,0.0,0.0,0.0,0.0
15.0,85.0,0.0,0.0,0.0,0.0
90.0,8.0,0.0,2.0,0.0,0.0
66.0,30.0,0.0,4.0,0.0,0.0
45.0,55.0,0.0,0.0,0.0,0.0
21.0,79.0,0.0,0.0,0.0,0.0
92.0,8.0,0.0,0.0,0.0,0.0
36.0,63.0,0.0,1.0,0.0,0.0
17.0,82.0,0.0,1.0,0.0,0.0
1.0,99.0,0.0,0.0,0.0,0.0
19.0,81.0,0.0,0.0,0.0,0.0
40.0,56.0,0.0,4.0,0.0,0.0
100.0,0.0,0.0,0.0,0.0,0.0
2.0,98.0,0.0,0.0,0.0,0.0
1.0,91.0,0.0,8.0,0.0,0.0
12.0,86.0,0.0,2.0,0.0,0.0
19.0,81.0,0.0,0.0,0.0,0.0
1.0,99.0,0.0,0.0,0.0,0.0
1.0,99.0,0.0,0.0,0.0,0.0
18.0,79.0,0.0,3.0,0.0,0.0
2.0,98.0,0.0,0.0,0.0,0.0
21.0,76.0,0.0,3.0,0.0,0.0
46.0,54.0,0.0,0.0,0.0,0.0
31.0,69.0,0.0,0.0,0.0,0.0
53.0,44.0,0.0,3.0,0.0,0.0
42.0,57.0,0.0,1.0,0.0,0.0
21.0,79.0,0.0,0.0,0.0,0.0
66.0,34.0,0.0,0.0,0.0,0.0
44.0,56.0,0.0,0.0,0.0,0.0
6.0,94.0,0.0,0.0,0.0,0.0
100.0,0.0,0.0,0.0,0.0,0.0
1.0,99.0,0.0,0.0,0.0,0.0
35.0,65.0,0.0,0.0,0.0,0.0
1.0,97.0,0.0,2.0,0.0,0.0
2.0,98.0,0.0,0.0,0.0,0.0
100.0,0.0,0.0,0.0,0.0,0.0
100.0,0.0,0.0,0.0,0.0,0.0
3.0,97.0,0.0,0.0,0.0,0.0
18.0,82.0,0.0,0.0,0.0,0.0
19.0,80.0,0.0,1.0,0.0,0.0
57.0,43.0,0.0,0.0,0.0,0.0
57.0,40.0,0.0,3.0,0.0,0.0
1.0,99.0,0.0,0.0,0.0,0.0
3.0,97.0,0.0,0.0,0.0,0.0
56.0,43.0,0.0,1.0,0.0,0.0
100.0,0.0,0.0,0.0,0.0,0.0
44.0,55.0,0.0,1.0,0.0,0.0
29.0,69.0,0.0,2.0,0.0,0.0
29.0,69.0,0.0,2.0,0.0,0.0
5.0,92.0,0.0,3.0,0.0,0.0
2.0,95.0,0.0,3.0,0.0,0.0
100.0,0.0,0.0,0.0,0.0,0.0
59.0,38.0,0.0,3.0,0.0,0.0
1.0,94.0,0.0,5.0,0.0,0.0
3.0,96.0,0.0,1.0,0.0,0.0
62.0,38.0,0.0,0.0,0.0,0.0
100.0,0.0,0.0,0.0,0.0,0.0
21.0,79.0,0.0,0.0,0.0,0.0
1.0,98.0,1.0,0.0,0.0,0.0
36.0,61.0,0.0,3.0,0.0,0.0
47.0,53.0,0.0,0.0,0.0,0.0
53.0,47.0,0.0,0.0,0.0,0.0
61.0,39.0,0.0,0.0,0.0,0.0
100.0,0.0,0.0,0.0,0.0,0.0
20.0,80.0,0.0,0.0,0.0,0.0
15.0,85.0,0.0,0.0,0.0,0.0
89.0,11.0,0.0,0.0,0.0,0.0
75.0,25.0,0.0,0.0,0.0,0.0
1.0,99.0,0.0,0.0,0.0,0.0
5.0,92.0,0.0,3.0,0.0,0.0
37.0,59.0,0.0,4.0,0.0,0.0
79.0,17.0,0.0,4.0,0.0,0.0
1.0,97.0,0.0,2.0,0.0,0.0
36.0,63.0,0.0,1.0,0.0,0.0
72.0,28.0,0.0,0.0,0.0,0.0
1.0,99.0,0.0,0.0,0.0,0.0
2.0,98.0,0.0,0.0,0.0,0.0
1.0,27.0,0.0,1.0,71.0,0.0
19.0,80.0,0.0,1.0,0.0,0.0
13.0,86.0,0.0,1.0,0.0,0.0
43.0,54.0,0.0,3.0,0.0,0.0
60.0,39.0,0.0,1.0,0.0,0.0
89.0,8.0,0.0,3.0,0.0,0.0
37.0,0.0,8.0,3.0,0.0,0.0
12.0,11.0,0.0,7.0,70.0,0.0
14.0,84.0,0.0,2.0,0.0,0.0
13.0,83.0,0.0,4.0,0.0,0.0
100.0,0.0,0.0,0.0,0.0,0.0
26.0,74.0,0.0,0.0,0.0,0.0
5.0,94.0,0.0,1.0,0.0,0.0
16.0,84.0,0.0,0.0,0.0,0.0
12.0,87.0,0.0,1.0,0.0,0.0
1.0,99.0,0.0,0.0,0.0,0.0
44.0,56.0,0.0,0.0,0.0,0.0
55.0,43.0,0.0,2.0,0.0,0.0
55.0,45.0,0.0,0.0,0.0,0.0
1.0,98.0,0.0,1.0,0.0,0.0
43.0,57.0,0.0,0.0,0.0,0.0
100.0,0.0,0.0,0.0,0.0,0.0
23.0,72.0,0.0,5.0,0.0,0.0
21.0,77.0,0.0,2.0,0.0,0.0
4.0,96.0,0.0,0.0,0.0,0.0
17.0,83.0,0.0,0.0,0.0,0.0
23.0,77.0,0.0,0.0,0.0,0.0
24.0,76.0,0.0,0.0,0.0,0.0
12.0,88.0,0.0,0.0,0.0,0.0
31.0,69.0,0.0,0.0,0.0,0.0
22.0,40.0,0.0,2.0,36.0,0.0
1.0,99.0,0.0,0.0,0.0,0.0
39.0,61.0,0.0,0.0,0.0,0.0
73.0,27.0,0.0,0.0,0.0,0.0
20.0,79.0,0.0,1.0,0.0,0.0
1.0,95.0,0.0,4.0,0.0,0.0
70.0,29.0,0.0,1.0,0.0,0.0
5.0,84.0,0.0,11.0,0.0,0.0
13.0,87.0,0.0,0.0,0.0,0.0
1.0,95.0,0.0,4.0,0.0,0.0
7.0,88.0,0.0,5.0,0.0,0.0
1.0,9.0,0.0,1.0,89.0,0.0
1.0,99.0,0.0,0.0,0.0,0.0
6.0,93.0,0.0,1.0,0.0,0.0
56.0,43.0,0.0,1.0,0.0,0.0
71.0,27.0,0.0,2.0,0.0,0.0
59.0,41.0,0.0,0.0,0.0,0.0
48.0,52.0,0.0,0.0,0.0,0.0
3.0,97.0,0.0,0.0,0.0,0.0
24.0,76.0,0.0,0.0,0.0,0.0
56.0,44.0,0.0,0.0,0.0,0.0
100.0,0.0,0.0,0.0,0.0,0.0
2.0,33.0,0.0,3.0,62.0,0.0
13.0,87.0,0.0,0.0,0.0,0.0
47.0,52.0,0.0,1.0,0.0,0.0
21.0,79.0,0.0,0.0,0.0,0.0
8.0,91.0,0.0,1.0,0.0,0.0
51.0,49.0,0.0,0.0,0.0,0.0
100.0,0.0,0.0,0.0,0.0,0.0
66.0,34.0,0.0,0.0,0.0,0.0
13.0,84.0,0.0,3.0,0.0,0.0
44.0,56.0,0.0,0.0,0.0,0.0
23.0,77.0,0.0,0.0,0.0,0.0
11.0,82.0,0.0,7.0,0.0,0.0
71.0,29.0,0.0,0.0,0.0,0.0
33.0,66.0,0.0,1.0,0.0,0.0
100.0,0.0,0.0,0.0,0.0,0.0
27.0,71.0,0.0,2.0,0.0,0.0
100.0,0.0,0.0,0.0,0.0,0.0
1.0,94.0,0.0,5.0,0.0,0.0
1.0,98.0,1.0,0.0,0.0,0.0
1.0,98.0,0.0,1.0,0.0,0.0
12.0,79.0,0.0,1.0,8.0,0.0
1.0,98.0,0.0,1.0,0.0,0.0
50.0,50.0,0.0,0.0,0.0,0.0
76.0,23.0,0.0,1.0,0.0,0.0
46.0,54.0,0.0,0.0,0.0,0.0
33.0,64.0,0.0,3.0,0.0,0.0
2.0,97.0,0.0,1.0,0.0,0.0
22.0,78.0,0.0,0.0,0.0,0.0
1.0,99.0,0.0,0.0,0.0,0.0
1.0,95.0,1.0,3.0,0.0,0.0
46.0,53.0,0.0,1.0,0.0,0.0
26.0,74.0,0.0,0.0,0.0,0.0
1.0,97.0,0.0,2.0,0.0,0.0
27.0,72.0,0.0,1.0,0.0,0.0
8.0,90.0,0.0,2.0,0.0,0.0
45.0,54.0,0.0,1.0,0.0,0.0
41.0,59.0,0.0,0.0,0.0,0.0
53.0,47.0,0.0,0.0,0.0,0.0
57.0,39.0,0.0,4.0,0.0,0.0
3.0,97.0,0.0,0.0,0.0,0.0
25.0,73.0,0.0,2.0,0.0,0.0
1.0,98.0,0.0,1.0,0.0,0.0
29.0,71.0,0.0,0.0,0.0,0.0
28.0,69.0,0.0,3.0,0.0,0.0
38.0,62.0,0.0,0.0,0.0,0.0
11.0,89.0,0.0,0.0,0.0,0.0
1.0,97.0,0.0,2.0,0.0,0.0
19.0,81.0,0.0,0.0,0.0,0.0
9.0,90.0,0.0,1.0,0.0,0.0
5.0,91.0,0.0,4.0,0.0,0.0
23.0,77.0,0.0,0.0,0.0,0.0
6.0,89.0,0.0,5.0,0.0,0.0
1.0,95.0,0.0,4.0,0.0,0.0
8.0,92.0,0.0,0.0,0.0,0.0
30.0,70.0,0.0,0.0,0.0,0.0
7.0,93.0,0.0,0.0,0.0,0.0
3.0,97.0,0.0,0.0,0.0,0.0
1.0,99.0,0.0,0.0,0.0,0.0
57.0,40.0,0.0,3.0,0.0,0.0
2.0,98.0,0.0,0.0,0.0,0.0
2.0,96.0,0.0,2.0,0.0,0.0
2.0,98.0,0.0,0.0,0.0,0.0
13.0,87.0,0.0,0.0,0.0,0.0
83.0,13.0,0.0,4.0,0.0,0.0
29.0,71.0,0.0,0.0,0.0,0.0
1.0,95.0,0.0,4.0,0.0,0.0
1.0,99.0,0.0,0.0,0.0,0.0
17.0,83.0,0.0,0.0,0.0,0.0
27.0,72.0,0.0,1.0,0.0,0.0
22.0,77.0,0.0,1.0,0.0,0.0
45.0,55.0,0.0,0.0,0.0,0.0
63.0,36.0,1.0,0.0,0.0,0.0
47.0,51.0,0.0,2.0,0.0,0.0
16.0,84.0,0.0,0.0,0.0,0.0
5.0,95.0,0.0,0.0,0.0,0.0
1.0,99.0,0.0,0.0,0.0,0.0
1.0,95.0,0.0,4.0,0.0,0.0
2.0,97.0,0.0,1.0,0.0,0.0
2.0,98.0,0.0,0.0,0.0,0.0
3.0,95.0,0.0,2.0,0.0,0.0
100.0,0.0,0.0,0.0,0.0,0.0
66.0,32.0,0.0,2.0,0.0,0.0
1.0,99.0,0.0,0.0,0.0,0.0
9.0,90.0,0.0,1.0,0.0,0.0
16.0,84.0,0.0,0.0,0.0,0.0
39.0,60.0,0.0,1.0,0.0,0.0
20.0,79.0,0.0,1.0,0.0,0.0
43.0,55.0,0.0,2.0,0.0,0.0
28.0,72.0,0.0,0.0,0.0,0.0
33.0,67.0,0.0,0.0,0.0,0.0
1.0,99.0,0.0,0.0,0.0,0.0
15.0,85.0,0.0,0.0,0.0,0.0
26.0,74.0,0.0,0.0,0.0,0.0
40.0,60.0,0.0,0.0,0.0,0.0
100.0,0.0,0.0,0.0,0.0,0.0
9.0,85.0,0.0,6.0,0.0,0.0
1.0,96.0,0.0,3.0,0.0,0.0
1.0,96.0,0.0,3.0,0.0,0.0
38.0,62.0,0.0,0.0,0.0,0.0
44.0,55.0,0.0,1.0,0.0,0.0
2.0,97.0,0.0,1.0,0.0,0.0
66.0,23.0,0.0,11.0,0.0,0.0
1.0,99.0,0.0,0.0,0.0,0.0
38.0,62.0,0.0,0.0,0.0,0.0
8.0,92.0,0.0,0.0,0.0,0.0
1.0,91.0,0.0,8.0,0.0,0.0
2.0,98.0,0.0,0.0,0.0,0.0
61.0,39.0,0.0,0.0,0.0,0.0
61.0,38.0,0.0,1.0,0.0,0.0
1.0,99.0,0.0,0.0,0.0,0.0
48.0,52.0,0.0,0.0,0.0,0.0
1.0,95.0,0.0,4.0,0.0,0.0
43.0,57.0,0.0,0.0,0.0,0.0
1.0,98.0,1.0,0.0,0.0,0.0
1.0,99.0,0.0,0.0,0.0,0.0
2.0,97.0,0.0,1.0,0.0,0.0
24.0,76.0,0.0,0.0,0.0,0.0
84.0,15.0,0.0,1.0,0.0,0.0
1.0,99.0,0.0,0.0,0.0,0.0
1.0,97.0,0.0,2.0,0.0,0.0
2.0,98.0,0.0,0.0,0.0,0.0
8.0,92.0,0.0,0.0,0.0,0.0
65.0,31.0,0.0,4.0,0.0,0.0
79.0,21.0,0.0,0.0,0.0,0.0
1.0,95.0,0.0,4.0,0.0,0.0
41.0,59.0,0.0,0.0,0.0,0.0
15.0,83.0,0.0,2.0,0.0,0.0
31.0,69.0,0.0,0.0,0.0,0.0
27.0,73.0,0.0,0.0,0.0,0.0
100.0,0.0,0.0,0.0,0.0,0.0
13.0,87.0,0.0,0.0,0.0,0.0
7.0,86.0,0.0,7.0,0.0,0.0
1.0,97.0,0.0,2.0,0.0,0.0
5.0,95.0,0.0,0.0,0.0,0.0
54.0,46.0,0.0,0.0,0.0,0.0
19.0,80.0,0.0,1.0,0.0,0.0
22.0,78.0,0.0,0.0,0.0,0.0
2.0,98.0,0.0,0.0,0.0,0.0
38.0,62.0,0.0,0.0,0.0,0.0
33.0,67.0,0.0,0.0,0.0,0.0
36.0,63.0,0.0,1.0,0.0,0.0
2.0,96.0,0.0,2.0,0.0,0.0
29.0,71.0,0.0,0.0,0.0,0.0
1.0,95.0,0.0,4.0,0.0,0.0
30.0,70.0,0.0,0.0,0.0,0.0
66.0,33.0,0.0,1.0,0.0,0.0
30.0,66.0,0.0,4.0,0.0,0.0
8.0,89.0,0.0,3.0,0.0,0.0
1.0,97.0,0.0,2.0,0.0,0.0
14.0,85.0,0.0,1.0,0.0,0.0
1.0,97.0,0.0,2.0,0.0,0.0
22.0,75.0,0.0,3.0,0.0,0.0
15.0,84.0,0.0,1.0,0.0,0.0
80.0,17.0,0.0,3.0,0.0,0.0
1.0,99.0,0.0,0.0,0.0,0.0
5.0,95.0,0.0,0.0,0.0,0.0
1.0,99.0,0.0,0.0,0.0,0.0
1.0,99.0,0.0,0.0,0.0,0.0
1.0,98.0,0.0,1.0,0.0,0.0
1.0,98.0,0.0,1.0,0.0,0.0
1.0,99.0,0.0,0.0,0.0,0.0
63.0,37.0,0.0,0.0,0.0,0.0
1.0,99.0,0.0,0.0,0.0,0.0
2.0,96.0,0.0,2.0,0.0,0.0
76.0,22.0,0.0,2.0,0.0,0.0
20.0,79.0,0.0,1.0,0.0,0.0
2.0,89.0,0.0,1.0,8.0,0.0
43.0,57.0,0.0,0.0,0.0,0.0
49.0,51.0,0.0,0.0,0.0,0.0
1.0,99.0,0.0,0.0,0.0,0.0
1.0,97.0,0.0,2.0,0.0,0.0
43.0,57.0,0.0,0.0,0.0,0.0
1.0,99.0,0.0,0.0,0.0,0.0
6.0,94.0,0.0,0.0,0.0,0.0
54.0,43.0,0.0,3.0,0.0,0.0
1.0,99.0,0.0,0.0,0.0,0.0
1.0,99.0,0.0,0.0,0.0,0.0
17.0,83.0,0.0,0.0,0.0,0.0
70.0,0.0,8.0,1.0,0.0,0.0
1.0,98.0,0.0,1.0,0.0,0.0
10.0,72.0,0.0,4.0,14.0,0.0
1.0,98.0,0.0,1.0,0.0,0.0
100.0,0.0,0.0,0.0,0.0,0.0
1.0,99.0,0.0,0.0,0.0,0.0
69.0,31.0,0.0,0.0,0.0,0.0
4.0,95.0,0.0,1.0,0.0,0.0
52.0,3.0,0.0,3.0,42.0,0.0
1.0,99.0,0.0,0.0,0.0,0.0
27.0,72.0,0.0,1.0,0.0,0.0
1.0,99.0,0.0,0.0,0.0,0.0
6.0,91.0,0.0,3.0,0.0,0.0
40.0,60.0,0.0,0.0,0.0,0.0
1.0,99.0,0.0,0.0,0.0,0.0
2.0,98.0,0.0,0.0,0.0,0.0
24.0,76.0,0.0,0.0,0.0,0.0
13.0,86.0,0.0,1.0,0.0,0.0
100.0,0.0,0.0,0.0,0.0,0.0
23.0,77.0,0.0,0.0,0.0,0.0
27.0,73.0,0.0,0.0,0.0,0.0
12.0,88.0,0.0,0.0,0.0,0.0
20.0,79.0,0.0,1.0,0.0,0.0
9.0,90.0,0.0,1.0,0.0,0.0
15.0,85.0,0.0,0.0,0.0,0.0
2.0,98.0,0.0,0.0,0.0,0.0
51.0,48.0,0.0,1.0,0.0,0.0
1.0,97.0,0.0,2.0,0.0,0.0
26.0,71.0,0.0,3.0,0.0,0.0
71.0,29.0,0.0,0.0,0.0,0.0
4.0,94.0,0.0,2.0,0.0,0.0
26.0,74.0,0.0,0.0,0.0,0.0
14.0,34.0,0.0,5.0,47.0,0.0
1.0,98.0,0.0,1.0,0.0,0.0
5.0,95.0,0.0,0.0,0.0,0.0
26.0,74.0,0.0,0.0,0.0,0.0
2.0,98.0,0.0,0.0,0.0,0.0
16.0,79.0,0.0,5.0,0.0,0.0
39.0,61.0,0.0,0.0,0.0,0.0
9.0,91.0,0.0,0.0,0.0,0.0
1.0,0.0,59.0,1.0,0.0,0.0
20.0,77.0,0.0,3.0,0.0,0.0
1.0,94.0,0.0,5.0,0.0,0.0
29.0,71.0,0.0,0.0,0.0,0.0
12.0,88.0,0.0,0.0,0.0,0.0
2.0,95.0,0.0,3.0,0.0,0.0
1.0,97.0,0.0,2.0,0.0,0.0
1.0,99.0,0.0,0.0,0.0,0.0
29.0,67.0,0.0,4.0,0.0,0.0
45.0,54.0,0.0,1.0,0.0,0.0
20.0,79.0,0.0,1.0,0.0,0.0
2.0,95.0,0.0,3.0,0.0,0.0
80.0,20.0,0.0,0.0,0.0,0.0
4.0,95.0,0.0,1.0,0.0,0.0
1.0,99.0,0.0,0.0,0.0,0.0
24.0,74.0,0.0,2.0,0.0,0.0
1.0,93.0,0.0,6.0,0.0,0.0
69.0,31.0,0.0,0.0,0.0,0.0
1.0,96.0,0.0,3.0,0.0,0.0
1.0,81.0,0.0,3.0,15.0,0.0
19.0,81.0,0.0,0.0,0.0,0.0
10.0,90.0,0.0,0.0,0.0,0.0
3.0,97.0,0.0,0.0,0.0,0.0
53.0,45.0,0.0,2.0,0.0,0.0
48.0,52.0,0.0,0.0,0.0,0.0
2.0,98.0,0.0,0.0,0.0,0.0
1.0,0.0,18.0,7.0,0.0,0.0
11.0,89.0,0.0,0.0,0.0,0.0
2.0,98.0,0.0,0.0,0.0,0.0
9.0,91.0,0.0,0.0,0.0,0.0
6.0,94.0,0.0,0.0,0.0,0.0
29.0,0.0,34.0,1.0,0.0,0.0
26.0,74.0,0.0,0.0,0.0,0.0
16.0,83.0,0.0,1.0,0.0,0.0
34.0,65.0,0.0,1.0,0.0,0.0
15.0,83.0,0.0,2.0,0.0,0.0
11.0,89.0,0.0,0.0,0.0,0.0
12.0,88.0,0.0,0.0,0.0,0.0
43.0,57.0,0.0,0.0,0.0,0.0
2.0,97.0,0.0,1.0,0.0,0.0
90.0,10.0,0.0,0.0,0.0,0.0
4.0,96.0,0.0,0.0,0.0,0.0
1.0,98.0,0.0,1.0,0.0,0.0
19.0,81.0,0.0,0.0,0.0,0.0
1.0,99.0,0.0,0.0,0.0,0.0
23.0,77.0,0.0,0.0,0.0,0.0
91.0,9.0,0.0,0.0,0.0,0.0
34.0,66.0,0.0,0.0,0.0,0.0
36.0,64.0,0.0,0.0,0.0,0.0
39.0,61.0,0.0,0.0,0.0,0.0
89.0,11.0,0.0,0.0,0.0,0.0
54.0,43.0,0.0,3.0,0.0,0.0
1.0,99.0,0.0,0.0,0.0,0.0
11.0,83.0,0.0,6.0,0.0,0.0
13.0,83.0,0.0,4.0,0.0,0.0
10.0,11.0,0.0,1.0,78.0,0.0
1.0,98.0,0.0,1.0,0.0,0.0
14.0,84.0,0.0,2.0,0.0,0.0
15.0,85.0,0.0,0.0,0.0,0.0
35.0,65.0,0.0,0.0,0.0,0.0
27.0,71.0,0.0,2.0,0.0,0.0
34.0,66.0,0.0,0.0,0.0,0.0
1.0,99.0,0.0,0.0,0.0,0.0
43.0,57.0,0.0,0.0,0.0,0.0
3.0,96.0,0.0,1.0,0.0,0.0
96.0,1.0,0.0,3.0,0.0,0.0
1.0,99.0,0.0,0.0,0.0,0.0
89.0,11.0,0.0,0.0,0.0,0.0
33.0,66.0,0.0,1.0,0.0,0.0
22.0,78.0,0.0,0.0,0.0,0.0
66.0,31.0,0.0,3.0,0.0,0.0
22.0,73.0,0.0,5.0,0.0,0.0
62.0,36.0,0.0,2.0,0.0,0.0
1.0,99.0,0.0,0.0,0.0,0.0
1.0,31.0,0.0,1.0,67.0,0.0
52.0,48.0,0.0,0.0,0.0,0.0
1.0,98.0,1.0,0.0,0.0,0.0
9.0,88.0,0.0,3.0,0.0,0.0
41.0,56.0,0.0,3.0,0.0,0.0
4.0,95.0,0.0,1.0,0.0,0.0
36.0,64.0,0.0,0.0,0.0,0.0
10.0,90.0,0.0,0.0,0.0,0.0
17.0,82.0,0.0,1.0,0.0,0.0
39.0,61.0,0.0,0.0,0.0,0.0
11.0,89.0,0.0,0.0,0.0,0.0
58.0,42.0,0.0,0.0,0.0,0.0
3.0,96.0,0.0,1.0,0.0,0.0
70.0,30.0,0.0,0.0,0.0,0.0
7.0,93.0,0.0,0.0,0.0,0.0
19.0,76.0,0.0,5.0,0.0,0.0
4.0,96.0,0.0,0.0,0.0,0.0
1.0,99.0,0.0,0.0,0.0,0.0
1.0,97.0,0.0,2.0,0.0,0.0
1.0,99.0,0.0,0.0,0.0,0.0
11.0,89.0,0.0,0.0,0.0,0.0
1.0,99.0,0.0,0.0,0.0,0.0
18.0,79.0,0.0,3.0,0.0,0.0
60.0,40.0,0.0,0.0,0.0,0.0
18.0,82.0,0.0,0.0,0.0,0.0
10.0,90.0,0.0,0.0,0.0,0.0
100.0,0.0,0.0,0.0,0.0,0.0
70.0,28.0,0.0,2.0,0.0,0.0
5.0,95.0,0.0,0.0,0.0,0.0
22.0,72.0,0.0,6.0,0.0,0.0
23.0,77.0,0.0,0.0,0.0,0.0
100.0,0.0,0.0,0.0,0.0,0.0
46.0,53.0,0.0,1.0,0.0,0.0
1.0,99.0,0.0,0.0,0.0,0.0
19.0,80.0,0.0,1.0,0.0,0.0
14.0,84.0,0.0,2.0,0.0,0.0
38.0,62.0,0.0,0.0,0.0,0.0
46.0,54.0,0.0,0.0,0.0,0.0
6.0,5.0,0.0,1.0,88.0,0.0
24.0,68.0,0.0,8.0,0.0,0.0
9.0,91.0,0.0,0.0,0.0,0.0
1.0,99.0,0.0,0.0,0.0,0.0
3.0,95.0,0.0,2.0,0.0,0.0
6.0,92.0,0.0,2.0,0.0,0.0
10.0,88.0,0.0,2.0,0.0,0.0
66.0,28.0,0.0,6.0,0.0,0.0
1.0,98.0,0.0,1.0,0.0,0.0
65.0,32.0,0.0,3.0,0.0,0.0
15.0,83.0,0.0,2.0,0.0,0.0
1.0,99.0,0.0,0.0,0.0,0.0
11.0,86.0,0.0,3.0,0.0,0.0
58.0,42.0,0.0,0.0,0.0,0.0
100.0,0.0,0.0,0.0,0.0,0.0
3.0,96.0,0.0,1.0,0.0,0.0
21.0,78.0,0.0,1.0,0.0,0.0
42.0,57.0,0.0,1.0,0.0,0.0
1.0,99.0,0.0,0.0,0.0,0.0
24.0,76.0,0.0,0.0,0.0,0.0
5.0,88.0,0.0,7.0,0.0,0.0
80.0,20.0,0.0,0.0,0.0,0.0
4.0,91.0,0.0,5.0,0.0,0.0
1.0,98.0,0.0,1.0,0.0,0.0
4.0,96.0,0.0,0.0,0.0,0.0
2.0,98.0,0.0,0.0,0.0,0.0
32.0,68.0,0.0,0.0,0.0,0.0
6.0,93.0,0.0,1.0,0.0,0.0
14.0,84.0,0.0,2.0,0.0,0.0
41.0,59.0,0.0,0.0,0.0,0.0
1.0,99.0,0.0,0.0,0.0,0.0
17.0,82.0,0.0,1.0,0.0,0.0
5.0,94.0,0.0,1.0,0.0,0.0
57.0,42.0,0.0,1.0,0.0,0.0
35.0,63.0,0.0,2.0,0.0,0.0
100.0,0.0,0.0,0.0,0.0,0.0
44.0,47.0,0.0,9.0,0.0,0.0
5.0,93.0,0.0,2.0,0.0,0.0
22.0,76.0,0.0,2.0,0.0,0.0
1.0,42.0,0.0,1.0,56.0,0.0
18.0,80.0,0.0,2.0,0.0,0.0
80.0,15.0,0.0,5.0,0.0,0.0
1.0,99.0,0.0,0.0,0.0,0.0
1.0,99.0,0.0,0.0,0.0,0.0
10.0,90.0,0.0,0.0,0.0,0.0
2.0,98.0,0.0,0.0,0.0,0.0
19.0,79.0,0.0,2.0,0.0,0.0
39.0,60.0,0.0,1.0,0.0,0.0
9.0,90.0,0.0,1.0,0.0,0.0
1.0,99.0,0.0,0.0,0.0,0.0
24.0,74.0,0.0,2.0,0.0,0.0
5.0,93.0,0.0,2.0,0.0,0.0
9.0,87.0,0.0,4.0,0.0,0.0
24.0,74.0,0.0,2.0,0.0,0.0
29.0,60.0,0.0,11.0,0.0,0.0
9.0,91.0,0.0,0.0,0.0,0.0
1.0,99.0,0.0,0.0,0.0,0.0
63.0,34.0,0.0,3.0,0.0,0.0
30.0,16.0,0.0,4.0,50.0,0.0
28.0,72.0,0.0,0.0,0.0,0.0
57.0,43.0,0.0,0.0,0.0,0.0
2.0,98.0,0.0,0.0,0.0,0.0
2.0,98.0,0.0,0.0,0.0,0.0
36.0,0.0,7.0,1.0,0.0,0.0
65.0,34.0,0.0,1.0,0.0,0.0
19.0,79.0,0.0,2.0,0.0,0.0
1.0,98.0,0.0,1.0,0.0,0.0
2.0,97.0,0.0,1.0,0.0,0.0
40.0,60.0,0.0,0.0,0.0,0.0
26.0,72.0,0.0,2.0,0.0,0.0
97.0,0.0,0.0,3.0,0.0,0.0
7.0,85.0,0.0,8.0,0.0,0.0
1.0,99.0,0.0,0.0,0.0,0.0
31.0,68.0,0.0,1.0,0.0,0.0
5.0,95.0,0.0,0.0,0.0,0.0
16.0,81.0,0.0,3.0,0.0,0.0
1.0,99.0,0.0,0.0,0.0,0.0
26.0,74.0,0.0,0.0,0.0,0.0
14.0,83.0,0.0,3.0,0.0,0.0
2.0,97.0,0.0,1.0,0.0,0.0
7.0,93.0,0.0,0.0,0.0,0.0
2.0,98.0,0.0,0.0,0.0,0.0
6.0,93.0,0.0,1.0,0.0,0.0
11.0,84.0,0.0,5.0,0.0,0.0
1.0,99.0,0.0,0.0,0.0,0.0
48.0,52.0,0.0,0.0,0.0,0.0
1.0,0.0,0.0,0.0,0.0,0.0
1.0,99.0,0.0,0.0,0.0,0.0
7.0,93.0,0.0,0.0,0.0,0.0
63.0,37.0,0.0,0.0,0.0,0.0
1.0,96.0,0.0,3.0,0.0,0.0
2.0,96.0,0.0,2.0,0.0,0.0
1.0,98.0,0.0,1.0,0.0,0.0
22.0,77.0,0.0,1.0,0.0,0.0
18.0,80.0,0.0,2.0,0.0,0.0
31.0,69.0,0.0,0.0,0.0,0.0
1.0,4.0,0.0,2.0,93.0,0.0
4.0,96.0,0.0,0.0,0.0,0.0
12.0,0.0,41.0,4.0,0.0,0.0
25.0,73.0,0.0,2.0,0.0,0.0
40.0,60.0,0.0,0.0,0.0,0.0
18.0,81.0,0.0,1.0,0.0,0.0
41.0,1.0,0.0,1.0,57.0,0.0
2.0,96.0,0.0,2.0,0.0,0.0
1.0,99.0,0.0,0.0,0.0,0.0
42.0,54.0,0.0,4.0,0.0,0.0
9.0,91.0,0.0,0.0,0.0,0.0
1.0,99.0,0.0,0.0,0.0,0.0
45.0,55.0,0.0,0.0,0.0,0.0
1.0,99.0,0.0,0.0,0.0,0.0
27.0,73.0,0.0,0.0,0.0,0.0
26.0,74.0,0.0,0.0,0.0,0.0
35.0,63.0,0.0,2.0,0.0,0.0
1.0,98.0,0.0,1.0,0.0,0.0
28.0,71.0,0.0,1.0,0.0,0.0
8.0,92.0,0.0,0.0,0.0,0.0
6.0,92.0,0.0,2.0,0.0,0.0
1.0,99.0,0.0,0.0,0.0,0.0
59.0,38.0,0.0,3.0,0.0,0.0
3.0,97.0,0.0,0.0,0.0,0.0
12.0,84.0,0.0,4.0,0.0,0.0
33.0,59.0,0.0,8.0,0.0,0.0
81.0,5.0,0.0,14.0,0.0,0.0
48.0,47.0,0.0,5.0,0.0,0.0
1.0,99.0,0.0,0.0,0.0,0.0
12.0,88.0,0.0,0.0,0.0,0.0
34.0,62.0,0.0,4.0,0.0,0.0
19.0,81.0,0.0,0.0,0.0,0.0
33.0,67.0,0.0,0.0,0.0,0.0
1.0,99.0,0.0,0.0,0.0,0.0
12.0,87.0,0.0,1.0,0.0,0.0
47.0,53.0,0.0,0.0,0.0,0.0
3.0,97.0,0.0,0.0,0.0,0.0
7.0,90.0,0.0,3.0,0.0,0.0
11.0,87.0,0.0,2.0,0.0,0.0
3.0,92.0,0.0,5.0,0.0,0.0
1.0,99.0,0.0,0.0,0.0,0.0
29.0,71.0,0.0,0.0,0.0,0.0
10.0,73.0,0.0,8.0,9.0,0.0
1.0,99.0,0.0,0.0,0.0,0.0
2.0,97.0,0.0,1.0,0.0,0.0
1.0,99.0,0.0,0.0,0.0,0.0
1.0,99.0,0.0,0.0,0.0,0.0
1.0,99.0,0.0,0.0,0.0,0.0
17.0,82.0,0.0,1.0,0.0,0.0
66.0,34.0,0.0,0.0,0.0,0.0
1.0,99.0,0.0,0.0,0.0,0.0
1.0,97.0,0.0,2.0,0.0,0.0
23.0,72.0,0.0,5.0,0.0,0.0
69.0,31.0,0.0,0.0,0.0,0.0
27.0,24.0,0.0,3.0,46.0,0.0
35.0,65.0,0.0,0.0,0.0,0.0
67.0,33.0,0.0,0.0,0.0,0.0
11.0,89.0,0.0,0.0,0.0,0.0
43.0,53.0,0.0,4.0,0.0,0.0
1.0,98.0,0.0,1.0,0.0,0.0
1.0,54.0,0.0,1.0,44.0,0.0
1.0,99.0,0.0,0.0,0.0,0.0
4.0,96.0,0.0,0.0,0.0,0.0
26.0,73.0,0.0,1.0,0.0,0.0
42.0,58.0,0.0,0.0,0.0,0.0
25.0,75.0,0.0,0.0,0.0,0.0
5.0,90.0,0.0,5.0,0.0,0.0
52.0,48.0,0.0,0.0,0.0,0.0
2.0,98.0,0.0,0.0,0.0,0.0
2.0,98.0,0.0,0.0,0.0,0.0
34.0,65.0,0.0,1.0,0.0,0.0
1.0,99.0,0.0,0.0,0.0,0.0
1.0,98.0,0.0,1.0,0.0,0.0
4.0,96.0,0.0,0.0,0.0,0.0
16.0,84.0,0.0,0.0,0.0,0.0
11.0,88.0,0.0,1.0,0.0,0.0
10.0,90.0,0.0,0.0,0.0,0.0
1.0,99.0,0.0,0.0,0.0,0.0
1.0,96.0,0.0,3.0,0.0,0.0
46.0,19.0,0.0,5.0,30.0,0.0
6.0,94.0,0.0,0.0,0.0,0.0
52.0,48.0,0.0,0.0,0.0,0.0
1.0,97.0,0.0,2.0,0.0,0.0
1.0,99.0,0.0,0.0,0.0,0.0
5.0,95.0,0.0,0.0,0.0,0.0
30.0,69.0,0.0,1.0,0.0,0.0
43.0,57.0,0.0,0.0,0.0,0.0
1.0,99.0,0.0,0.0,0.0,0.0
6.0,94.0,0.0,0.0,0.0,0.0
4.0,96.0,0.0,0.0,0.0,0.0
36.0,64.0,0.0,0.0,0.0,0.0
1.0,99.0,0.0,0.0,0.0,0.0
72.0,0.0,18.0,3.0,0.0,0.0
1.0,99.0,0.0,0.0,0.0,0.0
70.0,30.0,0.0,0.0,0.0,0.0
17.0,83.0,0.0,0.0,0.0,0.0
8.0,92.0,0.0,0.0,0.0,0.0
1.0,99.0,0.0,0.0,0.0,0.0
1.0,99.0,0.0,0.0,0.0,0.0
35.0,65.0,0.0,0.0,0.0,0.0
1.0,99.0,0.0,0.0,0.0,0.0
25.0,75.0,0.0,0.0,0.0,0.0
52.0,45.0,0.0,3.0,0.0,0.0
36.0,64.0,0.0,0.0,0.0,0.0
72.0,26.0,0.0,2.0,0.0,0.0
3.0,97.0,0.0,0.0,0.0,0.0
80.0,20.0,0.0,0.0,0.0,0.0
1.0,95.0,0.0,4.0,0.0,0.0
1.0,96.0,0.0,3.0,0.0,0.0
5.0,94.0,0.0,1.0,0.0,0.0
3.0,96.0,0.0,1.0,0.0,0.0
15.0,85.0,0.0,0.0,0.0,0.0
1.0,99.0,0.0,0.0,0.0,0.0
30.0,70.0,0.0,0.0,0.0,0.0
64.0,35.0,0.0,1.0,0.0,0.0
20.0,80.0,0.0,0.0,0.0,0.0
2.0,98.0,0.0,0.0,0.0,0.0
20.0,80.0,0.0,0.0,0.0,0.0
28.0,72.0,0.0,0.0,0.0,0.0
24.0,74.0,0.0,2.0,0.0,0.0
25.0,73.0,0.0,2.0,0.0,0.0
26.0,73.0,0.0,1.0,0.0,0.0
1.0,98.0,0.0,1.0,0.0,0.0
2.0,85.0,0.0,13.0,0.0,0.0
10.0,90.0,0.0,0.0,0.0,0.0
13.0,87.0,0.0,0.0,0.0,0.0
11.0,89.0,0.0,0.0,0.0,0.0
18.0,82.0,0.0,0.0,0.0,0.0
12.0,88.0,0.0,0.0,0.0,0.0
33.0,66.0,0.0,1.0,0.0,0.0
8.0,90.0,0.0,2.0,0.0,0.0
15.0,84.0,0.0,1.0,0.0,0.0
74.0,26.0,0.0,0.0,0.0,0.0
4.0,93.0,0.0,3.0,0.0,0.0
1.0,98.0,0.0,1.0,0.0,0.0
9.0,89.0,0.0,2.0,0.0,0.0
30.0,70.0,0.0,0.0,0.0,0.0
48.0,52.0,0.0,0.0,0.0,0.0
1.0,94.0,0.0,5.0,0.0,0.0
33.0,67.0,0.0,0.0,0.0,0.0
2.0,98.0,0.0,0.0,0.0,0.0
32.0,67.0,0.0,1.0,0.0,0.0
59.0,41.0,0.0,0.0,0.0,0.0
1.0,98.0,0.0,1.0,0.0,0.0
8.0,91.0,0.0,1.0,0.0,0.0
1.0,98.0,0.0,1.0,0.0,0.0
50.0,49.0,0.0,1.0,0.0,0.0
7.0,93.0,0.0,0.0,0.0,0.0
70.0,29.0,0.0,1.0,0.0,0.0
1.0,97.0,0.0,2.0,0.0,0.0
39.0,56.0,0.0,5.0,0.0,0.0
16.0,84.0,0.0,0.0,0.0,0.0
20.0,78.0,0.0,2.0,0.0,0.0
28.0,72.0,0.0,0.0,0.0,0.0
1.0,99.0,0.0,0.0,0.0,0.0
1.0,95.0,0.0,4.0,0.0,0.0
69.0,31.0,0.0,0.0,0.0,0.0
17.0,83.0,0.0,0.0,0.0,0.0
10.0,89.0,0.0,1.0,0.0,0.0
1.0,97.0,0.0,2.0,0.0,0.0
9.0,91.0,0.0,0.0,0.0,0.0
28.0,71.0,0.0,1.0,0.0,0.0
4.0,96.0,0.0,0.0,0.0,0.0
30.0,70.0,0.0,0.0,0.0,0.0
1.0,99.0,0.0,0.0,0.0,0.0
38.0,62.0,0.0,0.0,0.0,0.0
31.0,65.0,0.0,4.0,0.0,0.0
1.0,99.0,0.0,0.0,0.0,0.0
4.0,96.0,0.0,0.0,0.0,0.0
22.0,78.0,0.0,0.0,0.0,0.0
2.0,98.0,0.0,0.0,0.0,0.0
11.0,86.0,0.0,3.0,0.0,0.0
7.0,93.0,0.0,0.0,0.0,0.0
1.0,99.0,0.0,0.0,0.0,0.0
8.0,92.0,0.0,0.0,0.0,0.0
1.0,99.0,0.0,0.0,0.0,0.0
17.0,14.0,0.0,7.0,62.0,0.0
20.0,80.0,0.0,0.0,0.0,0.0
16.0,84.0,0.0,0.0,0.0,0.0
1.0,8.0,0.0,2.0,89.0,0.0
2.0,97.0,0.0,1.0,0.0,0.0
17.0,83.0,0.0,0.0,0.0,0.0
16.0,81.0,0.0,3.0,0.0,0.0
29.0,71.0,0.0,0.0,0.0,0.0
17.0,83.0,0.0,0.0,0.0,0.0
25.0,75.0,0.0,0.0,0.0,0.0
3.0,97.0,0.0,0.0,0.0,0.0
16.0,81.0,0.0,3.0,0.0,0.0
34.0,66.0,0.0,0.0,0.0,0.0
1.0,91.0,0.0,8.0,0.0,0.0
6.0,94.0,0.0,0.0,0.0,0.0
1.0,98.0,0.0,1.0,0.0,0.0
6.0,94.0,0.0,0.0,0.0,0.0
74.0,26.0,0.0,0.0,0.0,0.0
29.0,70.0,0.0,1.0,0.0,0.0
31.0,69.0,0.0,0.0,0.0,0.0
3.0,96.0,0.0,1.0,0.0,0.0
1.0,99.0,0.0,0.0,0.0,0.0
8.0,92.0,0.0,0.0,0.0,0.0
5.0,95.0,0.0,0.0,0.0,0.0
53.0,47.0,0.0,0.0,0.0,0.0
7.0,93.0,0.0,0.0,0.0,0.0
25.0,75.0,0.0,0.0,0.0,0.0
11.0,89.0,0.0,0.0,0.0,0.0
4.0,96.0,0.0,0.0,0.0,0.0
74.0,25.0,0.0,1.0,0.0,0.0
38.0,62.0,0.0,0.0,0.0,0.0
2.0,97.0,1.0,0.0,0.0,0.0
21.0,77.0,0.0,2.0,0.0,0.0
24.0,76.0,0.0,0.0,0.0,0.0
1.0,97.0,0.0,2.0,0.0,0.0
16.0,84.0,0.0,0.0,0.0,0.0
3.0,97.0,0.0,0.0,0.0,0.0
3.0,96.0,0.0,1.0,0.0,0.0
8.0,91.0,0.0,1.0,0.0,0.0
21.0,79.0,0.0,0.0,0.0,0.0
39.0,61.0,0.0,0.0,0.0,0.0
20.0,80.0,0.0,0.0,0.0,0.0
1.0,99.0,0.0,0.0,0.0,0.0
11.0,88.0,0.0,1.0,0.0,0.0
1.0,97.0,0.0,2.0,0.0,0.0
7.0,93.0,0.0,0.0,0.0,0.0
16.0,83.0,0.0,1.0,0.0,0.0
19.0,78.0,0.0,3.0,0.0,0.0
29.0,71.0,0.0,0.0,0.0,0.0
14.0,86.0,0.0,0.0,0.0,0.0
3.0,97.0,0.0,0.0,0.0,0.0
27.0,73.0,0.0,0.0,0.0,0.0
1.0,99.0,0.0,0.0,0.0,0.0
12.0,88.0,0.0,0.0,0.0,0.0
1.0,98.0,0.0,1.0,0.0,0.0
11.0,89.0,0.0,0.0,0.0,0.0
3.0,97.0,0.0,0.0,0.0,0.0
2.0,98.0,0.0,0.0,0.0,0.0
17.0,82.0,0.0,1.0,0.0,0.0
4.0,96.0,0.0,0.0,0.0,0.0
12.0,88.0,0.0,0.0,0.0,0.0
4.0,96.0,0.0,0.0,0.0,0.0
30.0,70.0,0.0,0.0,0.0,0.0
33.0,66.0,0.0,1.0,0.0,0.0
1.0,98.0,1.0,0.0,0.0,0.0
9.0,35.0,0.0,1.0,55.0,0.0
1.0,99.0,0.0,0.0,0.0,0.0
57.0,43.0,0.0,0.0,0.0,0.0
2.0,94.0,0.0,4.0,0.0,0.0
11.0,89.0,0.0,0.0,0.0,0.0
2.0,90.0,0.0,8.0,0.0,0.0
1.0,98.0,0.0,1.0,0.0,0.0
40.0,57.0,0.0,3.0,0.0,0.0
1.0,99.0,0.0,0.0,0.0,0.0
42.0,56.0,0.0,2.0,0.0,0.0
1.0,97.0,0.0,2.0,0.0,0.0
12.0,88.0,0.0,0.0,0.0,0.0
24.0,75.0,0.0,1.0,0.0,0.0
10.0,85.0,0.0,5.0,0.0,0.0
4.0,93.0,0.0,3.0,0.0,0.0
13.0,83.0,0.0,4.0,0.0,0.0
8.0,92.0,0.0,0.0,0.0,0.0
48.0,52.0,0.0,0.0,0.0,0.0
63.0,37.0,0.0,0.0,0.0,0.0
21.0,72.0,0.0,7.0,0.0,0.0
17.0,82.0,0.0,1.0,0.0,0.0
1.0,99.0,0.0,0.0,0.0,0.0
6.0,91.0,0.0,3.0,0.0,0.0
7.0,89.0,0.0,4.0,0.0,0.0
7.0,93.0,0.0,0.0,0.0,0.0
17.0,82.0,0.0,1.0,0.0,0.0
27.0,73.0,0.0,0.0,0.0,0.0
1.0,98.0,0.0,1.0,0.0,0.0
2.0,98.0,0.0,0.0,0.0,0.0
2.0,98.0,0.0,0.0,0.0,0.0
32.0,65.0,0.0,3.0,0.0,0.0
10.0,90.0,0.0,0.0,0.0,0.0
7.0,75.0,0.0,1.0,17.0,0.0
4.0,94.0,0.0,2.0,0.0,0.0
2.0,97.0,0.0,1.0,0.0,0.0
7.0,91.0,0.0,2.0,0.0,0.0
7.0,89.0,0.0,4.0,0.0,0.0
31.0,65.0,0.0,4.0,0.0,0.0
22.0,74.0,0.0,4.0,0.0,0.0
1.0,99.0,0.0,0.0,0.0,0.0
27.0,73.0,0.0,0.0,0.0,0.0
11.0,89.0,0.0,0.0,0.0,0.0
3.0,96.0,0.0,1.0,0.0,0.0
1.0,99.0,0.0,0.0,0.0,0.0
52.0,43.0,0.0,5.0,0.0,0.0
1.0,99.0,0.0,0.0,0.0,0.0
1.0,99.0,0.0,0.0,0.0,0.0
1.0,99.0,0.0,0.0,0.0,0.0
1.0,99.0,0.0,0.0,0.0,0.0
8.0,92.0,0.0,0.0,0.0,0.0
40.0,60.0,0.0,0.0,0.0,0.0
6.0,57.0,0.0,1.0,36.0,0.0
1.0,98.0,0.0,1.0,0.0,0.0
24.0,66.0,0.0,10.0,0.0,0.0
1.0,97.0,0.0,2.0,0.0,0.0
10.0,88.0,0.0,2.0,0.0,0.0
50.0,47.0,0.0,3.0,0.0,0.0
7.0,92.0,0.0,1.0,0.0,0.0
8.0,91.0,0.0,1.0,0.0,0.0
24.0,75.0,0.0,1.0,0.0,0.0
29.0,58.0,0.0,13.0,0.0,0.0
30.0,69.0,0.0,1.0,0.0,0.0
36.0,63.0,0.0,1.0,0.0,0.0
27.0,73.0,0.0,0.0,0.0,0.0
2.0,96.0,0.0,2.0,0.0,0.0
1.0,97.0,0.0,2.0,0.0,0.0
3.0,97.0,0.0,0.0,0.0,0.0
14.0,86.0,0.0,0.0,0.0,0.0
1.0,98.0,0.0,1.0,0.0,0.0
15.0,85.0,0.0,0.0,0.0,0.0
28.0,72.0,0.0,0.0,0.0,0.0
12.0,88.0,0.0,0.0,0.0,0.0
14.0,84.0,0.0,2.0,0.0,0.0
2.0,97.0,0.0,1.0,0.0,0.0
21.0,79.0,0.0,0.0,0.0,0.0
12.0,85.0,0.0,3.0,0.0,0.0
50.0,50.0,0.0,0.0,0.0,0.0
9.0,91.0,0.0,0.0,0.0,0.0
4.0,96.0,0.0,0.0,0.0,0.0
1.0,97.0,0.0,2.0,0.0,0.0
1.0,99.0,0.0,0.0,0.0,0.0
1.0,99.0,0.0,0.0,0.0,0.0
30.0,67.0,0.0,3.0,0.0,0.0
1.0,98.0,1.0,0.0,0.0,0.0
4.0,96.0,0.0,0.0,0.0,0.0
1.0,98.0,0.0,1.0,0.0,0.0
9.0,87.0,0.0,4.0,0.0,0.0
3.0,97.0,0.0,0.0,0.0,0.0
1.0,97.0,0.0,2.0,0.0,0.0
10.0,90.0,0.0,0.0,0.0,0.0
3.0,97.0,0.0,0.0,0.0,0.0
39.0,61.0,0.0,0.0,0.0,0.0
1.0,99.0,0.0,0.0,0.0,0.0
5.0,93.0,0.0,2.0,0.0,0.0
13.0,87.0,0.0,0.0,0.0,0.0
13.0,87.0,0.0,0.0,0.0,0.0
1.0,99.0,0.0,0.0,0.0,0.0
17.0,80.0,0.0,3.0,0.0,0.0
7.0,93.0,0.0,0.0,0.0,0.0
1.0,98.0,0.0,1.0,0.0,0.0
27.0,73.0,0.0,0.0,0.0,0.0
13.0,87.0,0.0,0.0,0.0,0.0
14.0,85.0,0.0,1.0,0.0,0.0
3.0,97.0,0.0,0.0,0.0,0.0
11.0,84.0,0.0,5.0,0.0,0.0
14.0,83.0,0.0,3.0,0.0,0.0
28.0,72.0,0.0,0.0,0.0,0.0
40.0,60.0,0.0,0.0,0.0,0.0
20.0,80.0,0.0,0.0,0.0,0.0
8.0,92.0,0.0,0.0,0.0,0.0
14.0,86.0,0.0,0.0,0.0,0.0
40.0,57.0,0.0,3.0,0.0,0.0
7.0,92.0,0.0,1.0,0.0,0.0
1.0,99.0,0.0,0.0,0.0,0.0
1.0,97.0,0.0,2.0,0.0,0.0
8.0,88.0,0.0,4.0,0.0,0.0
33.0,65.0,0.0,2.0,0.0,0.0
31.0,68.0,0.0,1.0,0.0,0.0
30.0,70.0,0.0,0.0,0.0,0.0
40.0,60.0,0.0,0.0,0.0,0.0
1.0,99.0,0.0,0.0,0.0,0.0
29.0,71.0,0.0,0.0,0.0,0.0
8.0,57.0,0.0,3.0,32.0,0.0
20.0,80.0,0.0,0.0,0.0,0.0
19.0,80.0,0.0,1.0,0.0,0.0
3.0,10.0,0.0,3.0,84.0,0.0
42.0,58.0,0.0,0.0,0.0,0.0
2.0,98.0,0.0,0.0,0.0,0.0
18.0,82.0,0.0,0.0,0.0,0.0
15.0,85.0,0.0,0.0,0.0,0.0
1.0,99.0,0.0,0.0,0.0,0.0
1.0,98.0,0.0,1.0,0.0,0.0
29.0,68.0,0.0,3.0,0.0,0.0
1.0,96.0,0.0,3.0,0.0,0.0
1.0,99.0,0.0,0.0,0.0,0.0
5.0,95.0,0.0,0.0,0.0,0.0
5.0,94.0,0.0,1.0,0.0,0.0
7.0,9.0,0.0,1.0,83.0,0.0
7.0,91.0,0.0,2.0,0.0,0.0
49.0,51.0,0.0,0.0,0.0,0.0
10.0,90.0,0.0,0.0,0.0,0.0
35.0,63.0,0.0,2.0,0.0,0.0
18.0,82.0,0.0,0.0,0.0,0.0
6.0,94.0,0.0,0.0,0.0,0.0
17.0,81.0,0.0,2.0,0.0,0.0
1.0,95.0,0.0,4.0,0.0,0.0
6.0,91.0,0.0,3.0,0.0,0.0
1.0,99.0,0.0,0.0,0.0,0.0
8.0,53.0,0.0,1.0,38.0,0.0
5.0,94.0,0.0,1.0,0.0,0.0
1.0,99.0,0.0,0.0,0.0,0.0
24.0,76.0,0.0,0.0,0.0,0.0
21.0,79.0,0.0,0.0,0.0,0.0
1.0,99.0,0.0,0.0,0.0,0.0
2.0,98.0,0.0,0.0,0.0,0.0
31.0,69.0,0.0,0.0,0.0,0.0
1.0,99.0,0.0,0.0,0.0,0.0
7.0,93.0,0.0,0.0,0.0,0.0
1.0,83.0,0.0,1.0,15.0,0.0
1.0,99.0,0.0,0.0,0.0,0.0
3.0,97.0,0.0,0.0,0.0,0.0
15.0,85.0,0.0,0.0,0.0,0.0
14.0,86.0,0.0,0.0,0.0,0.0
9.0,90.0,0.0,1.0,0.0,0.0
14.0,86.0,0.0,0.0,0.0,0.0
1.0,97.0,0.0,2.0,0.0,0.0
1.0,99.0,0.0,0.0,0.0,0.0
28.0,71.0,0.0,1.0,0.0,0.0
8.0,92.0,0.0,0.0,0.0,0.0
15.0,85.0,0.0,0.0,0.0,0.0
72.0,28.0,0.0,0.0,0.0,0.0
1.0,99.0,0.0,0.0,0.0,0.0
1.0,99.0,0.0,0.0,0.0,0.0
79.0,21.0,0.0,0.0,0.0,0.0
34.0,66.0,0.0,0.0,0.0,0.0
1.0,99.0,0.0,0.0,0.0,0.0
26.0,74.0,0.0,0.0,0.0,0.0
53.0,47.0,0.0,0.0,0.0,0.0
32.0,61.0,0.0,7.0,0.0,0.0
2.0,92.0,0.0,6.0,0.0,0.0
5.0,95.0,0.0,0.0,0.0,0.0
1.0,99.0,0.0,0.0,0.0,0.0
3.0,97.0,0.0,0.0,0.0,0.0
9.0,91.0,0.0,0.0,0.0,0.0
1.0,97.0,0.0,2.0,0.0,0.0
11.0,89.0,0.0,0.0,0.0,0.0
1.0,97.0,0.0,2.0,0.0,0.0
4.0,96.0,0.0,0.0,0.0,0.0
17.0,82.0,0.0,1.0,0.0,0.0
8.0,91.0,0.0,1.0,0.0,0.0
5.0,95.0,0.0,0.0,0.0,0.0
27.0,73.0,0.0,0.0,0.0,0.0
14.0,86.0,0.0,0.0,0.0,0.0
10.0,87.0,0.0,3.0,0.0,0.0
4.0,95.0,0.0,1.0,0.0,0.0
15.0,85.0,0.0,0.0,0.0,0.0
24.0,76.0,0.0,0.0,0.0,0.0
3.0,97.0,0.0,0.0,0.0,0.0
1.0,99.0,0.0,0.0,0.0,0.0
1.0,97.0,0.0,2.0,0.0,0.0
1.0,97.0,0.0,2.0,0.0,0.0
32.0,67.0,0.0,1.0,0.0,0.0
6.0,94.0,0.0,0.0,0.0,0.0
2.0,98.0,0.0,0.0,0.0,0.0
43.0,57.0,0.0,0.0,0.0,0.0
10.0,90.0,0.0,0.0,0.0,0.0
13.0,77.0,0.0,10.0,0.0,0.0
7.0,93.0,0.0,0.0,0.0,0.0
14.0,86.0,0.0,0.0,0.0,0.0
1.0,99.0,0.0,0.0,0.0,0.0
1.0,0.0,47.0,7.0,0.0,0.0
31.0,67.0,0.0,2.0,0.0,0.0
2.0,98.0,0.0,0.0,0.0,0.0
8.0,92.0,0.0,0.0,0.0,0.0
11.0,89.0,0.0,0.0,0.0,0.0
1.0,98.0,0.0,1.0,0.0,0.0
1.0,99.0,0.0,0.0,0.0,0.0
1.0,96.0,0.0,3.0,0.0,0.0
21.0,74.0,0.0,5.0,0.0,0.0
4.0,96.0,0.0,0.0,0.0,0.0
12.0,87.0,0.0,1.0,0.0,0.0
2.0,97.0,0.0,1.0,0.0,0.0
1.0,98.0,0.0,1.0,0.0,0.0
1.0,99.0,0.0,0.0,0.0,0.0
50.0,48.0,0.0,2.0,0.0,0.0
1.0,99.0,0.0,0.0,0.0,0.0
1.0,99.0,0.0,0.0,0.0,0.0
1.0,99.0,0.0,0.0,0.0,0.0
1.0,94.0,0.0,5.0,0.0,0.0
27.0,70.0,0.0,3.0,0.0,0.0
16.0,84.0,0.0,0.0,0.0,0.0
16.0,84.0,0.0,0.0,0.0,0.0
2.0,96.0,0.0,2.0,0.0,0.0
1.0,99.0,0.0,0.0,0.0,0.0
12.0,88.0,0.0,0.0,0.0,0.0
17.0,83.0,0.0,0.0,0.0,0.0
16.0,83.0,0.0,1.0,0.0,0.0
29.0,70.0,0.0,1.0,0.0,0.0
15.0,85.0,0.0,0.0,0.0,0.0
16.0,84.0,0.0,0.0,0.0,0.0
1.0,99.0,0.0,0.0,0.0,0.0
1.0,99.0,0.0,0.0,0.0,0.0
21.0,75.0,0.0,4.0,0.0,0.0
7.0,93.0,0.0,0.0,0.0,0.0
12.0,84.0,0.0,4.0,0.0,0.0
1.0,99.0,0.0,0.0,0.0,0.0
38.0,58.0,0.0,4.0,0.0,0.0
5.0,94.0,0.0,1.0,0.0,0.0
4.0,96.0,0.0,0.0,0.0,0.0
23.0,74.0,0.0,3.0,0.0,0.0
1.0,99.0,0.0,0.0,0.0,0.0
40.0,60.0,0.0,0.0,0.0,0.0
8.0,88.0,0.0,4.0,0.0,0.0
13.0,87.0,0.0,0.0,0.0,0.0
1.0,99.0,0.0,0.0,0.0,0.0
4.0,96.0,0.0,0.0,0.0,0.0
1.0,99.0,0.0,0.0,0.0,0.0
44.0,56.0,0.0,0.0,0.0,0.0
11.0,84.0,0.0,5.0,0.0,0.0
1.0,98.0,0.0,1.0,0.0,0.0
45.0,54.0,0.0,1.0,0.0,0.0
56.0,43.0,0.0,1.0,0.0,0.0
54.0,46.0,0.0,0.0,0.0,0.0
9.0,91.0,0.0,0.0,0.0,0.0
5.0,95.0,0.0,0.0,0.0,0.0
41.0,59.0,0.0,0.0,0.0,0.0
1.0,98.0,0.0,1.0,0.0,0.0
6.0,94.0,0.0,0.0,0.0,0.0
48.0,52.0,0.0,0.0,0.0,0.0
1.0,99.0,0.0,0.0,0.0,0.0
11.0,89.0,0.0,0.0,0.0,0.0
8.0,92.0,0.0,0.0,0.0,0.0
23.0,71.0,0.0,6.0,0.0,0.0
22.0,78.0,0.0,0.0,0.0,0.0
2.0,42.0,0.0,1.0,55.0,0.0
10.0,90.0,0.0,0.0,0.0,0.0
1.0,98.0,0.0,1.0,0.0,0.0
2.0,91.0,0.0,7.0,0.0,0.0
1.0,98.0,0.0,1.0,0.0,0.0
2.0,95.0,0.0,3.0,0.0,0.0
18.0,77.0,0.0,5.0,0.0,0.0
7.0,87.0,0.0,6.0,0.0,0.0
16.0,84.0,0.0,0.0,0.0,0.0
2.0,98.0,0.0,0.0,0.0,0.0
6.0,92.0,0.0,2.0,0.0,0.0
2.0,96.0,0.0,2.0,0.0,0.0
2.0,98.0,0.0,0.0,0.0,0.0
1.0,0.0,0.0,0.0,0.0,0.0
15.0,81.0,0.0,4.0,0.0,0.0
3.0,97.0,0.0,0.0,0.0,0.0
2.0,97.0,0.0,1.0,0.0,0.0
24.0,75.0,0.0,1.0,0.0,0.0
2.0,98.0,0.0,0.0,0.0,0.0
1.0,98.0,1.0,0.0,0.0,0.0
28.0,70.0,0.0,2.0,0.0,0.0
9.0,91.0,0.0,0.0,0.0,0.0
20.0,80.0,0.0,0.0,0.0,0.0
4.0,94.0,0.0,2.0,0.0,0.0
4.0,96.0,0.0,0.0,0.0,0.0
1.0,98.0,0.0,1.0,0.0,0.0
1.0,98.0,0.0,1.0,0.0,0.0
11.0,82.0,0.0,7.0,0.0,0.0
1.0,96.0,0.0,3.0,0.0,0.0
3.0,97.0,0.0,0.0,0.0,0.0
1.0,99.0,0.0,0.0,0.0,0.0
33.0,67.0,0.0,0.0,0.0,0.0
18.0,82.0,0.0,0.0,0.0,0.0
2.0,98.0,0.0,0.0,0.0,0.0
22.0,78.0,0.0,0.0,0.0,0.0
1.0,99.0,0.0,0.0,0.0,0.0
32.0,68.0,0.0,0.0,0.0,0.0
13.0,87.0,0.0,0.0,0.0,0.0
2.0,98.0,0.0,0.0,0.0,0.0
7.0,93.0,0.0,0.0,0.0,0.0
12.0,88.0,0.0,0.0,0.0,0.0
1.0,98.0,0.0,1.0,0.0,0.0
1.0,99.0,0.0,0.0,0.0,0.0
2.0,98.0,0.0,0.0,0.0,0.0
9.0,89.0,1.0,1.0,0.0,0.0
4.0,94.0,0.0,2.0,0.0,0.0
39.0,61.0,0.0,0.0,0.0,0.0
50.0,46.0,0.0,4.0,0.0,0.0
3.0,97.0,0.0,0.0,0.0,0.0
6.0,94.0,0.0,0.0,0.0,0.0
10.0,89.0,0.0,1.0,0.0,0.0
32.0,67.0,0.0,1.0,0.0,0.0
23.0,73.0,0.0,4.0,0.0,0.0
5.0,90.0,0.0,5.0,0.0,0.0
1.0,96.0,0.0,3.0,0.0,0.0
11.0,89.0,0.0,0.0,0.0,0.0
16.0,84.0,0.0,0.0,0.0,0.0
1.0,98.0,0.0,1.0,0.0,0.0
15.0,85.0,0.0,0.0,0.0,0.0
1.0,98.0,0.0,1.0,0.0,0.0
51.0,47.0,0.0,2.0,0.0,0.0
1.0,98.0,0.0,1.0,0.0,0.0
32.0,67.0,1.0,0.0,0.0,0.0
6.0,89.0,0.0,5.0,0.0,0.0
5.0,92.0,0.0,3.0,0.0,0.0
1.0,99.0,0.0,0.0,0.0,0.0
1.0,99.0,0.0,0.0,0.0,0.0
7.0,93.0,0.0,0.0,0.0,0.0
8.0,92.0,0.0,0.0,0.0,0.0
5.0,94.0,0.0,1.0,0.0,0.0
19.0,80.0,0.0,1.0,0.0,0.0
41.0,55.0,0.0,4.0,0.0,0.0
1.0,99.0,0.0,0.0,0.0,0.0
3.0,97.0,0.0,0.0,0.0,0.0
5.0,94.0,0.0,1.0,0.0,0.0
16.0,84.0,0.0,0.0,0.0,0.0
9.0,31.0,0.0,4.0,56.0,0.0
1.0,99.0,0.0,0.0,0.0,0.0
2.0,96.0,0.0,2.0,0.0,0.0
7.0,93.0,0.0,0.0,0.0,0.0
2.0,94.0,0.0,4.0,0.0,0.0
1.0,95.0,1.0,3.0,0.0,0.0
10.0,89.0,0.0,1.0,0.0,0.0
10.0,88.0,0.0,2.0,0.0,0.0
24.0,50.0,0.0,1.0,25.0,0.0
2.0,98.0,0.0,0.0,0.0,0.0
4.0,93.0,0.0,3.0,0.0,0.0
7.0,92.0,0.0,1.0,0.0,0.0
4.0,94.0,0.0,2.0,0.0,0.0
3.0,94.0,0.0,3.0,0.0,0.0
2.0,98.0,0.0,0.0,0.0,0.0
4.0,94.0,0.0,2.0,0.0,0.0
11.0,82.0,0.0,7.0,0.0,0.0
10.0,90.0,0.0,0.0,0.0,0.0
1.0,34.0,0.0,1.0,64.0,0.0
18.0,82.0,0.0,0.0,0.0,0.0
8.0,92.0,0.0,0.0,0.0,0.0
14.0,86.0,0.0,0.0,0.0,0.0
100.0,0.0,0.0,0.0,0.0,0.0
4.0,96.0,0.0,0.0,0.0,0.0
4.0,96.0,0.0,0.0,0.0,0.0
22.0,78.0,0.0,0.0,0.0,0.0
12.0,85.0,0.0,3.0,0.0,0.0
1.0,44.0,0.0,7.0,48.0,0.0
17.0,83.0,0.0,0.0,0.0,0.0
1.0,99.0,0.0,0.0,0.0,0.0
8.0,92.0,0.0,0.0,0.0,0.0
24.0,76.0,0.0,0.0,0.0,0.0
1.0,98.0,0.0,1.0,0.0,0.0
1.0,93.0,1.0,5.0,0.0,0.0
93.0,6.0,0.0,1.0,0.0,0.0
17.0,83.0,0.0,0.0,0.0,0.0
6.0,93.0,0.0,1.0,0.0,0.0
2.0,98.0,0.0,0.0,0.0,0.0
1.0,92.0,0.0,7.0,0.0,0.0
3.0,96.0,0.0,1.0,0.0,0.0
8.0,87.0,0.0,5.0,0.0,0.0
16.0,84.0,0.0,0.0,0.0,0.0
62.0,38.0,0.0,0.0,0.0,0.0
1.0,97.0,0.0,2.0,0.0,0.0
12.0,88.0,0.0,0.0,0.0,0.0
4.0,96.0,0.0,0.0,0.0,0.0
13.0,86.0,0.0,1.0,0.0,0.0
5.0,94.0,0.0,1.0,0.0,0.0
8.0,89.0,0.0,3.0,0.0,0.0
73.0,27.0,0.0,0.0,0.0,0.0
3.0,93.0,0.0,4.0,0.0,0.0
39.0,59.0,0.0,2.0,0.0,0.0
58.0,42.0,0.0,0.0,0.0,0.0
15.0,80.0,0.0,5.0,0.0,0.0
1.0,96.0,0.0,3.0,0.0,0.0
17.0,83.0,0.0,0.0,0.0,0.0
2.0,98.0,0.0,0.0,0.0,0.0
15.0,85.0,0.0,0.0,0.0,0.0
1.0,96.0,0.0,3.0,0.0,0.0
36.0,63.0,0.0,1.0,0.0,0.0
1.0,99.0,0.0,0.0,0.0,0.0
1.0,93.0,0.0,6.0,0.0,0.0
4.0,96.0,0.0,0.0,0.0,0.0
32.0,67.0,0.0,1.0,0.0,0.0
1.0,96.0,0.0,3.0,0.0,0.0
1.0,99.0,0.0,0.0,0.0,0.0
8.0,87.0,0.0,5.0,0.0,0.0
1.0,99.0,0.0,0.0,0.0,0.0
2.0,97.0,0.0,1.0,0.0,0.0
52.0,47.0,0.0,1.0,0.0,0.0
2.0,98.0,0.0,0.0,0.0,0.0
12.0,87.0,0.0,1.0,0.0,0.0
64.0,33.0,0.0,3.0,0.0,0.0
3.0,4.0,0.0,1.0,92.0,0.0
11.0,89.0,0.0,0.0,0.0,0.0
11.0,89.0,0.0,0.0,0.0,0.0
5.0,94.0,0.0,1.0,0.0,0.0
1.0,98.0,1.0,0.0,0.0,0.0
10.0,90.0,0.0,0.0,0.0,0.0
1.0,99.0,0.0,0.0,0.0,0.0
17.0,83.0,0.0,0.0,0.0,0.0
1.0,97.0,0.0,2.0,0.0,0.0
1.0,97.0,0.0,2.0,0.0,0.0
8.0,86.0,0.0,6.0,0.0,0.0
3.0,96.0,0.0,1.0,0.0,0.0
1.0,99.0,0.0,0.0,0.0,0.0
57.0,43.0,0.0,0.0,0.0,0.0
22.0,78.0,0.0,0.0,0.0,0.0
1.0,99.0,0.0,0.0,0.0,0.0
3.0,96.0,0.0,1.0,0.0,0.0
4.0,96.0,0.0,0.0,0.0,0.0
19.0,79.0,0.0,2.0,0.0,0.0
7.0,89.0,0.0,4.0,0.0,0.0
1.0,94.0,0.0,5.0,0.0,0.0
4.0,96.0,0.0,0.0,0.0,0.0
1.0,97.0,0.0,2.0,0.0,0.0
1.0,98.0,1.0,0.0,0.0,0.0
2.0,98.0,0.0,0.0,0.0,0.0
1.0,99.0,0.0,0.0,0.0,0.0
1.0,96.0,0.0,3.0,0.0,0.0
21.0,77.0,0.0,2.0,0.0,0.0
27.0,73.0,0.0,0.0,0.0,0.0
77.0,23.0,0.0,0.0,0.0,0.0
15.0,85.0,0.0,0.0,0.0,0.0
2.0,97.0,1.0,0.0,0.0,0.0
1.0,99.0,0.0,0.0,0.0,0.0
14.0,86.0,0.0,0.0,0.0,0.0
6.0,94.0,0.0,0.0,0.0,0.0
14.0,86.0,0.0,0.0,0.0,0.0
1.0,99.0,0.0,0.0,0.0,0.0
5.0,95.0,0.0,0.0,0.0,0.0
13.0,87.0,0.0,0.0,0.0,0.0
3.0,95.0,0.0,2.0,0.0,0.0
1.0,99.0,0.0,0.0,0.0,0.0
1.0,96.0,0.0,3.0,0.0,0.0
17.0,81.0,0.0,2.0,0.0,0.0
7.0,92.0,0.0,1.0,0.0,0.0
1.0,0.0,42.0,5.0,0.0,0.0
1.0,99.0,0.0,0.0,0.0,0.0
1.0,99.0,0.0,0.0,0.0,0.0
13.0,87.0,0.0,0.0,0.0,0.0
1.0,97.0,0.0,2.0,0.0,0.0
12.0,88.0,0.0,0.0,0.0,0.0
1.0,99.0,0.0,0.0,0.0,0.0
33.0,67.0,0.0,0.0,0.0,0.0
2.0,98.0,0.0,0.0,0.0,0.0
44.0,52.0,0.0,4.0,0.0,0.0
7.0,90.0,0.0,3.0,0.0,0.0
1.0,99.0,0.0,0.0,0.0,0.0
2.0,97.0,0.0,1.0,0.0,0.0
4.0,96.0,0.0,0.0,0.0,0.0
7.0,93.0,0.0,0.0,0.0,0.0
1.0,98.0,0.0,1.0,0.0,0.0
1.0,26.0,0.0,2.0,71.0,0.0
11.0,89.0,0.0,0.0,0.0,0.0
12.0,88.0,0.0,0.0,0.0,0.0
1.0,90.0,0.0,9.0,0.0,0.0
2.0,98.0,0.0,0.0,0.0,0.0
1.0,98.0,0.0,1.0,0.0,0.0
18.0,82.0,0.0,0.0,0.0,0.0
1.0,99.0,0.0,0.0,0.0,0.0
1.0,98.0,0.0,1.0,0.0,0.0
15.0,83.0,0.0,2.0,0.0,0.0
10.0,90.0,0.0,0.0,0.0,0.0
51.0,48.0,0.0,1.0,0.0,0.0
1.0,97.0,0.0,2.0,0.0,0.0
1.0,99.0,0.0,0.0,0.0,0.0
14.0,85.0,0.0,1.0,0.0,0.0
1.0,99.0,0.0,0.0,0.0,0.0
1.0,99.0,0.0,0.0,0.0,0.0
2.0,98.0,0.0,0.0,0.0,0.0
15.0,85.0,0.0,0.0,0.0,0.0
1.0,53.0,0.0,4.0,42.0,0.0
9.0,91.0,0.0,0.0,0.0,0.0
7.0,89.0,0.0,4.0,0.0,0.0
1.0,94.0,0.0,5.0,0.0,0.0
19.0,81.0,0.0,0.0,0.0,0.0
3.0,94.0,0.0,3.0,0.0,0.0
1.0,99.0,0.0,0.0,0.0,0.0
1.0,99.0,0.0,0.0,0.0,0.0
1.0,93.0,0.0,6.0,0.0,0.0
1.0,99.0,0.0,0.0,0.0,0.0
3.0,97.0,0.0,0.0,0.0,0.0
15.0,83.0,0.0,2.0,0.0,0.0
3.0,95.0,0.0,2.0,0.0,0.0
1.0,99.0,0.0,0.0,0.0,0.0
9.0,91.0,0.0,0.0,0.0,0.0
24.0,76.0,0.0,0.0,0.0,0.0
16.0,84.0,0.0,0.0,0.0,0.0
52.0,48.0,0.0,0.0,0.0,0.0
1.0,98.0,0.0,1.0,0.0,0.0
43.0,57.0,0.0,0.0,0.0,0.0
5.0,95.0,0.0,0.0,0.0,0.0
6.0,92.0,0.0,2.0,0.0,0.0
38.0,62.0,0.0,0.0,0.0,0.0
4.0,96.0,0.0,0.0,0.0,0.0
1.0,99.0,0.0,0.0,0.0,0.0
1.0,98.0,0.0,1.0,0.0,0.0
28.0,72.0,0.0,0.0,0.0,0.0
1.0,95.0,0.0,4.0,0.0,0.0
4.0,96.0,0.0,0.0,0.0,0.0
1.0,99.0,0.0,0.0,0.0,0.0
1.0,99.0,0.0,0.0,0.0,0.0
7.0,93.0,0.0,0.0,0.0,0.0
1.0,97.0,0.0,2.0,0.0,0.0
1.0,99.0,0.0,0.0,0.0,0.0
2.0,98.0,0.0,0.0,0.0,0.0
7.0,93.0,0.0,0.0,0.0,0.0
1.0,96.0,0.0,3.0,0.0,0.0
2.0,95.0,0.0,3.0,0.0,0.0
14.0,86.0,0.0,0.0,0.0,0.0
1.0,99.0,0.0,0.0,0.0,0.0
1.0,96.0,0.0,3.0,0.0,0.0
14.0,86.0,0.0,0.0,0.0,0.0
19.0,81.0,0.0,0.0,0.0,0.0
16.0,84.0,0.0,0.0,0.0,0.0
1.0,99.0,0.0,0.0,0.0,0.0
1.0,98.0,0.0,1.0,0.0,0.0
1.0,97.0,0.0,2.0,0.0,0.0
5.0,95.0,0.0,0.0,0.0,0.0
11.0,87.0,0.0,2.0,0.0,0.0
3.0,97.0,0.0,0.0,0.0,0.0
1.0,99.0,0.0,0.0,0.0,0.0
1.0,96.0,0.0,3.0,0.0,0.0
1.0,97.0,0.0,2.0,0.0,0.0
2.0,95.0,0.0,3.0,0.0,0.0
1.0,99.0,0.0,0.0,0.0,0.0
13.0,87.0,0.0,0.0,0.0,0.0
20.0,77.0,0.0,3.0,0.0,0.0
2.0,98.0,0.0,0.0,0.0,0.0
1.0,99.0,0.0,0.0,0.0,0.0
11.0,89.0,0.0,0.0,0.0,0.0
1.0,97.0,0.0,2.0,0.0,0.0
1.0,99.0,0.0,0.0,0.0,0.0
2.0,98.0,0.0,0.0,0.0,0.0
2.0,94.0,0.0,4.0,0.0,0.0
46.0,54.0,0.0,0.0,0.0,0.0
22.0,78.0,0.0,0.0,0.0,0.0
20.0,80.0,0.0,0.0,0.0,0.0
7.0,91.0,0.0,2.0,0.0,0.0
8.0,90.0,0.0,2.0,0.0,0.0
1.0,94.0,0.0,5.0,0.0,0.0
8.0,91.0,0.0,1.0,0.0,0.0
2.0,96.0,0.0,2.0,0.0,0.0
13.0,86.0,0.0,1.0,0.0,0.0
1.0,99.0,0.0,0.0,0.0,0.0
14.0,86.0,0.0,0.0,0.0,0.0
1.0,99.0,0.0,0.0,0.0,0.0
5.0,16.0,0.0,1.0,78.0,0.0
35.0,65.0,0.0,0.0,0.0,0.0
9.0,91.0,0.0,0.0,0.0,0.0
2.0,98.0,0.0,0.0,0.0,0.0
7.0,93.0,0.0,0.0,0.0,0.0
1.0,97.0,1.0,1.0,0.0,0.0
4.0,96.0,0.0,0.0,0.0,0.0
19.0,79.0,0.0,2.0,0.0,0.0
5.0,94.0,0.0,1.0,0.0,0.0
11.0,38.0,0.0,3.0,48.0,0.0
32.0,67.0,0.0,1.0,0.0,0.0
1.0,99.0,0.0,0.0,0.0,0.0
2.0,98.0,0.0,0.0,0.0,0.0
21.0,79.0,0.0,0.0,0.0,0.0
1.0,99.0,0.0,0.0,0.0,0.0
4.0,96.0,0.0,0.0,0.0,0.0
42.0,57.0,0.0,1.0,0.0,0.0
25.0,75.0,0.0,0.0,0.0,0.0
4.0,93.0,0.0,3.0,0.0,0.0
2.0,98.0,0.0,0.0,0.0,0.0
21.0,79.0,0.0,0.0,0.0,0.0
14.0,86.0,0.0,0.0,0.0,0.0
19.0,81.0,0.0,0.0,0.0,0.0
11.0,89.0,0.0,0.0,0.0,0.0
2.0,97.0,0.0,1.0,0.0,0.0
2.0,97.0,0.0,1.0,0.0,0.0
1.0,98.0,0.0,1.0,0.0,0.0
1.0,1.0,0.0,1.0,97.0,0.0
18.0,82.0,0.0,0.0,0.0,0.0
1.0,96.0,0.0,3.0,0.0,0.0
2.0,97.0,0.0,1.0,0.0,0.0
58.0,41.0,0.0,1.0,0.0,0.0
4.0,88.0,0.0,8.0,0.0,0.0
1.0,98.0,1.0,0.0,0.0,0.0
1.0,99.0,0.0,0.0,0.0,0.0
1.0,99.0,0.0,0.0,0.0,0.0
1.0,96.0,0.0,3.0,0.0,0.0
9.0,89.0,0.0,2.0,0.0,0.0
56.0,44.0,0.0,0.0,0.0,0.0
1.0,99.0,0.0,0.0,0.0,0.0
27.0,73.0,0.0,0.0,0.0,0.0
1.0,99.0,0.0,0.0,0.0,0.0
1.0,98.0,0.0,1.0,0.0,0.0
2.0,98.0,0.0,0.0,0.0,0.0
1.0,42.0,0.0,4.0,53.0,0.0
1.0,99.0,0.0,0.0,0.0,0.0
41.0,59.0,0.0,0.0,0.0,0.0
11.0,89.0,0.0,0.0,0.0,0.0
18.0,81.0,0.0,1.0,0.0,0.0
25.0,75.0,0.0,0.0,0.0,0.0
13.0,87.0,0.0,0.0,0.0,0.0
3.0,94.0,0.0,3.0,0.0,0.0
21.0,78.0,0.0,1.0,0.0,0.0
31.0,69.0,0.0,0.0,0.0,0.0
1.0,99.0,0.0,0.0,0.0,0.0
27.0,73.0,0.0,0.0,0.0,0.0
8.0,92.0,0.0,0.0,0.0,0.0
16.0,84.0,0.0,0.0,0.0,0.0
17.0,81.0,0.0,2.0,0.0,0.0
18.0,77.0,0.0,5.0,0.0,0.0
1.0,97.0,0.0,2.0,0.0,0.0
6.0,91.0,0.0,3.0,0.0,0.0
1.0,98.0,0.0,1.0,0.0,0.0
1.0,97.0,1.0,1.0,0.0,0.0
1.0,97.0,0.0,2.0,0.0,0.0
2.0,95.0,0.0,3.0,0.0,0.0
7.0,93.0,0.0,0.0,0.0,0.0
19.0,81.0,0.0,0.0,0.0,0.0
2.0,98.0,0.0,0.0,0.0,0.0
8.0,92.0,0.0,0.0,0.0,0.0
34.0,66.0,0.0,0.0,0.0,0.0
2.0,98.0,0.0,0.0,0.0,0.0
6.0,92.0,0.0,2.0,0.0,0.0
8.0,91.0,1.0,0.0,0.0,0.0
6.0,92.0,0.0,2.0,0.0,0.0
6.0,91.0,0.0,3.0,0.0,0.0
19.0,80.0,0.0,1.0,0.0,0.0
3.0,97.0,0.0,0.0,0.0,0.0
7.0,93.0,0.0,0.0,0.0,0.0
17.0,81.0,0.0,2.0,0.0,0.0
3.0,97.0,0.0,0.0,0.0,0.0
4.0,96.0,0.0,0.0,0.0,0.0
20.0,80.0,0.0,0.0,0.0,0.0
1.0,99.0,0.0,0.0,0.0,0.0
20.0,80.0,0.0,0.0,0.0,0.0
2.0,93.0,0.0,5.0,0.0,0.0
1.0,99.0,0.0,0.0,0.0,0.0
4.0,96.0,0.0,0.0,0.0,0.0
1.0,99.0,0.0,0.0,0.0,0.0
1.0,98.0,0.0,1.0,0.0,0.0
19.0,81.0,0.0,0.0,0.0,0.0
10.0,89.0,0.0,1.0,0.0,0.0
1.0,96.0,0.0,3.0,0.0,0.0
80.0,20.0,0.0,0.0,0.0,0.0
1.0,98.0,0.0,1.0,0.0,0.0
1.0,98.0,0.0,1.0,0.0,0.0
11.0,89.0,0.0,0.0,0.0,0.0
5.0,95.0,0.0,0.0,0.0,0.0
21.0,79.0,0.0,0.0,0.0,0.0
1.0,98.0,0.0,1.0,0.0,0.0
2.0,98.0,0.0,0.0,0.0,0.0
1.0,97.0,0.0,2.0,0.0,0.0
1.0,98.0,1.0,0.0,0.0,0.0
1.0,97.0,0.0,2.0,0.0,0.0
6.0,94.0,0.0,0.0,0.0,0.0
1.0,99.0,0.0,0.0,0.0,0.0
1.0,99.0,0.0,0.0,0.0,0.0
9.0,89.0,0.0,2.0,0.0,0.0
2.0,98.0,0.0,0.0,0.0,0.0
3.0,96.0,0.0,1.0,0.0,0.0
36.0,63.0,0.0,1.0,0.0,0.0
11.0,87.0,0.0,2.0,0.0,0.0
1.0,99.0,0.0,0.0,0.0,0.0
19.0,81.0,0.0,0.0,0.0,0.0
8.0,92.0,0.0,0.0,0.0,0.0
5.0,95.0,0.0,0.0,0.0,0.0
19.0,78.0,0.0,3.0,0.0,0.0
1.0,99.0,0.0,0.0,0.0,0.0
6.0,93.0,0.0,1.0,0.0,0.0
1.0,99.0,0.0,0.0,0.0,0.0
1.0,97.0,0.0,2.0,0.0,0.0
1.0,98.0,0.0,1.0,0.0,0.0
17.0,82.0,0.0,1.0,0.0,0.0
17.0,81.0,0.0,2.0,0.0,0.0
9.0,91.0,0.0,0.0,0.0,0.0
7.0,93.0,0.0,0.0,0.0,0.0
27.0,73.0,0.0,0.0,0.0,0.0
9.0,91.0,0.0,0.0,0.0,0.0
1.0,99.0,0.0,0.0,0.0,0.0
27.0,73.0,0.0,0.0,0.0,0.0
6.0,94.0,0.0,0.0,0.0,0.0
2.0,95.0,0.0,3.0,0.0,0.0
25.0,75.0,0.0,0.0,0.0,0.0
7.0,92.0,0.0,1.0,0.0,0.0
3.0,97.0,0.0,0.0,0.0,0.0
8.0,92.0,0.0,0.0,0.0,0.0
54.0,44.0,0.0,2.0,0.0,0.0
1.0,99.0,0.0,0.0,0.0,0.0
3.0,95.0,0.0,2.0,0.0,0.0
1.0,98.0,0.0,1.0,0.0,0.0
6.0,92.0,0.0,2.0,0.0,0.0
1.0,98.0,0.0,1.0,0.0,0.0
6.0,94.0,0.0,0.0,0.0,0.0
1.0,99.0,0.0,0.0,0.0,0.0
13.0,87.0,0.0,0.0,0.0,0.0
1.0,98.0,0.0,1.0,0.0,0.0
2.0,94.0,0.0,4.0,0.0,0.0
2.0,97.0,0.0,1.0,0.0,0.0
8.0,92.0,0.0,0.0,0.0,0.0
2.0,98.0,0.0,0.0,0.0,0.0
25.0,75.0,0.0,0.0,0.0,0.0
21.0,79.0,0.0,0.0,0.0,0.0
10.0,87.0,0.0,3.0,0.0,0.0
1.0,98.0,0.0,1.0,0.0,0.0
2.0,98.0,0.0,0.0,0.0,0.0
3.0,97.0,0.0,0.0,0.0,0.0
20.0,80.0,0.0,0.0,0.0,0.0
38.0,62.0,0.0,0.0,0.0,0.0
6.0,92.0,0.0,2.0,0.0,0.0
1.0,95.0,0.0,4.0,0.0,0.0
4.0,96.0,0.0,0.0,0.0,0.0
2.0,98.0,0.0,0.0,0.0,0.0
16.0,81.0,0.0,3.0,0.0,0.0
17.0,83.0,0.0,0.0,0.0,0.0
13.0,87.0,0.0,0.0,0.0,0.0
1.0,98.0,1.0,0.0,0.0,0.0
9.0,90.0,0.0,1.0,0.0,0.0
15.0,80.0,0.0,5.0,0.0,0.0
2.0,98.0,0.0,0.0,0.0,0.0
4.0,96.0,0.0,0.0,0.0,0.0
18.0,82.0,0.0,0.0,0.0,0.0
25.0,74.0,0.0,1.0,0.0,0.0
1.0,95.0,0.0,4.0,0.0,0.0
2.0,96.0,0.0,2.0,0.0,0.0
8.0,92.0,0.0,0.0,0.0,0.0
10.0,90.0,0.0,0.0,0.0,0.0
1.0,99.0,0.0,0.0,0.0,0.0
2.0,97.0,0.0,1.0,0.0,0.0
1.0,98.0,0.0,1.0,0.0,0.0
1.0,98.0,0.0,1.0,0.0,0.0
3.0,97.0,0.0,0.0,0.0,0.0
1.0,97.0,0.0,2.0,0.0,0.0
1.0,99.0,0.0,0.0,0.0,0.0
2.0,96.0,0.0,2.0,0.0,0.0
2.0,98.0,0.0,0.0,0.0,0.0
4.0,96.0,0.0,0.0,0.0,0.0
1.0,99.0,0.0,0.0,0.0,0.0
2.0,98.0,0.0,0.0,0.0,0.0
8.0,92.0,0.0,0.0,0.0,0.0
12.0,88.0,0.0,0.0,0.0,0.0
2.0,93.0,0.0,5.0,0.0,0.0
8.0,91.0,0.0,1.0,0.0,0.0
20.0,78.0,0.0,2.0,0.0,0.0
26.0,72.0,0.0,2.0,0.0,0.0
4.0,96.0,0.0,0.0,0.0,0.0
17.0,83.0,0.0,0.0,0.0,0.0
19.0,81.0,0.0,0.0,0.0,0.0
31.0,69.0,0.0,0.0,0.0,0.0
5.0,95.0,0.0,0.0,0.0,0.0
2.0,98.0,0.0,0.0,0.0,0.0
10.0,90.0,0.0,0.0,0.0,0.0
1.0,99.0,0.0,0.0,0.0,0.0
30.0,70.0,0.0,0.0,0.0,0.0
1.0,99.0,0.0,0.0,0.0,0.0
1.0,98.0,0.0,1.0,0.0,0.0
2.0,98.0,0.0,0.0,0.0,0.0
1.0,99.0,0.0,0.0,0.0,0.0
1.0,99.0,0.0,0.0,0.0,0.0
14.0,86.0,0.0,0.0,0.0,0.0
17.0,81.0,0.0,2.0,0.0,0.0
21.0,76.0,0.0,3.0,0.0,0.0
12.0,84.0,0.0,4.0,0.0,0.0
10.0,89.0,0.0,1.0,0.0,0.0
6.0,94.0,0.0,0.0,0.0,0.0
18.0,82.0,0.0,0.0,0.0,0.0
1.0,98.0,0.0,1.0,0.0,0.0
1.0,99.0,0.0,0.0,0.0,0.0
2.0,97.0,0.0,1.0,0.0,0.0
9.0,91.0,0.0,0.0,0.0,0.0
48.0,52.0,0.0,0.0,0.0,0.0
1.0,99.0,0.0,0.0,0.0,0.0
17.0,82.0,0.0,1.0,0.0,0.0
22.0,75.0,0.0,3.0,0.0,0.0
4.0,95.0,0.0,1.0,0.0,0.0
13.0,86.0,0.0,1.0,0.0,0.0
1.0,99.0,0.0,0.0,0.0,0.0
30.0,70.0,0.0,0.0,0.0,0.0
8.0,82.0,0.0,10.0,0.0,0.0
8.0,90.0,0.0,2.0,0.0,0.0
1.0,99.0,0.0,0.0,0.0,0.0
8.0,89.0,0.0,3.0,0.0,0.0
19.0,80.0,0.0,1.0,0.0,0.0
7.0,93.0,0.0,0.0,0.0,0.0
1.0,99.0,0.0,0.0,0.0,0.0
1.0,99.0,0.0,0.0,0.0,0.0
1.0,99.0,0.0,0.0,0.0,0.0
25.0,75.0,0.0,0.0,0.0,0.0
20.0,76.0,0.0,4.0,0.0,0.0
30.0,70.0,0.0,0.0,0.0,0.0
20.0,80.0,0.0,0.0,0.0,0.0
1.0,99.0,0.0,0.0,0.0,0.0
2.0,97.0,0.0,1.0,0.0,0.0
2.0,98.0,0.0,0.0,0.0,0.0
4.0,96.0,0.0,0.0,0.0,0.0
28.0,72.0,0.0,0.0,0.0,0.0
4.0,96.0,0.0,0.0,0.0,0.0
7.0,93.0,0.0,0.0,0.0,0.0
1.0,31.0,0.0,8.0,60.0,0.0
7.0,93.0,0.0,0.0,0.0,0.0
1.0,92.0,0.0,4.0,3.0,0.0
1.0,97.0,0.0,2.0,0.0,0.0
1.0,98.0,0.0,1.0,0.0,0.0
1.0,99.0,0.0,0.0,0.0,0.0
1.0,99.0,0.0,0.0,0.0,0.0
11.0,89.0,0.0,0.0,0.0,0.0
27.0,73.0,0.0,0.0,0.0,0.0
2.0,97.0,0.0,1.0,0.0,0.0
1.0,98.0,1.0,0.0,0.0,0.0
12.0,86.0,0.0,2.0,0.0,0.0
2.0,98.0,0.0,0.0,0.0,0.0
2.0,91.0,0.0,7.0,0.0,0.0
10.0,90.0,0.0,0.0,0.0,0.0
14.0,86.0,0.0,0.0,0.0,0.0
6.0,94.0,0.0,0.0,0.0,0.0
1.0,99.0,0.0,0.0,0.0,0.0
1.0,98.0,1.0,0.0,0.0,0.0
1.0,99.0,0.0,0.0,0.0,0.0
2.0,98.0,0.0,0.0,0.0,0.0
1.0,98.0,0.0,1.0,0.0,0.0
13.0,87.0,0.0,0.0,0.0,0.0
31.0,60.0,0.0,9.0,0.0,0.0
1.0,98.0,0.0,1.0,0.0,0.0
3.0,94.0,0.0,3.0,0.0,0.0
14.0,40.0,0.0,3.0,43.0,0.0
8.0,92.0,0.0,0.0,0.0,0.0
18.0,82.0,0.0,0.0,0.0,0.0
10.0,89.0,0.0,1.0,0.0,0.0
8.0,92.0,0.0,0.0,0.0,0.0
4.0,96.0,0.0,0.0,0.0,0.0
1.0,99.0,0.0,0.0,0.0,0.0
1.0,99.0,0.0,0.0,0.0,0.0
5.0,94.0,0.0,1.0,0.0,0.0
7.0,93.0,0.0,0.0,0.0,0.0
1.0,99.0,0.0,0.0,0.0,0.0
1.0,99.0,0.0,0.0,0.0,0.0
2.0,98.0,0.0,0.0,0.0,0.0
15.0,75.0,0.0,10.0,0.0,0.0
1.0,99.0,0.0,0.0,0.0,0.0
2.0,98.0,0.0,0.0,0.0,0.0
30.0,68.0,0.0,2.0,0.0,0.0
24.0,76.0,0.0,0.0,0.0,0.0
3.0,95.0,0.0,2.0,0.0,0.0
1.0,99.0,0.0,0.0,0.0,0.0
8.0,92.0,0.0,0.0,0.0,0.0
12.0,85.0,0.0,3.0,0.0,0.0
3.0,97.0,0.0,0.0,0.0,0.0
4.0,96.0,0.0,0.0,0.0,0.0
5.0,92.0,0.0,3.0,0.0,0.0
5.0,95.0,0.0,0.0,0.0,0.0
1.0,99.0,0.0,0.0,0.0,0.0
19.0,81.0,0.0,0.0,0.0,0.0
16.0,80.0,0.0,4.0,0.0,0.0
8.0,92.0,0.0,0.0,0.0,0.0
4.0,96.0,0.0,0.0,0.0,0.0
20.0,80.0,0.0,0.0,0.0,0.0
1.0,96.0,0.0,3.0,0.0,0.0
1.0,99.0,0.0,0.0,0.0,0.0
15.0,85.0,0.0,0.0,0.0,0.0
57.0,42.0,0.0,1.0,0.0,0.0
1.0,97.0,0.0,2.0,0.0,0.0
3.0,96.0,0.0,1.0,0.0,0.0
1.0,96.0,0.0,3.0,0.0,0.0
16.0,84.0,0.0,0.0,0.0,0.0
39.0,60.0,0.0,1.0,0.0,0.0
10.0,88.0,0.0,2.0,0.0,0.0
1.0,78.0,0.0,2.0,19.0,0.0
20.0,79.0,0.0,1.0,0.0,0.0
5.0,95.0,0.0,0.0,0.0,0.0
5.0,95.0,0.0,0.0,0.0,0.0
1.0,96.0,0.0,3.0,0.0,0.0
14.0,82.0,0.0,4.0,0.0,0.0
6.0,93.0,0.0,1.0,0.0,0.0
16.0,84.0,0.0,0.0,0.0,0.0
4.0,95.0,0.0,1.0,0.0,0.0
3.0,83.0,0.0,3.0,11.0,0.0
13.0,87.0,0.0,0.0,0.0,0.0
2.0,97.0,0.0,1.0,0.0,0.0
5.0,95.0,0.0,0.0,0.0,0.0
16.0,84.0,0.0,0.0,0.0,0.0
2.0,4.0,0.0,5.0,89.0,0.0
15.0,85.0,0.0,0.0,0.0,0.0
3.0,95.0,0.0,2.0,0.0,0.0
7.0,93.0,0.0,0.0,0.0,0.0
16.0,80.0,0.0,4.0,0.0,0.0
1.0,99.0,0.0,0.0,0.0,0.0
8.0,90.0,0.0,2.0,0.0,0.0
10.0,90.0,0.0,0.0,0.0,0.0
12.0,88.0,0.0,0.0,0.0,0.0
14.0,84.0,0.0,2.0,0.0,0.0
18.0,82.0,0.0,0.0,0.0,0.0
4.0,96.0,0.0,0.0,0.0,0.0
2.0,86.0,0.0,12.0,0.0,0.0
24.0,74.0,0.0,2.0,0.0,0.0
5.0,92.0,0.0,3.0,0.0,0.0
1.0,99.0,0.0,0.0,0.0,0.0
9.0,91.0,0.0,0.0,0.0,0.0
29.0,71.0,0.0,0.0,0.0,0.0
1.0,97.0,0.0,2.0,0.0,0.0
3.0,91.0,0.0,6.0,0.0,0.0
3.0,91.0,0.0,6.0,0.0,0.0
1.0,99.0,0.0,0.0,0.0,0.0
17.0,83.0,0.0,0.0,0.0,0.0
17.0,83.0,0.0,0.0,0.0,0.0
4.0,96.0,0.0,0.0,0.0,0.0
15.0,85.0,0.0,0.0,0.0,0.0
66.0,29.0,0.0,5.0,0.0,0.0
12.0,84.0,0.0,4.0,0.0,0.0
1.0,98.0,0.0,1.0,0.0,0.0
1.0,99.0,0.0,0.0,0.0,0.0
1.0,93.0,6.0,0.0,0.0,0.0
2.0,94.0,0.0,4.0,0.0,0.0
1.0,99.0,0.0,0.0,0.0,0.0
20.0,80.0,0.0,0.0,0.0,0.0
2.0,98.0,0.0,0.0,0.0,0.0
6.0,93.0,0.0,1.0,0.0,0.0
16.0,84.0,0.0,0.0,0.0,0.0
2.0,98.0,0.0,0.0,0.0,0.0
17.0,83.0,0.0,0.0,0.0,0.0
4.0,94.0,0.0,2.0,0.0,0.0
9.0,87.0,0.0,4.0,0.0,0.0
11.0,84.0,0.0,5.0,0.0,0.0
9.0,89.0,0.0,2.0,0.0,0.0
10.0,81.0,0.0,9.0,0.0,0.0
14.0,86.0,0.0,0.0,0.0,0.0
3.0,97.0,0.0,0.0,0.0,0.0
14.0,86.0,0.0,0.0,0.0,0.0
2.0,97.0,0.0,1.0,0.0,0.0
2.0,97.0,0.0,1.0,0.0,0.0
9.0,88.0,0.0,3.0,0.0,0.0
11.0,89.0,0.0,0.0,0.0,0.0
1.0,99.0,0.0,0.0,0.0,0.0
13.0,86.0,0.0,1.0,0.0,0.0
10.0,90.0,0.0,0.0,0.0,0.0
3.0,96.0,0.0,1.0,0.0,0.0
5.0,94.0,0.0,1.0,0.0,0.0
3.0,97.0,0.0,0.0,0.0,0.0
2.0,95.0,0.0,3.0,0.0,0.0
1.0,99.0,0.0,0.0,0.0,0.0
2.0,98.0,0.0,0.0,0.0,0.0
16.0,80.0,0.0,4.0,0.0,0.0
7.0,93.0,0.0,0.0,0.0,0.0
15.0,85.0,0.0,0.0,0.0,0.0
66.0,29.0,1.0,4.0,0.0,0.0
1.0,98.0,0.0,1.0,0.0,0.0
2.0,50.0,0.0,2.0,46.0,0.0
5.0,95.0,0.0,0.0,0.0,0.0
1.0,98.0,0.0,1.0,0.0,0.0
15.0,81.0,0.0,4.0,0.0,0.0
2.0,98.0,0.0,0.0,0.0,0.0
5.0,95.0,0.0,0.0,0.0,0.0
1.0,99.0,0.0,0.0,0.0,0.0
17.0,83.0,0.0,0.0,0.0,0.0
1.0,98.0,0.0,1.0,0.0,0.0
4.0,96.0,0.0,0.0,0.0,0.0
2.0,97.0,0.0,1.0,0.0,0.0
12.0,88.0,0.0,0.0,0.0,0.0
7.0,91.0,0.0,2.0,0.0,0.0
4.0,96.0,0.0,0.0,0.0,0.0
2.0,98.0,0.0,0.0,0.0,0.0
2.0,98.0,0.0,0.0,0.0,0.0
1.0,98.0,0.0,1.0,0.0,0.0
7.0,84.0,0.0,9.0,0.0,0.0
20.0,78.0,0.0,2.0,0.0,0.0
6.0,87.0,0.0,7.0,0.0,0.0
2.0,98.0,0.0,0.0,0.0,0.0
1.0,98.0,0.0,1.0,0.0,0.0
5.0,95.0,0.0,0.0,0.0,0.0
4.0,96.0,0.0,0.0,0.0,0.0
13.0,87.0,0.0,0.0,0.0,0.0
16.0,79.0,0.0,5.0,0.0,0.0
7.0,91.0,0.0,2.0,0.0,0.0
4.0,88.0,0.0,8.0,0.0,0.0
3.0,97.0,0.0,0.0,0.0,0.0
4.0,92.0,0.0,4.0,0.0,0.0
1.0,99.0,0.0,0.0,0.0,0.0
8.0,91.0,0.0,1.0,0.0,0.0
1.0,99.0,0.0,0.0,0.0,0.0
24.0,74.0,0.0,2.0,0.0,0.0
1.0,97.0,0.0,2.0,0.0,0.0
1.0,99.0,0.0,0.0,0.0,0.0
1.0,99.0,0.0,0.0,0.0,0.0
12.0,85.0,0.0,3.0,0.0,0.0
2.0,98.0,0.0,0.0,0.0,0.0
15.0,83.0,0.0,2.0,0.0,0.0
4.0,96.0,0.0,0.0,0.0,0.0
1.0,99.0,0.0,0.0,0.0,0.0
2.0,98.0,0.0,0.0,0.0,0.0
17.0,83.0,0.0,0.0,0.0,0.0
5.0,95.0,0.0,0.0,0.0,0.0
15.0,85.0,0.0,0.0,0.0,0.0
5.0,95.0,0.0,0.0,0.0,0.0
28.0,68.0,0.0,4.0,0.0,0.0
15.0,85.0,0.0,0.0,0.0,0.0
1.0,83.0,0.0,16.0,0.0,0.0
1.0,97.0,0.0,2.0,0.0,0.0
4.0,91.0,0.0,5.0,0.0,0.0
1.0,99.0,0.0,0.0,0.0,0.0
1.0,98.0,0.0,1.0,0.0,0.0
3.0,97.0,0.0,0.0,0.0,0.0
1.0,99.0,0.0,0.0,0.0,0.0
1.0,99.0,0.0,0.0,0.0,0.0
1.0,99.0,0.0,0.0,0.0,0.0
1.0,99.0,0.0,0.0,0.0,0.0
37.0,11.0,0.0,2.0,50.0,0.0
1.0,96.0,0.0,3.0,0.0,0.0
7.0,93.0,0.0,0.0,0.0,0.0
9.0,89.0,0.0,2.0,0.0,0.0
4.0,93.0,0.0,3.0,0.0,0.0
1.0,90.0,0.0,9.0,0.0,0.0
9.0,90.0,0.0,1.0,0.0,0.0
3.0,87.0,0.0,10.0,0.0,0.0
6.0,92.0,0.0,2.0,0.0,0.0
1.0,98.0,0.0,1.0,0.0,0.0
7.0,93.0,0.0,0.0,0.0,0.0
1.0,99.0,0.0,0.0,0.0,0.0
1.0,97.0,0.0,2.0,0.0,0.0
5.0,86.0,0.0,9.0,0.0,0.0
1.0,98.0,0.0,1.0,0.0,0.0
9.0,91.0,0.0,0.0,0.0,0.0
2.0,94.0,0.0,4.0,0.0,0.0
31.0,69.0,0.0,0.0,0.0,0.0
9.0,90.0,0.0,1.0,0.0,0.0
9.0,89.0,0.0,2.0,0.0,0.0
1.0,96.0,0.0,3.0,0.0,0.0
1.0,99.0,0.0,0.0,0.0,0.0
15.0,84.0,0.0,1.0,0.0,0.0
37.0,58.0,0.0,5.0,0.0,0.0
2.0,97.0,0.0,1.0,0.0,0.0
5.0,93.0,0.0,2.0,0.0,0.0
1.0,98.0,0.0,1.0,0.0,0.0
1.0,99.0,0.0,0.0,0.0,0.0
7.0,89.0,0.0,4.0,0.0,0.0
8.0,85.0,0.0,7.0,0.0,0.0
1.0,99.0,0.0,0.0,0.0,0.0
2.0,97.0,1.0,0.0,0.0,0.0
17.0,75.0,0.0,8.0,0.0,0.0
1.0,94.0,0.0,5.0,0.0,0.0
4.0,85.0,0.0,11.0,0.0,0.0
8.0,87.0,0.0,1.0,4.0,0.0
8.0,87.0,0.0,5.0,0.0,0.0
1.0,99.0,0.0,0.0,0.0,0.0
2.0,97.0,0.0,1.0,0.0,0.0
8.0,68.0,0.0,2.0,22.0,0.0
1.0,99.0,0.0,0.0,0.0,0.0
5.0,95.0,0.0,0.0,0.0,0.0
1.0,99.0,0.0,0.0,0.0,0.0
1.0,99.0,0.0,0.0,0.0,0.0
2.0,98.0,0.0,0.0,0.0,0.0
15.0,84.0,1.0,0.0,0.0,0.0
8.0,91.0,0.0,1.0,0.0,0.0
9.0,91.0,0.0,0.0,0.0,0.0
2.0,0.0,10.0,1.0,0.0,0.0
37.0,52.0,0.0,11.0,0.0,0.0
1.0,99.0,0.0,0.0,0.0,0.0
3.0,92.0,0.0,5.0,0.0,0.0
35.0,65.0,0.0,0.0,0.0,0.0
6.0,94.0,0.0,0.0,0.0,0.0
3.0,97.0,0.0,0.0,0.0,0.0
3.0,97.0,0.0,0.0,0.0,0.0
1.0,99.0,0.0,0.0,0.0,0.0
1.0,92.0,0.0,7.0,0.0,0.0
13.0,87.0,0.0,0.0,0.0,0.0
2.0,98.0,0.0,0.0,0.0,0.0
3.0,97.0,0.0,0.0,0.0,0.0
8.0,89.0,0.0,3.0,0.0,0.0
1.0,98.0,0.0,1.0,0.0,0.0
2.0,91.0,0.0,4.0,3.0,0.0
1.0,99.0,0.0,0.0,0.0,0.0
21.0,75.0,0.0,4.0,0.0,0.0
3.0,92.0,0.0,5.0,0.0,0.0
6.0,92.0,0.0,2.0,0.0,0.0
1.0,99.0,0.0,0.0,0.0,0.0
3.0,92.0,0.0,5.0,0.0,0.0
23.0,77.0,0.0,0.0,0.0,0.0
17.0,82.0,0.0,1.0,0.0,0.0
2.0,96.0,0.0,2.0,0.0,0.0
1.0,99.0,0.0,0.0,0.0,0.0
7.0,91.0,0.0,2.0,0.0,0.0
1.0,94.0,0.0,5.0,0.0,0.0
3.0,93.0,0.0,4.0,0.0,0.0
21.0,79.0,0.0,0.0,0.0,0.0
1.0,99.0,0.0,0.0,0.0,0.0
1.0,98.0,0.0,1.0,0.0,0.0
1.0,98.0,0.0,1.0,0.0,0.0
1.0,99.0,0.0,0.0,0.0,0.0
14.0,85.0,0.0,1.0,0.0,0.0
23.0,74.0,0.0,3.0,0.0,0.0
2.0,98.0,0.0,0.0,0.0,0.0
6.0,91.0,0.0,3.0,0.0,0.0
10.0,90.0,0.0,0.0,0.0,0.0
14.0,86.0,0.0,0.0,0.0,0.0
14.0,86.0,0.0,0.0,0.0,0.0
17.0,82.0,0.0,1.0,0.0,0.0
1.0,99.0,0.0,0.0,0.0,0.0
10.0,90.0,0.0,0.0,0.0,0.0
1.0,99.0,0.0,0.0,0.0,0.0
5.0,95.0,0.0,0.0,0.0,0.0
3.0,97.0,0.0,0.0,0.0,0.0
5.0,95.0,0.0,0.0,0.0,0.0
9.0,89.0,0.0,2.0,0.0,0.0
4.0,95.0,0.0,1.0,0.0,0.0
61.0,37.0,0.0,2.0,0.0,0.0
1.0,98.0,0.0,1.0,0.0,0.0
14.0,86.0,0.0,0.0,0.0,0.0
4.0,94.0,0.0,2.0,0.0,0.0
9.0,88.0,0.0,3.0,0.0,0.0
17.0,79.0,0.0,4.0,0.0,0.0
6.0,94.0,0.0,0.0,0.0,0.0
12.0,88.0,0.0,0.0,0.0,0.0
2.0,96.0,0.0,2.0,0.0,0.0
10.0,89.0,0.0,1.0,0.0,0.0
4.0,94.0,0.0,2.0,0.0,0.0
8.0,89.0,0.0,3.0,0.0,0.0
21.0,79.0,0.0,0.0,0.0,0.0
8.0,90.0,0.0,2.0,0.0,0.0
22.0,76.0,0.0,2.0,0.0,0.0
4.0,64.0,0.0,1.0,31.0,0.0
2.0,98.0,0.0,0.0,0.0,0.0
1.0,99.0,0.0,0.0,0.0,0.0
2.0,0.0,15.0,2.0,0.0,0.0
1.0,98.0,0.0,1.0,0.0,0.0
4.0,96.0,0.0,0.0,0.0,0.0
2.0,96.0,0.0,2.0,0.0,0.0
2.0,98.0,0.0,0.0,0.0,0.0
18.0,82.0,0.0,0.0,0.0,0.0
1.0,99.0,0.0,0.0,0.0,0.0
8.0,89.0,0.0,3.0,0.0,0.0
9.0,91.0,0.0,0.0,0.0,0.0
1.0,99.0,0.0,0.0,0.0,0.0
6.0,94.0,0.0,0.0,0.0,0.0
21.0,79.0,0.0,0.0,0.0,0.0
2.0,95.0,0.0,3.0,0.0,0.0
14.0,86.0,0.0,0.0,0.0,0.0
3.0,97.0,0.0,0.0,0.0,0.0
1.0,99.0,0.0,0.0,0.0,0.0
3.0,97.0,0.0,0.0,0.0,0.0
1.0,97.0,0.0,2.0,0.0,0.0
10.0,90.0,0.0,0.0,0.0,0.0
5.0,95.0,0.0,0.0,0.0,0.0
6.0,38.0,0.0,3.0,53.0,0.0
2.0,98.0,0.0,0.0,0.0,0.0
7.0,93.0,0.0,0.0,0.0,0.0
20.0,78.0,0.0,2.0,0.0,0.0
2.0,93.0,0.0,5.0,0.0,0.0
2.0,72.0,0.0,3.0,23.0,0.0
3.0,97.0,0.0,0.0,0.0,0.0
1.0,99.0,0.0,0.0,0.0,0.0
1.0,99.0,0.0,0.0,0.0,0.0
1.0,99.0,0.0,0.0,0.0,0.0
1.0,98.0,1.0,0.0,0.0,0.0
3.0,96.0,0.0,1.0,0.0,0.0
6.0,94.0,0.0,0.0,0.0,0.0
12.0,87.0,0.0,1.0,0.0,0.0
7.0,93.0,0.0,0.0,0.0,0.0
1.0,98.0,0.0,1.0,0.0,0.0
7.0,89.0,0.0,4.0,0.0,0.0
2.0,18.0,0.0,2.0,78.0,0.0
1.0,99.0,0.0,0.0,0.0,0.0
1.0,98.0,0.0,1.0,0.0,0.0
5.0,95.0,0.0,0.0,0.0,0.0
3.0,96.0,0.0,1.0,0.0,0.0
6.0,92.0,0.0,2.0,0.0,0.0
4.0,96.0,0.0,0.0,0.0,0.0
2.0,95.0,0.0,3.0,0.0,0.0
10.0,90.0,0.0,0.0,0.0,0.0
12.0,88.0,0.0,0.0,0.0,0.0
13.0,87.0,0.0,0.0,0.0,0.0
5.0,95.0,0.0,0.0,0.0,0.0
4.0,94.0,0.0,2.0,0.0,0.0
1.0,91.0,0.0,8.0,0.0,0.0
8.0,92.0,0.0,0.0,0.0,0.0
7.0,93.0,0.0,0.0,0.0,0.0
6.0,91.0,0.0,3.0,0.0,0.0
2.0,98.0,0.0,0.0,0.0,0.0
1.0,98.0,0.0,1.0,0.0,0.0
2.0,97.0,0.0,1.0,0.0,0.0
1.0,99.0,0.0,0.0,0.0,0.0
1.0,99.0,0.0,0.0,0.0,0.0
21.0,79.0,0.0,0.0,0.0,0.0
1.0,99.0,0.0,0.0,0.0,0.0
2.0,98.0,0.0,0.0,0.0,0.0
2.0,98.0,0.0,0.0,0.0,0.0
27.0,70.0,0.0,3.0,0.0,0.0
5.0,95.0,0.0,0.0,0.0,0.0
1.0,98.0,0.0,1.0,0.0,0.0
8.0,87.0,0.0,5.0,0.0,0.0
1.0,94.0,0.0,5.0,0.0,0.0
17.0,82.0,0.0,1.0,0.0,0.0
13.0,86.0,0.0,1.0,0.0,0.0
4.0,92.0,0.0,4.0,0.0,0.0
1.0,99.0,0.0,0.0,0.0,0.0
7.0,84.0,0.0,9.0,0.0,0.0
1.0,99.0,0.0,0.0,0.0,0.0
3.0,96.0,0.0,1.0,0.0,0.0
9.0,91.0,0.0,0.0,0.0,0.0
9.0,91.0,0.0,0.0,0.0,0.0
4.0,95.0,0.0,1.0,0.0,0.0
4.0,96.0,0.0,0.0,0.0,0.0
3.0,97.0,0.0,0.0,0.0,0.0
18.0,82.0,0.0,0.0,0.0,0.0
6.0,94.0,0.0,0.0,0.0,0.0
2.0,96.0,0.0,2.0,0.0,0.0
3.0,97.0,0.0,0.0,0.0,0.0
5.0,95.0,0.0,0.0,0.0,0.0
17.0,83.0,0.0,0.0,0.0,0.0
6.0,92.0,0.0,2.0,0.0,0.0
1.0,93.0,0.0,6.0,0.0,0.0
6.0,94.0,0.0,0.0,0.0,0.0
1.0,99.0,0.0,0.0,0.0,0.0
25.0,75.0,0.0,0.0,0.0,0.0
2.0,98.0,0.0,0.0,0.0,0.0
1.0,0.0,79.0,2.0,0.0,0.0
1.0,98.0,0.0,1.0,0.0,0.0
16.0,83.0,0.0,1.0,0.0,0.0
9.0,91.0,0.0,0.0,0.0,0.0
1.0,98.0,0.0,1.0,0.0,0.0
5.0,95.0,0.0,0.0,0.0,0.0
10.0,90.0,0.0,0.0,0.0,0.0
2.0,97.0,0.0,1.0,0.0,0.0
1.0,97.0,0.0,2.0,0.0,0.0
1.0,99.0,0.0,0.0,0.0,0.0
1.0,99.0,0.0,0.0,0.0,0.0
1.0,99.0,0.0,0.0,0.0,0.0
2.0,91.0,0.0,7.0,0.0,0.0
1.0,48.0,0.0,2.0,49.0,0.0
1.0,99.0,0.0,0.0,0.0,0.0
10.0,89.0,0.0,1.0,0.0,0.0
3.0,97.0,0.0,0.0,0.0,0.0
6.0,86.0,0.0,8.0,0.0,0.0
3.0,96.0,0.0,1.0,0.0,0.0
6.0,94.0,0.0,0.0,0.0,0.0
13.0,86.0,0.0,1.0,0.0,0.0
2.0,95.0,0.0,3.0,0.0,0.0
1.0,99.0,0.0,0.0,0.0,0.0
17.0,83.0,0.0,0.0,0.0,0.0
4.0,96.0,0.0,0.0,0.0,0.0
2.0,98.0,0.0,0.0,0.0,0.0
27.0,73.0,0.0,0.0,0.0,0.0
2.0,93.0,0.0,5.0,0.0,0.0
10.0,90.0,0.0,0.0,0.0,0.0
5.0,95.0,0.0,0.0,0.0,0.0
2.0,98.0,0.0,0.0,0.0,0.0
6.0,92.0,0.0,2.0,0.0,0.0
6.0,88.0,0.0,6.0,0.0,0.0
3.0,97.0,0.0,0.0,0.0,0.0
4.0,95.0,0.0,1.0,0.0,0.0
3.0,95.0,0.0,2.0,0.0,0.0
1.0,98.0,0.0,1.0,0.0,0.0
1.0,97.0,0.0,2.0,0.0,0.0
6.0,94.0,0.0,0.0,0.0,0.0
1.0,97.0,0.0,2.0,0.0,0.0
5.0,94.0,0.0,1.0,0.0,0.0
2.0,98.0,0.0,0.0,0.0,0.0
3.0,97.0,0.0,0.0,0.0,0.0
1.0,99.0,0.0,0.0,0.0,0.0
17.0,83.0,0.0,0.0,0.0,0.0
1.0,95.0,0.0,4.0,0.0,0.0
6.0,94.0,0.0,0.0,0.0,0.0
1.0,93.0,0.0,6.0,0.0,0.0
5.0,92.0,0.0,3.0,0.0,0.0
1.0,99.0,0.0,0.0,0.0,0.0
6.0,84.0,0.0,10.0,0.0,0.0
3.0,87.0,0.0,10.0,0.0,0.0
3.0,94.0,0.0,3.0,0.0,0.0
3.0,96.0,0.0,1.0,0.0,0.0
2.0,98.0,0.0,0.0,0.0,0.0
1.0,98.0,0.0,1.0,0.0,0.0
2.0,98.0,0.0,0.0,0.0,0.0
3.0,97.0,0.0,0.0,0.0,0.0
5.0,95.0,0.0,0.0,0.0,0.0
1.0,98.0,0.0,1.0,0.0,0.0
1.0,99.0,0.0,0.0,0.0,0.0
2.0,98.0,0.0,0.0,0.0,0.0
3.0,97.0,0.0,0.0,0.0,0.0
2.0,98.0,0.0,0.0,0.0,0.0
13.0,84.0,0.0,3.0,0.0,0.0
1.0,99.0,0.0,0.0,0.0,0.0
1.0,98.0,0.0,1.0,0.0,0.0
11.0,89.0,0.0,0.0,0.0,0.0
9.0,91.0,0.0,0.0,0.0,0.0
1.0,98.0,0.0,1.0,0.0,0.0
7.0,93.0,0.0,0.0,0.0,0.0
1.0,99.0,0.0,0.0,0.0,0.0
1.0,99.0,0.0,0.0,0.0,0.0
2.0,98.0,0.0,0.0,0.0,0.0
1.0,98.0,0.0,1.0,0.0,0.0
1.0,97.0,0.0,2.0,0.0,0.0
2.0,96.0,0.0,2.0,0.0,0.0
11.0,84.0,0.0,5.0,0.0,0.0
3.0,97.0,0.0,0.0,0.0,0.0
8.0,92.0,0.0,0.0,0.0,0.0
16.0,84.0,0.0,0.0,0.0,0.0
1.0,99.0,0.0,0.0,0.0,0.0
2.0,97.0,0.0,1.0,0.0,0.0
5.0,85.0,0.0,10.0,0.0,0.0
2.0,98.0,0.0,0.0,0.0,0.0
3.0,96.0,0.0,1.0,0.0,0.0
26.0,74.0,0.0,0.0,0.0,0.0
8.0,88.0,0.0,4.0,0.0,0.0
3.0,97.0,0.0,0.0,0.0,0.0
12.0,88.0,0.0,0.0,0.0,0.0
5.0,95.0,0.0,0.0,0.0,0.0
11.0,89.0,0.0,0.0,0.0,0.0
13.0,87.0,0.0,0.0,0.0,0.0
1.0,99.0,0.0,0.0,0.0,0.0
1.0,99.0,0.0,0.0,0.0,0.0
2.0,98.0,0.0,0.0,0.0,0.0
1.0,97.0,0.0,2.0,0.0,0.0
1.0,99.0,0.0,0.0,0.0,0.0
1.0,99.0,0.0,0.0,0.0,0.0
17.0,83.0,0.0,0.0,0.0,0.0
4.0,96.0,0.0,0.0,0.0,0.0
2.0,97.0,0.0,1.0,0.0,0.0
8.0,90.0,0.0,2.0,0.0,0.0
2.0,98.0,0.0,0.0,0.0,0.0
1.0,94.0,0.0,5.0,0.0,0.0
1.0,97.0,0.0,2.0,0.0,0.0
6.0,91.0,0.0,3.0,0.0,0.0
1.0,92.0,1.0,6.0,0.0,0.0
1.0,98.0,0.0,1.0,0.0,0.0
10.0,90.0,0.0,0.0,0.0,0.0
8.0,92.0,0.0,0.0,0.0,0.0
2.0,92.0,0.0,6.0,0.0,0.0
1.0,69.0,0.0,1.0,29.0,0.0
2.0,89.0,0.0,9.0,0.0,0.0
3.0,95.0,0.0,2.0,0.0,0.0
3.0,97.0,0.0,0.0,0.0,0.0
8.0,84.0,0.0,8.0,0.0,0.0
22.0,78.0,0.0,0.0,0.0,0.0
6.0,94.0,0.0,0.0,0.0,0.0
2.0,91.0,0.0,7.0,0.0,0.0
2.0,98.0,0.0,0.0,0.0,0.0
2.0,98.0,0.0,0.0,0.0,0.0
2.0,96.0,0.0,2.0,0.0,0.0
1.0,95.0,1.0,3.0,0.0,0.0
1.0,99.0,0.0,0.0,0.0,0.0
3.0,97.0,0.0,0.0,0.0,0.0
1.0,99.0,0.0,0.0,0.0,0.0
4.0,95.0,0.0,1.0,0.0,0.0
10.0,90.0,0.0,0.0,0.0,0.0
14.0,85.0,0.0,1.0,0.0,0.0
2.0,98.0,0.0,0.0,0.0,0.0
4.0,96.0,0.0,0.0,0.0,0.0
1.0,99.0,0.0,0.0,0.0,0.0
10.0,89.0,0.0,1.0,0.0,0.0
1.0,99.0,0.0,0.0,0.0,0.0
1.0,97.0,0.0,2.0,0.0,0.0
2.0,98.0,0.0,0.0,0.0,0.0
1.0,99.0,0.0,0.0,0.0,0.0
2.0,98.0,0.0,0.0,0.0,0.0
1.0,99.0,0.0,0.0,0.0,0.0
9.0,90.0,0.0,1.0,0.0,0.0
7.0,93.0,0.0,0.0,0.0,0.0
4.0,95.0,0.0,1.0,0.0,0.0
1.0,99.0,0.0,0.0,0.0,0.0
6.0,94.0,0.0,0.0,0.0,0.0
2.0,98.0,0.0,0.0,0.0,0.0
10.0,90.0,0.0,0.0,0.0,0.0
2.0,98.0,0.0,0.0,0.0,0.0
6.0,93.0,0.0,1.0,0.0,0.0
9.0,91.0,0.0,0.0,0.0,0.0
1.0,98.0,0.0,1.0,0.0,0.0
1.0,93.0,0.0,6.0,0.0,0.0
4.0,96.0,0.0,0.0,0.0,0.0
3.0,94.0,0.0,3.0,0.0,0.0
1.0,98.0,0.0,1.0,0.0,0.0
6.0,87.0,0.0,7.0,0.0,0.0
10.0,90.0,0.0,0.0,0.0,0.0
4.0,83.0,0.0,13.0,0.0,0.0
2.0,98.0,0.0,0.0,0.0,0.0
6.0,94.0,0.0,0.0,0.0,0.0
41.0,57.0,0.0,2.0,0.0,0.0
21.0,79.0,0.0,0.0,0.0,0.0
2.0,97.0,0.0,1.0,0.0,0.0
3.0,97.0,0.0,0.0,0.0,0.0
8.0,91.0,0.0,1.0,0.0,0.0
1.0,98.0,1.0,0.0,0.0,0.0
23.0,74.0,0.0,3.0,0.0,0.0
21.0,79.0,0.0,0.0,0.0,0.0
1.0,97.0,0.0,2.0,0.0,0.0
7.0,93.0,0.0,0.0,0.0,0.0
1.0,98.0,0.0,1.0,0.0,0.0
1.0,99.0,0.0,0.0,0.0,0.0
5.0,95.0,0.0,0.0,0.0,0.0
2.0,97.0,0.0,1.0,0.0,0.0
3.0,97.0,0.0,0.0,0.0,0.0
1.0,99.0,0.0,0.0,0.0,0.0
2.0,98.0,0.0,0.0,0.0,0.0
2.0,98.0,0.0,0.0,0.0,0.0
1.0,99.0,0.0,0.0,0.0,0.0
2.0,98.0,0.0,0.0,0.0,0.0
2.0,98.0,0.0,0.0,0.0,0.0
21.0,79.0,0.0,0.0,0.0,0.0
6.0,94.0,0.0,0.0,0.0,0.0
1.0,99.0,0.0,0.0,0.0,0.0
2.0,98.0,0.0,0.0,0.0,0.0
1.0,99.0,0.0,0.0,0.0,0.0
1.0,99.0,0.0,0.0,0.0,0.0
1.0,99.0,0.0,0.0,0.0,0.0
6.0,92.0,0.0,2.0,0.0,0.0
1.0,99.0,0.0,0.0,0.0,0.0
2.0,98.0,0.0,0.0,0.0,0.0
2.0,88.0,0.0,10.0,0.0,0.0
2.0,98.0,0.0,0.0,0.0,0.0
7.0,87.0,0.0,6.0,0.0,0.0
5.0,94.0,0.0,1.0,0.0,0.0
4.0,96.0,0.0,0.0,0.0,0.0
1.0,98.0,0.0,1.0,0.0,0.0
1.0,99.0,0.0,0.0,0.0,0.0
1.0,97.0,0.0,2.0,0.0,0.0
9.0,90.0,0.0,1.0,0.0,0.0
2.0,98.0,0.0,0.0,0.0,0.0
3.0,96.0,0.0,1.0,0.0,0.0
2.0,97.0,0.0,1.0,0.0,0.0
13.0,85.0,0.0,2.0,0.0,0.0
1.0,99.0,0.0,0.0,0.0,0.0
2.0,94.0,0.0,4.0,0.0,0.0
2.0,98.0,0.0,0.0,0.0,0.0
2.0,98.0,0.0,0.0,0.0,0.0
5.0,95.0,0.0,0.0,0.0,0.0
1.0,96.0,0.0,3.0,0.0,0.0
1.0,98.0,0.0,1.0,0.0,0.0
1.0,99.0,0.0,0.0,0.0,0.0
3.0,97.0,0.0,0.0,0.0,0.0
1.0,99.0,0.0,0.0,0.0,0.0
5.0,95.0,0.0,0.0,0.0,0.0
4.0,94.0,0.0,2.0,0.0,0.0
7.0,90.0,0.0,3.0,0.0,0.0
25.0,70.0,0.0,5.0,0.0,0.0
1.0,99.0,0.0,0.0,0.0,0.0
2.0,98.0,0.0,0.0,0.0,0.0
6.0,94.0,0.0,0.0,0.0,0.0
9.0,77.0,0.0,1.0,13.0,0.0
12.0,86.0,0.0,2.0,0.0,0.0
16.0,84.0,0.0,0.0,0.0,0.0
4.0,96.0,0.0,0.0,0.0,0.0
1.0,99.0,0.0,0.0,0.0,0.0
1.0,98.0,0.0,1.0,0.0,0.0
11.0,89.0,0.0,0.0,0.0,0.0
3.0,95.0,0.0,2.0,0.0,0.0
1.0,98.0,0.0,1.0,0.0,0.0
1.0,98.0,0.0,1.0,0.0,0.0
1.0,99.0,0.0,0.0,0.0,0.0
17.0,78.0,0.0,5.0,0.0,0.0
14.0,86.0,0.0,0.0,0.0,0.0
6.0,94.0,0.0,0.0,0.0,0.0
1.0,99.0,0.0,0.0,0.0,0.0
3.0,97.0,0.0,0.0,0.0,0.0
6.0,94.0,0.0,0.0,0.0,0.0
1.0,99.0,0.0,0.0,0.0,0.0
15.0,84.0,0.0,1.0,0.0,0.0
1.0,93.0,0.0,6.0,0.0,0.0
1.0,92.0,0.0,7.0,0.0,0.0
7.0,93.0,0.0,0.0,0.0,0.0
6.0,93.0,0.0,1.0,0.0,0.0
3.0,97.0,0.0,0.0,0.0,0.0
4.0,89.0,0.0,7.0,0.0,0.0
10.0,90.0,0.0,0.0,0.0,0.0
6.0,94.0,0.0,0.0,0.0,0.0
5.0,95.0,0.0,0.0,0.0,0.0
14.0,54.0,0.0,2.0,30.0,0.0
1.0,96.0,0.0,3.0,0.0,0.0
6.0,92.0,0.0,2.0,0.0,0.0
1.0,98.0,0.0,1.0,0.0,0.0
10.0,90.0,0.0,0.0,0.0,0.0
4.0,94.0,0.0,2.0,0.0,0.0
21.0,79.0,0.0,0.0,0.0,0.0
48.0,52.0,0.0,0.0,0.0,0.0
10.0,89.0,0.0,1.0,0.0,0.0
1.0,96.0,0.0,3.0,0.0,0.0
11.0,86.0,0.0,3.0,0.0,0.0
5.0,95.0,0.0,0.0,0.0,0.0
1.0,99.0,0.0,0.0,0.0,0.0
4.0,96.0,0.0,0.0,0.0,0.0
1.0,97.0,0.0,2.0,0.0,0.0
1.0,99.0,0.0,0.0,0.0,0.0
4.0,93.0,0.0,3.0,0.0,0.0
1.0,99.0,0.0,0.0,0.0,0.0
1.0,99.0,0.0,0.0,0.0,0.0
1.0,99.0,0.0,0.0,0.0,0.0
18.0,81.0,0.0,1.0,0.0,0.0
2.0,98.0,0.0,0.0,0.0,0.0
11.0,88.0,0.0,1.0,0.0,0.0
3.0,95.0,0.0,2.0,0.0,0.0
13.0,85.0,0.0,2.0,0.0,0.0
4.0,91.0,0.0,5.0,0.0,0.0
8.0,91.0,0.0,1.0,0.0,0.0
2.0,93.0,0.0,5.0,0.0,0.0
1.0,99.0,0.0,0.0,0.0,0.0
13.0,84.0,0.0,3.0,0.0,0.0
4.0,96.0,0.0,0.0,0.0,0.0
13.0,87.0,0.0,0.0,0.0,0.0
1.0,99.0,0.0,0.0,0.0,0.0
9.0,87.0,0.0,4.0,0.0,0.0
7.0,93.0,0.0,0.0,0.0,0.0
2.0,93.0,0.0,5.0,0.0,0.0
7.0,93.0,0.0,0.0,0.0,0.0
1.0,97.0,0.0,2.0,0.0,0.0
9.0,91.0,0.0,0.0,0.0,0.0
1.0,99.0,0.0,0.0,0.0,0.0
23.0,77.0,0.0,0.0,0.0,0.0
10.0,90.0,0.0,0.0,0.0,0.0
8.0,92.0,0.0,0.0,0.0,0.0
1.0,94.0,0.0,5.0,0.0,0.0
6.0,93.0,0.0,1.0,0.0,0.0
6.0,91.0,0.0,3.0,0.0,0.0
6.0,94.0,0.0,0.0,0.0,0.0
1.0,99.0,0.0,0.0,0.0,0.0
2.0,96.0,0.0,2.0,0.0,0.0
2.0,98.0,0.0,0.0,0.0,0.0
5.0,90.0,0.0,5.0,0.0,0.0
7.0,93.0,0.0,0.0,0.0,0.0
1.0,99.0,0.0,0.0,0.0,0.0
1.0,99.0,0.0,0.0,0.0,0.0
14.0,86.0,0.0,0.0,0.0,0.0
1.0,99.0,0.0,0.0,0.0,0.0
7.0,92.0,0.0,1.0,0.0,0.0
1.0,99.0,0.0,0.0,0.0,0.0
5.0,95.0,0.0,0.0,0.0,0.0
1.0,99.0,0.0,0.0,0.0,0.0
5.0,93.0,0.0,2.0,0.0,0.0
4.0,95.0,0.0,1.0,0.0,0.0
2.0,98.0,0.0,0.0,0.0,0.0
3.0,95.0,0.0,2.0,0.0,0.0
2.0,95.0,0.0,3.0,0.0,0.0
2.0,94.0,0.0,4.0,0.0,0.0
6.0,94.0,0.0,0.0,0.0,0.0
5.0,86.0,0.0,9.0,0.0,0.0
1.0,99.0,0.0,0.0,0.0,0.0
2.0,97.0,1.0,0.0,0.0,0.0
1.0,99.0,0.0,0.0,0.0,0.0
2.0,98.0,0.0,0.0,0.0,0.0
2.0,98.0,0.0,0.0,0.0,0.0
6.0,94.0,0.0,0.0,0.0,0.0
6.0,93.0,0.0,1.0,0.0,0.0
2.0,97.0,0.0,1.0,0.0,0.0
6.0,94.0,0.0,0.0,0.0,0.0
5.0,95.0,0.0,0.0,0.0,0.0
1.0,99.0,0.0,0.0,0.0,0.0
2.0,98.0,0.0,0.0,0.0,0.0
1.0,84.0,0.0,15.0,0.0,0.0
5.0,95.0,0.0,0.0,0.0,0.0
2.0,98.0,0.0,0.0,0.0,0.0
11.0,85.0,0.0,4.0,0.0,0.0
1.0,99.0,0.0,0.0,0.0,0.0
2.0,98.0,0.0,0.0,0.0,0.0
6.0,94.0,0.0,0.0,0.0,0.0
4.0,96.0,0.0,0.0,0.0,0.0
3.0,97.0,0.0,0.0,0.0,0.0
1.0,99.0,0.0,0.0,0.0,0.0
9.0,91.0,0.0,0.0,0.0,0.0
1.0,99.0,0.0,0.0,0.0,0.0
1.0,99.0,0.0,0.0,0.0,0.0
2.0,97.0,0.0,1.0,0.0,0.0
1.0,98.0,0.0,1.0,0.0,0.0
2.0,98.0,0.0,0.0,0.0,0.0
1.0,96.0,0.0,3.0,0.0,0.0
2.0,98.0,0.0,0.0,0.0,0.0
1.0,99.0,0.0,0.0,0.0,0.0
4.0,96.0,0.0,0.0,0.0,0.0
1.0,98.0,0.0,1.0,0.0,0.0
9.0,91.0,0.0,0.0,0.0,0.0
1.0,99.0,0.0,0.0,0.0,0.0
1.0,99.0,0.0,0.0,0.0,0.0
2.0,98.0,0.0,0.0,0.0,0.0
5.0,95.0,0.0,0.0,0.0,0.0
1.0,99.0,0.0,0.0,0.0,0.0
1.0,94.0,0.0,5.0,0.0,0.0
5.0,95.0,0.0,0.0,0.0,0.0
2.0,98.0,0.0,0.0,0.0,0.0
13.0,87.0,0.0,0.0,0.0,0.0
1.0,99.0,0.0,0.0,0.0,0.0
2.0,97.0,0.0,1.0,0.0,0.0
2.0,96.0,0.0,2.0,0.0,0.0
1.0,96.0,1.0,2.0,0.0,0.0
2.0,98.0,0.0,0.0,0.0,0.0
7.0,92.0,0.0,1.0,0.0,0.0
1.0,97.0,0.0,2.0,0.0,0.0
2.0,98.0,0.0,0.0,0.0,0.0
23.0,77.0,0.0,0.0,0.0,0.0
1.0,97.0,0.0,2.0,0.0,0.0
1.0,99.0,0.0,0.0,0.0,0.0
1.0,99.0,0.0,0.0,0.0,0.0
9.0,91.0,0.0,0.0,0.0,0.0
1.0,98.0,0.0,1.0,0.0,0.0
1.0,69.0,0.0,8.0,22.0,0.0
1.0,99.0,0.0,0.0,0.0,0.0
8.0,90.0,0.0,2.0,0.0,0.0
1.0,98.0,0.0,1.0,0.0,0.0
10.0,86.0,0.0,4.0,0.0,0.0
8.0,92.0,0.0,0.0,0.0,0.0
2.0,98.0,0.0,0.0,0.0,0.0
5.0,95.0,0.0,0.0,0.0,0.0
1.0,99.0,0.0,0.0,0.0,0.0
13.0,87.0,0.0,0.0,0.0,0.0
4.0,95.0,0.0,1.0,0.0,0.0
1.0,97.0,0.0,2.0,0.0,0.0
4.0,96.0,0.0,0.0,0.0,0.0
1.0,99.0,0.0,0.0,0.0,0.0
1.0,98.0,0.0,1.0,0.0,0.0
8.0,92.0,0.0,0.0,0.0,0.0
11.0,89.0,0.0,0.0,0.0,0.0
1.0,99.0,0.0,0.0,0.0,0.0
5.0,94.0,0.0,1.0,0.0,0.0
1.0,99.0,0.0,0.0,0.0,0.0
2.0,94.0,0.0,4.0,0.0,0.0
1.0,94.0,0.0,5.0,0.0,0.0
1.0,99.0,0.0,0.0,0.0,0.0
9.0,91.0,0.0,0.0,0.0,0.0
1.0,94.0,0.0,5.0,0.0,0.0
5.0,95.0,0.0,0.0,0.0,0.0
3.0,97.0,0.0,0.0,0.0,0.0
1.0,99.0,0.0,0.0,0.0,0.0
1.0,99.0,0.0,0.0,0.0,0.0
4.0,96.0,0.0,0.0,0.0,0.0
8.0,92.0,0.0,0.0,0.0,0.0
1.0,96.0,0.0,3.0,0.0,0.0
1.0,84.0,1.0,14.0,0.0,0.0
4.0,96.0,0.0,0.0,0.0,0.0
1.0,98.0,0.0,1.0,0.0,0.0
8.0,92.0,0.0,0.0,0.0,0.0
6.0,90.0,0.0,4.0,0.0,0.0
8.0,92.0,0.0,0.0,0.0,0.0
1.0,97.0,0.0,2.0,0.0,0.0
1.0,99.0,0.0,0.0,0.0,0.0
1.0,99.0,0.0,0.0,0.0,0.0
5.0,95.0,0.0,0.0,0.0,0.0
2.0,98.0,0.0,0.0,0.0,0.0
1.0,99.0,0.0,0.0,0.0,0.0
1.0,93.0,1.0,5.0,0.0,0.0
1.0,96.0,0.0,3.0,0.0,0.0
3.0,97.0,0.0,0.0,0.0,0.0
3.0,97.0,0.0,0.0,0.0,0.0
2.0,98.0,0.0,0.0,0.0,0.0
7.0,86.0,0.0,7.0,0.0,0.0
1.0,99.0,0.0,0.0,0.0,0.0
4.0,93.0,0.0,3.0,0.0,0.0
18.0,82.0,0.0,0.0,0.0,0.0
14.0,83.0,0.0,3.0,0.0,0.0
1.0,99.0,0.0,0.0,0.0,0.0
1.0,99.0,0.0,0.0,0.0,0.0
1.0,99.0,0.0,0.0,0.0,0.0
2.0,98.0,0.0,0.0,0.0,0.0
2.0,96.0,0.0,2.0,0.0,0.0
1.0,99.0,0.0,0.0,0.0,0.0
24.0,76.0,0.0,0.0,0.0,0.0
1.0,99.0,0.0,0.0,0.0,0.0
10.0,88.0,0.0,2.0,0.0,0.0
1.0,85.0,0.0,1.0,13.0,0.0
1.0,99.0,0.0,0.0,0.0,0.0
1.0,99.0,0.0,0.0,0.0,0.0
1.0,99.0,0.0,0.0,0.0,0.0
11.0,89.0,0.0,0.0,0.0,0.0
1.0,96.0,0.0,3.0,0.0,0.0
4.0,95.0,0.0,1.0,0.0,0.0
2.0,98.0,0.0,0.0,0.0,0.0
3.0,97.0,0.0,0.0,0.0,0.0
2.0,98.0,0.0,0.0,0.0,0.0
1.0,99.0,0.0,0.0,0.0,0.0
2.0,98.0,0.0,0.0,0.0,0.0
1.0,98.0,0.0,1.0,0.0,0.0
3.0,97.0,0.0,0.0,0.0,0.0
8.0,92.0,0.0,0.0,0.0,0.0
19.0,81.0,0.0,0.0,0.0,0.0
3.0,93.0,0.0,4.0,0.0,0.0
3.0,97.0,0.0,0.0,0.0,0.0
1.0,96.0,0.0,3.0,0.0,0.0
7.0,91.0,0.0,2.0,0.0,0.0
2.0,98.0,0.0,0.0,0.0,0.0
10.0,89.0,0.0,1.0,0.0,0.0
2.0,97.0,0.0,1.0,0.0,0.0
1.0,97.0,0.0,2.0,0.0,0.0
3.0,97.0,0.0,0.0,0.0,0.0
8.0,92.0,0.0,0.0,0.0,0.0
2.0,96.0,0.0,2.0,0.0,0.0
10.0,90.0,0.0,0.0,0.0,0.0
1.0,99.0,0.0,0.0,0.0,0.0
1.0,99.0,0.0,0.0,0.0,0.0
4.0,95.0,0.0,1.0,0.0,0.0
13.0,87.0,0.0,0.0,0.0,0.0
2.0,98.0,0.0,0.0,0.0,0.0
2.0,92.0,0.0,6.0,0.0,0.0
9.0,91.0,0.0,0.0,0.0,0.0
1.0,99.0,0.0,0.0,0.0,0.0
1.0,99.0,0.0,0.0,0.0,0.0
4.0,94.0,0.0,2.0,0.0,0.0
4.0,95.0,1.0,0.0,0.0,0.0
1.0,98.0,0.0,1.0,0.0,0.0
2.0,98.0,0.0,0.0,0.0,0.0
5.0,95.0,0.0,0.0,0.0,0.0
2.0,90.0,0.0,8.0,0.0,0.0
2.0,0.0,42.0,4.0,0.0,0.0
2.0,98.0,0.0,0.0,0.0,0.0
3.0,97.0,0.0,0.0,0.0,0.0
1.0,98.0,0.0,1.0,0.0,0.0
2.0,98.0,0.0,0.0,0.0,0.0
3.0,97.0,0.0,0.0,0.0,0.0
4.0,95.0,0.0,1.0,0.0,0.0
1.0,97.0,0.0,2.0,0.0,0.0
1.0,99.0,0.0,0.0,0.0,0.0
3.0,97.0,0.0,0.0,0.0,0.0
2.0,96.0,0.0,2.0,0.0,0.0
1.0,96.0,0.0,3.0,0.0,0.0
5.0,93.0,0.0,2.0,0.0,0.0
5.0,95.0,0.0,0.0,0.0,0.0
21.0,79.0,0.0,0.0,0.0,0.0
3.0,97.0,0.0,0.0,0.0,0.0
3.0,96.0,0.0,1.0,0.0,0.0
1.0,99.0,0.0,0.0,0.0,0.0
1.0,98.0,0.0,1.0,0.0,0.0
1.0,89.0,0.0,10.0,0.0,0.0
1.0,99.0,0.0,0.0,0.0,0.0
1.0,99.0,0.0,0.0,0.0,0.0
6.0,86.0,0.0,8.0,0.0,0.0
10.0,85.0,0.0,5.0,0.0,0.0
3.0,97.0,0.0,0.0,0.0,0.0
1.0,99.0,0.0,0.0,0.0,0.0
7.0,93.0,0.0,0.0,0.0,0.0
4.0,96.0,0.0,0.0,0.0,0.0
1.0,97.0,0.0,2.0,0.0,0.0
7.0,92.0,0.0,1.0,0.0,0.0
1.0,99.0,0.0,0.0,0.0,0.0
9.0,89.0,0.0,2.0,0.0,0.0
1.0,99.0,0.0,0.0,0.0,0.0
3.0,97.0,0.0,0.0,0.0,0.0
1.0,99.0,0.0,0.0,0.0,0.0
2.0,97.0,0.0,1.0,0.0,0.0
2.0,88.0,0.0,10.0,0.0,0.0
2.0,98.0,0.0,0.0,0.0,0.0
4.0,95.0,0.0,1.0,0.0,0.0
14.0,85.0,0.0,1.0,0.0,0.0
7.0,93.0,0.0,0.0,0.0,0.0
8.0,92.0,0.0,0.0,0.0,0.0
2.0,94.0,0.0,4.0,0.0,0.0
15.0,85.0,0.0,0.0,0.0,0.0
1.0,99.0,0.0,0.0,0.0,0.0
9.0,91.0,0.0,0.0,0.0,0.0
5.0,95.0,0.0,0.0,0.0,0.0
1.0,97.0,0.0,2.0,0.0,0.0
3.0,97.0,0.0,0.0,0.0,0.0
1.0,95.0,0.0,4.0,0.0,0.0
1.0,98.0,1.0,0.0,0.0,0.0
1.0,97.0,0.0,2.0,0.0,0.0
15.0,79.0,0.0,6.0,0.0,0.0
1.0,99.0,0.0,0.0,0.0,0.0
6.0,87.0,0.0,7.0,0.0,0.0
1.0,99.0,0.0,0.0,0.0,0.0
3.0,97.0,0.0,0.0,0.0,0.0
1.0,98.0,0.0,1.0,0.0,0.0
6.0,91.0,0.0,3.0,0.0,0.0
1.0,99.0,0.0,0.0,0.0,0.0
1.0,98.0,0.0,1.0,0.0,0.0
1.0,98.0,0.0,1.0,0.0,0.0
2.0,92.0,0.0,6.0,0.0,0.0
4.0,96.0,0.0,0.0,0.0,0.0
2.0,98.0,0.0,0.0,0.0,0.0
1.0,99.0,0.0,0.0,0.0,0.0
14.0,86.0,0.0,0.0,0.0,0.0
11.0,89.0,0.0,0.0,0.0,0.0
7.0,92.0,0.0,1.0,0.0,0.0
6.0,94.0,0.0,0.0,0.0,0.0
1.0,99.0,0.0,0.0,0.0,0.0
1.0,99.0,0.0,0.0,0.0,0.0
1.0,99.0,0.0,0.0,0.0,0.0
4.0,96.0,0.0,0.0,0.0,0.0
1.0,97.0,0.0,2.0,0.0,0.0
1.0,99.0,0.0,0.0,0.0,0.0
1.0,99.0,0.0,0.0,0.0,0.0
1.0,99.0,0.0,0.0,0.0,0.0
4.0,96.0,0.0,0.0,0.0,0.0
5.0,95.0,0.0,0.0,0.0,0.0
2.0,96.0,0.0,2.0,0.0,0.0
2.0,98.0,0.0,0.0,0.0,0.0
8.0,91.0,0.0,1.0,0.0,0.0
8.0,92.0,0.0,0.0,0.0,0.0
1.0,98.0,0.0,1.0,0.0,0.0
3.0,97.0,0.0,0.0,0.0,0.0
1.0,99.0,0.0,0.0,0.0,0.0
1.0,99.0,0.0,0.0,0.0,0.0
6.0,94.0,0.0,0.0,0.0,0.0
5.0,95.0,0.0,0.0,0.0,0.0
5.0,95.0,0.0,0.0,0.0,0.0
1.0,96.0,0.0,3.0,0.0,0.0
3.0,96.0,0.0,1.0,0.0,0.0
1.0,99.0,0.0,0.0,0.0,0.0
1.0,99.0,0.0,0.0,0.0,0.0
5.0,94.0,0.0,1.0,0.0,0.0
4.0,96.0,0.0,0.0,0.0,0.0
1.0,99.0,0.0,0.0,0.0,0.0
5.0,92.0,0.0,3.0,0.0,0.0
3.0,96.0,0.0,1.0,0.0,0.0
15.0,85.0,0.0,0.0,0.0,0.0
4.0,94.0,0.0,2.0,0.0,0.0
3.0,96.0,1.0,0.0,0.0,0.0
1.0,99.0,0.0,0.0,0.0,0.0
3.0,95.0,0.0,2.0,0.0,0.0
6.0,94.0,0.0,0.0,0.0,0.0
4.0,96.0,0.0,0.0,0.0,0.0
6.0,92.0,0.0,2.0,0.0,0.0
1.0,99.0,0.0,0.0,0.0,0.0
4.0,95.0,0.0,1.0,0.0,0.0
1.0,97.0,0.0,2.0,0.0,0.0
1.0,99.0,0.0,0.0,0.0,0.0
1.0,99.0,0.0,0.0,0.0,0.0
1.0,99.0,0.0,0.0,0.0,0.0
2.0,97.0,0.0,1.0,0.0,0.0
1.0,99.0,0.0,0.0,0.0,0.0
8.0,92.0,0.0,0.0,0.0,0.0
1.0,98.0,1.0,0.0,0.0,0.0
1.0,99.0,0.0,0.0,0.0,0.0
1.0,99.0,0.0,0.0,0.0,0.0
5.0,95.0,0.0,0.0,0.0,0.0
1.0,97.0,0.0,2.0,0.0,0.0
1.0,98.0,1.0,0.0,0.0,0.0
1.0,99.0,0.0,0.0,0.0,0.0
1.0,99.0,0.0,0.0,0.0,0.0
9.0,91.0,0.0,0.0,0.0,0.0
6.0,94.0,0.0,0.0,0.0,0.0
1.0,99.0,0.0,0.0,0.0,0.0
11.0,89.0,0.0,0.0,0.0,0.0
9.0,82.0,0.0,9.0,0.0,0.0
5.0,95.0,0.0,0.0,0.0,0.0
1.0,99.0,0.0,0.0,0.0,0.0
5.0,92.0,0.0,3.0,0.0,0.0
4.0,94.0,0.0,2.0,0.0,0.0
4.0,96.0,0.0,0.0,0.0,0.0
1.0,97.0,0.0,2.0,0.0,0.0
15.0,85.0,0.0,0.0,0.0,0.0
1.0,96.0,0.0,3.0,0.0,0.0
3.0,97.0,0.0,0.0,0.0,0.0
1.0,99.0,0.0,0.0,0.0,0.0
11.0,89.0,0.0,0.0,0.0,0.0
1.0,98.0,1.0,0.0,0.0,0.0
3.0,97.0,0.0,0.0,0.0,0.0
1.0,99.0,0.0,0.0,0.0,0.0
1.0,96.0,0.0,3.0,0.0,0.0
1.0,99.0,0.0,0.0,0.0,0.0
1.0,97.0,0.0,2.0,0.0,0.0
1.0,97.0,0.0,2.0,0.0,0.0
2.0,98.0,0.0,0.0,0.0,0.0
1.0,98.0,0.0,1.0,0.0,0.0
3.0,97.0,0.0,0.0,0.0,0.0
3.0,97.0,0.0,0.0,0.0,0.0
1.0,99.0,0.0,0.0,0.0,0.0
11.0,89.0,0.0,0.0,0.0,0.0
2.0,95.0,0.0,3.0,0.0,0.0
1.0,99.0,0.0,0.0,0.0,0.0
1.0,98.0,0.0,1.0,0.0,0.0
2.0,95.0,0.0,3.0,0.0,0.0
1.0,99.0,0.0,0.0,0.0,0.0
1.0,98.0,1.0,0.0,0.0,0.0
1.0,99.0,0.0,0.0,0.0,0.0
7.0,92.0,0.0,1.0,0.0,0.0
12.0,86.0,0.0,2.0,0.0,0.0
3.0,97.0,0.0,0.0,0.0,0.0
1.0,97.0,0.0,2.0,0.0,0.0
2.0,98.0,0.0,0.0,0.0,0.0
1.0,99.0,0.0,0.0,0.0,0.0
7.0,93.0,0.0,0.0,0.0,0.0
2.0,98.0,0.0,0.0,0.0,0.0
1.0,99.0,0.0,0.0,0.0,0.0
3.0,92.0,0.0,5.0,0.0,0.0
1.0,99.0,0.0,0.0,0.0,0.0
22.0,78.0,0.0,0.0,0.0,0.0
1.0,99.0,0.0,0.0,0.0,0.0
6.0,94.0,0.0,0.0,0.0,0.0
8.0,92.0,0.0,0.0,0.0,0.0
2.0,98.0,0.0,0.0,0.0,0.0
5.0,92.0,0.0,3.0,0.0,0.0
4.0,96.0,0.0,0.0,0.0,0.0
2.0,98.0,0.0,0.0,0.0,0.0
1.0,99.0,0.0,0.0,0.0,0.0
3.0,97.0,0.0,0.0,0.0,0.0
19.0,81.0,0.0,0.0,0.0,0.0
5.0,95.0,0.0,0.0,0.0,0.0
11.0,88.0,0.0,1.0,0.0,0.0
3.0,96.0,0.0,1.0,0.0,0.0
1.0,97.0,0.0,2.0,0.0,0.0
1.0,99.0,0.0,0.0,0.0,0.0
1.0,98.0,1.0,0.0,0.0,0.0
1.0,99.0,0.0,0.0,0.0,0.0
1.0,99.0,0.0,0.0,0.0,0.0
3.0,97.0,0.0,0.0,0.0,0.0
2.0,97.0,0.0,1.0,0.0,0.0
3.0,94.0,0.0,3.0,0.0,0.0
1.0,98.0,0.0,1.0,0.0,0.0
3.0,94.0,0.0,3.0,0.0,0.0
1.0,98.0,0.0,1.0,0.0,0.0
1.0,95.0,0.0,4.0,0.0,0.0
1.0,98.0,1.0,0.0,0.0,0.0
6.0,94.0,0.0,0.0,0.0,0.0
4.0,96.0,0.0,0.0,0.0,0.0
5.0,95.0,0.0,0.0,0.0,0.0
1.0,99.0,0.0,0.0,0.0,0.0
4.0,95.0,0.0,1.0,0.0,0.0
6.0,89.0,0.0,5.0,0.0,0.0
8.0,92.0,0.0,0.0,0.0,0.0
1.0,97.0,0.0,2.0,0.0,0.0
3.0,97.0,0.0,0.0,0.0,0.0
1.0,99.0,0.0,0.0,0.0,0.0
6.0,91.0,0.0,3.0,0.0,0.0
2.0,98.0,0.0,0.0,0.0,0.0
3.0,95.0,0.0,2.0,0.0,0.0
1.0,98.0,0.0,1.0,0.0,0.0
2.0,98.0,0.0,0.0,0.0,0.0
1.0,99.0,0.0,0.0,0.0,0.0
1.0,99.0,0.0,0.0,0.0,0.0
3.0,94.0,0.0,3.0,0.0,0.0
2.0,95.0,0.0,3.0,0.0,0.0
10.0,90.0,0.0,0.0,0.0,0.0
10.0,90.0,0.0,0.0,0.0,0.0
10.0,90.0,0.0,0.0,0.0,0.0
31.0,69.0,0.0,0.0,0.0,0.0
1.0,99.0,0.0,0.0,0.0,0.0
4.0,94.0,0.0,2.0,0.0,0.0
1.0,96.0,1.0,2.0,0.0,0.0
3.0,97.0,0.0,0.0,0.0,0.0
3.0,91.0,0.0,6.0,0.0,0.0
12.0,87.0,0.0,1.0,0.0,0.0
1.0,99.0,0.0,0.0,0.0,0.0
2.0,96.0,0.0,2.0,0.0,0.0
3.0,97.0,0.0,0.0,0.0,0.0
2.0,98.0,0.0,0.0,0.0,0.0
1.0,97.0,0.0,2.0,0.0,0.0
11.0,89.0,0.0,0.0,0.0,0.0
2.0,85.0,0.0,13.0,0.0,0.0
3.0,97.0,0.0,0.0,0.0,0.0
7.0,93.0,0.0,0.0,0.0,0.0
5.0,94.0,0.0,1.0,0.0,0.0
1.0,99.0,0.0,0.0,0.0,0.0
8.0,92.0,0.0,0.0,0.0,0.0
1.0,89.0,1.0,9.0,0.0,0.0
2.0,98.0,0.0,0.0,0.0,0.0
4.0,95.0,0.0,1.0,0.0,0.0
1.0,99.0,0.0,0.0,0.0,0.0
4.0,96.0,0.0,0.0,0.0,0.0
1.0,93.0,0.0,6.0,0.0,0.0
31.0,69.0,0.0,0.0,0.0,0.0
1.0,98.0,0.0,1.0,0.0,0.0
1.0,99.0,0.0,0.0,0.0,0.0
1.0,99.0,0.0,0.0,0.0,0.0
1.0,99.0,0.0,0.0,0.0,0.0
3.0,97.0,0.0,0.0,0.0,0.0
1.0,99.0,0.0,0.0,0.0,0.0
1.0,98.0,0.0,1.0,0.0,0.0
3.0,97.0,0.0,0.0,0.0,0.0
1.0,97.0,0.0,2.0,0.0,0.0
3.0,97.0,0.0,0.0,0.0,0.0
3.0,97.0,0.0,0.0,0.0,0.0
10.0,90.0,0.0,0.0,0.0,0.0
4.0,96.0,0.0,0.0,0.0,0.0
1.0,97.0,0.0,2.0,0.0,0.0
2.0,97.0,0.0,1.0,0.0,0.0
1.0,96.0,0.0,3.0,0.0,0.0
1.0,99.0,0.0,0.0,0.0,0.0
5.0,82.0,0.0,13.0,0.0,0.0
12.0,88.0,0.0,0.0,0.0,0.0
3.0,97.0,0.0,0.0,0.0,0.0
1.0,99.0,0.0,0.0,0.0,0.0
1.0,95.0,1.0,3.0,0.0,0.0
2.0,98.0,0.0,0.0,0.0,0.0
5.0,95.0,0.0,0.0,0.0,0.0
1.0,99.0,0.0,0.0,0.0,0.0
2.0,98.0,0.0,0.0,0.0,0.0
5.0,95.0,0.0,0.0,0.0,0.0
2.0,96.0,0.0,2.0,0.0,0.0
1.0,99.0,0.0,0.0,0.0,0.0
8.0,92.0,0.0,0.0,0.0,0.0
2.0,98.0,0.0,0.0,0.0,0.0
3.0,97.0,0.0,0.0,0.0,0.0
2.0,98.0,0.0,0.0,0.0,0.0
4.0,96.0,0.0,0.0,0.0,0.0
1.0,99.0,0.0,0.0,0.0,0.0
1.0,99.0,0.0,0.0,0.0,0.0
1.0,98.0,0.0,1.0,0.0,0.0
1.0,99.0,0.0,0.0,0.0,0.0
1.0,98.0,0.0,1.0,0.0,0.0
7.0,90.0,0.0,3.0,0.0,0.0
6.0,93.0,0.0,1.0,0.0,0.0
26.0,74.0,0.0,0.0,0.0,0.0
1.0,99.0,0.0,0.0,0.0,0.0
5.0,91.0,0.0,4.0,0.0,0.0
2.0,95.0,0.0,3.0,0.0,0.0
7.0,87.0,0.0,6.0,0.0,0.0
4.0,96.0,0.0,0.0,0.0,0.0
10.0,90.0,0.0,0.0,0.0,0.0
2.0,98.0,0.0,0.0,0.0,0.0
1.0,99.0,0.0,0.0,0.0,0.0
1.0,99.0,0.0,0.0,0.0,0.0
1.0,99.0,0.0,0.0,0.0,0.0
5.0,95.0,0.0,0.0,0.0,0.0
3.0,97.0,0.0,0.0,0.0,0.0
15.0,76.0,0.0,9.0,0.0,0.0
16.0,81.0,0.0,3.0,0.0,0.0
1.0,99.0,0.0,0.0,0.0,0.0
1.0,92.0,0.0,7.0,0.0,0.0
25.0,75.0,0.0,0.0,0.0,0.0
5.0,91.0,0.0,4.0,0.0,0.0
2.0,98.0,0.0,0.0,0.0,0.0
7.0,89.0,0.0,4.0,0.0,0.0
1.0,95.0,0.0,4.0,0.0,0.0
2.0,98.0,0.0,0.0,0.0,0.0
1.0,96.0,0.0,3.0,0.0,0.0
5.0,85.0,0.0,10.0,0.0,0.0
3.0,97.0,0.0,0.0,0.0,0.0
7.0,93.0,0.0,0.0,0.0,0.0
1.0,99.0,0.0,0.0,0.0,0.0
17.0,79.0,0.0,4.0,0.0,0.0
8.0,92.0,0.0,0.0,0.0,0.0
9.0,88.0,0.0,3.0,0.0,0.0
2.0,97.0,0.0,1.0,0.0,0.0
1.0,99.0,0.0,0.0,0.0,0.0
2.0,90.0,1.0,7.0,0.0,0.0
3.0,96.0,0.0,1.0,0.0,0.0
11.0,85.0,0.0,4.0,0.0,0.0
1.0,98.0,1.0,0.0,0.0,0.0
1.0,93.0,0.0,6.0,0.0,0.0
2.0,98.0,0.0,0.0,0.0,0.0
1.0,97.0,0.0,2.0,0.0,0.0
6.0,91.0,0.0,3.0,0.0,0.0
1.0,97.0,0.0,2.0,0.0,0.0
2.0,92.0,0.0,6.0,0.0,0.0
1.0,93.0,0.0,6.0,0.0,0.0
1.0,97.0,0.0,2.0,0.0,0.0
3.0,96.0,0.0,1.0,0.0,0.0
1.0,99.0,0.0,0.0,0.0,0.0
6.0,94.0,0.0,0.0,0.0,0.0
4.0,96.0,0.0,0.0,0.0,0.0
2.0,96.0,0.0,2.0,0.0,0.0
1.0,94.0,0.0,5.0,0.0,0.0
7.0,93.0,0.0,0.0,0.0,0.0
3.0,97.0,0.0,0.0,0.0,0.0
9.0,91.0,0.0,0.0,0.0,0.0
1.0,99.0,0.0,0.0,0.0,0.0
6.0,94.0,0.0,0.0,0.0,0.0
1.0,96.0,1.0,2.0,0.0,0.0
9.0,88.0,0.0,3.0,0.0,0.0
1.0,99.0,0.0,0.0,0.0,0.0
2.0,98.0,0.0,0.0,0.0,0.0
1.0,97.0,0.0,2.0,0.0,0.0
1.0,99.0,0.0,0.0,0.0,0.0
6.0,94.0,0.0,0.0,0.0,0.0
3.0,97.0,0.0,0.0,0.0,0.0
1.0,98.0,0.0,1.0,0.0,0.0
5.0,93.0,0.0,2.0,0.0,0.0
6.0,94.0,0.0,0.0,0.0,0.0
1.0,99.0,0.0,0.0,0.0,0.0
1.0,92.0,0.0,7.0,0.0,0.0
4.0,95.0,0.0,1.0,0.0,0.0
1.0,98.0,0.0,1.0,0.0,0.0
2.0,97.0,0.0,1.0,0.0,0.0
5.0,94.0,0.0,1.0,0.0,0.0
10.0,90.0,0.0,0.0,0.0,0.0
1.0,96.0,0.0,3.0,0.0,0.0
1.0,98.0,1.0,0.0,0.0,0.0
1.0,99.0,0.0,0.0,0.0,0.0
1.0,99.0,0.0,0.0,0.0,0.0
1.0,98.0,0.0,1.0,0.0,0.0
1.0,99.0,0.0,0.0,0.0,0.0
1.0,99.0,0.0,0.0,0.0,0.0
1.0,99.0,0.0,0.0,0.0,0.0
4.0,96.0,0.0,0.0,0.0,0.0
1.0,93.0,0.0,6.0,0.0,0.0
1.0,92.0,0.0,7.0,0.0,0.0
2.0,98.0,0.0,0.0,0.0,0.0
10.0,89.0,0.0,1.0,0.0,0.0
1.0,96.0,0.0,3.0,0.0,0.0
5.0,95.0,0.0,0.0,0.0,0.0
6.0,94.0,0.0,0.0,0.0,0.0
5.0,95.0,0.0,0.0,0.0,0.0
3.0,94.0,0.0,3.0,0.0,0.0
5.0,95.0,0.0,0.0,0.0,0.0
2.0,98.0,0.0,0.0,0.0,0.0
2.0,94.0,0.0,4.0,0.0,0.0
10.0,90.0,0.0,0.0,0.0,0.0
1.0,99.0,0.0,0.0,0.0,0.0
5.0,92.0,0.0,3.0,0.0,0.0
1.0,86.0,0.0,13.0,0.0,0.0
1.0,99.0,0.0,0.0,0.0,0.0
4.0,96.0,0.0,0.0,0.0,0.0
6.0,92.0,0.0,2.0,0.0,0.0
1.0,99.0,0.0,0.0,0.0,0.0
4.0,96.0,0.0,0.0,0.0,0.0
9.0,91.0,0.0,0.0,0.0,0.0
2.0,95.0,0.0,3.0,0.0,0.0
5.0,95.0,0.0,0.0,0.0,0.0
1.0,99.0,0.0,0.0,0.0,0.0
3.0,97.0,0.0,0.0,0.0,0.0
11.0,88.0,0.0,1.0,0.0,0.0
6.0,94.0,0.0,0.0,0.0,0.0
1.0,99.0,0.0,0.0,0.0,0.0
1.0,99.0,0.0,0.0,0.0,0.0
3.0,95.0,0.0,2.0,0.0,0.0
1.0,99.0,0.0,0.0,0.0,0.0
5.0,87.0,0.0,8.0,0.0,0.0
1.0,99.0,0.0,0.0,0.0,0.0
11.0,89.0,0.0,0.0,0.0,0.0
1.0,92.0,0.0,7.0,0.0,0.0
2.0,98.0,0.0,0.0,0.0,0.0
4.0,95.0,0.0,1.0,0.0,0.0
1.0,99.0,0.0,0.0,0.0,0.0
1.0,98.0,0.0,1.0,0.0,0.0
3.0,97.0,0.0,0.0,0.0,0.0
1.0,98.0,0.0,1.0,0.0,0.0
3.0,97.0,0.0,0.0,0.0,0.0
1.0,87.0,0.0,12.0,0.0,0.0
1.0,99.0,0.0,0.0,0.0,0.0
1.0,99.0,0.0,0.0,0.0,0.0
1.0,96.0,1.0,2.0,0.0,0.0
2.0,90.0,0.0,1.0,7.0,0.0
1.0,98.0,0.0,1.0,0.0,0.0
5.0,95.0,0.0,0.0,0.0,0.0
1.0,99.0,0.0,0.0,0.0,0.0
1.0,99.0,0.0,0.0,0.0,0.0
1.0,99.0,0.0,0.0,0.0,0.0
4.0,96.0,0.0,0.0,0.0,0.0
4.0,96.0,0.0,0.0,0.0,0.0
1.0,95.0,0.0,4.0,0.0,0.0
1.0,99.0,0.0,0.0,0.0,0.0
1.0,99.0,0.0,0.0,0.0,0.0
4.0,96.0,0.0,0.0,0.0,0.0
1.0,94.0,0.0,5.0,0.0,0.0
14.0,86.0,0.0,0.0,0.0,0.0
2.0,98.0,0.0,0.0,0.0,0.0
1.0,99.0,0.0,0.0,0.0,0.0
1.0,99.0,0.0,0.0,0.0,0.0
14.0,86.0,0.0,0.0,0.0,0.0
7.0,93.0,0.0,0.0,0.0,0.0
1.0,96.0,0.0,3.0,0.0,0.0
1.0,98.0,0.0,1.0,0.0,0.0
1.0,98.0,0.0,1.0,0.0,0.0
9.0,90.0,0.0,1.0,0.0,0.0
2.0,98.0,0.0,0.0,0.0,0.0
10.0,90.0,0.0,0.0,0.0,0.0
1.0,99.0,0.0,0.0,0.0,0.0
2.0,98.0,0.0,0.0,0.0,0.0
2.0,98.0,0.0,0.0,0.0,0.0
4.0,92.0,0.0,4.0,0.0,0.0
2.0,98.0,0.0,0.0,0.0,0.0
6.0,94.0,0.0,0.0,0.0,0.0
1.0,97.0,0.0,2.0,0.0,0.0
8.0,89.0,0.0,3.0,0.0,0.0
1.0,99.0,0.0,0.0,0.0,0.0
1.0,99.0,0.0,0.0,0.0,0.0
7.0,93.0,0.0,0.0,0.0,0.0
6.0,72.0,0.0,10.0,12.0,0.0
2.0,98.0,0.0,0.0,0.0,0.0
3.0,97.0,0.0,0.0,0.0,0.0
1.0,99.0,0.0,0.0,0.0,0.0
1.0,92.0,0.0,7.0,0.0,0.0
1.0,99.0,0.0,0.0,0.0,0.0
1.0,99.0,0.0,0.0,0.0,0.0
2.0,98.0,0.0,0.0,0.0,0.0
6.0,94.0,0.0,0.0,0.0,0.0
5.0,95.0,0.0,0.0,0.0,0.0
1.0,95.0,0.0,4.0,0.0,0.0
1.0,99.0,0.0,0.0,0.0,0.0
1.0,97.0,0.0,2.0,0.0,0.0
2.0,95.0,0.0,3.0,0.0,0.0
1.0,99.0,0.0,0.0,0.0,0.0
2.0,98.0,0.0,0.0,0.0,0.0
5.0,95.0,0.0,0.0,0.0,0.0
2.0,97.0,0.0,1.0,0.0,0.0
1.0,99.0,0.0,0.0,0.0,0.0
4.0,96.0,0.0,0.0,0.0,0.0
4.0,96.0,0.0,0.0,0.0,0.0
3.0,97.0,0.0,0.0,0.0,0.0
2.0,98.0,0.0,0.0,0.0,0.0
1.0,99.0,0.0,0.0,0.0,0.0
1.0,99.0,0.0,0.0,0.0,0.0
7.0,93.0,0.0,0.0,0.0,0.0
4.0,96.0,0.0,0.0,0.0,0.0
8.0,88.0,0.0,4.0,0.0,0.0
2.0,91.0,0.0,7.0,0.0,0.0
1.0,92.0,0.0,7.0,0.0,0.0
2.0,87.0,0.0,11.0,0.0,0.0
3.0,97.0,0.0,0.0,0.0,0.0
1.0,97.0,0.0,2.0,0.0,0.0
2.0,98.0,0.0,0.0,0.0,0.0
4.0,95.0,0.0,1.0,0.0,0.0
1.0,99.0,0.0,0.0,0.0,0.0
1.0,99.0,0.0,0.0,0.0,0.0
1.0,98.0,0.0,1.0,0.0,0.0
1.0,93.0,0.0,6.0,0.0,0.0
3.0,96.0,0.0,1.0,0.0,0.0
1.0,99.0,0.0,0.0,0.0,0.0
6.0,94.0,0.0,0.0,0.0,0.0
1.0,98.0,0.0,1.0,0.0,0.0
2.0,98.0,0.0,0.0,0.0,0.0
3.0,96.0,0.0,1.0,0.0,0.0
1.0,98.0,0.0,1.0,0.0,0.0
5.0,95.0,0.0,0.0,0.0,0.0
3.0,97.0,0.0,0.0,0.0,0.0
1.0,99.0,0.0,0.0,0.0,0.0
1.0,99.0,0.0,0.0,0.0,0.0
6.0,82.0,0.0,12.0,0.0,0.0
13.0,87.0,0.0,0.0,0.0,0.0
2.0,98.0,0.0,0.0,0.0,0.0
1.0,99.0,0.0,0.0,0.0,0.0
1.0,97.0,0.0,2.0,0.0,0.0
1.0,91.0,0.0,8.0,0.0,0.0
1.0,99.0,0.0,0.0,0.0,0.0
2.0,98.0,0.0,0.0,0.0,0.0
5.0,95.0,0.0,0.0,0.0,0.0
3.0,97.0,0.0,0.0,0.0,0.0
1.0,96.0,0.0,3.0,0.0,0.0
1.0,95.0,0.0,4.0,0.0,0.0
2.0,90.0,0.0,8.0,0.0,0.0
1.0,99.0,0.0,0.0,0.0,0.0
15.0,23.0,0.0,3.0,59.0,0.0
3.0,0.0,94.0,3.0,0.0,0.0
2.0,98.0,0.0,0.0,0.0,0.0
1.0,99.0,0.0,0.0,0.0,0.0
2.0,94.0,0.0,4.0,0.0,0.0
5.0,95.0,0.0,0.0,0.0,0.0
1.0,97.0,0.0,2.0,0.0,0.0
13.0,85.0,0.0,2.0,0.0,0.0
6.0,94.0,0.0,0.0,0.0,0.0
5.0,87.0,0.0,8.0,0.0,0.0
4.0,96.0,0.0,0.0,0.0,0.0
3.0,97.0,0.0,0.0,0.0,0.0
2.0,98.0,0.0,0.0,0.0,0.0
2.0,95.0,0.0,3.0,0.0,0.0
4.0,96.0,0.0,0.0,0.0,0.0
1.0,99.0,0.0,0.0,0.0,0.0
9.0,91.0,0.0,0.0,0.0,0.0
2.0,98.0,0.0,0.0,0.0,0.0
2.0,92.0,0.0,6.0,0.0,0.0
2.0,98.0,0.0,0.0,0.0,0.0
1.0,94.0,0.0,5.0,0.0,0.0
4.0,94.0,0.0,2.0,0.0,0.0
7.0,86.0,0.0,7.0,0.0,0.0
1.0,95.0,0.0,4.0,0.0,0.0
1.0,96.0,0.0,3.0,0.0,0.0
2.0,94.0,0.0,4.0,0.0,0.0
2.0,98.0,0.0,0.0,0.0,0.0
1.0,99.0,0.0,0.0,0.0,0.0
1.0,95.0,0.0,4.0,0.0,0.0
1.0,98.0,0.0,1.0,0.0,0.0
1.0,98.0,1.0,0.0,0.0,0.0
1.0,99.0,0.0,0.0,0.0,0.0
1.0,97.0,0.0,2.0,0.0,0.0
1.0,0.0,0.0,0.0,0.0,0.0
1.0,99.0,0.0,0.0,0.0,0.0
2.0,97.0,1.0,0.0,0.0,0.0
1.0,99.0,0.0,0.0,0.0,0.0
1.0,99.0,0.0,0.0,0.0,0.0
1.0,99.0,0.0,0.0,0.0,0.0
1.0,99.0,0.0,0.0,0.0,0.0
4.0,94.0,0.0,2.0,0.0,0.0
2.0,98.0,0.0,0.0,0.0,0.0
2.0,50.0,0.0,3.0,45.0,0.0
12.0,84.0,0.0,4.0,0.0,0.0
3.0,97.0,0.0,0.0,0.0,0.0
1.0,99.0,0.0,0.0,0.0,0.0
1.0,98.0,1.0,0.0,0.0,0.0
2.0,96.0,0.0,2.0,0.0,0.0
1.0,98.0,0.0,1.0,0.0,0.0
1.0,99.0,0.0,0.0,0.0,0.0
4.0,96.0,0.0,0.0,0.0,0.0
3.0,94.0,0.0,3.0,0.0,0.0
1.0,99.0,0.0,0.0,0.0,0.0
4.0,95.0,0.0,1.0,0.0,0.0
2.0,97.0,1.0,0.0,0.0,0.0
1.0,99.0,0.0,0.0,0.0,0.0
2.0,95.0,0.0,3.0,0.0,0.0
1.0,95.0,0.0,4.0,0.0,0.0
1.0,99.0,0.0,0.0,0.0,0.0
5.0,95.0,0.0,0.0,0.0,0.0
1.0,99.0,0.0,0.0,0.0,0.0
1.0,99.0,0.0,0.0,0.0,0.0
8.0,92.0,0.0,0.0,0.0,0.0
1.0,99.0,0.0,0.0,0.0,0.0
1.0,99.0,0.0,0.0,0.0,0.0
2.0,95.0,0.0,3.0,0.0,0.0
1.0,0.0,11.0,4.0,0.0,0.0
1.0,97.0,0.0,2.0,0.0,0.0
1.0,99.0,0.0,0.0,0.0,0.0
1.0,99.0,0.0,0.0,0.0,0.0
6.0,94.0,0.0,0.0,0.0,0.0
2.0,94.0,0.0,4.0,0.0,0.0
5.0,91.0,0.0,4.0,0.0,0.0
1.0,96.0,0.0,3.0,0.0,0.0
3.0,92.0,0.0,5.0,0.0,0.0
1.0,99.0,0.0,0.0,0.0,0.0
1.0,96.0,0.0,3.0,0.0,0.0
3.0,93.0,0.0,4.0,0.0,0.0
11.0,89.0,0.0,0.0,0.0,0.0
1.0,99.0,0.0,0.0,0.0,0.0
1.0,99.0,0.0,0.0,0.0,0.0
1.0,91.0,0.0,8.0,0.0,0.0
4.0,96.0,0.0,0.0,0.0,0.0
2.0,95.0,0.0,3.0,0.0,0.0
2.0,93.0,0.0,5.0,0.0,0.0
1.0,99.0,0.0,0.0,0.0,0.0
6.0,94.0,0.0,0.0,0.0,0.0
2.0,82.0,0.0,16.0,0.0,0.0
1.0,99.0,0.0,0.0,0.0,0.0
2.0,97.0,0.0,1.0,0.0,0.0
3.0,97.0,0.0,0.0,0.0,0.0
2.0,92.0,0.0,6.0,0.0,0.0
3.0,97.0,0.0,0.0,0.0,0.0
1.0,97.0,0.0,2.0,0.0,0.0
1.0,99.0,0.0,0.0,0.0,0.0
5.0,95.0,0.0,0.0,0.0,0.0
2.0,98.0,0.0,0.0,0.0,0.0
1.0,96.0,0.0,3.0,0.0,0.0
1.0,99.0,0.0,0.0,0.0,0.0
1.0,99.0,0.0,0.0,0.0,0.0
2.0,98.0,0.0,0.0,0.0,0.0
1.0,99.0,0.0,0.0,0.0,0.0
10.0,90.0,0.0,0.0,0.0,0.0
1.0,99.0,0.0,0.0,0.0,0.0
9.0,88.0,0.0,3.0,0.0,0.0
4.0,96.0,0.0,0.0,0.0,0.0
1.0,99.0,0.0,0.0,0.0,0.0
2.0,97.0,0.0,1.0,0.0,0.0
1.0,98.0,0.0,1.0,0.0,0.0
3.0,97.0,0.0,0.0,0.0,0.0
1.0,99.0,0.0,0.0,0.0,0.0
6.0,91.0,0.0,3.0,0.0,0.0
1.0,93.0,0.0,6.0,0.0,0.0
6.0,93.0,0.0,1.0,0.0,0.0
4.0,96.0,0.0,0.0,0.0,0.0
4.0,93.0,0.0,3.0,0.0,0.0
2.0,98.0,0.0,0.0,0.0,0.0
6.0,94.0,0.0,0.0,0.0,0.0
7.0,93.0,0.0,0.0,0.0,0.0
1.0,92.0,0.0,7.0,0.0,0.0
9.0,91.0,0.0,0.0,0.0,0.0
1.0,98.0,0.0,1.0,0.0,0.0
1.0,99.0,0.0,0.0,0.0,0.0
1.0,99.0,0.0,0.0,0.0,0.0
1.0,99.0,0.0,0.0,0.0,0.0
2.0,92.0,0.0,6.0,0.0,0.0
3.0,97.0,0.0,0.0,0.0,0.0
1.0,90.0,0.0,9.0,0.0,0.0
1.0,94.0,0.0,5.0,0.0,0.0
2.0,98.0,0.0,0.0,0.0,0.0
2.0,98.0,0.0,0.0,0.0,0.0
3.0,91.0,0.0,6.0,0.0,0.0
1.0,96.0,0.0,3.0,0.0,0.0
3.0,97.0,0.0,0.0,0.0,0.0
1.0,91.0,0.0,8.0,0.0,0.0
2.0,98.0,0.0,0.0,0.0,0.0
1.0,82.0,0.0,17.0,0.0,0.0
1.0,99.0,0.0,0.0,0.0,0.0
1.0,99.0,0.0,0.0,0.0,0.0
17.0,82.0,0.0,1.0,0.0,0.0
5.0,95.0,0.0,0.0,0.0,0.0
1.0,99.0,0.0,0.0,0.0,0.0
5.0,0.0,1.0,1.0,0.0,0.0
1.0,99.0,0.0,0.0,0.0,0.0
1.0,99.0,0.0,0.0,0.0,0.0
2.0,98.0,0.0,0.0,0.0,0.0
5.0,95.0,0.0,0.0,0.0,0.0
5.0,87.0,0.0,8.0,0.0,0.0
1.0,99.0,0.0,0.0,0.0,0.0
5.0,89.0,0.0,6.0,0.0,0.0
2.0,98.0,0.0,0.0,0.0,0.0
1.0,99.0,0.0,0.0,0.0,0.0
1.0,99.0,0.0,0.0,0.0,0.0
1.0,99.0,0.0,0.0,0.0,0.0
1.0,99.0,0.0,0.0,0.0,0.0
4.0,90.0,0.0,6.0,0.0,0.0
4.0,92.0,0.0,4.0,0.0,0.0
1.0,99.0,0.0,0.0,0.0,0.0
3.0,93.0,0.0,4.0,0.0,0.0
2.0,98.0,0.0,0.0,0.0,0.0
4.0,96.0,0.0,0.0,0.0,0.0
2.0,97.0,0.0,1.0,0.0,0.0
1.0,99.0,0.0,0.0,0.0,0.0
1.0,98.0,0.0,1.0,0.0,0.0
3.0,97.0,0.0,0.0,0.0,0.0
2.0,98.0,0.0,0.0,0.0,0.0
1.0,99.0,0.0,0.0,0.0,0.0
2.0,98.0,0.0,0.0,0.0,0.0
6.0,94.0,0.0,0.0,0.0,0.0
4.0,94.0,0.0,2.0,0.0,0.0
7.0,93.0,0.0,0.0,0.0,0.0
4.0,90.0,0.0,6.0,0.0,0.0
1.0,98.0,0.0,1.0,0.0,0.0
4.0,92.0,0.0,4.0,0.0,0.0
10.0,88.0,0.0,2.0,0.0,0.0
1.0,99.0,0.0,0.0,0.0,0.0
7.0,85.0,0.0,8.0,0.0,0.0
1.0,95.0,0.0,4.0,0.0,0.0
5.0,88.0,0.0,7.0,0.0,0.0
1.0,92.0,0.0,7.0,0.0,0.0
2.0,97.0,0.0,1.0,0.0,0.0
1.0,99.0,0.0,0.0,0.0,0.0
2.0,98.0,0.0,0.0,0.0,0.0
3.0,96.0,0.0,1.0,0.0,0.0
3.0,96.0,0.0,1.0,0.0,0.0
1.0,95.0,0.0,4.0,0.0,0.0
4.0,96.0,0.0,0.0,0.0,0.0
3.0,97.0,0.0,0.0,0.0,0.0
8.0,84.0,0.0,8.0,0.0,0.0
1.0,97.0,0.0,2.0,0.0,0.0
2.0,89.0,0.0,9.0,0.0,0.0
4.0,91.0,0.0,5.0,0.0,0.0
4.0,91.0,0.0,5.0,0.0,0.0
6.0,94.0,0.0,0.0,0.0,0.0
9.0,91.0,0.0,0.0,0.0,0.0
1.0,91.0,0.0,8.0,0.0,0.0
14.0,83.0,0.0,3.0,0.0,0.0
1.0,95.0,0.0,4.0,0.0,0.0
1.0,99.0,0.0,0.0,0.0,0.0
2.0,98.0,0.0,0.0,0.0,0.0
1.0,99.0,0.0,0.0,0.0,0.0
2.0,98.0,0.0,0.0,0.0,0.0
3.0,97.0,0.0,0.0,0.0,0.0
1.0,99.0,0.0,0.0,0.0,0.0
1.0,97.0,0.0,2.0,0.0,0.0
2.0,98.0,0.0,0.0,0.0,0.0
2.0,92.0,0.0,6.0,0.0,0.0
1.0,98.0,1.0,0.0,0.0,0.0
2.0,92.0,0.0,6.0,0.0,0.0
3.0,88.0,0.0,9.0,0.0,0.0
2.0,98.0,0.0,0.0,0.0,0.0
1.0,99.0,0.0,0.0,0.0,0.0
1.0,99.0,0.0,0.0,0.0,0.0
3.0,97.0,0.0,0.0,0.0,0.0
1.0,93.0,0.0,6.0,0.0,0.0
3.0,96.0,0.0,1.0,0.0,0.0
6.0,94.0,0.0,0.0,0.0,0.0
4.0,95.0,0.0,1.0,0.0,0.0
4.0,96.0,0.0,0.0,0.0,0.0
1.0,97.0,0.0,2.0,0.0,0.0
2.0,98.0,0.0,0.0,0.0,0.0
2.0,98.0,0.0,0.0,0.0,0.0
7.0,93.0,0.0,0.0,0.0,0.0
3.0,97.0,0.0,0.0,0.0,0.0
1.0,91.0,0.0,8.0,0.0,0.0
2.0,98.0,0.0,0.0,0.0,0.0
1.0,99.0,0.0,0.0,0.0,0.0
2.0,93.0,0.0,5.0,0.0,0.0
4.0,96.0,0.0,0.0,0.0,0.0
1.0,95.0,0.0,4.0,0.0,0.0
1.0,99.0,0.0,0.0,0.0,0.0
2.0,90.0,0.0,8.0,0.0,0.0
4.0,96.0,0.0,0.0,0.0,0.0
1.0,99.0,0.0,0.0,0.0,0.0
5.0,95.0,0.0,0.0,0.0,0.0
1.0,99.0,0.0,0.0,0.0,0.0
8.0,88.0,0.0,4.0,0.0,0.0
4.0,96.0,0.0,0.0,0.0,0.0
1.0,99.0,0.0,0.0,0.0,0.0
8.0,92.0,0.0,0.0,0.0,0.0
1.0,93.0,0.0,6.0,0.0,0.0
5.0,95.0,0.0,0.0,0.0,0.0
4.0,96.0,0.0,0.0,0.0,0.0
8.0,92.0,0.0,0.0,0.0,0.0
1.0,94.0,0.0,5.0,0.0,0.0
1.0,99.0,0.0,0.0,0.0,0.0
2.0,91.0,0.0,7.0,0.0,0.0
1.0,99.0,0.0,0.0,0.0,0.0
1.0,99.0,0.0,0.0,0.0,0.0
3.0,97.0,0.0,0.0,0.0,0.0
2.0,95.0,0.0,3.0,0.0,0.0
1.0,99.0,0.0,0.0,0.0,0.0
3.0,51.0,0.0,1.0,45.0,0.0
1.0,99.0,0.0,0.0,0.0,0.0
7.0,93.0,0.0,0.0,0.0,0.0
6.0,94.0,0.0,0.0,0.0,0.0
5.0,92.0,0.0,3.0,0.0,0.0
4.0,96.0,0.0,0.0,0.0,0.0
1.0,99.0,0.0,0.0,0.0,0.0
2.0,96.0,0.0,2.0,0.0,0.0
1.0,99.0,0.0,0.0,0.0,0.0
8.0,92.0,0.0,0.0,0.0,0.0
1.0,92.0,0.0,7.0,0.0,0.0
6.0,94.0,0.0,0.0,0.0,0.0
3.0,97.0,0.0,0.0,0.0,0.0
7.0,91.0,0.0,2.0,0.0,0.0
1.0,99.0,0.0,0.0,0.0,0.0
2.0,98.0,0.0,0.0,0.0,0.0
1.0,97.0,0.0,2.0,0.0,0.0
1.0,99.0,0.0,0.0,0.0,0.0
1.0,99.0,0.0,0.0,0.0,0.0
1.0,99.0,0.0,0.0,0.0,0.0
3.0,97.0,0.0,0.0,0.0,0.0
2.0,98.0,0.0,0.0,0.0,0.0
1.0,99.0,0.0,0.0,0.0,0.0
3.0,92.0,0.0,5.0,0.0,0.0
1.0,99.0,0.0,0.0,0.0,0.0
1.0,98.0,0.0,1.0,0.0,0.0
4.0,96.0,0.0,0.0,0.0,0.0
4.0,96.0,0.0,0.0,0.0,0.0
1.0,98.0,0.0,1.0,0.0,0.0
3.0,97.0,0.0,0.0,0.0,0.0
1.0,99.0,0.0,0.0,0.0,0.0
3.0,97.0,0.0,0.0,0.0,0.0
1.0,99.0,0.0,0.0,0.0,0.0
2.0,98.0,0.0,0.0,0.0,0.0
1.0,99.0,0.0,0.0,0.0,0.0
1.0,99.0,0.0,0.0,0.0,0.0
1.0,99.0,0.0,0.0,0.0,0.0
4.0,93.0,0.0,3.0,0.0,0.0
1.0,93.0,0.0,6.0,0.0,0.0
1.0,90.0,0.0,9.0,0.0,0.0
2.0,98.0,0.0,0.0,0.0,0.0
1.0,98.0,0.0,1.0,0.0,0.0
4.0,91.0,0.0,5.0,0.0,0.0
10.0,90.0,0.0,0.0,0.0,0.0
1.0,96.0,0.0,3.0,0.0,0.0
1.0,99.0,0.0,0.0,0.0,0.0
1.0,99.0,0.0,0.0,0.0,0.0
4.0,96.0,0.0,0.0,0.0,0.0
2.0,98.0,0.0,0.0,0.0,0.0
2.0,98.0,0.0,0.0,0.0,0.0
1.0,99.0,0.0,0.0,0.0,0.0
2.0,90.0,0.0,8.0,0.0,0.0
4.0,94.0,0.0,2.0,0.0,0.0
1.0,99.0,0.0,0.0,0.0,0.0
2.0,98.0,0.0,0.0,0.0,0.0
5.0,95.0,0.0,0.0,0.0,0.0
1.0,99.0,0.0,0.0,0.0,0.0
2.0,97.0,0.0,1.0,0.0,0.0
1.0,98.0,0.0,1.0,0.0,0.0
1.0,93.0,0.0,6.0,0.0,0.0
1.0,99.0,0.0,0.0,0.0,0.0
4.0,96.0,0.0,0.0,0.0,0.0
2.0,98.0,0.0,0.0,0.0,0.0
5.0,95.0,0.0,0.0,0.0,0.0
2.0,91.0,0.0,7.0,0.0,0.0
3.0,97.0,0.0,0.0,0.0,0.0
1.0,95.0,0.0,4.0,0.0,0.0
2.0,97.0,0.0,1.0,0.0,0.0
1.0,97.0,0.0,2.0,0.0,0.0
1.0,99.0,0.0,0.0,0.0,0.0
2.0,97.0,0.0,1.0,0.0,0.0
3.0,97.0,0.0,0.0,0.0,0.0
3.0,86.0,0.0,11.0,0.0,0.0
1.0,95.0,0.0,4.0,0.0,0.0
1.0,99.0,0.0,0.0,0.0,0.0
4.0,96.0,0.0,0.0,0.0,0.0
3.0,97.0,0.0,0.0,0.0,0.0
2.0,98.0,0.0,0.0,0.0,0.0
2.0,98.0,0.0,0.0,0.0,0.0
2.0,98.0,0.0,0.0,0.0,0.0
1.0,91.0,0.0,8.0,0.0,0.0
6.0,92.0,0.0,2.0,0.0,0.0
2.0,98.0,0.0,0.0,0.0,0.0
1.0,99.0,0.0,0.0,0.0,0.0
2.0,98.0,0.0,0.0,0.0,0.0
1.0,99.0,0.0,0.0,0.0,0.0
2.0,98.0,0.0,0.0,0.0,0.0
1.0,99.0,0.0,0.0,0.0,0.0
1.0,99.0,0.0,0.0,0.0,0.0
2.0,98.0,0.0,0.0,0.0,0.0
6.0,94.0,0.0,0.0,0.0,0.0
5.0,95.0,0.0,0.0,0.0,0.0
1.0,99.0,0.0,0.0,0.0,0.0
3.0,97.0,0.0,0.0,0.0,0.0
2.0,98.0,0.0,0.0,0.0,0.0
2.0,90.0,0.0,8.0,0.0,0.0
2.0,91.0,0.0,7.0,0.0,0.0
5.0,95.0,0.0,0.0,0.0,0.0
5.0,94.0,0.0,1.0,0.0,0.0
2.0,98.0,0.0,0.0,0.0,0.0
5.0,95.0,0.0,0.0,0.0,0.0
11.0,86.0,0.0,3.0,0.0,0.0
4.0,96.0,0.0,0.0,0.0,0.0
1.0,98.0,0.0,1.0,0.0,0.0
2.0,98.0,0.0,0.0,0.0,0.0
1.0,99.0,0.0,0.0,0.0,0.0
1.0,92.0,0.0,7.0,0.0,0.0
1.0,95.0,0.0,4.0,0.0,0.0
1.0,99.0,0.0,0.0,0.0,0.0
1.0,81.0,0.0,18.0,0.0,0.0
5.0,95.0,0.0,0.0,0.0,0.0
2.0,98.0,0.0,0.0,0.0,0.0
2.0,98.0,0.0,0.0,0.0,0.0
2.0,98.0,0.0,0.0,0.0,0.0
1.0,99.0,0.0,0.0,0.0,0.0
5.0,95.0,0.0,0.0,0.0,0.0
2.0,90.0,0.0,8.0,0.0,0.0
2.0,85.0,0.0,13.0,0.0,0.0
12.0,58.0,0.0,4.0,26.0,0.0
11.0,85.0,0.0,4.0,0.0,0.0
3.0,97.0,0.0,0.0,0.0,0.0
1.0,99.0,0.0,0.0,0.0,0.0
1.0,97.0,0.0,2.0,0.0,0.0
2.0,98.0,0.0,0.0,0.0,0.0
2.0,97.0,0.0,1.0,0.0,0.0
1.0,90.0,0.0,9.0,0.0,0.0
2.0,98.0,0.0,0.0,0.0,0.0
1.0,99.0,0.0,0.0,0.0,0.0
3.0,94.0,0.0,3.0,0.0,0.0
1.0,99.0,0.0,0.0,0.0,0.0
2.0,98.0,0.0,0.0,0.0,0.0
3.0,92.0,0.0,5.0,0.0,0.0
2.0,98.0,0.0,0.0,0.0,0.0
1.0,99.0,0.0,0.0,0.0,0.0
1.0,98.0,0.0,1.0,0.0,0.0
3.0,94.0,0.0,3.0,0.0,0.0
1.0,99.0,0.0,0.0,0.0,0.0
1.0,99.0,0.0,0.0,0.0,0.0
2.0,95.0,0.0,3.0,0.0,0.0
4.0,96.0,0.0,0.0,0.0,0.0
4.0,96.0,0.0,0.0,0.0,0.0
1.0,64.0,0.0,3.0,32.0,0.0
11.0,88.0,0.0,1.0,0.0,0.0
1.0,98.0,0.0,1.0,0.0,0.0
1.0,99.0,0.0,0.0,0.0,0.0
1.0,99.0,0.0,0.0,0.0,0.0
1.0,99.0,0.0,0.0,0.0,0.0
5.0,95.0,0.0,0.0,0.0,0.0
1.0,99.0,0.0,0.0,0.0,0.0
6.0,94.0,0.0,0.0,0.0,0.0
1.0,99.0,0.0,0.0,0.0,0.0
10.0,90.0,0.0,0.0,0.0,0.0
4.0,94.0,0.0,2.0,0.0,0.0
1.0,88.0,0.0,11.0,0.0,0.0
10.0,90.0,0.0,0.0,0.0,0.0
3.0,97.0,0.0,0.0,0.0,0.0
1.0,98.0,0.0,1.0,0.0,0.0
1.0,99.0,0.0,0.0,0.0,0.0
3.0,97.0,0.0,0.0,0.0,0.0
1.0,93.0,0.0,6.0,0.0,0.0
1.0,99.0,0.0,0.0,0.0,0.0
2.0,98.0,0.0,0.0,0.0,0.0
1.0,98.0,1.0,0.0,0.0,0.0
2.0,48.0,0.0,8.0,42.0,0.0
14.0,86.0,0.0,0.0,0.0,0.0
3.0,96.0,0.0,1.0,0.0,0.0
1.0,99.0,0.0,0.0,0.0,0.0
1.0,99.0,0.0,0.0,0.0,0.0
3.0,0.0,38.0,1.0,0.0,0.0
1.0,99.0,0.0,0.0,0.0,0.0
1.0,95.0,0.0,4.0,0.0,0.0
1.0,95.0,0.0,4.0,0.0,0.0
1.0,96.0,0.0,3.0,0.0,0.0
6.0,94.0,0.0,0.0,0.0,0.0
3.0,97.0,0.0,0.0,0.0,0.0
1.0,96.0,0.0,3.0,0.0,0.0
8.0,92.0,0.0,0.0,0.0,0.0
3.0,97.0,0.0,0.0,0.0,0.0
1.0,96.0,0.0,3.0,0.0,0.0
4.0,96.0,0.0,0.0,0.0,0.0
1.0,96.0,0.0,3.0,0.0,0.0
6.0,94.0,0.0,0.0,0.0,0.0
2.0,98.0,0.0,0.0,0.0,0.0
2.0,98.0,0.0,0.0,0.0,0.0
3.0,97.0,0.0,0.0,0.0,0.0
3.0,97.0,0.0,0.0,0.0,0.0
3.0,97.0,0.0,0.0,0.0,0.0
1.0,99.0,0.0,0.0,0.0,0.0
2.0,96.0,0.0,2.0,0.0,0.0
1.0,99.0,0.0,0.0,0.0,0.0
1.0,98.0,1.0,0.0,0.0,0.0
2.0,95.0,0.0,3.0,0.0,0.0
1.0,96.0,0.0,3.0,0.0,0.0
4.0,96.0,0.0,0.0,0.0,0.0
1.0,94.0,0.0,5.0,0.0,0.0
1.0,98.0,0.0,1.0,0.0,0.0
1.0,99.0,0.0,0.0,0.0,0.0
1.0,99.0,0.0,0.0,0.0,0.0
1.0,94.0,1.0,4.0,0.0,0.0
2.0,98.0,0.0,0.0,0.0,0.0
10.0,89.0,0.0,1.0,0.0,0.0
2.0,97.0,0.0,1.0,0.0,0.0
4.0,96.0,0.0,0.0,0.0,0.0
3.0,94.0,0.0,3.0,0.0,0.0
3.0,97.0,0.0,0.0,0.0,0.0
1.0,97.0,0.0,2.0,0.0,0.0
9.0,91.0,0.0,0.0,0.0,0.0
3.0,97.0,0.0,0.0,0.0,0.0
1.0,87.0,0.0,12.0,0.0,0.0
1.0,98.0,0.0,1.0,0.0,0.0
4.0,95.0,0.0,1.0,0.0,0.0
1.0,94.0,0.0,5.0,0.0,0.0
3.0,97.0,0.0,0.0,0.0,0.0
5.0,95.0,0.0,0.0,0.0,0.0
2.0,92.0,0.0,6.0,0.0,0.0
1.0,99.0,0.0,0.0,0.0,0.0
7.0,93.0,0.0,0.0,0.0,0.0
1.0,99.0,0.0,0.0,0.0,0.0
1.0,99.0,0.0,0.0,0.0,0.0
1.0,99.0,0.0,0.0,0.0,0.0
1.0,0.0,18.0,6.0,0.0,0.0
1.0,92.0,0.0,7.0,0.0,0.0
1.0,98.0,0.0,1.0,0.0,0.0
1.0,99.0,0.0,0.0,0.0,0.0
1.0,98.0,0.0,1.0,0.0,0.0
11.0,87.0,0.0,2.0,0.0,0.0
1.0,90.0,0.0,9.0,0.0,0.0
1.0,99.0,0.0,0.0,0.0,0.0
2.0,97.0,0.0,1.0,0.0,0.0
2.0,98.0,0.0,0.0,0.0,0.0
4.0,95.0,0.0,1.0,0.0,0.0
5.0,91.0,0.0,4.0,0.0,0.0
1.0,95.0,0.0,4.0,0.0,0.0
5.0,95.0,0.0,0.0,0.0,0.0
4.0,85.0,0.0,9.0,2.0,0.0
5.0,95.0,0.0,0.0,0.0,0.0
1.0,92.0,0.0,7.0,0.0,0.0
2.0,84.0,0.0,14.0,0.0,0.0
2.0,98.0,0.0,0.0,0.0,0.0
2.0,94.0,0.0,4.0,0.0,0.0
2.0,97.0,0.0,1.0,0.0,0.0
2.0,97.0,0.0,1.0,0.0,0.0
1.0,99.0,0.0,0.0,0.0,0.0
1.0,99.0,0.0,0.0,0.0,0.0
1.0,98.0,0.0,1.0,0.0,0.0
3.0,97.0,0.0,0.0,0.0,0.0
2.0,98.0,0.0,0.0,0.0,0.0
1.0,99.0,0.0,0.0,0.0,0.0
2.0,88.0,1.0,9.0,0.0,0.0
3.0,97.0,0.0,0.0,0.0,0.0
1.0,99.0,0.0,0.0,0.0,0.0
3.0,97.0,0.0,0.0,0.0,0.0
1.0,99.0,0.0,0.0,0.0,0.0
1.0,99.0,0.0,0.0,0.0,0.0
8.0,91.0,0.0,1.0,0.0,0.0
1.0,99.0,0.0,0.0,0.0,0.0
2.0,97.0,0.0,1.0,0.0,0.0
1.0,99.0,0.0,0.0,0.0,0.0
1.0,90.0,0.0,9.0,0.0,0.0
1.0,99.0,0.0,0.0,0.0,0.0
4.0,86.0,0.0,10.0,0.0,0.0
1.0,98.0,0.0,1.0,0.0,0.0
1.0,99.0,0.0,0.0,0.0,0.0
2.0,96.0,0.0,2.0,0.0,0.0
4.0,89.0,0.0,7.0,0.0,0.0
3.0,97.0,0.0,0.0,0.0,0.0
2.0,98.0,0.0,0.0,0.0,0.0
1.0,97.0,0.0,2.0,0.0,0.0
6.0,94.0,0.0,0.0,0.0,0.0
6.0,92.0,0.0,2.0,0.0,0.0
1.0,99.0,0.0,0.0,0.0,0.0
3.0,97.0,0.0,0.0,0.0,0.0
1.0,97.0,0.0,2.0,0.0,0.0
2.0,98.0,0.0,0.0,0.0,0.0
1.0,99.0,0.0,0.0,0.0,0.0
1.0,98.0,0.0,1.0,0.0,0.0
3.0,97.0,0.0,0.0,0.0,0.0
1.0,99.0,0.0,0.0,0.0,0.0
1.0,99.0,0.0,0.0,0.0,0.0
12.0,88.0,0.0,0.0,0.0,0.0
1.0,99.0,0.0,0.0,0.0,0.0
6.0,94.0,0.0,0.0,0.0,0.0
8.0,92.0,0.0,0.0,0.0,0.0
1.0,99.0,0.0,0.0,0.0,0.0
4.0,90.0,0.0,6.0,0.0,0.0
3.0,88.0,0.0,9.0,0.0,0.0
3.0,97.0,0.0,0.0,0.0,0.0
6.0,94.0,0.0,0.0,0.0,0.0
1.0,94.0,0.0,5.0,0.0,0.0
3.0,97.0,0.0,0.0,0.0,0.0
1.0,99.0,0.0,0.0,0.0,0.0
1.0,98.0,0.0,1.0,0.0,0.0
2.0,97.0,0.0,1.0,0.0,0.0
1.0,99.0,0.0,0.0,0.0,0.0
2.0,98.0,0.0,0.0,0.0,0.0
1.0,73.0,0.0,26.0,0.0,0.0
1.0,99.0,0.0,0.0,0.0,0.0
6.0,86.0,0.0,8.0,0.0,0.0
1.0,99.0,0.0,0.0,0.0,0.0
2.0,98.0,0.0,0.0,0.0,0.0
1.0,98.0,0.0,1.0,0.0,0.0
4.0,95.0,0.0,1.0,0.0,0.0
16.0,84.0,0.0,0.0,0.0,0.0
3.0,88.0,0.0,9.0,0.0,0.0
4.0,93.0,0.0,3.0,0.0,0.0
2.0,98.0,0.0,0.0,0.0,0.0
1.0,99.0,0.0,0.0,0.0,0.0
1.0,99.0,0.0,0.0,0.0,0.0
1.0,99.0,0.0,0.0,0.0,0.0
1.0,99.0,0.0,0.0,0.0,0.0
1.0,87.0,0.0,12.0,0.0,0.0
3.0,97.0,0.0,0.0,0.0,0.0
4.0,96.0,0.0,0.0,0.0,0.0
2.0,97.0,0.0,1.0,0.0,0.0
1.0,99.0,0.0,0.0,0.0,0.0
1.0,98.0,0.0,1.0,0.0,0.0
1.0,99.0,0.0,0.0,0.0,0.0
1.0,98.0,0.0,1.0,0.0,0.0
13.0,87.0,0.0,0.0,0.0,0.0
2.0,98.0,0.0,0.0,0.0,0.0
1.0,99.0,0.0,0.0,0.0,0.0
4.0,93.0,0.0,3.0,0.0,0.0
1.0,82.0,0.0,17.0,0.0,0.0
8.0,92.0,0.0,0.0,0.0,0.0
1.0,99.0,0.0,0.0,0.0,0.0
1.0,97.0,0.0,2.0,0.0,0.0
20.0,80.0,0.0,0.0,0.0,0.0
2.0,97.0,0.0,1.0,0.0,0.0
1.0,98.0,0.0,1.0,0.0,0.0
1.0,99.0,0.0,0.0,0.0,0.0
3.0,97.0,0.0,0.0,0.0,0.0
1.0,99.0,0.0,0.0,0.0,0.0
2.0,98.0,0.0,0.0,0.0,0.0
1.0,91.0,1.0,7.0,0.0,0.0
2.0,93.0,0.0,5.0,0.0,0.0
3.0,97.0,0.0,0.0,0.0,0.0
3.0,97.0,0.0,0.0,0.0,0.0
1.0,99.0,0.0,0.0,0.0,0.0
3.0,88.0,0.0,9.0,0.0,0.0
6.0,79.0,0.0,15.0,0.0,0.0
1.0,99.0,0.0,0.0,0.0,0.0
1.0,99.0,0.0,0.0,0.0,0.0
3.0,97.0,0.0,0.0,0.0,0.0
1.0,94.0,0.0,5.0,0.0,0.0
4.0,96.0,0.0,0.0,0.0,0.0
1.0,97.0,0.0,2.0,0.0,0.0
2.0,97.0,0.0,1.0,0.0,0.0
4.0,96.0,0.0,0.0,0.0,0.0
1.0,96.0,0.0,3.0,0.0,0.0
6.0,92.0,0.0,2.0,0.0,0.0
5.0,95.0,0.0,0.0,0.0,0.0
2.0,98.0,0.0,0.0,0.0,0.0
5.0,95.0,0.0,0.0,0.0,0.0
2.0,98.0,0.0,0.0,0.0,0.0
1.0,99.0,0.0,0.0,0.0,0.0
4.0,92.0,0.0,4.0,0.0,0.0
1.0,99.0,0.0,0.0,0.0,0.0
1.0,99.0,0.0,0.0,0.0,0.0
1.0,98.0,0.0,1.0,0.0,0.0
1.0,99.0,0.0,0.0,0.0,0.0
1.0,98.0,0.0,1.0,0.0,0.0
1.0,98.0,0.0,1.0,0.0,0.0
1.0,99.0,0.0,0.0,0.0,0.0
1.0,94.0,0.0,5.0,0.0,0.0
17.0,83.0,0.0,0.0,0.0,0.0
1.0,98.0,0.0,1.0,0.0,0.0
1.0,99.0,0.0,0.0,0.0,0.0
1.0,94.0,0.0,5.0,0.0,0.0
1.0,99.0,0.0,0.0,0.0,0.0
1.0,98.0,0.0,1.0,0.0,0.0
1.0,96.0,0.0,3.0,0.0,0.0
9.0,87.0,0.0,4.0,0.0,0.0
3.0,89.0,0.0,8.0,0.0,0.0
1.0,98.0,1.0,0.0,0.0,0.0
5.0,90.0,0.0,5.0,0.0,0.0
7.0,93.0,0.0,0.0,0.0,0.0
1.0,99.0,0.0,0.0,0.0,0.0
2.0,98.0,0.0,0.0,0.0,0.0
1.0,88.0,0.0,11.0,0.0,0.0
4.0,95.0,0.0,1.0,0.0,0.0
3.0,93.0,0.0,4.0,0.0,0.0
1.0,99.0,0.0,0.0,0.0,0.0
1.0,99.0,0.0,0.0,0.0,0.0
1.0,99.0,0.0,0.0,0.0,0.0
2.0,95.0,0.0,3.0,0.0,0.0
4.0,94.0,0.0,2.0,0.0,0.0
3.0,97.0,0.0,0.0,0.0,0.0
1.0,99.0,0.0,0.0,0.0,0.0
6.0,94.0,0.0,0.0,0.0,0.0
1.0,99.0,0.0,0.0,0.0,0.0
1.0,97.0,0.0,2.0,0.0,0.0
1.0,99.0,0.0,0.0,0.0,0.0
5.0,83.0,0.0,12.0,0.0,0.0
2.0,98.0,0.0,0.0,0.0,0.0
1.0,99.0,0.0,0.0,0.0,0.0
1.0,99.0,0.0,0.0,0.0,0.0
1.0,98.0,0.0,1.0,0.0,0.0
2.0,98.0,0.0,0.0,0.0,0.0
1.0,94.0,0.0,5.0,0.0,0.0
1.0,99.0,0.0,0.0,0.0,0.0
2.0,98.0,0.0,0.0,0.0,0.0
7.0,82.0,0.0,11.0,0.0,0.0
3.0,97.0,0.0,0.0,0.0,0.0
8.0,92.0,0.0,0.0,0.0,0.0
9.0,87.0,0.0,4.0,0.0,0.0
1.0,99.0,0.0,0.0,0.0,0.0
1.0,99.0,0.0,0.0,0.0,0.0
3.0,97.0,0.0,0.0,0.0,0.0
1.0,99.0,0.0,0.0,0.0,0.0
2.0,98.0,0.0,0.0,0.0,0.0
1.0,97.0,0.0,2.0,0.0,0.0
1.0,99.0,0.0,0.0,0.0,0.0
1.0,98.0,1.0,0.0,0.0,0.0
1.0,96.0,0.0,3.0,0.0,0.0
1.0,98.0,0.0,1.0,0.0,0.0
1.0,99.0,0.0,0.0,0.0,0.0
1.0,99.0,0.0,0.0,0.0,0.0
4.0,96.0,0.0,0.0,0.0,0.0
2.0,98.0,0.0,0.0,0.0,0.0
3.0,97.0,0.0,0.0,0.0,0.0
1.0,99.0,0.0,0.0,0.0,0.0
1.0,99.0,0.0,0.0,0.0,0.0
3.0,96.0,0.0,1.0,0.0,0.0
2.0,95.0,0.0,3.0,0.0,0.0
3.0,96.0,0.0,1.0,0.0,0.0
1.0,99.0,0.0,0.0,0.0,0.0
1.0,99.0,0.0,0.0,0.0,0.0
1.0,98.0,0.0,1.0,0.0,0.0
1.0,96.0,0.0,3.0,0.0,0.0
5.0,95.0,0.0,0.0,0.0,0.0
1.0,99.0,0.0,0.0,0.0,0.0
1.0,97.0,0.0,2.0,0.0,0.0
1.0,97.0,0.0,2.0,0.0,0.0
1.0,99.0,0.0,0.0,0.0,0.0
1.0,96.0,0.0,3.0,0.0,0.0
2.0,98.0,0.0,0.0,0.0,0.0
6.0,94.0,0.0,0.0,0.0,0.0
1.0,99.0,0.0,0.0,0.0,0.0
3.0,96.0,0.0,1.0,0.0,0.0
4.0,87.0,0.0,9.0,0.0,0.0
3.0,97.0,0.0,0.0,0.0,0.0
1.0,99.0,0.0,0.0,0.0,0.0
1.0,99.0,0.0,0.0,0.0,0.0
1.0,99.0,0.0,0.0,0.0,0.0
1.0,99.0,0.0,0.0,0.0,0.0
1.0,99.0,0.0,0.0,0.0,0.0
2.0,98.0,0.0,0.0,0.0,0.0
1.0,99.0,0.0,0.0,0.0,0.0
2.0,98.0,0.0,0.0,0.0,0.0
4.0,96.0,0.0,0.0,0.0,0.0
1.0,99.0,0.0,0.0,0.0,0.0
8.0,85.0,0.0,7.0,0.0,0.0
2.0,97.0,0.0,1.0,0.0,0.0
2.0,90.0,0.0,8.0,0.0,0.0
5.0,95.0,0.0,0.0,0.0,0.0
1.0,99.0,0.0,0.0,0.0,0.0
1.0,99.0,0.0,0.0,0.0,0.0
4.0,90.0,0.0,6.0,0.0,0.0
1.0,96.0,0.0,3.0,0.0,0.0
1.0,99.0,0.0,0.0,0.0,0.0
2.0,98.0,0.0,0.0,0.0,0.0
1.0,95.0,0.0,4.0,0.0,0.0
1.0,98.0,0.0,1.0,0.0,0.0
4.0,96.0,0.0,0.0,0.0,0.0
1.0,99.0,0.0,0.0,0.0,0.0
1.0,89.0,0.0,10.0,0.0,0.0
2.0,97.0,0.0,1.0,0.0,0.0
3.0,97.0,0.0,0.0,0.0,0.0
3.0,97.0,0.0,0.0,0.0,0.0
2.0,96.0,0.0,2.0,0.0,0.0
1.0,99.0,0.0,0.0,0.0,0.0
1.0,96.0,0.0,3.0,0.0,0.0
2.0,98.0,0.0,0.0,0.0,0.0
1.0,99.0,0.0,0.0,0.0,0.0
7.0,90.0,0.0,3.0,0.0,0.0
1.0,99.0,0.0,0.0,0.0,0.0
1.0,99.0,0.0,0.0,0.0,0.0
1.0,95.0,0.0,4.0,0.0,0.0
1.0,99.0,0.0,0.0,0.0,0.0
1.0,99.0,0.0,0.0,0.0,0.0
1.0,98.0,0.0,1.0,0.0,0.0
1.0,99.0,0.0,0.0,0.0,0.0
1.0,86.0,0.0,13.0,0.0,0.0
6.0,92.0,0.0,2.0,0.0,0.0
4.0,96.0,0.0,0.0,0.0,0.0
1.0,99.0,0.0,0.0,0.0,0.0
1.0,99.0,0.0,0.0,0.0,0.0
2.0,98.0,0.0,0.0,0.0,0.0
1.0,99.0,0.0,0.0,0.0,0.0
1.0,95.0,0.0,4.0,0.0,0.0
1.0,99.0,0.0,0.0,0.0,0.0
3.0,97.0,0.0,0.0,0.0,0.0
1.0,99.0,0.0,0.0,0.0,0.0
3.0,97.0,0.0,0.0,0.0,0.0
1.0,99.0,0.0,0.0,0.0,0.0
1.0,99.0,0.0,0.0,0.0,0.0
1.0,99.0,0.0,0.0,0.0,0.0
5.0,91.0,0.0,4.0,0.0,0.0
1.0,99.0,0.0,0.0,0.0,0.0
1.0,96.0,0.0,3.0,0.0,0.0
2.0,96.0,0.0,2.0,0.0,0.0
1.0,14.0,0.0,7.0,78.0,0.0
1.0,99.0,0.0,0.0,0.0,0.0
1.0,99.0,0.0,0.0,0.0,0.0
1.0,99.0,0.0,0.0,0.0,0.0
1.0,99.0,0.0,0.0,0.0,0.0
1.0,99.0,0.0,0.0,0.0,0.0
1.0,99.0,0.0,0.0,0.0,0.0
1.0,99.0,0.0,0.0,0.0,0.0
1.0,99.0,0.0,0.0,0.0,0.0
2.0,98.0,0.0,0.0,0.0,0.0
1.0,98.0,0.0,1.0,0.0,0.0
5.0,95.0,0.0,0.0,0.0,0.0
4.0,96.0,0.0,0.0,0.0,0.0
1.0,96.0,0.0,3.0,0.0,0.0
1.0,99.0,0.0,0.0,0.0,0.0
2.0,96.0,0.0,2.0,0.0,0.0
1.0,99.0,0.0,0.0,0.0,0.0
1.0,96.0,0.0,3.0,0.0,0.0
1.0,99.0,0.0,0.0,0.0,0.0
6.0,94.0,0.0,0.0,0.0,0.0
1.0,99.0,0.0,0.0,0.0,0.0
3.0,97.0,0.0,0.0,0.0,0.0
1.0,97.0,0.0,2.0,0.0,0.0
4.0,96.0,0.0,0.0,0.0,0.0
1.0,96.0,0.0,3.0,0.0,0.0
9.0,91.0,0.0,0.0,0.0,0.0
1.0,97.0,0.0,2.0,0.0,0.0
1.0,95.0,0.0,4.0,0.0,0.0
2.0,98.0,0.0,0.0,0.0,0.0
2.0,98.0,0.0,0.0,0.0,0.0
3.0,97.0,0.0,0.0,0.0,0.0
1.0,93.0,0.0,6.0,0.0,0.0
1.0,99.0,0.0,0.0,0.0,0.0
3.0,94.0,0.0,3.0,0.0,0.0
4.0,96.0,0.0,0.0,0.0,0.0
7.0,93.0,0.0,0.0,0.0,0.0
5.0,95.0,0.0,0.0,0.0,0.0
1.0,99.0,0.0,0.0,0.0,0.0
3.0,97.0,0.0,0.0,0.0,0.0
1.0,99.0,0.0,0.0,0.0,0.0
3.0,97.0,0.0,0.0,0.0,0.0
5.0,95.0,0.0,0.0,0.0,0.0
6.0,88.0,0.0,6.0,0.0,0.0
1.0,99.0,0.0,0.0,0.0,0.0
1.0,84.0,0.0,15.0,0.0,0.0
1.0,96.0,0.0,3.0,0.0,0.0
1.0,99.0,0.0,0.0,0.0,0.0
2.0,98.0,0.0,0.0,0.0,0.0
2.0,98.0,0.0,0.0,0.0,0.0
2.0,96.0,0.0,2.0,0.0,0.0
1.0,98.0,0.0,1.0,0.0,0.0
1.0,99.0,0.0,0.0,0.0,0.0
2.0,98.0,0.0,0.0,0.0,0.0
1.0,98.0,1.0,0.0,0.0,0.0
4.0,91.0,0.0,5.0,0.0,0.0
3.0,94.0,0.0,3.0,0.0,0.0
1.0,98.0,0.0,1.0,0.0,0.0
3.0,92.0,0.0,5.0,0.0,0.0
3.0,97.0,0.0,0.0,0.0,0.0
3.0,97.0,0.0,0.0,0.0,0.0
1.0,99.0,0.0,0.0,0.0,0.0
1.0,99.0,0.0,0.0,0.0,0.0
4.0,96.0,0.0,0.0,0.0,0.0
2.0,92.0,0.0,6.0,0.0,0.0
1.0,99.0,0.0,0.0,0.0,0.0
1.0,99.0,0.0,0.0,0.0,0.0
4.0,96.0,0.0,0.0,0.0,0.0
1.0,98.0,0.0,1.0,0.0,0.0
2.0,97.0,0.0,1.0,0.0,0.0
5.0,92.0,0.0,3.0,0.0,0.0
8.0,83.0,0.0,9.0,0.0,0.0
1.0,98.0,0.0,1.0,0.0,0.0
6.0,94.0,0.0,0.0,0.0,0.0
8.0,92.0,0.0,0.0,0.0,0.0
4.0,96.0,0.0,0.0,0.0,0.0
2.0,98.0,0.0,0.0,0.0,0.0
2.0,98.0,0.0,0.0,0.0,0.0
1.0,99.0,0.0,0.0,0.0,0.0
1.0,90.0,0.0,9.0,0.0,0.0
2.0,98.0,0.0,0.0,0.0,0.0
2.0,92.0,0.0,6.0,0.0,0.0
8.0,90.0,0.0,2.0,0.0,0.0
1.0,98.0,1.0,0.0,0.0,0.0
1.0,99.0,0.0,0.0,0.0,0.0
1.0,95.0,0.0,4.0,0.0,0.0
1.0,98.0,0.0,1.0,0.0,0.0
1.0,99.0,0.0,0.0,0.0,0.0
1.0,97.0,0.0,2.0,0.0,0.0
1.0,99.0,0.0,0.0,0.0,0.0
1.0,99.0,0.0,0.0,0.0,0.0
1.0,99.0,0.0,0.0,0.0,0.0
2.0,98.0,0.0,0.0,0.0,0.0
1.0,99.0,0.0,0.0,0.0,0.0
2.0,85.0,0.0,13.0,0.0,0.0
1.0,99.0,0.0,0.0,0.0,0.0
1.0,99.0,0.0,0.0,0.0,0.0
6.0,90.0,0.0,4.0,0.0,0.0
3.0,96.0,0.0,1.0,0.0,0.0
6.0,94.0,0.0,0.0,0.0,0.0
2.0,97.0,0.0,1.0,0.0,0.0
3.0,97.0,0.0,0.0,0.0,0.0
1.0,99.0,0.0,0.0,0.0,0.0
1.0,99.0,0.0,0.0,0.0,0.0
1.0,99.0,0.0,0.0,0.0,0.0
1.0,99.0,0.0,0.0,0.0,0.0
1.0,99.0,0.0,0.0,0.0,0.0
2.0,98.0,0.0,0.0,0.0,0.0
10.0,90.0,0.0,0.0,0.0,0.0
1.0,99.0,0.0,0.0,0.0,0.0
1.0,99.0,0.0,0.0,0.0,0.0
6.0,94.0,0.0,0.0,0.0,0.0
2.0,98.0,0.0,0.0,0.0,0.0
1.0,99.0,0.0,0.0,0.0,0.0
1.0,99.0,0.0,0.0,0.0,0.0
6.0,94.0,0.0,0.0,0.0,0.0
1.0,99.0,0.0,0.0,0.0,0.0
7.0,93.0,0.0,0.0,0.0,0.0
7.0,93.0,0.0,0.0,0.0,0.0
1.0,97.0,0.0,2.0,0.0,0.0
1.0,96.0,0.0,3.0,0.0,0.0
1.0,99.0,0.0,0.0,0.0,0.0
1.0,99.0,0.0,0.0,0.0,0.0
1.0,99.0,0.0,0.0,0.0,0.0
1.0,99.0,0.0,0.0,0.0,0.0
1.0,99.0,0.0,0.0,0.0,0.0
1.0,96.0,0.0,3.0,0.0,0.0
1.0,84.0,0.0,15.0,0.0,0.0
1.0,99.0,0.0,0.0,0.0,0.0
3.0,97.0,0.0,0.0,0.0,0.0
1.0,99.0,0.0,0.0,0.0,0.0
2.0,98.0,0.0,0.0,0.0,0.0
1.0,99.0,0.0,0.0,0.0,0.0
2.0,98.0,0.0,0.0,0.0,0.0
1.0,93.0,0.0,6.0,0.0,0.0
1.0,92.0,0.0,7.0,0.0,0.0
3.0,96.0,0.0,1.0,0.0,0.0
1.0,99.0,0.0,0.0,0.0,0.0
3.0,97.0,0.0,0.0,0.0,0.0
2.0,97.0,0.0,1.0,0.0,0.0
2.0,98.0,0.0,0.0,0.0,0.0
2.0,98.0,0.0,0.0,0.0,0.0
1.0,98.0,0.0,1.0,0.0,0.0
2.0,98.0,0.0,0.0,0.0,0.0
1.0,95.0,0.0,4.0,0.0,0.0
1.0,99.0,0.0,0.0,0.0,0.0
1.0,94.0,0.0,5.0,0.0,0.0
4.0,96.0,0.0,0.0,0.0,0.0
1.0,99.0,0.0,0.0,0.0,0.0
1.0,98.0,0.0,1.0,0.0,0.0
2.0,95.0,0.0,3.0,0.0,0.0
10.0,90.0,0.0,0.0,0.0,0.0
3.0,94.0,0.0,3.0,0.0,0.0
1.0,98.0,0.0,1.0,0.0,0.0
1.0,98.0,0.0,1.0,0.0,0.0
1.0,92.0,0.0,7.0,0.0,0.0
1.0,98.0,0.0,1.0,0.0,0.0
1.0,99.0,0.0,0.0,0.0,0.0
1.0,99.0,0.0,0.0,0.0,0.0
5.0,95.0,0.0,0.0,0.0,0.0
1.0,99.0,0.0,0.0,0.0,0.0
1.0,99.0,0.0,0.0,0.0,0.0
5.0,95.0,0.0,0.0,0.0,0.0
1.0,99.0,0.0,0.0,0.0,0.0
1.0,99.0,0.0,0.0,0.0,0.0
4.0,96.0,0.0,0.0,0.0,0.0
4.0,93.0,0.0,3.0,0.0,0.0
1.0,99.0,0.0,0.0,0.0,0.0
5.0,95.0,0.0,0.0,0.0,0.0
2.0,98.0,0.0,0.0,0.0,0.0
1.0,99.0,0.0,0.0,0.0,0.0
5.0,95.0,0.0,0.0,0.0,0.0
2.0,98.0,0.0,0.0,0.0,0.0
6.0,93.0,0.0,1.0,0.0,0.0
6.0,94.0,0.0,0.0,0.0,0.0
2.0,90.0,0.0,8.0,0.0,0.0
1.0,99.0,0.0,0.0,0.0,0.0
6.0,94.0,0.0,0.0,0.0,0.0
3.0,79.0,0.0,18.0,0.0,0.0
1.0,99.0,0.0,0.0,0.0,0.0
1.0,93.0,0.0,6.0,0.0,0.0
1.0,99.0,0.0,0.0,0.0,0.0
1.0,99.0,0.0,0.0,0.0,0.0
3.0,93.0,0.0,4.0,0.0,0.0
5.0,87.0,0.0,8.0,0.0,0.0
1.0,99.0,0.0,0.0,0.0,0.0
1.0,93.0,0.0,6.0,0.0,0.0
1.0,98.0,0.0,1.0,0.0,0.0
1.0,99.0,0.0,0.0,0.0,0.0
2.0,90.0,0.0,8.0,0.0,0.0
12.0,81.0,0.0,7.0,0.0,0.0
1.0,97.0,0.0,2.0,0.0,0.0
4.0,96.0,0.0,0.0,0.0,0.0
1.0,96.0,0.0,3.0,0.0,0.0
1.0,99.0,0.0,0.0,0.0,0.0
1.0,99.0,0.0,0.0,0.0,0.0
1.0,93.0,1.0,5.0,0.0,0.0
1.0,88.0,0.0,11.0,0.0,0.0
5.0,94.0,0.0,1.0,0.0,0.0
1.0,91.0,0.0,8.0,0.0,0.0
1.0,99.0,0.0,0.0,0.0,0.0
1.0,91.0,0.0,8.0,0.0,0.0
4.0,96.0,0.0,0.0,0.0,0.0
1.0,93.0,0.0,6.0,0.0,0.0
1.0,99.0,0.0,0.0,0.0,0.0
1.0,99.0,0.0,0.0,0.0,0.0
2.0,98.0,0.0,0.0,0.0,0.0
1.0,99.0,0.0,0.0,0.0,0.0
1.0,99.0,0.0,0.0,0.0,0.0
1.0,99.0,0.0,0.0,0.0,0.0
2.0,96.0,0.0,2.0,0.0,0.0
2.0,98.0,0.0,0.0,0.0,0.0
2.0,87.0,0.0,11.0,0.0,0.0
1.0,99.0,0.0,0.0,0.0,0.0
1.0,99.0,0.0,0.0,0.0,0.0
1.0,99.0,0.0,0.0,0.0,0.0
1.0,99.0,0.0,0.0,0.0,0.0
2.0,95.0,0.0,3.0,0.0,0.0
3.0,97.0,0.0,0.0,0.0,0.0
1.0,99.0,0.0,0.0,0.0,0.0
1.0,99.0,0.0,0.0,0.0,0.0
1.0,90.0,0.0,9.0,0.0,0.0
1.0,99.0,0.0,0.0,0.0,0.0
4.0,96.0,0.0,0.0,0.0,0.0
2.0,98.0,0.0,0.0,0.0,0.0
1.0,99.0,0.0,0.0,0.0,0.0
7.0,93.0,0.0,0.0,0.0,0.0
2.0,93.0,0.0,5.0,0.0,0.0
1.0,97.0,0.0,2.0,0.0,0.0
4.0,96.0,0.0,0.0,0.0,0.0
6.0,94.0,0.0,0.0,0.0,0.0
1.0,96.0,0.0,3.0,0.0,0.0
1.0,98.0,1.0,0.0,0.0,0.0
2.0,81.0,0.0,17.0,0.0,0.0
1.0,99.0,0.0,0.0,0.0,0.0
2.0,98.0,0.0,0.0,0.0,0.0
4.0,96.0,0.0,0.0,0.0,0.0
1.0,99.0,0.0,0.0,0.0,0.0
1.0,95.0,0.0,4.0,0.0,0.0
3.0,93.0,0.0,4.0,0.0,0.0
1.0,99.0,0.0,0.0,0.0,0.0
1.0,98.0,0.0,1.0,0.0,0.0
8.0,92.0,0.0,0.0,0.0,0.0
1.0,99.0,0.0,0.0,0.0,0.0
1.0,96.0,0.0,3.0,0.0,0.0
5.0,95.0,0.0,0.0,0.0,0.0
2.0,95.0,0.0,3.0,0.0,0.0
3.0,97.0,0.0,0.0,0.0,0.0
6.0,88.0,0.0,6.0,0.0,0.0
1.0,95.0,0.0,4.0,0.0,0.0
1.0,98.0,0.0,1.0,0.0,0.0
1.0,99.0,0.0,0.0,0.0,0.0
1.0,99.0,0.0,0.0,0.0,0.0
6.0,93.0,0.0,1.0,0.0,0.0
4.0,96.0,0.0,0.0,0.0,0.0
4.0,96.0,0.0,0.0,0.0,0.0
4.0,95.0,0.0,1.0,0.0,0.0
1.0,98.0,0.0,1.0,0.0,0.0
1.0,97.0,0.0,2.0,0.0,0.0
3.0,97.0,0.0,0.0,0.0,0.0
2.0,97.0,0.0,1.0,0.0,0.0
2.0,98.0,0.0,0.0,0.0,0.0
1.0,97.0,0.0,2.0,0.0,0.0
6.0,94.0,0.0,0.0,0.0,0.0
1.0,97.0,0.0,2.0,0.0,0.0
5.0,95.0,0.0,0.0,0.0,0.0
2.0,98.0,0.0,0.0,0.0,0.0
1.0,99.0,0.0,0.0,0.0,0.0
9.0,86.0,0.0,5.0,0.0,0.0
2.0,98.0,0.0,0.0,0.0,0.0
1.0,99.0,0.0,0.0,0.0,0.0
1.0,99.0,0.0,0.0,0.0,0.0
1.0,99.0,0.0,0.0,0.0,0.0
4.0,96.0,0.0,0.0,0.0,0.0
1.0,99.0,0.0,0.0,0.0,0.0
1.0,99.0,0.0,0.0,0.0,0.0
1.0,99.0,0.0,0.0,0.0,0.0
1.0,96.0,0.0,3.0,0.0,0.0
1.0,98.0,0.0,1.0,0.0,0.0
1.0,96.0,0.0,3.0,0.0,0.0
1.0,99.0,0.0,0.0,0.0,0.0
4.0,96.0,0.0,0.0,0.0,0.0
3.0,69.0,0.0,28.0,0.0,0.0
1.0,99.0,0.0,0.0,0.0,0.0
1.0,99.0,0.0,0.0,0.0,0.0
5.0,95.0,0.0,0.0,0.0,0.0
2.0,98.0,0.0,0.0,0.0,0.0
1.0,99.0,0.0,0.0,0.0,0.0
1.0,87.0,0.0,12.0,0.0,0.0
1.0,98.0,1.0,0.0,0.0,0.0
7.0,93.0,0.0,0.0,0.0,0.0
1.0,99.0,0.0,0.0,0.0,0.0
1.0,95.0,0.0,4.0,0.0,0.0
4.0,92.0,0.0,4.0,0.0,0.0
1.0,99.0,0.0,0.0,0.0,0.0
1.0,98.0,0.0,1.0,0.0,0.0
2.0,98.0,0.0,0.0,0.0,0.0
4.0,96.0,0.0,0.0,0.0,0.0
5.0,92.0,0.0,3.0,0.0,0.0
4.0,93.0,0.0,3.0,0.0,0.0
2.0,97.0,1.0,0.0,0.0,0.0
2.0,98.0,0.0,0.0,0.0,0.0
6.0,89.0,0.0,5.0,0.0,0.0
2.0,98.0,0.0,0.0,0.0,0.0
1.0,99.0,0.0,0.0,0.0,0.0
2.0,98.0,0.0,0.0,0.0,0.0
1.0,99.0,0.0,0.0,0.0,0.0
3.0,97.0,0.0,0.0,0.0,0.0
3.0,96.0,0.0,1.0,0.0,0.0
8.0,92.0,0.0,0.0,0.0,0.0
3.0,93.0,0.0,4.0,0.0,0.0
1.0,89.0,0.0,10.0,0.0,0.0
1.0,96.0,1.0,2.0,0.0,0.0
4.0,88.0,0.0,8.0,0.0,0.0
3.0,97.0,0.0,0.0,0.0,0.0
1.0,92.0,0.0,7.0,0.0,0.0
2.0,85.0,0.0,13.0,0.0,0.0
1.0,99.0,0.0,0.0,0.0,0.0
2.0,97.0,0.0,1.0,0.0,0.0
2.0,98.0,0.0,0.0,0.0,0.0
3.0,97.0,0.0,0.0,0.0,0.0
3.0,97.0,0.0,0.0,0.0,0.0
1.0,99.0,0.0,0.0,0.0,0.0
4.0,96.0,0.0,0.0,0.0,0.0
1.0,99.0,0.0,0.0,0.0,0.0
4.0,95.0,0.0,1.0,0.0,0.0
3.0,97.0,0.0,0.0,0.0,0.0
1.0,89.0,0.0,10.0,0.0,0.0
1.0,99.0,0.0,0.0,0.0,0.0
1.0,99.0,0.0,0.0,0.0,0.0
1.0,99.0,0.0,0.0,0.0,0.0
1.0,99.0,0.0,0.0,0.0,0.0
2.0,98.0,0.0,0.0,0.0,0.0
1.0,95.0,0.0,4.0,0.0,0.0
2.0,89.0,0.0,9.0,0.0,0.0
1.0,97.0,0.0,2.0,0.0,0.0
1.0,95.0,0.0,4.0,0.0,0.0
4.0,96.0,0.0,0.0,0.0,0.0
3.0,97.0,0.0,0.0,0.0,0.0
2.0,98.0,0.0,0.0,0.0,0.0
2.0,85.0,0.0,13.0,0.0,0.0
2.0,96.0,0.0,2.0,0.0,0.0
2.0,98.0,0.0,0.0,0.0,0.0
1.0,99.0,0.0,0.0,0.0,0.0
2.0,81.0,0.0,17.0,0.0,0.0
1.0,99.0,0.0,0.0,0.0,0.0
3.0,97.0,0.0,0.0,0.0,0.0
1.0,99.0,0.0,0.0,0.0,0.0
1.0,85.0,0.0,14.0,0.0,0.0
2.0,94.0,0.0,4.0,0.0,0.0
1.0,92.0,0.0,7.0,0.0,0.0
3.0,91.0,0.0,6.0,0.0,0.0
1.0,95.0,0.0,4.0,0.0,0.0
10.0,90.0,0.0,0.0,0.0,0.0
2.0,98.0,0.0,0.0,0.0,0.0
4.0,96.0,0.0,0.0,0.0,0.0
3.0,97.0,0.0,0.0,0.0,0.0
3.0,97.0,0.0,0.0,0.0,0.0
1.0,98.0,0.0,1.0,0.0,0.0
4.0,90.0,0.0,6.0,0.0,0.0
4.0,41.0,0.0,4.0,51.0,0.0
6.0,94.0,0.0,0.0,0.0,0.0
2.0,98.0,0.0,0.0,0.0,0.0
1.0,99.0,0.0,0.0,0.0,0.0
1.0,99.0,0.0,0.0,0.0,0.0
1.0,96.0,0.0,3.0,0.0,0.0
2.0,96.0,0.0,2.0,0.0,0.0
1.0,99.0,0.0,0.0,0.0,0.0
1.0,93.0,0.0,6.0,0.0,0.0
2.0,98.0,0.0,0.0,0.0,0.0
1.0,97.0,0.0,2.0,0.0,0.0
1.0,99.0,0.0,0.0,0.0,0.0
7.0,80.0,0.0,13.0,0.0,0.0
1.0,91.0,0.0,8.0,0.0,0.0
1.0,99.0,0.0,0.0,0.0,0.0
1.0,99.0,0.0,0.0,0.0,0.0
4.0,96.0,0.0,0.0,0.0,0.0
1.0,99.0,0.0,0.0,0.0,0.0
2.0,91.0,0.0,7.0,0.0,0.0
1.0,99.0,0.0,0.0,0.0,0.0
1.0,99.0,0.0,0.0,0.0,0.0
1.0,99.0,0.0,0.0,0.0,0.0
1.0,99.0,0.0,0.0,0.0,0.0
2.0,95.0,0.0,3.0,0.0,0.0
2.0,98.0,0.0,0.0,0.0,0.0
5.0,94.0,0.0,1.0,0.0,0.0
2.0,98.0,0.0,0.0,0.0,0.0
2.0,97.0,0.0,1.0,0.0,0.0
6.0,92.0,0.0,2.0,0.0,0.0
1.0,99.0,0.0,0.0,0.0,0.0
4.0,96.0,0.0,0.0,0.0,0.0
2.0,98.0,0.0,0.0,0.0,0.0
5.0,95.0,0.0,0.0,0.0,0.0
2.0,98.0,0.0,0.0,0.0,0.0
2.0,98.0,0.0,0.0,0.0,0.0
3.0,89.0,0.0,8.0,0.0,0.0
1.0,98.0,0.0,1.0,0.0,0.0
1.0,93.0,0.0,6.0,0.0,0.0
2.0,98.0,0.0,0.0,0.0,0.0
1.0,99.0,0.0,0.0,0.0,0.0
4.0,96.0,0.0,0.0,0.0,0.0
1.0,99.0,0.0,0.0,0.0,0.0
1.0,98.0,0.0,1.0,0.0,0.0
1.0,98.0,0.0,1.0,0.0,0.0
5.0,95.0,0.0,0.0,0.0,0.0
5.0,93.0,0.0,2.0,0.0,0.0
1.0,95.0,0.0,4.0,0.0,0.0
7.0,88.0,0.0,5.0,0.0,0.0
1.0,89.0,0.0,10.0,0.0,0.0
1.0,34.0,0.0,1.0,64.0,0.0
3.0,97.0,0.0,0.0,0.0,0.0
1.0,98.0,1.0,0.0,0.0,0.0
3.0,94.0,0.0,3.0,0.0,0.0
1.0,95.0,0.0,4.0,0.0,0.0
1.0,94.0,0.0,5.0,0.0,0.0
1.0,98.0,0.0,1.0,0.0,0.0
4.0,96.0,0.0,0.0,0.0,0.0
4.0,96.0,0.0,0.0,0.0,0.0
2.0,98.0,0.0,0.0,0.0,0.0
1.0,99.0,0.0,0.0,0.0,0.0
2.0,96.0,0.0,2.0,0.0,0.0
1.0,99.0,0.0,0.0,0.0,0.0
3.0,97.0,0.0,0.0,0.0,0.0
1.0,99.0,0.0,0.0,0.0,0.0
3.0,97.0,0.0,0.0,0.0,0.0
2.0,95.0,0.0,3.0,0.0,0.0
3.0,97.0,0.0,0.0,0.0,0.0
2.0,98.0,0.0,0.0,0.0,0.0
3.0,93.0,0.0,4.0,0.0,0.0
1.0,92.0,0.0,7.0,0.0,0.0
1.0,99.0,0.0,0.0,0.0,0.0
1.0,98.0,0.0,1.0,0.0,0.0
1.0,97.0,0.0,2.0,0.0,0.0
1.0,99.0,0.0,0.0,0.0,0.0
1.0,99.0,0.0,0.0,0.0,0.0
1.0,96.0,0.0,3.0,0.0,0.0
1.0,89.0,0.0,10.0,0.0,0.0
4.0,96.0,0.0,0.0,0.0,0.0
2.0,98.0,0.0,0.0,0.0,0.0
1.0,12.0,0.0,14.0,73.0,0.0
2.0,98.0,0.0,0.0,0.0,0.0
1.0,94.0,0.0,5.0,0.0,0.0
4.0,96.0,0.0,0.0,0.0,0.0
2.0,98.0,0.0,0.0,0.0,0.0
1.0,90.0,0.0,9.0,0.0,0.0
8.0,85.0,0.0,7.0,0.0,0.0
5.0,95.0,0.0,0.0,0.0,0.0
5.0,88.0,0.0,7.0,0.0,0.0
1.0,99.0,0.0,0.0,0.0,0.0
1.0,98.0,1.0,0.0,0.0,0.0
5.0,92.0,0.0,3.0,0.0,0.0
4.0,96.0,0.0,0.0,0.0,0.0
1.0,99.0,0.0,0.0,0.0,0.0
1.0,91.0,0.0,8.0,0.0,0.0
1.0,92.0,0.0,7.0,0.0,0.0
3.0,97.0,0.0,0.0,0.0,0.0
1.0,99.0,0.0,0.0,0.0,0.0
1.0,95.0,0.0,4.0,0.0,0.0
2.0,97.0,0.0,1.0,0.0,0.0
2.0,97.0,0.0,1.0,0.0,0.0
1.0,93.0,0.0,6.0,0.0,0.0
1.0,99.0,0.0,0.0,0.0,0.0
2.0,98.0,0.0,0.0,0.0,0.0
1.0,99.0,0.0,0.0,0.0,0.0
1.0,90.0,0.0,9.0,0.0,0.0
2.0,98.0,0.0,0.0,0.0,0.0
2.0,98.0,0.0,0.0,0.0,0.0
2.0,94.0,0.0,4.0,0.0,0.0
4.0,96.0,0.0,0.0,0.0,0.0
2.0,98.0,0.0,0.0,0.0,0.0
1.0,99.0,0.0,0.0,0.0,0.0
3.0,92.0,0.0,5.0,0.0,0.0
1.0,91.0,0.0,8.0,0.0,0.0
6.0,86.0,0.0,8.0,0.0,0.0
2.0,94.0,0.0,4.0,0.0,0.0
1.0,99.0,0.0,0.0,0.0,0.0
2.0,98.0,0.0,0.0,0.0,0.0
6.0,90.0,0.0,4.0,0.0,0.0
1.0,83.0,0.0,16.0,0.0,0.0
1.0,99.0,0.0,0.0,0.0,0.0
1.0,99.0,0.0,0.0,0.0,0.0
1.0,98.0,0.0,1.0,0.0,0.0
1.0,93.0,0.0,6.0,0.0,0.0
4.0,96.0,0.0,0.0,0.0,0.0
2.0,98.0,0.0,0.0,0.0,0.0
3.0,97.0,0.0,0.0,0.0,0.0
1.0,99.0,0.0,0.0,0.0,0.0
6.0,79.0,0.0,15.0,0.0,0.0
1.0,99.0,0.0,0.0,0.0,0.0
1.0,98.0,0.0,1.0,0.0,0.0
7.0,90.0,0.0,3.0,0.0,0.0
1.0,99.0,0.0,0.0,0.0,0.0
2.0,96.0,0.0,2.0,0.0,0.0
1.0,99.0,0.0,0.0,0.0,0.0
1.0,98.0,0.0,1.0,0.0,0.0
1.0,94.0,0.0,5.0,0.0,0.0
4.0,89.0,0.0,7.0,0.0,0.0
1.0,95.0,1.0,3.0,0.0,0.0
2.0,96.0,0.0,2.0,0.0,0.0
5.0,95.0,0.0,0.0,0.0,0.0
3.0,97.0,0.0,0.0,0.0,0.0
4.0,95.0,0.0,1.0,0.0,0.0
1.0,99.0,0.0,0.0,0.0,0.0
1.0,99.0,0.0,0.0,0.0,0.0
2.0,98.0,0.0,0.0,0.0,0.0
2.0,98.0,0.0,0.0,0.0,0.0
1.0,98.0,0.0,1.0,0.0,0.0
3.0,95.0,0.0,2.0,0.0,0.0
1.0,98.0,1.0,0.0,0.0,0.0
3.0,97.0,0.0,0.0,0.0,0.0
4.0,96.0,0.0,0.0,0.0,0.0
10.0,90.0,0.0,0.0,0.0,0.0
1.0,99.0,0.0,0.0,0.0,0.0
3.0,97.0,0.0,0.0,0.0,0.0
2.0,84.0,0.0,14.0,0.0,0.0
1.0,89.0,0.0,10.0,0.0,0.0
5.0,95.0,0.0,0.0,0.0,0.0
1.0,98.0,0.0,1.0,0.0,0.0
2.0,98.0,0.0,0.0,0.0,0.0
1.0,99.0,0.0,0.0,0.0,0.0
1.0,88.0,0.0,11.0,0.0,0.0
2.0,93.0,0.0,5.0,0.0,0.0
1.0,99.0,0.0,0.0,0.0,0.0
4.0,96.0,0.0,0.0,0.0,0.0
1.0,99.0,0.0,0.0,0.0,0.0
16.0,83.0,0.0,1.0,0.0,0.0
2.0,94.0,0.0,4.0,0.0,0.0
2.0,98.0,0.0,0.0,0.0,0.0
1.0,93.0,0.0,6.0,0.0,0.0
4.0,96.0,0.0,0.0,0.0,0.0
2.0,98.0,0.0,0.0,0.0,0.0
1.0,99.0,0.0,0.0,0.0,0.0
3.0,89.0,0.0,8.0,0.0,0.0
1.0,88.0,0.0,11.0,0.0,0.0
1.0,99.0,0.0,0.0,0.0,0.0
1.0,97.0,0.0,2.0,0.0,0.0
2.0,98.0,0.0,0.0,0.0,0.0
1.0,99.0,0.0,0.0,0.0,0.0
2.0,98.0,0.0,0.0,0.0,0.0
4.0,96.0,0.0,0.0,0.0,0.0
2.0,97.0,0.0,1.0,0.0,0.0
3.0,94.0,0.0,3.0,0.0,0.0
2.0,98.0,0.0,0.0,0.0,0.0
1.0,99.0,0.0,0.0,0.0,0.0
2.0,75.0,0.0,23.0,0.0,0.0
1.0,99.0,0.0,0.0,0.0,0.0
4.0,96.0,0.0,0.0,0.0,0.0
1.0,98.0,0.0,1.0,0.0,0.0
5.0,95.0,0.0,0.0,0.0,0.0
2.0,98.0,0.0,0.0,0.0,0.0
1.0,99.0,0.0,0.0,0.0,0.0
1.0,99.0,0.0,0.0,0.0,0.0
1.0,99.0,0.0,0.0,0.0,0.0
1.0,99.0,0.0,0.0,0.0,0.0
3.0,97.0,0.0,0.0,0.0,0.0
5.0,95.0,0.0,0.0,0.0,0.0
1.0,96.0,0.0,3.0,0.0,0.0
2.0,98.0,0.0,0.0,0.0,0.0
1.0,99.0,0.0,0.0,0.0,0.0
3.0,97.0,0.0,0.0,0.0,0.0
1.0,98.0,1.0,0.0,0.0,0.0
2.0,98.0,0.0,0.0,0.0,0.0
1.0,99.0,0.0,0.0,0.0,0.0
1.0,99.0,0.0,0.0,0.0,0.0
1.0,99.0,0.0,0.0,0.0,0.0
3.0,97.0,0.0,0.0,0.0,0.0
2.0,98.0,0.0,0.0,0.0,0.0
2.0,98.0,0.0,0.0,0.0,0.0
1.0,99.0,0.0,0.0,0.0,0.0
6.0,94.0,0.0,0.0,0.0,0.0
1.0,87.0,0.0,12.0,0.0,0.0
1.0,89.0,0.0,10.0,0.0,0.0
1.0,99.0,0.0,0.0,0.0,0.0
1.0,91.0,0.0,8.0,0.0,0.0
1.0,98.0,0.0,1.0,0.0,0.0
4.0,96.0,0.0,0.0,0.0,0.0
1.0,99.0,0.0,0.0,0.0,0.0
3.0,97.0,0.0,0.0,0.0,0.0
1.0,92.0,0.0,7.0,0.0,0.0
1.0,99.0,0.0,0.0,0.0,0.0
1.0,99.0,0.0,0.0,0.0,0.0
2.0,98.0,0.0,0.0,0.0,0.0
3.0,97.0,0.0,0.0,0.0,0.0
1.0,96.0,0.0,3.0,0.0,0.0
1.0,97.0,0.0,2.0,0.0,0.0
2.0,98.0,0.0,0.0,0.0,0.0
5.0,95.0,0.0,0.0,0.0,0.0
2.0,98.0,0.0,0.0,0.0,0.0
1.0,99.0,0.0,0.0,0.0,0.0
1.0,99.0,0.0,0.0,0.0,0.0
2.0,92.0,0.0,6.0,0.0,0.0
3.0,97.0,0.0,0.0,0.0,0.0
1.0,99.0,0.0,0.0,0.0,0.0
1.0,99.0,0.0,0.0,0.0,0.0
4.0,94.0,0.0,2.0,0.0,0.0
1.0,99.0,0.0,0.0,0.0,0.0
2.0,98.0,0.0,0.0,0.0,0.0
1.0,99.0,0.0,0.0,0.0,0.0
1.0,97.0,0.0,2.0,0.0,0.0
1.0,86.0,0.0,13.0,0.0,0.0
1.0,96.0,0.0,3.0,0.0,0.0
3.0,97.0,0.0,0.0,0.0,0.0
2.0,98.0,0.0,0.0,0.0,0.0
1.0,84.0,0.0,15.0,0.0,0.0
1.0,99.0,0.0,0.0,0.0,0.0
1.0,99.0,0.0,0.0,0.0,0.0
1.0,99.0,0.0,0.0,0.0,0.0
2.0,98.0,0.0,0.0,0.0,0.0
2.0,98.0,0.0,0.0,0.0,0.0
1.0,90.0,0.0,9.0,0.0,0.0
3.0,87.0,0.0,10.0,0.0,0.0
1.0,99.0,0.0,0.0,0.0,0.0
3.0,97.0,0.0,0.0,0.0,0.0
1.0,99.0,0.0,0.0,0.0,0.0
1.0,93.0,0.0,6.0,0.0,0.0
6.0,88.0,0.0,6.0,0.0,0.0
1.0,97.0,0.0,2.0,0.0,0.0
3.0,97.0,0.0,0.0,0.0,0.0
2.0,95.0,1.0,2.0,0.0,0.0
2.0,98.0,0.0,0.0,0.0,0.0
4.0,85.0,0.0,11.0,0.0,0.0
3.0,94.0,0.0,3.0,0.0,0.0
2.0,0.0,11.0,8.0,0.0,0.0
1.0,99.0,0.0,0.0,0.0,0.0
2.0,92.0,0.0,6.0,0.0,0.0
1.0,99.0,0.0,0.0,0.0,0.0
2.0,94.0,0.0,4.0,0.0,0.0
1.0,99.0,0.0,0.0,0.0,0.0
1.0,92.0,0.0,7.0,0.0,0.0
1.0,97.0,0.0,2.0,0.0,0.0
2.0,98.0,0.0,0.0,0.0,0.0
2.0,79.0,0.0,19.0,0.0,0.0
1.0,95.0,0.0,4.0,0.0,0.0
2.0,98.0,0.0,0.0,0.0,0.0
1.0,99.0,0.0,0.0,0.0,0.0
1.0,91.0,0.0,8.0,0.0,0.0
1.0,99.0,0.0,0.0,0.0,0.0
7.0,93.0,0.0,0.0,0.0,0.0
1.0,99.0,0.0,0.0,0.0,0.0
1.0,96.0,0.0,3.0,0.0,0.0
3.0,97.0,0.0,0.0,0.0,0.0
2.0,98.0,0.0,0.0,0.0,0.0
1.0,99.0,0.0,0.0,0.0,0.0
4.0,90.0,0.0,6.0,0.0,0.0
1.0,98.0,1.0,0.0,0.0,0.0
2.0,98.0,0.0,0.0,0.0,0.0
1.0,98.0,1.0,0.0,0.0,0.0
2.0,98.0,0.0,0.0,0.0,0.0
2.0,98.0,0.0,0.0,0.0,0.0
1.0,99.0,0.0,0.0,0.0,0.0
1.0,89.0,0.0,10.0,0.0,0.0
5.0,95.0,0.0,0.0,0.0,0.0
1.0,99.0,0.0,0.0,0.0,0.0
1.0,99.0,0.0,0.0,0.0,0.0
1.0,99.0,0.0,0.0,0.0,0.0
1.0,99.0,0.0,0.0,0.0,0.0
5.0,77.0,0.0,18.0,0.0,0.0
1.0,98.0,0.0,1.0,0.0,0.0
3.0,97.0,0.0,0.0,0.0,0.0
2.0,87.0,0.0,11.0,0.0,0.0
1.0,98.0,0.0,1.0,0.0,0.0
9.0,91.0,0.0,0.0,0.0,0.0
1.0,87.0,0.0,12.0,0.0,0.0
3.0,97.0,0.0,0.0,0.0,0.0
3.0,97.0,0.0,0.0,0.0,0.0
1.0,95.0,0.0,4.0,0.0,0.0
3.0,94.0,0.0,3.0,0.0,0.0
4.0,96.0,0.0,0.0,0.0,0.0
1.0,99.0,0.0,0.0,0.0,0.0
6.0,94.0,0.0,0.0,0.0,0.0
3.0,97.0,0.0,0.0,0.0,0.0
1.0,96.0,0.0,3.0,0.0,0.0
1.0,98.0,0.0,1.0,0.0,0.0
1.0,83.0,0.0,16.0,0.0,0.0
6.0,92.0,0.0,2.0,0.0,0.0
2.0,98.0,0.0,0.0,0.0,0.0
3.0,97.0,0.0,0.0,0.0,0.0
1.0,96.0,0.0,3.0,0.0,0.0
1.0,99.0,0.0,0.0,0.0,0.0
2.0,93.0,0.0,5.0,0.0,0.0
1.0,99.0,0.0,0.0,0.0,0.0
2.0,98.0,0.0,0.0,0.0,0.0
2.0,98.0,0.0,0.0,0.0,0.0
3.0,97.0,0.0,0.0,0.0,0.0
2.0,97.0,0.0,1.0,0.0,0.0
1.0,97.0,0.0,2.0,0.0,0.0
2.0,98.0,0.0,0.0,0.0,0.0
1.0,94.0,0.0,5.0,0.0,0.0
1.0,97.0,0.0,2.0,0.0,0.0
1.0,98.0,1.0,0.0,0.0,0.0
1.0,91.0,0.0,8.0,0.0,0.0
1.0,99.0,0.0,0.0,0.0,0.0
1.0,99.0,0.0,0.0,0.0,0.0
1.0,99.0,0.0,0.0,0.0,0.0
3.0,97.0,0.0,0.0,0.0,0.0
4.0,96.0,0.0,0.0,0.0,0.0
2.0,98.0,0.0,0.0,0.0,0.0
1.0,99.0,0.0,0.0,0.0,0.0
1.0,99.0,0.0,0.0,0.0,0.0
4.0,91.0,0.0,5.0,0.0,0.0
1.0,99.0,0.0,0.0,0.0,0.0
1.0,99.0,0.0,0.0,0.0,0.0
1.0,93.0,0.0,6.0,0.0,0.0
1.0,99.0,0.0,0.0,0.0,0.0
1.0,99.0,0.0,0.0,0.0,0.0
5.0,95.0,0.0,0.0,0.0,0.0
2.0,89.0,0.0,9.0,0.0,0.0
3.0,97.0,0.0,0.0,0.0,0.0
1.0,99.0,0.0,0.0,0.0,0.0
1.0,93.0,0.0,6.0,0.0,0.0
1.0,95.0,0.0,4.0,0.0,0.0
1.0,99.0,0.0,0.0,0.0,0.0
1.0,99.0,0.0,0.0,0.0,0.0
1.0,99.0,0.0,0.0,0.0,0.0
2.0,98.0,0.0,0.0,0.0,0.0
3.0,97.0,0.0,0.0,0.0,0.0
1.0,99.0,0.0,0.0,0.0,0.0
2.0,85.0,0.0,13.0,0.0,0.0
1.0,99.0,0.0,0.0,0.0,0.0
1.0,95.0,1.0,3.0,0.0,0.0
5.0,95.0,0.0,0.0,0.0,0.0
1.0,98.0,0.0,1.0,0.0,0.0
2.0,98.0,0.0,0.0,0.0,0.0
1.0,98.0,1.0,0.0,0.0,0.0
2.0,92.0,0.0,6.0,0.0,0.0
1.0,99.0,0.0,0.0,0.0,0.0
8.0,92.0,0.0,0.0,0.0,0.0
2.0,98.0,0.0,0.0,0.0,0.0
1.0,99.0,0.0,0.0,0.0,0.0
5.0,95.0,0.0,0.0,0.0,0.0
3.0,97.0,0.0,0.0,0.0,0.0
2.0,98.0,0.0,0.0,0.0,0.0
2.0,98.0,0.0,0.0,0.0,0.0
3.0,97.0,0.0,0.0,0.0,0.0
4.0,96.0,0.0,0.0,0.0,0.0
3.0,97.0,0.0,0.0,0.0,0.0
6.0,94.0,0.0,0.0,0.0,0.0
1.0,99.0,0.0,0.0,0.0,0.0
1.0,99.0,0.0,0.0,0.0,0.0
1.0,99.0,0.0,0.0,0.0,0.0
1.0,91.0,0.0,8.0,0.0,0.0
2.0,98.0,0.0,0.0,0.0,0.0
1.0,99.0,0.0,0.0,0.0,0.0
2.0,89.0,0.0,9.0,0.0,0.0
2.0,98.0,0.0,0.0,0.0,0.0
1.0,99.0,0.0,0.0,0.0,0.0
2.0,98.0,0.0,0.0,0.0,0.0
2.0,98.0,0.0,0.0,0.0,0.0
1.0,99.0,0.0,0.0,0.0,0.0
2.0,73.0,0.0,25.0,0.0,0.0
1.0,99.0,0.0,0.0,0.0,0.0
2.0,91.0,0.0,7.0,0.0,0.0
1.0,99.0,0.0,0.0,0.0,0.0
1.0,99.0,0.0,0.0,0.0,0.0
1.0,87.0,0.0,12.0,0.0,0.0
1.0,99.0,0.0,0.0,0.0,0.0
1.0,99.0,0.0,0.0,0.0,0.0
1.0,99.0,0.0,0.0,0.0,0.0
1.0,97.0,0.0,2.0,0.0,0.0
2.0,91.0,0.0,7.0,0.0,0.0
1.0,98.0,1.0,0.0,0.0,0.0
1.0,99.0,0.0,0.0,0.0,0.0
1.0,99.0,0.0,0.0,0.0,0.0
4.0,96.0,0.0,0.0,0.0,0.0
1.0,99.0,0.0,0.0,0.0,0.0
2.0,98.0,0.0,0.0,0.0,0.0
3.0,97.0,0.0,0.0,0.0,0.0
8.0,92.0,0.0,0.0,0.0,0.0
4.0,96.0,0.0,0.0,0.0,0.0
1.0,99.0,0.0,0.0,0.0,0.0
3.0,97.0,0.0,0.0,0.0,0.0
3.0,97.0,0.0,0.0,0.0,0.0
2.0,98.0,0.0,0.0,0.0,0.0
3.0,87.0,0.0,10.0,0.0,0.0
2.0,98.0,0.0,0.0,0.0,0.0
6.0,85.0,0.0,9.0,0.0,0.0
1.0,99.0,0.0,0.0,0.0,0.0
1.0,99.0,0.0,0.0,0.0,0.0
1.0,99.0,0.0,0.0,0.0,0.0
1.0,92.0,0.0,7.0,0.0,0.0
1.0,95.0,0.0,4.0,0.0,0.0
1.0,99.0,0.0,0.0,0.0,0.0
1.0,99.0,0.0,0.0,0.0,0.0
1.0,99.0,0.0,0.0,0.0,0.0
2.0,98.0,0.0,0.0,0.0,0.0
1.0,99.0,0.0,0.0,0.0,0.0
1.0,99.0,0.0,0.0,0.0,0.0
1.0,80.0,0.0,19.0,0.0,0.0
1.0,99.0,0.0,0.0,0.0,0.0
1.0,99.0,0.0,0.0,0.0,0.0
2.0,86.0,0.0,12.0,0.0,0.0
2.0,90.0,0.0,8.0,0.0,0.0
3.0,97.0,0.0,0.0,0.0,0.0
2.0,98.0,0.0,0.0,0.0,0.0
3.0,97.0,0.0,0.0,0.0,0.0
2.0,98.0,0.0,0.0,0.0,0.0
4.0,96.0,0.0,0.0,0.0,0.0
3.0,77.0,0.0,20.0,0.0,0.0
1.0,99.0,0.0,0.0,0.0,0.0
2.0,98.0,0.0,0.0,0.0,0.0
2.0,98.0,0.0,0.0,0.0,0.0
1.0,98.0,0.0,1.0,0.0,0.0
1.0,95.0,0.0,4.0,0.0,0.0
1.0,99.0,0.0,0.0,0.0,0.0
3.0,97.0,0.0,0.0,0.0,0.0
1.0,99.0,0.0,0.0,0.0,0.0
2.0,86.0,0.0,12.0,0.0,0.0
1.0,93.0,0.0,6.0,0.0,0.0
1.0,93.0,0.0,6.0,0.0,0.0
7.0,81.0,0.0,12.0,0.0,0.0
2.0,95.0,0.0,3.0,0.0,0.0
1.0,99.0,0.0,0.0,0.0,0.0
1.0,99.0,0.0,0.0,0.0,0.0
2.0,94.0,0.0,4.0,0.0,0.0
1.0,89.0,0.0,10.0,0.0,0.0
1.0,98.0,0.0,1.0,0.0,0.0
3.0,86.0,0.0,11.0,0.0,0.0
2.0,98.0,0.0,0.0,0.0,0.0
1.0,85.0,0.0,14.0,0.0,0.0
5.0,95.0,0.0,0.0,0.0,0.0
1.0,99.0,0.0,0.0,0.0,0.0
3.0,97.0,0.0,0.0,0.0,0.0
1.0,98.0,0.0,1.0,0.0,0.0
1.0,90.0,0.0,9.0,0.0,0.0
4.0,96.0,0.0,0.0,0.0,0.0
1.0,97.0,0.0,2.0,0.0,0.0
2.0,98.0,0.0,0.0,0.0,0.0
3.0,97.0,0.0,0.0,0.0,0.0
1.0,87.0,0.0,12.0,0.0,0.0
1.0,99.0,0.0,0.0,0.0,0.0
1.0,98.0,0.0,1.0,0.0,0.0
3.0,97.0,0.0,0.0,0.0,0.0
1.0,99.0,0.0,0.0,0.0,0.0
10.0,90.0,0.0,0.0,0.0,0.0
1.0,98.0,0.0,1.0,0.0,0.0
2.0,98.0,0.0,0.0,0.0,0.0
1.0,99.0,0.0,0.0,0.0,0.0
1.0,95.0,0.0,4.0,0.0,0.0
1.0,84.0,0.0,15.0,0.0,0.0
1.0,99.0,0.0,0.0,0.0,0.0
1.0,99.0,0.0,0.0,0.0,0.0
2.0,98.0,0.0,0.0,0.0,0.0
1.0,99.0,0.0,0.0,0.0,0.0
1.0,99.0,0.0,0.0,0.0,0.0
1.0,99.0,0.0,0.0,0.0,0.0
1.0,95.0,0.0,4.0,0.0,0.0
2.0,97.0,0.0,1.0,0.0,0.0
1.0,99.0,0.0,0.0,0.0,0.0
2.0,98.0,0.0,0.0,0.0,0.0
1.0,99.0,0.0,0.0,0.0,0.0
3.0,97.0,0.0,0.0,0.0,0.0
1.0,99.0,0.0,0.0,0.0,0.0
1.0,99.0,0.0,0.0,0.0,0.0
1.0,89.0,0.0,10.0,0.0,0.0
1.0,99.0,0.0,0.0,0.0,0.0
4.0,91.0,0.0,5.0,0.0,0.0
3.0,97.0,0.0,0.0,0.0,0.0
2.0,98.0,0.0,0.0,0.0,0.0
2.0,98.0,0.0,0.0,0.0,0.0
1.0,99.0,0.0,0.0,0.0,0.0
1.0,99.0,0.0,0.0,0.0,0.0
2.0,98.0,0.0,0.0,0.0,0.0
1.0,96.0,0.0,3.0,0.0,0.0
1.0,99.0,0.0,0.0,0.0,0.0
2.0,95.0,0.0,3.0,0.0,0.0
1.0,99.0,0.0,0.0,0.0,0.0
2.0,98.0,0.0,0.0,0.0,0.0
2.0,98.0,0.0,0.0,0.0,0.0
2.0,97.0,0.0,1.0,0.0,0.0
2.0,98.0,0.0,0.0,0.0,0.0
1.0,99.0,0.0,0.0,0.0,0.0
1.0,98.0,0.0,1.0,0.0,0.0
1.0,89.0,1.0,9.0,0.0,0.0
1.0,99.0,0.0,0.0,0.0,0.0
2.0,98.0,0.0,0.0,0.0,0.0
1.0,99.0,0.0,0.0,0.0,0.0
2.0,98.0,0.0,0.0,0.0,0.0
2.0,95.0,0.0,3.0,0.0,0.0
1.0,97.0,0.0,2.0,0.0,0.0
1.0,99.0,0.0,0.0,0.0,0.0
1.0,99.0,0.0,0.0,0.0,0.0
1.0,99.0,0.0,0.0,0.0,0.0
1.0,91.0,0.0,8.0,0.0,0.0
3.0,97.0,0.0,0.0,0.0,0.0
2.0,87.0,0.0,11.0,0.0,0.0
3.0,97.0,0.0,0.0,0.0,0.0
1.0,93.0,0.0,6.0,0.0,0.0
2.0,50.0,0.0,3.0,45.0,0.0
1.0,99.0,0.0,0.0,0.0,0.0
1.0,98.0,0.0,1.0,0.0,0.0
1.0,99.0,0.0,0.0,0.0,0.0
5.0,95.0,0.0,0.0,0.0,0.0
1.0,99.0,0.0,0.0,0.0,0.0
8.0,89.0,0.0,3.0,0.0,0.0
1.0,99.0,0.0,0.0,0.0,0.0
1.0,96.0,0.0,3.0,0.0,0.0
1.0,94.0,0.0,5.0,0.0,0.0
3.0,90.0,0.0,7.0,0.0,0.0
1.0,99.0,0.0,0.0,0.0,0.0
1.0,99.0,0.0,0.0,0.0,0.0
1.0,84.0,0.0,15.0,0.0,0.0
1.0,97.0,1.0,1.0,0.0,0.0
2.0,98.0,0.0,0.0,0.0,0.0
1.0,97.0,0.0,2.0,0.0,0.0
2.0,98.0,0.0,0.0,0.0,0.0
2.0,98.0,0.0,0.0,0.0,0.0
3.0,97.0,0.0,0.0,0.0,0.0
1.0,97.0,0.0,2.0,0.0,0.0
3.0,97.0,0.0,0.0,0.0,0.0
1.0,99.0,0.0,0.0,0.0,0.0
1.0,99.0,0.0,0.0,0.0,0.0
1.0,99.0,0.0,0.0,0.0,0.0
1.0,99.0,0.0,0.0,0.0,0.0
1.0,99.0,0.0,0.0,0.0,0.0
1.0,99.0,0.0,0.0,0.0,0.0
1.0,95.0,0.0,4.0,0.0,0.0
1.0,93.0,0.0,6.0,0.0,0.0
1.0,99.0,0.0,0.0,0.0,0.0
1.0,99.0,0.0,0.0,0.0,0.0
1.0,99.0,0.0,0.0,0.0,0.0
1.0,99.0,0.0,0.0,0.0,0.0
1.0,94.0,0.0,5.0,0.0,0.0
1.0,99.0,0.0,0.0,0.0,0.0
1.0,99.0,0.0,0.0,0.0,0.0
2.0,98.0,0.0,0.0,0.0,0.0
2.0,98.0,0.0,0.0,0.0,0.0
1.0,99.0,0.0,0.0,0.0,0.0
1.0,96.0,0.0,3.0,0.0,0.0
1.0,98.0,0.0,1.0,0.0,0.0
1.0,99.0,0.0,0.0,0.0,0.0
1.0,99.0,0.0,0.0,0.0,0.0
1.0,99.0,0.0,0.0,0.0,0.0
1.0,95.0,0.0,4.0,0.0,0.0
1.0,99.0,0.0,0.0,0.0,0.0
1.0,86.0,0.0,13.0,0.0,0.0
1.0,95.0,0.0,4.0,0.0,0.0
1.0,99.0,0.0,0.0,0.0,0.0
3.0,97.0,0.0,0.0,0.0,0.0
3.0,97.0,0.0,0.0,0.0,0.0
2.0,98.0,0.0,0.0,0.0,0.0
1.0,99.0,0.0,0.0,0.0,0.0
1.0,99.0,0.0,0.0,0.0,0.0
1.0,90.0,0.0,9.0,0.0,0.0
2.0,98.0,0.0,0.0,0.0,0.0
1.0,99.0,0.0,0.0,0.0,0.0
1.0,99.0,0.0,0.0,0.0,0.0
1.0,99.0,0.0,0.0,0.0,0.0
1.0,99.0,0.0,0.0,0.0,0.0
1.0,99.0,0.0,0.0,0.0,0.0
4.0,96.0,0.0,0.0,0.0,0.0
7.0,93.0,0.0,0.0,0.0,0.0
2.0,95.0,0.0,3.0,0.0,0.0
3.0,82.0,0.0,15.0,0.0,0.0
1.0,99.0,0.0,0.0,0.0,0.0
2.0,98.0,0.0,0.0,0.0,0.0
1.0,99.0,0.0,0.0,0.0,0.0
1.0,94.0,0.0,5.0,0.0,0.0
5.0,92.0,0.0,3.0,0.0,0.0
1.0,73.0,0.0,26.0,0.0,0.0
1.0,99.0,0.0,0.0,0.0,0.0
3.0,96.0,0.0,1.0,0.0,0.0
1.0,99.0,0.0,0.0,0.0,0.0
6.0,94.0,0.0,0.0,0.0,0.0
1.0,99.0,0.0,0.0,0.0,0.0
3.0,96.0,1.0,0.0,0.0,0.0
1.0,99.0,0.0,0.0,0.0,0.0
1.0,99.0,0.0,0.0,0.0,0.0
2.0,98.0,0.0,0.0,0.0,0.0
1.0,99.0,0.0,0.0,0.0,0.0
1.0,99.0,0.0,0.0,0.0,0.0
1.0,98.0,0.0,1.0,0.0,0.0
1.0,99.0,0.0,0.0,0.0,0.0
1.0,99.0,0.0,0.0,0.0,0.0
3.0,97.0,0.0,0.0,0.0,0.0
1.0,99.0,0.0,0.0,0.0,0.0
1.0,99.0,0.0,0.0,0.0,0.0
1.0,94.0,0.0,5.0,0.0,0.0
4.0,96.0,0.0,0.0,0.0,0.0
1.0,99.0,0.0,0.0,0.0,0.0
1.0,88.0,0.0,11.0,0.0,0.0
1.0,91.0,0.0,8.0,0.0,0.0
2.0,98.0,0.0,0.0,0.0,0.0
7.0,66.0,0.0,27.0,0.0,0.0
3.0,97.0,0.0,0.0,0.0,0.0
1.0,84.0,0.0,15.0,0.0,0.0
1.0,99.0,0.0,0.0,0.0,0.0
1.0,99.0,0.0,0.0,0.0,0.0
2.0,91.0,0.0,7.0,0.0,0.0
2.0,96.0,0.0,2.0,0.0,0.0
1.0,93.0,0.0,6.0,0.0,0.0
1.0,97.0,0.0,2.0,0.0,0.0
5.0,94.0,0.0,1.0,0.0,0.0
1.0,95.0,0.0,4.0,0.0,0.0
2.0,98.0,0.0,0.0,0.0,0.0
1.0,99.0,0.0,0.0,0.0,0.0
1.0,98.0,0.0,1.0,0.0,0.0
2.0,98.0,0.0,0.0,0.0,0.0
2.0,96.0,0.0,2.0,0.0,0.0
1.0,97.0,0.0,2.0,0.0,0.0
2.0,94.0,0.0,4.0,0.0,0.0
2.0,98.0,0.0,0.0,0.0,0.0
1.0,99.0,0.0,0.0,0.0,0.0
1.0,95.0,0.0,4.0,0.0,0.0
1.0,92.0,0.0,7.0,0.0,0.0
2.0,98.0,0.0,0.0,0.0,0.0
1.0,91.0,0.0,8.0,0.0,0.0
2.0,98.0,0.0,0.0,0.0,0.0
2.0,98.0,0.0,0.0,0.0,0.0
1.0,99.0,0.0,0.0,0.0,0.0
1.0,99.0,0.0,0.0,0.0,0.0
1.0,99.0,0.0,0.0,0.0,0.0
4.0,96.0,0.0,0.0,0.0,0.0
2.0,98.0,0.0,0.0,0.0,0.0
1.0,99.0,0.0,0.0,0.0,0.0
1.0,99.0,0.0,0.0,0.0,0.0
1.0,99.0,0.0,0.0,0.0,0.0
1.0,76.0,0.0,23.0,0.0,0.0
1.0,99.0,0.0,0.0,0.0,0.0
2.0,94.0,0.0,4.0,0.0,0.0
1.0,98.0,0.0,1.0,0.0,0.0
1.0,99.0,0.0,0.0,0.0,0.0
1.0,99.0,0.0,0.0,0.0,0.0
1.0,99.0,0.0,0.0,0.0,0.0
5.0,95.0,0.0,0.0,0.0,0.0
1.0,83.0,0.0,16.0,0.0,0.0
2.0,98.0,0.0,0.0,0.0,0.0
1.0,96.0,0.0,3.0,0.0,0.0
2.0,95.0,0.0,3.0,0.0,0.0
1.0,99.0,0.0,0.0,0.0,0.0
4.0,95.0,0.0,1.0,0.0,0.0
4.0,96.0,0.0,0.0,0.0,0.0
1.0,98.0,0.0,1.0,0.0,0.0
1.0,99.0,0.0,0.0,0.0,0.0
1.0,98.0,0.0,1.0,0.0,0.0
1.0,98.0,0.0,1.0,0.0,0.0
1.0,73.0,0.0,26.0,0.0,0.0
1.0,95.0,0.0,4.0,0.0,0.0
1.0,86.0,0.0,13.0,0.0,0.0
3.0,97.0,0.0,0.0,0.0,0.0
2.0,96.0,0.0,2.0,0.0,0.0
1.0,85.0,0.0,14.0,0.0,0.0
2.0,82.0,0.0,16.0,0.0,0.0
1.0,99.0,0.0,0.0,0.0,0.0
7.0,93.0,0.0,0.0,0.0,0.0
1.0,99.0,0.0,0.0,0.0,0.0
1.0,76.0,0.0,23.0,0.0,0.0
1.0,90.0,0.0,9.0,0.0,0.0
2.0,0.0,41.0,2.0,0.0,0.0
1.0,99.0,0.0,0.0,0.0,0.0
1.0,99.0,0.0,0.0,0.0,0.0
5.0,93.0,0.0,2.0,0.0,0.0
1.0,99.0,0.0,0.0,0.0,0.0
1.0,94.0,0.0,5.0,0.0,0.0
1.0,95.0,0.0,4.0,0.0,0.0
1.0,94.0,0.0,5.0,0.0,0.0
1.0,81.0,0.0,18.0,0.0,0.0
1.0,99.0,0.0,0.0,0.0,0.0
2.0,98.0,0.0,0.0,0.0,0.0
2.0,98.0,0.0,0.0,0.0,0.0
1.0,99.0,0.0,0.0,0.0,0.0
1.0,93.0,0.0,6.0,0.0,0.0
1.0,95.0,0.0,4.0,0.0,0.0
2.0,98.0,0.0,0.0,0.0,0.0
5.0,95.0,0.0,0.0,0.0,0.0
1.0,94.0,0.0,5.0,0.0,0.0
1.0,91.0,0.0,8.0,0.0,0.0
2.0,95.0,0.0,3.0,0.0,0.0
3.0,89.0,0.0,8.0,0.0,0.0
2.0,95.0,0.0,3.0,0.0,0.0
1.0,90.0,0.0,9.0,0.0,0.0
2.0,98.0,0.0,0.0,0.0,0.0
1.0,99.0,0.0,0.0,0.0,0.0
1.0,99.0,0.0,0.0,0.0,0.0
1.0,99.0,0.0,0.0,0.0,0.0
1.0,86.0,0.0,13.0,0.0,0.0
2.0,98.0,0.0,0.0,0.0,0.0
1.0,92.0,0.0,7.0,0.0,0.0
2.0,92.0,0.0,6.0,0.0,0.0
1.0,95.0,0.0,4.0,0.0,0.0
1.0,99.0,0.0,0.0,0.0,0.0
2.0,98.0,0.0,0.0,0.0,0.0
1.0,98.0,0.0,1.0,0.0,0.0
7.0,93.0,0.0,0.0,0.0,0.0
3.0,97.0,0.0,0.0,0.0,0.0
4.0,96.0,0.0,0.0,0.0,0.0
7.0,93.0,0.0,0.0,0.0,0.0
3.0,91.0,0.0,6.0,0.0,0.0
2.0,98.0,0.0,0.0,0.0,0.0
1.0,99.0,0.0,0.0,0.0,0.0
1.0,97.0,0.0,2.0,0.0,0.0
2.0,94.0,0.0,4.0,0.0,0.0
4.0,96.0,0.0,0.0,0.0,0.0
1.0,99.0,0.0,0.0,0.0,0.0
1.0,99.0,0.0,0.0,0.0,0.0
2.0,97.0,0.0,1.0,0.0,0.0
1.0,97.0,0.0,2.0,0.0,0.0
2.0,98.0,0.0,0.0,0.0,0.0
1.0,99.0,0.0,0.0,0.0,0.0
2.0,94.0,0.0,4.0,0.0,0.0
1.0,84.0,0.0,15.0,0.0,0.0
2.0,96.0,0.0,2.0,0.0,0.0
1.0,99.0,0.0,0.0,0.0,0.0
2.0,98.0,0.0,0.0,0.0,0.0
1.0,99.0,0.0,0.0,0.0,0.0
3.0,96.0,1.0,0.0,0.0,0.0
1.0,99.0,0.0,0.0,0.0,0.0
3.0,97.0,0.0,0.0,0.0,0.0
1.0,99.0,0.0,0.0,0.0,0.0
4.0,79.0,0.0,17.0,0.0,0.0
1.0,97.0,0.0,2.0,0.0,0.0
2.0,69.0,0.0,29.0,0.0,0.0
1.0,99.0,0.0,0.0,0.0,0.0
1.0,99.0,0.0,0.0,0.0,0.0
1.0,91.0,0.0,8.0,0.0,0.0
1.0,99.0,0.0,0.0,0.0,0.0
1.0,99.0,0.0,0.0,0.0,0.0
1.0,83.0,0.0,16.0,0.0,0.0
1.0,89.0,0.0,10.0,0.0,0.0
2.0,95.0,0.0,3.0,0.0,0.0
4.0,96.0,0.0,0.0,0.0,0.0
2.0,95.0,0.0,3.0,0.0,0.0
2.0,98.0,0.0,0.0,0.0,0.0
2.0,94.0,0.0,4.0,0.0,0.0
3.0,96.0,0.0,1.0,0.0,0.0
2.0,97.0,0.0,1.0,0.0,0.0
1.0,90.0,0.0,9.0,0.0,0.0
3.0,96.0,0.0,1.0,0.0,0.0
1.0,99.0,0.0,0.0,0.0,0.0
5.0,95.0,0.0,0.0,0.0,0.0
2.0,98.0,0.0,0.0,0.0,0.0
4.0,91.0,0.0,5.0,0.0,0.0
1.0,99.0,0.0,0.0,0.0,0.0
1.0,96.0,0.0,3.0,0.0,0.0
1.0,89.0,0.0,10.0,0.0,0.0
2.0,98.0,0.0,0.0,0.0,0.0
2.0,98.0,0.0,0.0,0.0,0.0
1.0,99.0,0.0,0.0,0.0,0.0
1.0,99.0,0.0,0.0,0.0,0.0
1.0,97.0,1.0,1.0,0.0,0.0
1.0,99.0,0.0,0.0,0.0,0.0
2.0,98.0,0.0,0.0,0.0,0.0
1.0,99.0,0.0,0.0,0.0,0.0
1.0,96.0,0.0,3.0,0.0,0.0
4.0,84.0,0.0,12.0,0.0,0.0
1.0,97.0,0.0,2.0,0.0,0.0
1.0,87.0,0.0,12.0,0.0,0.0
4.0,96.0,0.0,0.0,0.0,0.0
5.0,95.0,0.0,0.0,0.0,0.0
1.0,99.0,0.0,0.0,0.0,0.0
4.0,96.0,0.0,0.0,0.0,0.0
1.0,99.0,0.0,0.0,0.0,0.0
1.0,99.0,0.0,0.0,0.0,0.0
3.0,97.0,0.0,0.0,0.0,0.0
1.0,99.0,0.0,0.0,0.0,0.0
1.0,99.0,0.0,0.0,0.0,0.0
1.0,99.0,0.0,0.0,0.0,0.0
1.0,86.0,0.0,13.0,0.0,0.0
1.0,99.0,0.0,0.0,0.0,0.0
4.0,96.0,0.0,0.0,0.0,0.0
3.0,88.0,0.0,9.0,0.0,0.0
3.0,88.0,0.0,9.0,0.0,0.0
1.0,99.0,0.0,0.0,0.0,0.0
6.0,94.0,0.0,0.0,0.0,0.0
1.0,99.0,0.0,0.0,0.0,0.0
1.0,99.0,0.0,0.0,0.0,0.0
1.0,89.0,0.0,10.0,0.0,0.0
1.0,98.0,0.0,1.0,0.0,0.0
2.0,97.0,0.0,1.0,0.0,0.0
1.0,98.0,0.0,1.0,0.0,0.0
1.0,88.0,0.0,11.0,0.0,0.0
1.0,99.0,0.0,0.0,0.0,0.0
1.0,99.0,0.0,0.0,0.0,0.0
1.0,99.0,0.0,0.0,0.0,0.0
4.0,96.0,0.0,0.0,0.0,0.0
1.0,99.0,0.0,0.0,0.0,0.0
1.0,99.0,0.0,0.0,0.0,0.0
1.0,99.0,0.0,0.0,0.0,0.0
2.0,98.0,0.0,0.0,0.0,0.0
1.0,99.0,0.0,0.0,0.0,0.0
1.0,99.0,0.0,0.0,0.0,0.0
1.0,99.0,0.0,0.0,0.0,0.0
3.0,95.0,0.0,2.0,0.0,0.0
1.0,98.0,0.0,1.0,0.0,0.0
2.0,83.0,0.0,15.0,0.0,0.0
1.0,96.0,0.0,3.0,0.0,0.0
4.0,77.0,0.0,19.0,0.0,0.0
2.0,93.0,0.0,5.0,0.0,0.0
1.0,99.0,0.0,0.0,0.0,0.0
1.0,99.0,0.0,0.0,0.0,0.0
1.0,97.0,0.0,2.0,0.0,0.0
1.0,99.0,0.0,0.0,0.0,0.0
2.0,98.0,0.0,0.0,0.0,0.0
1.0,99.0,0.0,0.0,0.0,0.0
2.0,97.0,1.0,0.0,0.0,0.0
3.0,97.0,0.0,0.0,0.0,0.0
2.0,98.0,0.0,0.0,0.0,0.0
2.0,98.0,0.0,0.0,0.0,0.0
4.0,91.0,0.0,5.0,0.0,0.0
1.0,99.0,0.0,0.0,0.0,0.0
2.0,98.0,0.0,0.0,0.0,0.0
1.0,99.0,0.0,0.0,0.0,0.0
2.0,98.0,0.0,0.0,0.0,0.0
1.0,99.0,0.0,0.0,0.0,0.0
1.0,99.0,0.0,0.0,0.0,0.0
2.0,98.0,0.0,0.0,0.0,0.0
1.0,99.0,0.0,0.0,0.0,0.0
1.0,99.0,0.0,0.0,0.0,0.0
1.0,99.0,0.0,0.0,0.0,0.0
2.0,98.0,0.0,0.0,0.0,0.0
1.0,99.0,0.0,0.0,0.0,0.0
6.0,94.0,0.0,0.0,0.0,0.0
2.0,94.0,0.0,4.0,0.0,0.0
1.0,99.0,0.0,0.0,0.0,0.0
3.0,97.0,0.0,0.0,0.0,0.0
1.0,99.0,0.0,0.0,0.0,0.0
1.0,98.0,0.0,1.0,0.0,0.0
4.0,96.0,0.0,0.0,0.0,0.0
1.0,99.0,0.0,0.0,0.0,0.0
1.0,99.0,0.0,0.0,0.0,0.0
2.0,97.0,1.0,0.0,0.0,0.0
1.0,91.0,0.0,8.0,0.0,0.0
3.0,97.0,0.0,0.0,0.0,0.0
2.0,95.0,1.0,2.0,0.0,0.0
2.0,98.0,0.0,0.0,0.0,0.0
3.0,97.0,0.0,0.0,0.0,0.0
1.0,99.0,0.0,0.0,0.0,0.0
1.0,99.0,0.0,0.0,0.0,0.0
1.0,89.0,0.0,10.0,0.0,0.0
1.0,87.0,0.0,12.0,0.0,0.0
1.0,98.0,0.0,1.0,0.0,0.0
2.0,91.0,0.0,7.0,0.0,0.0
1.0,99.0,0.0,0.0,0.0,0.0
1.0,92.0,0.0,7.0,0.0,0.0
1.0,97.0,0.0,2.0,0.0,0.0
1.0,99.0,0.0,0.0,0.0,0.0
1.0,99.0,0.0,0.0,0.0,0.0
2.0,98.0,0.0,0.0,0.0,0.0
1.0,99.0,0.0,0.0,0.0,0.0
3.0,97.0,0.0,0.0,0.0,0.0
1.0,82.0,0.0,17.0,0.0,0.0
1.0,99.0,0.0,0.0,0.0,0.0
1.0,99.0,0.0,0.0,0.0,0.0
5.0,83.0,0.0,12.0,0.0,0.0
1.0,99.0,0.0,0.0,0.0,0.0
2.0,98.0,0.0,0.0,0.0,0.0
4.0,96.0,0.0,0.0,0.0,0.0
1.0,99.0,0.0,0.0,0.0,0.0
2.0,98.0,0.0,0.0,0.0,0.0
2.0,98.0,0.0,0.0,0.0,0.0
1.0,99.0,0.0,0.0,0.0,0.0
3.0,87.0,0.0,10.0,0.0,0.0
2.0,98.0,0.0,0.0,0.0,0.0
1.0,99.0,0.0,0.0,0.0,0.0
1.0,96.0,0.0,3.0,0.0,0.0
2.0,98.0,0.0,0.0,0.0,0.0
2.0,98.0,0.0,0.0,0.0,0.0
3.0,97.0,0.0,0.0,0.0,0.0
1.0,99.0,0.0,0.0,0.0,0.0
3.0,78.0,0.0,19.0,0.0,0.0
2.0,98.0,0.0,0.0,0.0,0.0
1.0,99.0,0.0,0.0,0.0,0.0
1.0,99.0,0.0,0.0,0.0,0.0
2.0,96.0,0.0,2.0,0.0,0.0
2.0,98.0,0.0,0.0,0.0,0.0
1.0,90.0,0.0,9.0,0.0,0.0
2.0,98.0,0.0,0.0,0.0,0.0
4.0,96.0,0.0,0.0,0.0,0.0
1.0,94.0,0.0,5.0,0.0,0.0
2.0,98.0,0.0,0.0,0.0,0.0
1.0,99.0,0.0,0.0,0.0,0.0
1.0,99.0,0.0,0.0,0.0,0.0
3.0,91.0,0.0,6.0,0.0,0.0
1.0,99.0,0.0,0.0,0.0,0.0
1.0,86.0,0.0,13.0,0.0,0.0
1.0,66.0,0.0,33.0,0.0,0.0
4.0,96.0,0.0,0.0,0.0,0.0
1.0,99.0,0.0,0.0,0.0,0.0
1.0,99.0,0.0,0.0,0.0,0.0
1.0,95.0,0.0,4.0,0.0,0.0
3.0,97.0,0.0,0.0,0.0,0.0
2.0,98.0,0.0,0.0,0.0,0.0
2.0,70.0,0.0,28.0,0.0,0.0
1.0,99.0,0.0,0.0,0.0,0.0
1.0,99.0,0.0,0.0,0.0,0.0
1.0,99.0,0.0,0.0,0.0,0.0
1.0,99.0,0.0,0.0,0.0,0.0
2.0,98.0,0.0,0.0,0.0,0.0
1.0,99.0,0.0,0.0,0.0,0.0
1.0,99.0,0.0,0.0,0.0,0.0
3.0,95.0,0.0,2.0,0.0,0.0
1.0,86.0,0.0,13.0,0.0,0.0
4.0,69.0,0.0,27.0,0.0,0.0
1.0,97.0,0.0,2.0,0.0,0.0
1.0,88.0,0.0,11.0,0.0,0.0
1.0,99.0,0.0,0.0,0.0,0.0
2.0,94.0,0.0,4.0,0.0,0.0
1.0,95.0,0.0,4.0,0.0,0.0
1.0,99.0,0.0,0.0,0.0,0.0
2.0,98.0,0.0,0.0,0.0,0.0
1.0,92.0,0.0,7.0,0.0,0.0
1.0,99.0,0.0,0.0,0.0,0.0
4.0,96.0,0.0,0.0,0.0,0.0
3.0,96.0,1.0,0.0,0.0,0.0
2.0,91.0,0.0,7.0,0.0,0.0
2.0,98.0,0.0,0.0,0.0,0.0
1.0,64.0,0.0,35.0,0.0,0.0
1.0,99.0,0.0,0.0,0.0,0.0
1.0,99.0,0.0,0.0,0.0,0.0
3.0,97.0,0.0,0.0,0.0,0.0
2.0,88.0,0.0,10.0,0.0,0.0
3.0,97.0,0.0,0.0,0.0,0.0
1.0,97.0,0.0,2.0,0.0,0.0
8.0,74.0,0.0,18.0,0.0,0.0
1.0,99.0,0.0,0.0,0.0,0.0
2.0,98.0,0.0,0.0,0.0,0.0
1.0,88.0,0.0,11.0,0.0,0.0
1.0,99.0,0.0,0.0,0.0,0.0
1.0,99.0,0.0,0.0,0.0,0.0
4.0,96.0,0.0,0.0,0.0,0.0
4.0,96.0,0.0,0.0,0.0,0.0
2.0,96.0,0.0,2.0,0.0,0.0
1.0,99.0,0.0,0.0,0.0,0.0
1.0,99.0,0.0,0.0,0.0,0.0
4.0,96.0,0.0,0.0,0.0,0.0
1.0,99.0,0.0,0.0,0.0,0.0
2.0,98.0,0.0,0.0,0.0,0.0
2.0,94.0,0.0,4.0,0.0,0.0
2.0,98.0,0.0,0.0,0.0,0.0
2.0,98.0,0.0,0.0,0.0,0.0
1.0,89.0,0.0,10.0,0.0,0.0
1.0,99.0,0.0,0.0,0.0,0.0
1.0,83.0,0.0,16.0,0.0,0.0
2.0,98.0,0.0,0.0,0.0,0.0
3.0,88.0,0.0,9.0,0.0,0.0
1.0,87.0,0.0,12.0,0.0,0.0
1.0,99.0,0.0,0.0,0.0,0.0
1.0,93.0,0.0,6.0,0.0,0.0
1.0,99.0,0.0,0.0,0.0,0.0
2.0,96.0,0.0,2.0,0.0,0.0
2.0,98.0,0.0,0.0,0.0,0.0
3.0,94.0,0.0,3.0,0.0,0.0
1.0,99.0,0.0,0.0,0.0,0.0
1.0,95.0,0.0,4.0,0.0,0.0
3.0,97.0,0.0,0.0,0.0,0.0
1.0,99.0,0.0,0.0,0.0,0.0
2.0,98.0,0.0,0.0,0.0,0.0
1.0,89.0,0.0,10.0,0.0,0.0
2.0,90.0,0.0,8.0,0.0,0.0
3.0,94.0,0.0,3.0,0.0,0.0
1.0,99.0,0.0,0.0,0.0,0.0
2.0,98.0,0.0,0.0,0.0,0.0
3.0,97.0,0.0,0.0,0.0,0.0
1.0,99.0,0.0,0.0,0.0,0.0
3.0,97.0,0.0,0.0,0.0,0.0
1.0,99.0,0.0,0.0,0.0,0.0
1.0,95.0,0.0,4.0,0.0,0.0
1.0,99.0,0.0,0.0,0.0,0.0
2.0,97.0,0.0,1.0,0.0,0.0
1.0,86.0,0.0,13.0,0.0,0.0
3.0,97.0,0.0,0.0,0.0,0.0
1.0,99.0,0.0,0.0,0.0,0.0
4.0,96.0,0.0,0.0,0.0,0.0
1.0,99.0,0.0,0.0,0.0,0.0
1.0,99.0,0.0,0.0,0.0,0.0
2.0,96.0,0.0,2.0,0.0,0.0
4.0,96.0,0.0,0.0,0.0,0.0
3.0,93.0,0.0,4.0,0.0,0.0
2.0,98.0,0.0,0.0,0.0,0.0
1.0,99.0,0.0,0.0,0.0,0.0
1.0,81.0,0.0,18.0,0.0,0.0
1.0,99.0,0.0,0.0,0.0,0.0
3.0,96.0,0.0,1.0,0.0,0.0
1.0,81.0,0.0,18.0,0.0,0.0
1.0,99.0,0.0,0.0,0.0,0.0
1.0,99.0,0.0,0.0,0.0,0.0
2.0,98.0,0.0,0.0,0.0,0.0
1.0,91.0,0.0,8.0,0.0,0.0
2.0,98.0,0.0,0.0,0.0,0.0
1.0,99.0,0.0,0.0,0.0,0.0
5.0,95.0,0.0,0.0,0.0,0.0
4.0,95.0,0.0,1.0,0.0,0.0
1.0,99.0,0.0,0.0,0.0,0.0
6.0,90.0,0.0,4.0,0.0,0.0
2.0,98.0,0.0,0.0,0.0,0.0
2.0,98.0,0.0,0.0,0.0,0.0
1.0,99.0,0.0,0.0,0.0,0.0
2.0,98.0,0.0,0.0,0.0,0.0
1.0,99.0,0.0,0.0,0.0,0.0
1.0,79.0,0.0,20.0,0.0,0.0
1.0,99.0,0.0,0.0,0.0,0.0
1.0,99.0,0.0,0.0,0.0,0.0
1.0,71.0,0.0,28.0,0.0,0.0
2.0,98.0,0.0,0.0,0.0,0.0
3.0,97.0,0.0,0.0,0.0,0.0
1.0,90.0,0.0,9.0,0.0,0.0
1.0,97.0,0.0,2.0,0.0,0.0
1.0,99.0,0.0,0.0,0.0,0.0
1.0,99.0,0.0,0.0,0.0,0.0
1.0,93.0,0.0,6.0,0.0,0.0
1.0,99.0,0.0,0.0,0.0,0.0
3.0,97.0,0.0,0.0,0.0,0.0
1.0,99.0,0.0,0.0,0.0,0.0
1.0,96.0,0.0,3.0,0.0,0.0
1.0,99.0,0.0,0.0,0.0,0.0
2.0,91.0,0.0,7.0,0.0,0.0
2.0,98.0,0.0,0.0,0.0,0.0
2.0,98.0,0.0,0.0,0.0,0.0
1.0,99.0,0.0,0.0,0.0,0.0
3.0,97.0,0.0,0.0,0.0,0.0
2.0,98.0,0.0,0.0,0.0,0.0
3.0,97.0,0.0,0.0,0.0,0.0
4.0,96.0,0.0,0.0,0.0,0.0
2.0,98.0,0.0,0.0,0.0,0.0
1.0,99.0,0.0,0.0,0.0,0.0
2.0,98.0,0.0,0.0,0.0,0.0
1.0,99.0,0.0,0.0,0.0,0.0
1.0,83.0,0.0,16.0,0.0,0.0
1.0,99.0,0.0,0.0,0.0,0.0
3.0,95.0,0.0,2.0,0.0,0.0
3.0,89.0,0.0,8.0,0.0,0.0
1.0,99.0,0.0,0.0,0.0,0.0
1.0,99.0,0.0,0.0,0.0,0.0
2.0,98.0,0.0,0.0,0.0,0.0
1.0,99.0,0.0,0.0,0.0,0.0
2.0,88.0,0.0,10.0,0.0,0.0
1.0,99.0,0.0,0.0,0.0,0.0
1.0,99.0,0.0,0.0,0.0,0.0
3.0,97.0,0.0,0.0,0.0,0.0
1.0,95.0,0.0,4.0,0.0,0.0
1.0,99.0,0.0,0.0,0.0,0.0
2.0,98.0,0.0,0.0,0.0,0.0
2.0,98.0,0.0,0.0,0.0,0.0
1.0,99.0,0.0,0.0,0.0,0.0
1.0,99.0,0.0,0.0,0.0,0.0
1.0,99.0,0.0,0.0,0.0,0.0
2.0,96.0,0.0,2.0,0.0,0.0
3.0,97.0,0.0,0.0,0.0,0.0
1.0,99.0,0.0,0.0,0.0,0.0
1.0,99.0,0.0,0.0,0.0,0.0
2.0,98.0,0.0,0.0,0.0,0.0
1.0,99.0,0.0,0.0,0.0,0.0
1.0,81.0,0.0,18.0,0.0,0.0
2.0,98.0,0.0,0.0,0.0,0.0
2.0,98.0,0.0,0.0,0.0,0.0
1.0,99.0,0.0,0.0,0.0,0.0
1.0,78.0,0.0,21.0,0.0,0.0
1.0,99.0,0.0,0.0,0.0,0.0
1.0,93.0,0.0,6.0,0.0,0.0
1.0,99.0,0.0,0.0,0.0,0.0
2.0,89.0,0.0,9.0,0.0,0.0
2.0,98.0,0.0,0.0,0.0,0.0
1.0,99.0,0.0,0.0,0.0,0.0
1.0,99.0,0.0,0.0,0.0,0.0
1.0,99.0,0.0,0.0,0.0,0.0
1.0,99.0,0.0,0.0,0.0,0.0
1.0,83.0,0.0,16.0,0.0,0.0
1.0,99.0,0.0,0.0,0.0,0.0
2.0,98.0,0.0,0.0,0.0,0.0
2.0,98.0,0.0,0.0,0.0,0.0
2.0,98.0,0.0,0.0,0.0,0.0
2.0,98.0,0.0,0.0,0.0,0.0
1.0,0.0,0.0,0.0,0.0,0.0
3.0,97.0,0.0,0.0,0.0,0.0
2.0,98.0,0.0,0.0,0.0,0.0
1.0,99.0,0.0,0.0,0.0,0.0
1.0,99.0,0.0,0.0,0.0,0.0
2.0,92.0,0.0,6.0,0.0,0.0
2.0,91.0,0.0,7.0,0.0,0.0
3.0,89.0,0.0,8.0,0.0,0.0
2.0,98.0,0.0,0.0,0.0,0.0
1.0,89.0,1.0,9.0,0.0,0.0
3.0,82.0,0.0,15.0,0.0,0.0
3.0,97.0,0.0,0.0,0.0,0.0
2.0,95.0,0.0,3.0,0.0,0.0
1.0,99.0,0.0,0.0,0.0,0.0
1.0,99.0,0.0,0.0,0.0,0.0
1.0,99.0,0.0,0.0,0.0,0.0
1.0,99.0,0.0,0.0,0.0,0.0
1.0,99.0,0.0,0.0,0.0,0.0
1.0,99.0,0.0,0.0,0.0,0.0
1.0,94.0,0.0,5.0,0.0,0.0
1.0,99.0,0.0,0.0,0.0,0.0
2.0,98.0,0.0,0.0,0.0,0.0
2.0,68.0,0.0,30.0,0.0,0.0
3.0,97.0,0.0,0.0,0.0,0.0
1.0,99.0,0.0,0.0,0.0,0.0
3.0,83.0,0.0,14.0,0.0,0.0
1.0,99.0,0.0,0.0,0.0,0.0
1.0,99.0,0.0,0.0,0.0,0.0
1.0,99.0,0.0,0.0,0.0,0.0
3.0,97.0,0.0,0.0,0.0,0.0
1.0,99.0,0.0,0.0,0.0,0.0
1.0,97.0,0.0,2.0,0.0,0.0
1.0,96.0,0.0,3.0,0.0,0.0
1.0,99.0,0.0,0.0,0.0,0.0
1.0,93.0,0.0,6.0,0.0,0.0
1.0,93.0,0.0,6.0,0.0,0.0
1.0,85.0,0.0,14.0,0.0,0.0
1.0,99.0,0.0,0.0,0.0,0.0
2.0,98.0,0.0,0.0,0.0,0.0
1.0,99.0,0.0,0.0,0.0,0.0
2.0,96.0,0.0,2.0,0.0,0.0
1.0,99.0,0.0,0.0,0.0,0.0
1.0,99.0,0.0,0.0,0.0,0.0
1.0,99.0,0.0,0.0,0.0,0.0
2.0,98.0,0.0,0.0,0.0,0.0
3.0,97.0,0.0,0.0,0.0,0.0
1.0,99.0,0.0,0.0,0.0,0.0
2.0,98.0,0.0,0.0,0.0,0.0
1.0,84.0,0.0,15.0,0.0,0.0
1.0,99.0,0.0,0.0,0.0,0.0
1.0,99.0,0.0,0.0,0.0,0.0
2.0,98.0,0.0,0.0,0.0,0.0
1.0,99.0,0.0,0.0,0.0,0.0
1.0,99.0,0.0,0.0,0.0,0.0
1.0,99.0,0.0,0.0,0.0,0.0
3.0,93.0,0.0,4.0,0.0,0.0
1.0,99.0,0.0,0.0,0.0,0.0
1.0,95.0,0.0,4.0,0.0,0.0
1.0,99.0,0.0,0.0,0.0,0.0
1.0,99.0,0.0,0.0,0.0,0.0
1.0,89.0,0.0,10.0,0.0,0.0
2.0,98.0,0.0,0.0,0.0,0.0
1.0,74.0,0.0,25.0,0.0,0.0
2.0,98.0,0.0,0.0,0.0,0.0
2.0,98.0,0.0,0.0,0.0,0.0
1.0,99.0,0.0,0.0,0.0,0.0
2.0,98.0,0.0,0.0,0.0,0.0
1.0,98.0,0.0,1.0,0.0,0.0
1.0,95.0,0.0,4.0,0.0,0.0
1.0,94.0,0.0,5.0,0.0,0.0
2.0,98.0,0.0,0.0,0.0,0.0
1.0,99.0,0.0,0.0,0.0,0.0
2.0,98.0,0.0,0.0,0.0,0.0
1.0,99.0,0.0,0.0,0.0,0.0
1.0,99.0,0.0,0.0,0.0,0.0
2.0,98.0,0.0,0.0,0.0,0.0
1.0,82.0,0.0,17.0,0.0,0.0
3.0,97.0,0.0,0.0,0.0,0.0
1.0,99.0,0.0,0.0,0.0,0.0
1.0,94.0,0.0,5.0,0.0,0.0
1.0,97.0,1.0,1.0,0.0,0.0
1.0,94.0,0.0,5.0,0.0,0.0
1.0,99.0,0.0,0.0,0.0,0.0
2.0,98.0,0.0,0.0,0.0,0.0
1.0,83.0,1.0,15.0,0.0,0.0
1.0,96.0,0.0,3.0,0.0,0.0
1.0,98.0,0.0,1.0,0.0,0.0
1.0,81.0,0.0,18.0,0.0,0.0
1.0,99.0,0.0,0.0,0.0,0.0
1.0,99.0,0.0,0.0,0.0,0.0
2.0,98.0,0.0,0.0,0.0,0.0
3.0,97.0,0.0,0.0,0.0,0.0
2.0,98.0,0.0,0.0,0.0,0.0
1.0,98.0,0.0,1.0,0.0,0.0
1.0,99.0,0.0,0.0,0.0,0.0
4.0,96.0,0.0,0.0,0.0,0.0
4.0,81.0,0.0,15.0,0.0,0.0
1.0,98.0,0.0,1.0,0.0,0.0
1.0,99.0,0.0,0.0,0.0,0.0
1.0,99.0,0.0,0.0,0.0,0.0
1.0,99.0,0.0,0.0,0.0,0.0
1.0,95.0,0.0,4.0,0.0,0.0
2.0,98.0,0.0,0.0,0.0,0.0
2.0,98.0,0.0,0.0,0.0,0.0
3.0,97.0,0.0,0.0,0.0,0.0
1.0,99.0,0.0,0.0,0.0,0.0
2.0,98.0,0.0,0.0,0.0,0.0
1.0,99.0,0.0,0.0,0.0,0.0
1.0,99.0,0.0,0.0,0.0,0.0
1.0,95.0,0.0,4.0,0.0,0.0
1.0,99.0,0.0,0.0,0.0,0.0
1.0,99.0,0.0,0.0,0.0,0.0
1.0,99.0,0.0,0.0,0.0,0.0
1.0,92.0,0.0,7.0,0.0,0.0
1.0,99.0,0.0,0.0,0.0,0.0
2.0,98.0,0.0,0.0,0.0,0.0
1.0,99.0,0.0,0.0,0.0,0.0
1.0,99.0,0.0,0.0,0.0,0.0
1.0,83.0,0.0,16.0,0.0,0.0
2.0,68.0,0.0,30.0,0.0,0.0
1.0,99.0,0.0,0.0,0.0,0.0
2.0,98.0,0.0,0.0,0.0,0.0
2.0,98.0,0.0,0.0,0.0,0.0
1.0,99.0,0.0,0.0,0.0,0.0
1.0,99.0,0.0,0.0,0.0,0.0
1.0,99.0,0.0,0.0,0.0,0.0
1.0,99.0,0.0,0.0,0.0,0.0
1.0,99.0,0.0,0.0,0.0,0.0
1.0,94.0,0.0,5.0,0.0,0.0
1.0,90.0,0.0,9.0,0.0,0.0
2.0,98.0,0.0,0.0,0.0,0.0
2.0,98.0,0.0,0.0,0.0,0.0
1.0,99.0,0.0,0.0,0.0,0.0
1.0,99.0,0.0,0.0,0.0,0.0
2.0,98.0,0.0,0.0,0.0,0.0
2.0,98.0,0.0,0.0,0.0,0.0
1.0,99.0,0.0,0.0,0.0,0.0
1.0,99.0,0.0,0.0,0.0,0.0
2.0,85.0,0.0,13.0,0.0,0.0
2.0,66.0,0.0,32.0,0.0,0.0
2.0,98.0,0.0,0.0,0.0,0.0
2.0,98.0,0.0,0.0,0.0,0.0
1.0,98.0,1.0,0.0,0.0,0.0
2.0,98.0,0.0,0.0,0.0,0.0
1.0,99.0,0.0,0.0,0.0,0.0
1.0,99.0,0.0,0.0,0.0,0.0
2.0,98.0,0.0,0.0,0.0,0.0
1.0,95.0,0.0,4.0,0.0,0.0
2.0,92.0,0.0,6.0,0.0,0.0
4.0,87.0,0.0,9.0,0.0,0.0
1.0,96.0,0.0,3.0,0.0,0.0
1.0,99.0,0.0,0.0,0.0,0.0
1.0,90.0,0.0,9.0,0.0,0.0
1.0,99.0,0.0,0.0,0.0,0.0
1.0,98.0,0.0,1.0,0.0,0.0
1.0,99.0,0.0,0.0,0.0,0.0
2.0,98.0,0.0,0.0,0.0,0.0
1.0,96.0,0.0,3.0,0.0,0.0
1.0,99.0,0.0,0.0,0.0,0.0
1.0,99.0,0.0,0.0,0.0,0.0
2.0,79.0,0.0,19.0,0.0,0.0
1.0,97.0,1.0,1.0,0.0,0.0
1.0,99.0,0.0,0.0,0.0,0.0
1.0,98.0,0.0,1.0,0.0,0.0
2.0,98.0,0.0,0.0,0.0,0.0
2.0,98.0,0.0,0.0,0.0,0.0
1.0,99.0,0.0,0.0,0.0,0.0
1.0,99.0,0.0,0.0,0.0,0.0
1.0,90.0,0.0,9.0,0.0,0.0
1.0,96.0,0.0,3.0,0.0,0.0
2.0,98.0,0.0,0.0,0.0,0.0
3.0,96.0,0.0,1.0,0.0,0.0
4.0,96.0,0.0,0.0,0.0,0.0
5.0,95.0,0.0,0.0,0.0,0.0
2.0,98.0,0.0,0.0,0.0,0.0
1.0,99.0,0.0,0.0,0.0,0.0
3.0,97.0,0.0,0.0,0.0,0.0
2.0,98.0,0.0,0.0,0.0,0.0
1.0,99.0,0.0,0.0,0.0,0.0
1.0,91.0,0.0,8.0,0.0,0.0
2.0,97.0,0.0,1.0,0.0,0.0
1.0,99.0,0.0,0.0,0.0,0.0
1.0,99.0,0.0,0.0,0.0,0.0
1.0,99.0,0.0,0.0,0.0,0.0
1.0,99.0,0.0,0.0,0.0,0.0
1.0,99.0,0.0,0.0,0.0,0.0
1.0,99.0,0.0,0.0,0.0,0.0
1.0,99.0,0.0,0.0,0.0,0.0
1.0,79.0,1.0,19.0,0.0,0.0
2.0,98.0,0.0,0.0,0.0,0.0
1.0,99.0,0.0,0.0,0.0,0.0
1.0,99.0,0.0,0.0,0.0,0.0
1.0,90.0,0.0,9.0,0.0,0.0
2.0,98.0,0.0,0.0,0.0,0.0
2.0,86.0,0.0,12.0,0.0,0.0
1.0,99.0,0.0,0.0,0.0,0.0
1.0,95.0,0.0,4.0,0.0,0.0
2.0,92.0,0.0,6.0,0.0,0.0
1.0,99.0,0.0,0.0,0.0,0.0
1.0,99.0,0.0,0.0,0.0,0.0
1.0,98.0,0.0,1.0,0.0,0.0
2.0,98.0,0.0,0.0,0.0,0.0
1.0,99.0,0.0,0.0,0.0,0.0
1.0,99.0,0.0,0.0,0.0,0.0
1.0,99.0,0.0,0.0,0.0,0.0
2.0,92.0,0.0,6.0,0.0,0.0
1.0,97.0,0.0,2.0,0.0,0.0
2.0,98.0,0.0,0.0,0.0,0.0
1.0,99.0,0.0,0.0,0.0,0.0
1.0,81.0,0.0,18.0,0.0,0.0
1.0,99.0,0.0,0.0,0.0,0.0
1.0,99.0,0.0,0.0,0.0,0.0
1.0,86.0,0.0,13.0,0.0,0.0
2.0,92.0,0.0,6.0,0.0,0.0
1.0,99.0,0.0,0.0,0.0,0.0
1.0,99.0,0.0,0.0,0.0,0.0
1.0,99.0,0.0,0.0,0.0,0.0
1.0,99.0,0.0,0.0,0.0,0.0
1.0,88.0,0.0,11.0,0.0,0.0
3.0,97.0,0.0,0.0,0.0,0.0
1.0,99.0,0.0,0.0,0.0,0.0
1.0,99.0,0.0,0.0,0.0,0.0
1.0,98.0,0.0,1.0,0.0,0.0
1.0,79.0,0.0,20.0,0.0,0.0
1.0,98.0,0.0,1.0,0.0,0.0
1.0,69.0,0.0,30.0,0.0,0.0
1.0,98.0,1.0,0.0,0.0,0.0
1.0,97.0,0.0,2.0,0.0,0.0
1.0,99.0,0.0,0.0,0.0,0.0
3.0,79.0,0.0,18.0,0.0,0.0
1.0,95.0,0.0,4.0,0.0,0.0
1.0,99.0,0.0,0.0,0.0,0.0
1.0,99.0,0.0,0.0,0.0,0.0
1.0,97.0,0.0,2.0,0.0,0.0
1.0,99.0,0.0,0.0,0.0,0.0
1.0,96.0,1.0,2.0,0.0,0.0
1.0,98.0,0.0,1.0,0.0,0.0
1.0,99.0,0.0,0.0,0.0,0.0
1.0,75.0,0.0,24.0,0.0,0.0
1.0,95.0,0.0,4.0,0.0,0.0
1.0,92.0,0.0,7.0,0.0,0.0
1.0,75.0,0.0,24.0,0.0,0.0
1.0,99.0,0.0,0.0,0.0,0.0
2.0,92.0,0.0,6.0,0.0,0.0
1.0,98.0,1.0,0.0,0.0,0.0
1.0,99.0,0.0,0.0,0.0,0.0
1.0,99.0,0.0,0.0,0.0,0.0
1.0,99.0,0.0,0.0,0.0,0.0
1.0,99.0,0.0,0.0,0.0,0.0
2.0,77.0,0.0,21.0,0.0,0.0
1.0,99.0,0.0,0.0,0.0,0.0
3.0,86.0,0.0,11.0,0.0,0.0
2.0,98.0,0.0,0.0,0.0,0.0
1.0,99.0,0.0,0.0,0.0,0.0
1.0,99.0,0.0,0.0,0.0,0.0
1.0,99.0,0.0,0.0,0.0,0.0
1.0,92.0,0.0,7.0,0.0,0.0
1.0,99.0,0.0,0.0,0.0,0.0
1.0,99.0,0.0,0.0,0.0,0.0
1.0,99.0,0.0,0.0,0.0,0.0
2.0,98.0,0.0,0.0,0.0,0.0
1.0,89.0,0.0,10.0,0.0,0.0
4.0,96.0,0.0,0.0,0.0,0.0
1.0,99.0,0.0,0.0,0.0,0.0
2.0,98.0,0.0,0.0,0.0,0.0
1.0,85.0,0.0,14.0,0.0,0.0
1.0,99.0,0.0,0.0,0.0,0.0
3.0,82.0,0.0,15.0,0.0,0.0
4.0,75.0,0.0,21.0,0.0,0.0
1.0,99.0,0.0,0.0,0.0,0.0
2.0,92.0,0.0,6.0,0.0,0.0
2.0,81.0,0.0,17.0,0.0,0.0
1.0,99.0,0.0,0.0,0.0,0.0
1.0,99.0,0.0,0.0,0.0,0.0
3.0,96.0,1.0,0.0,0.0,0.0
2.0,98.0,0.0,0.0,0.0,0.0
1.0,99.0,0.0,0.0,0.0,0.0
4.0,94.0,0.0,2.0,0.0,0.0
1.0,84.0,0.0,15.0,0.0,0.0
1.0,95.0,0.0,4.0,0.0,0.0
1.0,99.0,0.0,0.0,0.0,0.0
1.0,86.0,0.0,13.0,0.0,0.0
1.0,99.0,0.0,0.0,0.0,0.0
2.0,98.0,0.0,0.0,0.0,0.0
1.0,99.0,0.0,0.0,0.0,0.0
1.0,98.0,1.0,0.0,0.0,0.0
1.0,61.0,0.0,38.0,0.0,0.0
1.0,98.0,0.0,1.0,0.0,0.0
2.0,94.0,0.0,4.0,0.0,0.0
2.0,98.0,0.0,0.0,0.0,0.0
1.0,91.0,0.0,8.0,0.0,0.0
2.0,98.0,0.0,0.0,0.0,0.0
1.0,92.0,0.0,7.0,0.0,0.0
3.0,97.0,0.0,0.0,0.0,0.0
2.0,98.0,0.0,0.0,0.0,0.0
3.0,97.0,0.0,0.0,0.0,0.0
1.0,99.0,0.0,0.0,0.0,0.0
2.0,95.0,0.0,3.0,0.0,0.0
1.0,91.0,0.0,8.0,0.0,0.0
1.0,99.0,0.0,0.0,0.0,0.0
1.0,99.0,0.0,0.0,0.0,0.0
1.0,96.0,0.0,3.0,0.0,0.0
2.0,98.0,0.0,0.0,0.0,0.0
2.0,98.0,0.0,0.0,0.0,0.0
1.0,99.0,0.0,0.0,0.0,0.0
1.0,99.0,0.0,0.0,0.0,0.0
1.0,99.0,0.0,0.0,0.0,0.0
1.0,99.0,0.0,0.0,0.0,0.0
1.0,99.0,0.0,0.0,0.0,0.0
1.0,99.0,0.0,0.0,0.0,0.0
1.0,94.0,0.0,5.0,0.0,0.0
1.0,98.0,0.0,1.0,0.0,0.0
2.0,97.0,0.0,1.0,0.0,0.0
1.0,99.0,0.0,0.0,0.0,0.0
2.0,98.0,0.0,0.0,0.0,0.0
1.0,94.0,0.0,5.0,0.0,0.0
1.0,91.0,0.0,8.0,0.0,0.0
3.0,83.0,0.0,14.0,0.0,0.0
1.0,99.0,0.0,0.0,0.0,0.0
1.0,99.0,0.0,0.0,0.0,0.0
1.0,99.0,0.0,0.0,0.0,0.0
1.0,94.0,0.0,5.0,0.0,0.0
3.0,97.0,0.0,0.0,0.0,0.0
1.0,87.0,0.0,12.0,0.0,0.0
2.0,92.0,0.0,6.0,0.0,0.0
1.0,99.0,0.0,0.0,0.0,0.0
2.0,91.0,0.0,7.0,0.0,0.0
1.0,98.0,1.0,0.0,0.0,0.0
1.0,99.0,0.0,0.0,0.0,0.0
1.0,90.0,0.0,9.0,0.0,0.0
2.0,55.0,0.0,43.0,0.0,0.0
3.0,97.0,0.0,0.0,0.0,0.0
1.0,99.0,0.0,0.0,0.0,0.0
1.0,67.0,0.0,32.0,0.0,0.0
1.0,99.0,0.0,0.0,0.0,0.0
2.0,93.0,0.0,5.0,0.0,0.0
1.0,99.0,0.0,0.0,0.0,0.0
1.0,89.0,0.0,10.0,0.0,0.0
2.0,98.0,0.0,0.0,0.0,0.0
1.0,99.0,0.0,0.0,0.0,0.0
1.0,57.0,0.0,42.0,0.0,0.0
1.0,99.0,0.0,0.0,0.0,0.0
3.0,97.0,0.0,0.0,0.0,0.0
1.0,86.0,0.0,13.0,0.0,0.0
4.0,96.0,0.0,0.0,0.0,0.0
1.0,99.0,0.0,0.0,0.0,0.0
3.0,97.0,0.0,0.0,0.0,0.0
1.0,99.0,0.0,0.0,0.0,0.0
1.0,77.0,0.0,22.0,0.0,0.0
2.0,89.0,0.0,9.0,0.0,0.0
2.0,97.0,0.0,1.0,0.0,0.0
1.0,86.0,0.0,13.0,0.0,0.0
2.0,98.0,0.0,0.0,0.0,0.0
1.0,92.0,0.0,7.0,0.0,0.0
1.0,83.0,0.0,16.0,0.0,0.0
2.0,80.0,0.0,18.0,0.0,0.0
1.0,99.0,0.0,0.0,0.0,0.0
1.0,99.0,0.0,0.0,0.0,0.0
1.0,90.0,0.0,9.0,0.0,0.0
1.0,88.0,0.0,11.0,0.0,0.0
2.0,98.0,0.0,0.0,0.0,0.0
5.0,95.0,0.0,0.0,0.0,0.0
1.0,99.0,0.0,0.0,0.0,0.0
1.0,94.0,0.0,5.0,0.0,0.0
1.0,99.0,0.0,0.0,0.0,0.0
2.0,98.0,0.0,0.0,0.0,0.0
2.0,98.0,0.0,0.0,0.0,0.0
3.0,87.0,0.0,10.0,0.0,0.0
1.0,99.0,0.0,0.0,0.0,0.0
1.0,83.0,0.0,16.0,0.0,0.0
1.0,92.0,0.0,7.0,0.0,0.0
1.0,99.0,0.0,0.0,0.0,0.0
1.0,99.0,0.0,0.0,0.0,0.0
1.0,99.0,0.0,0.0,0.0,0.0
1.0,99.0,0.0,0.0,0.0,0.0
2.0,98.0,0.0,0.0,0.0,0.0
1.0,90.0,0.0,9.0,0.0,0.0
2.0,98.0,0.0,0.0,0.0,0.0
1.0,99.0,0.0,0.0,0.0,0.0
1.0,88.0,0.0,11.0,0.0,0.0
6.0,94.0,0.0,0.0,0.0,0.0
1.0,94.0,0.0,5.0,0.0,0.0
1.0,99.0,0.0,0.0,0.0,0.0
1.0,99.0,0.0,0.0,0.0,0.0
5.0,95.0,0.0,0.0,0.0,0.0
2.0,70.0,0.0,28.0,0.0,0.0
1.0,99.0,0.0,0.0,0.0,0.0
2.0,92.0,0.0,6.0,0.0,0.0
2.0,98.0,0.0,0.0,0.0,0.0
3.0,97.0,0.0,0.0,0.0,0.0
1.0,89.0,0.0,10.0,0.0,0.0
1.0,99.0,0.0,0.0,0.0,0.0
1.0,99.0,0.0,0.0,0.0,0.0
1.0,99.0,0.0,0.0,0.0,0.0
1.0,93.0,0.0,6.0,0.0,0.0
2.0,97.0,0.0,1.0,0.0,0.0
2.0,83.0,0.0,15.0,0.0,0.0
1.0,99.0,0.0,0.0,0.0,0.0
4.0,96.0,0.0,0.0,0.0,0.0
1.0,99.0,0.0,0.0,0.0,0.0
1.0,99.0,0.0,0.0,0.0,0.0
1.0,99.0,0.0,0.0,0.0,0.0
1.0,99.0,0.0,0.0,0.0,0.0
1.0,96.0,0.0,3.0,0.0,0.0
1.0,62.0,1.0,36.0,0.0,0.0
1.0,99.0,0.0,0.0,0.0,0.0
1.0,99.0,0.0,0.0,0.0,0.0
2.0,96.0,0.0,2.0,0.0,0.0
1.0,99.0,0.0,0.0,0.0,0.0
1.0,99.0,0.0,0.0,0.0,0.0
1.0,99.0,0.0,0.0,0.0,0.0
1.0,99.0,0.0,0.0,0.0,0.0
1.0,87.0,0.0,12.0,0.0,0.0
1.0,94.0,0.0,5.0,0.0,0.0
1.0,98.0,1.0,0.0,0.0,0.0
1.0,99.0,0.0,0.0,0.0,0.0
1.0,99.0,0.0,0.0,0.0,0.0
1.0,69.0,0.0,30.0,0.0,0.0
1.0,99.0,0.0,0.0,0.0,0.0
2.0,88.0,0.0,10.0,0.0,0.0
1.0,98.0,0.0,1.0,0.0,0.0
1.0,77.0,1.0,21.0,0.0,0.0
1.0,99.0,0.0,0.0,0.0,0.0
1.0,68.0,0.0,31.0,0.0,0.0
1.0,98.0,0.0,1.0,0.0,0.0
1.0,90.0,0.0,9.0,0.0,0.0
1.0,94.0,0.0,5.0,0.0,0.0
2.0,98.0,0.0,0.0,0.0,0.0
1.0,99.0,0.0,0.0,0.0,0.0
1.0,98.0,1.0,0.0,0.0,0.0
1.0,99.0,0.0,0.0,0.0,0.0
1.0,98.0,0.0,1.0,0.0,0.0
1.0,64.0,0.0,35.0,0.0,0.0
1.0,99.0,0.0,0.0,0.0,0.0
1.0,99.0,0.0,0.0,0.0,0.0
2.0,98.0,0.0,0.0,0.0,0.0
2.0,98.0,0.0,0.0,0.0,0.0
1.0,99.0,0.0,0.0,0.0,0.0
1.0,99.0,0.0,0.0,0.0,0.0
1.0,99.0,0.0,0.0,0.0,0.0
3.0,87.0,0.0,10.0,0.0,0.0
1.0,97.0,0.0,2.0,0.0,0.0
1.0,99.0,0.0,0.0,0.0,0.0
1.0,96.0,0.0,3.0,0.0,0.0
1.0,99.0,0.0,0.0,0.0,0.0
1.0,98.0,0.0,1.0,0.0,0.0
1.0,99.0,0.0,0.0,0.0,0.0
1.0,99.0,0.0,0.0,0.0,0.0
1.0,99.0,0.0,0.0,0.0,0.0
3.0,97.0,0.0,0.0,0.0,0.0
4.0,82.0,0.0,14.0,0.0,0.0
2.0,98.0,0.0,0.0,0.0,0.0
1.0,91.0,0.0,8.0,0.0,0.0
1.0,99.0,0.0,0.0,0.0,0.0
2.0,90.0,0.0,8.0,0.0,0.0
1.0,99.0,0.0,0.0,0.0,0.0
1.0,94.0,0.0,5.0,0.0,0.0
1.0,99.0,0.0,0.0,0.0,0.0
1.0,99.0,0.0,0.0,0.0,0.0
2.0,98.0,0.0,0.0,0.0,0.0
2.0,98.0,0.0,0.0,0.0,0.0
4.0,94.0,0.0,2.0,0.0,0.0
2.0,88.0,0.0,10.0,0.0,0.0
1.0,99.0,0.0,0.0,0.0,0.0
1.0,95.0,0.0,4.0,0.0,0.0
3.0,97.0,0.0,0.0,0.0,0.0
2.0,89.0,0.0,9.0,0.0,0.0
3.0,79.0,0.0,18.0,0.0,0.0
1.0,98.0,0.0,1.0,0.0,0.0
2.0,78.0,0.0,20.0,0.0,0.0
1.0,78.0,0.0,21.0,0.0,0.0
1.0,99.0,0.0,0.0,0.0,0.0
1.0,99.0,0.0,0.0,0.0,0.0
3.0,97.0,0.0,0.0,0.0,0.0
1.0,99.0,0.0,0.0,0.0,0.0
2.0,98.0,0.0,0.0,0.0,0.0
2.0,98.0,0.0,0.0,0.0,0.0
3.0,97.0,0.0,0.0,0.0,0.0
1.0,99.0,0.0,0.0,0.0,0.0
1.0,71.0,0.0,28.0,0.0,0.0
1.0,95.0,0.0,4.0,0.0,0.0
2.0,77.0,0.0,21.0,0.0,0.0
1.0,98.0,0.0,1.0,0.0,0.0
1.0,99.0,0.0,0.0,0.0,0.0
2.0,88.0,0.0,10.0,0.0,0.0
2.0,98.0,0.0,0.0,0.0,0.0
1.0,99.0,0.0,0.0,0.0,0.0
1.0,99.0,0.0,0.0,0.0,0.0
1.0,99.0,0.0,0.0,0.0,0.0
1.0,99.0,0.0,0.0,0.0,0.0
1.0,96.0,0.0,3.0,0.0,0.0
1.0,99.0,0.0,0.0,0.0,0.0
1.0,91.0,0.0,8.0,0.0,0.0
1.0,99.0,0.0,0.0,0.0,0.0
1.0,99.0,0.0,0.0,0.0,0.0
1.0,88.0,0.0,11.0,0.0,0.0
1.0,99.0,0.0,0.0,0.0,0.0
1.0,91.0,0.0,8.0,0.0,0.0
1.0,98.0,1.0,0.0,0.0,0.0
1.0,99.0,0.0,0.0,0.0,0.0
2.0,98.0,0.0,0.0,0.0,0.0
2.0,82.0,0.0,16.0,0.0,0.0
2.0,98.0,0.0,0.0,0.0,0.0
3.0,96.0,0.0,1.0,0.0,0.0
2.0,98.0,0.0,0.0,0.0,0.0
1.0,99.0,0.0,0.0,0.0,0.0
1.0,70.0,0.0,29.0,0.0,0.0
1.0,98.0,0.0,1.0,0.0,0.0
1.0,94.0,0.0,5.0,0.0,0.0
1.0,84.0,0.0,15.0,0.0,0.0
1.0,98.0,1.0,0.0,0.0,0.0
2.0,98.0,0.0,0.0,0.0,0.0
1.0,80.0,0.0,19.0,0.0,0.0
1.0,99.0,0.0,0.0,0.0,0.0
2.0,98.0,0.0,0.0,0.0,0.0
1.0,99.0,0.0,0.0,0.0,0.0
1.0,77.0,0.0,22.0,0.0,0.0
4.0,96.0,0.0,0.0,0.0,0.0
1.0,99.0,0.0,0.0,0.0,0.0
1.0,99.0,0.0,0.0,0.0,0.0
2.0,98.0,0.0,0.0,0.0,0.0
1.0,99.0,0.0,0.0,0.0,0.0
1.0,97.0,0.0,2.0,0.0,0.0
1.0,99.0,0.0,0.0,0.0,0.0
1.0,80.0,0.0,19.0,0.0,0.0
1.0,85.0,0.0,14.0,0.0,0.0
1.0,99.0,0.0,0.0,0.0,0.0
2.0,98.0,0.0,0.0,0.0,0.0
1.0,99.0,0.0,0.0,0.0,0.0
1.0,77.0,0.0,22.0,0.0,0.0
1.0,99.0,0.0,0.0,0.0,0.0
1.0,86.0,0.0,13.0,0.0,0.0
1.0,99.0,0.0,0.0,0.0,0.0
1.0,98.0,0.0,1.0,0.0,0.0
1.0,99.0,0.0,0.0,0.0,0.0
1.0,99.0,0.0,0.0,0.0,0.0
2.0,87.0,0.0,11.0,0.0,0.0
1.0,90.0,0.0,9.0,0.0,0.0
1.0,99.0,0.0,0.0,0.0,0.0
1.0,90.0,0.0,9.0,0.0,0.0
3.0,97.0,0.0,0.0,0.0,0.0
1.0,99.0,0.0,0.0,0.0,0.0
1.0,99.0,0.0,0.0,0.0,0.0
1.0,99.0,0.0,0.0,0.0,0.0
1.0,99.0,0.0,0.0,0.0,0.0
1.0,99.0,0.0,0.0,0.0,0.0
1.0,99.0,0.0,0.0,0.0,0.0
1.0,99.0,0.0,0.0,0.0,0.0
1.0,99.0,0.0,0.0,0.0,0.0
2.0,98.0,0.0,0.0,0.0,0.0
1.0,99.0,0.0,0.0,0.0,0.0
1.0,99.0,0.0,0.0,0.0,0.0
1.0,43.0,0.0,56.0,0.0,0.0
1.0,99.0,0.0,0.0,0.0,0.0
1.0,76.0,0.0,23.0,0.0,0.0
1.0,79.0,0.0,20.0,0.0,0.0
1.0,99.0,0.0,0.0,0.0,0.0
1.0,99.0,0.0,0.0,0.0,0.0
2.0,98.0,0.0,0.0,0.0,0.0
1.0,99.0,0.0,0.0,0.0,0.0
2.0,72.0,0.0,26.0,0.0,0.0
2.0,98.0,0.0,0.0,0.0,0.0
1.0,76.0,0.0,23.0,0.0,0.0
1.0,99.0,0.0,0.0,0.0,0.0
1.0,99.0,0.0,0.0,0.0,0.0
1.0,88.0,0.0,11.0,0.0,0.0
1.0,46.0,0.0,53.0,0.0,0.0
1.0,68.0,0.0,31.0,0.0,0.0
1.0,99.0,0.0,0.0,0.0,0.0
1.0,99.0,0.0,0.0,0.0,0.0
1.0,99.0,0.0,0.0,0.0,0.0
1.0,80.0,0.0,19.0,0.0,0.0
1.0,99.0,0.0,0.0,0.0,0.0
1.0,99.0,0.0,0.0,0.0,0.0
1.0,85.0,0.0,14.0,0.0,0.0
1.0,99.0,0.0,0.0,0.0,0.0
1.0,85.0,0.0,14.0,0.0,0.0
1.0,83.0,0.0,16.0,0.0,0.0
2.0,98.0,0.0,0.0,0.0,0.0
1.0,99.0,0.0,0.0,0.0,0.0
1.0,99.0,0.0,0.0,0.0,0.0
2.0,97.0,0.0,1.0,0.0,0.0
1.0,99.0,0.0,0.0,0.0,0.0
1.0,97.0,0.0,2.0,0.0,0.0
1.0,99.0,0.0,0.0,0.0,0.0
1.0,99.0,0.0,0.0,0.0,0.0
1.0,98.0,0.0,1.0,0.0,0.0
1.0,99.0,0.0,0.0,0.0,0.0
1.0,99.0,0.0,0.0,0.0,0.0
1.0,99.0,0.0,0.0,0.0,0.0
1.0,0.0,0.0,0.0,0.0,0.0
3.0,97.0,0.0,0.0,0.0,0.0
1.0,99.0,0.0,0.0,0.0,0.0
1.0,70.0,0.0,29.0,0.0,0.0
1.0,70.0,1.0,28.0,0.0,0.0
1.0,84.0,0.0,15.0,0.0,0.0
1.0,99.0,0.0,0.0,0.0,0.0
1.0,99.0,0.0,0.0,0.0,0.0
1.0,99.0,0.0,0.0,0.0,0.0
1.0,82.0,0.0,17.0,0.0,0.0
1.0,54.0,0.0,45.0,0.0,0.0
1.0,82.0,0.0,17.0,0.0,0.0
2.0,98.0,0.0,0.0,0.0,0.0
1.0,75.0,0.0,24.0,0.0,0.0
1.0,99.0,0.0,0.0,0.0,0.0
1.0,80.0,0.0,19.0,0.0,0.0
1.0,96.0,0.0,3.0,0.0,0.0
3.0,95.0,0.0,2.0,0.0,0.0
3.0,97.0,0.0,0.0,0.0,0.0
2.0,91.0,0.0,7.0,0.0,0.0
1.0,0.0,0.0,0.0,0.0,0.0
1.0,99.0,0.0,0.0,0.0,0.0
3.0,97.0,0.0,0.0,0.0,0.0
1.0,99.0,0.0,0.0,0.0,0.0
2.0,73.0,0.0,25.0,0.0,0.0
1.0,99.0,0.0,0.0,0.0,0.0
2.0,85.0,0.0,13.0,0.0,0.0
1.0,99.0,0.0,0.0,0.0,0.0
1.0,99.0,0.0,0.0,0.0,0.0
1.0,99.0,0.0,0.0,0.0,0.0
3.0,97.0,0.0,0.0,0.0,0.0
1.0,99.0,0.0,0.0,0.0,0.0
1.0,99.0,0.0,0.0,0.0,0.0
1.0,97.0,0.0,2.0,0.0,0.0
1.0,89.0,0.0,10.0,0.0,0.0
1.0,99.0,0.0,0.0,0.0,0.0
1.0,85.0,0.0,14.0,0.0,0.0
1.0,91.0,0.0,8.0,0.0,0.0
2.0,98.0,0.0,0.0,0.0,0.0
1.0,99.0,0.0,0.0,0.0,0.0
2.0,98.0,0.0,0.0,0.0,0.0
1.0,99.0,0.0,0.0,0.0,0.0
1.0,99.0,0.0,0.0,0.0,0.0
1.0,99.0,0.0,0.0,0.0,0.0
1.0,99.0,0.0,0.0,0.0,0.0
1.0,97.0,0.0,2.0,0.0,0.0
1.0,99.0,0.0,0.0,0.0,0.0
1.0,89.0,0.0,10.0,0.0,0.0
1.0,58.0,0.0,41.0,0.0,0.0
1.0,99.0,0.0,0.0,0.0,0.0
1.0,99.0,0.0,0.0,0.0,0.0
1.0,99.0,0.0,0.0,0.0,0.0
2.0,98.0,0.0,0.0,0.0,0.0
1.0,99.0,0.0,0.0,0.0,0.0
1.0,99.0,0.0,0.0,0.0,0.0
1.0,88.0,0.0,11.0,0.0,0.0
1.0,99.0,0.0,0.0,0.0,0.0
3.0,97.0,0.0,0.0,0.0,0.0
1.0,89.0,0.0,10.0,0.0,0.0
1.0,91.0,0.0,8.0,0.0,0.0
1.0,98.0,1.0,0.0,0.0,0.0
1.0,99.0,0.0,0.0,0.0,0.0
2.0,98.0,0.0,0.0,0.0,0.0
1.0,99.0,0.0,0.0,0.0,0.0
2.0,98.0,0.0,0.0,0.0,0.0
1.0,99.0,0.0,0.0,0.0,0.0
2.0,98.0,0.0,0.0,0.0,0.0
1.0,98.0,0.0,1.0,0.0,0.0
2.0,98.0,0.0,0.0,0.0,0.0
1.0,86.0,0.0,13.0,0.0,0.0
1.0,83.0,0.0,16.0,0.0,0.0
2.0,98.0,0.0,0.0,0.0,0.0
2.0,89.0,0.0,9.0,0.0,0.0
1.0,83.0,0.0,16.0,0.0,0.0
1.0,99.0,0.0,0.0,0.0,0.0
1.0,80.0,0.0,19.0,0.0,0.0
1.0,99.0,0.0,0.0,0.0,0.0
1.0,66.0,0.0,33.0,0.0,0.0
3.0,82.0,0.0,15.0,0.0,0.0
1.0,82.0,0.0,17.0,0.0,0.0
1.0,99.0,0.0,0.0,0.0,0.0
1.0,99.0,0.0,0.0,0.0,0.0
1.0,99.0,0.0,0.0,0.0,0.0
1.0,99.0,0.0,0.0,0.0,0.0
1.0,99.0,0.0,0.0,0.0,0.0
2.0,98.0,0.0,0.0,0.0,0.0
1.0,99.0,0.0,0.0,0.0,0.0
3.0,97.0,0.0,0.0,0.0,0.0
1.0,99.0,0.0,0.0,0.0,0.0
1.0,99.0,0.0,0.0,0.0,0.0
1.0,99.0,0.0,0.0,0.0,0.0
1.0,99.0,0.0,0.0,0.0,0.0
1.0,99.0,0.0,0.0,0.0,0.0
1.0,99.0,0.0,0.0,0.0,0.0
2.0,98.0,0.0,0.0,0.0,0.0
1.0,93.0,0.0,6.0,0.0,0.0
1.0,99.0,0.0,0.0,0.0,0.0
1.0,99.0,0.0,0.0,0.0,0.0
2.0,77.0,0.0,21.0,0.0,0.0
1.0,99.0,0.0,0.0,0.0,0.0
2.0,98.0,0.0,0.0,0.0,0.0
3.0,97.0,0.0,0.0,0.0,0.0
1.0,93.0,0.0,6.0,0.0,0.0
3.0,97.0,0.0,0.0,0.0,0.0
2.0,98.0,0.0,0.0,0.0,0.0
1.0,99.0,0.0,0.0,0.0,0.0
1.0,66.0,0.0,33.0,0.0,0.0
1.0,99.0,0.0,0.0,0.0,0.0
1.0,82.0,0.0,17.0,0.0,0.0
1.0,99.0,0.0,0.0,0.0,0.0
1.0,89.0,0.0,10.0,0.0,0.0
1.0,99.0,0.0,0.0,0.0,0.0
1.0,63.0,0.0,36.0,0.0,0.0
2.0,98.0,0.0,0.0,0.0,0.0
4.0,96.0,0.0,0.0,0.0,0.0
2.0,98.0,0.0,0.0,0.0,0.0
1.0,79.0,0.0,20.0,0.0,0.0
1.0,99.0,0.0,0.0,0.0,0.0
1.0,99.0,0.0,0.0,0.0,0.0
2.0,98.0,0.0,0.0,0.0,0.0
1.0,99.0,0.0,0.0,0.0,0.0
1.0,90.0,0.0,9.0,0.0,0.0
1.0,81.0,0.0,18.0,0.0,0.0
1.0,83.0,0.0,16.0,0.0,0.0
1.0,21.0,0.0,78.0,0.0,0.0
2.0,98.0,0.0,0.0,0.0,0.0
1.0,99.0,0.0,0.0,0.0,0.0
1.0,91.0,0.0,8.0,0.0,0.0
1.0,99.0,0.0,0.0,0.0,0.0
1.0,99.0,0.0,0.0,0.0,0.0
1.0,99.0,0.0,0.0,0.0,0.0
1.0,99.0,0.0,0.0,0.0,0.0
1.0,93.0,0.0,6.0,0.0,0.0
1.0,30.0,0.0,69.0,0.0,0.0
1.0,98.0,0.0,1.0,0.0,0.0
1.0,99.0,0.0,0.0,0.0,0.0
1.0,98.0,1.0,0.0,0.0,0.0
1.0,92.0,0.0,7.0,0.0,0.0
2.0,91.0,0.0,7.0,0.0,0.0
1.0,97.0,0.0,2.0,0.0,0.0
1.0,99.0,0.0,0.0,0.0,0.0
1.0,99.0,0.0,0.0,0.0,0.0
2.0,98.0,0.0,0.0,0.0,0.0
1.0,98.0,1.0,0.0,0.0,0.0
2.0,98.0,0.0,0.0,0.0,0.0
1.0,99.0,0.0,0.0,0.0,0.0
1.0,89.0,0.0,10.0,0.0,0.0
1.0,69.0,0.0,30.0,0.0,0.0
1.0,79.0,0.0,20.0,0.0,0.0
1.0,99.0,0.0,0.0,0.0,0.0
1.0,99.0,0.0,0.0,0.0,0.0
1.0,99.0,0.0,0.0,0.0,0.0
1.0,99.0,0.0,0.0,0.0,0.0
1.0,40.0,0.0,59.0,0.0,0.0
1.0,99.0,0.0,0.0,0.0,0.0
1.0,99.0,0.0,0.0,0.0,0.0
1.0,99.0,0.0,0.0,0.0,0.0
2.0,98.0,0.0,0.0,0.0,0.0
1.0,99.0,0.0,0.0,0.0,0.0
2.0,98.0,0.0,0.0,0.0,0.0
3.0,97.0,0.0,0.0,0.0,0.0
1.0,99.0,0.0,0.0,0.0,0.0
1.0,51.0,0.0,48.0,0.0,0.0
1.0,99.0,0.0,0.0,0.0,0.0
2.0,89.0,0.0,9.0,0.0,0.0
1.0,48.0,0.0,51.0,0.0,0.0
1.0,99.0,0.0,0.0,0.0,0.0
1.0,99.0,0.0,0.0,0.0,0.0
1.0,99.0,0.0,0.0,0.0,0.0
1.0,98.0,1.0,0.0,0.0,0.0
1.0,99.0,0.0,0.0,0.0,0.0
2.0,98.0,0.0,0.0,0.0,0.0
1.0,96.0,0.0,3.0,0.0,0.0
3.0,86.0,0.0,11.0,0.0,0.0
2.0,52.0,0.0,46.0,0.0,0.0
1.0,99.0,0.0,0.0,0.0,0.0
1.0,87.0,0.0,12.0,0.0,0.0
2.0,78.0,0.0,20.0,0.0,0.0
1.0,96.0,0.0,3.0,0.0,0.0
1.0,93.0,0.0,6.0,0.0,0.0
1.0,98.0,1.0,0.0,0.0,0.0
1.0,99.0,0.0,0.0,0.0,0.0
1.0,99.0,0.0,0.0,0.0,0.0
3.0,97.0,0.0,0.0,0.0,0.0
1.0,69.0,0.0,30.0,0.0,0.0
1.0,73.0,0.0,26.0,0.0,0.0
1.0,99.0,0.0,0.0,0.0,0.0
2.0,46.0,0.0,52.0,0.0,0.0
2.0,98.0,0.0,0.0,0.0,0.0
1.0,99.0,0.0,0.0,0.0,0.0
1.0,99.0,0.0,0.0,0.0,0.0
1.0,80.0,0.0,19.0,0.0,0.0
1.0,82.0,0.0,17.0,0.0,0.0
1.0,99.0,0.0,0.0,0.0,0.0
2.0,86.0,0.0,12.0,0.0,0.0
1.0,80.0,0.0,19.0,0.0,0.0
1.0,88.0,0.0,11.0,0.0,0.0
1.0,99.0,0.0,0.0,0.0,0.0
1.0,79.0,0.0,20.0,0.0,0.0
1.0,99.0,0.0,0.0,0.0,0.0
2.0,97.0,0.0,1.0,0.0,0.0
3.0,87.0,0.0,10.0,0.0,0.0
1.0,94.0,1.0,4.0,0.0,0.0
1.0,98.0,0.0,1.0,0.0,0.0
1.0,99.0,0.0,0.0,0.0,0.0
1.0,99.0,0.0,0.0,0.0,0.0
1.0,99.0,0.0,0.0,0.0,0.0
1.0,99.0,0.0,0.0,0.0,0.0
1.0,0.0,0.0,0.0,0.0,0.0
3.0,92.0,0.0,5.0,0.0,0.0
1.0,99.0,0.0,0.0,0.0,0.0
1.0,99.0,0.0,0.0,0.0,0.0
1.0,96.0,0.0,3.0,0.0,0.0
1.0,99.0,0.0,0.0,0.0,0.0
2.0,98.0,0.0,0.0,0.0,0.0
1.0,99.0,0.0,0.0,0.0,0.0
1.0,97.0,0.0,2.0,0.0,0.0
1.0,82.0,0.0,17.0,0.0,0.0
2.0,98.0,0.0,0.0,0.0,0.0
1.0,91.0,0.0,8.0,0.0,0.0
1.0,99.0,0.0,0.0,0.0,0.0
1.0,98.0,0.0,1.0,0.0,0.0
1.0,66.0,0.0,33.0,0.0,0.0
1.0,99.0,0.0,0.0,0.0,0.0
1.0,99.0,0.0,0.0,0.0,0.0
1.0,99.0,0.0,0.0,0.0,0.0
1.0,99.0,0.0,0.0,0.0,0.0
2.0,98.0,0.0,0.0,0.0,0.0
2.0,86.0,0.0,12.0,0.0,0.0
1.0,98.0,1.0,0.0,0.0,0.0
1.0,99.0,0.0,0.0,0.0,0.0
1.0,52.0,0.0,47.0,0.0,0.0
1.0,99.0,0.0,0.0,0.0,0.0
1.0,99.0,0.0,0.0,0.0,0.0
1.0,99.0,0.0,0.0,0.0,0.0
1.0,86.0,0.0,13.0,0.0,0.0
1.0,99.0,0.0,0.0,0.0,0.0
1.0,99.0,0.0,0.0,0.0,0.0
2.0,85.0,0.0,13.0,0.0,0.0
1.0,89.0,0.0,10.0,0.0,0.0
2.0,98.0,0.0,0.0,0.0,0.0
2.0,73.0,0.0,25.0,0.0,0.0
1.0,99.0,0.0,0.0,0.0,0.0
1.0,98.0,0.0,1.0,0.0,0.0
2.0,98.0,0.0,0.0,0.0,0.0
1.0,99.0,0.0,0.0,0.0,0.0
1.0,89.0,0.0,10.0,0.0,0.0
2.0,98.0,0.0,0.0,0.0,0.0
1.0,97.0,0.0,2.0,0.0,0.0
1.0,71.0,0.0,28.0,0.0,0.0
2.0,98.0,0.0,0.0,0.0,0.0
2.0,98.0,0.0,0.0,0.0,0.0
3.0,97.0,0.0,0.0,0.0,0.0
1.0,51.0,0.0,48.0,0.0,0.0
1.0,94.0,0.0,5.0,0.0,0.0
1.0,76.0,0.0,23.0,0.0,0.0
4.0,96.0,0.0,0.0,0.0,0.0
1.0,99.0,0.0,0.0,0.0,0.0
1.0,99.0,0.0,0.0,0.0,0.0
1.0,0.0,0.0,99.0,0.0,0.0
1.0,99.0,0.0,0.0,0.0,0.0
1.0,99.0,0.0,0.0,0.0,0.0
2.0,98.0,0.0,0.0,0.0,0.0
2.0,98.0,0.0,0.0,0.0,0.0
1.0,81.0,0.0,18.0,0.0,0.0
1.0,99.0,0.0,0.0,0.0,0.0
1.0,99.0,0.0,0.0,0.0,0.0
1.0,0.0,38.0,17.0,0.0,0.0
1.0,99.0,0.0,0.0,0.0,0.0
2.0,95.0,0.0,3.0,0.0,0.0
2.0,98.0,0.0,0.0,0.0,0.0
1.0,99.0,0.0,0.0,0.0,0.0
2.0,97.0,1.0,0.0,0.0,0.0
1.0,99.0,0.0,0.0,0.0,0.0
1.0,99.0,0.0,0.0,0.0,0.0
2.0,98.0,0.0,0.0,0.0,0.0
1.0,99.0,0.0,0.0,0.0,0.0
1.0,99.0,0.0,0.0,0.0,0.0
2.0,98.0,0.0,0.0,0.0,0.0
1.0,96.0,0.0,3.0,0.0,0.0
2.0,98.0,0.0,0.0,0.0,0.0
1.0,58.0,0.0,41.0,0.0,0.0
2.0,98.0,0.0,0.0,0.0,0.0
1.0,99.0,0.0,0.0,0.0,0.0
1.0,99.0,0.0,0.0,0.0,0.0
1.0,99.0,0.0,0.0,0.0,0.0
1.0,99.0,0.0,0.0,0.0,0.0
1.0,99.0,0.0,0.0,0.0,0.0
1.0,99.0,0.0,0.0,0.0,0.0
2.0,97.0,0.0,1.0,0.0,0.0
1.0,99.0,0.0,0.0,0.0,0.0
1.0,80.0,0.0,19.0,0.0,0.0
1.0,72.0,0.0,27.0,0.0,0.0
2.0,98.0,0.0,0.0,0.0,0.0
1.0,96.0,0.0,3.0,0.0,0.0
1.0,99.0,0.0,0.0,0.0,0.0
2.0,98.0,0.0,0.0,0.0,0.0
1.0,95.0,0.0,4.0,0.0,0.0
1.0,97.0,0.0,2.0,0.0,0.0
1.0,99.0,0.0,0.0,0.0,0.0
1.0,99.0,0.0,0.0,0.0,0.0
2.0,98.0,0.0,0.0,0.0,0.0
1.0,85.0,0.0,14.0,0.0,0.0
1.0,53.0,0.0,46.0,0.0,0.0
1.0,53.0,0.0,17.0,29.0,0.0
2.0,40.0,0.0,58.0,0.0,0.0
1.0,99.0,0.0,0.0,0.0,0.0
1.0,99.0,0.0,0.0,0.0,0.0
2.0,69.0,0.0,29.0,0.0,0.0
1.0,99.0,0.0,0.0,0.0,0.0
1.0,99.0,0.0,0.0,0.0,0.0
1.0,99.0,0.0,0.0,0.0,0.0
1.0,99.0,0.0,0.0,0.0,0.0
2.0,98.0,0.0,0.0,0.0,0.0
1.0,79.0,0.0,20.0,0.0,0.0
2.0,98.0,0.0,0.0,0.0,0.0
1.0,99.0,0.0,0.0,0.0,0.0
1.0,79.0,0.0,20.0,0.0,0.0
2.0,98.0,0.0,0.0,0.0,0.0
1.0,69.0,0.0,30.0,0.0,0.0
1.0,99.0,0.0,0.0,0.0,0.0
1.0,21.0,0.0,78.0,0.0,0.0
1.0,98.0,1.0,0.0,0.0,0.0
2.0,98.0,0.0,0.0,0.0,0.0
1.0,97.0,0.0,2.0,0.0,0.0
1.0,98.0,0.0,1.0,0.0,0.0
1.0,99.0,0.0,0.0,0.0,0.0
1.0,99.0,0.0,0.0,0.0,0.0
1.0,99.0,0.0,0.0,0.0,0.0
1.0,99.0,0.0,0.0,0.0,0.0
1.0,99.0,0.0,0.0,0.0,0.0
2.0,98.0,0.0,0.0,0.0,0.0
2.0,98.0,0.0,0.0,0.0,0.0
2.0,98.0,0.0,0.0,0.0,0.0
1.0,82.0,0.0,17.0,0.0,0.0
1.0,91.0,0.0,8.0,0.0,0.0
3.0,97.0,0.0,0.0,0.0,0.0
1.0,0.0,0.0,0.0,0.0,0.0
1.0,99.0,0.0,0.0,0.0,0.0
1.0,99.0,0.0,0.0,0.0,0.0
1.0,99.0,0.0,0.0,0.0,0.0
2.0,98.0,0.0,0.0,0.0,0.0
1.0,60.0,0.0,39.0,0.0,0.0
1.0,97.0,0.0,2.0,0.0,0.0
1.0,99.0,0.0,0.0,0.0,0.0
1.0,79.0,0.0,20.0,0.0,0.0
1.0,99.0,0.0,0.0,0.0,0.0
1.0,88.0,0.0,11.0,0.0,0.0
2.0,98.0,0.0,0.0,0.0,0.0
1.0,99.0,0.0,0.0,0.0,0.0
1.0,99.0,0.0,0.0,0.0,0.0
1.0,99.0,0.0,0.0,0.0,0.0
2.0,98.0,0.0,0.0,0.0,0.0
1.0,99.0,0.0,0.0,0.0,0.0
1.0,99.0,0.0,0.0,0.0,0.0
2.0,98.0,0.0,0.0,0.0,0.0
1.0,99.0,0.0,0.0,0.0,0.0
1.0,99.0,0.0,0.0,0.0,0.0
1.0,10.0,0.0,89.0,0.0,0.0
1.0,99.0,0.0,0.0,0.0,0.0
1.0,99.0,0.0,0.0,0.0,0.0
1.0,96.0,0.0,3.0,0.0,0.0
4.0,74.0,0.0,22.0,0.0,0.0
2.0,98.0,0.0,0.0,0.0,0.0
1.0,32.0,0.0,67.0,0.0,0.0
1.0,98.0,1.0,0.0,0.0,0.0
1.0,99.0,0.0,0.0,0.0,0.0
2.0,98.0,0.0,0.0,0.0,0.0
1.0,99.0,0.0,0.0,0.0,0.0
1.0,99.0,0.0,0.0,0.0,0.0
1.0,99.0,0.0,0.0,0.0,0.0
1.0,81.0,0.0,18.0,0.0,0.0
1.0,87.0,0.0,12.0,0.0,0.0
1.0,99.0,0.0,0.0,0.0,0.0
1.0,99.0,0.0,0.0,0.0,0.0
1.0,99.0,0.0,0.0,0.0,0.0
1.0,99.0,0.0,0.0,0.0,0.0
1.0,99.0,0.0,0.0,0.0,0.0
3.0,97.0,0.0,0.0,0.0,0.0
1.0,99.0,0.0,0.0,0.0,0.0
2.0,98.0,0.0,0.0,0.0,0.0
1.0,75.0,0.0,24.0,0.0,0.0
1.0,99.0,0.0,0.0,0.0,0.0
1.0,72.0,0.0,27.0,0.0,0.0
1.0,99.0,0.0,0.0,0.0,0.0
1.0,60.0,0.0,39.0,0.0,0.0
1.0,99.0,0.0,0.0,0.0,0.0
1.0,73.0,0.0,26.0,0.0,0.0
1.0,99.0,0.0,0.0,0.0,0.0
1.0,99.0,0.0,0.0,0.0,0.0
1.0,99.0,0.0,0.0,0.0,0.0
2.0,98.0,0.0,0.0,0.0,0.0
1.0,0.0,0.0,0.0,0.0,0.0
1.0,99.0,0.0,0.0,0.0,0.0
1.0,99.0,0.0,0.0,0.0,0.0
2.0,98.0,0.0,0.0,0.0,0.0
2.0,98.0,0.0,0.0,0.0,0.0
1.0,33.0,0.0,66.0,0.0,0.0
1.0,99.0,0.0,0.0,0.0,0.0
2.0,98.0,0.0,0.0,0.0,0.0
1.0,98.0,0.0,1.0,0.0,0.0
1.0,99.0,0.0,0.0,0.0,0.0
1.0,99.0,0.0,0.0,0.0,0.0
1.0,99.0,0.0,0.0,0.0,0.0
1.0,0.0,62.0,3.0,0.0,0.0
1.0,89.0,0.0,10.0,0.0,0.0
2.0,98.0,0.0,0.0,0.0,0.0
1.0,99.0,0.0,0.0,0.0,0.0
1.0,99.0,0.0,0.0,0.0,0.0
1.0,99.0,0.0,0.0,0.0,0.0
1.0,88.0,0.0,11.0,0.0,0.0
1.0,99.0,0.0,0.0,0.0,0.0
1.0,94.0,0.0,5.0,0.0,0.0
1.0,99.0,0.0,0.0,0.0,0.0
1.0,99.0,0.0,0.0,0.0,0.0
1.0,71.0,0.0,28.0,0.0,0.0
1.0,69.0,0.0,30.0,0.0,0.0
1.0,98.0,1.0,0.0,0.0,0.0
1.0,99.0,0.0,0.0,0.0,0.0
1.0,99.0,0.0,0.0,0.0,0.0
2.0,98.0,0.0,0.0,0.0,0.0
1.0,76.0,0.0,23.0,0.0,0.0
1.0,99.0,0.0,0.0,0.0,0.0
3.0,81.0,0.0,16.0,0.0,0.0
1.0,99.0,0.0,0.0,0.0,0.0
1.0,0.0,0.0,99.0,0.0,0.0
1.0,99.0,0.0,0.0,0.0,0.0
1.0,90.0,0.0,9.0,0.0,0.0
1.0,89.0,0.0,10.0,0.0,0.0
1.0,99.0,0.0,0.0,0.0,0.0
1.0,76.0,0.0,9.0,14.0,0.0
2.0,97.0,1.0,0.0,0.0,0.0
1.0,86.0,0.0,13.0,0.0,0.0
1.0,99.0,0.0,0.0,0.0,0.0
1.0,99.0,0.0,0.0,0.0,0.0
1.0,99.0,0.0,0.0,0.0,0.0
1.0,44.0,0.0,55.0,0.0,0.0
1.0,99.0,0.0,0.0,0.0,0.0
2.0,92.0,0.0,6.0,0.0,0.0
1.0,84.0,1.0,14.0,0.0,0.0
1.0,99.0,0.0,0.0,0.0,0.0
2.0,98.0,0.0,0.0,0.0,0.0
1.0,48.0,0.0,51.0,0.0,0.0
1.0,99.0,0.0,0.0,0.0,0.0
1.0,99.0,0.0,0.0,0.0,0.0
1.0,91.0,0.0,8.0,0.0,0.0
2.0,98.0,0.0,0.0,0.0,0.0
1.0,99.0,0.0,0.0,0.0,0.0
1.0,99.0,0.0,0.0,0.0,0.0
1.0,62.0,1.0,36.0,0.0,0.0
1.0,99.0,0.0,0.0,0.0,0.0
1.0,99.0,0.0,0.0,0.0,0.0
1.0,99.0,0.0,0.0,0.0,0.0
1.0,99.0,0.0,0.0,0.0,0.0
1.0,99.0,0.0,0.0,0.0,0.0
1.0,78.0,0.0,21.0,0.0,0.0
1.0,99.0,0.0,0.0,0.0,0.0
1.0,99.0,0.0,0.0,0.0,0.0
1.0,99.0,0.0,0.0,0.0,0.0
1.0,96.0,0.0,3.0,0.0,0.0
1.0,99.0,0.0,0.0,0.0,0.0
1.0,98.0,0.0,1.0,0.0,0.0
2.0,98.0,0.0,0.0,0.0,0.0
1.0,99.0,0.0,0.0,0.0,0.0
1.0,88.0,0.0,11.0,0.0,0.0
1.0,99.0,0.0,0.0,0.0,0.0
1.0,99.0,0.0,0.0,0.0,0.0
1.0,85.0,0.0,14.0,0.0,0.0
1.0,99.0,0.0,0.0,0.0,0.0
1.0,99.0,0.0,0.0,0.0,0.0
1.0,99.0,0.0,0.0,0.0,0.0
2.0,68.0,0.0,30.0,0.0,0.0
1.0,81.0,0.0,18.0,0.0,0.0
1.0,99.0,0.0,0.0,0.0,0.0
1.0,99.0,0.0,0.0,0.0,0.0
1.0,99.0,0.0,0.0,0.0,0.0
1.0,56.0,0.0,43.0,0.0,0.0
2.0,98.0,0.0,0.0,0.0,0.0
1.0,85.0,0.0,14.0,0.0,0.0
1.0,65.0,0.0,34.0,0.0,0.0
1.0,9.0,0.0,90.0,0.0,0.0
1.0,99.0,0.0,0.0,0.0,0.0
1.0,99.0,0.0,0.0,0.0,0.0
1.0,99.0,0.0,0.0,0.0,0.0
1.0,99.0,0.0,0.0,0.0,0.0
1.0,99.0,0.0,0.0,0.0,0.0
1.0,50.0,0.0,49.0,0.0,0.0
1.0,57.0,0.0,42.0,0.0,0.0
1.0,98.0,1.0,0.0,0.0,0.0
1.0,99.0,0.0,0.0,0.0,0.0
2.0,98.0,0.0,0.0,0.0,0.0
1.0,20.0,0.0,79.0,0.0,0.0
2.0,98.0,0.0,0.0,0.0,0.0
1.0,72.0,0.0,27.0,0.0,0.0
1.0,90.0,0.0,9.0,0.0,0.0
1.0,75.0,0.0,24.0,0.0,0.0
1.0,99.0,0.0,0.0,0.0,0.0
1.0,99.0,0.0,0.0,0.0,0.0
1.0,99.0,0.0,0.0,0.0,0.0
1.0,84.0,0.0,15.0,0.0,0.0
1.0,99.0,0.0,0.0,0.0,0.0
1.0,99.0,0.0,0.0,0.0,0.0
1.0,99.0,0.0,0.0,0.0,0.0
1.0,99.0,0.0,0.0,0.0,0.0
2.0,98.0,0.0,0.0,0.0,0.0
1.0,56.0,0.0,43.0,0.0,0.0
1.0,56.0,0.0,43.0,0.0,0.0
1.0,79.0,0.0,20.0,0.0,0.0
1.0,99.0,0.0,0.0,0.0,0.0
2.0,98.0,0.0,0.0,0.0,0.0
1.0,99.0,0.0,0.0,0.0,0.0
2.0,98.0,0.0,0.0,0.0,0.0
1.0,98.0,1.0,0.0,0.0,0.0
1.0,99.0,0.0,0.0,0.0,0.0
1.0,99.0,0.0,0.0,0.0,0.0
1.0,84.0,0.0,15.0,0.0,0.0
2.0,98.0,0.0,0.0,0.0,0.0
3.0,88.0,0.0,9.0,0.0,0.0
1.0,99.0,0.0,0.0,0.0,0.0
1.0,99.0,0.0,0.0,0.0,0.0
1.0,99.0,0.0,0.0,0.0,0.0
2.0,98.0,0.0,0.0,0.0,0.0
2.0,98.0,0.0,0.0,0.0,0.0
1.0,99.0,0.0,0.0,0.0,0.0
1.0,57.0,0.0,42.0,0.0,0.0
1.0,99.0,0.0,0.0,0.0,0.0
4.0,96.0,0.0,0.0,0.0,0.0
1.0,27.0,0.0,72.0,0.0,0.0
1.0,99.0,0.0,0.0,0.0,0.0
1.0,99.0,0.0,0.0,0.0,0.0
1.0,99.0,0.0,0.0,0.0,0.0
1.0,99.0,0.0,0.0,0.0,0.0
1.0,99.0,0.0,0.0,0.0,0.0
2.0,98.0,0.0,0.0,0.0,0.0
1.0,99.0,0.0,0.0,0.0,0.0
1.0,99.0,0.0,0.0,0.0,0.0
1.0,99.0,0.0,0.0,0.0,0.0
1.0,99.0,0.0,0.0,0.0,0.0
1.0,66.0,0.0,33.0,0.0,0.0
2.0,97.0,1.0,0.0,0.0,0.0
2.0,98.0,0.0,0.0,0.0,0.0
1.0,91.0,1.0,7.0,0.0,0.0
1.0,70.0,0.0,29.0,0.0,0.0
1.0,99.0,0.0,0.0,0.0,0.0
1.0,59.0,0.0,40.0,0.0,0.0
1.0,98.0,1.0,0.0,0.0,0.0
1.0,85.0,0.0,14.0,0.0,0.0
1.0,76.0,0.0,23.0,0.0,0.0
1.0,99.0,0.0,0.0,0.0,0.0
1.0,99.0,0.0,0.0,0.0,0.0
2.0,0.0,0.0,98.0,0.0,0.0
1.0,99.0,0.0,0.0,0.0,0.0
1.0,99.0,0.0,0.0,0.0,0.0
1.0,99.0,0.0,0.0,0.0,0.0
1.0,99.0,0.0,0.0,0.0,0.0
1.0,92.0,0.0,7.0,0.0,0.0
2.0,98.0,0.0,0.0,0.0,0.0
1.0,98.0,0.0,1.0,0.0,0.0
2.0,98.0,0.0,0.0,0.0,0.0
1.0,99.0,0.0,0.0,0.0,0.0
1.0,98.0,0.0,1.0,0.0,0.0
2.0,98.0,0.0,0.0,0.0,0.0
1.0,99.0,0.0,0.0,0.0,0.0
1.0,99.0,0.0,0.0,0.0,0.0
1.0,99.0,0.0,0.0,0.0,0.0
1.0,99.0,0.0,0.0,0.0,0.0
1.0,99.0,0.0,0.0,0.0,0.0
2.0,95.0,0.0,3.0,0.0,0.0
2.0,98.0,0.0,0.0,0.0,0.0
1.0,99.0,0.0,0.0,0.0,0.0
1.0,99.0,0.0,0.0,0.0,0.0
3.0,97.0,0.0,0.0,0.0,0.0
1.0,99.0,0.0,0.0,0.0,0.0
1.0,99.0,0.0,0.0,0.0,0.0
1.0,99.0,0.0,0.0,0.0,0.0
1.0,99.0,0.0,0.0,0.0,0.0
1.0,98.0,1.0,0.0,0.0,0.0
1.0,99.0,0.0,0.0,0.0,0.0
1.0,80.0,0.0,19.0,0.0,0.0
1.0,67.0,0.0,32.0,0.0,0.0
2.0,98.0,0.0,0.0,0.0,0.0
1.0,88.0,0.0,11.0,0.0,0.0
1.0,92.0,0.0,7.0,0.0,0.0
1.0,99.0,0.0,0.0,0.0,0.0
1.0,99.0,0.0,0.0,0.0,0.0
1.0,99.0,0.0,0.0,0.0,0.0
1.0,98.0,1.0,0.0,0.0,0.0
1.0,99.0,0.0,0.0,0.0,0.0
1.0,99.0,0.0,0.0,0.0,0.0
1.0,99.0,0.0,0.0,0.0,0.0
3.0,97.0,0.0,0.0,0.0,0.0
1.0,99.0,0.0,0.0,0.0,0.0
1.0,79.0,0.0,20.0,0.0,0.0
1.0,99.0,0.0,0.0,0.0,0.0
2.0,98.0,0.0,0.0,0.0,0.0
2.0,98.0,0.0,0.0,0.0,0.0
1.0,99.0,0.0,0.0,0.0,0.0
1.0,93.0,0.0,6.0,0.0,0.0
3.0,97.0,0.0,0.0,0.0,0.0
1.0,99.0,0.0,0.0,0.0,0.0
2.0,78.0,0.0,20.0,0.0,0.0
1.0,78.0,0.0,21.0,0.0,0.0
1.0,99.0,0.0,0.0,0.0,0.0
1.0,99.0,0.0,0.0,0.0,0.0
2.0,79.0,0.0,19.0,0.0,0.0
1.0,90.0,0.0,9.0,0.0,0.0
1.0,99.0,0.0,0.0,0.0,0.0
1.0,99.0,0.0,0.0,0.0,0.0
1.0,98.0,1.0,0.0,0.0,0.0
1.0,99.0,0.0,0.0,0.0,0.0
1.0,99.0,0.0,0.0,0.0,0.0
1.0,89.0,0.0,10.0,0.0,0.0
1.0,86.0,0.0,13.0,0.0,0.0
1.0,99.0,0.0,0.0,0.0,0.0
1.0,99.0,0.0,0.0,0.0,0.0
2.0,98.0,0.0,0.0,0.0,0.0
1.0,83.0,0.0,16.0,0.0,0.0
2.0,98.0,0.0,0.0,0.0,0.0
1.0,99.0,0.0,0.0,0.0,0.0
3.0,97.0,0.0,0.0,0.0,0.0
1.0,99.0,0.0,0.0,0.0,0.0
1.0,99.0,0.0,0.0,0.0,0.0
2.0,53.0,0.0,45.0,0.0,0.0
1.0,99.0,0.0,0.0,0.0,0.0
1.0,99.0,0.0,0.0,0.0,0.0
1.0,82.0,0.0,17.0,0.0,0.0
1.0,99.0,0.0,0.0,0.0,0.0
1.0,91.0,0.0,8.0,0.0,0.0
2.0,98.0,0.0,0.0,0.0,0.0
1.0,54.0,0.0,45.0,0.0,0.0
1.0,99.0,0.0,0.0,0.0,0.0
2.0,98.0,0.0,0.0,0.0,0.0
1.0,99.0,0.0,0.0,0.0,0.0
3.0,63.0,0.0,34.0,0.0,0.0
2.0,98.0,0.0,0.0,0.0,0.0
1.0,99.0,0.0,0.0,0.0,0.0
1.0,99.0,0.0,0.0,0.0,0.0
1.0,92.0,0.0,7.0,0.0,0.0
1.0,26.0,0.0,73.0,0.0,0.0
3.0,97.0,0.0,0.0,0.0,0.0
1.0,98.0,1.0,0.0,0.0,0.0
2.0,98.0,0.0,0.0,0.0,0.0
1.0,99.0,0.0,0.0,0.0,0.0
1.0,99.0,0.0,0.0,0.0,0.0
1.0,99.0,0.0,0.0,0.0,0.0
1.0,92.0,0.0,7.0,0.0,0.0
1.0,99.0,0.0,0.0,0.0,0.0
1.0,99.0,0.0,0.0,0.0,0.0
1.0,82.0,0.0,17.0,0.0,0.0
1.0,98.0,0.0,1.0,0.0,0.0
1.0,78.0,0.0,21.0,0.0,0.0
2.0,98.0,0.0,0.0,0.0,0.0
1.0,99.0,0.0,0.0,0.0,0.0
1.0,99.0,0.0,0.0,0.0,0.0
1.0,93.0,0.0,6.0,0.0,0.0
1.0,99.0,0.0,0.0,0.0,0.0
1.0,99.0,0.0,0.0,0.0,0.0
1.0,99.0,0.0,0.0,0.0,0.0
1.0,99.0,0.0,0.0,0.0,0.0
1.0,75.0,0.0,24.0,0.0,0.0
1.0,93.0,0.0,6.0,0.0,0.0
1.0,99.0,0.0,0.0,0.0,0.0
1.0,91.0,0.0,8.0,0.0,0.0
1.0,99.0,0.0,0.0,0.0,0.0
1.0,50.0,0.0,49.0,0.0,0.0
2.0,95.0,0.0,3.0,0.0,0.0
2.0,98.0,0.0,0.0,0.0,0.0
1.0,99.0,0.0,0.0,0.0,0.0
1.0,99.0,0.0,0.0,0.0,0.0
1.0,99.0,0.0,0.0,0.0,0.0
2.0,98.0,0.0,0.0,0.0,0.0
1.0,99.0,0.0,0.0,0.0,0.0
1.0,99.0,0.0,0.0,0.0,0.0
1.0,71.0,0.0,28.0,0.0,0.0
1.0,99.0,0.0,0.0,0.0,0.0
1.0,78.0,1.0,20.0,0.0,0.0
1.0,99.0,0.0,0.0,0.0,0.0
1.0,99.0,0.0,0.0,0.0,0.0
3.0,84.0,0.0,13.0,0.0,0.0
1.0,99.0,0.0,0.0,0.0,0.0
1.0,89.0,0.0,10.0,0.0,0.0
1.0,99.0,0.0,0.0,0.0,0.0
1.0,99.0,0.0,0.0,0.0,0.0
1.0,99.0,0.0,0.0,0.0,0.0
1.0,99.0,0.0,0.0,0.0,0.0
1.0,99.0,0.0,0.0,0.0,0.0
1.0,99.0,0.0,0.0,0.0,0.0
1.0,99.0,0.0,0.0,0.0,0.0
1.0,99.0,0.0,0.0,0.0,0.0
1.0,58.0,0.0,41.0,0.0,0.0
1.0,99.0,0.0,0.0,0.0,0.0
2.0,98.0,0.0,0.0,0.0,0.0
1.0,99.0,0.0,0.0,0.0,0.0
1.0,99.0,0.0,0.0,0.0,0.0
1.0,99.0,0.0,0.0,0.0,0.0
1.0,0.0,0.0,99.0,0.0,0.0
2.0,98.0,0.0,0.0,0.0,0.0
1.0,88.0,0.0,11.0,0.0,0.0
1.0,99.0,0.0,0.0,0.0,0.0
1.0,96.0,0.0,3.0,0.0,0.0
1.0,99.0,0.0,0.0,0.0,0.0
1.0,86.0,0.0,13.0,0.0,0.0
1.0,78.0,0.0,21.0,0.0,0.0
1.0,99.0,0.0,0.0,0.0,0.0
1.0,71.0,0.0,28.0,0.0,0.0
1.0,99.0,0.0,0.0,0.0,0.0
1.0,99.0,0.0,0.0,0.0,0.0
1.0,99.0,0.0,0.0,0.0,0.0
1.0,99.0,0.0,0.0,0.0,0.0
1.0,51.0,0.0,48.0,0.0,0.0
1.0,0.0,0.0,99.0,0.0,0.0
2.0,98.0,0.0,0.0,0.0,0.0
1.0,59.0,0.0,40.0,0.0,0.0
2.0,98.0,0.0,0.0,0.0,0.0
1.0,99.0,0.0,0.0,0.0,0.0
1.0,99.0,0.0,0.0,0.0,0.0
1.0,99.0,0.0,0.0,0.0,0.0
1.0,99.0,0.0,0.0,0.0,0.0
2.0,98.0,0.0,0.0,0.0,0.0
1.0,99.0,0.0,0.0,0.0,0.0
1.0,63.0,0.0,36.0,0.0,0.0
2.0,98.0,0.0,0.0,0.0,0.0
1.0,3.0,0.0,96.0,0.0,0.0
1.0,99.0,0.0,0.0,0.0,0.0
1.0,99.0,0.0,0.0,0.0,0.0
1.0,90.0,0.0,9.0,0.0,0.0
1.0,99.0,0.0,0.0,0.0,0.0
1.0,66.0,0.0,33.0,0.0,0.0
1.0,99.0,0.0,0.0,0.0,0.0
2.0,98.0,0.0,0.0,0.0,0.0
1.0,99.0,0.0,0.0,0.0,0.0
1.0,99.0,0.0,0.0,0.0,0.0
1.0,99.0,0.0,0.0,0.0,0.0
1.0,19.0,0.0,80.0,0.0,0.0
1.0,99.0,0.0,0.0,0.0,0.0
2.0,98.0,0.0,0.0,0.0,0.0
1.0,99.0,0.0,0.0,0.0,0.0
1.0,99.0,0.0,0.0,0.0,0.0
1.0,74.0,0.0,25.0,0.0,0.0
1.0,75.0,1.0,23.0,0.0,0.0
1.0,75.0,0.0,24.0,0.0,0.0
1.0,90.0,0.0,9.0,0.0,0.0
2.0,98.0,0.0,0.0,0.0,0.0
1.0,99.0,0.0,0.0,0.0,0.0
1.0,99.0,0.0,0.0,0.0,0.0
1.0,99.0,0.0,0.0,0.0,0.0
1.0,73.0,0.0,26.0,0.0,0.0
1.0,99.0,0.0,0.0,0.0,0.0
1.0,69.0,0.0,30.0,0.0,0.0
1.0,57.0,0.0,42.0,0.0,0.0
1.0,89.0,0.0,10.0,0.0,0.0
1.0,99.0,0.0,0.0,0.0,0.0
1.0,99.0,0.0,0.0,0.0,0.0
1.0,99.0,0.0,0.0,0.0,0.0
1.0,99.0,0.0,0.0,0.0,0.0
1.0,99.0,0.0,0.0,0.0,0.0
1.0,53.0,0.0,46.0,0.0,0.0
1.0,99.0,0.0,0.0,0.0,0.0
1.0,99.0,0.0,0.0,0.0,0.0
2.0,29.0,0.0,69.0,0.0,0.0
1.0,99.0,0.0,0.0,0.0,0.0
1.0,98.0,1.0,0.0,0.0,0.0
1.0,99.0,0.0,0.0,0.0,0.0
1.0,99.0,0.0,0.0,0.0,0.0
1.0,99.0,0.0,0.0,0.0,0.0
1.0,99.0,0.0,0.0,0.0,0.0
1.0,99.0,0.0,0.0,0.0,0.0
1.0,99.0,0.0,0.0,0.0,0.0
1.0,99.0,0.0,0.0,0.0,0.0
1.0,99.0,0.0,0.0,0.0,0.0
1.0,98.0,0.0,1.0,0.0,0.0
1.0,83.0,0.0,16.0,0.0,0.0
1.0,79.0,0.0,20.0,0.0,0.0
1.0,99.0,0.0,0.0,0.0,0.0
2.0,98.0,0.0,0.0,0.0,0.0
1.0,99.0,0.0,0.0,0.0,0.0
1.0,67.0,0.0,32.0,0.0,0.0
1.0,14.0,0.0,85.0,0.0,0.0
2.0,59.0,0.0,39.0,0.0,0.0
1.0,75.0,0.0,24.0,0.0,0.0
1.0,0.0,0.0,0.0,0.0,0.0
1.0,22.0,0.0,77.0,0.0,0.0
1.0,78.0,2.0,19.0,0.0,0.0
1.0,99.0,0.0,0.0,0.0,0.0
1.0,99.0,0.0,0.0,0.0,0.0
1.0,96.0,0.0,3.0,0.0,0.0
1.0,55.0,0.0,44.0,0.0,0.0
1.0,0.0,0.0,99.0,0.0,0.0
1.0,99.0,0.0,0.0,0.0,0.0
1.0,67.0,0.0,32.0,0.0,0.0
2.0,82.0,0.0,16.0,0.0,0.0
2.0,98.0,0.0,0.0,0.0,0.0
1.0,99.0,0.0,0.0,0.0,0.0
1.0,99.0,0.0,0.0,0.0,0.0
1.0,99.0,0.0,0.0,0.0,0.0
1.0,99.0,0.0,0.0,0.0,0.0
1.0,99.0,0.0,0.0,0.0,0.0
1.0,39.0,0.0,60.0,0.0,0.0
1.0,99.0,0.0,0.0,0.0,0.0
1.0,80.0,0.0,19.0,0.0,0.0
1.0,96.0,0.0,3.0,0.0,0.0
2.0,0.0,59.0,24.0,0.0,0.0
2.0,68.0,0.0,30.0,0.0,0.0
1.0,98.0,1.0,0.0,0.0,0.0
2.0,59.0,0.0,39.0,0.0,0.0
1.0,77.0,0.0,22.0,0.0,0.0
1.0,99.0,0.0,0.0,0.0,0.0
1.0,99.0,0.0,0.0,0.0,0.0
1.0,99.0,0.0,0.0,0.0,0.0
1.0,99.0,0.0,0.0,0.0,0.0
1.0,99.0,0.0,0.0,0.0,0.0
1.0,99.0,0.0,0.0,0.0,0.0
1.0,99.0,0.0,0.0,0.0,0.0
1.0,99.0,0.0,0.0,0.0,0.0
1.0,99.0,0.0,0.0,0.0,0.0
1.0,22.0,0.0,77.0,0.0,0.0
1.0,99.0,0.0,0.0,0.0,0.0
1.0,99.0,0.0,0.0,0.0,0.0
1.0,99.0,0.0,0.0,0.0,0.0
1.0,99.0,0.0,0.0,0.0,0.0
1.0,99.0,0.0,0.0,0.0,0.0
2.0,98.0,0.0,0.0,0.0,0.0
1.0,99.0,0.0,0.0,0.0,0.0
1.0,99.0,0.0,0.0,0.0,0.0
2.0,98.0,0.0,0.0,0.0,0.0
1.0,99.0,0.0,0.0,0.0,0.0
1.0,99.0,0.0,0.0,0.0,0.0
2.0,49.0,0.0,49.0,0.0,0.0
1.0,99.0,0.0,0.0,0.0,0.0
1.0,98.0,1.0,0.0,0.0,0.0
2.0,78.0,0.0,20.0,0.0,0.0
1.0,99.0,0.0,0.0,0.0,0.0
1.0,99.0,0.0,0.0,0.0,0.0
2.0,98.0,0.0,0.0,0.0,0.0
1.0,99.0,0.0,0.0,0.0,0.0
1.0,84.0,0.0,15.0,0.0,0.0
1.0,99.0,0.0,0.0,0.0,0.0
1.0,96.0,0.0,3.0,0.0,0.0
1.0,91.0,0.0,8.0,0.0,0.0
1.0,99.0,0.0,0.0,0.0,0.0
1.0,99.0,0.0,0.0,0.0,0.0
1.0,99.0,0.0,0.0,0.0,0.0
1.0,99.0,0.0,0.0,0.0,0.0
1.0,99.0,0.0,0.0,0.0,0.0
2.0,98.0,0.0,0.0,0.0,0.0
2.0,60.0,0.0,38.0,0.0,0.0
1.0,99.0,0.0,0.0,0.0,0.0
1.0,99.0,0.0,0.0,0.0,0.0
1.0,36.0,0.0,63.0,0.0,0.0
1.0,92.0,0.0,7.0,0.0,0.0
1.0,64.0,0.0,35.0,0.0,0.0
1.0,47.0,0.0,52.0,0.0,0.0
1.0,99.0,0.0,0.0,0.0,0.0
1.0,99.0,0.0,0.0,0.0,0.0
1.0,67.0,0.0,32.0,0.0,0.0
1.0,99.0,0.0,0.0,0.0,0.0
1.0,99.0,0.0,0.0,0.0,0.0
1.0,99.0,0.0,0.0,0.0,0.0
1.0,91.0,0.0,8.0,0.0,0.0
1.0,99.0,0.0,0.0,0.0,0.0
1.0,99.0,0.0,0.0,0.0,0.0
1.0,99.0,0.0,0.0,0.0,0.0
1.0,99.0,0.0,0.0,0.0,0.0
1.0,99.0,0.0,0.0,0.0,0.0
1.0,59.0,0.0,40.0,0.0,0.0
1.0,47.0,0.0,52.0,0.0,0.0
1.0,99.0,0.0,0.0,0.0,0.0
1.0,99.0,0.0,0.0,0.0,0.0
1.0,99.0,0.0,0.0,0.0,0.0
1.0,99.0,0.0,0.0,0.0,0.0
1.0,53.0,0.0,46.0,0.0,0.0
2.0,98.0,0.0,0.0,0.0,0.0
1.0,95.0,0.0,4.0,0.0,0.0
1.0,99.0,0.0,0.0,0.0,0.0
1.0,99.0,0.0,0.0,0.0,0.0
2.0,98.0,0.0,0.0,0.0,0.0
1.0,99.0,0.0,0.0,0.0,0.0
1.0,59.0,0.0,40.0,0.0,0.0
1.0,99.0,0.0,0.0,0.0,0.0
1.0,99.0,0.0,0.0,0.0,0.0
1.0,99.0,0.0,0.0,0.0,0.0
1.0,84.0,0.0,15.0,0.0,0.0
2.0,98.0,0.0,0.0,0.0,0.0
1.0,99.0,0.0,0.0,0.0,0.0
1.0,61.0,0.0,38.0,0.0,0.0
1.0,99.0,0.0,0.0,0.0,0.0
1.0,97.0,0.0,2.0,0.0,0.0
1.0,99.0,0.0,0.0,0.0,0.0
1.0,0.0,1.0,98.0,0.0,0.0
2.0,39.0,0.0,59.0,0.0,0.0
1.0,99.0,0.0,0.0,0.0,0.0
1.0,99.0,0.0,0.0,0.0,0.0
2.0,58.0,0.0,40.0,0.0,0.0
1.0,53.0,0.0,46.0,0.0,0.0
1.0,99.0,0.0,0.0,0.0,0.0
1.0,73.0,0.0,26.0,0.0,0.0
1.0,0.0,0.0,99.0,0.0,0.0
1.0,99.0,0.0,0.0,0.0,0.0
1.0,97.0,0.0,2.0,0.0,0.0
1.0,99.0,0.0,0.0,0.0,0.0
1.0,95.0,0.0,4.0,0.0,0.0
2.0,98.0,0.0,0.0,0.0,0.0
1.0,80.0,0.0,19.0,0.0,0.0
2.0,58.0,0.0,40.0,0.0,0.0
1.0,99.0,0.0,0.0,0.0,0.0
1.0,99.0,0.0,0.0,0.0,0.0
1.0,99.0,0.0,0.0,0.0,0.0
1.0,99.0,0.0,0.0,0.0,0.0
1.0,93.0,0.0,6.0,0.0,0.0
1.0,30.0,0.0,69.0,0.0,0.0
1.0,99.0,0.0,0.0,0.0,0.0
1.0,99.0,0.0,0.0,0.0,0.0
1.0,0.0,0.0,99.0,0.0,0.0
1.0,99.0,0.0,0.0,0.0,0.0
1.0,99.0,0.0,0.0,0.0,0.0
1.0,99.0,0.0,0.0,0.0,0.0
1.0,99.0,0.0,0.0,0.0,0.0
1.0,99.0,0.0,0.0,0.0,0.0
2.0,98.0,0.0,0.0,0.0,0.0
1.0,90.0,0.0,9.0,0.0,0.0
2.0,98.0,0.0,0.0,0.0,0.0
2.0,98.0,0.0,0.0,0.0,0.0
1.0,39.0,0.0,60.0,0.0,0.0
2.0,83.0,0.0,15.0,0.0,0.0
1.0,0.0,0.0,99.0,0.0,0.0
1.0,98.0,0.0,1.0,0.0,0.0
1.0,99.0,0.0,0.0,0.0,0.0
1.0,99.0,0.0,0.0,0.0,0.0
1.0,35.0,0.0,64.0,0.0,0.0
1.0,99.0,0.0,0.0,0.0,0.0
1.0,0.0,64.0,20.0,0.0,0.0
1.0,99.0,0.0,0.0,0.0,0.0
1.0,99.0,0.0,0.0,0.0,0.0
1.0,99.0,0.0,0.0,0.0,0.0
1.0,77.0,0.0,22.0,0.0,0.0
1.0,99.0,0.0,0.0,0.0,0.0
1.0,34.0,0.0,65.0,0.0,0.0
1.0,99.0,0.0,0.0,0.0,0.0
1.0,81.0,0.0,18.0,0.0,0.0
1.0,99.0,0.0,0.0,0.0,0.0
1.0,99.0,0.0,0.0,0.0,0.0
1.0,99.0,0.0,0.0,0.0,0.0
1.0,91.0,0.0,8.0,0.0,0.0
1.0,96.0,0.0,3.0,0.0,0.0
2.0,98.0,0.0,0.0,0.0,0.0
1.0,91.0,0.0,8.0,0.0,0.0
1.0,99.0,0.0,0.0,0.0,0.0
1.0,99.0,0.0,0.0,0.0,0.0
1.0,99.0,0.0,0.0,0.0,0.0
1.0,99.0,0.0,0.0,0.0,0.0
1.0,99.0,0.0,0.0,0.0,0.0
1.0,99.0,0.0,0.0,0.0,0.0
1.0,99.0,0.0,0.0,0.0,0.0
1.0,87.0,0.0,12.0,0.0,0.0
1.0,99.0,0.0,0.0,0.0,0.0
2.0,98.0,0.0,0.0,0.0,0.0
1.0,50.0,0.0,49.0,0.0,0.0
2.0,98.0,0.0,0.0,0.0,0.0
1.0,99.0,0.0,0.0,0.0,0.0
1.0,43.0,0.0,56.0,0.0,0.0
1.0,99.0,0.0,0.0,0.0,0.0
1.0,74.0,0.0,25.0,0.0,0.0
1.0,99.0,0.0,0.0,0.0,0.0
2.0,98.0,0.0,0.0,0.0,0.0
1.0,99.0,0.0,0.0,0.0,0.0
1.0,99.0,0.0,0.0,0.0,0.0
1.0,99.0,0.0,0.0,0.0,0.0
1.0,99.0,0.0,0.0,0.0,0.0
1.0,63.0,0.0,36.0,0.0,0.0
1.0,99.0,0.0,0.0,0.0,0.0
1.0,99.0,0.0,0.0,0.0,0.0
1.0,99.0,0.0,0.0,0.0,0.0
1.0,75.0,0.0,24.0,0.0,0.0
1.0,99.0,0.0,0.0,0.0,0.0
1.0,87.0,1.0,11.0,0.0,0.0
1.0,99.0,0.0,0.0,0.0,0.0
1.0,99.0,0.0,0.0,0.0,0.0
1.0,94.0,0.0,5.0,0.0,0.0
2.0,98.0,0.0,0.0,0.0,0.0
1.0,58.0,0.0,41.0,0.0,0.0
1.0,99.0,0.0,0.0,0.0,0.0
1.0,98.0,1.0,0.0,0.0,0.0
2.0,98.0,0.0,0.0,0.0,0.0
1.0,99.0,0.0,0.0,0.0,0.0
1.0,99.0,0.0,0.0,0.0,0.0
2.0,98.0,0.0,0.0,0.0,0.0
1.0,99.0,0.0,0.0,0.0,0.0
1.0,99.0,0.0,0.0,0.0,0.0
1.0,99.0,0.0,0.0,0.0,0.0
1.0,99.0,0.0,0.0,0.0,0.0
1.0,0.0,0.0,99.0,0.0,0.0
1.0,98.0,1.0,0.0,0.0,0.0
1.0,99.0,0.0,0.0,0.0,0.0
3.0,97.0,0.0,0.0,0.0,0.0
1.0,99.0,0.0,0.0,0.0,0.0
1.0,41.0,0.0,58.0,0.0,0.0
1.0,99.0,0.0,0.0,0.0,0.0
1.0,79.0,0.0,20.0,0.0,0.0
1.0,99.0,0.0,0.0,0.0,0.0
1.0,99.0,0.0,0.0,0.0,0.0
1.0,99.0,0.0,0.0,0.0,0.0
1.0,99.0,0.0,0.0,0.0,0.0
1.0,92.0,0.0,7.0,0.0,0.0
1.0,99.0,0.0,0.0,0.0,0.0
1.0,0.0,0.0,99.0,0.0,0.0
1.0,99.0,0.0,0.0,0.0,0.0
1.0,99.0,0.0,0.0,0.0,0.0
1.0,99.0,0.0,0.0,0.0,0.0
2.0,0.0,0.0,98.0,0.0,0.0
2.0,95.0,0.0,3.0,0.0,0.0
1.0,99.0,0.0,0.0,0.0,0.0
1.0,99.0,0.0,0.0,0.0,0.0
2.0,98.0,0.0,0.0,0.0,0.0
1.0,99.0,0.0,0.0,0.0,0.0
1.0,64.0,0.0,35.0,0.0,0.0
1.0,99.0,0.0,0.0,0.0,0.0
1.0,59.0,0.0,40.0,0.0,0.0
1.0,99.0,0.0,0.0,0.0,0.0
1.0,95.0,0.0,4.0,0.0,0.0
1.0,99.0,0.0,0.0,0.0,0.0
1.0,99.0,0.0,0.0,0.0,0.0
1.0,99.0,0.0,0.0,0.0,0.0
1.0,79.0,1.0,19.0,0.0,0.0
1.0,95.0,0.0,4.0,0.0,0.0
1.0,99.0,0.0,0.0,0.0,0.0
1.0,99.0,0.0,0.0,0.0,0.0
1.0,99.0,0.0,0.0,0.0,0.0
1.0,99.0,0.0,0.0,0.0,0.0
1.0,99.0,0.0,0.0,0.0,0.0
1.0,99.0,0.0,0.0,0.0,0.0
1.0,99.0,0.0,0.0,0.0,0.0
1.0,99.0,0.0,0.0,0.0,0.0
2.0,98.0,0.0,0.0,0.0,0.0
1.0,99.0,0.0,0.0,0.0,0.0
1.0,99.0,0.0,0.0,0.0,0.0
2.0,98.0,0.0,0.0,0.0,0.0
1.0,99.0,0.0,0.0,0.0,0.0
1.0,99.0,0.0,0.0,0.0,0.0
1.0,0.0,0.0,99.0,0.0,0.0
1.0,99.0,0.0,0.0,0.0,0.0
1.0,99.0,0.0,0.0,0.0,0.0
2.0,90.0,0.0,8.0,0.0,0.0
1.0,99.0,0.0,0.0,0.0,0.0
1.0,99.0,0.0,0.0,0.0,0.0
1.0,99.0,0.0,0.0,0.0,0.0
1.0,5.0,0.0,94.0,0.0,0.0
1.0,99.0,0.0,0.0,0.0,0.0
1.0,99.0,0.0,0.0,0.0,0.0
1.0,99.0,0.0,0.0,0.0,0.0
2.0,98.0,0.0,0.0,0.0,0.0
1.0,69.0,0.0,30.0,0.0,0.0
1.0,99.0,0.0,0.0,0.0,0.0
2.0,94.0,0.0,4.0,0.0,0.0
1.0,99.0,0.0,0.0,0.0,0.0
3.0,62.0,0.0,35.0,0.0,0.0
1.0,0.0,0.0,99.0,0.0,0.0
1.0,99.0,0.0,0.0,0.0,0.0
1.0,99.0,0.0,0.0,0.0,0.0
2.0,97.0,0.0,1.0,0.0,0.0
1.0,99.0,0.0,0.0,0.0,0.0
1.0,99.0,0.0,0.0,0.0,0.0
1.0,99.0,0.0,0.0,0.0,0.0
1.0,94.0,0.0,5.0,0.0,0.0
1.0,99.0,0.0,0.0,0.0,0.0
1.0,99.0,0.0,0.0,0.0,0.0
1.0,33.0,0.0,66.0,0.0,0.0
1.0,0.0,0.0,99.0,0.0,0.0
1.0,99.0,0.0,0.0,0.0,0.0
1.0,39.0,0.0,60.0,0.0,0.0
1.0,97.0,0.0,2.0,0.0,0.0
1.0,99.0,0.0,0.0,0.0,0.0
1.0,0.0,0.0,99.0,0.0,0.0
1.0,99.0,0.0,0.0,0.0,0.0
2.0,98.0,0.0,0.0,0.0,0.0
1.0,99.0,0.0,0.0,0.0,0.0
2.0,98.0,0.0,0.0,0.0,0.0
1.0,54.0,0.0,45.0,0.0,0.0
1.0,87.0,0.0,12.0,0.0,0.0
1.0,99.0,0.0,0.0,0.0,0.0
1.0,0.0,6.0,73.0,0.0,0.0
1.0,99.0,0.0,0.0,0.0,0.0
1.0,99.0,0.0,0.0,0.0,0.0
1.0,99.0,0.0,0.0,0.0,0.0
1.0,99.0,0.0,0.0,0.0,0.0
2.0,98.0,0.0,0.0,0.0,0.0
1.0,99.0,0.0,0.0,0.0,0.0
1.0,97.0,0.0,2.0,0.0,0.0
1.0,99.0,0.0,0.0,0.0,0.0
1.0,99.0,0.0,0.0,0.0,0.0
1.0,99.0,0.0,0.0,0.0,0.0
1.0,99.0,0.0,0.0,0.0,0.0
1.0,99.0,0.0,0.0,0.0,0.0
1.0,99.0,0.0,0.0,0.0,0.0
1.0,89.0,0.0,10.0,0.0,0.0
1.0,62.0,0.0,37.0,0.0,0.0
1.0,99.0,0.0,0.0,0.0,0.0
2.0,98.0,0.0,0.0,0.0,0.0
1.0,99.0,0.0,0.0,0.0,0.0
1.0,99.0,0.0,0.0,0.0,0.0
1.0,33.0,0.0,66.0,0.0,0.0
1.0,42.0,0.0,57.0,0.0,0.0
2.0,98.0,0.0,0.0,0.0,0.0
1.0,99.0,0.0,0.0,0.0,0.0
1.0,75.0,0.0,24.0,0.0,0.0
1.0,12.0,0.0,87.0,0.0,0.0
1.0,99.0,0.0,0.0,0.0,0.0
2.0,98.0,0.0,0.0,0.0,0.0
1.0,60.0,0.0,39.0,0.0,0.0
1.0,98.0,1.0,0.0,0.0,0.0
1.0,99.0,0.0,0.0,0.0,0.0
1.0,99.0,0.0,0.0,0.0,0.0
1.0,83.0,0.0,16.0,0.0,0.0
1.0,99.0,0.0,0.0,0.0,0.0
1.0,0.0,0.0,99.0,0.0,0.0
1.0,99.0,0.0,0.0,0.0,0.0
1.0,99.0,0.0,0.0,0.0,0.0
1.0,98.0,0.0,1.0,0.0,0.0
1.0,0.0,0.0,99.0,0.0,0.0
1.0,99.0,0.0,0.0,0.0,0.0
1.0,99.0,0.0,0.0,0.0,0.0
1.0,99.0,0.0,0.0,0.0,0.0
1.0,99.0,0.0,0.0,0.0,0.0
1.0,0.0,1.0,79.0,0.0,0.0
2.0,57.0,0.0,41.0,0.0,0.0
1.0,99.0,0.0,0.0,0.0,0.0
1.0,99.0,0.0,0.0,0.0,0.0
2.0,0.0,0.0,98.0,0.0,0.0
1.0,99.0,0.0,0.0,0.0,0.0
1.0,99.0,0.0,0.0,0.0,0.0
1.0,84.0,0.0,15.0,0.0,0.0
3.0,87.0,0.0,10.0,0.0,0.0
1.0,91.0,0.0,8.0,0.0,0.0
1.0,99.0,0.0,0.0,0.0,0.0
1.0,99.0,0.0,0.0,0.0,0.0
1.0,99.0,0.0,0.0,0.0,0.0
1.0,99.0,0.0,0.0,0.0,0.0
2.0,34.0,0.0,64.0,0.0,0.0
1.0,99.0,0.0,0.0,0.0,0.0
1.0,99.0,0.0,0.0,0.0,0.0
2.0,98.0,0.0,0.0,0.0,0.0
1.0,99.0,0.0,0.0,0.0,0.0
1.0,0.0,0.0,99.0,0.0,0.0
1.0,99.0,0.0,0.0,0.0,0.0
1.0,99.0,0.0,0.0,0.0,0.0
1.0,0.0,0.0,99.0,0.0,0.0
1.0,99.0,0.0,0.0,0.0,0.0
1.0,99.0,0.0,0.0,0.0,0.0
1.0,20.0,0.0,79.0,0.0,0.0
1.0,99.0,0.0,0.0,0.0,0.0
1.0,68.0,0.0,31.0,0.0,0.0
1.0,99.0,0.0,0.0,0.0,0.0
1.0,99.0,0.0,0.0,0.0,0.0
3.0,97.0,0.0,0.0,0.0,0.0
1.0,99.0,0.0,0.0,0.0,0.0
2.0,98.0,0.0,0.0,0.0,0.0
1.0,99.0,0.0,0.0,0.0,0.0
2.0,98.0,0.0,0.0,0.0,0.0
1.0,99.0,0.0,0.0,0.0,0.0
1.0,74.0,0.0,25.0,0.0,0.0
1.0,95.0,0.0,4.0,0.0,0.0
1.0,99.0,0.0,0.0,0.0,0.0
2.0,62.0,0.0,36.0,0.0,0.0
1.0,99.0,0.0,0.0,0.0,0.0
1.0,99.0,0.0,0.0,0.0,0.0
1.0,0.0,0.0,99.0,0.0,0.0
1.0,95.0,0.0,4.0,0.0,0.0
1.0,87.0,0.0,12.0,0.0,0.0
1.0,99.0,0.0,0.0,0.0,0.0
1.0,99.0,0.0,0.0,0.0,0.0
1.0,99.0,0.0,0.0,0.0,0.0
1.0,90.0,0.0,9.0,0.0,0.0
1.0,99.0,0.0,0.0,0.0,0.0
1.0,99.0,0.0,0.0,0.0,0.0
1.0,97.0,0.0,2.0,0.0,0.0
1.0,74.0,0.0,25.0,0.0,0.0
1.0,99.0,0.0,0.0,0.0,0.0
1.0,99.0,0.0,0.0,0.0,0.0
3.0,55.0,0.0,42.0,0.0,0.0
1.0,99.0,0.0,0.0,0.0,0.0
1.0,99.0,0.0,0.0,0.0,0.0
1.0,0.0,0.0,99.0,0.0,0.0
1.0,99.0,0.0,0.0,0.0,0.0
1.0,99.0,0.0,0.0,0.0,0.0
1.0,99.0,0.0,0.0,0.0,0.0
1.0,99.0,0.0,0.0,0.0,0.0
1.0,99.0,0.0,0.0,0.0,0.0
1.0,99.0,0.0,0.0,0.0,0.0
1.0,99.0,0.0,0.0,0.0,0.0
1.0,99.0,0.0,0.0,0.0,0.0
1.0,99.0,0.0,0.0,0.0,0.0
1.0,99.0,0.0,0.0,0.0,0.0
1.0,96.0,0.0,3.0,0.0,0.0
1.0,0.0,0.0,0.0,0.0,0.0
1.0,99.0,0.0,0.0,0.0,0.0
1.0,99.0,0.0,0.0,0.0,0.0
1.0,99.0,0.0,0.0,0.0,0.0
1.0,89.0,0.0,10.0,0.0,0.0
1.0,99.0,0.0,0.0,0.0,0.0
1.0,98.0,0.0,1.0,0.0,0.0
2.0,98.0,0.0,0.0,0.0,0.0
1.0,99.0,0.0,0.0,0.0,0.0
1.0,99.0,0.0,0.0,0.0,0.0
1.0,93.0,0.0,6.0,0.0,0.0
2.0,56.0,0.0,42.0,0.0,0.0
1.0,99.0,0.0,0.0,0.0,0.0
1.0,99.0,0.0,0.0,0.0,0.0
1.0,0.0,0.0,99.0,0.0,0.0
1.0,99.0,0.0,0.0,0.0,0.0
1.0,99.0,0.0,0.0,0.0,0.0
1.0,93.0,0.0,6.0,0.0,0.0
1.0,99.0,0.0,0.0,0.0,0.0
1.0,99.0,0.0,0.0,0.0,0.0
1.0,0.0,0.0,99.0,0.0,0.0
1.0,99.0,0.0,0.0,0.0,0.0
1.0,99.0,0.0,0.0,0.0,0.0
1.0,99.0,0.0,0.0,0.0,0.0
2.0,98.0,0.0,0.0,0.0,0.0
1.0,99.0,0.0,0.0,0.0,0.0
1.0,94.0,0.0,5.0,0.0,0.0
1.0,99.0,0.0,0.0,0.0,0.0
2.0,98.0,0.0,0.0,0.0,0.0
1.0,99.0,0.0,0.0,0.0,0.0
1.0,99.0,0.0,0.0,0.0,0.0
1.0,99.0,0.0,0.0,0.0,0.0
1.0,98.0,0.0,1.0,0.0,0.0
1.0,49.0,0.0,50.0,0.0,0.0
1.0,43.0,0.0,56.0,0.0,0.0
1.0,0.0,0.0,99.0,0.0,0.0
1.0,99.0,0.0,0.0,0.0,0.0
1.0,99.0,0.0,0.0,0.0,0.0
1.0,99.0,0.0,0.0,0.0,0.0
1.0,99.0,0.0,0.0,0.0,0.0
1.0,99.0,0.0,0.0,0.0,0.0
1.0,99.0,0.0,0.0,0.0,0.0
1.0,44.0,0.0,55.0,0.0,0.0
1.0,99.0,0.0,0.0,0.0,0.0
1.0,99.0,0.0,0.0,0.0,0.0
1.0,99.0,0.0,0.0,0.0,0.0
1.0,88.0,0.0,11.0,0.0,0.0
1.0,99.0,0.0,0.0,0.0,0.0
1.0,87.0,0.0,12.0,0.0,0.0
2.0,98.0,0.0,0.0,0.0,0.0
2.0,27.0,0.0,71.0,0.0,0.0
1.0,99.0,0.0,0.0,0.0,0.0
1.0,99.0,0.0,0.0,0.0,0.0
1.0,99.0,0.0,0.0,0.0,0.0
2.0,98.0,0.0,0.0,0.0,0.0
1.0,99.0,0.0,0.0,0.0,0.0
1.0,99.0,0.0,0.0,0.0,0.0
1.0,99.0,0.0,0.0,0.0,0.0
1.0,53.0,0.0,46.0,0.0,0.0
1.0,99.0,0.0,0.0,0.0,0.0
1.0,88.0,0.0,11.0,0.0,0.0
1.0,99.0,0.0,0.0,0.0,0.0
2.0,45.0,0.0,53.0,0.0,0.0
1.0,99.0,0.0,0.0,0.0,0.0
1.0,69.0,0.0,30.0,0.0,0.0
1.0,99.0,0.0,0.0,0.0,0.0
1.0,99.0,0.0,0.0,0.0,0.0
1.0,99.0,0.0,0.0,0.0,0.0
1.0,99.0,0.0,0.0,0.0,0.0
2.0,86.0,1.0,11.0,0.0,0.0
1.0,99.0,0.0,0.0,0.0,0.0
1.0,99.0,0.0,0.0,0.0,0.0
1.0,89.0,0.0,10.0,0.0,0.0
1.0,99.0,0.0,0.0,0.0,0.0
1.0,99.0,0.0,0.0,0.0,0.0
1.0,99.0,0.0,0.0,0.0,0.0
1.0,99.0,0.0,0.0,0.0,0.0
1.0,98.0,1.0,0.0,0.0,0.0
1.0,86.0,0.0,13.0,0.0,0.0
1.0,52.0,0.0,47.0,0.0,0.0
1.0,74.0,0.0,25.0,0.0,0.0
2.0,98.0,0.0,0.0,0.0,0.0
1.0,98.0,0.0,1.0,0.0,0.0
1.0,99.0,0.0,0.0,0.0,0.0
1.0,99.0,0.0,0.0,0.0,0.0
1.0,64.0,0.0,35.0,0.0,0.0
1.0,0.0,0.0,99.0,0.0,0.0
1.0,23.0,0.0,76.0,0.0,0.0
1.0,99.0,0.0,0.0,0.0,0.0
1.0,99.0,0.0,0.0,0.0,0.0
1.0,0.0,0.0,99.0,0.0,0.0
2.0,98.0,0.0,0.0,0.0,0.0
2.0,98.0,0.0,0.0,0.0,0.0
1.0,47.0,0.0,52.0,0.0,0.0
1.0,99.0,0.0,0.0,0.0,0.0
1.0,99.0,0.0,0.0,0.0,0.0
1.0,99.0,0.0,0.0,0.0,0.0
1.0,99.0,0.0,0.0,0.0,0.0
1.0,41.0,0.0,58.0,0.0,0.0
1.0,99.0,0.0,0.0,0.0,0.0
1.0,99.0,0.0,0.0,0.0,0.0
1.0,0.0,0.0,99.0,0.0,0.0
1.0,99.0,0.0,0.0,0.0,0.0
1.0,94.0,0.0,5.0,0.0,0.0
1.0,99.0,0.0,0.0,0.0,0.0
1.0,99.0,0.0,0.0,0.0,0.0
1.0,99.0,0.0,0.0,0.0,0.0
1.0,30.0,0.0,69.0,0.0,0.0
2.0,98.0,0.0,0.0,0.0,0.0
1.0,39.0,0.0,60.0,0.0,0.0
1.0,99.0,0.0,0.0,0.0,0.0
1.0,99.0,0.0,0.0,0.0,0.0
1.0,99.0,0.0,0.0,0.0,0.0
1.0,98.0,1.0,0.0,0.0,0.0
1.0,99.0,0.0,0.0,0.0,0.0
1.0,99.0,0.0,0.0,0.0,0.0
1.0,99.0,0.0,0.0,0.0,0.0
1.0,99.0,0.0,0.0,0.0,0.0
2.0,86.0,0.0,12.0,0.0,0.0
1.0,99.0,0.0,0.0,0.0,0.0
1.0,37.0,0.0,62.0,0.0,0.0
1.0,89.0,0.0,10.0,0.0,0.0
1.0,54.0,0.0,45.0,0.0,0.0
1.0,99.0,0.0,0.0,0.0,0.0
1.0,99.0,0.0,0.0,0.0,0.0
1.0,71.0,0.0,28.0,0.0,0.0
1.0,99.0,0.0,0.0,0.0,0.0
1.0,74.0,0.0,25.0,0.0,0.0
1.0,30.0,0.0,69.0,0.0,0.0
1.0,26.0,0.0,73.0,0.0,0.0
1.0,99.0,0.0,0.0,0.0,0.0
1.0,87.0,0.0,12.0,0.0,0.0
1.0,99.0,0.0,0.0,0.0,0.0
1.0,99.0,0.0,0.0,0.0,0.0
2.0,0.0,0.0,98.0,0.0,0.0
1.0,99.0,0.0,0.0,0.0,0.0
1.0,51.0,0.0,48.0,0.0,0.0
2.0,98.0,0.0,0.0,0.0,0.0
1.0,99.0,0.0,0.0,0.0,0.0
1.0,99.0,0.0,0.0,0.0,0.0
1.0,8.0,0.0,91.0,0.0,0.0
2.0,98.0,0.0,0.0,0.0,0.0
2.0,98.0,0.0,0.0,0.0,0.0
2.0,98.0,0.0,0.0,0.0,0.0
1.0,99.0,0.0,0.0,0.0,0.0
1.0,41.0,0.0,58.0,0.0,0.0
2.0,98.0,0.0,0.0,0.0,0.0
1.0,99.0,0.0,0.0,0.0,0.0
2.0,98.0,0.0,0.0,0.0,0.0
1.0,99.0,0.0,0.0,0.0,0.0
1.0,99.0,0.0,0.0,0.0,0.0
2.0,98.0,0.0,0.0,0.0,0.0
2.0,98.0,0.0,0.0,0.0,0.0
2.0,98.0,0.0,0.0,0.0,0.0
1.0,70.0,0.0,29.0,0.0,0.0
1.0,11.0,0.0,88.0,0.0,0.0
1.0,0.0,0.0,99.0,0.0,0.0
1.0,99.0,0.0,0.0,0.0,0.0
2.0,98.0,0.0,0.0,0.0,0.0
1.0,99.0,0.0,0.0,0.0,0.0
2.0,0.0,0.0,98.0,0.0,0.0
2.0,63.0,0.0,35.0,0.0,0.0
1.0,99.0,0.0,0.0,0.0,0.0
1.0,99.0,0.0,0.0,0.0,0.0
1.0,94.0,0.0,5.0,0.0,0.0
1.0,99.0,0.0,0.0,0.0,0.0
1.0,99.0,0.0,0.0,0.0,0.0
1.0,99.0,0.0,0.0,0.0,0.0
1.0,84.0,0.0,15.0,0.0,0.0
1.0,99.0,0.0,0.0,0.0,0.0
1.0,59.0,0.0,40.0,0.0,0.0
1.0,0.0,0.0,99.0,0.0,0.0
1.0,99.0,0.0,0.0,0.0,0.0
2.0,98.0,0.0,0.0,0.0,0.0
1.0,99.0,0.0,0.0,0.0,0.0
1.0,99.0,0.0,0.0,0.0,0.0
1.0,99.0,0.0,0.0,0.0,0.0
1.0,99.0,0.0,0.0,0.0,0.0
1.0,99.0,0.0,0.0,0.0,0.0
3.0,97.0,0.0,0.0,0.0,0.0
1.0,99.0,0.0,0.0,0.0,0.0
2.0,98.0,0.0,0.0,0.0,0.0
1.0,64.0,0.0,35.0,0.0,0.0
1.0,99.0,0.0,0.0,0.0,0.0
1.0,99.0,0.0,0.0,0.0,0.0
1.0,99.0,0.0,0.0,0.0,0.0
1.0,0.0,0.0,99.0,0.0,0.0
1.0,99.0,0.0,0.0,0.0,0.0
1.0,95.0,0.0,4.0,0.0,0.0
1.0,99.0,0.0,0.0,0.0,0.0
1.0,99.0,0.0,0.0,0.0,0.0
1.0,98.0,1.0,0.0,0.0,0.0
1.0,99.0,0.0,0.0,0.0,0.0
1.0,98.0,0.0,1.0,0.0,0.0
1.0,99.0,0.0,0.0,0.0,0.0
1.0,99.0,0.0,0.0,0.0,0.0
1.0,99.0,0.0,0.0,0.0,0.0
1.0,99.0,0.0,0.0,0.0,0.0
1.0,99.0,0.0,0.0,0.0,0.0
1.0,99.0,0.0,0.0,0.0,0.0
1.0,99.0,0.0,0.0,0.0,0.0
1.0,99.0,0.0,0.0,0.0,0.0
1.0,99.0,0.0,0.0,0.0,0.0
2.0,98.0,0.0,0.0,0.0,0.0
1.0,99.0,0.0,0.0,0.0,0.0
1.0,99.0,0.0,0.0,0.0,0.0
1.0,39.0,0.0,60.0,0.0,0.0
1.0,99.0,0.0,0.0,0.0,0.0
2.0,98.0,0.0,0.0,0.0,0.0
1.0,99.0,0.0,0.0,0.0,0.0
1.0,99.0,0.0,0.0,0.0,0.0
1.0,98.0,1.0,0.0,0.0,0.0
2.0,98.0,0.0,0.0,0.0,0.0
1.0,99.0,0.0,0.0,0.0,0.0
1.0,49.0,0.0,50.0,0.0,0.0
1.0,25.0,0.0,74.0,0.0,0.0
1.0,99.0,0.0,0.0,0.0,0.0
1.0,99.0,0.0,0.0,0.0,0.0
1.0,99.0,0.0,0.0,0.0,0.0
1.0,0.0,0.0,99.0,0.0,0.0
1.0,99.0,0.0,0.0,0.0,0.0
2.0,98.0,0.0,0.0,0.0,0.0
2.0,0.0,0.0,98.0,0.0,0.0
2.0,98.0,0.0,0.0,0.0,0.0
2.0,98.0,0.0,0.0,0.0,0.0
1.0,99.0,0.0,0.0,0.0,0.0
1.0,0.0,0.0,99.0,0.0,0.0
1.0,99.0,0.0,0.0,0.0,0.0
1.0,99.0,0.0,0.0,0.0,0.0
1.0,99.0,0.0,0.0,0.0,0.0
1.0,99.0,0.0,0.0,0.0,0.0
2.0,58.0,0.0,40.0,0.0,0.0
1.0,99.0,0.0,0.0,0.0,0.0
1.0,99.0,0.0,0.0,0.0,0.0
1.0,99.0,0.0,0.0,0.0,0.0
1.0,56.0,0.0,43.0,0.0,0.0
1.0,99.0,0.0,0.0,0.0,0.0
2.0,97.0,1.0,0.0,0.0,0.0
1.0,99.0,0.0,0.0,0.0,0.0
1.0,94.0,0.0,5.0,0.0,0.0
1.0,99.0,0.0,0.0,0.0,0.0
1.0,99.0,0.0,0.0,0.0,0.0
1.0,89.0,0.0,10.0,0.0,0.0
1.0,0.0,0.0,99.0,0.0,0.0
1.0,99.0,0.0,0.0,0.0,0.0
1.0,48.0,0.0,51.0,0.0,0.0
1.0,0.0,0.0,99.0,0.0,0.0
1.0,99.0,0.0,0.0,0.0,0.0
1.0,99.0,0.0,0.0,0.0,0.0
1.0,58.0,0.0,41.0,0.0,0.0
1.0,0.0,0.0,99.0,0.0,0.0
1.0,93.0,0.0,6.0,0.0,0.0
1.0,97.0,0.0,2.0,0.0,0.0
1.0,0.0,1.0,98.0,0.0,0.0
1.0,99.0,0.0,0.0,0.0,0.0
1.0,0.0,0.0,99.0,0.0,0.0
1.0,96.0,0.0,3.0,0.0,0.0
1.0,99.0,0.0,0.0,0.0,0.0
3.0,97.0,0.0,0.0,0.0,0.0
1.0,99.0,0.0,0.0,0.0,0.0
1.0,0.0,18.0,81.0,0.0,0.0
1.0,99.0,0.0,0.0,0.0,0.0
1.0,99.0,0.0,0.0,0.0,0.0
1.0,99.0,0.0,0.0,0.0,0.0
1.0,0.0,0.0,99.0,0.0,0.0
1.0,98.0,1.0,0.0,0.0,0.0
2.0,98.0,0.0,0.0,0.0,0.0
1.0,99.0,0.0,0.0,0.0,0.0
1.0,99.0,0.0,0.0,0.0,0.0
1.0,99.0,0.0,0.0,0.0,0.0
1.0,99.0,0.0,0.0,0.0,0.0
1.0,99.0,0.0,0.0,0.0,0.0
2.0,98.0,0.0,0.0,0.0,0.0
1.0,99.0,0.0,0.0,0.0,0.0
1.0,0.0,0.0,99.0,0.0,0.0
1.0,99.0,0.0,0.0,0.0,0.0
1.0,99.0,0.0,0.0,0.0,0.0
1.0,99.0,0.0,0.0,0.0,0.0
1.0,99.0,0.0,0.0,0.0,0.0
1.0,49.0,0.0,50.0,0.0,0.0
2.0,98.0,0.0,0.0,0.0,0.0
1.0,99.0,0.0,0.0,0.0,0.0
1.0,99.0,0.0,0.0,0.0,0.0
1.0,99.0,0.0,0.0,0.0,0.0
1.0,85.0,0.0,14.0,0.0,0.0
1.0,99.0,0.0,0.0,0.0,0.0
1.0,41.0,0.0,58.0,0.0,0.0
1.0,98.0,1.0,0.0,0.0,0.0
1.0,99.0,0.0,0.0,0.0,0.0
1.0,99.0,0.0,0.0,0.0,0.0
1.0,67.0,0.0,32.0,0.0,0.0
1.0,99.0,0.0,0.0,0.0,0.0
1.0,99.0,0.0,0.0,0.0,0.0
1.0,99.0,0.0,0.0,0.0,0.0
1.0,99.0,0.0,0.0,0.0,0.0
1.0,99.0,0.0,0.0,0.0,0.0
1.0,0.0,0.0,99.0,0.0,0.0
1.0,94.0,0.0,5.0,0.0,0.0
1.0,99.0,0.0,0.0,0.0,0.0
1.0,90.0,0.0,9.0,0.0,0.0
1.0,99.0,0.0,0.0,0.0,0.0
1.0,99.0,0.0,0.0,0.0,0.0
1.0,99.0,0.0,0.0,0.0,0.0
1.0,99.0,0.0,0.0,0.0,0.0
1.0,99.0,0.0,0.0,0.0,0.0
1.0,99.0,0.0,0.0,0.0,0.0
1.0,99.0,0.0,0.0,0.0,0.0
1.0,99.0,0.0,0.0,0.0,0.0
1.0,98.0,1.0,0.0,0.0,0.0
1.0,99.0,0.0,0.0,0.0,0.0
1.0,99.0,0.0,0.0,0.0,0.0
1.0,99.0,0.0,0.0,0.0,0.0
1.0,6.0,0.0,93.0,0.0,0.0
2.0,98.0,0.0,0.0,0.0,0.0
1.0,99.0,0.0,0.0,0.0,0.0
1.0,0.0,0.0,99.0,0.0,0.0
1.0,99.0,0.0,0.0,0.0,0.0
1.0,92.0,0.0,7.0,0.0,0.0
1.0,99.0,0.0,0.0,0.0,0.0
1.0,99.0,0.0,0.0,0.0,0.0
1.0,99.0,0.0,0.0,0.0,0.0
2.0,11.0,0.0,87.0,0.0,0.0
1.0,30.0,0.0,69.0,0.0,0.0
1.0,99.0,0.0,0.0,0.0,0.0
1.0,99.0,0.0,0.0,0.0,0.0
1.0,99.0,0.0,0.0,0.0,0.0
1.0,51.0,0.0,48.0,0.0,0.0
1.0,3.0,0.0,96.0,0.0,0.0
1.0,32.0,0.0,67.0,0.0,0.0
1.0,76.0,0.0,23.0,0.0,0.0
1.0,37.0,0.0,62.0,0.0,0.0
2.0,98.0,0.0,0.0,0.0,0.0
1.0,99.0,0.0,0.0,0.0,0.0
1.0,99.0,0.0,0.0,0.0,0.0
2.0,98.0,0.0,0.0,0.0,0.0
2.0,98.0,0.0,0.0,0.0,0.0
1.0,99.0,0.0,0.0,0.0,0.0
1.0,7.0,0.0,92.0,0.0,0.0
1.0,99.0,0.0,0.0,0.0,0.0
1.0,99.0,0.0,0.0,0.0,0.0
1.0,99.0,0.0,0.0,0.0,0.0
1.0,10.0,0.0,89.0,0.0,0.0
1.0,99.0,0.0,0.0,0.0,0.0
1.0,99.0,0.0,0.0,0.0,0.0
1.0,20.0,0.0,79.0,0.0,0.0
1.0,99.0,0.0,0.0,0.0,0.0
2.0,96.0,0.0,2.0,0.0,0.0
2.0,98.0,0.0,0.0,0.0,0.0
1.0,92.0,0.0,7.0,0.0,0.0
1.0,37.0,0.0,62.0,0.0,0.0
1.0,99.0,0.0,0.0,0.0,0.0
1.0,99.0,0.0,0.0,0.0,0.0
1.0,57.0,0.0,42.0,0.0,0.0
1.0,99.0,0.0,0.0,0.0,0.0
1.0,0.0,0.0,99.0,0.0,0.0
1.0,99.0,0.0,0.0,0.0,0.0
1.0,98.0,1.0,0.0,0.0,0.0
1.0,18.0,0.0,81.0,0.0,0.0
1.0,99.0,0.0,0.0,0.0,0.0
2.0,98.0,0.0,0.0,0.0,0.0
1.0,99.0,0.0,0.0,0.0,0.0
1.0,99.0,0.0,0.0,0.0,0.0
1.0,99.0,0.0,0.0,0.0,0.0
1.0,0.0,0.0,99.0,0.0,0.0
1.0,0.0,0.0,99.0,0.0,0.0
1.0,99.0,0.0,0.0,0.0,0.0
2.0,98.0,0.0,0.0,0.0,0.0
1.0,99.0,0.0,0.0,0.0,0.0
1.0,99.0,0.0,0.0,0.0,0.0
1.0,99.0,0.0,0.0,0.0,0.0
1.0,0.0,0.0,99.0,0.0,0.0
1.0,99.0,0.0,0.0,0.0,0.0
1.0,99.0,0.0,0.0,0.0,0.0
1.0,0.0,0.0,99.0,0.0,0.0
1.0,99.0,0.0,0.0,0.0,0.0
1.0,99.0,0.0,0.0,0.0,0.0
2.0,98.0,0.0,0.0,0.0,0.0
1.0,92.0,0.0,7.0,0.0,0.0
1.0,99.0,0.0,0.0,0.0,0.0
1.0,0.0,0.0,99.0,0.0,0.0
1.0,99.0,0.0,0.0,0.0,0.0
1.0,99.0,0.0,0.0,0.0,0.0
2.0,0.0,0.0,98.0,0.0,0.0
1.0,99.0,0.0,0.0,0.0,0.0
1.0,0.0,0.0,99.0,0.0,0.0
1.0,99.0,0.0,0.0,0.0,0.0
1.0,85.0,0.0,14.0,0.0,0.0
2.0,98.0,0.0,0.0,0.0,0.0
1.0,99.0,0.0,0.0,0.0,0.0
1.0,36.0,0.0,63.0,0.0,0.0
1.0,99.0,0.0,0.0,0.0,0.0
1.0,99.0,0.0,0.0,0.0,0.0
1.0,99.0,0.0,0.0,0.0,0.0
1.0,99.0,0.0,0.0,0.0,0.0
1.0,99.0,0.0,0.0,0.0,0.0
1.0,0.0,0.0,99.0,0.0,0.0
1.0,99.0,0.0,0.0,0.0,0.0
1.0,99.0,0.0,0.0,0.0,0.0
1.0,87.0,0.0,12.0,0.0,0.0
1.0,99.0,0.0,0.0,0.0,0.0
1.0,99.0,0.0,0.0,0.0,0.0
1.0,99.0,0.0,0.0,0.0,0.0
1.0,99.0,0.0,0.0,0.0,0.0
1.0,99.0,0.0,0.0,0.0,0.0
2.0,98.0,0.0,0.0,0.0,0.0
2.0,98.0,0.0,0.0,0.0,0.0
1.0,99.0,0.0,0.0,0.0,0.0
1.0,99.0,0.0,0.0,0.0,0.0
1.0,0.0,0.0,99.0,0.0,0.0
1.0,50.0,0.0,49.0,0.0,0.0
1.0,99.0,0.0,0.0,0.0,0.0
1.0,0.0,0.0,99.0,0.0,0.0
1.0,99.0,0.0,0.0,0.0,0.0
1.0,10.0,0.0,89.0,0.0,0.0
1.0,99.0,0.0,0.0,0.0,0.0
1.0,99.0,0.0,0.0,0.0,0.0
1.0,99.0,0.0,0.0,0.0,0.0
1.0,99.0,0.0,0.0,0.0,0.0
1.0,0.0,0.0,99.0,0.0,0.0
1.0,98.0,1.0,0.0,0.0,0.0
1.0,43.0,0.0,56.0,0.0,0.0
1.0,99.0,0.0,0.0,0.0,0.0
1.0,84.0,0.0,15.0,0.0,0.0
1.0,99.0,0.0,0.0,0.0,0.0
1.0,99.0,0.0,0.0,0.0,0.0
2.0,98.0,0.0,0.0,0.0,0.0
1.0,99.0,0.0,0.0,0.0,0.0
1.0,0.0,0.0,99.0,0.0,0.0
1.0,99.0,0.0,0.0,0.0,0.0
1.0,99.0,0.0,0.0,0.0,0.0
1.0,99.0,0.0,0.0,0.0,0.0
1.0,0.0,0.0,99.0,0.0,0.0
1.0,0.0,0.0,99.0,0.0,0.0
1.0,99.0,0.0,0.0,0.0,0.0
1.0,99.0,0.0,0.0,0.0,0.0
2.0,98.0,0.0,0.0,0.0,0.0
1.0,0.0,0.0,99.0,0.0,0.0
1.0,99.0,0.0,0.0,0.0,0.0
1.0,99.0,0.0,0.0,0.0,0.0
1.0,99.0,0.0,0.0,0.0,0.0
1.0,99.0,0.0,0.0,0.0,0.0
1.0,99.0,0.0,0.0,0.0,0.0
1.0,40.0,0.0,59.0,0.0,0.0
1.0,99.0,0.0,0.0,0.0,0.0
2.0,98.0,0.0,0.0,0.0,0.0
1.0,61.0,0.0,38.0,0.0,0.0
1.0,58.0,0.0,41.0,0.0,0.0
2.0,98.0,0.0,0.0,0.0,0.0
1.0,99.0,0.0,0.0,0.0,0.0
1.0,3.0,0.0,96.0,0.0,0.0
1.0,99.0,0.0,0.0,0.0,0.0
1.0,99.0,0.0,0.0,0.0,0.0
1.0,0.0,0.0,99.0,0.0,0.0
1.0,99.0,0.0,0.0,0.0,0.0
1.0,98.0,1.0,0.0,0.0,0.0
1.0,99.0,0.0,0.0,0.0,0.0
1.0,99.0,0.0,0.0,0.0,0.0
1.0,99.0,0.0,0.0,0.0,0.0
1.0,99.0,0.0,0.0,0.0,0.0
1.0,0.0,0.0,99.0,0.0,0.0
1.0,99.0,0.0,0.0,0.0,0.0
1.0,0.0,0.0,99.0,0.0,0.0
1.0,99.0,0.0,0.0,0.0,0.0
1.0,99.0,0.0,0.0,0.0,0.0
1.0,0.0,0.0,99.0,0.0,0.0
1.0,99.0,0.0,0.0,0.0,0.0
1.0,99.0,0.0,0.0,0.0,0.0
1.0,40.0,0.0,59.0,0.0,0.0
1.0,36.0,0.0,63.0,0.0,0.0
1.0,99.0,0.0,0.0,0.0,0.0
1.0,99.0,0.0,0.0,0.0,0.0
1.0,99.0,0.0,0.0,0.0,0.0
1.0,99.0,0.0,0.0,0.0,0.0
1.0,99.0,0.0,0.0,0.0,0.0
1.0,99.0,0.0,0.0,0.0,0.0
1.0,99.0,0.0,0.0,0.0,0.0
1.0,99.0,0.0,0.0,0.0,0.0
1.0,79.0,0.0,20.0,0.0,0.0
1.0,98.0,1.0,0.0,0.0,0.0
1.0,0.0,0.0,99.0,0.0,0.0
1.0,11.0,0.0,88.0,0.0,0.0
1.0,99.0,0.0,0.0,0.0,0.0
1.0,99.0,0.0,0.0,0.0,0.0
1.0,99.0,0.0,0.0,0.0,0.0
1.0,99.0,0.0,0.0,0.0,0.0
1.0,99.0,0.0,0.0,0.0,0.0
1.0,99.0,0.0,0.0,0.0,0.0
2.0,98.0,0.0,0.0,0.0,0.0
1.0,99.0,0.0,0.0,0.0,0.0
2.0,98.0,0.0,0.0,0.0,0.0
1.0,99.0,0.0,0.0,0.0,0.0
1.0,82.0,0.0,17.0,0.0,0.0
1.0,99.0,0.0,0.0,0.0,0.0
1.0,98.0,1.0,0.0,0.0,0.0
1.0,99.0,0.0,0.0,0.0,0.0
1.0,99.0,0.0,0.0,0.0,0.0
1.0,0.0,0.0,99.0,0.0,0.0
1.0,99.0,0.0,0.0,0.0,0.0
1.0,33.0,0.0,66.0,0.0,0.0
1.0,99.0,0.0,0.0,0.0,0.0
1.0,99.0,0.0,0.0,0.0,0.0
1.0,99.0,0.0,0.0,0.0,0.0
1.0,99.0,0.0,0.0,0.0,0.0
1.0,0.0,0.0,99.0,0.0,0.0
2.0,0.0,0.0,98.0,0.0,0.0
1.0,99.0,0.0,0.0,0.0,0.0
1.0,99.0,0.0,0.0,0.0,0.0
1.0,99.0,0.0,0.0,0.0,0.0
1.0,99.0,0.0,0.0,0.0,0.0
1.0,99.0,0.0,0.0,0.0,0.0
1.0,79.0,0.0,20.0,0.0,0.0
1.0,99.0,0.0,0.0,0.0,0.0
1.0,99.0,0.0,0.0,0.0,0.0
1.0,99.0,0.0,0.0,0.0,0.0
1.0,99.0,0.0,0.0,0.0,0.0
1.0,98.0,0.0,1.0,0.0,0.0
1.0,76.0,0.0,23.0,0.0,0.0
1.0,0.0,0.0,99.0,0.0,0.0
1.0,99.0,0.0,0.0,0.0,0.0
1.0,99.0,0.0,0.0,0.0,0.0
1.0,99.0,0.0,0.0,0.0,0.0
1.0,0.0,0.0,99.0,0.0,0.0
1.0,99.0,0.0,0.0,0.0,0.0
1.0,98.0,1.0,0.0,0.0,0.0
1.0,99.0,0.0,0.0,0.0,0.0
2.0,0.0,0.0,98.0,0.0,0.0
1.0,99.0,0.0,0.0,0.0,0.0
1.0,99.0,0.0,0.0,0.0,0.0
1.0,99.0,0.0,0.0,0.0,0.0
1.0,99.0,0.0,0.0,0.0,0.0
1.0,99.0,0.0,0.0,0.0,0.0
1.0,99.0,0.0,0.0,0.0,0.0
1.0,99.0,0.0,0.0,0.0,0.0
2.0,98.0,0.0,0.0,0.0,0.0
1.0,99.0,0.0,0.0,0.0,0.0
1.0,99.0,0.0,0.0,0.0,0.0
1.0,99.0,0.0,0.0,0.0,0.0
1.0,0.0,0.0,99.0,0.0,0.0
1.0,99.0,0.0,0.0,0.0,0.0
1.0,0.0,0.0,99.0,0.0,0.0
1.0,99.0,0.0,0.0,0.0,0.0
2.0,98.0,0.0,0.0,0.0,0.0
1.0,99.0,0.0,0.0,0.0,0.0
1.0,0.0,0.0,99.0,0.0,0.0
1.0,99.0,0.0,0.0,0.0,0.0
1.0,99.0,0.0,0.0,0.0,0.0
2.0,98.0,0.0,0.0,0.0,0.0
1.0,99.0,0.0,0.0,0.0,0.0
1.0,88.0,0.0,11.0,0.0,0.0
1.0,26.0,0.0,73.0,0.0,0.0
1.0,99.0,0.0,0.0,0.0,0.0
1.0,0.0,0.0,99.0,0.0,0.0
1.0,0.0,0.0,99.0,0.0,0.0
1.0,99.0,0.0,0.0,0.0,0.0
1.0,99.0,0.0,0.0,0.0,0.0
1.0,99.0,0.0,0.0,0.0,0.0
1.0,99.0,0.0,0.0,0.0,0.0
1.0,0.0,0.0,99.0,0.0,0.0
1.0,85.0,0.0,14.0,0.0,0.0
1.0,99.0,0.0,0.0,0.0,0.0
2.0,98.0,0.0,0.0,0.0,0.0
1.0,99.0,0.0,0.0,0.0,0.0
1.0,99.0,0.0,0.0,0.0,0.0
1.0,99.0,0.0,0.0,0.0,0.0
1.0,99.0,0.0,0.0,0.0,0.0
1.0,99.0,0.0,0.0,0.0,0.0
1.0,99.0,0.0,0.0,0.0,0.0
1.0,99.0,0.0,0.0,0.0,0.0
1.0,99.0,0.0,0.0,0.0,0.0
1.0,85.0,0.0,14.0,0.0,0.0
1.0,0.0,0.0,99.0,0.0,0.0
1.0,45.0,0.0,54.0,0.0,0.0
1.0,0.0,0.0,99.0,0.0,0.0
1.0,0.0,0.0,99.0,0.0,0.0
1.0,99.0,0.0,0.0,0.0,0.0
1.0,99.0,0.0,0.0,0.0,0.0
1.0,99.0,0.0,0.0,0.0,0.0
1.0,0.0,0.0,99.0,0.0,0.0
1.0,65.0,0.0,34.0,0.0,0.0
1.0,0.0,0.0,99.0,0.0,0.0
1.0,99.0,0.0,0.0,0.0,0.0
1.0,99.0,0.0,0.0,0.0,0.0
1.0,82.0,0.0,17.0,0.0,0.0
1.0,9.0,0.0,90.0,0.0,0.0
1.0,99.0,0.0,0.0,0.0,0.0
1.0,99.0,0.0,0.0,0.0,0.0
1.0,0.0,0.0,99.0,0.0,0.0
1.0,99.0,0.0,0.0,0.0,0.0
1.0,99.0,0.0,0.0,0.0,0.0
1.0,99.0,0.0,0.0,0.0,0.0
1.0,59.0,0.0,40.0,0.0,0.0
1.0,99.0,0.0,0.0,0.0,0.0
1.0,18.0,0.0,81.0,0.0,0.0
1.0,0.0,0.0,99.0,0.0,0.0
1.0,99.0,0.0,0.0,0.0,0.0
1.0,99.0,0.0,0.0,0.0,0.0
1.0,99.0,0.0,0.0,0.0,0.0
1.0,99.0,0.0,0.0,0.0,0.0
1.0,0.0,0.0,99.0,0.0,0.0
1.0,48.0,0.0,51.0,0.0,0.0
1.0,99.0,0.0,0.0,0.0,0.0
1.0,99.0,0.0,0.0,0.0,0.0
1.0,99.0,0.0,0.0,0.0,0.0
1.0,99.0,0.0,0.0,0.0,0.0
1.0,99.0,0.0,0.0,0.0,0.0
1.0,0.0,0.0,99.0,0.0,0.0
2.0,98.0,0.0,0.0,0.0,0.0
1.0,99.0,0.0,0.0,0.0,0.0
1.0,99.0,0.0,0.0,0.0,0.0
1.0,99.0,0.0,0.0,0.0,0.0
1.0,99.0,0.0,0.0,0.0,0.0
1.0,72.0,0.0,27.0,0.0,0.0
1.0,99.0,0.0,0.0,0.0,0.0
1.0,99.0,0.0,0.0,0.0,0.0
1.0,99.0,0.0,0.0,0.0,0.0
1.0,99.0,0.0,0.0,0.0,0.0
1.0,99.0,0.0,0.0,0.0,0.0
1.0,24.0,0.0,75.0,0.0,0.0
1.0,99.0,0.0,0.0,0.0,0.0
1.0,99.0,0.0,0.0,0.0,0.0
1.0,99.0,0.0,0.0,0.0,0.0
1.0,0.0,0.0,99.0,0.0,0.0
1.0,99.0,0.0,0.0,0.0,0.0
1.0,99.0,0.0,0.0,0.0,0.0
2.0,98.0,0.0,0.0,0.0,0.0
1.0,99.0,0.0,0.0,0.0,0.0
1.0,99.0,0.0,0.0,0.0,0.0
1.0,99.0,0.0,0.0,0.0,0.0
1.0,99.0,0.0,0.0,0.0,0.0
1.0,98.0,1.0,0.0,0.0,0.0
1.0,99.0,0.0,0.0,0.0,0.0
1.0,99.0,0.0,0.0,0.0,0.0
1.0,99.0,0.0,0.0,0.0,0.0
1.0,99.0,0.0,0.0,0.0,0.0
2.0,98.0,0.0,0.0,0.0,0.0
1.0,98.0,1.0,0.0,0.0,0.0
1.0,99.0,0.0,0.0,0.0,0.0
1.0,99.0,0.0,0.0,0.0,0.0
2.0,98.0,0.0,0.0,0.0,0.0
1.0,99.0,0.0,0.0,0.0,0.0
1.0,0.0,0.0,99.0,0.0,0.0
1.0,99.0,0.0,0.0,0.0,0.0
2.0,98.0,0.0,0.0,0.0,0.0
1.0,99.0,0.0,0.0,0.0,0.0
1.0,99.0,0.0,0.0,0.0,0.0
1.0,30.0,0.0,69.0,0.0,0.0
1.0,99.0,0.0,0.0,0.0,0.0
1.0,99.0,0.0,0.0,0.0,0.0
1.0,99.0,0.0,0.0,0.0,0.0
1.0,99.0,0.0,0.0,0.0,0.0
1.0,82.0,0.0,17.0,0.0,0.0
1.0,99.0,0.0,0.0,0.0,0.0
1.0,99.0,0.0,0.0,0.0,0.0
1.0,99.0,0.0,0.0,0.0,0.0
1.0,0.0,0.0,99.0,0.0,0.0
1.0,99.0,0.0,0.0,0.0,0.0
1.0,99.0,0.0,0.0,0.0,0.0
2.0,0.0,0.0,98.0,0.0,0.0
1.0,0.0,1.0,98.0,0.0,0.0
1.0,92.0,0.0,7.0,0.0,0.0
1.0,99.0,0.0,0.0,0.0,0.0
1.0,99.0,0.0,0.0,0.0,0.0
1.0,99.0,0.0,0.0,0.0,0.0
1.0,99.0,0.0,0.0,0.0,0.0
1.0,99.0,0.0,0.0,0.0,0.0
1.0,99.0,0.0,0.0,0.0,0.0
1.0,99.0,0.0,0.0,0.0,0.0
1.0,0.0,0.0,99.0,0.0,0.0
1.0,99.0,0.0,0.0,0.0,0.0
1.0,99.0,0.0,0.0,0.0,0.0
2.0,0.0,0.0,98.0,0.0,0.0
1.0,99.0,0.0,0.0,0.0,0.0
1.0,86.0,0.0,13.0,0.0,0.0
1.0,99.0,0.0,0.0,0.0,0.0
1.0,99.0,0.0,0.0,0.0,0.0
1.0,8.0,0.0,91.0,0.0,0.0
1.0,0.0,0.0,99.0,0.0,0.0
1.0,99.0,0.0,0.0,0.0,0.0
1.0,92.0,0.0,7.0,0.0,0.0
1.0,84.0,0.0,15.0,0.0,0.0
1.0,99.0,0.0,0.0,0.0,0.0
1.0,0.0,0.0,99.0,0.0,0.0
1.0,98.0,1.0,0.0,0.0,0.0
1.0,99.0,0.0,0.0,0.0,0.0
1.0,99.0,0.0,0.0,0.0,0.0
1.0,98.0,1.0,0.0,0.0,0.0
1.0,80.0,0.0,19.0,0.0,0.0
1.0,99.0,0.0,0.0,0.0,0.0
1.0,0.0,0.0,99.0,0.0,0.0
1.0,99.0,0.0,0.0,0.0,0.0
1.0,60.0,0.0,39.0,0.0,0.0
2.0,96.0,0.0,2.0,0.0,0.0
2.0,98.0,0.0,0.0,0.0,0.0
1.0,99.0,0.0,0.0,0.0,0.0
1.0,99.0,0.0,0.0,0.0,0.0
1.0,99.0,0.0,0.0,0.0,0.0
1.0,98.0,1.0,0.0,0.0,0.0
2.0,98.0,0.0,0.0,0.0,0.0
1.0,0.0,0.0,0.0,0.0,0.0
1.0,99.0,0.0,0.0,0.0,0.0
1.0,99.0,0.0,0.0,0.0,0.0
1.0,9.0,0.0,90.0,0.0,0.0
1.0,0.0,0.0,99.0,0.0,0.0
1.0,99.0,0.0,0.0,0.0,0.0
1.0,99.0,0.0,0.0,0.0,0.0
1.0,99.0,0.0,0.0,0.0,0.0
1.0,0.0,0.0,99.0,0.0,0.0
1.0,99.0,0.0,0.0,0.0,0.0
1.0,99.0,0.0,0.0,0.0,0.0
1.0,99.0,0.0,0.0,0.0,0.0
1.0,7.0,0.0,92.0,0.0,0.0
1.0,89.0,0.0,10.0,0.0,0.0
1.0,34.0,0.0,65.0,0.0,0.0
1.0,70.0,0.0,29.0,0.0,0.0
1.0,99.0,0.0,0.0,0.0,0.0
1.0,99.0,0.0,0.0,0.0,0.0
1.0,99.0,0.0,0.0,0.0,0.0
1.0,0.0,0.0,99.0,0.0,0.0
1.0,51.0,0.0,48.0,0.0,0.0
1.0,99.0,0.0,0.0,0.0,0.0
1.0,99.0,0.0,0.0,0.0,0.0
1.0,99.0,0.0,0.0,0.0,0.0
1.0,61.0,0.0,38.0,0.0,0.0
1.0,82.0,0.0,17.0,0.0,0.0
1.0,99.0,0.0,0.0,0.0,0.0
1.0,99.0,0.0,0.0,0.0,0.0
1.0,3.0,0.0,96.0,0.0,0.0
1.0,99.0,0.0,0.0,0.0,0.0
1.0,41.0,0.0,58.0,0.0,0.0
3.0,97.0,0.0,0.0,0.0,0.0
1.0,99.0,0.0,0.0,0.0,0.0
1.0,99.0,0.0,0.0,0.0,0.0
1.0,56.0,0.0,43.0,0.0,0.0
1.0,99.0,0.0,0.0,0.0,0.0
1.0,99.0,0.0,0.0,0.0,0.0
1.0,99.0,0.0,0.0,0.0,0.0
1.0,99.0,0.0,0.0,0.0,0.0
1.0,0.0,0.0,99.0,0.0,0.0
1.0,99.0,0.0,0.0,0.0,0.0
1.0,99.0,0.0,0.0,0.0,0.0
1.0,19.0,0.0,80.0,0.0,0.0
1.0,99.0,0.0,0.0,0.0,0.0
1.0,58.0,0.0,41.0,0.0,0.0
1.0,63.0,0.0,36.0,0.0,0.0
2.0,98.0,0.0,0.0,0.0,0.0
1.0,65.0,0.0,34.0,0.0,0.0
1.0,78.0,0.0,21.0,0.0,0.0
1.0,99.0,0.0,0.0,0.0,0.0
1.0,63.0,0.0,36.0,0.0,0.0
1.0,0.0,0.0,99.0,0.0,0.0
1.0,99.0,0.0,0.0,0.0,0.0
1.0,0.0,0.0,99.0,0.0,0.0
1.0,99.0,0.0,0.0,0.0,0.0
1.0,99.0,0.0,0.0,0.0,0.0
1.0,67.0,0.0,32.0,0.0,0.0
2.0,0.0,0.0,98.0,0.0,0.0
1.0,99.0,0.0,0.0,0.0,0.0
1.0,99.0,0.0,0.0,0.0,0.0
1.0,99.0,0.0,0.0,0.0,0.0
1.0,22.0,0.0,77.0,0.0,0.0
1.0,52.0,0.0,47.0,0.0,0.0
1.0,99.0,0.0,0.0,0.0,0.0
1.0,99.0,0.0,0.0,0.0,0.0
1.0,99.0,0.0,0.0,0.0,0.0
1.0,99.0,0.0,0.0,0.0,0.0
1.0,99.0,0.0,0.0,0.0,0.0
2.0,98.0,0.0,0.0,0.0,0.0
1.0,99.0,0.0,0.0,0.0,0.0
1.0,98.0,1.0,0.0,0.0,0.0
1.0,96.0,0.0,3.0,0.0,0.0
1.0,99.0,0.0,0.0,0.0,0.0
1.0,99.0,0.0,0.0,0.0,0.0
1.0,3.0,0.0,96.0,0.0,0.0
1.0,99.0,0.0,0.0,0.0,0.0
1.0,99.0,0.0,0.0,0.0,0.0
1.0,0.0,0.0,99.0,0.0,0.0
1.0,99.0,0.0,0.0,0.0,0.0
1.0,99.0,0.0,0.0,0.0,0.0
1.0,0.0,0.0,99.0,0.0,0.0
1.0,0.0,0.0,99.0,0.0,0.0
1.0,99.0,0.0,0.0,0.0,0.0
1.0,99.0,0.0,0.0,0.0,0.0
1.0,0.0,0.0,99.0,0.0,0.0
1.0,98.0,1.0,0.0,0.0,0.0
1.0,99.0,0.0,0.0,0.0,0.0
1.0,99.0,0.0,0.0,0.0,0.0
1.0,0.0,0.0,99.0,0.0,0.0
1.0,99.0,0.0,0.0,0.0,0.0
1.0,99.0,0.0,0.0,0.0,0.0
1.0,98.0,1.0,0.0,0.0,0.0
1.0,99.0,0.0,0.0,0.0,0.0
2.0,98.0,0.0,0.0,0.0,0.0
1.0,99.0,0.0,0.0,0.0,0.0
1.0,0.0,0.0,99.0,0.0,0.0
1.0,99.0,0.0,0.0,0.0,0.0
1.0,0.0,0.0,99.0,0.0,0.0
1.0,80.0,0.0,19.0,0.0,0.0
1.0,99.0,0.0,0.0,0.0,0.0
1.0,99.0,0.0,0.0,0.0,0.0
1.0,99.0,0.0,0.0,0.0,0.0
1.0,42.0,0.0,57.0,0.0,0.0
1.0,99.0,0.0,0.0,0.0,0.0
1.0,0.0,0.0,99.0,0.0,0.0
1.0,99.0,0.0,0.0,0.0,0.0
1.0,99.0,0.0,0.0,0.0,0.0
1.0,0.0,0.0,99.0,0.0,0.0
1.0,55.0,0.0,44.0,0.0,0.0
1.0,99.0,0.0,0.0,0.0,0.0
1.0,99.0,0.0,0.0,0.0,0.0
1.0,32.0,0.0,67.0,0.0,0.0
1.0,99.0,0.0,0.0,0.0,0.0
1.0,99.0,0.0,0.0,0.0,0.0
1.0,99.0,0.0,0.0,0.0,0.0
1.0,99.0,0.0,0.0,0.0,0.0
1.0,99.0,0.0,0.0,0.0,0.0
1.0,11.0,0.0,88.0,0.0,0.0
1.0,84.0,0.0,15.0,0.0,0.0
1.0,80.0,0.0,19.0,0.0,0.0
1.0,0.0,0.0,99.0,0.0,0.0
1.0,63.0,0.0,36.0,0.0,0.0
1.0,96.0,0.0,3.0,0.0,0.0
1.0,99.0,0.0,0.0,0.0,0.0
1.0,0.0,0.0,99.0,0.0,0.0
1.0,99.0,0.0,0.0,0.0,0.0
1.0,99.0,0.0,0.0,0.0,0.0
1.0,55.0,0.0,44.0,0.0,0.0
1.0,99.0,0.0,0.0,0.0,0.0
1.0,0.0,0.0,99.0,0.0,0.0
1.0,83.0,0.0,16.0,0.0,0.0
1.0,99.0,0.0,0.0,0.0,0.0
1.0,99.0,0.0,0.0,0.0,0.0
1.0,0.0,0.0,99.0,0.0,0.0
1.0,45.0,0.0,54.0,0.0,0.0
1.0,99.0,0.0,0.0,0.0,0.0
1.0,99.0,0.0,0.0,0.0,0.0
1.0,0.0,0.0,99.0,0.0,0.0
1.0,99.0,0.0,0.0,0.0,0.0
1.0,99.0,0.0,0.0,0.0,0.0
1.0,99.0,0.0,0.0,0.0,0.0
1.0,99.0,0.0,0.0,0.0,0.0
1.0,99.0,0.0,0.0,0.0,0.0
1.0,99.0,0.0,0.0,0.0,0.0
2.0,98.0,0.0,0.0,0.0,0.0
1.0,98.0,1.0,0.0,0.0,0.0
2.0,98.0,0.0,0.0,0.0,0.0
2.0,98.0,0.0,0.0,0.0,0.0
1.0,99.0,0.0,0.0,0.0,0.0
1.0,99.0,0.0,0.0,0.0,0.0
1.0,99.0,0.0,0.0,0.0,0.0
1.0,99.0,0.0,0.0,0.0,0.0
1.0,0.0,1.0,98.0,0.0,0.0
1.0,99.0,0.0,0.0,0.0,0.0
2.0,98.0,0.0,0.0,0.0,0.0
1.0,99.0,0.0,0.0,0.0,0.0
1.0,0.0,0.0,99.0,0.0,0.0
1.0,99.0,0.0,0.0,0.0,0.0
1.0,99.0,0.0,0.0,0.0,0.0
1.0,99.0,0.0,0.0,0.0,0.0
1.0,99.0,0.0,0.0,0.0,0.0
2.0,84.0,0.0,14.0,0.0,0.0
1.0,0.0,0.0,99.0,0.0,0.0
1.0,0.0,0.0,99.0,0.0,0.0
1.0,99.0,0.0,0.0,0.0,0.0
1.0,81.0,0.0,18.0,0.0,0.0
1.0,86.0,0.0,13.0,0.0,0.0
1.0,64.0,0.0,35.0,0.0,0.0
1.0,0.0,0.0,99.0,0.0,0.0
1.0,19.0,0.0,80.0,0.0,0.0
1.0,99.0,0.0,0.0,0.0,0.0
1.0,94.0,0.0,5.0,0.0,0.0
1.0,87.0,0.0,12.0,0.0,0.0
2.0,98.0,0.0,0.0,0.0,0.0
1.0,99.0,0.0,0.0,0.0,0.0
1.0,99.0,0.0,0.0,0.0,0.0
1.0,99.0,0.0,0.0,0.0,0.0
1.0,0.0,0.0,99.0,0.0,0.0
1.0,0.0,0.0,99.0,0.0,0.0
1.0,0.0,0.0,99.0,0.0,0.0
1.0,0.0,0.0,99.0,0.0,0.0
1.0,0.0,0.0,99.0,0.0,0.0
1.0,99.0,0.0,0.0,0.0,0.0
1.0,99.0,0.0,0.0,0.0,0.0
1.0,99.0,0.0,0.0,0.0,0.0
1.0,99.0,0.0,0.0,0.0,0.0
1.0,99.0,0.0,0.0,0.0,0.0
1.0,7.0,0.0,92.0,0.0,0.0
1.0,99.0,0.0,0.0,0.0,0.0
1.0,42.0,0.0,57.0,0.0,0.0
1.0,0.0,0.0,99.0,0.0,0.0
1.0,99.0,0.0,0.0,0.0,0.0
1.0,0.0,0.0,99.0,0.0,0.0
1.0,22.0,0.0,77.0,0.0,0.0
1.0,99.0,0.0,0.0,0.0,0.0
1.0,99.0,0.0,0.0,0.0,0.0
1.0,99.0,0.0,0.0,0.0,0.0
1.0,0.0,1.0,98.0,0.0,0.0
1.0,97.0,0.0,2.0,0.0,0.0
1.0,99.0,0.0,0.0,0.0,0.0
1.0,15.0,0.0,84.0,0.0,0.0
1.0,30.0,0.0,69.0,0.0,0.0
1.0,99.0,0.0,0.0,0.0,0.0
1.0,99.0,0.0,0.0,0.0,0.0
1.0,60.0,0.0,39.0,0.0,0.0
1.0,99.0,0.0,0.0,0.0,0.0
1.0,98.0,1.0,0.0,0.0,0.0
1.0,0.0,0.0,99.0,0.0,0.0
1.0,99.0,0.0,0.0,0.0,0.0
1.0,99.0,0.0,0.0,0.0,0.0
1.0,0.0,0.0,99.0,0.0,0.0
1.0,99.0,0.0,0.0,0.0,0.0
1.0,98.0,1.0,0.0,0.0,0.0
1.0,0.0,0.0,99.0,0.0,0.0
1.0,99.0,0.0,0.0,0.0,0.0
1.0,99.0,0.0,0.0,0.0,0.0
1.0,99.0,0.0,0.0,0.0,0.0
1.0,0.0,0.0,99.0,0.0,0.0
1.0,99.0,0.0,0.0,0.0,0.0
1.0,0.0,0.0,99.0,0.0,0.0
1.0,99.0,0.0,0.0,0.0,0.0
1.0,99.0,0.0,0.0,0.0,0.0
1.0,0.0,0.0,99.0,0.0,0.0
1.0,0.0,0.0,99.0,0.0,0.0
1.0,99.0,0.0,0.0,0.0,0.0
1.0,99.0,0.0,0.0,0.0,0.0
1.0,0.0,1.0,98.0,0.0,0.0
1.0,99.0,0.0,0.0,0.0,0.0
1.0,99.0,0.0,0.0,0.0,0.0
1.0,59.0,0.0,40.0,0.0,0.0
1.0,15.0,0.0,84.0,0.0,0.0
1.0,99.0,0.0,0.0,0.0,0.0
1.0,52.0,0.0,47.0,0.0,0.0
1.0,99.0,0.0,0.0,0.0,0.0
1.0,99.0,0.0,0.0,0.0,0.0
1.0,99.0,0.0,0.0,0.0,0.0
1.0,99.0,0.0,0.0,0.0,0.0
1.0,98.0,1.0,0.0,0.0,0.0
1.0,99.0,0.0,0.0,0.0,0.0
1.0,99.0,0.0,0.0,0.0,0.0
1.0,87.0,0.0,12.0,0.0,0.0
1.0,99.0,0.0,0.0,0.0,0.0
1.0,99.0,0.0,0.0,0.0,0.0
1.0,99.0,0.0,0.0,0.0,0.0
1.0,18.0,0.0,81.0,0.0,0.0
1.0,99.0,0.0,0.0,0.0,0.0
1.0,99.0,0.0,0.0,0.0,0.0
1.0,0.0,0.0,99.0,0.0,0.0
1.0,0.0,0.0,99.0,0.0,0.0
1.0,0.0,0.0,99.0,0.0,0.0
1.0,99.0,0.0,0.0,0.0,0.0
1.0,99.0,0.0,0.0,0.0,0.0
1.0,99.0,0.0,0.0,0.0,0.0
1.0,99.0,0.0,0.0,0.0,0.0
1.0,99.0,0.0,0.0,0.0,0.0
1.0,99.0,0.0,0.0,0.0,0.0
2.0,98.0,0.0,0.0,0.0,0.0
1.0,25.0,0.0,74.0,0.0,0.0
1.0,99.0,0.0,0.0,0.0,0.0
1.0,99.0,0.0,0.0,0.0,0.0
1.0,0.0,0.0,99.0,0.0,0.0
1.0,0.0,0.0,99.0,0.0,0.0
2.0,0.0,0.0,98.0,0.0,0.0
2.0,75.0,0.0,23.0,0.0,0.0
1.0,99.0,0.0,0.0,0.0,0.0
1.0,53.0,0.0,46.0,0.0,0.0
1.0,0.0,0.0,99.0,0.0,0.0
1.0,99.0,0.0,0.0,0.0,0.0
1.0,99.0,0.0,0.0,0.0,0.0
1.0,99.0,0.0,0.0,0.0,0.0
1.0,99.0,0.0,0.0,0.0,0.0
1.0,99.0,0.0,0.0,0.0,0.0
1.0,29.0,0.0,70.0,0.0,0.0
1.0,99.0,0.0,0.0,0.0,0.0
1.0,0.0,0.0,99.0,0.0,0.0
1.0,0.0,0.0,99.0,0.0,0.0
1.0,99.0,0.0,0.0,0.0,0.0
1.0,99.0,0.0,0.0,0.0,0.0
1.0,99.0,0.0,0.0,0.0,0.0
1.0,99.0,0.0,0.0,0.0,0.0
1.0,99.0,0.0,0.0,0.0,0.0
1.0,99.0,0.0,0.0,0.0,0.0
1.0,98.0,1.0,0.0,0.0,0.0
1.0,99.0,0.0,0.0,0.0,0.0
1.0,99.0,0.0,0.0,0.0,0.0
1.0,99.0,0.0,0.0,0.0,0.0
1.0,0.0,0.0,99.0,0.0,0.0
1.0,99.0,0.0,0.0,0.0,0.0
1.0,3.0,0.0,96.0,0.0,0.0
1.0,99.0,0.0,0.0,0.0,0.0
1.0,99.0,0.0,0.0,0.0,0.0
1.0,98.0,1.0,0.0,0.0,0.0
1.0,99.0,0.0,0.0,0.0,0.0
2.0,98.0,0.0,0.0,0.0,0.0
1.0,99.0,0.0,0.0,0.0,0.0
1.0,99.0,0.0,0.0,0.0,0.0
1.0,99.0,0.0,0.0,0.0,0.0
1.0,96.0,3.0,0.0,0.0,0.0
1.0,99.0,0.0,0.0,0.0,0.0
1.0,0.0,0.0,99.0,0.0,0.0
1.0,0.0,0.0,99.0,0.0,0.0
1.0,99.0,0.0,0.0,0.0,0.0
1.0,99.0,0.0,0.0,0.0,0.0
1.0,99.0,0.0,0.0,0.0,0.0
1.0,99.0,0.0,0.0,0.0,0.0
1.0,99.0,0.0,0.0,0.0,0.0
1.0,99.0,0.0,0.0,0.0,0.0
1.0,99.0,0.0,0.0,0.0,0.0
1.0,59.0,0.0,40.0,0.0,0.0
1.0,98.0,0.0,1.0,0.0,0.0
1.0,99.0,0.0,0.0,0.0,0.0
1.0,99.0,0.0,0.0,0.0,0.0
1.0,99.0,0.0,0.0,0.0,0.0
1.0,98.0,1.0,0.0,0.0,0.0
1.0,52.0,0.0,47.0,0.0,0.0
1.0,0.0,0.0,99.0,0.0,0.0
1.0,99.0,0.0,0.0,0.0,0.0
1.0,99.0,0.0,0.0,0.0,0.0
1.0,99.0,0.0,0.0,0.0,0.0
1.0,99.0,0.0,0.0,0.0,0.0
1.0,99.0,0.0,0.0,0.0,0.0
1.0,99.0,0.0,0.0,0.0,0.0
1.0,99.0,0.0,0.0,0.0,0.0
1.0,0.0,0.0,99.0,0.0,0.0
2.0,98.0,0.0,0.0,0.0,0.0
1.0,0.0,0.0,99.0,0.0,0.0
1.0,0.0,0.0,99.0,0.0,0.0
1.0,35.0,0.0,64.0,0.0,0.0
1.0,99.0,0.0,0.0,0.0,0.0
1.0,99.0,0.0,0.0,0.0,0.0
1.0,99.0,0.0,0.0,0.0,0.0
2.0,98.0,0.0,0.0,0.0,0.0
1.0,0.0,0.0,99.0,0.0,0.0
1.0,50.0,0.0,49.0,0.0,0.0
1.0,0.0,0.0,99.0,0.0,0.0
1.0,0.0,0.0,99.0,0.0,0.0
1.0,99.0,0.0,0.0,0.0,0.0
1.0,99.0,0.0,0.0,0.0,0.0
1.0,99.0,0.0,0.0,0.0,0.0
1.0,99.0,0.0,0.0,0.0,0.0
1.0,99.0,0.0,0.0,0.0,0.0
1.0,99.0,0.0,0.0,0.0,0.0
1.0,99.0,0.0,0.0,0.0,0.0
1.0,0.0,0.0,99.0,0.0,0.0
1.0,99.0,0.0,0.0,0.0,0.0
1.0,0.0,0.0,99.0,0.0,0.0
1.0,0.0,0.0,99.0,0.0,0.0
1.0,0.0,0.0,99.0,0.0,0.0
1.0,0.0,0.0,99.0,0.0,0.0
2.0,98.0,0.0,0.0,0.0,0.0
2.0,98.0,0.0,0.0,0.0,0.0
1.0,79.0,0.0,20.0,0.0,0.0
1.0,99.0,0.0,0.0,0.0,0.0
1.0,0.0,1.0,98.0,0.0,0.0
1.0,99.0,0.0,0.0,0.0,0.0
1.0,99.0,0.0,0.0,0.0,0.0
1.0,0.0,0.0,99.0,0.0,0.0
1.0,99.0,0.0,0.0,0.0,0.0
1.0,99.0,0.0,0.0,0.0,0.0
1.0,99.0,0.0,0.0,0.0,0.0
1.0,98.0,1.0,0.0,0.0,0.0
1.0,49.0,0.0,50.0,0.0,0.0
1.0,99.0,0.0,0.0,0.0,0.0
1.0,0.0,0.0,99.0,0.0,0.0
1.0,99.0,0.0,0.0,0.0,0.0
1.0,0.0,0.0,99.0,0.0,0.0
1.0,99.0,0.0,0.0,0.0,0.0
1.0,99.0,0.0,0.0,0.0,0.0
1.0,0.0,0.0,99.0,0.0,0.0
1.0,99.0,0.0,0.0,0.0,0.0
1.0,0.0,0.0,99.0,0.0,0.0
2.0,98.0,0.0,0.0,0.0,0.0
1.0,99.0,0.0,0.0,0.0,0.0
1.0,0.0,0.0,99.0,0.0,0.0
1.0,99.0,0.0,0.0,0.0,0.0
1.0,99.0,0.0,0.0,0.0,0.0
1.0,99.0,0.0,0.0,0.0,0.0
2.0,98.0,0.0,0.0,0.0,0.0
1.0,99.0,0.0,0.0,0.0,0.0
1.0,53.0,0.0,46.0,0.0,0.0
1.0,99.0,0.0,0.0,0.0,0.0
1.0,99.0,0.0,0.0,0.0,0.0
1.0,98.0,1.0,0.0,0.0,0.0
1.0,99.0,0.0,0.0,0.0,0.0
1.0,0.0,0.0,99.0,0.0,0.0
1.0,75.0,0.0,24.0,0.0,0.0
1.0,0.0,0.0,99.0,0.0,0.0
1.0,99.0,0.0,0.0,0.0,0.0
1.0,99.0,0.0,0.0,0.0,0.0
1.0,99.0,0.0,0.0,0.0,0.0
1.0,0.0,0.0,99.0,0.0,0.0
1.0,99.0,0.0,0.0,0.0,0.0
1.0,0.0,0.0,99.0,0.0,0.0
1.0,99.0,0.0,0.0,0.0,0.0
1.0,29.0,0.0,70.0,0.0,0.0
1.0,98.0,1.0,0.0,0.0,0.0
1.0,0.0,0.0,99.0,0.0,0.0
1.0,0.0,0.0,99.0,0.0,0.0
1.0,0.0,0.0,99.0,0.0,0.0
1.0,99.0,0.0,0.0,0.0,0.0
1.0,98.0,1.0,0.0,0.0,0.0
1.0,99.0,0.0,0.0,0.0,0.0
1.0,99.0,0.0,0.0,0.0,0.0
1.0,99.0,0.0,0.0,0.0,0.0
2.0,98.0,0.0,0.0,0.0,0.0
1.0,99.0,0.0,0.0,0.0,0.0
1.0,99.0,0.0,0.0,0.0,0.0
1.0,99.0,0.0,0.0,0.0,0.0
2.0,98.0,0.0,0.0,0.0,0.0
1.0,99.0,0.0,0.0,0.0,0.0
1.0,99.0,0.0,0.0,0.0,0.0
1.0,36.0,0.0,63.0,0.0,0.0
1.0,0.0,0.0,99.0,0.0,0.0
1.0,0.0,0.0,99.0,0.0,0.0
1.0,99.0,0.0,0.0,0.0,0.0
1.0,0.0,0.0,99.0,0.0,0.0
1.0,0.0,0.0,99.0,0.0,0.0
1.0,99.0,0.0,0.0,0.0,0.0
1.0,99.0,0.0,0.0,0.0,0.0
1.0,59.0,1.0,39.0,0.0,0.0
1.0,0.0,0.0,99.0,0.0,0.0
1.0,99.0,0.0,0.0,0.0,0.0
1.0,99.0,0.0,0.0,0.0,0.0
1.0,99.0,0.0,0.0,0.0,0.0
1.0,0.0,0.0,99.0,0.0,0.0
1.0,99.0,0.0,0.0,0.0,0.0
1.0,99.0,0.0,0.0,0.0,0.0
1.0,99.0,0.0,0.0,0.0,0.0
1.0,99.0,0.0,0.0,0.0,0.0
1.0,0.0,0.0,99.0,0.0,0.0
1.0,0.0,0.0,99.0,0.0,0.0
1.0,98.0,1.0,0.0,0.0,0.0
2.0,98.0,0.0,0.0,0.0,0.0
1.0,99.0,0.0,0.0,0.0,0.0
1.0,29.0,0.0,70.0,0.0,0.0
1.0,91.0,0.0,8.0,0.0,0.0
1.0,99.0,0.0,0.0,0.0,0.0
1.0,0.0,0.0,99.0,0.0,0.0
1.0,99.0,0.0,0.0,0.0,0.0
1.0,99.0,0.0,0.0,0.0,0.0
1.0,75.0,0.0,24.0,0.0,0.0
1.0,99.0,0.0,0.0,0.0,0.0
1.0,99.0,0.0,0.0,0.0,0.0
1.0,0.0,0.0,99.0,0.0,0.0
1.0,99.0,0.0,0.0,0.0,0.0
1.0,15.0,0.0,84.0,0.0,0.0
1.0,99.0,0.0,0.0,0.0,0.0
2.0,98.0,0.0,0.0,0.0,0.0
1.0,99.0,0.0,0.0,0.0,0.0
1.0,0.0,0.0,99.0,0.0,0.0
1.0,99.0,0.0,0.0,0.0,0.0
1.0,99.0,0.0,0.0,0.0,0.0
1.0,0.0,0.0,99.0,0.0,0.0
1.0,99.0,0.0,0.0,0.0,0.0
1.0,60.0,0.0,39.0,0.0,0.0
1.0,99.0,0.0,0.0,0.0,0.0
1.0,99.0,0.0,0.0,0.0,0.0
1.0,99.0,0.0,0.0,0.0,0.0
1.0,0.0,0.0,99.0,0.0,0.0
2.0,98.0,0.0,0.0,0.0,0.0
1.0,99.0,0.0,0.0,0.0,0.0
2.0,0.0,0.0,98.0,0.0,0.0
1.0,99.0,0.0,0.0,0.0,0.0
1.0,99.0,0.0,0.0,0.0,0.0
1.0,0.0,0.0,99.0,0.0,0.0
1.0,42.0,0.0,57.0,0.0,0.0
1.0,0.0,0.0,99.0,0.0,0.0
1.0,0.0,0.0,99.0,0.0,0.0
1.0,98.0,1.0,0.0,0.0,0.0
1.0,99.0,0.0,0.0,0.0,0.0
1.0,0.0,0.0,99.0,0.0,0.0
1.0,99.0,0.0,0.0,0.0,0.0
1.0,99.0,0.0,0.0,0.0,0.0
1.0,99.0,0.0,0.0,0.0,0.0
1.0,99.0,0.0,0.0,0.0,0.0
1.0,99.0,0.0,0.0,0.0,0.0
1.0,99.0,0.0,0.0,0.0,0.0
1.0,99.0,0.0,0.0,0.0,0.0
1.0,99.0,0.0,0.0,0.0,0.0
1.0,99.0,0.0,0.0,0.0,0.0
1.0,15.0,0.0,84.0,0.0,0.0
1.0,0.0,0.0,99.0,0.0,0.0
1.0,0.0,11.0,88.0,0.0,0.0
1.0,90.0,1.0,8.0,0.0,0.0
1.0,72.0,0.0,27.0,0.0,0.0
1.0,99.0,0.0,0.0,0.0,0.0
2.0,0.0,0.0,98.0,0.0,0.0
1.0,99.0,0.0,0.0,0.0,0.0
1.0,0.0,1.0,98.0,0.0,0.0
1.0,99.0,0.0,0.0,0.0,0.0
1.0,0.0,0.0,99.0,0.0,0.0
1.0,0.0,0.0,99.0,0.0,0.0
1.0,99.0,0.0,0.0,0.0,0.0
1.0,99.0,0.0,0.0,0.0,0.0
1.0,30.0,0.0,69.0,0.0,0.0
1.0,99.0,0.0,0.0,0.0,0.0
1.0,19.0,0.0,80.0,0.0,0.0
1.0,0.0,0.0,99.0,0.0,0.0
1.0,99.0,0.0,0.0,0.0,0.0
1.0,99.0,0.0,0.0,0.0,0.0
1.0,0.0,0.0,99.0,0.0,0.0
1.0,80.0,0.0,19.0,0.0,0.0
1.0,98.0,1.0,0.0,0.0,0.0
1.0,99.0,0.0,0.0,0.0,0.0
1.0,99.0,0.0,0.0,0.0,0.0
1.0,99.0,0.0,0.0,0.0,0.0
1.0,99.0,0.0,0.0,0.0,0.0
1.0,99.0,0.0,0.0,0.0,0.0
1.0,99.0,0.0,0.0,0.0,0.0
1.0,0.0,0.0,99.0,0.0,0.0
1.0,98.0,1.0,0.0,0.0,0.0
1.0,0.0,0.0,99.0,0.0,0.0
1.0,0.0,0.0,99.0,0.0,0.0
1.0,0.0,0.0,99.0,0.0,0.0
1.0,99.0,0.0,0.0,0.0,0.0
1.0,98.0,1.0,0.0,0.0,0.0
1.0,0.0,0.0,99.0,0.0,0.0
1.0,0.0,0.0,99.0,0.0,0.0
1.0,0.0,0.0,99.0,0.0,0.0
1.0,99.0,0.0,0.0,0.0,0.0
1.0,99.0,0.0,0.0,0.0,0.0
1.0,0.0,0.0,99.0,0.0,0.0
1.0,99.0,0.0,0.0,0.0,0.0
1.0,99.0,0.0,0.0,0.0,0.0
1.0,99.0,0.0,0.0,0.0,0.0
1.0,99.0,0.0,0.0,0.0,0.0
1.0,99.0,0.0,0.0,0.0,0.0
1.0,99.0,0.0,0.0,0.0,0.0
1.0,99.0,0.0,0.0,0.0,0.0
1.0,99.0,0.0,0.0,0.0,0.0
1.0,99.0,0.0,0.0,0.0,0.0
1.0,99.0,0.0,0.0,0.0,0.0
1.0,99.0,0.0,0.0,0.0,0.0
1.0,0.0,1.0,98.0,0.0,0.0
1.0,99.0,0.0,0.0,0.0,0.0
1.0,99.0,0.0,0.0,0.0,0.0
1.0,16.0,0.0,83.0,0.0,0.0
1.0,0.0,0.0,99.0,0.0,0.0
1.0,99.0,0.0,0.0,0.0,0.0
1.0,0.0,8.0,91.0,0.0,0.0
1.0,99.0,0.0,0.0,0.0,0.0
1.0,99.0,0.0,0.0,0.0,0.0
1.0,99.0,0.0,0.0,0.0,0.0
1.0,99.0,0.0,0.0,0.0,0.0
1.0,0.0,0.0,99.0,0.0,0.0
1.0,98.0,0.0,1.0,0.0,0.0
1.0,99.0,0.0,0.0,0.0,0.0
1.0,99.0,0.0,0.0,0.0,0.0
1.0,99.0,0.0,0.0,0.0,0.0
1.0,99.0,0.0,0.0,0.0,0.0
1.0,99.0,0.0,0.0,0.0,0.0
1.0,99.0,0.0,0.0,0.0,0.0
1.0,99.0,0.0,0.0,0.0,0.0
1.0,99.0,0.0,0.0,0.0,0.0
1.0,0.0,0.0,99.0,0.0,0.0
1.0,99.0,0.0,0.0,0.0,0.0
1.0,99.0,0.0,0.0,0.0,0.0
1.0,99.0,0.0,0.0,0.0,0.0
1.0,99.0,0.0,0.0,0.0,0.0
1.0,99.0,0.0,0.0,0.0,0.0
1.0,99.0,0.0,0.0,0.0,0.0
1.0,99.0,0.0,0.0,0.0,0.0
1.0,0.0,0.0,99.0,0.0,0.0
1.0,99.0,0.0,0.0,0.0,0.0
1.0,99.0,0.0,0.0,0.0,0.0
1.0,99.0,0.0,0.0,0.0,0.0
1.0,0.0,0.0,99.0,0.0,0.0
1.0,99.0,0.0,0.0,0.0,0.0
1.0,0.0,0.0,99.0,0.0,0.0
1.0,99.0,0.0,0.0,0.0,0.0
1.0,0.0,1.0,98.0,0.0,0.0
1.0,99.0,0.0,0.0,0.0,0.0
1.0,0.0,0.0,99.0,0.0,0.0
1.0,0.0,0.0,99.0,0.0,0.0
1.0,99.0,0.0,0.0,0.0,0.0
1.0,0.0,0.0,99.0,0.0,0.0
1.0,0.0,0.0,99.0,0.0,0.0
1.0,99.0,0.0,0.0,0.0,0.0
1.0,99.0,0.0,0.0,0.0,0.0
1.0,0.0,1.0,98.0,0.0,0.0
1.0,99.0,0.0,0.0,0.0,0.0
1.0,98.0,1.0,0.0,0.0,0.0
1.0,99.0,0.0,0.0,0.0,0.0
1.0,99.0,0.0,0.0,0.0,0.0
1.0,99.0,0.0,0.0,0.0,0.0
1.0,99.0,0.0,0.0,0.0,0.0
1.0,99.0,0.0,0.0,0.0,0.0
1.0,99.0,0.0,0.0,0.0,0.0
1.0,99.0,0.0,0.0,0.0,0.0
2.0,98.0,0.0,0.0,0.0,0.0
1.0,0.0,0.0,99.0,0.0,0.0
1.0,99.0,0.0,0.0,0.0,0.0
1.0,99.0,0.0,0.0,0.0,0.0
1.0,99.0,0.0,0.0,0.0,0.0
2.0,98.0,0.0,0.0,0.0,0.0
2.0,98.0,0.0,0.0,0.0,0.0
1.0,99.0,0.0,0.0,0.0,0.0
1.0,99.0,0.0,0.0,0.0,0.0
1.0,99.0,0.0,0.0,0.0,0.0
1.0,0.0,0.0,99.0,0.0,0.0
1.0,99.0,0.0,0.0,0.0,0.0
1.0,99.0,0.0,0.0,0.0,0.0
1.0,99.0,0.0,0.0,0.0,0.0
1.0,0.0,0.0,99.0,0.0,0.0
1.0,99.0,0.0,0.0,0.0,0.0
1.0,99.0,0.0,0.0,0.0,0.0
1.0,99.0,0.0,0.0,0.0,0.0
1.0,0.0,0.0,99.0,0.0,0.0
1.0,99.0,0.0,0.0,0.0,0.0
1.0,0.0,0.0,0.0,0.0,0.0
1.0,0.0,0.0,99.0,0.0,0.0
1.0,0.0,0.0,99.0,0.0,0.0
1.0,99.0,0.0,0.0,0.0,0.0
1.0,99.0,0.0,0.0,0.0,0.0
1.0,0.0,0.0,99.0,0.0,0.0
1.0,99.0,0.0,0.0,0.0,0.0
1.0,99.0,0.0,0.0,0.0,0.0
1.0,99.0,0.0,0.0,0.0,0.0
1.0,99.0,0.0,0.0,0.0,0.0
2.0,98.0,0.0,0.0,0.0,0.0
1.0,99.0,0.0,0.0,0.0,0.0
1.0,99.0,0.0,0.0,0.0,0.0
1.0,99.0,0.0,0.0,0.0,0.0
1.0,99.0,0.0,0.0,0.0,0.0
1.0,99.0,0.0,0.0,0.0,0.0
1.0,0.0,0.0,99.0,0.0,0.0
1.0,99.0,0.0,0.0,0.0,0.0
2.0,98.0,0.0,0.0,0.0,0.0
1.0,99.0,0.0,0.0,0.0,0.0
1.0,99.0,0.0,0.0,0.0,0.0
1.0,99.0,0.0,0.0,0.0,0.0
1.0,0.0,0.0,99.0,0.0,0.0
1.0,99.0,0.0,0.0,0.0,0.0
1.0,0.0,0.0,99.0,0.0,0.0
1.0,99.0,0.0,0.0,0.0,0.0
1.0,99.0,0.0,0.0,0.0,0.0
1.0,99.0,0.0,0.0,0.0,0.0
1.0,99.0,0.0,0.0,0.0,0.0
1.0,0.0,0.0,99.0,0.0,0.0
1.0,99.0,0.0,0.0,0.0,0.0
1.0,99.0,0.0,0.0,0.0,0.0
1.0,99.0,0.0,0.0,0.0,0.0
1.0,0.0,0.0,99.0,0.0,0.0
1.0,0.0,0.0,99.0,0.0,0.0
1.0,99.0,0.0,0.0,0.0,0.0
1.0,99.0,0.0,0.0,0.0,0.0
1.0,99.0,0.0,0.0,0.0,0.0
2.0,91.0,0.0,7.0,0.0,0.0
1.0,99.0,0.0,0.0,0.0,0.0
1.0,99.0,0.0,0.0,0.0,0.0
1.0,99.0,0.0,0.0,0.0,0.0
1.0,99.0,0.0,0.0,0.0,0.0
1.0,99.0,0.0,0.0,0.0,0.0
1.0,99.0,0.0,0.0,0.0,0.0
1.0,0.0,0.0,99.0,0.0,0.0
1.0,99.0,0.0,0.0,0.0,0.0
1.0,99.0,0.0,0.0,0.0,0.0
1.0,0.0,0.0,99.0,0.0,0.0
1.0,99.0,0.0,0.0,0.0,0.0
1.0,99.0,0.0,0.0,0.0,0.0
1.0,99.0,0.0,0.0,0.0,0.0
1.0,0.0,0.0,99.0,0.0,0.0
1.0,0.0,0.0,99.0,0.0,0.0
1.0,99.0,0.0,0.0,0.0,0.0
1.0,0.0,0.0,99.0,0.0,0.0
1.0,90.0,0.0,9.0,0.0,0.0
1.0,99.0,0.0,0.0,0.0,0.0
1.0,99.0,0.0,0.0,0.0,0.0
1.0,99.0,0.0,0.0,0.0,0.0
1.0,99.0,0.0,0.0,0.0,0.0
1.0,99.0,0.0,0.0,0.0,0.0
1.0,99.0,0.0,0.0,0.0,0.0
1.0,99.0,0.0,0.0,0.0,0.0
1.0,58.0,0.0,41.0,0.0,0.0
1.0,99.0,0.0,0.0,0.0,0.0
1.0,0.0,0.0,99.0,0.0,0.0
1.0,99.0,0.0,0.0,0.0,0.0
1.0,99.0,0.0,0.0,0.0,0.0
1.0,0.0,0.0,99.0,0.0,0.0
1.0,0.0,0.0,99.0,0.0,0.0
1.0,99.0,0.0,0.0,0.0,0.0
1.0,99.0,0.0,0.0,0.0,0.0
1.0,99.0,0.0,0.0,0.0,0.0
1.0,99.0,0.0,0.0,0.0,0.0
2.0,98.0,0.0,0.0,0.0,0.0
2.0,74.0,1.0,23.0,0.0,0.0
1.0,0.0,0.0,99.0,0.0,0.0
1.0,0.0,0.0,99.0,0.0,0.0
1.0,99.0,0.0,0.0,0.0,0.0
1.0,0.0,0.0,99.0,0.0,0.0
1.0,0.0,0.0,99.0,0.0,0.0
1.0,99.0,0.0,0.0,0.0,0.0
1.0,0.0,9.0,90.0,0.0,0.0
1.0,99.0,0.0,0.0,0.0,0.0
1.0,52.0,0.0,47.0,0.0,0.0
1.0,99.0,0.0,0.0,0.0,0.0
1.0,99.0,0.0,0.0,0.0,0.0
1.0,99.0,0.0,0.0,0.0,0.0
1.0,0.0,0.0,99.0,0.0,0.0
2.0,98.0,0.0,0.0,0.0,0.0
1.0,99.0,0.0,0.0,0.0,0.0
1.0,0.0,0.0,99.0,0.0,0.0
1.0,99.0,0.0,0.0,0.0,0.0
1.0,99.0,0.0,0.0,0.0,0.0
1.0,99.0,0.0,0.0,0.0,0.0
1.0,0.0,0.0,99.0,0.0,0.0
1.0,0.0,0.0,99.0,0.0,0.0
2.0,98.0,0.0,0.0,0.0,0.0
1.0,0.0,0.0,99.0,0.0,0.0
1.0,99.0,0.0,0.0,0.0,0.0
1.0,99.0,0.0,0.0,0.0,0.0
1.0,99.0,0.0,0.0,0.0,0.0
1.0,10.0,0.0,89.0,0.0,0.0
1.0,99.0,0.0,0.0,0.0,0.0
2.0,98.0,0.0,0.0,0.0,0.0
1.0,33.0,0.0,66.0,0.0,0.0
1.0,99.0,0.0,0.0,0.0,0.0
1.0,99.0,0.0,0.0,0.0,0.0
1.0,99.0,0.0,0.0,0.0,0.0
1.0,99.0,0.0,0.0,0.0,0.0
1.0,99.0,0.0,0.0,0.0,0.0
1.0,99.0,0.0,0.0,0.0,0.0
1.0,99.0,0.0,0.0,0.0,0.0
1.0,0.0,0.0,99.0,0.0,0.0
1.0,99.0,0.0,0.0,0.0,0.0
1.0,99.0,0.0,0.0,0.0,0.0
1.0,98.0,1.0,0.0,0.0,0.0
1.0,99.0,0.0,0.0,0.0,0.0
1.0,99.0,0.0,0.0,0.0,0.0
1.0,99.0,0.0,0.0,0.0,0.0
1.0,0.0,0.0,99.0,0.0,0.0
1.0,99.0,0.0,0.0,0.0,0.0
1.0,99.0,0.0,0.0,0.0,0.0
1.0,99.0,0.0,0.0,0.0,0.0
1.0,0.0,0.0,99.0,0.0,0.0
1.0,99.0,0.0,0.0,0.0,0.0
1.0,99.0,0.0,0.0,0.0,0.0
1.0,99.0,0.0,0.0,0.0,0.0
1.0,0.0,0.0,99.0,0.0,0.0
1.0,99.0,0.0,0.0,0.0,0.0
2.0,98.0,0.0,0.0,0.0,0.0
1.0,99.0,0.0,0.0,0.0,0.0
1.0,0.0,0.0,0.0,0.0,0.0
1.0,0.0,0.0,99.0,0.0,0.0
1.0,99.0,0.0,0.0,0.0,0.0
1.0,82.0,0.0,17.0,0.0,0.0
1.0,98.0,1.0,0.0,0.0,0.0
2.0,98.0,0.0,0.0,0.0,0.0
1.0,99.0,0.0,0.0,0.0,0.0
1.0,0.0,0.0,99.0,0.0,0.0
1.0,0.0,0.0,99.0,0.0,0.0
1.0,99.0,0.0,0.0,0.0,0.0
1.0,99.0,0.0,0.0,0.0,0.0
1.0,0.0,0.0,99.0,0.0,0.0
1.0,0.0,0.0,99.0,0.0,0.0
1.0,99.0,0.0,0.0,0.0,0.0
1.0,99.0,0.0,0.0,0.0,0.0
1.0,99.0,0.0,0.0,0.0,0.0
1.0,99.0,0.0,0.0,0.0,0.0
1.0,0.0,0.0,99.0,0.0,0.0
1.0,98.0,1.0,0.0,0.0,0.0
2.0,0.0,0.0,98.0,0.0,0.0
1.0,0.0,0.0,99.0,0.0,0.0
1.0,99.0,0.0,0.0,0.0,0.0
1.0,0.0,0.0,99.0,0.0,0.0
1.0,0.0,0.0,99.0,0.0,0.0
1.0,68.0,0.0,31.0,0.0,0.0
1.0,99.0,0.0,0.0,0.0,0.0
1.0,99.0,0.0,0.0,0.0,0.0
1.0,0.0,0.0,99.0,0.0,0.0
1.0,99.0,0.0,0.0,0.0,0.0
1.0,99.0,0.0,0.0,0.0,0.0
1.0,5.0,0.0,94.0,0.0,0.0
1.0,99.0,0.0,0.0,0.0,0.0
1.0,86.0,0.0,13.0,0.0,0.0
1.0,0.0,0.0,99.0,0.0,0.0
1.0,0.0,0.0,99.0,0.0,0.0
1.0,0.0,0.0,0.0,0.0,0.0
1.0,99.0,0.0,0.0,0.0,0.0
1.0,0.0,0.0,99.0,0.0,0.0
1.0,0.0,0.0,99.0,0.0,0.0
1.0,99.0,0.0,0.0,0.0,0.0
1.0,99.0,0.0,0.0,0.0,0.0
1.0,99.0,0.0,0.0,0.0,0.0
1.0,99.0,0.0,0.0,0.0,0.0
1.0,99.0,0.0,0.0,0.0,0.0
1.0,99.0,0.0,0.0,0.0,0.0
1.0,99.0,0.0,0.0,0.0,0.0
1.0,99.0,0.0,0.0,0.0,0.0
1.0,0.0,0.0,99.0,0.0,0.0
1.0,0.0,0.0,99.0,0.0,0.0
1.0,99.0,0.0,0.0,0.0,0.0
1.0,99.0,0.0,0.0,0.0,0.0
2.0,98.0,0.0,0.0,0.0,0.0
1.0,99.0,0.0,0.0,0.0,0.0
1.0,99.0,0.0,0.0,0.0,0.0
1.0,18.0,0.0,81.0,0.0,0.0
1.0,99.0,0.0,0.0,0.0,0.0
1.0,99.0,0.0,0.0,0.0,0.0
1.0,31.0,0.0,68.0,0.0,0.0
1.0,98.0,1.0,0.0,0.0,0.0
1.0,99.0,0.0,0.0,0.0,0.0
1.0,99.0,0.0,0.0,0.0,0.0
1.0,99.0,0.0,0.0,0.0,0.0
1.0,0.0,0.0,99.0,0.0,0.0
2.0,98.0,0.0,0.0,0.0,0.0
2.0,98.0,0.0,0.0,0.0,0.0
1.0,99.0,0.0,0.0,0.0,0.0
2.0,98.0,0.0,0.0,0.0,0.0
1.0,99.0,0.0,0.0,0.0,0.0
1.0,0.0,0.0,99.0,0.0,0.0
1.0,99.0,0.0,0.0,0.0,0.0
1.0,0.0,1.0,98.0,0.0,0.0
1.0,99.0,0.0,0.0,0.0,0.0
1.0,0.0,0.0,99.0,0.0,0.0
1.0,0.0,0.0,99.0,0.0,0.0
1.0,99.0,0.0,0.0,0.0,0.0
1.0,99.0,0.0,0.0,0.0,0.0
1.0,99.0,0.0,0.0,0.0,0.0
1.0,0.0,0.0,99.0,0.0,0.0
1.0,99.0,0.0,0.0,0.0,0.0
1.0,99.0,0.0,0.0,0.0,0.0
1.0,99.0,0.0,0.0,0.0,0.0
1.0,99.0,0.0,0.0,0.0,0.0
1.0,0.0,0.0,99.0,0.0,0.0
1.0,99.0,0.0,0.0,0.0,0.0
1.0,99.0,0.0,0.0,0.0,0.0
1.0,99.0,0.0,0.0,0.0,0.0
1.0,99.0,0.0,0.0,0.0,0.0
1.0,99.0,0.0,0.0,0.0,0.0
1.0,0.0,0.0,99.0,0.0,0.0
1.0,0.0,0.0,99.0,0.0,0.0
1.0,99.0,0.0,0.0,0.0,0.0
1.0,99.0,0.0,0.0,0.0,0.0
1.0,0.0,0.0,99.0,0.0,0.0
1.0,99.0,0.0,0.0,0.0,0.0
1.0,99.0,0.0,0.0,0.0,0.0
1.0,0.0,0.0,99.0,0.0,0.0
1.0,0.0,0.0,99.0,0.0,0.0
1.0,99.0,0.0,0.0,0.0,0.0
1.0,99.0,0.0,0.0,0.0,0.0
1.0,99.0,0.0,0.0,0.0,0.0
1.0,99.0,0.0,0.0,0.0,0.0
1.0,0.0,0.0,99.0,0.0,0.0
1.0,0.0,0.0,99.0,0.0,0.0
1.0,99.0,0.0,0.0,0.0,0.0
1.0,99.0,0.0,0.0,0.0,0.0
1.0,99.0,0.0,0.0,0.0,0.0
1.0,0.0,0.0,99.0,0.0,0.0
1.0,86.0,0.0,13.0,0.0,0.0
1.0,0.0,0.0,99.0,0.0,0.0
1.0,0.0,0.0,99.0,0.0,0.0
1.0,0.0,0.0,99.0,0.0,0.0
2.0,0.0,0.0,98.0,0.0,0.0
1.0,99.0,0.0,0.0,0.0,0.0
1.0,42.0,0.0,57.0,0.0,0.0
1.0,80.0,0.0,19.0,0.0,0.0
1.0,0.0,0.0,99.0,0.0,0.0
1.0,98.0,1.0,0.0,0.0,0.0
1.0,99.0,0.0,0.0,0.0,0.0
1.0,99.0,0.0,0.0,0.0,0.0
1.0,0.0,0.0,99.0,0.0,0.0
1.0,73.0,0.0,26.0,0.0,0.0
1.0,0.0,0.0,99.0,0.0,0.0
1.0,99.0,0.0,0.0,0.0,0.0
2.0,98.0,0.0,0.0,0.0,0.0
1.0,99.0,0.0,0.0,0.0,0.0
1.0,99.0,0.0,0.0,0.0,0.0
1.0,99.0,0.0,0.0,0.0,0.0
1.0,99.0,0.0,0.0,0.0,0.0
1.0,99.0,0.0,0.0,0.0,0.0
1.0,0.0,0.0,99.0,0.0,0.0
1.0,0.0,0.0,99.0,0.0,0.0
1.0,99.0,0.0,0.0,0.0,0.0
1.0,0.0,0.0,99.0,0.0,0.0
1.0,99.0,0.0,0.0,0.0,0.0
1.0,99.0,0.0,0.0,0.0,0.0
1.0,99.0,0.0,0.0,0.0,0.0
1.0,99.0,0.0,0.0,0.0,0.0
1.0,99.0,0.0,0.0,0.0,0.0
1.0,0.0,0.0,99.0,0.0,0.0
1.0,9.0,0.0,90.0,0.0,0.0
1.0,99.0,0.0,0.0,0.0,0.0
1.0,99.0,0.0,0.0,0.0,0.0
1.0,99.0,0.0,0.0,0.0,0.0
1.0,99.0,0.0,0.0,0.0,0.0
2.0,0.0,0.0,98.0,0.0,0.0
1.0,0.0,0.0,99.0,0.0,0.0
1.0,99.0,0.0,0.0,0.0,0.0
1.0,99.0,0.0,0.0,0.0,0.0
1.0,98.0,1.0,0.0,0.0,0.0
1.0,98.0,1.0,0.0,0.0,0.0
1.0,98.0,1.0,0.0,0.0,0.0
1.0,99.0,0.0,0.0,0.0,0.0
1.0,99.0,0.0,0.0,0.0,0.0
1.0,72.0,0.0,27.0,0.0,0.0
1.0,0.0,0.0,99.0,0.0,0.0
1.0,99.0,0.0,0.0,0.0,0.0
1.0,0.0,1.0,98.0,0.0,0.0
1.0,0.0,0.0,99.0,0.0,0.0
2.0,98.0,0.0,0.0,0.0,0.0
1.0,0.0,0.0,99.0,0.0,0.0
1.0,0.0,0.0,99.0,0.0,0.0
1.0,99.0,0.0,0.0,0.0,0.0
1.0,99.0,0.0,0.0,0.0,0.0
1.0,99.0,0.0,0.0,0.0,0.0
1.0,0.0,0.0,99.0,0.0,0.0
1.0,99.0,0.0,0.0,0.0,0.0
1.0,99.0,0.0,0.0,0.0,0.0
1.0,0.0,0.0,99.0,0.0,0.0
1.0,99.0,0.0,0.0,0.0,0.0
1.0,98.0,1.0,0.0,0.0,0.0
1.0,99.0,0.0,0.0,0.0,0.0
1.0,99.0,0.0,0.0,0.0,0.0
1.0,99.0,0.0,0.0,0.0,0.0
1.0,98.0,1.0,0.0,0.0,0.0
1.0,99.0,0.0,0.0,0.0,0.0
1.0,99.0,0.0,0.0,0.0,0.0
1.0,99.0,0.0,0.0,0.0,0.0
1.0,0.0,0.0,99.0,0.0,0.0
1.0,99.0,0.0,0.0,0.0,0.0
1.0,99.0,0.0,0.0,0.0,0.0
1.0,99.0,0.0,0.0,0.0,0.0
1.0,0.0,0.0,99.0,0.0,0.0
1.0,0.0,0.0,99.0,0.0,0.0
1.0,99.0,0.0,0.0,0.0,0.0
1.0,99.0,0.0,0.0,0.0,0.0
1.0,99.0,0.0,0.0,0.0,0.0
1.0,99.0,0.0,0.0,0.0,0.0
1.0,99.0,0.0,0.0,0.0,0.0
1.0,99.0,0.0,0.0,0.0,0.0
1.0,99.0,0.0,0.0,0.0,0.0
1.0,99.0,0.0,0.0,0.0,0.0
1.0,99.0,0.0,0.0,0.0,0.0
1.0,99.0,0.0,0.0,0.0,0.0
1.0,99.0,0.0,0.0,0.0,0.0
1.0,99.0,0.0,0.0,0.0,0.0
1.0,99.0,0.0,0.0,0.0,0.0
1.0,0.0,0.0,99.0,0.0,0.0
1.0,99.0,0.0,0.0,0.0,0.0
1.0,0.0,0.0,99.0,0.0,0.0
1.0,99.0,0.0,0.0,0.0,0.0
1.0,0.0,0.0,99.0,0.0,0.0
1.0,99.0,0.0,0.0,0.0,0.0
1.0,0.0,0.0,99.0,0.0,0.0
1.0,99.0,0.0,0.0,0.0,0.0
1.0,0.0,1.0,98.0,0.0,0.0
1.0,99.0,0.0,0.0,0.0,0.0
1.0,99.0,0.0,0.0,0.0,0.0
1.0,0.0,0.0,99.0,0.0,0.0
1.0,99.0,0.0,0.0,0.0,0.0
1.0,99.0,0.0,0.0,0.0,0.0
1.0,0.0,0.0,99.0,0.0,0.0
1.0,0.0,0.0,99.0,0.0,0.0
1.0,99.0,0.0,0.0,0.0,0.0
1.0,99.0,0.0,0.0,0.0,0.0
1.0,99.0,0.0,0.0,0.0,0.0
1.0,98.0,1.0,0.0,0.0,0.0
1.0,99.0,0.0,0.0,0.0,0.0
1.0,99.0,0.0,0.0,0.0,0.0
1.0,98.0,1.0,0.0,0.0,0.0
1.0,0.0,0.0,99.0,0.0,0.0
1.0,99.0,0.0,0.0,0.0,0.0
1.0,5.0,0.0,94.0,0.0,0.0
1.0,99.0,0.0,0.0,0.0,0.0
1.0,39.0,0.0,60.0,0.0,0.0
1.0,99.0,0.0,0.0,0.0,0.0
1.0,0.0,0.0,99.0,0.0,0.0
1.0,0.0,0.0,99.0,0.0,0.0
1.0,0.0,0.0,99.0,0.0,0.0
1.0,99.0,0.0,0.0,0.0,0.0
1.0,99.0,0.0,0.0,0.0,0.0
1.0,99.0,0.0,0.0,0.0,0.0
1.0,99.0,0.0,0.0,0.0,0.0
2.0,98.0,0.0,0.0,0.0,0.0
1.0,0.0,0.0,99.0,0.0,0.0
1.0,0.0,0.0,99.0,0.0,0.0
1.0,0.0,0.0,99.0,0.0,0.0
1.0,0.0,0.0,99.0,0.0,0.0
1.0,0.0,0.0,99.0,0.0,0.0
1.0,99.0,0.0,0.0,0.0,0.0
1.0,99.0,0.0,0.0,0.0,0.0
1.0,0.0,0.0,99.0,0.0,0.0
1.0,99.0,0.0,0.0,0.0,0.0
1.0,0.0,0.0,99.0,0.0,0.0
1.0,0.0,0.0,99.0,0.0,0.0
1.0,0.0,0.0,99.0,0.0,0.0
1.0,99.0,0.0,0.0,0.0,0.0
1.0,99.0,0.0,0.0,0.0,0.0
1.0,99.0,0.0,0.0,0.0,0.0
1.0,99.0,0.0,0.0,0.0,0.0
1.0,99.0,0.0,0.0,0.0,0.0
1.0,0.0,0.0,99.0,0.0,0.0
1.0,99.0,0.0,0.0,0.0,0.0
1.0,0.0,0.0,99.0,0.0,0.0
2.0,98.0,0.0,0.0,0.0,0.0
1.0,99.0,0.0,0.0,0.0,0.0
1.0,0.0,66.0,33.0,0.0,0.0
1.0,0.0,0.0,99.0,0.0,0.0
1.0,99.0,0.0,0.0,0.0,0.0
1.0,99.0,0.0,0.0,0.0,0.0
1.0,99.0,0.0,0.0,0.0,0.0
1.0,0.0,0.0,99.0,0.0,0.0
1.0,99.0,0.0,0.0,0.0,0.0
2.0,98.0,0.0,0.0,0.0,0.0
2.0,98.0,0.0,0.0,0.0,0.0
1.0,99.0,0.0,0.0,0.0,0.0
1.0,60.0,0.0,39.0,0.0,0.0
1.0,0.0,0.0,99.0,0.0,0.0
1.0,0.0,0.0,99.0,0.0,0.0
2.0,0.0,0.0,98.0,0.0,0.0
1.0,99.0,0.0,0.0,0.0,0.0
1.0,99.0,0.0,0.0,0.0,0.0
1.0,99.0,0.0,0.0,0.0,0.0
1.0,0.0,0.0,99.0,0.0,0.0
1.0,99.0,0.0,0.0,0.0,0.0
1.0,99.0,0.0,0.0,0.0,0.0
1.0,27.0,1.0,71.0,0.0,0.0
1.0,99.0,0.0,0.0,0.0,0.0
1.0,99.0,0.0,0.0,0.0,0.0
3.0,0.0,0.0,97.0,0.0,0.0
1.0,0.0,0.0,99.0,0.0,0.0
1.0,0.0,0.0,99.0,0.0,0.0
1.0,99.0,0.0,0.0,0.0,0.0
1.0,99.0,0.0,0.0,0.0,0.0
1.0,99.0,0.0,0.0,0.0,0.0
1.0,99.0,0.0,0.0,0.0,0.0
1.0,99.0,0.0,0.0,0.0,0.0
1.0,99.0,0.0,0.0,0.0,0.0
1.0,99.0,0.0,0.0,0.0,0.0
1.0,0.0,0.0,99.0,0.0,0.0
1.0,0.0,0.0,99.0,0.0,0.0
1.0,99.0,0.0,0.0,0.0,0.0
1.0,98.0,1.0,0.0,0.0,0.0
1.0,0.0,0.0,99.0,0.0,0.0
1.0,99.0,0.0,0.0,0.0,0.0
1.0,0.0,0.0,99.0,0.0,0.0
1.0,0.0,0.0,99.0,0.0,0.0
1.0,99.0,0.0,0.0,0.0,0.0
1.0,99.0,0.0,0.0,0.0,0.0
1.0,99.0,0.0,0.0,0.0,0.0
1.0,99.0,0.0,0.0,0.0,0.0
1.0,99.0,0.0,0.0,0.0,0.0
1.0,0.0,0.0,99.0,0.0,0.0
1.0,0.0,0.0,99.0,0.0,0.0
1.0,0.0,0.0,99.0,0.0,0.0
1.0,0.0,0.0,99.0,0.0,0.0
1.0,99.0,0.0,0.0,0.0,0.0
1.0,98.0,1.0,0.0,0.0,0.0
1.0,99.0,0.0,0.0,0.0,0.0
1.0,99.0,0.0,0.0,0.0,0.0
1.0,99.0,0.0,0.0,0.0,0.0
1.0,99.0,0.0,0.0,0.0,0.0
2.0,98.0,0.0,0.0,0.0,0.0
1.0,99.0,0.0,0.0,0.0,0.0
1.0,0.0,0.0,99.0,0.0,0.0
1.0,99.0,0.0,0.0,0.0,0.0
1.0,99.0,0.0,0.0,0.0,0.0
1.0,99.0,0.0,0.0,0.0,0.0
1.0,99.0,0.0,0.0,0.0,0.0
1.0,99.0,0.0,0.0,0.0,0.0
1.0,99.0,0.0,0.0,0.0,0.0
1.0,0.0,0.0,99.0,0.0,0.0
1.0,99.0,0.0,0.0,0.0,0.0
1.0,99.0,0.0,0.0,0.0,0.0
1.0,99.0,0.0,0.0,0.0,0.0
1.0,0.0,0.0,99.0,0.0,0.0
1.0,99.0,0.0,0.0,0.0,0.0
1.0,0.0,0.0,99.0,0.0,0.0
1.0,0.0,0.0,99.0,0.0,0.0
1.0,99.0,0.0,0.0,0.0,0.0
2.0,98.0,0.0,0.0,0.0,0.0
1.0,99.0,0.0,0.0,0.0,0.0
1.0,99.0,0.0,0.0,0.0,0.0
1.0,99.0,0.0,0.0,0.0,0.0
1.0,99.0,0.0,0.0,0.0,0.0
1.0,99.0,0.0,0.0,0.0,0.0
1.0,99.0,0.0,0.0,0.0,0.0
1.0,0.0,0.0,99.0,0.0,0.0
1.0,99.0,0.0,0.0,0.0,0.0
1.0,98.0,1.0,0.0,0.0,0.0
1.0,99.0,0.0,0.0,0.0,0.0
1.0,99.0,0.0,0.0,0.0,0.0
1.0,99.0,0.0,0.0,0.0,0.0
1.0,99.0,0.0,0.0,0.0,0.0
1.0,0.0,0.0,99.0,0.0,0.0
1.0,99.0,0.0,0.0,0.0,0.0
2.0,56.0,0.0,42.0,0.0,0.0
1.0,99.0,0.0,0.0,0.0,0.0
1.0,99.0,0.0,0.0,0.0,0.0
1.0,0.0,0.0,99.0,0.0,0.0
1.0,0.0,0.0,99.0,0.0,0.0
1.0,99.0,0.0,0.0,0.0,0.0
1.0,99.0,0.0,0.0,0.0,0.0
1.0,99.0,0.0,0.0,0.0,0.0
1.0,98.0,1.0,0.0,0.0,0.0
1.0,99.0,0.0,0.0,0.0,0.0
1.0,99.0,0.0,0.0,0.0,0.0
1.0,99.0,0.0,0.0,0.0,0.0
1.0,99.0,0.0,0.0,0.0,0.0
1.0,99.0,0.0,0.0,0.0,0.0
1.0,99.0,0.0,0.0,0.0,0.0
1.0,99.0,0.0,0.0,0.0,0.0
1.0,99.0,0.0,0.0,0.0,0.0
1.0,99.0,0.0,0.0,0.0,0.0
1.0,99.0,0.0,0.0,0.0,0.0
1.0,99.0,0.0,0.0,0.0,0.0
1.0,99.0,0.0,0.0,0.0,0.0
1.0,99.0,0.0,0.0,0.0,0.0
1.0,0.0,0.0,99.0,0.0,0.0
1.0,99.0,0.0,0.0,0.0,0.0
1.0,99.0,0.0,0.0,0.0,0.0
1.0,0.0,0.0,99.0,0.0,0.0
1.0,99.0,0.0,0.0,0.0,0.0
1.0,0.0,0.0,99.0,0.0,0.0
1.0,0.0,0.0,99.0,0.0,0.0
1.0,99.0,0.0,0.0,0.0,0.0
1.0,0.0,1.0,98.0,0.0,0.0
1.0,98.0,1.0,0.0,0.0,0.0
1.0,0.0,0.0,99.0,0.0,0.0
1.0,99.0,0.0,0.0,0.0,0.0
1.0,0.0,0.0,99.0,0.0,0.0
1.0,99.0,0.0,0.0,0.0,0.0
1.0,99.0,0.0,0.0,0.0,0.0
1.0,99.0,0.0,0.0,0.0,0.0
1.0,0.0,0.0,99.0,0.0,0.0
1.0,99.0,0.0,0.0,0.0,0.0
1.0,99.0,0.0,0.0,0.0,0.0
1.0,99.0,0.0,0.0,0.0,0.0
1.0,0.0,0.0,99.0,0.0,0.0
1.0,0.0,0.0,99.0,0.0,0.0
1.0,99.0,0.0,0.0,0.0,0.0
2.0,97.0,1.0,0.0,0.0,0.0
1.0,0.0,0.0,99.0,0.0,0.0
1.0,0.0,0.0,99.0,0.0,0.0
1.0,99.0,0.0,0.0,0.0,0.0
1.0,99.0,0.0,0.0,0.0,0.0
1.0,0.0,0.0,99.0,0.0,0.0
1.0,0.0,0.0,99.0,0.0,0.0
1.0,0.0,1.0,98.0,0.0,0.0
1.0,0.0,0.0,99.0,0.0,0.0
1.0,99.0,0.0,0.0,0.0,0.0
1.0,0.0,0.0,99.0,0.0,0.0
2.0,0.0,1.0,97.0,0.0,0.0
1.0,0.0,0.0,99.0,0.0,0.0
1.0,99.0,0.0,0.0,0.0,0.0
1.0,99.0,0.0,0.0,0.0,0.0
1.0,99.0,0.0,0.0,0.0,0.0
1.0,0.0,0.0,99.0,0.0,0.0
1.0,0.0,0.0,99.0,0.0,0.0
1.0,0.0,0.0,99.0,0.0,0.0
1.0,15.0,0.0,84.0,0.0,0.0
1.0,99.0,0.0,0.0,0.0,0.0
1.0,99.0,0.0,0.0,0.0,0.0
1.0,0.0,0.0,99.0,0.0,0.0
1.0,34.0,0.0,65.0,0.0,0.0
1.0,99.0,0.0,0.0,0.0,0.0
1.0,99.0,0.0,0.0,0.0,0.0
1.0,99.0,0.0,0.0,0.0,0.0
1.0,99.0,0.0,0.0,0.0,0.0
1.0,99.0,0.0,0.0,0.0,0.0
1.0,0.0,0.0,99.0,0.0,0.0
1.0,99.0,0.0,0.0,0.0,0.0
1.0,99.0,0.0,0.0,0.0,0.0
2.0,0.0,0.0,98.0,0.0,0.0
2.0,98.0,0.0,0.0,0.0,0.0
1.0,99.0,0.0,0.0,0.0,0.0
1.0,99.0,0.0,0.0,0.0,0.0
2.0,19.0,0.0,79.0,0.0,0.0
1.0,99.0,0.0,0.0,0.0,0.0
1.0,0.0,0.0,99.0,0.0,0.0
1.0,99.0,0.0,0.0,0.0,0.0
1.0,99.0,0.0,0.0,0.0,0.0
1.0,98.0,1.0,0.0,0.0,0.0
1.0,0.0,0.0,99.0,0.0,0.0
1.0,99.0,0.0,0.0,0.0,0.0
1.0,98.0,1.0,0.0,0.0,0.0
1.0,0.0,0.0,99.0,0.0,0.0
1.0,98.0,1.0,0.0,0.0,0.0
1.0,44.0,0.0,55.0,0.0,0.0
1.0,99.0,0.0,0.0,0.0,0.0
1.0,99.0,0.0,0.0,0.0,0.0
1.0,0.0,0.0,99.0,0.0,0.0
1.0,99.0,0.0,0.0,0.0,0.0
1.0,99.0,0.0,0.0,0.0,0.0
1.0,0.0,0.0,99.0,0.0,0.0
1.0,99.0,0.0,0.0,0.0,0.0
2.0,98.0,0.0,0.0,0.0,0.0
1.0,99.0,0.0,0.0,0.0,0.0
1.0,99.0,0.0,0.0,0.0,0.0
1.0,99.0,0.0,0.0,0.0,0.0
1.0,0.0,0.0,99.0,0.0,0.0
1.0,0.0,0.0,99.0,0.0,0.0
1.0,99.0,0.0,0.0,0.0,0.0
1.0,99.0,0.0,0.0,0.0,0.0
1.0,99.0,0.0,0.0,0.0,0.0
1.0,99.0,0.0,0.0,0.0,0.0
1.0,0.0,0.0,99.0,0.0,0.0
1.0,99.0,0.0,0.0,0.0,0.0
2.0,0.0,0.0,98.0,0.0,0.0
1.0,99.0,0.0,0.0,0.0,0.0
1.0,99.0,0.0,0.0,0.0,0.0
1.0,0.0,0.0,99.0,0.0,0.0
1.0,99.0,0.0,0.0,0.0,0.0
1.0,0.0,0.0,99.0,0.0,0.0
1.0,99.0,0.0,0.0,0.0,0.0
1.0,0.0,0.0,99.0,0.0,0.0
1.0,98.0,1.0,0.0,0.0,0.0
1.0,98.0,1.0,0.0,0.0,0.0
1.0,99.0,0.0,0.0,0.0,0.0
1.0,0.0,0.0,99.0,0.0,0.0
1.0,0.0,0.0,99.0,0.0,0.0
1.0,99.0,0.0,0.0,0.0,0.0
1.0,99.0,0.0,0.0,0.0,0.0
1.0,0.0,0.0,99.0,0.0,0.0
2.0,98.0,0.0,0.0,0.0,0.0
1.0,99.0,0.0,0.0,0.0,0.0
1.0,99.0,0.0,0.0,0.0,0.0
1.0,0.0,0.0,99.0,0.0,0.0
1.0,99.0,0.0,0.0,0.0,0.0
1.0,99.0,0.0,0.0,0.0,0.0
1.0,99.0,0.0,0.0,0.0,0.0
1.0,0.0,0.0,99.0,0.0,0.0
1.0,99.0,0.0,0.0,0.0,0.0
1.0,0.0,0.0,99.0,0.0,0.0
1.0,99.0,0.0,0.0,0.0,0.0
1.0,99.0,0.0,0.0,0.0,0.0
1.0,99.0,0.0,0.0,0.0,0.0
1.0,0.0,0.0,99.0,0.0,0.0
1.0,99.0,0.0,0.0,0.0,0.0
1.0,99.0,0.0,0.0,0.0,0.0
1.0,23.0,0.0,76.0,0.0,0.0
1.0,0.0,0.0,99.0,0.0,0.0
1.0,98.0,1.0,0.0,0.0,0.0
1.0,99.0,0.0,0.0,0.0,0.0
1.0,0.0,0.0,99.0,0.0,0.0
1.0,99.0,0.0,0.0,0.0,0.0
1.0,99.0,0.0,0.0,0.0,0.0
1.0,99.0,0.0,0.0,0.0,0.0
1.0,99.0,0.0,0.0,0.0,0.0
1.0,98.0,1.0,0.0,0.0,0.0
1.0,0.0,0.0,99.0,0.0,0.0
1.0,99.0,0.0,0.0,0.0,0.0
1.0,0.0,0.0,99.0,0.0,0.0
1.0,99.0,0.0,0.0,0.0,0.0
1.0,0.0,0.0,99.0,0.0,0.0
1.0,99.0,0.0,0.0,0.0,0.0
1.0,0.0,0.0,99.0,0.0,0.0
1.0,99.0,0.0,0.0,0.0,0.0
1.0,99.0,0.0,0.0,0.0,0.0
1.0,99.0,0.0,0.0,0.0,0.0
1.0,0.0,0.0,99.0,0.0,0.0
1.0,99.0,0.0,0.0,0.0,0.0
1.0,0.0,0.0,99.0,0.0,0.0
1.0,0.0,1.0,98.0,0.0,0.0
1.0,99.0,0.0,0.0,0.0,0.0
1.0,99.0,0.0,0.0,0.0,0.0
1.0,0.0,0.0,99.0,0.0,0.0
1.0,99.0,0.0,0.0,0.0,0.0
1.0,99.0,0.0,0.0,0.0,0.0
1.0,99.0,0.0,0.0,0.0,0.0
1.0,99.0,0.0,0.0,0.0,0.0
1.0,99.0,0.0,0.0,0.0,0.0
1.0,99.0,0.0,0.0,0.0,0.0
1.0,0.0,0.0,99.0,0.0,0.0
2.0,98.0,0.0,0.0,0.0,0.0
1.0,99.0,0.0,0.0,0.0,0.0
1.0,0.0,0.0,99.0,0.0,0.0
1.0,0.0,0.0,99.0,0.0,0.0
1.0,99.0,0.0,0.0,0.0,0.0
1.0,94.0,0.0,5.0,0.0,0.0
1.0,0.0,0.0,99.0,0.0,0.0
1.0,99.0,0.0,0.0,0.0,0.0
1.0,99.0,0.0,0.0,0.0,0.0
1.0,99.0,0.0,0.0,0.0,0.0
1.0,99.0,0.0,0.0,0.0,0.0
1.0,0.0,0.0,99.0,0.0,0.0
1.0,99.0,0.0,0.0,0.0,0.0
1.0,0.0,0.0,99.0,0.0,0.0
1.0,99.0,0.0,0.0,0.0,0.0
1.0,99.0,0.0,0.0,0.0,0.0
1.0,99.0,0.0,0.0,0.0,0.0
1.0,99.0,0.0,0.0,0.0,0.0
1.0,98.0,1.0,0.0,0.0,0.0
1.0,0.0,0.0,99.0,0.0,0.0
1.0,99.0,0.0,0.0,0.0,0.0
1.0,0.0,0.0,99.0,0.0,0.0
1.0,99.0,0.0,0.0,0.0,0.0
1.0,0.0,0.0,99.0,0.0,0.0
1.0,99.0,0.0,0.0,0.0,0.0
1.0,0.0,0.0,99.0,0.0,0.0
1.0,0.0,0.0,99.0,0.0,0.0
1.0,99.0,0.0,0.0,0.0,0.0
1.0,0.0,0.0,99.0,0.0,0.0
1.0,99.0,0.0,0.0,0.0,0.0
1.0,99.0,0.0,0.0,0.0,0.0
1.0,99.0,0.0,0.0,0.0,0.0
1.0,99.0,0.0,0.0,0.0,0.0
1.0,99.0,0.0,0.0,0.0,0.0
1.0,0.0,0.0,99.0,0.0,0.0
1.0,0.0,0.0,99.0,0.0,0.0
1.0,48.0,0.0,51.0,0.0,0.0
1.0,99.0,0.0,0.0,0.0,0.0
2.0,98.0,0.0,0.0,0.0,0.0
1.0,0.0,0.0,99.0,0.0,0.0
1.0,99.0,0.0,0.0,0.0,0.0
1.0,99.0,0.0,0.0,0.0,0.0
1.0,0.0,0.0,99.0,0.0,0.0
1.0,99.0,0.0,0.0,0.0,0.0
1.0,99.0,0.0,0.0,0.0,0.0
1.0,99.0,0.0,0.0,0.0,0.0
1.0,99.0,0.0,0.0,0.0,0.0
1.0,98.0,1.0,0.0,0.0,0.0
1.0,0.0,0.0,99.0,0.0,0.0
1.0,99.0,0.0,0.0,0.0,0.0
1.0,99.0,0.0,0.0,0.0,0.0
1.0,99.0,0.0,0.0,0.0,0.0
1.0,0.0,0.0,99.0,0.0,0.0
1.0,99.0,0.0,0.0,0.0,0.0
1.0,0.0,0.0,99.0,0.0,0.0
1.0,0.0,0.0,99.0,0.0,0.0
1.0,99.0,0.0,0.0,0.0,0.0
1.0,99.0,0.0,0.0,0.0,0.0
1.0,0.0,0.0,99.0,0.0,0.0
1.0,99.0,0.0,0.0,0.0,0.0
1.0,99.0,0.0,0.0,0.0,0.0
1.0,99.0,0.0,0.0,0.0,0.0
1.0,0.0,0.0,99.0,0.0,0.0
1.0,0.0,0.0,99.0,0.0,0.0
1.0,99.0,0.0,0.0,0.0,0.0
1.0,99.0,0.0,0.0,0.0,0.0
1.0,99.0,0.0,0.0,0.0,0.0
1.0,0.0,0.0,99.0,0.0,0.0
1.0,0.0,0.0,99.0,0.0,0.0
1.0,0.0,0.0,99.0,0.0,0.0
1.0,99.0,0.0,0.0,0.0,0.0
1.0,99.0,0.0,0.0,0.0,0.0
1.0,99.0,0.0,0.0,0.0,0.0
1.0,99.0,0.0,0.0,0.0,0.0
1.0,99.0,0.0,0.0,0.0,0.0
1.0,0.0,0.0,99.0,0.0,0.0
1.0,0.0,0.0,99.0,0.0,0.0
1.0,99.0,0.0,0.0,0.0,0.0
1.0,99.0,0.0,0.0,0.0,0.0
1.0,0.0,0.0,99.0,0.0,0.0
1.0,0.0,0.0,99.0,0.0,0.0
1.0,0.0,0.0,99.0,0.0,0.0
1.0,0.0,0.0,99.0,0.0,0.0
1.0,99.0,0.0,0.0,0.0,0.0
1.0,0.0,0.0,99.0,0.0,0.0
1.0,99.0,0.0,0.0,0.0,0.0
1.0,99.0,0.0,0.0,0.0,0.0
2.0,98.0,0.0,0.0,0.0,0.0
1.0,99.0,0.0,0.0,0.0,0.0
1.0,99.0,0.0,0.0,0.0,0.0
1.0,98.0,1.0,0.0,0.0,0.0
1.0,99.0,0.0,0.0,0.0,0.0
1.0,99.0,0.0,0.0,0.0,0.0
1.0,0.0,0.0,99.0,0.0,0.0
1.0,0.0,0.0,99.0,0.0,0.0
1.0,99.0,0.0,0.0,0.0,0.0
1.0,99.0,0.0,0.0,0.0,0.0
1.0,99.0,0.0,0.0,0.0,0.0
1.0,99.0,0.0,0.0,0.0,0.0
1.0,0.0,0.0,99.0,0.0,0.0
1.0,98.0,1.0,0.0,0.0,0.0
1.0,0.0,0.0,99.0,0.0,0.0
1.0,99.0,0.0,0.0,0.0,0.0
1.0,99.0,0.0,0.0,0.0,0.0
1.0,0.0,1.0,98.0,0.0,0.0
1.0,0.0,0.0,99.0,0.0,0.0
1.0,99.0,0.0,0.0,0.0,0.0
1.0,0.0,0.0,99.0,0.0,0.0
1.0,0.0,0.0,99.0,0.0,0.0
1.0,99.0,0.0,0.0,0.0,0.0
1.0,99.0,0.0,0.0,0.0,0.0
1.0,0.0,0.0,99.0,0.0,0.0
1.0,0.0,0.0,99.0,0.0,0.0
1.0,0.0,0.0,99.0,0.0,0.0
1.0,0.0,0.0,99.0,0.0,0.0
1.0,0.0,0.0,99.0,0.0,0.0
1.0,0.0,0.0,99.0,0.0,0.0
1.0,19.0,0.0,80.0,0.0,0.0
1.0,99.0,0.0,0.0,0.0,0.0
1.0,0.0,0.0,99.0,0.0,0.0
1.0,0.0,0.0,99.0,0.0,0.0
1.0,0.0,0.0,99.0,0.0,0.0
1.0,0.0,0.0,99.0,0.0,0.0
1.0,99.0,0.0,0.0,0.0,0.0
1.0,0.0,6.0,89.0,0.0,0.0
1.0,68.0,0.0,31.0,0.0,0.0
1.0,0.0,0.0,99.0,0.0,0.0
1.0,99.0,0.0,0.0,0.0,0.0
1.0,0.0,0.0,99.0,0.0,0.0
1.0,99.0,0.0,0.0,0.0,0.0
1.0,99.0,0.0,0.0,0.0,0.0
1.0,99.0,0.0,0.0,0.0,0.0
1.0,0.0,0.0,99.0,0.0,0.0
1.0,99.0,0.0,0.0,0.0,0.0
1.0,99.0,0.0,0.0,0.0,0.0
1.0,99.0,0.0,0.0,0.0,0.0
1.0,0.0,0.0,99.0,0.0,0.0
1.0,99.0,0.0,0.0,0.0,0.0
2.0,98.0,0.0,0.0,0.0,0.0
1.0,99.0,0.0,0.0,0.0,0.0
1.0,99.0,0.0,0.0,0.0,0.0
1.0,99.0,0.0,0.0,0.0,0.0
1.0,99.0,0.0,0.0,0.0,0.0
1.0,0.0,0.0,99.0,0.0,0.0
1.0,99.0,0.0,0.0,0.0,0.0
1.0,0.0,0.0,99.0,0.0,0.0
1.0,0.0,0.0,99.0,0.0,0.0
1.0,0.0,0.0,99.0,0.0,0.0
1.0,99.0,0.0,0.0,0.0,0.0
1.0,0.0,0.0,99.0,0.0,0.0
1.0,99.0,0.0,0.0,0.0,0.0
1.0,99.0,0.0,0.0,0.0,0.0
1.0,99.0,0.0,0.0,0.0,0.0
1.0,99.0,0.0,0.0,0.0,0.0
1.0,0.0,0.0,99.0,0.0,0.0
1.0,0.0,0.0,99.0,0.0,0.0
1.0,99.0,0.0,0.0,0.0,0.0
1.0,98.0,1.0,0.0,0.0,0.0
1.0,0.0,0.0,99.0,0.0,0.0
1.0,98.0,1.0,0.0,0.0,0.0
1.0,99.0,0.0,0.0,0.0,0.0
1.0,99.0,0.0,0.0,0.0,0.0
1.0,0.0,0.0,99.0,0.0,0.0
1.0,99.0,0.0,0.0,0.0,0.0
2.0,0.0,0.0,98.0,0.0,0.0
1.0,99.0,0.0,0.0,0.0,0.0
1.0,0.0,0.0,99.0,0.0,0.0
1.0,99.0,0.0,0.0,0.0,0.0
1.0,0.0,0.0,99.0,0.0,0.0
1.0,99.0,0.0,0.0,0.0,0.0
1.0,99.0,0.0,0.0,0.0,0.0
1.0,99.0,0.0,0.0,0.0,0.0
1.0,99.0,0.0,0.0,0.0,0.0
1.0,99.0,0.0,0.0,0.0,0.0
1.0,99.0,0.0,0.0,0.0,0.0
1.0,0.0,0.0,99.0,0.0,0.0
1.0,99.0,0.0,0.0,0.0,0.0
1.0,0.0,0.0,99.0,0.0,0.0
1.0,99.0,0.0,0.0,0.0,0.0
1.0,99.0,0.0,0.0,0.0,0.0
1.0,0.0,0.0,99.0,0.0,0.0
1.0,99.0,0.0,0.0,0.0,0.0
1.0,99.0,0.0,0.0,0.0,0.0
1.0,0.0,0.0,99.0,0.0,0.0
1.0,99.0,0.0,0.0,0.0,0.0
1.0,0.0,0.0,99.0,0.0,0.0
1.0,99.0,0.0,0.0,0.0,0.0
1.0,99.0,0.0,0.0,0.0,0.0
1.0,0.0,0.0,99.0,0.0,0.0
1.0,99.0,0.0,0.0,0.0,0.0
1.0,0.0,0.0,99.0,0.0,0.0
1.0,0.0,0.0,99.0,0.0,0.0
1.0,0.0,0.0,99.0,0.0,0.0
1.0,0.0,0.0,99.0,0.0,0.0
1.0,99.0,0.0,0.0,0.0,0.0
1.0,98.0,1.0,0.0,0.0,0.0
1.0,99.0,0.0,0.0,0.0,0.0
1.0,0.0,0.0,99.0,0.0,0.0
1.0,98.0,1.0,0.0,0.0,0.0
1.0,0.0,0.0,99.0,0.0,0.0
1.0,99.0,0.0,0.0,0.0,0.0
1.0,0.0,0.0,99.0,0.0,0.0
1.0,99.0,0.0,0.0,0.0,0.0
1.0,99.0,0.0,0.0,0.0,0.0
1.0,99.0,0.0,0.0,0.0,0.0
1.0,99.0,0.0,0.0,0.0,0.0
1.0,99.0,0.0,0.0,0.0,0.0
1.0,99.0,0.0,0.0,0.0,0.0
1.0,99.0,0.0,0.0,0.0,0.0
1.0,0.0,0.0,0.0,0.0,0.0
1.0,0.0,0.0,99.0,0.0,0.0
1.0,16.0,0.0,83.0,0.0,0.0
1.0,99.0,0.0,0.0,0.0,0.0
1.0,99.0,0.0,0.0,0.0,0.0
1.0,99.0,0.0,0.0,0.0,0.0
1.0,99.0,0.0,0.0,0.0,0.0
1.0,99.0,0.0,0.0,0.0,0.0
1.0,0.0,1.0,98.0,0.0,0.0
1.0,99.0,0.0,0.0,0.0,0.0
1.0,0.0,0.0,99.0,0.0,0.0
1.0,0.0,0.0,99.0,0.0,0.0
1.0,0.0,0.0,99.0,0.0,0.0
1.0,99.0,0.0,0.0,0.0,0.0
1.0,99.0,0.0,0.0,0.0,0.0
1.0,99.0,0.0,0.0,0.0,0.0
1.0,99.0,0.0,0.0,0.0,0.0
1.0,99.0,0.0,0.0,0.0,0.0
1.0,0.0,0.0,0.0,0.0,0.0
1.0,99.0,0.0,0.0,0.0,0.0
1.0,99.0,0.0,0.0,0.0,0.0
1.0,99.0,0.0,0.0,0.0,0.0
1.0,0.0,0.0,99.0,0.0,0.0
1.0,99.0,0.0,0.0,0.0,0.0
1.0,0.0,1.0,98.0,0.0,0.0
1.0,99.0,0.0,0.0,0.0,0.0
1.0,0.0,0.0,99.0,0.0,0.0
1.0,0.0,0.0,99.0,0.0,0.0
1.0,0.0,0.0,99.0,0.0,0.0
1.0,98.0,1.0,0.0,0.0,0.0
1.0,0.0,0.0,99.0,0.0,0.0
1.0,99.0,0.0,0.0,0.0,0.0
1.0,98.0,1.0,0.0,0.0,0.0
1.0,99.0,0.0,0.0,0.0,0.0
1.0,99.0,0.0,0.0,0.0,0.0
1.0,0.0,1.0,98.0,0.0,0.0
1.0,99.0,0.0,0.0,0.0,0.0
1.0,0.0,0.0,99.0,0.0,0.0
1.0,0.0,0.0,99.0,0.0,0.0
1.0,0.0,0.0,99.0,0.0,0.0
1.0,99.0,0.0,0.0,0.0,0.0
1.0,99.0,0.0,0.0,0.0,0.0
1.0,0.0,0.0,99.0,0.0,0.0
1.0,99.0,0.0,0.0,0.0,0.0
1.0,99.0,0.0,0.0,0.0,0.0
1.0,99.0,0.0,0.0,0.0,0.0
1.0,0.0,0.0,99.0,0.0,0.0
1.0,0.0,0.0,99.0,0.0,0.0
1.0,98.0,1.0,0.0,0.0,0.0
1.0,0.0,0.0,99.0,0.0,0.0
1.0,0.0,0.0,99.0,0.0,0.0
1.0,99.0,0.0,0.0,0.0,0.0
1.0,0.0,0.0,99.0,0.0,0.0
1.0,99.0,0.0,0.0,0.0,0.0
1.0,98.0,1.0,0.0,0.0,0.0
1.0,99.0,0.0,0.0,0.0,0.0
1.0,99.0,0.0,0.0,0.0,0.0
1.0,99.0,0.0,0.0,0.0,0.0
1.0,99.0,0.0,0.0,0.0,0.0
1.0,99.0,0.0,0.0,0.0,0.0
1.0,99.0,0.0,0.0,0.0,0.0
1.0,99.0,0.0,0.0,0.0,0.0
1.0,99.0,0.0,0.0,0.0,0.0
1.0,99.0,0.0,0.0,0.0,0.0
1.0,99.0,0.0,0.0,0.0,0.0
1.0,99.0,0.0,0.0,0.0,0.0
1.0,0.0,0.0,99.0,0.0,0.0
1.0,99.0,0.0,0.0,0.0,0.0
1.0,99.0,0.0,0.0,0.0,0.0
1.0,99.0,0.0,0.0,0.0,0.0
1.0,99.0,0.0,0.0,0.0,0.0
1.0,99.0,0.0,0.0,0.0,0.0
1.0,0.0,0.0,99.0,0.0,0.0
1.0,99.0,0.0,0.0,0.0,0.0
1.0,99.0,0.0,0.0,0.0,0.0
1.0,0.0,0.0,99.0,0.0,0.0
1.0,0.0,0.0,99.0,0.0,0.0
1.0,0.0,0.0,99.0,0.0,0.0
1.0,99.0,0.0,0.0,0.0,0.0
1.0,99.0,0.0,0.0,0.0,0.0
1.0,99.0,0.0,0.0,0.0,0.0
1.0,99.0,0.0,0.0,0.0,0.0
1.0,99.0,0.0,0.0,0.0,0.0
1.0,99.0,0.0,0.0,0.0,0.0
1.0,99.0,0.0,0.0,0.0,0.0
1.0,99.0,0.0,0.0,0.0,0.0
1.0,99.0,0.0,0.0,0.0,0.0
1.0,0.0,0.0,99.0,0.0,0.0
1.0,0.0,0.0,99.0,0.0,0.0
1.0,99.0,0.0,0.0,0.0,0.0
1.0,99.0,0.0,0.0,0.0,0.0
1.0,0.0,0.0,99.0,0.0,0.0
1.0,0.0,0.0,99.0,0.0,0.0
1.0,99.0,0.0,0.0,0.0,0.0
1.0,0.0,0.0,99.0,0.0,0.0
1.0,99.0,0.0,0.0,0.0,0.0
1.0,72.0,2.0,25.0,0.0,0.0
1.0,0.0,0.0,99.0,0.0,0.0
1.0,0.0,0.0,99.0,0.0,0.0
1.0,98.0,1.0,0.0,0.0,0.0
1.0,0.0,0.0,99.0,0.0,0.0
1.0,99.0,0.0,0.0,0.0,0.0
1.0,0.0,0.0,99.0,0.0,0.0
1.0,0.0,0.0,99.0,0.0,0.0
1.0,99.0,0.0,0.0,0.0,0.0
1.0,99.0,0.0,0.0,0.0,0.0
1.0,0.0,0.0,99.0,0.0,0.0
1.0,0.0,0.0,99.0,0.0,0.0
1.0,0.0,0.0,99.0,0.0,0.0
1.0,0.0,0.0,99.0,0.0,0.0
1.0,99.0,0.0,0.0,0.0,0.0
1.0,99.0,0.0,0.0,0.0,0.0
1.0,99.0,0.0,0.0,0.0,0.0
1.0,0.0,0.0,99.0,0.0,0.0
1.0,99.0,0.0,0.0,0.0,0.0
1.0,99.0,0.0,0.0,0.0,0.0
1.0,99.0,0.0,0.0,0.0,0.0
1.0,99.0,0.0,0.0,0.0,0.0
1.0,99.0,0.0,0.0,0.0,0.0
1.0,99.0,0.0,0.0,0.0,0.0
1.0,0.0,0.0,0.0,0.0,0.0
1.0,99.0,0.0,0.0,0.0,0.0
1.0,0.0,0.0,99.0,0.0,0.0
1.0,99.0,0.0,0.0,0.0,0.0
1.0,0.0,0.0,99.0,0.0,0.0
1.0,0.0,0.0,99.0,0.0,0.0
1.0,99.0,0.0,0.0,0.0,0.0
1.0,99.0,0.0,0.0,0.0,0.0
1.0,97.0,2.0,0.0,0.0,0.0
1.0,99.0,0.0,0.0,0.0,0.0
1.0,0.0,0.0,99.0,0.0,0.0
1.0,99.0,0.0,0.0,0.0,0.0
1.0,99.0,0.0,0.0,0.0,0.0
1.0,99.0,0.0,0.0,0.0,0.0
1.0,0.0,0.0,99.0,0.0,0.0
1.0,99.0,0.0,0.0,0.0,0.0
1.0,99.0,0.0,0.0,0.0,0.0
1.0,0.0,0.0,99.0,0.0,0.0
1.0,0.0,0.0,99.0,0.0,0.0
1.0,0.0,0.0,99.0,0.0,0.0
1.0,99.0,0.0,0.0,0.0,0.0
1.0,0.0,0.0,99.0,0.0,0.0
1.0,99.0,0.0,0.0,0.0,0.0
1.0,99.0,0.0,0.0,0.0,0.0
1.0,0.0,0.0,99.0,0.0,0.0
1.0,99.0,0.0,0.0,0.0,0.0
1.0,99.0,0.0,0.0,0.0,0.0
1.0,99.0,0.0,0.0,0.0,0.0
1.0,99.0,0.0,0.0,0.0,0.0
1.0,99.0,0.0,0.0,0.0,0.0
1.0,99.0,0.0,0.0,0.0,0.0
1.0,98.0,1.0,0.0,0.0,0.0
1.0,0.0,0.0,0.0,0.0,0.0
1.0,0.0,0.0,99.0,0.0,0.0
2.0,98.0,0.0,0.0,0.0,0.0
1.0,95.0,0.0,4.0,0.0,0.0
1.0,99.0,0.0,0.0,0.0,0.0
1.0,99.0,0.0,0.0,0.0,0.0
1.0,99.0,0.0,0.0,0.0,0.0
1.0,0.0,0.0,99.0,0.0,0.0
1.0,98.0,1.0,0.0,0.0,0.0
1.0,99.0,0.0,0.0,0.0,0.0
1.0,0.0,0.0,99.0,0.0,0.0
1.0,0.0,0.0,99.0,0.0,0.0
1.0,99.0,0.0,0.0,0.0,0.0
1.0,99.0,0.0,0.0,0.0,0.0
1.0,99.0,0.0,0.0,0.0,0.0
1.0,99.0,0.0,0.0,0.0,0.0
1.0,0.0,0.0,99.0,0.0,0.0
1.0,0.0,0.0,99.0,0.0,0.0
1.0,99.0,0.0,0.0,0.0,0.0
1.0,0.0,0.0,99.0,0.0,0.0
1.0,0.0,0.0,99.0,0.0,0.0
1.0,99.0,0.0,0.0,0.0,0.0
1.0,99.0,0.0,0.0,0.0,0.0
1.0,99.0,0.0,0.0,0.0,0.0
2.0,0.0,0.0,98.0,0.0,0.0
1.0,99.0,0.0,0.0,0.0,0.0
1.0,99.0,0.0,0.0,0.0,0.0
1.0,99.0,0.0,0.0,0.0,0.0
1.0,0.0,0.0,99.0,0.0,0.0
1.0,0.0,0.0,99.0,0.0,0.0
1.0,99.0,0.0,0.0,0.0,0.0
1.0,0.0,0.0,99.0,0.0,0.0
1.0,99.0,0.0,0.0,0.0,0.0
1.0,99.0,0.0,0.0,0.0,0.0
1.0,0.0,0.0,99.0,0.0,0.0
1.0,0.0,1.0,98.0,0.0,0.0
1.0,0.0,0.0,99.0,0.0,0.0
1.0,0.0,0.0,99.0,0.0,0.0
1.0,99.0,0.0,0.0,0.0,0.0
1.0,0.0,0.0,99.0,0.0,0.0
1.0,0.0,0.0,99.0,0.0,0.0
1.0,99.0,0.0,0.0,0.0,0.0
1.0,99.0,0.0,0.0,0.0,0.0
1.0,99.0,0.0,0.0,0.0,0.0
1.0,0.0,0.0,99.0,0.0,0.0
1.0,0.0,0.0,99.0,0.0,0.0
1.0,99.0,0.0,0.0,0.0,0.0
1.0,99.0,0.0,0.0,0.0,0.0
1.0,99.0,0.0,0.0,0.0,0.0
1.0,98.0,1.0,0.0,0.0,0.0
1.0,0.0,1.0,98.0,0.0,0.0
1.0,99.0,0.0,0.0,0.0,0.0
1.0,99.0,0.0,0.0,0.0,0.0
1.0,0.0,0.0,99.0,0.0,0.0
1.0,99.0,0.0,0.0,0.0,0.0
1.0,99.0,0.0,0.0,0.0,0.0
1.0,99.0,0.0,0.0,0.0,0.0
1.0,99.0,0.0,0.0,0.0,0.0
1.0,99.0,0.0,0.0,0.0,0.0
1.0,0.0,0.0,99.0,0.0,0.0
1.0,99.0,0.0,0.0,0.0,0.0
1.0,99.0,0.0,0.0,0.0,0.0
2.0,0.0,0.0,98.0,0.0,0.0
1.0,99.0,0.0,0.0,0.0,0.0
1.0,99.0,0.0,0.0,0.0,0.0
1.0,99.0,0.0,0.0,0.0,0.0
1.0,0.0,0.0,99.0,0.0,0.0
1.0,99.0,0.0,0.0,0.0,0.0
1.0,0.0,0.0,99.0,0.0,0.0
1.0,0.0,0.0,99.0,0.0,0.0
1.0,0.0,0.0,0.0,0.0,0.0
1.0,99.0,0.0,0.0,0.0,0.0
1.0,99.0,0.0,0.0,0.0,0.0
1.0,98.0,1.0,0.0,0.0,0.0
1.0,99.0,0.0,0.0,0.0,0.0
1.0,99.0,0.0,0.0,0.0,0.0
1.0,0.0,0.0,99.0,0.0,0.0
1.0,0.0,0.0,99.0,0.0,0.0
1.0,99.0,0.0,0.0,0.0,0.0
1.0,79.0,0.0,20.0,0.0,0.0
1.0,0.0,0.0,99.0,0.0,0.0
1.0,0.0,1.0,98.0,0.0,0.0
1.0,99.0,0.0,0.0,0.0,0.0
1.0,0.0,0.0,99.0,0.0,0.0
1.0,99.0,0.0,0.0,0.0,0.0
1.0,99.0,0.0,0.0,0.0,0.0
1.0,0.0,0.0,99.0,0.0,0.0
1.0,0.0,0.0,99.0,0.0,0.0
1.0,99.0,0.0,0.0,0.0,0.0
1.0,65.0,0.0,34.0,0.0,0.0
1.0,0.0,0.0,99.0,0.0,0.0
1.0,0.0,0.0,99.0,0.0,0.0
2.0,98.0,0.0,0.0,0.0,0.0
1.0,0.0,0.0,99.0,0.0,0.0
1.0,99.0,0.0,0.0,0.0,0.0
1.0,99.0,0.0,0.0,0.0,0.0
1.0,99.0,0.0,0.0,0.0,0.0
1.0,0.0,0.0,99.0,0.0,0.0
1.0,99.0,0.0,0.0,0.0,0.0
1.0,0.0,0.0,99.0,0.0,0.0
1.0,99.0,0.0,0.0,0.0,0.0
1.0,99.0,0.0,0.0,0.0,0.0
1.0,0.0,1.0,98.0,0.0,0.0
1.0,99.0,0.0,0.0,0.0,0.0
1.0,0.0,0.0,99.0,0.0,0.0
1.0,99.0,0.0,0.0,0.0,0.0
1.0,0.0,0.0,99.0,0.0,0.0
1.0,0.0,0.0,99.0,0.0,0.0
1.0,99.0,0.0,0.0,0.0,0.0
1.0,99.0,0.0,0.0,0.0,0.0
1.0,0.0,0.0,99.0,0.0,0.0
1.0,99.0,0.0,0.0,0.0,0.0
1.0,99.0,0.0,0.0,0.0,0.0
1.0,99.0,0.0,0.0,0.0,0.0
1.0,0.0,0.0,99.0,0.0,0.0
1.0,99.0,0.0,0.0,0.0,0.0
1.0,99.0,0.0,0.0,0.0,0.0
1.0,89.0,0.0,10.0,0.0,0.0
1.0,99.0,0.0,0.0,0.0,0.0
1.0,99.0,0.0,0.0,0.0,0.0
1.0,0.0,1.0,98.0,0.0,0.0
1.0,99.0,0.0,0.0,0.0,0.0
1.0,0.0,0.0,99.0,0.0,0.0
1.0,99.0,0.0,0.0,0.0,0.0
1.0,0.0,0.0,0.0,0.0,0.0
1.0,99.0,0.0,0.0,0.0,0.0
1.0,99.0,0.0,0.0,0.0,0.0
1.0,0.0,0.0,99.0,0.0,0.0
1.0,99.0,0.0,0.0,0.0,0.0
1.0,0.0,0.0,99.0,0.0,0.0
1.0,0.0,0.0,99.0,0.0,0.0
1.0,99.0,0.0,0.0,0.0,0.0
1.0,99.0,0.0,0.0,0.0,0.0
1.0,99.0,0.0,0.0,0.0,0.0
1.0,99.0,0.0,0.0,0.0,0.0
1.0,0.0,0.0,99.0,0.0,0.0
1.0,0.0,0.0,99.0,0.0,0.0
1.0,99.0,0.0,0.0,0.0,0.0
1.0,98.0,1.0,0.0,0.0,0.0
1.0,0.0,0.0,99.0,0.0,0.0
1.0,99.0,0.0,0.0,0.0,0.0
1.0,0.0,0.0,99.0,0.0,0.0
1.0,88.0,0.0,11.0,0.0,0.0
1.0,0.0,0.0,99.0,0.0,0.0
1.0,99.0,0.0,0.0,0.0,0.0
1.0,99.0,0.0,0.0,0.0,0.0
1.0,0.0,0.0,99.0,0.0,0.0
1.0,0.0,0.0,99.0,0.0,0.0
1.0,99.0,0.0,0.0,0.0,0.0
1.0,99.0,0.0,0.0,0.0,0.0
1.0,0.0,0.0,99.0,0.0,0.0
1.0,0.0,0.0,99.0,0.0,0.0
1.0,0.0,0.0,99.0,0.0,0.0
1.0,49.0,0.0,50.0,0.0,0.0
1.0,99.0,0.0,0.0,0.0,0.0
1.0,99.0,0.0,0.0,0.0,0.0
1.0,0.0,0.0,99.0,0.0,0.0
1.0,99.0,0.0,0.0,0.0,0.0
1.0,99.0,0.0,0.0,0.0,0.0
1.0,0.0,0.0,99.0,0.0,0.0
1.0,0.0,0.0,99.0,0.0,0.0
1.0,0.0,0.0,99.0,0.0,0.0
1.0,99.0,0.0,0.0,0.0,0.0
1.0,99.0,0.0,0.0,0.0,0.0
1.0,99.0,0.0,0.0,0.0,0.0
1.0,0.0,0.0,99.0,0.0,0.0
1.0,99.0,0.0,0.0,0.0,0.0
1.0,0.0,0.0,99.0,0.0,0.0
1.0,0.0,0.0,99.0,0.0,0.0
1.0,0.0,0.0,99.0,0.0,0.0
1.0,0.0,0.0,99.0,0.0,0.0
1.0,0.0,0.0,99.0,0.0,0.0
1.0,99.0,0.0,0.0,0.0,0.0
1.0,99.0,0.0,0.0,0.0,0.0
1.0,0.0,0.0,99.0,0.0,0.0
1.0,0.0,0.0,99.0,0.0,0.0
1.0,0.0,0.0,99.0,0.0,0.0
1.0,0.0,0.0,99.0,0.0,0.0
1.0,0.0,0.0,99.0,0.0,0.0
1.0,99.0,0.0,0.0,0.0,0.0
1.0,99.0,0.0,0.0,0.0,0.0
1.0,99.0,0.0,0.0,0.0,0.0
1.0,99.0,0.0,0.0,0.0,0.0
1.0,0.0,0.0,99.0,0.0,0.0
1.0,99.0,0.0,0.0,0.0,0.0
1.0,99.0,0.0,0.0,0.0,0.0
1.0,99.0,0.0,0.0,0.0,0.0
1.0,99.0,0.0,0.0,0.0,0.0
1.0,99.0,0.0,0.0,0.0,0.0
1.0,99.0,0.0,0.0,0.0,0.0
1.0,99.0,0.0,0.0,0.0,0.0
1.0,57.0,0.0,42.0,0.0,0.0
1.0,99.0,0.0,0.0,0.0,0.0
1.0,99.0,0.0,0.0,0.0,0.0
1.0,0.0,0.0,99.0,0.0,0.0
1.0,99.0,0.0,0.0,0.0,0.0
1.0,0.0,0.0,99.0,0.0,0.0
1.0,99.0,0.0,0.0,0.0,0.0
1.0,99.0,0.0,0.0,0.0,0.0
1.0,99.0,0.0,0.0,0.0,0.0
2.0,98.0,0.0,0.0,0.0,0.0
1.0,0.0,0.0,99.0,0.0,0.0
1.0,99.0,0.0,0.0,0.0,0.0
1.0,99.0,0.0,0.0,0.0,0.0
1.0,0.0,1.0,98.0,0.0,0.0
1.0,0.0,0.0,99.0,0.0,0.0
1.0,99.0,0.0,0.0,0.0,0.0
1.0,99.0,0.0,0.0,0.0,0.0
1.0,99.0,0.0,0.0,0.0,0.0
1.0,98.0,1.0,0.0,0.0,0.0
1.0,0.0,0.0,99.0,0.0,0.0
1.0,99.0,0.0,0.0,0.0,0.0
1.0,99.0,0.0,0.0,0.0,0.0
1.0,99.0,0.0,0.0,0.0,0.0
2.0,0.0,0.0,98.0,0.0,0.0
1.0,99.0,0.0,0.0,0.0,0.0
1.0,0.0,0.0,99.0,0.0,0.0
1.0,99.0,0.0,0.0,0.0,0.0
1.0,0.0,1.0,98.0,0.0,0.0
1.0,99.0,0.0,0.0,0.0,0.0
1.0,0.0,0.0,99.0,0.0,0.0
1.0,99.0,0.0,0.0,0.0,0.0
1.0,0.0,0.0,99.0,0.0,0.0
1.0,99.0,0.0,0.0,0.0,0.0
1.0,99.0,0.0,0.0,0.0,0.0
2.0,98.0,0.0,0.0,0.0,0.0
1.0,99.0,0.0,0.0,0.0,0.0
1.0,99.0,0.0,0.0,0.0,0.0
1.0,99.0,0.0,0.0,0.0,0.0
1.0,0.0,0.0,99.0,0.0,0.0
1.0,0.0,0.0,99.0,0.0,0.0
1.0,99.0,0.0,0.0,0.0,0.0
1.0,99.0,0.0,0.0,0.0,0.0
1.0,0.0,0.0,0.0,0.0,0.0
1.0,99.0,0.0,0.0,0.0,0.0
1.0,99.0,0.0,0.0,0.0,0.0
1.0,99.0,0.0,0.0,0.0,0.0
1.0,99.0,0.0,0.0,0.0,0.0
1.0,0.0,0.0,99.0,0.0,0.0
1.0,99.0,0.0,0.0,0.0,0.0
1.0,99.0,0.0,0.0,0.0,0.0
1.0,99.0,0.0,0.0,0.0,0.0
1.0,99.0,0.0,0.0,0.0,0.0
1.0,0.0,0.0,99.0,0.0,0.0
1.0,99.0,0.0,0.0,0.0,0.0
1.0,0.0,0.0,99.0,0.0,0.0
1.0,0.0,0.0,99.0,0.0,0.0
1.0,0.0,1.0,98.0,0.0,0.0
1.0,99.0,0.0,0.0,0.0,0.0
1.0,0.0,0.0,99.0,0.0,0.0
1.0,99.0,0.0,0.0,0.0,0.0
1.0,99.0,0.0,0.0,0.0,0.0
1.0,99.0,0.0,0.0,0.0,0.0
1.0,99.0,0.0,0.0,0.0,0.0
1.0,99.0,0.0,0.0,0.0,0.0
1.0,0.0,0.0,99.0,0.0,0.0
1.0,99.0,0.0,0.0,0.0,0.0
1.0,99.0,0.0,0.0,0.0,0.0
1.0,99.0,0.0,0.0,0.0,0.0
1.0,99.0,0.0,0.0,0.0,0.0
1.0,99.0,0.0,0.0,0.0,0.0
1.0,99.0,0.0,0.0,0.0,0.0
1.0,99.0,0.0,0.0,0.0,0.0
1.0,99.0,0.0,0.0,0.0,0.0
1.0,0.0,0.0,99.0,0.0,0.0
1.0,0.0,0.0,0.0,0.0,0.0
1.0,0.0,0.0,99.0,0.0,0.0
1.0,99.0,0.0,0.0,0.0,0.0
1.0,0.0,0.0,99.0,0.0,0.0
1.0,99.0,0.0,0.0,0.0,0.0
1.0,99.0,0.0,0.0,0.0,0.0
1.0,0.0,1.0,98.0,0.0,0.0
1.0,98.0,1.0,0.0,0.0,0.0
1.0,99.0,0.0,0.0,0.0,0.0
1.0,0.0,0.0,99.0,0.0,0.0
1.0,99.0,0.0,0.0,0.0,0.0
1.0,99.0,0.0,0.0,0.0,0.0
1.0,99.0,0.0,0.0,0.0,0.0
1.0,99.0,0.0,0.0,0.0,0.0
1.0,99.0,0.0,0.0,0.0,0.0
1.0,99.0,0.0,0.0,0.0,0.0
1.0,99.0,0.0,0.0,0.0,0.0
1.0,99.0,0.0,0.0,0.0,0.0
1.0,0.0,0.0,99.0,0.0,0.0
1.0,0.0,0.0,99.0,0.0,0.0
1.0,99.0,0.0,0.0,0.0,0.0
1.0,99.0,0.0,0.0,0.0,0.0
1.0,0.0,0.0,99.0,0.0,0.0
1.0,0.0,0.0,99.0,0.0,0.0
1.0,98.0,1.0,0.0,0.0,0.0
1.0,99.0,0.0,0.0,0.0,0.0
1.0,99.0,0.0,0.0,0.0,0.0
1.0,0.0,0.0,99.0,0.0,0.0
1.0,99.0,0.0,0.0,0.0,0.0
1.0,0.0,0.0,99.0,0.0,0.0
1.0,0.0,0.0,99.0,0.0,0.0
1.0,0.0,0.0,99.0,0.0,0.0
1.0,0.0,0.0,99.0,0.0,0.0
1.0,0.0,0.0,99.0,0.0,0.0
1.0,99.0,0.0,0.0,0.0,0.0
1.0,0.0,0.0,99.0,0.0,0.0
1.0,99.0,0.0,0.0,0.0,0.0
1.0,99.0,0.0,0.0,0.0,0.0
1.0,0.0,0.0,99.0,0.0,0.0
1.0,99.0,0.0,0.0,0.0,0.0
1.0,99.0,0.0,0.0,0.0,0.0
1.0,99.0,0.0,0.0,0.0,0.0
1.0,0.0,0.0,99.0,0.0,0.0
1.0,0.0,0.0,99.0,0.0,0.0
1.0,45.0,0.0,54.0,0.0,0.0
1.0,98.0,1.0,0.0,0.0,0.0
1.0,0.0,0.0,99.0,0.0,0.0
1.0,99.0,0.0,0.0,0.0,0.0
1.0,99.0,0.0,0.0,0.0,0.0
1.0,0.0,0.0,99.0,0.0,0.0
1.0,0.0,0.0,99.0,0.0,0.0
1.0,6.0,0.0,93.0,0.0,0.0
1.0,98.0,1.0,0.0,0.0,0.0
1.0,99.0,0.0,0.0,0.0,0.0
1.0,99.0,0.0,0.0,0.0,0.0
1.0,99.0,0.0,0.0,0.0,0.0
1.0,99.0,0.0,0.0,0.0,0.0
1.0,0.0,0.0,99.0,0.0,0.0
1.0,0.0,0.0,99.0,0.0,0.0
1.0,98.0,1.0,0.0,0.0,0.0
1.0,99.0,0.0,0.0,0.0,0.0
1.0,99.0,0.0,0.0,0.0,0.0
1.0,99.0,0.0,0.0,0.0,0.0
1.0,99.0,0.0,0.0,0.0,0.0
1.0,99.0,0.0,0.0,0.0,0.0
1.0,0.0,0.0,99.0,0.0,0.0
1.0,0.0,0.0,99.0,0.0,0.0
1.0,99.0,0.0,0.0,0.0,0.0
1.0,99.0,0.0,0.0,0.0,0.0
2.0,98.0,0.0,0.0,0.0,0.0
1.0,0.0,0.0,99.0,0.0,0.0
1.0,99.0,0.0,0.0,0.0,0.0
1.0,99.0,0.0,0.0,0.0,0.0
1.0,0.0,0.0,99.0,0.0,0.0
1.0,0.0,0.0,99.0,0.0,0.0
1.0,99.0,0.0,0.0,0.0,0.0
1.0,99.0,0.0,0.0,0.0,0.0
1.0,0.0,0.0,99.0,0.0,0.0
1.0,99.0,0.0,0.0,0.0,0.0
1.0,0.0,0.0,99.0,0.0,0.0
1.0,0.0,0.0,99.0,0.0,0.0
1.0,99.0,0.0,0.0,0.0,0.0
1.0,99.0,0.0,0.0,0.0,0.0
1.0,99.0,0.0,0.0,0.0,0.0
1.0,99.0,0.0,0.0,0.0,0.0
1.0,99.0,0.0,0.0,0.0,0.0
1.0,0.0,0.0,99.0,0.0,0.0
1.0,99.0,0.0,0.0,0.0,0.0
1.0,99.0,0.0,0.0,0.0,0.0
1.0,99.0,0.0,0.0,0.0,0.0
1.0,0.0,0.0,99.0,0.0,0.0
1.0,0.0,0.0,99.0,0.0,0.0
1.0,99.0,0.0,0.0,0.0,0.0
1.0,0.0,0.0,99.0,0.0,0.0
1.0,99.0,0.0,0.0,0.0,0.0
1.0,98.0,1.0,0.0,0.0,0.0
1.0,0.0,0.0,99.0,0.0,0.0
1.0,99.0,0.0,0.0,0.0,0.0
1.0,0.0,0.0,99.0,0.0,0.0
1.0,99.0,0.0,0.0,0.0,0.0
1.0,99.0,0.0,0.0,0.0,0.0
1.0,0.0,0.0,99.0,0.0,0.0
1.0,0.0,0.0,99.0,0.0,0.0
1.0,99.0,0.0,0.0,0.0,0.0
1.0,99.0,0.0,0.0,0.0,0.0
1.0,99.0,0.0,0.0,0.0,0.0
1.0,0.0,0.0,99.0,0.0,0.0
1.0,0.0,0.0,99.0,0.0,0.0
1.0,99.0,0.0,0.0,0.0,0.0
2.0,98.0,0.0,0.0,0.0,0.0
1.0,0.0,0.0,99.0,0.0,0.0
1.0,0.0,1.0,98.0,0.0,0.0
1.0,99.0,0.0,0.0,0.0,0.0
1.0,0.0,0.0,99.0,0.0,0.0
1.0,99.0,0.0,0.0,0.0,0.0
1.0,0.0,0.0,99.0,0.0,0.0
1.0,99.0,0.0,0.0,0.0,0.0
1.0,0.0,0.0,99.0,0.0,0.0
1.0,99.0,0.0,0.0,0.0,0.0
1.0,0.0,0.0,99.0,0.0,0.0
1.0,99.0,0.0,0.0,0.0,0.0
1.0,0.0,0.0,99.0,0.0,0.0
1.0,99.0,0.0,0.0,0.0,0.0
1.0,99.0,0.0,0.0,0.0,0.0
1.0,0.0,0.0,99.0,0.0,0.0
1.0,99.0,0.0,0.0,0.0,0.0
1.0,0.0,0.0,99.0,0.0,0.0
1.0,99.0,0.0,0.0,0.0,0.0
1.0,0.0,0.0,99.0,0.0,0.0
1.0,99.0,0.0,0.0,0.0,0.0
1.0,98.0,1.0,0.0,0.0,0.0
1.0,99.0,0.0,0.0,0.0,0.0
1.0,99.0,0.0,0.0,0.0,0.0
1.0,0.0,0.0,99.0,0.0,0.0
1.0,0.0,0.0,99.0,0.0,0.0
1.0,99.0,0.0,0.0,0.0,0.0
1.0,0.0,0.0,99.0,0.0,0.0
1.0,99.0,0.0,0.0,0.0,0.0
1.0,99.0,0.0,0.0,0.0,0.0
1.0,99.0,0.0,0.0,0.0,0.0
1.0,99.0,0.0,0.0,0.0,0.0
1.0,0.0,0.0,99.0,0.0,0.0
1.0,99.0,0.0,0.0,0.0,0.0
1.0,99.0,0.0,0.0,0.0,0.0
1.0,99.0,0.0,0.0,0.0,0.0
1.0,0.0,0.0,99.0,0.0,0.0
1.0,99.0,0.0,0.0,0.0,0.0
1.0,0.0,0.0,99.0,0.0,0.0
1.0,0.0,0.0,99.0,0.0,0.0
1.0,0.0,0.0,99.0,0.0,0.0
1.0,99.0,0.0,0.0,0.0,0.0
1.0,0.0,0.0,99.0,0.0,0.0
1.0,0.0,0.0,99.0,0.0,0.0
1.0,0.0,0.0,99.0,0.0,0.0
1.0,98.0,1.0,0.0,0.0,0.0
1.0,0.0,0.0,99.0,0.0,0.0
1.0,0.0,0.0,99.0,0.0,0.0
1.0,0.0,0.0,99.0,0.0,0.0
1.0,99.0,0.0,0.0,0.0,0.0
1.0,99.0,0.0,0.0,0.0,0.0
1.0,0.0,0.0,99.0,0.0,0.0
1.0,0.0,0.0,99.0,0.0,0.0
1.0,99.0,0.0,0.0,0.0,0.0
1.0,99.0,0.0,0.0,0.0,0.0
1.0,0.0,0.0,99.0,0.0,0.0
1.0,0.0,0.0,99.0,0.0,0.0
1.0,99.0,0.0,0.0,0.0,0.0
1.0,0.0,0.0,99.0,0.0,0.0
1.0,98.0,1.0,0.0,0.0,0.0
1.0,99.0,0.0,0.0,0.0,0.0
1.0,0.0,0.0,99.0,0.0,0.0
1.0,99.0,0.0,0.0,0.0,0.0
1.0,0.0,0.0,99.0,0.0,0.0
1.0,0.0,0.0,99.0,0.0,0.0
1.0,99.0,0.0,0.0,0.0,0.0
1.0,99.0,0.0,0.0,0.0,0.0
1.0,99.0,0.0,0.0,0.0,0.0
1.0,0.0,0.0,99.0,0.0,0.0
1.0,0.0,0.0,99.0,0.0,0.0
1.0,99.0,0.0,0.0,0.0,0.0
1.0,0.0,0.0,99.0,0.0,0.0
1.0,0.0,0.0,99.0,0.0,0.0
1.0,99.0,0.0,0.0,0.0,0.0
1.0,0.0,0.0,99.0,0.0,0.0
1.0,99.0,0.0,0.0,0.0,0.0
1.0,0.0,0.0,99.0,0.0,0.0
1.0,0.0,0.0,99.0,0.0,0.0
1.0,0.0,0.0,99.0,0.0,0.0
1.0,99.0,0.0,0.0,0.0,0.0
1.0,99.0,0.0,0.0,0.0,0.0
1.0,99.0,0.0,0.0,0.0,0.0
1.0,97.0,2.0,0.0,0.0,0.0
1.0,99.0,0.0,0.0,0.0,0.0
1.0,0.0,0.0,99.0,0.0,0.0
1.0,0.0,0.0,99.0,0.0,0.0
1.0,0.0,0.0,99.0,0.0,0.0
1.0,0.0,0.0,99.0,0.0,0.0
1.0,98.0,1.0,0.0,0.0,0.0
1.0,0.0,0.0,99.0,0.0,0.0
1.0,0.0,0.0,99.0,0.0,0.0
1.0,99.0,0.0,0.0,0.0,0.0
1.0,0.0,0.0,99.0,0.0,0.0
1.0,0.0,1.0,98.0,0.0,0.0
1.0,0.0,1.0,98.0,0.0,0.0
1.0,0.0,0.0,99.0,0.0,0.0
1.0,99.0,0.0,0.0,0.0,0.0
1.0,0.0,0.0,99.0,0.0,0.0
1.0,0.0,0.0,99.0,0.0,0.0
2.0,98.0,0.0,0.0,0.0,0.0
1.0,97.0,2.0,0.0,0.0,0.0
1.0,0.0,0.0,99.0,0.0,0.0
1.0,0.0,0.0,99.0,0.0,0.0
1.0,99.0,0.0,0.0,0.0,0.0
1.0,99.0,0.0,0.0,0.0,0.0
1.0,0.0,0.0,99.0,0.0,0.0
1.0,68.0,0.0,31.0,0.0,0.0
1.0,0.0,0.0,99.0,0.0,0.0
1.0,70.0,0.0,29.0,0.0,0.0
1.0,99.0,0.0,0.0,0.0,0.0
1.0,0.0,0.0,99.0,0.0,0.0
1.0,0.0,0.0,99.0,0.0,0.0
1.0,99.0,0.0,0.0,0.0,0.0
1.0,0.0,0.0,99.0,0.0,0.0
1.0,98.0,1.0,0.0,0.0,0.0
1.0,0.0,0.0,99.0,0.0,0.0
1.0,99.0,0.0,0.0,0.0,0.0
1.0,0.0,0.0,99.0,0.0,0.0
1.0,0.0,0.0,0.0,0.0,0.0
1.0,99.0,0.0,0.0,0.0,0.0
1.0,0.0,0.0,99.0,0.0,0.0
1.0,0.0,0.0,99.0,0.0,0.0
1.0,99.0,0.0,0.0,0.0,0.0
1.0,0.0,0.0,99.0,0.0,0.0
1.0,99.0,0.0,0.0,0.0,0.0
1.0,98.0,1.0,0.0,0.0,0.0
1.0,99.0,0.0,0.0,0.0,0.0
1.0,99.0,0.0,0.0,0.0,0.0
1.0,0.0,0.0,99.0,0.0,0.0
1.0,0.0,0.0,99.0,0.0,0.0
1.0,99.0,0.0,0.0,0.0,0.0
1.0,0.0,0.0,99.0,0.0,0.0
1.0,99.0,0.0,0.0,0.0,0.0
1.0,0.0,0.0,99.0,0.0,0.0
1.0,99.0,0.0,0.0,0.0,0.0
1.0,97.0,2.0,0.0,0.0,0.0
1.0,0.0,0.0,99.0,0.0,0.0
1.0,99.0,0.0,0.0,0.0,0.0
1.0,0.0,0.0,99.0,0.0,0.0
1.0,99.0,0.0,0.0,0.0,0.0
2.0,98.0,0.0,0.0,0.0,0.0
1.0,99.0,0.0,0.0,0.0,0.0
1.0,0.0,0.0,99.0,0.0,0.0
1.0,99.0,0.0,0.0,0.0,0.0
1.0,0.0,0.0,99.0,0.0,0.0
1.0,99.0,0.0,0.0,0.0,0.0
1.0,0.0,0.0,99.0,0.0,0.0
1.0,0.0,0.0,99.0,0.0,0.0
1.0,99.0,0.0,0.0,0.0,0.0
1.0,0.0,0.0,99.0,0.0,0.0
1.0,0.0,0.0,99.0,0.0,0.0
1.0,0.0,0.0,99.0,0.0,0.0
2.0,0.0,0.0,98.0,0.0,0.0
1.0,99.0,0.0,0.0,0.0,0.0
1.0,99.0,0.0,0.0,0.0,0.0
1.0,99.0,0.0,0.0,0.0,0.0
1.0,99.0,0.0,0.0,0.0,0.0
1.0,99.0,0.0,0.0,0.0,0.0
1.0,0.0,0.0,99.0,0.0,0.0
1.0,0.0,0.0,99.0,0.0,0.0
1.0,98.0,1.0,0.0,0.0,0.0
1.0,98.0,1.0,0.0,0.0,0.0
1.0,99.0,0.0,0.0,0.0,0.0
1.0,99.0,0.0,0.0,0.0,0.0
1.0,99.0,0.0,0.0,0.0,0.0
1.0,99.0,0.0,0.0,0.0,0.0
1.0,0.0,0.0,99.0,0.0,0.0
1.0,0.0,0.0,99.0,0.0,0.0
1.0,0.0,0.0,99.0,0.0,0.0
1.0,99.0,0.0,0.0,0.0,0.0
1.0,99.0,0.0,0.0,0.0,0.0
1.0,0.0,0.0,99.0,0.0,0.0
1.0,0.0,0.0,99.0,0.0,0.0
1.0,99.0,0.0,0.0,0.0,0.0
1.0,99.0,0.0,0.0,0.0,0.0
1.0,99.0,0.0,0.0,0.0,0.0
1.0,97.0,2.0,0.0,0.0,0.0
1.0,99.0,0.0,0.0,0.0,0.0
1.0,99.0,0.0,0.0,0.0,0.0
1.0,0.0,0.0,99.0,0.0,0.0
1.0,99.0,0.0,0.0,0.0,0.0
1.0,0.0,0.0,99.0,0.0,0.0
1.0,1.0,0.0,98.0,0.0,0.0
1.0,0.0,0.0,99.0,0.0,0.0
1.0,99.0,0.0,0.0,0.0,0.0
1.0,0.0,0.0,99.0,0.0,0.0
1.0,99.0,0.0,0.0,0.0,0.0
1.0,0.0,0.0,99.0,0.0,0.0
1.0,0.0,0.0,99.0,0.0,0.0
1.0,99.0,0.0,0.0,0.0,0.0
1.0,0.0,0.0,99.0,0.0,0.0
1.0,0.0,0.0,99.0,0.0,0.0
1.0,0.0,0.0,99.0,0.0,0.0
1.0,99.0,0.0,0.0,0.0,0.0
1.0,0.0,0.0,99.0,0.0,0.0
1.0,99.0,0.0,0.0,0.0,0.0
1.0,0.0,0.0,99.0,0.0,0.0
1.0,99.0,0.0,0.0,0.0,0.0
1.0,99.0,0.0,0.0,0.0,0.0
1.0,99.0,0.0,0.0,0.0,0.0
1.0,99.0,0.0,0.0,0.0,0.0
1.0,98.0,1.0,0.0,0.0,0.0
1.0,99.0,0.0,0.0,0.0,0.0
1.0,0.0,0.0,99.0,0.0,0.0
1.0,0.0,0.0,99.0,0.0,0.0
1.0,0.0,0.0,99.0,0.0,0.0
1.0,99.0,0.0,0.0,0.0,0.0
1.0,99.0,0.0,0.0,0.0,0.0
1.0,99.0,0.0,0.0,0.0,0.0
1.0,99.0,0.0,0.0,0.0,0.0
1.0,0.0,0.0,99.0,0.0,0.0
1.0,0.0,0.0,99.0,0.0,0.0
1.0,0.0,0.0,0.0,0.0,0.0
1.0,99.0,0.0,0.0,0.0,0.0
1.0,99.0,0.0,0.0,0.0,0.0
1.0,99.0,0.0,0.0,0.0,0.0
1.0,0.0,0.0,99.0,0.0,0.0
1.0,0.0,0.0,99.0,0.0,0.0
1.0,0.0,0.0,99.0,0.0,0.0
1.0,99.0,0.0,0.0,0.0,0.0
1.0,99.0,0.0,0.0,0.0,0.0
1.0,0.0,0.0,99.0,0.0,0.0
1.0,99.0,0.0,0.0,0.0,0.0
1.0,0.0,0.0,99.0,0.0,0.0
1.0,99.0,0.0,0.0,0.0,0.0
1.0,99.0,0.0,0.0,0.0,0.0
1.0,0.0,0.0,99.0,0.0,0.0
1.0,98.0,1.0,0.0,0.0,0.0
1.0,99.0,0.0,0.0,0.0,0.0
1.0,99.0,0.0,0.0,0.0,0.0
1.0,0.0,0.0,99.0,0.0,0.0
1.0,99.0,0.0,0.0,0.0,0.0
1.0,99.0,0.0,0.0,0.0,0.0
2.0,98.0,0.0,0.0,0.0,0.0
1.0,98.0,1.0,0.0,0.0,0.0
1.0,99.0,0.0,0.0,0.0,0.0
1.0,0.0,0.0,99.0,0.0,0.0
1.0,99.0,0.0,0.0,0.0,0.0
1.0,99.0,0.0,0.0,0.0,0.0
1.0,99.0,0.0,0.0,0.0,0.0
1.0,0.0,0.0,99.0,0.0,0.0
1.0,99.0,0.0,0.0,0.0,0.0
1.0,0.0,0.0,99.0,0.0,0.0
1.0,0.0,0.0,99.0,0.0,0.0
1.0,99.0,0.0,0.0,0.0,0.0
1.0,99.0,0.0,0.0,0.0,0.0
1.0,99.0,0.0,0.0,0.0,0.0
1.0,99.0,0.0,0.0,0.0,0.0
1.0,0.0,0.0,99.0,0.0,0.0
1.0,99.0,0.0,0.0,0.0,0.0
1.0,0.0,1.0,98.0,0.0,0.0
1.0,0.0,0.0,99.0,0.0,0.0
1.0,98.0,1.0,0.0,0.0,0.0
1.0,99.0,0.0,0.0,0.0,0.0
1.0,99.0,0.0,0.0,0.0,0.0
1.0,99.0,0.0,0.0,0.0,0.0
1.0,99.0,0.0,0.0,0.0,0.0
1.0,0.0,0.0,99.0,0.0,0.0
1.0,0.0,0.0,99.0,0.0,0.0
1.0,99.0,0.0,0.0,0.0,0.0
1.0,99.0,0.0,0.0,0.0,0.0
1.0,99.0,0.0,0.0,0.0,0.0
1.0,99.0,0.0,0.0,0.0,0.0
1.0,0.0,0.0,99.0,0.0,0.0
1.0,99.0,0.0,0.0,0.0,0.0
1.0,99.0,0.0,0.0,0.0,0.0
1.0,99.0,0.0,0.0,0.0,0.0
1.0,99.0,0.0,0.0,0.0,0.0
1.0,99.0,0.0,0.0,0.0,0.0
1.0,99.0,0.0,0.0,0.0,0.0
1.0,99.0,0.0,0.0,0.0,0.0
1.0,99.0,0.0,0.0,0.0,0.0
1.0,0.0,0.0,99.0,0.0,0.0
1.0,0.0,0.0,99.0,0.0,0.0
1.0,0.0,0.0,99.0,0.0,0.0
1.0,99.0,0.0,0.0,0.0,0.0
1.0,0.0,0.0,99.0,0.0,0.0
1.0,99.0,0.0,0.0,0.0,0.0
1.0,99.0,0.0,0.0,0.0,0.0
1.0,99.0,0.0,0.0,0.0,0.0
1.0,0.0,0.0,99.0,0.0,0.0
1.0,99.0,0.0,0.0,0.0,0.0
1.0,0.0,0.0,99.0,0.0,0.0
1.0,99.0,0.0,0.0,0.0,0.0
1.0,0.0,0.0,99.0,0.0,0.0
1.0,0.0,0.0,99.0,0.0,0.0
1.0,99.0,0.0,0.0,0.0,0.0
1.0,99.0,0.0,0.0,0.0,0.0
1.0,0.0,0.0,99.0,0.0,0.0
1.0,0.0,0.0,99.0,0.0,0.0
1.0,99.0,0.0,0.0,0.0,0.0
1.0,0.0,0.0,99.0,0.0,0.0
1.0,99.0,0.0,0.0,0.0,0.0
1.0,0.0,0.0,99.0,0.0,0.0
1.0,0.0,0.0,99.0,0.0,0.0
1.0,99.0,0.0,0.0,0.0,0.0
1.0,98.0,1.0,0.0,0.0,0.0
1.0,0.0,0.0,99.0,0.0,0.0
1.0,99.0,0.0,0.0,0.0,0.0
1.0,0.0,0.0,99.0,0.0,0.0
1.0,0.0,0.0,99.0,0.0,0.0
1.0,98.0,1.0,0.0,0.0,0.0
1.0,99.0,0.0,0.0,0.0,0.0
1.0,0.0,1.0,98.0,0.0,0.0
1.0,0.0,0.0,99.0,0.0,0.0
1.0,99.0,0.0,0.0,0.0,0.0
1.0,99.0,0.0,0.0,0.0,0.0
1.0,0.0,0.0,99.0,0.0,0.0
1.0,0.0,0.0,99.0,0.0,0.0
1.0,99.0,0.0,0.0,0.0,0.0
1.0,99.0,0.0,0.0,0.0,0.0
1.0,0.0,0.0,99.0,0.0,0.0
1.0,0.0,0.0,99.0,0.0,0.0
1.0,0.0,0.0,99.0,0.0,0.0
1.0,0.0,0.0,99.0,0.0,0.0
1.0,99.0,0.0,0.0,0.0,0.0
1.0,0.0,0.0,99.0,0.0,0.0
1.0,99.0,0.0,0.0,0.0,0.0
1.0,0.0,0.0,99.0,0.0,0.0
1.0,99.0,0.0,0.0,0.0,0.0
1.0,0.0,0.0,99.0,0.0,0.0
1.0,0.0,0.0,99.0,0.0,0.0
1.0,99.0,0.0,0.0,0.0,0.0
1.0,99.0,0.0,0.0,0.0,0.0
1.0,0.0,0.0,99.0,0.0,0.0
1.0,99.0,0.0,0.0,0.0,0.0
1.0,99.0,0.0,0.0,0.0,0.0
1.0,99.0,0.0,0.0,0.0,0.0
1.0,99.0,0.0,0.0,0.0,0.0
1.0,0.0,0.0,99.0,0.0,0.0
1.0,99.0,0.0,0.0,0.0,0.0
1.0,0.0,0.0,99.0,0.0,0.0
1.0,0.0,0.0,99.0,0.0,0.0
1.0,0.0,0.0,99.0,0.0,0.0
1.0,99.0,0.0,0.0,0.0,0.0
1.0,99.0,0.0,0.0,0.0,0.0
1.0,97.0,2.0,0.0,0.0,0.0
1.0,99.0,0.0,0.0,0.0,0.0
1.0,0.0,0.0,99.0,0.0,0.0
1.0,99.0,0.0,0.0,0.0,0.0
1.0,99.0,0.0,0.0,0.0,0.0
1.0,17.0,0.0,82.0,0.0,0.0
1.0,0.0,0.0,99.0,0.0,0.0
1.0,0.0,0.0,99.0,0.0,0.0
1.0,0.0,1.0,98.0,0.0,0.0
1.0,0.0,0.0,99.0,0.0,0.0
1.0,99.0,0.0,0.0,0.0,0.0
1.0,99.0,0.0,0.0,0.0,0.0
1.0,99.0,0.0,0.0,0.0,0.0
1.0,99.0,0.0,0.0,0.0,0.0
1.0,99.0,0.0,0.0,0.0,0.0
1.0,0.0,0.0,99.0,0.0,0.0
1.0,99.0,0.0,0.0,0.0,0.0
1.0,99.0,0.0,0.0,0.0,0.0
1.0,99.0,0.0,0.0,0.0,0.0
1.0,0.0,0.0,99.0,0.0,0.0
1.0,99.0,0.0,0.0,0.0,0.0
1.0,99.0,0.0,0.0,0.0,0.0
1.0,99.0,0.0,0.0,0.0,0.0
1.0,0.0,1.0,98.0,0.0,0.0
1.0,99.0,0.0,0.0,0.0,0.0
1.0,0.0,0.0,99.0,0.0,0.0
1.0,99.0,0.0,0.0,0.0,0.0
1.0,99.0,0.0,0.0,0.0,0.0
1.0,0.0,0.0,99.0,0.0,0.0
1.0,0.0,0.0,99.0,0.0,0.0
1.0,99.0,0.0,0.0,0.0,0.0
1.0,99.0,0.0,0.0,0.0,0.0
1.0,99.0,0.0,0.0,0.0,0.0
1.0,99.0,0.0,0.0,0.0,0.0
1.0,99.0,0.0,0.0,0.0,0.0
1.0,99.0,0.0,0.0,0.0,0.0
1.0,99.0,0.0,0.0,0.0,0.0
1.0,99.0,0.0,0.0,0.0,0.0
1.0,0.0,0.0,99.0,0.0,0.0
1.0,99.0,0.0,0.0,0.0,0.0
1.0,99.0,0.0,0.0,0.0,0.0
1.0,69.0,0.0,30.0,0.0,0.0
1.0,97.0,2.0,0.0,0.0,0.0
1.0,0.0,0.0,99.0,0.0,0.0
1.0,0.0,0.0,99.0,0.0,0.0
1.0,99.0,0.0,0.0,0.0,0.0
1.0,99.0,0.0,0.0,0.0,0.0
1.0,0.0,0.0,99.0,0.0,0.0
1.0,0.0,0.0,99.0,0.0,0.0
1.0,0.0,0.0,99.0,0.0,0.0
1.0,99.0,0.0,0.0,0.0,0.0
1.0,0.0,0.0,99.0,0.0,0.0
1.0,0.0,0.0,99.0,0.0,0.0
1.0,0.0,0.0,99.0,0.0,0.0
1.0,99.0,0.0,0.0,0.0,0.0
1.0,99.0,0.0,0.0,0.0,0.0
1.0,0.0,0.0,99.0,0.0,0.0
1.0,0.0,0.0,99.0,0.0,0.0
1.0,0.0,0.0,99.0,0.0,0.0
1.0,99.0,0.0,0.0,0.0,0.0
1.0,99.0,0.0,0.0,0.0,0.0
1.0,99.0,0.0,0.0,0.0,0.0
1.0,0.0,0.0,99.0,0.0,0.0
1.0,98.0,1.0,0.0,0.0,0.0
1.0,0.0,0.0,99.0,0.0,0.0
1.0,0.0,0.0,99.0,0.0,0.0
1.0,0.0,0.0,99.0,0.0,0.0
1.0,0.0,0.0,99.0,0.0,0.0
1.0,99.0,0.0,0.0,0.0,0.0
1.0,0.0,0.0,99.0,0.0,0.0
1.0,99.0,0.0,0.0,0.0,0.0
1.0,0.0,0.0,99.0,0.0,0.0
1.0,99.0,0.0,0.0,0.0,0.0
1.0,99.0,0.0,0.0,0.0,0.0
1.0,99.0,0.0,0.0,0.0,0.0
1.0,0.0,0.0,99.0,0.0,0.0
1.0,0.0,0.0,99.0,0.0,0.0
1.0,0.0,0.0,99.0,0.0,0.0
1.0,0.0,0.0,99.0,0.0,0.0
1.0,99.0,0.0,0.0,0.0,0.0
1.0,0.0,1.0,98.0,0.0,0.0
1.0,99.0,0.0,0.0,0.0,0.0
1.0,99.0,0.0,0.0,0.0,0.0
1.0,0.0,0.0,99.0,0.0,0.0
1.0,0.0,0.0,99.0,0.0,0.0
1.0,99.0,0.0,0.0,0.0,0.0
1.0,99.0,0.0,0.0,0.0,0.0
1.0,99.0,0.0,0.0,0.0,0.0
1.0,99.0,0.0,0.0,0.0,0.0
1.0,0.0,0.0,99.0,0.0,0.0
1.0,99.0,0.0,0.0,0.0,0.0
1.0,0.0,0.0,99.0,0.0,0.0
1.0,0.0,0.0,99.0,0.0,0.0
1.0,0.0,0.0,99.0,0.0,0.0
1.0,0.0,0.0,99.0,0.0,0.0
1.0,0.0,0.0,99.0,0.0,0.0
1.0,99.0,0.0,0.0,0.0,0.0
1.0,99.0,0.0,0.0,0.0,0.0
1.0,99.0,0.0,0.0,0.0,0.0
1.0,0.0,1.0,98.0,0.0,0.0
1.0,0.0,0.0,99.0,0.0,0.0
1.0,0.0,0.0,99.0,0.0,0.0
1.0,99.0,0.0,0.0,0.0,0.0
1.0,0.0,0.0,99.0,0.0,0.0
1.0,0.0,0.0,99.0,0.0,0.0
1.0,99.0,0.0,0.0,0.0,0.0
1.0,0.0,0.0,99.0,0.0,0.0
1.0,0.0,0.0,99.0,0.0,0.0
1.0,97.0,2.0,0.0,0.0,0.0
1.0,99.0,0.0,0.0,0.0,0.0
1.0,0.0,0.0,99.0,0.0,0.0
1.0,99.0,0.0,0.0,0.0,0.0
1.0,0.0,0.0,99.0,0.0,0.0
1.0,99.0,0.0,0.0,0.0,0.0
1.0,0.0,0.0,99.0,0.0,0.0
1.0,99.0,0.0,0.0,0.0,0.0
1.0,99.0,0.0,0.0,0.0,0.0
1.0,99.0,0.0,0.0,0.0,0.0
1.0,0.0,0.0,99.0,0.0,0.0
1.0,99.0,0.0,0.0,0.0,0.0
1.0,0.0,0.0,99.0,0.0,0.0
1.0,0.0,0.0,99.0,0.0,0.0
1.0,0.0,0.0,99.0,0.0,0.0
1.0,99.0,0.0,0.0,0.0,0.0
1.0,99.0,0.0,0.0,0.0,0.0
1.0,0.0,2.0,0.0,0.0,0.0
1.0,99.0,0.0,0.0,0.0,0.0
1.0,99.0,0.0,0.0,0.0,0.0
1.0,99.0,0.0,0.0,0.0,0.0
1.0,0.0,0.0,99.0,0.0,0.0
1.0,0.0,1.0,98.0,0.0,0.0
1.0,99.0,0.0,0.0,0.0,0.0
1.0,0.0,0.0,99.0,0.0,0.0
1.0,0.0,0.0,99.0,0.0,0.0
1.0,0.0,0.0,99.0,0.0,0.0
1.0,99.0,0.0,0.0,0.0,0.0
1.0,0.0,0.0,99.0,0.0,0.0
1.0,99.0,0.0,0.0,0.0,0.0
1.0,0.0,0.0,99.0,0.0,0.0
1.0,98.0,1.0,0.0,0.0,0.0
1.0,99.0,0.0,0.0,0.0,0.0
1.0,99.0,0.0,0.0,0.0,0.0
1.0,99.0,0.0,0.0,0.0,0.0
1.0,0.0,0.0,99.0,0.0,0.0
1.0,99.0,0.0,0.0,0.0,0.0
1.0,98.0,1.0,0.0,0.0,0.0
1.0,98.0,1.0,0.0,0.0,0.0
1.0,99.0,0.0,0.0,0.0,0.0
1.0,0.0,0.0,99.0,0.0,0.0
1.0,99.0,0.0,0.0,0.0,0.0
1.0,99.0,0.0,0.0,0.0,0.0
1.0,99.0,0.0,0.0,0.0,0.0
1.0,0.0,0.0,99.0,0.0,0.0
1.0,0.0,0.0,99.0,0.0,0.0
1.0,99.0,0.0,0.0,0.0,0.0
1.0,0.0,0.0,99.0,0.0,0.0
1.0,0.0,0.0,99.0,0.0,0.0
1.0,99.0,0.0,0.0,0.0,0.0
1.0,99.0,0.0,0.0,0.0,0.0
1.0,99.0,0.0,0.0,0.0,0.0
1.0,0.0,0.0,99.0,0.0,0.0
1.0,99.0,0.0,0.0,0.0,0.0
1.0,98.0,1.0,0.0,0.0,0.0
1.0,99.0,0.0,0.0,0.0,0.0
1.0,99.0,0.0,0.0,0.0,0.0
1.0,99.0,0.0,0.0,0.0,0.0
1.0,99.0,0.0,0.0,0.0,0.0
1.0,0.0,0.0,99.0,0.0,0.0
1.0,99.0,0.0,0.0,0.0,0.0
1.0,0.0,0.0,99.0,0.0,0.0
1.0,99.0,0.0,0.0,0.0,0.0
1.0,0.0,0.0,99.0,0.0,0.0
1.0,0.0,1.0,98.0,0.0,0.0
1.0,99.0,0.0,0.0,0.0,0.0
1.0,99.0,0.0,0.0,0.0,0.0
1.0,99.0,0.0,0.0,0.0,0.0
1.0,99.0,0.0,0.0,0.0,0.0
1.0,99.0,0.0,0.0,0.0,0.0
1.0,99.0,0.0,0.0,0.0,0.0
1.0,99.0,0.0,0.0,0.0,0.0
1.0,99.0,0.0,0.0,0.0,0.0
1.0,99.0,0.0,0.0,0.0,0.0
1.0,99.0,0.0,0.0,0.0,0.0
1.0,0.0,0.0,99.0,0.0,0.0
1.0,99.0,0.0,0.0,0.0,0.0
1.0,99.0,0.0,0.0,0.0,0.0
1.0,99.0,0.0,0.0,0.0,0.0
1.0,99.0,0.0,0.0,0.0,0.0
1.0,0.0,0.0,99.0,0.0,0.0
1.0,99.0,0.0,0.0,0.0,0.0
1.0,99.0,0.0,0.0,0.0,0.0
1.0,0.0,0.0,99.0,0.0,0.0
1.0,99.0,0.0,0.0,0.0,0.0
1.0,0.0,0.0,99.0,0.0,0.0
1.0,0.0,0.0,99.0,0.0,0.0
1.0,99.0,0.0,0.0,0.0,0.0
1.0,0.0,0.0,99.0,0.0,0.0
1.0,0.0,0.0,99.0,0.0,0.0
1.0,99.0,0.0,0.0,0.0,0.0
1.0,0.0,0.0,99.0,0.0,0.0
1.0,99.0,0.0,0.0,0.0,0.0
1.0,0.0,1.0,98.0,0.0,0.0
1.0,99.0,0.0,0.0,0.0,0.0
1.0,0.0,1.0,98.0,0.0,0.0
1.0,99.0,0.0,0.0,0.0,0.0
1.0,99.0,0.0,0.0,0.0,0.0
1.0,0.0,0.0,99.0,0.0,0.0
1.0,0.0,0.0,99.0,0.0,0.0
1.0,97.0,2.0,0.0,0.0,0.0
1.0,99.0,0.0,0.0,0.0,0.0
1.0,99.0,0.0,0.0,0.0,0.0
1.0,99.0,0.0,0.0,0.0,0.0
1.0,99.0,0.0,0.0,0.0,0.0
1.0,98.0,1.0,0.0,0.0,0.0
1.0,99.0,0.0,0.0,0.0,0.0
1.0,0.0,0.0,99.0,0.0,0.0
1.0,99.0,0.0,0.0,0.0,0.0
1.0,0.0,0.0,99.0,0.0,0.0
1.0,0.0,0.0,99.0,0.0,0.0
1.0,0.0,0.0,99.0,0.0,0.0
1.0,98.0,1.0,0.0,0.0,0.0
1.0,0.0,0.0,99.0,0.0,0.0
1.0,0.0,0.0,99.0,0.0,0.0
1.0,99.0,0.0,0.0,0.0,0.0
1.0,99.0,0.0,0.0,0.0,0.0
1.0,99.0,0.0,0.0,0.0,0.0
1.0,99.0,0.0,0.0,0.0,0.0
1.0,0.0,0.0,99.0,0.0,0.0
1.0,99.0,0.0,0.0,0.0,0.0
1.0,0.0,1.0,98.0,0.0,0.0
1.0,0.0,0.0,99.0,0.0,0.0
1.0,99.0,0.0,0.0,0.0,0.0
1.0,0.0,0.0,0.0,0.0,0.0
1.0,99.0,0.0,0.0,0.0,0.0
1.0,99.0,0.0,0.0,0.0,0.0
1.0,98.0,1.0,0.0,0.0,0.0
1.0,0.0,0.0,99.0,0.0,0.0
1.0,99.0,0.0,0.0,0.0,0.0
1.0,0.0,0.0,99.0,0.0,0.0
1.0,0.0,0.0,99.0,0.0,0.0
1.0,0.0,0.0,99.0,0.0,0.0
1.0,99.0,0.0,0.0,0.0,0.0
1.0,99.0,0.0,0.0,0.0,0.0
1.0,99.0,0.0,0.0,0.0,0.0
1.0,99.0,0.0,0.0,0.0,0.0
1.0,99.0,0.0,0.0,0.0,0.0
1.0,0.0,0.0,99.0,0.0,0.0
1.0,99.0,0.0,0.0,0.0,0.0
1.0,0.0,0.0,99.0,0.0,0.0
1.0,0.0,0.0,99.0,0.0,0.0
1.0,99.0,0.0,0.0,0.0,0.0
1.0,0.0,0.0,99.0,0.0,0.0
1.0,0.0,1.0,98.0,0.0,0.0
1.0,99.0,0.0,0.0,0.0,0.0
1.0,99.0,0.0,0.0,0.0,0.0
1.0,98.0,1.0,0.0,0.0,0.0
1.0,99.0,0.0,0.0,0.0,0.0
1.0,0.0,0.0,0.0,0.0,0.0
1.0,0.0,0.0,99.0,0.0,0.0
1.0,98.0,1.0,0.0,0.0,0.0
1.0,99.0,0.0,0.0,0.0,0.0
1.0,99.0,0.0,0.0,0.0,0.0
1.0,99.0,0.0,0.0,0.0,0.0
1.0,0.0,0.0,99.0,0.0,0.0
1.0,0.0,0.0,0.0,0.0,0.0
1.0,0.0,0.0,99.0,0.0,0.0
1.0,99.0,0.0,0.0,0.0,0.0
1.0,0.0,0.0,99.0,0.0,0.0
1.0,11.0,0.0,88.0,0.0,0.0
1.0,99.0,0.0,0.0,0.0,0.0
1.0,0.0,0.0,99.0,0.0,0.0
1.0,0.0,0.0,99.0,0.0,0.0
1.0,99.0,0.0,0.0,0.0,0.0
1.0,0.0,0.0,99.0,0.0,0.0
1.0,99.0,0.0,0.0,0.0,0.0
1.0,0.0,0.0,99.0,0.0,0.0
1.0,99.0,0.0,0.0,0.0,0.0
1.0,99.0,0.0,0.0,0.0,0.0
1.0,0.0,0.0,99.0,0.0,0.0
1.0,0.0,0.0,99.0,0.0,0.0
1.0,99.0,0.0,0.0,0.0,0.0
1.0,99.0,0.0,0.0,0.0,0.0
1.0,99.0,0.0,0.0,0.0,0.0
1.0,0.0,0.0,99.0,0.0,0.0
1.0,0.0,0.0,99.0,0.0,0.0
1.0,99.0,0.0,0.0,0.0,0.0
1.0,99.0,0.0,0.0,0.0,0.0
1.0,0.0,0.0,99.0,0.0,0.0
1.0,99.0,0.0,0.0,0.0,0.0
1.0,99.0,0.0,0.0,0.0,0.0
1.0,99.0,0.0,0.0,0.0,0.0
1.0,99.0,0.0,0.0,0.0,0.0
1.0,99.0,0.0,0.0,0.0,0.0
1.0,99.0,0.0,0.0,0.0,0.0
1.0,0.0,0.0,99.0,0.0,0.0
1.0,0.0,0.0,99.0,0.0,0.0
1.0,0.0,2.0,97.0,0.0,0.0
1.0,99.0,0.0,0.0,0.0,0.0
1.0,0.0,0.0,99.0,0.0,0.0
1.0,98.0,1.0,0.0,0.0,0.0
1.0,99.0,0.0,0.0,0.0,0.0
1.0,0.0,0.0,99.0,0.0,0.0
1.0,0.0,0.0,99.0,0.0,0.0
1.0,0.0,0.0,99.0,0.0,0.0
1.0,99.0,0.0,0.0,0.0,0.0
1.0,99.0,0.0,0.0,0.0,0.0
1.0,99.0,0.0,0.0,0.0,0.0
1.0,0.0,0.0,99.0,0.0,0.0
1.0,0.0,0.0,99.0,0.0,0.0
1.0,0.0,0.0,99.0,0.0,0.0
1.0,99.0,0.0,0.0,0.0,0.0
1.0,99.0,0.0,0.0,0.0,0.0
1.0,99.0,0.0,0.0,0.0,0.0
1.0,0.0,0.0,99.0,0.0,0.0
1.0,99.0,0.0,0.0,0.0,0.0
1.0,98.0,1.0,0.0,0.0,0.0
1.0,0.0,0.0,99.0,0.0,0.0
1.0,0.0,0.0,99.0,0.0,0.0
1.0,0.0,0.0,99.0,0.0,0.0
1.0,0.0,0.0,99.0,0.0,0.0
1.0,99.0,0.0,0.0,0.0,0.0
1.0,99.0,0.0,0.0,0.0,0.0
1.0,0.0,0.0,99.0,0.0,0.0
1.0,0.0,0.0,99.0,0.0,0.0
1.0,0.0,0.0,99.0,0.0,0.0
1.0,99.0,0.0,0.0,0.0,0.0
2.0,98.0,0.0,0.0,0.0,0.0
1.0,99.0,0.0,0.0,0.0,0.0
1.0,0.0,0.0,99.0,0.0,0.0
1.0,0.0,0.0,99.0,0.0,0.0
1.0,99.0,0.0,0.0,0.0,0.0
1.0,99.0,0.0,0.0,0.0,0.0
1.0,0.0,0.0,99.0,0.0,0.0
1.0,99.0,0.0,0.0,0.0,0.0
1.0,0.0,0.0,99.0,0.0,0.0
1.0,0.0,0.0,99.0,0.0,0.0
1.0,99.0,0.0,0.0,0.0,0.0
1.0,0.0,0.0,99.0,0.0,0.0
1.0,97.0,2.0,0.0,0.0,0.0
1.0,0.0,0.0,99.0,0.0,0.0
1.0,99.0,0.0,0.0,0.0,0.0
1.0,99.0,0.0,0.0,0.0,0.0
1.0,99.0,0.0,0.0,0.0,0.0
1.0,99.0,0.0,0.0,0.0,0.0
1.0,99.0,0.0,0.0,0.0,0.0
1.0,0.0,0.0,99.0,0.0,0.0
1.0,0.0,0.0,99.0,0.0,0.0
1.0,99.0,0.0,0.0,0.0,0.0
1.0,99.0,0.0,0.0,0.0,0.0
1.0,99.0,0.0,0.0,0.0,0.0
1.0,99.0,0.0,0.0,0.0,0.0
1.0,0.0,1.0,0.0,0.0,0.0
1.0,98.0,1.0,0.0,0.0,0.0
1.0,0.0,0.0,99.0,0.0,0.0
1.0,99.0,0.0,0.0,0.0,0.0
1.0,0.0,0.0,99.0,0.0,0.0
1.0,99.0,0.0,0.0,0.0,0.0
1.0,99.0,0.0,0.0,0.0,0.0
1.0,99.0,0.0,0.0,0.0,0.0
1.0,99.0,0.0,0.0,0.0,0.0
1.0,0.0,0.0,99.0,0.0,0.0
1.0,99.0,0.0,0.0,0.0,0.0
1.0,99.0,0.0,0.0,0.0,0.0
1.0,0.0,0.0,99.0,0.0,0.0
1.0,0.0,0.0,99.0,0.0,0.0
1.0,99.0,0.0,0.0,0.0,0.0
1.0,99.0,0.0,0.0,0.0,0.0
1.0,99.0,0.0,0.0,0.0,0.0
1.0,0.0,0.0,99.0,0.0,0.0
1.0,0.0,0.0,99.0,0.0,0.0
1.0,99.0,0.0,0.0,0.0,0.0
1.0,0.0,0.0,99.0,0.0,0.0
1.0,99.0,0.0,0.0,0.0,0.0
1.0,99.0,0.0,0.0,0.0,0.0
1.0,99.0,0.0,0.0,0.0,0.0
1.0,99.0,0.0,0.0,0.0,0.0
1.0,0.0,0.0,99.0,0.0,0.0
1.0,99.0,0.0,0.0,0.0,0.0
1.0,99.0,0.0,0.0,0.0,0.0
1.0,99.0,0.0,0.0,0.0,0.0
1.0,99.0,0.0,0.0,0.0,0.0
1.0,99.0,0.0,0.0,0.0,0.0
1.0,99.0,0.0,0.0,0.0,0.0
1.0,0.0,0.0,99.0,0.0,0.0
1.0,99.0,0.0,0.0,0.0,0.0
1.0,99.0,0.0,0.0,0.0,0.0
1.0,0.0,0.0,99.0,0.0,0.0
1.0,99.0,0.0,0.0,0.0,0.0
1.0,0.0,0.0,99.0,0.0,0.0
1.0,0.0,1.0,98.0,0.0,0.0
1.0,99.0,0.0,0.0,0.0,0.0
1.0,98.0,1.0,0.0,0.0,0.0
1.0,99.0,0.0,0.0,0.0,0.0
1.0,0.0,1.0,98.0,0.0,0.0
1.0,0.0,1.0,98.0,0.0,0.0
1.0,99.0,0.0,0.0,0.0,0.0
1.0,0.0,0.0,99.0,0.0,0.0
1.0,37.0,0.0,62.0,0.0,0.0
1.0,0.0,0.0,99.0,0.0,0.0
1.0,99.0,0.0,0.0,0.0,0.0
1.0,0.0,0.0,99.0,0.0,0.0
1.0,0.0,0.0,99.0,0.0,0.0
1.0,0.0,0.0,99.0,0.0,0.0
1.0,0.0,0.0,99.0,0.0,0.0
1.0,0.0,0.0,99.0,0.0,0.0
1.0,99.0,0.0,0.0,0.0,0.0
1.0,99.0,0.0,0.0,0.0,0.0
1.0,99.0,0.0,0.0,0.0,0.0
1.0,0.0,0.0,99.0,0.0,0.0
1.0,0.0,0.0,99.0,0.0,0.0
1.0,0.0,0.0,99.0,0.0,0.0
1.0,99.0,0.0,0.0,0.0,0.0
1.0,99.0,0.0,0.0,0.0,0.0
1.0,99.0,0.0,0.0,0.0,0.0
1.0,0.0,0.0,99.0,0.0,0.0
1.0,0.0,0.0,99.0,0.0,0.0
1.0,99.0,0.0,0.0,0.0,0.0
2.0,97.0,1.0,0.0,0.0,0.0
1.0,99.0,0.0,0.0,0.0,0.0
1.0,99.0,0.0,0.0,0.0,0.0
1.0,99.0,0.0,0.0,0.0,0.0
1.0,0.0,0.0,99.0,0.0,0.0
1.0,99.0,0.0,0.0,0.0,0.0
1.0,0.0,0.0,99.0,0.0,0.0
1.0,0.0,0.0,99.0,0.0,0.0
1.0,99.0,0.0,0.0,0.0,0.0
1.0,99.0,0.0,0.0,0.0,0.0
1.0,0.0,0.0,99.0,0.0,0.0
1.0,98.0,1.0,0.0,0.0,0.0
1.0,99.0,0.0,0.0,0.0,0.0
1.0,99.0,0.0,0.0,0.0,0.0
1.0,0.0,0.0,99.0,0.0,0.0
1.0,99.0,0.0,0.0,0.0,0.0
1.0,99.0,0.0,0.0,0.0,0.0
1.0,0.0,0.0,99.0,0.0,0.0
1.0,0.0,0.0,99.0,0.0,0.0
1.0,0.0,0.0,99.0,0.0,0.0
1.0,0.0,0.0,99.0,0.0,0.0
1.0,99.0,0.0,0.0,0.0,0.0
1.0,0.0,0.0,99.0,0.0,0.0
1.0,0.0,0.0,99.0,0.0,0.0
1.0,99.0,0.0,0.0,0.0,0.0
1.0,99.0,0.0,0.0,0.0,0.0
1.0,0.0,0.0,99.0,0.0,0.0
1.0,0.0,0.0,99.0,0.0,0.0
1.0,99.0,0.0,0.0,0.0,0.0
1.0,0.0,0.0,99.0,0.0,0.0
1.0,99.0,0.0,0.0,0.0,0.0
1.0,99.0,0.0,0.0,0.0,0.0
1.0,0.0,0.0,99.0,0.0,0.0
1.0,0.0,0.0,99.0,0.0,0.0
1.0,0.0,0.0,99.0,0.0,0.0
1.0,0.0,0.0,99.0,0.0,0.0
1.0,99.0,0.0,0.0,0.0,0.0
1.0,99.0,0.0,0.0,0.0,0.0
1.0,99.0,0.0,0.0,0.0,0.0
1.0,0.0,1.0,0.0,0.0,0.0
1.0,99.0,0.0,0.0,0.0,0.0
1.0,99.0,0.0,0.0,0.0,0.0
1.0,0.0,0.0,99.0,0.0,0.0
1.0,99.0,0.0,0.0,0.0,0.0
1.0,0.0,0.0,99.0,0.0,0.0
1.0,0.0,0.0,99.0,0.0,0.0
1.0,0.0,0.0,99.0,0.0,0.0
1.0,0.0,0.0,99.0,0.0,0.0
1.0,99.0,0.0,0.0,0.0,0.0
1.0,99.0,0.0,0.0,0.0,0.0
1.0,97.0,2.0,0.0,0.0,0.0
1.0,99.0,0.0,0.0,0.0,0.0
1.0,0.0,0.0,99.0,0.0,0.0
1.0,98.0,1.0,0.0,0.0,0.0
1.0,0.0,0.0,99.0,0.0,0.0
1.0,99.0,0.0,0.0,0.0,0.0
1.0,99.0,0.0,0.0,0.0,0.0
1.0,99.0,0.0,0.0,0.0,0.0
1.0,0.0,0.0,99.0,0.0,0.0
1.0,99.0,0.0,0.0,0.0,0.0
1.0,0.0,0.0,99.0,0.0,0.0
1.0,99.0,0.0,0.0,0.0,0.0
1.0,99.0,0.0,0.0,0.0,0.0
1.0,0.0,0.0,99.0,0.0,0.0
1.0,0.0,0.0,99.0,0.0,0.0
1.0,98.0,1.0,0.0,0.0,0.0
1.0,99.0,0.0,0.0,0.0,0.0
1.0,99.0,0.0,0.0,0.0,0.0
1.0,99.0,0.0,0.0,0.0,0.0
1.0,99.0,0.0,0.0,0.0,0.0
1.0,99.0,0.0,0.0,0.0,0.0
1.0,99.0,0.0,0.0,0.0,0.0
1.0,0.0,0.0,99.0,0.0,0.0
1.0,99.0,0.0,0.0,0.0,0.0
1.0,99.0,0.0,0.0,0.0,0.0
1.0,99.0,0.0,0.0,0.0,0.0
1.0,0.0,0.0,99.0,0.0,0.0
1.0,0.0,0.0,99.0,0.0,0.0
1.0,0.0,0.0,99.0,0.0,0.0
1.0,0.0,0.0,99.0,0.0,0.0
1.0,0.0,0.0,99.0,0.0,0.0
1.0,0.0,0.0,99.0,0.0,0.0
1.0,0.0,0.0,99.0,0.0,0.0
1.0,99.0,0.0,0.0,0.0,0.0
1.0,0.0,0.0,99.0,0.0,0.0
1.0,98.0,1.0,0.0,0.0,0.0
1.0,99.0,0.0,0.0,0.0,0.0
1.0,0.0,1.0,98.0,0.0,0.0
1.0,99.0,0.0,0.0,0.0,0.0
1.0,0.0,0.0,99.0,0.0,0.0
1.0,0.0,0.0,99.0,0.0,0.0
1.0,99.0,0.0,0.0,0.0,0.0
1.0,99.0,0.0,0.0,0.0,0.0
1.0,99.0,0.0,0.0,0.0,0.0
1.0,99.0,0.0,0.0,0.0,0.0
1.0,0.0,0.0,99.0,0.0,0.0
1.0,99.0,0.0,0.0,0.0,0.0
1.0,97.0,2.0,0.0,0.0,0.0
1.0,0.0,0.0,99.0,0.0,0.0
1.0,99.0,0.0,0.0,0.0,0.0
1.0,99.0,0.0,0.0,0.0,0.0
1.0,0.0,0.0,99.0,0.0,0.0
1.0,0.0,0.0,99.0,0.0,0.0
1.0,99.0,0.0,0.0,0.0,0.0
1.0,0.0,0.0,99.0,0.0,0.0
1.0,0.0,0.0,99.0,0.0,0.0
1.0,99.0,0.0,0.0,0.0,0.0
1.0,99.0,0.0,0.0,0.0,0.0
1.0,99.0,0.0,0.0,0.0,0.0
1.0,99.0,0.0,0.0,0.0,0.0
1.0,99.0,0.0,0.0,0.0,0.0
1.0,99.0,0.0,0.0,0.0,0.0
1.0,0.0,0.0,99.0,0.0,0.0
1.0,99.0,0.0,0.0,0.0,0.0
1.0,99.0,0.0,0.0,0.0,0.0
1.0,0.0,0.0,99.0,0.0,0.0
1.0,99.0,0.0,0.0,0.0,0.0
1.0,0.0,0.0,99.0,0.0,0.0
1.0,0.0,0.0,99.0,0.0,0.0
1.0,0.0,0.0,99.0,0.0,0.0
1.0,99.0,0.0,0.0,0.0,0.0
1.0,99.0,0.0,0.0,0.0,0.0
1.0,99.0,0.0,0.0,0.0,0.0
1.0,98.0,1.0,0.0,0.0,0.0
1.0,98.0,1.0,0.0,0.0,0.0
1.0,99.0,0.0,0.0,0.0,0.0
1.0,99.0,0.0,0.0,0.0,0.0
1.0,99.0,0.0,0.0,0.0,0.0
1.0,0.0,0.0,99.0,0.0,0.0
1.0,0.0,0.0,99.0,0.0,0.0
1.0,0.0,0.0,99.0,0.0,0.0
1.0,0.0,1.0,98.0,0.0,0.0
1.0,99.0,0.0,0.0,0.0,0.0
1.0,99.0,0.0,0.0,0.0,0.0
1.0,99.0,0.0,0.0,0.0,0.0
1.0,0.0,1.0,98.0,0.0,0.0
1.0,0.0,0.0,99.0,0.0,0.0
1.0,99.0,0.0,0.0,0.0,0.0
1.0,99.0,0.0,0.0,0.0,0.0
1.0,99.0,0.0,0.0,0.0,0.0
1.0,99.0,0.0,0.0,0.0,0.0
1.0,0.0,0.0,99.0,0.0,0.0
1.0,99.0,0.0,0.0,0.0,0.0
1.0,98.0,1.0,0.0,0.0,0.0
1.0,0.0,0.0,99.0,0.0,0.0
1.0,0.0,0.0,99.0,0.0,0.0
1.0,99.0,0.0,0.0,0.0,0.0
1.0,0.0,0.0,99.0,0.0,0.0
1.0,99.0,0.0,0.0,0.0,0.0
1.0,99.0,0.0,0.0,0.0,0.0
1.0,99.0,0.0,0.0,0.0,0.0
1.0,99.0,0.0,0.0,0.0,0.0
1.0,0.0,1.0,98.0,0.0,0.0
1.0,0.0,0.0,99.0,0.0,0.0
1.0,0.0,0.0,99.0,0.0,0.0
1.0,99.0,0.0,0.0,0.0,0.0
1.0,0.0,0.0,99.0,0.0,0.0
1.0,99.0,0.0,0.0,0.0,0.0
1.0,99.0,0.0,0.0,0.0,0.0
1.0,99.0,0.0,0.0,0.0,0.0
1.0,0.0,2.0,97.0,0.0,0.0
1.0,0.0,0.0,99.0,0.0,0.0
1.0,0.0,0.0,99.0,0.0,0.0
1.0,0.0,0.0,99.0,0.0,0.0
1.0,0.0,1.0,98.0,0.0,0.0
1.0,0.0,0.0,99.0,0.0,0.0
1.0,99.0,0.0,0.0,0.0,0.0
1.0,99.0,0.0,0.0,0.0,0.0
1.0,99.0,0.0,0.0,0.0,0.0
1.0,0.0,0.0,99.0,0.0,0.0
1.0,99.0,0.0,0.0,0.0,0.0
1.0,99.0,0.0,0.0,0.0,0.0
1.0,0.0,0.0,99.0,0.0,0.0
1.0,99.0,0.0,0.0,0.0,0.0
1.0,0.0,0.0,0.0,0.0,0.0
1.0,99.0,0.0,0.0,0.0,0.0
1.0,99.0,0.0,0.0,0.0,0.0
1.0,99.0,0.0,0.0,0.0,0.0
1.0,0.0,0.0,99.0,0.0,0.0
1.0,0.0,0.0,99.0,0.0,0.0
1.0,98.0,1.0,0.0,0.0,0.0
1.0,99.0,0.0,0.0,0.0,0.0
1.0,0.0,0.0,99.0,0.0,0.0
1.0,0.0,0.0,99.0,0.0,0.0
1.0,0.0,0.0,99.0,0.0,0.0
1.0,0.0,0.0,99.0,0.0,0.0
1.0,99.0,0.0,0.0,0.0,0.0
1.0,99.0,0.0,0.0,0.0,0.0
1.0,0.0,0.0,99.0,0.0,0.0
1.0,0.0,0.0,99.0,0.0,0.0
1.0,99.0,0.0,0.0,0.0,0.0
1.0,99.0,0.0,0.0,0.0,0.0
1.0,99.0,0.0,0.0,0.0,0.0
1.0,0.0,0.0,99.0,0.0,0.0
1.0,0.0,0.0,99.0,0.0,0.0
1.0,0.0,0.0,99.0,0.0,0.0
1.0,99.0,0.0,0.0,0.0,0.0
1.0,99.0,0.0,0.0,0.0,0.0
1.0,99.0,0.0,0.0,0.0,0.0
1.0,99.0,0.0,0.0,0.0,0.0
1.0,0.0,0.0,99.0,0.0,0.0
1.0,99.0,0.0,0.0,0.0,0.0
1.0,0.0,0.0,99.0,0.0,0.0
1.0,99.0,0.0,0.0,0.0,0.0
1.0,0.0,0.0,99.0,0.0,0.0
1.0,0.0,0.0,99.0,0.0,0.0
1.0,0.0,0.0,99.0,0.0,0.0
1.0,99.0,0.0,0.0,0.0,0.0
1.0,0.0,0.0,99.0,0.0,0.0
1.0,0.0,0.0,99.0,0.0,0.0
1.0,99.0,0.0,0.0,0.0,0.0
1.0,99.0,0.0,0.0,0.0,0.0
1.0,98.0,1.0,0.0,0.0,0.0
1.0,98.0,1.0,0.0,0.0,0.0
1.0,99.0,0.0,0.0,0.0,0.0
1.0,99.0,0.0,0.0,0.0,0.0
1.0,0.0,0.0,99.0,0.0,0.0
1.0,99.0,0.0,0.0,0.0,0.0
1.0,99.0,0.0,0.0,0.0,0.0
1.0,99.0,0.0,0.0,0.0,0.0
1.0,0.0,0.0,99.0,0.0,0.0
1.0,0.0,0.0,99.0,0.0,0.0
1.0,99.0,0.0,0.0,0.0,0.0
1.0,0.0,2.0,97.0,0.0,0.0
1.0,0.0,0.0,99.0,0.0,0.0
1.0,99.0,0.0,0.0,0.0,0.0
1.0,0.0,0.0,99.0,0.0,0.0
1.0,0.0,0.0,99.0,0.0,0.0
1.0,0.0,0.0,99.0,0.0,0.0
1.0,0.0,2.0,97.0,0.0,0.0
1.0,0.0,0.0,99.0,0.0,0.0
1.0,99.0,0.0,0.0,0.0,0.0
1.0,99.0,0.0,0.0,0.0,0.0
1.0,99.0,0.0,0.0,0.0,0.0
1.0,99.0,0.0,0.0,0.0,0.0
1.0,99.0,0.0,0.0,0.0,0.0
1.0,99.0,0.0,0.0,0.0,0.0
1.0,0.0,0.0,99.0,0.0,0.0
1.0,0.0,0.0,99.0,0.0,0.0
1.0,99.0,0.0,0.0,0.0,0.0
1.0,0.0,0.0,99.0,0.0,0.0
1.0,99.0,0.0,0.0,0.0,0.0
1.0,0.0,0.0,99.0,0.0,0.0
1.0,95.0,4.0,0.0,0.0,0.0
1.0,99.0,0.0,0.0,0.0,0.0
1.0,99.0,0.0,0.0,0.0,0.0
1.0,0.0,0.0,99.0,0.0,0.0
1.0,0.0,0.0,99.0,0.0,0.0
1.0,0.0,0.0,99.0,0.0,0.0
1.0,0.0,0.0,99.0,0.0,0.0
1.0,93.0,6.0,0.0,0.0,0.0
1.0,98.0,1.0,0.0,0.0,0.0
1.0,99.0,0.0,0.0,0.0,0.0
1.0,99.0,0.0,0.0,0.0,0.0
1.0,98.0,1.0,0.0,0.0,0.0
1.0,0.0,2.0,97.0,0.0,0.0
1.0,99.0,0.0,0.0,0.0,0.0
1.0,0.0,0.0,99.0,0.0,0.0
1.0,99.0,0.0,0.0,0.0,0.0
1.0,99.0,0.0,0.0,0.0,0.0
1.0,99.0,0.0,0.0,0.0,0.0
1.0,0.0,0.0,99.0,0.0,0.0
1.0,99.0,0.0,0.0,0.0,0.0
1.0,0.0,0.0,99.0,0.0,0.0
1.0,99.0,0.0,0.0,0.0,0.0
1.0,0.0,0.0,99.0,0.0,0.0
1.0,99.0,0.0,0.0,0.0,0.0
1.0,99.0,0.0,0.0,0.0,0.0
1.0,98.0,1.0,0.0,0.0,0.0
1.0,99.0,0.0,0.0,0.0,0.0
1.0,99.0,0.0,0.0,0.0,0.0
1.0,97.0,2.0,0.0,0.0,0.0
1.0,99.0,0.0,0.0,0.0,0.0
1.0,0.0,0.0,99.0,0.0,0.0
1.0,99.0,0.0,0.0,0.0,0.0
1.0,0.0,0.0,99.0,0.0,0.0
1.0,0.0,0.0,99.0,0.0,0.0
1.0,99.0,0.0,0.0,0.0,0.0
1.0,0.0,0.0,99.0,0.0,0.0
1.0,0.0,0.0,99.0,0.0,0.0
1.0,99.0,0.0,0.0,0.0,0.0
1.0,0.0,0.0,99.0,0.0,0.0
1.0,99.0,0.0,0.0,0.0,0.0
1.0,99.0,0.0,0.0,0.0,0.0
1.0,99.0,0.0,0.0,0.0,0.0
1.0,99.0,0.0,0.0,0.0,0.0
1.0,99.0,0.0,0.0,0.0,0.0
1.0,0.0,0.0,99.0,0.0,0.0
1.0,99.0,0.0,0.0,0.0,0.0
1.0,0.0,0.0,99.0,0.0,0.0
1.0,0.0,0.0,0.0,0.0,0.0
1.0,99.0,0.0,0.0,0.0,0.0
1.0,99.0,0.0,0.0,0.0,0.0
1.0,99.0,0.0,0.0,0.0,0.0
1.0,0.0,0.0,99.0,0.0,0.0
1.0,99.0,0.0,0.0,0.0,0.0
1.0,0.0,0.0,99.0,0.0,0.0
1.0,99.0,0.0,0.0,0.0,0.0
1.0,0.0,0.0,99.0,0.0,0.0
1.0,99.0,0.0,0.0,0.0,0.0
1.0,98.0,1.0,0.0,0.0,0.0
1.0,0.0,0.0,99.0,0.0,0.0
1.0,0.0,0.0,99.0,0.0,0.0
1.0,0.0,0.0,99.0,0.0,0.0
1.0,99.0,0.0,0.0,0.0,0.0
1.0,0.0,0.0,99.0,0.0,0.0
1.0,99.0,0.0,0.0,0.0,0.0
1.0,99.0,0.0,0.0,0.0,0.0
1.0,0.0,0.0,99.0,0.0,0.0
1.0,99.0,0.0,0.0,0.0,0.0
1.0,99.0,0.0,0.0,0.0,0.0
1.0,99.0,0.0,0.0,0.0,0.0
1.0,99.0,0.0,0.0,0.0,0.0
1.0,99.0,0.0,0.0,0.0,0.0
1.0,0.0,0.0,99.0,0.0,0.0
1.0,99.0,0.0,0.0,0.0,0.0
1.0,99.0,0.0,0.0,0.0,0.0
1.0,99.0,0.0,0.0,0.0,0.0
1.0,0.0,0.0,99.0,0.0,0.0
1.0,99.0,0.0,0.0,0.0,0.0
1.0,99.0,0.0,0.0,0.0,0.0
1.0,0.0,0.0,99.0,0.0,0.0
1.0,41.0,0.0,58.0,0.0,0.0
1.0,99.0,0.0,0.0,0.0,0.0
1.0,0.0,0.0,99.0,0.0,0.0
1.0,99.0,0.0,0.0,0.0,0.0
1.0,0.0,0.0,99.0,0.0,0.0
1.0,0.0,0.0,99.0,0.0,0.0
1.0,99.0,0.0,0.0,0.0,0.0
1.0,0.0,1.0,98.0,0.0,0.0
1.0,0.0,0.0,99.0,0.0,0.0
1.0,99.0,0.0,0.0,0.0,0.0
1.0,0.0,0.0,99.0,0.0,0.0
1.0,99.0,0.0,0.0,0.0,0.0
1.0,99.0,0.0,0.0,0.0,0.0
1.0,99.0,0.0,0.0,0.0,0.0
1.0,0.0,0.0,99.0,0.0,0.0
1.0,99.0,0.0,0.0,0.0,0.0
1.0,99.0,0.0,0.0,0.0,0.0
1.0,0.0,0.0,99.0,0.0,0.0
1.0,99.0,0.0,0.0,0.0,0.0
1.0,0.0,0.0,99.0,0.0,0.0
1.0,99.0,0.0,0.0,0.0,0.0
1.0,99.0,0.0,0.0,0.0,0.0
1.0,0.0,0.0,99.0,0.0,0.0
1.0,99.0,0.0,0.0,0.0,0.0
1.0,0.0,0.0,99.0,0.0,0.0
1.0,99.0,0.0,0.0,0.0,0.0
1.0,0.0,0.0,99.0,0.0,0.0
1.0,0.0,1.0,98.0,0.0,0.0
1.0,99.0,0.0,0.0,0.0,0.0
1.0,0.0,0.0,99.0,0.0,0.0
1.0,0.0,0.0,99.0,0.0,0.0
1.0,0.0,0.0,99.0,0.0,0.0
1.0,99.0,0.0,0.0,0.0,0.0
1.0,99.0,0.0,0.0,0.0,0.0
1.0,99.0,0.0,0.0,0.0,0.0
1.0,99.0,0.0,0.0,0.0,0.0
1.0,99.0,0.0,0.0,0.0,0.0
1.0,99.0,0.0,0.0,0.0,0.0
1.0,0.0,0.0,99.0,0.0,0.0
1.0,0.0,0.0,99.0,0.0,0.0
1.0,0.0,0.0,99.0,0.0,0.0
1.0,99.0,0.0,0.0,0.0,0.0
1.0,98.0,1.0,0.0,0.0,0.0
1.0,99.0,0.0,0.0,0.0,0.0
1.0,0.0,0.0,99.0,0.0,0.0
1.0,99.0,0.0,0.0,0.0,0.0
1.0,0.0,0.0,99.0,0.0,0.0
1.0,99.0,0.0,0.0,0.0,0.0
1.0,99.0,0.0,0.0,0.0,0.0
1.0,98.0,1.0,0.0,0.0,0.0
1.0,0.0,0.0,99.0,0.0,0.0
1.0,99.0,0.0,0.0,0.0,0.0
1.0,0.0,0.0,99.0,0.0,0.0
1.0,99.0,0.0,0.0,0.0,0.0
1.0,0.0,2.0,97.0,0.0,0.0
1.0,99.0,0.0,0.0,0.0,0.0
1.0,99.0,0.0,0.0,0.0,0.0
1.0,99.0,0.0,0.0,0.0,0.0
1.0,99.0,0.0,0.0,0.0,0.0
1.0,99.0,0.0,0.0,0.0,0.0
1.0,99.0,0.0,0.0,0.0,0.0
1.0,99.0,0.0,0.0,0.0,0.0
1.0,99.0,0.0,0.0,0.0,0.0
1.0,0.0,0.0,99.0,0.0,0.0
1.0,0.0,0.0,99.0,0.0,0.0
1.0,0.0,0.0,99.0,0.0,0.0
1.0,99.0,0.0,0.0,0.0,0.0
1.0,0.0,2.0,97.0,0.0,0.0
1.0,99.0,0.0,0.0,0.0,0.0
1.0,99.0,0.0,0.0,0.0,0.0
1.0,0.0,0.0,99.0,0.0,0.0
1.0,99.0,0.0,0.0,0.0,0.0
1.0,0.0,0.0,99.0,0.0,0.0
1.0,0.0,0.0,99.0,0.0,0.0
1.0,98.0,1.0,0.0,0.0,0.0
1.0,99.0,0.0,0.0,0.0,0.0
1.0,0.0,0.0,99.0,0.0,0.0
1.0,99.0,0.0,0.0,0.0,0.0
1.0,99.0,0.0,0.0,0.0,0.0
1.0,0.0,0.0,99.0,0.0,0.0
1.0,99.0,0.0,0.0,0.0,0.0
1.0,0.0,2.0,97.0,0.0,0.0
1.0,99.0,0.0,0.0,0.0,0.0
1.0,0.0,0.0,99.0,0.0,0.0
1.0,99.0,0.0,0.0,0.0,0.0
1.0,97.0,2.0,0.0,0.0,0.0
1.0,0.0,0.0,99.0,0.0,0.0
1.0,0.0,0.0,99.0,0.0,0.0
1.0,99.0,0.0,0.0,0.0,0.0
1.0,0.0,0.0,99.0,0.0,0.0
1.0,99.0,0.0,0.0,0.0,0.0
1.0,99.0,0.0,0.0,0.0,0.0
1.0,99.0,0.0,0.0,0.0,0.0
1.0,99.0,0.0,0.0,0.0,0.0
1.0,0.0,0.0,99.0,0.0,0.0
1.0,99.0,0.0,0.0,0.0,0.0
1.0,0.0,0.0,99.0,0.0,0.0
1.0,97.0,2.0,0.0,0.0,0.0
1.0,0.0,0.0,99.0,0.0,0.0
1.0,0.0,0.0,99.0,0.0,0.0
1.0,99.0,0.0,0.0,0.0,0.0
1.0,99.0,0.0,0.0,0.0,0.0
1.0,99.0,0.0,0.0,0.0,0.0
1.0,0.0,0.0,99.0,0.0,0.0
1.0,99.0,0.0,0.0,0.0,0.0
1.0,99.0,0.0,0.0,0.0,0.0
1.0,99.0,0.0,0.0,0.0,0.0
1.0,99.0,0.0,0.0,0.0,0.0
1.0,0.0,0.0,99.0,0.0,0.0
1.0,0.0,0.0,99.0,0.0,0.0
1.0,99.0,0.0,0.0,0.0,0.0
1.0,99.0,0.0,0.0,0.0,0.0
1.0,0.0,0.0,99.0,0.0,0.0
1.0,0.0,0.0,99.0,0.0,0.0
1.0,99.0,0.0,0.0,0.0,0.0
1.0,0.0,0.0,99.0,0.0,0.0
1.0,0.0,0.0,99.0,0.0,0.0
1.0,0.0,0.0,99.0,0.0,0.0
1.0,99.0,0.0,0.0,0.0,0.0
1.0,0.0,0.0,99.0,0.0,0.0
1.0,0.0,0.0,99.0,0.0,0.0
1.0,99.0,0.0,0.0,0.0,0.0
1.0,99.0,0.0,0.0,0.0,0.0
1.0,0.0,0.0,99.0,0.0,0.0
1.0,99.0,0.0,0.0,0.0,0.0
1.0,99.0,0.0,0.0,0.0,0.0
1.0,0.0,0.0,0.0,0.0,0.0
1.0,99.0,0.0,0.0,0.0,0.0
1.0,99.0,0.0,0.0,0.0,0.0
1.0,99.0,0.0,0.0,0.0,0.0
1.0,99.0,0.0,0.0,0.0,0.0
1.0,0.0,0.0,99.0,0.0,0.0
1.0,0.0,0.0,99.0,0.0,0.0
1.0,99.0,0.0,0.0,0.0,0.0
1.0,99.0,0.0,0.0,0.0,0.0
1.0,99.0,0.0,0.0,0.0,0.0
1.0,99.0,0.0,0.0,0.0,0.0
1.0,99.0,0.0,0.0,0.0,0.0
1.0,99.0,0.0,0.0,0.0,0.0
1.0,0.0,0.0,99.0,0.0,0.0
1.0,99.0,0.0,0.0,0.0,0.0
1.0,0.0,1.0,98.0,0.0,0.0
1.0,98.0,1.0,0.0,0.0,0.0
1.0,99.0,0.0,0.0,0.0,0.0
1.0,99.0,0.0,0.0,0.0,0.0
1.0,98.0,1.0,0.0,0.0,0.0
1.0,0.0,0.0,99.0,0.0,0.0
1.0,99.0,0.0,0.0,0.0,0.0
1.0,99.0,0.0,0.0,0.0,0.0
1.0,0.0,0.0,99.0,0.0,0.0
1.0,0.0,0.0,99.0,0.0,0.0
1.0,96.0,3.0,0.0,0.0,0.0
1.0,0.0,0.0,99.0,0.0,0.0
1.0,0.0,0.0,99.0,0.0,0.0
1.0,99.0,0.0,0.0,0.0,0.0
1.0,99.0,0.0,0.0,0.0,0.0
1.0,99.0,0.0,0.0,0.0,0.0
1.0,0.0,0.0,99.0,0.0,0.0
1.0,0.0,0.0,99.0,0.0,0.0
1.0,99.0,0.0,0.0,0.0,0.0
1.0,99.0,0.0,0.0,0.0,0.0
1.0,99.0,0.0,0.0,0.0,0.0
1.0,0.0,0.0,99.0,0.0,0.0
1.0,99.0,0.0,0.0,0.0,0.0
1.0,99.0,0.0,0.0,0.0,0.0
1.0,0.0,0.0,99.0,0.0,0.0
1.0,0.0,1.0,98.0,0.0,0.0
1.0,0.0,0.0,99.0,0.0,0.0
1.0,0.0,0.0,99.0,0.0,0.0
1.0,0.0,2.0,97.0,0.0,0.0
1.0,0.0,0.0,99.0,0.0,0.0
1.0,99.0,0.0,0.0,0.0,0.0
1.0,99.0,0.0,0.0,0.0,0.0
1.0,99.0,0.0,0.0,0.0,0.0
1.0,0.0,0.0,99.0,0.0,0.0
1.0,0.0,0.0,99.0,0.0,0.0
1.0,99.0,0.0,0.0,0.0,0.0
1.0,99.0,0.0,0.0,0.0,0.0
1.0,96.0,3.0,0.0,0.0,0.0
1.0,0.0,0.0,99.0,0.0,0.0
1.0,98.0,1.0,0.0,0.0,0.0
1.0,0.0,0.0,0.0,0.0,0.0
1.0,99.0,0.0,0.0,0.0,0.0
1.0,99.0,0.0,0.0,0.0,0.0
1.0,99.0,0.0,0.0,0.0,0.0
1.0,0.0,0.0,99.0,0.0,0.0
1.0,99.0,0.0,0.0,0.0,0.0
1.0,99.0,0.0,0.0,0.0,0.0
1.0,0.0,0.0,99.0,0.0,0.0
1.0,99.0,0.0,0.0,0.0,0.0
1.0,99.0,0.0,0.0,0.0,0.0
1.0,99.0,0.0,0.0,0.0,0.0
1.0,0.0,0.0,99.0,0.0,0.0
1.0,99.0,0.0,0.0,0.0,0.0
1.0,0.0,0.0,99.0,0.0,0.0
1.0,99.0,0.0,0.0,0.0,0.0
1.0,0.0,0.0,99.0,0.0,0.0
1.0,99.0,0.0,0.0,0.0,0.0
1.0,0.0,0.0,99.0,0.0,0.0
1.0,0.0,0.0,99.0,0.0,0.0
1.0,99.0,0.0,0.0,0.0,0.0
1.0,99.0,0.0,0.0,0.0,0.0
1.0,99.0,0.0,0.0,0.0,0.0
1.0,0.0,0.0,99.0,0.0,0.0
1.0,0.0,0.0,99.0,0.0,0.0
1.0,99.0,0.0,0.0,0.0,0.0
1.0,0.0,0.0,99.0,0.0,0.0
1.0,97.0,2.0,0.0,0.0,0.0
1.0,99.0,0.0,0.0,0.0,0.0
1.0,99.0,0.0,0.0,0.0,0.0
1.0,0.0,0.0,99.0,0.0,0.0
1.0,99.0,0.0,0.0,0.0,0.0
1.0,99.0,0.0,0.0,0.0,0.0
1.0,0.0,0.0,99.0,0.0,0.0
1.0,99.0,0.0,0.0,0.0,0.0
1.0,0.0,0.0,99.0,0.0,0.0
1.0,99.0,0.0,0.0,0.0,0.0
1.0,0.0,1.0,98.0,0.0,0.0
1.0,99.0,0.0,0.0,0.0,0.0
1.0,0.0,0.0,99.0,0.0,0.0
1.0,99.0,0.0,0.0,0.0,0.0
1.0,0.0,0.0,99.0,0.0,0.0
1.0,0.0,0.0,99.0,0.0,0.0
1.0,99.0,0.0,0.0,0.0,0.0
1.0,0.0,0.0,99.0,0.0,0.0
1.0,99.0,0.0,0.0,0.0,0.0
1.0,96.0,3.0,0.0,0.0,0.0
1.0,0.0,0.0,99.0,0.0,0.0
1.0,0.0,0.0,99.0,0.0,0.0
1.0,0.0,0.0,99.0,0.0,0.0
1.0,0.0,0.0,0.0,0.0,0.0
1.0,99.0,0.0,0.0,0.0,0.0
1.0,99.0,0.0,0.0,0.0,0.0
1.0,0.0,0.0,99.0,0.0,0.0
1.0,99.0,0.0,0.0,0.0,0.0
1.0,99.0,0.0,0.0,0.0,0.0
1.0,0.0,0.0,0.0,0.0,0.0
1.0,99.0,0.0,0.0,0.0,0.0
1.0,99.0,0.0,0.0,0.0,0.0
1.0,99.0,0.0,0.0,0.0,0.0
1.0,99.0,0.0,0.0,0.0,0.0
1.0,99.0,0.0,0.0,0.0,0.0
1.0,99.0,0.0,0.0,0.0,0.0
1.0,0.0,0.0,99.0,0.0,0.0
1.0,99.0,0.0,0.0,0.0,0.0
1.0,99.0,0.0,0.0,0.0,0.0
1.0,99.0,0.0,0.0,0.0,0.0
1.0,0.0,0.0,99.0,0.0,0.0
1.0,99.0,0.0,0.0,0.0,0.0
1.0,99.0,0.0,0.0,0.0,0.0
1.0,99.0,0.0,0.0,0.0,0.0
1.0,99.0,0.0,0.0,0.0,0.0
1.0,0.0,0.0,0.0,0.0,0.0
1.0,99.0,0.0,0.0,0.0,0.0
1.0,99.0,0.0,0.0,0.0,0.0
1.0,99.0,0.0,0.0,0.0,0.0
1.0,99.0,0.0,0.0,0.0,0.0
1.0,99.0,0.0,0.0,0.0,0.0
1.0,0.0,0.0,99.0,0.0,0.0
1.0,0.0,3.0,96.0,0.0,0.0
1.0,99.0,0.0,0.0,0.0,0.0
1.0,99.0,0.0,0.0,0.0,0.0
1.0,0.0,0.0,99.0,0.0,0.0
1.0,99.0,0.0,0.0,0.0,0.0
1.0,0.0,0.0,99.0,0.0,0.0
1.0,0.0,0.0,99.0,0.0,0.0
1.0,0.0,0.0,99.0,0.0,0.0
1.0,99.0,0.0,0.0,0.0,0.0
1.0,99.0,0.0,0.0,0.0,0.0
1.0,99.0,0.0,0.0,0.0,0.0
1.0,99.0,0.0,0.0,0.0,0.0
1.0,0.0,0.0,99.0,0.0,0.0
1.0,99.0,0.0,0.0,0.0,0.0
1.0,0.0,0.0,99.0,0.0,0.0
1.0,99.0,0.0,0.0,0.0,0.0
1.0,0.0,0.0,99.0,0.0,0.0
1.0,99.0,0.0,0.0,0.0,0.0
1.0,99.0,0.0,0.0,0.0,0.0
1.0,98.0,1.0,0.0,0.0,0.0
1.0,99.0,0.0,0.0,0.0,0.0
1.0,99.0,0.0,0.0,0.0,0.0
1.0,99.0,0.0,0.0,0.0,0.0
1.0,99.0,0.0,0.0,0.0,0.0
1.0,99.0,0.0,0.0,0.0,0.0
1.0,99.0,0.0,0.0,0.0,0.0
1.0,0.0,0.0,99.0,0.0,0.0
1.0,0.0,0.0,99.0,0.0,0.0
1.0,0.0,0.0,99.0,0.0,0.0
1.0,0.0,0.0,99.0,0.0,0.0
1.0,98.0,1.0,0.0,0.0,0.0
1.0,0.0,1.0,98.0,0.0,0.0
1.0,99.0,0.0,0.0,0.0,0.0
2.0,0.0,0.0,98.0,0.0,0.0
1.0,99.0,0.0,0.0,0.0,0.0
1.0,0.0,0.0,99.0,0.0,0.0
1.0,99.0,0.0,0.0,0.0,0.0
1.0,99.0,0.0,0.0,0.0,0.0
1.0,0.0,0.0,99.0,0.0,0.0
1.0,0.0,0.0,99.0,0.0,0.0
1.0,99.0,0.0,0.0,0.0,0.0
1.0,97.0,2.0,0.0,0.0,0.0
1.0,0.0,0.0,99.0,0.0,0.0
1.0,0.0,0.0,99.0,0.0,0.0
1.0,99.0,0.0,0.0,0.0,0.0
1.0,99.0,0.0,0.0,0.0,0.0
1.0,0.0,0.0,99.0,0.0,0.0
1.0,99.0,0.0,0.0,0.0,0.0
1.0,99.0,0.0,0.0,0.0,0.0
1.0,99.0,0.0,0.0,0.0,0.0
1.0,98.0,1.0,0.0,0.0,0.0
1.0,99.0,0.0,0.0,0.0,0.0
1.0,99.0,0.0,0.0,0.0,0.0
1.0,0.0,0.0,99.0,0.0,0.0
1.0,0.0,0.0,99.0,0.0,0.0
1.0,99.0,0.0,0.0,0.0,0.0
1.0,99.0,0.0,0.0,0.0,0.0
1.0,0.0,0.0,99.0,0.0,0.0
1.0,99.0,0.0,0.0,0.0,0.0
1.0,99.0,0.0,0.0,0.0,0.0
1.0,99.0,0.0,0.0,0.0,0.0
1.0,99.0,0.0,0.0,0.0,0.0
1.0,0.0,0.0,99.0,0.0,0.0
1.0,99.0,0.0,0.0,0.0,0.0
1.0,0.0,0.0,0.0,0.0,0.0
1.0,99.0,0.0,0.0,0.0,0.0
1.0,0.0,0.0,99.0,0.0,0.0
1.0,0.0,0.0,99.0,0.0,0.0
1.0,0.0,0.0,99.0,0.0,0.0
1.0,0.0,0.0,99.0,0.0,0.0
1.0,99.0,0.0,0.0,0.0,0.0
1.0,0.0,0.0,99.0,0.0,0.0
1.0,0.0,0.0,99.0,0.0,0.0
1.0,0.0,0.0,99.0,0.0,0.0
1.0,0.0,0.0,99.0,0.0,0.0
1.0,99.0,0.0,0.0,0.0,0.0
1.0,99.0,0.0,0.0,0.0,0.0
1.0,0.0,0.0,99.0,0.0,0.0
1.0,99.0,0.0,0.0,0.0,0.0
1.0,99.0,0.0,0.0,0.0,0.0
1.0,99.0,0.0,0.0,0.0,0.0
1.0,0.0,0.0,99.0,0.0,0.0
1.0,0.0,0.0,99.0,0.0,0.0
1.0,99.0,0.0,0.0,0.0,0.0
1.0,0.0,0.0,99.0,0.0,0.0
1.0,98.0,1.0,0.0,0.0,0.0
1.0,99.0,0.0,0.0,0.0,0.0
1.0,99.0,0.0,0.0,0.0,0.0
1.0,99.0,0.0,0.0,0.0,0.0
1.0,99.0,0.0,0.0,0.0,0.0
1.0,99.0,0.0,0.0,0.0,0.0
1.0,0.0,0.0,99.0,0.0,0.0
1.0,99.0,0.0,0.0,0.0,0.0
1.0,0.0,1.0,98.0,0.0,0.0
1.0,0.0,0.0,99.0,0.0,0.0
1.0,99.0,0.0,0.0,0.0,0.0
1.0,0.0,0.0,99.0,0.0,0.0
1.0,99.0,0.0,0.0,0.0,0.0
1.0,0.0,0.0,99.0,0.0,0.0
1.0,99.0,0.0,0.0,0.0,0.0
1.0,99.0,0.0,0.0,0.0,0.0
1.0,99.0,0.0,0.0,0.0,0.0
1.0,0.0,0.0,99.0,0.0,0.0
1.0,0.0,0.0,99.0,0.0,0.0
1.0,99.0,0.0,0.0,0.0,0.0
1.0,98.0,1.0,0.0,0.0,0.0
1.0,99.0,0.0,0.0,0.0,0.0
1.0,0.0,0.0,99.0,0.0,0.0
1.0,98.0,1.0,0.0,0.0,0.0
1.0,0.0,0.0,99.0,0.0,0.0
1.0,99.0,0.0,0.0,0.0,0.0
1.0,99.0,0.0,0.0,0.0,0.0
1.0,99.0,0.0,0.0,0.0,0.0
1.0,99.0,0.0,0.0,0.0,0.0
1.0,0.0,0.0,99.0,0.0,0.0
1.0,99.0,0.0,0.0,0.0,0.0
1.0,0.0,0.0,0.0,0.0,0.0
1.0,0.0,0.0,99.0,0.0,0.0
1.0,99.0,0.0,0.0,0.0,0.0
1.0,0.0,1.0,98.0,0.0,0.0
1.0,99.0,0.0,0.0,0.0,0.0
1.0,99.0,0.0,0.0,0.0,0.0
1.0,0.0,0.0,99.0,0.0,0.0
1.0,99.0,0.0,0.0,0.0,0.0
1.0,99.0,0.0,0.0,0.0,0.0
1.0,99.0,0.0,0.0,0.0,0.0
1.0,0.0,0.0,99.0,0.0,0.0
1.0,0.0,0.0,99.0,0.0,0.0
1.0,0.0,0.0,99.0,0.0,0.0
1.0,0.0,0.0,99.0,0.0,0.0
1.0,0.0,0.0,99.0,0.0,0.0
1.0,0.0,0.0,99.0,0.0,0.0
1.0,0.0,0.0,99.0,0.0,0.0
1.0,99.0,0.0,0.0,0.0,0.0
1.0,99.0,0.0,0.0,0.0,0.0
1.0,99.0,0.0,0.0,0.0,0.0
1.0,0.0,0.0,99.0,0.0,0.0
1.0,99.0,0.0,0.0,0.0,0.0
1.0,0.0,0.0,99.0,0.0,0.0
1.0,0.0,0.0,99.0,0.0,0.0
1.0,99.0,0.0,0.0,0.0,0.0
1.0,0.0,0.0,99.0,0.0,0.0
1.0,0.0,0.0,99.0,0.0,0.0
1.0,0.0,0.0,99.0,0.0,0.0
1.0,0.0,0.0,99.0,0.0,0.0
1.0,0.0,0.0,99.0,0.0,0.0
1.0,99.0,0.0,0.0,0.0,0.0
1.0,0.0,0.0,99.0,0.0,0.0
1.0,99.0,0.0,0.0,0.0,0.0
1.0,0.0,0.0,99.0,0.0,0.0
1.0,0.0,0.0,99.0,0.0,0.0
1.0,99.0,0.0,0.0,0.0,0.0
1.0,0.0,0.0,99.0,0.0,0.0
1.0,99.0,0.0,0.0,0.0,0.0
1.0,99.0,0.0,0.0,0.0,0.0
1.0,0.0,1.0,98.0,0.0,0.0
1.0,99.0,0.0,0.0,0.0,0.0
1.0,99.0,0.0,0.0,0.0,0.0
1.0,99.0,0.0,0.0,0.0,0.0
1.0,99.0,0.0,0.0,0.0,0.0
1.0,0.0,0.0,99.0,0.0,0.0
1.0,99.0,0.0,0.0,0.0,0.0
1.0,99.0,0.0,0.0,0.0,0.0
1.0,99.0,0.0,0.0,0.0,0.0
1.0,0.0,0.0,99.0,0.0,0.0
1.0,99.0,0.0,0.0,0.0,0.0
1.0,99.0,0.0,0.0,0.0,0.0
1.0,99.0,0.0,0.0,0.0,0.0
1.0,0.0,0.0,99.0,0.0,0.0
1.0,99.0,0.0,0.0,0.0,0.0
1.0,0.0,0.0,99.0,0.0,0.0
1.0,0.0,0.0,99.0,0.0,0.0
1.0,99.0,0.0,0.0,0.0,0.0
1.0,99.0,0.0,0.0,0.0,0.0
1.0,99.0,0.0,0.0,0.0,0.0
1.0,0.0,0.0,99.0,0.0,0.0
1.0,0.0,0.0,99.0,0.0,0.0
1.0,95.0,4.0,0.0,0.0,0.0
1.0,0.0,0.0,99.0,0.0,0.0
1.0,99.0,0.0,0.0,0.0,0.0
1.0,0.0,0.0,99.0,0.0,0.0
1.0,0.0,0.0,99.0,0.0,0.0
1.0,99.0,0.0,0.0,0.0,0.0
1.0,99.0,0.0,0.0,0.0,0.0
1.0,0.0,0.0,99.0,0.0,0.0
1.0,0.0,0.0,99.0,0.0,0.0
1.0,97.0,2.0,0.0,0.0,0.0
1.0,0.0,0.0,99.0,0.0,0.0
1.0,0.0,0.0,99.0,0.0,0.0
1.0,0.0,0.0,99.0,0.0,0.0
1.0,96.0,3.0,0.0,0.0,0.0
1.0,99.0,0.0,0.0,0.0,0.0
1.0,98.0,1.0,0.0,0.0,0.0
1.0,99.0,0.0,0.0,0.0,0.0
1.0,0.0,0.0,99.0,0.0,0.0
1.0,99.0,0.0,0.0,0.0,0.0
1.0,0.0,0.0,99.0,0.0,0.0
1.0,0.0,0.0,99.0,0.0,0.0
1.0,99.0,0.0,0.0,0.0,0.0
1.0,0.0,0.0,99.0,0.0,0.0
1.0,0.0,0.0,99.0,0.0,0.0
1.0,0.0,0.0,99.0,0.0,0.0
1.0,99.0,0.0,0.0,0.0,0.0
1.0,99.0,0.0,0.0,0.0,0.0
1.0,0.0,0.0,99.0,0.0,0.0
1.0,99.0,0.0,0.0,0.0,0.0
1.0,0.0,0.0,99.0,0.0,0.0
1.0,99.0,0.0,0.0,0.0,0.0
1.0,99.0,0.0,0.0,0.0,0.0
1.0,99.0,0.0,0.0,0.0,0.0
1.0,0.0,0.0,99.0,0.0,0.0
1.0,0.0,0.0,99.0,0.0,0.0
1.0,99.0,0.0,0.0,0.0,0.0
1.0,0.0,0.0,99.0,0.0,0.0
1.0,99.0,0.0,0.0,0.0,0.0
1.0,99.0,0.0,0.0,0.0,0.0
1.0,99.0,0.0,0.0,0.0,0.0
1.0,0.0,0.0,99.0,0.0,0.0
1.0,0.0,0.0,0.0,0.0,0.0
1.0,99.0,0.0,0.0,0.0,0.0
1.0,98.0,1.0,0.0,0.0,0.0
1.0,0.0,0.0,99.0,0.0,0.0
1.0,99.0,0.0,0.0,0.0,0.0
1.0,99.0,0.0,0.0,0.0,0.0
1.0,0.0,0.0,99.0,0.0,0.0
1.0,99.0,0.0,0.0,0.0,0.0
1.0,99.0,0.0,0.0,0.0,0.0
1.0,0.0,2.0,97.0,0.0,0.0
1.0,99.0,0.0,0.0,0.0,0.0
1.0,99.0,0.0,0.0,0.0,0.0
1.0,99.0,0.0,0.0,0.0,0.0
1.0,99.0,0.0,0.0,0.0,0.0
1.0,99.0,0.0,0.0,0.0,0.0
1.0,0.0,0.0,99.0,0.0,0.0
1.0,99.0,0.0,0.0,0.0,0.0
1.0,0.0,0.0,99.0,0.0,0.0
1.0,0.0,0.0,99.0,0.0,0.0
1.0,0.0,0.0,99.0,0.0,0.0
1.0,99.0,0.0,0.0,0.0,0.0
1.0,0.0,0.0,99.0,0.0,0.0
1.0,99.0,0.0,0.0,0.0,0.0
1.0,97.0,2.0,0.0,0.0,0.0
1.0,0.0,0.0,99.0,0.0,0.0
1.0,99.0,0.0,0.0,0.0,0.0
1.0,99.0,0.0,0.0,0.0,0.0
1.0,0.0,0.0,99.0,0.0,0.0
1.0,99.0,0.0,0.0,0.0,0.0
1.0,0.0,0.0,99.0,0.0,0.0
1.0,0.0,0.0,99.0,0.0,0.0
1.0,99.0,0.0,0.0,0.0,0.0
1.0,0.0,0.0,99.0,0.0,0.0
1.0,0.0,0.0,99.0,0.0,0.0
1.0,96.0,3.0,0.0,0.0,0.0
1.0,99.0,0.0,0.0,0.0,0.0
1.0,97.0,2.0,0.0,0.0,0.0
1.0,99.0,0.0,0.0,0.0,0.0
1.0,99.0,0.0,0.0,0.0,0.0
1.0,99.0,0.0,0.0,0.0,0.0
1.0,99.0,0.0,0.0,0.0,0.0
1.0,99.0,0.0,0.0,0.0,0.0
1.0,99.0,0.0,0.0,0.0,0.0
1.0,99.0,0.0,0.0,0.0,0.0
1.0,0.0,0.0,99.0,0.0,0.0
1.0,0.0,0.0,99.0,0.0,0.0
1.0,0.0,0.0,99.0,0.0,0.0
1.0,99.0,0.0,0.0,0.0,0.0
1.0,99.0,0.0,0.0,0.0,0.0
1.0,0.0,1.0,98.0,0.0,0.0
1.0,99.0,0.0,0.0,0.0,0.0
1.0,0.0,0.0,99.0,0.0,0.0
1.0,99.0,0.0,0.0,0.0,0.0
1.0,99.0,0.0,0.0,0.0,0.0
1.0,0.0,0.0,99.0,0.0,0.0
1.0,99.0,0.0,0.0,0.0,0.0
1.0,99.0,0.0,0.0,0.0,0.0
1.0,99.0,0.0,0.0,0.0,0.0
1.0,99.0,0.0,0.0,0.0,0.0
1.0,0.0,0.0,99.0,0.0,0.0
1.0,0.0,0.0,99.0,0.0,0.0
1.0,99.0,0.0,0.0,0.0,0.0
1.0,99.0,0.0,0.0,0.0,0.0
1.0,99.0,0.0,0.0,0.0,0.0
1.0,0.0,0.0,99.0,0.0,0.0
1.0,0.0,0.0,99.0,0.0,0.0
1.0,0.0,0.0,99.0,0.0,0.0
1.0,99.0,0.0,0.0,0.0,0.0
1.0,99.0,0.0,0.0,0.0,0.0
1.0,0.0,0.0,99.0,0.0,0.0
1.0,99.0,0.0,0.0,0.0,0.0
1.0,99.0,0.0,0.0,0.0,0.0
1.0,0.0,0.0,99.0,0.0,0.0
1.0,99.0,0.0,0.0,0.0,0.0
1.0,99.0,0.0,0.0,0.0,0.0
1.0,0.0,0.0,0.0,0.0,0.0
1.0,99.0,0.0,0.0,0.0,0.0
1.0,0.0,0.0,99.0,0.0,0.0
1.0,0.0,0.0,99.0,0.0,0.0
1.0,99.0,0.0,0.0,0.0,0.0
1.0,99.0,0.0,0.0,0.0,0.0
1.0,99.0,0.0,0.0,0.0,0.0
1.0,99.0,0.0,0.0,0.0,0.0
1.0,99.0,0.0,0.0,0.0,0.0
1.0,99.0,0.0,0.0,0.0,0.0
1.0,0.0,0.0,99.0,0.0,0.0
1.0,98.0,1.0,0.0,0.0,0.0
1.0,99.0,0.0,0.0,0.0,0.0
1.0,0.0,1.0,98.0,0.0,0.0
1.0,0.0,0.0,99.0,0.0,0.0
1.0,0.0,0.0,99.0,0.0,0.0
1.0,0.0,0.0,99.0,0.0,0.0
1.0,99.0,0.0,0.0,0.0,0.0
1.0,0.0,0.0,99.0,0.0,0.0
1.0,0.0,2.0,97.0,0.0,0.0
1.0,99.0,0.0,0.0,0.0,0.0
1.0,99.0,0.0,0.0,0.0,0.0
1.0,99.0,0.0,0.0,0.0,0.0
1.0,0.0,0.0,99.0,0.0,0.0
1.0,0.0,0.0,99.0,0.0,0.0
1.0,99.0,0.0,0.0,0.0,0.0
1.0,99.0,0.0,0.0,0.0,0.0
1.0,99.0,0.0,0.0,0.0,0.0
1.0,97.0,2.0,0.0,0.0,0.0
1.0,99.0,0.0,0.0,0.0,0.0
1.0,99.0,0.0,0.0,0.0,0.0
1.0,0.0,1.0,98.0,0.0,0.0
1.0,98.0,1.0,0.0,0.0,0.0
1.0,0.0,0.0,99.0,0.0,0.0
1.0,0.0,1.0,98.0,0.0,0.0
1.0,0.0,0.0,99.0,0.0,0.0
1.0,99.0,0.0,0.0,0.0,0.0
1.0,0.0,0.0,99.0,0.0,0.0
1.0,0.0,0.0,99.0,0.0,0.0
1.0,99.0,0.0,0.0,0.0,0.0
1.0,99.0,0.0,0.0,0.0,0.0
1.0,99.0,0.0,0.0,0.0,0.0
1.0,95.0,4.0,0.0,0.0,0.0
1.0,0.0,2.0,97.0,0.0,0.0
1.0,0.0,0.0,99.0,0.0,0.0
1.0,99.0,0.0,0.0,0.0,0.0
1.0,99.0,0.0,0.0,0.0,0.0
1.0,0.0,1.0,98.0,0.0,0.0
1.0,0.0,0.0,99.0,0.0,0.0
1.0,99.0,0.0,0.0,0.0,0.0
1.0,0.0,0.0,99.0,0.0,0.0
1.0,0.0,0.0,99.0,0.0,0.0
1.0,0.0,0.0,99.0,0.0,0.0
1.0,99.0,0.0,0.0,0.0,0.0
1.0,99.0,0.0,0.0,0.0,0.0
1.0,0.0,0.0,99.0,0.0,0.0
1.0,99.0,0.0,0.0,0.0,0.0
1.0,99.0,0.0,0.0,0.0,0.0
1.0,99.0,0.0,0.0,0.0,0.0
1.0,0.0,0.0,99.0,0.0,0.0
1.0,0.0,0.0,99.0,0.0,0.0
1.0,99.0,0.0,0.0,0.0,0.0
1.0,0.0,0.0,99.0,0.0,0.0
1.0,0.0,0.0,99.0,0.0,0.0
1.0,99.0,0.0,0.0,0.0,0.0
1.0,0.0,0.0,99.0,0.0,0.0
1.0,98.0,1.0,0.0,0.0,0.0
1.0,99.0,0.0,0.0,0.0,0.0
1.0,99.0,0.0,0.0,0.0,0.0
1.0,0.0,2.0,97.0,0.0,0.0
1.0,0.0,0.0,99.0,0.0,0.0
1.0,99.0,0.0,0.0,0.0,0.0
1.0,99.0,0.0,0.0,0.0,0.0
1.0,99.0,0.0,0.0,0.0,0.0
1.0,98.0,1.0,0.0,0.0,0.0
1.0,0.0,0.0,99.0,0.0,0.0
1.0,99.0,0.0,0.0,0.0,0.0
1.0,0.0,0.0,99.0,0.0,0.0
1.0,0.0,0.0,99.0,0.0,0.0
1.0,0.0,0.0,99.0,0.0,0.0
1.0,0.0,0.0,99.0,0.0,0.0
1.0,0.0,0.0,99.0,0.0,0.0
1.0,99.0,0.0,0.0,0.0,0.0
1.0,99.0,0.0,0.0,0.0,0.0
1.0,0.0,0.0,99.0,0.0,0.0
1.0,99.0,0.0,0.0,0.0,0.0
1.0,0.0,0.0,99.0,0.0,0.0
1.0,99.0,0.0,0.0,0.0,0.0
1.0,0.0,0.0,99.0,0.0,0.0
1.0,0.0,1.0,98.0,0.0,0.0
1.0,0.0,0.0,99.0,0.0,0.0
1.0,99.0,0.0,0.0,0.0,0.0
1.0,0.0,0.0,99.0,0.0,0.0
1.0,99.0,0.0,0.0,0.0,0.0
1.0,99.0,0.0,0.0,0.0,0.0
1.0,0.0,1.0,98.0,0.0,0.0
1.0,99.0,0.0,0.0,0.0,0.0
1.0,99.0,0.0,0.0,0.0,0.0
1.0,0.0,0.0,0.0,0.0,0.0
1.0,99.0,0.0,0.0,0.0,0.0
1.0,99.0,0.0,0.0,0.0,0.0
1.0,99.0,0.0,0.0,0.0,0.0
1.0,0.0,0.0,99.0,0.0,0.0
1.0,0.0,0.0,99.0,0.0,0.0
1.0,99.0,0.0,0.0,0.0,0.0
1.0,99.0,0.0,0.0,0.0,0.0
1.0,0.0,0.0,99.0,0.0,0.0
1.0,99.0,0.0,0.0,0.0,0.0
1.0,99.0,0.0,0.0,0.0,0.0
1.0,0.0,0.0,99.0,0.0,0.0
1.0,0.0,0.0,99.0,0.0,0.0
1.0,0.0,0.0,0.0,0.0,0.0
1.0,0.0,0.0,99.0,0.0,0.0
1.0,0.0,0.0,99.0,0.0,0.0
1.0,99.0,0.0,0.0,0.0,0.0
1.0,0.0,0.0,99.0,0.0,0.0
1.0,99.0,0.0,0.0,0.0,0.0
1.0,99.0,0.0,0.0,0.0,0.0
1.0,99.0,0.0,0.0,0.0,0.0
1.0,99.0,0.0,0.0,0.0,0.0
1.0,99.0,0.0,0.0,0.0,0.0
1.0,0.0,0.0,99.0,0.0,0.0
1.0,97.0,2.0,0.0,0.0,0.0
1.0,99.0,0.0,0.0,0.0,0.0
1.0,0.0,0.0,99.0,0.0,0.0
1.0,99.0,0.0,0.0,0.0,0.0
1.0,99.0,0.0,0.0,0.0,0.0
1.0,98.0,1.0,0.0,0.0,0.0
1.0,0.0,1.0,98.0,0.0,0.0
1.0,0.0,0.0,99.0,0.0,0.0
1.0,99.0,0.0,0.0,0.0,0.0
1.0,0.0,0.0,99.0,0.0,0.0
1.0,99.0,0.0,0.0,0.0,0.0
1.0,0.0,0.0,99.0,0.0,0.0
1.0,0.0,0.0,99.0,0.0,0.0
