"total_rewards","action_rewards","opinion_rewards","sp0_social_trust","sp1_social_trust","sp2_social_trust","sp0_request_rate","sp1_request_rate","sp2_request_rate","op0_expression_rate","op1_expression_rate","op2_expression_rate","op3_expression_rate","op4_expression_rate","op5_expression_rate","mean_loss1","mean_loss2","sp0_availability","sp1_availability","sp2_availability"
33325,33199,126,0.733124341070613,0.73224928835503,0.736060013704436,33.2254545454545,33.6581818181818,33.1163636363636,16.8181818181818,16.4963636363636,16.7563636363636,16.9563636363636,16.36,16.6127272727273,1.8597326408733,-1.71201171658256,0.882727272727273,0.880472727272727,0.886127272727273
33698,33154,544,0.73298925911803,0.732384124022356,0.735823341810715,33.1618181818182,33.7345454545455,33.1036363636364,16.7018181818182,16.5890909090909,16.6272727272727,17.1581818181818,16.1545454545455,16.7690909090909,1.78590458089655,-1.64639483636076,0.882727272727273,0.880472727272727,0.886127272727273
33988,33127,861,0.732959812845664,0.732294555500853,0.735468171898524,33.1818181818182,33.7472727272727,33.0709090909091,16.5854545454545,16.7072727272727,16.5363636363636,17.2836363636364,16.0054545454545,16.8818181818182,1.71301976875825,-1.63341251720082,0.882727272727273,0.880472727272727,0.886127272727273
34416,33142,1274,0.73283863274764,0.732310656469881,0.735303165055869,33.1890909090909,33.7581818181818,33.0527272727273,16.4381818181818,16.8654545454545,16.3563636363636,17.4745454545455,15.8709090909091,16.9945454545455,1.64331660812551,-1.57327098900622,0.882727272727273,0.880472727272727,0.886127272727273
34860,33158,1702,0.73262563508039,0.732370891496419,0.735080378942597,33.1818181818182,33.7745454545455,33.0436363636364,16.2927272727273,17.0090909090909,16.2054545454545,17.6490909090909,15.6818181818182,17.1618181818182,1.57369104840539,-1.50835417942567,0.882727272727273,0.880472727272727,0.886127272727273
35305,33240,2065,0.732524938234754,0.732535650332848,0.735127033860933,33.1636363636364,33.8054545454545,33.0309090909091,16.1618181818182,17.1327272727273,16.0890909090909,17.7709090909091,15.5545454545455,17.2909090909091,1.50944948413155,-1.47527888308872,0.882727272727273,0.880472727272727,0.886127272727273
35811,33259,2552,0.732387824911202,0.7325015843396,0.734955719280011,33.16,33.8109090909091,33.0290909090909,16.02,17.2272727272727,15.9327272727273,17.9763636363636,15.4145454545455,17.4290909090909,1.43917097395117,-1.37528150515123,0.882727272727273,0.880472727272727,0.886127272727273
36340,33328,3012,0.732313853561255,0.73247908767139,0.734748526135447,33.1727272727273,33.7963636363636,33.0309090909091,15.8690909090909,17.3690909090909,15.7472727272727,18.2018181818182,15.2454545454545,17.5672727272727,1.37273456616835,-1.29684688882394,0.882727272727273,0.880472727272727,0.886127272727273
36783,33377,3406,0.732217295802609,0.732578527666575,0.734630961527777,33.16,33.8018181818182,33.0381818181818,15.7581818181818,17.4127272727273,15.6145454545455,18.4436363636364,15.0545454545455,17.7163636363636,1.30403682535345,-1.25252982215448,0.882727272727273,0.880472727272727,0.886127272727273
37296,33442,3854,0.731973985705122,0.73256279179071,0.734599325542015,33.1563636363636,33.8127272727273,33.0309090909091,15.5890909090909,17.5490909090909,15.4490909090909,18.6709090909091,14.8690909090909,17.8727272727273,1.2358431241729,-1.1844578016888,0.882727272727273,0.880472727272727,0.886127272727273
37761,33541,4220,0.732093140568069,0.732829698687238,0.734460023463164,33.1509090909091,33.8654545454545,32.9836363636364,15.4109090909091,17.6836363636364,15.3109090909091,18.8327272727273,14.7381818181818,18.0236363636364,1.16903696818785,-1.15615633780306,0.882727272727273,0.880472727272727,0.886127272727273
38413,33624,4789,0.732044270963851,0.733039271293482,0.734168286842805,33.1581818181818,33.8672727272727,32.9745454545455,15.2236363636364,17.8563636363636,15.12,19.0581818181818,14.5181818181818,18.2236363636364,1.09986948154189,-1.02614594210278,0.882727272727273,0.880472727272727,0.886127272727273
39024,33706,5318,0.731939181761438,0.733035861519858,0.734054488783743,33.1854545454545,33.8690909090909,32.9454545454545,15.0654545454545,17.9545454545455,14.9527272727273,19.3418181818182,14.2836363636364,18.4018181818182,1.02947853803635,-0.923280583186583,0.882727272727273,0.880472727272727,0.886127272727273
39623,33763,5860,0.731801994104466,0.732896476515136,0.733894582031163,33.1672727272727,33.9109090909091,32.9218181818182,14.8563636363636,18.0727272727273,14.8309090909091,19.5872727272727,14.0563636363636,18.5963636363636,0.956195091117512,-0.814825714176351,0.882727272727273,0.880472727272727,0.886127272727273
40180,33836,6344,0.731395448706737,0.7329764439717,0.73361247974346,33.1345454545455,33.9709090909091,32.8945454545455,14.7109090909091,18.14,14.6672727272727,19.8454545454545,13.8545454545455,18.7818181818182,0.882968201962384,-0.738653099536896,0.882727272727273,0.880472727272727,0.886127272727273
40802,33868,6934,0.7312555047683,0.73274250518372,0.733278086127832,33.1236363636364,34.0345454545455,32.8418181818182,14.4836363636364,18.32,14.4981818181818,20.0909090909091,13.6090909090909,18.9981818181818,0.804905183748765,-0.616344386339188,0.882727272727273,0.880472727272727,0.886127272727273
41358,33886,7472,0.731162633472811,0.732510873654345,0.732720160304965,33.1581818181818,34.0618181818182,32.78,14.3072727272727,18.48,14.26,20.3272727272727,13.4145454545455,19.2109090909091,0.725180837782947,-0.524872532215985,0.882727272727273,0.880472727272727,0.886127272727273
42058,33975,8083,0.731062379062257,0.7324056308765,0.732309332655714,33.1509090909091,34.0818181818182,32.7672727272727,14.0836363636364,18.6545454545455,14.0472727272727,20.5981818181818,13.1563636363636,19.46,0.64943521456285,-0.400159563801505,0.882727272727273,0.880472727272727,0.886127272727273
42740,34054,8686,0.730936911706707,0.732361554150063,0.731939160181554,33.1618181818182,34.1327272727273,32.7054545454545,13.8636363636364,18.8490909090909,13.8036363636364,20.86,12.9672727272727,19.6563636363636,0.572800477526405,-0.27519573894414,0.882727272727273,0.880472727272727,0.886127272727273
43508,34152,9356,0.730860203975442,0.732210250047743,0.731811176944586,33.1672727272727,34.1672727272727,32.6654545454545,13.6490909090909,19.0290909090909,13.5527272727273,21.1581818181818,12.7218181818182,19.8890909090909,0.496821400794116,-0.120604062080383,0.882727272727273,0.880472727272727,0.886127272727273
44334,34224,10110,0.730694837947323,0.7320314994496,0.731956184446643,33.1745454545455,34.1818181818182,32.6436363636364,13.4436363636364,19.16,13.2909090909091,21.5327272727273,12.4036363636364,20.1690909090909,0.417897287823937,0.069694633917375,0.882727272727273,0.880472727272727,0.886127272727273
44996,34301,10695,0.730536089088341,0.731696741395033,0.731460529302442,33.2036363636364,34.2054545454545,32.5909090909091,13.22,19.3236363636364,13.0490909090909,21.8109090909091,12.1927272727273,20.4036363636364,0.338251771710136,0.177317863702774,0.882727272727273,0.880472727272727,0.886127272727273
45620,34349,11271,0.730254377381504,0.731620629423665,0.730980946540083,33.2181818181818,34.2309090909091,32.5509090909091,13.0090909090909,19.46,12.8436363636364,22.0763636363636,11.9654545454545,20.6454545454545,0.255959108742801,0.275448355891488,0.882727272727273,0.880472727272727,0.886127272727273
46243,34409,11834,0.730003715804473,0.731356895433766,0.730427591342527,33.26,34.2127272727273,32.5272727272727,12.8218181818182,19.6109090909091,12.6090909090909,22.3472727272727,11.7509090909091,20.86,0.174045017632571,0.368773957816037,0.882727272727273,0.880472727272727,0.886127272727273
46932,34506,12426,0.730033956394486,0.731118995066113,0.730157213500087,33.3145454545455,34.1781818181818,32.5072727272727,12.62,19.7345454545455,12.38,22.64,11.5163636363636,21.1090909090909,0.0953710807995363,0.479643013260581,0.882727272727273,0.880472727272727,0.886127272727273
47710,34617,13093,0.729948783639819,0.730689343352661,0.729926808032893,33.36,34.1363636363636,32.5036363636364,12.4072727272727,19.8872727272727,12.1309090909091,22.9436363636364,11.28,21.3509090909091,0.0171096687967127,0.620337796753103,0.882727272727273,0.880472727272727,0.886127272727273
48465,34709,13756,0.729869811689217,0.730378644083135,0.729395442723706,33.3890909090909,34.1454545454545,32.4654545454545,12.1763636363636,20.0509090909091,11.8781818181818,23.2672727272727,11.0236363636364,21.6036363636364,-0.0622548718344082,0.764928318695589,0.882727272727273,0.880472727272727,0.886127272727273
49135,34761,14374,0.729488585652583,0.729847867217781,0.729030355396057,33.42,34.1909090909091,32.3890909090909,11.9509090909091,20.2254545454545,11.6218181818182,23.5527272727273,10.82,21.8290909090909,-0.144805983792652,0.887394359978763,0.882727272727273,0.880472727272727,0.886127272727273
49838,34840,14998,0.729401945693101,0.729423783760477,0.728611170038904,33.4872727272727,34.1163636363636,32.3963636363636,11.7163636363636,20.4036363636364,11.4072727272727,23.8345454545455,10.5509090909091,22.0872727272727,-0.225549744205041,1.0144023494287,0.882727272727273,0.880472727272727,0.886127272727273
50590,34908,15682,0.729107607341944,0.728908928175471,0.728262754050685,33.5636363636364,34.0654545454545,32.3709090909091,11.4436363636364,20.6363636363636,11.1436363636364,24.1236363636364,10.2927272727273,22.36,-0.30668944012035,1.17234093492681,0.882727272727273,0.880472727272727,0.886127272727273
51341,34999,16342,0.728979062187353,0.728962633316135,0.727869828973822,33.6127272727273,34.0472727272727,32.34,11.1981818181818,20.8163636363636,10.8872727272727,24.4527272727273,10.0618181818182,22.5836363636364,-0.384814518148249,1.32390611171722,0.882727272727273,0.880472727272727,0.886127272727273
52182,35101,17081,0.728849138887411,0.72901959726604,0.727531868201986,33.6381818181818,34.0909090909091,32.2709090909091,10.9345454545455,21.0054545454545,10.6218181818182,24.8,9.83818181818182,22.8,-0.461495571786707,1.51672617197037,0.882727272727273,0.880472727272727,0.886127272727273
52992,35214,17778,0.72868117589896,0.728506098268864,0.727243707966238,33.6945454545455,34.0327272727273,32.2727272727273,10.6818181818182,21.1981818181818,10.3872727272727,25.1036363636364,9.59636363636364,23.0327272727273,-0.536712603948333,1.68848480202935,0.882727272727273,0.880472727272727,0.886127272727273
53695,35290,18405,0.72856478279285,0.728094157791083,0.72703541498493,33.7727272727273,33.9854545454545,32.2418181818182,10.4581818181818,21.3745454545455,10.1436363636364,25.4345454545455,9.37818181818182,23.2109090909091,-0.613404643264684,1.82753631201657,0.882727272727273,0.880472727272727,0.886127272727273
54418,35381,19037,0.72846872625884,0.727535239436177,0.726977240440588,33.8236363636364,33.94,32.2363636363636,10.2090909090909,21.5872727272727,9.90727272727273,25.7254545454545,9.16909090909091,23.4018181818182,-0.687123859199611,1.97028850533746,0.882727272727273,0.880472727272727,0.886127272727273
55131,35460,19671,0.728275066878018,0.727169898721938,0.726544927074986,33.8509090909091,33.9163636363636,32.2327272727273,10.0036363636364,21.72,9.68727272727273,26.0472727272727,8.93454545454545,23.6072727272727,-0.761177754673091,2.12495432767001,0.882727272727273,0.880472727272727,0.886127272727273
55946,35526,20420,0.728093107930283,0.726508378798356,0.726392345797331,33.9054545454545,33.8945454545455,32.2,9.78,21.9490909090909,9.39818181818182,26.3909090909091,8.63272727272727,23.8490909090909,-0.834001682834192,2.32481117248535,0.882727272727273,0.880472727272727,0.886127272727273
56684,35581,21103,0.727833050338464,0.725863794667978,0.726043589471249,33.9581818181818,33.8963636363636,32.1454545454545,9.55454545454546,22.1654545454545,9.06363636363636,26.7636363636364,8.39636363636364,24.0563636363636,-0.906436288627711,2.49409951350906,0.882727272727273,0.880472727272727,0.886127272727273
57464,35681,21783,0.727640697434229,0.725315499032133,0.725813991650276,34.0163636363636,33.8381818181818,32.1454545454545,9.34363636363636,22.3509090909091,8.80545454545454,27.0890909090909,8.16545454545455,24.2454545454545,-0.973456897789782,2.6712359753522,0.882727272727273,0.880472727272727,0.886127272727273
58199,35793,22406,0.727635967732764,0.724547688323074,0.72530524275683,34.1090909090909,33.7872727272727,32.1036363636364,9.13090909090909,22.56,8.55818181818182,27.3581818181818,7.96181818181818,24.4309090909091,-1.03700909966772,2.83053537932309,0.882727272727273,0.880472727272727,0.886127272727273
58978,35917,23061,0.727628122622326,0.723803004599944,0.725218841701336,34.1727272727273,33.7345454545455,32.0927272727273,8.92,22.7745454545455,8.31454545454545,27.6436363636364,7.76545454545455,24.5818181818182,-1.09867921661247,3.00024989843369,0.882727272727273,0.880472727272727,0.886127272727273
59669,36014,23655,0.727546809678671,0.72356821000494,0.724763965892918,34.24,33.7,32.06,8.71090909090909,22.98,8.08545454545455,27.9145454545455,7.57454545454545,24.7345454545455,-1.1598637109453,3.14704502766783,0.882727272727273,0.880472727272727,0.886127272727273
60335,36139,24196,0.727435428599218,0.723318907395356,0.724473682520474,34.2690909090909,33.6945454545455,32.0363636363636,8.49272727272727,23.1836363636364,7.86545454545455,28.1727272727273,7.44363636363636,24.8418181818182,-1.21813880747015,3.27855743765831,0.882727272727273,0.880472727272727,0.886127272727273
60968,36282,24686,0.72727987048284,0.722782466705069,0.724072899890039,34.3454545454545,33.64,32.0145454545455,8.30727272727273,23.3509090909091,7.67454545454545,28.38,7.24727272727273,25.04,-1.27226703925566,3.38866957209327,0.882727272727273,0.880472727272727,0.886127272727273
61517,36376,25141,0.726821510614691,0.722667184045981,0.723760144463395,34.3581818181818,33.6581818181818,31.9836363636364,8.13272727272727,23.5145454545455,7.44545454545455,28.6618181818182,7.04,25.2054545454545,-1.32802359407598,3.47829325090755,0.882727272727273,0.880472727272727,0.886127272727273
62253,36503,25750,0.726600013802673,0.722593074652276,0.723380012400209,34.4290909090909,33.6345454545455,31.9363636363636,7.98545454545455,23.6727272727273,7.22727272727273,28.9072727272727,6.82,25.3872727272727,-1.37848265008493,3.63076866594228,0.882727272727273,0.880472727272727,0.886127272727273
62899,36605,26294,0.72620309396125,0.722009962374541,0.723171724009731,34.4381818181818,33.6090909090909,31.9527272727273,7.8,23.8636363636364,7.03818181818182,29.1509090909091,6.60727272727273,25.54,-1.42933960692449,3.77088036428798,0.882727272727273,0.880472727272727,0.886127272727273
63601,36747,26854,0.725994239760034,0.721972945806783,0.72268373620769,34.48,33.5872727272727,31.9327272727273,7.62727272727273,24.0636363636364,6.82727272727273,29.3854545454545,6.43454545454545,25.6618181818182,-1.47527641599829,3.92177019227635,0.882727272727273,0.880472727272727,0.886127272727273
64122,36875,27247,0.725712863654297,0.722091010686078,0.722072593028233,34.5163636363636,33.5927272727273,31.8909090909091,7.5,24.16,6.66545454545455,29.6345454545455,6.24727272727273,25.7927272727273,-1.51989032273943,3.98861722946167,0.882727272727273,0.880472727272727,0.886127272727273
64613,36974,27639,0.725441503624238,0.72195620301898,0.72176266007959,34.5381818181818,33.5854545454545,31.8763636363636,7.34545454545455,24.2781818181818,6.56909090909091,29.8,6.07818181818182,25.9290909090909,-1.5647795685313,4.07368176091801,0.882727272727273,0.880472727272727,0.886127272727273
65115,37115,28000,0.72537246516979,0.721387830256453,0.721433239335314,34.5727272727273,33.5490909090909,31.8781818181818,7.18545454545455,24.4309090909091,6.42727272727273,29.9709090909091,5.93272727272727,26.0527272727273,-1.60371625369245,4.1353473760865,0.882727272727273,0.880472727272727,0.886127272727273
65556,37219,28337,0.724769047918704,0.720833696831607,0.72128870108223,34.5854545454545,33.5109090909091,31.9036363636364,7.05818181818182,24.5418181818182,6.25090909090909,30.1909090909091,5.8,26.1581818181818,-1.64436738816175,4.20023817311634,0.882727272727273,0.880472727272727,0.886127272727273
66113,37360,28753,0.724277677784953,0.720899887748841,0.720885003198876,34.5872727272727,33.52,31.8927272727273,6.91454545454545,24.6763636363636,6.10909090909091,30.36,5.65818181818182,26.2818181818182,-1.6790597660975,4.29613735459068,0.882727272727273,0.880472727272727,0.886127272727273
66586,37475,29111,0.724050329619569,0.720588182863979,0.720660567701726,34.62,33.5018181818182,31.8781818181818,6.80181818181818,24.7727272727273,6.03090909090909,30.4709090909091,5.52181818181818,26.4018181818182,-1.71418483474038,4.37672476768494,0.882727272727273,0.880472727272727,0.886127272727273
67135,37599,29536,0.723799257800456,0.719731132894858,0.720565001469237,34.6636363636364,33.4581818181818,31.8781818181818,6.68363636363636,24.8854545454545,5.89454545454546,30.6181818181818,5.36727272727273,26.5509090909091,-1.74770892966877,4.48122450438413,0.882727272727273,0.880472727272727,0.886127272727273
67678,37757,29921,0.723354448684974,0.719394907247957,0.720107304479585,34.6745454545455,33.4527272727273,31.8727272727273,6.57454545454545,24.9890909090909,5.77272727272727,30.7781818181818,5.19454545454545,26.6909090909091,-1.77502875626087,4.5610525987365,0.882727272727273,0.880472727272727,0.886127272727273
68159,37906,30253,0.723208360541855,0.718864946155345,0.71972328650429,34.6963636363636,33.4127272727273,31.8909090909091,6.45454545454545,25.1163636363636,5.60727272727273,30.9272727272727,5.07636363636364,26.8181818181818,-1.80454227490859,4.62279033010656,0.882727272727273,0.880472727272727,0.886127272727273
68618,38080,30538,0.722775015162194,0.718335624844477,0.719416491417058,34.7036363636364,33.3818181818182,31.9145454545455,6.30909090909091,25.2309090909091,5.53090909090909,31.0690909090909,4.95636363636364,26.9036363636364,-1.82960683649236,4.67705021338029,0.882727272727273,0.880472727272727,0.886127272727273
68857,38162,30695,0.722488486718059,0.717926155596487,0.718969826631659,34.7054545454545,33.3454545454545,31.9490909090909,6.19090909090909,25.3054545454545,5.45272727272727,31.1872727272727,4.88181818181818,26.9818181818182,-1.85959562767636,4.68474169969559,0.882727272727273,0.880472727272727,0.886127272727273
69315,38309,31006,0.721993935699457,0.717697718044215,0.718611080969254,34.7272727272727,33.3272727272727,31.9454545454545,6.07818181818182,25.3745454545455,5.34909090909091,31.3236363636364,4.78181818181818,27.0927272727273,-1.88150698217479,4.74321340430867,0.882727272727273,0.880472727272727,0.886127272727273
69828,38481,31347,0.721649442879558,0.717040147740382,0.718110718887557,34.7381818181818,33.3,31.9618181818182,5.98181818181818,25.48,5.18727272727273,31.4672727272727,4.68909090909091,27.1945454545455,-1.89993532841856,4.81031340577386,0.882727272727273,0.880472727272727,0.886127272727273
70359,38664,31695,0.721209912629442,0.716841195262234,0.717808049165849,34.7472727272727,33.3327272727273,31.92,5.88,25.5709090909091,5.07272727272727,31.5781818181818,4.57090909090909,27.3272727272727,-1.91874047842893,4.88867306329987,0.882727272727273,0.880472727272727,0.886127272727273
70832,38863,31969,0.721020592031215,0.716502442484607,0.717634694943125,34.7763636363636,33.3,31.9236363636364,5.75818181818182,25.6381818181818,5.04363636363636,31.6418181818182,4.42545454545455,27.4927272727273,-1.93296972323548,4.93380450931462,0.882727272727273,0.880472727272727,0.886127272727273
71145,39027,32118,0.720308741370515,0.715996653548587,0.717391569957023,34.8072727272727,33.2872727272727,31.9054545454545,5.67636363636364,25.6672727272727,5.02181818181818,31.68,4.37636363636364,27.5781818181818,-1.94912325143814,4.94089668555693,0.882727272727273,0.880472727272727,0.886127272727273
71585,39275,32310,0.719706631457895,0.7149991765721,0.716987802738577,34.8490909090909,33.2309090909091,31.92,5.58909090909091,25.6890909090909,4.97272727272727,31.7563636363636,4.28909090909091,27.7036363636364,-1.95658067844131,4.95844458233226,0.882727272727273,0.880472727272727,0.886127272727273
72050,39498,32552,0.718827674587702,0.714515403066479,0.716713317392387,34.8381818181818,33.2490909090909,31.9127272727273,5.51272727272727,25.7563636363636,4.84909090909091,31.8490909090909,4.20181818181818,27.8309090909091,-1.96421128132127,4.99648587486961,0.882727272727273,0.880472727272727,0.886127272727273
72608,39715,32893,0.718002616283752,0.713980856213192,0.716580209834351,34.8618181818182,33.2472727272727,31.8909090909091,5.41090909090909,25.8781818181818,4.74181818181818,31.9,4.07272727272727,27.9963636363636,-1.97127506678755,5.06557054519653,0.882727272727273,0.880472727272727,0.886127272727273
73053,39920,33133,0.717495842661887,0.713589499261343,0.716249196552272,34.88,33.2418181818182,31.8781818181818,5.33272727272727,25.9890909090909,4.62909090909091,31.92,4.02181818181818,28.1072727272727,-1.9783980299126,5.10290852676738,0.882727272727273,0.880472727272727,0.886127272727273
73529,40205,33324,0.717008798372219,0.713199255472712,0.715538272489856,34.9618181818182,33.1890909090909,31.8490909090909,5.27090909090909,26.0563636363636,4.54909090909091,31.9454545454545,3.97454545454546,28.2036363636364,-1.97587174502286,5.12393770813942,0.882727272727273,0.880472727272727,0.886127272727273
73915,40350,33565,0.716474293746322,0.712395644347678,0.714633326218514,34.9872727272727,33.2309090909091,31.7818181818182,5.18181818181818,26.1945454545455,4.43090909090909,31.9254545454545,3.87090909090909,28.3963636363636,-1.98533133783124,5.15321787053889,0.882727272727273,0.880472727272727,0.886127272727273
74491,40588,33903,0.71621111644065,0.711278644184984,0.714070466024165,35.0290909090909,33.2527272727273,31.7181818181818,5.09272727272727,26.3418181818182,4.27636363636364,31.9654545454545,3.76909090909091,28.5545454545455,-1.98679418997331,5.22373774051666,0.882727272727273,0.880472727272727,0.886127272727273
74883,40768,34115,0.71554244251738,0.711036465050677,0.713024374321516,34.98,33.3563636363636,31.6636363636364,5.03090909090909,26.4709090909091,4.12,32.0054545454545,3.70545454545455,28.6672727272727,-1.99410140324723,5.24701502539895,0.882727272727273,0.880472727272727,0.886127272727273
75402,41051,34351,0.715172968933683,0.710205254501545,0.712446391737359,34.9854545454545,33.3381818181818,31.6763636363636,4.96181818181818,26.5672727272727,4.03090909090909,31.9927272727273,3.63272727272727,28.8145454545455,-1.98744380772114,5.28363881002773,0.882727272727273,0.880472727272727,0.886127272727273
75854,41266,34588,0.714569108281426,0.709236019948917,0.711669122217372,34.9927272727273,33.3309090909091,31.6763636363636,4.89272727272727,26.6890909090909,3.90181818181818,32.0272727272727,3.53090909090909,28.9581818181818,-1.98765255646272,5.32355892008001,0.882727272727273,0.880472727272727,0.886127272727273
76266,41483,34783,0.714181217607905,0.708646238001779,0.711212732398837,35.0490909090909,33.3018181818182,31.6490909090909,4.83454545454545,26.7727272727273,3.79454545454545,32.0418181818182,3.46,29.0963636363636,-1.98921876143325,5.34115288257599,0.882727272727273,0.880472727272727,0.886127272727273
76655,41696,34959,0.713357510552741,0.70797706488428,0.710427999931888,35.0672727272727,33.2945454545455,31.6381818181818,4.77090909090909,26.8381818181818,3.76727272727273,32.0054545454545,3.40727272727273,29.2109090909091,-1.98899694518609,5.36328650929711,0.882727272727273,0.880472727272727,0.886127272727273
76940,41910,35030,0.71257361677386,0.706892696708281,0.709881004226884,35.1145454545455,33.2563636363636,31.6290909090909,4.71090909090909,26.9163636363636,3.74363636363636,31.9527272727273,3.32,29.3563636363636,-1.9862834751606,5.34056407971816,0.882727272727273,0.880472727272727,0.886127272727273
77300,42118,35182,0.711857069669986,0.705489411561891,0.709467832552956,35.1563636363636,33.1672727272727,31.6763636363636,4.64545454545455,27.0236363636364,3.67454545454545,31.9090909090909,3.23454545454545,29.5127272727273,-1.98558205122297,5.33946030573411,0.882727272727273,0.880472727272727,0.886127272727273
77692,42412,35280,0.711166863385257,0.704070604761461,0.708706512959328,35.2036363636364,33.1236363636364,31.6727272727273,4.58363636363636,27.1218181818182,3.59272727272727,31.9072727272727,3.14181818181818,29.6527272727273,-1.97619973394004,5.31316763270985,0.882727272727273,0.880472727272727,0.886127272727273
78066,42649,35417,0.710389873533366,0.703414161815712,0.707597719542384,35.2363636363636,33.12,31.6436363636364,4.52545454545455,27.2109090909091,3.51636363636364,31.8836363636364,3.06363636363636,29.8,-1.97054806351662,5.30615822239356,0.882727272727273,0.880472727272727,0.886127272727273
78472,42927,35545,0.70963150307508,0.702725381950585,0.706564473637405,35.3218181818182,33.0672727272727,31.6109090909091,4.45454545454545,27.3290909090909,3.44,31.8127272727273,3.03818181818182,29.9254545454545,-1.95993832322684,5.30491238832474,0.882727272727273,0.880472727272727,0.886127272727273
78881,43223,35658,0.708818591362474,0.70115233222568,0.705760217310464,35.3781818181818,33.0290909090909,31.5927272727273,4.39090909090909,27.4145454545455,3.40363636363636,31.7454545454545,3.00909090909091,30.0363636363636,-1.94881767820228,5.28968485593796,0.882727272727273,0.880472727272727,0.886127272727273
79324,43499,35825,0.708246354350552,0.700169630410094,0.704599034158058,35.4454545454545,32.9727272727273,31.5818181818182,4.31454545454546,27.5509090909091,3.35090909090909,31.6290909090909,2.98545454545455,30.1690909090909,-1.93803152441978,5.30439892357046,0.882727272727273,0.880472727272727,0.886127272727273
79765,43808,35957,0.707244640101747,0.6992622090028,0.703356207194579,35.5036363636364,32.9654545454545,31.5309090909091,4.24909090909091,27.6327272727273,3.27636363636364,31.6090909090909,2.89818181818182,30.3345454545455,-1.92564924142577,5.2952312187715,0.882727272727273,0.880472727272727,0.886127272727273
80163,44088,36075,0.706468729623887,0.698487311951764,0.702228228887702,35.5327272727273,32.96,31.5072727272727,4.19090909090909,27.7181818181818,3.16909090909091,31.58,2.89272727272727,30.4490909090909,-1.91607077582316,5.28595321340994,0.882727272727273,0.880472727272727,0.886127272727273
80784,44438,36346,0.705885298560024,0.698122872742482,0.701260633025331,35.5690909090909,32.94,31.4909090909091,4.14909090909091,27.7290909090909,3.13454545454545,31.5818181818182,2.81454545454545,30.5909090909091,-1.90042733604258,5.3310519749468,0.882727272727273,0.880472727272727,0.886127272727273
81375,44789,36586,0.70490732225921,0.697458593562425,0.700283780452969,35.6490909090909,32.8909090909091,31.46,4.08181818181818,27.8436363636364,3.01636363636364,31.5636363636364,2.78,30.7145454545455,-1.88345192860473,5.36525123877959,0.882727272727273,0.880472727272727,0.886127272727273
81906,45125,36781,0.704066648592535,0.696259852010829,0.699636957117438,35.7218181818182,32.7981818181818,31.48,4.01454545454545,27.9163636363636,2.95636363636364,31.56,2.72363636363636,30.8290909090909,-1.86446464332667,5.38632090741938,0.882727272727273,0.880472727272727,0.886127272727273
82359,45414,36945,0.702838724221128,0.695665813053522,0.698351957194654,35.7672727272727,32.8236363636364,31.4090909090909,3.95636363636364,28.0254545454545,2.83272727272727,31.5327272727273,2.64727272727273,31.0054545454545,-1.85149741010232,5.38911517533389,0.882727272727273,0.880472727272727,0.886127272727273
82778,45736,37042,0.701910611210563,0.694288805660545,0.697517941419559,35.8236363636364,32.7818181818182,31.3945454545455,3.89454545454546,28.12,2.74545454545455,31.4709090909091,2.63272727272727,31.1363636363636,-1.83205982853066,5.37199859402396,0.882727272727273,0.880472727272727,0.886127272727273
83261,46055,37206,0.701430050686736,0.693165310379805,0.696408143804249,35.8945454545455,32.7672727272727,31.3381818181818,3.84181818181818,28.1745454545455,2.63454545454545,31.5381818181818,2.52909090909091,31.2818181818182,-1.81705296933651,5.37883618744937,0.882727272727273,0.880472727272727,0.886127272727273
83737,46430,37307,0.700868655359452,0.692366187850718,0.69540211480548,35.96,32.7672727272727,31.2727272727273,3.79272727272727,28.26,2.57636363636364,31.4727272727273,2.46545454545455,31.4327272727273,-1.79662964262746,5.36782426834106,0.882727272727273,0.880472727272727,0.886127272727273
84124,46768,37356,0.699784322287753,0.69082009466991,0.694336147475101,36.0745454545455,32.6581818181818,31.2672727272727,3.74727272727273,28.3218181818182,2.53636363636364,31.4254545454545,2.35090909090909,31.6181818181818,-1.77485744953156,5.33384684649381,0.882727272727273,0.880472727272727,0.886127272727273
84685,47092,37593,0.699415380265557,0.689943833852733,0.692961662692135,36.1727272727273,32.6236363636364,31.2036363636364,3.70545454545455,28.4018181818182,2.48909090909091,31.3836363636364,2.27272727272727,31.7472727272727,-1.75729958658869,5.36657087152654,0.882727272727273,0.880472727272727,0.886127272727273
85136,47433,37703,0.698510077198725,0.688129449389027,0.692110208787501,36.2527272727273,32.6018181818182,31.1454545454545,3.65818181818182,28.4727272727273,2.4,31.3781818181818,2.20727272727273,31.8836363636364,-1.7384989448569,5.35000182715329,0.882727272727273,0.880472727272727,0.886127272727273
85560,47826,37734,0.697564993635566,0.686817057038534,0.690871833321537,36.3618181818182,32.5472727272727,31.0909090909091,3.61818181818182,28.5072727272727,2.40727272727273,31.2945454545455,2.2,31.9727272727273,-1.71385046054016,5.32744941711426,0.882727272727273,0.880472727272727,0.886127272727273
85941,48155,37786,0.696602133539035,0.685647345235539,0.689708347288725,36.4254545454545,32.5345454545455,31.04,3.57454545454545,28.5472727272727,2.38727272727273,31.2545454545455,2.15090909090909,32.0854545454545,-1.69243080128323,5.30613747293299,0.882727272727273,0.880472727272727,0.886127272727273
86362,48470,37892,0.695726849360337,0.683891011728828,0.688322136471559,36.5254545454545,32.4745454545455,31,3.53090909090909,28.5872727272727,2.30909090909091,31.2763636363636,2.11818181818182,32.1781818181818,-1.6715688733892,5.30118408419869,0.882727272727273,0.880472727272727,0.886127272727273
86903,48859,38044,0.694790295124832,0.682833705037776,0.687027245468351,36.58,32.4763636363636,30.9436363636364,3.48909090909091,28.6254545454545,2.27272727272727,31.2163636363636,2.11818181818182,32.2781818181818,-1.64698938889937,5.32078477902846,0.882727272727273,0.880472727272727,0.886127272727273
87394,49228,38166,0.693865764737248,0.681863668452115,0.685625424035551,36.6836363636364,32.4709090909091,30.8454545454545,3.42727272727273,28.7090909090909,2.23272727272727,31.1836363636364,2.06545454545454,32.3818181818182,-1.62294170856476,5.3054142258384,0.882727272727273,0.880472727272727,0.886127272727273
87995,49634,38361,0.693289846366276,0.68020116381813,0.68414376395614,36.7909090909091,32.4418181818182,30.7672727272727,3.38181818181818,28.7690909090909,2.18363636363636,31.1327272727273,2.00909090909091,32.5236363636364,-1.59688631824472,5.31724355220795,0.882727272727273,0.880472727272727,0.886127272727273
88500,49999,38501,0.692003392463011,0.679168256885082,0.682829169633,36.8509090909091,32.4927272727273,30.6563636363636,3.33636363636364,28.82,2.14727272727273,31.1218181818182,1.90727272727273,32.6672727272727,-1.57450130405751,5.30542733452537,0.882727272727273,0.880472727272727,0.886127272727273
88946,50377,38569,0.691372924830527,0.678051124913777,0.681218060025212,36.9309090909091,32.5109090909091,30.5581818181818,3.29454545454545,28.8927272727273,2.1,31.1036363636364,1.85818181818182,32.7509090909091,-1.55138911306858,5.27986812158064,0.882727272727273,0.880472727272727,0.886127272727273
89418,50755,38663,0.690481791695502,0.676542342972523,0.679846995735131,37.0145454545455,32.5072727272727,30.4781818181818,3.24181818181818,28.9654545454545,2.06727272727273,31.0490909090909,1.82727272727273,32.8490909090909,-1.5285473851995,5.26101659536362,0.882727272727273,0.880472727272727,0.886127272727273
89933,51153,38780,0.689727266613566,0.675641614023314,0.678103481615032,37.1290909090909,32.5309090909091,30.34,3.21636363636364,29.0090909090909,2.02727272727273,31.0290909090909,1.79272727272727,32.9254545454545,-1.4988439142704,5.26868740428578,0.882727272727273,0.880472727272727,0.886127272727273
90292,51469,38823,0.688658202292458,0.674700190500616,0.676849441579809,37.1981818181818,32.5545454545455,30.2472727272727,3.18,29.06,1.96545454545455,31.0127272727273,1.78181818181818,33,-1.47648456922986,5.24140967239033,0.882727272727273,0.880472727272727,0.886127272727273
90765,51842,38923,0.687843448240961,0.673752699526372,0.675492169363284,37.26,32.5418181818182,30.1981818181818,3.13818181818182,29.1090909090909,1.93818181818182,30.9618181818182,1.77272727272727,33.08,-1.44850622280078,5.23651123697107,0.882727272727273,0.880472727272727,0.886127272727273
91361,52256,39105,0.68738933705864,0.672628385067844,0.674213790921831,37.3545454545455,32.5581818181818,30.0872727272727,3.08727272727273,29.2109090909091,1.88363636363636,30.9254545454545,1.75090909090909,33.1418181818182,-1.42053497244011,5.25363733768463,0.882727272727273,0.880472727272727,0.886127272727273
91897,52668,39229,0.686475886058982,0.671440524148644,0.67291207779024,37.4109090909091,32.56,30.0290909090909,3.04363636363636,29.26,1.86181818181818,30.8836363636364,1.72545454545455,33.2254545454545,-1.389090667665,5.25508766282688,0.882727272727273,0.880472727272727,0.886127272727273
92520,53047,39473,0.685707465469244,0.670771920760541,0.67174504696523,37.4927272727273,32.5672727272727,29.94,2.98727272727273,29.3509090909091,1.80909090909091,30.8854545454545,1.66545454545455,33.3018181818182,-1.36126794747331,5.27492703091015,0.882727272727273,0.880472727272727,0.886127272727273
92839,53405,39434,0.684807489039079,0.669447112802293,0.67026775285494,37.5327272727273,32.5763636363636,29.8909090909091,2.95818181818182,29.4181818181818,1.74181818181818,30.8309090909091,1.66,33.3909090909091,-1.33528016128323,5.22100340019573,0.882727272727273,0.880472727272727,0.886127272727273
93409,53737,39672,0.683671197702686,0.668796687848694,0.668594769725336,37.5836363636364,32.6436363636364,29.7727272727273,2.91090909090909,29.5072727272727,1.67090909090909,30.8327272727273,1.62,33.4581818181818,-1.31612521843477,5.25579993833195,0.882727272727273,0.880472727272727,0.886127272727273
94015,54129,39886,0.682680733807491,0.668085826657753,0.667162684952293,37.6290909090909,32.6836363636364,29.6872727272727,2.86181818181818,29.6163636363636,1.63272727272727,30.7890909090909,1.54363636363636,33.5563636363636,-1.28872635662556,5.2777681870894,0.882727272727273,0.880472727272727,0.886127272727273
94420,54471,39949,0.681250319103218,0.667175026553683,0.66575324855434,37.6163636363636,32.7745454545455,29.6090909090909,2.82,29.6981818181818,1.57090909090909,30.7654545454545,1.53090909090909,33.6145454545455,-1.26508885703304,5.25355646176772,0.882727272727273,0.880472727272727,0.886127272727273
94892,54869,40023,0.680131316657996,0.666098356995649,0.664385200321943,37.6709090909091,32.82,29.5090909090909,2.77636363636364,29.7581818181818,1.53454545454545,30.76,1.50545454545455,33.6654545454545,-1.23451346457005,5.24142247113315,0.882727272727273,0.880472727272727,0.886127272727273
95421,55246,40175,0.679408572422711,0.665361052787996,0.663112452044377,37.6836363636364,32.8963636363636,29.42,2.74,29.8272727272727,1.50181818181818,30.7090909090909,1.51272727272727,33.7090909090909,-1.20758245939558,5.2532709533518,0.882727272727273,0.880472727272727,0.886127272727273
96073,55662,40411,0.67829275028613,0.665045483821571,0.661613871197201,37.6727272727273,32.9854545454545,29.3418181818182,2.71454545454545,29.9363636363636,1.43454545454545,30.6727272727273,1.48545454545455,33.7563636363636,-1.18155356266282,5.28186782490123,0.882727272727273,0.880472727272727,0.886127272727273
96445,56037,40408,0.676840511281556,0.663718488761634,0.659854169676129,37.6509090909091,33.0581818181818,29.2909090909091,2.67818181818182,29.9945454545455,1.39454545454545,30.6654545454545,1.45454545454545,33.8127272727273,-1.15248603021557,5.23931620337746,0.882727272727273,0.880472727272727,0.886127272727273
96873,56380,40493,0.675860816530103,0.662048358266723,0.658592421355171,37.6709090909091,33.0581818181818,29.2709090909091,2.64545454545455,30.0709090909091,1.36,30.6272727272727,1.44909090909091,33.8472727272727,-1.12802563526414,5.2276961738413,0.882727272727273,0.880472727272727,0.886127272727273
97233,56721,40512,0.675256354248635,0.660776609109085,0.657359862273068,37.6636363636364,33.1145454545455,29.2218181818182,2.60545454545455,30.14,1.34363636363636,30.5818181818182,1.41636363636364,33.9127272727273,-1.10338722928004,5.19183765324679,0.882727272727273,0.880472727272727,0.886127272727273
97647,57088,40559,0.674504956911269,0.6590018952602,0.656324176146823,37.6836363636364,33.14,29.1763636363636,2.57272727272727,30.2272727272727,1.31090909090909,30.56,1.38363636363636,33.9454545454545,-1.07615699070421,5.16359465555711,0.882727272727273,0.880472727272727,0.886127272727273
98092,57397,40695,0.67349384968581,0.658199023258005,0.654833483138503,37.6854545454545,33.1909090909091,29.1236363636364,2.53272727272727,30.3381818181818,1.26,30.5490909090909,1.30727272727273,34.0127272727273,-1.05639728930863,5.1544176123359,0.882727272727273,0.880472727272727,0.886127272727273
98602,57759,40843,0.672530911353189,0.657595004416809,0.653876449333327,37.6127272727273,33.2581818181818,29.1290909090909,2.50545454545455,30.3981818181818,1.23272727272727,30.5527272727273,1.24909090909091,34.0618181818182,-1.0321943578395,5.15775418498299,0.882727272727273,0.880472727272727,0.886127272727273
99116,58103,41013,0.672256622737641,0.656983143560343,0.652868613610213,37.6054545454545,33.3072727272727,29.0872727272727,2.48363636363636,30.4654545454545,1.23090909090909,30.4745454545455,1.24363636363636,34.1018181818182,-1.00696317919276,5.17352103103291,0.882727272727273,0.880472727272727,0.886127272727273
99539,58391,41148,0.671672093445143,0.656712542634966,0.651853813417241,37.5727272727273,33.3436363636364,29.0836363636364,2.43636363636364,30.5545454545455,1.22545454545455,30.3909090909091,1.21454545454545,34.1781818181818,-0.986913677575913,5.17012859041041,0.882727272727273,0.880472727272727,0.886127272727273
99947,58645,41302,0.670612650509878,0.656151791392502,0.650853013586951,37.5509090909091,33.3854545454545,29.0636363636364,2.39636363636364,30.6927272727273,1.12909090909091,30.3418181818182,1.22,34.22,-0.967004518075423,5.16664844426242,0.882727272727273,0.880472727272727,0.886127272727273
100556,58965,41591,0.669753268278053,0.65568154859179,0.650016898182084,37.5345454545455,33.4381818181818,29.0272727272727,2.35090909090909,30.7981818181818,1.11454545454545,30.2963636363636,1.15090909090909,34.2890909090909,-0.941709840094501,5.19637066234242,0.882727272727273,0.880472727272727,0.886127272727273
100878,59229,41649,0.668671610931807,0.654954156531971,0.648884746665495,37.4909090909091,33.5127272727273,28.9963636363636,2.32909090909091,30.88,1.09454545454545,30.2036363636364,1.13636363636364,34.3563636363636,-0.922476287660274,5.17616600773551,0.882727272727273,0.880472727272727,0.886127272727273
101342,59499,41843,0.667757311180342,0.654323351612052,0.648225544352556,37.4927272727273,33.5454545454545,28.9618181818182,2.30727272727273,30.9472727272727,1.06727272727273,30.1527272727273,1.08545454545455,34.44,-0.900916077128866,5.18385156067935,0.882727272727273,0.880472727272727,0.886127272727273
101550,59745,41805,0.666738135011965,0.653979146486067,0.64696642055218,37.4618181818182,33.62,28.9181818181818,2.26727272727273,31.0218181818182,1.07636363636364,30.0563636363636,1.08727272727273,34.4909090909091,-0.882867688076063,5.13359222520481,0.882727272727273,0.880472727272727,0.886127272727273
101874,59998,41876,0.666093137038205,0.652708732371124,0.646193133644647,37.4381818181818,33.6236363636364,28.9381818181818,2.22909090909091,31.1181818181818,1.08363636363636,29.98,1.03090909090909,34.5581818181818,-0.863296324488792,5.11306528503245,0.882727272727273,0.880472727272727,0.886127272727273
102354,60297,42057,0.665478033417235,0.652059053368401,0.645153544279908,37.4145454545455,33.6454545454545,28.94,2.18909090909091,31.2109090909091,1.08727272727273,29.8727272727273,1.01454545454545,34.6254545454545,-0.844210051541979,5.11433513272892,0.882727272727273,0.880472727272727,0.886127272727273
102640,60522,42118,0.664686700891114,0.651470995504672,0.644009625349028,37.3781818181818,33.7290909090909,28.8927272727273,2.15272727272727,31.2818181818182,1.06363636363636,29.8327272727273,1.02,34.6490909090909,-0.829925741526214,5.081312511184,0.882727272727273,0.880472727272727,0.886127272727273
102939,60731,42208,0.663899623156977,0.651330000976042,0.642820567935378,37.3527272727273,33.8,28.8472727272727,2.11818181818182,31.3890909090909,1.00909090909091,29.7672727272727,0.998181818181818,34.7181818181818,-0.817625812644308,5.05972636504607,0.882727272727273,0.880472727272727,0.886127272727273
103247,61007,42240,0.663371430913932,0.650352748957803,0.641563929475141,37.3581818181818,33.7963636363636,28.8454545454545,2.07818181818182,31.4945454545455,0.983636363636364,29.6872727272727,1,34.7563636363636,-0.794470991329713,5.03514969565652,0.882727272727273,0.880472727272727,0.886127272727273
103659,61279,42380,0.662529147161017,0.649640417807336,0.640587155224095,37.36,33.7781818181818,28.8618181818182,2.04545454545455,31.5836363636364,0.950909090909091,29.5818181818182,1.01818181818182,34.82,-0.772811634499918,5.05486074577678,0.882727272727273,0.880472727272727,0.886127272727273
104138,61495,42643,0.661615281227328,0.649038645041254,0.640034978996504,37.34,33.78,28.88,2.02909090909091,31.6781818181818,0.9,29.5218181818182,0.954545454545455,34.9163636363636,-0.755169263617559,5.0810488354076,0.882727272727273,0.880472727272727,0.886127272727273
104454,61755,42699,0.66085622576718,0.648126289483875,0.639009925095304,37.3181818181818,33.8,28.8818181818182,1.99818181818182,31.7309090909091,0.887272727272727,29.4927272727273,0.885454545454545,35.0054545454545,-0.738712627305226,5.04866652705453,0.882727272727273,0.880472727272727,0.886127272727273
104536,61962,42574,0.659747667883043,0.646910634813773,0.638060997869278,37.2927272727273,33.8454545454545,28.8618181818182,1.98181818181818,31.7945454545455,0.883636363636364,29.3927272727273,0.889090909090909,35.0581818181818,-0.725653429803523,4.97868888161399,0.882727272727273,0.880472727272727,0.886127272727273
104922,62144,42778,0.658958777918656,0.64640468457406,0.637417700362024,37.2818181818182,33.8436363636364,28.8745454545455,1.95636363636364,31.8727272727273,0.847272727272727,29.36,0.854545454545454,35.1090909090909,-0.711622236194936,4.99461504762823,0.882727272727273,0.880472727272727,0.886127272727273
105336,62333,43003,0.65850917663543,0.646001760695522,0.637023045779855,37.2709090909091,33.8327272727273,28.8963636363636,1.93454545454545,31.9472727272727,0.798181818181818,29.3327272727273,0.807272727272727,35.18,-0.698972496559674,5.00573785413395,0.882727272727273,0.880472727272727,0.886127272727273
105653,62517,43136,0.657603338792113,0.645791768625489,0.636194875533248,37.2272727272727,33.8745454545455,28.8981818181818,1.91454545454545,31.9945454545455,0.823636363636364,29.2272727272727,0.770909090909091,35.2690909090909,-0.687004156478427,4.99006159413945,0.882727272727273,0.880472727272727,0.886127272727273
105899,62725,43174,0.656973617330117,0.645138231922531,0.635408079693067,37.2,33.9018181818182,28.8981818181818,1.88545454545455,32.1109090909091,0.778181818181818,29.12,0.789090909090909,35.3163636363636,-0.672250564464114,4.95211009003899,0.882727272727273,0.880472727272727,0.886127272727273
106211,62927,43284,0.656316493341236,0.644456108201545,0.634611976033082,37.1727272727273,33.9454545454545,28.8818181818182,1.86545454545455,32.1581818181818,0.776363636363636,29.0509090909091,0.783636363636364,35.3654545454545,-0.6556909349493,4.94496392878619,0.882727272727273,0.880472727272727,0.886127272727273
106411,63143,43268,0.655654367557269,0.643441856547754,0.634131603007234,37.1636363636364,33.9563636363636,28.88,1.83454545454545,32.24,0.778181818181818,28.9727272727273,0.778181818181818,35.3963636363636,-0.637930046699264,4.89338309439746,0.882727272727273,0.880472727272727,0.886127272727273
106417,63304,43113,0.654792231483451,0.6428513409027,0.633424269931448,37.1218181818182,34.0054545454545,28.8727272727273,1.80727272727273,32.3290909090909,0.745454545454545,28.86,0.821818181818182,35.4363636363636,-0.628327388350259,4.81056353178891,0.882727272727273,0.880472727272727,0.886127272727273
106832,63493,43339,0.654196477276685,0.642502407358829,0.633117270144503,37.1181818181818,33.9872727272727,28.8945454545455,1.78545454545455,32.3963636363636,0.712727272727273,28.8145454545455,0.776363636363636,35.5145454545455,-0.612538924169811,4.81145425601439,0.882727272727273,0.880472727272727,0.886127272727273
106992,63676,43316,0.653726105240959,0.641717869198684,0.632477346007975,37.1054545454545,34.0181818181818,28.8763636363636,1.77090909090909,32.4436363636364,0.718181818181818,28.7272727272727,0.754545454545455,35.5854545454545,-0.599890944023024,4.75680299021981,0.882727272727273,0.880472727272727,0.886127272727273
107165,63840,43325,0.653135965967143,0.640972188940509,0.631707204807825,37.0963636363636,34.0236363636364,28.88,1.74363636363636,32.5290909090909,0.703636363636364,28.6272727272727,0.734545454545455,35.6618181818182,-0.587720375948332,4.71032875776291,0.882727272727273,0.880472727272727,0.886127272727273
107440,64006,43434,0.652514833589662,0.640718984691643,0.631014069684073,37.0745454545455,34.06,28.8654545454545,1.72545454545455,32.5836363636364,0.710909090909091,28.5381818181818,0.707272727272727,35.7345454545455,-0.577292423322797,4.69276941472834,0.882727272727273,0.880472727272727,0.886127272727273
107739,64178,43561,0.65215655721685,0.640197335557744,0.630440458719738,37.0218181818182,34.0927272727273,28.8854545454545,1.70545454545455,32.6472727272727,0.690909090909091,28.4563636363636,0.712727272727273,35.7872727272727,-0.568112070621415,4.6832583102313,0.882727272727273,0.880472727272727,0.886127272727273
107805,64318,43487,0.651428179244731,0.639574574832286,0.629694035888684,36.98,34.1236363636364,28.8963636363636,1.68545454545455,32.7072727272727,0.712727272727273,28.3818181818182,0.678181818181818,35.8345454545455,-0.559699548984116,4.60939133492383,0.882727272727273,0.880472727272727,0.886127272727273
108073,64470,43603,0.650821296050458,0.638561877342736,0.629353860787726,36.9618181818182,34.1072727272727,28.9309090909091,1.66545454545455,32.7854545454545,0.692727272727273,28.3418181818182,0.610909090909091,35.9036363636364,-0.550245517119765,4.58681484894319,0.882727272727273,0.880472727272727,0.886127272727273
108436,64645,43791,0.650279649470713,0.638027256558656,0.629073672731616,36.92,34.1436363636364,28.9363636363636,1.64363636363636,32.8054545454545,0.709090909090909,28.2527272727273,0.661818181818182,35.9272727272727,-0.536143803122369,4.6121315034953,0.882727272727273,0.880472727272727,0.886127272727273
108565,64813,43752,0.649592137684697,0.636944316320961,0.628786403836122,36.8981818181818,34.1472727272727,28.9545454545455,1.62181818181818,32.8890909090909,0.703636363636364,28.1363636363636,0.667272727272727,35.9818181818182,-0.524224502559413,4.55998392430219,0.882727272727273,0.880472727272727,0.886127272727273
108703,64928,43775,0.649046992046083,0.636265243948882,0.62832362786019,36.8890909090909,34.1418181818182,28.9690909090909,1.60727272727273,32.9363636363636,0.665454545454545,28.1090909090909,0.647272727272727,36.0345454545455,-0.517283303832466,4.52037059718912,0.882727272727273,0.880472727272727,0.886127272727273
108983,65062,43921,0.648268459626674,0.636184097023543,0.627895005293478,36.8472727272727,34.1872727272727,28.9654545454545,1.58545454545455,33.0090909090909,0.64,28.0418181818182,0.607272727272727,36.1163636363636,-0.508008272099224,4.50689056353136,0.882727272727273,0.880472727272727,0.886127272727273
109148,65166,43982,0.647695889556028,0.635578117926836,0.627534882578601,36.8363636363636,34.2,28.9636363636364,1.56545454545455,33.06,0.612727272727273,27.9763636363636,0.607272727272727,36.1781818181818,-0.500535572929816,4.47655979611657,0.882727272727273,0.880472727272727,0.886127272727273
109355,65319,44036,0.647243027817131,0.634773338173724,0.627331298286386,36.8054545454546,34.2,28.9945454545455,1.55818181818182,33.0945454545455,0.589090909090909,27.9218181818182,0.590909090909091,36.2454545454545,-0.490430936793035,4.44248480796814,0.882727272727273,0.880472727272727,0.886127272727273
109491,65439,44052,0.646558956541074,0.634787506288663,0.62681207140626,36.7618181818182,34.2545454545455,28.9836363636364,1.54181818181818,33.1418181818182,0.56,27.8581818181818,0.570909090909091,36.3272727272727,-0.482096129317175,4.40068742145192,0.882727272727273,0.880472727272727,0.886127272727273
109682,65559,44123,0.646054467992382,0.634113804133567,0.626426336250795,36.72,34.2909090909091,28.9890909090909,1.52181818181818,33.1509090909091,0.550909090909091,27.8381818181818,0.52,36.4181818181818,-0.471451893482696,4.36895986795426,0.882727272727273,0.880472727272727,0.886127272727273
109997,65691,44306,0.64570553999386,0.633535677205771,0.62606859337609,36.6854545454545,34.2927272727273,29.0218181818182,1.49636363636364,33.2218181818182,0.472727272727273,27.8454545454545,0.489090909090909,36.4745454545455,-0.461432118561457,4.36758475953882,0.882727272727273,0.880472727272727,0.886127272727273
110295,65823,44472,0.645441135251729,0.633138163076669,0.625608602325595,36.6690909090909,34.3,29.0309090909091,1.47818181818182,33.2454545454545,0.489090909090909,27.7563636363636,0.507272727272727,36.5236363636364,-0.450369132310152,4.37700740532442,0.882727272727273,0.880472727272727,0.886127272727273
110453,65916,44537,0.644741117928811,0.633050738255383,0.625210264885991,36.62,34.3327272727273,29.0472727272727,1.46363636363636,33.2909090909091,0.46,27.6890909090909,0.509090909090909,36.5872727272727,-0.445298984849995,4.3482707511295,0.882727272727273,0.880472727272727,0.886127272727273
110468,65999,44469,0.644211773267737,0.632660337974224,0.624860920719033,36.5945454545455,34.36,29.0454545454545,1.45454545454545,33.2636363636364,0.5,27.6345454545455,0.496363636363636,36.6509090909091,-0.439919673278928,4.30746195641431,0.882727272727273,0.880472727272727,0.886127272727273
110566,66094,44472,0.643807560114699,0.631939775604537,0.624458757479236,36.5563636363636,34.3745454545455,29.0690909090909,1.43636363636364,33.2909090909091,0.512727272727273,27.5563636363636,0.490909090909091,36.7127272727273,-0.432668478211219,4.2738348912109,0.882727272727273,0.880472727272727,0.886127272727273
110502,66206,44296,0.64316779460993,0.631127743695128,0.624154666123302,36.5236363636364,34.3854545454545,29.0909090909091,1.42181818181818,33.3090909090909,0.474545454545455,27.5418181818182,0.490909090909091,36.7618181818182,-0.424100424823436,4.20543925057758,0.882727272727273,0.880472727272727,0.886127272727273
110583,66283,44300,0.64255807196349,0.63118533005736,0.623875787365646,36.4745454545455,34.4327272727273,29.0927272727273,1.40363636363636,33.3272727272727,0.478181818181818,27.4636363636364,0.507272727272727,36.82,-0.419658875245262,4.18202971490947,0.882727272727273,0.880472727272727,0.886127272727273
110663,66386,44277,0.641977297849945,0.630624494236559,0.623452391520479,36.4418181818182,34.4690909090909,29.0890909090909,1.38545454545455,33.3581818181818,0.48,27.4054545454545,0.458181818181818,36.9127272727273,-0.40992637630552,4.1286666420373,0.882727272727273,0.880472727272727,0.886127272727273
110807,66498,44309,0.641677654425704,0.629961223868833,0.623175540406475,36.4218181818182,34.4836363636364,29.0945454545455,1.38,33.3763636363636,0.452727272727273,27.3727272727273,0.447272727272727,36.9709090909091,-0.401429527371444,4.10286757349968,0.882727272727273,0.880472727272727,0.886127272727273
110780,66555,44225,0.641085139702267,0.629603385402026,0.623041479884335,36.3854545454545,34.5163636363636,29.0981818181818,1.36545454545455,33.3727272727273,0.465454545454546,27.3163636363636,0.445454545454545,37.0345454545455,-0.397678077424114,4.05142494223335,0.882727272727273,0.880472727272727,0.886127272727273
111039,66633,44406,0.640724779262128,0.629598245143203,0.622753446273853,36.3836363636364,34.5090909090909,29.1072727272727,1.35272727272727,33.4181818181818,0.449090909090909,27.2527272727273,0.423636363636364,37.1036363636364,-0.392797478931871,4.0673203273253,0.882727272727273,0.880472727272727,0.886127272727273
111219,66734,44485,0.640259120682247,0.629669903286306,0.6225913598977,36.3545454545455,34.5309090909091,29.1145454545455,1.33818181818182,33.4563636363636,0.425454545454545,27.1763636363636,0.441818181818182,37.1618181818182,-0.384887994351712,4.0453820141879,0.882727272727273,0.880472727272727,0.886127272727273
111301,66799,44502,0.639938268880274,0.629165075632681,0.622521684274767,36.3327272727273,34.54,29.1272727272727,1.31636363636364,33.4818181818182,0.392727272727273,27.1527272727273,0.441818181818182,37.2145454545455,-0.380373388647356,4.00864449251782,0.882727272727273,0.880472727272727,0.886127272727273
111322,66864,44458,0.639296498745112,0.629026381543692,0.622191470351056,36.2836363636364,34.5854545454545,29.1309090909091,1.3,33.4927272727273,0.383636363636364,27.0945454545455,0.450909090909091,37.2781818181818,-0.376767818697474,3.96371374455365,0.882727272727273,0.880472727272727,0.886127272727273
111539,66959,44580,0.638960255846832,0.629102992562765,0.621950205691196,36.2527272727273,34.6181818181818,29.1290909090909,1.29272727272727,33.5,0.392727272727273,27.0672727272727,0.381818181818182,37.3654545454545,-0.370131220973351,3.94955853277987,0.882727272727273,0.880472727272727,0.886127272727273
111728,67034,44694,0.638601052278266,0.629146533349274,0.621713529799671,36.2345454545455,34.6290909090909,29.1363636363636,1.27818181818182,33.5254545454545,0.398181818181818,26.9963636363636,0.381818181818182,37.42,-0.364817227931185,3.94855947006832,0.882727272727273,0.880472727272727,0.886127272727273
111840,67109,44731,0.638103019586269,0.629163079448747,0.621479215985203,36.1981818181818,34.6690909090909,29.1327272727273,1.26,33.5745454545455,0.374545454545455,26.9472727272727,0.376363636363636,37.4672727272727,-0.359815179897388,3.91844836581837,0.882727272727273,0.880472727272727,0.886127272727273
111976,67193,44783,0.637417496126965,0.628826805042729,0.621100176067884,36.1690909090909,34.68,29.1509090909091,1.25090909090909,33.6109090909091,0.36,26.8327272727273,0.432727272727273,37.5127272727273,-0.35086085609245,3.90586886080829,0.882727272727273,0.880472727272727,0.886127272727273
111963,67258,44705,0.63698658893116,0.628516614126152,0.620873890141952,36.1472727272727,34.7018181818182,29.1509090909091,1.24181818181818,33.6345454545455,0.370909090909091,26.7618181818182,0.394545454545454,37.5963636363636,-0.345993664598262,3.84996204430407,0.882727272727273,0.880472727272727,0.886127272727273
112101,67326,44775,0.636500789664029,0.628090869790665,0.620850453393442,36.1272727272727,34.7181818181818,29.1545454545455,1.22727272727273,33.6672727272727,0.352727272727273,26.72,0.365454545454545,37.6672727272727,-0.339491181712682,3.82764213627035,0.882727272727273,0.880472727272727,0.886127272727273
112172,67409,44763,0.636279870825569,0.627724801979329,0.620680271570511,36.1090909090909,34.7054545454545,29.1854545454545,1.21818181818182,33.6890909090909,0.34,26.6490909090909,0.387272727272727,37.7163636363636,-0.333534065466797,3.78657112500884,0.882727272727273,0.880472727272727,0.886127272727273
112175,67461,44714,0.636050802093613,0.627381730901887,0.62050307563522,36.1054545454545,34.6927272727273,29.2018181818182,1.21454545454545,33.7127272727273,0.343636363636364,26.5818181818182,0.372727272727273,37.7745454545455,-0.32907881277444,3.751686385003,0.882727272727273,0.880472727272727,0.886127272727273
112225,67520,44705,0.635839770272491,0.626924827721841,0.620519898028285,36.0927272727273,34.6963636363636,29.2109090909091,1.20545454545455,33.7272727272727,0.334545454545455,26.5690909090909,0.310909090909091,37.8527272727273,-0.32308514399708,3.71764689087868,0.882727272727273,0.880472727272727,0.886127272727273
112303,67595,44708,0.635754990927659,0.626795751684894,0.620269698505531,36.0927272727273,34.6836363636364,29.2236363636364,1.19272727272727,33.7545454545455,0.352727272727273,26.4836363636364,0.327272727272727,37.8890909090909,-0.317430574516766,3.70433718833056,0.882727272727273,0.880472727272727,0.886127272727273
112385,67663,44722,0.635594151094294,0.626605134928893,0.620019403600256,36.0781818181818,34.6909090909091,29.2309090909091,1.17636363636364,33.8018181818182,0.332727272727273,26.4054545454545,0.338181818181818,37.9454545454546,-0.310398813370954,3.69410862597552,0.882727272727273,0.880472727272727,0.886127272727273
112573,67684,44889,0.635449136726949,0.626537742298908,0.619950436737633,36.0690909090909,34.68,29.2509090909091,1.16909090909091,33.8309090909091,0.327272727272727,26.3327272727273,0.334545454545455,38.0054545454545,-0.309097401556474,3.69360454732722,0.882727272727273,0.880472727272727,0.886127272727273
112617,67728,44889,0.635126821276868,0.62631854088952,0.619766824546533,36.0527272727273,34.6818181818182,29.2654545454545,1.16,33.8418181818182,0.325454545454545,26.2818181818182,0.312727272727273,38.0781818181818,-0.30521305159835,3.66887362220071,0.882727272727273,0.880472727272727,0.886127272727273
112713,67786,44927,0.634998319572004,0.625858515174901,0.619776729655702,36.0490909090909,34.6654545454545,29.2854545454545,1.14909090909091,33.8654545454545,0.316363636363636,26.2490909090909,0.303636363636364,38.1163636363636,-0.299486397016285,3.65180200067433,0.882727272727273,0.880472727272727,0.886127272727273
112700,67864,44836,0.634826280514828,0.625585106894651,0.619627403538061,36.0381818181818,34.6636363636364,29.2981818181818,1.14545454545455,33.8854545454545,0.312727272727273,26.1872727272727,0.316363636363636,38.1527272727273,-0.293341775500978,3.60773389068517,0.882727272727273,0.880472727272727,0.886127272727273
112832,67909,44923,0.634730452231778,0.625438488914579,0.619306261057568,36.0272727272727,34.6727272727273,29.3,1.13272727272727,33.9163636363636,0.325454545454545,26.1163636363636,0.303636363636364,38.2054545454545,-0.290164174262265,3.60121007128195,0.882727272727273,0.880472727272727,0.886127272727273
112949,67979,44970,0.634581154400394,0.625162590791358,0.6193447586792,36.02,34.6636363636364,29.3163636363636,1.12727272727273,33.9290909090909,0.314545454545455,26.0763636363636,0.294545454545454,38.2581818181818,-0.282287410642444,3.58240727457133,0.882727272727273,0.880472727272727,0.886127272727273
113226,68017,45209,0.634368814979714,0.6254787105961,0.619060607439702,36.0127272727273,34.6654545454545,29.3218181818182,1.12545454545455,33.9709090909091,0.265454545454545,26.0654545454545,0.281818181818182,38.2909090909091,-0.277475215033205,3.61771711815487,0.882727272727273,0.880472727272727,0.886127272727273
113189,68056,45133,0.634099841333384,0.624948443126599,0.618884143522387,36.0054545454545,34.6418181818182,29.3527272727273,1.12181818181818,33.9963636363636,0.263636363636364,26.0036363636364,0.316363636363636,38.2981818181818,-0.274174691825597,3.58573347763582,0.882727272727273,0.880472727272727,0.886127272727273
113145,68077,45068,0.633833102301419,0.624588703544255,0.618727283730583,35.9945454545455,34.6381818181818,29.3672727272727,1.11090909090909,34.0127272727273,0.265454545454545,25.9818181818182,0.274545454545455,38.3545454545455,-0.273061096511612,3.54796647700396,0.882727272727273,0.880472727272727,0.886127272727273
113281,68121,45160,0.633695067721612,0.624513308360391,0.618692512773144,35.9945454545455,34.6254545454545,29.38,1.10363636363636,34.0272727272727,0.265454545454545,25.9327272727273,0.276363636363636,38.3945454545455,-0.269477348850871,3.55160661556504,0.882727272727273,0.880472727272727,0.886127272727273
113372,68169,45203,0.633546298455633,0.624621355462916,0.618505635871632,35.9963636363636,34.62,29.3836363636364,1.10363636363636,34.0236363636364,0.274545454545455,25.8927272727273,0.265454545454545,38.44,-0.265316485952247,3.54510838822885,0.882727272727273,0.880472727272727,0.886127272727273
113189,68199,44990,0.633415492625924,0.623806235902147,0.618444921798628,35.9909090909091,34.6036363636364,29.4054545454545,1.09818181818182,34.0527272727273,0.265454545454545,25.8527272727273,0.261818181818182,38.4690909090909,-0.261391211030158,3.48152392127297,0.882727272727273,0.880472727272727,0.886127272727273
113208,68238,44970,0.633353979195255,0.623679077041328,0.618218087488463,35.9818181818182,34.6090909090909,29.4090909090909,1.09636363636364,34.0763636363636,0.263636363636364,25.7927272727273,0.267272727272727,38.5036363636364,-0.257901742330498,3.46236271343448,0.882727272727273,0.880472727272727,0.886127272727273
113321,68273,45048,0.633193245261332,0.623392908325141,0.61801223258215,35.9781818181818,34.5927272727273,29.4290909090909,1.09454545454545,34.1090909090909,0.24,25.7618181818182,0.258181818181818,38.5363636363636,-0.254215973365883,3.46013288497925,0.882727272727273,0.880472727272727,0.886127272727273
113281,68300,44981,0.633130460761382,0.623087002587365,0.617856199623508,35.9763636363636,34.5854545454545,29.4381818181818,1.09090909090909,34.1345454545455,0.267272727272727,25.6909090909091,0.26,38.5563636363636,-0.251478050987829,3.42227361148054,0.882727272727273,0.880472727272727,0.886127272727273
113312,68347,44965,0.63303232262588,0.622688629677709,0.617669881969244,35.98,34.5618181818182,29.4581818181818,1.08727272727273,34.1618181818182,0.269090909090909,25.6563636363636,0.245454545454545,38.58,-0.247170300667428,3.40067958479578,0.882727272727273,0.880472727272727,0.886127272727273
113351,68372,44979,0.633015032107523,0.622580758909103,0.617517544603655,35.98,34.5581818181818,29.4618181818182,1.08181818181818,34.1981818181818,0.250909090909091,25.6236363636364,0.227272727272727,38.6181818181818,-0.245192778152837,3.38187535892833,0.882727272727273,0.880472727272727,0.886127272727273
113437,68406,45031,0.632964820949635,0.622463403536017,0.617372232814491,35.9709090909091,34.56,29.4690909090909,1.08,34.2236363636364,0.254545454545455,25.5909090909091,0.209090909090909,38.6418181818182,-0.243364239115776,3.37945416732268,0.882727272727273,0.880472727272727,0.886127272727273
113571,68448,45123,0.632974117834996,0.622681040267426,0.617099556866497,35.9654545454545,34.5563636363636,29.4781818181818,1.07636363636364,34.2454545454545,0.278181818181818,25.5218181818182,0.216363636363636,38.6618181818182,-0.238850667653605,3.38677246706052,0.882727272727273,0.880472727272727,0.886127272727273
113562,68476,45086,0.632954749154332,0.622632807352761,0.616894119501389,35.9618181818182,34.5618181818182,29.4763636363636,1.06727272727273,34.2781818181818,0.28,25.4854545454545,0.22,38.6690909090909,-0.23694117650051,3.36514020345428,0.882727272727273,0.880472727272727,0.886127272727273
113726,68517,45209,0.632798646758238,0.622615811759828,0.616734198507413,35.9545454545455,34.5581818181818,29.4872727272727,1.06363636363636,34.3109090909091,0.269090909090909,25.4581818181818,0.2,38.6981818181818,-0.233313138368116,3.37149855765429,0.882727272727273,0.880472727272727,0.886127272727273
113672,68555,45117,0.632636617699209,0.622283884618978,0.616666846668377,35.9490909090909,34.5454545454545,29.5054545454545,1.06545454545455,34.3236363636364,0.267272727272727,25.4309090909091,0.209090909090909,38.7036363636364,-0.229587758709253,3.3433547320691,0.882727272727273,0.880472727272727,0.886127272727273
113652,68575,45077,0.632430646506752,0.622206599650878,0.616519762663681,35.94,34.5545454545455,29.5054545454545,1.06363636363636,34.34,0.261818181818182,25.4036363636364,0.221818181818182,38.7090909090909,-0.228058725739406,3.32223362949761,0.882727272727273,0.880472727272727,0.886127272727273
113668,68597,45071,0.632337551206488,0.622244521732948,0.616430920970267,35.9327272727273,34.5527272727273,29.5145454545455,1.06181818181818,34.3563636363636,0.269090909090909,25.3781818181818,0.190909090909091,38.7436363636364,-0.22587863154794,3.30134916711937,0.882727272727273,0.880472727272727,0.886127272727273
113767,68619,45148,0.632246138751051,0.622163815421523,0.61647706272519,35.9309090909091,34.54,29.5290909090909,1.05818181818182,34.3854545454545,0.270909090909091,25.3309090909091,0.207272727272727,38.7472727272727,-0.224082084563137,3.29563767151399,0.882727272727273,0.880472727272727,0.886127272727273
113908,68647,45261,0.632268862863717,0.622220499327994,0.616444588554095,35.9309090909091,34.5418181818182,29.5272727272727,1.05454545454545,34.4090909090909,0.28,25.2909090909091,0.203636363636364,38.7618181818182,-0.221841165004298,3.30517384965311,0.882727272727273,0.880472727272727,0.886127272727273
113931,68685,45246,0.632087435789827,0.622082634457574,0.61644056842654,35.9363636363636,34.5327272727273,29.5309090909091,1.05636363636364,34.4509090909091,0.263636363636364,25.2618181818182,0.2,38.7672727272727,-0.217367126005278,3.29015499245037,0.882727272727273,0.880472727272727,0.886127272727273
113909,68701,45208,0.632006021528486,0.621961228865622,0.616341672359077,35.9363636363636,34.5363636363636,29.5272727272727,1.05272727272727,34.4745454545455,0.263636363636364,25.2327272727273,0.2,38.7763636363636,-0.216591231084683,3.26712518673051,0.882727272727273,0.880472727272727,0.886127272727273
113914,68719,45195,0.632045513117123,0.621872166861387,0.616214287742996,35.94,34.5381818181818,29.5218181818182,1.05272727272727,34.4909090909091,0.263636363636364,25.1981818181818,0.216363636363636,38.7781818181818,-0.215347717776471,3.24862325001847,0.882727272727273,0.880472727272727,0.886127272727273
113961,68748,45213,0.631991797043778,0.621647033636033,0.616128299322316,35.94,34.5345454545455,29.5254545454545,1.04909090909091,34.5272727272727,0.258181818181818,25.1690909090909,0.223636363636364,38.7727272727273,-0.212611267726276,3.23781094903296,0.882727272727273,0.880472727272727,0.886127272727273
113977,68766,45211,0.631842425523893,0.621450881706368,0.616097515607645,35.9363636363636,34.5290909090909,29.5345454545455,1.05090909090909,34.5509090909091,0.254545454545455,25.1436363636364,0.212727272727273,38.7872727272727,-0.210295821461742,3.22360431944782,0.882727272727273,0.880472727272727,0.886127272727273
114103,68789,45314,0.631732381148084,0.621646073877624,0.616025826637831,35.9290909090909,34.5363636363636,29.5345454545455,1.05272727272727,34.5781818181818,0.254545454545455,25.0890909090909,0.203636363636364,38.8218181818182,-0.208300267951563,3.2252518303015,0.882727272727273,0.880472727272727,0.886127272727273
114077,68804,45273,0.631589451329931,0.621626140523521,0.615961674662134,35.9236363636364,34.5363636363636,29.54,1.05090909090909,34.5945454545455,0.250909090909091,25.0654545454545,0.194545454545455,38.8436363636364,-0.207899415857074,3.19789930378849,0.882727272727273,0.880472727272727,0.886127272727273
114081,68815,45266,0.63153820052277,0.621407117609957,0.615901643443482,35.9254545454545,34.5272727272727,29.5472727272727,1.05272727272727,34.6163636363636,0.261818181818182,25.0109090909091,0.205454545454545,38.8527272727273,-0.206237489880401,3.18724741366777,0.882727272727273,0.880472727272727,0.886127272727273
114109,68843,45266,0.631573175346886,0.621400361520229,0.615817822561023,35.9236363636364,34.5290909090909,29.5472727272727,1.05272727272727,34.64,0.243636363636364,24.9854545454545,0.205454545454545,38.8727272727273,-0.20396927841939,3.17100969160145,0.882727272727273,0.880472727272727,0.886127272727273
114173,68859,45314,0.631515168427514,0.621492075433032,0.615757019903037,35.9218181818182,34.5290909090909,29.5490909090909,1.05272727272727,34.6490909090909,0.225454545454545,24.98,0.198181818181818,38.8945454545455,-0.202737804390067,3.16348733874885,0.882727272727273,0.880472727272727,0.886127272727273
114240,68893,45347,0.631560606499408,0.621365368423266,0.615725948885742,35.9181818181818,34.5218181818182,29.56,1.04909090909091,34.6654545454545,0.22,24.9690909090909,0.198181818181818,38.8981818181818,-0.200239030455916,3.1531028016047,0.882727272727273,0.880472727272727,0.886127272727273
114239,68907,45332,0.631446185170219,0.621296133830635,0.615634642912536,35.9163636363636,34.5218181818182,29.5618181818182,1.04909090909091,34.6872727272727,0.218181818181818,24.9436363636364,0.181818181818182,38.92,-0.199613454417241,3.13441978557543,0.882727272727273,0.880472727272727,0.886127272727273
114343,68929,45414,0.631331405639934,0.621358449828885,0.615661961946722,35.9109090909091,34.5345454545455,29.5545454545455,1.04363636363636,34.7090909090909,0.207272727272727,24.9309090909091,0.183636363636364,38.9254545454545,-0.196827817689204,3.13173067136244,0.882727272727273,0.880472727272727,0.886127272727273
114333,68941,45392,0.631306964645395,0.621363855598623,0.615519025651289,35.9109090909091,34.5290909090909,29.56,1.04181818181818,34.7381818181818,0.194545454545455,24.92,0.169090909090909,38.9363636363636,-0.195227027906698,3.12424217665737,0.882727272727273,0.880472727272727,0.886127272727273
114210,68961,45249,0.630929893297327,0.621216994290431,0.615479137288852,35.8981818181818,34.5363636363636,29.5654545454545,1.04181818181818,34.7509090909091,0.210909090909091,24.8709090909091,0.178181818181818,38.9472727272727,-0.193458418088796,3.08048215156252,0.882727272727273,0.880472727272727,0.886127272727273
114277,68985,45292,0.63113156441613,0.621021986830647,0.615332160575665,35.8963636363636,34.5363636363636,29.5672727272727,1.04363636363636,34.7690909090909,0.209090909090909,24.8309090909091,0.185454545454545,38.9618181818182,-0.191654267107052,3.0766781095754,0.882727272727273,0.880472727272727,0.886127272727273
114322,68986,45336,0.631092865469116,0.62088768799592,0.615371854064496,35.8963636363636,34.5381818181818,29.5654545454545,1.03818181818182,34.7854545454545,0.209090909090909,24.8163636363636,0.178181818181818,38.9727272727273,-0.190956022645431,3.06404230025682,0.882727272727273,0.880472727272727,0.886127272727273
114410,69006,45404,0.63095780040739,0.620923846263276,0.61523402635174,35.8945454545455,34.5418181818182,29.5636363636364,1.03454545454545,34.8,0.201818181818182,24.8,0.181818181818182,38.9818181818182,-0.188435244346461,3.05062570165504,0.882727272727273,0.880472727272727,0.886127272727273
114400,69018,45382,0.63094118018479,0.620976282942901,0.615159601153828,35.8909090909091,34.5490909090909,29.56,1.03454545454545,34.8090909090909,0.205454545454545,24.7709090909091,0.176363636363636,39.0036363636364,-0.186539922457781,3.02934810763056,0.882727272727273,0.880472727272727,0.886127272727273
114423,69037,45386,0.630881196254426,0.620827283807757,0.615111541214287,35.8909090909091,34.5381818181818,29.5709090909091,1.03090909090909,34.8363636363636,0.2,24.7472727272727,0.18,39.0054545454545,-0.184321476298977,3.01910045174035,0.882727272727273,0.880472727272727,0.886127272727273
114367,69051,45316,0.630754400886491,0.620688504356355,0.615005073764127,35.8927272727273,34.5363636363636,29.5709090909091,1.02545454545455,34.8654545454545,0.196363636363636,24.6927272727273,0.178181818181818,39.0418181818182,-0.182745139173825,2.9947837929834,0.882727272727273,0.880472727272727,0.886127272727273
114290,69067,45223,0.63074311917249,0.620412733558174,0.61495493423801,35.8927272727273,34.5290909090909,29.5781818181818,1.02363636363636,34.8818181818182,0.210909090909091,24.6581818181818,0.178181818181818,39.0472727272727,-0.180969510333274,2.96661258610812,0.882727272727273,0.880472727272727,0.886127272727273
114310,69073,45237,0.630686784309413,0.620437399601282,0.614958763543291,35.8909090909091,34.5345454545455,29.5745454545455,1.01454545454545,34.9036363636364,0.218181818181818,24.6072727272727,0.183636363636364,39.0727272727273,-0.1805148224812,2.95926720757376,0.882727272727273,0.880472727272727,0.886127272727273
114318,69083,45235,0.630634889783688,0.620380913176196,0.614893601613054,35.8890909090909,34.5363636363636,29.5745454545455,1.01454545454545,34.9418181818182,0.207272727272727,24.5581818181818,0.189090909090909,39.0890909090909,-0.180242942004803,2.94628312669017,0.882727272727273,0.880472727272727,0.886127272727273
114270,69091,45179,0.630518301862629,0.620234109982741,0.614877664120614,35.8836363636364,34.5363636363636,29.58,1.01090909090909,34.9836363636364,0.212727272727273,24.4945454545455,0.183636363636364,39.1145454545455,-0.179184798345986,2.91645303856243,0.882727272727273,0.880472727272727,0.886127272727273
114244,69097,45147,0.630484738131588,0.62021248307922,0.614659674845077,35.8836363636364,34.5363636363636,29.58,1.00363636363636,35.0127272727273,0.196363636363636,24.4872727272727,0.170909090909091,39.1290909090909,-0.179261755412021,2.89935906969688,0.882727272727273,0.880472727272727,0.886127272727273
114365,69119,45246,0.630453517078434,0.62032761869255,0.614662863033471,35.8818181818182,34.5345454545455,29.5836363636364,1.00363636363636,35.0254545454545,0.221818181818182,24.4345454545455,0.169090909090909,39.1454545454545,-0.176945487593978,2.90809729038314,0.882727272727273,0.880472727272727,0.886127272727273
114397,69122,45275,0.63039492280323,0.620320334094339,0.61460365501571,35.8781818181818,34.54,29.5818181818182,1.00181818181818,35.0636363636364,0.196363636363636,24.4127272727273,0.167272727272727,39.1581818181818,-0.176340320344422,2.89786430658265,0.882727272727273,0.880472727272727,0.886127272727273
114361,69130,45231,0.630379226500251,0.620046304798713,0.614471576059384,35.88,34.54,29.58,0.994545454545454,35.0890909090909,0.203636363636364,24.3836363636364,0.152727272727273,39.1763636363636,-0.175105681208978,2.8744921207428,0.882727272727273,0.880472727272727,0.886127272727273
114364,69138,45226,0.630354297074478,0.619956793368867,0.614451449298847,35.8818181818182,34.5418181818182,29.5763636363636,0.994545454545454,35.1218181818182,0.181818181818182,24.3436363636364,0.161818181818182,39.1963636363636,-0.174380048823712,2.8585911385715,0.882727272727273,0.880472727272727,0.886127272727273
114400,69149,45251,0.630315535604224,0.619814520990147,0.614417134818464,35.8854545454545,34.5381818181818,29.5763636363636,0.992727272727273,35.1327272727273,0.176363636363636,24.3345454545455,0.136363636363636,39.2272727272727,-0.173322487364269,2.84712690389292,0.882727272727273,0.880472727272727,0.886127272727273
114301,69156,45145,0.630116209999871,0.619644482668349,0.61437507284837,35.8818181818182,34.5363636363636,29.5818181818182,0.983636363636364,35.1545454545455,0.170909090909091,24.3090909090909,0.132727272727273,39.2490909090909,-0.172517029126175,2.8100676775656,0.882727272727273,0.880472727272727,0.886127272727273
114220,69169,45051,0.629999872623255,0.619500703495202,0.614294292910453,35.8836363636364,34.5345454545455,29.5818181818182,0.981818181818182,35.1745454545455,0.16,24.2763636363636,0.136363636363636,39.2709090909091,-0.171224384416233,2.77985970364376,0.882727272727273,0.880472727272727,0.886127272727273
114136,69173,44963,0.629893401746775,0.619383382797223,0.614199409889355,35.8836363636364,34.5381818181818,29.5781818181818,0.976363636363636,35.2036363636364,0.16,24.2218181818182,0.145454545454545,39.2927272727273,-0.171155750736679,2.74284186254848,0.882727272727273,0.880472727272727,0.886127272727273
114359,69181,45178,0.629930229808466,0.619599361817319,0.614200677834318,35.8836363636364,34.5345454545455,29.5818181818182,0.967272727272727,35.2363636363636,0.165454545454545,24.1618181818182,0.136363636363636,39.3327272727273,-0.170082955642349,2.76451677842574,0.882727272727273,0.880472727272727,0.886127272727273
114363,69185,45178,0.629877988779609,0.619635496760798,0.614146239037137,35.88,34.54,29.58,0.963636363636364,35.26,0.158181818181818,24.12,0.138181818181818,39.36,-0.169888279222968,2.7557643618096,0.882727272727273,0.880472727272727,0.886127272727273
114453,69196,45257,0.629833883920416,0.619608058996594,0.614180251657808,35.8781818181818,34.54,29.5818181818182,0.963636363636364,35.2545454545455,0.161818181818182,24.1018181818182,0.132727272727273,39.3854545454545,-0.168226293715733,2.75918015255169,0.882727272727273,0.880472727272727,0.886127272727273
114530,69206,45324,0.629811788423021,0.619514275233955,0.614175107695413,35.8818181818182,34.5345454545455,29.5836363636364,0.96,35.2745454545455,0.149090909090909,24.0854545454545,0.129090909090909,39.4018181818182,-0.167407501393675,2.75681248767809,0.882727272727273,0.880472727272727,0.886127272727273
114514,69214,45300,0.6297133624266,0.619380029109246,0.614163339320412,35.8781818181818,34.5327272727273,29.5890909090909,0.956363636363636,35.2836363636364,0.143636363636364,24.0563636363636,0.138181818181818,39.4218181818182,-0.166078586673195,2.73428406390277,0.882727272727273,0.880472727272727,0.886127272727273
114450,69218,45232,0.62966114647246,0.619298879587357,0.614116765416051,35.8763636363636,34.5345454545455,29.5890909090909,0.954545454545455,35.2763636363636,0.134545454545455,24.0618181818182,0.136363636363636,39.4363636363636,-0.165711762042801,2.71377758099274,0.882727272727273,0.880472727272727,0.886127272727273
114418,69222,45196,0.629695813170244,0.619308074184439,0.614032392446513,35.8763636363636,34.5381818181818,29.5854545454545,0.949090909090909,35.2672727272727,0.136363636363636,24.0527272727273,0.16,39.4345454545455,-0.165486244529232,2.7009805412455,0.882727272727273,0.880472727272727,0.886127272727273
114476,69238,45238,0.629691017637064,0.619254993004055,0.613992273591127,35.8818181818182,34.5309090909091,29.5872727272727,0.941818181818182,35.2636363636364,0.152727272727273,24.0145454545455,0.143636363636364,39.4836363636364,-0.163437181081496,2.68926318585873,0.882727272727273,0.880472727272727,0.886127272727273
114533,69242,45291,0.629682512431778,0.619295536261853,0.613987423071333,35.8836363636364,34.5290909090909,29.5872727272727,0.94,35.2636363636364,0.154545454545455,24.0018181818182,0.132727272727273,39.5072727272727,-0.163090025175304,2.68490742119876,0.882727272727273,0.880472727272727,0.886127272727273
114549,69250,45299,0.629675525139304,0.619183597530386,0.613933940764913,35.8854545454545,34.5272727272727,29.5872727272727,0.938181818181818,35.26,0.14,23.9909090909091,0.145454545454545,39.5254545454545,-0.162790537137268,2.67576880306005,0.882727272727273,0.880472727272727,0.886127272727273
114453,69258,45195,0.629640500097138,0.619002899105233,0.613815125572717,35.8854545454545,34.5327272727273,29.5818181818182,0.932727272727273,35.26,0.145454545454545,23.9836363636364,0.127272727272727,39.5509090909091,-0.16075905763092,2.64941228677265,0.882727272727273,0.880472727272727,0.886127272727273
114461,69261,45200,0.629614566442026,0.618928405250829,0.61378636761674,35.8854545454545,34.5345454545455,29.58,0.930909090909091,35.2509090909091,0.149090909090909,23.9690909090909,0.123636363636364,39.5763636363636,-0.159384478743133,2.63955509466204,0.882727272727273,0.880472727272727,0.886127272727273
114476,69265,45211,0.629648796517261,0.618784169870356,0.613785975785007,35.8909090909091,34.5272727272727,29.5818181818182,0.927272727272727,35.2490909090909,0.136363636363636,23.9672727272727,0.134545454545455,39.5854545454546,-0.159326782713337,2.6283724789423,0.882727272727273,0.880472727272727,0.886127272727273
114543,69272,45271,0.629637088842055,0.618778195935951,0.613891359415807,35.8927272727273,34.5309090909091,29.5763636363636,0.921818181818182,35.2672727272727,0.116363636363636,23.9418181818182,0.143636363636364,39.6090909090909,-0.158780374103877,2.61810655580326,0.882727272727273,0.880472727272727,0.886127272727273
114510,69279,45231,0.629598470316968,0.61868330721978,0.613828756086768,35.8890909090909,34.5345454545455,29.5763636363636,0.918181818181818,35.2563636363636,0.145454545454545,23.9109090909091,0.132727272727273,39.6363636363636,-0.157651848058363,2.60666492933577,0.882727272727273,0.880472727272727,0.886127272727273
114623,69290,45333,0.62952054719791,0.61876734688117,0.613765483225853,35.8890909090909,34.5345454545455,29.5763636363636,0.916363636363636,35.2654545454545,0.121818181818182,23.9109090909091,0.129090909090909,39.6563636363636,-0.156546124365228,2.60257736336101,0.882727272727273,0.880472727272727,0.886127272727273
114924,69303,45621,0.62950589470329,0.618717338821578,0.614152759128849,35.8909090909091,34.5290909090909,29.58,0.914545454545455,35.2490909090909,0.14,23.88,0.138181818181818,39.6781818181818,-0.155402961905665,2.63442833017219,0.882727272727273,0.880472727272727,0.886127272727273
114983,69317,45666,0.629507743574466,0.618731079482025,0.614073071720284,35.8945454545455,34.5254545454545,29.58,0.912727272727273,35.2563636363636,0.138181818181818,23.8545454545455,0.147272727272727,39.6909090909091,-0.154342032955868,2.63090135075829,0.882727272727273,0.880472727272727,0.886127272727273
114866,69325,45541,0.629581061248275,0.618516693214571,0.614033859575591,35.8927272727273,34.5290909090909,29.5781818181818,0.912727272727273,35.26,0.14,23.82,0.14,39.7272727272727,-0.153588813629755,2.6122710597786,0.882727272727273,0.880472727272727,0.886127272727273
114949,69339,45610,0.629625382623874,0.618487747800855,0.614085622547676,35.8963636363636,34.5236363636364,29.58,0.910909090909091,35.2763636363636,0.118181818181818,23.8036363636364,0.143636363636364,39.7472727272727,-0.151831003184403,2.6075645877895,0.882727272727273,0.880472727272727,0.886127272727273
115097,69358,45739,0.62955977715685,0.618764616731635,0.613993814002667,35.8963636363636,34.5290909090909,29.5745454545455,0.907272727272727,35.2745454545455,0.118181818181818,23.7890909090909,0.134545454545455,39.7763636363636,-0.150798579681015,2.61384231976487,0.882727272727273,0.880472727272727,0.886127272727273
115098,69363,45735,0.629568276183501,0.618696094052252,0.613974520195952,35.8963636363636,34.5236363636364,29.58,0.905454545454545,35.2836363636364,0.121818181818182,23.7727272727273,0.105454545454545,39.8109090909091,-0.149615144447687,2.5971283709461,0.882727272727273,0.880472727272727,0.886127272727273
115128,69365,45763,0.629593707182395,0.618716614967101,0.613973359217242,35.8963636363636,34.5218181818182,29.5818181818182,0.903636363636364,35.2781818181818,0.14,23.7490909090909,0.0981818181818182,39.8309090909091,-0.150417082578513,2.59274101054127,0.882727272727273,0.880472727272727,0.886127272727273
115243,69367,45876,0.629553405152195,0.618697230382659,0.613970250631986,35.8963636363636,34.5218181818182,29.5818181818182,0.901818181818182,35.2836363636364,0.14,23.7290909090909,0.0854545454545454,39.86,-0.149940407645541,2.59394420663064,0.882727272727273,0.880472727272727,0.886127272727273
115312,69381,45931,0.629628934088976,0.618511307358763,0.613968793640376,35.8890909090909,34.5327272727273,29.5781818181818,0.896363636363636,35.3236363636364,0.107272727272727,23.6981818181818,0.0890909090909091,39.8854545454545,-0.148484608920146,2.59574565630067,0.882727272727273,0.880472727272727,0.886127272727273
115206,69385,45821,0.62960493799829,0.618290300372959,0.613934701729169,35.8909090909091,34.5309090909091,29.5781818181818,0.896363636363636,35.3127272727273,0.136363636363636,23.6527272727273,0.0909090909090909,39.9109090909091,-0.147493939154645,2.5645181633532,0.882727272727273,0.880472727272727,0.886127272727273
115230,69395,45835,0.629508586859863,0.618214238755817,0.613935791088397,35.8909090909091,34.5254545454545,29.5836363636364,0.892727272727273,35.3363636363636,0.125454545454545,23.6345454545455,0.0854545454545454,39.9254545454545,-0.146131033398524,2.55516408241608,0.882727272727273,0.880472727272727,0.886127272727273
115193,69391,45802,0.629499621953553,0.618203350549333,0.613964414231559,35.8927272727273,34.5236363636364,29.5836363636364,0.890909090909091,35.3509090909091,0.118181818181818,23.6109090909091,0.1,39.9290909090909,-0.147079908833819,2.53950091783296,0.882727272727273,0.880472727272727,0.886127272727273
115240,69393,45847,0.629400047186629,0.618337455621586,0.613929447165573,35.8909090909091,34.5272727272727,29.5818181818182,0.885454545454545,35.3527272727273,0.14,23.5854545454545,0.0890909090909091,39.9472727272727,-0.145863816630861,2.54261532276869,0.882727272727273,0.880472727272727,0.886127272727273
115169,69395,45774,0.629357252256968,0.618330644665884,0.613946802964495,35.8890909090909,34.5272727272727,29.5836363636364,0.881818181818182,35.3527272727273,0.149090909090909,23.5563636363636,0.103636363636364,39.9563636363636,-0.145943568291808,2.5287118262188,0.882727272727273,0.880472727272727,0.886127272727273
115213,69395,45818,0.629326850479288,0.618284121665713,0.613859002903127,35.8872727272727,34.5327272727273,29.58,0.881818181818182,35.3636363636364,0.136363636363636,23.5563636363636,0.103636363636364,39.9581818181818,-0.146264306269586,2.52629345404831,0.882727272727273,0.880472727272727,0.886127272727273
115241,69399,45842,0.629271849588518,0.618271315090423,0.613898710132255,35.8818181818182,34.5418181818182,29.5763636363636,0.881818181818182,35.3709090909091,0.127272727272727,23.5472727272727,0.0909090909090909,39.9818181818182,-0.146534211591676,2.5180517622693,0.882727272727273,0.880472727272727,0.886127272727273
115385,69403,45982,0.629443373861316,0.618225372586844,0.613845059006427,35.8836363636364,34.5381818181818,29.5781818181818,0.88,35.3745454545455,0.112727272727273,23.5581818181818,0.0890909090909091,39.9854545454545,-0.144552593497362,2.52845725620335,0.882727272727273,0.880472727272727,0.886127272727273
115433,69408,46025,0.62944228457288,0.618241036032929,0.613806225811288,35.8872727272727,34.5345454545455,29.5781818181818,0.878181818181818,35.3872727272727,0.101818181818182,23.5436363636364,0.105454545454545,39.9836363636364,-0.143914200137029,2.52840025282719,0.882727272727273,0.880472727272727,0.886127272727273
115404,69413,45991,0.629444080387373,0.618156588370473,0.613777662935653,35.8890909090909,34.5327272727273,29.5781818181818,0.878181818181818,35.3836363636364,0.110909090909091,23.5181818181818,0.114545454545455,39.9945454545455,-0.142971170044224,2.50811823992567,0.882727272727273,0.880472727272727,0.886127272727273
115419,69420,45999,0.629473482905175,0.618147160135671,0.613798988740573,35.8854545454545,34.5381818181818,29.5763636363636,0.88,35.3836363636364,0.101818181818182,23.5127272727273,0.114545454545455,40.0072727272727,-0.142167920400144,2.50119636966424,0.882727272727273,0.880472727272727,0.886127272727273
115421,69424,45997,0.629413877748672,0.618077328213281,0.613788708837202,35.8836363636364,34.5363636363636,29.58,0.878181818181818,35.3963636363636,0.101818181818182,23.4872727272727,0.107272727272727,40.0290909090909,-0.140296835964843,2.48013186339628,0.882727272727273,0.880472727272727,0.886127272727273
115513,69440,46073,0.629388740939832,0.618051346336919,0.6138036234332,35.8909090909091,34.5327272727273,29.5763636363636,0.88,35.3890909090909,0.118181818181818,23.4709090909091,0.0890909090909091,40.0527272727273,-0.139000446385812,2.48035680299455,0.882727272727273,0.880472727272727,0.886127272727273
115503,69433,46070,0.629408345979297,0.618007509714042,0.613741823982341,35.8945454545455,34.5290909090909,29.5763636363636,0.878181818181818,35.4036363636364,0.105454545454545,23.4636363636364,0.0963636363636364,40.0527272727273,-0.139971442051385,2.46991643580523,0.882727272727273,0.880472727272727,0.886127272727273
115550,69441,46109,0.629420757317191,0.618134584294993,0.613734864029674,35.8981818181818,34.5254545454545,29.5763636363636,0.878181818181818,35.3981818181818,0.121818181818182,23.4618181818182,0.0854545454545454,40.0545454545455,-0.139449157192146,2.47041469968178,0.882727272727273,0.880472727272727,0.886127272727273
115587,69447,46140,0.629486469464406,0.618101724606968,0.613709819441676,35.9,34.5254545454545,29.5745454545455,0.876363636363636,35.4181818181818,0.103636363636364,23.4581818181818,0.0909090909090909,40.0527272727273,-0.139088907057835,2.46124103726311,0.882727272727273,0.880472727272727,0.886127272727273
115347,69453,45894,0.629467824702796,0.617634263593315,0.613718206119622,35.8981818181818,34.52,29.5818181818182,0.876363636363636,35.4236363636364,0.1,23.4436363636364,0.0872727272727273,40.0690909090909,-0.138850870553407,2.4102731813084,0.882727272727273,0.880472727272727,0.886127272727273
115372,69461,45911,0.629406857228567,0.61765941978766,0.613757388215565,35.8945454545455,34.5254545454545,29.58,0.874545454545455,35.4290909090909,0.0981818181818182,23.4381818181818,0.0945454545454545,40.0654545454545,-0.138095833452164,2.40053105916489,0.882727272727273,0.880472727272727,0.886127272727273
115341,69466,45875,0.629398230634297,0.617504702148468,0.613764755330491,35.8963636363636,34.52,29.5836363636364,0.869090909090909,35.4236363636364,0.116363636363636,23.4309090909091,0.0909090909090909,40.0690909090909,-0.137447208107849,2.38222908784043,0.882727272727273,0.880472727272727,0.886127272727273
115396,69466,45930,0.629435582063452,0.617499521636123,0.613698956580856,35.8981818181818,34.5163636363636,29.5854545454545,0.869090909090909,35.4327272727273,0.0963636363636364,23.4436363636364,0.0872727272727273,40.0709090909091,-0.138485513445134,2.37828861122782,0.882727272727273,0.880472727272727,0.886127272727273
115382,69468,45914,0.629430380346233,0.617422978480669,0.613711903668507,35.8981818181818,34.5145454545455,29.5872727272727,0.869090909090909,35.42,0.101818181818182,23.4363636363636,0.0818181818181818,40.0909090909091,-0.138417593572938,2.36555365134369,0.882727272727273,0.880472727272727,0.886127272727273
115393,69472,45921,0.629425914562136,0.617375149310408,0.613678122947463,35.9,34.5145454545455,29.5854545454545,0.867272727272727,35.4218181818182,0.0981818181818182,23.4218181818182,0.0836363636363636,40.1072727272727,-0.138210210863888,2.35676246688447,0.882727272727273,0.880472727272727,0.886127272727273
115493,69471,46022,0.62938977120061,0.617545945348991,0.613673232306762,35.9018181818182,34.5163636363636,29.5818181818182,0.867272727272727,35.4072727272727,0.118181818181818,23.3963636363636,0.0836363636363636,40.1272727272727,-0.137956313271769,2.36423645005985,0.882727272727273,0.880472727272727,0.886127272727273
115476,69477,45999,0.62944601856787,0.617518792356003,0.61356015718861,35.9,34.52,29.58,0.863636363636364,35.4109090909091,0.123636363636364,23.3854545454545,0.08,40.1363636363636,-0.137338543022584,2.36050459370017,0.882727272727273,0.880472727272727,0.886127272727273
115521,69483,46038,0.629557971200289,0.617455264928132,0.613531243340708,35.9,34.5218181818182,29.5781818181818,0.858181818181818,35.4218181818182,0.112727272727273,23.3763636363636,0.0727272727272727,40.1581818181818,-0.137360955935583,2.35599681345577,0.882727272727273,0.880472727272727,0.886127272727273
115560,69491,46069,0.629565033465511,0.617363423368191,0.613504138810383,35.9,34.5181818181818,29.5818181818182,0.86,35.4290909090909,0.1,23.3654545454545,0.0654545454545455,40.18,-0.136669417115594,2.34666951972653,0.882727272727273,0.880472727272727,0.886127272727273
115532,69493,46039,0.629558804129264,0.617268635781783,0.613511543573076,35.9018181818182,34.5145454545455,29.5836363636364,0.86,35.44,0.107272727272727,23.3436363636364,0.0763636363636364,40.1727272727273,-0.13566784062651,2.33357520513237,0.882727272727273,0.880472727272727,0.886127272727273
115602,69499,46103,0.629512402766446,0.617338999458858,0.613514215048577,35.8981818181818,34.5163636363636,29.5854545454545,0.86,35.4545454545455,0.0927272727272727,23.3309090909091,0.0527272727272727,40.2090909090909,-0.135572823244762,2.33295854289423,0.882727272727273,0.880472727272727,0.886127272727273
115561,69500,46061,0.629429963371688,0.61728683228368,0.613435094613343,35.8963636363636,34.5163636363636,29.5872727272727,0.861818181818182,35.4527272727273,0.101818181818182,23.3090909090909,0.0527272727272727,40.2218181818182,-0.13485608473435,2.31926805380393,0.882727272727273,0.880472727272727,0.886127272727273
115528,69510,46018,0.62937543950376,0.61717937242094,0.613420079569018,35.8945454545455,34.5181818181818,29.5872727272727,0.86,35.4636363636364,0.101818181818182,23.2690909090909,0.0690909090909091,40.2363636363636,-0.134310620714959,2.31059028809382,0.882727272727273,0.880472727272727,0.886127272727273
115584,69506,46078,0.629428791993195,0.617241774995137,0.613376923831538,35.9,34.5181818181818,29.5818181818182,0.858181818181818,35.48,0.101818181818182,23.2545454545455,0.0618181818181818,40.2436363636364,-0.135373228005185,2.29418342350559,0.882727272727273,0.880472727272727,0.886127272727273
115551,69513,46038,0.629441298991122,0.617123485960308,0.613313127896478,35.9036363636364,34.5163636363636,29.58,0.854545454545454,35.4836363636364,0.109090909090909,23.2436363636364,0.0618181818181818,40.2472727272727,-0.133913949909435,2.28458942605013,0.882727272727273,0.880472727272727,0.886127272727273
115297,69519,45778,0.629453028570261,0.616727387777349,0.613425630252586,35.9054545454545,34.5181818181818,29.5763636363636,0.854545454545454,35.5018181818182,0.103636363636364,23.2090909090909,0.0763636363636364,40.2545454545455,-0.1338372201568,2.22992972206663,0.882727272727273,0.880472727272727,0.886127272727273
115298,69520,45778,0.629431244459229,0.616757004468203,0.61340315577626,35.9072727272727,34.5236363636364,29.5690909090909,0.852727272727273,35.5181818181818,0.105454545454545,23.1727272727273,0.08,40.2709090909091,-0.13579876753118,2.21788163469596,0.882727272727273,0.880472727272727,0.886127272727273
115373,69522,45851,0.629424923888971,0.616858657478314,0.613482859181965,35.9054545454545,34.5290909090909,29.5654545454545,0.852727272727273,35.5381818181818,0.0909090909090909,23.1581818181818,0.0745454545454545,40.2854545454545,-0.136498958264168,2.225419976122,0.882727272727273,0.880472727272727,0.886127272727273
115396,69526,45870,0.629424710411982,0.616806976217846,0.613489253134822,35.9072727272727,34.5254545454545,29.5672727272727,0.850909090909091,35.5490909090909,0.0981818181818182,23.1254545454545,0.08,40.2963636363636,-0.13664270431266,2.21740815703842,0.882727272727273,0.880472727272727,0.886127272727273
115427,69530,45897,0.629431164041229,0.616725206254582,0.613430014604886,35.9090909090909,34.5254545454545,29.5654545454545,0.849090909090909,35.5654545454545,0.0981818181818182,23.0945454545455,0.08,40.3127272727273,-0.136644546281687,2.21565017361533,0.882727272727273,0.880472727272727,0.886127272727273
115287,69538,45749,0.629372276796941,0.61663859441099,0.613515814539634,35.9054545454545,34.5290909090909,29.5654545454545,0.849090909090909,35.6018181818182,0.0909090909090909,23.0436363636364,0.0890909090909091,40.3254545454545,-0.135284408900357,2.19124238441952,0.882727272727273,0.880472727272727,0.886127272727273
115247,69538,45709,0.62934444059943,0.616503309247214,0.613537046844738,35.8981818181818,34.5290909090909,29.5727272727273,0.849090909090909,35.6127272727273,0.0890909090909091,23.0163636363636,0.0709090909090909,40.3618181818182,-0.134412424958315,2.17609551215375,0.882727272727273,0.880472727272727,0.886127272727273
115177,69539,45638,0.629280092603481,0.616351685692354,0.613504272071622,35.8981818181818,34.5272727272727,29.5745454545455,0.843636363636364,35.6345454545455,0.0872727272727273,22.98,0.0709090909090909,40.3836363636364,-0.134143644414144,2.15475283646109,0.882727272727273,0.880472727272727,0.886127272727273
115405,69549,45856,0.629278145814206,0.616509565196194,0.613485849237956,35.8963636363636,34.5218181818182,29.5818181818182,0.847272727272727,35.6418181818182,0.0963636363636364,22.9290909090909,0.0709090909090909,40.4145454545455,-0.13240960726947,2.19596489652653,0.882727272727273,0.880472727272727,0.886127272727273
115348,69549,45799,0.629297050054304,0.616442597323591,0.613395309680043,35.8945454545455,34.5236363636364,29.5818181818182,0.847272727272727,35.6490909090909,0.0927272727272727,22.8763636363636,0.0854545454545454,40.4490909090909,-0.13306958106312,2.17632493447851,0.882727272727273,0.880472727272727,0.886127272727273
115202,69551,45651,0.629292855382495,0.616172518499639,0.613393626583877,35.8981818181818,34.5218181818182,29.58,0.849090909090909,35.6509090909091,0.0981818181818182,22.8472727272727,0.0727272727272727,40.4818181818182,-0.133278516709371,2.13271192146296,0.882727272727273,0.880472727272727,0.886127272727273
115174,69556,45618,0.62927030441402,0.616142685493538,0.613420656232287,35.8981818181818,34.5309090909091,29.5709090909091,0.843636363636364,35.6745454545455,0.0890909090909091,22.8254545454545,0.0781818181818182,40.4890909090909,-0.134767559232172,2.11713895983994,0.882727272727273,0.880472727272727,0.886127272727273
115206,69550,45656,0.629272869941151,0.616197372138744,0.61345100946844,35.8981818181818,34.5327272727273,29.5690909090909,0.838181818181818,35.6909090909091,0.0927272727272727,22.7836363636364,0.0763636363636364,40.5181818181818,-0.136066104694129,2.11764378469776,0.882727272727273,0.880472727272727,0.886127272727273
115215,69556,45659,0.629255248637594,0.616243200584966,0.613384396953313,35.8981818181818,34.5345454545455,29.5672727272727,0.832727272727273,35.7018181818182,0.105454545454545,22.7309090909091,0.0872727272727273,40.5418181818182,-0.135191178507656,2.11065029889684,0.882727272727273,0.880472727272727,0.886127272727273
115352,69572,45780,0.629197621735396,0.616324770772276,0.613441131476953,35.9,34.5345454545455,29.5654545454545,0.827272727272727,35.7381818181818,0.0727272727272727,22.6981818181818,0.0890909090909091,40.5745454545455,-0.131689136482485,2.12618181824007,0.882727272727273,0.880472727272727,0.886127272727273
115177,69576,45601,0.629116405027612,0.616139245709585,0.613388635030023,35.9,34.5290909090909,29.5709090909091,0.825454545454545,35.7418181818182,0.0836363636363636,22.66,0.0690909090909091,40.62,-0.128918967023277,2.08313401517543,0.882727272727273,0.880472727272727,0.886127272727273
115058,69574,45484,0.62901756293444,0.616201969765728,0.613132020209779,35.8945454545455,34.5290909090909,29.5763636363636,0.821818181818182,35.7745454545455,0.0945454545454545,22.5963636363636,0.0745454545454545,40.6381818181818,-0.128329018863869,2.04953064507043,0.882727272727273,0.880472727272727,0.886127272727273
115142,69578,45564,0.629047853250764,0.616282279253688,0.613217632411451,35.8963636363636,34.5290909090909,29.5745454545455,0.82,35.8,0.0945454545454545,22.5545454545455,0.0672727272727273,40.6636363636364,-0.128428100135699,2.04783506099643,0.882727272727273,0.880472727272727,0.886127272727273
115091,69584,45507,0.629019538835528,0.61613012305146,0.613206480496879,35.8963636363636,34.5272727272727,29.5763636363636,0.823636363636364,35.8127272727273,0.0872727272727273,22.4836363636364,0.0781818181818182,40.7145454545455,-0.12815462252858,2.03874011971056,0.882727272727273,0.880472727272727,0.886127272727273
115038,69586,45452,0.629042448967489,0.616036916094673,0.613166277705046,35.9018181818182,34.5236363636364,29.5745454545455,0.823636363636364,35.8290909090909,0.0909090909090909,22.4418181818182,0.0690909090909091,40.7454545454545,-0.1272583368319,2.01759900917214,0.882727272727273,0.880472727272727,0.886127272727273
115115,69591,45524,0.629055953376514,0.616141832427474,0.613216395759802,35.9036363636364,34.5309090909091,29.5654545454545,0.821818181818182,35.8527272727273,0.0963636363636364,22.3781818181818,0.0636363636363636,40.7872727272727,-0.128310728239326,2.02811259105802,0.882727272727273,0.880472727272727,0.886127272727273
115173,69599,45574,0.629059728174452,0.616232157301954,0.613140176889215,35.9054545454545,34.5327272727273,29.5618181818182,0.821818181818182,35.8781818181818,0.0909090909090909,22.3327272727273,0.0618181818181818,40.8145454545455,-0.128706532174891,2.02398836455223,0.882727272727273,0.880472727272727,0.886127272727273
115135,69601,45534,0.629059278844527,0.616186542777273,0.613003619307894,35.9054545454545,34.5345454545455,29.56,0.818181818181818,35.9018181818182,0.0909090909090909,22.2672727272727,0.0763636363636364,40.8454545454545,-0.128796987763913,2.0057256244377,0.882727272727273,0.880472727272727,0.886127272727273
115019,69607,45412,0.629015226274983,0.6158442659202,0.613031601129704,35.9018181818182,34.5363636363636,29.5618181818182,0.818181818181818,35.92,0.101818181818182,22.2290909090909,0.0636363636363636,40.8672727272727,-0.126589476612637,1.97202571395107,0.882727272727273,0.880472727272727,0.886127272727273
115015,69610,45405,0.629014597218857,0.615730053788528,0.613050446156007,35.9,34.5345454545455,29.5654545454545,0.814545454545455,35.9636363636364,0.0963636363636364,22.1618181818182,0.0654545454545455,40.8981818181818,-0.125655057799535,1.96311915537173,0.882727272727273,0.880472727272727,0.886127272727273
114916,69610,45306,0.628933237981692,0.615665525748546,0.613012057731862,35.8963636363636,34.5327272727273,29.5709090909091,0.816363636363636,35.9872727272727,0.0818181818181818,22.1054545454545,0.0727272727272727,40.9363636363636,-0.125965812007383,1.93580456073819,0.882727272727273,0.880472727272727,0.886127272727273
114899,69610,45289,0.628982892822816,0.615597819285188,0.612988291367145,35.9,34.5309090909091,29.5690909090909,0.816363636363636,36.0163636363636,0.0836363636363636,22.0490909090909,0.0709090909090909,40.9636363636364,-0.12632188560029,1.91855349025096,0.882727272727273,0.880472727272727,0.886127272727273
114996,69611,45385,0.628991512138728,0.615778371440165,0.613080201156902,35.9,34.54,29.56,0.816363636363636,36.0490909090909,0.0763636363636364,21.9981818181818,0.0745454545454545,40.9854545454545,-0.130089289440713,1.92905078895221,0.882727272727273,0.880472727272727,0.886127272727273
114935,69611,45324,0.628994651914229,0.615571393806562,0.613088532278252,35.9036363636364,34.5345454545455,29.5618181818182,0.818181818181818,36.0781818181818,0.0763636363636364,21.9254545454545,0.0763636363636364,41.0254545454545,-0.129917860108071,1.91880912642757,0.882727272727273,0.880472727272727,0.886127272727273
114969,69615,45354,0.629007336770659,0.615577874950027,0.613094001904,35.9072727272727,34.5327272727273,29.56,0.816363636363636,36.1181818181818,0.0709090909090909,21.8490909090909,0.0781818181818182,41.0672727272727,-0.129678367668583,1.91622823067856,0.882727272727273,0.880472727272727,0.886127272727273
115029,69619,45410,0.628997611100231,0.615544165672805,0.613073698560648,35.9054545454545,34.5345454545455,29.56,0.812727272727273,36.1454545454545,0.0636363636363636,21.8127272727273,0.0690909090909091,41.0963636363636,-0.128621597886889,1.90846731694923,0.882727272727273,0.880472727272727,0.886127272727273
115033,69624,45409,0.628958624932614,0.61543266507689,0.613079087037152,35.9054545454545,34.5290909090909,29.5654545454545,0.812727272727273,36.1618181818182,0.0672727272727273,21.7818181818182,0.0672727272727273,41.1090909090909,-0.125880396376041,1.89496092292565,0.882727272727273,0.880472727272727,0.886127272727273
114982,69632,45350,0.628979790036393,0.615265849640395,0.612942434777236,35.9072727272727,34.5236363636364,29.5690909090909,0.816363636363636,36.18,0.0745454545454545,21.7163636363636,0.0636363636363636,41.1490909090909,-0.124286287533852,1.87794670844451,0.882727272727273,0.880472727272727,0.886127272727273
114828,69631,45197,0.628991806086723,0.615067957289809,0.612862146050361,35.9090909090909,34.5236363636364,29.5672727272727,0.818181818181818,36.2036363636364,0.0727272727272727,21.6636363636364,0.0709090909090909,41.1709090909091,-0.124710729516879,1.8500663455491,0.882727272727273,0.880472727272727,0.886127272727273
114924,69628,45296,0.62895374786164,0.615363825071732,0.612857655794703,35.9090909090909,34.5290909090909,29.5618181818182,0.816363636363636,36.2418181818182,0.0563636363636364,21.6309090909091,0.0654545454545455,41.1890909090909,-0.127405461281424,1.86345637288707,0.882727272727273,0.880472727272727,0.886127272727273
114989,69632,45357,0.62895270736057,0.615422372145634,0.61301363079599,35.9109090909091,34.5309090909091,29.5581818181818,0.814545454545455,36.2363636363636,0.0745454545454545,21.6072727272727,0.0690909090909091,41.1981818181818,-0.128547041567667,1.85994941671379,0.882727272727273,0.880472727272727,0.886127272727273
115322,69633,45689,0.628967430128708,0.615663367085365,0.61327391467271,35.9145454545455,34.5272727272727,29.5581818181818,0.816363636363636,36.2581818181818,0.0581818181818182,21.58,0.0745454545454545,41.2127272727273,-0.127160701635247,1.90574145243418,0.882727272727273,0.880472727272727,0.886127272727273
115221,69640,45581,0.628968996425124,0.615406480224343,0.613252439390976,35.9090909090909,34.5327272727273,29.5581818181818,0.810909090909091,36.2872727272727,0.0636363636363636,21.5236363636364,0.0636363636363636,41.2509090909091,-0.12756045563507,1.87681125977331,0.882727272727273,0.880472727272727,0.886127272727273
115208,69640,45568,0.629002673461009,0.615389764878386,0.613206480374514,35.9109090909091,34.5345454545455,29.5545454545455,0.801818181818182,36.3181818181818,0.0581818181818182,21.48,0.0745454545454545,41.2672727272727,-0.12703012130167,1.86239246756092,0.882727272727273,0.880472727272727,0.886127272727273
115147,69645,45502,0.629053245117892,0.615262788006757,0.613265030108753,35.9163636363636,34.5218181818182,29.5618181818182,0.798181818181818,36.32,0.0527272727272727,21.4672727272727,0.0745454545454545,41.2872727272727,-0.125759615245691,1.83450966786847,0.882727272727273,0.880472727272727,0.886127272727273
115168,69647,45521,0.629018215341014,0.615307247733796,0.613202128649577,35.9145454545455,34.5272727272727,29.5581818181818,0.794545454545455,36.3381818181818,0.0472727272727273,21.4454545454545,0.0618181818181818,41.3127272727273,-0.125376750134985,1.83289270790886,0.882727272727273,0.880472727272727,0.886127272727273
115066,69637,45429,0.629099117234791,0.615043327466443,0.613196122139769,35.9127272727273,34.52,29.5672727272727,0.790909090909091,36.3381818181818,0.06,21.4090909090909,0.0690909090909091,41.3327272727273,-0.126461030220658,1.80506567061794,0.882727272727273,0.880472727272727,0.886127272727273
115249,69645,45604,0.629105011412518,0.615362783651503,0.613192206351145,35.9163636363636,34.5254545454545,29.5581818181818,0.787272727272727,36.34,0.0709090909090909,21.3854545454545,0.0690909090909091,41.3472727272727,-0.126497014715311,1.82694152932275,0.882727272727273,0.880472727272727,0.886127272727273
115265,69645,45620,0.629037388583832,0.615334716562266,0.61320548551079,35.9127272727273,34.5290909090909,29.5581818181818,0.783636363636364,36.3581818181818,0.0709090909090909,21.3472727272727,0.0690909090909091,41.3709090909091,-0.125750569284719,1.82506527635269,0.882727272727273,0.880472727272727,0.886127272727273
115306,69647,45659,0.629007987012454,0.615477843874767,0.613259903253678,35.9072727272727,34.5381818181818,29.5545454545455,0.781818181818182,36.3581818181818,0.08,21.32,0.0727272727272727,41.3872727272727,-0.126719313818797,1.82125862424516,0.882727272727273,0.880472727272727,0.886127272727273
115182,69648,45534,0.628970089114236,0.615153161902151,0.613274382620322,35.9072727272727,34.5345454545455,29.5581818181818,0.78,36.3690909090909,0.0781818181818182,21.2909090909091,0.0672727272727273,41.4145454545455,-0.126536065708933,1.78480483626693,0.882727272727273,0.880472727272727,0.886127272727273
115135,69659,45476,0.62891177295944,0.614953906588176,0.613240177651774,35.9054545454545,34.5327272727273,29.5618181818182,0.774545454545455,36.3709090909091,0.0763636363636364,21.2618181818182,0.0709090909090909,41.4454545454546,-0.123209070135536,1.7657462047159,0.882727272727273,0.880472727272727,0.886127272727273
115180,69658,45522,0.628936268122961,0.615015697270792,0.613221857202051,35.9072727272727,34.5327272727273,29.56,0.770909090909091,36.3709090909091,0.0854545454545454,21.2218181818182,0.0672727272727273,41.4836363636364,-0.125027075394477,1.76745648852084,0.882727272727273,0.880472727272727,0.886127272727273
115360,69663,45697,0.628938727501178,0.615257006870441,0.613205771089115,35.9127272727273,34.5309090909091,29.5563636363636,0.770909090909091,36.3763636363636,0.08,21.2,0.0581818181818182,41.5145454545455,-0.125215688241918,1.79620547625025,0.882727272727273,0.880472727272727,0.886127272727273
115425,69671,45754,0.628855985858229,0.615391457935228,0.613232480578353,35.9145454545455,34.5309090909091,29.5545454545455,0.767272727272727,36.3909090909091,0.0836363636363636,21.1472727272727,0.0690909090909091,41.5418181818182,-0.124045833464763,1.7978792562594,0.882727272727273,0.880472727272727,0.886127272727273
115186,69672,45514,0.628878976081127,0.615053598841434,0.613042376269499,35.9054545454545,34.5436363636364,29.5509090909091,0.765454545454545,36.4018181818182,0.0818181818181818,21.0981818181818,0.0727272727272727,41.58,-0.124381901203709,1.74987501734233,0.882727272727273,0.880472727272727,0.886127272727273
115181,69670,45511,0.628881367620873,0.614952893162514,0.613041519343845,35.9054545454545,34.54,29.5545454545455,0.758181818181818,36.4181818181818,0.0781818181818182,21.08,0.0490909090909091,41.6163636363636,-0.123278082432113,1.74284260583491,0.882727272727273,0.880472727272727,0.886127272727273
115304,69672,45632,0.62883408379169,0.615153914721313,0.613072865897876,35.9036363636364,34.5418181818182,29.5545454545455,0.758181818181818,36.4181818181818,0.0781818181818182,21.0454545454545,0.06,41.64,-0.124078145000815,1.76365176598457,0.882727272727273,0.880472727272727,0.886127272727273
115491,69677,45814,0.628847699628649,0.615254734969743,0.613164984716408,35.9,34.5454545454545,29.5545454545455,0.754545454545455,36.4109090909091,0.0836363636363636,21.0309090909091,0.0490909090909091,41.6709090909091,-0.12271806113154,1.79249870267549,0.882727272727273,0.880472727272727,0.886127272727273
115508,69679,45829,0.628882636280589,0.61525033328749,0.613141313377382,35.9018181818182,34.5454545454545,29.5527272727273,0.752727272727273,36.4181818181818,0.0781818181818182,21.0036363636364,0.0545454545454545,41.6927272727273,-0.123525004691328,1.78904515523887,0.882727272727273,0.880472727272727,0.886127272727273
115513,69681,45832,0.628902522279833,0.615156887258028,0.613149267180367,35.9036363636364,34.54,29.5563636363636,0.750909090909091,36.4272727272727,0.0690909090909091,20.9854545454545,0.0527272727272727,41.7145454545455,-0.122723175942949,1.77870334050703,0.882727272727273,0.880472727272727,0.886127272727273
115352,69683,45669,0.628859683614014,0.614878235790647,0.613207770473093,35.9018181818182,34.5363636363636,29.5618181818182,0.754545454545455,36.4181818181818,0.0709090909090909,20.9545454545455,0.0618181818181818,41.74,-0.122207587683542,1.73866538620893,0.882727272727273,0.880472727272727,0.886127272727273
115504,69681,45823,0.628823440512363,0.615165389079555,0.613154258941848,35.9,34.5472727272727,29.5527272727273,0.754545454545455,36.4218181818182,0.0672727272727273,20.9363636363636,0.0563636363636364,41.7636363636364,-0.124542390083331,1.76182333940471,0.882727272727273,0.880472727272727,0.886127272727273
115530,69683,45847,0.628763106857858,0.615285453986008,0.613196783649991,35.9036363636364,34.5418181818182,29.5545454545455,0.745454545454545,36.4345454545455,0.0636363636363636,20.9109090909091,0.06,41.7854545454545,-0.124459893659051,1.7647759496319,0.882727272727273,0.880472727272727,0.886127272727273
115458,69687,45771,0.628753928682937,0.615126901998457,0.613042383697837,35.9036363636364,34.5418181818182,29.5545454545455,0.745454545454545,36.4363636363636,0.0654545454545455,20.8836363636364,0.0636363636363636,41.8054545454546,-0.122702135193884,1.74021591173316,0.882727272727273,0.880472727272727,0.886127272727273
115173,69683,45490,0.628749798030935,0.61472664419265,0.613044050121732,35.9036363636364,34.5381818181818,29.5581818181818,0.74,36.44,0.0672727272727273,20.8690909090909,0.06,41.8236363636364,-0.123164263919137,1.69444574849384,0.882727272727273,0.880472727272727,0.886127272727273
115369,69688,45681,0.628771233413826,0.615034842468362,0.613058311642462,35.9018181818182,34.5509090909091,29.5472727272727,0.734545454545455,36.44,0.0672727272727273,20.8490909090909,0.0618181818181818,41.8472727272727,-0.12187322405536,1.71829175058718,0.882727272727273,0.880472727272727,0.886127272727273
115451,69690,45761,0.628772523098485,0.615073765614,0.613168284658749,35.9018181818182,34.5509090909091,29.5472727272727,0.729090909090909,36.4527272727273,0.0618181818181818,20.8363636363636,0.0527272727272727,41.8672727272727,-0.122847632398341,1.72721320294606,0.882727272727273,0.880472727272727,0.886127272727273
115497,69682,45815,0.628798389798576,0.615124379887676,0.613151835297095,35.9036363636364,34.5509090909091,29.5454545454545,0.727272727272727,36.4490909090909,0.0618181818181818,20.8181818181818,0.0654545454545455,41.8781818181818,-0.12476405724936,1.72726382924752,0.882727272727273,0.880472727272727,0.886127272727273
115550,69688,45862,0.628791007832992,0.615201204104592,0.613125680116395,35.9054545454545,34.5490909090909,29.5454545454545,0.723636363636364,36.4490909090909,0.0654545454545455,20.8090909090909,0.0618181818181818,41.8909090909091,-0.123412170359701,1.72374758447774,0.882727272727273,0.880472727272727,0.886127272727273
115330,69686,45644,0.628642007911783,0.615057147618763,0.613135109897716,35.9036363636364,34.5472727272727,29.5490909090909,0.723636363636364,36.4563636363636,0.0545454545454545,20.7963636363636,0.0527272727272727,41.9163636363636,-0.122446286564346,1.67358497044241,0.882727272727273,0.880472727272727,0.886127272727273
115359,69694,45665,0.628599528066539,0.615111134020075,0.61310216137185,35.9036363636364,34.5490909090909,29.5472727272727,0.721818181818182,36.4454545454546,0.0654545454545455,20.7836363636364,0.0472727272727273,41.9363636363636,-0.121529284180592,1.66552638342096,0.882727272727273,0.880472727272727,0.886127272727273
115304,69692,45612,0.628610287923929,0.615059670430721,0.613064199536139,35.9036363636364,34.5545454545455,29.5418181818182,0.721818181818182,36.4436363636364,0.0672727272727273,20.7581818181818,0.0618181818181818,41.9472727272727,-0.123230918040942,1.64502170385624,0.882727272727273,0.880472727272727,0.886127272727273
115256,69692,45564,0.628660663274287,0.61501585716536,0.61294928115463,35.9018181818182,34.5581818181818,29.54,0.72,36.4418181818182,0.0581818181818182,20.7563636363636,0.0636363636363636,41.96,-0.126110999312666,1.62622407388619,0.882727272727273,0.880472727272727,0.886127272727273
115421,69700,45721,0.628616879432212,0.615110569301635,0.612916208864291,35.9018181818182,34.5581818181818,29.54,0.716363636363636,36.4345454545455,0.0709090909090909,20.7454545454545,0.0545454545454545,41.9781818181818,-0.12397304747845,1.64451563246548,0.882727272727273,0.880472727272727,0.886127272727273
115387,69701,45686,0.628586115370626,0.614925108024645,0.612958967137046,35.9,34.5490909090909,29.5509090909091,0.714545454545455,36.4327272727273,0.0709090909090909,20.7236363636364,0.0636363636363636,41.9945454545455,-0.121560366448069,1.63096851388162,0.882727272727273,0.880472727272727,0.886127272727273
115443,69699,45744,0.628543969327125,0.614874939949163,0.61308868405556,35.8981818181818,34.5436363636364,29.5581818181818,0.709090909090909,36.4272727272727,0.0709090909090909,20.7218181818182,0.0509090909090909,42.02,-0.120460808964907,1.63846337942576,0.882727272727273,0.880472727272727,0.886127272727273
115528,69702,45826,0.628551470929264,0.615051037756927,0.613073161933487,35.9018181818182,34.5472727272727,29.5509090909091,0.709090909090909,36.4363636363636,0.06,20.7054545454545,0.06,42.0290909090909,-0.122446941836593,1.64313866929574,0.882727272727273,0.880472727272727,0.886127272727273
115530,69700,45830,0.628475848447256,0.615117679444129,0.613072614043926,35.9,34.5509090909091,29.5490909090909,0.705454545454545,36.4236363636364,0.0745454545454545,20.6781818181818,0.0618181818181818,42.0563636363636,-0.124829220605038,1.63749888776378,0.882727272727273,0.880472727272727,0.886127272727273
115531,69704,45827,0.628473955868586,0.61507714281118,0.613048187715521,35.9,34.5509090909091,29.5490909090909,0.705454545454545,36.4236363636364,0.0836363636363636,20.6563636363636,0.0545454545454545,42.0763636363636,-0.124513793005959,1.6319148959592,0.882727272727273,0.880472727272727,0.886127272727273
115486,69712,45774,0.628425614081873,0.614989616140785,0.613092143635878,35.9018181818182,34.5509090909091,29.5472727272727,0.707272727272727,36.4109090909091,0.0818181818181818,20.6363636363636,0.0563636363636364,42.1072727272727,-0.122820782999605,1.62095945401287,0.882727272727273,0.880472727272727,0.886127272727273
115442,69719,45723,0.628466823626694,0.61483246781755,0.613123585983092,35.9018181818182,34.5454545454545,29.5527272727273,0.705454545454545,36.4018181818182,0.0818181818181818,20.6290909090909,0.06,42.1218181818182,-0.119521729945237,1.60442383370616,0.882727272727273,0.880472727272727,0.886127272727273
115392,69715,45677,0.628442894511683,0.614745710471889,0.613050239000487,35.8981818181818,34.5454545454545,29.5563636363636,0.703636363636364,36.3909090909091,0.0818181818181818,20.6181818181818,0.06,42.1454545454545,-0.120436484286587,1.59003306767819,0.882727272727273,0.880472727272727,0.886127272727273
115446,69712,45734,0.628465393312899,0.614871426233359,0.613044272950858,35.9,34.5509090909091,29.5490909090909,0.7,36.3963636363636,0.0763636363636364,20.6054545454545,0.0690909090909091,42.1527272727273,-0.123174530000655,1.59090612767772,0.882727272727273,0.880472727272727,0.886127272727273
115464,69708,45756,0.628434277345648,0.61487854317521,0.613090090412142,35.8981818181818,34.5490909090909,29.5527272727273,0.696363636363636,36.3981818181818,0.0745454545454545,20.5945454545455,0.06,42.1763636363636,-0.124143950577524,1.58734915739095,0.882727272727273,0.880472727272727,0.886127272727273
115457,69710,45747,0.628452874500527,0.614887476322488,0.61317868171761,35.9036363636364,34.5436363636364,29.5527272727273,0.694545454545455,36.4236363636364,0.0472727272727273,20.5836363636364,0.0563636363636364,42.1945454545455,-0.125028954592959,1.58491282619705,0.882727272727273,0.880472727272727,0.886127272727273
115469,69718,45751,0.62841858418641,0.614891262963148,0.613188527806166,35.9036363636364,34.5418181818182,29.5545454545455,0.690909090909091,36.4272727272727,0.06,20.5563636363636,0.0509090909090909,42.2145454545455,-0.123194058355148,1.57652218354527,0.882727272727273,0.880472727272727,0.886127272727273
115360,69719,45641,0.628367562710192,0.61471817843092,0.613176958650995,35.9,34.5418181818182,29.5581818181818,0.692727272727273,36.42,0.0654545454545455,20.5345454545455,0.0472727272727273,42.24,-0.119813527772335,1.55814821928401,0.882727272727273,0.880472727272727,0.886127272727273
115321,69723,45598,0.628405742769559,0.614683062812993,0.613209481902285,35.8981818181818,34.5418181818182,29.56,0.690909090909091,36.4163636363636,0.0709090909090909,20.5218181818182,0.0545454545454545,42.2454545454545,-0.120124331162184,1.53647491711784,0.882727272727273,0.880472727272727,0.886127272727273
115414,69717,45697,0.628432960147469,0.614772623011275,0.613154877730579,35.9018181818182,34.5472727272727,29.5509090909091,0.689090909090909,36.42,0.0727272727272727,20.5109090909091,0.0436363636363636,42.2636363636364,-0.124017783071626,1.55165868619965,0.882727272727273,0.880472727272727,0.886127272727273
115409,69725,45684,0.62844210237311,0.61463964582912,0.613157334790068,35.9090909090909,34.54,29.5509090909091,0.689090909090909,36.4109090909091,0.0781818181818182,20.5,0.0454545454545455,42.2763636363636,-0.121831984355826,1.53976340625774,0.882727272727273,0.880472727272727,0.886127272727273
115450,69728,45722,0.62839783352844,0.614734456048814,0.613072031002234,35.9036363636364,34.54,29.5563636363636,0.687272727272727,36.4163636363636,0.0781818181818182,20.4854545454545,0.0490909090909091,42.2836363636364,-0.121787075002563,1.536491662484,0.882727272727273,0.880472727272727,0.886127272727273
115351,69725,45626,0.628349267658047,0.614611987437148,0.613026228039513,35.9054545454545,34.5290909090909,29.5654545454545,0.687272727272727,36.4218181818182,0.0654545454545455,20.4727272727273,0.0545454545454545,42.2981818181818,-0.119555171161251,1.51083204632794,0.882727272727273,0.880472727272727,0.886127272727273
115452,69726,45726,0.628415626304769,0.614737447869348,0.613089976614696,35.9090909090909,34.5309090909091,29.56,0.683636363636364,36.4327272727273,0.0563636363636364,20.4618181818182,0.0545454545454545,42.3109090909091,-0.123076396575462,1.52002238170667,0.882727272727273,0.880472727272727,0.886127272727273
115445,69722,45723,0.628427716386856,0.614763187395323,0.613169885444915,35.9072727272727,34.5345454545455,29.5581818181818,0.681818181818182,36.4290909090909,0.0654545454545455,20.4545454545455,0.0545454545454545,42.3145454545455,-0.124100468545393,1.50417689494789,0.882727272727273,0.880472727272727,0.886127272727273
115513,69732,45781,0.628433138562179,0.614700644568296,0.613174381067157,35.9054545454545,34.54,29.5545454545455,0.678181818181818,36.4381818181818,0.0690909090909091,20.4327272727273,0.0618181818181818,42.32,-0.122174271451149,1.5051435014233,0.882727272727273,0.880472727272727,0.886127272727273
115517,69732,45785,0.628459096789373,0.614588220571536,0.613239589755288,35.9054545454545,34.5436363636364,29.5509090909091,0.678181818181818,36.4618181818182,0.0545454545454545,20.4054545454545,0.0654545454545455,42.3345454545455,-0.123205189478044,1.49785048956559,0.882727272727273,0.880472727272727,0.886127272727273
115521,69730,45791,0.628437706748912,0.614569592716424,0.613284524783393,35.9036363636364,34.5436363636364,29.5527272727273,0.68,36.4709090909091,0.0581818181818182,20.3763636363636,0.0545454545454545,42.36,-0.122613461139223,1.49193703112277,0.882727272727273,0.880472727272727,0.886127272727273
115384,69734,45650,0.628445689180966,0.614453197354434,0.613214772893466,35.9036363636364,34.5490909090909,29.5472727272727,0.678181818181818,36.4836363636364,0.0545454545454545,20.3581818181818,0.0618181818181818,42.3636363636364,-0.123558733371035,1.46446488790891,0.882727272727273,0.880472727272727,0.886127272727273
115389,69734,45655,0.62843569347802,0.614442624761212,0.613198983591913,35.9054545454545,34.5472727272727,29.5472727272727,0.674545454545455,36.4745454545455,0.0618181818181818,20.3581818181818,0.0436363636363636,42.3872727272727,-0.123485350985026,1.45770156588405,0.882727272727273,0.880472727272727,0.886127272727273
115366,69732,45634,0.628390653878528,0.61445582481429,0.613122908828697,35.9072727272727,34.5418181818182,29.5509090909091,0.672727272727273,36.4854545454545,0.0563636363636364,20.3363636363636,0.0472727272727273,42.4018181818182,-0.122967742201118,1.45171345426616,0.882727272727273,0.880472727272727,0.886127272727273
115370,69736,45634,0.628404668302263,0.614416971259397,0.613129728563626,35.9090909090909,34.54,29.5509090909091,0.669090909090909,36.5090909090909,0.06,20.3,0.0418181818181818,42.42,-0.122952099519898,1.444501408325,0.882727272727273,0.880472727272727,0.886127272727273
115476,69734,45742,0.628448569201614,0.614488703151033,0.613218393323004,35.9109090909091,34.5381818181818,29.5509090909091,0.669090909090909,36.54,0.0509090909090909,20.2709090909091,0.0418181818181818,42.4272727272727,-0.12262359470594,1.46186912048777,0.882727272727273,0.880472727272727,0.886127272727273
115478,69732,45746,0.628414723628529,0.614541821557804,0.613254280150635,35.9054545454545,34.5436363636364,29.5509090909091,0.667272727272727,36.5381818181818,0.0581818181818182,20.2490909090909,0.0454545454545455,42.4418181818182,-0.124262793620206,1.45104821923782,0.882727272727273,0.880472727272727,0.886127272727273
115473,69736,45737,0.628476851938037,0.614402425927736,0.613193468246309,35.9090909090909,34.5418181818182,29.5490909090909,0.667272727272727,36.5545454545455,0.0454545454545455,20.2327272727273,0.0436363636363636,42.4563636363636,-0.12338734656868,1.44138560980897,0.882727272727273,0.880472727272727,0.886127272727273
115402,69736,45666,0.628408111309358,0.614464026121122,0.613220469534285,35.9072727272727,34.5454545454545,29.5472727272727,0.665454545454545,36.58,0.0363636363636364,20.1945454545455,0.0545454545454545,42.4690909090909,-0.124427179043116,1.42377772217786,0.882727272727273,0.880472727272727,0.886127272727273
115350,69744,45606,0.628380484868039,0.614326740516238,0.613118427010175,35.9054545454545,34.5418181818182,29.5527272727273,0.66,36.5872727272727,0.0490909090909091,20.1581818181818,0.06,42.4854545454545,-0.12339697354321,1.40826411165974,0.882727272727273,0.880472727272727,0.886127272727273
115368,69742,45626,0.628412608492991,0.614267900012932,0.613165305299376,35.9072727272727,34.5345454545455,29.5581818181818,0.652727272727273,36.5945454545455,0.0381818181818182,20.1618181818182,0.0563636363636364,42.4963636363636,-0.123370958610989,1.40987432558428,0.882727272727273,0.880472727272727,0.886127272727273
115593,69752,45841,0.628387217649692,0.614422074824252,0.61329565802799,35.9072727272727,34.5363636363636,29.5563636363636,0.649090909090909,36.6072727272727,0.0490909090909091,20.1290909090909,0.0618181818181818,42.5036363636364,-0.121876652287491,1.4390138076957,0.882727272727273,0.880472727272727,0.886127272727273
115601,69747,45854,0.628393934146934,0.6145107073792,0.613325791786275,35.9127272727273,34.5327272727273,29.5545454545455,0.647272727272727,36.6218181818182,0.0509090909090909,20.1018181818182,0.0618181818181818,42.5163636363636,-0.123069178429234,1.43590484015982,0.882727272727273,0.880472727272727,0.886127272727273
115878,69746,46132,0.628509539964812,0.614660322989307,0.613275891675757,35.9181818181818,34.5236363636364,29.5581818181818,0.645454545454546,36.6418181818182,0.0472727272727273,20.0818181818182,0.0527272727272727,42.5309090909091,-0.123125199428879,1.4754470819946,0.882727272727273,0.880472727272727,0.886127272727273
115812,69751,46061,0.628473621343812,0.614484656659568,0.613243390402965,35.9163636363636,34.52,29.5636363636364,0.649090909090909,36.6345454545455,0.0672727272727273,20.06,0.0490909090909091,42.54,-0.119103339229332,1.45481194650585,0.882727272727273,0.880472727272727,0.886127272727273
115861,69748,46113,0.628465496532058,0.614606249715608,0.613246557649444,35.9145454545455,34.5272727272727,29.5581818181818,0.647272727272727,36.6454545454545,0.0618181818181818,20.0509090909091,0.04,42.5545454545455,-0.1221889994215,1.45492376126349,0.882727272727273,0.880472727272727,0.886127272727273
115680,69759,45921,0.628450577036182,0.61435065839365,0.613182286872895,35.9181818181818,34.5290909090909,29.5527272727273,0.645454545454546,36.6672727272727,0.06,20.0218181818182,0.0436363636363636,42.5618181818182,-0.121033943201176,1.40320668730631,0.882727272727273,0.880472727272727,0.886127272727273
115626,69763,45863,0.628307571110019,0.614357634907033,0.613154572145833,35.9163636363636,34.5309090909091,29.5527272727273,0.643636363636364,36.6818181818182,0.06,20.0072727272727,0.0436363636363636,42.5636363636364,-0.120765400417142,1.3814697290432,0.882727272727273,0.880472727272727,0.886127272727273
115590,69757,45833,0.628261432435912,0.61422789357178,0.613324519136673,35.9127272727273,34.5272727272727,29.56,0.645454545454546,36.6890909090909,0.0581818181818182,19.9890909090909,0.0436363636363636,42.5745454545455,-0.119580382267635,1.37152576696297,0.882727272727273,0.880472727272727,0.886127272727273
115600,69761,45839,0.628265678981539,0.614208741992433,0.613296760652345,35.9127272727273,34.5290909090909,29.5581818181818,0.643636363636364,36.7054545454545,0.0563636363636364,19.9672727272727,0.04,42.5872727272727,-0.118943262479363,1.36359806709542,0.882727272727273,0.880472727272727,0.886127272727273
115699,69763,45936,0.628332962241731,0.614315432677117,0.613262858542301,35.92,34.5272727272727,29.5527272727273,0.641818181818182,36.7236363636364,0.0527272727272727,19.9509090909091,0.0418181818181818,42.5890909090909,-0.12118885000954,1.37841832217633,0.882727272727273,0.880472727272727,0.886127272727273
115730,69757,45973,0.628272460224221,0.614332894505725,0.613250927264863,35.9236363636364,34.5181818181818,29.5581818181818,0.641818181818182,36.7272727272727,0.0490909090909091,19.9345454545455,0.0527272727272727,42.5945454545455,-0.121547718954819,1.37034858267924,0.882727272727273,0.880472727272727,0.886127272727273
115772,69761,46011,0.628194061052552,0.614267961505807,0.613349543952941,35.9181818181818,34.5181818181818,29.5636363636364,0.64,36.7363636363636,0.0490909090909091,19.9254545454545,0.0290909090909091,42.62,-0.118613629899846,1.37570581479337,0.882727272727273,0.880472727272727,0.886127272727273
115844,69757,46087,0.628293868742607,0.614216820864686,0.613385490676862,35.92,34.5145454545455,29.5654545454545,0.641818181818182,36.74,0.0509090909090909,19.9036363636364,0.0327272727272727,42.6309090909091,-0.11911297779476,1.3878213940273,0.882727272727273,0.880472727272727,0.886127272727273
115840,69759,46081,0.628397904522866,0.614231060504635,0.613254002559315,35.9272727272727,34.5163636363636,29.5563636363636,0.641818181818182,36.7490909090909,0.0454545454545455,19.8818181818182,0.0472727272727273,42.6345454545455,-0.120953719158834,1.37349974790757,0.882727272727273,0.880472727272727,0.886127272727273
115692,69765,45927,0.628244437292978,0.614183093662681,0.613285686663195,35.9236363636364,34.52,29.5563636363636,0.64,36.7581818181818,0.0436363636363636,19.8581818181818,0.0545454545454545,42.6454545454545,-0.11923164701455,1.33967897372151,0.882727272727273,0.880472727272727,0.886127272727273
115675,69763,45912,0.628316311800898,0.61414719434693,0.613243909408349,35.92,34.52,29.56,0.636363636363636,36.7690909090909,0.0436363636363636,19.8436363636364,0.0472727272727273,42.66,-0.119977749777337,1.32941152524542,0.882727272727273,0.880472727272727,0.886127272727273
115742,69779,45963,0.628191097685389,0.614231814866021,0.613287261227323,35.92,34.5218181818182,29.5581818181818,0.634545454545455,36.7818181818182,0.0363636363636364,19.8290909090909,0.0545454545454545,42.6636363636364,-0.117768395731797,1.32959121294658,0.882727272727273,0.880472727272727,0.886127272727273
115772,69780,45992,0.628111784200238,0.614369632390328,0.613200850332581,35.9163636363636,34.5272727272727,29.5563636363636,0.634545454545455,36.8018181818182,0.0381818181818182,19.7945454545455,0.0509090909090909,42.68,-0.120695523520143,1.33322667499835,0.882727272727273,0.880472727272727,0.886127272727273
115622,69778,45844,0.628157226988131,0.614203349305199,0.613256784331764,35.9218181818182,34.52,29.5581818181818,0.636363636363636,36.7909090909091,0.0490909090909091,19.7781818181818,0.0436363636363636,42.7018181818182,-0.12176290861495,1.30522829285738,0.882727272727273,0.880472727272727,0.886127272727273
115563,69780,45783,0.628210833777865,0.614027197402946,0.613302442633485,35.92,34.5254545454545,29.5545454545455,0.634545454545455,36.8054545454546,0.0563636363636364,19.7509090909091,0.0454545454545455,42.7072727272727,-0.122064968193709,1.29155710085549,0.882727272727273,0.880472727272727,0.886127272727273
115501,69774,45727,0.628166457878776,0.613792842915121,0.613359963229992,35.9127272727273,34.5236363636364,29.5636363636364,0.630909090909091,36.8327272727273,0.0472727272727273,19.7254545454545,0.04,42.7236363636364,-0.120192695532585,1.27266149475155,0.882727272727273,0.880472727272727,0.886127272727273
115530,69782,45748,0.628162078853383,0.613841451545289,0.613346586240614,35.9127272727273,34.5254545454545,29.5618181818182,0.630909090909091,36.8454545454545,0.0381818181818182,19.7127272727273,0.0363636363636364,42.7363636363636,-0.118417026419014,1.26455409085928,0.882727272727273,0.880472727272727,0.886127272727273
115695,69781,45914,0.628313015439236,0.613928368398326,0.613248459547597,35.9163636363636,34.5290909090909,29.5545454545455,0.632727272727273,36.8654545454545,0.0345454545454545,19.6854545454545,0.0381818181818182,42.7436363636364,-0.118186562441637,1.28576874049931,0.882727272727273,0.880472727272727,0.886127272727273
115527,69789,45738,0.628258799742276,0.613908059898857,0.613215566335023,35.9218181818182,34.5236363636364,29.5545454545455,0.630909090909091,36.86,0.0509090909090909,19.6654545454545,0.0345454545454545,42.7581818181818,-0.116324168829769,1.2491615139837,0.882727272727273,0.880472727272727,0.886127272727273
115557,69780,45777,0.628205486052467,0.613997161871742,0.613247665421535,35.9127272727273,34.5272727272727,29.56,0.630909090909091,36.8545454545455,0.0527272727272727,19.6509090909091,0.0381818181818182,42.7727272727273,-0.120117394941686,1.25112314285626,0.882727272727273,0.880472727272727,0.886127272727273
115562,69789,45773,0.628165796606394,0.613948577895351,0.613200477679829,35.9127272727273,34.5272727272727,29.56,0.632727272727273,36.8672727272727,0.0381818181818182,19.6327272727273,0.0327272727272727,42.7963636363636,-0.116609152429043,1.24379690182819,0.882727272727273,0.880472727272727,0.886127272727273
115789,69791,45998,0.628201140801019,0.61415393337509,0.613319989711918,35.9127272727273,34.5363636363636,29.5509090909091,0.629090909090909,36.86,0.0509090909090909,19.6054545454545,0.0381818181818182,42.8163636363636,-0.119388030087066,1.26501405322713,0.882727272727273,0.880472727272727,0.886127272727273
115954,69797,46157,0.628340857631896,0.614089883840669,0.613209139961755,35.92,34.5363636363636,29.5436363636364,0.621818181818182,36.8818181818182,0.04,19.5981818181818,0.0290909090909091,42.8290909090909,-0.118245755051017,1.2840656288328,0.882727272727273,0.880472727272727,0.886127272727273
115944,69793,46151,0.628397721215978,0.61407239426812,0.613244481397921,35.9218181818182,34.5309090909091,29.5472727272727,0.62,36.8909090909091,0.0509090909090909,19.5727272727273,0.0290909090909091,42.8363636363636,-0.118795582766258,1.27466902275019,0.882727272727273,0.880472727272727,0.886127272727273
115745,69795,45950,0.628297772940693,0.61385404508763,0.613231402885499,35.9163636363636,34.5309090909091,29.5527272727273,0.618181818181818,36.8890909090909,0.0509090909090909,19.5563636363636,0.0327272727272727,42.8527272727273,-0.117454203580333,1.23071716525804,0.882727272727273,0.880472727272727,0.886127272727273
115727,69787,45940,0.62821382412448,0.61402904747925,0.613306783066964,35.9163636363636,34.5309090909091,29.5527272727273,0.616363636363636,36.8781818181818,0.0618181818181818,19.5472727272727,0.0345454545454545,42.8618181818182,-0.119726686237383,1.23398881653662,0.882727272727273,0.880472727272727,0.886127272727273
115738,69789,45949,0.628213330049557,0.614053267034652,0.613199872567656,35.9218181818182,34.5254545454545,29.5527272727273,0.614545454545455,36.8945454545455,0.0636363636363636,19.5090909090909,0.04,42.8781818181818,-0.119291392747982,1.22215554453009,0.882727272727273,0.880472727272727,0.886127272727273
115755,69793,45962,0.628168962638672,0.614146333310165,0.613064184439162,35.9163636363636,34.5272727272727,29.5563636363636,0.614545454545455,36.9036363636364,0.0618181818181818,19.48,0.0418181818181818,42.8981818181818,-0.119923203805427,1.21538890956012,0.882727272727273,0.880472727272727,0.886127272727273
115786,69791,45995,0.628200683574385,0.614109760371819,0.613057265077674,35.9181818181818,34.5254545454545,29.5563636363636,0.612727272727273,36.9127272727273,0.0618181818181818,19.4527272727273,0.0363636363636364,42.9236363636364,-0.120590310930857,1.2120954701042,0.882727272727273,0.880472727272727,0.886127272727273
115791,69796,45995,0.628243863181438,0.613965137734199,0.613144595405094,35.9181818181818,34.5309090909091,29.5509090909091,0.609090909090909,36.9327272727273,0.0436363636363636,19.4454545454545,0.0290909090909091,42.94,-0.119323110223129,1.21184649388518,0.882727272727273,0.880472727272727,0.886127272727273
115828,69801,46027,0.628237604242062,0.613971865632358,0.613132911911996,35.9163636363636,34.54,29.5436363636364,0.607272727272727,36.9327272727273,0.0436363636363636,19.4290909090909,0.0363636363636364,42.9509090909091,-0.118711088931013,1.20718633746517,0.882727272727273,0.880472727272727,0.886127272727273
115889,69792,46097,0.628272707192951,0.614038146196727,0.613201814861683,35.9127272727273,34.5381818181818,29.5490909090909,0.607272727272727,36.9363636363636,0.0509090909090909,19.4,0.0254545454545455,42.98,-0.121013140349301,1.20764165625653,0.882727272727273,0.880472727272727,0.886127272727273
116022,69787,46235,0.628330125707927,0.613926046068057,0.613155184985767,35.9163636363636,34.5363636363636,29.5472727272727,0.603636363636364,36.9545454545455,0.0436363636363636,19.38,0.0327272727272727,42.9854545454545,-0.121217987857778,1.22517987723378,0.882727272727273,0.880472727272727,0.886127272727273
116022,69793,46229,0.628215266123487,0.613949955506371,0.61308922881721,35.9163636363636,34.54,29.5436363636364,0.603636363636364,36.9581818181818,0.0509090909090909,19.3618181818182,0.0254545454545455,43,-0.119727597412897,1.22098860965872,0.882727272727273,0.880472727272727,0.886127272727273
115859,69797,46062,0.628044893843199,0.613917254050013,0.613096592118575,35.9072727272727,34.5472727272727,29.5454545454545,0.605454545454545,36.9727272727273,0.0563636363636364,19.3418181818182,0.0309090909090909,42.9927272727273,-0.120330010674926,1.18205769725398,0.882727272727273,0.880472727272727,0.886127272727273
115797,69794,46003,0.628215185798107,0.613656047603771,0.613148064194314,35.9127272727273,34.54,29.5472727272727,0.603636363636364,36.9909090909091,0.0545454545454545,19.3163636363636,0.0309090909090909,43.0036363636364,-0.121068502864,1.17133427237753,0.882727272727273,0.880472727272727,0.886127272727273
115802,69799,46003,0.628131972556223,0.61362705320123,0.613138569036907,35.9145454545455,34.5381818181818,29.5472727272727,0.601818181818182,36.9854545454545,0.0636363636363636,19.3090909090909,0.0345454545454545,43.0054545454545,-0.120077727573715,1.15897903783638,0.882727272727273,0.880472727272727,0.886127272727273
115760,69797,45963,0.628155330294694,0.613504493004076,0.613064523434025,35.9109090909091,34.54,29.5490909090909,0.598181818181818,37.0109090909091,0.0563636363636364,19.2818181818182,0.0436363636363636,43.0090909090909,-0.120585859638099,1.15111821421345,0.882727272727273,0.880472727272727,0.886127272727273
115755,69793,45962,0.628258585292822,0.613470084508943,0.612973032630595,35.9163636363636,34.5381818181818,29.5454545454545,0.598181818181818,37.0381818181818,0.0563636363636364,19.2581818181818,0.0345454545454545,43.0145454545455,-0.120514520028684,1.13906584813839,0.882727272727273,0.880472727272727,0.886127272727273
115729,69798,45931,0.628100592093628,0.613479704547402,0.612948930712973,35.9127272727273,34.5381818181818,29.5490909090909,0.596363636363636,37.0381818181818,0.0527272727272727,19.2581818181818,0.0454545454545455,43.0090909090909,-0.118106709087872,1.1258978089487,0.882727272727273,0.880472727272727,0.886127272727273
115702,69799,45903,0.628099289174648,0.613305855653638,0.612972038558705,35.92,34.5327272727273,29.5472727272727,0.596363636363636,37.0418181818182,0.0527272727272727,19.2545454545455,0.0418181818181818,43.0127272727273,-0.11678122431698,1.11832149322568,0.882727272727273,0.880472727272727,0.886127272727273
115841,69810,46031,0.628152599837202,0.613337624729969,0.612974062460326,35.9236363636364,34.5290909090909,29.5472727272727,0.592727272727273,37.0763636363636,0.0509090909090909,19.2163636363636,0.0345454545454545,43.0290909090909,-0.116810663531909,1.13373917132955,0.882727272727273,0.880472727272727,0.886127272727273
115674,69805,45869,0.628134088072298,0.613113198053107,0.612894000436428,35.9145454545455,34.54,29.5454545454545,0.590909090909091,37.1036363636364,0.0509090909090909,19.1781818181818,0.0363636363636364,43.04,-0.119412009683517,1.09802422243255,0.882727272727273,0.880472727272727,0.886127272727273
115731,69802,45929,0.628144950811336,0.613132366755444,0.612990850531196,35.9163636363636,34.5327272727273,29.5509090909091,0.589090909090909,37.1254545454546,0.0563636363636364,19.1545454545455,0.0290909090909091,43.0454545454545,-0.120500126901805,1.09637406413412,0.882727272727273,0.880472727272727,0.886127272727273
115866,69799,46067,0.628241568313415,0.61303057304183,0.61315233599536,35.92,34.5236363636364,29.5563636363636,0.585454545454545,37.1490909090909,0.0454545454545455,19.1436363636364,0.0327272727272727,43.0436363636364,-0.118518693948665,1.1171117595172,0.882727272727273,0.880472727272727,0.886127272727273
115705,69803,45902,0.628117224940921,0.613050346762232,0.613035375832597,35.9163636363636,34.5272727272727,29.5563636363636,0.583636363636364,37.1545454545455,0.0472727272727273,19.1454545454545,0.0309090909090909,43.0381818181818,-0.119408201562725,1.08281534804105,0.882727272727273,0.880472727272727,0.886127272727273
115704,69798,45906,0.62798311884716,0.613212627102497,0.613041600641877,35.9127272727273,34.5309090909091,29.5563636363636,0.583636363636364,37.1654545454545,0.0490909090909091,19.1272727272727,0.0418181818181818,43.0327272727273,-0.118220043634111,1.07636247271333,0.882727272727273,0.880472727272727,0.886127272727273
115745,69803,45942,0.628064559956604,0.613273842397035,0.613002304168245,35.9218181818182,34.5309090909091,29.5472727272727,0.585454545454545,37.1763636363636,0.0454545454545455,19.1181818181818,0.04,43.0345454545455,-0.11969156927738,1.07288147487932,0.882727272727273,0.880472727272727,0.886127272727273
115798,69811,45987,0.628129162698166,0.61334162520633,0.61294460772222,35.9254545454545,34.5272727272727,29.5472727272727,0.585454545454545,37.2090909090909,0.0309090909090909,19.1090909090909,0.0290909090909091,43.0363636363636,-0.118940815150596,1.07413822580976,0.882727272727273,0.880472727272727,0.886127272727273
115916,69818,46098,0.628081454445455,0.613382258656518,0.613032790471769,35.9236363636364,34.5272727272727,29.5490909090909,0.583636363636364,37.2181818181818,0.0381818181818182,19.0890909090909,0.0272727272727273,43.0436363636364,-0.117440978316385,1.08016874546354,0.882727272727273,0.880472727272727,0.886127272727273
115947,69813,46134,0.628291104052685,0.613115654242909,0.61295744930507,35.9345454545455,34.5145454545455,29.5509090909091,0.581818181818182,37.2327272727273,0.04,19.0727272727273,0.0309090909090909,43.0418181818182,-0.115801355682395,1.07650217722085,0.882727272727273,0.880472727272727,0.886127272727273
115948,69819,46129,0.628215061422073,0.613015657564332,0.613016399364177,35.9309090909091,34.5127272727273,29.5563636363636,0.583636363636364,37.2381818181818,0.0545454545454545,19.0618181818182,0.0290909090909091,43.0327272727273,-0.114706827035116,1.0688280696642,0.882727272727273,0.880472727272727,0.886127272727273
115785,69811,45974,0.628192079139737,0.613045512656333,0.612891807560485,35.9272727272727,34.5145454545455,29.5581818181818,0.583636363636364,37.2345454545455,0.0509090909090909,19.0745454545455,0.0254545454545455,43.0309090909091,-0.119547585830283,1.03708600925112,0.882727272727273,0.880472727272727,0.886127272727273
115748,69814,45934,0.628208549001102,0.612894615075651,0.61280780508195,35.9327272727273,34.5072727272727,29.56,0.583636363636364,37.2472727272727,0.0490909090909091,19.0636363636364,0.0290909090909091,43.0272727272727,-0.11707876889215,1.02083776461977,0.882727272727273,0.880472727272727,0.886127272727273
115701,69805,45896,0.628176131584851,0.61288973214539,0.612770997274668,35.9290909090909,34.5145454545455,29.5563636363636,0.581818181818182,37.2636363636364,0.0490909090909091,19.0345454545455,0.0363636363636364,43.0345454545455,-0.118696518654873,1.00708432341502,0.882727272727273,0.880472727272727,0.886127272727273
115779,69792,45987,0.628120743978272,0.61292670743888,0.612885570833538,35.9272727272727,34.5145454545455,29.5581818181818,0.578181818181818,37.2636363636364,0.0509090909090909,19.0290909090909,0.0381818181818182,43.04,-0.121119626961147,1.0107850307768,0.882727272727273,0.880472727272727,0.886127272727273
115783,69797,45986,0.628024141804824,0.612853992668641,0.61298540612152,35.9290909090909,34.52,29.5509090909091,0.576363636363636,37.2618181818182,0.0581818181818182,19.0272727272727,0.0327272727272727,43.0436363636364,-0.118151992238199,1.00499420444566,0.882727272727273,0.880472727272727,0.886127272727273
115856,69821,46035,0.627966224119969,0.61301199966071,0.612826046622468,35.9290909090909,34.5254545454545,29.5454545454545,0.576363636363636,37.2781818181818,0.0381818181818182,19.0381818181818,0.0327272727272727,43.0363636363636,-0.115049225504977,1.00526985778389,0.882727272727273,0.880472727272727,0.886127272727273
115863,69816,46047,0.627977363069978,0.613070188499183,0.612838196356824,35.9236363636364,34.5290909090909,29.5472727272727,0.576363636363636,37.2818181818182,0.0436363636363636,19.0254545454545,0.0272727272727273,43.0454545454545,-0.118808090231753,0.998364643955773,0.882727272727273,0.880472727272727,0.886127272727273
115814,69809,46005,0.627969459660612,0.613057836579586,0.61292925673161,35.9272727272727,34.5236363636364,29.5490909090909,0.576363636363636,37.2763636363636,0.0527272727272727,18.9890909090909,0.0381818181818182,43.0672727272727,-0.120163605693167,0.982217542217536,0.882727272727273,0.880472727272727,0.886127272727273
115975,69805,46170,0.628179304797945,0.612928763901651,0.612966048619902,35.9309090909091,34.5218181818182,29.5472727272727,0.578181818181818,37.2854545454545,0.0436363636363636,18.9836363636364,0.0327272727272727,43.0763636363636,-0.119644999524991,1.00075391460718,0.882727272727273,0.880472727272727,0.886127272727273
115872,69808,46064,0.628184154899741,0.61277311724468,0.612954077726236,35.9309090909091,34.5218181818182,29.5472727272727,0.572727272727273,37.2963636363636,0.0381818181818182,18.9636363636364,0.0363636363636364,43.0927272727273,-0.12046830204252,0.980807428883219,0.882727272727273,0.880472727272727,0.886127272727273
115804,69813,45991,0.628009637153024,0.612937902912981,0.612882411182096,35.9218181818182,34.5345454545455,29.5436363636364,0.569090909090909,37.3054545454546,0.0327272727272727,18.9490909090909,0.04,43.1036363636364,-0.119942999630637,0.962125504169274,0.882727272727273,0.880472727272727,0.886127272727273
115726,69809,45917,0.628012821862737,0.612781026912521,0.6128177582834,35.9272727272727,34.5327272727273,29.54,0.567272727272727,37.2909090909091,0.0418181818181818,18.9472727272727,0.0436363636363636,43.1090909090909,-0.120552316622839,0.941620447867635,0.882727272727273,0.880472727272727,0.886127272727273
115749,69813,45936,0.62800811575181,0.612778036313698,0.612905494603068,35.9272727272727,34.5309090909091,29.5418181818182,0.561818181818182,37.2890909090909,0.0436363636363636,18.9363636363636,0.0381818181818182,43.1309090909091,-0.119388380455348,0.938979261019267,0.882727272727273,0.880472727272727,0.886127272727273
115718,69814,45904,0.627865553248311,0.612909215823043,0.612860458132418,35.9236363636364,34.5327272727273,29.5436363636364,0.56,37.2854545454545,0.0345454545454545,18.9454545454545,0.04,43.1345454545455,-0.117830881125139,0.932105521652424,0.882727272727273,0.880472727272727,0.886127272727273
115559,69817,45742,0.627841515734944,0.612794186326263,0.612891551711003,35.9272727272727,34.5309090909091,29.5418181818182,0.558181818181818,37.2818181818182,0.04,18.92,0.0363636363636364,43.1636363636364,-0.116796136510807,0.909062197465788,0.882727272727273,0.880472727272727,0.886127272727273
115538,69815,45723,0.627859460423854,0.612735533465884,0.612838187058643,35.9290909090909,34.5345454545455,29.5363636363636,0.552727272727273,37.2818181818182,0.0472727272727273,18.8854545454545,0.0527272727272727,43.18,-0.117135551570027,0.899036681000143,0.882727272727273,0.880472727272727,0.886127272727273
115581,69820,45761,0.627840641215394,0.612804106408579,0.61271288046944,35.9254545454545,34.5363636363636,29.5381818181818,0.549090909090909,37.2927272727273,0.0436363636363636,18.8527272727273,0.0527272727272727,43.2090909090909,-0.119026679287311,0.892466564942151,0.882727272727273,0.880472727272727,0.886127272727273
115596,69816,45780,0.627829663312152,0.61277717799005,0.612771626188823,35.9272727272727,34.5327272727273,29.54,0.545454545454545,37.2745454545455,0.0472727272727273,18.8381818181818,0.0490909090909091,43.2454545454545,-0.120935629372748,0.885844682419503,0.882727272727273,0.880472727272727,0.886127272727273
115837,69821,46016,0.627950982622034,0.612668371252654,0.61289874360544,35.9254545454545,34.5363636363636,29.5381818181818,0.547272727272727,37.2854545454545,0.0436363636363636,18.8054545454545,0.0418181818181818,43.2763636363636,-0.119409137004947,0.910819985268807,0.882727272727273,0.880472727272727,0.886127272727273
115773,69812,45961,0.627952800620067,0.612542846583117,0.612884230443932,35.9254545454545,34.5309090909091,29.5436363636364,0.541818181818182,37.2981818181818,0.0509090909090909,18.7727272727273,0.0418181818181818,43.2945454545455,-0.12069260735238,0.891598086533221,0.882727272727273,0.880472727272727,0.886127272727273
115689,69817,45872,0.62792312735825,0.612339451951206,0.61283813247455,35.9272727272727,34.5309090909091,29.5418181818182,0.54,37.3072727272727,0.0490909090909091,18.7418181818182,0.04,43.3218181818182,-0.117423265369606,0.869239746872336,0.882727272727273,0.880472727272727,0.886127272727273
115610,69819,45791,0.627863152862703,0.612456745300594,0.612880717441442,35.9290909090909,34.5327272727273,29.5381818181818,0.538181818181818,37.2981818181818,0.0509090909090909,18.7436363636364,0.0454545454545455,43.3236363636364,-0.117975313732809,0.84303526500748,0.882727272727273,0.880472727272727,0.886127272727273
115642,69801,45841,0.627831632106032,0.612556938623426,0.612938263934426,35.9290909090909,34.5290909090909,29.5418181818182,0.534545454545455,37.3072727272727,0.0363636363636364,18.7490909090909,0.0381818181818182,43.3345454545455,-0.121136256386671,0.849333009547131,0.882727272727273,0.880472727272727,0.886127272727273
115663,69813,45850,0.62782779930662,0.612547859512694,0.61288985703944,35.9290909090909,34.5327272727273,29.5381818181818,0.529090909090909,37.3309090909091,0.0418181818181818,18.7018181818182,0.0345454545454545,43.3618181818182,-0.12117818697734,0.847307038087059,0.882727272727273,0.880472727272727,0.886127272727273
115768,69823,45945,0.627727291934897,0.612680380728614,0.612908756593276,35.9236363636364,34.5454545454545,29.5309090909091,0.527272727272727,37.3490909090909,0.04,18.6709090909091,0.0327272727272727,43.38,-0.120195530490409,0.852063205389475,0.882727272727273,0.880472727272727,0.886127272727273
115859,69826,46033,0.627693231420191,0.612766925278387,0.612937507181848,35.9218181818182,34.5327272727273,29.5454545454545,0.529090909090909,37.3618181818182,0.0327272727272727,18.6527272727273,0.0381818181818182,43.3854545454545,-0.118985144762965,0.853586604124443,0.882727272727273,0.880472727272727,0.886127272727273
115800,69824,45976,0.627807502474256,0.612614724922334,0.612902976565436,35.92,34.5381818181818,29.5418181818182,0.521818181818182,37.3763636363636,0.0327272727272727,18.6381818181818,0.0309090909090909,43.4,-0.119887814507754,0.848476969730109,0.882727272727273,0.880472727272727,0.886127272727273
115896,69825,46071,0.627809605938313,0.612745039456802,0.612827844327588,35.9218181818182,34.5436363636364,29.5345454545455,0.521818181818182,37.3836363636364,0.0345454545454545,18.6145454545455,0.0327272727272727,43.4127272727273,-0.118455970227429,0.846207825145261,0.882727272727273,0.880472727272727,0.886127272727273
115824,69816,46008,0.627735225508645,0.612663875285997,0.612806865302228,35.9163636363636,34.5418181818182,29.5418181818182,0.514545454545455,37.3818181818182,0.04,18.6036363636364,0.0472727272727273,43.4127272727273,-0.120529141321855,0.833639231739058,0.882727272727273,0.880472727272727,0.886127272727273
115796,69825,45971,0.627754572156943,0.612597437413726,0.612763450995508,35.9236363636364,34.5381818181818,29.5381818181818,0.512727272727273,37.4036363636364,0.0327272727272727,18.5781818181818,0.0472727272727273,43.4254545454545,-0.117221662528325,0.822490038401024,0.882727272727273,0.880472727272727,0.886127272727273
115916,69815,46101,0.627685298878168,0.612761713069321,0.612804708839095,35.92,34.5436363636364,29.5363636363636,0.507272727272727,37.4054545454546,0.0254545454545455,18.5527272727273,0.0454545454545455,43.4636363636364,-0.122083087469152,0.829627858491784,0.882727272727273,0.880472727272727,0.886127272727273
115934,69822,46112,0.627710910521663,0.612664423402166,0.612829258586665,35.92,34.5454545454545,29.5345454545455,0.503636363636364,37.42,0.0218181818181818,18.5218181818182,0.0309090909090909,43.5018181818182,-0.121179782284989,0.831136428649453,0.882727272727273,0.880472727272727,0.886127272727273
115964,69820,46144,0.627820741939416,0.612528029749373,0.612747145091577,35.9272727272727,34.5363636363636,29.5363636363636,0.5,37.4418181818182,0.0309090909090909,18.4563636363636,0.0290909090909091,43.5418181818182,-0.122251910644329,0.834494814700024,0.882727272727273,0.880472727272727,0.886127272727273
115965,69818,46147,0.627819479745345,0.612508616944023,0.612781069297266,35.9254545454545,34.5327272727273,29.5418181818182,0.496363636363636,37.4618181818182,0.04,18.4018181818182,0.0454545454545455,43.5545454545455,-0.122265368290689,0.821661781189455,0.882727272727273,0.880472727272727,0.886127272727273
116070,69823,46247,0.627818457059114,0.612473296137495,0.612993937936093,35.9236363636364,34.5345454545455,29.5418181818182,0.498181818181818,37.4763636363636,0.04,18.3690909090909,0.0454545454545455,43.5709090909091,-0.118630489574604,0.82621569917114,0.882727272727273,0.880472727272727,0.886127272727273
115957,69827,46130,0.627801795341475,0.612331051453656,0.612993370880135,35.9272727272727,34.5309090909091,29.5418181818182,0.490909090909091,37.4818181818182,0.0381818181818182,18.3527272727273,0.0290909090909091,43.6072727272727,-0.116278807898628,0.79584566149014,0.882727272727273,0.880472727272727,0.886127272727273
115916,69829,46087,0.627733508165024,0.612316757059781,0.61284144495936,35.92,34.5418181818182,29.5381818181818,0.485454545454546,37.5181818181818,0.0309090909090909,18.2981818181818,0.0309090909090909,43.6363636363636,-0.116896525014156,0.790342484473843,0.882727272727273,0.880472727272727,0.886127272727273
