"total_rewards","action_rewards","opinion_rewards","sp0_social_trust","sp1_social_trust","sp2_social_trust","sp0_request_rate","sp1_request_rate","sp2_request_rate","op0_expression_rate","op1_expression_rate","op2_expression_rate","op3_expression_rate","op4_expression_rate","op5_expression_rate","mean_loss1","mean_loss2","sp0_availability","sp1_availability","sp2_availability"
29606,29531,75,0.69369074130224,0.705907851829147,0.738470005541887,33.1036363636364,33.4072727272727,33.4890909090909,16.5927272727273,16.7272727272727,16.4854545454545,16.4872727272727,16.7418181818182,16.9654545454545,1.55105373534289,-1.73202563524246,0.822218181818182,0.832581818181818,0.890290909090909
29931,29539,392,0.693747997044867,0.705533194054733,0.738526791405017,33.0636363636364,33.3236363636364,33.6127272727273,16.4927272727273,16.8454545454545,16.3618181818182,16.6345454545455,16.6036363636364,17.0618181818182,1.4810209220106,-1.7195951981978,0.822218181818182,0.832581818181818,0.890290909090909
30277,29576,701,0.693608775611246,0.705408816802895,0.738899710876896,33.0036363636364,33.2672727272727,33.7290909090909,16.4254545454545,16.9145454545455,16.2527272727273,16.7909090909091,16.4345454545455,17.1818181818182,1.41366721174934,-1.70299435312098,0.822218181818182,0.832581818181818,0.890290909090909
30646,29625,1021,0.69364562887562,0.705161316012815,0.739142391045396,32.9654545454545,33.1927272727273,33.8418181818182,16.3454545454545,16.9781818181818,16.1709090909091,16.9181818181818,16.2872727272727,17.3,1.34704203388908,-1.69017366441813,0.822218181818182,0.832581818181818,0.890290909090909
31030,29643,1387,0.693446473040128,0.705000385878617,0.739441399504714,32.9381818181818,33.0927272727273,33.9690909090909,16.2236363636364,17.1436363636364,15.9981818181818,17.0709090909091,16.1436363636364,17.42,1.27726647637107,-1.64972290342504,0.822218181818182,0.832581818181818,0.890290909090909
31393,29678,1715,0.693301565587415,0.704650872115945,0.739575974805598,32.9,33.0218181818182,34.0781818181818,16.1309090909091,17.2509090909091,15.8690909090909,17.2272727272727,15.9690909090909,17.5527272727273,1.20835530216044,-1.62777925946496,0.822218181818182,0.832581818181818,0.890290909090909
31724,29711,2013,0.693287274245225,0.704346060802101,0.739826620659556,32.8854545454545,32.9418181818182,34.1727272727273,16.0290909090909,17.3545454545455,15.7509090909091,17.3454545454545,15.8454545454545,17.6745454545455,1.13933362852443,-1.62149881395427,0.822218181818182,0.832581818181818,0.890290909090909
32099,29730,2369,0.693252779436353,0.704032395042386,0.739770066095263,32.8309090909091,32.8872727272727,34.2818181818182,15.9127272727273,17.4872727272727,15.5836363636364,17.5236363636364,15.7290909090909,17.7636363636364,1.06850489919836,-1.58981782252138,0.822218181818182,0.832581818181818,0.890290909090909
32476,29816,2660,0.693169580434982,0.70411913067151,0.739937744238415,32.8109090909091,32.7727272727273,34.4163636363636,15.8272727272727,17.5763636363636,15.4490909090909,17.6745454545455,15.5854545454545,17.8872727272727,1.00286425785585,-1.58939549652013,0.822218181818182,0.832581818181818,0.890290909090909
32898,29826,3072,0.693202452798032,0.703702577120499,0.740099907289074,32.7927272727273,32.6672727272727,34.54,15.6963636363636,17.7418181818182,15.28,17.8472727272727,15.4490909090909,17.9854545454545,0.929835407300429,-1.53312454711307,0.822218181818182,0.832581818181818,0.890290909090909
33360,29883,3477,0.692935761146897,0.702658657027272,0.740260184304744,32.7581818181818,32.5509090909091,34.6909090909091,15.5272727272727,17.9163636363636,15.1254545454545,18.02,15.3054545454545,18.1054545454545,0.859408451752229,-1.47870494289832,0.822218181818182,0.832581818181818,0.890290909090909
33799,29933,3866,0.692797903264437,0.70231847049318,0.740373140342466,32.7309090909091,32.46,34.8090909090909,15.4090909090909,18.0709090909091,14.9363636363636,18.2272727272727,15.0981818181818,18.2581818181818,0.788519038937309,-1.44271434112029,0.822218181818182,0.832581818181818,0.890290909090909
34256,29990,4266,0.692688519227971,0.702158404710238,0.740752179512242,32.6763636363636,32.3690909090909,34.9545454545455,15.28,18.2127272727273,14.7854545454545,18.3709090909091,14.9381818181818,18.4127272727273,0.716857726465572,-1.40188928950917,0.822218181818182,0.832581818181818,0.890290909090909
34687,30046,4641,0.692533050756788,0.701853419241157,0.741027075099609,32.6327272727273,32.2727272727273,35.0945454545455,15.1381818181818,18.3872727272727,14.5927272727273,18.5236363636364,14.8072727272727,18.5509090909091,0.643423251672225,-1.37377105788751,0.822218181818182,0.832581818181818,0.890290909090909
35143,30132,5011,0.692354318768439,0.701576317310248,0.741542253137636,32.5818181818182,32.1818181818182,35.2363636363636,14.9836363636364,18.52,14.4636363636364,18.68,14.6436363636364,18.7090909090909,0.572015770998868,-1.35256406881592,0.822218181818182,0.832581818181818,0.890290909090909
35669,30182,5487,0.691875162143925,0.700805807817416,0.741891800041882,32.5054545454545,32.1163636363636,35.3781818181818,14.8127272727273,18.6854545454545,14.2854545454545,18.88,14.4436363636364,18.8927272727273,0.495805823802948,-1.279553798112,0.822218181818182,0.832581818181818,0.890290909090909
36239,30266,5973,0.691661528348981,0.700436246172153,0.742165225051369,32.4672727272727,32.0090909090909,35.5236363636364,14.6309090909091,18.8872727272727,14.0836363636364,19.0545454545455,14.2454545454545,19.0981818181818,0.422061943466013,-1.20396206162193,0.822218181818182,0.832581818181818,0.890290909090909
36739,30340,6399,0.691511823873366,0.699942800689385,0.742280266795261,32.4454545454545,31.8836363636364,35.6709090909091,14.4854545454545,19.0254545454545,13.8781818181818,19.2436363636364,14.0981818181818,19.2690909090909,0.346522985805165,-1.16372492801059,0.822218181818182,0.832581818181818,0.890290909090909
37324,30431,6893,0.691160968799522,0.699641604966037,0.742572724647022,32.3690909090909,31.8218181818182,35.8090909090909,14.2818181818182,19.2163636363636,13.7145454545455,19.4418181818182,13.8581818181818,19.4872727272727,0.271594965457916,-1.08887118317864,0.822218181818182,0.832581818181818,0.890290909090909
37963,30580,7383,0.690953522227852,0.699412027290665,0.742852804816414,32.2763636363636,31.7509090909091,35.9727272727273,14.1036363636364,19.3636363636364,13.5472727272727,19.66,13.6345454545455,19.6909090909091,0.200054051117464,-1.02050510373983,0.822218181818182,0.832581818181818,0.890290909090909
38598,30676,7922,0.69058277025605,0.699213906843559,0.743139810900601,32.1909090909091,31.6854545454545,36.1236363636364,13.8818181818182,19.5818181818182,13.3218181818182,19.8818181818182,13.4563636363636,19.8763636363636,0.123996249383146,-0.923610955476761,0.822218181818182,0.832581818181818,0.890290909090909
39211,30793,8418,0.690008202539211,0.698946636661478,0.743364210437944,32.14,31.5854545454545,36.2745454545455,13.6836363636364,19.7636363636364,13.0981818181818,20.12,13.2472727272727,20.0872727272727,0.0485144439068708,-0.852875195850025,0.822218181818182,0.832581818181818,0.890290909090909
39913,30903,9010,0.689508098374876,0.698452549875398,0.743500737129985,32.06,31.4981818181818,36.4418181818182,13.4963636363636,19.9563636363636,12.8709090909091,20.3309090909091,12.9963636363636,20.3490909090909,-0.0282781817696311,-0.734820096059279,0.822218181818182,0.832581818181818,0.890290909090909
40531,30976,9555,0.689135583712354,0.698158161084593,0.743570726832184,31.9872727272727,31.4309090909091,36.5818181818182,13.2709090909091,20.14,12.6963636363636,20.5290909090909,12.7672727272727,20.5963636363636,-0.107755636085163,-0.643853328444741,0.822218181818182,0.832581818181818,0.890290909090909
41275,31041,10234,0.688888115750707,0.697434099890617,0.743956520650153,31.9054545454545,31.2981818181818,36.7963636363636,13.0381818181818,20.3636363636364,12.4581818181818,20.7763636363636,12.5036363636364,20.86,-0.188921249996532,-0.48995129736987,0.822218181818182,0.832581818181818,0.890290909090909
41978,31151,10827,0.688515268981798,0.696181675843462,0.744416862006991,31.82,31.1927272727273,36.9872727272727,12.8145454545455,20.5418181818182,12.24,21.0254545454545,12.2527272727273,21.1254545454545,-0.265963360667229,-0.379093877293847,0.822218181818182,0.832581818181818,0.890290909090909
42660,31251,11409,0.688079553472227,0.695635336225454,0.744531930247512,31.76,31.08,37.16,12.5981818181818,20.7054545454545,12.0636363636364,21.2527272727273,11.9836363636364,21.3963636363636,-0.343613995747133,-0.267344703457572,0.822218181818182,0.832581818181818,0.890290909090909
43350,31340,12010,0.687627898923825,0.694698092333525,0.744684372304912,31.6472727272727,31.0036363636364,37.3490909090909,12.3618181818182,20.8909090909091,11.8472727272727,21.5218181818182,11.7254545454545,21.6527272727273,-0.422363209995356,-0.145427090471441,0.822218181818182,0.832581818181818,0.890290909090909
44128,31540,12588,0.687210209113442,0.69435872340598,0.745191547943594,31.5509090909091,30.9109090909091,37.5381818181818,12.0945454545455,21.1181818181818,11.5781818181818,21.7763636363636,11.5454545454545,21.8872727272727,-0.491121928529306,-0.0356101187792691,0.822218181818182,0.832581818181818,0.890290909090909
44929,31684,13245,0.686784367628539,0.693785869953458,0.745411548915915,31.4890909090909,30.7909090909091,37.72,11.8618181818182,21.3127272727273,11.3436363636364,22.0418181818182,11.2672727272727,22.1727272727273,-0.563667891242287,0.109382935545661,0.822218181818182,0.832581818181818,0.890290909090909
45633,31782,13851,0.686286237350429,0.693413958230166,0.745344654464642,31.3890909090909,30.7309090909091,37.88,11.6309090909091,21.5,11.0763636363636,22.3127272727273,11.0254545454545,22.4545454545455,-0.639988939057697,0.240257172692906,0.822218181818182,0.832581818181818,0.890290909090909
46386,31900,14486,0.686043115235487,0.692589095729136,0.745490224985297,31.3236363636364,30.6345454545455,38.0418181818182,11.3818181818182,21.7054545454545,10.8618181818182,22.5290909090909,10.7472727272727,22.7745454545455,-0.713597070087086,0.382788828286258,0.822218181818182,0.832581818181818,0.890290909090909
46942,31987,14955,0.685495051649179,0.691320876425342,0.745835659230573,31.2163636363636,30.5145454545455,38.2690909090909,11.1490909090909,21.8727272727273,10.7127272727273,22.6818181818182,10.5072727272727,23.0763636363636,-0.789869910749522,0.452903412147002,0.822218181818182,0.832581818181818,0.890290909090909
47762,32140,15622,0.685005503600653,0.690718548746882,0.746333696140964,31.1272727272727,30.3981818181818,38.4745454545455,10.9272727272727,22.0436363636364,10.48,22.9290909090909,10.2254545454545,23.3945454545455,-0.859026534990831,0.614183875647458,0.822218181818182,0.832581818181818,0.890290909090909
48520,32293,16227,0.684493656470238,0.690203002403463,0.746745739927849,31.0072727272727,30.3290909090909,38.6636363636364,10.6909090909091,22.22,10.2418181818182,23.1618181818182,9.97818181818182,23.7072727272727,-0.925778528235175,0.757620640776374,0.822218181818182,0.832581818181818,0.890290909090909
49316,32432,16884,0.684104533864807,0.690050115221792,0.747210495884142,30.8690909090909,30.2636363636364,38.8672727272727,10.4327272727273,22.3890909090909,10.0163636363636,23.4163636363636,9.67272727272727,24.0727272727273,-0.992637801441279,0.918290311098099,0.822218181818182,0.832581818181818,0.890290909090909
50166,32600,17566,0.683627280228559,0.690228518261948,0.747414330772587,30.7454545454545,30.1872727272727,39.0672727272727,10.2127272727273,22.5709090909091,9.72363636363636,23.6709090909091,9.45818181818182,24.3636363636364,-1.05631663934751,1.09187158454548,0.822218181818182,0.832581818181818,0.890290909090909
50819,32713,18106,0.682793748070926,0.689879030131815,0.747638432302718,30.6072727272727,30.1090909090909,39.2836363636364,10,22.6963636363636,9.57454545454545,23.8272727272727,9.22909090909091,24.6727272727273,-1.12210735461929,1.21301839568398,0.822218181818182,0.832581818181818,0.890290909090909
51464,32814,18650,0.682295494317287,0.688608894340916,0.747941705627153,30.4854545454545,29.9636363636364,39.5509090909091,9.78545454545454,22.8527272727273,9.34181818181818,24.0254545454545,9.02363636363636,24.9709090909091,-1.1873425388878,1.33524384119294,0.822218181818182,0.832581818181818,0.890290909090909
52188,32956,19232,0.68177278512892,0.688642042285734,0.748448563238988,30.3,29.9163636363636,39.7836363636364,9.55636363636364,23.0018181818182,9.14181818181818,24.2254545454545,8.82363636363636,25.2509090909091,-1.24739187197252,1.47457083788785,0.822218181818182,0.832581818181818,0.890290909090909
52855,33114,19741,0.681237511602752,0.688073790514298,0.74869181880533,30.1527272727273,29.8727272727273,39.9745454545455,9.36,23.0709090909091,8.96909090909091,24.4527272727273,8.57636363636364,25.5709090909091,-1.304113029079,1.58173024112528,0.822218181818182,0.832581818181818,0.890290909090909
53604,33242,20362,0.680762177252022,0.687307651363977,0.748923447486437,30.0236363636364,29.8290909090909,40.1472727272727,9.15818181818182,23.1527272727273,8.80545454545454,24.6909090909091,8.31636363636364,25.8763636363636,-1.36209137412635,1.75220961137251,0.822218181818182,0.832581818181818,0.890290909090909
54204,33389,20815,0.680237963423763,0.687010654483875,0.749157137457884,29.8781818181818,29.7763636363636,40.3454545454545,8.94,23.2981818181818,8.58363636363636,24.8654545454545,8.09636363636364,26.2163636363636,-1.4157038691369,1.83755837570537,0.822218181818182,0.832581818181818,0.890290909090909
54817,33566,21251,0.67933042476689,0.68680849880646,0.749738926295195,29.6490909090909,29.7509090909091,40.6,8.76545454545455,23.38,8.39818181818182,25.0472727272727,7.87636363636364,26.5327272727273,-1.46519144773483,1.92569279237227,0.822218181818182,0.832581818181818,0.890290909090909
55430,33654,21776,0.678558885672087,0.685889103999888,0.750065212662568,29.4472727272727,29.7054545454545,40.8472727272727,8.54727272727273,23.5309090909091,8.20727272727273,25.1981818181818,7.67636363636364,26.84,-1.52101988792419,2.06137257976965,0.822218181818182,0.832581818181818,0.890290909090909
55996,33837,22159,0.678199587036848,0.685445592815238,0.750564696434195,29.2654545454545,29.6963636363636,41.0381818181818,8.39090909090909,23.6272727272727,8.04181818181818,25.3418181818182,7.53454545454545,27.0636363636364,-1.56534383893013,2.13744761943817,0.822218181818182,0.832581818181818,0.890290909090909
56689,34005,22684,0.677541635092827,0.685955126843622,0.750763058357804,29.1127272727273,29.6854545454545,41.2018181818182,8.24,23.7163636363636,7.86363636363636,25.5181818181818,7.30545454545455,27.3563636363636,-1.60906423249028,2.27445543300022,0.822218181818182,0.832581818181818,0.890290909090909
57284,34139,23145,0.676701149059414,0.686216635027171,0.751101924661555,28.8836363636364,29.7145454545455,41.4018181818182,8.08727272727273,23.7745454545455,7.72909090909091,25.6436363636364,7.08181818181818,27.6836363636364,-1.6539272275838,2.3741948149421,0.822218181818182,0.832581818181818,0.890290909090909
57821,34328,23493,0.675909268995346,0.685572046712347,0.75150640607324,28.7109090909091,29.6363636363636,41.6527272727273,7.95454545454545,23.8472727272727,7.60363636363636,25.7618181818182,6.90181818181818,27.9309090909091,-1.69246865456755,2.44006904851307,0.822218181818182,0.832581818181818,0.890290909090909
58402,34561,23841,0.675339270976585,0.685143174259712,0.751535505300845,28.5127272727273,29.5927272727273,41.8945454545455,7.79818181818182,23.9254545454545,7.44727272727273,25.8709090909091,6.77818181818182,28.18,-1.72574219270186,2.49813229604201,0.822218181818182,0.832581818181818,0.890290909090909
58957,34734,24223,0.674330228413985,0.685364730188829,0.751676414440434,28.3472727272727,29.5363636363636,42.1163636363636,7.67818181818182,23.9581818181818,7.33818181818182,25.9527272727273,6.62,28.4527272727273,-1.76050372313369,2.5819576615637,0.822218181818182,0.832581818181818,0.890290909090909
59589,34887,24702,0.673127543774766,0.685483204315193,0.751963800601239,28.1254545454545,29.5672727272727,42.3072727272727,7.52727272727273,24.0509090909091,7.14545454545455,26.1381818181818,6.44,28.6981818181818,-1.79586176357486,2.71425471468405,0.822218181818182,0.832581818181818,0.890290909090909
60120,35070,25050,0.672293166534562,0.685189399904548,0.752286576179067,27.9109090909091,29.5854545454545,42.5036363636364,7.38545454545455,24.1545454545455,6.97818181818182,26.2181818181818,6.32181818181818,28.9418181818182,-1.82703183374622,2.79192203391682,0.822218181818182,0.832581818181818,0.890290909090909
60687,35274,25413,0.671488387637541,0.684991468023336,0.752328552294505,27.6545454545455,29.6418181818182,42.7036363636364,7.25454545454545,24.2309090909091,6.84545454545455,26.3090909090909,6.17090909090909,29.1890909090909,-1.85478926463561,2.87541422735561,0.822218181818182,0.832581818181818,0.890290909090909
61271,35483,25788,0.670664970240945,0.684865907649683,0.75247525707224,27.4436363636364,29.6254545454545,42.9309090909091,7.13454545454545,24.3145454545455,6.68181818181818,26.4218181818182,6.00727272727273,29.44,-1.87946300018917,2.9682446566495,0.822218181818182,0.832581818181818,0.890290909090909
61749,35690,26059,0.669747828893635,0.68378971088671,0.752402306709633,27.2163636363636,29.5927272727273,43.1909090909091,7.02181818181818,24.3636363636364,6.56181818181818,26.4927272727273,5.86727272727273,29.6927272727273,-1.90422297255559,3.01386162747036,0.822218181818182,0.832581818181818,0.890290909090909
62319,35903,26416,0.668836947645429,0.682823210206143,0.752569141596275,26.9909090909091,29.5745454545455,43.4345454545455,6.90363636363636,24.4490909090909,6.42,26.6072727272727,5.7,29.92,-1.92640009793368,3.09826214801181,0.822218181818182,0.832581818181818,0.890290909090909
62851,36129,26722,0.667967851926942,0.682280838549949,0.752618721855477,26.76,29.5763636363636,43.6636363636364,6.80545454545455,24.5109090909091,6.28181818181818,26.6945454545455,5.54909090909091,30.1581818181818,-1.94427468614145,3.16441128958355,0.822218181818182,0.832581818181818,0.890290909090909
63343,36316,27027,0.666833102513776,0.682328379569344,0.752523010888124,26.5309090909091,29.5963636363636,43.8727272727273,6.71454545454545,24.5727272727273,6.12909090909091,26.7927272727273,5.42727272727273,30.3636363636364,-1.96472908827392,3.2293570369482,0.822218181818182,0.832581818181818,0.890290909090909
63766,36516,27250,0.665580801095416,0.68147965471977,0.752677527810815,26.2872727272727,29.6109090909091,44.1018181818182,6.61454545454545,24.6345454545455,6.03090909090909,26.8454545454545,5.32545454545455,30.5490909090909,-1.98125352209265,3.27127632011067,0.822218181818182,0.832581818181818,0.890290909090909
64261,36750,27511,0.664520620052179,0.680664019174003,0.752831113489177,25.9836363636364,29.6345454545455,44.3818181818182,6.50727272727273,24.7436363636364,5.89818181818182,26.9036363636364,5.20727272727273,30.74,-1.99316140711308,3.32355728366158,0.822218181818182,0.832581818181818,0.890290909090909
64697,36979,27718,0.663401972658672,0.679932286270948,0.752585248961847,25.6690909090909,29.7272727272727,44.6036363636364,6.40545454545455,24.8381818181818,5.80181818181818,26.9236363636364,5.11272727272727,30.9181818181818,-2.00421987148848,3.3526908706535,0.822218181818182,0.832581818181818,0.890290909090909
65341,37338,28003,0.662523721611108,0.67922254157477,0.752683383169539,25.42,29.7272727272727,44.8527272727273,6.31272727272727,24.8909090909091,5.66727272727273,27.0581818181818,4.99272727272727,31.0781818181818,-2.00517019114711,3.41293731765314,0.822218181818182,0.832581818181818,0.890290909090909
65812,37559,28253,0.661540385377322,0.679138963190129,0.752585667886828,25.1563636363636,29.7981818181818,45.0454545454545,6.24,24.9818181818182,5.50727272727273,27.1036363636364,4.86363636363636,31.3036363636364,-2.01497081843289,3.46359747106379,0.822218181818182,0.832581818181818,0.890290909090909
66213,37749,28464,0.660393606715584,0.678507970520288,0.752335021407903,24.8890909090909,29.8836363636364,45.2272727272727,6.16181818181818,25.0527272727273,5.40181818181818,27.1618181818182,4.75090909090909,31.4709090909091,-2.02590779066086,3.50186784863472,0.822218181818182,0.832581818181818,0.890290909090909
66696,38009,28687,0.659688895906359,0.678021694802627,0.752208524360047,24.6618181818182,29.9090909090909,45.4290909090909,6.11272727272727,25.0963636363636,5.31454545454546,27.1854545454545,4.65636363636364,31.6345454545455,-2.03025821311907,3.54446526549079,0.822218181818182,0.832581818181818,0.890290909090909
67247,38289,28958,0.658178707029207,0.677970398725902,0.752214160333914,24.44,29.9381818181818,45.6218181818182,6.02363636363636,25.1418181818182,5.25818181818182,27.2345454545455,4.54727272727273,31.7945454545455,-2.03135020218112,3.60547169826247,0.822218181818182,0.832581818181818,0.890290909090909
67807,38597,29210,0.657170740716842,0.677718043221789,0.751899486093535,24.1527272727273,30.0290909090909,45.8181818181818,5.94909090909091,25.2309090909091,5.12727272727273,27.2945454545455,4.43818181818182,31.96,-2.03024515780536,3.65427445281636,0.822218181818182,0.832581818181818,0.890290909090909
68222,38790,29432,0.65579116165023,0.677374595972356,0.751689794789009,23.9036363636364,30.0890909090909,46.0072727272727,5.86545454545455,25.3090909090909,5.00909090909091,27.3309090909091,4.34545454545455,32.14,-2.0359061690894,3.69548023776575,0.822218181818182,0.832581818181818,0.890290909090909
68720,39063,29657,0.65486958186245,0.676315665871273,0.751458421919164,23.6836363636364,30.0963636363636,46.22,5.79090909090909,25.36,4.92181818181818,27.3727272727273,4.25454545454545,32.3,-2.03430590765043,3.73129774819721,0.822218181818182,0.832581818181818,0.890290909090909
69390,39378,30012,0.653120995825362,0.675826503283154,0.75107952131446,23.4418181818182,30.1181818181818,46.44,5.72545454545455,25.44,4.74727272727273,27.5,4.06363636363636,32.5236363636364,-2.03065675388683,3.81132087653334,0.822218181818182,0.832581818181818,0.890290909090909
69987,39694,30293,0.651926880119821,0.67583912974973,0.750920630195287,23.2163636363636,30.1472727272727,46.6363636363636,5.64727272727273,25.5127272727273,4.65090909090909,27.5345454545455,3.95454545454546,32.7,-2.02381209189242,3.87173874920065,0.822218181818182,0.832581818181818,0.890290909090909
70446,39956,30490,0.650799914947283,0.674813306090895,0.750632252323297,23.0127272727273,30.1727272727273,46.8145454545455,5.55090909090909,25.5909090909091,4.58363636363636,27.5418181818182,3.89272727272727,32.84,-2.02189315178178,3.90899736718698,0.822218181818182,0.832581818181818,0.890290909090909
70957,40327,30630,0.649616127809476,0.673885395290202,0.750349753045544,22.8163636363636,30.1218181818182,47.0618181818182,5.47818181818182,25.6872727272727,4.44181818181818,27.6127272727273,3.79818181818182,32.9818181818182,-2.00903521017595,3.92066760171543,0.822218181818182,0.832581818181818,0.890290909090909
71511,40675,30836,0.648407176956624,0.673822861394287,0.750100466284722,22.5672727272727,30.1545454545455,47.2781818181818,5.41818181818182,25.7563636363636,4.35818181818182,27.6072727272727,3.74545454545455,33.1145454545455,-1.99797617942095,3.94584520296617,0.822218181818182,0.832581818181818,0.890290909090909
72131,40987,31144,0.64636460426038,0.673329442092729,0.749673775207418,22.3327272727273,30.2072727272727,47.46,5.35272727272727,25.7836363636364,4.24909090909091,27.7345454545455,3.62727272727273,33.2527272727273,-1.98637414845553,4.01402681307359,0.822218181818182,0.832581818181818,0.890290909090909
72627,41292,31335,0.644993230284575,0.672441080799946,0.749465033753113,22.1127272727273,30.22,47.6672727272727,5.26181818181818,25.8672727272727,4.13818181818182,27.8,3.58,33.3527272727273,-1.97527284960855,4.04593760533766,0.822218181818182,0.832581818181818,0.890290909090909
73217,41688,31529,0.643836647519164,0.671772391245164,0.74924906393314,21.88,30.2,47.92,5.20727272727273,25.9072727272727,4.06727272727273,27.8218181818182,3.50363636363636,33.4927272727273,-1.9581494924697,4.08528917323459,0.822218181818182,0.832581818181818,0.890290909090909
73625,42033,31592,0.642641008503401,0.670064769278688,0.749033754813867,21.6872727272727,30.1490909090909,48.1636363636364,5.13090909090909,25.9563636363636,3.98727272727273,27.8836363636364,3.44909090909091,33.5927272727273,-1.94268409189853,4.07235905257138,0.822218181818182,0.832581818181818,0.890290909090909
74203,42377,31826,0.641342075951257,0.669624707822553,0.748963019433774,21.4963636363636,30.1509090909091,48.3527272727273,5.07818181818182,26.0127272727273,3.89454545454546,27.9290909090909,3.37454545454545,33.7109090909091,-1.92760558006438,4.11773082884875,0.822218181818182,0.832581818181818,0.890290909090909
74589,42693,31896,0.639639135876139,0.668823123042878,0.748483216943973,21.3218181818182,30.1418181818182,48.5363636363636,5.00545454545455,26.0690909090909,3.81818181818182,27.9818181818182,3.30181818181818,33.8236363636364,-1.91369852179831,4.10256231156262,0.822218181818182,0.832581818181818,0.890290909090909
75169,43065,32104,0.63839629841037,0.668068049560304,0.747975321859005,21.1581818181818,30.1163636363636,48.7254545454545,4.94,26.0909090909091,3.78727272727273,28.02,3.23090909090909,33.9309090909091,-1.89507370564071,4.13795324916189,0.822218181818182,0.832581818181818,0.890290909090909
75736,43433,32303,0.636946674651474,0.667464432503386,0.747867595479369,21.0036363636364,30.1181818181818,48.8781818181818,4.87272727272727,26.1327272727273,3.74363636363636,28.0436363636364,3.14,34.0672727272727,-1.876882372932,4.16515648473393,0.822218181818182,0.832581818181818,0.890290909090909
76226,43789,32437,0.635567196889935,0.666575819524248,0.747561773927114,20.8872727272727,30.0763636363636,49.0363636363636,4.81090909090909,26.2127272727273,3.64,28.1109090909091,3.05272727272727,34.1727272727273,-1.85810801698403,4.17636601653966,0.822218181818182,0.832581818181818,0.890290909090909
76840,44213,32627,0.633986988395748,0.665426790376239,0.747388080380997,20.7,30.0581818181818,49.2418181818182,4.76,26.2345454545455,3.56545454545454,28.1363636363636,3.02181818181818,34.2818181818182,-1.83293474357237,4.20521860881285,0.822218181818182,0.832581818181818,0.890290909090909
77458,44619,32839,0.632560020749738,0.664990913425825,0.746737082633892,20.5490909090909,30.0745454545455,49.3763636363636,4.68909090909091,26.2781818181818,3.51636363636364,28.1618181818182,2.94363636363636,34.4109090909091,-1.80646121352911,4.24330741221255,0.822218181818182,0.832581818181818,0.890290909090909
78033,45056,32977,0.631659565790481,0.664393250106464,0.74641287375474,20.3836363636364,30.1218181818182,49.4945454545455,4.63090909090909,26.2872727272727,3.47818181818182,28.2,2.90181818181818,34.5018181818182,-1.77917941713875,4.25380879152905,0.822218181818182,0.832581818181818,0.890290909090909
78630,45443,33187,0.630383300337585,0.663402879310327,0.745572630555432,20.2381818181818,30.12,49.6418181818182,4.57272727272727,26.3309090909091,3.39454545454545,28.2436363636364,2.84545454545454,34.6127272727273,-1.75753651342609,4.28268724950877,0.822218181818182,0.832581818181818,0.890290909090909
78911,45782,33129,0.629026992010783,0.661386656049815,0.745088959102114,20.1163636363636,30.0945454545455,49.7890909090909,4.50181818181818,26.3654545454545,3.35272727272727,28.2527272727273,2.81818181818182,34.7090909090909,-1.73526407737624,4.22597419565374,0.822218181818182,0.832581818181818,0.890290909090909
79484,46218,33266,0.628127252748134,0.660614958502051,0.744665106378307,19.9763636363636,30.1,49.9236363636364,4.42,26.4363636363636,3.25818181818182,28.2854545454545,2.80363636363636,34.7963636363636,-1.71106780239127,4.24238636764613,0.822218181818182,0.832581818181818,0.890290909090909
79994,46580,33414,0.626976250574551,0.65960523315597,0.743850905271489,19.8545454545455,30.1218181818182,50.0236363636364,4.37090909090909,26.4454545454545,3.20909090909091,28.3036363636364,2.75090909090909,34.92,-1.69168018400669,4.25052444718101,0.822218181818182,0.832581818181818,0.890290909090909
80498,46942,33556,0.625723194649701,0.658424226549505,0.743549110665598,19.7418181818182,30.0927272727273,50.1654545454545,4.32,26.4745454545455,3.14909090909091,28.3127272727273,2.70545454545455,35.0381818181818,-1.6688615182584,4.25916651812467,0.822218181818182,0.832581818181818,0.890290909090909
81084,47397,33687,0.624851186259521,0.657038666274603,0.742925308261021,19.6581818181818,30.0418181818182,50.3,4.27090909090909,26.5145454545455,3.07272727272727,28.3436363636364,2.67090909090909,35.1272727272727,-1.64082003425468,4.26963184096596,0.822218181818182,0.832581818181818,0.890290909090909
81781,47880,33901,0.623703932044841,0.656557483235023,0.742736149483747,19.4945454545455,30.0636363636364,50.4418181818182,4.22909090909091,26.52,3.02363636363636,28.3854545454545,2.61454545454545,35.2272727272727,-1.61120338792151,4.31276087435809,0.822218181818182,0.832581818181818,0.890290909090909
82384,48276,34108,0.622879911053827,0.655273960972042,0.742326388384258,19.34,30.0763636363636,50.5836363636364,4.17818181818182,26.5490909090909,2.96727272727273,28.3963636363636,2.54727272727273,35.3618181818182,-1.58753603683277,4.3439965185794,0.822218181818182,0.832581818181818,0.890290909090909
82842,48674,34168,0.62145217554822,0.653976845469992,0.741532883195492,19.2054545454545,30.04,50.7545454545455,4.10545454545455,26.5872727272727,2.90909090909091,28.44,2.53454545454545,35.4236363636364,-1.55753490979021,4.32175283269449,0.822218181818182,0.832581818181818,0.890290909090909
83385,49099,34286,0.620384100899798,0.652434413215367,0.740971662317067,19.1236363636364,29.9472727272727,50.9290909090909,4.04909090909091,26.6181818181818,2.86181818181818,28.4418181818182,2.48363636363636,35.5454545454545,-1.52783791151914,4.3275043650107,0.822218181818182,0.832581818181818,0.890290909090909
83807,49521,34286,0.618978206236851,0.650844043239548,0.740032721208646,18.9818181818182,29.9381818181818,51.08,4.00545454545455,26.6036363636364,2.81272727272727,28.5109090909091,2.44181818181818,35.6254545454545,-1.50116665051742,4.28809391693635,0.822218181818182,0.832581818181818,0.890290909090909
84460,49914,34546,0.617672288921864,0.649628007423069,0.739368201879632,18.8054545454545,30.0018181818182,51.1927272727273,3.97090909090909,26.6145454545455,2.73090909090909,28.5836363636364,2.36909090909091,35.7309090909091,-1.47506334415891,4.3458161202344,0.822218181818182,0.832581818181818,0.890290909090909
85059,50317,34742,0.616718379843529,0.648119182589936,0.738586260066058,18.7054545454545,30.0090909090909,51.2854545454545,3.91454545454545,26.6472727272727,2.65454545454545,28.6472727272727,2.31090909090909,35.8254545454545,-1.44654893400994,4.37339125763286,0.822218181818182,0.832581818181818,0.890290909090909
85522,50678,34844,0.615515503069068,0.64683963985646,0.737792184793581,18.5836363636364,30.04,51.3763636363636,3.86181818181818,26.6672727272727,2.64545454545455,28.6327272727273,2.24545454545455,35.9472727272727,-1.42188020700758,4.36077210496772,0.822218181818182,0.832581818181818,0.890290909090909
85964,51034,34930,0.614300798413847,0.646020104521731,0.736665220257313,18.4781818181818,30.0381818181818,51.4836363636364,3.82181818181818,26.6381818181818,2.60727272727273,28.6781818181818,2.22181818181818,36.0327272727273,-1.39503110891039,4.35980558503758,0.822218181818182,0.832581818181818,0.890290909090909
86627,51493,35134,0.61348508466828,0.644866335423279,0.736210682502798,18.3236363636364,30.0818181818182,51.5945454545455,3.76727272727273,26.6527272727273,2.54909090909091,28.7381818181818,2.11818181818182,36.1745454545455,-1.36199999614195,4.37863247177818,0.822218181818182,0.832581818181818,0.890290909090909
87219,51915,35304,0.612067584478644,0.644170524569886,0.735502493197853,18.1763636363636,30.1218181818182,51.7018181818182,3.71454545454545,26.6763636363636,2.49818181818182,28.7545454545455,2.10363636363636,36.2527272727273,-1.33363794386387,4.40140187008814,0.822218181818182,0.832581818181818,0.890290909090909
87483,52273,35210,0.610432590552388,0.642878372320517,0.734562694151828,18.0672727272727,30.1436363636364,51.7890909090909,3.67090909090909,26.7163636363636,2.43454545454545,28.7890909090909,2.04363636363636,36.3454545454545,-1.30753191872077,4.34083823561668,0.822218181818182,0.832581818181818,0.890290909090909
88008,52648,35360,0.609560515363469,0.642175591899596,0.733511424725599,17.9727272727273,30.1618181818182,51.8654545454545,3.61636363636364,26.7454545454545,2.41636363636364,28.8145454545455,1.93636363636364,36.4709090909091,-1.28190977912058,4.36524493694305,0.822218181818182,0.832581818181818,0.890290909090909
88467,53018,35449,0.6078449180749,0.641528079478339,0.732693005803945,17.8581818181818,30.2181818181818,51.9236363636364,3.58545454545455,26.7072727272727,2.37636363636364,28.8145454545455,1.95090909090909,36.5654545454545,-1.2536205928434,4.36541173674844,0.822218181818182,0.832581818181818,0.890290909090909
89097,53351,35746,0.606616814032355,0.640529124962863,0.732035821261841,17.7145454545455,30.2490909090909,52.0363636363636,3.53272727272727,26.7436363636364,2.32181818181818,28.8290909090909,1.94,36.6327272727273,-1.23095936802301,4.4279192507267,0.822218181818182,0.832581818181818,0.890290909090909
89524,53713,35811,0.605127193615744,0.640344179956873,0.731228559895796,17.5981818181818,30.2927272727273,52.1090909090909,3.48,26.7709090909091,2.30545454545455,28.7927272727273,1.92909090909091,36.7218181818182,-1.20409312546253,4.4235806833614,0.822218181818182,0.832581818181818,0.890290909090909
89941,54100,35841,0.603684574351969,0.639384971855753,0.73027229625598,17.4981818181818,30.3218181818182,52.18,3.41818181818182,26.7854545454545,2.29636363636364,28.7672727272727,1.9,36.8327272727273,-1.17550106509165,4.39933214295994,0.822218181818182,0.832581818181818,0.890290909090909
90322,54449,35873,0.602033387539904,0.639077535086185,0.729344432533057,17.3472727272727,30.4690909090909,52.1836363636364,3.37272727272727,26.8418181818182,2.25090909090909,28.7690909090909,1.84363636363636,36.9218181818182,-1.15143550356681,4.37823900201104,0.822218181818182,0.832581818181818,0.890290909090909
90829,54766,36063,0.600569359081606,0.637810880911916,0.72873523823315,17.22,30.5254545454545,52.2545454545455,3.31272727272727,26.9109090909091,2.20181818181818,28.7345454545455,1.83454545454545,37.0054545454545,-1.12781673629176,4.40774470567703,0.822218181818182,0.832581818181818,0.890290909090909
91461,55172,36289,0.599190934552185,0.636974967062193,0.72790163808524,17.1509090909091,30.5054545454545,52.3436363636364,3.26,26.9545454545455,2.14727272727273,28.7581818181818,1.77272727272727,37.1072727272727,-1.09735422242771,4.42769499041817,0.822218181818182,0.832581818181818,0.890290909090909
91921,55511,36410,0.5979294242247,0.636046021738527,0.726954270497314,17.0472727272727,30.5236363636364,52.4290909090909,3.22181818181818,26.9945454545455,2.11090909090909,28.7454545454545,1.73090909090909,37.1963636363636,-1.0723453019153,4.42476386211135,0.822218181818182,0.832581818181818,0.890290909090909
92311,55887,36424,0.597008918067838,0.633804631715876,0.725932574872812,16.9509090909091,30.5254545454545,52.5236363636364,3.19272727272727,27.0618181818182,2.00727272727273,28.7672727272727,1.67454545454545,37.2963636363636,-1.04116243726828,4.38252609101209,0.822218181818182,0.832581818181818,0.890290909090909
92967,56279,36688,0.596264225753031,0.632997612871231,0.72524113376046,16.8418181818182,30.5563636363636,52.6018181818182,3.14545454545455,27.1018181818182,1.98181818181818,28.7472727272727,1.63636363636364,37.3872727272727,-1.01207010698589,4.43078256411986,0.822218181818182,0.832581818181818,0.890290909090909
93249,56574,36675,0.595003752435371,0.63298758787099,0.724118295469652,16.7072727272727,30.6563636363636,52.6363636363636,3.10363636363636,27.1272727272727,1.98545454545455,28.7145454545455,1.58,37.4890909090909,-0.990975940498439,4.38832932060415,0.822218181818182,0.832581818181818,0.890290909090909
93709,56912,36797,0.593659167008329,0.632586196026901,0.723969546074816,16.6054545454545,30.68,52.7145454545455,3.05636363636364,27.1981818181818,1.88181818181818,28.7345454545455,1.53090909090909,37.5981818181818,-0.964132392270999,4.38459835594351,0.822218181818182,0.832581818181818,0.890290909090909
94138,57224,36914,0.592479264324161,0.632452937138347,0.723172386332587,16.5072727272727,30.7290909090909,52.7636363636364,3.02,27.2563636363636,1.82545454545455,28.6818181818182,1.56545454545455,37.6509090909091,-0.943277166580612,4.3907244736498,0.822218181818182,0.832581818181818,0.890290909090909
94693,57554,37139,0.591433122682452,0.632339021022743,0.722383837852626,16.4345454545455,30.7181818181818,52.8472727272727,2.98727272727273,27.28,1.77272727272727,28.6636363636364,1.56,37.7363636363636,-0.918584334782579,4.41805926127867,0.822218181818182,0.832581818181818,0.890290909090909
94963,57772,37191,0.59020283110776,0.6312282384328,0.721352885782845,16.3581818181818,30.7745454545455,52.8672727272727,2.93818181818182,27.34,1.67454545454545,28.6563636363636,1.56545454545455,37.8254545454545,-0.900741156393832,4.38243828036568,0.822218181818182,0.832581818181818,0.890290909090909
95526,58106,37420,0.589160177475913,0.630508839675058,0.720349234718461,16.2763636363636,30.8072727272727,52.9163636363636,2.9,27.3581818181818,1.62909090909091,28.6727272727273,1.5,37.94,-0.873775444518436,4.41532059474425,0.822218181818182,0.832581818181818,0.890290909090909
95828,58303,37525,0.587656965904735,0.629713486635176,0.719818034814389,16.1890909090909,30.8654545454545,52.9454545454546,2.86363636363636,27.3836363636364,1.61454545454545,28.6436363636364,1.45818181818182,38.0363636363636,-0.860760266266086,4.41594640341672,0.822218181818182,0.832581818181818,0.890290909090909
96182,58607,37575,0.586392465318374,0.629309336184492,0.71855921096665,16.1218181818182,30.8872727272727,52.9909090909091,2.82727272727273,27.3818181818182,1.61454545454545,28.6218181818182,1.42,38.1345454545455,-0.835810111395337,4.38972339738499,0.822218181818182,0.832581818181818,0.890290909090909
96439,58816,37623,0.585371193041448,0.628276070507694,0.71733604788244,16.0236363636364,30.9490909090909,53.0272727272727,2.78363636363636,27.4,1.59090909090909,28.5745454545455,1.38363636363636,38.2672727272727,-0.819686948440292,4.3644182508642,0.822218181818182,0.832581818181818,0.890290909090909
96945,59101,37844,0.584625260781735,0.62742188953502,0.716782667554122,15.98,30.9363636363636,53.0836363636364,2.74909090909091,27.4018181818182,1.56,28.5672727272727,1.33090909090909,38.3909090909091,-0.7977706766264,4.37648018923673,0.822218181818182,0.832581818181818,0.890290909090909
97417,59383,38034,0.583749840670498,0.62685149239443,0.716219315579236,15.9418181818182,30.9472727272727,53.1109090909091,2.70545454545455,27.4163636363636,1.49818181818182,28.5745454545455,1.31636363636364,38.4890909090909,-0.77633132236925,4.39775646057996,0.822218181818182,0.832581818181818,0.890290909090909
97831,59632,38199,0.582662230738162,0.626826010619549,0.715482498334297,15.8581818181818,31.0109090909091,53.1309090909091,2.66363636363636,27.44,1.43272727272727,28.5690909090909,1.27636363636364,38.6181818181818,-0.756927068463781,4.40655430988832,0.822218181818182,0.832581818181818,0.890290909090909
98324,59934,38390,0.581915654665426,0.625484687813063,0.714916275339055,15.8036363636364,31.02,53.1763636363636,2.61454545454545,27.4472727272727,1.41636363636364,28.5436363636364,1.21636363636364,38.7618181818182,-0.732870966873386,4.42292289625515,0.822218181818182,0.832581818181818,0.890290909090909
98629,60201,38428,0.581596509679991,0.623665663042222,0.713889682262021,15.7763636363636,31.0472727272727,53.1763636363636,2.58363636363636,27.4309090909091,1.38,28.4927272727273,1.20727272727273,38.9054545454546,-0.712577397647229,4.40592777729034,0.822218181818182,0.832581818181818,0.890290909090909
99018,60458,38560,0.580834570143411,0.623015383660704,0.713085219419205,15.74,31.0636363636364,53.1963636363636,2.55272727272727,27.4145454545455,1.34,28.4945454545455,1.16909090909091,39.0290909090909,-0.695656904781407,4.40030946189707,0.822218181818182,0.832581818181818,0.890290909090909
99394,60670,38724,0.579859028585602,0.622468316273517,0.712675121546082,15.7,31.0690909090909,53.2309090909091,2.50909090909091,27.4072727272727,1.33272727272727,28.4836363636364,1.08363636363636,39.1836363636364,-0.678767439519817,4.40676656744697,0.822218181818182,0.832581818181818,0.890290909090909
99680,60854,38826,0.579044987670252,0.622147780092654,0.711997762319361,15.6345454545455,31.1236363636364,53.2418181818182,2.47818181818182,27.3963636363636,1.30545454545455,28.4636363636364,1.07818181818182,39.2781818181818,-0.664650832997127,4.40507588711652,0.822218181818182,0.832581818181818,0.890290909090909
100039,61124,38915,0.577782889536908,0.62155008022315,0.711525549743387,15.5909090909091,31.1145454545455,53.2945454545455,2.44363636363636,27.4127272727273,1.25636363636364,28.4145454545455,1.07272727272727,39.4,-0.643959977342324,4.3999117211862,0.822218181818182,0.832581818181818,0.890290909090909
100412,61339,39073,0.577420923669845,0.620778584337039,0.710943039207478,15.56,31.1345454545455,53.3054545454546,2.41272727272727,27.4363636363636,1.21272727272727,28.3472727272727,1.05454545454545,39.5363636363636,-0.626235131377524,4.39440014904196,0.822218181818182,0.832581818181818,0.890290909090909
100926,61586,39340,0.576914298211917,0.620135254751444,0.710359996451684,15.5163636363636,31.1272727272727,53.3563636363636,2.37272727272727,27.4527272727273,1.25090909090909,28.2618181818182,1.02181818181818,39.64,-0.610999549789862,4.43338903622194,0.822218181818182,0.832581818181818,0.890290909090909
101139,61776,39363,0.576222215435835,0.619114049840426,0.709769200148232,15.4872727272727,31.1545454545455,53.3581818181818,2.34909090909091,27.4563636363636,1.20909090909091,28.24,1.00909090909091,39.7363636363636,-0.594426512244073,4.3978421384638,0.822218181818182,0.832581818181818,0.890290909090909
101182,61906,39276,0.575471022487322,0.618757422858029,0.708824399940301,15.4472727272727,31.1981818181818,53.3545454545455,2.31818181818182,27.4563636363636,1.21818181818182,28.2036363636364,0.970909090909091,39.8327272727273,-0.582480557262897,4.35502165447582,0.822218181818182,0.832581818181818,0.890290909090909
101505,62106,39399,0.574429533337936,0.618345357943132,0.708213246598867,15.4254545454545,31.2036363636364,53.3709090909091,2.27818181818182,27.5490909090909,1.09090909090909,28.2054545454545,0.961818181818182,39.9145454545455,-0.564740090376951,4.34214952317151,0.822218181818182,0.832581818181818,0.890290909090909
101874,62296,39578,0.573897714536122,0.61828253983767,0.707738200743933,15.3927272727273,31.2472727272727,53.36,2.24727272727273,27.5672727272727,1.07272727272727,28.1636363636364,0.918181818181818,40.0309090909091,-0.549456820603121,4.34910981330005,0.822218181818182,0.832581818181818,0.890290909090909
102116,62457,39659,0.573639756324998,0.617970975821788,0.707040614388854,15.3654545454545,31.2781818181818,53.3563636363636,2.21636363636364,27.6,1.05454545454545,28.0890909090909,0.929090909090909,40.1109090909091,-0.536709624901414,4.3339985056357,0.822218181818182,0.832581818181818,0.890290909090909
102489,62687,39802,0.573149507436627,0.617273897563522,0.706529831752056,15.3363636363636,31.2890909090909,53.3745454545455,2.19272727272727,27.6163636363636,1.03454545454545,28.0254545454545,0.918181818181818,40.2127272727273,-0.516145940395919,4.33890917192806,0.822218181818182,0.832581818181818,0.890290909090909
102832,62869,39963,0.572711757477724,0.616862125187386,0.706026231081834,15.2927272727273,31.32,53.3872727272727,2.16,27.6654545454545,0.978181818181818,27.9872727272727,0.901818181818182,40.3072727272727,-0.502389903772961,4.345254091783,0.822218181818182,0.832581818181818,0.890290909090909
103000,63040,39960,0.571982913891255,0.616560367371905,0.70555070385045,15.2563636363636,31.3763636363636,53.3672727272727,2.14727272727273,27.7072727272727,0.947272727272727,27.9272727272727,0.872727272727273,40.3981818181818,-0.486961047554558,4.29192868362774,0.822218181818182,0.832581818181818,0.890290909090909
103072,63167,39905,0.571016451184749,0.61628363484628,0.705101760621529,15.2072727272727,31.44,53.3527272727273,2.12,27.7181818181818,0.947272727272727,27.8927272727273,0.869090909090909,40.4527272727273,-0.474299390749498,4.23354968699542,0.822218181818182,0.832581818181818,0.890290909090909
103234,63309,39925,0.570283262168732,0.615926619476485,0.704582352592586,15.1436363636364,31.5109090909091,53.3454545454545,2.08363636363636,27.7545454545455,0.945454545454545,27.8363636363636,0.834545454545455,40.5454545454545,-0.465102267163721,4.19487363100052,0.822218181818182,0.832581818181818,0.890290909090909
103408,63446,39962,0.569873692253522,0.615374048088119,0.704183888410054,15.12,31.5381818181818,53.3418181818182,2.04909090909091,27.7781818181818,0.958181818181818,27.7654545454545,0.785454545454545,40.6636363636364,-0.455477257411588,4.16584420529279,0.822218181818182,0.832581818181818,0.890290909090909
103640,63579,40061,0.569273219852918,0.615210945931077,0.703430907244711,15.0927272727273,31.5909090909091,53.3163636363636,2.01272727272727,27.8454545454545,0.941818181818182,27.6745454545455,0.769090909090909,40.7563636363636,-0.448058849200606,4.15249774130908,0.822218181818182,0.832581818181818,0.890290909090909
103950,63692,40258,0.569154214349904,0.615069371619134,0.702754764659444,15.0527272727273,31.62,53.3272727272727,1.98545454545455,27.8927272727273,0.932727272727273,27.58,0.745454545454545,40.8636363636364,-0.439465016871691,4.16298645734787,0.822218181818182,0.832581818181818,0.890290909090909
104231,63847,40384,0.568713329211808,0.614574899210024,0.702140162295066,15.0381818181818,31.6472727272727,53.3145454545455,1.96363636363636,27.9654545454545,0.885454545454545,27.4654545454545,0.74,40.98,-0.425139087167653,4.15137555653399,0.822218181818182,0.832581818181818,0.890290909090909
104611,63956,40655,0.568311160657429,0.61453630748181,0.701867683944039,15.0090909090909,31.6672727272727,53.3236363636364,1.94181818181818,28.0090909090909,0.836363636363636,27.3763636363636,0.734545454545455,41.1018181818182,-0.418645004081455,4.17450679215518,0.822218181818182,0.832581818181818,0.890290909090909
104748,64064,40684,0.567775250324276,0.613899154373351,0.701390810292417,14.9890909090909,31.6872727272727,53.3236363636364,1.91454545454545,28.0345454545455,0.805454545454545,27.3072727272727,0.710909090909091,41.2272727272727,-0.411690117418766,4.13874902400103,0.822218181818182,0.832581818181818,0.890290909090909
105068,64182,40886,0.567518576539303,0.613516005161013,0.701234450233208,14.9563636363636,31.7109090909091,53.3327272727273,1.88909090909091,28.0309090909091,0.812727272727273,27.2181818181818,0.7,41.3490909090909,-0.404184983459047,4.15384376049042,0.822218181818182,0.832581818181818,0.890290909090909
105180,64273,40907,0.566960779952095,0.613485617676336,0.700838731453055,14.9181818181818,31.7490909090909,53.3327272727273,1.86909090909091,28.0527272727273,0.772727272727273,27.1418181818182,0.670909090909091,41.4927272727273,-0.39924009011381,4.1239650032737,0.822218181818182,0.832581818181818,0.890290909090909
105359,64371,40988,0.566529648656212,0.613160901227082,0.700439951731471,14.8963636363636,31.7472727272727,53.3563636363636,1.84,28.08,0.74,27.06,0.656363636363636,41.6236363636364,-0.39339263336733,4.11275716315616,0.822218181818182,0.832581818181818,0.890290909090909
105683,64478,41205,0.566394561865363,0.613230419174387,0.69999522348477,14.8709090909091,31.7836363636364,53.3454545454545,1.81090909090909,28.1090909090909,0.705454545454545,26.98,0.681818181818182,41.7127272727273,-0.386370405402373,4.13676832155748,0.822218181818182,0.832581818181818,0.890290909090909
105881,64575,41306,0.565754199968542,0.613447273095345,0.699563467535394,14.8545454545455,31.7963636363636,53.3490909090909,1.78545454545455,28.08,0.76,26.9036363636364,0.6,41.8709090909091,-0.379452948526225,4.12977898987857,0.822218181818182,0.832581818181818,0.890290909090909
105952,64681,41271,0.565440124207856,0.612838754539535,0.699280440013244,14.8236363636364,31.8,53.3763636363636,1.77272727272727,28.0854545454545,0.776363636363636,26.8490909090909,0.556363636363636,41.96,-0.371251504605805,4.09369343735955,0.822218181818182,0.832581818181818,0.890290909090909
105763,64771,40992,0.564957449153964,0.611895132579017,0.699180383300367,14.7981818181818,31.8127272727273,53.3890909090909,1.74727272727273,28.1018181818182,0.769090909090909,26.7672727272727,0.601818181818182,42.0127272727273,-0.36352832777087,3.99705772074786,0.822218181818182,0.832581818181818,0.890290909090909
105991,64842,41149,0.564573244796811,0.611467461145685,0.69874839624307,14.7709090909091,31.8363636363636,53.3927272727273,1.72545454545455,28.1381818181818,0.710909090909091,26.6963636363636,0.634545454545455,42.0945454545455,-0.357737642441961,3.98640068606897,0.822218181818182,0.832581818181818,0.890290909090909
106150,64948,41202,0.564154380810957,0.611176084910173,0.698618832164992,14.7527272727273,31.8163636363636,53.4309090909091,1.68363636363636,28.1363636363636,0.761818181818182,26.64,0.594545454545455,42.1836363636364,-0.350883350826123,3.97476819536903,0.822218181818182,0.832581818181818,0.890290909090909
106122,65026,41096,0.563518085052536,0.611005981063647,0.698168544917927,14.7363636363636,31.8563636363636,53.4072727272727,1.67272727272727,28.1563636363636,0.758181818181818,26.5763636363636,0.543636363636364,42.2927272727273,-0.34493176584894,3.90860424746167,0.822218181818182,0.832581818181818,0.890290909090909
106377,65085,41292,0.563673528621975,0.610687062029082,0.697885954409228,14.7272727272727,31.8654545454545,53.4072727272727,1.65818181818182,28.1963636363636,0.696363636363636,26.52,0.556363636363636,42.3727272727273,-0.340346308624033,3.92006434635683,0.822218181818182,0.832581818181818,0.890290909090909
106387,65158,41229,0.563205555709189,0.610656504873257,0.697661235366584,14.6909090909091,31.8927272727273,53.4163636363636,1.64181818181818,28.2218181818182,0.678181818181818,26.4654545454545,0.552727272727273,42.44,-0.335842538201673,3.88575543977998,0.822218181818182,0.832581818181818,0.890290909090909
106629,65256,41373,0.563016241132762,0.61050548004567,0.697465328824019,14.6690909090909,31.9036363636364,53.4272727272727,1.62,28.2509090909091,0.658181818181818,26.4109090909091,0.532727272727273,42.5272727272727,-0.329789668304676,3.89455784505064,0.822218181818182,0.832581818181818,0.890290909090909
106708,65310,41398,0.562781385170574,0.61041018426052,0.697154007751506,14.6563636363636,31.9,53.4436363636364,1.60181818181818,28.2545454545455,0.68,26.3272727272727,0.530909090909091,42.6054545454545,-0.326146939938719,3.86757950674404,0.822218181818182,0.832581818181818,0.890290909090909
106871,65360,41511,0.562609000143898,0.610315511712593,0.696903252644543,14.62,31.9218181818182,53.4581818181818,1.58181818181818,28.3036363636364,0.64,26.2636363636364,0.514545454545455,42.6963636363636,-0.319557463259182,3.86856940226121,0.822218181818182,0.832581818181818,0.890290909090909
107184,65420,41764,0.562303629972884,0.610502158763991,0.696716908932404,14.6072727272727,31.9272727272727,53.4654545454545,1.56,28.3090909090909,0.649090909090909,26.2181818181818,0.494545454545455,42.7690909090909,-0.31616932570257,3.8756244301796,0.822218181818182,0.832581818181818,0.890290909090909
107380,65499,41881,0.561882097367445,0.610407460007248,0.6964689251486,14.5981818181818,31.9472727272727,53.4545454545455,1.54727272727273,28.3545454545455,0.609090909090909,26.1654545454545,0.521818181818182,42.8018181818182,-0.311523709073663,3.86746435490522,0.822218181818182,0.832581818181818,0.890290909090909
107562,65569,41993,0.561693611123156,0.61015074747587,0.696002498938111,14.5890909090909,31.9636363636364,53.4472727272727,1.53454545454545,28.3727272727273,0.569090909090909,26.1509090909091,0.5,42.8727272727273,-0.306071427379819,3.85846665989269,0.822218181818182,0.832581818181818,0.890290909090909
107532,65614,41918,0.561245082760052,0.609895025983231,0.695680686505302,14.5690909090909,31.9709090909091,53.46,1.52,28.3709090909091,0.598181818181818,26.0709090909091,0.550909090909091,42.8890909090909,-0.302216547829184,3.81564170664007,0.822218181818182,0.832581818181818,0.890290909090909
107393,65661,41732,0.560673743786126,0.609400730039061,0.695615918091898,14.5563636363636,31.9690909090909,53.4745454545455,1.50545454545455,28.3818181818182,0.590909090909091,26.0727272727273,0.494545454545455,42.9545454545455,-0.299239025315778,3.73050018548966,0.822218181818182,0.832581818181818,0.890290909090909
107686,65689,41997,0.56070848547365,0.609594065676931,0.695262799567769,14.5290909090909,32.0054545454545,53.4654545454545,1.48727272727273,28.3927272727273,0.565454545454545,26.1036363636364,0.447272727272727,43.0036363636364,-0.29707989282906,3.76128469488838,0.822218181818182,0.832581818181818,0.890290909090909
107880,65745,42135,0.561037786129375,0.609351132517831,0.695010700887752,14.5254545454545,32.0054545454545,53.4690909090909,1.47636363636364,28.4109090909091,0.529090909090909,26.0981818181818,0.478181818181818,43.0072727272727,-0.293056996632367,3.77245293693109,0.822218181818182,0.832581818181818,0.890290909090909
108061,65791,42270,0.561234709950062,0.608799839939588,0.694782762011938,14.5127272727273,32.02,53.4672727272727,1.46363636363636,28.4381818181818,0.530909090909091,26.0563636363636,0.441818181818182,43.0690909090909,-0.290107938562605,3.76796315908432,0.822218181818182,0.832581818181818,0.890290909090909
107661,65832,41829,0.560490743974939,0.608031078744565,0.69453356029226,14.5072727272727,32.0109090909091,53.4818181818182,1.44909090909091,28.4654545454545,0.521818181818182,26.0490909090909,0.401818181818182,43.1127272727273,-0.287004061796787,3.62982893965461,0.822218181818182,0.832581818181818,0.890290909090909
107694,65868,41826,0.560323777131845,0.607571245982892,0.694382385667722,14.4927272727273,32.0163636363636,53.4909090909091,1.44181818181818,28.4945454545455,0.489090909090909,26.02,0.407272727272727,43.1472727272727,-0.28511857912791,3.60669628869403,0.822218181818182,0.832581818181818,0.890290909090909
107873,65919,41954,0.560115687834709,0.607536493281556,0.694353432879709,14.4763636363636,32.0145454545455,53.5090909090909,1.42909090909091,28.54,0.469090909090909,25.9963636363636,0.370909090909091,43.1945454545455,-0.279834754781967,3.59233084917068,0.822218181818182,0.832581818181818,0.890290909090909
107883,65958,41925,0.559794761783658,0.607293873397672,0.69437719741846,14.4581818181818,32.02,53.5218181818182,1.42363636363636,28.5490909090909,0.456363636363636,25.9654545454545,0.378181818181818,43.2272727272727,-0.276366091595793,3.56369569735094,0.822218181818182,0.832581818181818,0.890290909090909
107965,65996,41969,0.55977321083141,0.607197360984065,0.694281056159909,14.4545454545455,32.0254545454545,53.52,1.40909090909091,28.5654545454545,0.443636363636364,25.9254545454545,0.401818181818182,43.2545454545455,-0.274749287564985,3.53808356523514,0.822218181818182,0.832581818181818,0.890290909090909
108094,66023,42071,0.559724194170294,0.607065022450195,0.694076176860908,14.4381818181818,32.0527272727273,53.5090909090909,1.39272727272727,28.5854545454545,0.461818181818182,25.8818181818182,0.370909090909091,43.3072727272727,-0.272150592362,3.53286592851986,0.822218181818182,0.832581818181818,0.890290909090909
108211,66068,42143,0.559462297735398,0.607042429544785,0.694048779002113,14.44,32.0527272727273,53.5072727272727,1.38,28.6236363636364,0.450909090909091,25.8309090909091,0.372727272727273,43.3418181818182,-0.268607907725329,3.51867939071222,0.822218181818182,0.832581818181818,0.890290909090909
108263,66102,42161,0.559291516401442,0.606912606931053,0.693985240834715,14.4254545454545,32.06,53.5145454545455,1.36,28.6618181818182,0.461818181818182,25.7363636363636,0.394545454545454,43.3854545454545,-0.2660067925399,3.4971500841054,0.822218181818182,0.832581818181818,0.890290909090909
108403,66140,42263,0.558919865945257,0.607079706033192,0.693746378124169,14.4181818181818,32.0581818181818,53.5236363636364,1.34727272727273,28.6727272727273,0.498181818181818,25.6763636363636,0.356363636363636,43.4490909090909,-0.261074113253165,3.49513314637271,0.822218181818182,0.832581818181818,0.890290909090909
108532,66167,42365,0.558751366861299,0.60715722331919,0.693656343756344,14.4054545454545,32.06,53.5345454545455,1.34181818181818,28.6836363636364,0.492727272727273,25.6309090909091,0.365454545454545,43.4854545454545,-0.258822489766912,3.50554897134954,0.822218181818182,0.832581818181818,0.890290909090909
108617,66195,42422,0.558440707502448,0.607056112015626,0.693738103103198,14.4,32.0618181818182,53.5381818181818,1.32363636363636,28.72,0.476363636363636,25.5745454545455,0.390909090909091,43.5145454545455,-0.257184010947292,3.49044637896798,0.822218181818182,0.832581818181818,0.890290909090909
108699,66230,42469,0.558462553662925,0.606982143492166,0.693644947057353,14.3927272727273,32.0727272727273,53.5345454545455,1.31454545454545,28.7418181818182,0.5,25.4927272727273,0.363636363636364,43.5872727272727,-0.255392197705805,3.46964608972723,0.822218181818182,0.832581818181818,0.890290909090909
108671,66272,42399,0.558274144091782,0.606604025737004,0.693620090944954,14.3818181818182,32.0709090909091,53.5472727272727,1.30545454545455,28.78,0.487272727272727,25.4272727272727,0.383636363636364,43.6163636363636,-0.252961756035008,3.43240101608363,0.822218181818182,0.832581818181818,0.890290909090909
108815,66328,42487,0.558082695509985,0.606388756854622,0.69347840059398,14.3727272727273,32.0709090909091,53.5563636363636,1.29636363636364,28.8145454545455,0.450909090909091,25.4018181818182,0.363636363636364,43.6727272727273,-0.247764789465476,3.41948831569065,0.822218181818182,0.832581818181818,0.890290909090909
108473,66358,42115,0.557388453129724,0.606060005601277,0.69332904543703,14.3781818181818,32.06,53.5618181818182,1.28909090909091,28.8181818181818,0.470909090909091,25.3309090909091,0.376363636363636,43.7145454545455,-0.246979448605667,3.30891753597693,0.822218181818182,0.832581818181818,0.890290909090909
108574,66388,42186,0.557276160895895,0.605993120730314,0.693139869371469,14.3672727272727,32.0690909090909,53.5636363636364,1.28181818181818,28.8309090909091,0.465454545454546,25.2945454545455,0.34,43.7872727272727,-0.243326984396712,3.29852622530677,0.822218181818182,0.832581818181818,0.890290909090909
108640,66406,42234,0.557206647682498,0.606036303770957,0.693038846856698,14.3563636363636,32.0818181818182,53.5618181818182,1.27090909090909,28.8290909090909,0.467272727272727,25.2563636363636,0.350909090909091,43.8254545454545,-0.241770105588842,3.28289643255147,0.822218181818182,0.832581818181818,0.890290909090909
108691,66424,42267,0.557009547025411,0.605889019353531,0.693017563204914,14.3490909090909,32.0818181818182,53.5690909090909,1.25636363636364,28.8545454545455,0.450909090909091,25.2036363636364,0.316363636363636,43.9181818181818,-0.240237966078249,3.2585374138572,0.822218181818182,0.832581818181818,0.890290909090909
108510,66448,42062,0.556685758695711,0.605492234021906,0.692982281037173,14.3309090909091,32.0945454545455,53.5745454545455,1.23272727272727,28.9145454545455,0.432727272727273,25.1381818181818,0.3,43.9818181818182,-0.238243172233078,3.20696563666517,0.822218181818182,0.832581818181818,0.890290909090909
108374,66462,41912,0.556680132290454,0.604934097919569,0.692952100396515,14.3327272727273,32.0945454545455,53.5727272727273,1.22363636363636,28.9490909090909,0.418181818181818,25.0490909090909,0.323636363636364,44.0363636363636,-0.2379694650627,3.14721698273312,0.822218181818182,0.832581818181818,0.890290909090909
108523,66475,42048,0.556691181324016,0.605100161191152,0.692898798865673,14.3236363636364,32.1036363636364,53.5727272727273,1.21818181818182,28.9836363636364,0.383636363636364,24.9709090909091,0.36,44.0836363636364,-0.23752264353362,3.14494107148864,0.822218181818182,0.832581818181818,0.890290909090909
108533,66485,42048,0.556616975822627,0.605087727972138,0.692781410854553,14.3072727272727,32.1181818181818,53.5745454545455,1.20909090909091,29.0309090909091,0.412727272727273,24.8290909090909,0.341818181818182,44.1763636363636,-0.236463778923181,3.1239866508679,0.822218181818182,0.832581818181818,0.890290909090909
108725,66512,42213,0.556587950316295,0.605188657740176,0.692735831508682,14.3072727272727,32.1,53.5927272727273,1.2,29.0963636363636,0.367272727272727,24.7781818181818,0.327272727272727,44.2309090909091,-0.233844990435649,3.14270446652716,0.822218181818182,0.832581818181818,0.890290909090909
108863,66539,42324,0.556300651134983,0.605679754066567,0.69263422501121,14.2963636363636,32.1145454545455,53.5890909090909,1.18545454545455,29.1109090909091,0.385454545454545,24.7127272727273,0.318181818181818,44.2872727272727,-0.230552822215991,3.13132560957562,0.822218181818182,0.832581818181818,0.890290909090909
108839,66555,42284,0.556248678595947,0.605483335359186,0.69257512055848,14.2927272727273,32.1127272727273,53.5945454545455,1.17454545454545,29.1436363636364,0.367272727272727,24.66,0.290909090909091,44.3636363636364,-0.230010548487983,3.10666298432784,0.822218181818182,0.832581818181818,0.890290909090909
108947,66566,42381,0.556250367318865,0.605423910039243,0.692548809002114,14.2909090909091,32.1090909090909,53.6,1.17090909090909,29.1654545454545,0.387272727272727,24.5672727272727,0.290909090909091,44.4181818181818,-0.229442382993346,3.11550377417694,0.822218181818182,0.832581818181818,0.890290909090909
108584,66570,42014,0.555557568229443,0.604964454823045,0.692540915024732,14.2890909090909,32.1054545454545,53.6054545454545,1.16545454545455,29.2072727272727,0.38,24.4618181818182,0.3,44.4854545454545,-0.227410432391546,2.99870853342793,0.822218181818182,0.832581818181818,0.890290909090909
108533,66596,41937,0.555239012363611,0.605019160484526,0.692205998334193,14.28,32.1218181818182,53.5981818181818,1.15636363636364,29.2218181818182,0.367272727272727,24.3872727272727,0.330909090909091,44.5363636363636,-0.226542798666791,2.95904685421423,0.822218181818182,0.832581818181818,0.890290909090909
108631,66617,42014,0.555172726619246,0.605095029881155,0.692159202675339,14.2727272727273,32.1236363636364,53.6036363636364,1.14909090909091,29.2018181818182,0.383636363636364,24.3254545454545,0.307272727272727,44.6327272727273,-0.224980510551144,2.95562636012381,0.822218181818182,0.832581818181818,0.890290909090909
108715,66631,42084,0.555270034133725,0.604975830281386,0.692189808790611,14.2636363636364,32.1327272727273,53.6036363636364,1.13636363636364,29.2145454545455,0.38,24.2690909090909,0.270909090909091,44.7290909090909,-0.2242762980136,2.94735115820711,0.822218181818182,0.832581818181818,0.890290909090909
109026,66648,42378,0.555688416402511,0.604930600828189,0.692203679129293,14.2654545454545,32.1381818181818,53.5963636363636,1.12909090909091,29.1945454545455,0.365454545454545,24.2345454545455,0.285454545454545,44.7909090909091,-0.222237200408497,2.99404716816815,0.822218181818182,0.832581818181818,0.890290909090909
108843,66660,42183,0.555571435442874,0.604514331965561,0.692044933678905,14.2618181818182,32.1363636363636,53.6018181818182,1.12363636363636,29.2090909090909,0.336363636363636,24.1763636363636,0.272727272727273,44.8818181818182,-0.221086009371687,2.91745738549666,0.822218181818182,0.832581818181818,0.890290909090909
108950,66674,42276,0.555494003572996,0.604477380211447,0.692052546558824,14.2581818181818,32.1272727272727,53.6145454545455,1.10545454545455,29.2109090909091,0.316363636363636,24.1381818181818,0.256363636363636,44.9727272727273,-0.220078271966089,2.9120519651608,0.822218181818182,0.832581818181818,0.890290909090909
108851,66699,42152,0.555348239174519,0.604300062447779,0.692046391292026,14.2527272727273,32.1236363636364,53.6236363636364,1.09454545454545,29.2018181818182,0.323636363636364,24.06,0.276363636363636,45.0436363636364,-0.218072850037027,2.86999803348021,0.822218181818182,0.832581818181818,0.890290909090909
109122,66715,42407,0.555410163619152,0.604384802432019,0.692268931310092,14.2472727272727,32.1236363636364,53.6290909090909,1.09090909090909,29.1927272727273,0.32,23.9963636363636,0.274545454545455,45.1254545454546,-0.217124371569265,2.89465076516975,0.822218181818182,0.832581818181818,0.890290909090909
109033,66727,42306,0.555155663703202,0.60425199623985,0.692248399108436,14.2436363636364,32.1181818181818,53.6381818181818,1.08727272727273,29.1690909090909,0.327272727272727,23.9490909090909,0.241818181818182,45.2254545454545,-0.216694817353379,2.85938503986055,0.822218181818182,0.832581818181818,0.890290909090909
108755,66732,42023,0.554399145847688,0.604171963195529,0.692202899202219,14.2345454545455,32.1254545454545,53.64,1.08545454545455,29.1636363636364,0.329090909090909,23.8963636363636,0.234545454545455,45.2909090909091,-0.216377633302049,2.76875436739488,0.822218181818182,0.832581818181818,0.890290909090909
108802,66745,42057,0.554340874584931,0.604178278386332,0.692190760344984,14.2309090909091,32.1290909090909,53.64,1.07636363636364,29.1472727272727,0.312727272727273,23.8709090909091,0.252727272727273,45.34,-0.215067979761145,2.75186551728032,0.822218181818182,0.832581818181818,0.890290909090909
108653,66752,41901,0.554235985417546,0.603890618347397,0.692200563829286,14.2327272727273,32.1218181818182,53.6454545454545,1.06545454545455,29.1290909090909,0.301818181818182,23.8181818181818,0.265454545454545,45.42,-0.215173633176495,2.70020351762121,0.822218181818182,0.832581818181818,0.890290909090909
108843,66759,42084,0.553984462602927,0.604256163604435,0.692194515643459,14.2181818181818,32.1327272727273,53.6490909090909,1.06,29.0981818181818,0.287272727272727,23.8109090909091,0.229090909090909,45.5145454545455,-0.214503974789246,2.71121302172118,0.822218181818182,0.832581818181818,0.890290909090909
108806,66773,42033,0.553889201025702,0.604143026393523,0.692119197374237,14.2109090909091,32.14,53.6490909090909,1.04909090909091,29.0363636363636,0.307272727272727,23.7745454545455,0.241818181818182,45.5909090909091,-0.213923683677885,2.68973474231633,0.822218181818182,0.832581818181818,0.890290909090909
108840,66783,42057,0.553514039334644,0.604518111975284,0.692002026751099,14.2054545454545,32.1454545454545,53.6490909090909,1.04363636363636,28.9727272727273,0.289090909090909,23.7981818181818,0.216363636363636,45.68,-0.212403069631281,2.67895859913392,0.822218181818182,0.832581818181818,0.890290909090909
108929,66799,42130,0.553512203924902,0.604338024227523,0.692090617530141,14.2,32.1290909090909,53.6709090909091,1.03454545454545,28.9418181818182,0.287272727272727,23.7890909090909,0.196363636363636,45.7509090909091,-0.211415581947023,2.68789806589484,0.822218181818182,0.832581818181818,0.890290909090909
109038,66810,42228,0.553552199586081,0.604015900407656,0.69203276866621,14.2054545454545,32.1254545454545,53.6690909090909,1.02545454545455,28.9454545454545,0.227272727272727,23.7690909090909,0.22,45.8127272727273,-0.209920268759809,2.69164949763905,0.822218181818182,0.832581818181818,0.890290909090909
109007,66815,42192,0.553618085238016,0.603811739994432,0.691967076985077,14.2072727272727,32.1309090909091,53.6618181818182,1.02545454545455,28.8927272727273,0.247272727272727,23.7127272727273,0.236363636363636,45.8854545454545,-0.208838729839772,2.67447079501369,0.822218181818182,0.832581818181818,0.890290909090909
109117,66836,42281,0.553597431424777,0.603890303537945,0.691955590315433,14.2072727272727,32.1218181818182,53.6709090909091,1.02181818181818,28.8472727272727,0.256363636363636,23.7054545454545,0.218181818181818,45.9509090909091,-0.207204532919621,2.67940635979176,0.822218181818182,0.832581818181818,0.890290909090909
109097,66846,42251,0.553544672593234,0.603642543761403,0.691900014974984,14.2018181818182,32.12,53.6781818181818,1.02,28.8181818181818,0.241818181818182,23.6709090909091,0.212727272727273,46.0363636363636,-0.206119621409611,2.6392300367186,0.822218181818182,0.832581818181818,0.890290909090909
109240,66860,42380,0.553561120899895,0.603582050737569,0.691952700614175,14.2018181818182,32.1181818181818,53.68,1.01636363636364,28.7763636363636,0.234545454545455,23.6509090909091,0.22,46.1018181818182,-0.205419686487453,2.65021016303111,0.822218181818182,0.832581818181818,0.890290909090909
109276,66872,42404,0.55351392868211,0.603495671123276,0.691963106669166,14.2,32.1054545454545,53.6945454545455,1.00727272727273,28.7236363636364,0.229090909090909,23.6618181818182,0.223636363636364,46.1545454545455,-0.205145949260755,2.64481640393761,0.822218181818182,0.832581818181818,0.890290909090909
109256,66876,42380,0.553433077216754,0.603427703031996,0.69195162504302,14.1981818181818,32.1054545454545,53.6963636363636,1.00181818181818,28.6909090909091,0.238181818181818,23.6309090909091,0.223636363636364,46.2145454545455,-0.205336389580572,2.62126466530291,0.822218181818182,0.832581818181818,0.890290909090909
109192,66886,42306,0.553405146046954,0.603275684519121,0.691921375173745,14.1945454545455,32.1109090909091,53.6945454545455,1,28.6563636363636,0.249090909090909,23.5927272727273,0.252727272727273,46.2490909090909,-0.204612723263827,2.58030643090606,0.822218181818182,0.832581818181818,0.890290909090909
109514,66914,42600,0.553349539156867,0.603544200038046,0.69189989239742,14.2,32.0981818181818,53.7018181818182,1,28.6290909090909,0.26,23.5490909090909,0.245454545454545,46.3163636363636,-0.200668720528483,2.61902811493386,0.822218181818182,0.832581818181818,0.890290909090909
109467,66924,42543,0.553335719030978,0.603271550079021,0.691895899727414,14.2018181818182,32.0963636363636,53.7018181818182,0.996363636363636,28.5981818181818,0.252727272727273,23.5163636363636,0.256363636363636,46.38,-0.199867652204226,2.60117557279088,0.822218181818182,0.832581818181818,0.890290909090909
109290,66932,42358,0.553232169133214,0.603020928388358,0.691841516107188,14.1963636363636,32.1018181818182,53.7018181818182,0.989090909090909,28.5781818181818,0.263636363636364,23.4781818181818,0.247272727272727,46.4436363636364,-0.199250477146019,2.54859154481779,0.822218181818182,0.832581818181818,0.890290909090909
109431,66940,42491,0.553108824034969,0.603181564251755,0.691780440352608,14.1890909090909,32.1072727272727,53.7036363636364,0.985454545454546,28.5672727272727,0.236363636363636,23.4763636363636,0.234545454545455,46.5,-0.198334365884181,2.55941434204578,0.822218181818182,0.832581818181818,0.890290909090909
109721,66952,42769,0.553417497585385,0.603208077207772,0.691718651043486,14.1818181818182,32.1127272727273,53.7054545454545,0.981818181818182,28.5454545454545,0.252727272727273,23.4418181818182,0.210909090909091,46.5672727272727,-0.197962057412687,2.58553547625515,0.822218181818182,0.832581818181818,0.890290909090909
109769,66964,42805,0.553386474971187,0.60306717965731,0.691752141754129,14.18,32.1145454545455,53.7054545454545,0.98,28.5563636363636,0.229090909090909,23.4090909090909,0.210909090909091,46.6145454545455,-0.19746728326956,2.58056321232156,0.822218181818182,0.832581818181818,0.890290909090909
109713,66986,42727,0.553168357961467,0.603061112315499,0.691759591325309,14.1781818181818,32.1163636363636,53.7054545454545,0.972727272727273,28.5436363636364,0.236363636363636,23.3963636363636,0.178181818181818,46.6727272727273,-0.195885951651938,2.55698937170885,0.822218181818182,0.832581818181818,0.890290909090909
109510,66994,42516,0.552550602672784,0.603242171947635,0.691795389332275,14.1745454545455,32.1163636363636,53.7090909090909,0.969090909090909,28.5345454545455,0.227272727272727,23.3836363636364,0.16,46.7254545454545,-0.195357198039578,2.50302938906984,0.822218181818182,0.832581818181818,0.890290909090909
109516,66998,42518,0.552509875230745,0.603114453772005,0.691791786406214,14.1763636363636,32.1036363636364,53.72,0.963636363636364,28.5127272727273,0.241818181818182,23.3363636363636,0.174545454545455,46.7709090909091,-0.19613718628587,2.48488077106462,0.822218181818182,0.832581818181818,0.890290909090909
109364,67008,42356,0.552304298654525,0.602921767788278,0.691748927397515,14.1745454545455,32.1018181818182,53.7236363636364,0.96,28.5054545454545,0.227272727272727,23.2981818181818,0.194545454545455,46.8145454545455,-0.195916434460775,2.44064030620185,0.822218181818182,0.832581818181818,0.890290909090909
109364,67015,42349,0.552241742716981,0.60276650871461,0.691731459940334,14.1727272727273,32.1054545454545,53.7218181818182,0.958181818181818,28.4781818181818,0.236363636363636,23.2563636363636,0.196363636363636,46.8745454545455,-0.194687234983642,2.4208801751787,0.822218181818182,0.832581818181818,0.890290909090909
109444,67024,42420,0.552407207116881,0.602600002802449,0.691733075387915,14.1745454545455,32.0963636363636,53.7290909090909,0.96,28.4436363636364,0.243636363636364,23.2109090909091,0.207272727272727,46.9345454545455,-0.194051738508279,2.41401760036295,0.822218181818182,0.832581818181818,0.890290909090909
109352,67031,42321,0.552161567916151,0.602440219052202,0.691668369220427,14.1745454545455,32.0945454545455,53.7309090909091,0.958181818181818,28.4309090909091,0.230909090909091,23.1927272727273,0.203636363636364,46.9836363636364,-0.193376400136516,2.37902516316284,0.822218181818182,0.832581818181818,0.890290909090909
109405,67047,42358,0.552107074564801,0.602514851956715,0.691619104939377,14.1745454545455,32.0927272727273,53.7327272727273,0.956363636363636,28.3981818181818,0.241818181818182,23.1254545454545,0.205454545454545,47.0727272727273,-0.192177860340929,2.36790886900642,0.822218181818182,0.832581818181818,0.890290909090909
109479,67057,42422,0.55207140049996,0.602463291029566,0.691549609499547,14.1727272727273,32.0927272727273,53.7345454545455,0.950909090909091,28.3545454545455,0.245454545454545,23.0909090909091,0.203636363636364,47.1545454545455,-0.191531483368652,2.36224177642302,0.822218181818182,0.832581818181818,0.890290909090909
109245,67055,42190,0.551462841801229,0.602442910446377,0.691528769633676,14.1672727272727,32.0945454545455,53.7381818181818,0.950909090909091,28.3054545454545,0.230909090909091,23.0945454545455,0.189090909090909,47.2290909090909,-0.192319748762318,2.30275011956692,0.822218181818182,0.832581818181818,0.890290909090909
109055,67059,41996,0.550986376911383,0.60238879917675,0.691516797394577,14.1636363636364,32.1018181818182,53.7345454545455,0.941818181818182,28.2581818181818,0.232727272727273,23.0963636363636,0.178181818181818,47.2927272727273,-0.192607149352658,2.24715303230015,0.822218181818182,0.832581818181818,0.890290909090909
109110,67067,42043,0.551187624913012,0.602162290448832,0.691443713881424,14.1654545454545,32.0963636363636,53.7381818181818,0.936363636363636,28.22,0.210909090909091,23.0909090909091,0.183636363636364,47.3581818181818,-0.192502417546612,2.24518779421395,0.822218181818182,0.832581818181818,0.890290909090909
109123,67072,42051,0.551073025572725,0.602098393504719,0.691426908323995,14.16,32.1,53.74,0.932727272727273,28.1472727272727,0.223636363636364,23.0727272727273,0.154545454545455,47.4690909090909,-0.191336889516308,2.22086217037656,0.822218181818182,0.832581818181818,0.890290909090909
109155,67080,42075,0.551086856191462,0.602038520914366,0.691443995053818,14.1563636363636,32.1072727272727,53.7363636363636,0.929090909090909,28.0963636363636,0.198181818181818,23.0545454545455,0.172727272727273,47.5490909090909,-0.191222885024564,2.21312685317614,0.822218181818182,0.832581818181818,0.890290909090909
109224,67097,42127,0.551089688986242,0.602090218405697,0.691412737711558,14.1509090909091,32.1054545454545,53.7436363636364,0.923636363636364,28.0090909090909,0.22,23.0509090909091,0.167272727272727,47.6290909090909,-0.188900917845736,2.21870656799186,0.822218181818182,0.832581818181818,0.890290909090909
109266,67107,42159,0.551113865530765,0.601993209896577,0.691122155467935,14.1490909090909,32.1036363636364,53.7472727272727,0.92,27.9636363636364,0.185454545454545,23.0254545454545,0.172727272727273,47.7327272727273,-0.188554382933812,2.21738671660423,0.822218181818182,0.832581818181818,0.890290909090909
109597,67117,42480,0.551192100825002,0.602311864796218,0.691155459578071,14.1436363636364,32.1090909090909,53.7472727272727,0.918181818181818,27.88,0.196363636363636,23.0127272727273,0.169090909090909,47.8236363636364,-0.188139248922975,2.2579462911595,0.822218181818182,0.832581818181818,0.890290909090909
109636,67130,42506,0.551262033745925,0.602039011621202,0.691117277909981,14.1454545454545,32.0981818181818,53.7563636363636,0.914545454545455,27.8418181818182,0.190909090909091,22.9927272727273,0.163636363636364,47.8963636363636,-0.187471741133116,2.25293401025913,0.822218181818182,0.832581818181818,0.890290909090909
109606,67141,42465,0.551189677707893,0.601901393651073,0.691148317845823,14.1454545454545,32.0927272727273,53.7618181818182,0.909090909090909,27.7872727272727,0.207272727272727,22.94,0.143636363636364,48.0127272727273,-0.184946704808284,2.23027263500474,0.822218181818182,0.832581818181818,0.890290909090909
109571,67146,42425,0.55106459891535,0.601829733109345,0.691128110145529,14.14,32.1,53.76,0.910909090909091,27.7472727272727,0.185454545454545,22.9072727272727,0.154545454545455,48.0945454545455,-0.18513685493857,2.21073675643314,0.822218181818182,0.832581818181818,0.890290909090909
109569,67160,42409,0.551041924826361,0.601757173330651,0.691184612536817,14.1363636363636,32.1036363636364,53.76,0.912727272727273,27.6709090909091,0.203636363636364,22.8854545454545,0.141818181818182,48.1854545454545,-0.183670153159818,2.19198534989899,0.822218181818182,0.832581818181818,0.890290909090909
109153,67172,41981,0.550255042929334,0.601673167501874,0.691140554822652,14.1327272727273,32.1036363636364,53.7636363636364,0.910909090909091,27.6218181818182,0.187272727272727,22.8490909090909,0.161818181818182,48.2690909090909,-0.182154878823679,2.09969920307736,0.822218181818182,0.832581818181818,0.890290909090909
109103,67184,41919,0.550177289115182,0.601509886955901,0.691124766484494,14.1272727272727,32.1054545454545,53.7672727272727,0.909090909090909,27.5927272727273,0.161818181818182,22.8218181818182,0.145454545454545,48.3690909090909,-0.181576587048105,2.08370998935266,0.822218181818182,0.832581818181818,0.890290909090909
109155,67188,41967,0.550184655884991,0.601389260408028,0.691099957053966,14.1254545454545,32.1109090909091,53.7636363636364,0.903636363636364,27.5472727272727,0.18,22.78,0.143636363636364,48.4454545454546,-0.182673421785743,2.07650413181294,0.822218181818182,0.832581818181818,0.890290909090909
109227,67204,42023,0.550126896375874,0.601350830117685,0.691110698307037,14.12,32.1109090909091,53.7690909090909,0.905454545454545,27.4945454545455,0.185454545454545,22.7436363636364,0.132727272727273,48.5381818181818,-0.181468909750269,2.06343643577261,0.822218181818182,0.832581818181818,0.890290909090909
109363,67216,42147,0.55006492620586,0.601332918413424,0.691076375585189,14.1163636363636,32.1054545454545,53.7781818181818,0.901818181818182,27.4163636363636,0.196363636363636,22.7218181818182,0.150909090909091,48.6127272727273,-0.179353356094692,2.06741636265069,0.822218181818182,0.832581818181818,0.890290909090909
109249,67217,42032,0.549908800764007,0.601166565137317,0.691115712722226,14.1145454545455,32.1109090909091,53.7745454545455,0.887272727272727,27.3727272727273,0.207272727272727,22.68,0.150909090909091,48.7018181818182,-0.178932010202499,2.04495463560928,0.822218181818182,0.832581818181818,0.890290909090909
108906,67223,41683,0.54920215340269,0.601408032242509,0.691104519993112,14.1072727272727,32.1181818181818,53.7745454545455,0.881818181818182,27.3218181818182,0.201818181818182,22.6472727272727,0.143636363636364,48.8036363636364,-0.178443523145027,1.96387522776018,0.822218181818182,0.832581818181818,0.890290909090909
109339,67234,42105,0.549283206044395,0.601412635121473,0.69145748412647,14.1090909090909,32.1127272727273,53.7781818181818,0.878181818181818,27.2636363636364,0.187272727272727,22.6,0.129090909090909,48.9418181818182,-0.177750406293622,2.01190979352052,0.822218181818182,0.832581818181818,0.890290909090909
108996,67234,41762,0.548671475943988,0.601285986809424,0.691447369427291,14.1018181818182,32.1236363636364,53.7745454545455,0.870909090909091,27.2272727272727,0.165454545454545,22.58,0.12,49.0363636363636,-0.177751639104364,1.92141345840963,0.822218181818182,0.832581818181818,0.890290909090909
109336,67237,42099,0.549179068067065,0.601117583849133,0.691433209321877,14.1036363636364,32.1163636363636,53.78,0.86,27.1618181818182,0.158181818181818,22.5727272727273,0.127272727272727,49.12,-0.177419741684571,1.97827969207005,0.822218181818182,0.832581818181818,0.890290909090909
109265,67237,42028,0.549162873874334,0.601131901182985,0.691373226127373,14.1018181818182,32.1236363636364,53.7745454545455,0.854545454545454,27.0872727272727,0.167272727272727,22.5509090909091,0.150909090909091,49.1890909090909,-0.177828735959801,1.95235395065763,0.822218181818182,0.832581818181818,0.890290909090909
108802,67242,41560,0.549043565026713,0.600487734744042,0.691342649800373,14.1018181818182,32.1290909090909,53.7690909090909,0.852727272727273,27.0272727272727,0.161818181818182,22.5363636363636,0.141818181818182,49.28,-0.177406145608984,1.88724727772854,0.822218181818182,0.832581818181818,0.890290909090909
108814,67248,41566,0.549046985544414,0.600451624220034,0.691269991061689,14.1054545454545,32.1254545454545,53.7690909090909,0.852727272727273,26.9545454545455,0.163636363636364,22.5363636363636,0.121818181818182,49.3709090909091,-0.177338031105782,1.87778170732358,0.822218181818182,0.832581818181818,0.890290909090909
108766,67252,41514,0.549295472497522,0.600316273720503,0.691047351304902,14.1072727272727,32.1254545454545,53.7672727272727,0.852727272727273,26.8981818181818,0.158181818181818,22.5090909090909,0.123636363636364,49.4581818181818,-0.177348810157061,1.82689330747182,0.822218181818182,0.832581818181818,0.890290909090909
108917,67258,41659,0.549177945451382,0.600531379543927,0.691024708200425,14.1072727272727,32.1181818181818,53.7745454545455,0.850909090909091,26.8545454545455,0.192727272727273,22.4072727272727,0.127272727272727,49.5672727272727,-0.176996672473086,1.84528435204517,0.822218181818182,0.832581818181818,0.890290909090909
108642,67265,41377,0.548448403577934,0.600687983122726,0.691005420470052,14.1072727272727,32.1109090909091,53.7818181818182,0.847272727272727,26.7763636363636,0.187272727272727,22.4236363636364,0.136363636363636,49.6290909090909,-0.177105021792125,1.76850936150348,0.822218181818182,0.832581818181818,0.890290909090909
108647,67272,41375,0.548307510730724,0.600710874748851,0.691058270095359,14.1145454545455,32.1,53.7854545454545,0.841818181818182,26.7090909090909,0.194545454545455,22.4,0.138181818181818,49.7163636363636,-0.175823564878242,1.7596240137873,0.822218181818182,0.832581818181818,0.890290909090909
108797,67280,41517,0.548300278426015,0.600678544456179,0.691167560947902,14.1163636363636,32.1054545454545,53.7781818181818,0.836363636363636,26.6381818181818,0.18,22.42,0.156363636363636,49.7690909090909,-0.175797511412847,1.76505793692036,0.822218181818182,0.832581818181818,0.890290909090909
108707,67281,41426,0.548004955650742,0.60074758716824,0.691117385814908,14.1145454545455,32.1090909090909,53.7763636363636,0.830909090909091,26.5818181818182,0.165454545454545,22.4218181818182,0.121818181818182,49.8781818181818,-0.176592387481254,1.72851299724796,0.822218181818182,0.832581818181818,0.890290909090909
107709,67283,40426,0.546463896726719,0.60085874797018,0.691178088518058,14.1109090909091,32.1090909090909,53.78,0.827272727272727,26.5109090909091,0.141818181818182,22.4218181818182,0.134545454545455,49.9636363636364,-0.177407873534089,1.53387609015812,0.822218181818182,0.832581818181818,0.890290909090909
107867,67285,40582,0.546648557139463,0.600399159295873,0.691324260052956,14.1036363636364,32.1145454545455,53.7818181818182,0.823636363636364,26.4490909090909,0.145454545454545,22.4109090909091,0.12,50.0509090909091,-0.177546888073398,1.53910650549964,0.822218181818182,0.832581818181818,0.890290909090909
107718,67291,40427,0.546727720068627,0.600081940433694,0.69130469627552,14.1054545454545,32.1109090909091,53.7836363636364,0.82,26.3563636363636,0.170909090909091,22.3781818181818,0.109090909090909,50.1654545454545,-0.176812604518438,1.49536525888199,0.822218181818182,0.832581818181818,0.890290909090909
107759,67293,40466,0.546734732980685,0.599980397963806,0.691347191601877,14.1054545454545,32.1072727272727,53.7872727272727,0.814545454545455,26.2854545454545,0.136363636363636,22.3527272727273,0.130909090909091,50.28,-0.176861183736897,1.4831507937136,0.822218181818182,0.832581818181818,0.890290909090909
107441,67297,40144,0.546161807813167,0.599892778099032,0.691376395592519,14.1,32.1145454545455,53.7854545454545,0.807272727272727,26.1963636363636,0.141818181818182,22.3418181818182,0.132727272727273,50.38,-0.176872316415591,1.40687526762486,0.822218181818182,0.832581818181818,0.890290909090909
107360,67303,40057,0.546694328782909,0.599402610031155,0.691175906962863,14.0945454545455,32.1181818181818,53.7872727272727,0.803636363636364,26.1018181818182,0.132727272727273,22.3490909090909,0.145454545454545,50.4672727272727,-0.176698217852126,1.37556444714693,0.822218181818182,0.832581818181818,0.890290909090909
107752,67311,40441,0.546441740915149,0.600085873784184,0.691067844215413,14.0945454545455,32.1181818181818,53.7872727272727,0.803636363636364,25.9818181818182,0.136363636363636,22.32,0.138181818181818,50.62,-0.175737244891934,1.45231655382297,0.822218181818182,0.832581818181818,0.890290909090909
108291,67313,40978,0.546833029721188,0.600298678214146,0.691052740655394,14.0963636363636,32.1181818181818,53.7854545454545,0.796363636363636,25.8818181818182,0.150909090909091,22.28,0.121818181818182,50.7690909090909,-0.175905746492473,1.53080137578601,0.822218181818182,0.832581818181818,0.890290909090909
108229,67315,40914,0.54671595920907,0.600283805297179,0.691059487668839,14.0963636363636,32.1145454545455,53.7890909090909,0.794545454545455,25.7836363636364,0.145454545454545,22.2490909090909,0.138181818181818,50.8890909090909,-0.176235456442968,1.51674692258239,0.822218181818182,0.832581818181818,0.890290909090909
108411,67319,41092,0.546738665766003,0.60037752597541,0.691057367482101,14.0890909090909,32.1218181818182,53.7890909090909,0.783636363636364,25.7018181818182,0.143636363636364,22.2272727272727,0.123636363636364,51.02,-0.176243596659465,1.52195785438473,0.822218181818182,0.832581818181818,0.890290909090909
108014,67319,40695,0.546063998690737,0.600280639874408,0.691009068962197,14.0927272727273,32.1163636363636,53.7909090909091,0.776363636363636,25.5945454545455,0.165454545454545,22.1745454545455,0.14,51.1490909090909,-0.175896287823773,1.43978066403757,0.822218181818182,0.832581818181818,0.890290909090909
107905,67323,40582,0.545708959306783,0.600144195361005,0.691014127126259,14.0890909090909,32.1218181818182,53.7890909090909,0.769090909090909,25.4981818181818,0.145454545454545,22.18,0.14,51.2672727272727,-0.175533003055237,1.38396328465844,0.822218181818182,0.832581818181818,0.890290909090909
108004,67326,40678,0.545693605141265,0.59997396696512,0.691219286904797,14.0872727272727,32.1236363636364,53.7890909090909,0.765454545454545,25.4109090909091,0.145454545454545,22.1654545454545,0.118181818181818,51.3945454545455,-0.175509160143239,1.3654556797648,0.822218181818182,0.832581818181818,0.890290909090909
108206,67330,40876,0.545765588589997,0.600087335380185,0.691223494346351,14.0854545454545,32.1254545454545,53.7890909090909,0.756363636363636,25.3072727272727,0.138181818181818,22.1909090909091,0.134545454545455,51.4727272727273,-0.175934659418735,1.38049736625769,0.822218181818182,0.832581818181818,0.890290909090909
108179,67339,40840,0.545778939376779,0.599954536812209,0.691256523307749,14.0890909090909,32.1181818181818,53.7927272727273,0.750909090909091,25.1836363636364,0.163636363636364,22.16,0.145454545454545,51.5963636363636,-0.175634870157492,1.36372155411677,0.822218181818182,0.832581818181818,0.890290909090909
108574,67346,41228,0.546468031195425,0.599802349268875,0.691196519070108,14.0890909090909,32.1145454545455,53.7963636363636,0.741818181818182,25.0981818181818,0.136363636363636,22.1672727272727,0.127272727272727,51.7290909090909,-0.174499241766435,1.44627576026727,0.822218181818182,0.832581818181818,0.890290909090909
109040,67354,41686,0.547138315200768,0.5998747120744,0.691143530059119,14.0854545454545,32.1163636363636,53.7981818181818,0.736363636363636,24.9709090909091,0.138181818181818,22.1636363636364,0.150909090909091,51.84,-0.174182424855164,1.51730117523535,0.822218181818182,0.832581818181818,0.890290909090909
109160,67358,41802,0.546999485748154,0.599787401434329,0.691204470041526,14.0872727272727,32.1109090909091,53.8018181818182,0.732727272727273,24.8945454545455,0.114545454545455,22.1218181818182,0.112727272727273,52.0236363636364,-0.174079276782207,1.50233139686964,0.822218181818182,0.832581818181818,0.890290909090909
109239,67360,41879,0.547031721582445,0.599833401894362,0.69125983989587,14.0818181818182,32.1163636363636,53.8018181818182,0.727272727272727,24.8036363636364,0.132727272727273,22.1127272727273,0.110909090909091,52.1127272727273,-0.174176393931901,1.51095512807369,0.822218181818182,0.832581818181818,0.890290909090909
109193,67362,41831,0.546873903854015,0.599800443892553,0.691281799914999,14.0836363636364,32.1127272727273,53.8036363636364,0.725454545454545,24.72,0.127272727272727,22.0781818181818,0.112727272727273,52.2363636363636,-0.174022560680962,1.48631248968569,0.822218181818182,0.832581818181818,0.890290909090909
109684,67366,42318,0.547166330509084,0.599801587103144,0.691452571503545,14.0854545454545,32.1054545454545,53.8090909090909,0.721818181818182,24.6490909090909,0.12,22.0527272727273,0.12,52.3363636363636,-0.174604638835246,1.54476394274018,0.822218181818182,0.832581818181818,0.890290909090909
109724,67361,42363,0.547190203408762,0.599666228037156,0.691394409694456,14.0818181818182,32.1090909090909,53.8090909090909,0.716363636363636,24.5745454545455,0.138181818181818,21.9981818181818,0.112727272727273,52.46,-0.175519120346077,1.5392083293335,0.822218181818182,0.832581818181818,0.890290909090909
109795,67369,42426,0.547138907347262,0.599708915951084,0.691407446349105,14.0781818181818,32.1127272727273,53.8090909090909,0.716363636363636,24.5036363636364,0.118181818181818,22.0036363636364,0.101818181818182,52.5563636363636,-0.174004939757288,1.53211090659553,0.822218181818182,0.832581818181818,0.890290909090909
109424,67365,42059,0.547130780018762,0.599451663443765,0.691234479355607,14.0745454545455,32.1145454545455,53.8109090909091,0.714545454545455,24.4363636363636,0.134545454545455,21.9381818181818,0.130909090909091,52.6454545454545,-0.174561930202286,1.49712027108127,0.822218181818182,0.832581818181818,0.890290909090909
109537,67372,42165,0.547250030926512,0.599582362243,0.691222856326676,14.0709090909091,32.1181818181818,53.8109090909091,0.712727272727273,24.3836363636364,0.121818181818182,21.9109090909091,0.110909090909091,52.76,-0.174615986001762,1.49083211178129,0.822218181818182,0.832581818181818,0.890290909090909
108985,67383,41602,0.546840471566634,0.599051470607251,0.691201382164717,14.0654545454545,32.12,53.8145454545455,0.710909090909091,24.3109090909091,0.147272727272727,21.9054545454545,0.0872727272727273,52.8381818181818,-0.172200731890784,1.40189054835672,0.822218181818182,0.832581818181818,0.890290909090909
108962,67385,41577,0.546759953990572,0.598992669267534,0.691214874048303,14.0545454545455,32.1327272727273,53.8127272727273,0.710909090909091,24.2745454545455,0.145454545454545,21.88,0.1,52.8890909090909,-0.172195496037602,1.38473638154736,0.822218181818182,0.832581818181818,0.890290909090909
109022,67384,41638,0.5468630017004,0.598839872022874,0.691241247703686,14.0472727272727,32.1381818181818,53.8145454545455,0.707272727272727,24.2290909090909,0.130909090909091,21.8872727272727,0.0763636363636364,52.9690909090909,-0.172361019143665,1.37355582256886,0.822218181818182,0.832581818181818,0.890290909090909
109359,67388,41971,0.546787040041132,0.599227748429588,0.691184885277548,14.0363636363636,32.1472727272727,53.8163636363636,0.703636363636364,24.18,0.116363636363636,21.8927272727273,0.1,53.0072727272727,-0.173243631312454,1.39925912970846,0.822218181818182,0.832581818181818,0.890290909090909
109545,67396,42149,0.547158338951081,0.599147867278572,0.691184980085925,14.0327272727273,32.1509090909091,53.8163636363636,0.698181818181818,24.1454545454545,0.109090909090909,21.8854545454545,0.110909090909091,53.0509090909091,-0.172655316476117,1.42727501825853,0.822218181818182,0.832581818181818,0.890290909090909
109773,67415,42358,0.547201429129654,0.599214763718876,0.691414324835325,14.0254545454545,32.1581818181818,53.8163636363636,0.696363636363636,24.1036363636364,0.129090909090909,21.8472727272727,0.0963636363636364,53.1272727272727,-0.170876367720352,1.43388140607964,0.822218181818182,0.832581818181818,0.890290909090909
110086,67417,42669,0.547429518409503,0.599233655340013,0.691393382382928,14.0109090909091,32.1763636363636,53.8127272727273,0.687272727272727,24.0418181818182,0.116363636363636,21.8509090909091,0.103636363636364,53.2,-0.170925055605105,1.47515547460114,0.822218181818182,0.832581818181818,0.890290909090909
109419,67418,42001,0.546575174560764,0.599294997558501,0.691243081318576,13.9854545454545,32.1981818181818,53.8163636363636,0.685454545454545,23.98,0.14,21.8381818181818,0.0909090909090909,53.2654545454546,-0.170457385209474,1.39032283405011,0.822218181818182,0.832581818181818,0.890290909090909
109677,67427,42250,0.546541928424814,0.599488004962261,0.691196740537839,13.9672727272727,32.2145454545455,53.8181818181818,0.68,23.9527272727273,0.110909090909091,21.8181818181818,0.0909090909090909,53.3472727272727,-0.169756847382946,1.42538233936542,0.822218181818182,0.832581818181818,0.890290909090909
109943,67434,42509,0.546961418232798,0.599435595292056,0.691112493430216,13.96,32.2127272727273,53.8272727272727,0.678181818181818,23.9109090909091,0.132727272727273,21.7727272727273,0.0945454545454545,53.4109090909091,-0.169199073179202,1.45770397010175,0.822218181818182,0.832581818181818,0.890290909090909
110107,67440,42667,0.547161083000226,0.599333962234697,0.691301247323224,13.9527272727273,32.22,53.8272727272727,0.68,23.8890909090909,0.112727272727273,21.7327272727273,0.105454545454545,53.48,-0.167400585047223,1.47020372985439,0.822218181818182,0.832581818181818,0.890290909090909
110167,67441,42726,0.547308061167598,0.599356924380177,0.691144376343166,13.9509090909091,32.2163636363636,53.8327272727273,0.681818181818182,23.8672727272727,0.129090909090909,21.6509090909091,0.134545454545455,53.5363636363636,-0.167245186933062,1.47096253985708,0.822218181818182,0.832581818181818,0.890290909090909
110309,67445,42864,0.54729771047177,0.599487377653543,0.691174925352532,13.9490909090909,32.2218181818182,53.8290909090909,0.681818181818182,23.8345454545455,0.136363636363636,21.62,0.132727272727273,53.5945454545455,-0.167401680545035,1.48334641439671,0.822218181818182,0.832581818181818,0.890290909090909
110392,67447,42945,0.547163129653071,0.599475928864405,0.691339030204716,13.9527272727273,32.2181818181818,53.8290909090909,0.681818181818182,23.8145454545455,0.127272727272727,21.6036363636364,0.121818181818182,53.6509090909091,-0.167540344943038,1.47860669202425,0.822218181818182,0.832581818181818,0.890290909090909
110196,67452,42744,0.547069357515595,0.599326291183352,0.691199514502283,13.9509090909091,32.2145454545455,53.8345454545455,0.678181818181818,23.7872727272727,0.130909090909091,21.5818181818182,0.105454545454545,53.7163636363636,-0.166779522521591,1.45687685825608,0.822218181818182,0.832581818181818,0.890290909090909
110187,67455,42732,0.547090764734079,0.599175779288154,0.691180273207716,13.9454545454545,32.2236363636364,53.8309090909091,0.676363636363636,23.7927272727273,0.114545454545455,21.5490909090909,0.101818181818182,53.7654545454546,-0.166184730937874,1.44033073278313,0.822218181818182,0.832581818181818,0.890290909090909
110246,67455,42791,0.547033141341992,0.599164352768953,0.691153970016752,13.94,32.2309090909091,53.8290909090909,0.676363636363636,23.78,0.123636363636364,21.5109090909091,0.08,53.8290909090909,-0.165548720312389,1.44537577100775,0.822218181818182,0.832581818181818,0.890290909090909
110421,67457,42964,0.546921403057599,0.599262749660181,0.691374415707381,13.9363636363636,32.2363636363636,53.8272727272727,0.676363636363636,23.7909090909091,0.118181818181818,21.4654545454545,0.101818181818182,53.8472727272727,-0.166972809208726,1.4477689337324,0.822218181818182,0.832581818181818,0.890290909090909
110372,67457,42915,0.547026639226643,0.599297411460766,0.69110948226795,13.9218181818182,32.2509090909091,53.8272727272727,0.68,23.7945454545455,0.123636363636364,21.4036363636364,0.0981818181818182,53.9,-0.166309063602239,1.43609465164217,0.822218181818182,0.832581818181818,0.890290909090909
110318,67462,42856,0.546996407571275,0.599272577470681,0.691108034666166,13.9181818181818,32.2527272727273,53.8290909090909,0.678181818181818,23.7890909090909,0.12,21.3781818181818,0.0945454545454545,53.94,-0.165949722777375,1.41363510726528,0.822218181818182,0.832581818181818,0.890290909090909
110543,67458,43085,0.547091224238049,0.599215134015492,0.691276518875117,13.9236363636364,32.2490909090909,53.8272727272727,0.68,23.7854545454545,0.107272727272727,21.3490909090909,0.0836363636363636,53.9945454545455,-0.166513893135231,1.41876673474908,0.822218181818182,0.832581818181818,0.890290909090909
110547,67462,43085,0.547146816474673,0.599149172391604,0.691122188335174,13.9181818181818,32.2581818181818,53.8236363636364,0.676363636363636,23.7709090909091,0.121818181818182,21.3181818181818,0.0872727272727273,54.0254545454545,-0.165441593187014,1.41917762126435,0.822218181818182,0.832581818181818,0.890290909090909
110527,67467,43060,0.547029320416635,0.599214382953784,0.691092172383744,13.9109090909091,32.2654545454545,53.8236363636364,0.674545454545455,23.7618181818182,0.110909090909091,21.2745454545455,0.0945454545454545,54.0836363636364,-0.163947087589821,1.4107583608817,0.822218181818182,0.832581818181818,0.890290909090909
110543,67471,43072,0.546906270103079,0.599211633961118,0.691066127371231,13.9072727272727,32.2709090909091,53.8218181818182,0.674545454545455,23.7636363636364,0.0981818181818182,21.2709090909091,0.0854545454545454,54.1072727272727,-0.1626876198475,1.39920338338072,0.822218181818182,0.832581818181818,0.890290909090909
110522,67470,43052,0.546834380314744,0.599251927605666,0.691084810359101,13.9018181818182,32.2727272727273,53.8254545454545,0.672727272727273,23.7490909090909,0.123636363636364,21.2254545454545,0.08,54.1490909090909,-0.163797996840863,1.3989740985361,0.822218181818182,0.832581818181818,0.890290909090909
110794,67477,43317,0.546737374167173,0.599432653149059,0.691189561001037,13.8890909090909,32.2890909090909,53.8218181818182,0.670909090909091,23.7472727272727,0.114545454545455,21.2290909090909,0.0836363636363636,54.1545454545455,-0.162418835220689,1.41706663749435,0.822218181818182,0.832581818181818,0.890290909090909
110848,67483,43365,0.546954067175425,0.599604829991988,0.691116798978276,13.8818181818182,32.3,53.8181818181818,0.667272727272727,23.7254545454545,0.141818181818182,21.1909090909091,0.0890909090909091,54.1854545454545,-0.16155907841484,1.42634343884208,0.822218181818182,0.832581818181818,0.890290909090909
110276,67484,42792,0.546619900288026,0.599123925696556,0.690926750218021,13.8763636363636,32.3018181818182,53.8218181818182,0.665454545454545,23.7309090909091,0.129090909090909,21.1563636363636,0.101818181818182,54.2163636363636,-0.158649396164269,1.32857384668155,0.822218181818182,0.832581818181818,0.890290909090909
110053,67502,42551,0.546057641796742,0.599177609654953,0.691035181030371,13.8545454545455,32.3181818181818,53.8272727272727,0.663636363636364,23.7436363636364,0.0981818181818182,21.1618181818182,0.107272727272727,54.2254545454545,-0.155094374421275,1.30444151481656,0.822218181818182,0.832581818181818,0.890290909090909
110384,67517,42867,0.546418328239846,0.599167367798347,0.691012625805702,13.8472727272727,32.3345454545455,53.8181818181818,0.66,23.7381818181818,0.114545454545455,21.1381818181818,0.0909090909090909,54.2581818181818,-0.152110190689035,1.35293923379345,0.822218181818182,0.832581818181818,0.890290909090909
110408,67521,42887,0.546296474607746,0.599011663076561,0.69105271638922,13.8363636363636,32.3509090909091,53.8127272727273,0.654545454545455,23.7545454545455,0.110909090909091,21.1163636363636,0.0745454545454545,54.2890909090909,-0.150087622268422,1.34786107404666,0.822218181818182,0.832581818181818,0.890290909090909
110397,67520,42877,0.546349331365828,0.598836760712646,0.691043232806644,13.8327272727273,32.3636363636364,53.8036363636364,0.654545454545455,23.7545454545455,0.105454545454545,21.0854545454545,0.0909090909090909,54.3090909090909,-0.150019549402218,1.33510600260713,0.822218181818182,0.832581818181818,0.890290909090909
110331,67542,42789,0.54646153843398,0.598652517220795,0.690920684023154,13.8290909090909,32.3781818181818,53.7927272727273,0.649090909090909,23.7636363636364,0.1,21.0472727272727,0.103636363636364,54.3363636363636,-0.146287046873476,1.30378151515668,0.822218181818182,0.832581818181818,0.890290909090909
110637,67554,43083,0.54642513107883,0.599060730324781,0.690918612406635,13.8218181818182,32.3945454545455,53.7836363636364,0.649090909090909,23.7581818181818,0.105454545454545,21.0290909090909,0.0927272727272727,54.3654545454545,-0.143923200144623,1.35910300890153,0.822218181818182,0.832581818181818,0.890290909090909
111024,67562,43462,0.546685537539703,0.599069471781895,0.69102712998039,13.8163636363636,32.4018181818182,53.7818181818182,0.647272727272727,23.76,0.101818181818182,21.0145454545455,0.103636363636364,54.3727272727273,-0.141903708561122,1.38363691212779,0.822218181818182,0.832581818181818,0.890290909090909
111157,67574,43583,0.546771993887127,0.599053823205061,0.690952551339901,13.8163636363636,32.4109090909091,53.7727272727273,0.645454545454546,23.7563636363636,0.0945454545454545,21.0036363636364,0.0818181818181818,54.4181818181818,-0.140810193750076,1.39824436930093,0.822218181818182,0.832581818181818,0.890290909090909
111144,67591,43553,0.546900244659687,0.599019636148635,0.69072117940037,13.8090909090909,32.4363636363636,53.7545454545455,0.647272727272727,23.7654545454545,0.0909090909090909,20.9763636363636,0.0872727272727273,54.4327272727273,-0.138692499133388,1.39069624150341,0.822218181818182,0.832581818181818,0.890290909090909
111154,67600,43554,0.546906281785584,0.599052098120002,0.69073905700975,13.8036363636364,32.4472727272727,53.7490909090909,0.649090909090909,23.7872727272727,0.1,20.9290909090909,0.0745454545454545,54.46,-0.136839978217243,1.38251019316641,0.822218181818182,0.832581818181818,0.890290909090909
111224,67630,43594,0.546975363073352,0.599024889400522,0.690695948752027,13.8,32.4727272727273,53.7272727272727,0.645454545454546,23.7963636363636,0.114545454545455,20.8836363636364,0.0909090909090909,54.4690909090909,-0.133276748604046,1.38603552918543,0.822218181818182,0.832581818181818,0.890290909090909
111191,67641,43550,0.547002275294364,0.598871096087201,0.690624470171537,13.7890909090909,32.4945454545455,53.7163636363636,0.643636363636364,23.8309090909091,0.112727272727273,20.8054545454545,0.101818181818182,54.5054545454545,-0.130347972208719,1.36960712528089,0.822218181818182,0.832581818181818,0.890290909090909
110880,67647,43233,0.546919786660971,0.598692650640372,0.69064095225375,13.7854545454545,32.5072727272727,53.7072727272727,0.638181818181818,23.8254545454545,0.129090909090909,20.8,0.0981818181818182,54.5090909090909,-0.127444306432682,1.308065178276,0.822218181818182,0.832581818181818,0.890290909090909
110916,67657,43259,0.546546447881388,0.598834535375932,0.690622992353848,13.7854545454545,32.5181818181818,53.6963636363636,0.636363636363636,23.8345454545455,0.110909090909091,20.8018181818182,0.1,54.5163636363636,-0.12497783516486,1.29449136881793,0.822218181818182,0.832581818181818,0.890290909090909
110531,67669,42862,0.546036689189004,0.598654415479592,0.690507973200625,13.7836363636364,32.5363636363636,53.68,0.636363636363636,23.8690909090909,0.101818181818182,20.7418181818182,0.118181818181818,54.5327272727273,-0.123590309009623,1.21920693291521,0.822218181818182,0.832581818181818,0.890290909090909
110610,67679,42931,0.546015262626355,0.598560479195924,0.690560331219819,13.78,32.5490909090909,53.6709090909091,0.638181818181818,23.8854545454545,0.107272727272727,20.7236363636364,0.0890909090909091,54.5563636363636,-0.121288188582085,1.20523328447545,0.822218181818182,0.832581818181818,0.890290909090909
110682,67696,42986,0.546037190870037,0.598667439296388,0.690543863606031,13.7727272727273,32.5636363636364,53.6636363636364,0.636363636363636,23.9,0.116363636363636,20.6963636363636,0.0763636363636364,54.5745454545455,-0.117475045098532,1.21303883625025,0.822218181818182,0.832581818181818,0.890290909090909
110566,67704,42862,0.546029403370302,0.598657335783852,0.690362259747485,13.7727272727273,32.5654545454545,53.6618181818182,0.636363636363636,23.9090909090909,0.103636363636364,20.6781818181818,0.0763636363636364,54.5963636363636,-0.117330111612418,1.20144801503894,0.822218181818182,0.832581818181818,0.890290909090909
110537,67707,42830,0.546153901613294,0.598606727793703,0.690332446528929,13.7709090909091,32.5709090909091,53.6581818181818,0.636363636363636,23.8963636363636,0.112727272727273,20.6363636363636,0.0963636363636364,54.6218181818182,-0.118259938931706,1.19616841932081,0.822218181818182,0.832581818181818,0.890290909090909
110679,67719,42960,0.546039036366219,0.598673588405157,0.690287500390086,13.7618181818182,32.5836363636364,53.6545454545455,0.630909090909091,23.8927272727273,0.121818181818182,20.6054545454545,0.0890909090909091,54.66,-0.115670271595379,1.202995251788,0.822218181818182,0.832581818181818,0.890290909090909
110881,67740,43141,0.546293366619688,0.59830355227133,0.690306628903551,13.7563636363636,32.5945454545455,53.6490909090909,0.625454545454545,23.8981818181818,0.0963636363636364,20.6290909090909,0.0690909090909091,54.6818181818182,-0.11219836363899,1.21198006113144,0.822218181818182,0.832581818181818,0.890290909090909
110879,67735,43144,0.546248679224487,0.598329687229046,0.690269473928179,13.7563636363636,32.5945454545455,53.6490909090909,0.623636363636364,23.8909090909091,0.1,20.5854545454545,0.0909090909090909,54.7090909090909,-0.112549288897505,1.20457367531278,0.822218181818182,0.832581818181818,0.890290909090909
110798,67737,43061,0.54619694474256,0.598303709453722,0.690255606034945,13.7545454545455,32.5981818181818,53.6472727272727,0.618181818181818,23.8872727272727,0.109090909090909,20.5672727272727,0.0945454545454545,54.7236363636364,-0.112309082282362,1.19226731462404,0.822218181818182,0.832581818181818,0.890290909090909
110715,67739,42976,0.545992646702982,0.598369643130533,0.690262133828781,13.7527272727273,32.6018181818182,53.6454545454545,0.62,23.9018181818182,0.0981818181818182,20.5218181818182,0.103636363636364,54.7545454545455,-0.111832459472589,1.17109157897887,0.822218181818182,0.832581818181818,0.890290909090909
110673,67751,42922,0.54595288619283,0.598047742767209,0.690430456897589,13.7472727272727,32.6090909090909,53.6436363636364,0.616363636363636,23.8854545454545,0.0981818181818182,20.5236363636364,0.0818181818181818,54.7945454545455,-0.109357379637632,1.12708933841098,0.822218181818182,0.832581818181818,0.890290909090909
110368,67756,42612,0.545808293162335,0.597916300862424,0.690153061729529,13.7436363636364,32.6127272727273,53.6436363636364,0.618181818181818,23.8836363636364,0.105454545454545,20.4890909090909,0.0909090909090909,54.8127272727273,-0.107572283551293,1.08055952096527,0.822218181818182,0.832581818181818,0.890290909090909
110719,67760,42959,0.545788258325554,0.598256714409958,0.690088788886193,13.7418181818182,32.6181818181818,53.64,0.610909090909091,23.8890909090909,0.0890909090909091,20.4854545454545,0.0763636363636364,54.8490909090909,-0.107059515621561,1.14351473890922,0.822218181818182,0.832581818181818,0.890290909090909
110544,67762,42782,0.545654040950038,0.59810231278673,0.690044276516489,13.7490909090909,32.6127272727273,53.6381818181818,0.607272727272727,23.8763636363636,0.110909090909091,20.4490909090909,0.0836363636363636,54.8727272727273,-0.106046929615249,1.10440329197075,0.822218181818182,0.832581818181818,0.890290909090909
110883,67776,43107,0.545733581413162,0.598247130916027,0.69016370911913,13.7436363636364,32.6254545454545,53.6309090909091,0.607272727272727,23.8563636363636,0.105454545454545,20.4454545454545,0.0763636363636364,54.9090909090909,-0.104854305557662,1.12143285748633,0.822218181818182,0.832581818181818,0.890290909090909
110561,67780,42781,0.54552174188317,0.598113005688173,0.689906555774441,13.7381818181818,32.6327272727273,53.6290909090909,0.607272727272727,23.8272727272727,0.107272727272727,20.4418181818182,0.0727272727272727,54.9436363636364,-0.102957151000274,1.09172411303629,0.822218181818182,0.832581818181818,0.890290909090909
110697,67796,42901,0.54574178124337,0.59815208685836,0.689950286954743,13.7327272727273,32.6327272727273,53.6345454545455,0.6,23.82,0.101818181818182,20.4236363636364,0.0709090909090909,54.9836363636364,-0.100502746194492,1.10641630444337,0.822218181818182,0.832581818181818,0.890290909090909
110820,67802,43018,0.545826303706595,0.598075906079604,0.689959130169468,13.7272727272727,32.6418181818182,53.6309090909091,0.594545454545455,23.8,0.101818181818182,20.3945454545455,0.0745454545454545,55.0345454545455,-0.0983780054897497,1.10588010342961,0.822218181818182,0.832581818181818,0.890290909090909
110707,67798,42909,0.545774078844968,0.598085712548707,0.689856284768592,13.7290909090909,32.6418181818182,53.6290909090909,0.589090909090909,23.7618181818182,0.1,20.3981818181818,0.0727272727272727,55.0781818181818,-0.0989286210133121,1.08078813353045,0.822218181818182,0.832581818181818,0.890290909090909
110869,67796,43073,0.545812298308844,0.598156772496601,0.689859628595659,13.7309090909091,32.6436363636364,53.6254545454546,0.589090909090909,23.7418181818182,0.08,20.4072727272727,0.06,55.1218181818182,-0.0995368765207455,1.10861340141432,0.822218181818182,0.832581818181818,0.890290909090909
110616,67794,42822,0.545478427909974,0.598045683361545,0.689898497688224,13.7290909090909,32.6436363636364,53.6272727272727,0.585454545454545,23.7018181818182,0.109090909090909,20.3818181818182,0.0618181818181818,55.16,-0.09872877465121,1.05539965906011,0.822218181818182,0.832581818181818,0.890290909090909
110718,67818,42900,0.545517684457461,0.59806786575543,0.689954612907636,13.7309090909091,32.6454545454545,53.6236363636364,0.583636363636364,23.6818181818182,0.0945454545454545,20.3727272727273,0.0618181818181818,55.2054545454545,-0.09555278051642,1.06328178049827,0.822218181818182,0.832581818181818,0.890290909090909
110715,67824,42891,0.545538415271797,0.597973521403054,0.689999552952051,13.7327272727273,32.6509090909091,53.6163636363636,0.581818181818182,23.6763636363636,0.0836363636363636,20.3545454545455,0.0709090909090909,55.2327272727273,-0.0941750201948046,1.05065361532298,0.822218181818182,0.832581818181818,0.890290909090909
110482,67826,42656,0.545377555401988,0.597952298296918,0.689877834317722,13.7327272727273,32.6509090909091,53.6163636363636,0.58,23.6509090909091,0.0872727272727273,20.3563636363636,0.0781818181818182,55.2472727272727,-0.0926978808547367,1.0204018724479,0.822218181818182,0.832581818181818,0.890290909090909
110550,67828,42722,0.545321660423948,0.597939481711353,0.689780443208694,13.7327272727273,32.6563636363636,53.6109090909091,0.574545454545455,23.6236363636364,0.0854545454545454,20.3745454545455,0.0781818181818182,55.2636363636364,-0.0931016057289939,1.0193840532987,0.822218181818182,0.832581818181818,0.890290909090909
110654,67822,42832,0.545412891541441,0.597985031169234,0.689764092181362,13.7327272727273,32.6527272727273,53.6145454545455,0.572727272727273,23.5945454545455,0.0945454545454545,20.3636363636364,0.0763636363636364,55.2981818181818,-0.0941087013449264,1.03008363634687,0.822218181818182,0.832581818181818,0.890290909090909
110824,67826,42998,0.54531347377087,0.598324218737486,0.689761542483734,13.7272727272727,32.6581818181818,53.6145454545455,0.569090909090909,23.5763636363636,0.0818181818181818,20.3563636363636,0.0563636363636364,55.36,-0.0951114226298449,1.05629766146568,0.822218181818182,0.832581818181818,0.890290909090909
110774,67827,42947,0.545124995524187,0.598388354495421,0.689799548929911,13.7145454545455,32.6672727272727,53.6181818181818,0.570909090909091,23.5581818181818,0.0836363636363636,20.34,0.0636363636363636,55.3836363636364,-0.0949412147983821,1.0294740261002,0.822218181818182,0.832581818181818,0.890290909090909
110934,67837,43097,0.545122202941424,0.598419761640004,0.690028167436504,13.7145454545455,32.6672727272727,53.6181818181818,0.572727272727273,23.5381818181818,0.0927272727272727,20.3290909090909,0.0672727272727273,55.4,-0.0945485502270623,1.02599483355033,0.822218181818182,0.832581818181818,0.890290909090909
110765,67833,42932,0.545258967696288,0.598349963921672,0.689871890410724,13.7163636363636,32.6636363636364,53.62,0.572727272727273,23.5218181818182,0.0890909090909091,20.3236363636364,0.0654545454545455,55.4272727272727,-0.0945733624337498,1.01027445456182,0.822218181818182,0.832581818181818,0.890290909090909
110697,67837,42860,0.544986265982124,0.598232687897785,0.689734248470624,13.7181818181818,32.6727272727273,53.6090909090909,0.569090909090909,23.5181818181818,0.0763636363636364,20.3345454545455,0.0472727272727273,55.4545454545455,-0.0935476850825084,0.992076325755228,0.822218181818182,0.832581818181818,0.890290909090909
110684,67839,42845,0.545053865573576,0.598142131387635,0.689742370571413,13.7218181818182,32.6654545454545,53.6127272727273,0.569090909090909,23.4872727272727,0.0981818181818182,20.3309090909091,0.04,55.4745454545455,-0.09277541499934,0.983801020241596,0.822218181818182,0.832581818181818,0.890290909090909
110733,67835,42898,0.545139665531392,0.598186712124846,0.689700415306235,13.7254545454545,32.6581818181818,53.6163636363636,0.569090909090909,23.4618181818182,0.0963636363636364,20.3309090909091,0.0418181818181818,55.5,-0.0937347142698193,0.984128150589426,0.822218181818182,0.832581818181818,0.890290909090909
110533,67841,42692,0.544903097415231,0.597952974515486,0.689705695168286,13.7218181818182,32.66,53.6181818181818,0.570909090909091,23.4363636363636,0.0909090909090909,20.3327272727273,0.0563636363636364,55.5127272727273,-0.092144559149049,0.950072592276741,0.822218181818182,0.832581818181818,0.890290909090909
110522,67845,42677,0.544838845824791,0.598150066801121,0.68974948824703,13.7145454545455,32.6636363636364,53.6218181818182,0.569090909090909,23.3927272727273,0.0945454545454545,20.3272727272727,0.0709090909090909,55.5454545454545,-0.0921051750893887,0.940403548018499,0.822218181818182,0.832581818181818,0.890290909090909
110743,67851,42892,0.544980394148748,0.598213946731006,0.689801942361877,13.7127272727273,32.6672727272727,53.62,0.567272727272727,23.3781818181818,0.0727272727272727,20.3018181818182,0.0781818181818182,55.6018181818182,-0.0915129257056172,0.957918856513094,0.822218181818182,0.832581818181818,0.890290909090909
110778,67853,42925,0.545045930504486,0.598224404475583,0.689770983736835,13.7127272727273,32.6690909090909,53.6181818181818,0.567272727272727,23.3509090909091,0.08,20.2836363636364,0.0581818181818182,55.66,-0.0905486285070352,0.964130830426108,0.822218181818182,0.832581818181818,0.890290909090909
110861,67855,43006,0.545161015020561,0.5980349982786,0.689897437971496,13.7163636363636,32.6709090909091,53.6127272727273,0.565454545454545,23.3090909090909,0.0872727272727273,20.2563636363636,0.0909090909090909,55.6909090909091,-0.0908469672413296,0.946196326147765,0.822218181818182,0.832581818181818,0.890290909090909
110505,67845,42660,0.544842863583342,0.59783704065287,0.689692307362065,13.72,32.6636363636364,53.6163636363636,0.567272727272727,23.2436363636364,0.0927272727272727,20.2509090909091,0.0763636363636364,55.7690909090909,-0.0912325698131099,0.901495699906214,0.822218181818182,0.832581818181818,0.890290909090909
110547,67849,42698,0.544819712417439,0.597866851616534,0.68965569951258,13.7163636363636,32.6654545454545,53.6181818181818,0.567272727272727,23.2054545454545,0.0709090909090909,20.2654545454545,0.0527272727272727,55.8381818181818,-0.0915962117311045,0.904100690595806,0.822218181818182,0.832581818181818,0.890290909090909
110536,67857,42679,0.544670688532094,0.597966104477961,0.689806050897991,13.7127272727273,32.6727272727273,53.6145454545455,0.567272727272727,23.1581818181818,0.0890909090909091,20.2345454545455,0.0618181818181818,55.8890909090909,-0.0889083441441223,0.886499594609168,0.822218181818182,0.832581818181818,0.890290909090909
110631,67863,42768,0.544767416194433,0.597993544407875,0.689852460734631,13.7145454545455,32.6654545454545,53.62,0.567272727272727,23.12,0.0654545454545455,20.2454545454545,0.0581818181818182,55.9436363636364,-0.0883659845705552,0.908329301970926,0.822218181818182,0.832581818181818,0.890290909090909
110715,67861,42854,0.54461566547626,0.598031990497476,0.689859349973727,13.7109090909091,32.6672727272727,53.6218181818182,0.565454545454545,23.0727272727273,0.0890909090909091,20.2,0.0527272727272727,56.02,-0.0888261292343404,0.912113064730709,0.822218181818182,0.832581818181818,0.890290909090909
110703,67865,42838,0.544455028485002,0.597983861277001,0.689902727360739,13.7090909090909,32.6709090909091,53.62,0.567272727272727,23.0254545454545,0.0763636363636364,20.1854545454545,0.0636363636363636,56.0818181818182,-0.0899343621892595,0.902904684164307,0.822218181818182,0.832581818181818,0.890290909090909
110706,67857,42849,0.544619030264134,0.597829463935324,0.68982401189379,13.7181818181818,32.6636363636364,53.6181818181818,0.567272727272727,22.9563636363636,0.0872727272727273,20.1563636363636,0.06,56.1727272727273,-0.0879325037729524,0.898370330950076,0.822218181818182,0.832581818181818,0.890290909090909
110980,67869,43111,0.544934214425461,0.597858737686979,0.689886406683659,13.7090909090909,32.6727272727273,53.6181818181818,0.565454545454545,22.9127272727273,0.0818181818181818,20.1690909090909,0.0490909090909091,56.2218181818182,-0.0871648505990875,0.93500142425976,0.822218181818182,0.832581818181818,0.890290909090909
110947,67873,43074,0.544953813098575,0.597816325495199,0.689798921216158,13.7072727272727,32.6727272727273,53.62,0.565454545454545,22.8690909090909,0.0618181818181818,20.1709090909091,0.0654545454545455,56.2672727272727,-0.0859321724237155,0.929184448075565,0.822218181818182,0.832581818181818,0.890290909090909
110783,67879,42904,0.544465167227129,0.597973139939438,0.689891972462869,13.7018181818182,32.68,53.6181818181818,0.561818181818182,22.8327272727273,0.0618181818181818,20.1509090909091,0.0581818181818182,56.3345454545455,-0.0861369469271846,0.891494918716225,0.822218181818182,0.832581818181818,0.890290909090909
110997,67873,43124,0.544362966319006,0.598090309450386,0.690062188516588,13.6981818181818,32.6872727272727,53.6145454545455,0.56,22.7690909090909,0.0981818181818182,20.1363636363636,0.0436363636363636,56.3927272727273,-0.086723324889714,0.897997898642312,0.822218181818182,0.832581818181818,0.890290909090909
110677,67877,42800,0.54409770953768,0.597902703895107,0.689859591996359,13.7018181818182,32.6745454545455,53.6236363636364,0.552727272727273,22.7309090909091,0.0945454545454545,20.1145454545455,0.0436363636363636,56.4636363636364,-0.085700955965248,0.850075649368492,0.822218181818182,0.832581818181818,0.890290909090909
110666,67877,42789,0.544078943937236,0.597861123952855,0.68984220166537,13.7018181818182,32.6727272727273,53.6254545454546,0.550909090909091,22.6945454545455,0.0890909090909091,20.1163636363636,0.0490909090909091,56.5,-0.0860140263599367,0.837370797593824,0.822218181818182,0.832581818181818,0.890290909090909
110368,67874,42494,0.544006012761538,0.597405012262348,0.689755783212179,13.7054545454545,32.6727272727273,53.6218181818182,0.549090909090909,22.64,0.0981818181818182,20.1181818181818,0.0418181818181818,56.5527272727273,-0.0876225927534754,0.78500940291719,0.822218181818182,0.832581818181818,0.890290909090909
110368,67876,42492,0.544454090079274,0.597251686773875,0.68981596286478,13.7018181818182,32.68,53.6181818181818,0.549090909090909,22.6,0.0890909090909091,20.1072727272727,0.0381818181818182,56.6163636363636,-0.0891621108449644,0.785215608496219,0.822218181818182,0.832581818181818,0.890290909090909
110374,67882,42492,0.544245933999749,0.597498977509938,0.689760132133608,13.6963636363636,32.6890909090909,53.6145454545455,0.550909090909091,22.5490909090909,0.0818181818181818,20.1145454545455,0.0418181818181818,56.6618181818182,-0.0870404078250761,0.788544024391608,0.822218181818182,0.832581818181818,0.890290909090909
110685,67890,42795,0.54429547605796,0.597738286447408,0.689720033823092,13.6945454545455,32.6927272727273,53.6127272727273,0.547272727272727,22.5127272727273,0.0854545454545454,20.0854545454545,0.0436363636363636,56.7254545454545,-0.0855505814903815,0.816893024302342,0.822218181818182,0.832581818181818,0.890290909090909
110873,67903,42970,0.544526128632983,0.597760316452777,0.689795932175031,13.6927272727273,32.6909090909091,53.6163636363636,0.545454545454545,22.4654545454545,0.0854545454545454,20.0745454545455,0.0509090909090909,56.7781818181818,-0.082155229410951,0.844269620423967,0.822218181818182,0.832581818181818,0.890290909090909
110968,67904,43064,0.544489992431807,0.597697573232835,0.689680158229476,13.6909090909091,32.6909090909091,53.6181818181818,0.543636363636364,22.42,0.0727272727272727,20.0763636363636,0.0527272727272727,56.8345454545455,-0.0808932449656078,0.865041014179587,0.822218181818182,0.832581818181818,0.890290909090909
110771,67902,42869,0.544440427476811,0.597570318486644,0.689742877182481,13.6945454545455,32.6836363636364,53.6218181818182,0.547272727272727,22.3727272727273,0.0836363636363636,20.0545454545455,0.0636363636363636,56.8781818181818,-0.0810870923681498,0.827588460315019,0.822218181818182,0.832581818181818,0.890290909090909
110561,67892,42669,0.544128249711048,0.597453683164314,0.689691232465275,13.6927272727273,32.6872727272727,53.62,0.547272727272727,22.3654545454545,0.0654545454545455,20.0290909090909,0.0618181818181818,56.9309090909091,-0.0831594904871136,0.795963311423971,0.822218181818182,0.832581818181818,0.890290909090909
110645,67898,42747,0.544109440769897,0.597544181296661,0.689773030733017,13.6945454545455,32.6854545454545,53.62,0.547272727272727,22.3272727272727,0.0672727272727273,20.0272727272727,0.0672727272727273,56.9636363636364,-0.0832983105581992,0.796260116943582,0.822218181818182,0.832581818181818,0.890290909090909
110695,67902,42793,0.544351556881055,0.597414660654285,0.689881917370591,13.6927272727273,32.68,53.6272727272727,0.543636363636364,22.3018181818182,0.0581818181818182,20.0109090909091,0.08,57.0054545454545,-0.0825861093898063,0.795190997997468,0.822218181818182,0.832581818181818,0.890290909090909
111150,67902,43248,0.544620352256852,0.597555442507053,0.690008721612972,13.6927272727273,32.6818181818182,53.6254545454546,0.541818181818182,22.2872727272727,0.0527272727272727,20.0090909090909,0.0527272727272727,57.0563636363636,-0.083664951619589,0.842805890129371,0.822218181818182,0.832581818181818,0.890290909090909
110767,67892,42875,0.544386757741836,0.597445652583165,0.689791724340131,13.6872727272727,32.6854545454545,53.6272727272727,0.538181818181818,22.2654545454545,0.06,19.9836363636364,0.0527272727272727,57.1,-0.0846359040817002,0.793456283736635,0.822218181818182,0.832581818181818,0.890290909090909
110731,67892,42839,0.544169032986438,0.597454994173065,0.689904512093524,13.6872727272727,32.6854545454545,53.6272727272727,0.534545454545455,22.2527272727273,0.0581818181818182,19.9581818181818,0.0618181818181818,57.1345454545455,-0.0842548438050389,0.78081522597508,0.822218181818182,0.832581818181818,0.890290909090909
110760,67900,42860,0.544160912504395,0.597544568661548,0.690083504323118,13.6872727272727,32.6927272727273,53.62,0.534545454545455,22.2472727272727,0.0618181818181818,19.9309090909091,0.04,57.1854545454545,-0.0826550398950944,0.772882510789416,0.822218181818182,0.832581818181818,0.890290909090909
110850,67906,42944,0.54423080076975,0.597430778939949,0.690104843617765,13.6927272727273,32.6872727272727,53.62,0.532727272727273,22.2509090909091,0.0636363636363636,19.8872727272727,0.0636363636363636,57.2018181818182,-0.0805589015558574,0.768829980452376,0.822218181818182,0.832581818181818,0.890290909090909
110781,67902,42879,0.544232226935311,0.597296690450465,0.689999032544843,13.6909090909091,32.6909090909091,53.6181818181818,0.534545454545455,22.2327272727273,0.0672727272727273,19.8690909090909,0.0472727272727273,57.2490909090909,-0.0804417194876475,0.754960312673145,0.822218181818182,0.832581818181818,0.890290909090909
111283,67904,43379,0.544609446263222,0.597469560379245,0.690015385938856,13.6927272727273,32.6872727272727,53.62,0.530909090909091,22.2218181818182,0.0654545454545455,19.8363636363636,0.0636363636363636,57.2818181818182,-0.0812693442079266,0.827575469491157,0.822218181818182,0.832581818181818,0.890290909090909
111066,67902,43164,0.544047135742181,0.597620618474867,0.690059836312745,13.6890909090909,32.6872727272727,53.6236363636364,0.534545454545455,22.2054545454545,0.0654545454545455,19.8381818181818,0.0381818181818182,57.3181818181818,-0.083416028631572,0.77702743107961,0.822218181818182,0.832581818181818,0.890290909090909
111266,67906,43360,0.544385122506701,0.59751295163931,0.690134722090145,13.6872727272727,32.6927272727273,53.62,0.530909090909091,22.2,0.0690909090909091,19.8054545454545,0.0527272727272727,57.3418181818182,-0.0813776726221477,0.792050670324401,0.822218181818182,0.832581818181818,0.890290909090909
111130,67907,43223,0.54421761895157,0.597295924328791,0.690155489160973,13.6854545454545,32.6927272727273,53.6218181818182,0.529090909090909,22.1854545454545,0.0654545454545455,19.7927272727273,0.0527272727272727,57.3745454545455,-0.0814476842162549,0.772753347625787,0.822218181818182,0.832581818181818,0.890290909090909
110638,67902,42736,0.543365816363686,0.597399893517988,0.690082380920321,13.6854545454545,32.6981818181818,53.6163636363636,0.529090909090909,22.1854545454545,0.0618181818181818,19.7781818181818,0.0490909090909091,57.3963636363636,-0.0819214869397249,0.695193793065846,0.822218181818182,0.832581818181818,0.890290909090909
110768,67906,42862,0.5436376342587,0.597427402606453,0.690144839224801,13.6909090909091,32.6890909090909,53.62,0.527272727272727,22.1690909090909,0.0745454545454545,19.7690909090909,0.06,57.4,-0.0811344323122863,0.701323644308881,0.822218181818182,0.832581818181818,0.890290909090909
110553,67904,42649,0.543654624073393,0.597338540520417,0.690049750765025,13.6927272727273,32.6854545454545,53.6218181818182,0.525454545454546,22.1490909090909,0.0672727272727273,19.7745454545455,0.0545454545454545,57.4290909090909,-0.0804083724998319,0.678024806641042,0.822218181818182,0.832581818181818,0.890290909090909
110990,67910,43080,0.544093018069312,0.597416714622069,0.690043768525963,13.6909090909091,32.6854545454545,53.6236363636364,0.521818181818182,22.1181818181818,0.0727272727272727,19.7945454545455,0.0545454545454545,57.4381818181818,-0.0796120544745711,0.733133193765852,0.822218181818182,0.832581818181818,0.890290909090909
110673,67908,42765,0.543670961864828,0.597363814997619,0.690070771952906,13.6854545454545,32.6945454545455,53.62,0.52,22.1,0.0690909090909091,19.7854545454545,0.0472727272727273,57.4781818181818,-0.0824592475168174,0.658581320742484,0.822218181818182,0.832581818181818,0.890290909090909
111017,67912,43105,0.544053377398324,0.597410465144596,0.690082729970813,13.6836363636364,32.6945454545455,53.6218181818182,0.518181818181818,22.0636363636364,0.0927272727272727,19.7727272727273,0.0527272727272727,57.5,-0.0818470758922062,0.712616205894896,0.822218181818182,0.832581818181818,0.890290909090909
110423,67922,42501,0.543194817751393,0.597451585962646,0.690142321551767,13.68,32.7018181818182,53.6181818181818,0.52,22.0381818181818,0.0818181818181818,19.7618181818182,0.06,57.5381818181818,-0.0807297357693063,0.656469303174791,0.822218181818182,0.832581818181818,0.890290909090909
110291,67924,42367,0.543139890748412,0.59720228831259,0.690124034196434,13.6854545454545,32.6909090909091,53.6236363636364,0.521818181818182,22.02,0.0872727272727273,19.7345454545455,0.0527272727272727,57.5836363636364,-0.0787395897206972,0.643301320660182,0.822218181818182,0.832581818181818,0.890290909090909
110243,67924,42319,0.543005904877978,0.597275917112592,0.690135040470134,13.6890909090909,32.6890909090909,53.6218181818182,0.52,21.9981818181818,0.0872727272727273,19.7163636363636,0.0381818181818182,57.64,-0.0784123939249019,0.630981413325803,0.822218181818182,0.832581818181818,0.890290909090909
110079,67922,42157,0.543175916858237,0.597163618558732,0.690084505562862,13.6909090909091,32.6854545454545,53.6236363636364,0.521818181818182,21.9709090909091,0.0872727272727273,19.7109090909091,0.0436363636363636,57.6654545454545,-0.0785119624976108,0.615850585157221,0.822218181818182,0.832581818181818,0.890290909090909
110027,67924,42103,0.543083751299628,0.596873679238211,0.690079938057232,13.6909090909091,32.6818181818182,53.6272727272727,0.518181818181818,21.94,0.0909090909090909,19.6963636363636,0.0509090909090909,57.7036363636364,-0.0777613672519113,0.596845140892335,0.822218181818182,0.832581818181818,0.890290909090909
110230,67924,42306,0.543526824911184,0.59684604722073,0.690079505152369,13.6909090909091,32.6890909090909,53.62,0.52,21.9145454545455,0.0745454545454545,19.6781818181818,0.0418181818181818,57.7709090909091,-0.0771570900161102,0.656527170551602,0.822218181818182,0.832581818181818,0.890290909090909
110225,67920,42305,0.543273922007011,0.596942486043973,0.690138866719016,13.6890909090909,32.6872727272727,53.6236363636364,0.518181818181818,21.8763636363636,0.08,19.6709090909091,0.0381818181818182,57.8163636363636,-0.0793945202802041,0.627906458879906,0.822218181818182,0.832581818181818,0.890290909090909
110378,67926,42452,0.54341777887553,0.596967121140533,0.690190428297075,13.6854545454545,32.6872727272727,53.6272727272727,0.518181818181818,21.8309090909091,0.0690909090909091,19.6618181818182,0.0545454545454545,57.8654545454545,-0.0797424081665006,0.644488527051131,0.822218181818182,0.832581818181818,0.890290909090909
110704,67934,42770,0.543938363661008,0.596802846251223,0.690194966207623,13.68,32.6945454545455,53.6254545454546,0.516363636363636,21.7945454545455,0.0745454545454545,19.6327272727273,0.0436363636363636,57.9381818181818,-0.0782302377025189,0.677357508479194,0.822218181818182,0.832581818181818,0.890290909090909
110506,67932,42574,0.543721296951455,0.596699982657164,0.690221498314598,13.68,32.6927272727273,53.6272727272727,0.512727272727273,21.7472727272727,0.0890909090909091,19.6381818181818,0.0327272727272727,57.98,-0.0793369037074378,0.645850144165822,0.822218181818182,0.832581818181818,0.890290909090909
110352,67931,42421,0.543369310934841,0.596721426533028,0.690276826753619,13.6854545454545,32.6927272727273,53.6218181818182,0.512727272727273,21.72,0.0927272727272727,19.6018181818182,0.0418181818181818,58.0309090909091,-0.0794429940638855,0.596752103494311,0.822218181818182,0.832581818181818,0.890290909090909
110296,67922,42374,0.543413463757591,0.596627120627505,0.690239096808867,13.6945454545455,32.6818181818182,53.6236363636364,0.509090909090909,21.7018181818182,0.08,19.5818181818182,0.0345454545454545,58.0927272727273,-0.0792020185804259,0.606354164594615,0.822218181818182,0.832581818181818,0.890290909090909
110357,67926,42431,0.543441451312838,0.596708669426499,0.69026165805678,13.6890909090909,32.6836363636364,53.6272727272727,0.509090909090909,21.6945454545455,0.0781818181818182,19.5218181818182,0.0581818181818182,58.1381818181818,-0.0780911432497471,0.597131349273365,0.822218181818182,0.832581818181818,0.890290909090909
110456,67928,42528,0.543401075564221,0.596811063467871,0.690360547815046,13.6872727272727,32.6854545454545,53.6272727272727,0.507272727272727,21.68,0.0654545454545455,19.5036363636364,0.0490909090909091,58.1945454545455,-0.0785122148906256,0.608807904950597,0.822218181818182,0.832581818181818,0.890290909090909
110228,67922,42306,0.543220343724144,0.59667222746055,0.690353131723322,13.68,32.6927272727273,53.6272727272727,0.510909090909091,21.6636363636364,0.06,19.4854545454545,0.0527272727272727,58.2272727272727,-0.0804547853793007,0.570258320893415,0.822218181818182,0.832581818181818,0.890290909090909
110248,67924,42324,0.543314456075754,0.596600146035187,0.690241220732384,13.6818181818182,32.6909090909091,53.6272727272727,0.510909090909091,21.6490909090909,0.06,19.4836363636364,0.0454545454545455,58.2509090909091,-0.0797869472815033,0.5831961652518,0.822218181818182,0.832581818181818,0.890290909090909
110411,67928,42483,0.543584140146707,0.596755772463181,0.690267726398777,13.6781818181818,32.7,53.6218181818182,0.507272727272727,21.6145454545455,0.0672727272727273,19.4945454545455,0.0490909090909091,58.2672727272727,-0.0803198182446067,0.589334746928547,0.822218181818182,0.832581818181818,0.890290909090909
110539,67930,42609,0.54362719945498,0.596791180417017,0.690272511811923,13.6727272727273,32.7054545454545,53.6218181818182,0.503636363636364,21.6181818181818,0.06,19.48,0.0418181818181818,58.2963636363636,-0.0792745737958533,0.604742317612876,0.822218181818182,0.832581818181818,0.890290909090909
110215,67920,42295,0.543484258582601,0.596607307324482,0.690358157427267,13.6763636363636,32.6963636363636,53.6272727272727,0.5,21.5963636363636,0.0618181818181818,19.4690909090909,0.0345454545454545,58.3381818181818,-0.0814762363347902,0.564930538528345,0.822218181818182,0.832581818181818,0.890290909090909
110201,67926,42275,0.543331195651547,0.596546129662563,0.690397046372554,13.6818181818182,32.6854545454545,53.6327272727273,0.5,21.5672727272727,0.0509090909090909,19.4854545454545,0.0472727272727273,58.3490909090909,-0.0804680467645415,0.552236522535201,0.822218181818182,0.832581818181818,0.890290909090909
110195,67926,42269,0.543537332040384,0.596442319113014,0.690444547534269,13.6890909090909,32.6763636363636,53.6345454545455,0.5,21.5254545454545,0.0490909090909091,19.4763636363636,0.0490909090909091,58.4,-0.0811269069221122,0.547362712817267,0.822218181818182,0.832581818181818,0.890290909090909
110655,67946,42709,0.543990190274597,0.59655347823512,0.690423504124572,13.6727272727273,32.6890909090909,53.6381818181818,0.5,21.4927272727273,0.0545454545454545,19.4963636363636,0.0381818181818182,58.4181818181818,-0.0773261549391133,0.614305979707702,0.822218181818182,0.832581818181818,0.890290909090909
110745,67936,42809,0.543784213472855,0.596582466622814,0.690431473911666,13.6727272727273,32.6890909090909,53.6381818181818,0.494545454545455,21.4672727272727,0.0618181818181818,19.4618181818182,0.0436363636363636,58.4709090909091,-0.079918649216713,0.611697967147285,0.822218181818182,0.832581818181818,0.890290909090909
110284,67930,42354,0.543232365550982,0.596376535163887,0.69046717199365,13.6709090909091,32.6963636363636,53.6327272727273,0.492727272727273,21.4309090909091,0.0672727272727273,19.4563636363636,0.0381818181818182,58.5145454545455,-0.0816361781236496,0.534417413369837,0.822218181818182,0.832581818181818,0.890290909090909
110387,67926,42461,0.543301006522574,0.596417675421874,0.690498305316419,13.6763636363636,32.6836363636364,53.64,0.487272727272727,21.4163636363636,0.0618181818181818,19.4436363636364,0.0363636363636364,58.5545454545455,-0.0804783763723125,0.546127392292361,0.822218181818182,0.832581818181818,0.890290909090909
110675,67934,42741,0.54331501279977,0.596647523883988,0.690456827616198,13.6727272727273,32.6854545454545,53.6418181818182,0.487272727272727,21.3981818181818,0.0618181818181818,19.4345454545455,0.0418181818181818,58.5763636363636,-0.0795680087219146,0.576889466900717,0.822218181818182,0.832581818181818,0.890290909090909
110778,67934,42844,0.543488889396005,0.596772480427956,0.690351337789457,13.6709090909091,32.6909090909091,53.6381818181818,0.485454545454546,21.3618181818182,0.0672727272727273,19.4327272727273,0.0436363636363636,58.6090909090909,-0.0799929414014927,0.589250856014604,0.822218181818182,0.832581818181818,0.890290909090909
110565,67938,42627,0.542966293467559,0.596981998811232,0.690402096573325,13.6654545454545,32.7,53.6345454545455,0.483636363636364,21.3363636363636,0.0709090909090909,19.42,0.0490909090909091,58.64,-0.0802146281713001,0.556481872490523,0.822218181818182,0.832581818181818,0.890290909090909
109976,67940,42036,0.542271011352059,0.596634021267746,0.690408816652433,13.6636363636364,32.6981818181818,53.6381818181818,0.481818181818182,21.3054545454545,0.0709090909090909,19.4272727272727,0.0527272727272727,58.6618181818182,-0.0793670435752243,0.46100057689473,0.822218181818182,0.832581818181818,0.890290909090909
109751,67936,41815,0.542389727251989,0.596507821568927,0.690325882641363,13.6636363636364,32.6945454545455,53.6418181818182,0.48,21.2636363636364,0.0727272727272727,19.4290909090909,0.0418181818181818,58.7127272727273,-0.0810254851201039,0.447538760329851,0.822218181818182,0.832581818181818,0.890290909090909
109685,67942,41743,0.542393791334955,0.59624900525951,0.690344775579506,13.6636363636364,32.6909090909091,53.6454545454545,0.478181818181818,21.2163636363636,0.06,19.4181818181818,0.0618181818181818,58.7654545454546,-0.0800439159663339,0.425550701532682,0.822218181818182,0.832581818181818,0.890290909090909
109900,67960,41940,0.542682557740914,0.596312000822253,0.690457062651408,13.6672727272727,32.6909090909091,53.6418181818182,0.476363636363636,21.1545454545455,0.0654545454545455,19.4090909090909,0.0581818181818182,58.8363636363636,-0.0754770816255504,0.448637943884188,0.822218181818182,0.832581818181818,0.890290909090909
109729,67954,41775,0.542409829307341,0.596206628321352,0.690435889648993,13.6727272727273,32.6854545454545,53.6418181818182,0.472727272727273,21.1145454545455,0.0527272727272727,19.4163636363636,0.0490909090909091,58.8945454545455,-0.0770004422025853,0.429855756956915,0.822218181818182,0.832581818181818,0.890290909090909
110564,67952,42612,0.54350515103003,0.59635873987422,0.690500821101356,13.6709090909091,32.6836363636364,53.6454545454545,0.474545454545455,21.0636363636364,0.0581818181818182,19.4127272727273,0.0527272727272727,58.9381818181818,-0.0790529421457904,0.558956409067932,0.822218181818182,0.832581818181818,0.890290909090909
110333,67950,42383,0.543322838119944,0.595992963382179,0.690474591467825,13.6636363636364,32.6945454545455,53.6418181818182,0.474545454545455,21.0163636363636,0.0654545454545455,19.4181818181818,0.0490909090909091,58.9763636363636,-0.0793146511804397,0.522947279431603,0.822218181818182,0.832581818181818,0.890290909090909
109941,67942,41999,0.542416975234451,0.596287866563499,0.690385262150678,13.6709090909091,32.6945454545455,53.6345454545455,0.472727272727273,20.9890909090909,0.0545454545454545,19.4054545454545,0.0418181818181818,59.0363636363636,-0.0790936533271385,0.436497541042891,0.822218181818182,0.832581818181818,0.890290909090909
110118,67954,42164,0.542351042041518,0.596391902320609,0.690437546919212,13.6636363636364,32.6981818181818,53.6381818181818,0.470909090909091,20.9490909090909,0.0672727272727273,19.3981818181818,0.04,59.0745454545455,-0.0784628200192938,0.440798342177136,0.822218181818182,0.832581818181818,0.890290909090909
110137,67952,42185,0.54234876558938,0.596444031846309,0.690445903134002,13.6636363636364,32.6981818181818,53.6381818181818,0.472727272727273,20.9127272727273,0.0654545454545455,19.3890909090909,0.0581818181818182,59.1018181818182,-0.0783258284739118,0.432681817184626,0.822218181818182,0.832581818181818,0.890290909090909
110627,67960,42667,0.543058697889778,0.596460270171815,0.690454441561446,13.6636363636364,32.7,53.6363636363636,0.472727272727273,20.8654545454545,0.0818181818181818,19.3890909090909,0.0418181818181818,59.1490909090909,-0.077829847798057,0.49738383250819,0.822218181818182,0.832581818181818,0.890290909090909
110709,67962,42747,0.543106629167497,0.596321934207968,0.690462942681038,13.6672727272727,32.6981818181818,53.6345454545455,0.469090909090909,20.8236363636364,0.0745454545454545,19.3818181818182,0.0545454545454545,59.1963636363636,-0.0772381553828216,0.501227258145809,0.822218181818182,0.832581818181818,0.890290909090909
110438,67962,42476,0.542929346798332,0.596040763951482,0.69055578835833,13.6672727272727,32.6890909090909,53.6436363636364,0.467272727272727,20.7818181818182,0.0709090909090909,19.3781818181818,0.0527272727272727,59.2490909090909,-0.07604063840663,0.444676992589269,0.822218181818182,0.832581818181818,0.890290909090909
110372,67962,42410,0.542820991541012,0.596116734271328,0.690527684368874,13.6618181818182,32.6963636363636,53.6418181818182,0.465454545454546,20.7581818181818,0.0545454545454545,19.3890909090909,0.0454545454545455,59.2872727272727,-0.0756260054910936,0.438075710274279,0.822218181818182,0.832581818181818,0.890290909090909
110327,67950,42377,0.54268392836614,0.596117128216573,0.690628542984478,13.66,32.6945454545455,53.6454545454545,0.463636363636364,20.7236363636364,0.0527272727272727,19.4036363636364,0.0327272727272727,59.3236363636364,-0.0775888602673314,0.419075362198055,0.822218181818182,0.832581818181818,0.890290909090909
110336,67954,42382,0.542703837972566,0.596177783186381,0.690583085014631,13.6563636363636,32.7,53.6436363636364,0.458181818181818,20.6981818181818,0.0709090909090909,19.3472727272727,0.04,59.3854545454545,-0.0772212018116327,0.421357849629765,0.822218181818182,0.832581818181818,0.890290909090909
110180,67956,42224,0.542466383093286,0.59595798974443,0.690701058606326,13.6545454545455,32.6945454545455,53.6509090909091,0.458181818181818,20.6818181818182,0.0709090909090909,19.3363636363636,0.0363636363636364,59.4163636363636,-0.0761644176337789,0.394499417046212,0.822218181818182,0.832581818181818,0.890290909090909
110397,67950,42447,0.542463515521795,0.596050329772116,0.690736884530131,13.6563636363636,32.6927272727273,53.6509090909091,0.458181818181818,20.6854545454545,0.0636363636363636,19.3090909090909,0.0381818181818182,59.4454545454546,-0.0775381410105183,0.413803578521633,0.822218181818182,0.832581818181818,0.890290909090909
110198,67942,42256,0.54246563934123,0.595807651063388,0.690635866707858,13.6618181818182,32.6854545454545,53.6527272727273,0.46,20.6690909090909,0.0618181818181818,19.2818181818182,0.0418181818181818,59.4854545454545,-0.0766352315885094,0.387533545511013,0.822218181818182,0.832581818181818,0.890290909090909
110111,67963,42148,0.54206300308678,0.596170837417591,0.690789345162068,13.6563636363636,32.6927272727273,53.6509090909091,0.461818181818182,20.6381818181818,0.0690909090909091,19.2581818181818,0.0472727272727273,59.5254545454545,-0.0748380619228225,0.363874592835253,0.822218181818182,0.832581818181818,0.890290909090909
110396,67964,42432,0.542467774175995,0.596035850937811,0.690840575775197,13.6581818181818,32.6981818181818,53.6436363636364,0.458181818181818,20.6036363636364,0.06,19.2254545454545,0.0563636363636364,59.5963636363636,-0.0747856304556163,0.403507836078378,0.822218181818182,0.832581818181818,0.890290909090909
110597,67960,42637,0.542686069976624,0.596148755509636,0.690707870509584,13.6654545454545,32.6927272727273,53.6418181818182,0.458181818181818,20.5581818181818,0.0690909090909091,19.2218181818182,0.0454545454545455,59.6472727272727,-0.0747807440145896,0.417548380550844,0.822218181818182,0.832581818181818,0.890290909090909
110603,67962,42641,0.542488856624623,0.59617231817321,0.690759660713296,13.6672727272727,32.6890909090909,53.6436363636364,0.456363636363636,20.4945454545455,0.0727272727272727,19.2272727272727,0.0527272727272727,59.6963636363636,-0.0745707875179174,0.419127154892141,0.822218181818182,0.832581818181818,0.890290909090909
110684,67956,42728,0.542705131226675,0.596194097548826,0.690877907087473,13.66,32.6909090909091,53.6490909090909,0.456363636363636,20.4454545454545,0.0690909090909091,19.2363636363636,0.04,59.7527272727273,-0.0783057302984327,0.425343531615693,0.822218181818182,0.832581818181818,0.890290909090909
110813,67964,42849,0.542781559785364,0.596158231272434,0.690849027570065,13.6581818181818,32.6927272727273,53.6490909090909,0.456363636363636,20.4,0.0709090909090909,19.2345454545455,0.04,59.7981818181818,-0.0751882180841759,0.415961769197814,0.822218181818182,0.832581818181818,0.890290909090909
110352,67950,42402,0.54268721764233,0.59575016205288,0.690738360343324,13.6618181818182,32.6872727272727,53.6509090909091,0.458181818181818,20.3654545454545,0.0654545454545455,19.2309090909091,0.0490909090909091,59.8309090909091,-0.0767136001820208,0.353616587208076,0.822218181818182,0.832581818181818,0.890290909090909
109961,67956,42005,0.54170003126945,0.595706425613833,0.690786248374049,13.6581818181818,32.6909090909091,53.6509090909091,0.458181818181818,20.3236363636364,0.06,19.2254545454545,0.0436363636363636,59.8890909090909,-0.075097501481485,0.25603617541492,0.822218181818182,0.832581818181818,0.890290909090909
109697,67956,41741,0.54134984472281,0.595502693323428,0.690800978593361,13.6545454545455,32.6854545454545,53.66,0.456363636363636,20.2727272727273,0.06,19.2163636363636,0.0418181818181818,59.9527272727273,-0.0754787832689048,0.222999037074094,0.822218181818182,0.832581818181818,0.890290909090909
109953,67956,41997,0.541515572684147,0.595860694716606,0.690860233772561,13.6545454545455,32.6945454545455,53.6509090909091,0.454545454545454,20.2327272727273,0.0472727272727273,19.2309090909091,0.0418181818181818,59.9927272727273,-0.0765423131234539,0.253874577167021,0.822218181818182,0.832581818181818,0.890290909090909
109879,67951,41928,0.541407559064757,0.595809393230528,0.690946773983626,13.6618181818182,32.6890909090909,53.6490909090909,0.450909090909091,20.1581818181818,0.0654545454545455,19.2127272727273,0.0545454545454545,60.0581818181818,-0.0799114095612657,0.235171570832079,0.822218181818182,0.832581818181818,0.890290909090909
110137,67952,42185,0.541396355479735,0.596249035657052,0.690851742964476,13.66,32.6945454545455,53.6454545454545,0.447272727272727,20.1109090909091,0.06,19.1727272727273,0.0563636363636364,60.1527272727273,-0.0773949295072684,0.272419633364982,0.822218181818182,0.832581818181818,0.890290909090909
110186,67954,42232,0.541722409072081,0.596071878518171,0.690880939865183,13.6636363636364,32.6890909090909,53.6472727272727,0.445454545454545,20.0381818181818,0.0690909090909091,19.1745454545455,0.0436363636363636,60.2290909090909,-0.0785281736549223,0.276738516732373,0.822218181818182,0.832581818181818,0.890290909090909
110127,67962,42165,0.541399343368557,0.596219640035317,0.690848356343777,13.6509090909091,32.7,53.6490909090909,0.443636363636364,19.9745454545455,0.0563636363636364,19.1836363636364,0.04,60.3018181818182,-0.0749563818270954,0.257352425833233,0.822218181818182,0.832581818181818,0.890290909090909
110208,67958,42250,0.54129506975255,0.596283825918143,0.690870727193415,13.6472727272727,32.7090909090909,53.6436363636364,0.441818181818182,19.9254545454545,0.06,19.1654545454545,0.0472727272727273,60.36,-0.0743936208292408,0.275467407559468,0.822218181818182,0.832581818181818,0.890290909090909
109564,67956,41608,0.541208731473281,0.595346463299694,0.690941038235338,13.6418181818182,32.7090909090909,53.6490909090909,0.441818181818182,19.8872727272727,0.06,19.1563636363636,0.0345454545454545,60.42,-0.07687722050819,0.182059011930092,0.822218181818182,0.832581818181818,0.890290909090909
109504,67950,41554,0.540837423188277,0.595827972670439,0.690899055603595,13.6454545454545,32.7,53.6545454545455,0.441818181818182,19.8254545454545,0.0545454545454545,19.1363636363636,0.04,60.5018181818182,-0.0764466253081495,0.151099316076778,0.822218181818182,0.832581818181818,0.890290909090909
109589,67952,41637,0.540865306237969,0.595875604168209,0.691077522536503,13.6454545454545,32.6981818181818,53.6563636363636,0.445454545454545,19.7836363636364,0.0672727272727273,19.1290909090909,0.0345454545454545,60.54,-0.0780114252659339,0.148341879278252,0.822218181818182,0.832581818181818,0.890290909090909
109245,67946,41299,0.540921378514829,0.595325671958168,0.691056870515715,13.6472727272727,32.7,53.6527272727273,0.44,19.7454545454545,0.0472727272727273,19.1163636363636,0.0490909090909091,60.6018181818182,-0.0791644994955277,0.11177737779746,0.822218181818182,0.832581818181818,0.890290909090909
110569,67962,42607,0.541831816497574,0.596037365256276,0.69109938764751,13.6327272727273,32.72,53.6472727272727,0.438181818181818,19.6781818181818,0.0418181818181818,19.1272727272727,0.0381818181818182,60.6763636363636,-0.07742003765657,0.327763617157259,0.822218181818182,0.832581818181818,0.890290909090909
110800,67958,42842,0.542240253476925,0.595859757951538,0.691113111052045,13.6363636363636,32.7072727272727,53.6563636363636,0.44,19.6181818181818,0.0490909090909091,19.1036363636364,0.0381818181818182,60.7509090909091,-0.0766626719485265,0.351008136651415,0.822218181818182,0.832581818181818,0.890290909090909
109893,67953,41940,0.541217318870598,0.595739259559694,0.691076186976079,13.6345454545455,32.7072727272727,53.6581818181818,0.44,19.5945454545455,0.0472727272727273,19.0690909090909,0.0454545454545455,60.8036363636364,-0.0786701110056046,0.186226107964335,0.822218181818182,0.832581818181818,0.890290909090909
109727,67957,41770,0.54114760075962,0.595703678935208,0.691132768664788,13.64,32.7018181818182,53.6581818181818,0.44,19.54,0.0581818181818182,19.06,0.0418181818181818,60.86,-0.078666695649008,0.144908182212914,0.822218181818182,0.832581818181818,0.890290909090909
109144,67960,41184,0.540664855678746,0.595173695274699,0.691060026523589,13.6327272727273,32.7145454545455,53.6527272727273,0.438181818181818,19.4745454545455,0.0545454545454545,19.0436363636364,0.0545454545454545,60.9345454545455,-0.0760629247129228,0.0517484577245672,0.822218181818182,0.832581818181818,0.890290909090909
109198,67958,41240,0.540662869698301,0.595081573514955,0.690873672926858,13.6327272727273,32.7090909090909,53.6581818181818,0.438181818181818,19.44,0.0545454545454545,19.02,0.0363636363636364,61.0109090909091,-0.0772953506989077,0.0457105093889616,0.822218181818182,0.832581818181818,0.890290909090909
109324,67946,41378,0.540841454402564,0.595067756510895,0.690818504849543,13.64,32.7018181818182,53.6581818181818,0.436363636363636,19.3981818181818,0.0509090909090909,18.9763636363636,0.0436363636363636,61.0945454545455,-0.0779406856353903,0.0758292664858428,0.822218181818182,0.832581818181818,0.890290909090909
110057,67956,42101,0.541172483666186,0.59567875508196,0.690907531936285,13.6345454545455,32.7054545454545,53.66,0.432727272727273,19.34,0.0672727272727273,18.9763636363636,0.0527272727272727,61.1309090909091,-0.0760707261933104,0.18340138807279,0.822218181818182,0.832581818181818,0.890290909090909
110193,67960,42233,0.541531750786792,0.59557615324394,0.691183051101409,13.6363636363636,32.6981818181818,53.6654545454545,0.430909090909091,19.2945454545455,0.0727272727272727,18.96,0.0381818181818182,61.2036363636364,-0.0773187783680359,0.203072232245044,0.822218181818182,0.832581818181818,0.890290909090909
109422,67964,41458,0.540884579053523,0.595255114141921,0.691343214145282,13.6327272727273,32.6963636363636,53.6709090909091,0.427272727272727,19.2454545454545,0.0581818181818182,18.9436363636364,0.0436363636363636,61.2818181818182,-0.0783554295630231,0.0869276929816062,0.822218181818182,0.832581818181818,0.890290909090909
109961,67964,41997,0.541042494525731,0.595714117384262,0.6912990900205,13.6345454545455,32.6981818181818,53.6672727272727,0.423636363636364,19.1927272727273,0.0636363636363636,18.9290909090909,0.0436363636363636,61.3472727272727,-0.0780595046408549,0.138243186816742,0.822218181818182,0.832581818181818,0.890290909090909
109615,67960,41655,0.540710286642169,0.595546954766778,0.691341974508834,13.6309090909091,32.6945454545455,53.6745454545455,0.42,19.1309090909091,0.0545454545454545,18.9272727272727,0.0472727272727273,61.42,-0.0792993725434247,0.0881455173461952,0.822218181818182,0.832581818181818,0.890290909090909
110056,67960,42096,0.541049832728593,0.595784661923217,0.691225404039501,13.6381818181818,32.7,53.6618181818182,0.42,19.0781818181818,0.0727272727272727,18.8781818181818,0.0472727272727273,61.5036363636364,-0.0789516857030817,0.165202466991137,0.822218181818182,0.832581818181818,0.890290909090909
110301,67960,42341,0.541083310807954,0.596018893132122,0.691244450725581,13.6436363636364,32.6963636363636,53.66,0.42,19.0345454545455,0.0563636363636364,18.9,0.0454545454545455,61.5436363636364,-0.0772814886788679,0.196735739385159,0.822218181818182,0.832581818181818,0.890290909090909
110119,67966,42153,0.540853215312289,0.596090360076723,0.691266450993875,13.6363636363636,32.7036363636364,53.66,0.42,18.9909090909091,0.0527272727272727,18.9072727272727,0.0581818181818182,61.5709090909091,-0.0767769454442631,0.148575873249634,0.822218181818182,0.832581818181818,0.890290909090909
109751,67962,41789,0.540952657951901,0.595610717829532,0.691151254495464,13.6363636363636,32.7,53.6636363636364,0.421818181818182,18.9272727272727,0.0563636363636364,18.9218181818182,0.0327272727272727,61.64,-0.0774815020861173,0.102859726785259,0.822218181818182,0.832581818181818,0.890290909090909
110064,67956,42108,0.541910528455346,0.595240116915312,0.691302206388396,13.6363636363636,32.6981818181818,53.6654545454545,0.42,18.8890909090909,0.0563636363636364,18.9345454545455,0.0345454545454545,61.6654545454545,-0.0782337596073789,0.165418112007054,0.822218181818182,0.832581818181818,0.890290909090909
109556,67959,41597,0.541355036149182,0.59494656626245,0.691510896607283,13.6327272727273,32.6927272727273,53.6745454545455,0.42,18.8418181818182,0.0509090909090909,18.9490909090909,0.0381818181818182,61.7,-0.0793324718844484,0.0793584705478596,0.822218181818182,0.832581818181818,0.890290909090909
