"total_rewards","action_rewards","opinion_rewards","sp0_social_trust","sp1_social_trust","sp2_social_trust","sp0_request_rate","sp1_request_rate","sp2_request_rate","op0_expression_rate","op1_expression_rate","op2_expression_rate","op3_expression_rate","op4_expression_rate","op5_expression_rate","mean_loss1","mean_loss2","sp0_availability","sp1_availability","sp2_availability"
29016,29241,-225,0.704590624755559,0.724554368142975,0.705287304643088,33.2781818181818,33.4763636363636,33.2454545454545,16.6272727272727,16.6836363636364,16.5963636363636,16.7654545454545,16.9381818181818,16.3890909090909,1.50262791460211,-1.92596586942673,0.835509090909091,0.868563636363636,0.834727272727273
29368,29227,141,0.704591065058595,0.72450827370502,0.705380232594702,33.26,33.5072727272727,33.2327272727273,16.4981818181818,16.82,16.4763636363636,16.8981818181818,16.8054545454545,16.5018181818182,1.43061837824908,-1.88500258651647,0.835509090909091,0.868563636363636,0.834727272727273
29756,29267,489,0.704269494909302,0.725088429925378,0.705269155897419,33.2054545454545,33.5709090909091,33.2236363636364,16.3454545454545,16.9618181818182,16.36,17.0745454545455,16.66,16.5981818181818,1.36347844492305,-1.85349188717929,0.835509090909091,0.868563636363636,0.834727272727273
30152,29295,857,0.70423364499896,0.725051356827446,0.705259570803471,33.2036363636364,33.5563636363636,33.24,16.1890909090909,17.1309090909091,16.2781818181818,17.1981818181818,16.52,16.6836363636364,1.29475090395321,-1.8134894257242,0.835509090909091,0.868563636363636,0.834727272727273
30552,29320,1232,0.704308403076217,0.725239073675014,0.705177244319245,33.1854545454545,33.5836363636364,33.2309090909091,16.0345454545455,17.2727272727273,16.1927272727273,17.3654545454545,16.3363636363636,16.7981818181818,1.22559357989918,-1.76504756808281,0.835509090909091,0.868563636363636,0.834727272727273
30907,29352,1555,0.704229305635656,0.725261480534694,0.704912748299932,33.1690909090909,33.6345454545455,33.1963636363636,15.8927272727273,17.4145454545455,16.0890909090909,17.4872727272727,16.2,16.9163636363636,1.15640864588998,-1.74757833426649,0.835509090909091,0.868563636363636,0.834727272727273
31350,29389,1961,0.704155154833749,0.725038424778874,0.704866434986931,33.1963636363636,33.6163636363636,33.1872727272727,15.7145454545455,17.5963636363636,15.9836363636364,17.6436363636364,16.0527272727273,17.0090909090909,1.08757084824822,-1.68654068925164,0.835509090909091,0.868563636363636,0.834727272727273
31663,29368,2295,0.703941716137985,0.724911582892952,0.704450126853539,33.1963636363636,33.6545454545455,33.1490909090909,15.5763636363636,17.7436363636364,15.8727272727273,17.7781818181818,15.8745454545455,17.1545454545455,1.01273018013347,-1.6664586473595,0.835509090909091,0.868563636363636,0.834727272727273
32069,29431,2638,0.703743093286276,0.724923653112675,0.704339375203656,33.1181818181818,33.7345454545455,33.1472727272727,15.4072727272727,17.8781818181818,15.8054545454545,17.8890909090909,15.7327272727273,17.2872727272727,0.944148370894519,-1.64151805205779,0.835509090909091,0.868563636363636,0.834727272727273
32381,29463,2918,0.703587870085363,0.724961618133667,0.703871095033384,33.1563636363636,33.7272727272727,33.1163636363636,15.2563636363636,18.02,15.6836363636364,18.0690909090909,15.5545454545455,17.4163636363636,0.872496405514804,-1.64979779232632,0.835509090909091,0.868563636363636,0.834727272727273
32771,29501,3270,0.70344290873839,0.725217820632145,0.703536172991505,33.1272727272727,33.7981818181818,33.0745454545455,15.1018181818182,18.1636363636364,15.5436363636364,18.2272727272727,15.4436363636364,17.52,0.800106799602509,-1.6239099112424,0.835509090909091,0.868563636363636,0.834727272727273
33211,29589,3622,0.703342307535276,0.724729404045543,0.703502504691561,33.1145454545455,33.8272727272727,33.0581818181818,14.9527272727273,18.3036363636364,15.4236363636364,18.3763636363636,15.3036363636364,17.64,0.731153258410367,-1.6020311106335,0.835509090909091,0.868563636363636,0.834727272727273
33628,29646,3982,0.703352626755889,0.724212303076567,0.703240758136439,33.0763636363636,33.8490909090909,33.0745454545455,14.7836363636364,18.4745454545455,15.2872727272727,18.5218181818182,15.1345454545455,17.7981818181818,0.658592492341995,-1.57575530734929,0.835509090909091,0.868563636363636,0.834727272727273
34117,29701,4416,0.703019858242164,0.724173694901136,0.703350115888854,33.0236363636364,33.8781818181818,33.0981818181818,14.5927272727273,18.7090909090909,15.1018181818182,18.7036363636364,14.9545454545455,17.9381818181818,0.58475634726611,-1.51815573302182,0.835509090909091,0.868563636363636,0.834727272727273
34775,29788,4987,0.702945056700972,0.724078581396167,0.703029956439313,33.0145454545455,33.88,33.1054545454545,14.3927272727273,18.8927272727273,14.9072727272727,18.9654545454545,14.72,18.1218181818182,0.51262410662391,-1.39845892949538,0.835509090909091,0.868563636363636,0.834727272727273
35343,29865,5478,0.702805405055916,0.72393353435392,0.70300346026868,32.9781818181818,33.9236363636364,33.0981818181818,14.1727272727273,19.1363636363636,14.7236363636364,19.1363636363636,14.5618181818182,18.2690909090909,0.438438728722659,-1.31296690485694,0.835509090909091,0.868563636363636,0.834727272727273
36028,29954,6074,0.702395785777873,0.723829246919856,0.702564083920582,32.9381818181818,33.9854545454545,33.0763636363636,13.9454545454545,19.4054545454545,14.4945454545455,19.3236363636364,14.3690909090909,18.4618181818182,0.36340610276569,-1.18591078899123,0.835509090909091,0.868563636363636,0.834727272727273
36644,30014,6630,0.702376335624442,0.723837607949472,0.701975945286341,32.9581818181818,33.9981818181818,33.0436363636364,13.7418181818182,19.6381818181818,14.2581818181818,19.5781818181818,14.1563636363636,18.6272727272727,0.286152038790963,-1.0812802742828,0.835509090909091,0.868563636363636,0.834727272727273
37332,30085,7247,0.701843441456838,0.723771373161191,0.701447452870312,32.8872727272727,34.1018181818182,33.0109090909091,13.54,19.8690909090909,14.06,19.8145454545455,13.8927272727273,18.8236363636364,0.208266640793193,-0.952213638479059,0.835509090909091,0.868563636363636,0.834727272727273
37982,30165,7817,0.701575211177194,0.7236494824187,0.700932798149059,32.8509090909091,34.1909090909091,32.9581818181818,13.2945454545455,20.1109090909091,13.8927272727273,20.0345454545455,13.6927272727273,18.9745454545455,0.130434449694373,-0.840445697307587,0.835509090909091,0.868563636363636,0.834727272727273
38631,30233,8398,0.701377290826848,0.723468784274051,0.700485108152544,32.82,34.2672727272727,32.9127272727273,13.0854545454545,20.3290909090909,13.6763636363636,20.2854545454545,13.4545454545455,19.1690909090909,0.0507922657511451,-0.725125817277215,0.835509090909091,0.868563636363636,0.834727272727273
39309,30310,8999,0.701063916925568,0.72321143909126,0.699987286597239,32.8181818181818,34.3181818181818,32.8636363636364,12.8490909090909,20.5654545454545,13.4763636363636,20.5327272727273,13.1854545454545,19.3909090909091,-0.0289513208649375,-0.600585767897693,0.835509090909091,0.868563636363636,0.834727272727273
40019,30394,9625,0.700758775141786,0.723038926779974,0.699676012475554,32.7963636363636,34.3727272727273,32.8309090909091,12.6272727272727,20.7945454545455,13.2454545454545,20.7963636363636,12.8945454545455,19.6418181818182,-0.108070375431668,-0.473284511674534,0.835509090909091,0.868563636363636,0.834727272727273
40760,30506,10254,0.70066106289095,0.722996852017431,0.699461791438426,32.7981818181818,34.4181818181818,32.7836363636364,12.3618181818182,21.06,13.0581818181818,20.9981818181818,12.6472727272727,19.8745454545455,-0.185971674864942,-0.336782225153663,0.835509090909091,0.868563636363636,0.834727272727273
41511,30639,10872,0.700326170458728,0.722990285201317,0.699223618535508,32.7309090909091,34.5363636363636,32.7327272727273,12.1181818181818,21.3454545454545,12.8054545454545,21.24,12.3945454545455,20.0963636363636,-0.26300388276577,-0.211309880560095,0.835509090909091,0.868563636363636,0.834727272727273
42352,30795,11557,0.700152198707574,0.723067629645844,0.698659242388486,32.6981818181818,34.6127272727273,32.6890909090909,11.8454545454545,21.64,12.5672727272727,21.5,12.1163636363636,20.3309090909091,-0.336933908950199,-0.0529855408451774,0.835509090909091,0.868563636363636,0.834727272727273
43082,30879,12203,0.699982400116077,0.722722629529006,0.698399229054413,32.68,34.6618181818182,32.6581818181818,11.6236363636364,21.8927272727273,12.3254545454545,21.7509090909091,11.8527272727273,20.5545454545455,-0.417410025271502,0.0778869553045793,0.835509090909091,0.868563636363636,0.834727272727273
43739,30968,12771,0.699463054262299,0.722526018994072,0.697993295883927,32.6181818181818,34.8018181818182,32.58,11.3927272727273,22.1381818181818,12.1090909090909,21.9472727272727,11.6490909090909,20.7636363636364,-0.49677561304786,0.185491574352438,0.835509090909091,0.868563636363636,0.834727272727273
44476,31069,13407,0.69894339636836,0.721768637284602,0.697235264633122,32.6145454545455,34.8563636363636,32.5290909090909,11.1981818181818,22.3636363636364,11.8454545454545,22.24,11.3636363636364,20.9890909090909,-0.574951821023768,0.318465099551461,0.835509090909091,0.868563636363636,0.834727272727273
45211,31159,14052,0.698985270166922,0.721869033470698,0.69647776825816,32.6163636363636,34.9272727272727,32.4563636363636,10.9472727272727,22.6254545454545,11.5781818181818,22.4963636363636,11.1509090909091,21.2018181818182,-0.653406313332644,0.457358176599849,0.835509090909091,0.868563636363636,0.834727272727273
45896,31272,14624,0.698297008194178,0.722014563675373,0.695916442495585,32.5345454545455,35.0654545454545,32.4,10.7072727272727,22.8854545454545,11.3254545454545,22.7890909090909,10.8709090909091,21.4218181818182,-0.728996735269373,0.564054597507824,0.835509090909091,0.868563636363636,0.834727272727273
46759,31400,15359,0.697833385441482,0.721866368621944,0.695150548395114,32.4927272727273,35.1872727272727,32.32,10.4636363636364,23.1690909090909,11.0545454545455,23.0418181818182,10.5745454545455,21.6963636363636,-0.802539707855745,0.745984021641991,0.835509090909091,0.868563636363636,0.834727272727273
47500,31527,15973,0.69777066550844,0.722244720703786,0.694466463914296,32.4563636363636,35.2927272727273,32.2509090909091,10.2272727272727,23.4472727272727,10.8163636363636,23.2527272727273,10.34,21.9163636363636,-0.875215251879259,0.877606025067243,0.835509090909091,0.868563636363636,0.834727272727273
48179,31617,16562,0.697155901460258,0.72224737251656,0.693940772977491,32.4309090909091,35.4072727272727,32.1618181818182,9.96,23.7454545454545,10.5727272727273,23.4981818181818,10.0872727272727,22.1363636363636,-0.949834681370042,1.00118138681759,0.835509090909091,0.868563636363636,0.834727272727273
48857,31736,17121,0.696588383766779,0.722309937260966,0.69313149491148,32.4036363636364,35.5345454545455,32.0618181818182,9.71818181818182,24.0036363636364,10.3381818181818,23.7109090909091,9.87818181818182,22.3509090909091,-1.02087241004814,1.11924012140794,0.835509090909091,0.868563636363636,0.834727272727273
49655,31842,17813,0.695828458119503,0.722480441682188,0.692728747583981,32.3163636363636,35.6909090909091,31.9927272727273,9.49818181818182,24.2436363636364,10.0654545454545,23.9945454545455,9.61090909090909,22.5872727272727,-1.09156886068257,1.29636736349626,0.835509090909091,0.868563636363636,0.834727272727273
50433,31968,18465,0.695633785483264,0.72261496519689,0.692249817681334,32.3109090909091,35.76,31.9290909090909,9.27090909090909,24.5272727272727,9.82363636363636,24.2054545454545,9.32727272727273,22.8454545454545,-1.15825311243534,1.45732361078262,0.835509090909091,0.868563636363636,0.834727272727273
51037,32050,18987,0.695349815376735,0.722348796850021,0.691587146390433,32.2818181818182,35.8745454545455,31.8436363636364,9.09454545454545,24.7272727272727,9.57090909090909,24.4418181818182,9.12363636363636,23.0418181818182,-1.22630582614378,1.55468725995584,0.835509090909091,0.868563636363636,0.834727272727273
51723,32171,19552,0.694964097365241,0.722091167328356,0.691074552713837,32.2509090909091,36.02,31.7290909090909,8.84727272727273,24.9745454545455,9.39090909090909,24.6527272727273,8.88727272727273,23.2472727272727,-1.29126679382541,1.68108902898702,0.835509090909091,0.868563636363636,0.834727272727273
52491,32291,20200,0.694775979382212,0.722349052246234,0.690776521926084,32.2345454545455,36.14,31.6254545454545,8.62,25.2418181818182,9.11818181818182,24.8981818181818,8.69090909090909,23.4309090909091,-1.35433953729543,1.85255870602348,0.835509090909091,0.868563636363636,0.834727272727273
53145,32438,20707,0.694550047917788,0.722443362081907,0.690353817522039,32.2363636363636,36.26,31.5036363636364,8.39272727272727,25.48,8.95818181818182,25.0818181818182,8.49454545454545,23.5927272727273,-1.41246155527505,1.96711539138447,0.835509090909091,0.868563636363636,0.834727272727273
53816,32550,21266,0.694160937006769,0.722298767235766,0.690215126939572,32.1981818181818,36.36,31.4418181818182,8.20545454545455,25.7127272727273,8.69272727272727,25.3127272727273,8.25454545454545,23.8218181818182,-1.47121889564124,2.10213132988323,0.835509090909091,0.868563636363636,0.834727272727273
54530,32654,21876,0.694192530833015,0.722212385158159,0.689555144710568,32.1909090909091,36.4745454545455,31.3345454545455,8.03090909090909,25.98,8.44727272727273,25.5272727272727,7.98,24.0345454545455,-1.52905210581693,2.25367558761076,0.835509090909091,0.868563636363636,0.834727272727273
55165,32777,22388,0.694048236092517,0.722121609896674,0.68919758461453,32.1890909090909,36.5545454545455,31.2563636363636,7.86727272727273,26.1890909090909,8.25818181818182,25.6672727272727,7.78181818181818,24.2363636363636,-1.58343238180334,2.36234076944264,0.835509090909091,0.868563636363636,0.834727272727273
55815,32905,22910,0.693902319770747,0.722016687034313,0.688771162758136,32.2,36.6745454545455,31.1254545454545,7.68181818181818,26.4418181818182,8.04909090909091,25.8363636363636,7.58,24.4109090909091,-1.63514344448393,2.47963817498901,0.835509090909091,0.868563636363636,0.834727272727273
56394,33014,23380,0.693511125573766,0.722181808955974,0.687990334825531,32.1563636363636,36.86,30.9836363636364,7.52,26.6509090909091,7.86181818181818,26.0090909090909,7.38181818181818,24.5763636363636,-1.68705882592635,2.58109260851687,0.835509090909091,0.868563636363636,0.834727272727273
56850,33078,23772,0.69304221636856,0.722123048881703,0.687203741617682,32.1654545454545,37.0109090909091,30.8236363636364,7.37090909090909,26.8290909090909,7.69090909090909,26.1890909090909,7.18545454545455,24.7345454545455,-1.73978354063901,2.65316967964172,0.835509090909091,0.868563636363636,0.834727272727273
57431,33206,24225,0.692938919117761,0.722347930369585,0.686857640135371,32.1654545454545,37.12,30.7145454545455,7.19818181818182,27.06,7.46363636363636,26.3745454545455,7.02545454545455,24.8781818181818,-1.78521317081018,2.74834025122903,0.835509090909091,0.868563636363636,0.834727272727273
57969,33296,24673,0.692561878406907,0.722368470916943,0.686181580849675,32.1781818181818,37.2472727272727,30.5745454545455,7.04181818181818,27.3018181818182,7.25090909090909,26.5272727272727,6.85272727272727,25.0254545454545,-1.83234913945198,2.8489874725992,0.835509090909091,0.868563636363636,0.834727272727273
58599,33461,25138,0.692106668656482,0.722325175096785,0.685875308587629,32.1418181818182,37.4072727272727,30.4509090909091,6.86181818181818,27.5272727272727,7.06727272727273,26.7181818181818,6.66363636363636,25.1618181818182,-1.87143510850993,2.9701021140272,0.835509090909091,0.868563636363636,0.834727272727273
59202,33586,25616,0.691950384396855,0.722018109971172,0.685536324851459,32.1854545454545,37.44,30.3745454545455,6.72,27.7418181818182,6.88181818181818,26.8727272727273,6.5,25.2836363636364,-1.91084763353521,3.08625328920104,0.835509090909091,0.868563636363636,0.834727272727273
59804,33725,26079,0.691638105326952,0.721763602752797,0.684630057155495,32.1818181818182,37.5854545454546,30.2327272727273,6.58181818181818,27.9818181818182,6.62363636363636,27.0745454545455,6.37636363636364,25.3618181818182,-1.94725924080068,3.19407894990661,0.835509090909091,0.868563636363636,0.834727272727273
60201,33880,26321,0.691168116241157,0.721497406910545,0.68430772896633,32.2381818181818,37.6436363636364,30.1181818181818,6.47636363636364,28.14,6.50727272727273,27.1581818181818,6.23090909090909,25.4872727272727,-1.98035462119363,3.21902036070824,0.835509090909091,0.868563636363636,0.834727272727273
60847,34060,26787,0.691121437601763,0.721390072433179,0.683732884619938,32.2309090909091,37.7690909090909,30,6.34727272727273,28.3618181818182,6.31090909090909,27.3054545454545,6.05454545454545,25.62,-2.00905361446467,3.33533233783462,0.835509090909091,0.868563636363636,0.834727272727273
61434,34218,27216,0.690916089589964,0.721533265547425,0.682966482335834,32.1818181818182,37.8963636363636,29.9218181818182,6.24909090909091,28.4909090909091,6.16727272727273,27.4654545454545,5.92363636363636,25.7036363636364,-2.03854421431368,3.43594190315767,0.835509090909091,0.868563636363636,0.834727272727273
61914,34448,27466,0.690695521779896,0.721291362107266,0.682473279451704,32.2163636363636,37.9418181818182,29.8418181818182,6.13090909090909,28.6218181818182,6.04,27.5981818181818,5.8,25.8090909090909,-2.05887545238842,3.46708556576209,0.835509090909091,0.868563636363636,0.834727272727273
62532,34618,27914,0.690266276419515,0.721224022826652,0.682274354822479,32.1927272727273,37.9945454545455,29.8127272727273,6.00545454545455,28.8072727272727,5.87454545454545,27.7563636363636,5.62909090909091,25.9272727272727,-2.08428036353805,3.5878145347942,0.835509090909091,0.868563636363636,0.834727272727273
63091,34782,28309,0.689918716702243,0.72099415072583,0.681716527475507,32.2036363636364,38.0945454545455,29.7018181818182,5.91454545454545,28.9290909090909,5.79272727272727,27.8654545454545,5.46545454545455,26.0327272727273,-2.10634031783451,3.68929142897779,0.835509090909091,0.868563636363636,0.834727272727273
63534,34950,28584,0.689666903435554,0.720625870271391,0.680864788668427,32.1927272727273,38.1618181818182,29.6454545454545,5.81818181818182,29.0654545454545,5.65636363636364,27.9927272727273,5.36909090909091,26.0981818181818,-2.12751034335657,3.73699835674329,0.835509090909091,0.868563636363636,0.834727272727273
63984,35131,28853,0.688787909894337,0.720490598209587,0.680428809412235,32.1690909090909,38.2509090909091,29.58,5.71636363636364,29.2436363636364,5.46363636363636,28.1381818181818,5.28,26.1581818181818,-2.14511470252817,3.78336642709645,0.835509090909091,0.868563636363636,0.834727272727273
64548,35340,29208,0.688673913866776,0.72010084844906,0.679812211269624,32.1581818181818,38.3690909090909,29.4727272727273,5.60181818181818,29.4090909090909,5.29636363636364,28.3018181818182,5.16545454545455,26.2254545454545,-2.15868777578527,3.86568412536925,0.835509090909091,0.868563636363636,0.834727272727273
65050,35529,29521,0.688560673828863,0.719818571133819,0.679061031709572,32.1363636363636,38.5036363636364,29.36,5.52363636363636,29.5236363636364,5.17090909090909,28.4109090909091,5.04,26.3309090909091,-2.17322590459477,3.93701167052442,0.835509090909091,0.868563636363636,0.834727272727273
65551,35761,29790,0.687777772786172,0.720019820396123,0.678412430437795,32.0927272727273,38.6927272727273,29.2145454545455,5.44545454545455,29.6509090909091,5.00363636363636,28.5254545454545,4.97818181818182,26.3963636363636,-2.18315210830082,3.98261620835824,0.835509090909091,0.868563636363636,0.834727272727273
65887,35895,29992,0.687059153384313,0.720087248058999,0.677569006643358,32.0181818181818,38.8945454545455,29.0872727272727,5.35454545454546,29.7963636363636,4.87636363636364,28.6018181818182,4.85272727272727,26.5181818181818,-2.19890558502891,4.00782492485913,0.835509090909091,0.868563636363636,0.834727272727273
66318,36077,30241,0.686592476033183,0.720019698227676,0.676402626919263,31.9563636363636,39.1163636363636,28.9272727272727,5.25090909090909,29.96,4.78,28.6763636363636,4.74363636363636,26.5890909090909,-2.21028617945584,4.051074870879,0.835509090909091,0.868563636363636,0.834727272727273
66866,36317,30549,0.686458285713358,0.719792511912289,0.675693648772249,31.9327272727273,39.2363636363636,28.8309090909091,5.16181818181818,30.1036363636364,4.64727272727273,28.7563636363636,4.63090909090909,26.7,-2.216937051578,4.12357768416405,0.835509090909091,0.868563636363636,0.834727272727273
67448,36599,30849,0.68597939787148,0.719851865492087,0.675177243235917,31.8763636363636,39.3545454545455,28.7690909090909,5.07454545454545,30.2072727272727,4.55818181818182,28.8363636363636,4.53090909090909,26.7927272727273,-2.21673259735107,4.17819486693902,0.835509090909091,0.868563636363636,0.834727272727273
67979,36849,31130,0.685868039952357,0.719963634109655,0.674895235798317,31.8836363636364,39.4327272727273,28.6836363636364,4.99818181818182,30.3254545454545,4.45090909090909,28.9018181818182,4.46181818181818,26.8618181818182,-2.21855448538607,4.23144219463522,0.835509090909091,0.868563636363636,0.834727272727273
68408,37073,31335,0.685722034800952,0.719354334091652,0.673905361747241,31.9145454545455,39.4672727272727,28.6181818181818,4.91636363636364,30.4436363636364,4.39636363636364,28.9672727272727,4.33818181818182,26.9381818181818,-2.22173104123636,4.2637747975913,0.835509090909091,0.868563636363636,0.834727272727273
68847,37288,31559,0.685100634570217,0.71888327582724,0.673099379155938,31.8909090909091,39.5672727272727,28.5418181818182,4.84727272727273,30.6127272727273,4.25636363636364,29.0163636363636,4.27090909090909,26.9963636363636,-2.22468901872635,4.30308352166956,0.835509090909091,0.868563636363636,0.834727272727273
69314,37551,31763,0.684622878085553,0.718534615816388,0.672228551140008,31.9018181818182,39.6509090909091,28.4472727272727,4.79272727272727,30.7363636363636,4.13818181818182,29.0690909090909,4.19272727272727,27.0709090909091,-2.22375875277953,4.33529321984811,0.835509090909091,0.868563636363636,0.834727272727273
69624,37772,31852,0.683869552883543,0.718057724473261,0.671343862432522,31.8672727272727,39.7927272727273,28.34,4.72545454545455,30.8527272727273,4.05454545454545,29.0654545454545,4.19454545454545,27.1072727272727,-2.2227282973853,4.3202224352143,0.835509090909091,0.868563636363636,0.834727272727273
70121,38055,32066,0.683380090323156,0.71723725329452,0.670819851723495,31.8690909090909,39.8909090909091,28.24,4.68,30.9436363636364,3.94727272727273,29.1181818181818,4.11636363636364,27.1945454545455,-2.21712664690885,4.35610344139012,0.835509090909091,0.868563636363636,0.834727272727273
70514,38336,32178,0.682491710087862,0.717100527348428,0.669649552008362,31.8454545454545,40.0672727272727,28.0872727272727,4.62,31.0418181818182,3.89636363636364,29.1581818181818,3.99818181818182,27.2854545454545,-2.20890782963146,4.35929434949701,0.835509090909091,0.868563636363636,0.834727272727273
70980,38596,32384,0.681840380895799,0.71665028954949,0.668714410102374,31.8454545454545,40.1836363636364,27.9709090909091,4.57454545454545,31.1581818181818,3.80181818181818,29.2236363636364,3.87454545454546,27.3672727272727,-2.20300099362027,4.38272328051654,0.835509090909091,0.868563636363636,0.834727272727273
71546,38883,32663,0.681393369207576,0.716239395166806,0.667838926818712,31.8636363636364,40.2654545454546,27.8709090909091,4.50909090909091,31.2545454545455,3.71454545454545,29.2890909090909,3.79818181818182,27.4345454545455,-2.19421595280821,4.43548383441838,0.835509090909091,0.868563636363636,0.834727272727273
71981,39151,32830,0.680914753087878,0.715815429386625,0.666641282748495,31.8545454545455,40.3781818181818,27.7672727272727,4.45272727272727,31.3509090909091,3.66,29.2963636363636,3.74727272727273,27.4927272727273,-2.18730029138652,4.45047821456736,0.835509090909091,0.868563636363636,0.834727272727273
72457,39450,33007,0.6801163579294,0.715233764433192,0.665636223826087,31.8418181818182,40.5145454545455,27.6436363636364,4.4,31.4618181818182,3.57636363636364,29.2963636363636,3.66909090909091,27.5963636363636,-2.17664209821007,4.47317868850448,0.835509090909091,0.868563636363636,0.834727272727273
72928,39690,33238,0.679534383892994,0.714983071928286,0.665175883035388,31.8109090909091,40.5909090909091,27.5981818181818,4.33454545454545,31.5581818181818,3.48727272727273,29.3254545454545,3.60181818181818,27.6927272727273,-2.16862862110138,4.51124854846434,0.835509090909091,0.868563636363636,0.834727272727273
73348,39964,33384,0.678895669877878,0.714880011856782,0.66435933499487,31.8454545454545,40.6163636363636,27.5381818181818,4.28909090909091,31.6436363636364,3.43090909090909,29.3345454545455,3.53272727272727,27.7690909090909,-2.1595652542331,4.52513681866906,0.835509090909091,0.868563636363636,0.834727272727273
73680,40225,33455,0.677706355142492,0.714895427277663,0.66302869225223,31.8490909090909,40.7309090909091,27.42,4.25090909090909,31.7163636363636,3.35818181818182,29.3909090909091,3.43272727272727,27.8509090909091,-2.15152413547039,4.50885069153526,0.835509090909091,0.868563636363636,0.834727272727273
74087,40518,33569,0.677169028819327,0.714406403181194,0.662383649036147,31.8218181818182,40.8345454545455,27.3436363636364,4.18909090909091,31.8181818181818,3.29454545454545,29.4054545454545,3.36363636363636,27.9290909090909,-2.1404604407874,4.50113472505049,0.835509090909091,0.868563636363636,0.834727272727273
74508,40868,33640,0.676499484371633,0.713444880951281,0.661620399127676,31.8236363636364,40.8963636363636,27.28,4.13454545454545,31.8727272727273,3.26545454545455,29.3490909090909,3.34909090909091,28.0290909090909,-2.12186025353995,4.48614131103862,0.835509090909091,0.868563636363636,0.834727272727273
74819,41158,33661,0.675860640030305,0.712650329264113,0.660401726659997,31.8454545454545,40.9818181818182,27.1727272727273,4.08181818181818,31.9363636363636,3.21636363636364,29.3236363636364,3.29272727272727,28.1490909090909,-2.10751185715199,4.4547157775272,0.835509090909091,0.868563636363636,0.834727272727273
75357,41455,33902,0.675007180738115,0.712142312850014,0.659526926844035,31.8454545454545,41.0581818181818,27.0963636363636,4.02909090909091,32.0581818181818,3.08727272727273,29.3854545454545,3.19272727272727,28.2472727272727,-2.09189186096191,4.4974041537805,0.835509090909091,0.868563636363636,0.834727272727273
75846,41765,34081,0.67432740703577,0.711440045409598,0.657839080188794,31.8945454545455,41.1490909090909,26.9563636363636,3.98545454545455,32.1563636363636,2.98545454545455,29.4181818181818,3.12,28.3345454545455,-2.0751206332987,4.51146413196217,0.835509090909091,0.868563636363636,0.834727272727273
76194,42114,34080,0.673427599025377,0.711101220834613,0.656393679218659,31.9418181818182,41.2236363636364,26.8345454545455,3.94545454545454,32.1963636363636,2.97272727272727,29.3890909090909,3.07272727272727,28.4236363636364,-2.05389238731428,4.48005458658392,0.835509090909091,0.868563636363636,0.834727272727273
76595,42445,34150,0.672439821230059,0.710444087586307,0.655137957061002,31.9654545454545,41.3145454545455,26.72,3.90181818181818,32.2781818181818,2.88,29.3909090909091,3.03818181818182,28.5109090909091,-2.03391271125187,4.46009971553629,0.835509090909091,0.868563636363636,0.834727272727273
77081,42780,34301,0.671991433303041,0.709599189987775,0.653938791716003,32.0490909090909,41.3472727272727,26.6036363636364,3.86909090909091,32.3709090909091,2.78363636363636,29.3854545454545,3.00545454545455,28.5854545454545,-2.01478097709742,4.46594374396584,0.835509090909091,0.868563636363636,0.834727272727273
77545,43092,34453,0.671417827017467,0.708873002602329,0.652932777754736,32.0854545454545,41.3709090909091,26.5436363636364,3.82909090909091,32.4309090909091,2.70909090909091,29.4054545454545,2.95454545454545,28.6709090909091,-1.99608173072338,4.47499050985683,0.835509090909091,0.868563636363636,0.834727272727273
77951,43368,34583,0.670600232889148,0.708094631616864,0.652149143507265,32.1109090909091,41.4472727272727,26.4418181818182,3.78545454545455,32.4727272727273,2.66545454545455,29.4163636363636,2.87454545454545,28.7854545454545,-1.98095686300234,4.48232833363793,0.835509090909091,0.868563636363636,0.834727272727273
78376,43693,34683,0.670137000221714,0.707427581286277,0.651086434355382,32.1581818181818,41.4581818181818,26.3836363636364,3.74363636363636,32.5418181818182,2.61090909090909,29.4218181818182,2.81090909090909,28.8709090909091,-1.9629913221706,4.47114749930122,0.835509090909091,0.868563636363636,0.834727272727273
78734,44064,34670,0.669137459048022,0.706285844586114,0.650527302776556,32.1672727272727,41.5381818181818,26.2945454545455,3.7,32.5672727272727,2.63636363636364,29.3709090909091,2.78727272727273,28.9381818181818,-1.93528827455911,4.43393650705164,0.835509090909091,0.868563636363636,0.834727272727273
79267,44476,34791,0.668732338282216,0.705417886989076,0.649786939992456,32.1963636363636,41.58,26.2236363636364,3.65272727272727,32.6345454545455,2.60727272727273,29.3563636363636,2.72181818181818,29.0272727272727,-1.90633974237876,4.43535023385828,0.835509090909091,0.868563636363636,0.834727272727273
79716,44841,34875,0.667963458726868,0.704983410308143,0.64847833475622,32.2509090909091,41.6036363636364,26.1454545454545,3.63272727272727,32.6781818181818,2.54363636363636,29.3890909090909,2.64909090909091,29.1072727272727,-1.88358001167124,4.42101490497589,0.835509090909091,0.868563636363636,0.834727272727273
80218,45192,35026,0.667384505570838,0.704145187130043,0.647537770586349,32.3236363636364,41.6272727272727,26.0490909090909,3.59090909090909,32.7454545454545,2.48363636363636,29.3945454545455,2.58727272727273,29.1981818181818,-1.8613974598321,4.43789081031626,0.835509090909091,0.868563636363636,0.834727272727273
80626,45486,35140,0.666357448022682,0.702668154756528,0.64670931355307,32.3890909090909,41.6581818181818,25.9527272727273,3.55818181818182,32.8054545454545,2.44545454545455,29.4109090909091,2.48363636363636,29.2963636363636,-1.84139686714519,4.43821676644412,0.835509090909091,0.868563636363636,0.834727272727273
81027,45774,35253,0.665455838654748,0.701801066442521,0.645860627892005,32.4236363636364,41.7181818181818,25.8581818181818,3.52181818181818,32.8945454545455,2.38545454545455,29.3781818181818,2.45818181818182,29.3618181818182,-1.82424500313672,4.44156154177406,0.835509090909091,0.868563636363636,0.834727272727273
81464,46127,35337,0.66447822494407,0.700883040136611,0.644764236729923,32.4563636363636,41.8127272727273,25.7309090909091,3.48727272727273,32.98,2.33818181818182,29.3327272727273,2.39636363636364,29.4654545454545,-1.79598941423676,4.43148666295138,0.835509090909091,0.868563636363636,0.834727272727273
81901,46449,35452,0.663770486274433,0.699998434446615,0.643691075881943,32.5254545454545,41.8345454545455,25.64,3.44727272727273,33.0654545454545,2.29636363636364,29.2727272727273,2.40545454545455,29.5127272727273,-1.77548327364705,4.44521366249431,0.835509090909091,0.868563636363636,0.834727272727273
82255,46783,35472,0.662983246784963,0.69915347527174,0.642500289997972,32.5636363636364,41.8854545454545,25.5509090909091,3.41272727272727,33.1236363636364,2.28909090909091,29.1981818181818,2.38909090909091,29.5872727272727,-1.75286416221749,4.42326568906958,0.835509090909091,0.868563636363636,0.834727272727273
82669,47110,35559,0.662135767790736,0.698168155133816,0.641532304825046,32.6145454545455,41.9381818181818,25.4472727272727,3.36545454545455,33.2054545454545,2.24,29.1763636363636,2.36363636363636,29.6490909090909,-1.73084552260962,4.41279567371715,0.835509090909091,0.868563636363636,0.834727272727273
83130,47414,35716,0.660898124160972,0.696739778541803,0.64064273617292,32.6727272727273,41.9527272727273,25.3745454545455,3.31454545454545,33.28,2.21272727272727,29.1454545454545,2.30545454545455,29.7418181818182,-1.70969584719701,4.4209395181049,0.835509090909091,0.868563636363636,0.834727272727273
83537,47697,35840,0.659774660509855,0.695853946143369,0.63939039700596,32.7545454545455,41.9272727272727,25.3181818181818,3.27454545454545,33.3581818181818,2.16181818181818,29.1290909090909,2.21636363636364,29.86,-1.69168406941674,4.4175379037857,0.835509090909091,0.868563636363636,0.834727272727273
84094,48124,35970,0.658748602798256,0.694911167631973,0.63822374264647,32.8072727272727,41.9763636363636,25.2163636363636,3.23272727272727,33.4436363636364,2.08909090909091,29.1090909090909,2.19454545454545,29.9309090909091,-1.65850874375213,4.41507448716597,0.835509090909091,0.868563636363636,0.834727272727273
84439,48465,35974,0.65802345015758,0.693993073731481,0.636758520852199,32.9054545454545,41.9672727272727,25.1272727272727,3.2,33.5072727272727,2.02,29.1218181818182,2.12363636363636,30.0272727272727,-1.63299878429283,4.36613077250394,0.835509090909091,0.868563636363636,0.834727272727273
84704,48862,35842,0.657085336160089,0.692591482189419,0.635528793148714,32.9490909090909,42.0072727272727,25.0436363636364,3.17090909090909,33.5636363636364,1.97272727272727,29.0945454545455,2.09454545454545,30.1036363636364,-1.60395713313059,4.29903083822944,0.835509090909091,0.868563636363636,0.834727272727273
85082,49197,35885,0.65636820889099,0.691788431125592,0.633964018141061,33.0454545454545,42.0163636363636,24.9381818181818,3.13818181818182,33.5890909090909,1.99090909090909,29.0581818181818,2.04,30.1836363636364,-1.57980197695169,4.28445190841501,0.835509090909091,0.868563636363636,0.834727272727273
85393,49575,35818,0.655141782253408,0.690845158490666,0.633091481346988,33.0927272727273,42.0581818181818,24.8490909090909,3.11272727272727,33.6436363636364,1.97636363636364,28.9709090909091,2.04363636363636,30.2527272727273,-1.54926127981056,4.24397560899908,0.835509090909091,0.868563636363636,0.834727272727273
85969,49966,36003,0.654485190211563,0.689406515883011,0.632133136908217,33.24,41.9581818181818,24.8018181818182,3.07272727272727,33.6945454545455,1.96181818181818,28.9345454545455,1.99818181818182,30.3381818181818,-1.51653003611348,4.2633180455728,0.835509090909091,0.868563636363636,0.834727272727273
86484,50262,36222,0.653656700374497,0.688316670413169,0.631431109083206,33.3236363636364,41.9690909090909,24.7072727272727,3.04545454545455,33.76,1.87454545454545,28.9381818181818,1.98,30.4018181818182,-1.49394191232595,4.2953707207333,0.835509090909091,0.868563636363636,0.834727272727273
87015,50589,36426,0.652633206109124,0.687634885293966,0.630349749574715,33.4272727272727,41.9654545454545,24.6072727272727,3.00909090909091,33.8254545454545,1.82,28.9381818181818,1.92727272727273,30.48,-1.4691586936062,4.32884876511314,0.835509090909091,0.868563636363636,0.834727272727273
87630,50958,36672,0.651885640073466,0.686921197137353,0.628963720848033,33.5472727272727,41.9636363636364,24.4890909090909,2.98909090909091,33.8690909090909,1.75272727272727,28.9290909090909,1.85818181818182,30.6018181818182,-1.43692205358635,4.37398673621091,0.835509090909091,0.868563636363636,0.834727272727273
88128,51305,36823,0.651183745222169,0.686001024355865,0.628366426799244,33.6490909090909,41.9490909090909,24.4018181818182,2.95636363636364,33.9145454545455,1.70909090909091,28.9181818181818,1.81818181818182,30.6836363636364,-1.40994901196523,4.38368380503221,0.835509090909091,0.868563636363636,0.834727272727273
88570,51626,36944,0.650589794990331,0.685013745028561,0.627121837829959,33.8127272727273,41.9145454545455,24.2727272727273,2.92,33.9527272727273,1.66909090909091,28.8945454545455,1.78727272727273,30.7763636363636,-1.38406171270392,4.38254215392199,0.835509090909091,0.868563636363636,0.834727272727273
89120,51972,37148,0.650083423088626,0.683904853858465,0.626009382339212,33.9072727272727,41.8927272727273,24.2,2.89454545454545,33.98,1.64727272727273,28.8890909090909,1.72545454545455,30.8636363636364,-1.35657476227392,4.40872607881373,0.835509090909091,0.868563636363636,0.834727272727273
89522,52270,37252,0.649219954632562,0.683369959912737,0.625247473477952,34.0090909090909,41.8654545454545,24.1254545454545,2.86909090909091,34.02,1.61818181818182,28.88,1.69090909090909,30.9218181818182,-1.3361910009926,4.40064441724257,0.835509090909091,0.868563636363636,0.834727272727273
89827,52576,37251,0.64847969878981,0.682224642880269,0.624480808257692,34.1090909090909,41.8272727272727,24.0636363636364,2.85454545454545,34.0436363636364,1.63818181818182,28.7872727272727,1.68363636363636,30.9927272727273,-1.31311216178265,4.36854945746335,0.835509090909091,0.868563636363636,0.834727272727273
90065,52884,37181,0.647469240573867,0.681399147979205,0.623195396321432,34.2018181818182,41.8381818181818,23.96,2.81636363636364,34.12,1.64545454545455,28.7018181818182,1.66727272727273,31.0490909090909,-1.29437437125228,4.31169458302585,0.835509090909091,0.868563636363636,0.834727272727273
90507,53213,37294,0.646763395594224,0.680454141233203,0.622143679181691,34.2509090909091,41.8818181818182,23.8672727272727,2.78363636363636,34.1890909090909,1.60181818181818,28.6636363636364,1.60727272727273,31.1545454545455,-1.26585898047144,4.3041647976095,0.835509090909091,0.868563636363636,0.834727272727273
91200,53512,37688,0.64616523664882,0.67961899823973,0.621398611240945,34.3490909090909,41.8381818181818,23.8127272727273,2.76,34.2381818181818,1.56,28.6472727272727,1.54363636363636,31.2509090909091,-1.24324148994955,4.39287263913588,0.835509090909091,0.868563636363636,0.834727272727273
91589,53810,37779,0.645457010350146,0.678361108190182,0.620201391019898,34.4854545454545,41.7818181818182,23.7327272727273,2.70909090909091,34.3145454545455,1.50727272727273,28.64,1.50909090909091,31.32,-1.21701861186461,4.37292033108798,0.835509090909091,0.868563636363636,0.834727272727273
91930,54101,37829,0.644697860225907,0.677243654880476,0.619067326794306,34.5909090909091,41.7636363636364,23.6454545454545,2.67636363636364,34.3690909090909,1.49090909090909,28.5890909090909,1.47272727272727,31.4018181818182,-1.19229830625382,4.35373246886513,0.835509090909091,0.868563636363636,0.834727272727273
92361,54386,37975,0.644054054181383,0.676327399622992,0.61862445523994,34.6636363636364,41.7636363636364,23.5727272727273,2.62727272727273,34.4563636363636,1.45818181818182,28.5290909090909,1.45818181818182,31.4709090909091,-1.17084700485522,4.36373990449038,0.835509090909091,0.868563636363636,0.834727272727273
92681,54674,38007,0.643212080191553,0.675100765167784,0.617864558045819,34.7709090909091,41.7327272727273,23.4963636363636,2.59454545454545,34.5036363636364,1.44545454545455,28.46,1.46,31.5363636363636,-1.14705480465835,4.34694349007173,0.835509090909091,0.868563636363636,0.834727272727273
93152,55003,38149,0.642997376543837,0.673883242312476,0.616704408204829,34.86,41.7490909090909,23.3909090909091,2.57636363636364,34.5454545454545,1.41636363636364,28.4381818181818,1.39454545454545,31.6290909090909,-1.11948544532061,4.34597670056603,0.835509090909091,0.868563636363636,0.834727272727273
93696,55316,38380,0.642255621728156,0.67284808738646,0.616411359680123,34.9272727272727,41.7145454545455,23.3581818181818,2.54727272727273,34.6127272727273,1.35636363636364,28.3927272727273,1.40909090909091,31.6818181818182,-1.0918528392911,4.37720539353111,0.835509090909091,0.868563636363636,0.834727272727273
94100,55622,38478,0.641592558976617,0.671845297703123,0.615606064327656,35.0218181818182,41.7,23.2781818181818,2.52363636363636,34.6527272727273,1.35636363636364,28.3454545454545,1.36363636363636,31.7581818181818,-1.06668735756115,4.36874696558172,0.835509090909091,0.868563636363636,0.834727272727273
94485,55876,38609,0.641112907197607,0.670680212956235,0.61497288366119,35.1254545454545,41.6345454545455,23.24,2.49090909090909,34.7509090909091,1.27636363636364,28.2909090909091,1.35636363636364,31.8345454545455,-1.04512915137139,4.3636075312441,0.835509090909091,0.868563636363636,0.834727272727273
94925,56128,38797,0.64061144969499,0.670073459298027,0.614050547619951,35.1781818181818,41.6763636363636,23.1454545454545,2.45090909090909,34.7945454545455,1.26545454545455,28.2654545454545,1.28,31.9436363636364,-1.02357632937756,4.38487662835555,0.835509090909091,0.868563636363636,0.834727272727273
95208,56420,38788,0.640256313304835,0.668658751512996,0.613056723809479,35.3018181818182,41.5927272727273,23.1054545454545,2.42363636363636,34.8236363636364,1.24,28.2145454545455,1.27636363636364,32.0218181818182,-1.00074683631008,4.34219893325459,0.835509090909091,0.868563636363636,0.834727272727273
95609,56653,38956,0.639876461110117,0.668252484534034,0.611828483660662,35.3763636363636,41.6036363636364,23.02,2.39818181818182,34.8781818181818,1.20545454545455,28.1581818181818,1.27272727272727,32.0872727272727,-0.982385535673662,4.34629458189011,0.835509090909091,0.868563636363636,0.834727272727273
96162,56936,39226,0.639920650738083,0.667556585900925,0.611210940851244,35.4690909090909,41.58,22.9509090909091,2.34,34.9272727272727,1.20909090909091,28.1090909090909,1.22181818181818,32.1927272727273,-0.957453011856838,4.38802983327345,0.835509090909091,0.868563636363636,0.834727272727273
96394,57153,39241,0.639563102676635,0.667044682429636,0.61042537395484,35.5345454545455,41.58,22.8854545454545,2.30545454545455,34.9763636363636,1.21272727272727,28.0218181818182,1.20363636363636,32.28,-0.938858597116037,4.35276361487128,0.835509090909091,0.868563636363636,0.834727272727273
96780,57424,39356,0.639265402714112,0.66626225272816,0.609582385114614,35.6290909090909,41.5545454545455,22.8163636363636,2.28545454545455,35.0109090909091,1.20363636363636,27.9690909090909,1.15818181818182,32.3727272727273,-0.917042780870741,4.34725982275876,0.835509090909091,0.868563636363636,0.834727272727273
97007,57618,39389,0.639214088208001,0.664948023948569,0.608822205195213,35.6945454545455,41.54,22.7654545454545,2.24909090909091,35.0527272727273,1.23454545454545,27.8618181818182,1.15090909090909,32.4509090909091,-0.903533837944269,4.3350185025822,0.835509090909091,0.868563636363636,0.834727272727273
97322,57831,39491,0.638581783833086,0.66374566408818,0.607979261018899,35.7545454545455,41.5327272727273,22.7127272727273,2.21818181818182,35.1181818181818,1.19818181818182,27.8218181818182,1.10363636363636,32.54,-0.884368206899275,4.3246136806228,0.835509090909091,0.868563636363636,0.834727272727273
97532,58058,39474,0.638091140016893,0.662758437199772,0.607375445398218,35.8472727272727,41.5090909090909,22.6436363636364,2.17818181818182,35.1890909090909,1.16727272727273,27.7836363636364,1.08,32.6018181818182,-0.863287485831163,4.28081922422756,0.835509090909091,0.868563636363636,0.834727272727273
97844,58259,39585,0.63729819341285,0.662181432263749,0.606558266790703,35.8763636363636,41.5381818181818,22.5854545454545,2.15090909090909,35.2581818181818,1.12,27.6527272727273,1.11272727272727,32.7054545454545,-0.845351292328401,4.27201877940785,0.835509090909091,0.868563636363636,0.834727272727273
98411,58526,39885,0.636512815567746,0.66209060413693,0.605610040034117,35.9163636363636,41.5545454545455,22.5290909090909,2.12,35.3381818181818,1.04181818181818,27.6218181818182,1.08727272727273,32.7909090909091,-0.821378442712805,4.3047032605518,0.835509090909091,0.868563636363636,0.834727272727273
98728,58731,39997,0.636043955337468,0.661180945784416,0.605187922833988,35.9890909090909,41.5527272727273,22.4581818181818,2.09818181818182,35.4109090909091,1.01636363636364,27.5563636363636,1.03454545454545,32.8836363636364,-0.802987192367966,4.29756310853091,0.835509090909091,0.868563636363636,0.834727272727273
99076,58953,40123,0.635639781881446,0.660392517150113,0.604167260178368,36.0363636363636,41.56,22.4036363636364,2.06727272727273,35.4854545454545,1.02181818181818,27.4327272727273,0.994545454545454,32.9981818181818,-0.782433931715786,4.29181897531856,0.835509090909091,0.868563636363636,0.834727272727273
99248,59115,40133,0.634808939236222,0.659641648382353,0.603477694902438,36.04,41.5872727272727,22.3727272727273,2.03090909090909,35.5818181818182,0.983636363636364,27.3418181818182,1.00727272727273,33.0545454545455,-0.768781722032211,4.2453362215649,0.835509090909091,0.868563636363636,0.834727272727273
99504,59304,40200,0.634483648483014,0.658243507720265,0.602788181001312,36.1018181818182,41.5581818181818,22.34,2.00727272727273,35.6709090909091,0.943636363636364,27.2527272727273,0.961818181818182,33.1636363636364,-0.752258056012744,4.22046829787168,0.835509090909091,0.868563636363636,0.834727272727273
100024,59552,40472,0.634251599541205,0.65766463903933,0.602352216077912,36.1309090909091,41.5818181818182,22.2872727272727,1.98363636363636,35.7563636363636,0.923636363636364,27.1381818181818,0.934545454545455,33.2636363636364,-0.728729489327154,4.25288989543915,0.835509090909091,0.868563636363636,0.834727272727273
100172,59729,40443,0.63367070521899,0.657008031791892,0.601688388384574,36.1672727272727,41.5763636363636,22.2563636363636,1.96181818181818,35.8218181818182,0.88,27.0363636363636,0.938181818181818,33.3618181818182,-0.714662135104564,4.20997296029871,0.835509090909091,0.868563636363636,0.834727272727273
100471,59936,40535,0.633233179250828,0.656636377826268,0.601030683159512,36.2163636363636,41.58,22.2036363636364,1.93636363636364,35.8854545454545,0.878181818181818,26.9090909090909,0.929090909090909,33.4618181818182,-0.698948777162216,4.20473501682281,0.835509090909091,0.868563636363636,0.834727272727273
100746,60083,40663,0.632861807632166,0.656417010447221,0.600192217258989,36.2509090909091,41.6145454545455,22.1345454545455,1.90909090909091,35.9563636363636,0.865454545454545,26.8109090909091,0.892727272727273,33.5654545454545,-0.685749884373085,4.17523742697456,0.835509090909091,0.868563636363636,0.834727272727273
100955,60270,40685,0.632411618714607,0.655666378230718,0.599439935444994,36.2945454545455,41.5945454545455,22.1109090909091,1.86909090909091,36.0709090909091,0.809090909090909,26.6836363636364,0.9,33.6672727272727,-0.670001086711206,4.14946249398318,0.835509090909091,0.868563636363636,0.834727272727273
101215,60453,40762,0.632136363941439,0.655492905040377,0.598634305929773,36.3363636363636,41.6109090909091,22.0527272727273,1.83454545454545,36.1654545454545,0.763636363636364,26.58,0.896363636363636,33.76,-0.656838056462055,4.11575976610184,0.835509090909091,0.868563636363636,0.834727272727273
101526,60624,40902,0.632016554121299,0.654870143999348,0.598227419980439,36.3781818181818,41.6181818181818,22.0036363636364,1.8,36.2709090909091,0.738181818181818,26.4709090909091,0.865454545454545,33.8545454545455,-0.644753939675337,4.10952038114721,0.835509090909091,0.868563636363636,0.834727272727273
101694,60775,40919,0.631570294732926,0.654242940638981,0.597263245720787,36.3854545454545,41.66,21.9545454545455,1.76181818181818,36.3254545454545,0.743636363636364,26.3672727272727,0.834545454545455,33.9672727272727,-0.63370206201957,4.05408888079903,0.835509090909091,0.868563636363636,0.834727272727273
101755,60907,40848,0.631144943415455,0.653154987758046,0.596391253919649,36.4345454545455,41.6418181818182,21.9236363636364,1.74,36.3927272727273,0.752727272727273,26.2236363636364,0.816363636363636,34.0745454545455,-0.620958026058295,3.99418944933198,0.835509090909091,0.868563636363636,0.834727272727273
102020,61065,40955,0.630995020946687,0.652751351872999,0.595929486894661,36.4545454545455,41.6545454545455,21.8909090909091,1.70545454545455,36.4490909090909,0.776363636363636,26.0836363636364,0.801818181818182,34.1836363636364,-0.609502994065935,3.97789080739021,0.835509090909091,0.868563636363636,0.834727272727273
102184,61206,40978,0.630490025414306,0.652066324831532,0.595332737521742,36.4963636363636,41.6509090909091,21.8527272727273,1.67090909090909,36.5272727272727,0.763636363636364,25.9363636363636,0.810909090909091,34.2909090909091,-0.597238058410585,3.95050717375495,0.835509090909091,0.868563636363636,0.834727272727273
102385,61343,41042,0.630031208644534,0.651748950408173,0.594504827269246,36.5054545454545,41.7018181818182,21.7927272727273,1.64727272727273,36.6309090909091,0.741818181818182,25.8181818181818,0.78,34.3818181818182,-0.587979008189657,3.93712054870345,0.835509090909091,0.868563636363636,0.834727272727273
102735,61471,41264,0.629739972294002,0.651559267110036,0.594143225565161,36.5418181818182,41.6854545454545,21.7727272727273,1.62181818181818,36.7109090909091,0.723636363636364,25.6945454545455,0.756363636363636,34.4927272727273,-0.57766146956181,3.93767713416706,0.835509090909091,0.868563636363636,0.834727272727273
102979,61598,41381,0.629546776161386,0.650966339741587,0.593641032193607,36.5672727272727,41.6945454545455,21.7381818181818,1.59090909090909,36.7909090909091,0.678181818181818,25.6090909090909,0.752727272727273,34.5781818181818,-0.568242795291272,3.92220668359236,0.835509090909091,0.868563636363636,0.834727272727273
103243,61733,41510,0.629499082133343,0.650163136315085,0.593329710012143,36.6109090909091,41.6763636363636,21.7127272727273,1.56727272727273,36.8418181818182,0.669090909090909,25.5109090909091,0.712727272727273,34.6981818181818,-0.554465117661113,3.91765141974796,0.835509090909091,0.868563636363636,0.834727272727273
103353,61857,41496,0.629328748496394,0.649374603660591,0.592651333280846,36.6418181818182,41.6909090909091,21.6672727272727,1.54909090909091,36.94,0.647272727272727,25.3381818181818,0.723636363636364,34.8018181818182,-0.543319997208362,3.86159066016024,0.835509090909091,0.868563636363636,0.834727272727273
103480,61955,41525,0.629153454443651,0.648892889532372,0.591735176366851,36.6436363636364,41.7145454545455,21.6418181818182,1.52909090909091,37.0418181818182,0.614545454545455,25.1909090909091,0.716363636363636,34.9072727272727,-0.534762621349232,3.82579931725155,0.835509090909091,0.868563636363636,0.834727272727273
103507,62050,41457,0.628930117453182,0.648330982389095,0.591233617999909,36.66,41.7236363636364,21.6163636363636,1.50363636363636,37.1218181818182,0.630909090909091,25.02,0.705454545454545,35.0181818181818,-0.528315126768906,3.76575908877633,0.835509090909091,0.868563636363636,0.834727272727273
103620,62146,41474,0.628804327575528,0.647773882877202,0.590782064132734,36.6727272727273,41.7345454545455,21.5927272727273,1.49272727272727,37.1890909090909,0.609090909090909,24.9236363636364,0.652727272727273,35.1327272727273,-0.520461492917754,3.7413125926798,0.835509090909091,0.868563636363636,0.834727272727273
103868,62227,41641,0.628715500017291,0.647823604348551,0.590407103196791,36.6690909090909,41.7527272727273,21.5781818181818,1.46363636363636,37.3218181818182,0.58,24.7618181818182,0.663636363636364,35.2090909090909,-0.513902975212444,3.73652664910663,0.835509090909091,0.868563636363636,0.834727272727273
104173,62311,41862,0.628582535833132,0.647467929476582,0.590206891212744,36.6818181818182,41.7672727272727,21.5509090909091,1.43636363636364,37.4145454545455,0.523636363636364,24.6654545454545,0.678181818181818,35.2818181818182,-0.507950917902318,3.74856719537215,0.835509090909091,0.868563636363636,0.834727272727273
104323,62382,41941,0.628405517789301,0.647517726578952,0.589715686912496,36.6727272727273,41.7818181818182,21.5454545454545,1.42545454545455,37.4545454545455,0.514545454545455,24.5763636363636,0.638181818181818,35.3909090909091,-0.501671706004576,3.72636411298405,0.835509090909091,0.868563636363636,0.834727272727273
104249,62425,41824,0.627995336138362,0.646896153601508,0.589180840553149,36.6636363636364,41.8,21.5363636363636,1.4,37.5272727272727,0.501818181818182,24.5018181818182,0.607272727272727,35.4618181818182,-0.497031247615814,3.6689992221919,0.835509090909091,0.868563636363636,0.834727272727273
104375,62487,41888,0.627874483205463,0.646898829563738,0.588867993875634,36.6563636363636,41.8127272727273,21.5309090909091,1.38545454545455,37.5745454545455,0.492727272727273,24.3927272727273,0.603636363636364,35.5509090909091,-0.492192625051195,3.65058204260739,0.835509090909091,0.868563636363636,0.834727272727273
104554,62548,42006,0.627549564934851,0.646824739006937,0.588284681974397,36.6563636363636,41.8381818181818,21.5054545454545,1.36909090909091,37.6381818181818,0.467272727272727,24.2709090909091,0.594545454545455,35.66,-0.486231289871714,3.66637553464283,0.835509090909091,0.868563636363636,0.834727272727273
104779,62624,42155,0.627446107278626,0.646754150540389,0.588283762586453,36.6509090909091,41.8745454545455,21.4745454545455,1.35454545454545,37.6854545454545,0.476363636363636,24.1527272727273,0.572727272727273,35.7581818181818,-0.480852226167917,3.65751943534071,0.835509090909091,0.868563636363636,0.834727272727273
105025,62689,42336,0.627228090024003,0.646726926686627,0.588149410056247,36.6472727272727,41.9018181818182,21.4509090909091,1.33090909090909,37.7490909090909,0.476363636363636,24.0563636363636,0.549090909090909,35.8381818181818,-0.475469802252271,3.66798195893114,0.835509090909091,0.868563636363636,0.834727272727273
105174,62763,42411,0.627068864085906,0.646633342601618,0.587886719661286,36.6563636363636,41.9236363636364,21.42,1.31272727272727,37.8181818181818,0.467272727272727,23.9072727272727,0.578181818181818,35.9163636363636,-0.470121162774211,3.65820050835609,0.835509090909091,0.868563636363636,0.834727272727273
105247,62824,42423,0.62711472009915,0.64634995905783,0.587564154379917,36.6709090909091,41.9363636363636,21.3927272727273,1.29818181818182,37.8381818181818,0.481818181818182,23.7818181818182,0.572727272727273,36.0272727272727,-0.46579586438496,3.61521950418299,0.835509090909091,0.868563636363636,0.834727272727273
105300,62864,42436,0.626916987909921,0.646287325147551,0.587216990367693,36.6581818181818,41.9854545454545,21.3563636363636,1.28545454545455,37.8672727272727,0.487272727272727,23.7018181818182,0.525454545454546,36.1327272727273,-0.46320580447262,3.58810967857187,0.835509090909091,0.868563636363636,0.834727272727273
105415,62934,42481,0.626780688634614,0.646124644784616,0.586993230375001,36.6818181818182,41.9745454545455,21.3436363636364,1.26181818181818,37.9290909090909,0.474545454545455,23.5945454545455,0.510909090909091,36.2290909090909,-0.45719155780971,3.5805086016655,0.835509090909091,0.868563636363636,0.834727272727273
105525,62978,42547,0.626696400341103,0.645872980144563,0.58683768086158,36.7,41.9727272727273,21.3272727272727,1.24909090909091,37.9527272727273,0.481818181818182,23.5127272727273,0.490909090909091,36.3127272727273,-0.454010524295948,3.5580873364752,0.835509090909091,0.868563636363636,0.834727272727273
105738,63025,42713,0.62662882483398,0.645754412606123,0.586693890018408,36.7018181818182,41.9872727272727,21.3109090909091,1.24,38.0109090909091,0.434545454545455,23.4145454545455,0.510909090909091,36.3890909090909,-0.449313008361919,3.57016146562316,0.835509090909091,0.868563636363636,0.834727272727273
105773,63063,42710,0.626565978599443,0.645365586728228,0.586456004091424,36.7090909090909,41.9763636363636,21.3145454545455,1.22181818181818,38.0490909090909,0.421818181818182,23.3418181818182,0.481818181818182,36.4836363636364,-0.446743621355431,3.53796525055712,0.835509090909091,0.868563636363636,0.834727272727273
105932,63117,42815,0.626533354085188,0.645116097768341,0.586458271069974,36.7236363636364,41.9709090909091,21.3054545454545,1.20363636363636,38.1,0.416363636363636,23.2545454545455,0.463636363636364,36.5618181818182,-0.441369788365608,3.52585166584362,0.835509090909091,0.868563636363636,0.834727272727273
106013,63150,42863,0.626207395057513,0.645235695122657,0.586251178056107,36.7236363636364,41.9781818181818,21.2981818181818,1.19454545454545,38.1090909090909,0.429090909090909,23.1672727272727,0.461818181818182,36.6381818181818,-0.437553552199494,3.49708000963384,0.835509090909091,0.868563636363636,0.834727272727273
106022,63171,42851,0.626076580297271,0.644994917264819,0.585932216016622,36.7290909090909,41.9945454545455,21.2763636363636,1.18363636363636,38.1418181818182,0.385454545454545,23.0945454545455,0.441818181818182,36.7527272727273,-0.437267008373006,3.47252164645628,0.835509090909091,0.868563636363636,0.834727272727273
106113,63207,42906,0.625962778553824,0.644699277398436,0.585866103856968,36.7363636363636,41.9890909090909,21.2745454545455,1.17272727272727,38.1781818181818,0.387272727272727,23.0090909090909,0.418181818181818,36.8345454545455,-0.432859820262952,3.44375547739592,0.835509090909091,0.868563636363636,0.834727272727273
106317,63272,43045,0.625926336122529,0.644798509123307,0.585682036133762,36.7418181818182,41.9909090909091,21.2672727272727,1.15818181818182,38.2109090909091,0.405454545454546,22.8763636363636,0.425454545454545,36.9236363636364,-0.428427867828445,3.45166515030644,0.835509090909091,0.868563636363636,0.834727272727273
106435,63303,43132,0.625787549454421,0.644626967314585,0.585607187381454,36.7363636363636,42,21.2636363636364,1.15090909090909,38.2509090909091,0.4,22.7654545454545,0.410909090909091,37.0218181818182,-0.427573914944448,3.43684239387512,0.835509090909091,0.868563636363636,0.834727272727273
106545,63351,43194,0.625738198258155,0.64448643822625,0.585362786554571,36.7454545454545,42.0072727272727,21.2472727272727,1.13454545454545,38.2636363636364,0.392727272727273,22.7072727272727,0.378181818181818,37.1236363636364,-0.4253194632686,3.41284069689837,0.835509090909091,0.868563636363636,0.834727272727273
106710,63389,43321,0.625584215095233,0.644415795908254,0.585348481409881,36.7381818181818,42.0218181818182,21.24,1.12181818181818,38.32,0.316363636363636,22.6327272727273,0.409090909090909,37.2,-0.423524835214696,3.41929288750345,0.835509090909091,0.868563636363636,0.834727272727273
106712,63434,43278,0.625372003727836,0.644295831840397,0.585173281441141,36.7090909090909,42.0581818181818,21.2327272727273,1.11272727272727,38.3218181818182,0.343636363636364,22.5654545454545,0.396363636363636,37.26,-0.419420520131561,3.38146887882189,0.835509090909091,0.868563636363636,0.834727272727273
106772,63462,43310,0.625321752908967,0.644101702762975,0.585093618211706,36.7163636363636,42.0545454545455,21.2290909090909,1.10727272727273,38.3509090909091,0.345454545454545,22.4781818181818,0.381818181818182,37.3363636363636,-0.416972038894892,3.36258593120358,0.835509090909091,0.868563636363636,0.834727272727273
106849,63491,43358,0.625305068212185,0.643953671630115,0.584944759766916,36.7109090909091,42.0709090909091,21.2181818181818,1.08909090909091,38.3763636363636,0.325454545454545,22.42,0.392727272727273,37.3963636363636,-0.415298343669962,3.33757349279794,0.835509090909091,0.868563636363636,0.834727272727273
106895,63526,43369,0.625245208129819,0.64372473488151,0.584900039695099,36.7145454545455,42.0654545454545,21.22,1.08363636363636,38.3690909090909,0.336363636363636,22.3563636363636,0.372727272727273,37.4818181818182,-0.412778943048959,3.31305994608186,0.835509090909091,0.868563636363636,0.834727272727273
106904,63566,43338,0.624994045309151,0.643501372571738,0.584744720184143,36.7054545454545,42.0781818181818,21.2163636363636,1.08,38.3963636363636,0.343636363636364,22.2527272727273,0.361818181818182,37.5654545454545,-0.40952290201729,3.28783417858861,0.835509090909091,0.868563636363636,0.834727272727273
106961,63594,43367,0.624959813232281,0.643281939875011,0.584530743257028,36.6854545454545,42.0963636363636,21.2181818181818,1.07636363636364,38.4,0.330909090909091,22.2272727272727,0.338181818181818,37.6272727272727,-0.407325846227733,3.25783769163218,0.835509090909091,0.868563636363636,0.834727272727273
107073,63638,43435,0.62484415716458,0.643086172558967,0.584488011719695,36.6763636363636,42.1109090909091,21.2127272727273,1.06727272727273,38.4109090909091,0.316363636363636,22.2,0.34,37.6654545454545,-0.404051877998493,3.25132054009221,0.835509090909091,0.868563636363636,0.834727272727273
106971,63680,43291,0.624670559706971,0.642735339801769,0.58401361236461,36.6745454545455,42.1218181818182,21.2036363636364,1.06181818181818,38.4163636363636,0.329090909090909,22.1454545454545,0.318181818181818,37.7290909090909,-0.400478507409042,3.19313686002385,0.835509090909091,0.868563636363636,0.834727272727273
106995,63703,43292,0.624610291257192,0.642609803216365,0.58364854611446,36.6745454545455,42.1490909090909,21.1763636363636,1.05454545454545,38.4581818181818,0.3,22.0945454545455,0.305454545454545,37.7872727272727,-0.398496150479398,3.16326050866734,0.835509090909091,0.868563636363636,0.834727272727273
107028,63729,43299,0.624584663687118,0.642596625277438,0.583536098376604,36.6563636363636,42.1636363636364,21.18,1.04545454545455,38.4709090909091,0.323636363636364,21.9909090909091,0.343636363636364,37.8254545454545,-0.396398211473768,3.14854138303887,0.835509090909091,0.868563636363636,0.834727272727273
107184,63763,43421,0.62444419784001,0.642296169630768,0.583816328903447,36.6490909090909,42.1636363636364,21.1872727272727,1.04,38.4945454545455,0.34,21.9181818181818,0.318181818181818,37.8890909090909,-0.393216257305308,3.15311123918403,0.835509090909091,0.868563636363636,0.834727272727273
107266,63795,43471,0.624355617947634,0.642022917327202,0.583878257057348,36.6490909090909,42.1709090909091,21.18,1.02727272727273,38.5527272727273,0.332727272727273,21.8490909090909,0.309090909090909,37.9290909090909,-0.390957701477137,3.14374435083433,0.835509090909091,0.868563636363636,0.834727272727273
106876,63808,43068,0.62375815145166,0.641964207965348,0.583642233497588,36.6436363636364,42.1890909090909,21.1672727272727,1.01818181818182,38.5927272727273,0.316363636363636,21.7545454545455,0.334545454545455,37.9836363636364,-0.389102817783979,3.03179510046135,0.835509090909091,0.868563636363636,0.834727272727273
106929,63835,43094,0.623544559649644,0.641595022322404,0.583400280637415,36.6381818181818,42.2054545454545,21.1563636363636,1.00363636363636,38.64,0.307272727272727,21.6872727272727,0.298181818181818,38.0636363636364,-0.385661195574159,3.02164425822822,0.835509090909091,0.868563636363636,0.834727272727273
106988,63869,43119,0.623395722393496,0.641416678391203,0.583276816437393,36.6272727272727,42.2254545454545,21.1472727272727,0.994545454545454,38.6563636363636,0.332727272727273,21.6109090909091,0.290909090909091,38.1145454545455,-0.382630578157577,3.0038349669088,0.835509090909091,0.868563636363636,0.834727272727273
107044,63885,43159,0.623249978476057,0.641479559065411,0.583122614643524,36.6054545454545,42.2545454545455,21.14,0.987272727272727,38.6890909090909,0.327272727272727,21.5563636363636,0.289090909090909,38.1509090909091,-0.3806144119833,2.99089135392146,0.835509090909091,0.868563636363636,0.834727272727273
107170,63941,43229,0.623393596963727,0.641343278361457,0.582947734287166,36.5927272727273,42.2690909090909,21.1381818181818,0.985454545454546,38.7290909090909,0.298181818181818,21.4836363636364,0.330909090909091,38.1727272727273,-0.375724451819604,2.98278838423165,0.835509090909091,0.868563636363636,0.834727272727273
107372,63961,43411,0.62342393847609,0.640901786243245,0.583021344580149,36.6036363636364,42.2563636363636,21.14,0.983636363636364,38.7509090909091,0.258181818181818,21.4636363636364,0.294545454545454,38.2490909090909,-0.372801417874342,2.99624809216369,0.835509090909091,0.868563636363636,0.834727272727273
107437,63989,43448,0.623437997624883,0.640693807362091,0.583048090054956,36.5945454545455,42.2636363636364,21.1418181818182,0.98,38.7581818181818,0.258181818181818,21.3818181818182,0.3,38.3218181818182,-0.369343819977208,2.98910118585283,0.835509090909091,0.868563636363636,0.834727272727273
107421,64015,43406,0.623375053978248,0.64039342031904,0.583002593141336,36.5854545454546,42.2781818181818,21.1363636363636,0.98,38.7709090909091,0.243636363636364,21.3381818181818,0.301818181818182,38.3654545454545,-0.367872272059321,2.95667733143676,0.835509090909091,0.868563636363636,0.834727272727273
107495,64042,43453,0.623186487253535,0.640371005790427,0.583144016829055,36.5672727272727,42.3,21.1327272727273,0.970909090909091,38.76,0.269090909090909,21.2727272727273,0.281818181818182,38.4454545454546,-0.365594498017295,2.94940439923243,0.835509090909091,0.868563636363636,0.834727272727273
107555,64082,43473,0.623021332077569,0.640280789724558,0.5831277510071,36.5563636363636,42.3127272727273,21.1309090909091,0.961818181818182,38.7836363636364,0.281818181818182,21.2036363636364,0.254545454545455,38.5145454545455,-0.363672104003755,2.93628717254509,0.835509090909091,0.868563636363636,0.834727272727273
107383,64103,43280,0.622829054972469,0.640191501179718,0.582727227000443,36.5527272727273,42.3309090909091,21.1163636363636,0.954545454545455,38.8090909090909,0.256363636363636,21.1509090909091,0.274545454545455,38.5545454545455,-0.362146081385965,2.86736563931812,0.835509090909091,0.868563636363636,0.834727272727273
107383,64142,43241,0.622884455479255,0.639960186824363,0.582468459748875,36.5363636363636,42.3527272727273,21.1109090909091,0.952727272727273,38.8381818181818,0.229090909090909,21.0927272727273,0.28,38.6072727272727,-0.359966428798031,2.8311728279699,0.835509090909091,0.868563636363636,0.834727272727273
107578,64164,43414,0.622768672417193,0.640152787481886,0.582700922157826,36.5236363636364,42.3690909090909,21.1072727272727,0.949090909090909,38.8454545454545,0.238181818181818,21.0345454545455,0.263636363636364,38.6690909090909,-0.358527236228639,2.8381071106954,0.835509090909091,0.868563636363636,0.834727272727273
107526,64188,43338,0.622742705935476,0.639922958956514,0.582658018388667,36.5236363636364,42.3763636363636,21.1,0.936363636363636,38.8709090909091,0.269090909090909,20.9363636363636,0.261818181818182,38.7254545454545,-0.356517024812373,2.80762735984542,0.835509090909091,0.868563636363636,0.834727272727273
107718,64193,43525,0.62295730809571,0.639682157469535,0.582623614885625,36.5218181818182,42.3763636363636,21.1018181818182,0.934545454545455,38.9236363636364,0.241818181818182,20.9036363636364,0.252727272727273,38.7436363636364,-0.356346989693967,2.82653966966,0.835509090909091,0.868563636363636,0.834727272727273
107825,64198,43627,0.622820730909045,0.639636606288012,0.582564791436141,36.5218181818182,42.38,21.0981818181818,0.923636363636364,38.9490909090909,0.24,20.8545454545455,0.250909090909091,38.7818181818182,-0.355488726445897,2.82226130704988,0.835509090909091,0.868563636363636,0.834727272727273
107760,64205,43555,0.62277633159523,0.639505966756848,0.582460317052967,36.5236363636364,42.3854545454545,21.0909090909091,0.921818181818182,38.9690909090909,0.218181818181818,20.8,0.274545454545455,38.8163636363636,-0.354328395985067,2.79205698492852,0.835509090909091,0.868563636363636,0.834727272727273
107925,64232,43693,0.622778596533413,0.639358711946364,0.582585913371345,36.5218181818182,42.3818181818182,21.0963636363636,0.916363636363636,38.9963636363636,0.183636363636364,20.7872727272727,0.249090909090909,38.8672727272727,-0.352516388605264,2.79489798102189,0.835509090909091,0.868563636363636,0.834727272727273
107918,64266,43652,0.622813228048656,0.639290362237463,0.58267464073919,36.5163636363636,42.3872727272727,21.0963636363636,0.909090909090909,39.0036363636364,0.230909090909091,20.6981818181818,0.269090909090909,38.8890909090909,-0.350170688551258,2.77154106768271,0.835509090909091,0.868563636363636,0.834727272727273
107966,64289,43677,0.622795085212974,0.639171688638051,0.582596420451732,36.5272727272727,42.3890909090909,21.0836363636364,0.905454545454545,39.0381818181818,0.207272727272727,20.6745454545455,0.230909090909091,38.9436363636364,-0.348352881114591,2.75247172547335,0.835509090909091,0.868563636363636,0.834727272727273
108054,64313,43741,0.622604490357166,0.63915887911884,0.582745248406532,36.5181818181818,42.3945454545455,21.0872727272727,0.903636363636364,39.0454545454545,0.243636363636364,20.6018181818182,0.234545454545455,38.9709090909091,-0.347422415720807,2.75416229411282,0.835509090909091,0.868563636363636,0.834727272727273
108085,64333,43752,0.62254848179228,0.6392026713177,0.582605862629272,36.5163636363636,42.4036363636364,21.08,0.901818181818182,39.0745454545455,0.250909090909091,20.5345454545455,0.250909090909091,38.9872727272727,-0.346401844089004,2.74592327732931,0.835509090909091,0.868563636363636,0.834727272727273
108222,64353,43869,0.622491087789055,0.639065985365177,0.58248065055197,36.5109090909091,42.4145454545455,21.0745454545455,0.9,39.1072727272727,0.24,20.5127272727273,0.212727272727273,39.0272727272727,-0.344848055765033,2.75810191279108,0.835509090909091,0.868563636363636,0.834727272727273
107900,64357,43543,0.622379776137718,0.638542467522223,0.582386751370404,36.5054545454545,42.42,21.0745454545455,0.898181818181818,39.1327272727273,0.236363636363636,20.4436363636364,0.230909090909091,39.0581818181818,-0.343712343690409,2.66093887365,0.835509090909091,0.868563636363636,0.834727272727273
107932,64379,43553,0.622436546078618,0.638365035690787,0.582242570181236,36.5054545454545,42.4127272727273,21.0818181818182,0.896363636363636,39.1490909090909,0.221818181818182,20.4236363636364,0.223636363636364,39.0854545454546,-0.341011904950508,2.64971163774078,0.835509090909091,0.868563636363636,0.834727272727273
107848,64394,43454,0.622260606381579,0.638268418536168,0.582107032240301,36.4981818181818,42.4309090909091,21.0709090909091,0.890909090909091,39.16,0.241818181818182,20.3690909090909,0.230909090909091,39.1072727272727,-0.338965542157265,2.61745958819308,0.835509090909091,0.868563636363636,0.834727272727273
107838,64415,43423,0.622191850372645,0.638186346596557,0.581986446935614,36.4890909090909,42.4527272727273,21.0581818181818,0.889090909090909,39.1963636363636,0.241818181818182,20.3072727272727,0.22,39.1454545454545,-0.33632589945231,2.59561112004925,0.835509090909091,0.868563636363636,0.834727272727273
107936,64438,43498,0.622253605634888,0.638178357254684,0.581953200023832,36.4927272727273,42.4581818181818,21.0490909090909,0.889090909090909,39.2345454545455,0.236363636363636,20.24,0.232727272727273,39.1672727272727,-0.334967762113295,2.59301695593379,0.835509090909091,0.868563636363636,0.834727272727273
108213,64451,43762,0.622156060985155,0.638244391070205,0.581906730466424,36.4927272727273,42.4545454545455,21.0527272727273,0.881818181818182,39.2745454545455,0.216363636363636,20.2072727272727,0.214545454545455,39.2054545454545,-0.333922903163528,2.63162476423789,0.835509090909091,0.868563636363636,0.834727272727273
108228,64447,43781,0.622098638485262,0.63821399115883,0.581824401219441,36.4927272727273,42.4490909090909,21.0581818181818,0.878181818181818,39.2981818181818,0.223636363636364,20.1690909090909,0.196363636363636,39.2345454545455,-0.334268842002546,2.61922472607006,0.835509090909091,0.868563636363636,0.834727272727273
108217,64449,43768,0.622151526145229,0.638198198613055,0.581691045304489,36.4909090909091,42.46,21.0490909090909,0.870909090909091,39.3290909090909,0.214545454545455,20.1272727272727,0.187272727272727,39.2709090909091,-0.334837102763016,2.59385998161002,0.835509090909091,0.868563636363636,0.834727272727273
108159,64453,43706,0.622057352212427,0.638113272412685,0.581607715389335,36.4872727272727,42.4690909090909,21.0436363636364,0.867272727272727,39.3418181818182,0.227272727272727,20.0654545454545,0.190909090909091,39.3072727272727,-0.33530470198867,2.5693260867826,0.835509090909091,0.868563636363636,0.834727272727273
108055,64460,43595,0.622035214007622,0.637950179603482,0.581548651480196,36.4909090909091,42.4745454545455,21.0345454545455,0.869090909090909,39.3581818181818,0.22,20.0127272727273,0.218181818181818,39.3218181818182,-0.334297245808623,2.53669913089411,0.835509090909091,0.868563636363636,0.834727272727273
108151,64475,43676,0.62204416939566,0.637969011871982,0.581517491058592,36.4854545454545,42.4709090909091,21.0436363636364,0.863636363636364,39.4127272727273,0.196363636363636,19.9745454545455,0.218181818181818,39.3345454545455,-0.333736622367393,2.54253794625401,0.835509090909091,0.868563636363636,0.834727272727273
108151,64485,43666,0.621984482744019,0.637797613932404,0.581547164782978,36.4818181818182,42.4727272727273,21.0454545454545,0.86,39.4254545454545,0.210909090909091,19.9236363636364,0.207272727272727,39.3727272727273,-0.333039725851268,2.53196777315302,0.835509090909091,0.868563636363636,0.834727272727273
108233,64495,43738,0.622018909467206,0.637939834436021,0.581494804046132,36.4818181818182,42.4781818181818,21.04,0.86,39.4345454545455,0.229090909090909,19.8836363636364,0.181818181818182,39.4109090909091,-0.33321072682315,2.51917407478799,0.835509090909091,0.868563636363636,0.834727272727273
108330,64513,43817,0.621983209878326,0.638030272376692,0.581471495260095,36.4818181818182,42.4836363636364,21.0345454545455,0.854545454545454,39.4872727272727,0.2,19.84,0.201818181818182,39.4163636363636,-0.332806424182755,2.52616238685494,0.835509090909091,0.868563636363636,0.834727272727273
108456,64528,43928,0.621934172578726,0.6380101951428,0.581374182454204,36.4836363636364,42.4836363636364,21.0327272727273,0.850909090909091,39.5127272727273,0.203636363636364,19.8090909090909,0.169090909090909,39.4545454545455,-0.331088033767248,2.5421034518968,0.835509090909091,0.868563636363636,0.834727272727273
108554,64535,44019,0.621893126115776,0.637986292741633,0.581411353939922,36.4818181818182,42.4781818181818,21.04,0.845454545454545,39.5472727272727,0.201818181818182,19.7672727272727,0.176363636363636,39.4618181818182,-0.330835965876891,2.54758567197079,0.835509090909091,0.868563636363636,0.834727272727273
108559,64539,44020,0.62189916386874,0.637875146268783,0.581360318548039,36.4745454545455,42.4854545454545,21.04,0.838181818181818,39.5690909090909,0.192727272727273,19.7309090909091,0.190909090909091,39.4781818181818,-0.33096102880822,2.53136501742358,0.835509090909091,0.868563636363636,0.834727272727273
108612,64561,44051,0.621859733557656,0.637901869006644,0.581354850584297,36.48,42.4890909090909,21.0309090909091,0.836363636363636,39.6163636363636,0.167272727272727,19.6854545454545,0.185454545454545,39.5090909090909,-0.329326182848308,2.52111188454384,0.835509090909091,0.868563636363636,0.834727272727273
108617,64569,44048,0.621767780283365,0.637657039160986,0.581282653767347,36.48,42.4872727272727,21.0327272727273,0.838181818181818,39.6454545454545,0.165454545454545,19.6290909090909,0.189090909090909,39.5327272727273,-0.329388910170052,2.50659671991386,0.835509090909091,0.868563636363636,0.834727272727273
108589,64580,44009,0.621633828765499,0.637551172851803,0.581273407127114,36.4745454545455,42.4909090909091,21.0345454545455,0.838181818181818,39.6581818181818,0.185454545454545,19.5781818181818,0.183636363636364,39.5563636363636,-0.329065445509993,2.48169965401969,0.835509090909091,0.868563636363636,0.834727272727273
108677,64580,44097,0.621539977741773,0.637591638505176,0.581321058166885,36.4672727272727,42.4890909090909,21.0436363636364,0.836363636363636,39.6890909090909,0.176363636363636,19.56,0.167272727272727,39.5709090909091,-0.330222304026723,2.49260789870538,0.835509090909091,0.868563636363636,0.834727272727273
108663,64588,44075,0.621564438439095,0.637360521865786,0.58113952499889,36.4763636363636,42.4872727272727,21.0363636363636,0.834545454545455,39.6981818181818,0.169090909090909,19.5472727272727,0.150909090909091,39.6,-0.330301754148042,2.46968499980867,0.835509090909091,0.868563636363636,0.834727272727273
108657,64592,44065,0.621569932826631,0.637179567683388,0.581099479521556,36.4818181818182,42.4763636363636,21.0418181818182,0.836363636363636,39.7272727272727,0.165454545454545,19.4909090909091,0.147272727272727,39.6327272727273,-0.329795780037106,2.45484397069297,0.835509090909091,0.868563636363636,0.834727272727273
108818,64611,44207,0.621680570799192,0.637219536963849,0.581051458064895,36.4818181818182,42.4672727272727,21.0509090909091,0.830909090909091,39.76,0.165454545454545,19.4490909090909,0.172727272727273,39.6218181818182,-0.327359856769908,2.46010803387246,0.835509090909091,0.868563636363636,0.834727272727273
108756,64615,44141,0.621798313670615,0.63705998394989,0.581056292402105,36.4836363636364,42.4581818181818,21.0581818181818,0.827272727272727,39.7927272727273,0.183636363636364,19.3836363636364,0.178181818181818,39.6345454545455,-0.327772278473077,2.43100325289098,0.835509090909091,0.868563636363636,0.834727272727273
108976,64637,44339,0.621719989428151,0.637145064433439,0.581145966185198,36.48,42.4618181818182,21.0581818181818,0.82,39.8527272727273,0.150909090909091,19.3527272727273,0.187272727272727,39.6363636363636,-0.32617921510669,2.45652335238728,0.835509090909091,0.868563636363636,0.834727272727273
109063,64647,44416,0.621738282085551,0.637111193339402,0.581225426343355,36.48,42.4527272727273,21.0672727272727,0.82,39.8945454545455,0.145454545454545,19.2872727272727,0.183636363636364,39.6690909090909,-0.325548235586294,2.45747982443056,0.835509090909091,0.868563636363636,0.834727272727273
109098,64665,44433,0.621643410762897,0.637046050484006,0.58135877872562,36.4727272727273,42.4436363636364,21.0836363636364,0.816363636363636,39.9290909090909,0.143636363636364,19.2418181818182,0.183636363636364,39.6854545454545,-0.324418713251891,2.4437347732823,0.835509090909091,0.868563636363636,0.834727272727273
109203,64678,44525,0.621708122700575,0.636951344935358,0.581327222362914,36.4745454545455,42.44,21.0854545454545,0.814545454545455,39.9581818181818,0.152727272727273,19.2036363636364,0.178181818181818,39.6927272727273,-0.322080696737182,2.44514591023326,0.835509090909091,0.868563636363636,0.834727272727273
109149,64682,44467,0.621712546236784,0.636673395988355,0.581289855219448,36.4836363636364,42.42,21.0963636363636,0.809090909090909,39.9963636363636,0.150909090909091,19.1636363636364,0.170909090909091,39.7090909090909,-0.320876334072091,2.41744323338975,0.835509090909091,0.868563636363636,0.834727272727273
108940,64686,44254,0.621722586543092,0.636501092301752,0.581112789032957,36.4836363636364,42.4236363636364,21.0927272727273,0.803636363636364,40.0363636363636,0.152727272727273,19.1163636363636,0.167272727272727,39.7236363636364,-0.321131208442702,2.36406065381386,0.835509090909091,0.868563636363636,0.834727272727273
108979,64690,44289,0.62161751344392,0.636452869136083,0.581114443650059,36.48,42.4163636363636,21.1036363636364,0.8,40.0690909090909,0.145454545454545,19.0927272727273,0.158181818181818,39.7345454545455,-0.321327014369043,2.36179135299542,0.835509090909091,0.868563636363636,0.834727272727273
109094,64698,44396,0.621622574301455,0.636357559108865,0.581149906643173,36.4781818181818,42.4,21.1218181818182,0.792727272727273,40.1072727272727,0.158181818181818,19.0290909090909,0.158181818181818,39.7545454545455,-0.320705238160339,2.36628929054873,0.835509090909091,0.868563636363636,0.834727272727273
109062,64703,44359,0.621559925774629,0.636039013355604,0.58110533514032,36.4727272727273,42.38,21.1472727272727,0.790909090909091,40.1672727272727,0.149090909090909,18.9581818181818,0.154545454545455,39.78,-0.320439390933395,2.34761024476452,0.835509090909091,0.868563636363636,0.834727272727273
109110,64703,44407,0.621508356701375,0.636018019056945,0.581072083037534,36.4709090909091,42.3836363636364,21.1454545454545,0.789090909090909,40.2018181818182,0.141818181818182,18.9072727272727,0.165454545454545,39.7945454545455,-0.321131056615956,2.34650456383824,0.835509090909091,0.868563636363636,0.834727272727273
109195,64721,44474,0.62154038574778,0.636061063821496,0.581007007325563,36.4690909090909,42.3763636363636,21.1545454545455,0.787272727272727,40.2418181818182,0.145454545454545,18.8636363636364,0.165454545454545,39.7963636363636,-0.318617793405958,2.34447569007223,0.835509090909091,0.868563636363636,0.834727272727273
109178,64736,44442,0.621563026658872,0.635853406301485,0.580967559141194,36.4672727272727,42.3709090909091,21.1618181818182,0.785454545454545,40.28,0.147272727272727,18.7963636363636,0.181818181818182,39.8090909090909,-0.317676010363291,2.32933182767169,0.835509090909091,0.868563636363636,0.834727272727273
109226,64748,44478,0.621466134085203,0.63580974499763,0.580986779401023,36.4636363636364,42.3709090909091,21.1654545454545,0.781818181818182,40.3127272727273,0.145454545454545,18.7690909090909,0.158181818181818,39.8327272727273,-0.316572411238237,2.32524770606648,0.835509090909091,0.868563636363636,0.834727272727273
109236,64751,44485,0.621434354798461,0.635759494250991,0.580981785033994,36.4581818181818,42.3618181818182,21.18,0.778181818181818,40.34,0.156363636363636,18.7181818181818,0.178181818181818,39.8290909090909,-0.317015428502451,2.31908313378014,0.835509090909091,0.868563636363636,0.834727272727273
109206,64763,44443,0.621471683115463,0.635503986381366,0.580961619693535,36.4654545454545,42.3454545454545,21.1890909090909,0.776363636363636,40.3545454545455,0.18,18.6636363636364,0.176363636363636,39.8490909090909,-0.315722493943229,2.2936786159873,0.835509090909091,0.868563636363636,0.834727272727273
109273,64773,44500,0.621476303904217,0.635417627582937,0.580930234515698,36.4672727272727,42.3436363636364,21.1890909090909,0.772727272727273,40.3927272727273,0.156363636363636,18.6363636363636,0.169090909090909,39.8727272727273,-0.314379085588735,2.29249386821281,0.835509090909091,0.868563636363636,0.834727272727273
109175,64788,44387,0.621370305763302,0.635177528452483,0.580903240511416,36.4672727272727,42.3290909090909,21.2036363636364,0.774545454545455,40.4236363636364,0.125454545454545,18.6381818181818,0.129090909090909,39.9090909090909,-0.311961635658306,2.26095472662286,0.835509090909091,0.868563636363636,0.834727272727273
109147,64789,44358,0.621385101832985,0.635134372719704,0.580989526700349,36.4618181818182,42.3218181818182,21.2163636363636,0.770909090909091,40.4436363636364,0.134545454545455,18.5818181818182,0.14,39.9290909090909,-0.312183808539042,2.23463167277249,0.835509090909091,0.868563636363636,0.834727272727273
109097,64793,44304,0.621373880467003,0.635067598418552,0.581049438373534,36.4490909090909,42.3109090909091,21.24,0.767272727272727,40.4836363636364,0.123636363636364,18.5436363636364,0.132727272727273,39.9490909090909,-0.312107864129675,2.20927836895836,0.835509090909091,0.868563636363636,0.834727272727273
109213,64810,44403,0.621454831185833,0.634741816361095,0.581138846080575,36.4454545454546,42.2945454545455,21.26,0.76,40.5327272727273,0.112727272727273,18.5,0.130909090909091,39.9636363636364,-0.309000274684513,2.20922387787564,0.835509090909091,0.868563636363636,0.834727272727273
109314,64835,44479,0.62132959437354,0.634856720916503,0.581145761994103,36.42,42.3036363636364,21.2763636363636,0.754545454545455,40.5745454545455,0.110909090909091,18.4472727272727,0.129090909090909,39.9836363636364,-0.307496127187782,2.21863758943298,0.835509090909091,0.868563636363636,0.834727272727273
109153,64832,44321,0.621333684034958,0.634749699248382,0.581056057936564,36.4090909090909,42.3163636363636,21.2745454545455,0.752727272727273,40.6163636363636,0.107272727272727,18.3981818181818,0.129090909090909,39.9963636363636,-0.309761098235189,2.17554461576722,0.835509090909091,0.868563636363636,0.834727272727273
109107,64826,44281,0.621237978757811,0.634366845920097,0.581052035537855,36.3981818181818,42.3072727272727,21.2945454545455,0.749090909090909,40.6381818181818,0.116363636363636,18.36,0.121818181818182,40.0145454545455,-0.309856677569703,2.15817570510236,0.835509090909091,0.868563636363636,0.834727272727273
109077,64825,44252,0.621109163743984,0.634254352805046,0.581065956724072,36.3872727272727,42.3054545454546,21.3072727272727,0.745454545454545,40.6672727272727,0.116363636363636,18.3163636363636,0.127272727272727,40.0272727272727,-0.309874395002209,2.13649211986498,0.835509090909091,0.868563636363636,0.834727272727273
109164,64846,44318,0.620995895408992,0.634058546530992,0.581145640556201,36.3709090909091,42.2945454545455,21.3345454545455,0.741818181818182,40.6927272727273,0.125454545454545,18.2727272727273,0.125454545454545,40.0418181818182,-0.305994365312985,2.14225649657575,0.835509090909091,0.868563636363636,0.834727272727273
109147,64866,44281,0.620985694977679,0.634063267432133,0.580996957970069,36.3672727272727,42.2854545454545,21.3472727272727,0.736363636363636,40.7181818181818,0.130909090909091,18.24,0.134545454545455,40.04,-0.303705327383729,2.12912870462645,0.835509090909091,0.868563636363636,0.834727272727273
109201,64875,44326,0.620940977092866,0.6342682669104,0.580923278544104,36.3618181818182,42.2872727272727,21.3509090909091,0.727272727272727,40.7654545454546,0.123636363636364,18.1890909090909,0.141818181818182,40.0527272727273,-0.302106033720669,2.12426526031711,0.835509090909091,0.868563636363636,0.834727272727273
109461,64907,44554,0.620973259840996,0.634872072762037,0.580713748485499,36.3636363636364,42.2781818181818,21.3581818181818,0.72,40.7981818181818,0.130909090909091,18.16,0.121818181818182,40.0690909090909,-0.297646021876294,2.16696418344297,0.835509090909091,0.868563636363636,0.834727272727273
109503,64918,44585,0.620908735571299,0.634968594118392,0.580767828998146,36.3418181818182,42.2909090909091,21.3672727272727,0.714545454545455,40.8290909090909,0.121818181818182,18.1327272727273,0.136363636363636,40.0654545454545,-0.297450793884822,2.16722794752568,0.835509090909091,0.868563636363636,0.834727272727273
109517,64935,44582,0.620825859019154,0.6347076864557,0.580791645536119,36.3381818181818,42.2763636363636,21.3854545454545,0.710909090909091,40.8654545454545,0.129090909090909,18.08,0.134545454545455,40.08,-0.293840313693826,2.1537912810052,0.835509090909091,0.868563636363636,0.834727272727273
109539,64950,44589,0.620913557240501,0.634593072274546,0.580770166048705,36.3363636363636,42.2763636363636,21.3872727272727,0.705454545454545,40.9018181818182,0.127272727272727,18.0527272727273,0.118181818181818,40.0945454545455,-0.292709417103007,2.14004719687456,0.835509090909091,0.868563636363636,0.834727272727273
109492,64971,44521,0.620993726699298,0.634335283792403,0.580727803857117,36.3363636363636,42.2654545454546,21.3981818181818,0.701818181818182,40.9327272727273,0.129090909090909,18.0036363636364,0.110909090909091,40.1218181818182,-0.290307589605535,2.1163649644872,0.835509090909091,0.868563636363636,0.834727272727273
109435,64967,44468,0.620913238492212,0.634213234421413,0.580729795884646,36.3254545454545,42.2709090909091,21.4036363636364,0.7,40.9545454545455,0.136363636363636,17.9709090909091,0.125454545454545,40.1127272727273,-0.291606533884028,2.09458035162904,0.835509090909091,0.868563636363636,0.834727272727273
109489,64979,44510,0.620944157645981,0.634374168188644,0.580609208259549,36.3163636363636,42.2836363636364,21.4,0.698181818181818,41.0109090909091,0.130909090909091,17.9309090909091,0.116363636363636,40.1127272727273,-0.291243769880913,2.09169538832185,0.835509090909091,0.868563636363636,0.834727272727273
109443,64987,44456,0.620778006105887,0.63433347205529,0.580597473503301,36.3,42.2890909090909,21.4109090909091,0.696363636363636,41.0490909090909,0.109090909090909,17.9418181818182,0.105454545454545,40.0981818181818,-0.291460606328804,2.07393385522406,0.835509090909091,0.868563636363636,0.834727272727273
109484,65001,44483,0.620672843650259,0.634332543361447,0.58071813408406,36.2854545454545,42.2890909090909,21.4254545454545,0.692727272727273,41.0836363636364,0.118181818181818,17.8963636363636,0.112727272727273,40.0963636363636,-0.289939623699121,2.06215456764806,0.835509090909091,0.868563636363636,0.834727272727273
109553,65013,44540,0.62074214094905,0.634349629323874,0.580699285782725,36.2727272727273,42.2854545454545,21.4418181818182,0.690909090909091,41.1327272727273,0.105454545454545,17.8672727272727,0.12,40.0836363636364,-0.288982739355627,2.06499995645136,0.835509090909091,0.868563636363636,0.834727272727273
109585,65024,44561,0.620684004871455,0.634236050324183,0.580681966793669,36.2618181818182,42.2872727272727,21.4509090909091,0.689090909090909,41.1927272727273,0.0872727272727273,17.8345454545455,0.105454545454545,40.0909090909091,-0.286990129645512,2.05492571983486,0.835509090909091,0.868563636363636,0.834727272727273
109580,65036,44544,0.620563381739959,0.634228336505195,0.580555272616024,36.2563636363636,42.2818181818182,21.4618181818182,0.685454545454545,41.2236363636364,0.101818181818182,17.7981818181818,0.110909090909091,40.08,-0.284587802405638,2.04814119029113,0.835509090909091,0.868563636363636,0.834727272727273
109573,65052,44521,0.620476504047659,0.634174709550941,0.58056914472802,36.2490909090909,42.2745454545455,21.4763636363636,0.683636363636364,41.2618181818182,0.105454545454545,17.7581818181818,0.101818181818182,40.0890909090909,-0.283754323826129,2.032447526841,0.835509090909091,0.868563636363636,0.834727272727273
109546,65064,44482,0.620482809244781,0.634076042466238,0.580509902308802,36.2454545454545,42.2745454545455,21.48,0.685454545454545,41.2927272727273,0.12,17.7145454545455,0.0963636363636364,40.0909090909091,-0.283061819071141,2.01762343773788,0.835509090909091,0.868563636363636,0.834727272727273
109574,65076,44498,0.620366918504945,0.633834248435355,0.580624823610029,36.2472727272727,42.2581818181818,21.4945454545455,0.681818181818182,41.3381818181818,0.145454545454545,17.6527272727273,0.0945454545454545,40.0872727272727,-0.280597024916311,2.01381759044122,0.835509090909091,0.868563636363636,0.834727272727273
109642,65091,44551,0.620349394216206,0.633711735384965,0.580620920298064,36.2436363636364,42.2436363636364,21.5127272727273,0.676363636363636,41.3945454545455,0.123636363636364,17.6327272727273,0.1,40.0727272727273,-0.279118793328102,2.01565521396697,0.835509090909091,0.868563636363636,0.834727272727273
109696,65096,44600,0.620382172172922,0.633796572999347,0.580608701740528,36.2472727272727,42.24,21.5127272727273,0.674545454545455,41.4363636363636,0.114545454545455,17.5818181818182,0.110909090909091,40.0818181818182,-0.279194062347101,2.01902744651518,0.835509090909091,0.868563636363636,0.834727272727273
109721,65110,44611,0.62029559087849,0.63396759610393,0.580659792224598,36.2381818181818,42.2436363636364,21.5181818181818,0.670909090909091,41.4981818181818,0.110909090909091,17.54,0.0909090909090909,40.0890909090909,-0.278513016903096,2.00664508926936,0.835509090909091,0.868563636363636,0.834727272727273
109666,65130,44536,0.620361574920016,0.634064713256776,0.580707901918934,36.2327272727273,42.2563636363636,21.5109090909091,0.669090909090909,41.5309090909091,0.109090909090909,17.5127272727273,0.105454545454545,40.0727272727273,-0.278034397188722,1.99585468079895,0.835509090909091,0.868563636363636,0.834727272727273
109658,65134,44524,0.620220218895806,0.634056733438764,0.580642861900081,36.2327272727273,42.2509090909091,21.5163636363636,0.667272727272727,41.5709090909091,0.101818181818182,17.4854545454545,0.103636363636364,40.0709090909091,-0.278100596114316,1.98871090512045,0.835509090909091,0.868563636363636,0.834727272727273
109552,65143,44409,0.620111530805939,0.633671640931504,0.580571271546712,36.2345454545455,42.2418181818182,21.5236363636364,0.669090909090909,41.6181818181818,0.12,17.4272727272727,0.110909090909091,40.0545454545455,-0.275639060753482,1.96029939427972,0.835509090909091,0.868563636363636,0.834727272727273
109609,65142,44467,0.620112394076819,0.633527099274096,0.580654294268855,36.2309090909091,42.2363636363636,21.5327272727273,0.669090909090909,41.6709090909091,0.0963636363636364,17.4072727272727,0.107272727272727,40.0490909090909,-0.276366937417135,1.96447623825886,0.835509090909091,0.868563636363636,0.834727272727273
109630,65156,44474,0.62012452291094,0.633309815905535,0.580593384699904,36.2436363636364,42.2218181818182,21.5345454545455,0.669090909090909,41.6945454545455,0.118181818181818,17.3654545454545,0.103636363636364,40.0490909090909,-0.273556032825515,1.95638347483155,0.835509090909091,0.868563636363636,0.834727272727273
109824,65169,44655,0.620219154270747,0.633215807731001,0.580804416481507,36.2563636363636,42.2072727272727,21.5363636363636,0.667272727272727,41.7418181818182,0.12,17.3309090909091,0.0981818181818182,40.0418181818182,-0.270704595642945,1.97661316298287,0.835509090909091,0.868563636363636,0.834727272727273
109745,65191,44554,0.620188982016862,0.633094867928301,0.580717894382923,36.2636363636364,42.2054545454545,21.5309090909091,0.663636363636364,41.7872727272727,0.110909090909091,17.2981818181818,0.0945454545454545,40.0454545454545,-0.267740887683282,1.94295827910643,0.835509090909091,0.868563636363636,0.834727272727273
109684,65217,44467,0.620298749649146,0.632871423902961,0.580622817116574,36.28,42.1818181818182,21.5381818181818,0.661818181818182,41.8181818181818,0.112727272727273,17.2581818181818,0.101818181818182,40.0472727272727,-0.263695935939772,1.90828749529001,0.835509090909091,0.868563636363636,0.834727272727273
109677,65244,44433,0.62030767074816,0.632668764682264,0.5806732276794,36.2836363636364,42.18,21.5363636363636,0.663636363636364,41.8618181818182,0.121818181818182,17.2218181818182,0.0909090909090909,40.04,-0.259459198849932,1.89325452507897,0.835509090909091,0.868563636363636,0.834727272727273
109709,65241,44468,0.620323666359988,0.632855186100905,0.580567010315498,36.2872727272727,42.1963636363636,21.5163636363636,0.663636363636364,41.9254545454545,0.112727272727273,17.1636363636364,0.0981818181818182,40.0363636363636,-0.261242866389049,1.89449852803214,0.835509090909091,0.868563636363636,0.834727272727273
109687,65233,44454,0.620421868276434,0.632773947689072,0.580434460435246,36.2981818181818,42.1909090909091,21.5109090909091,0.663636363636364,41.9618181818182,0.110909090909091,17.1363636363636,0.0963636363636364,40.0309090909091,-0.261651841537109,1.88280419768258,0.835509090909091,0.868563636363636,0.834727272727273
109766,65261,44505,0.620570073254822,0.632913979728344,0.580423358546471,36.3163636363636,42.1836363636364,21.5,0.661818181818182,41.9836363636364,0.123636363636364,17.0836363636364,0.101818181818182,40.0454545454545,-0.258950943580897,1.87895987765356,0.835509090909091,0.868563636363636,0.834727272727273
109795,65281,44514,0.620569973423843,0.632915986945764,0.580394069488967,36.3309090909091,42.1745454545455,21.4945454545455,0.661818181818182,42.0163636363636,0.14,17.0345454545455,0.0927272727272727,40.0545454545455,-0.256821424734384,1.87538767644966,0.835509090909091,0.868563636363636,0.834727272727273
109854,65297,44557,0.620513471148885,0.632931703091315,0.580314012654781,36.3436363636364,42.1745454545455,21.4818181818182,0.661818181818182,42.0563636363636,0.136363636363636,16.9927272727273,0.0836363636363636,40.0690909090909,-0.254860982114968,1.8792880600149,0.835509090909091,0.868563636363636,0.834727272727273
109922,65308,44614,0.62052285225277,0.632704747551165,0.58037655730285,36.3636363636364,42.1563636363636,21.48,0.661818181818182,42.0981818181818,0.12,16.9636363636364,0.0763636363636364,40.08,-0.252195387026388,1.87310703528876,0.835509090909091,0.868563636363636,0.834727272727273
109981,65333,44648,0.620443602145871,0.632856994552116,0.580402347394538,36.3709090909091,42.1509090909091,21.4781818181818,0.663636363636364,42.1490909090909,0.110909090909091,16.92,0.0890909090909091,40.0672727272727,-0.248910071721581,1.86941367961805,0.835509090909091,0.868563636363636,0.834727272727273
109960,65333,44627,0.620442733415285,0.632659624892559,0.58037747538933,36.3872727272727,42.14,21.4727272727273,0.66,42.1818181818182,0.12,16.8781818181818,0.0981818181818182,40.0618181818182,-0.248782360551691,1.85634122326631,0.835509090909091,0.868563636363636,0.834727272727273
109912,65342,44570,0.620428619580865,0.632446387383543,0.580518291195396,36.4054545454546,42.1327272727273,21.4618181818182,0.654545454545455,42.2290909090909,0.118181818181818,16.8290909090909,0.110909090909091,40.0581818181818,-0.247430350309746,1.83233588932251,0.835509090909091,0.868563636363636,0.834727272727273
109865,65345,44520,0.620468380597569,0.632159702074544,0.580515535617535,36.4218181818182,42.1145454545455,21.4636363636364,0.652727272727273,42.2745454545455,0.12,16.7872727272727,0.0927272727272727,40.0727272727273,-0.245898564631551,1.80717344536361,0.835509090909091,0.868563636363636,0.834727272727273
109826,65365,44461,0.620594260156544,0.631959849707533,0.580384959416632,36.4454545454546,42.0963636363636,21.4581818181818,0.652727272727273,42.3181818181818,0.127272727272727,16.7363636363636,0.114545454545455,40.0509090909091,-0.241092288581752,1.78590768093074,0.835509090909091,0.868563636363636,0.834727272727273
109783,65368,44415,0.620515833073618,0.631837730539803,0.580213616141052,36.4527272727273,42.1,21.4472727272727,0.654545454545455,42.36,0.123636363636364,16.6727272727273,0.109090909090909,40.08,-0.240731131229801,1.76016235855323,0.835509090909091,0.868563636363636,0.834727272727273
109847,65382,44465,0.620616543627228,0.631639723681185,0.580154605948047,36.4690909090909,42.0927272727273,21.4381818181818,0.652727272727273,42.4072727272727,0.121818181818182,16.6381818181818,0.109090909090909,40.0709090909091,-0.23827767165223,1.76214283570139,0.835509090909091,0.868563636363636,0.834727272727273
109908,65394,44514,0.620604512396909,0.631454657926516,0.580238382545106,36.4818181818182,42.0818181818182,21.4363636363636,0.654545454545455,42.4490909090909,0.134545454545455,16.58,0.0836363636363636,40.0981818181818,-0.236670827278497,1.76090948051688,0.835509090909091,0.868563636363636,0.834727272727273
109851,65395,44456,0.620578595414275,0.631329286254008,0.580146946410149,36.4909090909091,42.0854545454546,21.4236363636364,0.656363636363636,42.4818181818182,0.12,16.5709090909091,0.0654545454545455,40.1054545454545,-0.23631844240881,1.73070146863095,0.835509090909091,0.868563636363636,0.834727272727273
109983,65427,44556,0.620584622385142,0.631644484679423,0.58000442185777,36.5036363636364,42.0909090909091,21.4054545454545,0.652727272727273,42.5254545454545,0.114545454545455,16.5163636363636,0.0727272727272727,40.1181818181818,-0.232320954905101,1.73808091780679,0.835509090909091,0.868563636363636,0.834727272727273
109822,65434,44388,0.62047810234626,0.631473337710746,0.579918673626785,36.5036363636364,42.1090909090909,21.3872727272727,0.649090909090909,42.5672727272727,0.0927272727272727,16.5127272727273,0.0654545454545455,40.1127272727273,-0.232167359854727,1.69230388060889,0.835509090909091,0.868563636363636,0.834727272727273
109783,65444,44339,0.6203671892804,0.631531909930966,0.579853433615644,36.5109090909091,42.1145454545455,21.3745454545455,0.647272727272727,42.5963636363636,0.109090909090909,16.4490909090909,0.0727272727272727,40.1254545454546,-0.230654102064463,1.67035179249942,0.835509090909091,0.868563636363636,0.834727272727273
109796,65467,44329,0.620386609783605,0.631463375268062,0.579800455835929,36.5236363636364,42.1109090909091,21.3654545454545,0.643636363636364,42.6563636363636,0.114545454545455,16.3709090909091,0.0872727272727273,40.1272727272727,-0.228272077497571,1.6609083305367,0.835509090909091,0.868563636363636,0.834727272727273
109850,65488,44362,0.620350663373781,0.631454661470787,0.579728966879588,36.5381818181818,42.1072727272727,21.3545454545455,0.645454545454546,42.6854545454545,0.112727272727273,16.3309090909091,0.0909090909090909,40.1345454545455,-0.223511072925811,1.656684605464,0.835509090909091,0.868563636363636,0.834727272727273
109889,65496,44393,0.620450398157227,0.631429928162003,0.579572794541057,36.5509090909091,42.1163636363636,21.3327272727273,0.645454545454546,42.7254545454545,0.116363636363636,16.2727272727273,0.0854545454545454,40.1545454545455,-0.222645557141897,1.65900376281616,0.835509090909091,0.868563636363636,0.834727272727273
109925,65501,44424,0.620474608877334,0.631273035081437,0.579520347560588,36.5636363636364,42.1090909090909,21.3272727272727,0.634545454545455,42.7909090909091,0.109090909090909,16.2127272727273,0.0836363636363636,40.1690909090909,-0.220986487068612,1.64864527161487,0.835509090909091,0.868563636363636,0.834727272727273
109873,65496,44377,0.620365113023655,0.630942515018785,0.579504587909482,36.5709090909091,42.1181818181818,21.3109090909091,0.634545454545455,42.8236363636364,0.101818181818182,16.1727272727273,0.08,40.1872727272727,-0.222781141782748,1.62651431508024,0.835509090909091,0.868563636363636,0.834727272727273
109762,65501,44261,0.620352928106787,0.630846809308591,0.579322435259834,36.5909090909091,42.0963636363636,21.3127272727273,0.632727272727273,42.8545454545455,0.110909090909091,16.1236363636364,0.0654545454545455,40.2127272727273,-0.220686421972311,1.60209362644025,0.835509090909091,0.868563636363636,0.834727272727273
109733,65527,44206,0.620399073596252,0.630631598421144,0.579210205103272,36.5945454545455,42.0909090909091,21.3145454545455,0.629090909090909,42.9145454545455,0.1,16.0472727272727,0.0654545454545455,40.2436363636364,-0.217138063641456,1.57555350058458,0.835509090909091,0.868563636363636,0.834727272727273
109866,65557,44309,0.620469655532682,0.630918580409247,0.579274953095975,36.6090909090909,42.0909090909091,21.3,0.629090909090909,42.9527272727273,0.0872727272727273,16.0036363636364,0.0709090909090909,40.2563636363636,-0.213867661997376,1.57976950127631,0.835509090909091,0.868563636363636,0.834727272727273
109756,65558,44198,0.620523574992647,0.630905489196486,0.579099890658633,36.62,42.0927272727273,21.2872727272727,0.625454545454545,42.9781818181818,0.0818181818181818,15.9836363636364,0.0690909090909091,40.2618181818182,-0.214163141252853,1.56961519369348,0.835509090909091,0.868563636363636,0.834727272727273
109793,65561,44232,0.62046871879986,0.630672218362444,0.579178947559839,36.6254545454546,42.0872727272727,21.2872727272727,0.621818181818182,43.0127272727273,0.0945454545454545,15.9309090909091,0.0618181818181818,40.2781818181818,-0.21307892869048,1.56181903039529,0.835509090909091,0.868563636363636,0.834727272727273
109720,65575,44145,0.620525236586082,0.630486162805077,0.579256170631749,36.6363636363636,42.0745454545455,21.2890909090909,0.618181818181818,43.04,0.103636363636364,15.8745454545455,0.0727272727272727,40.2909090909091,-0.2106661592717,1.53050390006128,0.835509090909091,0.868563636363636,0.834727272727273
109664,65582,44082,0.620541416459602,0.630306959232393,0.579271599814629,36.6436363636364,42.0781818181818,21.2781818181818,0.612727272727273,43.0690909090909,0.105454545454545,15.8309090909091,0.0690909090909091,40.3127272727273,-0.209384234204613,1.51237855392762,0.835509090909091,0.868563636363636,0.834727272727273
109546,65600,43946,0.620598323629863,0.630188152063028,0.579054675774371,36.6418181818182,42.0818181818182,21.2763636363636,0.609090909090909,43.12,0.105454545454545,15.7636363636364,0.0727272727272727,40.3290909090909,-0.206982691123035,1.48321226071566,0.835509090909091,0.868563636363636,0.834727272727273
109487,65600,43887,0.620607971978395,0.630184829200452,0.579090596211093,36.6418181818182,42.0872727272727,21.2709090909091,0.603636363636364,43.1527272727273,0.0872727272727273,15.7309090909091,0.06,40.3654545454545,-0.207526924753884,1.45287522532215,0.835509090909091,0.868563636363636,0.834727272727273
109723,65606,44117,0.620637915229768,0.630333694585291,0.578931400501831,36.6454545454545,42.0927272727273,21.2618181818182,0.6,43.1654545454545,0.110909090909091,15.6763636363636,0.0636363636363636,40.3836363636364,-0.206876450718185,1.49233367950232,0.835509090909091,0.868563636363636,0.834727272727273
109744,65608,44136,0.620635858683161,0.630172387952894,0.578930317819009,36.6618181818182,42.0781818181818,21.26,0.6,43.1981818181818,0.0963636363636364,15.6254545454545,0.0563636363636364,40.4236363636364,-0.205003017965117,1.48754651637917,0.835509090909091,0.868563636363636,0.834727272727273
109820,65613,44207,0.620716596178169,0.63023135341992,0.578910195741347,36.6618181818182,42.0818181818182,21.2563636363636,0.592727272727273,43.2272727272727,0.101818181818182,15.56,0.0636363636363636,40.4545454545455,-0.205458360477827,1.4968677916818,0.835509090909091,0.868563636363636,0.834727272727273
109809,65614,44195,0.620746474107581,0.630235269203944,0.578764298973,36.6690909090909,42.0781818181818,21.2527272727273,0.592727272727273,43.2309090909091,0.0963636363636364,15.5363636363636,0.0545454545454545,40.4890909090909,-0.20525365655657,1.49025973623449,0.835509090909091,0.868563636363636,0.834727272727273
109897,65618,44279,0.620708525160949,0.630370932648677,0.57888191163751,36.6709090909091,42.08,21.2490909090909,0.590909090909091,43.2454545454545,0.0927272727272727,15.5109090909091,0.0618181818181818,40.4981818181818,-0.205870245666566,1.49034827735952,0.835509090909091,0.868563636363636,0.834727272727273
109883,65617,44266,0.620746111635031,0.630239390104129,0.578889061399939,36.6745454545455,42.0690909090909,21.2563636363636,0.589090909090909,43.2418181818182,0.1,15.4709090909091,0.0672727272727273,40.5309090909091,-0.206580048572968,1.48194873067127,0.835509090909091,0.868563636363636,0.834727272727273
109772,65623,44149,0.62064369032891,0.630172922185068,0.57897285283207,36.6763636363636,42.0654545454545,21.2581818181818,0.585454545454545,43.2781818181818,0.0781818181818182,15.4254545454545,0.0763636363636364,40.5563636363636,-0.205055954244215,1.4550896580077,0.835509090909091,0.868563636363636,0.834727272727273
109801,65626,44175,0.620677240875986,0.630194354017106,0.578784407366483,36.6818181818182,42.0818181818182,21.2363636363636,0.583636363636364,43.2909090909091,0.0727272727272727,15.3709090909091,0.0763636363636364,40.6054545454545,-0.203126696907632,1.45593309409239,0.835509090909091,0.868563636363636,0.834727272727273
109810,65641,44169,0.620668093792474,0.63016916629888,0.578818659259554,36.6872727272727,42.0836363636364,21.2290909090909,0.581818181818182,43.3145454545455,0.0581818181818182,15.3345454545455,0.0709090909090909,40.64,-0.200979806519635,1.44986187399111,0.835509090909091,0.868563636363636,0.834727272727273
110005,65651,44354,0.62061776915327,0.630183341241947,0.578913061105386,36.6963636363636,42.08,21.2236363636364,0.578181818181818,43.3181818181818,0.0745454545454545,15.2890909090909,0.0545454545454545,40.6854545454545,-0.199892705705001,1.47118921481412,0.835509090909091,0.868563636363636,0.834727272727273
110118,65644,44474,0.620620099566643,0.630128383339976,0.578941320758186,36.6981818181818,42.0763636363636,21.2254545454545,0.578181818181818,43.3381818181818,0.0636363636363636,15.2527272727273,0.0472727272727273,40.72,-0.202204948757042,1.47389457367191,0.835509090909091,0.868563636363636,0.834727272727273
110121,65654,44467,0.62070802649864,0.630084836204521,0.578936732060054,36.6963636363636,42.0781818181818,21.2254545454545,0.576363636363636,43.3527272727273,0.0636363636363636,15.2072727272727,0.0527272727272727,40.7472727272727,-0.20151159520683,1.45607145679268,0.835509090909091,0.868563636363636,0.834727272727273
110089,65634,44455,0.620807504281305,0.630045598277642,0.578756939530991,36.7054545454545,42.0872727272727,21.2072727272727,0.574545454545455,43.34,0.0890909090909091,15.1654545454545,0.0490909090909091,40.7818181818182,-0.20457783479737,1.4444703088396,0.835509090909091,0.868563636363636,0.834727272727273
109956,65637,44319,0.620791648556493,0.629618730940137,0.578817407949864,36.7163636363636,42.0818181818182,21.2018181818182,0.569090909090909,43.3745454545455,0.0763636363636364,15.1290909090909,0.0490909090909091,40.8018181818182,-0.199839524322835,1.42286820342256,0.835509090909091,0.868563636363636,0.834727272727273
110159,65640,44519,0.620800251692547,0.629821910307653,0.578777499991903,36.7163636363636,42.0890909090909,21.1945454545455,0.569090909090909,43.4145454545455,0.0727272727272727,15.0636363636364,0.0472727272727273,40.8327272727273,-0.200459616715935,1.44475761095739,0.835509090909091,0.868563636363636,0.834727272727273
110139,65635,44504,0.620821985421003,0.629635634377793,0.57882355035392,36.7272727272727,42.0745454545455,21.1981818181818,0.565454545454545,43.4309090909091,0.08,15.0145454545455,0.0509090909090909,40.8581818181818,-0.200028707086775,1.43360261231322,0.835509090909091,0.868563636363636,0.834727272727273
110138,65620,44518,0.620849012804463,0.629571668088217,0.5787597595257,36.7272727272727,42.08,21.1927272727273,0.56,43.44,0.0872727272727273,14.9672727272727,0.0509090909090909,40.8945454545455,-0.203854662806605,1.42188176625324,0.835509090909091,0.868563636363636,0.834727272727273
110127,65626,44501,0.620888992279783,0.629529849087445,0.578720760319716,36.7309090909091,42.0745454545455,21.1945454545455,0.56,43.4636363636364,0.0963636363636364,14.9072727272727,0.0454545454545455,40.9272727272727,-0.202413476074567,1.41287554629486,0.835509090909091,0.868563636363636,0.834727272727273
110248,65638,44610,0.620935870439595,0.629631530956642,0.578708090912324,36.7345454545455,42.0763636363636,21.1890909090909,0.550909090909091,43.4945454545455,0.08,14.8709090909091,0.0545454545454545,40.9490909090909,-0.20139308552177,1.42824228863994,0.835509090909091,0.868563636363636,0.834727272727273
110302,65661,44641,0.621041670258623,0.629705353110313,0.578696978671442,36.74,42.0727272727273,21.1872727272727,0.550909090909091,43.52,0.0781818181818182,14.8236363636364,0.0545454545454545,40.9727272727273,-0.198227399098224,1.42860373841937,0.835509090909091,0.868563636363636,0.834727272727273
110276,65644,44632,0.621006649571331,0.629798612182908,0.578696266611965,36.7363636363636,42.08,21.1836363636364,0.550909090909091,43.5327272727273,0.103636363636364,14.7581818181818,0.0618181818181818,40.9927272727273,-0.201919116261045,1.42367773956873,0.835509090909091,0.868563636363636,0.834727272727273
110281,65640,44641,0.621058764693672,0.629700336368378,0.578714618170691,36.7436363636364,42.0836363636364,21.1727272727273,0.545454545454545,43.5854545454546,0.0781818181818182,14.7145454545455,0.0618181818181818,41.0145454545455,-0.203356167155157,1.41377837061035,0.835509090909091,0.868563636363636,0.834727272727273
110257,65636,44621,0.62108072179576,0.629627249248785,0.578635697328657,36.7509090909091,42.0854545454546,21.1636363636364,0.543636363636364,43.6018181818182,0.0963636363636364,14.66,0.0690909090909091,41.0290909090909,-0.20406592496815,1.40147662541236,0.835509090909091,0.868563636363636,0.834727272727273
110187,65623,44564,0.621173208774024,0.62943106145631,0.578606489335716,36.7672727272727,42.0745454545455,21.1581818181818,0.54,43.6418181818182,0.0909090909090909,14.6236363636364,0.0618181818181818,41.0418181818182,-0.206040792093567,1.39225823596882,0.835509090909091,0.868563636363636,0.834727272727273
110514,65640,44874,0.621165282234039,0.629455807571649,0.579232651525427,36.7709090909091,42.0745454545455,21.1545454545455,0.541818181818182,43.6836363636364,0.0727272727272727,14.5836363636364,0.0527272727272727,41.0654545454545,-0.204641323698888,1.41644335936078,0.835509090909091,0.868563636363636,0.834727272727273
110428,65638,44790,0.621118122960997,0.629399244208027,0.579140535151429,36.7727272727273,42.0745454545455,21.1527272727273,0.541818181818182,43.7072727272727,0.0763636363636364,14.5254545454545,0.0563636363636364,41.0927272727273,-0.204735715932144,1.39392803853208,0.835509090909091,0.868563636363636,0.834727272727273
110361,65638,44723,0.621105440156845,0.629228139567568,0.579134895690639,36.7763636363636,42.0636363636364,21.16,0.538181818181818,43.7363636363636,0.0745454545454545,14.4872727272727,0.0527272727272727,41.1109090909091,-0.203338814164586,1.37948668341745,0.835509090909091,0.868563636363636,0.834727272727273
110117,65640,44477,0.621024702185219,0.62883565576348,0.579194844518022,36.7618181818182,42.08,21.1581818181818,0.538181818181818,43.76,0.0763636363636364,14.4309090909091,0.06,41.1345454545455,-0.202968645091327,1.32173508078876,0.835509090909091,0.868563636363636,0.834727272727273
110324,65652,44672,0.621197125181897,0.628974897103621,0.579206052540153,36.76,42.0836363636364,21.1563636363636,0.532727272727273,43.7963636363636,0.0709090909090909,14.3781818181818,0.0472727272727273,41.1745454545455,-0.204466996558635,1.35019800126214,0.835509090909091,0.868563636363636,0.834727272727273
110253,65653,44600,0.621117168095113,0.628920470102453,0.579174444614202,36.7490909090909,42.08,21.1709090909091,0.529090909090909,43.8290909090909,0.08,14.3036363636364,0.0509090909090909,41.2072727272727,-0.203282262805905,1.33447114278308,0.835509090909091,0.868563636363636,0.834727272727273
110085,65657,44428,0.621088705370021,0.62873484118999,0.579126317964492,36.7472727272727,42.0727272727273,21.18,0.527272727272727,43.8472727272727,0.0763636363636364,14.2618181818182,0.0418181818181818,41.2454545454545,-0.202715699154016,1.29532307428731,0.835509090909091,0.868563636363636,0.834727272727273
110088,65654,44434,0.621045186931961,0.628701714023115,0.579023445764494,36.7454545454545,42.0672727272727,21.1872727272727,0.523636363636364,43.8854545454545,0.0727272727272727,14.1927272727273,0.0545454545454545,41.2709090909091,-0.202265134703405,1.29165790141983,0.835509090909091,0.868563636363636,0.834727272727273
110059,65652,44407,0.621053683104084,0.628510143936688,0.578996658129846,36.7436363636364,42.08,21.1763636363636,0.523636363636364,43.9418181818182,0.0618181818181818,14.1254545454545,0.0581818181818182,41.2890909090909,-0.20120362917038,1.2721348487518,0.835509090909091,0.868563636363636,0.834727272727273
110156,65655,44501,0.621098629471574,0.628430167503531,0.579158282650506,36.7490909090909,42.0636363636364,21.1872727272727,0.52,43.9836363636364,0.0690909090909091,14.06,0.0563636363636364,41.3109090909091,-0.200355288881308,1.28575623556972,0.835509090909091,0.868563636363636,0.834727272727273
110201,65664,44537,0.621136074399096,0.628377790208835,0.5791583663298,36.7527272727273,42.0636363636364,21.1836363636364,0.518181818181818,44.0254545454545,0.0654545454545455,13.9927272727273,0.0472727272727273,41.3509090909091,-0.198441147191691,1.28181427801875,0.835509090909091,0.868563636363636,0.834727272727273
110099,65660,44439,0.621146430348289,0.628285874149941,0.579176135341526,36.7563636363636,42.0618181818182,21.1818181818182,0.514545454545455,44.08,0.0763636363636364,13.8854545454545,0.0636363636363636,41.38,-0.200549246010434,1.25759644571014,0.835509090909091,0.868563636363636,0.834727272727273
110052,65664,44388,0.621194003649338,0.628428070184524,0.579026106726575,36.7636363636364,42.0618181818182,21.1745454545455,0.510909090909091,44.1163636363636,0.0727272727272727,13.82,0.0690909090909091,41.4109090909091,-0.202103262789024,1.23684925760396,0.835509090909091,0.868563636363636,0.834727272727273
110070,65659,44411,0.621261444774446,0.628429177518198,0.579031950670929,36.7618181818182,42.06,21.1781818181818,0.512727272727273,44.1509090909091,0.0709090909090909,13.7545454545455,0.0727272727272727,41.4381818181818,-0.202823684479187,1.23412320056761,0.835509090909091,0.868563636363636,0.834727272727273
110148,65652,44496,0.621361124501659,0.628423356037585,0.579019444491627,36.7690909090909,42.0527272727273,21.1781818181818,0.510909090909091,44.2127272727273,0.0818181818181818,13.6581818181818,0.0709090909090909,41.4654545454545,-0.204159881080043,1.23454483553598,0.835509090909091,0.868563636363636,0.834727272727273
110203,65648,44555,0.621349867271699,0.628422582446429,0.579106653329369,36.7727272727273,42.0527272727273,21.1745454545455,0.509090909090909,44.2581818181818,0.0872727272727273,13.5709090909091,0.0709090909090909,41.5036363636364,-0.207479885997335,1.2355475530367,0.835509090909091,0.868563636363636,0.834727272727273
110250,65639,44611,0.621460593274911,0.628180850928835,0.579132102516668,36.78,42.0472727272727,21.1727272727273,0.510909090909091,44.3163636363636,0.0818181818181818,13.4909090909091,0.0490909090909091,41.5509090909091,-0.206729230690689,1.2358392323452,0.835509090909091,0.868563636363636,0.834727272727273
110334,65662,44672,0.621489518412343,0.628102055158856,0.579074900380472,36.78,42.0509090909091,21.1690909090909,0.505454545454545,44.3654545454545,0.0654545454545455,13.4309090909091,0.06,41.5727272727273,-0.2033052091328,1.23945132258602,0.835509090909091,0.868563636363636,0.834727272727273
110305,65656,44649,0.621259281266063,0.628161166659273,0.57905682806366,36.7709090909091,42.0581818181818,21.1709090909091,0.498181818181818,44.42,0.0727272727272727,13.3418181818182,0.0563636363636364,41.6109090909091,-0.206003642143663,1.22221263480288,0.835509090909091,0.868563636363636,0.834727272727273
110303,65662,44641,0.621233505068612,0.628139010514185,0.579080289575576,36.7636363636364,42.06,21.1763636363636,0.494545454545455,44.4709090909091,0.0781818181818182,13.2690909090909,0.0363636363636364,41.6509090909091,-0.20580173106282,1.21075135314498,0.835509090909091,0.868563636363636,0.834727272727273
110297,65663,44634,0.621222096945484,0.628220624405947,0.579033837758576,36.7636363636364,42.0690909090909,21.1672727272727,0.487272727272727,44.5,0.0818181818181818,13.2072727272727,0.0509090909090909,41.6727272727273,-0.205695578398908,1.20284049280665,0.835509090909091,0.868563636363636,0.834727272727273
110341,65667,44674,0.621227086935108,0.628242022187965,0.579153219752104,36.76,42.0672727272727,21.1727272727273,0.487272727272727,44.5509090909091,0.0818181818181818,13.1145454545455,0.0672727272727273,41.6981818181818,-0.204955354164717,1.20192624970593,0.835509090909091,0.868563636363636,0.834727272727273
110239,65666,44573,0.621263447576982,0.628002046141874,0.579108974422359,36.7636363636364,42.0563636363636,21.18,0.485454545454546,44.5890909090909,0.0727272727272727,13.0309090909091,0.0654545454545455,41.7563636363636,-0.204204723363099,1.19054212339053,0.835509090909091,0.868563636363636,0.834727272727273
110156,65673,44483,0.621180332969446,0.628064451573395,0.57901440464277,36.7581818181818,42.06,21.1818181818182,0.485454545454546,44.64,0.0818181818181818,12.9454545454545,0.0690909090909091,41.7781818181818,-0.206187468964212,1.16606204804372,0.835509090909091,0.868563636363636,0.834727272727273
110147,65675,44472,0.621145961904517,0.627910795408531,0.578862737847034,36.7545454545455,42.0672727272727,21.1781818181818,0.476363636363636,44.6909090909091,0.0563636363636364,12.8927272727273,0.0672727272727273,41.8163636363636,-0.203729571165075,1.15198641856286,0.835509090909091,0.868563636363636,0.834727272727273
110124,65662,44462,0.621191028243916,0.627675358877193,0.578884212314993,36.7527272727273,42.0672727272727,21.18,0.472727272727273,44.7163636363636,0.0709090909090909,12.8,0.0690909090909091,41.8709090909091,-0.204137828644294,1.14807575339113,0.835509090909091,0.868563636363636,0.834727272727273
110244,65668,44576,0.621179606115552,0.627842573065973,0.579104686686748,36.7509090909091,42.0690909090909,21.18,0.470909090909091,44.7672727272727,0.0709090909090909,12.7254545454545,0.0709090909090909,41.8945454545455,-0.204060702544005,1.15855516196991,0.835509090909091,0.868563636363636,0.834727272727273
110149,65658,44491,0.621164229987301,0.627680379187398,0.579106245136658,36.7636363636364,42.0545454545455,21.1818181818182,0.467272727272727,44.8109090909091,0.0563636363636364,12.6745454545455,0.0472727272727273,41.9436363636364,-0.20613380391541,1.13762122766877,0.835509090909091,0.868563636363636,0.834727272727273
110246,65674,44572,0.62122529802564,0.627637980762319,0.579265344055332,36.7727272727273,42.0545454545455,21.1727272727273,0.467272727272727,44.8454545454545,0.0781818181818182,12.5854545454545,0.0454545454545455,41.9781818181818,-0.204789636347678,1.14171152406118,0.835509090909091,0.868563636363636,0.834727272727273
110072,65685,44387,0.621018665504349,0.627562273147432,0.579164141069143,36.7636363636364,42.0563636363636,21.18,0.469090909090909,44.88,0.0763636363636364,12.5,0.0581818181818182,42.0163636363636,-0.202105748108641,1.10382067654282,0.835509090909091,0.868563636363636,0.834727272727273
110039,65675,44364,0.621013370208811,0.627383658379799,0.579176472657793,36.7618181818182,42.0545454545455,21.1836363636364,0.467272727272727,44.9345454545455,0.0636363636363636,12.3963636363636,0.0654545454545455,42.0727272727273,-0.203382223523857,1.09175226345489,0.835509090909091,0.868563636363636,0.834727272727273
110030,65678,44352,0.621157850273968,0.627557518367726,0.579166368905117,36.76,42.0618181818182,21.1781818181818,0.461818181818182,44.98,0.0581818181818182,12.3163636363636,0.0581818181818182,42.1254545454546,-0.205562439134255,1.09071441316469,0.835509090909091,0.868563636363636,0.834727272727273
110303,65676,44627,0.621252014764817,0.627658385875605,0.579175409365138,36.7709090909091,42.0527272727273,21.1763636363636,0.454545454545454,45.0127272727273,0.0581818181818182,12.2090909090909,0.0654545454545455,42.2,-0.205466050328687,1.12952079271728,0.835509090909091,0.868563636363636,0.834727272727273
110285,65664,44621,0.62118280233352,0.627586779670304,0.579075185583872,36.7709090909091,42.0509090909091,21.1781818181818,0.452727272727273,45.0309090909091,0.0672727272727273,12.1472727272727,0.0472727272727273,42.2545454545455,-0.20490687364879,1.11247592931613,0.835509090909091,0.868563636363636,0.834727272727273
110401,65684,44717,0.621251246331918,0.627674494287297,0.579142120201092,36.7727272727273,42.0418181818182,21.1854545454545,0.449090909090909,45.0854545454546,0.0618181818181818,12.0490909090909,0.0563636363636364,42.2981818181818,-0.204501747993213,1.12060237445615,0.835509090909091,0.868563636363636,0.834727272727273
110456,65695,44761,0.621202377513223,0.627579518862492,0.579279051036889,36.7745454545455,42.0472727272727,21.1781818181818,0.447272727272727,45.1145454545455,0.0654545454545455,11.9509090909091,0.0454545454545455,42.3763636363636,-0.200577015125402,1.12967142320915,0.835509090909091,0.868563636363636,0.834727272727273
110623,65697,44926,0.621078296696045,0.628023108527677,0.579133680385786,36.7654545454546,42.0563636363636,21.1781818181818,0.445454545454545,45.1436363636364,0.0618181818181818,11.86,0.06,42.4290909090909,-0.202605448630824,1.14711273552173,0.835509090909091,0.868563636363636,0.834727272727273
110638,65690,44948,0.620994086728067,0.627780209274144,0.579289555307068,36.7690909090909,42.0472727272727,21.1836363636364,0.443636363636364,45.1509090909091,0.0581818181818182,11.8090909090909,0.0509090909090909,42.4872727272727,-0.200925212799947,1.15049374528568,0.835509090909091,0.868563636363636,0.834727272727273
110698,65682,45016,0.62108864098022,0.627697462096599,0.579177392335714,36.7763636363636,42.0436363636364,21.18,0.44,45.1745454545455,0.0709090909090909,11.7345454545455,0.0545454545454545,42.5254545454545,-0.202529271557829,1.15584814330902,0.835509090909091,0.868563636363636,0.834727272727273
110661,65694,44967,0.621064553091563,0.627750738380392,0.57916587690627,36.7781818181818,42.0363636363636,21.1854545454545,0.436363636363636,45.2072727272727,0.0672727272727273,11.6727272727273,0.0472727272727273,42.5690909090909,-0.200749988213912,1.14182502742148,0.835509090909091,0.868563636363636,0.834727272727273
110741,65700,45041,0.621073076295824,0.62773518401459,0.579339509645347,36.7781818181818,42.0381818181818,21.1836363636364,0.436363636363636,45.2345454545455,0.0618181818181818,11.6036363636364,0.0563636363636364,42.6072727272727,-0.200631722868275,1.14165127870034,0.835509090909091,0.868563636363636,0.834727272727273
110786,65693,45093,0.621085810278526,0.627607014779942,0.579317758490433,36.78,42.0327272727273,21.1872727272727,0.432727272727273,45.2527272727273,0.0509090909090909,11.5672727272727,0.0454545454545455,42.6509090909091,-0.203431573007534,1.13885948147667,0.835509090909091,0.868563636363636,0.834727272727273
110601,65705,44896,0.620971597069784,0.627574391961025,0.579035128914264,36.7763636363636,42.0509090909091,21.1727272727273,0.429090909090909,45.24,0.08,11.5236363636364,0.0527272727272727,42.6745454545455,-0.200711301417257,1.10589265869084,0.835509090909091,0.868563636363636,0.834727272727273
110953,65707,45246,0.62107795487414,0.627511590680473,0.579268162112786,36.78,42.0490909090909,21.1709090909091,0.421818181818182,45.2690909090909,0.0763636363636364,11.4581818181818,0.0581818181818182,42.7163636363636,-0.201438067855766,1.14417345228351,0.835509090909091,0.868563636363636,0.834727272727273
110760,65708,45052,0.621086656821658,0.627401686682836,0.579187649808631,36.7781818181818,42.0545454545455,21.1672727272727,0.42,45.2872727272727,0.0727272727272727,11.4036363636364,0.06,42.7563636363636,-0.201816519612674,1.10642543425784,0.835509090909091,0.868563636363636,0.834727272727273
110690,65703,44987,0.621106338381403,0.627565067003037,0.578938009418866,36.7818181818182,42.0581818181818,21.16,0.414545454545455,45.3036363636364,0.0636363636363636,11.3727272727273,0.0527272727272727,42.7927272727273,-0.204073974549299,1.09598377849907,0.835509090909091,0.868563636363636,0.834727272727273
110599,65689,44910,0.621060239188578,0.627480204759972,0.579080124024872,36.7818181818182,42.0490909090909,21.1690909090909,0.410909090909091,45.3,0.0763636363636364,11.3236363636364,0.0618181818181818,42.8272727272727,-0.207114020508743,1.07156303246421,0.835509090909091,0.868563636363636,0.834727272727273
110767,65690,45077,0.621070797123262,0.627459605164034,0.579348888324549,36.78,42.0472727272727,21.1727272727273,0.410909090909091,45.3072727272727,0.0727272727272727,11.2781818181818,0.0581818181818182,42.8727272727273,-0.205962514881354,1.10392113982657,0.835509090909091,0.868563636363636,0.834727272727273
110921,65693,45228,0.620960967733432,0.627439518034582,0.579460586166539,36.7781818181818,42.0472727272727,21.1745454545455,0.407272727272727,45.3236363636364,0.0618181818181818,11.2236363636364,0.0581818181818182,42.9254545454545,-0.205000083197228,1.10598473352465,0.835509090909091,0.868563636363636,0.834727272727273
110425,65696,44729,0.620937950060035,0.627320639627958,0.578884405154233,36.7818181818182,42.0436363636364,21.1745454545455,0.403636363636364,45.3109090909091,0.0709090909090909,11.1945454545455,0.0709090909090909,42.9490909090909,-0.203130707938081,1.02212048171257,0.835509090909091,0.868563636363636,0.834727272727273
110490,65703,44787,0.620987878663768,0.627447458552043,0.57880567226187,36.78,42.0472727272727,21.1727272727273,0.398181818181818,45.3036363636364,0.0727272727272727,11.1690909090909,0.0436363636363636,43.0127272727273,-0.203213478985179,1.02679682402787,0.835509090909091,0.868563636363636,0.834727272727273
110537,65707,44830,0.621095397501672,0.627413062828029,0.578914845161614,36.7854545454545,42.0454545454545,21.1690909090909,0.394545454545454,45.3,0.0654545454545455,11.1490909090909,0.0472727272727273,43.0436363636364,-0.203750314777095,1.02471381668848,0.835509090909091,0.868563636363636,0.834727272727273
110643,65700,44943,0.621158443298898,0.627309968582575,0.578895050657251,36.7890909090909,42.0490909090909,21.1618181818182,0.389090909090909,45.3072727272727,0.06,11.1236363636364,0.0418181818181818,43.0781818181818,-0.206843125544137,1.02887709496373,0.835509090909091,0.868563636363636,0.834727272727273
110290,65692,44598,0.621089636939332,0.627186853372258,0.578810452076893,36.7872727272727,42.0509090909091,21.1618181818182,0.387272727272727,45.3090909090909,0.0654545454545455,11.0872727272727,0.0563636363636364,43.0945454545455,-0.209354972011021,0.980788412867961,0.835509090909091,0.868563636363636,0.834727272727273
110451,65698,44753,0.621061047169588,0.627226434285451,0.578905449647632,36.7872727272727,42.0545454545455,21.1581818181818,0.385454545454545,45.3272727272727,0.0581818181818182,11.04,0.0490909090909091,43.14,-0.207438861966313,0.989249595508657,0.835509090909091,0.868563636363636,0.834727272727273
110682,65713,44969,0.621021831611882,0.62742928178146,0.578970220125104,36.7818181818182,42.0545454545455,21.1636363636364,0.38,45.3163636363636,0.0727272727272727,11.0072727272727,0.0436363636363636,43.18,-0.203852153440742,1.02507639643313,0.835509090909091,0.868563636363636,0.834727272727273
110511,65725,44786,0.620943340384695,0.627187491786627,0.578924970501428,36.7818181818182,42.0654545454545,21.1527272727273,0.38,45.3109090909091,0.0709090909090909,10.9618181818182,0.0618181818181818,43.2145454545455,-0.201558747162529,0.990834364311939,0.835509090909091,0.868563636363636,0.834727272727273
110648,65712,44936,0.620999690464362,0.627258572950598,0.578945048460067,36.7836363636364,42.0563636363636,21.16,0.378181818181818,45.3,0.0727272727272727,10.9527272727273,0.0327272727272727,43.2636363636364,-0.205252647025257,1.01193849892271,0.835509090909091,0.868563636363636,0.834727272727273
110712,65702,45010,0.621138935329779,0.627276484781979,0.579032879790823,36.7945454545455,42.0436363636364,21.1618181818182,0.378181818181818,45.2963636363636,0.06,10.94,0.0345454545454545,43.2909090909091,-0.20864736232642,1.0087561856786,0.835509090909091,0.868563636363636,0.834727272727273
110628,65694,44934,0.621017179384296,0.627255756558397,0.57905481191773,36.7945454545455,42.0381818181818,21.1672727272727,0.372727272727273,45.3,0.0581818181818182,10.9181818181818,0.0254545454545455,43.3254545454545,-0.209886349453154,0.993465516631576,0.835509090909091,0.868563636363636,0.834727272727273
110627,65707,44920,0.620968797340183,0.627252157430024,0.578985113906039,36.7909090909091,42.0472727272727,21.1618181818182,0.369090909090909,45.3072727272727,0.0563636363636364,10.8763636363636,0.0472727272727273,43.3436363636364,-0.206828281946814,0.982557101429186,0.835509090909091,0.868563636363636,0.834727272727273
110550,65705,44845,0.620997588761784,0.627223271626044,0.578872487064982,36.7854545454545,42.0509090909091,21.1636363636364,0.367272727272727,45.28,0.0636363636363636,10.8745454545455,0.0472727272727273,43.3672727272727,-0.208064801748233,0.967053041276945,0.835509090909091,0.868563636363636,0.834727272727273
110730,65711,45019,0.620976947329315,0.627138792127731,0.579071747201624,36.7872727272727,42.0527272727273,21.16,0.367272727272727,45.2781818181818,0.0690909090909091,10.8418181818182,0.0509090909090909,43.3927272727273,-0.206107212265025,0.981428434852172,0.835509090909091,0.868563636363636,0.834727272727273
110719,65698,45021,0.620990730428623,0.627164130583641,0.579139691949338,36.7909090909091,42.0454545454545,21.1636363636364,0.365454545454545,45.2727272727273,0.0672727272727273,10.8254545454545,0.0381818181818182,43.4309090909091,-0.209002471394474,0.976113538291644,0.835509090909091,0.868563636363636,0.834727272727273
110915,65702,45213,0.620983521568179,0.62722387625616,0.579239221699291,36.7854545454545,42.0472727272727,21.1672727272727,0.361818181818182,45.2763636363636,0.0709090909090909,10.8,0.0363636363636364,43.4545454545455,-0.208676169883851,0.990891593042761,0.835509090909091,0.868563636363636,0.834727272727273
110600,65694,44906,0.621011722200131,0.627115847273068,0.579056598769137,36.7927272727273,42.04,21.1672727272727,0.361818181818182,45.2709090909091,0.0672727272727273,10.7745454545455,0.0309090909090909,43.4945454545455,-0.210875997777211,0.955422581571408,0.835509090909091,0.868563636363636,0.834727272727273
110456,65692,44764,0.621003428046858,0.626955825253931,0.578807023817881,36.7945454545455,42.0436363636364,21.1618181818182,0.358181818181818,45.2727272727273,0.0709090909090909,10.7345454545455,0.0381818181818182,43.5254545454545,-0.210540303616819,0.929702808826484,0.835509090909091,0.868563636363636,0.834727272727273
110737,65708,45029,0.620929589484939,0.627004922119288,0.57900100464004,36.7909090909091,42.0509090909091,21.1581818181818,0.358181818181818,45.2636363636364,0.0545454545454545,10.7236363636364,0.0363636363636364,43.5636363636364,-0.208577902833481,0.951334466531196,0.835509090909091,0.868563636363636,0.834727272727273
110861,65715,45146,0.621052031501282,0.627029634550559,0.578968966777269,36.7945454545455,42.0436363636364,21.1618181818182,0.358181818181818,45.2309090909091,0.0618181818181818,10.6963636363636,0.0363636363636364,43.6163636363636,-0.207901726792096,0.968937526266514,0.835509090909091,0.868563636363636,0.834727272727273
110826,65702,45124,0.621071182213589,0.626896754945528,0.578916764353523,36.8,42.04,21.16,0.356363636363636,45.2309090909091,0.0563636363636364,10.64,0.04,43.6763636363636,-0.209201886892962,0.957594449598004,0.835509090909091,0.868563636363636,0.834727272727273
110852,65704,45148,0.620934924415789,0.627018314986585,0.578997919914564,36.7890909090909,42.06,21.1509090909091,0.356363636363636,45.2272727272727,0.0490909090909091,10.6163636363636,0.0381818181818182,43.7127272727273,-0.212924945795186,0.947870261484588,0.835509090909091,0.868563636363636,0.834727272727273
110765,65704,45061,0.620876840695229,0.626915052354661,0.579048755430732,36.7981818181818,42.0527272727273,21.1490909090909,0.358181818181818,45.2036363636364,0.0636363636363636,10.5890909090909,0.0363636363636364,43.7490909090909,-0.213848845813349,0.920659255270254,0.835509090909091,0.868563636363636,0.834727272727273
110801,65708,45093,0.620904654216334,0.627054778245148,0.578972276000752,36.7927272727273,42.0545454545455,21.1527272727273,0.358181818181818,45.2072727272727,0.0545454545454545,10.5636363636364,0.0327272727272727,43.7836363636364,-0.212072960059529,0.926261962890964,0.835509090909091,0.868563636363636,0.834727272727273
110781,65702,45079,0.620892536942877,0.626952639996035,0.578970950828069,36.7890909090909,42.0545454545455,21.1563636363636,0.358181818181818,45.1963636363636,0.0509090909090909,10.5527272727273,0.0272727272727273,43.8145454545455,-0.211395908178912,0.921916823089123,0.835509090909091,0.868563636363636,0.834727272727273
110694,65697,44997,0.62086477069493,0.626851047979082,0.578855173363361,36.7963636363636,42.0418181818182,21.1618181818182,0.358181818181818,45.1727272727273,0.0527272727272727,10.5290909090909,0.0272727272727273,43.86,-0.209312489957533,0.908577404467558,0.835509090909091,0.868563636363636,0.834727272727273
110946,65712,45234,0.620829057462007,0.626962704685512,0.579028489669245,36.7945454545455,42.04,21.1654545454545,0.358181818181818,45.1418181818182,0.0672727272727273,10.4854545454545,0.02,43.9272727272727,-0.20734569014656,0.937279895803129,0.835509090909091,0.868563636363636,0.834727272727273
110722,65709,45013,0.620910337535634,0.626863904586815,0.57875179510587,36.7981818181818,42.0254545454545,21.1763636363636,0.352727272727273,45.1327272727273,0.0690909090909091,10.4472727272727,0.0327272727272727,43.9654545454545,-0.210131698458479,0.892770654191686,0.835509090909091,0.868563636363636,0.834727272727273
110839,65707,45132,0.62090422690823,0.626780438884807,0.578890613176253,36.7963636363636,42.0327272727273,21.1709090909091,0.352727272727273,45.1272727272727,0.0563636363636364,10.4327272727273,0.0272727272727273,44.0036363636364,-0.211195826635826,0.907378328913315,0.835509090909091,0.868563636363636,0.834727272727273
110778,65707,45071,0.62082721720672,0.626704106215754,0.578865721433702,36.8,42.0363636363636,21.1636363636364,0.350909090909091,45.12,0.0563636363636364,10.3981818181818,0.0472727272727273,44.0272727272727,-0.211112386609735,0.888675737838176,0.835509090909091,0.868563636363636,0.834727272727273
110784,65719,45065,0.620774341007494,0.626780083378537,0.578943464985576,36.8,42.0454545454545,21.1545454545455,0.350909090909091,45.1018181818182,0.0509090909090909,10.3872727272727,0.0345454545454545,44.0745454545455,-0.210823180321313,0.890793603777208,0.835509090909091,0.868563636363636,0.834727272727273
110750,65719,45031,0.620779380267973,0.62677713205009,0.578772640900896,36.7927272727273,42.0527272727273,21.1545454545455,0.350909090909091,45.0909090909091,0.06,10.3672727272727,0.0345454545454545,44.0963636363636,-0.211978908863636,0.877456530352885,0.835509090909091,0.868563636363636,0.834727272727273
110720,65705,45015,0.620898053909708,0.626791286966359,0.578639833184367,36.7963636363636,42.0490909090909,21.1545454545455,0.347272727272727,45.0636363636364,0.06,10.3709090909091,0.0345454545454545,44.1236363636364,-0.215937677369617,0.870943550799381,0.835509090909091,0.868563636363636,0.834727272727273
110761,65697,45064,0.620784429667785,0.62674652031047,0.578574597348452,36.7981818181818,42.0509090909091,21.1509090909091,0.347272727272727,45.0709090909091,0.0527272727272727,10.3218181818182,0.0345454545454545,44.1727272727273,-0.214617349625504,0.86815316261385,0.835509090909091,0.868563636363636,0.834727272727273
110681,65693,44988,0.620711545727016,0.626639615466825,0.578580016788138,36.7981818181818,42.0345454545455,21.1672727272727,0.345454545454545,45.0745454545455,0.0527272727272727,10.3,0.0418181818181818,44.1854545454545,-0.214869622142115,0.852095904700797,0.835509090909091,0.868563636363636,0.834727272727273
110887,65715,45172,0.620733091219888,0.626754427713663,0.578851008913016,36.7890909090909,42.0490909090909,21.1618181818182,0.343636363636364,45.0690909090909,0.0509090909090909,10.2781818181818,0.0418181818181818,44.2163636363636,-0.211975739329831,0.872781461087818,0.835509090909091,0.868563636363636,0.834727272727273
110785,65706,45079,0.620786227501468,0.626776208788984,0.578582617627046,36.7945454545455,42.0436363636364,21.1618181818182,0.341818181818182,45.0690909090909,0.0490909090909091,10.2618181818182,0.0454545454545455,44.2327272727273,-0.21394148262506,0.864496947977353,0.835509090909091,0.868563636363636,0.834727272727273
110750,65711,45039,0.620748339424374,0.626754955620284,0.578537618170951,36.7963636363636,42.0490909090909,21.1545454545455,0.34,45.0581818181818,0.0563636363636364,10.2490909090909,0.0327272727272727,44.2636363636364,-0.213235953771734,0.848068972710859,0.835509090909091,0.868563636363636,0.834727272727273
111079,65723,45356,0.620886318731231,0.626692362411569,0.57891895976034,36.8018181818182,42.0418181818182,21.1563636363636,0.338181818181818,45.0545454545455,0.06,10.2254545454545,0.0345454545454545,44.2872727272727,-0.211815448822348,0.881497394242747,0.835509090909091,0.868563636363636,0.834727272727273
110995,65721,45274,0.620780819089237,0.626748805954059,0.578796425447686,36.8036363636364,42.04,21.1563636363636,0.336363636363636,45.0763636363636,0.0527272727272727,10.1927272727273,0.0290909090909091,44.3127272727273,-0.211705279204431,0.862383521754633,0.835509090909091,0.868563636363636,0.834727272727273
111017,65719,45298,0.620775790352031,0.626715473231128,0.578856850566177,36.8036363636364,42.04,21.1563636363636,0.334545454545455,45.0763636363636,0.0545454545454545,10.1527272727273,0.04,44.3418181818182,-0.214385425253303,0.851166769303381,0.835509090909091,0.868563636363636,0.834727272727273
111023,65730,45293,0.620723814252637,0.626705716903228,0.578807529081639,36.7927272727273,42.0527272727273,21.1545454545455,0.332727272727273,45.0763636363636,0.0563636363636364,10.1327272727273,0.04,44.3618181818182,-0.213195141102386,0.845419539391084,0.835509090909091,0.868563636363636,0.834727272727273
110979,65731,45248,0.620759298107591,0.626677612553671,0.578796692879001,36.7927272727273,42.0509090909091,21.1563636363636,0.332727272727273,45.0872727272727,0.0472727272727273,10.1036363636364,0.0472727272727273,44.3818181818182,-0.21193563907099,0.831317206108096,0.835509090909091,0.868563636363636,0.834727272727273
110845,65713,45132,0.620765257368224,0.626502939367813,0.578514856488556,36.8018181818182,42.0345454545455,21.1636363636364,0.332727272727273,45.0963636363636,0.0418181818181818,10.0581818181818,0.0418181818181818,44.4290909090909,-0.213386874661691,0.816861571007493,0.835509090909091,0.868563636363636,0.834727272727273
110960,65718,45242,0.620854015062411,0.626616602436148,0.578785522642079,36.8090909090909,42.0345454545455,21.1563636363636,0.332727272727273,45.0781818181818,0.0363636363636364,10.0563636363636,0.0545454545454545,44.4418181818182,-0.216102154922092,0.827942007132383,0.835509090909091,0.868563636363636,0.834727272727273
110998,65723,45275,0.620944257347362,0.626516571197864,0.578794623986105,36.8127272727273,42.0309090909091,21.1563636363636,0.329090909090909,45.0854545454546,0.0436363636363636,10.0254545454545,0.0472727272727273,44.4690909090909,-0.215845730644452,0.827212426498194,0.835509090909091,0.868563636363636,0.834727272727273
111017,65728,45289,0.620745525856283,0.626507019270472,0.578803659731118,36.8054545454546,42.0363636363636,21.1581818181818,0.329090909090909,45.0818181818182,0.0545454545454545,10.0163636363636,0.0472727272727273,44.4709090909091,-0.212396121247267,0.825114764899693,0.835509090909091,0.868563636363636,0.834727272727273
110995,65729,45266,0.620645141084564,0.626494870433276,0.578813783605013,36.7981818181818,42.0436363636364,21.1581818181818,0.327272727272727,45.08,0.0472727272727273,10.0145454545455,0.0418181818181818,44.4890909090909,-0.213599613181643,0.821379936842079,0.835509090909091,0.868563636363636,0.834727272727273
111165,65720,45445,0.620561186028671,0.626580077862386,0.578947217008718,36.7981818181818,42.0418181818182,21.16,0.327272727272727,45.0763636363636,0.0509090909090909,9.98545454545455,0.0418181818181818,44.5181818181818,-0.215681759449283,0.84385091336444,0.835509090909091,0.868563636363636,0.834727272727273
111048,65728,45320,0.620532019163769,0.62652676387112,0.578930632716756,36.8,42.0363636363636,21.1636363636364,0.327272727272727,45.0818181818182,0.0436363636363636,9.95818181818182,0.0472727272727273,44.5418181818182,-0.21378734320004,0.816350841733881,0.835509090909091,0.868563636363636,0.834727272727273
111082,65732,45350,0.620616254777498,0.626460554096087,0.578898828163676,36.8036363636364,42.0309090909091,21.1654545454545,0.327272727272727,45.0818181818182,0.0454545454545455,9.93818181818182,0.0381818181818182,44.5690909090909,-0.211637750140786,0.814449055755342,0.835509090909091,0.868563636363636,0.834727272727273
111020,65719,45301,0.620636190082859,0.626550369769149,0.578643226715458,36.8036363636364,42.0363636363636,21.16,0.327272727272727,45.0890909090909,0.04,9.93090909090909,0.0309090909090909,44.5818181818182,-0.21823812212877,0.801218023218892,0.835509090909091,0.868563636363636,0.834727272727273
111118,65726,45392,0.620666819869603,0.626570848794632,0.578847109981308,36.8018181818182,42.0381818181818,21.16,0.325454545454545,45.0818181818182,0.0436363636363636,9.92181818181818,0.04,44.5872727272727,-0.217922510898577,0.805593480677767,0.835509090909091,0.868563636363636,0.834727272727273
111115,65730,45385,0.620575671929039,0.626392015347862,0.578813742602791,36.8,42.0363636363636,21.1636363636364,0.325454545454545,45.0781818181818,0.0290909090909091,9.92727272727273,0.0290909090909091,44.6109090909091,-0.212587284844234,0.805252551304346,0.835509090909091,0.868563636363636,0.834727272727273
111084,65734,45350,0.62057208597427,0.626406432803992,0.578827147742823,36.8,42.0381818181818,21.1618181818182,0.325454545454545,45.06,0.0309090909090909,9.92,0.0363636363636364,44.6272727272727,-0.212389815696621,0.795921485955742,0.835509090909091,0.868563636363636,0.834727272727273
111002,65740,45262,0.620644088876619,0.626258151321122,0.578774717151057,36.8,42.04,21.16,0.323636363636364,45.0581818181818,0.0381818181818182,9.89090909090909,0.0290909090909091,44.66,-0.211836011996506,0.782216011080891,0.835509090909091,0.868563636363636,0.834727272727273
111034,65731,45303,0.620673523018929,0.626269601274329,0.578867172251246,36.8036363636364,42.0345454545455,21.1618181818182,0.323636363636364,45.0690909090909,0.0290909090909091,9.88363636363636,0.0290909090909091,44.6654545454545,-0.212984062424022,0.774304323406382,0.835509090909091,0.868563636363636,0.834727272727273
111079,65720,45359,0.620674578563026,0.62625212259471,0.578913852051064,36.8109090909091,42.0272727272727,21.1618181818182,0.32,45.0472727272727,0.0436363636363636,9.87818181818182,0.0309090909090909,44.68,-0.216147638680294,0.779823170178993,0.835509090909091,0.868563636363636,0.834727272727273
111108,65726,45382,0.620670973058671,0.626250111812817,0.578905139084424,36.8072727272727,42.0327272727273,21.16,0.318181818181818,45.0527272727273,0.0345454545454545,9.86545454545454,0.0290909090909091,44.7,-0.214912811040862,0.784055077911101,0.835509090909091,0.868563636363636,0.834727272727273
111056,65728,45328,0.620593533744606,0.626304119350105,0.578896151110868,36.8109090909091,42.0309090909091,21.1581818181818,0.318181818181818,45.0654545454545,0.0327272727272727,9.83272727272727,0.0381818181818182,44.7127272727273,-0.215111804213732,0.771839359605854,0.835509090909091,0.868563636363636,0.834727272727273
111164,65715,45449,0.620635838253427,0.626371912792756,0.578846530658162,36.8109090909091,42.0254545454545,21.1636363636364,0.318181818181818,45.0509090909091,0.0363636363636364,9.84727272727273,0.0345454545454545,44.7127272727273,-0.219314130278508,0.783837971624664,0.835509090909091,0.868563636363636,0.834727272727273
111086,65722,45364,0.620588172627819,0.626370343394786,0.578872475439174,36.8054545454546,42.0327272727273,21.1618181818182,0.318181818181818,45.0345454545455,0.0472727272727273,9.84,0.0418181818181818,44.7181818181818,-0.215800006390253,0.774091791734099,0.835509090909091,0.868563636363636,0.834727272727273
111059,65722,45337,0.620661255843254,0.626402386249985,0.578827812336367,36.8018181818182,42.0363636363636,21.1618181818182,0.318181818181818,45.0327272727273,0.0545454545454545,9.82363636363636,0.0363636363636364,44.7345454545455,-0.218248555704221,0.766749434105375,0.835509090909091,0.868563636363636,0.834727272727273
111143,65723,45420,0.620606950856901,0.62641949595977,0.578918892066793,36.8036363636364,42.0363636363636,21.16,0.318181818181818,45.0363636363636,0.0345454545454545,9.83090909090909,0.0418181818181818,44.7381818181818,-0.217137959814731,0.774172992741858,0.835509090909091,0.868563636363636,0.834727272727273
111108,65729,45379,0.620571262658686,0.626296987858324,0.579000445421986,36.8072727272727,42.0290909090909,21.1636363636364,0.318181818181818,45.0327272727273,0.0454545454545455,9.81272727272727,0.0454545454545455,44.7454545454545,-0.215028314626926,0.762407135192982,0.835509090909091,0.868563636363636,0.834727272727273
111067,65723,45344,0.620568350257797,0.626254908946103,0.578913066409058,36.8072727272727,42.0272727272727,21.1654545454545,0.318181818181818,45.0327272727273,0.0563636363636364,9.8,0.0381818181818182,44.7545454545455,-0.215544337804816,0.754430573425171,0.835509090909091,0.868563636363636,0.834727272727273
111104,65731,45373,0.620555680118463,0.626390593863933,0.578987700399079,36.8018181818182,42.0309090909091,21.1672727272727,0.316363636363636,45.0309090909091,0.0418181818181818,9.80727272727273,0.0436363636363636,44.76,-0.21818599062436,0.752504573296756,0.835509090909091,0.868563636363636,0.834727272727273
111066,65729,45337,0.620458424486021,0.626347447433119,0.578829586974663,36.7981818181818,42.0381818181818,21.1636363636364,0.314545454545455,45.0545454545455,0.0345454545454545,9.78545454545454,0.0327272727272727,44.7781818181818,-0.217431666531907,0.750586294890805,0.835509090909091,0.868563636363636,0.834727272727273
110992,65725,45267,0.620584501542154,0.626253669428269,0.578777554489079,36.8054545454546,42.0272727272727,21.1672727272727,0.314545454545455,45.06,0.0363636363636364,9.78909090909091,0.0345454545454545,44.7654545454546,-0.217988313915769,0.723067012369971,0.835509090909091,0.868563636363636,0.834727272727273
111218,65714,45504,0.620524029061722,0.626155093697169,0.578957430968993,36.8127272727273,42.0236363636364,21.1636363636364,0.314545454545455,45.0472727272727,0.0418181818181818,9.79090909090909,0.0381818181818182,44.7672727272727,-0.219182251717178,0.745607456209307,0.835509090909091,0.868563636363636,0.834727272727273
110798,65724,45074,0.620573249726988,0.626164507966866,0.578474860776831,36.8090909090909,42.0254545454545,21.1654545454545,0.314545454545455,45.0545454545455,0.0490909090909091,9.76727272727273,0.0363636363636364,44.7781818181818,-0.217043927032104,0.68694427144629,0.835509090909091,0.868563636363636,0.834727272727273
110781,65720,45061,0.620474774654343,0.626249657917544,0.57849409994718,36.7981818181818,42.0309090909091,21.1709090909091,0.310909090909091,45.0618181818182,0.0436363636363636,9.77454545454546,0.0309090909090909,44.7781818181818,-0.220487336534213,0.683068243227899,0.835509090909091,0.868563636363636,0.834727272727273
110850,65729,45121,0.62057170808595,0.626215697708071,0.578567350555632,36.8,42.0327272727273,21.1672727272727,0.309090909090909,45.0872727272727,0.0363636363636364,9.75818181818182,0.0381818181818182,44.7709090909091,-0.217195124771983,0.693196768345396,0.835509090909091,0.868563636363636,0.834727272727273
110821,65727,45094,0.62048056297295,0.626240721581854,0.578442908797193,36.8,42.04,21.16,0.309090909090909,45.1018181818182,0.04,9.74727272727273,0.0454545454545455,44.7563636363636,-0.2199822796721,0.683881136918948,0.835509090909091,0.868563636363636,0.834727272727273
110889,65741,45148,0.620474510283533,0.62643389572832,0.578602126456317,36.7981818181818,42.0472727272727,21.1545454545455,0.309090909090909,45.1072727272727,0.0454545454545455,9.76181818181818,0.04,44.7363636363636,-0.218290849062826,0.684471757938577,0.835509090909091,0.868563636363636,0.834727272727273
110756,65731,45025,0.620502725543778,0.626349001680386,0.578403536357228,36.8018181818182,42.0363636363636,21.1618181818182,0.309090909090909,45.14,0.0454545454545455,9.74909090909091,0.0363636363636364,44.72,-0.22041414094565,0.656666310199282,0.835509090909091,0.868563636363636,0.834727272727273
110849,65727,45122,0.620570035319192,0.626243410160683,0.578489796448078,36.8036363636364,42.0363636363636,21.16,0.309090909090909,45.1654545454545,0.0509090909090909,9.73272727272727,0.0309090909090909,44.7109090909091,-0.221474362348421,0.672846139611846,0.835509090909091,0.868563636363636,0.834727272727273
110813,65728,45085,0.620637457185001,0.626128802414583,0.578524291971161,36.8054545454546,42.0345454545455,21.16,0.309090909090909,45.2036363636364,0.0472727272727273,9.70909090909091,0.0454545454545455,44.6854545454545,-0.220091912063005,0.661425679566508,0.835509090909091,0.868563636363636,0.834727272727273
110892,65719,45173,0.620541545585621,0.626217243634515,0.578544182830763,36.8,42.0381818181818,21.1618181818182,0.309090909090909,45.2254545454545,0.0454545454545455,9.70727272727273,0.0363636363636364,44.6763636363636,-0.222954288039976,0.673571785573255,0.835509090909091,0.868563636363636,0.834727272727273
111149,65715,45434,0.620596718920497,0.626371047708276,0.578939599813205,36.7963636363636,42.0454545454545,21.1581818181818,0.307272727272727,45.2381818181818,0.0327272727272727,9.72909090909091,0.0363636363636364,44.6563636363636,-0.22675886831712,0.696468186175281,0.835509090909091,0.868563636363636,0.834727272727273
111214,65726,45488,0.620575387779729,0.626296932801319,0.578997036664415,36.8,42.0418181818182,21.1581818181818,0.307272727272727,45.2581818181818,0.0327272727272727,9.72363636363636,0.0327272727272727,44.6454545454545,-0.22137437256315,0.703980497584086,0.835509090909091,0.868563636363636,0.834727272727273
111137,65739,45398,0.62072657037649,0.626278563043897,0.578825413406616,36.8,42.0490909090909,21.1509090909091,0.305454545454545,45.2763636363636,0.0363636363636364,9.71454545454546,0.0363636363636364,44.6309090909091,-0.220753444545434,0.676591659616679,0.835509090909091,0.868563636363636,0.834727272727273
111135,65738,45397,0.620664638585547,0.626192944812452,0.578845700816818,36.8,42.0527272727273,21.1472727272727,0.301818181818182,45.3036363636364,0.0327272727272727,9.70363636363636,0.0381818181818182,44.62,-0.21934857718714,0.67466772063212,0.835509090909091,0.868563636363636,0.834727272727273
111092,65749,45343,0.62055010435886,0.626140967274921,0.578766441889223,36.7909090909091,42.0618181818182,21.1472727272727,0.303636363636364,45.3309090909091,0.0363636363636364,9.68,0.0363636363636364,44.6127272727273,-0.219517968057401,0.661409013731067,0.835509090909091,0.868563636363636,0.834727272727273
111105,65741,45364,0.620564569665754,0.626088880180385,0.578939917016293,36.7963636363636,42.0527272727273,21.1509090909091,0.303636363636364,45.3509090909091,0.0309090909090909,9.66909090909091,0.0290909090909091,44.6163636363636,-0.221650072937006,0.665847591370005,0.835509090909091,0.868563636363636,0.834727272727273
111146,65737,45409,0.620629524498165,0.62614836122527,0.57891896352354,36.8,42.0581818181818,21.1418181818182,0.303636363636364,45.3727272727273,0.0272727272727273,9.66181818181818,0.0309090909090909,44.6036363636364,-0.221779737706476,0.66850058931688,0.835509090909091,0.868563636363636,0.834727272727273
111069,65735,45334,0.620486522267093,0.626212458370305,0.57869512042259,36.8,42.0618181818182,21.1381818181818,0.301818181818182,45.3945454545455,0.0290909090909091,9.64181818181818,0.04,44.5927272727273,-0.222097572838869,0.649603858099065,0.835509090909091,0.868563636363636,0.834727272727273
110994,65738,45256,0.620551620613268,0.626209797474332,0.578733478948505,36.7981818181818,42.0709090909091,21.1309090909091,0.301818181818182,45.4018181818182,0.0363636363636364,9.63090909090909,0.0345454545454545,44.5945454545455,-0.222971433753463,0.634133535115556,0.835509090909091,0.868563636363636,0.834727272727273
111072,65737,45335,0.62046873457859,0.626217870069651,0.578993585180633,36.7945454545455,42.0836363636364,21.1218181818182,0.301818181818182,45.42,0.0272727272727273,9.60727272727273,0.0490909090909091,44.5945454545455,-0.221253053151436,0.636432298312006,0.835509090909091,0.868563636363636,0.834727272727273
111311,65728,45583,0.620586823683625,0.626209572107082,0.579065440714349,36.8,42.0763636363636,21.1236363636364,0.3,45.4254545454545,0.0327272727272727,9.6,0.0327272727272727,44.6090909090909,-0.222978174062353,0.668361688489941,0.835509090909091,0.868563636363636,0.834727272727273
111040,65739,45301,0.620400853845967,0.626197823836582,0.578956957161264,36.7981818181818,42.0818181818182,21.12,0.3,45.4454545454546,0.0309090909090909,9.58909090909091,0.0254545454545455,44.6090909090909,-0.224300125276072,0.634835488886826,0.835509090909091,0.868563636363636,0.834727272727273
110885,65735,45150,0.620569795547119,0.626037767989211,0.578860495014072,36.8018181818182,42.0618181818182,21.1363636363636,0.3,45.4472727272727,0.0327272727272727,9.56545454545455,0.0527272727272727,44.6018181818182,-0.222579283558893,0.611094558120451,0.835509090909091,0.868563636363636,0.834727272727273
110936,65743,45193,0.620691816828386,0.626068393333704,0.578926870823353,36.8036363636364,42.0654545454545,21.1309090909091,0.296363636363636,45.4618181818182,0.0290909090909091,9.56181818181818,0.0418181818181818,44.6090909090909,-0.222278965239258,0.615587669399313,0.835509090909091,0.868563636363636,0.834727272727273
111311,65748,45563,0.620672281706068,0.626132590868039,0.578907104223723,36.8036363636364,42.0709090909091,21.1254545454545,0.294545454545454,45.4781818181818,0.0381818181818182,9.54363636363636,0.04,44.6054545454545,-0.218705154288513,0.64500675952189,0.835509090909091,0.868563636363636,0.834727272727273
111205,65737,45468,0.620562074540563,0.626047959928661,0.579006888919615,36.8090909090909,42.0581818181818,21.1327272727273,0.294545454545454,45.48,0.0527272727272727,9.52363636363636,0.02,44.6290909090909,-0.222969912490457,0.628694884280081,0.835509090909091,0.868563636363636,0.834727272727273
