"total_rewards","action_rewards","opinion_rewards","sp0_social_trust","sp1_social_trust","sp2_social_trust","sp0_request_rate","sp1_request_rate","sp2_request_rate","op0_expression_rate","op1_expression_rate","op2_expression_rate","op3_expression_rate","op4_expression_rate","op5_expression_rate","mean_loss1","mean_loss2","sp0_availability","sp1_availability","sp2_availability"
32214,31883,331,0.719679830278014,0.723609570324655,0.735095526114974,32.8818181818182,33.48,33.6381818181818,16.7109090909091,16.7981818181818,16.4745454545455,16.6109090909091,16.6254545454545,16.78,1.71659773804925,-1.63059074336832,0.862981818181818,0.866309090909091,0.888163636363636
32619,31916,703,0.719665872323912,0.72384358515154,0.735084120178332,32.8909090909091,33.5090909090909,33.6,16.6327272727273,16.9709090909091,16.2381818181818,16.76,16.5127272727273,16.8854545454545,1.64675682132894,-1.5871323287487,0.862981818181818,0.866309090909091,0.888163636363636
33109,31960,1149,0.719677142232447,0.723863044052782,0.734993394424554,32.9145454545455,33.4927272727273,33.5927272727273,16.5709090909091,17.0981818181818,16.0709090909091,16.9254545454545,16.3309090909091,17.0036363636364,1.57801090370525,-1.50548368909142,0.862981818181818,0.866309090909091,0.888163636363636
33358,31945,1413,0.71948900818321,0.723535627635478,0.734919313280027,32.9218181818182,33.4836363636364,33.5945454545455,16.4963636363636,17.2109090909091,15.9581818181818,17.0327272727273,16.2036363636364,17.0981818181818,1.50297930132259,-1.51623465960676,0.862981818181818,0.866309090909091,0.888163636363636
33622,31913,1709,0.71931622259241,0.723028566053789,0.734764873651212,32.9381818181818,33.4581818181818,33.6036363636364,16.4072727272727,17.3181818181818,15.8345454545455,17.1363636363636,16.0836363636364,17.22,1.4267511064356,-1.51365136179057,0.862981818181818,0.866309090909091,0.888163636363636
33976,31941,2035,0.719220481318803,0.722851741562415,0.734712158931563,32.9309090909091,33.4581818181818,33.6109090909091,16.3218181818182,17.4363636363636,15.7254545454545,17.2218181818182,15.9454545454545,17.3490909090909,1.35524686358192,-1.49325706904585,0.862981818181818,0.866309090909091,0.888163636363636
34431,31972,2459,0.719396644043764,0.722506595291031,0.73443025123439,32.9654545454545,33.4745454545455,33.56,16.2290909090909,17.6018181818182,15.5490909090909,17.3436363636364,15.8,17.4763636363636,1.28364898074757,-1.42540668086572,0.862981818181818,0.866309090909091,0.888163636363636
34860,32038,2822,0.719485599095916,0.722285721039236,0.734524578339879,33.0254545454545,33.4327272727273,33.5418181818182,16.1636363636364,17.7272727272727,15.3618181818182,17.5054545454545,15.6581818181818,17.5836363636364,1.21437246907841,-1.39239967357029,0.862981818181818,0.866309090909091,0.888163636363636
35310,32103,3207,0.719565327406498,0.722294782581763,0.734484238429126,33.0509090909091,33.4,33.5490909090909,16.0636363636364,17.8618181818182,15.1836363636364,17.7127272727273,15.4345454545455,17.7436363636364,1.14449894536625,-1.3529632655057,0.862981818181818,0.866309090909091,0.888163636363636
35838,32189,3649,0.719427603666096,0.722294686492172,0.734680627982673,33.0236363636364,33.4145454545455,33.5618181818182,15.9636363636364,18.0218181818182,14.9745454545455,17.9381818181818,15.2418181818182,17.86,1.07524347522042,-1.280626949397,0.862981818181818,0.866309090909091,0.888163636363636
36267,32204,4063,0.719410293331396,0.722192081058741,0.73431983779764,32.9945454545455,33.4272727272727,33.5781818181818,15.8490909090909,18.1527272727273,14.8145454545455,18.1109090909091,15.0781818181818,17.9945454545455,0.999583420428363,-1.22637495940382,0.862981818181818,0.866309090909091,0.888163636363636
36814,32278,4536,0.719216014958535,0.722220416527412,0.734174410447486,32.9981818181818,33.4309090909091,33.5709090909091,15.7454545454545,18.2927272727273,14.6163636363636,18.3309090909091,14.8763636363636,18.1381818181818,0.927666068077087,-1.1436404905536,0.862981818181818,0.866309090909091,0.888163636363636
37309,32337,4972,0.719098005920468,0.721846302133173,0.734018620126372,33.0109090909091,33.3545454545455,33.6345454545455,15.6254545454545,18.4563636363636,14.44,18.5145454545455,14.6836363636364,18.28,0.853134634278037,-1.08512073159218,0.862981818181818,0.866309090909091,0.888163636363636
37824,32412,5412,0.719111286229117,0.721869177461015,0.733701264562589,33.04,33.3472727272727,33.6127272727273,15.46,18.6454545454545,14.2709090909091,18.7236363636364,14.4854545454545,18.4145454545455,0.77869033054872,-1.03371266180819,0.862981818181818,0.866309090909091,0.888163636363636
38291,32437,5854,0.719019585901996,0.721742374478909,0.733571395167394,33.0345454545455,33.3490909090909,33.6163636363636,15.3072727272727,18.8272727272727,14.0490909090909,18.9309090909091,14.2927272727273,18.5927272727273,0.699555825103413,-0.977334381233562,0.862981818181818,0.866309090909091,0.888163636363636
38846,32520,6326,0.718580998571371,0.721572170246174,0.73346085664952,33.0836363636364,33.3181818181818,33.5981818181818,15.1490909090909,19.0018181818182,13.8854545454545,19.1145454545455,14.0909090909091,18.7581818181818,0.623814421892166,-0.903803752227263,0.862981818181818,0.866309090909091,0.888163636363636
39435,32544,6891,0.718269542622427,0.721114802505471,0.733147357260699,33.0745454545455,33.3290909090909,33.5963636363636,14.9781818181818,19.2054545454545,13.6490909090909,19.3545454545455,13.8890909090909,18.9236363636364,0.542504382133484,-0.791509569233114,0.862981818181818,0.866309090909091,0.888163636363636
40008,32600,7408,0.718542187486546,0.720733796810293,0.732946504138031,33.1054545454545,33.2836363636364,33.6109090909091,14.8127272727273,19.4163636363636,13.4309090909091,19.5636363636364,13.6854545454545,19.0909090909091,0.462675875425339,-0.708767942406914,0.862981818181818,0.866309090909091,0.888163636363636
40612,32696,7916,0.718429716304685,0.72051792259053,0.732572276456115,33.1363636363636,33.2490909090909,33.6145454545455,14.6309090909091,19.64,13.1981818181818,19.7636363636364,13.5,19.2672727272727,0.386021786928177,-0.628682576526295,0.862981818181818,0.866309090909091,0.888163636363636
41181,32758,8423,0.718450681698406,0.720197365000122,0.73252818474527,33.1490909090909,33.2072727272727,33.6436363636364,14.4418181818182,19.8472727272727,12.9909090909091,19.9890909090909,13.2781818181818,19.4527272727273,0.305346436392177,-0.552873161706057,0.862981818181818,0.866309090909091,0.888163636363636
41847,32836,9011,0.718329524527721,0.71997121787256,0.732408475188257,33.1690909090909,33.1727272727273,33.6581818181818,14.2563636363636,20,12.8036363636364,20.2654545454545,13.02,19.6545454545455,0.225378104773435,-0.444729791446166,0.862981818181818,0.866309090909091,0.888163636363636
42585,32939,9646,0.718361457052796,0.719770743157457,0.732220201648711,33.2127272727273,33.1018181818182,33.6854545454545,14.0690909090909,20.2290909090909,12.5509090909091,20.52,12.7745454545455,19.8563636363636,0.146360249410976,-0.311167635700919,0.862981818181818,0.866309090909091,0.888163636363636
43290,33018,10272,0.718458001198215,0.719357900079029,0.732065059959301,33.2345454545455,33.1,33.6654545454545,13.8,20.5163636363636,12.3109090909091,20.7290909090909,12.5690909090909,20.0745454545455,0.0647626576098529,-0.180163315751336,0.862981818181818,0.866309090909091,0.888163636363636
43978,33120,10858,0.718207185222537,0.719186223548081,0.732203713865451,33.2436363636364,33.0181818181818,33.7381818181818,13.5745454545455,20.7363636363636,12.0909090909091,20.9763636363636,12.3418181818182,20.28,-0.0148108260198073,-0.0680344971743497,0.862981818181818,0.866309090909091,0.888163636363636
44644,33189,11455,0.718234983415985,0.718356618140497,0.732054943427928,33.3127272727273,32.9109090909091,33.7763636363636,13.3563636363636,20.9727272727273,11.8745454545455,21.1945454545455,12.1036363636364,20.4981818181818,-0.0975987935608084,0.047978048432957,0.862981818181818,0.866309090909091,0.888163636363636
45351,33232,12119,0.718068069540246,0.717689322357498,0.731799892886936,33.34,32.8490909090909,33.8109090909091,13.1036363636364,21.2472727272727,11.6254545454545,21.44,11.8618181818182,20.7218181818182,-0.182445955005559,0.194992899894714,0.862981818181818,0.866309090909091,0.888163636363636
46111,33331,12780,0.717833730982908,0.717236739823875,0.731606079458554,33.3818181818182,32.7745454545455,33.8436363636364,12.84,21.5036363636364,11.3781818181818,21.74,11.6181818181818,20.92,-0.262764209508896,0.341301111741499,0.862981818181818,0.866309090909091,0.888163636363636
46898,33387,13511,0.717744733278592,0.716721252904545,0.731520917274633,33.3945454545455,32.7309090909091,33.8745454545455,12.6090909090909,21.7527272727273,11.1,22.0272727272727,11.36,21.1509090909091,-0.346558920090849,0.522100589492104,0.862981818181818,0.866309090909091,0.888163636363636
47685,33475,14210,0.717807681934596,0.716237993478072,0.731107216213958,33.4272727272727,32.6345454545455,33.9381818181818,12.3709090909091,22.0254545454545,10.8272727272727,22.3236363636364,11.1,21.3527272727273,-0.427503017674793,0.683333966406909,0.862981818181818,0.866309090909091,0.888163636363636
48479,33544,14935,0.717437078607763,0.715642212798794,0.731143333291869,33.4618181818182,32.5636363636364,33.9745454545455,12.1072727272727,22.3236363636364,10.5381818181818,22.6218181818182,10.8181818181818,21.5909090909091,-0.508772893656384,0.86241883798079,0.862981818181818,0.866309090909091,0.888163636363636
49212,33613,15599,0.71736644957609,0.71519019190416,0.731151581431367,33.5327272727273,32.4236363636364,34.0436363636364,11.8218181818182,22.6,10.3,22.9127272727273,10.5872727272727,21.7781818181818,-0.589834859154441,1.01733465465632,0.862981818181818,0.866309090909091,0.888163636363636
49954,33663,16291,0.717414442415923,0.714394977017951,0.731029287770129,33.5763636363636,32.3490909090909,34.0745454545455,11.56,22.9090909090909,10.0218181818182,23.1672727272727,10.3327272727273,22.0090909090909,-0.671618959849531,1.1822644954378,0.862981818181818,0.866309090909091,0.888163636363636
50624,33730,16894,0.717514855173257,0.713763049190716,0.731058849798729,33.6490909090909,32.1781818181818,34.1727272727273,11.3454545454545,23.1436363636364,9.78545454545454,23.3872727272727,10.12,22.2181818181818,-0.751002408428626,1.30731204585596,0.862981818181818,0.866309090909091,0.888163636363636
51395,33844,17551,0.71755533870292,0.713265592312036,0.730876130166236,33.7018181818182,32.0472727272727,34.2509090909091,11.1090909090909,23.4072727272727,9.52909090909091,23.6036363636364,9.91636363636364,22.4345454545455,-0.825285353443839,1.46041361418637,0.862981818181818,0.866309090909091,0.888163636363636
52096,33937,18159,0.717499346188083,0.713004479007979,0.730631953924535,33.7563636363636,31.9690909090909,34.2745454545455,10.8763636363636,23.6527272727273,9.29454545454546,23.8654545454545,9.67272727272727,22.6381818181818,-0.89952403198589,1.59842351512475,0.862981818181818,0.866309090909091,0.888163636363636
52751,34039,18712,0.7172555230922,0.712362461868401,0.730448459536768,33.8163636363636,31.8436363636364,34.34,10.6563636363636,23.8763636363636,9.07272727272727,24.0763636363636,9.47090909090909,22.8472727272727,-0.971483370390805,1.70992815115235,0.862981818181818,0.866309090909091,0.888163636363636
53520,34126,19394,0.716918329571791,0.711819003639574,0.730399024709612,33.8636363636364,31.7018181818182,34.4345454545455,10.3854545454545,24.16,8.83818181818182,24.3254545454545,9.24181818181818,23.0490909090909,-1.04331501532685,1.88432289524512,0.862981818181818,0.866309090909091,0.888163636363636
54299,34256,20043,0.716854760938934,0.711612232541025,0.730623510077966,33.9036363636364,31.5890909090909,34.5072727272727,10.1654545454545,24.44,8.57454545454545,24.5563636363636,8.97818181818182,23.2854545454545,-1.11061872487718,2.04435778043487,0.862981818181818,0.866309090909091,0.888163636363636
54990,34396,20594,0.716601589894099,0.711157515119662,0.730786413432586,33.9109090909091,31.4818181818182,34.6072727272727,9.95454545454546,24.6218181818182,8.39454545454545,24.7836363636364,8.76363636363636,23.4818181818182,-1.17478093911301,2.1684622824192,0.862981818181818,0.866309090909091,0.888163636363636
55714,34501,21213,0.716291474010674,0.710754653678661,0.731102275639834,33.9563636363636,31.3090909090909,34.7345454545455,9.67818181818182,24.9018181818182,8.2,24.9836363636364,8.53272727272727,23.7036363636364,-1.2392874929038,2.32745387554169,0.862981818181818,0.866309090909091,0.888163636363636
56405,34648,21757,0.71634181701697,0.710121515822916,0.731314642006747,33.9690909090909,31.1527272727273,34.8781818181818,9.46545454545454,25.1,8.01636363636364,25.1781818181818,8.35090909090909,23.8890909090909,-1.29952680007978,2.45075814453038,0.862981818181818,0.866309090909091,0.888163636363636
57038,34726,22312,0.716023079932099,0.709627463059953,0.731127654982436,33.9690909090909,31.0236363636364,35.0072727272727,9.27272727272727,25.3109090909091,7.86727272727273,25.3127272727273,8.14363636363636,24.0927272727273,-1.36306479112668,2.58905190121044,0.862981818181818,0.866309090909091,0.888163636363636
57589,34827,22762,0.715697346461406,0.708827080943515,0.731075082286467,33.9981818181818,30.8290909090909,35.1727272727273,9.08909090909091,25.5109090909091,7.65636363636364,25.48,7.96,24.3036363636364,-1.42195083119652,2.6774013671008,0.862981818181818,0.866309090909091,0.888163636363636
58162,34958,23204,0.715500056568222,0.708340113959024,0.731051683960241,33.9690909090909,30.6854545454545,35.3454545454545,8.90363636363636,25.6854545454545,7.49636363636364,25.6618181818182,7.76363636363636,24.4890909090909,-1.47601061192426,2.75715392231941,0.862981818181818,0.866309090909091,0.888163636363636
58979,35083,23896,0.715499974919301,0.707863856270486,0.730872000927061,33.9581818181818,30.5672727272727,35.4745454545455,8.66909090909091,25.9690909090909,7.22363636363636,25.8818181818182,7.57090909090909,24.6854545454545,-1.52843860116872,2.9550677348267,0.862981818181818,0.866309090909091,0.888163636363636
59524,35229,24295,0.7149524686678,0.707259708592272,0.73087556407142,33.9654545454545,30.4218181818182,35.6127272727273,8.44363636363636,26.2127272727273,7.04545454545455,25.98,7.43272727272727,24.8854545454545,-1.57663121087985,3.02655325098471,0.862981818181818,0.866309090909091,0.888163636363636
60231,35355,24876,0.71481203977684,0.707232317921224,0.730645266770141,33.9636363636364,30.3490909090909,35.6872727272727,8.23272727272727,26.4381818181818,6.83636363636364,26.1545454545455,7.23090909090909,25.1072727272727,-1.62539966377345,3.17653388706121,0.862981818181818,0.866309090909091,0.888163636363636
60817,35499,25318,0.714822678127777,0.706255696628561,0.730527400312397,34.0272727272727,30.1781818181818,35.7945454545455,8.08545454545455,26.5981818181818,6.69454545454545,26.2290909090909,7.07454545454545,25.3181818181818,-1.67069633061236,3.27719076926058,0.862981818181818,0.866309090909091,0.888163636363636
61393,35640,25753,0.714921925424558,0.705366923468262,0.730821679615136,34.0545454545455,30.0072727272727,35.9381818181818,7.90545454545455,26.7763636363636,6.51454545454545,26.3945454545455,6.91636363636364,25.4927272727273,-1.71367920257828,3.37323291355913,0.862981818181818,0.866309090909091,0.888163636363636
61976,35769,26207,0.715127510506453,0.70478600707058,0.730867138191502,34.1581818181818,29.76,36.0818181818182,7.72909090909091,26.9636363636364,6.36363636363636,26.5090909090909,6.76181818181818,25.6727272727273,-1.7555337198756,3.48395603190769,0.862981818181818,0.866309090909091,0.888163636363636
62619,35841,26778,0.715116331372642,0.704074721663917,0.730934696990671,34.1763636363636,29.5927272727273,36.2309090909091,7.55090909090909,27.2018181818182,6.15818181818182,26.6163636363636,6.57090909090909,25.9018181818182,-1.80029120743275,3.64804337674921,0.862981818181818,0.866309090909091,0.888163636363636
63243,35945,27298,0.714717581764717,0.703440898810401,0.730811326577346,34.1818181818182,29.4709090909091,36.3472727272727,7.38545454545455,27.3818181818182,5.98545454545455,26.78,6.34,26.1272727272727,-1.83971952037378,3.79353313120929,0.862981818181818,0.866309090909091,0.888163636363636
63686,36025,27661,0.714103412495183,0.70260953626223,0.730796967337276,34.1890909090909,29.3781818181818,36.4327272727273,7.21272727272727,27.54,5.85272727272727,26.9072727272727,6.19090909090909,26.2963636363636,-1.88053709756244,3.8663024420088,0.862981818181818,0.866309090909091,0.888163636363636
64083,36144,27939,0.713786857751215,0.702310241744139,0.730708375598686,34.1618181818182,29.2909090909091,36.5472727272727,7.08181818181818,27.6454545454545,5.77818181818182,26.98,6.04,26.4745454545455,-1.915933561596,3.91270367286422,0.862981818181818,0.866309090909091,0.888163636363636
64547,36262,28285,0.71319043010295,0.70224013678051,0.730396253777638,34.1563636363636,29.1563636363636,36.6872727272727,6.95636363636364,27.8018181818182,5.61636363636364,27.0418181818182,5.94181818181818,26.6418181818182,-1.948234765638,3.99077426628633,0.862981818181818,0.866309090909091,0.888163636363636
65121,36456,28665,0.713248148938383,0.701634328456087,0.730450764034676,34.12,29.0527272727273,36.8272727272727,6.81818181818182,27.9527272727273,5.48363636363636,27.1127272727273,5.81272727272727,26.82,-1.97360637946562,4.07508641860702,0.862981818181818,0.866309090909091,0.888163636363636
65589,36599,28990,0.712913183353005,0.700113249692272,0.730413137951003,34.0927272727273,28.8781818181818,37.0290909090909,6.66363636363636,28.1036363636364,5.38,27.1545454545455,5.71454545454545,26.9836363636364,-2.00164698308164,4.15353275808421,0.862981818181818,0.866309090909091,0.888163636363636
65979,36720,29259,0.712339917748204,0.699591617727252,0.730202085858657,34.0145454545455,28.8309090909091,37.1545454545455,6.54909090909091,28.2163636363636,5.26727272727273,27.2272727272727,5.57818181818182,27.1618181818182,-2.0309956566854,4.19118664318865,0.862981818181818,0.866309090909091,0.888163636363636
66452,36907,29545,0.711611148877131,0.69945295073605,0.72996974207536,33.9436363636364,28.7781818181818,37.2781818181818,6.43454545454545,28.34,5.17818181818182,27.2690909090909,5.42181818181818,27.3563636363636,-2.0510922908783,4.23841126994653,0.862981818181818,0.866309090909091,0.888163636363636
67002,37104,29898,0.711351660547085,0.698470317416012,0.730086684029584,33.9127272727273,28.6654545454545,37.4218181818182,6.31272727272727,28.4709090909091,5.04727272727273,27.3509090909091,5.25818181818182,27.56,-2.06789203340357,4.31160260032524,0.862981818181818,0.866309090909091,0.888163636363636
67620,37333,30287,0.711178490959283,0.698314376207996,0.7296602099036,33.8690909090909,28.6036363636364,37.5272727272727,6.20181818181818,28.6309090909091,4.90545454545455,27.3781818181818,5.12181818181818,27.7618181818182,-2.08202902566303,4.40761737606742,0.862981818181818,0.866309090909091,0.888163636363636
68163,37558,30605,0.710873461483307,0.69755627585616,0.729383303211198,33.8345454545455,28.5090909090909,37.6563636363636,6.09818181818182,28.74,4.81090909090909,27.3981818181818,5.06,27.8927272727273,-2.09506935964931,4.48720043030652,0.862981818181818,0.866309090909091,0.888163636363636
68658,37764,30894,0.710359466316888,0.697247531726177,0.729092861684197,33.7236363636364,28.5072727272727,37.7690909090909,5.96727272727273,28.8727272727273,4.68545454545455,27.4672727272727,4.92363636363636,28.0836363636364,-2.10899277925491,4.54362604672259,0.862981818181818,0.866309090909091,0.888163636363636
69105,37950,31155,0.709667640741774,0.69691027228851,0.729042752681209,33.6709090909091,28.4381818181818,37.8909090909091,5.85636363636364,29.0054545454545,4.61818181818182,27.4527272727273,4.84909090909091,28.2181818181818,-2.12098953561349,4.59784747578881,0.862981818181818,0.866309090909091,0.888163636363636
69531,38136,31395,0.708696071051944,0.69588730642394,0.728826089981554,33.6036363636364,28.4,37.9963636363636,5.74363636363636,29.1345454545455,4.51636363636364,27.4963636363636,4.73272727272727,28.3763636363636,-2.13419573848898,4.62800361514091,0.862981818181818,0.866309090909091,0.888163636363636
70053,38393,31660,0.707910818489691,0.695046875371439,0.728788776592121,33.5454545454545,28.3272727272727,38.1272727272727,5.64363636363636,29.2818181818182,4.40727272727273,27.5309090909091,4.61090909090909,28.5254545454545,-2.13884011507034,4.67637550939213,0.862981818181818,0.866309090909091,0.888163636363636
70437,38577,31860,0.707147680086807,0.693917861281755,0.728464559917482,33.48,28.2654545454545,38.2545454545455,5.54909090909091,29.3872727272727,4.32181818181818,27.5509090909091,4.56,28.6309090909091,-2.14901432665912,4.69646056186069,0.862981818181818,0.866309090909091,0.888163636363636
71132,38858,32274,0.706468742999978,0.69433312147031,0.727927930748671,33.3763636363636,28.2690909090909,38.3545454545455,5.46727272727273,29.4727272727273,4.19636363636364,27.6418181818182,4.42,28.8018181818182,-2.14846807989207,4.7945524356582,0.862981818181818,0.866309090909091,0.888163636363636
71662,39094,32568,0.705466065858882,0.694028513150026,0.727326416467611,33.3127272727273,28.2545454545455,38.4327272727273,5.37818181818182,29.5745454545455,4.05454545454545,27.7272727272727,4.32545454545455,28.94,-2.15106451809406,4.85314631462097,0.862981818181818,0.866309090909091,0.888163636363636
72214,39349,32865,0.705048100582715,0.692960095662042,0.727231459092318,33.2327272727273,28.2163636363636,38.5509090909091,5.29454545454545,29.7090909090909,3.91090909090909,27.7690909090909,4.22545454545455,29.0909090909091,-2.15098237720403,4.91265365698121,0.862981818181818,0.866309090909091,0.888163636363636
72671,39621,33050,0.704187166193744,0.692416777096069,0.726733666244415,33.1381818181818,28.1890909090909,38.6727272727273,5.20727272727273,29.8072727272727,3.82181818181818,27.7890909090909,4.09636363636364,29.2781818181818,-2.14974032803015,4.93586876717481,0.862981818181818,0.866309090909091,0.888163636363636
73078,39869,33209,0.70361548114047,0.690995712491402,0.726522349925696,33.0618181818182,28.1327272727273,38.8054545454546,5.14,29.92,3.74,27.7890909090909,3.99636363636364,29.4145454545455,-2.14974501105872,4.94170050187544,0.862981818181818,0.866309090909091,0.888163636363636
73536,40122,33414,0.702318975931019,0.690503913050767,0.725968965475878,32.9581818181818,28.1327272727273,38.9090909090909,5.06363636363636,30.0054545454545,3.67818181818182,27.8054545454545,3.88545454545454,29.5618181818182,-2.14443818114021,4.96673698208549,0.862981818181818,0.866309090909091,0.888163636363636
74022,40419,33603,0.701732295655602,0.689779586250745,0.725456694765769,32.8654545454545,28.1109090909091,39.0236363636364,4.99818181818182,30.0963636363636,3.59272727272727,27.8,3.82181818181818,29.6909090909091,-2.13735029751604,4.99529158310457,0.862981818181818,0.866309090909091,0.888163636363636
74543,40707,33836,0.701406932745704,0.688865206412164,0.724644602163187,32.8254545454545,28.0672727272727,39.1072727272727,4.89454545454546,30.1818181818182,3.55090909090909,27.8490909090909,3.71090909090909,29.8127272727273,-2.13148475858298,5.03249717625705,0.862981818181818,0.866309090909091,0.888163636363636
74870,40980,33890,0.700293737529625,0.68800100262739,0.724204096838686,32.6672727272727,28.1181818181818,39.2145454545455,4.82,30.2654545454545,3.52909090909091,27.7709090909091,3.68,29.9345454545455,-2.1244791418314,5.00699510574341,0.862981818181818,0.866309090909091,0.888163636363636
75291,41269,34022,0.699588628736938,0.687064969489307,0.723870306622978,32.5472727272727,28.1509090909091,39.3018181818182,4.74909090909091,30.3418181818182,3.47272727272727,27.78,3.58909090909091,30.0672727272727,-2.1165373111313,5.00941835425117,0.862981818181818,0.866309090909091,0.888163636363636
75788,41542,34246,0.698177469898082,0.686589943547411,0.723880354282717,32.4236363636364,28.1727272727273,39.4036363636364,4.68727272727273,30.3963636363636,3.42727272727273,27.7745454545455,3.52,30.1945454545455,-2.11100900985978,5.04563712640242,0.862981818181818,0.866309090909091,0.888163636363636
76284,41868,34416,0.69727577274995,0.68509094492602,0.723370709548399,32.3436363636364,28.1436363636364,39.5127272727273,4.61090909090909,30.4872727272727,3.36727272727273,27.8218181818182,3.40545454545455,30.3072727272727,-2.09545857256109,5.05880160331726,0.862981818181818,0.866309090909091,0.888163636363636
76648,42121,34527,0.696178505558809,0.683633531901883,0.72303462593389,32.2636363636364,28.1254545454545,39.6109090909091,4.54545454545455,30.5690909090909,3.32,27.8290909090909,3.34,30.3963636363636,-2.08676834323189,5.04781993302432,0.862981818181818,0.866309090909091,0.888163636363636
77194,42449,34745,0.695352079387972,0.682749906514036,0.7225819634093,32.1836363636364,28.0890909090909,39.7272727272727,4.48545454545455,30.6618181818182,3.20727272727273,27.8781818181818,3.26909090909091,30.4981818181818,-2.07340679114515,5.08455194126476,0.862981818181818,0.866309090909091,0.888163636363636
77615,42762,34853,0.69459019656727,0.681478136685575,0.72218187665688,32.0709090909091,28.0709090909091,39.8581818181818,4.42909090909091,30.7127272727273,3.19636363636364,27.8490909090909,3.20545454545455,30.6072727272727,-2.05926618494771,5.08078646009619,0.862981818181818,0.866309090909091,0.888163636363636
78102,43074,35028,0.69317204398341,0.680497010584497,0.721673248121501,31.9527272727273,28.0836363636364,39.9636363636364,4.37636363636364,30.8018181818182,3.10545454545455,27.8472727272727,3.16545454545455,30.7036363636364,-2.046323567087,5.09626292965629,0.862981818181818,0.866309090909091,0.888163636363636
78551,43426,35125,0.692340972658486,0.679149470114067,0.721369506561219,31.8872727272727,28.0418181818182,40.0709090909091,4.32363636363636,30.8854545454545,3.02909090909091,27.8054545454545,3.18181818181818,30.7745454545455,-2.0273186640306,5.09153299331665,0.862981818181818,0.866309090909091,0.888163636363636
78918,43771,35147,0.69122425698456,0.677816880508846,0.720846736856738,31.84,27.9490909090909,40.2109090909091,4.26727272727273,30.9309090909091,2.97272727272727,27.8127272727273,3.17454545454545,30.8418181818182,-2.01076147610491,5.06569013812325,0.862981818181818,0.866309090909091,0.888163636363636
79242,44032,35210,0.690558912018184,0.676160276224017,0.719879805161041,31.7781818181818,27.88,40.3418181818182,4.20181818181818,30.9981818181818,2.92,27.8127272727273,3.12181818181818,30.9454545454545,-1.99674684513699,5.04409910548817,0.862981818181818,0.866309090909091,0.888163636363636
79738,44351,35387,0.690020965817629,0.675244579223078,0.71941153150807,31.6781818181818,27.8363636363636,40.4854545454545,4.15818181818182,31.0836363636364,2.82545454545455,27.8054545454545,3.05818181818182,31.0690909090909,-1.98179365559058,5.0613642540845,0.862981818181818,0.866309090909091,0.888163636363636
80079,44651,35428,0.688601210945007,0.67379303964175,0.718667431783665,31.5963636363636,27.8054545454545,40.5981818181818,4.11636363636364,31.1163636363636,2.82545454545455,27.76,3.00545454545455,31.1763636363636,-1.96630387387492,5.03700571060181,0.862981818181818,0.866309090909091,0.888163636363636
80495,44929,35566,0.687522685127711,0.672851486275605,0.71806581350636,31.4890909090909,27.7472727272727,40.7636363636364,4.07636363636364,31.1381818181818,2.82727272727273,27.7327272727273,2.92909090909091,31.2963636363636,-1.95175628689202,5.04563700285825,0.862981818181818,0.866309090909091,0.888163636363636
81043,45287,35756,0.686356807198469,0.67199475625647,0.717532747890514,31.3836363636364,27.6563636363636,40.96,4.02181818181818,31.2109090909091,2.79272727272727,27.6890909090909,2.88181818181818,31.4036363636364,-1.92992007894949,5.06962614926425,0.862981818181818,0.866309090909091,0.888163636363636
81572,45648,35924,0.685531304865506,0.670268131379588,0.716887120771526,31.3145454545455,27.5618181818182,41.1236363636364,3.97636363636364,31.24,2.75272727272727,27.7218181818182,2.76,31.5490909090909,-1.90807516114278,5.08526013547724,0.862981818181818,0.866309090909091,0.888163636363636
82088,45965,36123,0.68455343447638,0.670108425519733,0.716207848668428,31.2381818181818,27.5145454545455,41.2472727272727,3.92181818181818,31.3218181818182,2.66,27.7509090909091,2.71818181818182,31.6272727272727,-1.88471651835875,5.11976771354675,0.862981818181818,0.866309090909091,0.888163636363636
82639,46349,36290,0.683490968898034,0.669402351602247,0.715720196681747,31.1309090909091,27.4745454545455,41.3945454545455,3.88909090909091,31.3636363636364,2.62363636363636,27.7218181818182,2.67636363636364,31.7254545454545,-1.859857672182,5.134626325694,0.862981818181818,0.866309090909091,0.888163636363636
83015,46709,36306,0.682410214077275,0.667947701235015,0.714952829821142,31.0636363636364,27.42,41.5163636363636,3.86363636363636,31.4145454545455,2.56,27.7,2.63636363636364,31.8254545454545,-1.83792430758476,5.10128460797397,0.862981818181818,0.866309090909091,0.888163636363636
83580,47118,36462,0.681340952790161,0.666612379424796,0.714183728109925,31.0018181818182,27.3363636363636,41.6618181818182,3.81636363636364,31.4727272727273,2.49272727272727,27.7145454545455,2.57818181818182,31.9254545454545,-1.81023581326008,5.10698141618208,0.862981818181818,0.866309090909091,0.888163636363636
83964,47460,36504,0.680227483901184,0.665097843492914,0.713688525446379,30.96,27.1909090909091,41.8490909090909,3.76909090909091,31.5127272727273,2.45454545454545,27.7127272727273,2.53090909090909,32.02,-1.78832756524736,5.08115660927512,0.862981818181818,0.866309090909091,0.888163636363636
84503,47863,36640,0.679329406016506,0.66316507270527,0.713180123565181,30.9163636363636,27.0581818181818,42.0254545454545,3.72181818181818,31.5509090909091,2.38909090909091,27.7236363636364,2.52,32.0945454545455,-1.76061398901723,5.08717500079762,0.862981818181818,0.866309090909091,0.888163636363636
85084,48263,36821,0.678595279519362,0.662434514578998,0.712579461181276,30.8854545454545,26.9545454545455,42.16,3.68,31.5672727272727,2.35818181818182,27.7181818181818,2.48909090909091,32.1872727272727,-1.73649169992317,5.11533289605921,0.862981818181818,0.866309090909091,0.888163636363636
85587,48614,36973,0.677263624861402,0.661063896498342,0.71208995287614,30.7654545454545,26.9145454545455,42.32,3.63818181818182,31.6545454545455,2.28181818181818,27.7418181818182,2.42909090909091,32.2545454545455,-1.71410694555803,5.11621312011372,0.862981818181818,0.866309090909091,0.888163636363636
86025,49003,37022,0.675674088228953,0.659655117513763,0.711671559672284,30.7181818181818,26.7836363636364,42.4981818181818,3.59818181818182,31.6818181818182,2.22,27.7472727272727,2.40363636363636,32.3490909090909,-1.68654667789286,5.10329832163724,0.862981818181818,0.866309090909091,0.888163636363636
86360,49371,36989,0.674399512927825,0.657043949181674,0.711018437659134,30.6763636363636,26.6636363636364,42.66,3.56727272727273,31.7127272727273,2.21090909090909,27.7581818181818,2.31636363636364,32.4345454545455,-1.66198661327362,5.0483461488377,0.862981818181818,0.866309090909091,0.888163636363636
86846,49778,37068,0.67316701927484,0.655991713494102,0.710558947373514,30.5872727272727,26.6290909090909,42.7836363636364,3.53818181818182,31.7127272727273,2.18181818181818,27.7581818181818,2.30909090909091,32.5,-1.63324778703126,5.03390878547322,0.862981818181818,0.866309090909091,0.888163636363636
87358,50135,37223,0.671694446567928,0.654838930951296,0.709662980399515,30.5254545454545,26.5709090909091,42.9036363636364,3.49272727272727,31.7472727272727,2.11272727272727,27.8181818181818,2.25636363636364,32.5727272727273,-1.60880270925435,5.05573159781369,0.862981818181818,0.866309090909091,0.888163636363636
87806,50504,37302,0.670633368456307,0.65334934087584,0.708939211752572,30.4672727272727,26.5090909090909,43.0236363636364,3.45272727272727,31.7654545454545,2.06909090909091,27.8436363636364,2.2,32.6690909090909,-1.58447606075894,5.05235272971067,0.862981818181818,0.866309090909091,0.888163636363636
88332,50924,37408,0.669163572460519,0.652587669519506,0.708048069822346,30.3763636363636,26.4509090909091,43.1727272727273,3.4,31.7981818181818,2.05818181818182,27.8690909090909,2.12909090909091,32.7454545454545,-1.5528562748974,5.0506179636175,0.862981818181818,0.866309090909091,0.888163636363636
88864,51317,37547,0.667794290789406,0.651861532974659,0.707463164615804,30.3145454545455,26.4109090909091,43.2745454545455,3.36727272727273,31.8290909090909,1.99090909090909,27.9254545454545,2.03818181818182,32.8490909090909,-1.52403175275434,5.05882257981734,0.862981818181818,0.866309090909091,0.888163636363636
89449,51722,37727,0.66659905101737,0.650801228504481,0.706785365628157,30.2381818181818,26.3690909090909,43.3927272727273,3.32545454545455,31.8527272727273,1.92,27.9909090909091,1.99090909090909,32.92,-1.493265666474,5.07758808135986,0.862981818181818,0.866309090909091,0.888163636363636
89939,52184,37755,0.665006615314622,0.649637130574866,0.70624807275887,30.1436363636364,26.3563636363636,43.5,3.29636363636364,31.8654545454545,1.86909090909091,28.0090909090909,1.98909090909091,32.9709090909091,-1.45953223475001,5.0538996219635,0.862981818181818,0.866309090909091,0.888163636363636
90509,52602,37907,0.663482563860679,0.648657091171516,0.705519669936036,30.0654545454545,26.3036363636364,43.6309090909091,3.26363636363636,31.8654545454545,1.86909090909091,28.0181818181818,1.92363636363636,33.06,-1.43117009685798,5.06137387752533,0.862981818181818,0.866309090909091,0.888163636363636
91022,52988,38034,0.661935425814145,0.647031572140009,0.704334167133563,30.0054545454545,26.2509090909091,43.7436363636364,3.23090909090909,31.9,1.78545454545455,28.0654545454545,1.86363636363636,33.1545454545455,-1.40202336528084,5.06006347699599,0.862981818181818,0.866309090909091,0.888163636363636
91599,53403,38196,0.660458974946162,0.646157142474296,0.703654307125438,29.92,26.2490909090909,43.8309090909091,3.19272727272727,31.9163636363636,1.74909090909091,28.1036363636364,1.79454545454545,33.2436363636364,-1.37080618644303,5.07465267181396,0.862981818181818,0.866309090909091,0.888163636363636
92168,53765,38403,0.659210277750465,0.645378228758487,0.702938640076623,29.8181818181818,26.26,43.9218181818182,3.14909090909091,31.9218181818182,1.73090909090909,28.1163636363636,1.77090909090909,33.3109090909091,-1.34394148845564,5.09733203757893,0.862981818181818,0.866309090909091,0.888163636363636
92573,54128,38445,0.657569587860791,0.643995308647704,0.702217301912024,29.7618181818182,26.2345454545455,44.0036363636364,3.11636363636364,31.9181818181818,1.69454545454545,28.1763636363636,1.7,33.3945454545455,-1.31852177449248,5.06636837179011,0.862981818181818,0.866309090909091,0.888163636363636
93195,54548,38647,0.656573078714917,0.642957214484399,0.7015966701667,29.7381818181818,26.1672727272727,44.0945454545455,3.08545454545455,31.9290909090909,1.64545454545455,28.2309090909091,1.67636363636364,33.4327272727273,-1.28772385364229,5.09596444910223,0.862981818181818,0.866309090909091,0.888163636363636
93645,54942,38703,0.655059084551472,0.642257010555093,0.701314506834473,29.7018181818182,26.1236363636364,44.1745454545455,3.05818181818182,31.9236363636364,1.62181818181818,28.2036363636364,1.68727272727273,33.5054545454545,-1.25981698808345,5.07791323228316,0.862981818181818,0.866309090909091,0.888163636363636
94339,55348,38991,0.654236215869391,0.641342037169688,0.700845384562531,29.6363636363636,26.08,44.2836363636364,3.02363636363636,31.8927272727273,1.58727272727273,28.2909090909091,1.66363636363636,33.5418181818182,-1.22736909768798,5.13898796168241,0.862981818181818,0.866309090909091,0.888163636363636
94902,55729,39173,0.653228086507247,0.639862476728505,0.699828853369257,29.6,26.0854545454545,44.3145454545455,2.99636363636364,31.8963636363636,1.50363636363636,28.3654545454545,1.64181818181818,33.5963636363636,-1.193805153397,5.16565607244318,0.862981818181818,0.866309090909091,0.888163636363636
95447,56078,39369,0.651909157352792,0.638540589869914,0.699382688437369,29.5872727272727,26.0236363636364,44.3890909090909,2.94545454545455,31.9181818181818,1.45272727272727,28.4054545454545,1.59272727272727,33.6854545454545,-1.16527862481096,5.18473151163621,0.862981818181818,0.866309090909091,0.888163636363636
95899,56437,39462,0.65113924303389,0.637476565056929,0.698507443845198,29.5745454545455,25.9709090909091,44.4545454545455,2.91454545454545,31.9054545454545,1.44545454545455,28.4218181818182,1.58,33.7327272727273,-1.13444023850289,5.17727461944927,0.862981818181818,0.866309090909091,0.888163636363636
96309,56825,39484,0.649972695929703,0.636277725905367,0.697488438303019,29.5745454545455,25.9181818181818,44.5072727272727,2.87636363636364,31.8909090909091,1.42545454545455,28.4963636363636,1.51454545454545,33.7963636363636,-1.10787541392175,5.14743094227531,0.862981818181818,0.866309090909091,0.888163636363636
96723,57103,39620,0.648844889942918,0.635550255630659,0.696487095795148,29.5163636363636,25.9472727272727,44.5363636363636,2.82181818181818,31.9072727272727,1.42181818181818,28.5,1.48909090909091,33.86,-1.08608733930371,5.16059705560858,0.862981818181818,0.866309090909091,0.888163636363636
97053,57410,39643,0.647578528229471,0.634549310108587,0.695364117121227,29.4745454545455,25.9436363636364,44.5818181818182,2.79636363636364,31.9127272727273,1.39272727272727,28.5181818181818,1.47818181818182,33.9018181818182,-1.06078784343871,5.14138034473766,0.862981818181818,0.866309090909091,0.888163636363636
97518,57718,39800,0.646476759184113,0.63340038771289,0.694306980924351,29.4509090909091,25.9472727272727,44.6018181818182,2.75636363636364,31.9218181818182,1.39090909090909,28.5145454545455,1.47636363636364,33.94,-1.03751249597831,5.16392234021967,0.862981818181818,0.866309090909091,0.888163636363636
98052,58051,40001,0.64555665949025,0.632418498694622,0.693534105507694,29.4490909090909,25.8963636363636,44.6545454545455,2.70727272727273,31.9727272727273,1.35090909090909,28.5218181818182,1.48363636363636,33.9636363636364,-1.01235223588618,5.17468109997836,0.862981818181818,0.866309090909091,0.888163636363636
98435,58347,40088,0.644439510053974,0.631395984259497,0.692788890191583,29.4345454545455,25.8981818181818,44.6672727272727,2.66,32,1.34,28.5290909090909,1.49454545454545,33.9763636363636,-0.989031491496346,5.16473803953691,0.862981818181818,0.866309090909091,0.888163636363636
98881,58662,40219,0.643589612660262,0.630814387548952,0.69169509116201,29.4563636363636,25.8636363636364,44.68,2.62363636363636,32.0454545454545,1.32,28.5309090909091,1.43272727272727,34.0472727272727,-0.966643388298425,5.17161370407451,0.862981818181818,0.866309090909091,0.888163636363636
99294,59013,40281,0.642482205282787,0.629485915646997,0.690692586530562,29.4872727272727,25.8218181818182,44.6909090909091,2.59090909090909,32.0618181818182,1.31454545454545,28.5490909090909,1.38545454545455,34.0981818181818,-0.940789363059131,5.14640652699904,0.862981818181818,0.866309090909091,0.888163636363636
99669,59315,40354,0.641268020889648,0.628884637854664,0.689834171596261,29.5,25.8018181818182,44.6981818181818,2.56363636363636,32.0927272727273,1.29636363636364,28.5490909090909,1.36545454545455,34.1327272727273,-0.919255396452817,5.12949089787223,0.862981818181818,0.866309090909091,0.888163636363636
100271,59652,40619,0.64036355333363,0.62790753835726,0.689034971330172,29.5490909090909,25.6963636363636,44.7545454545455,2.50909090909091,32.1418181818182,1.24909090909091,28.5781818181818,1.32,34.2018181818182,-0.89640154228969,5.17010526873849,0.862981818181818,0.866309090909091,0.888163636363636
100564,59956,40608,0.639399804647173,0.62628825935877,0.688201307786857,29.5672727272727,25.6636363636364,44.7690909090909,2.46545454545455,32.2109090909091,1.21454545454545,28.5490909090909,1.31454545454545,34.2454545454545,-0.875560588118705,5.1256270907142,0.862981818181818,0.866309090909091,0.888163636363636
101119,60283,40836,0.638658521589927,0.624621970491744,0.68726733839963,29.6181818181818,25.5909090909091,44.7909090909091,2.43454545454545,32.2490909090909,1.16363636363636,28.6036363636364,1.23272727272727,34.3163636363636,-0.847372597252781,5.14179187471216,0.862981818181818,0.866309090909091,0.888163636363636
101538,60617,40921,0.637742559245984,0.623104392200177,0.686390184047286,29.5909090909091,25.5909090909091,44.8181818181818,2.4,32.2618181818182,1.15818181818182,28.6,1.19454545454545,34.3854545454545,-0.821472415328026,5.12568794814023,0.862981818181818,0.866309090909091,0.888163636363636
101851,60888,40963,0.636416610484294,0.622548574639543,0.68551315006858,29.6,25.5818181818182,44.8181818181818,2.35636363636364,32.2818181818182,1.18545454545455,28.5490909090909,1.17636363636364,34.4509090909091,-0.802618588033048,5.11135027191856,0.862981818181818,0.866309090909091,0.888163636363636
102203,61147,41056,0.635391482445822,0.62223947008915,0.684778299655729,29.5945454545455,25.5763636363636,44.8290909090909,2.32909090909091,32.2854545454545,1.16909090909091,28.5418181818182,1.15818181818182,34.5163636363636,-0.7797740009698,5.09438292980194,0.862981818181818,0.866309090909091,0.888163636363636
102629,61435,41194,0.634688875571305,0.620852425264326,0.684294540642291,29.6327272727273,25.5054545454545,44.8618181818182,2.3,32.3345454545455,1.09090909090909,28.5272727272727,1.16909090909091,34.5781818181818,-0.757785751941529,5.09800530130213,0.862981818181818,0.866309090909091,0.888163636363636
103138,61709,41429,0.634160180693884,0.620294026220198,0.683203010384888,29.6654545454545,25.48,44.8545454545455,2.27090909090909,32.3345454545455,1.06363636363636,28.5254545454545,1.10909090909091,34.6963636363636,-0.735015494850549,5.12508187944239,0.862981818181818,0.866309090909091,0.888163636363636
103612,61960,41652,0.633145974483856,0.619658062257911,0.682631136408857,29.6690909090909,25.4636363636364,44.8672727272727,2.22909090909091,32.3563636363636,1.04,28.5090909090909,1.08727272727273,34.7781818181818,-0.714006505635652,5.14836598201232,0.862981818181818,0.866309090909091,0.888163636363636
103886,62188,41698,0.632396257972183,0.617994060445037,0.681953785513792,29.7054545454545,25.4145454545455,44.88,2.19636363636364,32.36,1.02909090909091,28.5109090909091,1.05272727272727,34.8509090909091,-0.694249132004651,5.1190834923224,0.862981818181818,0.866309090909091,0.888163636363636
104062,62376,41686,0.631619746659594,0.616671065475185,0.681181126097974,29.7145454545455,25.3745454545455,44.9109090909091,2.15454545454545,32.42,0.941818181818182,28.5163636363636,1.03818181818182,34.9290909090909,-0.679280740090392,5.06695195436478,0.862981818181818,0.866309090909091,0.888163636363636
104252,62572,41680,0.630989186927009,0.615684079849559,0.680643136084171,29.7363636363636,25.3636363636364,44.9,2.14181818181818,32.3818181818182,0.936363636363636,28.5163636363636,1.01636363636364,35.0072727272727,-0.664987405118617,5.03200559290973,0.862981818181818,0.866309090909091,0.888163636363636
104590,62814,41776,0.630349315017693,0.615242125949747,0.680144440213925,29.7545454545455,25.34,44.9054545454546,2.11454545454545,32.3963636363636,0.921818181818182,28.4618181818182,1.00545454545455,35.1,-0.647847452929074,5.02685976353559,0.862981818181818,0.866309090909091,0.888163636363636
104832,63017,41815,0.629731872446399,0.615002923744474,0.679423723184168,29.76,25.3563636363636,44.8836363636364,2.08909090909091,32.3672727272727,0.945454545454545,28.4181818181818,0.994545454545454,35.1854545454545,-0.631956293637102,5.00988307107579,0.862981818181818,0.866309090909091,0.888163636363636
105073,63203,41870,0.629095676788696,0.614022977770422,0.679066368114879,29.8127272727273,25.2781818181818,44.9090909090909,2.04545454545455,32.3854545454545,0.910909090909091,28.4218181818182,0.98,35.2563636363636,-0.615972341122952,4.98394591374831,0.862981818181818,0.866309090909091,0.888163636363636
105352,63408,41944,0.628645496035761,0.612903488863454,0.678178910356826,29.8381818181818,25.2690909090909,44.8927272727273,2.02,32.3672727272727,0.892727272727273,28.4018181818182,0.976363636363636,35.3418181818182,-0.600031227787787,4.97132918617942,0.862981818181818,0.866309090909091,0.888163636363636
105678,63565,42113,0.628401656878051,0.612484629382001,0.67745400262625,29.8654545454545,25.2345454545455,44.9,1.99454545454545,32.3854545454545,0.829090909090909,28.3872727272727,0.978181818181818,35.4254545454545,-0.585628196597099,4.9765164993026,0.862981818181818,0.866309090909091,0.888163636363636
105820,63708,42112,0.627720159953543,0.611950206233928,0.676960017341161,29.8672727272727,25.2454545454545,44.8872727272727,1.96545454545455,32.38,0.8,28.3890909090909,0.941818181818182,35.5236363636364,-0.576438052986156,4.92849933017384,0.862981818181818,0.866309090909091,0.888163636363636
106072,63864,42208,0.626922399233009,0.611210153016783,0.676692112271313,29.8781818181818,25.2454545454545,44.8763636363636,1.93818181818182,32.3654545454545,0.796363636363636,28.4,0.890909090909091,35.6090909090909,-0.563339907269586,4.91192447380586,0.862981818181818,0.866309090909091,0.888163636363636
106428,63989,42439,0.626162616306752,0.610720125919449,0.675928688512261,29.9,25.2272727272727,44.8727272727273,1.90727272727273,32.3836363636364,0.778181818181818,28.38,0.841818181818182,35.7090909090909,-0.55272545716302,4.92733748826114,0.862981818181818,0.866309090909091,0.888163636363636
106768,64131,42637,0.625989863169042,0.610262866680377,0.675210493604435,29.9290909090909,25.2109090909091,44.86,1.86363636363636,32.42,0.772727272727273,28.3454545454545,0.805454545454545,35.7927272727273,-0.541276177526875,4.92465331879529,0.862981818181818,0.866309090909091,0.888163636363636
106972,64241,42731,0.62556338408382,0.610052109742231,0.674708480752099,29.96,25.1981818181818,44.8418181818182,1.84,32.4018181818182,0.767272727272727,28.3363636363636,0.774545454545455,35.88,-0.533261901140213,4.90373951846903,0.862981818181818,0.866309090909091,0.888163636363636
107181,64369,42812,0.625085863900829,0.609876296765349,0.674126451672058,29.9654545454545,25.2109090909091,44.8236363636364,1.81818181818182,32.4127272727273,0.712727272727273,28.3727272727273,0.74,35.9436363636364,-0.523093077709729,4.87897147156975,0.862981818181818,0.866309090909091,0.888163636363636
107318,64481,42837,0.62442751165825,0.609149104463216,0.673749795177931,29.9945454545455,25.1927272727273,44.8127272727273,1.80363636363636,32.3545454545455,0.770909090909091,28.3745454545455,0.696363636363636,36,-0.515617930719798,4.84447428638285,0.862981818181818,0.866309090909091,0.888163636363636
107501,64626,42875,0.624023675463309,0.608590490591232,0.673355867384582,30.0327272727273,25.16,44.8072727272727,1.77454545454545,32.3563636363636,0.783636363636364,28.3,0.72,36.0654545454545,-0.50679519532079,4.81719671704552,0.862981818181818,0.866309090909091,0.888163636363636
107771,64790,42981,0.623917980759012,0.6078713976063,0.672933629447235,30.0745454545455,25.1109090909091,44.8145454545455,1.74909090909091,32.3563636363636,0.758181818181818,28.2836363636364,0.703636363636364,36.1490909090909,-0.494010812010277,4.79580049081282,0.862981818181818,0.866309090909091,0.888163636363636
107796,64901,42895,0.623480652831672,0.607016173897154,0.672418567080012,30.1090909090909,25.0690909090909,44.8218181818182,1.72545454545455,32.3218181818182,0.770909090909091,28.2472727272727,0.716363636363636,36.2181818181818,-0.486515389145775,4.72151878421957,0.862981818181818,0.866309090909091,0.888163636363636
108072,65011,43061,0.623253218467903,0.606683742143829,0.67202454170922,30.1163636363636,25.0563636363636,44.8272727272727,1.70181818181818,32.3290909090909,0.749090909090909,28.2272727272727,0.68,36.3127272727273,-0.480518469553102,4.73019681301984,0.862981818181818,0.866309090909091,0.888163636363636
108229,65122,43107,0.62288474996302,0.606085494778663,0.671643442088398,30.1345454545455,25.0363636363636,44.8290909090909,1.69090909090909,32.3327272727273,0.732727272727273,28.2,0.672727272727273,36.3709090909091,-0.470390440794555,4.69812234423377,0.862981818181818,0.866309090909091,0.888163636363636
108467,65235,43232,0.622608763591382,0.605916276918767,0.671325320691155,30.1454545454545,25.0236363636364,44.8309090909091,1.67636363636364,32.3181818181818,0.703636363636364,28.1854545454545,0.685454545454545,36.4309090909091,-0.461536303907633,4.69091073599729,0.862981818181818,0.866309090909091,0.888163636363636
108719,65355,43364,0.622255328978832,0.60536660453374,0.67084732509555,30.1872727272727,24.9890909090909,44.8236363636364,1.65818181818182,32.3054545454545,0.68,28.16,0.676363636363636,36.52,-0.452747352895412,4.67919091907414,0.862981818181818,0.866309090909091,0.888163636363636
108771,65441,43330,0.621633012375296,0.60473624886835,0.670402445432392,30.1981818181818,24.9872727272727,44.8145454545455,1.63272727272727,32.3363636363636,0.652727272727273,28.1272727272727,0.650909090909091,36.6,-0.44439131163738,4.62349844629114,0.862981818181818,0.866309090909091,0.888163636363636
108897,65565,43332,0.621269422036202,0.604217404741248,0.670027354657337,30.2072727272727,24.9727272727273,44.82,1.62545454545455,32.3472727272727,0.629090909090909,28.1090909090909,0.627272727272727,36.6618181818182,-0.433456922999837,4.56357952464711,0.862981818181818,0.866309090909091,0.888163636363636
108958,65679,43279,0.620688293111766,0.603834128220452,0.669776177530208,30.2181818181818,24.9436363636364,44.8381818181818,1.60363636363636,32.3527272727273,0.625454545454545,28.0563636363636,0.625454545454545,36.7363636363636,-0.423113212768327,4.50796493616971,0.862981818181818,0.866309090909091,0.888163636363636
109272,65775,43497,0.620318498907462,0.603994767748547,0.669463994021213,30.2363636363636,24.9618181818182,44.8018181818182,1.58363636363636,32.3945454545455,0.609090909090909,28.0072727272727,0.585454545454545,36.82,-0.414477641237053,4.51511098525741,0.862981818181818,0.866309090909091,0.888163636363636
109567,65871,43696,0.619991127605911,0.604106588919523,0.66911559648552,30.2454545454545,24.9527272727273,44.8018181818182,1.56545454545455,32.4236363636364,0.603636363636364,27.9381818181818,0.581818181818182,36.8872727272727,-0.406228126246821,4.52990875786001,0.862981818181818,0.866309090909091,0.888163636363636
109826,65937,43889,0.619593187957984,0.603826907732786,0.669133839676302,30.2527272727273,24.9418181818182,44.8054545454546,1.55272727272727,32.44,0.6,27.8945454545455,0.549090909090909,36.9636363636364,-0.401688467643478,4.52064559242942,0.862981818181818,0.866309090909091,0.888163636363636
110204,66045,44159,0.619734937193967,0.60350945769849,0.668930035087134,30.2636363636364,24.9236363636364,44.8127272727273,1.53818181818182,32.5072727272727,0.541818181818182,27.8636363636364,0.538181818181818,37.0109090909091,-0.39206045253033,4.54619421958923,0.862981818181818,0.866309090909091,0.888163636363636
110234,66146,44088,0.619511306107603,0.603346765455753,0.668739813835497,30.2618181818182,24.92,44.8181818181818,1.52545454545455,32.5127272727273,0.581818181818182,27.78,0.552727272727273,37.0472727272727,-0.388237191093239,4.49337331435897,0.862981818181818,0.866309090909091,0.888163636363636
110320,66211,44109,0.618991374392453,0.603080021424104,0.668433951182169,30.2490909090909,24.9327272727273,44.8181818181818,1.50363636363636,32.5690909090909,0.554545454545455,27.7563636363636,0.521818181818182,37.0945454545455,-0.382451477680694,4.45367789214308,0.862981818181818,0.866309090909091,0.888163636363636
110438,66271,44167,0.618863959680665,0.602931165939301,0.66799856719235,30.2618181818182,24.9472727272727,44.7909090909091,1.49090909090909,32.6218181818182,0.525454545454546,27.7018181818182,0.507272727272727,37.1527272727273,-0.378293434259566,4.41938887401061,0.862981818181818,0.866309090909091,0.888163636363636
110657,66351,44306,0.618669267997686,0.602452941284074,0.667787126065603,30.2727272727273,24.9290909090909,44.7981818181818,1.47454545454545,32.6945454545455,0.5,27.6236363636364,0.503636363636364,37.2036363636364,-0.370978763597933,4.41134835102341,0.862981818181818,0.866309090909091,0.888163636363636
110671,66407,44264,0.618276741487512,0.602042490772583,0.667429917840583,30.2927272727273,24.9145454545455,44.7927272727273,1.46545454545455,32.7527272727273,0.492727272727273,27.5545454545455,0.48,37.2545454545455,-0.366005649417639,4.35714822032235,0.862981818181818,0.866309090909091,0.888163636363636
110710,66444,44266,0.618106113992012,0.601664390493122,0.667081727717643,30.2836363636364,24.9254545454545,44.7909090909091,1.45636363636364,32.7927272727273,0.476363636363636,27.5054545454545,0.487272727272727,37.2818181818182,-0.362508790567517,4.31898294578899,0.862981818181818,0.866309090909091,0.888163636363636
110846,66531,44315,0.61777875505595,0.60119539703492,0.666684077716909,30.2854545454545,24.92,44.7945454545455,1.44363636363636,32.8436363636364,0.452727272727273,27.4618181818182,0.465454545454546,37.3327272727273,-0.35405038791624,4.29384266571565,0.862981818181818,0.866309090909091,0.888163636363636
110840,66594,44246,0.617194172440308,0.600951036816342,0.666549239051919,30.2727272727273,24.9418181818182,44.7854545454545,1.43454545454545,32.88,0.436363636363636,27.3927272727273,0.478181818181818,37.3781818181818,-0.349080531570044,4.24278773611242,0.862981818181818,0.866309090909091,0.888163636363636
110786,66644,44142,0.616941560269172,0.600969349556707,0.666331896977843,30.2545454545455,24.9618181818182,44.7836363636364,1.42,32.9218181818182,0.434545454545455,27.3290909090909,0.472727272727273,37.4218181818182,-0.346107741851698,4.1825912323865,0.862981818181818,0.866309090909091,0.888163636363636
110879,66690,44189,0.616721949661322,0.600724229224449,0.666032733816846,30.2563636363636,24.9563636363636,44.7872727272727,1.40181818181818,32.9745454545455,0.42,27.2963636363636,0.445454545454545,37.4618181818182,-0.34271607470106,4.14963575764136,0.862981818181818,0.866309090909091,0.888163636363636
111069,66745,44324,0.616622141325353,0.600418892994525,0.66594378800165,30.2745454545455,24.9345454545455,44.7909090909091,1.38727272727273,33.0436363636364,0.396363636363636,27.2636363636364,0.403636363636364,37.5054545454545,-0.335340568761934,4.14705577601086,0.862981818181818,0.866309090909091,0.888163636363636
111265,66817,44448,0.61638358058684,0.600066275337796,0.665799564163041,30.2818181818182,24.9127272727273,44.8054545454546,1.37636363636364,33.0872727272727,0.390909090909091,27.1981818181818,0.407272727272727,37.54,-0.32904946309599,4.14305934797634,0.862981818181818,0.866309090909091,0.888163636363636
111379,66870,44509,0.616104064459326,0.600144130765707,0.665576155965321,30.2727272727273,24.9290909090909,44.7981818181818,1.36909090909091,33.1181818181818,0.421818181818182,27.1345454545455,0.349090909090909,37.6072727272727,-0.325521030988206,4.1178305235776,0.862981818181818,0.866309090909091,0.888163636363636
111383,66906,44477,0.615899489873162,0.599912856101437,0.665507894528075,30.2745454545455,24.9309090909091,44.7945454545455,1.35272727272727,33.1690909090909,0.443636363636364,27.0236363636364,0.396363636363636,37.6145454545455,-0.32369510253722,4.09253463257443,0.862981818181818,0.866309090909091,0.888163636363636
111407,66957,44450,0.615616918765609,0.599348851080393,0.665360732610762,30.2745454545455,24.9345454545455,44.7909090909091,1.34,33.2472727272727,0.403636363636364,26.9563636363636,0.387272727272727,37.6654545454545,-0.318985690582882,4.04346251704476,0.862981818181818,0.866309090909091,0.888163636363636
111519,66998,44521,0.615337426839176,0.599358603011014,0.665206309136703,30.2745454545455,24.9363636363636,44.7890909090909,1.33272727272727,33.3054545454545,0.383636363636364,26.8709090909091,0.403636363636364,37.7036363636364,-0.315276443247091,4.02724495909431,0.862981818181818,0.866309090909091,0.888163636363636
111616,67044,44572,0.615249194462583,0.59906128829961,0.665035944913873,30.2872727272727,24.9145454545455,44.7981818181818,1.32909090909091,33.3327272727273,0.403636363636364,26.8,0.381818181818182,37.7527272727273,-0.311280982941389,4.00502535971728,0.862981818181818,0.866309090909091,0.888163636363636
111715,67117,44598,0.61522374833924,0.598752035041029,0.664976758330985,30.2781818181818,24.9327272727273,44.7890909090909,1.32181818181818,33.3781818181818,0.401818181818182,26.7054545454545,0.414545454545455,37.7781818181818,-0.304464791545814,3.99199219454419,0.862981818181818,0.866309090909091,0.888163636363636
111804,67146,44658,0.615201911389156,0.598697141494433,0.66475978539132,30.2690909090909,24.9563636363636,44.7745454545455,1.30545454545455,33.4254545454545,0.390909090909091,26.6763636363636,0.350909090909091,37.8509090909091,-0.303236313909292,3.95594428506765,0.862981818181818,0.866309090909091,0.888163636363636
111642,67185,44457,0.615004326292858,0.59834829045183,0.664525762453716,30.2509090909091,24.98,44.7690909090909,1.29636363636364,33.4963636363636,0.367272727272727,26.5890909090909,0.361818181818182,37.8890909090909,-0.299011087553068,3.89158848144791,0.862981818181818,0.866309090909091,0.888163636363636
111701,67251,44450,0.615037244719083,0.597823210280937,0.664357373242948,30.2581818181818,24.9763636363636,44.7654545454546,1.28727272727273,33.5327272727273,0.367272727272727,26.5072727272727,0.390909090909091,37.9145454545455,-0.292637844214385,3.87781564972617,0.862981818181818,0.866309090909091,0.888163636363636
112016,67299,44717,0.615049916536953,0.597812862310709,0.664173683344093,30.2618181818182,24.9836363636364,44.7545454545455,1.27636363636364,33.5781818181818,0.378181818181818,26.4218181818182,0.387272727272727,37.9581818181818,-0.289605887132612,3.89116289344701,0.862981818181818,0.866309090909091,0.888163636363636
112022,67329,44693,0.614932397677358,0.597346065102231,0.663929110423051,30.26,24.9854545454545,44.7545454545455,1.27454545454545,33.6272727272727,0.367272727272727,26.3745454545455,0.354545454545454,38.0018181818182,-0.286044692417437,3.85671719583598,0.862981818181818,0.866309090909091,0.888163636363636
112028,67370,44658,0.614620960990309,0.596975418883724,0.663767937259909,30.2672727272727,24.9854545454545,44.7472727272727,1.26363636363636,33.6781818181818,0.325454545454545,26.3345454545455,0.365454545454545,38.0327272727273,-0.280671006576581,3.81418915282596,0.862981818181818,0.866309090909091,0.888163636363636
112184,67418,44766,0.614663533342778,0.596757491166632,0.663719849584921,30.2745454545455,24.9745454545455,44.7509090909091,1.25818181818182,33.7309090909091,0.303636363636364,26.2709090909091,0.365454545454545,38.0709090909091,-0.275714023851536,3.81066586971283,0.862981818181818,0.866309090909091,0.888163636363636
112191,67432,44759,0.614503534111909,0.596645679765898,0.663631047977865,30.2763636363636,24.9727272727273,44.7509090909091,1.24909090909091,33.7363636363636,0.349090909090909,26.1909090909091,0.385454545454545,38.0890909090909,-0.275199652632529,3.7936461714181,0.862981818181818,0.866309090909091,0.888163636363636
112262,67477,44785,0.614473897017641,0.596259697556554,0.663392202582628,30.2909090909091,24.9581818181818,44.7509090909091,1.24363636363636,33.7818181818182,0.303636363636364,26.1763636363636,0.372727272727273,38.1218181818182,-0.272458021986214,3.76993800997734,0.862981818181818,0.866309090909091,0.888163636363636
112218,67500,44718,0.614288445930597,0.595925970706024,0.663121191698954,30.2872727272727,24.9745454545455,44.7381818181818,1.23636363636364,33.8145454545455,0.289090909090909,26.1436363636364,0.367272727272727,38.1490909090909,-0.269978541000323,3.72390465682203,0.862981818181818,0.866309090909091,0.888163636363636
112443,67551,44892,0.614398956931548,0.596003199951779,0.662813846044613,30.2854545454545,24.9854545454545,44.7290909090909,1.23090909090909,33.8509090909091,0.281818181818182,26.1,0.334545454545455,38.2018181818182,-0.266407837650993,3.73430888977918,0.862981818181818,0.866309090909091,0.888163636363636
112423,67580,44843,0.614281816545456,0.595601984418375,0.662684339012009,30.2781818181818,24.9909090909091,44.7309090909091,1.22545454545455,33.8654545454545,0.3,26.0509090909091,0.305454545454545,38.2527272727273,-0.26470677822151,3.69808705449104,0.862981818181818,0.866309090909091,0.888163636363636
112568,67618,44950,0.614167550268393,0.595770285930504,0.662568444139657,30.2745454545455,24.9909090909091,44.7345454545455,1.21818181818182,33.8872727272727,0.3,25.9963636363636,0.321818181818182,38.2763636363636,-0.262535228851167,3.69091499664567,0.862981818181818,0.866309090909091,0.888163636363636
112648,67664,44984,0.61406895840857,0.595504376374074,0.66234336001738,30.2781818181818,24.9836363636364,44.7381818181818,1.20363636363636,33.9436363636364,0.269090909090909,25.9472727272727,0.327272727272727,38.3090909090909,-0.257433042302728,3.67697422829541,0.862981818181818,0.866309090909091,0.888163636363636
112724,67704,45020,0.613989697736605,0.595140423479812,0.662472891549381,30.2854545454545,24.9727272727273,44.7418181818182,1.19818181818182,33.9636363636364,0.269090909090909,25.9072727272727,0.316363636363636,38.3454545454545,-0.25424975566566,3.65530360449444,0.862981818181818,0.866309090909091,0.888163636363636
112831,67732,45099,0.613942426618685,0.59527129818822,0.662252352737197,30.2854545454545,24.98,44.7345454545455,1.18545454545455,33.9963636363636,0.272727272727273,25.8290909090909,0.332727272727273,38.3836363636364,-0.251821407912807,3.65039717609232,0.862981818181818,0.866309090909091,0.888163636363636
112906,67783,45123,0.613795297083285,0.594975830898952,0.662268357670728,30.2945454545455,24.9636363636364,44.7418181818182,1.17454545454545,34.0236363636364,0.289090909090909,25.7818181818182,0.294545454545454,38.4363636363636,-0.24601516303691,3.62549947283485,0.862981818181818,0.866309090909091,0.888163636363636
112955,67816,45139,0.613668144401862,0.594843897008203,0.662221117483277,30.2981818181818,24.9472727272727,44.7545454545455,1.17090909090909,34.04,0.307272727272727,25.6890909090909,0.283636363636364,38.5090909090909,-0.242818903923035,3.61293587413701,0.862981818181818,0.866309090909091,0.888163636363636
113072,67845,45227,0.613643831034231,0.594726737858217,0.66209881635326,30.3018181818182,24.9454545454545,44.7527272727273,1.16363636363636,34.0872727272727,0.272727272727273,25.64,0.285454545454545,38.5509090909091,-0.239558798616583,3.60989300500263,0.862981818181818,0.866309090909091,0.888163636363636
113060,67885,45175,0.613620111105821,0.594361837092084,0.662037319559136,30.3072727272727,24.9418181818182,44.7509090909091,1.15090909090909,34.1490909090909,0.241818181818182,25.5636363636364,0.272727272727273,38.6218181818182,-0.235948303985325,3.56490970253944,0.862981818181818,0.866309090909091,0.888163636363636
113061,67920,45141,0.613500544172343,0.593809994438476,0.662075536014353,30.3109090909091,24.9254545454545,44.7636363636364,1.13818181818182,34.1890909090909,0.245454545454545,25.4927272727273,0.287272727272727,38.6472727272727,-0.233443558114496,3.53851509365168,0.862981818181818,0.866309090909091,0.888163636363636
113083,67953,45130,0.613595544025498,0.593535029078409,0.661927169306806,30.3109090909091,24.9272727272727,44.7618181818182,1.12727272727273,34.2363636363636,0.230909090909091,25.4254545454545,0.285454545454545,38.6945454545455,-0.228665858439424,3.5119025295431,0.862981818181818,0.866309090909091,0.888163636363636
113094,67972,45122,0.613479818721754,0.593305201287606,0.66189060223055,30.3072727272727,24.92,44.7727272727273,1.12545454545455,34.2581818181818,0.230909090909091,25.3727272727273,0.265454545454545,38.7472727272727,-0.227302070347254,3.48437143780968,0.862981818181818,0.866309090909091,0.888163636363636
112791,67981,44810,0.613310694558369,0.592942737629635,0.661546629186947,30.3109090909091,24.9236363636364,44.7654545454546,1.12363636363636,34.2618181818182,0.256363636363636,25.3054545454545,0.26,38.7927272727273,-0.227640776647339,3.38309475129301,0.862981818181818,0.866309090909091,0.888163636363636
112915,68004,44911,0.613268623453092,0.592819831812199,0.661565492666656,30.3054545454545,24.9272727272727,44.7672727272727,1.11272727272727,34.2927272727273,0.258181818181818,25.24,0.263636363636364,38.8327272727273,-0.225825892276639,3.37276439829306,0.862981818181818,0.866309090909091,0.888163636363636
112798,68020,44778,0.613258252337225,0.592343023152033,0.661519692113539,30.3072727272727,24.9218181818182,44.7709090909091,1.10181818181818,34.3309090909091,0.258181818181818,25.1636363636364,0.263636363636364,38.8818181818182,-0.224969904389317,3.31077170697126,0.862981818181818,0.866309090909091,0.888163636363636
112687,68026,44661,0.613081170622836,0.592095349449687,0.661414039739327,30.3036363636364,24.9272727272727,44.7690909090909,1.09272727272727,34.3672727272727,0.250909090909091,25.0690909090909,0.296363636363636,38.9236363636364,-0.224447996658273,3.27106238928708,0.862981818181818,0.866309090909091,0.888163636363636
112817,68039,44778,0.612973244366315,0.592187440343326,0.661296307860875,30.2945454545455,24.9418181818182,44.7636363636364,1.08727272727273,34.4163636363636,0.236363636363636,25.0163636363636,0.272727272727273,38.9709090909091,-0.222719049250538,3.27703298926353,0.862981818181818,0.866309090909091,0.888163636363636
112870,68056,44814,0.612812099364897,0.591884896989547,0.661236757795239,30.2981818181818,24.94,44.7618181818182,1.08,34.4527272727273,0.236363636363636,24.9509090909091,0.252727272727273,39.0272727272727,-0.221788968046365,3.25974080562592,0.862981818181818,0.866309090909091,0.888163636363636
113123,68075,45048,0.612689406295207,0.592079364983093,0.661120777116307,30.2945454545455,24.9436363636364,44.7618181818182,1.07636363636364,34.5218181818182,0.209090909090909,24.8709090909091,0.250909090909091,39.0709090909091,-0.220080167768438,3.29484795765443,0.862981818181818,0.866309090909091,0.888163636363636
113107,68086,45021,0.61268282372545,0.591791686510424,0.661107531702808,30.2981818181818,24.9345454545455,44.7672727272727,1.06727272727273,34.5763636363636,0.201818181818182,24.7781818181818,0.234545454545455,39.1418181818182,-0.22010118839204,3.26200267293236,0.862981818181818,0.866309090909091,0.888163636363636
113076,68101,44975,0.612633030747619,0.5917207855068,0.661039094224353,30.2927272727273,24.94,44.7672727272727,1.05272727272727,34.6218181818182,0.207272727272727,24.6654545454545,0.263636363636364,39.1890909090909,-0.218569552798925,3.24495367299427,0.862981818181818,0.866309090909091,0.888163636363636
113133,68117,45016,0.612527485822205,0.591623391204429,0.661002639608783,30.2927272727273,24.9363636363636,44.7709090909091,1.04545454545455,34.6618181818182,0.187272727272727,24.6054545454545,0.267272727272727,39.2327272727273,-0.216968517993915,3.24293632128022,0.862981818181818,0.866309090909091,0.888163636363636
113094,68136,44958,0.612448719772856,0.591236723990028,0.661109274191091,30.2981818181818,24.9309090909091,44.7709090909091,1.03636363636364,34.7072727272727,0.165454545454545,24.5636363636364,0.241818181818182,39.2854545454545,-0.214989216987636,3.19315852414478,0.862981818181818,0.866309090909091,0.888163636363636
113177,68146,45031,0.612408798427863,0.591251810536411,0.66104071238248,30.3018181818182,24.9290909090909,44.7690909090909,1.02909090909091,34.7254545454545,0.194545454545455,24.48,0.223636363636364,39.3472727272727,-0.213515255121853,3.19177114204927,0.862981818181818,0.866309090909091,0.888163636363636
113131,68170,44961,0.612338251749873,0.591024183797521,0.661014433651858,30.3018181818182,24.9272727272727,44.7709090909091,1.02,34.74,0.212727272727273,24.4290909090909,0.209090909090909,39.3890909090909,-0.211719161811793,3.16088411699642,0.862981818181818,0.866309090909091,0.888163636363636
113059,68180,44879,0.612356253916815,0.590735769446889,0.660879332766057,30.3090909090909,24.9218181818182,44.7690909090909,1.01454545454545,34.7672727272727,0.203636363636364,24.3672727272727,0.212727272727273,39.4345454545455,-0.210293419760737,3.11619681499221,0.862981818181818,0.866309090909091,0.888163636363636
113111,68186,44925,0.61227064212818,0.590703200161405,0.660896061757849,30.3127272727273,24.9145454545455,44.7727272727273,1.01090909090909,34.7854545454545,0.198181818181818,24.3145454545455,0.194545454545455,39.4963636363636,-0.209135423494842,3.10734391402115,0.862981818181818,0.866309090909091,0.888163636363636
113146,68189,44957,0.612213469680918,0.59055584407552,0.66085381600283,30.3163636363636,24.9090909090909,44.7745454545455,1.00727272727273,34.8,0.225454545454545,24.2090909090909,0.198181818181818,39.56,-0.209499412345361,3.10307169556618,0.862981818181818,0.866309090909091,0.888163636363636
113077,68201,44876,0.612255504270943,0.590373212133999,0.660719850837472,30.3163636363636,24.9090909090909,44.7745454545455,0.994545454545454,34.8472727272727,0.210909090909091,24.1290909090909,0.207272727272727,39.6109090909091,-0.209007009912536,3.06719511937011,0.862981818181818,0.866309090909091,0.888163636363636
113199,68213,44986,0.61212170237021,0.590583493886861,0.660695541429845,30.32,24.9072727272727,44.7727272727273,0.985454545454546,34.8709090909091,0.221818181818182,24.0363636363636,0.207272727272727,39.6781818181818,-0.208083213552494,3.07768904620951,0.862981818181818,0.866309090909091,0.888163636363636
113138,68220,44918,0.612018070729303,0.590468351653244,0.660722944954006,30.3181818181818,24.9072727272727,44.7745454545455,0.976363636363636,34.9072727272727,0.218181818181818,23.96,0.198181818181818,39.74,-0.207654922523282,3.0431399372491,0.862981818181818,0.866309090909091,0.888163636363636
113177,68224,44953,0.611969249797969,0.590343983986076,0.660727250561511,30.3163636363636,24.9036363636364,44.78,0.976363636363636,34.9236363636364,0.209090909090909,23.8945454545455,0.189090909090909,39.8072727272727,-0.207446240841157,3.03448629812761,0.862981818181818,0.866309090909091,0.888163636363636
113183,68250,44933,0.611905564770176,0.590262633465481,0.660626027648481,30.3090909090909,24.9109090909091,44.78,0.972727272727273,34.9690909090909,0.178181818181818,23.8345454545455,0.203636363636364,39.8418181818182,-0.205338907826015,3.01593681709333,0.862981818181818,0.866309090909091,0.888163636363636
113181,68256,44925,0.61184200647081,0.590071832774798,0.660600318648176,30.3109090909091,24.9072727272727,44.7818181818182,0.967272727272727,35,0.163636363636364,23.7672727272727,0.201818181818182,39.9,-0.204376679500142,2.98727335144173,0.862981818181818,0.866309090909091,0.888163636363636
113275,68276,44999,0.611963675379588,0.589894975123136,0.660548181171447,30.3163636363636,24.9036363636364,44.78,0.956363636363636,35.0254545454545,0.163636363636364,23.6836363636364,0.203636363636364,39.9672727272727,-0.202483474537307,2.97825727327303,0.862981818181818,0.866309090909091,0.888163636363636
113423,68288,45135,0.611932776683394,0.589794073363888,0.660755163086423,30.32,24.9018181818182,44.7781818181818,0.949090909090909,35.0509090909091,0.152727272727273,23.6218181818182,0.176363636363636,40.0490909090909,-0.20131241525735,2.99638541774316,0.862981818181818,0.866309090909091,0.888163636363636
113367,68293,45074,0.611817752151887,0.589674829158984,0.660753396192528,30.3181818181818,24.9072727272727,44.7745454545455,0.943636363636364,35.0690909090909,0.169090909090909,23.5290909090909,0.18,40.1090909090909,-0.200680202510293,2.97709749530662,0.862981818181818,0.866309090909091,0.888163636363636
113379,68301,45078,0.611788753780459,0.589594739771987,0.660682931185442,30.32,24.9,44.78,0.930909090909091,35.0909090909091,0.18,23.4363636363636,0.190909090909091,40.1709090909091,-0.199190749393099,2.9546718318354,0.862981818181818,0.866309090909091,0.888163636363636
113395,68308,45087,0.611858338717398,0.589481053516227,0.660641545380822,30.3254545454545,24.8927272727273,44.7818181818182,0.92,35.1327272727273,0.158181818181818,23.3763636363636,0.189090909090909,40.2236363636364,-0.199240438441153,2.94164682626724,0.862981818181818,0.866309090909091,0.888163636363636
113358,68311,45047,0.611783641234814,0.58936273078731,0.660648309841841,30.3272727272727,24.8890909090909,44.7836363636364,0.916363636363636,35.14,0.169090909090909,23.2781818181818,0.183636363636364,40.3127272727273,-0.199311440907927,2.91915049850941,0.862981818181818,0.866309090909091,0.888163636363636
113360,68319,45041,0.611773360088891,0.589246212455208,0.660593337708752,30.3272727272727,24.8909090909091,44.7818181818182,0.912727272727273,35.1672727272727,0.167272727272727,23.1927272727273,0.178181818181818,40.3818181818182,-0.198707169489088,2.90290243950757,0.862981818181818,0.866309090909091,0.888163636363636
113372,68338,45034,0.611720766110119,0.58915834849734,0.660494518283391,30.3254545454545,24.8945454545455,44.78,0.903636363636364,35.2,0.176363636363636,23.1054545454545,0.165454545454545,40.4490909090909,-0.196721178542992,2.88993176899173,0.862981818181818,0.866309090909091,0.888163636363636
113608,68347,45261,0.611736265309914,0.589483809747088,0.66046240990584,30.3254545454545,24.8981818181818,44.7763636363636,0.896363636363636,35.2254545454545,0.18,23.0036363636364,0.185454545454545,40.5090909090909,-0.196729916717264,2.92248012586073,0.862981818181818,0.866309090909091,0.888163636363636
113734,68353,45381,0.611719927958259,0.589512973894651,0.660434015926161,30.3218181818182,24.9018181818182,44.7763636363636,0.889090909090909,35.2309090909091,0.18,22.9381818181818,0.169090909090909,40.5927272727273,-0.195151166975583,2.92711731114171,0.862981818181818,0.866309090909091,0.888163636363636
113730,68354,45376,0.611666873607288,0.589353130579201,0.660398319035508,30.32,24.9054545454545,44.7745454545455,0.889090909090909,35.2363636363636,0.190909090909091,22.8672727272727,0.161818181818182,40.6545454545455,-0.194988420967605,2.8976833963936,0.862981818181818,0.866309090909091,0.888163636363636
113818,68358,45460,0.611642443204524,0.589397199954615,0.660333793213929,30.32,24.9072727272727,44.7727272727273,0.883636363636364,35.2763636363636,0.176363636363636,22.8018181818182,0.163636363636364,40.6981818181818,-0.19502780302216,2.89724563631144,0.862981818181818,0.866309090909091,0.888163636363636
113784,68361,45423,0.611600396980457,0.589305883156211,0.660323657378747,30.3236363636364,24.9,44.7763636363636,0.881818181818182,35.2963636363636,0.190909090909091,22.7109090909091,0.158181818181818,40.7618181818182,-0.195116665402681,2.87866199937734,0.862981818181818,0.866309090909091,0.888163636363636
113802,68366,45436,0.611609269964278,0.589100546138477,0.660263937132708,30.3272727272727,24.8927272727273,44.78,0.878181818181818,35.3254545454545,0.167272727272727,22.6527272727273,0.176363636363636,40.8,-0.194403153012337,2.85894746672023,0.862981818181818,0.866309090909091,0.888163636363636
113530,68373,45157,0.611504211234682,0.588728822619299,0.660175031177508,30.3290909090909,24.8890909090909,44.7818181818182,0.874545454545455,35.3345454545455,0.170909090909091,22.6090909090909,0.149090909090909,40.8618181818182,-0.192778536848809,2.79196977760664,0.862981818181818,0.866309090909091,0.888163636363636
113474,68384,45090,0.611399390924358,0.588438259583333,0.660166881226095,30.3290909090909,24.8854545454545,44.7854545454545,0.869090909090909,35.3636363636364,0.163636363636364,22.5509090909091,0.141818181818182,40.9109090909091,-0.191104324974797,2.77004912089218,0.862981818181818,0.866309090909091,0.888163636363636
113464,68393,45071,0.611412049329311,0.588353511433152,0.660160408032964,30.3272727272727,24.8836363636364,44.7890909090909,0.865454545454545,35.3854545454545,0.161818181818182,22.4836363636364,0.154545454545455,40.9490909090909,-0.190375022767958,2.75706840292974,0.862981818181818,0.866309090909091,0.888163636363636
113808,68400,45408,0.611546291796501,0.588755761596674,0.660088496259439,30.3218181818182,24.8945454545455,44.7836363636364,0.850909090909091,35.4181818181818,0.138181818181818,22.4545454545455,0.136363636363636,41.0018181818182,-0.190690308013423,2.79433830289001,0.862981818181818,0.866309090909091,0.888163636363636
113806,68412,45394,0.611484589724663,0.588625929331673,0.660179603729879,30.3272727272727,24.8854545454545,44.7872727272727,0.849090909090909,35.4127272727273,0.163636363636364,22.3872727272727,0.152727272727273,41.0345454545455,-0.190310522353023,2.78831056640907,0.862981818181818,0.866309090909091,0.888163636363636
113738,68418,45320,0.611461958538042,0.588464661713431,0.660172945915799,30.3254545454545,24.8836363636364,44.7909090909091,0.845454545454545,35.4363636363636,0.169090909090909,22.3072727272727,0.183636363636364,41.0581818181818,-0.190060515189543,2.76433507068591,0.862981818181818,0.866309090909091,0.888163636363636
113805,68424,45381,0.611472464794411,0.588444316649434,0.660110005959689,30.3254545454545,24.8854545454545,44.7890909090909,0.845454545454545,35.4690909090909,0.156363636363636,22.2618181818182,0.163636363636364,41.1036363636364,-0.189688553610309,2.75063896328211,0.862981818181818,0.866309090909091,0.888163636363636
113796,68429,45367,0.611490564328661,0.588427442940328,0.660088225217356,30.3236363636364,24.8872727272727,44.7890909090909,0.841818181818182,35.4927272727273,0.150909090909091,22.2127272727273,0.178181818181818,41.1236363636364,-0.188565419523299,2.72981603389437,0.862981818181818,0.866309090909091,0.888163636363636
113814,68429,45385,0.611477638978594,0.588450386580259,0.660047637542128,30.3181818181818,24.8854545454545,44.7963636363636,0.836363636363636,35.5218181818182,0.16,22.1618181818182,0.149090909090909,41.1709090909091,-0.188123559566553,2.72054188779809,0.862981818181818,0.866309090909091,0.888163636363636
113815,68431,45384,0.611371123210176,0.588325183558316,0.660004928688679,30.3181818181818,24.8872727272727,44.7945454545455,0.834545454545455,35.5545454545455,0.143636363636364,22.0927272727273,0.165454545454545,41.2090909090909,-0.18738738744816,2.70565665499731,0.862981818181818,0.866309090909091,0.888163636363636
113890,68436,45454,0.611332308620496,0.588318749786106,0.659897836577245,30.3181818181818,24.8927272727273,44.7890909090909,0.834545454545455,35.5763636363636,0.132727272727273,22.0545454545455,0.143636363636364,41.2581818181818,-0.18718887638216,2.70134548084302,0.862981818181818,0.866309090909091,0.888163636363636
113924,68440,45484,0.611290906315088,0.58829100387951,0.659926292127144,30.32,24.8909090909091,44.7890909090909,0.834545454545455,35.5963636363636,0.125454545454545,22.0345454545455,0.125454545454545,41.2836363636364,-0.187241762785495,2.69315569807183,0.862981818181818,0.866309090909091,0.888163636363636
113967,68441,45526,0.611317995604778,0.58839020001392,0.659767364875108,30.32,24.8927272727273,44.7872727272727,0.832727272727273,35.6072727272727,0.141818181818182,21.9836363636364,0.123636363636364,41.3109090909091,-0.187509828551926,2.67798952622847,0.862981818181818,0.866309090909091,0.888163636363636
114006,68443,45563,0.611330121522352,0.588399766926978,0.65973057760138,30.32,24.8945454545455,44.7854545454545,0.829090909090909,35.64,0.118181818181818,21.9218181818182,0.145454545454545,41.3454545454545,-0.187709288989109,2.66898514790968,0.862981818181818,0.866309090909091,0.888163636363636
113997,68459,45538,0.611345756744333,0.588305242807944,0.659721342807415,30.3181818181818,24.8872727272727,44.7945454545455,0.829090909090909,35.6527272727273,0.132727272727273,21.8690909090909,0.14,41.3763636363636,-0.186901481608352,2.65814411748539,0.862981818181818,0.866309090909091,0.888163636363636
113863,68466,45397,0.611363216878922,0.588043060883653,0.659732847199728,30.3218181818182,24.8781818181818,44.8,0.829090909090909,35.6654545454545,0.141818181818182,21.8218181818182,0.123636363636364,41.4181818181818,-0.186879552672194,2.62123172039335,0.862981818181818,0.866309090909091,0.888163636363636
114072,68473,45599,0.611253653658954,0.588191328105721,0.659770578226106,30.3145454545455,24.8854545454545,44.8,0.825454545454545,35.7018181818182,0.150909090909091,21.7509090909091,0.12,41.4509090909091,-0.18627081704326,2.64382444742051,0.862981818181818,0.866309090909091,0.888163636363636
114037,68473,45564,0.611187116942083,0.588112377757783,0.65977176259067,30.3163636363636,24.8836363636364,44.8,0.821818181818182,35.7290909090909,0.167272727272727,21.6890909090909,0.12,41.4727272727273,-0.186236327423037,2.62657439207489,0.862981818181818,0.866309090909091,0.888163636363636
114122,68475,45647,0.611116711468102,0.588200216639734,0.659785067455978,30.3163636363636,24.8854545454545,44.7981818181818,0.818181818181818,35.7581818181818,0.16,21.6472727272727,0.123636363636364,41.4927272727273,-0.185872520246035,2.62400705882094,0.862981818181818,0.866309090909091,0.888163636363636
114274,68491,45783,0.611137678879485,0.588434347724689,0.659835264027829,30.3163636363636,24.8945454545455,44.7890909090909,0.816363636363636,35.8,0.141818181818182,21.6,0.114545454545455,41.5272727272727,-0.184386826810342,2.63561219708486,0.862981818181818,0.866309090909091,0.888163636363636
114085,68499,45586,0.611104056463613,0.588148248015006,0.659756783836754,30.3218181818182,24.8909090909091,44.7872727272727,0.814545454545455,35.8290909090909,0.14,21.5381818181818,0.141818181818182,41.5363636363636,-0.183169696327638,2.59147817953066,0.862981818181818,0.866309090909091,0.888163636363636
114083,68500,45583,0.611083600143333,0.588084386741672,0.659702364647797,30.3218181818182,24.8872727272727,44.7909090909091,0.812727272727273,35.8454545454545,0.134545454545455,21.5145454545455,0.134545454545455,41.5581818181818,-0.182977325941267,2.58656821305102,0.862981818181818,0.866309090909091,0.888163636363636
113947,68490,45457,0.610967886344553,0.587836806949332,0.659713020844734,30.3254545454545,24.88,44.7945454545455,0.809090909090909,35.8818181818182,0.136363636363636,21.4545454545455,0.14,41.5781818181818,-0.184115046779202,2.54981456073848,0.862981818181818,0.866309090909091,0.888163636363636
113961,68494,45467,0.61096126151804,0.587794880823776,0.659724523215481,30.3236363636364,24.8781818181818,44.7981818181818,0.807272727272727,35.9127272727273,0.134545454545455,21.4109090909091,0.138181818181818,41.5963636363636,-0.183932720753364,2.54305282221599,0.862981818181818,0.866309090909091,0.888163636363636
113974,68502,45472,0.610837425869762,0.587868068585182,0.659824861081384,30.3145454545455,24.8854545454545,44.8,0.805454545454545,35.9309090909091,0.145454545454545,21.3563636363636,0.136363636363636,41.6254545454546,-0.183936619085514,2.53222168453715,0.862981818181818,0.866309090909091,0.888163636363636
114008,68508,45500,0.610841658492738,0.587926258617339,0.659827255774771,30.3127272727273,24.8872727272727,44.8,0.805454545454545,35.96,0.143636363636364,21.2909090909091,0.134545454545455,41.6654545454545,-0.183778454132632,2.52116184532642,0.862981818181818,0.866309090909091,0.888163636363636
114071,68516,45555,0.610815094425378,0.58794364666305,0.659712715996545,30.3109090909091,24.8872727272727,44.8018181818182,0.798181818181818,35.9890909090909,0.141818181818182,21.2454545454545,0.127272727272727,41.6981818181818,-0.183106770402413,2.51394460553473,0.862981818181818,0.866309090909091,0.888163636363636
114151,68522,45629,0.610635775073622,0.587980205964251,0.659782530096769,30.3054545454545,24.8927272727273,44.8018181818182,0.796363636363636,36.0145454545455,0.127272727272727,21.2363636363636,0.105454545454545,41.72,-0.183203362138011,2.51243955628438,0.862981818181818,0.866309090909091,0.888163636363636
113991,68529,45462,0.610499971331748,0.587800298901906,0.659771357137334,30.2981818181818,24.9,44.8018181818182,0.796363636363636,36.0436363636364,0.123636363636364,21.1945454545455,0.114545454545455,41.7272727272727,-0.182339876265773,2.4786783780564,0.862981818181818,0.866309090909091,0.888163636363636
114073,68536,45537,0.610501875254952,0.587932195743551,0.659720819809059,30.2927272727273,24.9109090909091,44.7963636363636,0.789090909090909,36.0690909090909,0.138181818181818,21.1436363636364,0.116363636363636,41.7436363636364,-0.181350941232152,2.48011170327663,0.862981818181818,0.866309090909091,0.888163636363636
114092,68538,45554,0.61046842926972,0.587898649073089,0.659789772613119,30.2963636363636,24.9090909090909,44.7945454545455,0.787272727272727,36.0763636363636,0.147272727272727,21.0872727272727,0.129090909090909,41.7727272727273,-0.18128439437344,2.47944517311725,0.862981818181818,0.866309090909091,0.888163636363636
114126,68546,45580,0.610508938075588,0.587846206914047,0.659883784601362,30.3,24.8945454545455,44.8054545454546,0.787272727272727,36.0981818181818,0.154545454545455,21.0454545454545,0.107272727272727,41.8072727272727,-0.182032888770019,2.47292448973114,0.862981818181818,0.866309090909091,0.888163636363636
114000,68547,45453,0.610444973582227,0.587760635286369,0.659892710284333,30.3018181818182,24.8854545454545,44.8127272727273,0.785454545454545,36.1309090909091,0.136363636363636,21.0127272727273,0.112727272727273,41.8218181818182,-0.182595036115328,2.43842751830816,0.862981818181818,0.866309090909091,0.888163636363636
113981,68552,45429,0.610446951411173,0.58762643635345,0.659886367868715,30.3036363636364,24.8781818181818,44.8181818181818,0.787272727272727,36.1254545454546,0.143636363636364,20.98,0.129090909090909,41.8345454545455,-0.182356645145708,2.42900825820186,0.862981818181818,0.866309090909091,0.888163636363636
114045,68563,45482,0.610428748354516,0.587682101093075,0.659798144427504,30.2945454545455,24.8890909090909,44.8163636363636,0.785454545454545,36.1418181818182,0.141818181818182,20.9709090909091,0.116363636363636,41.8436363636364,-0.180878669984469,2.42765049595724,0.862981818181818,0.866309090909091,0.888163636363636
114075,68572,45503,0.610465008731989,0.587573736714463,0.659792323325252,30.2927272727273,24.8927272727273,44.8145454545455,0.785454545454545,36.1745454545455,0.12,20.9236363636364,0.130909090909091,41.8654545454545,-0.180284638286949,2.41669229756702,0.862981818181818,0.866309090909091,0.888163636363636
114178,68575,45603,0.610517215832769,0.587583045941036,0.659763684827261,30.2927272727273,24.8981818181818,44.8090909090909,0.783636363636364,36.1872727272727,0.103636363636364,20.9090909090909,0.125454545454545,41.8909090909091,-0.179518048558913,2.42569878805767,0.862981818181818,0.866309090909091,0.888163636363636
114103,68583,45520,0.610458388537865,0.587526634115999,0.659667777030694,30.2945454545455,24.8981818181818,44.8072727272727,0.783636363636364,36.1927272727273,0.114545454545455,20.8618181818182,0.138181818181818,41.9090909090909,-0.177875530521851,2.3926401486451,0.862981818181818,0.866309090909091,0.888163636363636
114114,68585,45529,0.610482745244482,0.587480076052236,0.659683318937171,30.2981818181818,24.8854545454545,44.8163636363636,0.781818181818182,36.2,0.121818181818182,20.8327272727273,0.129090909090909,41.9345454545455,-0.178753962017204,2.3876242980361,0.862981818181818,0.866309090909091,0.888163636363636
114132,68589,45543,0.610549825517566,0.587397525971068,0.659606385969128,30.3036363636364,24.8818181818182,44.8145454545455,0.778181818181818,36.2181818181818,0.114545454545455,20.8236363636364,0.118181818181818,41.9472727272727,-0.178215633842046,2.37724743322893,0.862981818181818,0.866309090909091,0.888163636363636
114030,68588,45442,0.610483379611103,0.58710834206398,0.65964881872728,30.3,24.8818181818182,44.8181818181818,0.772727272727273,36.2327272727273,0.114545454545455,20.8018181818182,0.110909090909091,41.9672727272727,-0.179220752714768,2.35274938466874,0.862981818181818,0.866309090909091,0.888163636363636
113968,68596,45372,0.61039680819638,0.587095842504382,0.659666530322549,30.2981818181818,24.8836363636364,44.8181818181818,0.770909090909091,36.2509090909091,0.107272727272727,20.76,0.123636363636364,41.9872727272727,-0.178615461166721,2.33378093432296,0.862981818181818,0.866309090909091,0.888163636363636
113970,68595,45375,0.610319981842796,0.587145237357368,0.659536095323342,30.2981818181818,24.8836363636364,44.8181818181818,0.770909090909091,36.26,0.112727272727273,20.7290909090909,0.121818181818182,42.0054545454545,-0.177742921998354,2.31588246239857,0.862981818181818,0.866309090909091,0.888163636363636
114077,68598,45479,0.610387051406794,0.587226617268016,0.65958899117584,30.2981818181818,24.8854545454545,44.8163636363636,0.765454545454545,36.2818181818182,0.105454545454545,20.7127272727273,0.116363636363636,42.0181818181818,-0.178404858795958,2.32740216187455,0.862981818181818,0.866309090909091,0.888163636363636
114100,68608,45492,0.610366299903724,0.587252982446316,0.659590182508213,30.2909090909091,24.8890909090909,44.82,0.763636363636364,36.3018181818182,0.107272727272727,20.6836363636364,0.0945454545454545,42.0490909090909,-0.177353909856836,2.3189277256077,0.862981818181818,0.866309090909091,0.888163636363636
114044,68608,45436,0.610455340552272,0.587295278401358,0.659447128579972,30.2909090909091,24.8909090909091,44.8181818181818,0.761818181818182,36.3090909090909,0.129090909090909,20.6327272727273,0.105454545454545,42.0618181818182,-0.177918342878481,2.29807453710924,0.862981818181818,0.866309090909091,0.888163636363636
114064,68609,45455,0.610402095954223,0.587250552935189,0.659394205780825,30.2872727272727,24.8927272727273,44.82,0.76,36.34,0.109090909090909,20.6036363636364,0.110909090909091,42.0763636363636,-0.17802622868608,2.29326931739395,0.862981818181818,0.866309090909091,0.888163636363636
113988,68613,45375,0.610345330470886,0.587136868243748,0.659342410318709,30.2836363636364,24.8945454545455,44.8218181818182,0.756363636363636,36.3527272727273,0.109090909090909,20.5709090909091,0.118181818181818,42.0927272727273,-0.177719119388017,2.26556676287543,0.862981818181818,0.866309090909091,0.888163636363636
114107,68614,45493,0.610305030156395,0.587152085935535,0.659425742452796,30.2872727272727,24.8945454545455,44.8181818181818,0.756363636363636,36.3618181818182,0.103636363636364,20.5545454545455,0.116363636363636,42.1072727272727,-0.178248465337277,2.27889622266997,0.862981818181818,0.866309090909091,0.888163636363636
113953,68614,45339,0.610324853790148,0.586796040880574,0.659383715994748,30.2890909090909,24.8909090909091,44.82,0.749090909090909,36.3854545454545,0.105454545454545,20.5309090909091,0.101818181818182,42.1272727272727,-0.177749220429607,2.24182285497134,0.862981818181818,0.866309090909091,0.888163636363636
114009,68616,45393,0.610341250798294,0.58675087768475,0.659469458762952,30.2890909090909,24.8890909090909,44.8218181818182,0.745454545454545,36.4109090909091,0.0927272727272727,20.5090909090909,0.101818181818182,42.14,-0.177538575740155,2.24317913482135,0.862981818181818,0.866309090909091,0.888163636363636
113925,68619,45306,0.610175253551786,0.586714076661686,0.65943649257882,30.28,24.8890909090909,44.8309090909091,0.745454545454545,36.4218181818182,0.0945454545454545,20.4818181818182,0.0981818181818182,42.1581818181818,-0.177410422822603,2.21700445325537,0.862981818181818,0.866309090909091,0.888163636363636
113878,68633,45245,0.610187380832701,0.58666650428917,0.659364652328453,30.2781818181818,24.8890909090909,44.8327272727273,0.745454545454545,36.4345454545455,0.107272727272727,20.4127272727273,0.112727272727273,42.1872727272727,-0.176091247614981,2.19806447631933,0.862981818181818,0.866309090909091,0.888163636363636
113894,68631,45263,0.610313472133994,0.586622639216075,0.659345501669302,30.28,24.8890909090909,44.8309090909091,0.741818181818182,36.4563636363636,0.105454545454545,20.3709090909091,0.105454545454545,42.22,-0.177171350548716,2.19146694012664,0.862981818181818,0.866309090909091,0.888163636363636
113932,68633,45299,0.610345379089726,0.586546622427623,0.659408514272474,30.2818181818182,24.8909090909091,44.8272727272727,0.738181818181818,36.4909090909091,0.0909090909090909,20.32,0.116363636363636,42.2436363636364,-0.17739132913319,2.18535380282185,0.862981818181818,0.866309090909091,0.888163636363636
113947,68637,45310,0.610252741608217,0.586565133107706,0.659357352779187,30.2836363636364,24.8945454545455,44.8218181818182,0.738181818181818,36.5018181818182,0.0890909090909091,20.28,0.114545454545455,42.2763636363636,-0.176645263341065,2.17515671713786,0.862981818181818,0.866309090909091,0.888163636363636
113806,68632,45174,0.610253075059616,0.58639962195846,0.659205910709386,30.2836363636364,24.9018181818182,44.8145454545455,0.736363636363636,36.5145454545455,0.1,20.2345454545455,0.114545454545455,42.3,-0.177437353290919,2.15610769296234,0.862981818181818,0.866309090909091,0.888163636363636
113889,68633,45256,0.610228320530649,0.586467717546795,0.659193482629454,30.2872727272727,24.9036363636364,44.8090909090909,0.730909090909091,36.5509090909091,0.0727272727272727,20.2036363636364,0.101818181818182,42.34,-0.177770243392495,2.1619030807506,0.862981818181818,0.866309090909091,0.888163636363636
113822,68635,45187,0.610195539264401,0.586391672118754,0.659212017863599,30.2854545454545,24.9018181818182,44.8127272727273,0.729090909090909,36.5727272727273,0.0727272727272727,20.1727272727273,0.101818181818182,42.3509090909091,-0.177560258217801,2.14346993971955,0.862981818181818,0.866309090909091,0.888163636363636
113950,68640,45310,0.610170049329576,0.586548775285192,0.659215886332469,30.2836363636364,24.8981818181818,44.8181818181818,0.725454545454545,36.5981818181818,0.0854545454545454,20.1218181818182,0.112727272727273,42.3563636363636,-0.17745481037458,2.15210504911163,0.862981818181818,0.866309090909091,0.888163636363636
114046,68649,45397,0.610144381731862,0.586709812136483,0.659200322764928,30.2836363636364,24.8945454545455,44.8218181818182,0.723636363636364,36.6363636363636,0.0690909090909091,20.0872727272727,0.0945454545454545,42.3890909090909,-0.176749496841115,2.15719658942385,0.862981818181818,0.866309090909091,0.888163636363636
114083,68654,45429,0.610199102816408,0.586702912258056,0.659116034102348,30.2818181818182,24.8963636363636,44.8218181818182,0.721818181818182,36.6545454545455,0.0727272727272727,20.0509090909091,0.0854545454545454,42.4145454545455,-0.176002012909951,2.14965060610663,0.862981818181818,0.866309090909091,0.888163636363636
114054,68654,45400,0.61011835612621,0.58667970377584,0.659180457457036,30.2763636363636,24.9036363636364,44.82,0.72,36.6727272727273,0.0781818181818182,20.0036363636364,0.0909090909090909,42.4345454545455,-0.175467655745954,2.13579500358213,0.862981818181818,0.866309090909091,0.888163636363636
114039,68660,45379,0.610110236121822,0.586516817879118,0.65923961930526,30.2709090909091,24.9054545454545,44.8236363636364,0.718181818181818,36.7036363636364,0.0727272727272727,19.9436363636364,0.103636363636364,42.4581818181818,-0.176182779675979,2.1268458777192,0.862981818181818,0.866309090909091,0.888163636363636
114020,68658,45362,0.610059424213453,0.586361461919791,0.659248905865089,30.2763636363636,24.9036363636364,44.82,0.718181818181818,36.7527272727273,0.0636363636363636,19.8818181818182,0.0872727272727273,42.4963636363636,-0.175286728264473,2.11335079541261,0.862981818181818,0.866309090909091,0.888163636363636
114111,68654,45457,0.610037834072128,0.586547330442233,0.65920290064686,30.2745454545455,24.9036363636364,44.8218181818182,0.712727272727273,36.7781818181818,0.0727272727272727,19.8272727272727,0.0872727272727273,42.5218181818182,-0.17683919181026,2.11313478113575,0.862981818181818,0.866309090909091,0.888163636363636
114074,68651,45423,0.610086858694141,0.586570931150755,0.659103453555795,30.2763636363636,24.9109090909091,44.8127272727273,0.709090909090909,36.8236363636364,0.0618181818181818,19.78,0.0909090909090909,42.5345454545455,-0.177056540306975,2.10162794380025,0.862981818181818,0.866309090909091,0.888163636363636
114112,68655,45457,0.610102080779855,0.586548398014174,0.659125152704443,30.2763636363636,24.9054545454545,44.8181818181818,0.705454545454545,36.8690909090909,0.0563636363636364,19.72,0.1,42.5490909090909,-0.177071192437407,2.10129859203642,0.862981818181818,0.866309090909091,0.888163636363636
114161,68658,45503,0.61012528179931,0.586600370235976,0.659133246346446,30.2727272727273,24.9072727272727,44.82,0.7,36.9072727272727,0.0636363636363636,19.6654545454545,0.0909090909090909,42.5727272727273,-0.177125017277748,2.10598115101457,0.862981818181818,0.866309090909091,0.888163636363636
114240,68673,45567,0.610172808313467,0.586383848260844,0.659173207847332,30.2781818181818,24.8927272727273,44.8290909090909,0.696363636363636,36.9490909090909,0.0654545454545455,19.6145454545455,0.0963636363636364,42.5781818181818,-0.174605515953921,2.10984613922509,0.862981818181818,0.866309090909091,0.888163636363636
114151,68677,45474,0.610086365056697,0.586134669539582,0.659178783695438,30.2763636363636,24.8872727272727,44.8363636363636,0.696363636363636,36.9763636363636,0.0727272727272727,19.5363636363636,0.0872727272727273,42.6309090909091,-0.174207179810831,2.09083559367467,0.862981818181818,0.866309090909091,0.888163636363636
114222,68676,45546,0.610063698681391,0.586189232042928,0.659181009778933,30.2781818181818,24.8854545454545,44.8363636363636,0.696363636363636,37.0127272727273,0.0781818181818182,19.4763636363636,0.0945454545454545,42.6418181818182,-0.174547336205565,2.09414138536562,0.862981818181818,0.866309090909091,0.888163636363636
114214,68681,45533,0.609948641267321,0.586218356218171,0.659115060763035,30.2781818181818,24.8927272727273,44.8290909090909,0.696363636363636,37.0490909090909,0.0709090909090909,19.4327272727273,0.0945454545454545,42.6563636363636,-0.173677178559989,2.07770491316915,0.862981818181818,0.866309090909091,0.888163636363636
114086,68689,45397,0.609858061622908,0.586130748998086,0.659177235344059,30.2763636363636,24.8927272727273,44.8309090909091,0.692727272727273,37.0890909090909,0.08,19.3836363636364,0.0854545454545454,42.6690909090909,-0.17257154168831,2.05785655267537,0.862981818181818,0.866309090909091,0.888163636363636
114028,68692,45336,0.609888895720076,0.586043711917081,0.659124946853023,30.2763636363636,24.8945454545455,44.8290909090909,0.692727272727273,37.1145454545455,0.0818181818181818,19.3309090909091,0.0890909090909091,42.6909090909091,-0.172583567675081,2.03757895442911,0.862981818181818,0.866309090909091,0.888163636363636
114070,68696,45374,0.609898793384117,0.586108038986933,0.659101396252816,30.2763636363636,24.8945454545455,44.8290909090909,0.689090909090909,37.1418181818182,0.0909090909090909,19.2890909090909,0.0727272727272727,42.7163636363636,-0.172209334999736,2.029414394972,0.862981818181818,0.866309090909091,0.888163636363636
114081,68693,45388,0.609900688653747,0.586096790700548,0.659099004951135,30.2763636363636,24.8872727272727,44.8363636363636,0.681818181818182,37.1763636363636,0.0872727272727273,19.2454545454545,0.0781818181818182,42.7309090909091,-0.173194748862244,2.02129794772376,0.862981818181818,0.866309090909091,0.888163636363636
114102,68699,45403,0.609923119504477,0.585979158632473,0.65915124863078,30.28,24.8818181818182,44.8381818181818,0.681818181818182,37.2127272727273,0.0581818181818182,19.1981818181818,0.0854545454545454,42.7636363636364,-0.173292511433299,2.01441373357719,0.862981818181818,0.866309090909091,0.888163636363636
114107,68700,45407,0.610000898154646,0.585927912638939,0.659135627904881,30.28,24.8872727272727,44.8327272727273,0.681818181818182,37.2309090909091,0.0654545454545455,19.16,0.08,42.7818181818182,-0.173936905446383,2.00463259981056,0.862981818181818,0.866309090909091,0.888163636363636
113950,68696,45254,0.609994942963317,0.585538113016312,0.659067590279287,30.2836363636364,24.8854545454545,44.8309090909091,0.681818181818182,37.2490909090909,0.0763636363636364,19.1236363636364,0.0763636363636364,42.7927272727273,-0.174590911289852,1.96849342210388,0.862981818181818,0.866309090909091,0.888163636363636
113927,68694,45233,0.609950473563279,0.585440375416994,0.659101799156978,30.2818181818182,24.8854545454545,44.8327272727273,0.676363636363636,37.2945454545455,0.0563636363636364,19.0963636363636,0.0690909090909091,42.8072727272727,-0.174390076918908,1.95691166596318,0.862981818181818,0.866309090909091,0.888163636363636
113870,68695,45175,0.609945046339305,0.585362037731026,0.659064406594848,30.2836363636364,24.8836363636364,44.8327272727273,0.674545454545455,37.3236363636364,0.06,19.0381818181818,0.0690909090909091,42.8345454545455,-0.173543073649026,1.93936344985427,0.862981818181818,0.866309090909091,0.888163636363636
113760,68703,45057,0.609946470049498,0.585266936130178,0.65904374349711,30.28,24.8909090909091,44.8290909090909,0.672727272727273,37.3545454545455,0.0527272727272727,19.0072727272727,0.0672727272727273,42.8454545454545,-0.171942621900234,1.91518165315078,0.862981818181818,0.866309090909091,0.888163636363636
113769,68706,45063,0.60998706856091,0.585221459207463,0.659058270243078,30.2818181818182,24.8854545454545,44.8327272727273,0.672727272727273,37.3654545454545,0.0690909090909091,18.9581818181818,0.0654545454545455,42.8690909090909,-0.172355098808343,1.90812345671213,0.862981818181818,0.866309090909091,0.888163636363636
113910,68711,45199,0.610034828645086,0.585299527994101,0.659083855188714,30.2818181818182,24.8836363636364,44.8345454545455,0.670909090909091,37.4072727272727,0.06,18.92,0.06,42.8818181818182,-0.17298396687825,1.92763406311754,0.862981818181818,0.866309090909091,0.888163636363636
113914,68713,45201,0.61001071291591,0.585296401573831,0.659089871900683,30.2781818181818,24.8872727272727,44.8345454545455,0.669090909090909,37.4454545454546,0.0509090909090909,18.8818181818182,0.0490909090909091,42.9036363636364,-0.173116178349565,1.92074084657837,0.862981818181818,0.866309090909091,0.888163636363636
113897,68721,45176,0.609945226406365,0.585176134824079,0.659232498833188,30.2745454545455,24.8945454545455,44.8309090909091,0.669090909090909,37.4636363636364,0.0545454545454545,18.8327272727273,0.06,42.92,-0.172568163239603,1.90316104149996,0.862981818181818,0.866309090909091,0.888163636363636
113914,68721,45193,0.60991160787664,0.585199880986965,0.659166624619215,30.2727272727273,24.9,44.8272727272727,0.669090909090909,37.4963636363636,0.0563636363636364,18.7818181818182,0.0709090909090909,42.9254545454545,-0.171760449774923,1.89776716310192,0.862981818181818,0.866309090909091,0.888163636363636
113962,68720,45242,0.609976206153334,0.585269728424307,0.659163211202658,30.2745454545455,24.9018181818182,44.8236363636364,0.667272727272727,37.5145454545455,0.06,18.7345454545455,0.06,42.9636363636364,-0.17257075380899,1.8918058055707,0.862981818181818,0.866309090909091,0.888163636363636
113901,68721,45180,0.609982049962651,0.585226223422022,0.659103654184043,30.2763636363636,24.9,44.8236363636364,0.665454545454545,37.5327272727273,0.0636363636363636,18.6945454545455,0.0781818181818182,42.9654545454545,-0.172415073156828,1.86934157000347,0.862981818181818,0.866309090909091,0.888163636363636
113931,68727,45204,0.610086230543891,0.585139123000184,0.659139567466213,30.2781818181818,24.8963636363636,44.8254545454545,0.663636363636364,37.5618181818182,0.0709090909090909,18.6381818181818,0.0872727272727273,42.9781818181818,-0.172520571687941,1.86711184988645,0.862981818181818,0.866309090909091,0.888163636363636
113991,68729,45262,0.610106440493135,0.585162444554591,0.659163610845498,30.2745454545455,24.9,44.8254545454545,0.658181818181818,37.6127272727273,0.0636363636363636,18.58,0.0672727272727273,43.0181818181818,-0.173013730232593,1.86582099395719,0.862981818181818,0.866309090909091,0.888163636363636
113883,68726,45157,0.609990999098394,0.585059086418967,0.659100650814152,30.2727272727273,24.8981818181818,44.8290909090909,0.656363636363636,37.6381818181818,0.06,18.54,0.0618181818181818,43.0436363636364,-0.172482768241819,1.84064806618474,0.862981818181818,0.866309090909091,0.888163636363636
113922,68731,45191,0.6100203774189,0.585031872836825,0.659127993118747,30.2727272727273,24.8963636363636,44.8309090909091,0.656363636363636,37.6745454545455,0.0581818181818182,18.4927272727273,0.0490909090909091,43.0690909090909,-0.172893106693995,1.84365474544466,0.862981818181818,0.866309090909091,0.888163636363636
113911,68732,45179,0.610026881283107,0.584957534641185,0.659132227247337,30.2763636363636,24.8945454545455,44.8290909090909,0.656363636363636,37.6981818181818,0.0527272727272727,18.44,0.0472727272727273,43.1054545454545,-0.172610660496602,1.83099196106195,0.862981818181818,0.866309090909091,0.888163636363636
113856,68739,45117,0.610019598147983,0.584778161862201,0.659134798768254,30.2745454545455,24.8963636363636,44.8290909090909,0.654545454545455,37.7181818181818,0.0581818181818182,18.3854545454545,0.0654545454545455,43.1181818181818,-0.171243355511979,1.81636999236335,0.862981818181818,0.866309090909091,0.888163636363636
113875,68736,45139,0.610029306176627,0.584686195325679,0.659130025455614,30.28,24.8909090909091,44.8290909090909,0.654545454545455,37.7581818181818,0.0509090909090909,18.3309090909091,0.0563636363636364,43.1490909090909,-0.171615193025818,1.80452948889949,0.862981818181818,0.866309090909091,0.888163636363636
113900,68738,45162,0.610029988343557,0.584659799291799,0.659137504176253,30.2781818181818,24.8909090909091,44.8309090909091,0.654545454545455,37.7890909090909,0.0636363636363636,18.2654545454545,0.0618181818181818,43.1654545454545,-0.171706101127546,1.79686381788078,0.862981818181818,0.866309090909091,0.888163636363636
113962,68741,45221,0.610130136364037,0.584641315275157,0.659207027746681,30.28,24.8890909090909,44.8309090909091,0.652727272727273,37.8272727272727,0.06,18.2109090909091,0.0636363636363636,43.1854545454545,-0.172859265204302,1.7996341154826,0.862981818181818,0.866309090909091,0.888163636363636
113946,68750,45196,0.610121003453206,0.584532749497827,0.659208982660104,30.2836363636364,24.88,44.8363636363636,0.652727272727273,37.8545454545455,0.0581818181818182,18.1690909090909,0.0654545454545455,43.2,-0.171015071759096,1.78355373709717,0.862981818181818,0.866309090909091,0.888163636363636
113959,68746,45213,0.61015516876048,0.584465589816889,0.65921645420426,30.2890909090909,24.8745454545455,44.8363636363636,0.649090909090909,37.9036363636364,0.0527272727272727,18.1090909090909,0.0581818181818182,43.2272727272727,-0.171699508495989,1.77903814945709,0.862981818181818,0.866309090909091,0.888163636363636
113995,68749,45246,0.610165072841371,0.584426612463808,0.659159312831105,30.2890909090909,24.8727272727273,44.8381818181818,0.645454545454546,37.9454545454546,0.04,18.0618181818182,0.0545454545454545,43.2527272727273,-0.170854003239947,1.77846764625812,0.862981818181818,0.866309090909091,0.888163636363636
113909,68749,45160,0.610074979155965,0.584305501492658,0.659019910842261,30.2854545454545,24.8763636363636,44.8381818181818,0.64,37.9781818181818,0.0509090909090909,17.9927272727273,0.0618181818181818,43.2763636363636,-0.169456620620886,1.75256124489348,0.862981818181818,0.866309090909091,0.888163636363636
113942,68746,45196,0.610167052603067,0.584284664627915,0.659090103477768,30.2836363636364,24.8818181818182,44.8345454545455,0.638181818181818,38.0109090909091,0.06,17.94,0.0618181818181818,43.2890909090909,-0.170422167088096,1.75294580816884,0.862981818181818,0.866309090909091,0.888163636363636
113933,68746,45187,0.610145941991343,0.584174702204739,0.659068374819431,30.2909090909091,24.8763636363636,44.8327272727273,0.636363636363636,38.0472727272727,0.0563636363636364,17.8636363636364,0.0727272727272727,43.3236363636364,-0.170026671778892,1.74013159798289,0.862981818181818,0.866309090909091,0.888163636363636
113908,68748,45160,0.6101189030905,0.584175435274781,0.659138059949348,30.2872727272727,24.8763636363636,44.8363636363636,0.634545454545455,38.0818181818182,0.0672727272727273,17.8109090909091,0.0709090909090909,43.3345454545455,-0.171116765793572,1.72674205122008,0.862981818181818,0.866309090909091,0.888163636363636
113842,68749,45093,0.610087558017264,0.584024376213132,0.659115506968376,30.2890909090909,24.8763636363636,44.8345454545455,0.634545454545455,38.1327272727273,0.0581818181818182,17.7454545454545,0.0854545454545454,43.3436363636364,-0.170791458428192,1.7201980787922,0.862981818181818,0.866309090909091,0.888163636363636
113737,68745,44992,0.610171435291482,0.583851689540969,0.659103006427538,30.2945454545455,24.8654545454545,44.84,0.634545454545455,38.1727272727273,0.0581818181818182,17.6836363636364,0.0654545454545455,43.3854545454545,-0.170971998881115,1.70311985100535,0.862981818181818,0.866309090909091,0.888163636363636
113785,68746,45039,0.61018822313614,0.58388079075303,0.659136349351913,30.2963636363636,24.8636363636364,44.84,0.634545454545455,38.2127272727273,0.0454545454545455,17.6145454545455,0.0654545454545455,43.4272727272727,-0.171493156511067,1.6989148365503,0.862981818181818,0.866309090909091,0.888163636363636
113793,68750,45043,0.610170751858221,0.583871077773513,0.659193881533375,30.2927272727273,24.8690909090909,44.8381818181818,0.632727272727273,38.2436363636364,0.0509090909090909,17.5381818181818,0.0709090909090909,43.4636363636364,-0.171415006187983,1.69649142372337,0.862981818181818,0.866309090909091,0.888163636363636
113849,68758,45091,0.610022168020094,0.583980190700881,0.659138104612632,30.2854545454545,24.8781818181818,44.8363636363636,0.632727272727273,38.2709090909091,0.0581818181818182,17.48,0.0672727272727273,43.4909090909091,-0.169621561775222,1.69049580654299,0.862981818181818,0.866309090909091,0.888163636363636
113868,68764,45104,0.610023213022334,0.583884230043418,0.659028568360227,30.2909090909091,24.8745454545455,44.8345454545455,0.627272727272727,38.3072727272727,0.08,17.3963636363636,0.0654545454545455,43.5236363636364,-0.168601079119716,1.68073714705692,0.862981818181818,0.866309090909091,0.888163636363636
113928,68771,45157,0.61018933268169,0.583737049294167,0.65905350975984,30.3018181818182,24.8581818181818,44.84,0.627272727272727,38.3509090909091,0.0618181818181818,17.3163636363636,0.0709090909090909,43.5727272727273,-0.169250288008334,1.67920284471051,0.862981818181818,0.866309090909091,0.888163636363636
113778,68775,45003,0.610100855289597,0.583736474108268,0.659020560870893,30.3,24.8636363636364,44.8363636363636,0.623636363636364,38.3963636363636,0.08,17.2418181818182,0.0636363636363636,43.5945454545455,-0.16893057667436,1.64649718491869,0.862981818181818,0.866309090909091,0.888163636363636
113828,68776,45052,0.610112615656596,0.583690947736185,0.659147197104469,30.3,24.8636363636364,44.8363636363636,0.618181818181818,38.4472727272727,0.0818181818181818,17.1672727272727,0.0672727272727273,43.6181818181818,-0.16894971122317,1.64520083780993,0.862981818181818,0.866309090909091,0.888163636363636
113745,68774,44971,0.6100911166679,0.583626405861929,0.659041605029571,30.3,24.8654545454545,44.8345454545455,0.616363636363636,38.4854545454545,0.0727272727272727,17.1109090909091,0.0709090909090909,43.6436363636364,-0.169254929667262,1.62386663222516,0.862981818181818,0.866309090909091,0.888163636363636
113727,68776,44951,0.610056876170288,0.583693747327276,0.659010220804004,30.2963636363636,24.8709090909091,44.8327272727273,0.616363636363636,38.5345454545455,0.0654545454545455,17.0454545454545,0.0709090909090909,43.6672727272727,-0.169351665295174,1.61634935607964,0.862981818181818,0.866309090909091,0.888163636363636
113789,68781,45008,0.610091595458403,0.583731057593039,0.658964503314836,30.2963636363636,24.8763636363636,44.8272727272727,0.616363636363636,38.5672727272727,0.0472727272727273,17.0036363636364,0.0709090909090909,43.6945454545455,-0.169553924191595,1.61591434412721,0.862981818181818,0.866309090909091,0.888163636363636
113761,68784,44977,0.609973775971903,0.583610952287395,0.65906873681974,30.2945454545455,24.8745454545455,44.8309090909091,0.612727272727273,38.5909090909091,0.0527272727272727,16.9490909090909,0.08,43.7145454545455,-0.169020302367889,1.60728347135538,0.862981818181818,0.866309090909091,0.888163636363636
113697,68786,44911,0.610019713813795,0.583547584374735,0.658979759030378,30.2981818181818,24.8727272727273,44.8290909090909,0.609090909090909,38.6163636363636,0.0581818181818182,16.9036363636364,0.0709090909090909,43.7418181818182,-0.169059528641149,1.58319880227474,0.862981818181818,0.866309090909091,0.888163636363636
113669,68791,44878,0.610024202025707,0.583458279097572,0.658910238827237,30.3,24.8709090909091,44.8290909090909,0.605454545454545,38.6472727272727,0.0581818181818182,16.8436363636364,0.0709090909090909,43.7745454545455,-0.168268210587915,1.56874583747915,0.862981818181818,0.866309090909091,0.888163636363636
113664,68788,44876,0.60996393768714,0.583488227104308,0.658937744189675,30.2963636363636,24.8745454545455,44.8290909090909,0.605454545454545,38.6727272727273,0.0618181818181818,16.7818181818182,0.08,43.7981818181818,-0.168911800268754,1.56486064618961,0.862981818181818,0.866309090909091,0.888163636363636
113608,68787,44821,0.610021301483226,0.583371759524029,0.658824531655928,30.2963636363636,24.8690909090909,44.8345454545455,0.603636363636364,38.7218181818182,0.0545454545454545,16.7054545454545,0.08,43.8345454545455,-0.169628062578836,1.55096557889642,0.862981818181818,0.866309090909091,0.888163636363636
113702,68785,44917,0.610025501360717,0.583347244652514,0.658882629745776,30.3,24.8636363636364,44.8363636363636,0.603636363636364,38.7472727272727,0.0527272727272727,16.6672727272727,0.0727272727272727,43.8563636363636,-0.170138246600585,1.55977859408171,0.862981818181818,0.866309090909091,0.888163636363636
113749,68784,44965,0.6100712372934,0.583334049761809,0.658937553988883,30.3018181818182,24.8618181818182,44.8363636363636,0.603636363636364,38.8018181818182,0.0490909090909091,16.5963636363636,0.0618181818181818,43.8872727272727,-0.171241903356118,1.55795116836036,0.862981818181818,0.866309090909091,0.888163636363636
113816,68791,45025,0.610013295200264,0.583405942693807,0.659002363030446,30.3,24.8727272727273,44.8272727272727,0.601818181818182,38.8327272727273,0.0563636363636364,16.5218181818182,0.0636363636363636,43.9236363636364,-0.170378023537408,1.55835686920803,0.862981818181818,0.866309090909091,0.888163636363636
113798,68796,45002,0.610026655972809,0.58333941770066,0.658934064602704,30.3018181818182,24.8745454545455,44.8236363636364,0.601818181818182,38.8527272727273,0.0563636363636364,16.4745454545455,0.0727272727272727,43.9418181818182,-0.170823757619457,1.54441458199766,0.862981818181818,0.866309090909091,0.888163636363636
113818,68806,45012,0.610021227895443,0.583345293832069,0.65888471216779,30.2963636363636,24.88,44.8236363636364,0.601818181818182,38.8672727272727,0.0727272727272727,16.4181818181818,0.0654545454545455,43.9745454545455,-0.169835803051815,1.5355102609843,0.862981818181818,0.866309090909091,0.888163636363636
113824,68807,45017,0.609967028833482,0.583339158894576,0.658869004073494,30.2963636363636,24.88,44.8236363636364,0.6,38.8981818181818,0.0709090909090909,16.3672727272727,0.0709090909090909,43.9927272727273,-0.169719905692116,1.53206645976752,0.862981818181818,0.866309090909091,0.888163636363636
113851,68801,45050,0.610081219385125,0.583319724080424,0.658818538440135,30.2981818181818,24.8745454545455,44.8272727272727,0.598181818181818,38.94,0.0618181818181818,16.3090909090909,0.0727272727272727,44.0181818181818,-0.170948146270001,1.52786580940539,0.862981818181818,0.866309090909091,0.888163636363636
113830,68797,45033,0.610052972928262,0.583274469530011,0.65882137958935,30.2963636363636,24.8727272727273,44.8309090909091,0.594545454545455,38.9636363636364,0.0636363636363636,16.2709090909091,0.0636363636363636,44.0436363636364,-0.1721235366771,1.52140992468392,0.862981818181818,0.866309090909091,0.888163636363636
113829,68804,45025,0.610109847691428,0.583187694841598,0.658920282740258,30.3036363636364,24.8672727272727,44.8290909090909,0.594545454545455,38.9963636363636,0.0672727272727273,16.2036363636364,0.0672727272727273,44.0709090909091,-0.171845245253776,1.51020463845608,0.862981818181818,0.866309090909091,0.888163636363636
113869,68803,45066,0.610210527573013,0.583204462235096,0.658937985679978,30.3054545454545,24.8672727272727,44.8272727272727,0.592727272727273,39.0309090909091,0.0527272727272727,16.1581818181818,0.08,44.0854545454546,-0.173267393204349,1.50747281957248,0.862981818181818,0.866309090909091,0.888163636363636
113811,68808,45003,0.610198500316584,0.583090882587389,0.658812336316369,30.3054545454545,24.8654545454545,44.8290909090909,0.590909090909091,39.06,0.0636363636363636,16.1163636363636,0.0527272727272727,44.1163636363636,-0.172134231627437,1.49194161555391,0.862981818181818,0.866309090909091,0.888163636363636
113780,68802,44978,0.610131228945679,0.583093856290534,0.658728754604358,30.3054545454545,24.8636363636364,44.8309090909091,0.587272727272727,39.0818181818182,0.06,16.0872727272727,0.0509090909090909,44.1327272727273,-0.171769813568178,1.48625127812001,0.862981818181818,0.866309090909091,0.888163636363636
113810,68811,44999,0.610141962217352,0.58305673517553,0.658764092589941,30.3054545454545,24.8636363636364,44.8309090909091,0.587272727272727,39.1090909090909,0.0490909090909091,16.0581818181818,0.0527272727272727,44.1436363636364,-0.170424632241008,1.48314900659871,0.862981818181818,0.866309090909091,0.888163636363636
113798,68812,44986,0.610179139276713,0.582967307958908,0.658857365123572,30.3018181818182,24.8654545454545,44.8327272727273,0.587272727272727,39.1163636363636,0.0545454545454545,16.0345454545455,0.0709090909090909,44.1363636363636,-0.170631193504695,1.47400892936963,0.862981818181818,0.866309090909091,0.888163636363636
113785,68812,44973,0.610117107484609,0.582967042364465,0.658901665703595,30.3054545454545,24.86,44.8345454545455,0.587272727272727,39.1272727272727,0.0618181818181818,16.0127272727273,0.0745454545454545,44.1363636363636,-0.171417548862916,1.46540109568953,0.862981818181818,0.866309090909091,0.888163636363636
113864,68819,45045,0.610180913560027,0.582882411461821,0.658888198008114,30.3090909090909,24.8490909090909,44.8418181818182,0.585454545454545,39.1545454545455,0.0581818181818182,15.9818181818182,0.0672727272727273,44.1527272727273,-0.171552797490718,1.46029770560563,0.862981818181818,0.866309090909091,0.888163636363636
113865,68818,45047,0.610164564447322,0.582837916247339,0.658834125933984,30.3109090909091,24.8545454545455,44.8345454545455,0.585454545454545,39.1727272727273,0.0509090909090909,15.9545454545455,0.0654545454545455,44.1709090909091,-0.171625823232898,1.45134969870137,0.862981818181818,0.866309090909091,0.888163636363636
113778,68814,44964,0.610190196973957,0.582852761088404,0.658760679531846,30.3127272727273,24.8563636363636,44.8309090909091,0.583636363636364,39.1818181818182,0.0581818181818182,15.9181818181818,0.0490909090909091,44.2090909090909,-0.172213609400999,1.43456917173144,0.862981818181818,0.866309090909091,0.888163636363636
113831,68819,45012,0.61025555632159,0.582945291150179,0.658709240656627,30.3109090909091,24.8636363636364,44.8254545454545,0.583636363636364,39.2290909090909,0.0563636363636364,15.8563636363636,0.0563636363636364,44.2181818181818,-0.172123125152377,1.43193260050294,0.862981818181818,0.866309090909091,0.888163636363636
113907,68825,45082,0.610157163351356,0.582931552291085,0.658730869389134,30.3054545454545,24.8654545454545,44.8290909090909,0.581818181818182,39.26,0.0545454545454545,15.8,0.0545454545454545,44.2490909090909,-0.170375039305906,1.42634831456976,0.862981818181818,0.866309090909091,0.888163636363636
113848,68832,45016,0.609985195285402,0.582877401191634,0.658707537855481,30.2945454545455,24.8745454545455,44.8309090909091,0.58,39.2763636363636,0.0727272727272727,15.7454545454545,0.0618181818181818,44.2636363636364,-0.169817723643196,1.4117584831166,0.862981818181818,0.866309090909091,0.888163636363636
113787,68835,44952,0.609986081397482,0.582763573898613,0.658604088554043,30.3,24.8727272727273,44.8272727272727,0.58,39.3181818181818,0.0727272727272727,15.6781818181818,0.0781818181818182,44.2727272727273,-0.169168725492107,1.39128749348562,0.862981818181818,0.866309090909091,0.888163636363636
113771,68837,44934,0.61004843957013,0.582662876549114,0.658635047923496,30.3036363636364,24.8618181818182,44.8345454545455,0.58,39.3636363636364,0.0709090909090909,15.6327272727273,0.0781818181818182,44.2745454545455,-0.170053796600736,1.38043255460533,0.862981818181818,0.866309090909091,0.888163636363636
113909,68838,45071,0.610019183286917,0.58266868651202,0.658738336194897,30.3036363636364,24.8636363636364,44.8327272727273,0.576363636363636,39.3890909090909,0.0727272727272727,15.6,0.0709090909090909,44.2909090909091,-0.170467261669877,1.39200770104812,0.862981818181818,0.866309090909091,0.888163636363636
114026,68848,45178,0.610017161505221,0.582816077431606,0.658761246699285,30.3054545454545,24.8563636363636,44.8381818181818,0.576363636363636,39.4018181818182,0.0690909090909091,15.5890909090909,0.0654545454545455,44.2981818181818,-0.169266170979046,1.40114358771931,0.862981818181818,0.866309090909091,0.888163636363636
113886,68851,45035,0.609962091366478,0.582549305055494,0.658730771805194,30.3018181818182,24.8509090909091,44.8472727272727,0.574545454545455,39.4309090909091,0.0727272727272727,15.5327272727273,0.0654545454545455,44.3236363636364,-0.167845322443728,1.37018421624194,0.862981818181818,0.866309090909091,0.888163636363636
113861,68854,45007,0.610056100227279,0.582587229088298,0.658660299246281,30.3018181818182,24.8581818181818,44.84,0.572727272727273,39.4436363636364,0.0672727272727273,15.5054545454545,0.0781818181818182,44.3327272727273,-0.168673991897826,1.36098288942806,0.862981818181818,0.866309090909091,0.888163636363636
113905,68854,45051,0.609970012263224,0.582603501437544,0.658698823628524,30.3036363636364,24.8545454545455,44.8418181818182,0.570909090909091,39.4581818181818,0.0563636363636364,15.4836363636364,0.0727272727272727,44.3581818181818,-0.168514034258789,1.35783738600598,0.862981818181818,0.866309090909091,0.888163636363636
113752,68856,44896,0.610009889471125,0.582362355619548,0.658559679330261,30.3072727272727,24.8509090909091,44.8418181818182,0.572727272727273,39.4890909090909,0.0581818181818182,15.44,0.0618181818181818,44.3781818181818,-0.167958097164427,1.3267478839071,0.862981818181818,0.866309090909091,0.888163636363636
113783,68860,44923,0.610084231588192,0.582366094934974,0.658555392032263,30.3109090909091,24.8509090909091,44.8381818181818,0.570909090909091,39.5218181818182,0.0436363636363636,15.4054545454545,0.0672727272727273,44.3909090909091,-0.168101093101855,1.32712665854699,0.862981818181818,0.866309090909091,0.888163636363636
113807,68861,44946,0.610017011977714,0.582431919995833,0.658616726412967,30.3054545454545,24.8490909090909,44.8454545454545,0.567272727272727,39.56,0.0672727272727273,15.3436363636364,0.0636363636363636,44.3981818181818,-0.169695885010482,1.31237891299481,0.862981818181818,0.866309090909091,0.888163636363636
113810,68854,44956,0.610053547442232,0.582357610357031,0.658726678645551,30.3090909090909,24.8472727272727,44.8436363636364,0.567272727272727,39.5763636363636,0.0563636363636364,15.3454545454545,0.0563636363636364,44.3981818181818,-0.171645561954872,1.32221620173448,0.862981818181818,0.866309090909091,0.888163636363636
113876,68862,45014,0.610021448404568,0.582361291064785,0.658764394986011,30.3072727272727,24.8509090909091,44.8418181818182,0.563636363636364,39.6036363636364,0.0545454545454545,15.32,0.0472727272727273,44.4109090909091,-0.17079278004074,1.32383225680414,0.862981818181818,0.866309090909091,0.888163636363636
113827,68868,44959,0.610017735072215,0.582202137892942,0.658764435618628,30.3072727272727,24.8472727272727,44.8454545454545,0.56,39.6309090909091,0.0509090909090909,15.2890909090909,0.0509090909090909,44.4181818181818,-0.170081468834013,1.30406457001174,0.862981818181818,0.866309090909091,0.888163636363636
113811,68870,44941,0.610033696818422,0.582281373238434,0.65867852446012,30.3054545454545,24.8527272727273,44.8418181818182,0.56,39.6490909090909,0.0527272727272727,15.2363636363636,0.0727272727272727,44.4290909090909,-0.169518937999105,1.28138773226264,0.862981818181818,0.866309090909091,0.888163636363636
113645,68865,44780,0.610017893813087,0.581864969727268,0.65870397483287,30.3127272727273,24.8363636363636,44.8509090909091,0.561818181818182,39.6836363636364,0.0472727272727273,15.1981818181818,0.0636363636363636,44.4454545454546,-0.169007960907567,1.25167934654111,0.862981818181818,0.866309090909091,0.888163636363636
113715,68864,44851,0.610027001775206,0.581869507784207,0.658742816403141,30.3145454545455,24.8363636363636,44.8490909090909,0.561818181818182,39.7181818181818,0.0509090909090909,15.14,0.0527272727272727,44.4763636363636,-0.170262081604266,1.2596878926185,0.862981818181818,0.866309090909091,0.888163636363636
113707,68870,44837,0.609952206212815,0.581843883480824,0.658663537974538,30.3127272727273,24.8381818181818,44.8490909090909,0.561818181818182,39.7472727272727,0.0527272727272727,15.08,0.0654545454545455,44.4927272727273,-0.169829363128718,1.2514490227469,0.862981818181818,0.866309090909091,0.888163636363636
113744,68876,44868,0.609956675127819,0.581820701733214,0.658669916166686,30.3145454545455,24.84,44.8454545454545,0.561818181818182,39.7727272727273,0.06,15.0309090909091,0.0545454545454545,44.52,-0.169090214598228,1.24632932244885,0.862981818181818,0.866309090909091,0.888163636363636
113696,68866,44830,0.610026507411161,0.581698017544247,0.658742886897661,30.3109090909091,24.8381818181818,44.8509090909091,0.56,39.7854545454545,0.06,14.9909090909091,0.0727272727272727,44.5309090909091,-0.170010222445787,1.23075838425959,0.862981818181818,0.866309090909091,0.888163636363636
113852,68868,44984,0.610016718636124,0.581765948412889,0.658796816552521,30.3145454545455,24.8363636363636,44.8490909090909,0.556363636363636,39.8,0.0509090909090909,14.9472727272727,0.0672727272727273,44.5781818181818,-0.170134450677671,1.23881796784699,0.862981818181818,0.866309090909091,0.888163636363636
113809,68866,44943,0.610064566425481,0.581810817225399,0.658682781189014,30.32,24.8309090909091,44.8490909090909,0.554545454545455,39.8127272727273,0.0545454545454545,14.9163636363636,0.0654545454545455,44.5963636363636,-0.170701492880008,1.22247304632752,0.862981818181818,0.866309090909091,0.888163636363636
113828,68875,44953,0.610066702113965,0.581755922953903,0.658724207863535,30.32,24.8272727272727,44.8527272727273,0.552727272727273,39.8254545454545,0.0527272727272727,14.8763636363636,0.0763636363636364,44.6163636363636,-0.170180453468162,1.21771388942884,0.862981818181818,0.866309090909091,0.888163636363636
113994,68881,45113,0.610043020098934,0.581893540220273,0.6588134965648,30.3181818181818,24.8218181818182,44.86,0.552727272727273,39.8363636363636,0.0527272727272727,14.84,0.0745454545454545,44.6436363636364,-0.169668467326582,1.22344577889889,0.862981818181818,0.866309090909091,0.888163636363636
114060,68880,45180,0.610073530443148,0.581895244394299,0.658812577491166,30.3181818181818,24.8236363636364,44.8581818181818,0.550909090909091,39.86,0.0381818181818182,14.8145454545455,0.0727272727272727,44.6636363636364,-0.170364930149729,1.21646159629083,0.862981818181818,0.866309090909091,0.888163636363636
113991,68882,45109,0.610051490470195,0.581791316602199,0.658779682289916,30.3163636363636,24.8272727272727,44.8563636363636,0.550909090909091,39.8890909090909,0.0381818181818182,14.7854545454545,0.0581818181818182,44.6781818181818,-0.170281015133184,1.20810496997596,0.862981818181818,0.866309090909091,0.888163636363636
113979,68883,45096,0.61003726303614,0.581854444840886,0.658836874158817,30.3054545454545,24.8345454545455,44.86,0.550909090909091,39.8963636363636,0.0454545454545455,14.7436363636364,0.0672727272727273,44.6963636363636,-0.171010580880366,1.20428395725956,0.862981818181818,0.866309090909091,0.888163636363636
113916,68882,45034,0.609973903088602,0.581921904726527,0.658694129760549,30.3127272727273,24.8381818181818,44.8490909090909,0.550909090909091,39.9181818181818,0.0454545454545455,14.6963636363636,0.0672727272727273,44.7218181818182,-0.17026362978504,1.18332059444352,0.862981818181818,0.866309090909091,0.888163636363636
114104,68892,45212,0.609937108291826,0.582017022095635,0.658703697642021,30.3163636363636,24.8363636363636,44.8472727272727,0.549090909090909,39.9272727272727,0.0545454545454545,14.6763636363636,0.0654545454545455,44.7272727272727,-0.169155380739209,1.19730396256359,0.862981818181818,0.866309090909091,0.888163636363636
114038,68887,45151,0.609963692991276,0.58191882651905,0.658776543754412,30.32,24.8272727272727,44.8527272727273,0.549090909090909,39.9290909090909,0.0490909090909091,14.6545454545455,0.0545454545454545,44.7636363636364,-0.170102773216257,1.17559981155633,0.862981818181818,0.866309090909091,0.888163636363636
114043,68887,45156,0.61001919784716,0.581843454073256,0.658751768403607,30.3218181818182,24.8272727272727,44.8509090909091,0.547272727272727,39.9436363636364,0.0490909090909091,14.6054545454545,0.0672727272727273,44.7872727272727,-0.170640893270981,1.173130017265,0.862981818181818,0.866309090909091,0.888163636363636
114073,68881,45192,0.610004025165374,0.581841519226686,0.658743672102824,30.3218181818182,24.8181818181818,44.86,0.547272727272727,39.9472727272727,0.06,14.5363636363636,0.0745454545454545,44.8345454545455,-0.171386647895931,1.17098946826194,0.862981818181818,0.866309090909091,0.888163636363636
114099,68889,45210,0.609992466592207,0.581835977683031,0.658747981602599,30.32,24.8163636363636,44.8636363636364,0.547272727272727,39.9545454545455,0.0454545454545455,14.5345454545455,0.0454545454545455,44.8727272727273,-0.170633030355252,1.16586255922236,0.862981818181818,0.866309090909091,0.888163636363636
114099,68895,45204,0.609945555591251,0.581951261274325,0.658776598068814,30.3181818181818,24.8163636363636,44.8654545454545,0.543636363636364,39.96,0.0472727272727273,14.4818181818182,0.0654545454545455,44.9018181818182,-0.171017656677246,1.15311283000152,0.862981818181818,0.866309090909091,0.888163636363636
114066,68902,45164,0.609981150226994,0.58181960613269,0.658782292721549,30.3163636363636,24.8236363636364,44.86,0.543636363636364,39.96,0.0472727272727273,14.4709090909091,0.0563636363636364,44.9218181818182,-0.170979503911274,1.14621438970789,0.862981818181818,0.866309090909091,0.888163636363636
114024,68904,45120,0.609937429088038,0.581759135585254,0.658882799430554,30.3145454545455,24.8218181818182,44.8636363636364,0.541818181818182,39.9527272727273,0.0436363636363636,14.4636363636364,0.0581818181818182,44.94,-0.170671260879317,1.14122783648358,0.862981818181818,0.866309090909091,0.888163636363636
114020,68899,45121,0.609807442770807,0.581924567143813,0.658822182772771,30.3127272727273,24.8309090909091,44.8563636363636,0.541818181818182,39.9509090909091,0.0472727272727273,14.4272727272727,0.0654545454545455,44.9672727272727,-0.171060811017576,1.12455593523654,0.862981818181818,0.866309090909091,0.888163636363636
114062,68900,45162,0.609772824317517,0.581871672940629,0.658791758136781,30.3109090909091,24.8272727272727,44.8618181818182,0.541818181818182,39.9290909090909,0.0527272727272727,14.4290909090909,0.0454545454545455,45.0018181818182,-0.171276984513679,1.13266623036682,0.862981818181818,0.866309090909091,0.888163636363636
114024,68897,45127,0.609830905490828,0.581827548265705,0.65874429104071,30.3145454545455,24.82,44.8654545454545,0.54,39.9236363636364,0.0527272727272727,14.4036363636364,0.0454545454545455,45.0345454545455,-0.17194832212924,1.12500100609931,0.862981818181818,0.866309090909091,0.888163636363636
113951,68901,45050,0.609845120902457,0.581667180028192,0.658701014219281,30.3181818181818,24.8145454545455,44.8672727272727,0.538181818181818,39.9254545454545,0.0509090909090909,14.3636363636364,0.06,45.0618181818182,-0.170538050883029,1.10558483959599,0.862981818181818,0.866309090909091,0.888163636363636
114063,68898,45165,0.60988599625412,0.581769247478261,0.658747692147069,30.3163636363636,24.8145454545455,44.8690909090909,0.534545454545455,39.9163636363636,0.0472727272727273,14.3545454545455,0.0509090909090909,45.0963636363636,-0.172491841859301,1.11815118859099,0.862981818181818,0.866309090909091,0.888163636363636
114022,68896,45126,0.60982989631246,0.581795536278458,0.658837806543765,30.3163636363636,24.8145454545455,44.8690909090909,0.532727272727273,39.9036363636364,0.0436363636363636,14.3272727272727,0.0545454545454545,45.1381818181818,-0.173266815478763,1.09887167489664,0.862981818181818,0.866309090909091,0.888163636363636
113889,68892,44997,0.609672330053039,0.581559149809111,0.658856110569303,30.3109090909091,24.8218181818182,44.8672727272727,0.532727272727273,39.8854545454545,0.0436363636363636,14.3036363636364,0.0581818181818182,45.1763636363636,-0.173205621702271,1.07879771720618,0.862981818181818,0.866309090909091,0.888163636363636
113783,68901,44882,0.609638838756834,0.581541109501036,0.658735940015521,30.3090909090909,24.8309090909091,44.86,0.529090909090909,39.8854545454545,0.0418181818181818,14.2763636363636,0.0563636363636364,45.2109090909091,-0.170925734241279,1.05956935045225,0.862981818181818,0.866309090909091,0.888163636363636
113933,68905,45028,0.609724615667503,0.581739724413747,0.658840518277082,30.3090909090909,24.8290909090909,44.8618181818182,0.529090909090909,39.8672727272727,0.0454545454545455,14.2581818181818,0.0581818181818182,45.2418181818182,-0.172302463067701,1.07503349997781,0.862981818181818,0.866309090909091,0.888163636363636
114047,68901,45146,0.609680633848885,0.581870556545179,0.658881431384959,30.3072727272727,24.8290909090909,44.8636363636364,0.525454545454546,39.8709090909091,0.0472727272727273,14.2163636363636,0.0618181818181818,45.2781818181818,-0.173054066502465,1.07712881761518,0.862981818181818,0.866309090909091,0.888163636363636
114032,68900,45132,0.609634307517995,0.581806763752499,0.658931730686001,30.3090909090909,24.8236363636364,44.8672727272727,0.523636363636364,39.86,0.0527272727272727,14.1963636363636,0.06,45.3072727272727,-0.173200322584373,1.06691408675503,0.862981818181818,0.866309090909091,0.888163636363636
114042,68900,45142,0.60963771858899,0.58173677174168,0.658913892247738,30.3127272727273,24.82,44.8672727272727,0.523636363636364,39.8527272727273,0.0527272727272727,14.16,0.06,45.3509090909091,-0.173198066625297,1.05645067476752,0.862981818181818,0.866309090909091,0.888163636363636
114031,68900,45131,0.609670985221324,0.581661609952362,0.658878296356447,30.3145454545455,24.8127272727273,44.8727272727273,0.523636363636364,39.8527272727273,0.0545454545454545,14.1218181818182,0.0563636363636364,45.3909090909091,-0.173515435039272,1.05134734278545,0.862981818181818,0.866309090909091,0.888163636363636
113961,68907,45054,0.609711090837186,0.58152642098279,0.658855523923502,30.3218181818182,24.8127272727273,44.8654545454545,0.521818181818182,39.8636363636364,0.0509090909090909,14.0763636363636,0.0418181818181818,45.4454545454546,-0.172729094827876,1.03908508712087,0.862981818181818,0.866309090909091,0.888163636363636
114128,68916,45212,0.609723312255281,0.58167406951446,0.658958237936656,30.3145454545455,24.8181818181818,44.8672727272727,0.521818181818182,39.8727272727273,0.0472727272727273,14.0327272727273,0.0490909090909091,45.4763636363636,-0.172214146596459,1.04902327877723,0.862981818181818,0.866309090909091,0.888163636363636
113859,68918,44941,0.609410084291365,0.581655340292756,0.658937339803987,30.3145454545455,24.82,44.8654545454545,0.518181818181818,39.8563636363636,0.0527272727272727,14.0090909090909,0.0472727272727273,45.5163636363636,-0.171904124459913,1.00923125163059,0.862981818181818,0.866309090909091,0.888163636363636
113727,68915,44812,0.609428726037064,0.581464535835064,0.658886682763613,30.32,24.8109090909091,44.8690909090909,0.514545454545455,39.8381818181818,0.0636363636363636,13.9690909090909,0.0472727272727273,45.5672727272727,-0.172270390246029,0.976204233387993,0.862981818181818,0.866309090909091,0.888163636363636
113898,68916,44982,0.609349473279618,0.5815830757571,0.658992537973488,30.3145454545455,24.8127272727273,44.8727272727273,0.512727272727273,39.8272727272727,0.0581818181818182,13.9345454545455,0.0472727272727273,45.62,-0.172959938035638,0.993116295159879,0.862981818181818,0.866309090909091,0.888163636363636
113983,68916,45067,0.609324675758702,0.581727591506289,0.658980932453497,30.3163636363636,24.8127272727273,44.8709090909091,0.512727272727273,39.8272727272727,0.0436363636363636,13.8981818181818,0.0490909090909091,45.6690909090909,-0.173108592188311,0.988603767921979,0.862981818181818,0.866309090909091,0.888163636363636
113863,68918,44945,0.609314439587307,0.581691715688142,0.658857502894619,30.3163636363636,24.8145454545455,44.8690909090909,0.512727272727273,39.7945454545455,0.0509090909090909,13.8854545454545,0.0563636363636364,45.7,-0.172548712212963,0.9654211060398,0.862981818181818,0.866309090909091,0.888163636363636
113818,68915,44903,0.609411378978522,0.58157443209829,0.658866708666818,30.3181818181818,24.8145454545455,44.8672727272727,0.512727272727273,39.7872727272727,0.0472727272727273,13.8490909090909,0.0527272727272727,45.7509090909091,-0.173901924235344,0.952364440888844,0.862981818181818,0.866309090909091,0.888163636363636
113702,68920,44782,0.609333884647219,0.581364743278971,0.658743096258833,30.3236363636364,24.8018181818182,44.8745454545455,0.512727272727273,39.7509090909091,0.0563636363636364,13.8345454545455,0.0618181818181818,45.7836363636364,-0.173209110183631,0.932325185941194,0.862981818181818,0.866309090909091,0.888163636363636
113650,68922,44728,0.609291174411203,0.581367469100387,0.658778457074926,30.3218181818182,24.8054545454545,44.8727272727273,0.510909090909091,39.7236363636364,0.0509090909090909,13.8327272727273,0.0436363636363636,45.8381818181818,-0.172986093220507,0.921705507961186,0.862981818181818,0.866309090909091,0.888163636363636
113727,68916,44811,0.609295556134206,0.581457005919739,0.658819206890697,30.3254545454545,24.8,44.8745454545455,0.509090909090909,39.6963636363636,0.0636363636363636,13.8109090909091,0.0327272727272727,45.8872727272727,-0.174923033746414,0.925941467539153,0.862981818181818,0.866309090909091,0.888163636363636
113782,68924,44858,0.609269919574101,0.581420210665113,0.658852136490492,30.3218181818182,24.8036363636364,44.8745454545455,0.507272727272727,39.6727272727273,0.06,13.7872727272727,0.0381818181818182,45.9345454545455,-0.174182049976397,0.933285806666721,0.862981818181818,0.866309090909091,0.888163636363636
113844,68927,44917,0.609358700548564,0.581269882520247,0.658805205719422,30.32,24.8054545454545,44.8745454545455,0.505454545454545,39.6454545454545,0.0454545454545455,13.7727272727273,0.0345454545454545,45.9963636363636,-0.17377907753848,0.940793055338277,0.862981818181818,0.866309090909091,0.888163636363636
113778,68931,44847,0.609383554164802,0.581317933577888,0.65880627137396,30.3218181818182,24.8054545454545,44.8727272727273,0.503636363636364,39.6363636363636,0.0345454545454545,13.7345454545455,0.0436363636363636,46.0472727272727,-0.174073731196602,0.926581557476046,0.862981818181818,0.866309090909091,0.888163636363636
113632,68930,44702,0.609348638259607,0.581248403992168,0.658813992667741,30.3236363636364,24.8054545454545,44.8709090909091,0.5,39.5945454545455,0.0454545454545455,13.7036363636364,0.0709090909090909,46.0854545454546,-0.173797833917475,0.909952564772472,0.862981818181818,0.866309090909091,0.888163636363636
113779,68928,44851,0.609334917668853,0.58133356219833,0.658837444992171,30.3236363636364,24.8018181818182,44.8745454545455,0.5,39.56,0.0490909090909091,13.6981818181818,0.0472727272727273,46.1454545454545,-0.174619096568891,0.914323662856424,0.862981818181818,0.866309090909091,0.888163636363636
113687,68921,44766,0.609294880900968,0.581229722017037,0.658974241320356,30.3218181818182,24.8072727272727,44.8709090909091,0.5,39.5563636363636,0.0381818181818182,13.6836363636364,0.0509090909090909,46.1709090909091,-0.176143230882735,0.893706937379796,0.862981818181818,0.866309090909091,0.888163636363636
113837,68928,44909,0.609257372462405,0.581260751657064,0.658952492539974,30.32,24.8036363636364,44.8763636363636,0.5,39.5272727272727,0.0345454545454545,13.6854545454545,0.0527272727272727,46.2,-0.174706842748525,0.903328187695958,0.862981818181818,0.866309090909091,0.888163636363636
113763,68928,44835,0.609199104897045,0.581225259881487,0.658949021059259,30.32,24.8054545454545,44.8745454545455,0.496363636363636,39.5036363636364,0.0454545454545455,13.6745454545455,0.0545454545454545,46.2254545454545,-0.174833020736828,0.889907932874154,0.862981818181818,0.866309090909091,0.888163636363636
113534,68925,44609,0.609287002842989,0.581000331441204,0.658963720781858,30.3272727272727,24.7981818181818,44.8745454545455,0.494545454545455,39.4818181818182,0.0472727272727273,13.6672727272727,0.0490909090909091,46.26,-0.175757800707982,0.859699033260007,0.862981818181818,0.866309090909091,0.888163636363636
113596,68925,44671,0.609238152072307,0.581135081723544,0.658885745854776,30.3254545454545,24.8036363636364,44.8709090909091,0.492727272727273,39.46,0.0454545454545455,13.6490909090909,0.0490909090909091,46.3036363636364,-0.17577598567593,0.854130228308283,0.862981818181818,0.866309090909091,0.888163636363636
113675,68928,44747,0.609199634636921,0.581146365242405,0.658854078785365,30.3254545454545,24.8,44.8745454545455,0.492727272727273,39.4345454545455,0.04,13.6309090909091,0.0490909090909091,46.3527272727273,-0.175586502775695,0.851606263939969,0.862981818181818,0.866309090909091,0.888163636363636
113803,68931,44872,0.609187219264482,0.581281321130938,0.658879774983244,30.3218181818182,24.8054545454545,44.8727272727273,0.487272727272727,39.3981818181818,0.04,13.6272727272727,0.0472727272727273,46.4,-0.175714190956999,0.857304626322267,0.862981818181818,0.866309090909091,0.888163636363636
113642,68935,44707,0.609163343769464,0.581327106640399,0.658879142870484,30.3272727272727,24.8,44.8727272727273,0.483636363636364,39.3672727272727,0.0545454545454545,13.6109090909091,0.0418181818181818,46.4418181818182,-0.176003424718841,0.844537967748263,0.862981818181818,0.866309090909091,0.888163636363636
113671,68921,44750,0.609189466333286,0.581099120794486,0.658839357627772,30.3290909090909,24.7963636363636,44.8745454545455,0.478181818181818,39.3654545454545,0.0309090909090909,13.5963636363636,0.0527272727272727,46.4763636363636,-0.17750893836042,0.846933285070753,0.862981818181818,0.866309090909091,0.888163636363636
113396,68929,44467,0.609124579721712,0.58077335421441,0.658877508380717,30.3254545454545,24.8,44.8745454545455,0.478181818181818,39.3309090909091,0.0418181818181818,13.5890909090909,0.0472727272727273,46.5127272727273,-0.176537109302709,0.800188416742127,0.862981818181818,0.866309090909091,0.888163636363636
113706,68929,44777,0.609084645816366,0.581193809516029,0.658894167493129,30.3254545454545,24.8018181818182,44.8727272727273,0.476363636363636,39.3054545454546,0.0327272727272727,13.5818181818182,0.0545454545454545,46.5490909090909,-0.176906733972613,0.826014936368235,0.862981818181818,0.866309090909091,0.888163636363636
113583,68933,44650,0.609004936305457,0.581071483880964,0.659026976514034,30.3272727272727,24.7945454545455,44.8781818181818,0.476363636363636,39.2836363636364,0.0454545454545455,13.5745454545455,0.0381818181818182,46.5818181818182,-0.177242730151986,0.807234125017104,0.862981818181818,0.866309090909091,0.888163636363636
113846,68925,44921,0.60902701750243,0.58115709150857,0.659014389474706,30.3309090909091,24.7927272727273,44.8763636363636,0.474545454545455,39.2545454545455,0.0309090909090909,13.5527272727273,0.0545454545454545,46.6327272727273,-0.178624313186844,0.823977665332231,0.862981818181818,0.866309090909091,0.888163636363636
113799,68941,44858,0.609025038863409,0.581119483404039,0.659000609507752,30.3327272727273,24.7927272727273,44.8745454545455,0.474545454545455,39.2254545454545,0.0327272727272727,13.54,0.0490909090909091,46.6781818181818,-0.176609972632948,0.814803472533822,0.862981818181818,0.866309090909091,0.888163636363636
113981,68933,45048,0.609139417508654,0.581277657436527,0.658974593997522,30.3363636363636,24.7945454545455,44.8690909090909,0.474545454545455,39.2,0.0381818181818182,13.5127272727273,0.0436363636363636,46.7309090909091,-0.179491938588432,0.833401375763457,0.862981818181818,0.866309090909091,0.888163636363636
113854,68915,44939,0.609048555652696,0.581301675035322,0.658814377454699,30.3363636363636,24.8018181818182,44.8618181818182,0.472727272727273,39.1763636363636,0.0454545454545455,13.5,0.0509090909090909,46.7545454545455,-0.180329080628475,0.806437615296719,0.862981818181818,0.866309090909091,0.888163636363636
113954,68918,45036,0.609061816714814,0.581117919419677,0.658875203560864,30.3327272727273,24.7927272727273,44.8745454545455,0.474545454545455,39.1490909090909,0.0290909090909091,13.5127272727273,0.0490909090909091,46.7854545454545,-0.179197312964904,0.822220108658075,0.862981818181818,0.866309090909091,0.888163636363636
113997,68923,45074,0.609011103797326,0.581188845722209,0.658912548976932,30.3309090909091,24.7963636363636,44.8727272727273,0.474545454545455,39.1290909090909,0.0236363636363636,13.5,0.0490909090909091,46.8236363636364,-0.180336967841405,0.813487036229873,0.862981818181818,0.866309090909091,0.888163636363636
114077,68933,45144,0.609030193934544,0.58121026994524,0.658970979495279,30.3327272727273,24.7945454545455,44.8727272727273,0.474545454545455,39.1036363636364,0.0218181818181818,13.4909090909091,0.0345454545454545,46.8745454545455,-0.180152071948661,0.818404737267305,0.862981818181818,0.866309090909091,0.888163636363636
114088,68935,45153,0.609135909053272,0.581187194545375,0.659031223784133,30.34,24.7927272727273,44.8672727272727,0.472727272727273,39.0727272727273,0.0272727272727273,13.4581818181818,0.0454545454545455,46.9236363636364,-0.179489611622028,0.816910207991234,0.862981818181818,0.866309090909091,0.888163636363636
113937,68935,45002,0.6091653790186,0.580918145582918,0.65907570969117,30.3418181818182,24.7854545454545,44.8727272727273,0.472727272727273,39.0454545454545,0.0309090909090909,13.4290909090909,0.0509090909090909,46.9709090909091,-0.179956037732336,0.783067207495597,0.862981818181818,0.866309090909091,0.888163636363636
114149,68934,45215,0.609210611508908,0.580933344121672,0.659111833044344,30.3418181818182,24.78,44.8781818181818,0.469090909090909,39.0272727272727,0.0327272727272727,13.4145454545455,0.0418181818181818,47.0145454545455,-0.181014463999666,0.809535637531768,0.862981818181818,0.866309090909091,0.888163636363636
114027,68931,45096,0.609181459789837,0.580914374997211,0.658941159023796,30.3418181818182,24.7836363636364,44.8745454545455,0.467272727272727,39.0181818181818,0.0363636363636364,13.3854545454545,0.0509090909090909,47.0418181818182,-0.181407999366175,0.789498104011132,0.862981818181818,0.866309090909091,0.888163636363636
113815,68937,44878,0.609172266472786,0.580785567828119,0.658939570106674,30.34,24.7854545454545,44.8745454545455,0.467272727272727,39.0054545454545,0.0272727272727273,13.3872727272727,0.0563636363636364,47.0563636363636,-0.180241478033779,0.753520545092496,0.862981818181818,0.866309090909091,0.888163636363636
113736,68937,44799,0.60908957130063,0.580800526781322,0.65885100426682,30.3381818181818,24.7872727272727,44.8745454545455,0.467272727272727,38.9909090909091,0.0272727272727273,13.3872727272727,0.0527272727272727,47.0745454545455,-0.17968142722814,0.73693016495725,0.862981818181818,0.866309090909091,0.888163636363636
113846,68952,44894,0.60906541088754,0.580842623083057,0.658803121805362,30.34,24.7890909090909,44.8709090909091,0.465454545454546,38.9854545454545,0.0436363636363636,13.3654545454545,0.0527272727272727,47.0872727272727,-0.177771908338962,0.74074468284168,0.862981818181818,0.866309090909091,0.888163636363636
113754,68942,44812,0.609063017126545,0.58091370535734,0.658792942933431,30.3418181818182,24.7890909090909,44.8690909090909,0.463636363636364,38.9872727272727,0.04,13.3381818181818,0.0618181818181818,47.1090909090909,-0.180739846049387,0.716400416263125,0.862981818181818,0.866309090909091,0.888163636363636
113684,68933,44751,0.609050837227923,0.580798693532438,0.658897354665149,30.3363636363636,24.7927272727273,44.8709090909091,0.463636363636364,39.0036363636364,0.0290909090909091,13.3090909090909,0.0545454545454545,47.14,-0.182145621769913,0.711843107369813,0.862981818181818,0.866309090909091,0.888163636363636
113609,68939,44670,0.609132584362095,0.580578678982234,0.659008768032737,30.3345454545455,24.7890909090909,44.8763636363636,0.461818181818182,39.0218181818182,0.0236363636363636,13.2763636363636,0.0636363636363636,47.1527272727273,-0.181634589051431,0.705095400517298,0.862981818181818,0.866309090909091,0.888163636363636
113709,68943,44766,0.609092122895773,0.580646841332185,0.658892265622294,30.3327272727273,24.7963636363636,44.8709090909091,0.461818181818182,39.0181818181818,0.0254545454545455,13.2709090909091,0.0436363636363636,47.18,-0.179222207380107,0.706031805124473,0.862981818181818,0.866309090909091,0.888163636363636
113704,68939,44765,0.609157157199231,0.5805595264388,0.658915740822879,30.3327272727273,24.7963636363636,44.8709090909091,0.46,39.0054545454545,0.0309090909090909,13.2636363636364,0.0472727272727273,47.1927272727273,-0.179663676979081,0.687791939469224,0.862981818181818,0.866309090909091,0.888163636363636
113919,68930,44989,0.609173628518194,0.580551316574234,0.659070783990606,30.3345454545455,24.8,44.8654545454545,0.456363636363636,38.9963636363636,0.04,13.2490909090909,0.0436363636363636,47.2145454545455,-0.182821000297554,0.712734686828811,0.862981818181818,0.866309090909091,0.888163636363636
113968,68941,45027,0.609156671638751,0.580610253919645,0.658981115614505,30.3381818181818,24.7890909090909,44.8727272727273,0.456363636363636,39.0127272727273,0.04,13.2163636363636,0.0418181818181818,47.2327272727273,-0.181905345873383,0.714050615739755,0.862981818181818,0.866309090909091,0.888163636363636
113813,68930,44883,0.609072784868925,0.580598317465676,0.658864465648174,30.3381818181818,24.7854545454545,44.8763636363636,0.456363636363636,39.0254545454545,0.0345454545454545,13.1872727272727,0.0509090909090909,47.2454545454545,-0.183270475442921,0.680207235620103,0.862981818181818,0.866309090909091,0.888163636363636
113681,68922,44759,0.608967370008688,0.580364967170838,0.658924119006102,30.3472727272727,24.7763636363636,44.8763636363636,0.456363636363636,39.0454545454545,0.0272727272727273,13.16,0.0490909090909091,47.2618181818182,-0.184145552013599,0.65899732961658,0.862981818181818,0.866309090909091,0.888163636363636
113583,68926,44657,0.608937277068919,0.580535438532432,0.65884125752944,30.3490909090909,24.7781818181818,44.8727272727273,0.452727272727273,39.0527272727273,0.0218181818181818,13.1327272727273,0.0581818181818182,47.2818181818182,-0.183856730961336,0.639318911485713,0.862981818181818,0.866309090909091,0.888163636363636
113732,68928,44804,0.608979882789163,0.580602449175334,0.658949376829099,30.3490909090909,24.7818181818182,44.8690909090909,0.450909090909091,39.0690909090909,0.0236363636363636,13.0981818181818,0.0472727272727273,47.3109090909091,-0.183011364404295,0.657540004463358,0.862981818181818,0.866309090909091,0.888163636363636
113553,68935,44618,0.608797109315437,0.580581053835741,0.658863968088361,30.3381818181818,24.7872727272727,44.8745454545455,0.449090909090909,39.08,0.0327272727272727,13.0636363636364,0.0454545454545455,47.3290909090909,-0.183115406072003,0.624298442392187,0.862981818181818,0.866309090909091,0.888163636363636
113603,68925,44678,0.608775877421142,0.580669883936025,0.658849524209891,30.3309090909091,24.7981818181818,44.8709090909091,0.447272727272727,39.0945454545455,0.0254545454545455,13.0363636363636,0.0490909090909091,47.3472727272727,-0.184969175033488,0.637230219090865,0.862981818181818,0.866309090909091,0.888163636363636
113642,68925,44717,0.608978199695401,0.580587182521384,0.658812823001619,30.34,24.7909090909091,44.8690909090909,0.445454545454545,39.0945454545455,0.0309090909090909,13.0181818181818,0.0454545454545455,47.3654545454545,-0.184643848864388,0.645175675840371,0.862981818181818,0.866309090909091,0.888163636363636
113587,68934,44653,0.60887252077108,0.580652866246958,0.658927843565029,30.3418181818182,24.7945454545455,44.8636363636364,0.443636363636364,39.0836363636364,0.0436363636363636,13,0.06,47.3690909090909,-0.184079855912106,0.623015482833778,0.862981818181818,0.866309090909091,0.888163636363636
113570,68932,44638,0.60884702200464,0.580520567179493,0.659073313909778,30.3472727272727,24.7836363636364,44.8690909090909,0.441818181818182,39.0909090909091,0.0309090909090909,12.9763636363636,0.0690909090909091,47.3909090909091,-0.184361236702733,0.62270566940477,0.862981818181818,0.866309090909091,0.888163636363636
113697,68924,44773,0.608913963132245,0.580448658304849,0.658919270425939,30.3472727272727,24.78,44.8727272727273,0.441818181818182,39.08,0.0254545454545455,12.9836363636364,0.0472727272727273,47.4218181818182,-0.184468718000293,0.645801799647267,0.862981818181818,0.866309090909091,0.888163636363636
113554,68916,44638,0.608924553103739,0.580375994633288,0.658909468485309,30.3509090909091,24.7745454545455,44.8745454545455,0.441818181818182,39.0818181818182,0.0345454545454545,12.9654545454545,0.0436363636363636,47.4327272727273,-0.187135679483221,0.614456456213851,0.862981818181818,0.866309090909091,0.888163636363636
113521,68921,44600,0.608864199145186,0.580445819480496,0.658821716606167,30.3527272727273,24.78,44.8672727272727,0.44,39.0690909090909,0.0345454545454545,12.96,0.0454545454545455,47.4509090909091,-0.187436759053989,0.595839133043773,0.862981818181818,0.866309090909091,0.888163636363636
113612,68924,44688,0.608842029953835,0.58039616775741,0.659051520675614,30.3509090909091,24.78,44.8690909090909,0.44,39.0654545454545,0.0345454545454545,12.9363636363636,0.0509090909090909,47.4727272727273,-0.186982581743293,0.600665215538307,0.862981818181818,0.866309090909091,0.888163636363636
113804,68931,44873,0.608933410997304,0.580380356190247,0.659051221766077,30.3490909090909,24.7836363636364,44.8672727272727,0.438181818181818,39.06,0.0345454545454545,12.9272727272727,0.0363636363636364,47.5036363636364,-0.187057514248127,0.640695687080733,0.862981818181818,0.866309090909091,0.888163636363636
113770,68933,44837,0.608836901877387,0.580412147558092,0.658907831126455,30.3418181818182,24.7927272727273,44.8654545454545,0.438181818181818,39.0418181818182,0.0418181818181818,12.9109090909091,0.0454545454545455,47.5218181818182,-0.185417731645231,0.634363142587244,0.862981818181818,0.866309090909091,0.888163636363636
113711,68928,44783,0.608658661111487,0.580232575813508,0.659116010079019,30.3363636363636,24.7890909090909,44.8745454545455,0.434545454545455,39.0727272727273,0.0272727272727273,12.8745454545455,0.0509090909090909,47.54,-0.185354289300118,0.611796934208409,0.862981818181818,0.866309090909091,0.888163636363636
