"total_rewards","action_rewards","opinion_rewards","sp0_social_trust","sp1_social_trust","sp2_social_trust","sp0_request_rate","sp1_request_rate","sp2_request_rate","op0_expression_rate","op1_expression_rate","op2_expression_rate","op3_expression_rate","op4_expression_rate","op5_expression_rate","mean_loss1","mean_loss2","sp0_availability","sp1_availability","sp2_availability"
30585,30649,-64,0.707922184258679,0.710760565770249,0.734936435809262,33.7854545454545,33.3145454545455,32.9,16.9690909090909,16.6690909090909,16.7072727272727,16.7036363636364,16.5472727272727,16.4036363636364,1.63746987364509,-1.84520558064634,0.841127272727273,0.845618181818182,0.891454545454545
31044,30698,346,0.70788271304782,0.710616108313209,0.73487931414553,33.7981818181818,33.2836363636364,32.9181818181818,16.8309090909091,16.8436363636364,16.5527272727273,16.86,16.4127272727273,16.5,1.57087887308814,-1.782272828709,0.841127272727273,0.845618181818182,0.891454545454545
31370,30679,691,0.707641798542614,0.710282359846935,0.734939628558763,33.7945454545455,33.2163636363636,32.9890909090909,16.7090909090909,16.9545454545455,16.4381818181818,17.0363636363636,16.2509090909091,16.6109090909091,1.49754822579297,-1.74738928296349,0.841127272727273,0.845618181818182,0.891454545454545
31769,30749,1020,0.707552323538485,0.710296264217477,0.735059879358534,33.7763636363636,33.1727272727273,33.0509090909091,16.58,17.0909090909091,16.2709090909091,17.1872727272727,16.1509090909091,16.72,1.43237774263729,-1.72268198295073,0.841127272727273,0.845618181818182,0.891454545454545
32117,30757,1360,0.707404797852576,0.710238068313991,0.735042389416753,33.7654545454545,33.1781818181818,33.0563636363636,16.4781818181818,17.2054545454545,16.1509090909091,17.2945454545455,16.0472727272727,16.8236363636364,1.36132407188416,-1.69573061899705,0.841127272727273,0.845618181818182,0.891454545454545
32449,30777,1672,0.707287084258974,0.710094510097726,0.734868463354531,33.7509090909091,33.1490909090909,33.1,16.3545454545455,17.3545454545455,16.0145454545455,17.4327272727273,15.9254545454545,16.9181818181818,1.29053530801426,-1.68621615713293,0.841127272727273,0.845618181818182,0.891454545454545
32790,30795,1995,0.707201646377555,0.710037760677526,0.735209904294917,33.7254545454545,33.0981818181818,33.1763636363636,16.2436363636364,17.4654545454545,15.8818181818182,17.5690909090909,15.7981818181818,17.0418181818182,1.21946413950487,-1.6648573263125,0.841127272727273,0.845618181818182,0.891454545454545
33214,30796,2418,0.707025723938251,0.709841125831187,0.735218709663423,33.7018181818182,33.1,33.1981818181818,16.1363636363636,17.5981818181818,15.7163636363636,17.7418181818182,15.6109090909091,17.1963636363636,1.1465219725262,-1.59602541923523,0.841127272727273,0.845618181818182,0.891454545454545
33628,30838,2790,0.706992772214878,0.709822957482478,0.735206160552279,33.7272727272727,33.0272727272727,33.2454545454545,15.9927272727273,17.7745454545455,15.5218181818182,17.9327272727273,15.4781818181818,17.3,1.07616639895873,-1.55399634783918,0.841127272727273,0.845618181818182,0.891454545454545
34054,30874,3180,0.706855143609018,0.709504872600456,0.735065053388562,33.7109090909091,33.0090909090909,33.28,15.8818181818182,17.9036363636364,15.3672727272727,18.1181818181818,15.2854545454545,17.4436363636364,1.00455811565573,-1.5040104589679,0.841127272727273,0.845618181818182,0.891454545454545
34501,30922,3579,0.706652885882606,0.709625983745687,0.735093759350037,33.6781818181818,32.9890909090909,33.3327272727273,15.7509090909091,18.0163636363636,15.2,18.3309090909091,15.1145454545455,17.5872727272727,0.933195050196214,-1.45645590478724,0.841127272727273,0.845618181818182,0.891454545454545
34960,30991,3969,0.706521747512511,0.709423114454968,0.7351407805197,33.6945454545455,32.88,33.4254545454545,15.6254545454545,18.1509090909091,15.0163636363636,18.5127272727273,14.9745454545455,17.72,0.862293954329057,-1.4158007773486,0.841127272727273,0.845618181818182,0.891454545454545
35363,31028,4335,0.706396468939369,0.709239288601911,0.735089779172759,33.7254545454545,32.8109090909091,33.4636363636364,15.4818181818182,18.3054545454545,14.8272727272727,18.6727272727273,14.8436363636364,17.8690909090909,0.788428887453946,-1.38673239133575,0.841127272727273,0.845618181818182,0.891454545454545
35932,31119,4813,0.706423788132395,0.709281446991791,0.73516878953444,33.7563636363636,32.6927272727273,33.5509090909091,15.3254545454545,18.4490909090909,14.6490909090909,18.8690909090909,14.6527272727273,18.0545454545455,0.717990746281364,-1.30469165119258,0.841127272727273,0.845618181818182,0.891454545454545
36491,31187,5304,0.706028561139628,0.709328961457631,0.735194894787749,33.7454545454545,32.6654545454545,33.5890909090909,15.1709090909091,18.6309090909091,14.4618181818182,19.0472727272727,14.4763636363636,18.2127272727273,0.64426531737501,-1.21996239532124,0.841127272727273,0.845618181818182,0.891454545454545
37060,31246,5814,0.70587090018976,0.709089879524158,0.735102474401196,33.7309090909091,32.6236363636364,33.6454545454545,15.0109090909091,18.7690909090909,14.2509090909091,19.3218181818182,14.2727272727273,18.3745454545455,0.568597676537254,-1.13329003290697,0.841127272727273,0.845618181818182,0.891454545454545
37665,31323,6342,0.705707929860253,0.708563075640695,0.735182323725657,33.7418181818182,32.54,33.7181818181818,14.8036363636364,18.9672727272727,14.0745454545455,19.5181818181818,14.0381818181818,18.5981818181818,0.493385980345986,-1.03993572375991,0.841127272727273,0.845618181818182,0.891454545454545
38260,31404,6856,0.705351158795827,0.708515892128362,0.735219670287871,33.74,32.48,33.78,14.6618181818182,19.1454545454545,13.8163636363636,19.7509090909091,13.8090909090909,18.8163636363636,0.417329786040566,-0.95796766443686,0.841127272727273,0.845618181818182,0.891454545454545
38970,31484,7486,0.705140065253063,0.708148739570162,0.735487952466861,33.7363636363636,32.3618181818182,33.9018181818182,14.4309090909091,19.3545454545455,13.5909090909091,20.0109090909091,13.6163636363636,18.9963636363636,0.33949220939116,-0.813177277825095,0.841127272727273,0.845618181818182,0.891454545454545
39537,31554,7983,0.704971983229945,0.7076282041368,0.735544290704643,33.7836363636364,32.22,33.9963636363636,14.2581818181818,19.4909090909091,13.3872727272727,20.2654545454545,13.4309090909091,19.1672727272727,0.260332577065988,-0.738829244266857,0.841127272727273,0.845618181818182,0.891454545454545
40291,31672,8619,0.704842671984395,0.707130037716321,0.735387968855693,33.8,32.1054545454545,34.0945454545455,14.0436363636364,19.7054545454545,13.0909090909091,20.5709090909091,13.2163636363636,19.3727272727273,0.183959875594486,-0.594195712154562,0.841127272727273,0.845618181818182,0.891454545454545
40997,31762,9235,0.704271295626874,0.706729610056209,0.735473815097195,33.7927272727273,32.0018181818182,34.2054545454545,13.8254545454545,19.94,12.8181818181818,20.82,13.0109090909091,19.5854545454545,0.104886838793755,-0.463854803280397,0.841127272727273,0.845618181818182,0.891454545454545
41751,31861,9890,0.704130128268222,0.706309640826159,0.735530214861983,33.7945454545455,31.8854545454545,34.32,13.6127272727273,20.1381818181818,12.5709090909091,21.1345454545455,12.7218181818182,19.8218181818182,0.027115305445411,-0.317016876285726,0.841127272727273,0.845618181818182,0.891454545454545
42559,31963,10596,0.704263840216845,0.7059887975854,0.735434908134017,33.8072727272727,31.8054545454545,34.3872727272727,13.3818181818182,20.36,12.3090909090909,21.3818181818182,12.4909090909091,20.0763636363636,-0.0519195407629013,-0.145786175944588,0.841127272727273,0.845618181818182,0.891454545454545
43356,32070,11286,0.704087897657665,0.706066096617018,0.735483651932171,33.7963636363636,31.7236363636364,34.48,13.14,20.5781818181818,12.0472727272727,21.6527272727273,12.2436363636364,20.3381818181818,-0.130573238567872,0.0113217055797577,0.841127272727273,0.845618181818182,0.891454545454545
44150,32213,11937,0.703776998923153,0.705522859740377,0.735630062399195,33.8054545454545,31.6127272727273,34.5818181818182,12.9072727272727,20.8163636363636,11.7781818181818,21.9472727272727,11.9745454545455,20.5763636363636,-0.206669118458574,0.15528853318908,0.841127272727273,0.845618181818182,0.891454545454545
44871,32336,12535,0.703496567616969,0.705400689219774,0.735563321553388,33.7781818181818,31.5145454545455,34.7072727272727,12.6545454545455,21.0418181818182,11.5654545454545,22.1909090909091,11.7236363636364,20.8236363636364,-0.284162245826288,0.271297716010701,0.841127272727273,0.845618181818182,0.891454545454545
45676,32469,13207,0.70333369986769,0.704802257447548,0.736052504667921,33.7890909090909,31.3236363636364,34.8872727272727,12.4018181818182,21.2618181818182,11.3109090909091,22.4618181818182,11.4854545454545,21.0781818181818,-0.361001263152469,0.420289345221086,0.841127272727273,0.845618181818182,0.891454545454545
46614,32619,13995,0.703370174059852,0.704601835652797,0.736278492105381,33.7963636363636,31.1527272727273,35.0509090909091,12.1472727272727,21.5145454545455,11.0127272727273,22.7927272727273,11.2018181818182,21.3309090909091,-0.435506434332241,0.627171962369572,0.841127272727273,0.845618181818182,0.891454545454545
47272,32697,14575,0.702793798229211,0.704093625257998,0.736206983562996,33.7636363636364,31.0618181818182,35.1745454545455,11.9127272727273,21.72,10.7527272727273,23.04,11.04,21.5345454545455,-0.515465139800852,0.74005391922864,0.841127272727273,0.845618181818182,0.891454545454545
47984,32789,15195,0.702225055422343,0.703882772962547,0.736178671907529,33.74,30.9763636363636,35.2836363636364,11.6309090909091,21.9472727272727,10.4872727272727,23.32,10.8181818181818,21.7963636363636,-0.593627584522421,0.872575197436593,0.841127272727273,0.845618181818182,0.891454545454545
48909,32925,15984,0.701969837628575,0.70335015595301,0.736407701031325,33.7290909090909,30.8327272727273,35.4381818181818,11.3654545454545,22.1727272727273,10.1672727272727,23.7,10.5436363636364,22.0509090909091,-0.667999710819938,1.08959709947759,0.841127272727273,0.845618181818182,0.891454545454545
49657,33026,16631,0.701556463696136,0.70236898020954,0.736717892267998,33.6818181818182,30.6763636363636,35.6418181818182,11.1236363636364,22.3927272727273,9.91818181818182,23.9909090909091,10.2818181818182,22.2927272727273,-0.743967154080218,1.24494506174868,0.841127272727273,0.845618181818182,0.891454545454545
50473,33175,17298,0.701014575834705,0.701796823882947,0.736965113221733,33.6709090909091,30.4909090909091,35.8381818181818,10.88,22.5690909090909,9.71454545454546,24.3090909090909,9.98727272727273,22.54,-0.814370100064711,1.41175638545643,0.841127272727273,0.845618181818182,0.891454545454545
51279,33289,17990,0.700699750181431,0.700867872118775,0.737160422031807,33.6527272727273,30.2927272727273,36.0545454545455,10.6181818181818,22.7818181818182,9.47272727272727,24.6290909090909,9.73636363636364,22.7618181818182,-0.886808234453201,1.58969288630919,0.841127272727273,0.845618181818182,0.891454545454545
52043,33416,18627,0.700284895300892,0.700241016317984,0.737443585661452,33.58,30.1381818181818,36.2818181818182,10.3309090909091,23.0181818181818,9.26363636363636,24.8927272727273,9.47818181818182,23.0163636363636,-0.956196696649898,1.74617878469554,0.841127272727273,0.845618181818182,0.891454545454545
52703,33527,19176,0.699727096898621,0.699693751229232,0.737749838108917,33.5218181818182,29.9672727272727,36.5109090909091,10.0781818181818,23.24,9.02,25.1763636363636,9.24545454545455,23.24,-1.0256426486102,1.85728368921713,0.841127272727273,0.845618181818182,0.891454545454545
53364,33609,19755,0.699131844507091,0.698560597386165,0.737982746226537,33.4545454545455,29.7963636363636,36.7490909090909,9.84181818181818,23.4236363636364,8.76181818181818,25.4836363636364,9.00545454545455,23.4836363636364,-1.09703544513746,1.99001236666333,0.841127272727273,0.845618181818182,0.891454545454545
54080,33729,20351,0.698700822642567,0.698003510950427,0.738012411488407,33.4072727272727,29.6745454545455,36.9181818181818,9.63090909090909,23.5890909090909,8.57090909090909,25.7018181818182,8.78909090909091,23.7181818181818,-1.16215477775444,2.13419911536303,0.841127272727273,0.845618181818182,0.891454545454545
54779,33839,20940,0.698465041651021,0.696653644192964,0.738388429422951,33.3254545454545,29.5345454545455,37.14,9.40727272727273,23.7581818181818,8.30545454545454,26.0090909090909,8.57818181818182,23.9418181818182,-1.2262978150086,2.28476328849792,0.841127272727273,0.845618181818182,0.891454545454545
55523,33972,21551,0.698137913728136,0.695608867998256,0.738702861804055,33.2927272727273,29.3527272727273,37.3545454545455,9.19818181818182,23.94,8.06727272727273,26.2818181818182,8.33636363636364,24.1763636363636,-1.28647070906379,2.44514953006398,0.841127272727273,0.845618181818182,0.891454545454545
56184,34171,22013,0.69784593809065,0.695215816770458,0.739163844400928,33.2545454545455,29.2072727272727,37.5381818181818,9.00909090909091,24.0981818181818,7.88181818181818,26.4690909090909,8.16545454545455,24.3763636363636,-1.3380903634158,2.54370579882102,0.841127272727273,0.845618181818182,0.891454545454545
56868,34299,22569,0.697162541334632,0.694841405697376,0.739587118936565,33.1745454545455,29.0545454545455,37.7709090909091,8.82181818181818,24.2454545454545,7.7,26.6854545454545,7.92363636363636,24.6236363636364,-1.39483227458867,2.67918558337472,0.841127272727273,0.845618181818182,0.891454545454545
57392,34352,23040,0.696561082500552,0.693792355348114,0.739785668754842,33.0927272727273,28.94,37.9672727272727,8.65636363636364,24.3854545454545,7.51818181818182,26.8890909090909,7.72909090909091,24.8218181818182,-1.45378734469414,2.78628627603704,0.841127272727273,0.845618181818182,0.891454545454545
57930,34473,23457,0.695910778312792,0.693095979380359,0.74015757352383,32.9836363636364,28.8272727272727,38.1890909090909,8.46181818181818,24.5872727272727,7.28545454545455,27.0909090909091,7.57454545454545,25,-1.50624267377637,2.86820063591003,0.841127272727273,0.845618181818182,0.891454545454545
58598,34614,23984,0.695636544687958,0.692347824272473,0.740686697826908,32.9272727272727,28.6545454545455,38.4181818181818,8.29454545454545,24.7218181818182,7.11272727272727,27.3181818181818,7.35090909090909,25.2018181818182,-1.55546770366755,3.00460553873669,0.841127272727273,0.845618181818182,0.891454545454545
59191,34761,24430,0.69524277237145,0.691516984421775,0.741184085468047,32.8345454545455,28.54,38.6254545454546,8.11454545454546,24.8654545454545,6.95818181818182,27.4781818181818,7.2,25.3836363636364,-1.6015379477631,3.10843419541012,0.841127272727273,0.845618181818182,0.891454545454545
59887,34930,24957,0.694943251256368,0.69111969911124,0.741655462650009,32.7381818181818,28.3763636363636,38.8854545454545,7.93090909090909,25.0254545454545,6.75454545454545,27.6890909090909,7.02363636363636,25.5763636363636,-1.64376438531009,3.24058199904182,0.841127272727273,0.845618181818182,0.891454545454545
60545,35108,25437,0.694728592788952,0.690996523533285,0.741892998752773,32.6890909090909,28.2236363636364,39.0872727272727,7.79090909090909,25.2145454545455,6.55090909090909,27.8945454545455,6.80727272727273,25.7418181818182,-1.68370483355089,3.35965945666487,0.841127272727273,0.845618181818182,0.891454545454545
61043,35242,25801,0.693962643525958,0.690478802115381,0.742155682602894,32.6218181818182,28.0418181818182,39.3363636363636,7.63454545454545,25.3763636363636,6.39636363636364,28.0327272727273,6.64,25.92,-1.72410722158172,3.42742480310527,0.841127272727273,0.845618181818182,0.891454545454545
61592,35361,26231,0.69362951125218,0.689900132254923,0.742132737822856,32.54,27.9327272727273,39.5272727272727,7.51272727272727,25.5109090909091,6.24363636363636,28.2,6.44545454545455,26.0872727272727,-1.76480554721572,3.52807746529579,0.841127272727273,0.845618181818182,0.891454545454545
62231,35503,26728,0.693394236611605,0.689334075687387,0.742626240372405,32.4345454545455,27.7545454545455,39.8109090909091,7.36545454545455,25.6309090909091,6.13818181818182,28.3309090909091,6.28181818181818,26.2527272727273,-1.80011455850168,3.65697544379668,0.841127272727273,0.845618181818182,0.891454545454545
62657,35641,27016,0.693343277445328,0.688354488958508,0.742836656527412,32.3490909090909,27.5854545454545,40.0654545454545,7.23818181818182,25.7636363636364,5.97818181818182,28.4781818181818,6.12363636363636,26.4181818181818,-1.83550733598796,3.69683619791811,0.841127272727273,0.845618181818182,0.891454545454545
63149,35851,27298,0.69292931886805,0.68713670743513,0.743306413965653,32.2527272727273,27.3981818181818,40.3490909090909,7.09454545454545,25.9181818181818,5.83818181818182,28.6127272727273,5.98181818181818,26.5545454545455,-1.86186173449863,3.73660198937763,0.841127272727273,0.845618181818182,0.891454545454545
63683,36034,27649,0.692513627963863,0.685858898145996,0.743510806636668,32.18,27.2127272727273,40.6072727272727,6.97272727272727,26.0218181818182,5.71636363636364,28.7472727272727,5.79454545454545,26.7472727272727,-1.88771944696253,3.81351388421926,0.841127272727273,0.845618181818182,0.891454545454545
64208,36255,27953,0.692060200455273,0.684514311048423,0.743544495546672,32.1254545454545,27.0145454545455,40.86,6.84545454545455,26.16,5.6,28.8490909090909,5.62,26.9254545454545,-1.90966280861334,3.86441723595966,0.841127272727273,0.845618181818182,0.891454545454545
64574,36432,28142,0.691178853984106,0.683688232008542,0.74358698759284,31.9745454545455,26.92,41.1054545454545,6.72,26.26,5.5,28.96,5.52909090909091,27.0309090909091,-1.93299898396839,3.87786757566712,0.841127272727273,0.845618181818182,0.891454545454545
65193,36660,28533,0.69061153691374,0.682472729029227,0.743699611398316,31.8618181818182,26.8090909090909,41.3290909090909,6.6,26.3963636363636,5.37090909090909,29.0490909090909,5.40727272727273,27.1763636363636,-1.9501312261278,3.97459233999252,0.841127272727273,0.845618181818182,0.891454545454545
65746,36927,28819,0.690133146011504,0.681370329541879,0.743985031958904,31.7472727272727,26.66,41.5927272727273,6.46363636363636,26.4963636363636,5.25454545454545,29.1709090909091,5.28727272727273,27.3272727272727,-1.96214856884696,4.0284907346422,0.841127272727273,0.845618181818182,0.891454545454545
66180,37132,29048,0.689382225297026,0.680400854433522,0.743817583558802,31.6254545454545,26.5436363636364,41.8309090909091,6.35272727272727,26.5909090909091,5.18727272727273,29.2654545454545,5.18,27.4236363636364,-1.97783620465886,4.06234756816517,0.841127272727273,0.845618181818182,0.891454545454545
66742,37429,29313,0.688680326530544,0.680056744920974,0.744069420943006,31.5054545454545,26.3618181818182,42.1327272727273,6.24363636363636,26.6690909090909,5.12181818181818,29.3763636363636,5.02181818181818,27.5672727272727,-1.98529937971722,4.11024293086746,0.841127272727273,0.845618181818182,0.891454545454545
67215,37688,29527,0.68810478571763,0.678831578363484,0.744433062265247,31.3545454545455,26.2345454545455,42.4109090909091,6.15272727272727,26.7272727272727,5.02727272727273,29.4963636363636,4.88909090909091,27.7072727272727,-1.99406979138201,4.14099641496485,0.841127272727273,0.845618181818182,0.891454545454545
67754,37909,29845,0.687610704956601,0.678096016757049,0.744751957815825,31.2418181818182,26.0927272727273,42.6654545454545,6.05818181818182,26.8290909090909,4.91454545454545,29.5945454545455,4.75818181818182,27.8454545454545,-2.00541894869371,4.21033677675507,0.841127272727273,0.845618181818182,0.891454545454545
68338,38129,30209,0.687161003649516,0.677169926078991,0.744718566387148,31.1236363636364,25.9654545454545,42.9109090909091,5.97090909090909,26.9145454545455,4.78545454545455,29.7163636363636,4.57636363636364,28.0363636363636,-2.01525954495777,4.30397334153002,0.841127272727273,0.845618181818182,0.891454545454545
68957,38368,30589,0.686618342403942,0.676466491288051,0.744570907673355,30.9345454545455,25.8818181818182,43.1836363636364,5.85818181818182,27.0127272727273,4.66909090909091,29.8036363636364,4.44909090909091,28.2072727272727,-2.02207566120408,4.41024346297437,0.841127272727273,0.845618181818182,0.891454545454545
69259,38587,30672,0.685646302855877,0.675212536516989,0.744649159805756,30.84,25.6890909090909,43.4709090909091,5.74909090909091,27.0727272727273,4.62,29.8436363636364,4.39818181818182,28.3163636363636,-2.02959564815868,4.39243814836849,0.841127272727273,0.845618181818182,0.891454545454545
69588,38785,30803,0.684820742452122,0.673889388669324,0.744508515117903,30.7418181818182,25.5509090909091,43.7072727272727,5.67636363636364,27.1363636363636,4.53454545454545,29.8945454545455,4.28909090909091,28.4690909090909,-2.03754273978147,4.39018326455897,0.841127272727273,0.845618181818182,0.891454545454545
70140,39060,31080,0.684015479294975,0.673016682959019,0.744347917832538,30.6290909090909,25.3654545454545,44.0054545454545,5.60727272727273,27.1963636363636,4.42909090909091,29.9636363636364,4.17272727272727,28.6309090909091,-2.0393264206973,4.43591374050487,0.841127272727273,0.845618181818182,0.891454545454545
70468,39234,31234,0.683205681349263,0.672284739021175,0.744112547700366,30.5109090909091,25.3145454545455,44.1745454545455,5.54545454545455,27.2418181818182,4.30181818181818,30.0472727272727,4.12363636363636,28.74,-2.04789074225859,4.44501233263449,0.841127272727273,0.845618181818182,0.891454545454545
70871,39483,31388,0.682214706283387,0.67065091165661,0.744056706557823,30.42,25.1054545454545,44.4745454545455,5.47818181818182,27.3363636363636,4.22545454545455,30.0236363636364,4.03636363636364,28.9,-2.04724626324394,4.4562091616067,0.841127272727273,0.845618181818182,0.891454545454545
71357,39833,31524,0.681231726566833,0.670021719550607,0.744243740924101,30.3181818181818,24.9290909090909,44.7527272727273,5.40727272727273,27.4072727272727,4.14363636363636,30.0345454545455,3.99636363636364,29.0109090909091,-2.03875920989297,4.4602974571965,0.841127272727273,0.845618181818182,0.891454545454545
71808,40092,31716,0.680556134513099,0.668692877424368,0.744182817951045,30.2254545454545,24.7818181818182,44.9927272727273,5.33636363636364,27.5127272727273,4.03454545454545,30.0363636363636,3.95272727272727,29.1272727272727,-2.03777487332171,4.49066485329108,0.841127272727273,0.845618181818182,0.891454545454545
72329,40426,31903,0.679785783756733,0.667822673686264,0.744230103433274,30.1218181818182,24.5890909090909,45.2890909090909,5.29090909090909,27.5418181818182,3.97272727272727,30.0454545454545,3.88,29.2690909090909,-2.03050526759841,4.52073338465257,0.841127272727273,0.845618181818182,0.891454545454545
72768,40661,32107,0.678705179837445,0.666238143338239,0.744386554145531,30.0145454545455,24.3945454545455,45.5909090909091,5.20727272727273,27.6145454545455,3.90545454545454,30.0854545454545,3.79090909090909,29.3963636363636,-2.03066883087158,4.54255529316989,0.841127272727273,0.845618181818182,0.891454545454545
73267,40996,32271,0.677860834416776,0.664118364827777,0.744300053556414,29.9290909090909,24.1090909090909,45.9618181818182,5.13090909090909,27.7018181818182,3.82545454545455,30.0763636363636,3.70545454545455,29.56,-2.02105547785759,4.54609646417878,0.841127272727273,0.845618181818182,0.891454545454545
73739,41328,32411,0.676989876430729,0.662791146700681,0.744207332718484,29.8418181818182,23.8672727272727,46.2909090909091,5.06727272727273,27.7836363636364,3.75272727272727,30.0563636363636,3.64363636363636,29.6963636363636,-2.00968669436195,4.56198186549273,0.841127272727273,0.845618181818182,0.891454545454545
74293,41590,32703,0.676310349991399,0.662414453790777,0.743904680576703,29.7418181818182,23.7036363636364,46.5545454545455,4.98363636363636,27.88,3.65090909090909,30.0945454545455,3.60181818181818,29.7890909090909,-2.0033415637233,4.62502794374119,0.841127272727273,0.845618181818182,0.891454545454545
74852,41908,32944,0.675568887097547,0.66103140065472,0.743728691289642,29.6563636363636,23.4254545454545,46.9181818181818,4.91818181818182,27.9727272727273,3.55272727272727,30.1072727272727,3.49090909090909,29.9581818181818,-1.99211211150343,4.67315270792354,0.841127272727273,0.845618181818182,0.891454545454545
75323,42245,33078,0.674919861996026,0.659528780551151,0.743743898601853,29.5563636363636,23.2,47.2436363636364,4.85272727272727,28.0509090909091,3.53272727272727,30.0418181818182,3.43272727272727,30.0890909090909,-1.97835300998254,4.67786376530474,0.841127272727273,0.845618181818182,0.891454545454545
75834,42560,33274,0.674063032938446,0.65843652390369,0.743325817105074,29.3945454545455,23.1090909090909,47.4963636363636,4.77454545454545,28.1418181818182,3.42,30.0909090909091,3.33272727272727,30.24,-1.96370024247603,4.70303087776357,0.841127272727273,0.845618181818182,0.891454545454545
76325,42906,33419,0.672979325844506,0.657017343818995,0.743238608704392,29.2618181818182,22.94,47.7981818181818,4.72181818181818,28.2054545454545,3.33818181818182,30.0872727272727,3.28363636363636,30.3636363636364,-1.95005778941241,4.70843388275667,0.841127272727273,0.845618181818182,0.891454545454545
76844,43266,33578,0.671982098556927,0.655533613419471,0.742981334148782,29.1945454545455,22.6981818181818,48.1072727272727,4.66909090909091,28.3036363636364,3.22,30.0781818181818,3.23636363636364,30.4927272727273,-1.92786346782338,4.72089122967287,0.841127272727273,0.845618181818182,0.891454545454545
77304,43636,33668,0.670973555028901,0.654214271399447,0.742718542122511,29.0836363636364,22.5127272727273,48.4036363636364,4.61818181818182,28.36,3.17454545454545,30.0836363636364,3.14181818181818,30.6218181818182,-1.90663794983517,4.71839917356318,0.841127272727273,0.845618181818182,0.891454545454545
77888,44025,33863,0.669549518755204,0.653071595801902,0.742540614766388,28.9636363636364,22.32,48.7163636363636,4.55454545454545,28.4218181818182,3.15272727272727,30.0781818181818,3.03454545454545,30.7581818181818,-1.88633106838573,4.74328857768666,0.841127272727273,0.845618181818182,0.891454545454545
78334,44385,33949,0.668453024752741,0.652644034463729,0.742183705008726,28.8454545454545,22.1454545454545,49.0090909090909,4.51090909090909,28.4690909090909,3.11272727272727,30.0527272727273,2.97272727272727,30.8818181818182,-1.8665543759411,4.73502664674412,0.841127272727273,0.845618181818182,0.891454545454545
78927,44745,34182,0.667491279479486,0.651342052907075,0.74223002874106,28.7545454545455,21.94,49.3054545454546,4.45454545454545,28.5727272727273,3.00181818181818,30.0690909090909,2.91636363636364,30.9854545454545,-1.84892385872928,4.77651039470326,0.841127272727273,0.845618181818182,0.891454545454545
79342,45066,34276,0.666400846632797,0.64965439883862,0.742138816883556,28.72,21.7272727272727,49.5527272727273,4.39818181818182,28.64,2.95272727272727,30.0690909090909,2.86363636363636,31.0763636363636,-1.83145815757188,4.75917802290483,0.841127272727273,0.845618181818182,0.891454545454545
79939,45433,34506,0.664932570626731,0.648434417515996,0.742310308548372,28.5745454545455,21.5527272727273,49.8727272727273,4.34727272727273,28.7054545454545,2.89090909090909,30.1036363636364,2.79454545454545,31.1581818181818,-1.81250452345068,4.79380744695663,0.841127272727273,0.845618181818182,0.891454545454545
80430,45839,34591,0.663824773147879,0.648362866648215,0.741864145683664,28.4690909090909,21.3945454545455,50.1363636363636,4.29272727272727,28.72,2.89272727272727,30.0872727272727,2.75636363636364,31.2509090909091,-1.79014480601658,4.79314000606537,0.841127272727273,0.845618181818182,0.891454545454545
80845,46147,34698,0.662815705438172,0.64680334774936,0.741451792879481,28.3836363636364,21.2490909090909,50.3672727272727,4.25272727272727,28.7563636363636,2.84545454545454,30.0727272727273,2.73636363636364,31.3363636363636,-1.77342465492812,4.79241480610587,0.841127272727273,0.845618181818182,0.891454545454545
81253,46465,34788,0.661769509689646,0.645012318162067,0.741377614956461,28.2945454545455,21.0418181818182,50.6636363636364,4.19818181818182,28.8381818181818,2.77636363636364,30.0745454545455,2.67454545454545,31.4381818181818,-1.75593244108287,4.78796862147071,0.841127272727273,0.845618181818182,0.891454545454545
81920,46827,35093,0.660405489519024,0.644247391284551,0.741226526381848,28.1509090909091,20.8709090909091,50.9781818181818,4.13272727272727,28.8945454545455,2.72545454545455,30.1054545454545,2.59818181818182,31.5436363636364,-1.73442087986253,4.87023504105481,0.841127272727273,0.845618181818182,0.891454545454545
82344,47190,35154,0.659259342925361,0.642575036309209,0.740789197290678,28.0509090909091,20.6690909090909,51.28,4.09272727272727,28.9363636363636,2.70545454545455,30.0727272727273,2.58181818181818,31.6109090909091,-1.7120144743811,4.85558162602511,0.841127272727273,0.845618181818182,0.891454545454545
82893,47595,35298,0.658567610968383,0.641353269505868,0.740471699765454,27.9981818181818,20.3963636363636,51.6054545454545,4.04181818181818,28.9690909090909,2.68545454545455,30.1072727272727,2.50727272727273,31.6890909090909,-1.68313535235145,4.86544023860585,0.841127272727273,0.845618181818182,0.891454545454545
83345,47988,35357,0.656979681292883,0.639517907125133,0.740157412838963,27.8527272727273,20.2472727272727,51.9,4.00181818181818,29.0181818181818,2.63272727272727,30.1,2.46181818181818,31.7854545454545,-1.6601283645088,4.84143852645701,0.841127272727273,0.845618181818182,0.891454545454545
83970,48383,35587,0.656160512865053,0.638187361451765,0.740128974844327,27.7927272727273,20.0272727272727,52.18,3.95272727272727,29.0654545454545,2.56,30.1272727272727,2.42727272727273,31.8672727272727,-1.63171160627495,4.88064967610619,0.841127272727273,0.845618181818182,0.891454545454545
84487,48734,35753,0.65479887652462,0.636906086195838,0.739662234207154,27.7036363636364,19.8418181818182,52.4545454545455,3.9,29.1236363636364,2.50727272727273,30.1036363636364,2.4,31.9654545454545,-1.60654267167503,4.90489232215014,0.841127272727273,0.845618181818182,0.891454545454545
84975,49112,35863,0.653644194015005,0.635201557706783,0.739281177715748,27.6,19.6527272727273,52.7472727272727,3.84727272727273,29.1872727272727,2.44909090909091,30.1145454545455,2.36181818181818,32.04,-1.5800955535336,4.89569876194,0.841127272727273,0.845618181818182,0.891454545454545
85484,49477,36007,0.652713489636914,0.633733596310912,0.7388465526547,27.4509090909091,19.5527272727273,52.9963636363636,3.79272727272727,29.2454545454545,2.35818181818182,30.2090909090909,2.27272727272727,32.1218181818182,-1.55605106123469,4.9016988732598,0.841127272727273,0.845618181818182,0.891454545454545
85927,49787,36140,0.651290093734712,0.632559909636578,0.738848368122051,27.3709090909091,19.3636363636364,53.2654545454546,3.75272727272727,29.2963636363636,2.31636363636364,30.2181818181818,2.24545454545455,32.1709090909091,-1.53810640221292,4.91479798663746,0.841127272727273,0.845618181818182,0.891454545454545
86334,50191,36143,0.650036154864725,0.631290823372016,0.73857413336915,27.2709090909091,19.2527272727273,53.4763636363636,3.72545454545455,29.3090909090909,2.29818181818182,30.2363636363636,2.19636363636364,32.2345454545455,-1.51361673840068,4.87824141870845,0.841127272727273,0.845618181818182,0.891454545454545
86813,50600,36213,0.648875144324074,0.629460517100669,0.738375924911601,27.1709090909091,19.0636363636364,53.7654545454546,3.68,29.3672727272727,2.23454545454545,30.2509090909091,2.15454545454545,32.3127272727273,-1.48673131452365,4.85878675850955,0.841127272727273,0.845618181818182,0.891454545454545
87376,50995,36381,0.647983459399935,0.62794443688814,0.738021306915475,27.1181818181818,18.8654545454545,54.0163636363636,3.63636363636364,29.44,2.20363636363636,30.2181818181818,2.13090909090909,32.3709090909091,-1.46072258001024,4.87994076338681,0.841127272727273,0.845618181818182,0.891454545454545
87726,51313,36413,0.646537672192194,0.626948676474285,0.73706817909188,27.0145454545455,18.78,54.2054545454545,3.58727272727273,29.5363636363636,2.11090909090909,30.2618181818182,2.09454545454545,32.4090909090909,-1.43994509550658,4.85693221742457,0.841127272727273,0.845618181818182,0.891454545454545
88396,51726,36670,0.64537166197023,0.625855512178452,0.736682192966725,26.8818181818182,18.66,54.4581818181818,3.54,29.6436363636364,2.04363636363636,30.2654545454545,2.03272727272727,32.4745454545455,-1.41113860850984,4.90747745253823,0.841127272727273,0.845618181818182,0.891454545454545
88743,52074,36669,0.643898895012602,0.623890696138017,0.736374529561195,26.7909090909091,18.4872727272727,54.7218181818182,3.5,29.7054545454545,2,30.2636363636364,1.99818181818182,32.5327272727273,-1.38807062438943,4.87131372906945,0.841127272727273,0.845618181818182,0.891454545454545
89351,52465,36886,0.642566483947309,0.622675822390265,0.735944221539444,26.7363636363636,18.2345454545455,55.0290909090909,3.45636363636364,29.7909090909091,1.92727272727273,30.3036363636364,1.95454545454545,32.5672727272727,-1.35546048378403,4.89334018447182,0.841127272727273,0.845618181818182,0.891454545454545
89704,52783,36921,0.640851960222486,0.621423615949015,0.735320869455545,26.6418181818182,18.1327272727273,55.2254545454545,3.42181818181818,29.82,1.93818181818182,30.2872727272727,1.93090909090909,32.6018181818182,-1.33327219838446,4.88183391961184,0.841127272727273,0.845618181818182,0.891454545454545
90149,53128,37021,0.639653301073068,0.619413531021133,0.735056373798834,26.5309090909091,18.0163636363636,55.4527272727273,3.38363636363636,29.8763636363636,1.88181818181818,30.2963636363636,1.90545454545455,32.6563636363636,-1.30981787917289,4.87950059067119,0.841127272727273,0.845618181818182,0.891454545454545
90568,53507,37061,0.638085107957483,0.618198702562714,0.734593023021998,26.4563636363636,17.8436363636364,55.7,3.34181818181818,29.98,1.82363636363636,30.2690909090909,1.88727272727273,32.6981818181818,-1.28476158644665,4.85371615886688,0.841127272727273,0.845618181818182,0.891454545454545
90940,53882,37058,0.637118731647434,0.616467036972071,0.734409367510953,26.4145454545455,17.6072727272727,55.9781818181818,3.30727272727273,30.0709090909091,1.76545454545455,30.2472727272727,1.84363636363636,32.7654545454545,-1.25591948465867,4.82773618481376,0.841127272727273,0.845618181818182,0.891454545454545
91479,54284,37195,0.636297791041114,0.615308240245128,0.734166399711189,26.34,17.4054545454545,56.2545454545455,3.27090909090909,30.1090909090909,1.74363636363636,30.2454545454545,1.79454545454545,32.8363636363636,-1.22898295047608,4.83758251883767,0.841127272727273,0.845618181818182,0.891454545454545
91880,54687,37193,0.635528086967095,0.613942584075467,0.733835380896211,26.2618181818182,17.28,56.4581818181818,3.22909090909091,30.1654545454545,1.71454545454545,30.2436363636364,1.79636363636364,32.8509090909091,-1.20330253378911,4.80353335575624,0.841127272727273,0.845618181818182,0.891454545454545
92317,54973,37344,0.634491984948003,0.612405883559284,0.733482960750893,26.18,17.1581818181818,56.6618181818182,3.20181818181818,30.2527272727273,1.67272727272727,30.2345454545455,1.73272727272727,32.9054545454545,-1.18334584073587,4.81318465362896,0.841127272727273,0.845618181818182,0.891454545454545
92834,55356,37478,0.633686775090729,0.610739516217914,0.733180299845179,26.1254545454545,16.9745454545455,56.9,3.16181818181818,30.3218181818182,1.63454545454545,30.2181818181818,1.71090909090909,32.9527272727273,-1.15459073321386,4.82334799333052,0.841127272727273,0.845618181818182,0.891454545454545
93527,55646,37881,0.632583060627646,0.610516441897393,0.732738990943509,26.0545454545455,16.8909090909091,57.0545454545455,3.11272727272727,30.4327272727273,1.58,30.1818181818182,1.66181818181818,33.0309090909091,-1.13637500594963,4.92466019500386,0.841127272727273,0.845618181818182,0.891454545454545
93964,55967,37997,0.631112582862094,0.609313915262207,0.732021086108364,25.9763636363636,16.7872727272727,57.2363636363636,3.07636363636364,30.5090909090909,1.53818181818182,30.1636363636364,1.59272727272727,33.12,-1.11557430652055,4.92016854502938,0.841127272727273,0.845618181818182,0.891454545454545
94378,56306,38072,0.6299755460788,0.607626810076223,0.73148504172305,25.9109090909091,16.6454545454545,57.4436363636364,3.03454545454545,30.5890909090909,1.52909090909091,30.0963636363636,1.57818181818182,33.1727272727273,-1.08961152691733,4.90616078160026,0.841127272727273,0.845618181818182,0.891454545454545
94851,56588,38263,0.628915476845475,0.606719525126558,0.731203494688407,25.7963636363636,16.5854545454545,57.6181818181818,2.99090909090909,30.6745454545455,1.48909090909091,30.0890909090909,1.51818181818182,33.2381818181818,-1.06811603226445,4.91791115565734,0.841127272727273,0.845618181818182,0.891454545454545
95288,56974,38314,0.627904651379217,0.605661096199723,0.730973349890485,25.7618181818182,16.4381818181818,57.8,2.96363636363636,30.7272727272727,1.49272727272727,30.0254545454545,1.49818181818182,33.2927272727273,-1.0411912096495,4.89339985197241,0.841127272727273,0.845618181818182,0.891454545454545
95692,57313,38379,0.62717322026746,0.604262013996922,0.730537722871737,25.7290909090909,16.2890909090909,57.9818181818182,2.90363636363636,30.8436363636364,1.42909090909091,30.0163636363636,1.45090909090909,33.3563636363636,-1.01488747650927,4.8702610687776,0.841127272727273,0.845618181818182,0.891454545454545
96106,57637,38469,0.625797120923514,0.603796002169518,0.729982356744042,25.6436363636364,16.2436363636364,58.1127272727273,2.87090909090909,30.8854545454545,1.46181818181818,29.9272727272727,1.42727272727273,33.4272727272727,-0.99313682615757,4.8763750910759,0.841127272727273,0.845618181818182,0.891454545454545
96679,57934,38745,0.624664671859695,0.60296736653189,0.72933420356503,25.5945454545455,16.1272727272727,58.2781818181818,2.83454545454545,30.9527272727273,1.43454545454545,29.9327272727273,1.34,33.5054545454545,-0.969917051358656,4.93225528218529,0.841127272727273,0.845618181818182,0.891454545454545
97042,58195,38847,0.623746837302554,0.601833392954129,0.728905010263806,25.5327272727273,16.0490909090909,58.4181818181818,2.8,31.0290909090909,1.38,29.9090909090909,1.3,33.5818181818182,-0.951309782334349,4.93097056475553,0.841127272727273,0.845618181818182,0.891454545454545
97068,58427,38641,0.622731042589895,0.599913277063036,0.72822540960443,25.4836363636364,15.9654545454545,58.5509090909091,2.76181818181818,31.08,1.40181818181818,29.8363636363636,1.30181818181818,33.6181818181818,-0.935775768350471,4.83406451723792,0.841127272727273,0.845618181818182,0.891454545454545
97579,58678,38901,0.621960378635916,0.59913048339781,0.727602588136857,25.4127272727273,15.9054545454545,58.6818181818182,2.70909090909091,31.1818181818182,1.33090909090909,29.8254545454545,1.26909090909091,33.6836363636364,-0.915017643367702,4.87403147220612,0.841127272727273,0.845618181818182,0.891454545454545
98129,58976,39153,0.621348961063817,0.598142727875159,0.727466387602415,25.3636363636364,15.82,58.8163636363636,2.68181818181818,31.26,1.27636363636364,29.7890909090909,1.24545454545455,33.7472727272727,-0.892689058049159,4.91827394853939,0.841127272727273,0.845618181818182,0.891454545454545
98633,59314,39319,0.620122429885362,0.59777544222125,0.727037710152023,25.2854545454545,15.7545454545455,58.96,2.64181818181818,31.3109090909091,1.28363636363636,29.76,1.18181818181818,33.8218181818182,-0.866667915677482,4.92202727903019,0.841127272727273,0.845618181818182,0.891454545454545
98743,59564,39179,0.619300452054801,0.596089061356236,0.726794872287271,25.2090909090909,15.7,59.0909090909091,2.61454545454545,31.3563636363636,1.24,29.7490909090909,1.18,33.86,-0.850650874118913,4.84973192106594,0.841127272727273,0.845618181818182,0.891454545454545
99247,59863,39384,0.618530148667603,0.594688936587194,0.726536346738018,25.2036363636364,15.5909090909091,59.2054545454545,2.58181818181818,31.4,1.24,29.6872727272727,1.16545454545455,33.9254545454545,-0.824973256852139,4.873459649086,0.841127272727273,0.845618181818182,0.891454545454545
99604,60153,39451,0.617933252171993,0.593788548526843,0.726381167200878,25.1709090909091,15.4927272727273,59.3363636363636,2.54727272727273,31.44,1.25636363636364,29.6327272727273,1.16727272727273,33.9563636363636,-0.80397736467421,4.86112438548695,0.841127272727273,0.845618181818182,0.891454545454545
100101,60400,39701,0.616936228334755,0.593732403881431,0.725630626592969,25.1054545454545,15.4654545454545,59.4290909090909,2.51272727272727,31.5254545454545,1.20181818181818,29.6072727272727,1.14545454545455,34.0072727272727,-0.782749949666587,4.8901082277298,0.841127272727273,0.845618181818182,0.891454545454545
100216,60637,39579,0.615951656581526,0.592081832351446,0.72529926622441,25.0818181818182,15.3690909090909,59.5490909090909,2.47454545454545,31.5745454545455,1.21818181818182,29.5545454545455,1.12545454545455,34.0527272727273,-0.761514780738137,4.8255360213193,0.841127272727273,0.845618181818182,0.891454545454545
100526,60863,39663,0.614865517141733,0.591039328525893,0.724886029991591,25.0345454545455,15.3,59.6654545454545,2.44181818181818,31.6490909090909,1.18363636363636,29.4890909090909,1.16,34.0763636363636,-0.746140127358111,4.81276534795761,0.841127272727273,0.845618181818182,0.891454545454545
100857,61105,39752,0.61382733125277,0.589836863243506,0.724566034535064,25.0109090909091,15.2236363636364,59.7654545454546,2.40181818181818,31.7218181818182,1.15454545454545,29.4381818181818,1.14,34.1436363636364,-0.725817184251818,4.78448963165283,0.841127272727273,0.845618181818182,0.891454545454545
101091,61332,39759,0.612846179686617,0.588639362322027,0.724032928186733,24.9690909090909,15.1636363636364,59.8672727272727,2.37090909090909,31.7963636363636,1.08545454545455,29.4327272727273,1.10545454545455,34.2090909090909,-0.706265350769867,4.73179087096995,0.841127272727273,0.845618181818182,0.891454545454545
101548,61549,39999,0.612181578130382,0.587745711620125,0.723624904861713,24.9327272727273,15.1181818181818,59.9490909090909,2.33818181818182,31.8727272727273,1.03090909090909,29.4363636363636,1.05272727272727,34.2690909090909,-0.689075972478498,4.7667549144138,0.841127272727273,0.845618181818182,0.891454545454545
102077,61729,40348,0.611399343640995,0.587243081788174,0.723055735508638,24.8945454545455,15.0981818181818,60.0072727272727,2.31090909090909,31.92,0.998181818181818,29.4345454545455,1.00727272727273,34.3290909090909,-0.673116178268736,4.82204973914406,0.841127272727273,0.845618181818182,0.891454545454545
102448,61943,40505,0.61088897471966,0.58595762067466,0.722709279507755,24.8690909090909,15.0381818181818,60.0927272727273,2.28727272727273,31.9654545454545,0.969090909090909,29.4181818181818,0.981818181818182,34.3781818181818,-0.657150035351515,4.82928476983851,0.841127272727273,0.845618181818182,0.891454545454545
102663,62118,40545,0.609867088717638,0.585404107274743,0.722355650510122,24.8181818181818,15.0145454545455,60.1672727272727,2.24909090909091,32.0109090909091,0.947272727272727,29.4272727272727,0.932727272727273,34.4327272727273,-0.643622668392279,4.80286447676745,0.841127272727273,0.845618181818182,0.891454545454545
102956,62329,40627,0.609132294918455,0.585075532148082,0.721812836630106,24.7872727272727,15.0163636363636,60.1963636363636,2.22181818181818,32.0163636363636,0.965454545454546,29.3927272727273,0.909090909090909,34.4945454545455,-0.626588870923627,4.78187577290969,0.841127272727273,0.845618181818182,0.891454545454545
103247,62524,40723,0.608599976924547,0.584101453810817,0.721635421836851,24.7890909090909,14.9309090909091,60.28,2.18909090909091,32.0254545454545,0.950909090909091,29.36,0.949090909090909,34.5254545454545,-0.611624907566742,4.78110099814155,0.841127272727273,0.845618181818182,0.891454545454545
103630,62663,40967,0.608371950563488,0.583669316353397,0.721152436727279,24.7290909090909,14.94,60.3309090909091,2.17818181818182,32.0654545454545,0.943636363636364,29.3036363636364,0.896363636363636,34.6127272727273,-0.602096379277381,4.80310330932791,0.841127272727273,0.845618181818182,0.891454545454545
103889,62865,41024,0.607521956799496,0.58347804207712,0.720642615791067,24.6872727272727,14.9309090909091,60.3818181818182,2.14181818181818,32.1036363636364,0.983636363636364,29.2054545454545,0.894545454545455,34.6709090909091,-0.585438566621054,4.78890253088691,0.841127272727273,0.845618181818182,0.891454545454545
104218,63076,41142,0.607041225237514,0.582769411169492,0.720217071322434,24.6890909090909,14.8672727272727,60.4436363636364,2.11090909090909,32.1854545454545,0.934545454545455,29.1909090909091,0.865454545454545,34.7127272727273,-0.567537866295739,4.78358104337345,0.841127272727273,0.845618181818182,0.891454545454545
104430,63223,41207,0.606321544568888,0.581960739898388,0.719996088583247,24.6472727272727,14.8618181818182,60.4909090909091,2.08363636363636,32.2309090909091,0.932727272727273,29.1472727272727,0.798181818181818,34.8072727272727,-0.557937100411139,4.75028338540684,0.841127272727273,0.845618181818182,0.891454545454545
104817,63437,41380,0.605576015698261,0.581469883600691,0.719842864243232,24.5963636363636,14.8309090909091,60.5727272727273,2.04727272727273,32.3145454545455,0.907272727272727,29.1,0.778181818181818,34.8527272727273,-0.543046852370555,4.73951657685367,0.841127272727273,0.845618181818182,0.891454545454545
105103,63624,41479,0.604897302478975,0.581039370770686,0.719398920804492,24.5981818181818,14.8163636363636,60.5854545454546,2.00727272727273,32.3818181818182,0.885454545454545,29.0636363636364,0.769090909090909,34.8927272727273,-0.527410066161643,4.72151828028939,0.841127272727273,0.845618181818182,0.891454545454545
105163,63778,41385,0.603840346925744,0.580925865382118,0.719277487680836,24.5690909090909,14.7872727272727,60.6436363636364,1.98,32.4,0.910909090909091,29.0381818181818,0.730909090909091,34.94,-0.516799328120595,4.66119080240076,0.841127272727273,0.845618181818182,0.891454545454545
105379,63971,41408,0.603130500106609,0.580511814497045,0.718866664280184,24.5454545454545,14.7490909090909,60.7054545454545,1.95818181818182,32.4381818181818,0.898181818181818,28.9854545454545,0.72,35,-0.501791215671057,4.61982701366598,0.841127272727273,0.845618181818182,0.891454545454545
105478,64128,41350,0.602567386496316,0.579917133625005,0.718448159909025,24.5109090909091,14.7454545454545,60.7436363636364,1.92181818181818,32.4981818181818,0.865454545454545,28.9618181818182,0.703636363636364,35.0490909090909,-0.488838578489694,4.55193992311304,0.841127272727273,0.845618181818182,0.891454545454545
105754,64279,41475,0.601856378277438,0.57953334179151,0.718020336491745,24.4818181818182,14.7290909090909,60.7890909090909,1.89454545454545,32.4981818181818,0.890909090909091,28.9327272727273,0.676363636363636,35.1072727272727,-0.476600243980912,4.54336780743165,0.841127272727273,0.845618181818182,0.891454545454545
105995,64444,41551,0.601423285779957,0.579117746580074,0.717576916186491,24.4581818181818,14.7,60.8418181818182,1.87090909090909,32.5636363636364,0.849090909090909,28.8472727272727,0.709090909090909,35.16,-0.464419769461859,4.51843710704283,0.841127272727273,0.845618181818182,0.891454545454545
106156,64581,41575,0.601110091234906,0.578006163567165,0.717265585091784,24.4563636363636,14.6563636363636,60.8872727272727,1.84727272727273,32.6254545454545,0.790909090909091,28.82,0.718181818181818,35.1981818181818,-0.454126184078103,4.47418510697105,0.841127272727273,0.845618181818182,0.891454545454545
106411,64735,41676,0.60047698032699,0.577539725663181,0.717160895295665,24.4418181818182,14.6363636363636,60.9218181818182,1.82909090909091,32.6890909090909,0.750909090909091,28.7436363636364,0.725454545454545,35.2618181818182,-0.44294410830533,4.45240348469127,0.841127272727273,0.845618181818182,0.891454545454545
106734,64900,41834,0.600059654565694,0.576718237145073,0.717038407920946,24.4163636363636,14.6181818181818,60.9654545454545,1.80545454545455,32.7527272727273,0.696363636363636,28.72,0.698181818181818,35.3272727272727,-0.431142144176093,4.42959947802804,0.841127272727273,0.845618181818182,0.891454545454545
106687,65014,41673,0.59941029382286,0.575416819656952,0.716577620165059,24.4,14.5963636363636,61.0036363636364,1.76545454545455,32.78,0.74,28.6490909090909,0.670909090909091,35.3945454545455,-0.422521069053222,4.34861458214846,0.841127272727273,0.845618181818182,0.891454545454545
106756,65106,41650,0.599043971839844,0.574633733215953,0.716249836609237,24.3981818181818,14.5854545454545,61.0163636363636,1.75090909090909,32.7963636363636,0.732727272727273,28.5927272727273,0.670909090909091,35.4563636363636,-0.414686178788543,4.30177184560082,0.841127272727273,0.845618181818182,0.891454545454545
107029,65197,41832,0.598807093051841,0.574598978639949,0.71591566580181,24.3745454545455,14.6018181818182,61.0236363636364,1.73272727272727,32.8218181818182,0.690909090909091,28.5981818181818,0.649090909090909,35.5072727272727,-0.408102558096024,4.30622711615129,0.841127272727273,0.845618181818182,0.891454545454545
107221,65341,41880,0.598330933117844,0.573742932569474,0.715529878228615,24.3527272727273,14.6,61.0472727272727,1.71818181818182,32.8818181818182,0.616363636363636,28.6,0.641818181818182,35.5418181818182,-0.395384304394776,4.26764020594684,0.841127272727273,0.845618181818182,0.891454545454545
107371,65423,41948,0.598342523941801,0.572741281417771,0.715182489884048,24.3163636363636,14.6218181818182,61.0618181818182,1.69454545454545,32.8927272727273,0.636363636363636,28.5545454545455,0.594545454545455,35.6272727272727,-0.390085629018193,4.24680353077975,0.841127272727273,0.845618181818182,0.891454545454545
107425,65514,41911,0.597740517310922,0.572468023842172,0.714914929812002,24.2981818181818,14.6290909090909,61.0727272727273,1.67090909090909,32.9,0.676363636363636,28.4909090909091,0.585454545454545,35.6763636363636,-0.383001846261322,4.19368185888637,0.841127272727273,0.845618181818182,0.891454545454545
107483,65593,41890,0.597017399495189,0.571905499680883,0.714765181271869,24.2927272727273,14.6218181818182,61.0854545454546,1.65454545454545,32.9472727272727,0.643636363636364,28.4527272727273,0.550909090909091,35.7509090909091,-0.375103693065996,4.15946671691808,0.841127272727273,0.845618181818182,0.891454545454545
107608,65695,41913,0.59662326182885,0.571576321974823,0.71460999852522,24.2781818181818,14.6290909090909,61.0927272727273,1.64545454545455,32.9618181818182,0.603636363636364,28.44,0.556363636363636,35.7927272727273,-0.368472197719596,4.1225821278312,0.841127272727273,0.845618181818182,0.891454545454545
107756,65799,41957,0.596177263949908,0.570703980586909,0.714537530338623,24.2818181818182,14.5927272727273,61.1254545454546,1.63090909090909,33.0018181818182,0.581818181818182,28.3945454545455,0.547272727272727,35.8436363636364,-0.360385433940048,4.0947523929856,0.841127272727273,0.845618181818182,0.891454545454545
107982,65890,42092,0.595879116210601,0.570085940226438,0.714469921928204,24.2690909090909,14.5709090909091,61.16,1.61818181818182,33.0418181818182,0.549090909090909,28.3781818181818,0.521818181818182,35.8909090909091,-0.352845257317478,4.10186720273711,0.841127272727273,0.845618181818182,0.891454545454545
108221,65976,42245,0.595733137400437,0.570106367440376,0.714234077958975,24.2672727272727,14.5709090909091,61.1618181818182,1.59636363636364,33.1054545454545,0.521818181818182,28.3254545454545,0.516363636363636,35.9345454545455,-0.347233881699768,4.11413791613145,0.841127272727273,0.845618181818182,0.891454545454545
108425,66094,42331,0.595435143223321,0.569513952694402,0.713999308206392,24.2672727272727,14.5436363636364,61.1890909090909,1.57272727272727,33.1581818181818,0.530909090909091,28.2127272727273,0.538181818181818,35.9872727272727,-0.336114188232882,4.10366201725873,0.841127272727273,0.845618181818182,0.891454545454545
108443,66181,42262,0.595092700876871,0.568600511220893,0.71388900467546,24.2636363636364,14.4963636363636,61.24,1.56,33.2090909090909,0.516363636363636,28.1436363636364,0.532727272727273,36.0381818181818,-0.329609164595604,4.04867321252823,0.841127272727273,0.845618181818182,0.891454545454545
108345,66244,42101,0.594660365526511,0.568102130478143,0.713694584680938,24.2472727272727,14.5054545454545,61.2472727272727,1.54727272727273,33.2563636363636,0.514545454545455,28.0745454545455,0.498181818181818,36.1090909090909,-0.325705431757325,3.9670944024216,0.841127272727273,0.845618181818182,0.891454545454545
108505,66313,42192,0.594375428601129,0.568012531135738,0.713372881046042,24.2436363636364,14.5,61.2563636363636,1.53636363636364,33.2909090909091,0.527272727272727,27.9890909090909,0.494545454545455,36.1618181818182,-0.319454601999711,3.96939522894946,0.841127272727273,0.845618181818182,0.891454545454545
108669,66377,42292,0.593961855784993,0.568166478476125,0.71325621518718,24.2363636363636,14.5109090909091,61.2527272727273,1.52727272727273,33.3327272727273,0.492727272727273,27.9454545454545,0.507272727272727,36.1945454545455,-0.313990193351426,3.95599567781795,0.841127272727273,0.845618181818182,0.891454545454545
108897,66425,42472,0.593951311918029,0.567944158223399,0.71308978927263,24.2254545454545,14.5072727272727,61.2672727272727,1.51090909090909,33.3672727272727,0.481818181818182,27.9454545454545,0.436363636363636,36.2581818181818,-0.309811242212626,3.96809544942596,0.841127272727273,0.845618181818182,0.891454545454545
108971,66507,42464,0.593766892240637,0.5679408895365,0.712869974670302,24.2090909090909,14.5036363636364,61.2872727272727,1.49090909090909,33.4054545454545,0.458181818181818,27.92,0.461818181818182,36.2636363636364,-0.303123369169506,3.93037610812621,0.841127272727273,0.845618181818182,0.891454545454545
108892,66557,42335,0.593247239420405,0.567498762650922,0.712781977253517,24.1945454545455,14.5145454545455,61.2909090909091,1.48545454545455,33.42,0.456363636363636,27.8709090909091,0.463636363636364,36.3036363636364,-0.2987441545945,3.85940714261749,0.841127272727273,0.845618181818182,0.891454545454545
109048,66617,42431,0.593128669909769,0.567540852961485,0.712759651431927,24.18,14.52,61.3,1.47454545454545,33.4563636363636,0.44,27.8327272727273,0.447272727272727,36.3490909090909,-0.293873699762943,3.85503803708337,0.841127272727273,0.845618181818182,0.891454545454545
109396,66667,42729,0.592827965050905,0.567510847554346,0.712651141407561,24.1672727272727,14.52,61.3127272727273,1.45818181818182,33.4672727272727,0.461818181818182,27.8090909090909,0.396363636363636,36.4072727272727,-0.290635684835301,3.88441807031631,0.841127272727273,0.845618181818182,0.891454545454545
109468,66730,42738,0.592590000344072,0.567222141773246,0.712463618898904,24.1618181818182,14.5054545454545,61.3327272727273,1.45090909090909,33.4872727272727,0.447272727272727,27.7581818181818,0.443636363636364,36.4127272727273,-0.286330798336051,3.85813439921899,0.841127272727273,0.845618181818182,0.891454545454545
109398,66781,42617,0.592196323085897,0.567038515703133,0.712391176163034,24.1418181818182,14.5109090909091,61.3472727272727,1.43818181818182,33.4963636363636,0.461818181818182,27.7072727272727,0.434545454545455,36.4618181818182,-0.282565054576844,3.8169016876004,0.841127272727273,0.845618181818182,0.891454545454545
109615,66814,42801,0.592000714006306,0.567071031699209,0.712304857639254,24.1345454545455,14.5109090909091,61.3545454545455,1.42727272727273,33.4927272727273,0.470909090909091,27.6727272727273,0.434545454545455,36.5018181818182,-0.27981386193159,3.84887578812512,0.841127272727273,0.845618181818182,0.891454545454545
109624,66872,42752,0.591674883769852,0.566695594766458,0.712267446491532,24.1181818181818,14.5145454545455,61.3672727272727,1.41272727272727,33.5309090909091,0.454545454545454,27.6290909090909,0.430909090909091,36.5418181818182,-0.274344701176001,3.79702772877433,0.841127272727273,0.845618181818182,0.891454545454545
109728,66902,42826,0.591333924879074,0.566645711753388,0.712129212428583,24.1090909090909,14.5090909090909,61.3818181818182,1.39818181818182,33.5581818181818,0.44,27.6,0.394545454545454,36.6090909090909,-0.27182977785441,3.78631133003668,0.841127272727273,0.845618181818182,0.891454545454545
109895,66952,42943,0.590762090553112,0.566899424971334,0.712212589196078,24.0963636363636,14.5109090909091,61.3927272727273,1.38909090909091,33.5709090909091,0.46,27.5327272727273,0.38,36.6672727272727,-0.268660462495278,3.80713946981864,0.841127272727273,0.845618181818182,0.891454545454545
110152,66996,43156,0.590877581039358,0.566646405174935,0.712153425462852,24.0981818181818,14.4981818181818,61.4036363636364,1.37636363636364,33.5945454545455,0.458181818181818,27.4709090909091,0.418181818181818,36.6818181818182,-0.266036385100928,3.81977943127806,0.841127272727273,0.845618181818182,0.891454545454545
110245,67044,43201,0.590590603879919,0.566268915022485,0.712176989403661,24.0927272727273,14.48,61.4272727272727,1.36727272727273,33.6090909090909,0.425454545454545,27.4581818181818,0.383636363636364,36.7563636363636,-0.26171697601041,3.80208203196526,0.841127272727273,0.845618181818182,0.891454545454545
110251,67091,43160,0.590378147456298,0.56595378111947,0.71210135713211,24.0872727272727,14.4636363636364,61.4490909090909,1.36363636363636,33.6218181818182,0.414545454545455,27.4109090909091,0.367272727272727,36.8218181818182,-0.258172132568011,3.75728593631224,0.841127272727273,0.845618181818182,0.891454545454545
110379,67133,43246,0.590278395826889,0.565485276441407,0.712176938041484,24.1,14.4345454545455,61.4654545454545,1.35818181818182,33.6490909090909,0.370909090909091,27.3672727272727,0.387272727272727,36.8672727272727,-0.252903937656348,3.75202286622741,0.841127272727273,0.845618181818182,0.891454545454545
110368,67166,43202,0.589954389650139,0.565414804490533,0.711985507429728,24.0963636363636,14.4418181818182,61.4618181818182,1.35272727272727,33.6363636363636,0.410909090909091,27.3145454545455,0.363636363636364,36.9218181818182,-0.250876549559391,3.72983899550004,0.841127272727273,0.845618181818182,0.891454545454545
110479,67218,43261,0.589680249141875,0.56531720125895,0.711903213133327,24.1,14.4327272727273,61.4672727272727,1.34727272727273,33.64,0.363636363636364,27.3090909090909,0.367272727272727,36.9727272727273,-0.246782013754868,3.71233242425052,0.841127272727273,0.845618181818182,0.891454545454545
110551,67254,43297,0.589570015430457,0.565264390192681,0.711919828491654,24.1054545454545,14.4145454545455,61.48,1.34363636363636,33.64,0.354545454545454,27.2709090909091,0.372727272727273,37.0181818181818,-0.244573869556189,3.69892680048943,0.841127272727273,0.845618181818182,0.891454545454545
110621,67286,43335,0.589491373226369,0.5650256701595,0.711911499526608,24.1054545454545,14.3927272727273,61.5018181818182,1.32909090909091,33.6454545454545,0.383636363636364,27.2181818181818,0.347272727272727,37.0763636363636,-0.242237189532236,3.68654126253995,0.841127272727273,0.845618181818182,0.891454545454545
110717,67303,43414,0.589470565577203,0.564881945920624,0.711810687554026,24.1018181818182,14.3854545454545,61.5127272727273,1.32909090909091,33.6436363636364,0.383636363636364,27.1690909090909,0.350909090909091,37.1236363636364,-0.241161018975651,3.68019785908136,0.841127272727273,0.845618181818182,0.891454545454545
110832,67332,43500,0.58929921089436,0.564498408207454,0.71172255771101,24.0963636363636,14.3781818181818,61.5254545454545,1.32363636363636,33.6472727272727,0.361818181818182,27.1418181818182,0.332727272727273,37.1927272727273,-0.23765649934675,3.67579559358684,0.841127272727273,0.845618181818182,0.891454545454545
110632,67351,43281,0.589023671077869,0.563930651971096,0.711652677414482,24.0909090909091,14.3818181818182,61.5272727272727,1.30909090909091,33.6618181818182,0.378181818181818,27.0745454545455,0.325454545454545,37.2509090909091,-0.235509224557212,3.59634208679199,0.841127272727273,0.845618181818182,0.891454545454545
110612,67373,43239,0.588958367833756,0.563778562567603,0.711599125210164,24.0981818181818,14.3727272727273,61.5290909090909,1.30727272727273,33.6727272727273,0.349090909090909,27.0490909090909,0.329090909090909,37.2927272727273,-0.233684272662239,3.55632137005979,0.841127272727273,0.845618181818182,0.891454545454545
110494,67407,43087,0.588840434154065,0.563126057374502,0.711583401115355,24.1054545454545,14.3581818181818,61.5363636363636,1.30363636363636,33.6436363636364,0.358181818181818,27.0018181818182,0.354545454545454,37.3381818181818,-0.230217428835369,3.49391041614793,0.841127272727273,0.845618181818182,0.891454545454545
110691,67417,43274,0.589047441666462,0.56309823887846,0.711548378004408,24.0945454545455,14.3636363636364,61.5418181818182,1.30181818181818,33.64,0.354545454545454,26.9872727272727,0.305454545454545,37.4109090909091,-0.229874514876627,3.50530577193607,0.841127272727273,0.845618181818182,0.891454545454545
110857,67452,43405,0.588965500781113,0.562980578516908,0.711574831430161,24.0781818181818,14.3563636363636,61.5654545454545,1.3,33.6636363636364,0.318181818181818,26.9581818181818,0.305454545454545,37.4545454545455,-0.226305733551007,3.50840611620383,0.841127272727273,0.845618181818182,0.891454545454545
111019,67490,43529,0.588967859483944,0.562845683836306,0.711521491668484,24.0763636363636,14.3509090909091,61.5727272727273,1.29818181818182,33.68,0.3,26.9272727272727,0.296363636363636,37.4981818181818,-0.224007513994796,3.50782480835915,0.841127272727273,0.845618181818182,0.891454545454545
111049,67518,43531,0.589051614880089,0.562652132374096,0.711442863689577,24.0781818181818,14.3490909090909,61.5727272727273,1.28545454545455,33.7090909090909,0.298181818181818,26.8709090909091,0.301818181818182,37.5345454545455,-0.220978612054817,3.47184925594113,0.841127272727273,0.845618181818182,0.891454545454545
111016,67538,43478,0.588899036082363,0.562557915751293,0.711371495138551,24.0709090909091,14.3509090909091,61.5781818181818,1.28,33.6927272727273,0.314545454545455,26.8290909090909,0.305454545454545,37.5781818181818,-0.218544012346749,3.43009683787823,0.841127272727273,0.845618181818182,0.891454545454545
111047,67550,43497,0.588842794466823,0.562421156447567,0.711331351738948,24.0745454545455,14.3472727272727,61.5781818181818,1.27272727272727,33.7,0.332727272727273,26.76,0.303636363636364,37.6309090909091,-0.217718367744237,3.41081917014989,0.841127272727273,0.845618181818182,0.891454545454545
111055,67576,43479,0.588734181939856,0.562084855358419,0.711298168728797,24.0709090909091,14.3327272727273,61.5963636363636,1.27090909090909,33.7127272727273,0.316363636363636,26.74,0.276363636363636,37.6836363636364,-0.21477835431949,3.38241975930604,0.841127272727273,0.845618181818182,0.891454545454545
111228,67596,43632,0.588548047608525,0.562477135857497,0.711275556089395,24.0690909090909,14.3218181818182,61.6090909090909,1.26727272727273,33.7254545454545,0.303636363636364,26.6654545454545,0.309090909090909,37.7290909090909,-0.212327229176563,3.40138262943788,0.841127272727273,0.845618181818182,0.891454545454545
111310,67624,43686,0.588538724803151,0.562382932171396,0.711284721569452,24.0727272727273,14.3018181818182,61.6254545454546,1.26181818181818,33.7109090909091,0.307272727272727,26.6218181818182,0.312727272727273,37.7854545454545,-0.208733200711537,3.39739082238891,0.841127272727273,0.845618181818182,0.891454545454545
111148,67638,43510,0.588482646091517,0.561949320040527,0.711299758291117,24.0654545454545,14.3,61.6345454545455,1.25454545454545,33.7363636363636,0.303636363636364,26.5545454545455,0.298181818181818,37.8527272727273,-0.206974743793465,3.31807462139563,0.841127272727273,0.845618181818182,0.891454545454545
111140,67659,43481,0.588303161899488,0.561885624298769,0.711257774882257,24.0654545454545,14.2981818181818,61.6363636363636,1.25090909090909,33.7654545454545,0.307272727272727,26.4672727272727,0.329090909090909,37.88,-0.205788968688681,3.2928123338656,0.841127272727273,0.845618181818182,0.891454545454545
111293,67675,43618,0.588200059770873,0.561752154522755,0.711255142715686,24.0636363636364,14.2890909090909,61.6472727272727,1.25090909090909,33.7709090909091,0.289090909090909,26.4545454545455,0.290909090909091,37.9436363636364,-0.204654103796929,3.294333934513,0.841127272727273,0.845618181818182,0.891454545454545
111384,67689,43695,0.588277185133907,0.561688349893264,0.711228118556509,24.0527272727273,14.2927272727273,61.6545454545455,1.24909090909091,33.7909090909091,0.290909090909091,26.4109090909091,0.278181818181818,37.98,-0.203891501958821,3.27827478240837,0.841127272727273,0.845618181818182,0.891454545454545
111363,67707,43656,0.588218499595312,0.561467623330806,0.71117103139835,24.0509090909091,14.28,61.6690909090909,1.24545454545455,33.8363636363636,0.250909090909091,26.3636363636364,0.283636363636364,38.02,-0.203175571747124,3.24931851815094,0.841127272727273,0.845618181818182,0.891454545454545
111438,67713,43725,0.588083000512898,0.56147173909313,0.711145347204677,24.0418181818182,14.2872727272727,61.6709090909091,1.24,33.8581818181818,0.258181818181818,26.2872727272727,0.305454545454545,38.0509090909091,-0.203437856358307,3.24986586597833,0.841127272727273,0.845618181818182,0.891454545454545
111246,67738,43508,0.588115475192298,0.560880168786784,0.71110399230767,24.0527272727273,14.2709090909091,61.6763636363636,1.23818181818182,33.8854545454545,0.247272727272727,26.2254545454545,0.294545454545454,38.1090909090909,-0.201722079631872,3.18560032438148,0.841127272727273,0.845618181818182,0.891454545454545
111309,67750,43559,0.588101135502647,0.560695414197557,0.711060983995893,24.0545454545455,14.2709090909091,61.6745454545455,1.22909090909091,33.9236363636364,0.241818181818182,26.1836363636364,0.261818181818182,38.16,-0.200830062463964,3.16689433130351,0.841127272727273,0.845618181818182,0.891454545454545
111360,67764,43596,0.58799236755254,0.560677069884103,0.711072975192116,24.0527272727273,14.2672727272727,61.68,1.22,33.9563636363636,0.232727272727273,26.1272727272727,0.270909090909091,38.1927272727273,-0.199839364951053,3.15366725081747,0.841127272727273,0.845618181818182,0.891454545454545
111611,67772,43839,0.587881794113563,0.56086811878619,0.710973520291982,24.0527272727273,14.2636363636364,61.6836363636364,1.21090909090909,33.9636363636364,0.256363636363636,26.0709090909091,0.263636363636364,38.2345454545455,-0.19874849236909,3.1798591779037,0.841127272727273,0.845618181818182,0.891454545454545
111397,67802,43595,0.587846076942943,0.560497702251963,0.710933296958838,24.0545454545455,14.2454545454545,61.7,1.20181818181818,34,0.258181818181818,26,0.250909090909091,38.2890909090909,-0.195796773407016,3.08497904931957,0.841127272727273,0.845618181818182,0.891454545454545
111139,67818,43321,0.587792631675166,0.559934734074054,0.710957292276817,24.0545454545455,14.2309090909091,61.7145454545455,1.19272727272727,34.0109090909091,0.274545454545455,25.9290909090909,0.281818181818182,38.3109090909091,-0.193995604348708,3.00680554705587,0.841127272727273,0.845618181818182,0.891454545454545
111231,67828,43403,0.587822677810107,0.55979258035933,0.710968926380522,24.0545454545455,14.2290909090909,61.7163636363636,1.18727272727273,34.0290909090909,0.276363636363636,25.88,0.243636363636364,38.3836363636364,-0.193555089056661,2.99858021433042,0.841127272727273,0.845618181818182,0.891454545454545
111099,67854,43245,0.587651595922714,0.559420180873858,0.71095020648348,24.0509090909091,14.2254545454545,61.7236363636364,1.17818181818182,34.0836363636364,0.256363636363636,25.78,0.256363636363636,38.4454545454546,-0.191374968919395,2.94270528690382,0.841127272727273,0.845618181818182,0.891454545454545
111454,67864,43590,0.587596193329897,0.559635935567051,0.710959308989181,24.0490909090909,14.2181818181818,61.7327272727273,1.17090909090909,34.1454545454545,0.247272727272727,25.6945454545455,0.261818181818182,38.48,-0.190843929406467,3.0160973184488,0.841127272727273,0.845618181818182,0.891454545454545
111396,67884,43512,0.587483384400061,0.559500589912078,0.710990423255446,24.0418181818182,14.22,61.7381818181818,1.16545454545455,34.1781818181818,0.225454545454545,25.6527272727273,0.245454545454545,38.5327272727273,-0.189534787036775,2.98054534716701,0.841127272727273,0.845618181818182,0.891454545454545
111814,67898,43916,0.587479777703787,0.559591978720051,0.711253756082113,24.0363636363636,14.2181818181818,61.7454545454545,1.16181818181818,34.2290909090909,0.225454545454545,25.5581818181818,0.234545454545455,38.5909090909091,-0.188129664935299,3.02976672866128,0.841127272727273,0.845618181818182,0.891454545454545
111766,67910,43856,0.587495942296063,0.559449548995188,0.711229570593428,24.0381818181818,14.2181818181818,61.7436363636364,1.15818181818182,34.2490909090909,0.225454545454545,25.4909090909091,0.241818181818182,38.6345454545455,-0.187775210256223,2.98948134427721,0.841127272727273,0.845618181818182,0.891454545454545
111751,67918,43833,0.587178358766985,0.559591416396199,0.711190451578258,24.0327272727273,14.2272727272727,61.74,1.15090909090909,34.2890909090909,0.236363636363636,25.4127272727273,0.221818181818182,38.6890909090909,-0.187169325925325,2.9606062726541,0.841127272727273,0.845618181818182,0.891454545454545
111906,67920,43986,0.587086389291387,0.559707255982494,0.711125039178274,24.0345454545455,14.2272727272727,61.7381818181818,1.15090909090909,34.3436363636364,0.212727272727273,25.3381818181818,0.209090909090909,38.7454545454545,-0.187422253615858,2.9813242898746,0.841127272727273,0.845618181818182,0.891454545454545
111054,67934,43120,0.586984202075272,0.558356003857025,0.71108038167163,24.0327272727273,14.2218181818182,61.7454545454545,1.14909090909091,34.3763636363636,0.203636363636364,25.2818181818182,0.196363636363636,38.7927272727273,-0.186143152080265,2.7479259160432,0.841127272727273,0.845618181818182,0.891454545454545
111183,67950,43233,0.587033261476245,0.558356277682117,0.711043753240838,24.0381818181818,14.2109090909091,61.7509090909091,1.14909090909091,34.3981818181818,0.216363636363636,25.1981818181818,0.201818181818182,38.8363636363636,-0.183916162284599,2.75741635303606,0.841127272727273,0.845618181818182,0.891454545454545
111023,67962,43061,0.586807478453506,0.558316312297907,0.710981012955459,24.0309090909091,14.2109090909091,61.7581818181818,1.15090909090909,34.4309090909091,0.209090909090909,25.1236363636364,0.212727272727273,38.8727272727273,-0.18254344905462,2.7072027951479,0.841127272727273,0.845618181818182,0.891454545454545
110880,67980,42900,0.586332863181186,0.558171562363624,0.71096102385057,24.0254545454545,14.2072727272727,61.7672727272727,1.14181818181818,34.4636363636364,0.189090909090909,25.0854545454545,0.169090909090909,38.9509090909091,-0.181116104357749,2.65919114188715,0.841127272727273,0.845618181818182,0.891454545454545
110809,67982,42827,0.586289511735979,0.557851989016729,0.710977455541901,24.0218181818182,14.2090909090909,61.7690909090909,1.13454545454545,34.4890909090909,0.190909090909091,25.0145454545455,0.165454545454545,39.0054545454545,-0.179713052335534,2.62918088381941,0.841127272727273,0.845618181818182,0.891454545454545
110508,67994,42514,0.586246003733904,0.557303716263321,0.710968494566948,24.0236363636364,14.2036363636364,61.7727272727273,1.12909090909091,34.5018181818182,0.205454545454545,24.9127272727273,0.203636363636364,39.0472727272727,-0.179373077603734,2.52879138277336,0.841127272727273,0.845618181818182,0.891454545454545
110356,68008,42348,0.586274741518698,0.556749812335305,0.710989053095584,24.0236363636364,14.1945454545455,61.7818181818182,1.12363636363636,34.5345454545455,0.194545454545455,24.82,0.209090909090909,39.1181818181818,-0.178417106728408,2.4654901033098,0.841127272727273,0.845618181818182,0.891454545454545
110797,68020,42777,0.586236221458056,0.557263994140295,0.710977954528319,24.0272727272727,14.1909090909091,61.7818181818182,1.11818181818182,34.5254545454545,0.22,24.7145454545455,0.212727272727273,39.2090909090909,-0.177797320157036,2.56896759264848,0.841127272727273,0.845618181818182,0.891454545454545
111089,68037,43052,0.586224281642908,0.557561011458432,0.710936993571373,24.0254545454545,14.18,61.7945454545455,1.11272727272727,34.5109090909091,0.24,24.6218181818182,0.207272727272727,39.3072727272727,-0.176251188705845,2.61806627525525,0.841127272727273,0.845618181818182,0.891454545454545
111214,68046,43168,0.586197045996335,0.557565016029118,0.71092456577527,24.0290909090909,14.1709090909091,61.8,1.10545454545455,34.5381818181818,0.227272727272727,24.5127272727273,0.214545454545455,39.4018181818182,-0.175532873825763,2.63351446173408,0.841127272727273,0.845618181818182,0.891454545454545
111518,68056,43462,0.586187924582113,0.557826158430746,0.71095607689563,24.0272727272727,14.1654545454545,61.8072727272727,1.1,34.5563636363636,0.225454545454545,24.4290909090909,0.198181818181818,39.4909090909091,-0.174833571908742,2.68100730587136,0.841127272727273,0.845618181818182,0.891454545454545
111562,68070,43492,0.586259335792513,0.557612328746225,0.710962326719256,24.0254545454545,14.1654545454545,61.8090909090909,1.09636363636364,34.54,0.22,24.3672727272727,0.194545454545455,39.5818181818182,-0.174318403534761,2.66982067217204,0.841127272727273,0.845618181818182,0.891454545454545
111495,68078,43417,0.586144580940252,0.557539211599228,0.71094414523866,24.0218181818182,14.1672727272727,61.8109090909091,1.09636363636364,34.5418181818182,0.207272727272727,24.3018181818182,0.185454545454545,39.6672727272727,-0.174005121603841,2.63269254395908,0.841127272727273,0.845618181818182,0.891454545454545
111820,68098,43722,0.586496079223252,0.557609485886421,0.710913577962182,24.0181818181818,14.1654545454545,61.8163636363636,1.08363636363636,34.5472727272727,0.225454545454545,24.2454545454545,0.156363636363636,39.7418181818182,-0.172672734497411,2.670646222884,0.841127272727273,0.845618181818182,0.891454545454545
111955,68119,43836,0.586402182301169,0.557753783648054,0.710994710835009,24.0163636363636,14.1581818181818,61.8254545454545,1.08363636363636,34.5509090909091,0.210909090909091,24.1654545454545,0.167272727272727,39.8218181818182,-0.170390738986581,2.68858969861811,0.841127272727273,0.845618181818182,0.891454545454545
111905,68127,43778,0.586286288462436,0.557781631682976,0.711046514480711,24.0127272727273,14.1527272727273,61.8345454545455,1.08181818181818,34.5654545454545,0.198181818181818,24.0781818181818,0.181818181818182,39.8945454545455,-0.170039537449537,2.67209200913256,0.841127272727273,0.845618181818182,0.891454545454545
112005,68137,43868,0.586205787703312,0.557864072375522,0.710997156786724,24.0145454545455,14.1490909090909,61.8363636363636,1.08,34.5545454545455,0.218181818181818,24.0072727272727,0.161818181818182,39.9781818181818,-0.168450062481729,2.6775518108498,0.841127272727273,0.845618181818182,0.891454545454545
111945,68141,43804,0.586264673042593,0.55759377243372,0.710966151956729,24.0090909090909,14.1545454545455,61.8363636363636,1.07818181818182,34.5509090909091,0.205454545454545,23.9709090909091,0.136363636363636,40.0581818181818,-0.168454855803231,2.61395145546306,0.841127272727273,0.845618181818182,0.891454545454545
112205,68155,44050,0.586237876478373,0.558061515169646,0.710879063826534,24.0072727272727,14.16,61.8327272727273,1.07818181818182,34.5527272727273,0.187272727272727,23.9018181818182,0.158181818181818,40.1218181818182,-0.167103313358331,2.66519019685008,0.841127272727273,0.845618181818182,0.891454545454545
112081,68157,43924,0.586253766257998,0.557597794482267,0.710871104204458,24.0163636363636,14.1490909090909,61.8345454545455,1.06909090909091,34.5763636363636,0.181818181818182,23.8090909090909,0.152727272727273,40.2109090909091,-0.166997807952364,2.61244310872121,0.841127272727273,0.845618181818182,0.891454545454545
112130,68157,43973,0.586162711199938,0.557735471955946,0.710832751867574,24.0109090909091,14.1545454545455,61.8345454545455,1.06727272727273,34.5927272727273,0.167272727272727,23.7454545454545,0.158181818181818,40.2690909090909,-0.167102549476972,2.61048435650089,0.841127272727273,0.845618181818182,0.891454545454545
112224,68155,44069,0.586107412574208,0.557789167099344,0.710853992070674,24.0090909090909,14.1527272727273,61.8381818181818,1.06545454545455,34.6109090909091,0.154545454545455,23.6945454545455,0.16,40.3145454545455,-0.167701809944331,2.62216711315242,0.841127272727273,0.845618181818182,0.891454545454545
112300,68163,44137,0.586079954664065,0.557743173667232,0.710827108812844,24.0090909090909,14.1454545454545,61.8454545454545,1.06363636363636,34.6290909090909,0.145454545454545,23.6418181818182,0.134545454545455,40.3854545454545,-0.166794297781598,2.62427600134503,0.841127272727273,0.845618181818182,0.891454545454545
112316,68169,44147,0.585961228289912,0.55785772628218,0.710811621954454,24.0036363636364,14.1490909090909,61.8472727272727,1.06,34.6181818181818,0.158181818181818,23.6,0.158181818181818,40.4054545454546,-0.166595724257323,2.61935099444606,0.841127272727273,0.845618181818182,0.891454545454545
112386,68169,44217,0.585946822769965,0.557870486362403,0.710810427739723,24.0036363636364,14.1545454545455,61.8418181818182,1.05818181818182,34.6254545454545,0.16,23.5454545454545,0.172727272727273,40.4381818181818,-0.166692173250141,2.62216930660334,0.841127272727273,0.845618181818182,0.891454545454545
112332,68173,44159,0.585838746129702,0.557828072072049,0.710770746874365,24.0036363636364,14.1545454545455,61.8418181818182,1.04909090909091,34.6490909090909,0.163636363636364,23.5,0.152727272727273,40.4854545454545,-0.166319302863717,2.58682546182112,0.841127272727273,0.845618181818182,0.891454545454545
112187,68173,44014,0.58588874463898,0.557522174620273,0.710731284811126,23.9945454545455,14.1636363636364,61.8418181818182,1.04909090909091,34.6763636363636,0.145454545454545,23.4581818181818,0.136363636363636,40.5345454545455,-0.166796387132358,2.55364739772948,0.841127272727273,0.845618181818182,0.891454545454545
112111,68185,43926,0.585860617699777,0.557291305449497,0.710736473664582,23.9963636363636,14.1563636363636,61.8472727272727,1.04545454545455,34.6745454545455,0.154545454545455,23.4181818181818,0.149090909090909,40.5581818181818,-0.166063783154095,2.52127629653974,0.841127272727273,0.845618181818182,0.891454545454545
112088,68189,43899,0.585801352444735,0.557300049109314,0.710738149725404,23.9945454545455,14.1527272727273,61.8527272727273,1.04181818181818,34.6927272727273,0.172727272727273,23.3272727272727,0.152727272727273,40.6127272727273,-0.166198985135204,2.51438271758909,0.841127272727273,0.845618181818182,0.891454545454545
112213,68193,44020,0.585737925350192,0.55731670704518,0.71074087384469,23.9909090909091,14.1454545454545,61.8636363636364,1.03272727272727,34.7454545454545,0.169090909090909,23.2690909090909,0.149090909090909,40.6345454545455,-0.166108192856204,2.52199196774851,0.841127272727273,0.845618181818182,0.891454545454545
112229,68195,44034,0.585676079232783,0.557342507073006,0.710674775477844,23.9872727272727,14.1527272727273,61.86,1.02727272727273,34.7854545454545,0.167272727272727,23.2,0.152727272727273,40.6672727272727,-0.166257613710133,2.51128919185563,0.841127272727273,0.845618181818182,0.891454545454545
112243,68203,44040,0.585687657495775,0.557218362746033,0.7106765182381,23.9836363636364,14.1563636363636,61.86,1.03090909090909,34.7909090909091,0.161818181818182,23.1854545454545,0.145454545454545,40.6854545454545,-0.165490380631408,2.49317832856693,0.841127272727273,0.845618181818182,0.891454545454545
112280,68208,44072,0.585479299121997,0.557321224649321,0.710665800599188,23.9818181818182,14.1581818181818,61.86,1.03090909090909,34.8345454545455,0.14,23.1327272727273,0.143636363636364,40.7181818181818,-0.165274264766512,2.48760403990746,0.841127272727273,0.845618181818182,0.891454545454545
112380,68208,44172,0.585438467894804,0.557418607714055,0.710661251119998,23.9836363636364,14.1563636363636,61.86,1.02909090909091,34.8527272727273,0.156363636363636,23.0854545454545,0.141818181818182,40.7345454545455,-0.164809818020678,2.49561026529832,0.841127272727273,0.845618181818182,0.891454545454545
112111,68208,43903,0.585240581311902,0.55707657732062,0.710614506063762,23.9818181818182,14.16,61.8581818181818,1.02909090909091,34.8745454545455,0.165454545454545,23.0363636363636,0.147272727272727,40.7472727272727,-0.16482927120292,2.41377742480148,0.841127272727273,0.845618181818182,0.891454545454545
111846,68214,43632,0.585246914202591,0.55659232939008,0.71053082245522,23.9836363636364,14.1581818181818,61.8581818181818,1.03090909090909,34.9109090909091,0.170909090909091,22.9727272727273,0.150909090909091,40.7636363636364,-0.1641969229393,2.33058607849208,0.841127272727273,0.845618181818182,0.891454545454545
111951,68218,43733,0.585285399961856,0.556671848456892,0.710528320071107,23.9854545454545,14.1527272727273,61.8618181818182,1.02545454545455,34.9509090909091,0.129090909090909,22.9672727272727,0.141818181818182,40.7854545454545,-0.164316315659843,2.33904161399061,0.841127272727273,0.845618181818182,0.891454545454545
112087,68225,43862,0.585243503519833,0.556883630748335,0.710554497538243,23.9854545454545,14.1418181818182,61.8727272727273,1.02727272727273,34.9672727272727,0.147272727272727,22.9036363636364,0.141818181818182,40.8127272727273,-0.163870553397613,2.35853127322414,0.841127272727273,0.845618181818182,0.891454545454545
112568,68229,44339,0.585127195980455,0.557639436155626,0.710494767584231,23.9836363636364,14.1472727272727,61.8690909090909,1.02545454545455,35,0.132727272727273,22.8618181818182,0.138181818181818,40.8418181818182,-0.163334160457849,2.45215460143306,0.841127272727273,0.845618181818182,0.891454545454545
112622,68235,44387,0.585377217124656,0.557328510167548,0.710472306655015,23.9872727272727,14.1436363636364,61.8690909090909,1.02545454545455,35.0181818181818,0.145454545454545,22.7981818181818,0.130909090909091,40.8818181818182,-0.162255649511644,2.43684800971638,0.841127272727273,0.845618181818182,0.891454545454545
112692,68249,44443,0.585454975695732,0.557175230818066,0.710451557573369,23.9854545454545,14.1418181818182,61.8727272727273,1.02545454545455,35.04,0.145454545454545,22.7454545454545,0.143636363636364,40.9,-0.160976729432216,2.42921202399514,0.841127272727273,0.845618181818182,0.891454545454545
112688,68246,44442,0.585387657674927,0.557079294269663,0.710432787174134,23.9872727272727,14.1381818181818,61.8745454545455,1.02727272727273,35.0581818181818,0.149090909090909,22.7090909090909,0.132727272727273,40.9236363636364,-0.161685446070888,2.4209672475403,0.841127272727273,0.845618181818182,0.891454545454545
112684,68254,44430,0.585400706819818,0.556906513257557,0.710444249958277,23.9909090909091,14.1290909090909,61.88,1.02545454545455,35.0836363636364,0.147272727272727,22.6672727272727,0.12,40.9563636363636,-0.161202714548761,2.40111748711629,0.841127272727273,0.845618181818182,0.891454545454545
112543,68259,44284,0.585524368684763,0.556594952788127,0.710419839937456,23.9963636363636,14.1181818181818,61.8854545454545,1.02181818181818,35.1054545454545,0.158181818181818,22.6254545454545,0.105454545454545,40.9836363636364,-0.160714917942493,2.35697438229214,0.841127272727273,0.845618181818182,0.891454545454545
112690,68257,44433,0.585527003094691,0.556860500520973,0.710406924704797,23.9963636363636,14.1181818181818,61.8854545454545,1.02181818181818,35.1381818181818,0.156363636363636,22.5636363636364,0.112727272727273,41.0072727272727,-0.161242349637442,2.38609856583855,0.841127272727273,0.845618181818182,0.891454545454545
112678,68256,44422,0.585496391097984,0.556721956501158,0.710475948993053,24.0072727272727,14.1072727272727,61.8854545454545,1.01818181818182,35.1527272727273,0.149090909090909,22.5327272727273,0.112727272727273,41.0345454545455,-0.161256692091278,2.36221616931937,0.841127272727273,0.845618181818182,0.891454545454545
112662,68258,44404,0.585608085638223,0.55662279065905,0.710441139413169,24.0127272727273,14.1054545454545,61.8818181818182,1.01272727272727,35.2054545454545,0.150909090909091,22.4745454545455,0.101818181818182,41.0545454545455,-0.162050770487853,2.34441022588448,0.841127272727273,0.845618181818182,0.891454545454545
112699,68268,44431,0.58558546275,0.55666613807897,0.710465449925845,24.0181818181818,14.0945454545455,61.8872727272727,1.00909090909091,35.24,0.163636363636364,22.3927272727273,0.105454545454545,41.0890909090909,-0.161624945932999,2.3423411775719,0.841127272727273,0.845618181818182,0.891454545454545
112610,68271,44339,0.585604142594289,0.556352421750319,0.710469587734095,24.0254545454545,14.0836363636364,61.8909090909091,1.00909090909091,35.28,0.167272727272727,22.3345454545455,0.112727272727273,41.0963636363636,-0.16178885039593,2.30340433906425,0.841127272727273,0.845618181818182,0.891454545454545
112688,68271,44417,0.585642602581275,0.55620909808337,0.710402989669457,24.0418181818182,14.0672727272727,61.8909090909091,1.00909090909091,35.3218181818182,0.169090909090909,22.26,0.101818181818182,41.1381818181818,-0.16203804647296,2.30024471255866,0.841127272727273,0.845618181818182,0.891454545454545
112658,68272,44386,0.585608063111839,0.556148096532064,0.710398598396315,24.0490909090909,14.0581818181818,61.8927272727273,1.00909090909091,35.3490909090909,0.178181818181818,22.1945454545455,0.109090909090909,41.16,-0.161493005962257,2.27816432700916,0.841127272727273,0.845618181818182,0.891454545454545
112685,68273,44412,0.585640859656953,0.556052097328841,0.71038096902809,24.0618181818182,14.0436363636364,61.8945454545455,1.00727272727273,35.3709090909091,0.154545454545455,22.1636363636364,0.121818181818182,41.1818181818182,-0.161450803380814,2.27471695691347,0.841127272727273,0.845618181818182,0.891454545454545
112760,68288,44472,0.585702350260751,0.555933574387887,0.710417817289966,24.0709090909091,14.0345454545455,61.8945454545455,1.00909090909091,35.4,0.158181818181818,22.1218181818182,0.103636363636364,41.2072727272727,-0.160174022740367,2.27263233455067,0.841127272727273,0.845618181818182,0.891454545454545
112905,68291,44614,0.585967834124229,0.55559974359555,0.710476275824315,24.0818181818182,14.02,61.8981818181818,1.00545454545455,35.4290909090909,0.138181818181818,22.0836363636364,0.101818181818182,41.2418181818182,-0.15988746838709,2.28500236692754,0.841127272727273,0.845618181818182,0.891454545454545
112914,68297,44617,0.585901729950317,0.555572221082983,0.710411803851921,24.0981818181818,14.0054545454545,61.8963636363636,1.00545454545455,35.4436363636364,0.132727272727273,22.06,0.0909090909090909,41.2672727272727,-0.158186951258209,2.2746658900922,0.841127272727273,0.845618181818182,0.891454545454545
112957,68303,44654,0.585832153440713,0.555672983856553,0.710388346710016,24.1036363636364,14.0018181818182,61.8945454545455,0.998181818181818,35.48,0.130909090909091,22.0036363636364,0.107272727272727,41.28,-0.157674508772404,2.27368932623755,0.841127272727273,0.845618181818182,0.891454545454545
112965,68306,44659,0.58578694294442,0.555643950222694,0.710425087504252,24.1163636363636,13.9890909090909,61.8945454545455,0.996363636363636,35.4927272727273,0.141818181818182,21.9327272727273,0.121818181818182,41.3145454545455,-0.157705268582702,2.26037415374409,0.841127272727273,0.845618181818182,0.891454545454545
112893,68313,44580,0.585788455438654,0.555488414187104,0.710485187234837,24.1218181818182,13.9818181818182,61.8963636363636,0.990909090909091,35.5181818181818,0.150909090909091,21.8636363636364,0.123636363636364,41.3527272727273,-0.15734369722023,2.22952603873881,0.841127272727273,0.845618181818182,0.891454545454545
112532,68319,44213,0.585805843891049,0.554809108490316,0.710409510881889,24.1272727272727,13.9818181818182,61.8909090909091,0.987272727272727,35.5509090909091,0.14,21.8018181818182,0.129090909090909,41.3909090909091,-0.156343158257567,2.1213153006001,0.841127272727273,0.845618181818182,0.891454545454545
112492,68326,44166,0.585756672679111,0.554503546996336,0.710398730424713,24.1381818181818,13.9654545454545,61.8963636363636,0.981818181818182,35.5727272727273,0.145454545454545,21.7472727272727,0.110909090909091,41.4418181818182,-0.154459889671522,2.10171620073644,0.841127272727273,0.845618181818182,0.891454545454545
112547,68331,44216,0.585730462128338,0.554381746812539,0.710432904845421,24.1581818181818,13.9436363636364,61.8981818181818,0.98,35.5963636363636,0.118181818181818,21.7163636363636,0.109090909090909,41.48,-0.153152421015362,2.09730191799727,0.841127272727273,0.845618181818182,0.891454545454545
112510,68342,44168,0.585727848289743,0.554026499356197,0.710429995380442,24.1781818181818,13.9272727272727,61.8945454545455,0.978181818181818,35.6072727272727,0.123636363636364,21.6545454545455,0.116363636363636,41.52,-0.150359263947294,2.07408220293847,0.841127272727273,0.845618181818182,0.891454545454545
112726,68353,44373,0.585807346574879,0.554278147096667,0.710403313587578,24.1854545454545,13.92,61.8945454545455,0.976363636363636,35.6218181818182,0.143636363636364,21.5945454545455,0.103636363636364,41.56,-0.149505765831352,2.09823086464947,0.841127272727273,0.845618181818182,0.891454545454545
112570,68370,44200,0.585916791779219,0.553908057814428,0.71040712187037,24.2036363636364,13.9054545454545,61.8909090909091,0.970909090909091,35.64,0.14,21.5290909090909,0.116363636363636,41.6036363636364,-0.1472067350566,2.06736116463488,0.841127272727273,0.845618181818182,0.891454545454545
112582,68378,44204,0.585955530107509,0.553660919841567,0.710349754356481,24.2145454545455,13.8890909090909,61.8963636363636,0.969090909090909,35.6854545454545,0.118181818181818,21.4563636363636,0.101818181818182,41.6690909090909,-0.146888519904182,2.05279029634866,0.841127272727273,0.845618181818182,0.891454545454545
112393,68389,44004,0.585815682269695,0.553464724116888,0.710345102820625,24.2309090909091,13.88,61.8890909090909,0.965454545454546,35.7218181818182,0.110909090909091,21.3690909090909,0.105454545454545,41.7272727272727,-0.144947551965147,2.0007067497481,0.841127272727273,0.845618181818182,0.891454545454545
112444,68403,44041,0.585824921790359,0.553407329034092,0.710253818119521,24.2418181818182,13.8818181818182,61.8763636363636,0.96,35.7618181818182,0.112727272727273,21.2872727272727,0.118181818181818,41.76,-0.142815828861785,1.99689243151383,0.841127272727273,0.845618181818182,0.891454545454545
112510,68415,44095,0.585934059948977,0.553376402791167,0.710210950502433,24.26,13.8781818181818,61.8618181818182,0.958181818181818,35.7618181818182,0.149090909090909,21.1763636363636,0.116363636363636,41.8381818181818,-0.141796202847895,1.98311592719772,0.841127272727273,0.845618181818182,0.891454545454545
112539,68422,44117,0.585926917735394,0.553139899886019,0.71021673918252,24.2690909090909,13.8763636363636,61.8545454545455,0.958181818181818,35.8072727272727,0.125454545454545,21.0654545454545,0.101818181818182,41.9418181818182,-0.140564401853242,1.96769177981398,0.841127272727273,0.845618181818182,0.891454545454545
112563,68421,44142,0.58594837142213,0.553034567609456,0.710122521673476,24.2818181818182,13.8690909090909,61.8490909090909,0.954545454545455,35.82,0.14,20.9890909090909,0.0854545454545454,42.0109090909091,-0.139979696000757,1.95907879106023,0.841127272727273,0.845618181818182,0.891454545454545
112634,68426,44208,0.585903769113407,0.552938504740935,0.710218118337361,24.3,13.8618181818182,61.8381818181818,0.950909090909091,35.8436363636364,0.12,20.9254545454545,0.109090909090909,42.0509090909091,-0.139164318291759,1.97684915621172,0.841127272727273,0.845618181818182,0.891454545454545
112596,68434,44162,0.585897654221736,0.552841580054934,0.710139796952458,24.3254545454545,13.86,61.8145454545455,0.950909090909091,35.8490909090909,0.130909090909091,20.86,0.112727272727273,42.0963636363636,-0.13781244817768,1.94294962178577,0.841127272727273,0.845618181818182,0.891454545454545
112545,68443,44102,0.585972665486613,0.552666402079946,0.710084668033481,24.3309090909091,13.8636363636364,61.8054545454546,0.947272727272727,35.8745454545455,0.125454545454545,20.7872727272727,0.103636363636364,42.1618181818182,-0.13757544018061,1.91835376640612,0.841127272727273,0.845618181818182,0.891454545454545
112952,68441,44511,0.585767360283128,0.553215670744497,0.709911443319922,24.3418181818182,13.8654545454545,61.7927272727273,0.949090909090909,35.8963636363636,0.105454545454545,20.7054545454545,0.1,42.2436363636364,-0.137349055818314,1.97733991247686,0.841127272727273,0.845618181818182,0.891454545454545
112951,68468,44483,0.585892919418248,0.552999442798967,0.709859485998392,24.3636363636364,13.8545454545455,61.7818181818182,0.949090909090909,35.9145454545455,0.118181818181818,20.6145454545455,0.0909090909090909,42.3127272727273,-0.131808826812696,1.96903300132941,0.841127272727273,0.845618181818182,0.891454545454545
113112,68489,44623,0.585964315540007,0.553040550515594,0.709787907928997,24.3709090909091,13.8454545454545,61.7836363636364,0.941818181818182,35.9454545454545,0.112727272727273,20.5563636363636,0.0909090909090909,42.3527272727273,-0.129430667310424,1.98751977140253,0.841127272727273,0.845618181818182,0.891454545454545
113236,68516,44720,0.586056164452429,0.553007697095564,0.709734308647868,24.3909090909091,13.8309090909091,61.7781818181818,0.936363636363636,35.9636363636364,0.0981818181818182,20.4927272727273,0.0890909090909091,42.42,-0.126146733712019,1.98799715241925,0.841127272727273,0.845618181818182,0.891454545454545
113368,68532,44836,0.58606724856515,0.553222879532054,0.709777439751259,24.4054545454545,13.8236363636364,61.7709090909091,0.938181818181818,35.9690909090909,0.110909090909091,20.4018181818182,0.0963636363636364,42.4836363636364,-0.125456167489557,1.98856597356498,0.841127272727273,0.845618181818182,0.891454545454545
113454,68538,44916,0.586040384221737,0.55334306175273,0.709708005627734,24.4072727272727,13.8327272727273,61.76,0.934545454545455,35.9890909090909,0.0963636363636364,20.3436363636364,0.103636363636364,42.5327272727273,-0.126073626246547,1.98911127478562,0.841127272727273,0.845618181818182,0.891454545454545
113401,68538,44863,0.58598543379795,0.553150914945415,0.709582165395165,24.4181818181818,13.8327272727273,61.7490909090909,0.930909090909091,36,0.12,20.2636363636364,0.0945454545454545,42.5909090909091,-0.125708061332526,1.9654209642925,0.841127272727273,0.845618181818182,0.891454545454545
113401,68546,44855,0.585981049987263,0.553165577487839,0.709459882234148,24.4254545454545,13.8381818181818,61.7363636363636,0.929090909090909,36.0145454545455,0.114545454545455,20.1909090909091,0.116363636363636,42.6345454545455,-0.124604920846667,1.95248939479617,0.841127272727273,0.845618181818182,0.891454545454545
113473,68566,44907,0.586036842900692,0.553011357383454,0.709362805241917,24.4436363636364,13.8254545454545,61.7309090909091,0.925454545454545,36.0327272727273,0.12,20.1327272727273,0.12,42.6690909090909,-0.121032195297911,1.96060757152736,0.841127272727273,0.845618181818182,0.891454545454545
113620,68565,45055,0.58604047314444,0.553293519784461,0.709255999041451,24.4509090909091,13.8290909090909,61.72,0.923636363636364,36.0490909090909,0.109090909090909,20.0745454545455,0.123636363636364,42.72,-0.121194252961405,1.98582264039327,0.841127272727273,0.845618181818182,0.891454545454545
113663,68593,45070,0.586104147168694,0.553189243971795,0.709194257013569,24.4618181818182,13.8272727272727,61.7109090909091,0.923636363636364,36.0654545454545,0.0963636363636364,20.0472727272727,0.116363636363636,42.7509090909091,-0.117859766748337,1.97352729524401,0.841127272727273,0.845618181818182,0.891454545454545
113742,68603,45139,0.58603352326777,0.55327390466452,0.709187402319603,24.4690909090909,13.8254545454545,61.7054545454545,0.916363636363636,36.0818181818182,0.101818181818182,20.0018181818182,0.109090909090909,42.7890909090909,-0.117078883616672,1.97428850382566,0.841127272727273,0.845618181818182,0.891454545454545
113745,68615,45130,0.586069005796504,0.55308570870946,0.709179659762561,24.48,13.82,61.7,0.907272727272727,36.1109090909091,0.0909090909090909,19.9690909090909,0.121818181818182,42.8,-0.115111613011951,1.9592252898284,0.841127272727273,0.845618181818182,0.891454545454545
113721,68638,45083,0.586117786756153,0.552894353664865,0.709033198797019,24.4927272727273,13.8163636363636,61.6909090909091,0.907272727272727,36.1236363636364,0.0909090909090909,19.9163636363636,0.118181818181818,42.8436363636364,-0.111846756169094,1.93001311949708,0.841127272727273,0.845618181818182,0.891454545454545
113720,68646,45074,0.58611298418987,0.552764454981579,0.708945089350316,24.4981818181818,13.8145454545455,61.6872727272727,0.903636363636364,36.14,0.0890909090909091,19.8745454545455,0.103636363636364,42.8890909090909,-0.110201179523508,1.91923749121753,0.841127272727273,0.845618181818182,0.891454545454545
113637,68651,44986,0.586114920883128,0.552664532333417,0.708865361588242,24.5036363636364,13.82,61.6763636363636,0.9,36.1381818181818,0.105454545454545,19.8309090909091,0.0981818181818182,42.9272727272727,-0.110140693987143,1.8922547234053,0.841127272727273,0.845618181818182,0.891454545454545
113662,68665,44997,0.586105209074476,0.552493702819357,0.70877080953448,24.5090909090909,13.8181818181818,61.6727272727273,0.898181818181818,36.1563636363636,0.1,19.8054545454545,0.0890909090909091,42.9509090909091,-0.107755827886021,1.87821263298392,0.841127272727273,0.845618181818182,0.891454545454545
113788,68676,45112,0.586042525364708,0.552724337491551,0.708670326810197,24.5218181818182,13.8090909090909,61.6690909090909,0.898181818181818,36.1618181818182,0.105454545454545,19.7709090909091,0.0890909090909091,42.9745454545455,-0.106299650453663,1.89997792714699,0.841127272727273,0.845618181818182,0.891454545454545
113717,68680,45037,0.586058257543346,0.552649297512224,0.7085689965831,24.5254545454545,13.8090909090909,61.6654545454545,0.9,36.1545454545455,0.109090909090909,19.7345454545455,0.105454545454545,42.9963636363636,-0.106193798720514,1.87338441247967,0.841127272727273,0.845618181818182,0.891454545454545
113787,68689,45098,0.586072698537645,0.55270726342097,0.708507648072918,24.5254545454545,13.8127272727273,61.6618181818182,0.898181818181818,36.1545454545455,0.110909090909091,19.7090909090909,0.107272727272727,43.02,-0.106464431553005,1.87708964500238,0.841127272727273,0.845618181818182,0.891454545454545
113781,68695,45086,0.58607523287244,0.552627293797633,0.708419583494502,24.5290909090909,13.8109090909091,61.66,0.892727272727273,36.1545454545455,0.107272727272727,19.7036363636364,0.1,43.0418181818182,-0.105312983235688,1.86471940451725,0.841127272727273,0.845618181818182,0.891454545454545
113683,68703,44980,0.585941783965148,0.552426489881488,0.708441075155361,24.5309090909091,13.8054545454545,61.6636363636364,0.890909090909091,36.1527272727273,0.107272727272727,19.7,0.1,43.0490909090909,-0.103980091811933,1.84602509201928,0.841127272727273,0.845618181818182,0.891454545454545
113707,68709,44998,0.58581906326122,0.552351233944835,0.708526962594472,24.5381818181818,13.7945454545455,61.6672727272727,0.890909090909091,36.1545454545455,0.112727272727273,19.6781818181818,0.0927272727272727,43.0709090909091,-0.1009115217917,1.82861221161756,0.841127272727273,0.845618181818182,0.891454545454545
113622,68715,44907,0.585724629592105,0.552388421991137,0.708588615381254,24.54,13.7909090909091,61.6690909090909,0.890909090909091,36.1327272727273,0.125454545454545,19.66,0.0981818181818182,43.0927272727273,-0.101090148184184,1.80306963791901,0.841127272727273,0.845618181818182,0.891454545454545
113606,68723,44883,0.58572095451799,0.552321563965642,0.708556520299099,24.5454545454545,13.7854545454545,61.6690909090909,0.885454545454545,36.1363636363636,0.118181818181818,19.6436363636364,0.0981818181818182,43.1181818181818,-0.0997207338821185,1.79257048629224,0.841127272727273,0.845618181818182,0.891454545454545
113562,68735,44827,0.585728744867268,0.552036138352216,0.708584540845367,24.5454545454545,13.7781818181818,61.6763636363636,0.885454545454545,36.1345454545455,0.114545454545455,19.6272727272727,0.0927272727272727,43.1454545454545,-0.0971665771686028,1.76558147899129,0.841127272727273,0.845618181818182,0.891454545454545
113538,68739,44799,0.585713517449725,0.551887059623793,0.708575198405208,24.5490909090909,13.7745454545455,61.6763636363636,0.881818181818182,36.1381818181818,0.107272727272727,19.6290909090909,0.0781818181818182,43.1654545454545,-0.0968258374905748,1.74657644067298,0.841127272727273,0.845618181818182,0.891454545454545
113479,68739,44740,0.585649025371282,0.551712118491613,0.708615192932054,24.5545454545455,13.7709090909091,61.6745454545455,0.88,36.1236363636364,0.107272727272727,19.6163636363636,0.0763636363636364,43.1963636363636,-0.0971699294183716,1.72370427609845,0.841127272727273,0.845618181818182,0.891454545454545
113562,68751,44811,0.585810346413547,0.551757819868856,0.708591675097998,24.5490909090909,13.7745454545455,61.6763636363636,0.870909090909091,36.1254545454546,0.109090909090909,19.5927272727273,0.0763636363636364,43.2254545454545,-0.0961643373210047,1.73009392856197,0.841127272727273,0.845618181818182,0.891454545454545
113586,68749,44837,0.585742470747404,0.551754337304573,0.708591497245072,24.5490909090909,13.7727272727273,61.6781818181818,0.870909090909091,36.1327272727273,0.105454545454545,19.5727272727273,0.0854545454545454,43.2327272727273,-0.0954968833271943,1.73197931952097,0.841127272727273,0.845618181818182,0.891454545454545
113634,68757,44877,0.585704007740227,0.551871076362781,0.708605096964067,24.5436363636364,13.7763636363636,61.68,0.870909090909091,36.1254545454546,0.114545454545455,19.5327272727273,0.0909090909090909,43.2654545454546,-0.0946599116986115,1.72787335376171,0.841127272727273,0.845618181818182,0.891454545454545
113638,68749,44889,0.585663711501479,0.551782331784506,0.708551404180725,24.5418181818182,13.7763636363636,61.6818181818182,0.870909090909091,36.1254545454546,0.109090909090909,19.5272727272727,0.0781818181818182,43.2890909090909,-0.0949755141682875,1.7202350188724,0.841127272727273,0.845618181818182,0.891454545454545
113550,68753,44797,0.585580837766421,0.551661660123228,0.708531801557969,24.5418181818182,13.7727272727273,61.6854545454545,0.863636363636364,36.1381818181818,0.0890909090909091,19.5327272727273,0.0836363636363636,43.2927272727273,-0.0945505442439092,1.68594581014053,0.841127272727273,0.845618181818182,0.891454545454545
113654,68763,44891,0.585605629845828,0.551740919689218,0.708586202771503,24.5436363636364,13.7727272727273,61.6836363636364,0.861818181818182,36.1345454545455,0.08,19.5127272727273,0.0872727272727273,43.3236363636364,-0.0942386064428733,1.69455186142163,0.841127272727273,0.845618181818182,0.891454545454545
113676,68765,44911,0.585593246496414,0.551682809072875,0.708577728669226,24.5436363636364,13.7690909090909,61.6872727272727,0.86,36.1272727272727,0.0854545454545454,19.5054545454545,0.08,43.3418181818182,-0.0938973337262723,1.69401592646133,0.841127272727273,0.845618181818182,0.891454545454545
113660,68771,44889,0.585614832055149,0.551610667977978,0.708557412150579,24.5454545454545,13.7654545454545,61.6890909090909,0.858181818181818,36.1218181818182,0.0872727272727273,19.4836363636364,0.0854545454545454,43.3636363636364,-0.0939778490467606,1.68240699398924,0.841127272727273,0.845618181818182,0.891454545454545
113612,68775,44837,0.585646628423552,0.551496489429648,0.708569029456646,24.5454545454545,13.7654545454545,61.6890909090909,0.856363636363636,36.1181818181818,0.0909090909090909,19.4618181818182,0.0872727272727273,43.3854545454545,-0.0928496471172945,1.66056281643158,0.841127272727273,0.845618181818182,0.891454545454545
113552,68783,44769,0.585650388895499,0.551440103806215,0.708539350293805,24.5436363636364,13.7690909090909,61.6872727272727,0.858181818181818,36.1181818181818,0.0836363636363636,19.4472727272727,0.0836363636363636,43.4090909090909,-0.0932474696861887,1.63265163840895,0.841127272727273,0.845618181818182,0.891454545454545
113672,68787,44885,0.585600622258332,0.551645923864518,0.708486548435561,24.54,13.7745454545455,61.6854545454545,0.854545454545454,36.1072727272727,0.0981818181818182,19.4218181818182,0.0854545454545454,43.4327272727273,-0.0922714560689862,1.65022763215344,0.841127272727273,0.845618181818182,0.891454545454545
113660,68785,44875,0.5855702707153,0.55154547086367,0.708521452469772,24.5436363636364,13.7690909090909,61.6872727272727,0.849090909090909,36.1090909090909,0.0909090909090909,19.4236363636364,0.0818181818181818,43.4454545454546,-0.0925920930701647,1.63310056570917,0.841127272727273,0.845618181818182,0.891454545454545
113491,68787,44704,0.585550706292758,0.551194422324749,0.708468607099082,24.5472727272727,13.7618181818182,61.6909090909091,0.845454545454545,36.12,0.0854545454545454,19.4181818181818,0.0890909090909091,43.4418181818182,-0.0918789035528872,1.58765422794968,0.841127272727273,0.845618181818182,0.891454545454545
113594,68789,44805,0.585485699554128,0.551244761845079,0.708473719171725,24.5436363636364,13.7636363636364,61.6927272727273,0.838181818181818,36.1254545454546,0.0818181818181818,19.4036363636364,0.08,43.4709090909091,-0.090347713137453,1.59774090185423,0.841127272727273,0.845618181818182,0.891454545454545
113553,68783,44770,0.585443699243629,0.551204335854328,0.70853779009441,24.5381818181818,13.7727272727273,61.6890909090909,0.838181818181818,36.1090909090909,0.0981818181818182,19.3818181818182,0.0927272727272727,43.48,-0.0910113286861319,1.58407815049656,0.841127272727273,0.845618181818182,0.891454545454545
113618,68779,44839,0.58543025699389,0.551334493672541,0.70854257809912,24.5363636363636,13.7745454545455,61.6890909090909,0.84,36.1218181818182,0.0890909090909091,19.3618181818182,0.0654545454545455,43.5218181818182,-0.0913680266628283,1.58400647359138,0.841127272727273,0.845618181818182,0.891454545454545
113509,68785,44724,0.58543394142475,0.551345362307162,0.708552773019521,24.5345454545455,13.7763636363636,61.6890909090909,0.836363636363636,36.1254545454546,0.0945454545454545,19.3272727272727,0.0854545454545454,43.5309090909091,-0.0908493578994239,1.55511292071844,0.841127272727273,0.845618181818182,0.891454545454545
113521,68789,44732,0.585520975662332,0.551295353522231,0.708590180344342,24.5381818181818,13.7690909090909,61.6927272727273,0.832727272727273,36.1509090909091,0.0945454545454545,19.2890909090909,0.0963636363636364,43.5363636363636,-0.0918884551453878,1.54896905891259,0.841127272727273,0.845618181818182,0.891454545454545
113687,68793,44894,0.58548333611132,0.551487898728269,0.708614910873997,24.5363636363636,13.7654545454545,61.6981818181818,0.829090909090909,36.1745454545455,0.0854545454545454,19.2418181818182,0.0836363636363636,43.5854545454546,-0.092222096342944,1.57292501447214,0.841127272727273,0.845618181818182,0.891454545454545
113611,68795,44816,0.585488892727518,0.551382855727836,0.708581969129988,24.5381818181818,13.7654545454545,61.6963636363636,0.827272727272727,36.2036363636364,0.0945454545454545,19.18,0.0872727272727273,43.6072727272727,-0.0922504477806466,1.54331420724365,0.841127272727273,0.845618181818182,0.891454545454545
113654,68807,44847,0.585483425517723,0.55138984463467,0.708523263535104,24.5327272727273,13.7745454545455,61.6927272727273,0.823636363636364,36.2163636363636,0.1,19.1509090909091,0.0672727272727273,43.6418181818182,-0.0900625963830614,1.54243444979868,0.841127272727273,0.845618181818182,0.891454545454545
113733,68805,44928,0.585427928453134,0.551291626880127,0.70851036295413,24.5363636363636,13.7709090909091,61.6927272727273,0.82,36.2418181818182,0.0981818181818182,19.0981818181818,0.08,43.6618181818182,-0.0894677844262994,1.547393475202,0.841127272727273,0.845618181818182,0.891454545454545
113864,68807,45057,0.585364117541856,0.551551317590773,0.708475826938073,24.54,13.7690909090909,61.6909090909091,0.82,36.26,0.0963636363636364,19.0763636363636,0.0763636363636364,43.6709090909091,-0.0891532462813881,1.57469402108003,0.841127272727273,0.845618181818182,0.891454545454545
113788,68807,44981,0.585403342622884,0.551391072072933,0.708484627867689,24.5381818181818,13.7636363636364,61.6981818181818,0.816363636363636,36.28,0.112727272727273,19.0327272727273,0.0727272727272727,43.6854545454545,-0.0885266047568703,1.54694130144675,0.841127272727273,0.845618181818182,0.891454545454545
113728,68807,44921,0.585446307039302,0.551407262219885,0.708443850643616,24.5381818181818,13.7636363636364,61.6981818181818,0.812727272727273,36.3072727272727,0.0927272727272727,19.0163636363636,0.0709090909090909,43.7,-0.0897849470524803,1.53366597401486,0.841127272727273,0.845618181818182,0.891454545454545
113605,68795,44810,0.585386149215481,0.551324783681714,0.708483226064647,24.5363636363636,13.7654545454545,61.6981818181818,0.812727272727273,36.3236363636364,0.0890909090909091,18.9690909090909,0.0745454545454545,43.7309090909091,-0.091171257832155,1.51234994542531,0.841127272727273,0.845618181818182,0.891454545454545
113527,68801,44726,0.585307660323763,0.551274022241001,0.70854544072266,24.5363636363636,13.7672727272727,61.6963636363636,0.810909090909091,36.3218181818182,0.107272727272727,18.9290909090909,0.08,43.7509090909091,-0.0900425112344899,1.49451519293203,0.841127272727273,0.845618181818182,0.891454545454545
113520,68801,44719,0.585303634175172,0.551172230289429,0.708520346299058,24.5363636363636,13.7672727272727,61.6963636363636,0.810909090909091,36.3290909090909,0.0890909090909091,18.9163636363636,0.0854545454545454,43.7690909090909,-0.0901822731480934,1.47931175408038,0.841127272727273,0.845618181818182,0.891454545454545
113509,68805,44704,0.58536380278218,0.550933969727486,0.708495565696625,24.54,13.7654545454545,61.6945454545455,0.809090909090909,36.3363636363636,0.0836363636363636,18.9018181818182,0.0818181818181818,43.7872727272727,-0.0887222551450991,1.45308715015311,0.841127272727273,0.845618181818182,0.891454545454545
113574,68815,44759,0.585393986404577,0.551010017758113,0.70850652424302,24.54,13.7636363636364,61.6963636363636,0.805454545454545,36.34,0.0945454545454545,18.8709090909091,0.0963636363636364,43.7927272727273,-0.0879093844358563,1.46295663880354,0.841127272727273,0.845618181818182,0.891454545454545
113519,68811,44708,0.585365255917392,0.551049903056087,0.708537213147746,24.5363636363636,13.7654545454545,61.6981818181818,0.803636363636364,36.3363636363636,0.0927272727272727,18.86,0.0763636363636364,43.8309090909091,-0.0886350901921766,1.46250293061815,0.841127272727273,0.845618181818182,0.891454545454545
113305,68807,44498,0.585269523040577,0.550981093870343,0.70852641353027,24.5345454545455,13.7690909090909,61.6963636363636,0.801818181818182,36.3509090909091,0.0963636363636364,18.8,0.0872727272727273,43.8636363636364,-0.0900958277368442,1.41465339592912,0.841127272727273,0.845618181818182,0.891454545454545
113366,68809,44557,0.58529907728023,0.550806269047451,0.708521609927522,24.5309090909091,13.7690909090909,61.7,0.796363636363636,36.3763636363636,0.0945454545454545,18.7763636363636,0.06,43.8963636363636,-0.089962933532264,1.4135839517313,0.841127272727273,0.845618181818182,0.891454545454545
113430,68815,44615,0.585283959666889,0.550851865865252,0.708531451818372,24.5345454545455,13.7636363636364,61.7018181818182,0.798181818181818,36.3763636363636,0.0890909090909091,18.7563636363636,0.0763636363636364,43.9036363636364,-0.0887022756120463,1.42569529302418,0.841127272727273,0.845618181818182,0.891454545454545
113428,68815,44613,0.585259399230695,0.550897535747442,0.708508849614424,24.5345454545455,13.7654545454545,61.7,0.794545454545455,36.3527272727273,0.110909090909091,18.7345454545455,0.0781818181818182,43.9290909090909,-0.0886964210944742,1.41634472742338,0.841127272727273,0.845618181818182,0.891454545454545
113292,68825,44467,0.585333716794009,0.550775862029272,0.708472039579593,24.54,13.76,61.7,0.794545454545455,36.3836363636364,0.0745454545454545,18.6963636363636,0.0836363636363636,43.9672727272727,-0.0871739660022286,1.39791841684756,0.841127272727273,0.845618181818182,0.891454545454545
113438,68829,44609,0.585307366750053,0.550963607448175,0.708447274697461,24.5345454545455,13.7654545454545,61.7,0.790909090909091,36.3854545454545,0.0854545454545454,18.6672727272727,0.0727272727272727,43.9981818181818,-0.0870668310928357,1.41482840386981,0.841127272727273,0.845618181818182,0.891454545454545
113433,68825,44608,0.585294456548652,0.550893425034779,0.708461201923428,24.5327272727273,13.7672727272727,61.7,0.789090909090909,36.3854545454545,0.0836363636363636,18.6345454545455,0.0672727272727273,44.04,-0.0891072484887528,1.39893689732999,0.841127272727273,0.845618181818182,0.891454545454545
113266,68813,44453,0.585164675940451,0.550617957996264,0.708427549833059,24.5290909090909,13.7745454545455,61.6963636363636,0.783636363636364,36.4254545454545,0.0709090909090909,18.5854545454545,0.0581818181818182,44.0763636363636,-0.0893005142682258,1.36409544500268,0.841127272727273,0.845618181818182,0.891454545454545
113207,68809,44398,0.585106897734043,0.550608596685463,0.708436784267973,24.5290909090909,13.7690909090909,61.7018181818182,0.781818181818182,36.4309090909091,0.0818181818181818,18.5454545454545,0.0545454545454545,44.1054545454545,-0.0893167800593801,1.36062723807991,0.841127272727273,0.845618181818182,0.891454545454545
113469,68821,44648,0.585129618666216,0.550844533411053,0.708433787692702,24.5272727272727,13.7690909090909,61.7036363636364,0.781818181818182,36.4454545454546,0.0709090909090909,18.5,0.0618181818181818,44.14,-0.088174714151418,1.39587158691138,0.841127272727273,0.845618181818182,0.891454545454545
113374,68815,44559,0.585164342869784,0.550761373182836,0.70841494805819,24.5290909090909,13.7690909090909,61.7018181818182,0.778181818181818,36.4581818181818,0.0781818181818182,18.4454545454545,0.0636363636363636,44.1763636363636,-0.0907939658502569,1.36736647564579,0.841127272727273,0.845618181818182,0.891454545454545
113216,68819,44397,0.585124189974584,0.550553547116224,0.70848032830642,24.5290909090909,13.7709090909091,61.7,0.778181818181818,36.4709090909091,0.0818181818181818,18.3854545454545,0.0672727272727273,44.2163636363636,-0.0892152358600883,1.33831511976367,0.841127272727273,0.845618181818182,0.891454545454545
113217,68819,44398,0.585145504514456,0.550517465921523,0.708498226129943,24.5309090909091,13.7672727272727,61.7018181818182,0.776363636363636,36.4672727272727,0.0945454545454545,18.3381818181818,0.0745454545454545,44.2490909090909,-0.0894414636265786,1.32295177380808,0.841127272727273,0.845618181818182,0.891454545454545
113078,68829,44249,0.585130399118897,0.550221327353893,0.708430061689691,24.5290909090909,13.7709090909091,61.7,0.772727272727273,36.4890909090909,0.0727272727272727,18.3109090909091,0.0636363636363636,44.2909090909091,-0.0877694289845914,1.29983264067295,0.841127272727273,0.845618181818182,0.891454545454545
112999,68833,44166,0.585123265598184,0.550122106143204,0.708435538585111,24.5309090909091,13.7672727272727,61.7018181818182,0.774545454545455,36.4818181818182,0.0654545454545455,18.28,0.0654545454545455,44.3327272727273,-0.0884940646651971,1.27170292635194,0.841127272727273,0.845618181818182,0.891454545454545
112756,68835,43921,0.585061741971895,0.549771746816078,0.708375866331588,24.5345454545455,13.7672727272727,61.6981818181818,0.772727272727273,36.4818181818182,0.0836363636363636,18.2363636363636,0.0636363636363636,44.3618181818182,-0.0874488196512671,1.21347297695889,0.841127272727273,0.845618181818182,0.891454545454545
112723,68833,43890,0.584856124141972,0.549724411658549,0.708445202382885,24.5345454545455,13.7618181818182,61.7036363636364,0.765454545454545,36.4836363636364,0.0854545454545454,18.1927272727273,0.0709090909090909,44.4018181818182,-0.0868998922198939,1.19749308411371,0.841127272727273,0.845618181818182,0.891454545454545
112873,68833,44040,0.584852993797996,0.549824418055207,0.70846550677029,24.5363636363636,13.76,61.7036363636364,0.763636363636364,36.4927272727273,0.0745454545454545,18.1509090909091,0.0636363636363636,44.4545454545455,-0.0862453505400481,1.22522396973588,0.841127272727273,0.845618181818182,0.891454545454545
112750,68831,43919,0.584876767529011,0.54967343553957,0.708494174572253,24.5363636363636,13.76,61.7036363636364,0.758181818181818,36.4872727272727,0.0690909090909091,18.1272727272727,0.0672727272727273,44.4909090909091,-0.0879206049666788,1.19769198037684,0.841127272727273,0.845618181818182,0.891454545454545
112583,68837,43746,0.584846937538191,0.549369235030388,0.70845117498967,24.5363636363636,13.7636363636364,61.7,0.754545454545455,36.4945454545455,0.0672727272727273,18.1036363636364,0.0418181818181818,44.5381818181818,-0.0866732883001863,1.14634109583091,0.841127272727273,0.845618181818182,0.891454545454545
112601,68843,43758,0.584904497578608,0.549452760013464,0.708380165842526,24.5327272727273,13.7654545454545,61.7018181818182,0.750909090909091,36.4963636363636,0.0654545454545455,18.0545454545455,0.0545454545454545,44.5781818181818,-0.0863630669956117,1.14200806402686,0.841127272727273,0.845618181818182,0.891454545454545
112597,68839,43758,0.584868608726837,0.549511327172193,0.708401410201338,24.5327272727273,13.7654545454545,61.7018181818182,0.749090909090909,36.4927272727273,0.0909090909090909,17.9672727272727,0.0672727272727273,44.6327272727273,-0.0865826096797801,1.14382530147718,0.841127272727273,0.845618181818182,0.891454545454545
112953,68851,44102,0.585012869966696,0.549762682496239,0.708439011839591,24.5327272727273,13.7672727272727,61.7,0.749090909090909,36.4963636363636,0.0709090909090909,17.9436363636364,0.0563636363636364,44.6836363636364,-0.0859506847863403,1.18701292933388,0.841127272727273,0.845618181818182,0.891454545454545
112812,68851,43961,0.585000225490029,0.549592832948757,0.70845378596548,24.5363636363636,13.76,61.7036363636364,0.745454545454545,36.5054545454545,0.0709090909090909,17.8818181818182,0.06,44.7363636363636,-0.0852925141790779,1.15390614708039,0.841127272727273,0.845618181818182,0.891454545454545
112866,68854,44012,0.585046729474256,0.549541085084197,0.708452640122654,24.5363636363636,13.7618181818182,61.7018181818182,0.741818181818182,36.5181818181818,0.0636363636363636,17.8272727272727,0.0563636363636364,44.7927272727273,-0.0837705835143755,1.15466112657027,0.841127272727273,0.845618181818182,0.891454545454545
112855,68856,43999,0.585112987302679,0.549546087200441,0.70836889107047,24.5363636363636,13.7636363636364,61.7,0.738181818181818,36.52,0.0763636363636364,17.7854545454545,0.06,44.82,-0.0839910185213243,1.14414748527448,0.841127272727273,0.845618181818182,0.891454545454545
112945,68850,44095,0.58507630440549,0.549615269031943,0.708330164773522,24.5345454545455,13.7618181818182,61.7036363636364,0.736363636363636,36.5127272727273,0.0781818181818182,17.7327272727273,0.0654545454545455,44.8745454545455,-0.0862753395452191,1.14182872853496,0.841127272727273,0.845618181818182,0.891454545454545
113038,68856,44182,0.585084036874401,0.549509025343298,0.708514988754615,24.5363636363636,13.7581818181818,61.7054545454545,0.734545454545455,36.5018181818182,0.0763636363636364,17.7109090909091,0.0563636363636364,44.92,-0.0840458268506733,1.15112224854529,0.841127272727273,0.845618181818182,0.891454545454545
113272,68854,44418,0.58505152587201,0.54985179886761,0.70861298253014,24.5363636363636,13.7581818181818,61.7054545454545,0.730909090909091,36.4927272727273,0.0781818181818182,17.6854545454545,0.0563636363636364,44.9563636363636,-0.0851593144069987,1.19380221156911,0.841127272727273,0.845618181818182,0.891454545454545
113185,68860,44325,0.584997447168654,0.549814134901847,0.708546864500638,24.5309090909091,13.7690909090909,61.7,0.727272727272727,36.4836363636364,0.0727272727272727,17.6527272727273,0.0581818181818182,45.0054545454545,-0.084215868880545,1.17705058062618,0.841127272727273,0.845618181818182,0.891454545454545
113231,68860,44371,0.58495016887155,0.549878074637827,0.708582280829131,24.5290909090909,13.7709090909091,61.7,0.721818181818182,36.4927272727273,0.0709090909090909,17.5909090909091,0.0690909090909091,45.0545454545455,-0.0851616074982964,1.17751320431178,0.841127272727273,0.845618181818182,0.891454545454545
113078,68858,44220,0.584814639566172,0.54976513309142,0.708599922508269,24.5363636363636,13.7636363636364,61.7,0.716363636363636,36.4927272727273,0.0727272727272727,17.5272727272727,0.0745454545454545,45.1163636363636,-0.0843060715166344,1.15318017866124,0.841127272727273,0.845618181818182,0.891454545454545
112901,68846,44055,0.584810509896282,0.549475218406632,0.708600972865864,24.5345454545455,13.7618181818182,61.7036363636364,0.714545454545455,36.4854545454545,0.0709090909090909,17.4727272727273,0.0745454545454545,45.1818181818182,-0.0858523329479464,1.10674794658341,0.841127272727273,0.845618181818182,0.891454545454545
113069,68850,44219,0.584986845477628,0.54951654991965,0.70858288998675,24.5327272727273,13.7654545454545,61.7018181818182,0.710909090909091,36.4672727272727,0.0836363636363636,17.4036363636364,0.0890909090909091,45.2454545454545,-0.0867585241055084,1.11863562965935,0.841127272727273,0.845618181818182,0.891454545454545
113267,68864,44403,0.585122259695735,0.549595661016068,0.708632854848873,24.5272727272727,13.7727272727273,61.7,0.707272727272727,36.46,0.0727272727272727,17.3654545454545,0.0763636363636364,45.3181818181818,-0.0841666280219546,1.13275676748969,0.841127272727273,0.845618181818182,0.891454545454545
113271,68862,44409,0.585080627410849,0.54956694551364,0.708666076586374,24.5309090909091,13.7672727272727,61.7018181818182,0.701818181818182,36.4581818181818,0.08,17.3018181818182,0.0709090909090909,45.3872727272727,-0.0830776929848236,1.12382619677281,0.841127272727273,0.845618181818182,0.891454545454545
113256,68864,44392,0.585110237724039,0.549483543769218,0.70871207410577,24.5363636363636,13.76,61.7036363636364,0.7,36.4490909090909,0.0727272727272727,17.2509090909091,0.0654545454545455,45.4618181818182,-0.0828491498816385,1.11528322059576,0.841127272727273,0.845618181818182,0.891454545454545
113263,68872,44391,0.585212206809186,0.549409277936537,0.708698979648598,24.54,13.76,61.7,0.696363636363636,36.4436363636364,0.0854545454545454,17.1781818181818,0.0563636363636364,45.54,-0.0813033813569332,1.10595247047869,0.841127272727273,0.845618181818182,0.891454545454545
113334,68878,44456,0.58530624331546,0.549418147748143,0.708717001423804,24.54,13.7581818181818,61.7018181818182,0.690909090909091,36.4363636363636,0.0927272727272727,17.1054545454545,0.0490909090909091,45.6254545454546,-0.0816381040008557,1.1199743305587,0.841127272727273,0.845618181818182,0.891454545454545
113351,68880,44471,0.585221509542695,0.549469467383511,0.708733811923905,24.5418181818182,13.7527272727273,61.7054545454545,0.687272727272727,36.4309090909091,0.0890909090909091,17.0563636363636,0.0509090909090909,45.6854545454545,-0.080584135114259,1.11940727752464,0.841127272727273,0.845618181818182,0.891454545454545
113371,68884,44487,0.585312010240671,0.549465128146979,0.70871692503361,24.54,13.7563636363636,61.7036363636364,0.683636363636364,36.4472727272727,0.0745454545454545,17.0018181818182,0.0509090909090909,45.7418181818182,-0.0810544821411234,1.11077540332282,0.841127272727273,0.845618181818182,0.891454545454545
113368,68882,44486,0.585195947448533,0.549474247127899,0.708690870888901,24.5327272727273,13.7581818181818,61.7090909090909,0.681818181818182,36.46,0.0672727272727273,16.9345454545455,0.0563636363636364,45.8,-0.0821703657135169,1.11043769735843,0.841127272727273,0.845618181818182,0.891454545454545
113453,68880,44573,0.585108960320492,0.549347542724742,0.708783349156856,24.5327272727273,13.7527272727273,61.7145454545455,0.68,36.4563636363636,0.0654545454545455,16.8545454545455,0.0636363636363636,45.88,-0.0813673425851117,1.11941504566507,0.841127272727273,0.845618181818182,0.891454545454545
113523,68886,44637,0.585142355012135,0.549341450038335,0.708822407784483,24.5345454545455,13.7545454545455,61.7109090909091,0.672727272727273,36.4709090909091,0.0527272727272727,16.7981818181818,0.0545454545454545,45.9509090909091,-0.0811089314127457,1.12563675276258,0.841127272727273,0.845618181818182,0.891454545454545
113380,68886,44494,0.585024782800455,0.549192597747948,0.708793508975803,24.54,13.7527272727273,61.7072727272727,0.669090909090909,36.4672727272727,0.0581818181818182,16.7418181818182,0.0490909090909091,46.0145454545455,-0.0808303705656396,1.0981134860353,0.841127272727273,0.845618181818182,0.891454545454545
113354,68884,44470,0.584906939567229,0.549100462236553,0.708843357235355,24.5327272727273,13.7563636363636,61.7109090909091,0.667272727272727,36.4581818181818,0.0563636363636364,16.7127272727273,0.04,46.0654545454545,-0.0811681795903992,1.08890096038919,0.841127272727273,0.845618181818182,0.891454545454545
113513,68888,44625,0.585088233531003,0.549146084247686,0.708875813793976,24.5309090909091,13.7581818181818,61.7109090909091,0.66,36.4563636363636,0.0581818181818182,16.6454545454545,0.04,46.14,-0.080933705482411,1.09753977438456,0.841127272727273,0.845618181818182,0.891454545454545
113655,68890,44765,0.585249413472154,0.549244727722841,0.708857543298568,24.5363636363636,13.7527272727273,61.7109090909091,0.650909090909091,36.4872727272727,0.0418181818181818,16.5927272727273,0.0618181818181818,46.1654545454545,-0.0813382389939017,1.1213225394826,0.841127272727273,0.845618181818182,0.891454545454545
113742,68890,44852,0.585261956753556,0.549308107512309,0.708788717008883,24.5381818181818,13.7472727272727,61.7145454545455,0.645454545454546,36.4927272727273,0.0454545454545455,16.5236363636364,0.0545454545454545,46.2381818181818,-0.0800393550655909,1.12992813748054,0.841127272727273,0.845618181818182,0.891454545454545
113678,68886,44792,0.585208892057987,0.549221606101467,0.708876421627743,24.5327272727273,13.7472727272727,61.72,0.645454545454546,36.5036363636364,0.0654545454545455,16.4036363636364,0.06,46.3218181818182,-0.0813534863100689,1.11589617273686,0.841127272727273,0.845618181818182,0.891454545454545
113385,68886,44499,0.585013170790305,0.54876590596395,0.708917543949852,24.5327272727273,13.7490909090909,61.7181818181818,0.643636363636364,36.5054545454545,0.0581818181818182,16.3490909090909,0.0581818181818182,46.3854545454545,-0.0813725944675918,1.0557826180392,0.841127272727273,0.845618181818182,0.891454545454545
113434,68878,44556,0.584730829712308,0.549050878091157,0.709026021991774,24.5345454545455,13.7418181818182,61.7236363636364,0.638181818181818,36.5327272727273,0.0581818181818182,16.2763636363636,0.06,46.4345454545455,-0.0821537596004915,1.06565935585902,0.841127272727273,0.845618181818182,0.891454545454545
113533,68886,44647,0.584861562830281,0.548956309524982,0.709082817493271,24.5327272727273,13.7381818181818,61.7290909090909,0.638181818181818,36.5454545454545,0.0581818181818182,16.1945454545455,0.0545454545454545,46.5090909090909,-0.0805357241511295,1.06606848029928,0.841127272727273,0.845618181818182,0.891454545454545
113375,68892,44483,0.585023635517073,0.548485706639048,0.709095682481823,24.5327272727273,13.7345454545455,61.7327272727273,0.632727272727273,36.5309090909091,0.0709090909090909,16.1527272727273,0.0545454545454545,46.5581818181818,-0.080074159776268,1.0395704991925,0.841127272727273,0.845618181818182,0.891454545454545
113614,68896,44718,0.585179432794015,0.548642931559529,0.709079057750359,24.5363636363636,13.7327272727273,61.7309090909091,0.629090909090909,36.5436363636364,0.0672727272727273,16.1109090909091,0.0581818181818182,46.5909090909091,-0.0803600982147724,1.07655900085599,0.841127272727273,0.845618181818182,0.891454545454545
113577,68898,44679,0.585202713895153,0.548498656787626,0.709106757123446,24.54,13.7272727272727,61.7327272727273,0.627272727272727,36.56,0.0636363636363636,16.0472727272727,0.0672727272727273,46.6345454545455,-0.0791821129013856,1.06059580303475,0.841127272727273,0.845618181818182,0.891454545454545
113519,68902,44617,0.58532507891154,0.548262410533325,0.709081653204374,24.5418181818182,13.7254545454545,61.7327272727273,0.625454545454545,36.5909090909091,0.0472727272727273,16.0072727272727,0.06,46.6690909090909,-0.0786024040043148,1.03649409472604,0.841127272727273,0.845618181818182,0.891454545454545
113378,68896,44482,0.585222467040672,0.548183482908565,0.708943229896621,24.5381818181818,13.7327272727273,61.7290909090909,0.625454545454545,36.5945454545455,0.06,15.9563636363636,0.0618181818181818,46.7018181818182,-0.0798182057367574,1.00303223451218,0.841127272727273,0.845618181818182,0.891454545454545
113529,68888,44641,0.5851600551418,0.548297983141184,0.708982102660514,24.5327272727273,13.7363636363636,61.7309090909091,0.623636363636364,36.6054545454545,0.0472727272727273,15.9145454545455,0.0545454545454545,46.7545454545455,-0.0813329836114215,1.02538122181696,0.841127272727273,0.845618181818182,0.891454545454545
113563,68896,44667,0.585128610124913,0.54830168339938,0.709047689118791,24.5345454545455,13.7363636363636,61.7290909090909,0.623636363636364,36.6327272727273,0.0581818181818182,15.8272727272727,0.0381818181818182,46.82,-0.0799594087986737,1.02452007010579,0.841127272727273,0.845618181818182,0.891454545454545
113473,68894,44579,0.584942785481495,0.548182031922507,0.709098338623309,24.54,13.7290909090909,61.7309090909091,0.621818181818182,36.6472727272727,0.0563636363636364,15.7254545454545,0.0418181818181818,46.9072727272727,-0.079988902854083,1.0097534277307,0.841127272727273,0.845618181818182,0.891454545454545
113618,68896,44722,0.585106117330136,0.548221057053966,0.709095419345015,24.5327272727273,13.7345454545455,61.7327272727273,0.623636363636364,36.6509090909091,0.0763636363636364,15.6345454545455,0.0509090909090909,46.9636363636364,-0.0809281838204697,1.00968163773756,0.841127272727273,0.845618181818182,0.891454545454545
113724,68902,44822,0.585210957239367,0.548131554989732,0.709167377159163,24.5363636363636,13.7290909090909,61.7345454545455,0.62,36.6690909090909,0.0672727272727273,15.5618181818182,0.0327272727272727,47.0490909090909,-0.0806517050993203,1.01399026292122,0.841127272727273,0.845618181818182,0.891454545454545
113756,68908,44848,0.585324268194807,0.548062619590679,0.709201529200504,24.5345454545455,13.7290909090909,61.7363636363636,0.616363636363636,36.7145454545455,0.0636363636363636,15.4872727272727,0.0272727272727273,47.0909090909091,-0.0790915808070415,1.01113740350543,0.841127272727273,0.845618181818182,0.891454545454545
113777,68906,44871,0.585336512799845,0.548056664496979,0.709073483146987,24.5345454545455,13.7309090909091,61.7345454545455,0.614545454545455,36.7309090909091,0.0654545454545455,15.4127272727273,0.0454545454545455,47.1309090909091,-0.0795944934060654,1.00428282512691,0.841127272727273,0.845618181818182,0.891454545454545
113750,68908,44842,0.585306190111898,0.547927040958974,0.70909911384192,24.5290909090909,13.7345454545455,61.7363636363636,0.612727272727273,36.7581818181818,0.0763636363636364,15.3254545454545,0.0436363636363636,47.1836363636364,-0.0795277728194792,0.986974767155268,0.841127272727273,0.845618181818182,0.891454545454545
113944,68908,45036,0.585242346245192,0.547976833477123,0.709190418577287,24.5345454545455,13.7272727272727,61.7381818181818,0.612727272727273,36.78,0.0618181818181818,15.2672727272727,0.0254545454545455,47.2527272727273,-0.0796626933351531,1.00380661882121,0.841127272727273,0.845618181818182,0.891454545454545
113655,68898,44757,0.58488143396979,0.547601603647469,0.709237138435212,24.5436363636364,13.7181818181818,61.7381818181818,0.610909090909091,36.8054545454546,0.06,15.16,0.0545454545454545,47.3090909090909,-0.0799301866859423,0.962808809772303,0.841127272727273,0.845618181818182,0.891454545454545
113747,68898,44849,0.584763001962957,0.547686161493739,0.709236040391635,24.5381818181818,13.7236363636364,61.7381818181818,0.609090909090909,36.8327272727273,0.0490909090909091,15.0981818181818,0.0418181818181818,47.3690909090909,-0.0808632033850451,0.977359567224895,0.841127272727273,0.845618181818182,0.891454545454545
113911,68910,45001,0.585182932714825,0.547739932113108,0.709257642681676,24.5363636363636,13.7236363636364,61.74,0.605454545454545,36.8309090909091,0.0654545454545455,15.0381818181818,0.0327272727272727,47.4272727272727,-0.080140421176913,0.995644676638767,0.841127272727273,0.845618181818182,0.891454545454545
113993,68914,45079,0.58526419663562,0.547834362410248,0.709256659137537,24.5363636363636,13.7218181818182,61.7418181818182,0.607272727272727,36.8309090909091,0.0727272727272727,14.9890909090909,0.0345454545454545,47.4654545454545,-0.078359168609892,1.0038996021983,0.841127272727273,0.845618181818182,0.891454545454545
114081,68916,45165,0.585268517576758,0.547792381398314,0.709198849260448,24.5363636363636,13.7254545454545,61.7381818181818,0.609090909090909,36.86,0.0709090909090909,14.9127272727273,0.0363636363636364,47.5109090909091,-0.0781316319135427,1.00041179673916,0.841127272727273,0.845618181818182,0.891454545454545
114051,68914,45137,0.585280495969046,0.547748883291182,0.709183109785117,24.5381818181818,13.7181818181818,61.7436363636364,0.609090909090909,36.8745454545455,0.06,14.8618181818182,0.0363636363636364,47.5581818181818,-0.0790128185696631,0.991112066796896,0.841127272727273,0.845618181818182,0.891454545454545
114059,68916,45143,0.585318997871626,0.547781558391564,0.70922921812305,24.5345454545455,13.72,61.7454545454545,0.609090909090909,36.8981818181818,0.0636363636363636,14.8036363636364,0.0418181818181818,47.5836363636364,-0.0792516025310099,0.987503445622596,0.841127272727273,0.845618181818182,0.891454545454545
114129,68926,45203,0.585256446011028,0.547871760183943,0.70918570453242,24.5327272727273,13.7236363636364,61.7436363636364,0.607272727272727,36.9145454545455,0.0636363636363636,14.7436363636364,0.0472727272727273,47.6236363636364,-0.0778407704416002,0.985859663426791,0.841127272727273,0.845618181818182,0.891454545454545
114039,68924,45115,0.585112895040711,0.547862257484176,0.709188601040709,24.5345454545455,13.72,61.7454545454545,0.605454545454545,36.9272727272727,0.0618181818181818,14.7109090909091,0.0363636363636364,47.6581818181818,-0.0780903191858422,0.968383539806713,0.841127272727273,0.845618181818182,0.891454545454545
113979,68932,45047,0.585031038020255,0.547760329963939,0.709249654285005,24.5345454545455,13.7163636363636,61.7490909090909,0.603636363636364,36.9490909090909,0.0709090909090909,14.6545454545455,0.0436363636363636,47.6781818181818,-0.076359320850737,0.955110347397964,0.841127272727273,0.845618181818182,0.891454545454545
113938,68934,45004,0.585170862882001,0.547749734673857,0.709135598112671,24.5381818181818,13.7109090909091,61.7509090909091,0.596363636363636,36.9981818181818,0.0636363636363636,14.5654545454545,0.0436363636363636,47.7327272727273,-0.0764665376500488,0.956042387438091,0.841127272727273,0.845618181818182,0.891454545454545
114048,68932,45116,0.585204966815226,0.547737966929039,0.709277363201144,24.5381818181818,13.7109090909091,61.7509090909091,0.596363636363636,37.0254545454545,0.0545454545454545,14.4890909090909,0.0418181818181818,47.7927272727273,-0.0774342063036536,0.960165190755982,0.841127272727273,0.845618181818182,0.891454545454545
113912,68926,44986,0.584842804205198,0.54773195360016,0.70919398772974,24.5381818181818,13.7054545454545,61.7563636363636,0.596363636363636,37.0236363636364,0.0563636363636364,14.4454545454545,0.0490909090909091,47.8290909090909,-0.0773653657582475,0.919371134429027,0.841127272727273,0.845618181818182,0.891454545454545
113862,68924,44938,0.584812480416703,0.547731301027705,0.709215075049113,24.5363636363636,13.7054545454545,61.7581818181818,0.596363636363636,37.0436363636364,0.0563636363636364,14.3909090909091,0.0490909090909091,47.8636363636364,-0.0776995249097705,0.911558992060071,0.841127272727273,0.845618181818182,0.891454545454545
113993,68940,45053,0.585016870923491,0.547736179882309,0.709273289718397,24.5327272727273,13.7163636363636,61.7509090909091,0.594545454545455,37.0636363636364,0.0745454545454545,14.3309090909091,0.04,47.8963636363636,-0.0761254136473161,0.922171389616348,0.841127272727273,0.845618181818182,0.891454545454545
113873,68934,44939,0.584950087052064,0.54750755916061,0.709331530315747,24.5381818181818,13.7090909090909,61.7527272727273,0.592727272727273,37.0727272727273,0.0672727272727273,14.2981818181818,0.0472727272727273,47.9218181818182,-0.0761508034234794,0.900038545265455,0.841127272727273,0.845618181818182,0.891454545454545
113711,68942,44769,0.584770600591873,0.547518719167003,0.709311987816325,24.5327272727273,13.7163636363636,61.7509090909091,0.594545454545455,37.0636363636364,0.0581818181818182,14.3109090909091,0.04,47.9327272727273,-0.0766733630127502,0.877671940184452,0.841127272727273,0.845618181818182,0.891454545454545
113830,68946,44884,0.584984620626315,0.547435198333754,0.709352215109866,24.5309090909091,13.7163636363636,61.7527272727273,0.592727272727273,37.0327272727273,0.0818181818181818,14.28,0.0490909090909091,47.9636363636364,-0.075449082040979,0.873985679320652,0.841127272727273,0.845618181818182,0.891454545454545
113910,68952,44958,0.585111603871823,0.547598205421523,0.70923800682716,24.5327272727273,13.7127272727273,61.7545454545455,0.589090909090909,37.0381818181818,0.0963636363636364,14.22,0.0472727272727273,48.0090909090909,-0.075021951422464,0.893793002448299,0.841127272727273,0.845618181818182,0.891454545454545
113856,68950,44906,0.5851124165274,0.547381764303965,0.709227280747159,24.5363636363636,13.7072727272727,61.7563636363636,0.587272727272727,37.06,0.0854545454545454,14.1909090909091,0.0527272727272727,48.0236363636364,-0.0753770631227863,0.87191979505799,0.841127272727273,0.845618181818182,0.891454545454545
113695,68938,44757,0.584895396437154,0.547316287877717,0.709112751563305,24.5327272727273,13.7072727272727,61.76,0.585454545454545,37.0763636363636,0.0690909090909091,14.1709090909091,0.0490909090909091,48.0490909090909,-0.0769622568919989,0.856795975735242,0.841127272727273,0.845618181818182,0.891454545454545
113831,68942,44889,0.585040916177584,0.547477308047847,0.709095634450376,24.5272727272727,13.7145454545455,61.7581818181818,0.587272727272727,37.0763636363636,0.0763636363636364,14.1254545454545,0.0418181818181818,48.0927272727273,-0.0772647315822228,0.86681532270529,0.841127272727273,0.845618181818182,0.891454545454545
113780,68940,44840,0.584977627729466,0.547313647272361,0.709159070225041,24.5309090909091,13.7054545454545,61.7636363636364,0.587272727272727,37.0781818181818,0.0745454545454545,14.0945454545455,0.0472727272727273,48.1181818181818,-0.077076009073343,0.854356909170747,0.841127272727273,0.845618181818182,0.891454545454545
113745,68940,44805,0.584993647654666,0.547277974947506,0.709126082599342,24.5345454545455,13.7036363636364,61.7618181818182,0.585454545454545,37.08,0.0618181818181818,14.0854545454545,0.0418181818181818,48.1454545454545,-0.077040097970869,0.843590588571334,0.841127272727273,0.845618181818182,0.891454545454545
113868,68954,44914,0.585009025885087,0.547469120632316,0.709098006042446,24.5309090909091,13.7090909090909,61.76,0.585454545454545,37.0781818181818,0.0763636363636364,14.0345454545455,0.0472727272727273,48.1781818181818,-0.0744236204854794,0.862112199151042,0.841127272727273,0.845618181818182,0.891454545454545
113996,68956,45040,0.58506986406068,0.54724684832362,0.709427363458205,24.5309090909091,13.7090909090909,61.76,0.583636363636364,37.1,0.0636363636363636,13.9745454545455,0.0527272727272727,48.2254545454545,-0.0737240819310045,0.861019548331387,0.841127272727273,0.845618181818182,0.891454545454545
113977,68962,45015,0.584877509106367,0.547197312973399,0.709437980871691,24.5363636363636,13.7036363636364,61.76,0.58,37.1127272727273,0.0581818181818182,13.9509090909091,0.0454545454545455,48.2527272727273,-0.0731598519161542,0.841570147897371,0.841127272727273,0.845618181818182,0.891454545454545
114064,68950,45114,0.58489400411464,0.547425738686121,0.709352460882892,24.5327272727273,13.7054545454545,61.7618181818182,0.58,37.1127272727273,0.0636363636363636,13.9309090909091,0.0454545454545455,48.2672727272727,-0.0766096158774127,0.85492470769889,0.841127272727273,0.845618181818182,0.891454545454545
113978,68954,45024,0.58480480617998,0.547352527050246,0.709415401300138,24.5363636363636,13.6981818181818,61.7654545454546,0.576363636363636,37.1290909090909,0.0545454545454545,13.8981818181818,0.0436363636363636,48.2981818181818,-0.0752009078070304,0.849668816053732,0.841127272727273,0.845618181818182,0.891454545454545
114100,68958,45142,0.585011027501941,0.547278458129594,0.709390875126361,24.5272727272727,13.7090909090909,61.7636363636364,0.576363636363636,37.1454545454545,0.0618181818181818,13.8509090909091,0.0490909090909091,48.3163636363636,-0.0758919797242305,0.842051186217842,0.841127272727273,0.845618181818182,0.891454545454545
114034,68960,45074,0.584980482259757,0.547244367749876,0.709336378792933,24.5290909090909,13.7090909090909,61.7618181818182,0.576363636363636,37.1563636363636,0.0581818181818182,13.82,0.0309090909090909,48.3581818181818,-0.0755399851187411,0.832737180124968,0.841127272727273,0.845618181818182,0.891454545454545
114090,68960,45130,0.584869633011382,0.547380891522565,0.7093697164545,24.5272727272727,13.7072727272727,61.7654545454546,0.578181818181818,37.1363636363636,0.0618181818181818,13.8054545454545,0.0272727272727273,48.3909090909091,-0.0747799922699993,0.838327551353723,0.841127272727273,0.845618181818182,0.891454545454545
114019,68960,45059,0.584973609495986,0.547247512117133,0.709309466490836,24.5309090909091,13.7036363636364,61.7654545454546,0.578181818181818,37.1290909090909,0.0509090909090909,13.7981818181818,0.0381818181818182,48.4054545454546,-0.0744520653915722,0.823910861009393,0.841127272727273,0.845618181818182,0.891454545454545
113937,68954,44983,0.584791145489324,0.54721691594476,0.70924828195128,24.5290909090909,13.7036363636364,61.7672727272727,0.576363636363636,37.1309090909091,0.0454545454545455,13.7545454545455,0.04,48.4527272727273,-0.0761418800325456,0.817710630015724,0.841127272727273,0.845618181818182,0.891454545454545
113919,68950,44969,0.584880079793124,0.546861626935149,0.709344988634435,24.5327272727273,13.6981818181818,61.7690909090909,0.574545454545455,37.1454545454545,0.0509090909090909,13.7018181818182,0.0381818181818182,48.4890909090909,-0.0759478257015458,0.800618364225904,0.841127272727273,0.845618181818182,0.891454545454545
113958,68960,44998,0.584765678226412,0.547071458316055,0.709474824318331,24.5290909090909,13.7054545454545,61.7654545454546,0.576363636363636,37.1363636363636,0.0472727272727273,13.6636363636364,0.0509090909090909,48.5254545454545,-0.0755159507495591,0.792378207668662,0.841127272727273,0.845618181818182,0.891454545454545
113932,68956,44976,0.584847309224479,0.547027177041161,0.709402804160544,24.5345454545455,13.7036363636364,61.7618181818182,0.576363636363636,37.1327272727273,0.0509090909090909,13.6327272727273,0.0454545454545455,48.5618181818182,-0.0755212205360129,0.782850416030057,0.841127272727273,0.845618181818182,0.891454545454545
114005,68966,45039,0.584871249156212,0.547173059457155,0.709403108956645,24.5345454545455,13.7036363636364,61.7618181818182,0.572727272727273,37.1472727272727,0.0581818181818182,13.5690909090909,0.0381818181818182,48.6145454545455,-0.0746900781049094,0.78752700604329,0.841127272727273,0.845618181818182,0.891454545454545
113989,68968,45021,0.584851276546594,0.547074278669502,0.709432018425624,24.5345454545455,13.7036363636364,61.7618181818182,0.572727272727273,37.1527272727273,0.0436363636363636,13.5236363636364,0.0454545454545455,48.6618181818182,-0.0751514118052083,0.777678126393055,0.841127272727273,0.845618181818182,0.891454545454545
113977,68960,45017,0.58458621215578,0.54706617910739,0.709531469969513,24.5290909090909,13.7036363636364,61.7672727272727,0.572727272727273,37.1436363636364,0.06,13.4690909090909,0.0472727272727273,48.7072727272727,-0.0762090835176671,0.766047172968022,0.841127272727273,0.845618181818182,0.891454545454545
113993,68958,45035,0.584593464590696,0.547050712188505,0.709536693560033,24.5290909090909,13.7036363636364,61.7672727272727,0.572727272727273,37.1309090909091,0.0563636363636364,13.4272727272727,0.0527272727272727,48.76,-0.0775308868226768,0.754684679413384,0.841127272727273,0.845618181818182,0.891454545454545
114072,68970,45102,0.584811096436785,0.547002295685894,0.709497847518477,24.5309090909091,13.7018181818182,61.7672727272727,0.572727272727273,37.1145454545455,0.0636363636363636,13.3981818181818,0.0418181818181818,48.8090909090909,-0.075921222992284,0.770410727125339,0.841127272727273,0.845618181818182,0.891454545454545
114079,68962,45117,0.584594780764035,0.547174133753728,0.709477779655461,24.5309090909091,13.6981818181818,61.7709090909091,0.576363636363636,37.0981818181818,0.0490909090909091,13.4127272727273,0.0254545454545455,48.8381818181818,-0.0768681095746946,0.776476555038244,0.841127272727273,0.845618181818182,0.891454545454545
114212,68972,45240,0.58474361498936,0.547198857894763,0.709487481394568,24.5290909090909,13.6981818181818,61.7727272727273,0.570909090909091,37.0763636363636,0.0618181818181818,13.3672727272727,0.0454545454545455,48.8781818181818,-0.0738970938538841,0.77783149629408,0.841127272727273,0.845618181818182,0.891454545454545
114207,68980,45227,0.584734545322182,0.547177849999684,0.70953772227895,24.5327272727273,13.6927272727273,61.7745454545455,0.570909090909091,37.0472727272727,0.0563636363636364,13.3709090909091,0.0290909090909091,48.9254545454545,-0.0727380994877587,0.777561567275023,0.841127272727273,0.845618181818182,0.891454545454545
114127,68964,45163,0.584756931110357,0.547092385666462,0.709461402241048,24.5290909090909,13.6945454545455,61.7763636363636,0.569090909090909,37.0290909090909,0.0836363636363636,13.32,0.0381818181818182,48.96,-0.0758342508923637,0.754460342736407,0.841127272727273,0.845618181818182,0.891454545454545
114159,68968,45191,0.584708440067934,0.546984162996191,0.709433660349882,24.5309090909091,13.6945454545455,61.7745454545455,0.565454545454545,37.0236363636364,0.0745454545454545,13.2945454545455,0.0381818181818182,49.0036363636364,-0.0750432067664819,0.762219841452315,0.841127272727273,0.845618181818182,0.891454545454545
114200,68976,45224,0.584670851757869,0.547049721729671,0.709560076599535,24.5290909090909,13.6945454545455,61.7763636363636,0.567272727272727,37.0090909090909,0.0618181818181818,13.2854545454545,0.0327272727272727,49.0436363636364,-0.0736358238465817,0.752546674123203,0.841127272727273,0.845618181818182,0.891454545454545
114078,68972,45106,0.584470497026901,0.54705255517911,0.70956862901259,24.5254545454545,13.7018181818182,61.7727272727273,0.565454545454545,36.9981818181818,0.0636363636363636,13.2636363636364,0.0272727272727273,49.0818181818182,-0.0742860950652936,0.732551964139566,0.841127272727273,0.845618181818182,0.891454545454545
114207,68978,45229,0.584601150253259,0.547162918461004,0.709539806212829,24.5254545454545,13.7,61.7745454545455,0.561818181818182,36.9727272727273,0.0581818181818182,13.2854545454545,0.0272727272727273,49.0945454545455,-0.0737958245549221,0.743036736116152,0.841127272727273,0.845618181818182,0.891454545454545
114218,68976,45242,0.584675221113736,0.547063916086257,0.709544994937933,24.5290909090909,13.6945454545455,61.7763636363636,0.561818181818182,36.9709090909091,0.0527272727272727,13.2509090909091,0.0236363636363636,49.14,-0.075364727457517,0.741310288884084,0.841127272727273,0.845618181818182,0.891454545454545
114200,68972,45228,0.584483227943361,0.547105310330827,0.709510111555799,24.5309090909091,13.6963636363636,61.7727272727273,0.558181818181818,36.96,0.0654545454545455,13.2181818181818,0.0472727272727273,49.1509090909091,-0.0762589600726642,0.731082360979847,0.841127272727273,0.845618181818182,0.891454545454545
114219,68976,45243,0.584611233639558,0.547075668576905,0.709350632794901,24.5309090909091,13.6963636363636,61.7727272727273,0.558181818181818,36.94,0.0690909090909091,13.2163636363636,0.0272727272727273,49.1890909090909,-0.0749453154149953,0.730043746979738,0.841127272727273,0.845618181818182,0.891454545454545
114233,68978,45255,0.584667132071642,0.54696322877396,0.709525555903353,24.5272727272727,13.7072727272727,61.7654545454546,0.558181818181818,36.9290909090909,0.0636363636363636,13.1981818181818,0.0436363636363636,49.2072727272727,-0.0755111802751013,0.718351532214067,0.841127272727273,0.845618181818182,0.891454545454545
114273,68976,45297,0.584721891285179,0.546885706537682,0.709548387014081,24.5309090909091,13.7,61.7690909090909,0.556363636363636,36.9054545454546,0.06,13.2145454545455,0.0363636363636364,49.2272727272727,-0.0747349572608073,0.707709383871406,0.841127272727273,0.845618181818182,0.891454545454545
114140,68966,45174,0.584411698480124,0.546691700631611,0.709574080315315,24.5381818181818,13.6890909090909,61.7727272727273,0.552727272727273,36.9090909090909,0.0581818181818182,13.1890909090909,0.0436363636363636,49.2472727272727,-0.075704149088944,0.690610157393596,0.841127272727273,0.845618181818182,0.891454545454545
114277,68980,45297,0.584691052797731,0.546776687251554,0.709595688981539,24.5309090909091,13.6927272727273,61.7763636363636,0.547272727272727,36.8963636363636,0.0509090909090909,13.1963636363636,0.0381818181818182,49.2709090909091,-0.0739843089120768,0.696567236428911,0.841127272727273,0.845618181818182,0.891454545454545
114294,68980,45314,0.584644319710863,0.546930589889632,0.709546876716635,24.5272727272727,13.6963636363636,61.7763636363636,0.543636363636364,36.8927272727273,0.0545454545454545,13.1727272727273,0.0309090909090909,49.3054545454546,-0.0748900580438203,0.70447851781818,0.841127272727273,0.845618181818182,0.891454545454545
114220,68978,45242,0.584598133881636,0.546840741078592,0.709560380563041,24.5272727272727,13.7018181818182,61.7709090909091,0.54,36.8909090909091,0.0454545454545455,13.1545454545455,0.0454545454545455,49.3236363636364,-0.0754881926161033,0.693238823328548,0.841127272727273,0.845618181818182,0.891454545454545
114223,68976,45247,0.584566925928344,0.546875900003829,0.709480503298121,24.5254545454545,13.7018181818182,61.7727272727273,0.538181818181818,36.8672727272727,0.0454545454545455,13.1636363636364,0.0418181818181818,49.3436363636364,-0.0753183932991967,0.688411331367256,0.841127272727273,0.845618181818182,0.891454545454545
114164,68984,45180,0.58464065501495,0.546655204915622,0.709530259680715,24.5290909090909,13.6981818181818,61.7727272727273,0.536363636363636,36.8545454545455,0.0490909090909091,13.1472727272727,0.04,49.3727272727273,-0.074162434440636,0.65982255353169,0.841127272727273,0.845618181818182,0.891454545454545
114169,68984,45185,0.584625042722132,0.546727615970773,0.709580510572841,24.5218181818182,13.7090909090909,61.7690909090909,0.534545454545455,36.84,0.0490909090909091,13.1672727272727,0.0345454545454545,49.3745454545455,-0.0761018898024882,0.652815051800148,0.841127272727273,0.845618181818182,0.891454545454545
113956,68978,44978,0.584267141732017,0.54654109675781,0.70947824883807,24.5290909090909,13.6927272727273,61.7781818181818,0.529090909090909,36.8363636363636,0.0472727272727273,13.14,0.0381818181818182,49.4090909090909,-0.0754564515947343,0.626053660633889,0.841127272727273,0.845618181818182,0.891454545454545
114053,68980,45073,0.584312796111264,0.546564420873361,0.709478586195051,24.5290909090909,13.6909090909091,61.78,0.529090909090909,36.8018181818182,0.0545454545454545,13.1527272727273,0.0345454545454545,49.4272727272727,-0.0755472722715819,0.631509468403899,0.841127272727273,0.845618181818182,0.891454545454545
113978,68980,44998,0.584157466006485,0.546495079542831,0.709596233217202,24.5327272727273,13.6890909090909,61.7781818181818,0.527272727272727,36.7818181818182,0.0454545454545455,13.1363636363636,0.0454545454545455,49.4636363636364,-0.0751937211299182,0.605273442893204,0.841127272727273,0.845618181818182,0.891454545454545
114042,68980,45062,0.584328125241482,0.546697900106681,0.709520230681235,24.5309090909091,13.6927272727273,61.7763636363636,0.527272727272727,36.7654545454546,0.0436363636363636,13.1254545454545,0.0472727272727273,49.4909090909091,-0.0753974137557221,0.607938623600851,0.841127272727273,0.845618181818182,0.891454545454545
114139,68982,45157,0.584426244121342,0.546695545157099,0.709476414980839,24.5254545454545,13.6981818181818,61.7763636363636,0.529090909090909,36.7363636363636,0.0545454545454545,13.1163636363636,0.0345454545454545,49.5290909090909,-0.0753262932642677,0.620685266737233,0.841127272727273,0.845618181818182,0.891454545454545
114136,68986,45150,0.584383735163803,0.546608529081701,0.709544954321751,24.5236363636364,13.6981818181818,61.7781818181818,0.525454545454546,36.7036363636364,0.06,13.1054545454545,0.0454545454545455,49.56,-0.0737128855945147,0.608298081159592,0.841127272727273,0.845618181818182,0.891454545454545
114097,68974,45123,0.584164062401699,0.546588585214826,0.709574712436889,24.5181818181818,13.7090909090909,61.7727272727273,0.523636363636364,36.6727272727273,0.0545454545454545,13.1163636363636,0.0363636363636364,49.5963636363636,-0.0766814750749869,0.600235921390016,0.841127272727273,0.845618181818182,0.891454545454545
114267,68972,45295,0.58434687890035,0.546777056946507,0.709545977687146,24.5163636363636,13.7072727272727,61.7763636363636,0.523636363636364,36.6309090909091,0.0527272727272727,13.1236363636364,0.0472727272727273,49.6218181818182,-0.0768930319172796,0.620318325031125,0.841127272727273,0.845618181818182,0.891454545454545
114174,68980,45194,0.584348783584064,0.546706425580845,0.709572574831829,24.5254545454545,13.7018181818182,61.7727272727273,0.523636363636364,36.58,0.0636363636363636,13.1290909090909,0.0418181818181818,49.6618181818182,-0.0742903223278931,0.6000806723425,0.841127272727273,0.845618181818182,0.891454545454545
114198,68986,45212,0.584356330041581,0.546639205545194,0.709637733246893,24.5272727272727,13.6945454545455,61.7781818181818,0.527272727272727,36.5527272727273,0.0527272727272727,13.1236363636364,0.0418181818181818,49.7018181818182,-0.0728810504716834,0.6050254159226,0.841127272727273,0.845618181818182,0.891454545454545
114213,68986,45227,0.584280487855639,0.546528528530587,0.709591395659129,24.5254545454545,13.7036363636364,61.7709090909091,0.527272727272727,36.5290909090909,0.0636363636363636,13.1036363636364,0.0345454545454545,49.7418181818182,-0.0733506072706653,0.604015693796629,0.841127272727273,0.845618181818182,0.891454545454545
114268,68990,45278,0.584276163320598,0.546717499606365,0.709567775754743,24.5236363636364,13.7,61.7763636363636,0.525454545454546,36.5090909090909,0.0563636363636364,13.1018181818182,0.0309090909090909,49.7763636363636,-0.0738582345545431,0.606945169581608,0.841127272727273,0.845618181818182,0.891454545454545
114251,68982,45269,0.584267179453797,0.546587711366896,0.709551862315885,24.5236363636364,13.6981818181818,61.7781818181818,0.523636363636364,36.4836363636364,0.0545454545454545,13.0963636363636,0.0309090909090909,49.8109090909091,-0.0749805323192215,0.602964511608959,0.841127272727273,0.845618181818182,0.891454545454545
114052,68974,45078,0.584062591779395,0.546520937092189,0.709545010617407,24.5236363636364,13.6945454545455,61.7818181818182,0.521818181818182,36.44,0.0781818181818182,13.0781818181818,0.04,49.8418181818182,-0.0762444846140914,0.573080217740922,0.841127272727273,0.845618181818182,0.891454545454545
