"total_rewards","action_rewards","opinion_rewards","sp0_social_trust","sp1_social_trust","sp2_social_trust","sp0_request_rate","sp1_request_rate","sp2_request_rate","op0_expression_rate","op1_expression_rate","op2_expression_rate","op3_expression_rate","op4_expression_rate","op5_expression_rate","mean_loss1","mean_loss2","sp0_availability","sp1_availability","sp2_availability"
31059,30980,79,0.730045477238646,0.71280275366279,0.723462815853905,33.6763636363636,32.8672727272727,33.4563636363636,16.4890909090909,16.5418181818182,16.4854545454545,16.7527272727273,16.96,16.7709090909091,1.63942732160742,-1.7179370181127,0.878509090909091,0.847163636363636,0.862018181818182
31467,31051,416,0.730013662967896,0.712797664313784,0.7237158823873,33.7163636363636,32.7527272727273,33.5309090909091,16.3618181818182,16.68,16.3381818181818,16.9127272727273,16.82,16.8872727272727,1.57467938336459,-1.69641743952578,0.878509090909091,0.847163636363636,0.862018181818182
31797,30999,798,0.730148154422999,0.712221568298144,0.723737313500073,33.7472727272727,32.6854545454545,33.5672727272727,16.2472727272727,16.8254545454545,16.1418181818182,17.0563636363636,16.7127272727273,17.0163636363636,1.49882895729759,-1.64890376383608,0.878509090909091,0.847163636363636,0.862018181818182
32103,31019,1084,0.730255797006208,0.711648780147436,0.723763209225216,33.7890909090909,32.5854545454545,33.6254545454545,16.1709090909091,16.8927272727273,15.9454545454545,17.2454545454545,16.6563636363636,17.0890909090909,1.4288564584472,-1.65347384810448,0.878509090909091,0.847163636363636,0.862018181818182
32494,31020,1474,0.730006809007644,0.711430552934765,0.723841246244888,33.7927272727273,32.56,33.6472727272727,16.0690909090909,17,15.7927272727273,17.3836363636364,16.54,17.2145454545455,1.35754118399187,-1.5949590715495,0.878509090909091,0.847163636363636,0.862018181818182
32874,31039,1835,0.729966687002646,0.711240780123498,0.723865461163932,33.8290909090909,32.4763636363636,33.6945454545455,15.9363636363636,17.1363636363636,15.6381818181818,17.52,16.4381818181818,17.3309090909091,1.28690729791468,-1.56219532110474,0.878509090909091,0.847163636363636,0.862018181818182
33348,31048,2300,0.729947670287732,0.710760982878834,0.723782395109179,33.8545454545455,32.4072727272727,33.7381818181818,15.7945454545455,17.2945454545455,15.4872727272727,17.6890909090909,16.26,17.4745454545455,1.21490597074682,-1.46953995119442,0.878509090909091,0.847163636363636,0.862018181818182
33752,31079,2673,0.729949353542758,0.710361540985319,0.723556668229291,33.8836363636364,32.3490909090909,33.7672727272727,15.6727272727273,17.42,15.3327272727273,17.8363636363636,16.1454545454545,17.5927272727273,1.144146696004,-1.42908354726705,0.878509090909091,0.847163636363636,0.862018181818182
34083,31113,2970,0.729768699582735,0.710024009885525,0.723490999714436,33.9036363636364,32.2818181818182,33.8145454545455,15.54,17.5472727272727,15.1963636363636,17.9527272727273,16.0509090909091,17.7127272727273,1.07282125841488,-1.42966859123924,0.878509090909091,0.847163636363636,0.862018181818182
34512,31153,3359,0.72963560445554,0.709999276063593,0.723412812421095,33.9509090909091,32.1945454545455,33.8545454545455,15.4072727272727,17.6581818181818,15.0327272727273,18.1345454545455,15.9218181818182,17.8454545454545,1.00158878944137,-1.38641027808189,0.878509090909091,0.847163636363636,0.862018181818182
34959,31186,3773,0.729495154666866,0.709417281170561,0.723278891808523,33.9745454545455,32.16,33.8654545454545,15.2527272727273,17.82,14.8745454545455,18.2654545454545,15.7763636363636,18.0109090909091,0.928668769923123,-1.33091694658453,0.878509090909091,0.847163636363636,0.862018181818182
35495,31233,4262,0.729611882713367,0.70903708760431,0.723286941538298,34.0218181818182,32.0581818181818,33.92,15.1036363636364,17.9963636363636,14.6581818181818,18.4490909090909,15.6290909090909,18.1636363636364,0.855026218024167,-1.2395119108937,0.878509090909091,0.847163636363636,0.862018181818182
35970,31309,4661,0.729422657005419,0.708426862191453,0.723314883613732,34.0490909090909,31.9872727272727,33.9636363636364,14.9745454545455,18.0836363636364,14.5127272727273,18.6472727272727,15.4563636363636,18.3254545454545,0.78397151611068,-1.20190364826809,0.878509090909091,0.847163636363636,0.862018181818182
36482,31365,5117,0.729434410634046,0.708075454928496,0.723419408578152,34.0581818181818,31.9127272727273,34.0290909090909,14.8381818181818,18.1945454545455,14.3490909090909,18.8727272727273,15.24,18.5054545454545,0.710162012143569,-1.13669152693315,0.878509090909091,0.847163636363636,0.862018181818182
36989,31443,5546,0.729563998171543,0.707583649327239,0.723333239477457,34.0872727272727,31.8254545454545,34.0872727272727,14.6818181818182,18.3581818181818,14.1418181818182,19.0581818181818,15.0963636363636,18.6636363636364,0.637010972066359,-1.08761980100112,0.878509090909091,0.847163636363636,0.862018181818182
37547,31521,6026,0.729579812651122,0.707205907322007,0.723278283961363,34.1163636363636,31.7581818181818,34.1254545454545,14.4727272727273,18.5727272727273,13.9454545454545,19.2090909090909,14.9745454545455,18.8254545454545,0.562462488629601,-1.01713461984288,0.878509090909091,0.847163636363636,0.862018181818182
37988,31540,6448,0.729399962367672,0.706839144274427,0.723277840872384,34.1363636363636,31.7218181818182,34.1418181818182,14.28,18.7527272727273,13.7945454545455,19.3781818181818,14.8054545454545,18.9890909090909,0.481843462315473,-0.97345002672889,0.878509090909091,0.847163636363636,0.862018181818182
38579,31607,6972,0.729330136876302,0.706345999210265,0.723135962276774,34.1272727272727,31.7054545454545,34.1672727272727,14.0927272727273,18.96,13.5363636363636,19.6127272727273,14.6181818181818,19.18,0.403836055235429,-0.883738047968258,0.878509090909091,0.847163636363636,0.862018181818182
39266,31688,7578,0.729138603452761,0.705749581567183,0.723090291126902,34.1272727272727,31.6472727272727,34.2254545454545,13.8981818181818,19.1654545454545,13.3018181818182,19.8581818181818,14.3709090909091,19.4054545454545,0.326520815762606,-0.752325328371742,0.878509090909091,0.847163636363636,0.862018181818182
39907,31749,8158,0.729179624989951,0.704822983836858,0.7231531119773,34.1581818181818,31.5490909090909,34.2927272727273,13.6872727272727,19.3709090909091,13.0872727272727,20.0509090909091,14.16,19.6436363636364,0.246478842063384,-0.640959663282741,0.878509090909091,0.847163636363636,0.862018181818182
40641,31861,8780,0.729070971611374,0.704764155890124,0.723044152050008,34.1581818181818,31.4927272727273,34.3490909090909,13.44,19.6072727272727,12.84,20.3145454545455,13.9327272727273,19.8654545454545,0.169836164604534,-0.510866861993616,0.878509090909091,0.847163636363636,0.862018181818182
41322,31937,9385,0.72882057690627,0.70448258143286,0.722923722192405,34.1490909090909,31.4690909090909,34.3818181818182,13.1854545454545,19.8454545454545,12.6072727272727,20.5509090909091,13.7181818181818,20.0927272727273,0.089697453379631,-0.389063636823134,0.878509090909091,0.847163636363636,0.862018181818182
42042,31992,10050,0.728701024558289,0.703777147025039,0.722586389236616,34.16,31.3981818181818,34.4418181818182,12.9327272727273,20.0654545454545,12.3345454545455,20.8290909090909,13.5054545454545,20.3327272727273,0.00693237483501434,-0.243900871276855,0.878509090909091,0.847163636363636,0.862018181818182
42819,32093,10726,0.728292497315609,0.703768372761798,0.722704728289754,34.1781818181818,31.3472727272727,34.4745454545455,12.6581818181818,20.3272727272727,12.0963636363636,21.0418181818182,13.2654545454545,20.6109090909091,-0.0719774601134387,-0.0938098419796337,0.878509090909091,0.847163636363636,0.862018181818182
43471,32186,11285,0.727962144973533,0.703659690470288,0.722717651270961,34.2072727272727,31.2745454545455,34.5181818181818,12.4272727272727,20.5109090909091,11.8927272727273,21.2636363636364,13.0745454545455,20.8309090909091,-0.151627724008127,0.00511008230122653,0.878509090909091,0.847163636363636,0.862018181818182
44216,32280,11936,0.727654257890436,0.703471832375056,0.722674151114651,34.2090909090909,31.2381818181818,34.5527272727273,12.1381818181818,20.7745454545455,11.6618181818182,21.4672727272727,12.8727272727273,21.0854545454545,-0.231779297915372,0.14390393929048,0.878509090909091,0.847163636363636,0.862018181818182
44968,32384,12584,0.727564945016734,0.702882238360036,0.722528585224887,34.2345454545455,31.1345454545455,34.6309090909091,11.9054545454545,20.98,11.3745454545455,21.7872727272727,12.6236363636364,21.3290909090909,-0.311491416801106,0.287348475781354,0.878509090909091,0.847163636363636,0.862018181818182
45750,32429,13321,0.727210893819336,0.70238774763703,0.722224403126422,34.24,31.0745454545455,34.6854545454545,11.62,21.2363636363636,11.1272727272727,22.0545454545455,12.3690909090909,21.5927272727273,-0.394911823218519,0.474218680641868,0.878509090909091,0.847163636363636,0.862018181818182
46474,32487,13987,0.726855977802901,0.702441549425306,0.722142670026004,34.2527272727273,30.9981818181818,34.7490909090909,11.3654545454545,21.5018181818182,10.9054545454545,22.2527272727273,12.0781818181818,21.8963636363636,-0.476910188252276,0.625141583789479,0.878509090909091,0.847163636363636,0.862018181818182
47271,32595,14676,0.726794224959583,0.702120011772191,0.722090061477902,34.3127272727273,30.8763636363636,34.8109090909091,11.1054545454545,21.7236363636364,10.6909090909091,22.4909090909091,11.8145454545455,22.1745454545455,-0.554470810565082,0.788049731471322,0.878509090909091,0.847163636363636,0.862018181818182
48111,32723,15388,0.726261393900147,0.702025997153505,0.721982047577698,34.3181818181818,30.8090909090909,34.8727272727273,10.8690909090909,21.9672727272727,10.4109090909091,22.7418181818182,11.54,22.4709090909091,-0.629339909553528,0.959240208430724,0.878509090909091,0.847163636363636,0.862018181818182
48874,32849,16025,0.725950932541654,0.701548260221445,0.722034162325175,34.32,30.7472727272727,34.9327272727273,10.5927272727273,22.2090909090909,10.1927272727273,22.9618181818182,11.2909090909091,22.7527272727273,-0.703349950638684,1.10035614479672,0.878509090909091,0.847163636363636,0.862018181818182
49672,33000,16672,0.725784700876011,0.701069751584108,0.722190420675813,34.3490909090909,30.6490909090909,35.0018181818182,10.3309090909091,22.4618181818182,9.93818181818182,23.1763636363636,11.0363636363636,23.0563636363636,-0.775182816386223,1.24732886498625,0.878509090909091,0.847163636363636,0.862018181818182
50521,33136,17385,0.725497362403414,0.700425250154481,0.722371241746227,34.3963636363636,30.5581818181818,35.0454545454545,10.0490909090909,22.7490909090909,9.66363636363636,23.4163636363636,10.7563636363636,23.3654545454545,-0.846048293059522,1.43218323209069,0.878509090909091,0.847163636363636,0.862018181818182
51255,33254,18001,0.725436959057733,0.699639940404564,0.722136362343493,34.4236363636364,30.4981818181818,35.0781818181818,9.81636363636364,22.9618181818182,9.44545454545454,23.6218181818182,10.4890909090909,23.6654545454545,-0.917157182910226,1.5724656180902,0.878509090909091,0.847163636363636,0.862018181818182
52023,33346,18677,0.725274022478187,0.698789467548263,0.722016181796487,34.48,30.3890909090909,35.1309090909091,9.56545454545455,23.22,9.16909090909091,23.8272727272727,10.2418181818182,23.9763636363636,-0.990199001810768,1.74319000948559,0.878509090909091,0.847163636363636,0.862018181818182
52800,33446,19354,0.725148050328384,0.698299478379234,0.721791596369174,34.5109090909091,30.2727272727273,35.2163636363636,9.28,23.5254545454545,8.94727272727273,23.9981818181818,9.99272727272727,24.2563636363636,-1.05967401076447,1.91777766292745,0.878509090909091,0.847163636363636,0.862018181818182
53604,33601,20003,0.724976098217805,0.697868336592426,0.722142808765527,34.5290909090909,30.1945454545455,35.2763636363636,9.04181818181818,23.7745454545455,8.70181818181818,24.1781818181818,9.73636363636364,24.5672727272727,-1.12376504973932,2.08051018389788,0.878509090909091,0.847163636363636,0.862018181818182
54439,33723,20716,0.724809787521309,0.69760291401942,0.721874820065946,34.58,30.1181818181818,35.3018181818182,8.78727272727273,24.0490909090909,8.49818181818182,24.3654545454545,9.43818181818182,24.8618181818182,-1.18842612477866,2.27039770429785,0.878509090909091,0.847163636363636,0.862018181818182
55029,33817,21212,0.724584696928975,0.696808582212803,0.721719986901342,34.62,30.0472727272727,35.3327272727273,8.59272727272727,24.2581818181818,8.33454545454545,24.4872727272727,9.20727272727273,25.12,-1.25305087593469,2.36881470030004,0.878509090909091,0.847163636363636,0.862018181818182
55670,33915,21755,0.724428340050157,0.696272847379646,0.721543083392642,34.6636363636364,29.9981818181818,35.3381818181818,8.35818181818182,24.5309090909091,8.10909090909091,24.6272727272727,9.02,25.3545454545455,-1.31510827432979,2.49111191359433,0.878509090909091,0.847163636363636,0.862018181818182
56327,34063,22264,0.724142216396089,0.695596846268183,0.721270819331457,34.6836363636364,29.9563636363636,35.36,8.16545454545455,24.7818181818182,7.90727272727273,24.76,8.79636363636364,25.5890909090909,-1.37297268807888,2.60123661431399,0.878509090909091,0.847163636363636,0.862018181818182
57076,34200,22876,0.723848354763549,0.695809390454559,0.721103577173099,34.6690909090909,29.98,35.3509090909091,7.96545454545455,25.0309090909091,7.69272727272727,24.9436363636364,8.54363636363636,25.8236363636364,-1.42780949798497,2.76125286763365,0.878509090909091,0.847163636363636,0.862018181818182
57693,34337,23356,0.723625465046924,0.69586483332961,0.720640091766387,34.6654545454545,29.9781818181818,35.3563636363636,7.79272727272727,25.2527272727273,7.52363636363636,25.0781818181818,8.26363636363636,26.0890909090909,-1.48055467361754,2.87199875062162,0.878509090909091,0.847163636363636,0.862018181818182
58335,34439,23896,0.723633185709344,0.695603067139198,0.720247627940517,34.6963636363636,29.9745454545455,35.3290909090909,7.58909090909091,25.5054545454545,7.31636363636364,25.2345454545455,8.07636363636364,26.2781818181818,-1.53424151052128,3.00257157845931,0.878509090909091,0.847163636363636,0.862018181818182
58867,34559,24308,0.723937515351369,0.694521310623564,0.719805812788236,34.7527272727273,29.9272727272727,35.32,7.40727272727273,25.7490909090909,7.16909090909091,25.3090909090909,7.87636363636364,26.4890909090909,-1.58551625636491,3.08927135575901,0.878509090909091,0.847163636363636,0.862018181818182
59445,34660,24785,0.723669045000561,0.694158608578417,0.719054453149004,34.7981818181818,29.9327272727273,35.2690909090909,7.23454545454545,25.9581818181818,7.01272727272727,25.4418181818182,7.64181818181818,26.7109090909091,-1.63647672263059,3.19920652671294,0.878509090909091,0.847163636363636,0.862018181818182
60176,34857,25319,0.723548219689305,0.693732246473466,0.719011477353518,34.8145454545455,29.9618181818182,35.2236363636364,7.07818181818182,26.2036363636364,6.81636363636364,25.5272727272727,7.49636363636364,26.8781818181818,-1.67677042917772,3.33772010803223,0.878509090909091,0.847163636363636,0.862018181818182
60774,35025,25749,0.723403781028346,0.693719583055983,0.718637899059192,34.8545454545455,29.9345454545455,35.2109090909091,6.91454545454545,26.3963636363636,6.70363636363636,25.6018181818182,7.32727272727273,27.0563636363636,-1.71725530353459,3.43511534983462,0.878509090909091,0.847163636363636,0.862018181818182
61315,35133,26182,0.723143027048012,0.693270958984969,0.718263295552191,34.9272727272727,29.8436363636364,35.2290909090909,6.76181818181818,26.6472727272727,6.50181818181818,25.7272727272727,7.16909090909091,27.1927272727273,-1.75946579250422,3.53039880503308,0.878509090909091,0.847163636363636,0.862018181818182
61847,35298,26549,0.722916734084686,0.692653722823408,0.717827002262728,34.9545454545455,29.8727272727273,35.1727272727273,6.61636363636364,26.8672727272727,6.35090909090909,25.7909090909091,7.02909090909091,27.3454545454545,-1.7961927741766,3.60531323389574,0.878509090909091,0.847163636363636,0.862018181818182
62519,35530,26989,0.722860884136783,0.692441511687325,0.717535844971861,34.9981818181818,29.84,35.1618181818182,6.48363636363636,27.0890909090909,6.18,25.8727272727273,6.82363636363636,27.5509090909091,-1.82495053031228,3.71571882908994,0.878509090909091,0.847163636363636,0.862018181818182
63116,35689,27427,0.722702783617018,0.692043537557837,0.717361846183114,35.0272727272727,29.7854545454545,35.1872727272727,6.34,27.2909090909091,6.02181818181818,25.9854545454545,6.66,27.7018181818182,-1.85722106993198,3.81103890700774,0.878509090909091,0.847163636363636,0.862018181818182
63594,35871,27723,0.722603651188196,0.691577698475047,0.71675904369241,35.0872727272727,29.7145454545455,35.1981818181818,6.22181818181818,27.4618181818182,5.93454545454545,25.9690909090909,6.54909090909091,27.8636363636364,-1.88587984822013,3.86470291289416,0.878509090909091,0.847163636363636,0.862018181818182
64044,36001,28043,0.722395634370061,0.690889888692227,0.716252093125934,35.1381818181818,29.6872727272727,35.1745454545455,6.08909090909091,27.6272727272727,5.85454545454546,26.0090909090909,6.40181818181818,28.0181818181818,-1.91849978159774,3.92711561268026,0.878509090909091,0.847163636363636,0.862018181818182
64656,36218,28438,0.722218944076007,0.69033721725045,0.715860827099099,35.24,29.6290909090909,35.1309090909091,5.96909090909091,27.8163636363636,5.73272727272727,26.0836363636364,6.24909090909091,28.1490909090909,-1.94155867749994,4.02079628055746,0.878509090909091,0.847163636363636,0.862018181818182
65011,36283,28728,0.721803477679311,0.689864978025661,0.715432239746711,35.2727272727273,29.6218181818182,35.1054545454545,5.87272727272727,27.9854545454545,5.57818181818182,26.1345454545455,6.14909090909091,28.28,-1.97486283995888,4.07434503381903,0.878509090909091,0.847163636363636,0.862018181818182
65539,36491,29048,0.721574663057776,0.689675537553129,0.714957825834906,35.3072727272727,29.6254545454545,35.0672727272727,5.75272727272727,28.1581818181818,5.43636363636364,26.2218181818182,5.98181818181818,28.4490909090909,-1.99322224096818,4.13352843143723,0.878509090909091,0.847163636363636,0.862018181818182
66020,36711,29309,0.721452887348842,0.689102119998306,0.714171189239998,35.3454545454545,29.6018181818182,35.0527272727273,5.63454545454545,28.2927272727273,5.38,26.2472727272727,5.89272727272727,28.5527272727273,-2.00875198570165,4.17413534955545,0.878509090909091,0.847163636363636,0.862018181818182
66514,36904,29610,0.721271466432736,0.688392729686949,0.713493808884533,35.42,29.5618181818182,35.0181818181818,5.54181818181818,28.4527272727273,5.25090909090909,26.2945454545455,5.73090909090909,28.7290909090909,-2.02607247070833,4.22414581233805,0.878509090909091,0.847163636363636,0.862018181818182
66924,37073,29851,0.72073240534661,0.687612937645602,0.712972199507378,35.48,29.5309090909091,34.9890909090909,5.42363636363636,28.5981818181818,5.14363636363636,26.36,5.63454545454545,28.84,-2.04390610348095,4.25489688894965,0.878509090909091,0.847163636363636,0.862018181818182
67543,37336,30207,0.720604818829534,0.687051850362386,0.712494380447764,35.5254545454545,29.48,34.9945454545455,5.33272727272727,28.7218181818182,5.02545454545455,26.42,5.50727272727273,28.9927272727273,-2.05238009745424,4.3421004885977,0.878509090909091,0.847163636363636,0.862018181818182
67955,37519,30436,0.720173890896458,0.686381363104293,0.71197986609656,35.6236363636364,29.4109090909091,34.9654545454545,5.21454545454545,28.8709090909091,4.90909090909091,26.4472727272727,5.41818181818182,29.14,-2.06701987792145,4.37269614989107,0.878509090909091,0.847163636363636,0.862018181818182
68469,37688,30781,0.719719245695666,0.686164853365106,0.71163565619205,35.6909090909091,29.3727272727273,34.9363636363636,5.14,29.0036363636364,4.73818181818182,26.5254545454545,5.32,29.2727272727273,-2.07949776541103,4.44817056276582,0.878509090909091,0.847163636363636,0.862018181818182
68863,37867,30996,0.7192071197097,0.685357482680372,0.711009567128079,35.7418181818182,29.3290909090909,34.9290909090909,5.03818181818182,29.1254545454545,4.61272727272727,26.5963636363636,5.21454545454545,29.4127272727273,-2.09190839312293,4.46335462819446,0.878509090909091,0.847163636363636,0.862018181818182
69327,38101,31226,0.718641460511005,0.685098498465424,0.710233741436265,35.7709090909091,29.3236363636364,34.9054545454545,4.95818181818182,29.1963636363636,4.52545454545455,26.6363636363636,5.1,29.5836363636364,-2.09903035922484,4.50273086753759,0.878509090909091,0.847163636363636,0.862018181818182
69880,38403,31477,0.718457853994787,0.684198978008968,0.709451865913362,35.8254545454545,29.34,34.8345454545455,4.88363636363636,29.24,4.47454545454545,26.6727272727273,4.95090909090909,29.7781818181818,-2.09787988120859,4.54292984279719,0.878509090909091,0.847163636363636,0.862018181818182
70424,38658,31766,0.718173032909125,0.68370817719965,0.70872450939309,35.9181818181818,29.2109090909091,34.8709090909091,4.81454545454546,29.3145454545455,4.39818181818182,26.7327272727273,4.81454545454546,29.9254545454545,-2.09674639376727,4.60871196443384,0.878509090909091,0.847163636363636,0.862018181818182
71018,38975,32043,0.71755561131268,0.68370091826219,0.708142475574159,35.9381818181818,29.1690909090909,34.8927272727273,4.73272727272727,29.3854545454545,4.34,26.7745454545455,4.66363636363636,30.1036363636364,-2.09244914163243,4.6566993301565,0.878509090909091,0.847163636363636,0.862018181818182
71529,39218,32311,0.716948052320953,0.682849014355703,0.707178053679628,35.9527272727273,29.2054545454545,34.8418181818182,4.66545454545455,29.4581818181818,4.21818181818182,26.8781818181818,4.55090909090909,30.2290909090909,-2.09268368590962,4.71009196259759,0.878509090909091,0.847163636363636,0.862018181818182
72068,39581,32487,0.716339255789198,0.681588139376423,0.706630744030126,36.0018181818182,29.1581818181818,34.84,4.60727272727273,29.5072727272727,4.15454545454545,26.9309090909091,4.44909090909091,30.3509090909091,-2.08162582679228,4.72412587079135,0.878509090909091,0.847163636363636,0.862018181818182
72650,39859,32791,0.715625358900369,0.680256634617661,0.70579733807777,36.0327272727273,29.0690909090909,34.8981818181818,4.55272727272727,29.6054545454545,4.02181818181818,27.0036363636364,4.34181818181818,30.4745454545455,-2.0770213690671,4.78019764748487,0.878509090909091,0.847163636363636,0.862018181818182
73014,40133,32881,0.714872580604561,0.6789922088661,0.705090237299612,36.0509090909091,29.0509090909091,34.8981818181818,4.48909090909091,29.6818181818182,3.94545454545454,27.04,4.29454545454545,30.5490909090909,-2.07359877066179,4.77184178504077,0.878509090909091,0.847163636363636,0.862018181818182
73585,40448,33137,0.714430251650864,0.678542518846081,0.704802588922542,36.0581818181818,29.0363636363636,34.9054545454545,4.44,29.7854545454545,3.85636363636364,27.0836363636364,4.19454545454545,30.64,-2.06393301161853,4.81919127377597,0.878509090909091,0.847163636363636,0.862018181818182
74005,40707,33298,0.71381398922722,0.677549072048031,0.703944626797477,36.1,28.9818181818182,34.9181818181818,4.37090909090909,29.88,3.78,27.1527272727273,4.07272727272727,30.7436363636364,-2.057541703636,4.82863626263358,0.878509090909091,0.847163636363636,0.862018181818182
74514,41052,33462,0.713097451747189,0.677950795788979,0.702740577780303,36.1018181818182,28.9890909090909,34.9090909090909,4.31090909090909,29.9363636363636,3.74181818181818,27.18,4.01090909090909,30.82,-2.04472010894255,4.83500219258395,0.878509090909091,0.847163636363636,0.862018181818182
74906,41295,33611,0.712074139002805,0.676930994554745,0.701752216087632,36.1072727272727,29.0109090909091,34.8818181818182,4.24545454545455,30.0454545454545,3.65636363636364,27.2163636363636,3.94363636363636,30.8927272727273,-2.03823615664786,4.83897819952531,0.878509090909091,0.847163636363636,0.862018181818182
75327,41580,33747,0.711041168899823,0.676183038830123,0.700761220799063,36.1581818181818,28.9636363636364,34.8781818181818,4.19636363636364,30.1090909090909,3.59454545454545,27.2727272727273,3.85272727272727,30.9745454545455,-2.0278785307299,4.84157935814424,0.878509090909091,0.847163636363636,0.862018181818182
75679,41832,33847,0.710186292816223,0.675030304963507,0.699817927315251,36.2218181818182,28.9072727272727,34.8709090909091,4.15818181818182,30.2163636363636,3.48727272727273,27.3345454545455,3.77272727272727,31.0309090909091,-2.0192037793723,4.82577177936381,0.878509090909091,0.847163636363636,0.862018181818182
76091,42138,33953,0.709410599901442,0.673908556609781,0.698695824437775,36.2327272727273,28.9036363636364,34.8636363636364,4.10181818181818,30.3309090909091,3.43090909090909,27.3563636363636,3.67636363636364,31.1036363636364,-2.00767039331523,4.81814677715302,0.878509090909091,0.847163636363636,0.862018181818182
76542,42527,34015,0.709036991916135,0.672807525653966,0.697721964522957,36.2963636363636,28.8436363636364,34.86,4.06,30.3654545454545,3.42909090909091,27.3690909090909,3.59818181818182,31.1781818181818,-1.98803581432863,4.80428839596835,0.878509090909091,0.847163636363636,0.862018181818182
77166,42870,34296,0.708396856836019,0.671079258660267,0.696845214148229,36.3363636363636,28.78,34.8836363636364,4.00727272727273,30.4472727272727,3.34909090909091,27.4145454545455,3.50545454545455,31.2763636363636,-1.97104109742425,4.85585272149606,0.878509090909091,0.847163636363636,0.862018181818182
77682,43266,34416,0.707324119577294,0.670081695854537,0.696145662041806,36.3709090909091,28.6963636363636,34.9327272727273,3.96181818181818,30.5472727272727,3.31454545454545,27.4218181818182,3.40727272727273,31.3472727272727,-1.94909126325087,4.85697335492481,0.878509090909091,0.847163636363636,0.862018181818182
78320,43576,34744,0.706674996937325,0.669546627298873,0.695452697886479,36.4545454545455,28.6636363636364,34.8818181818182,3.92181818181818,30.6218181818182,3.22909090909091,27.4963636363636,3.31454545454545,31.4163636363636,-1.93584926832806,4.93034414269707,0.878509090909091,0.847163636363636,0.862018181818182
78757,43931,34826,0.705988119520066,0.668452310853222,0.693989537201391,36.5436363636364,28.6472727272727,34.8090909090909,3.86181818181818,30.7436363636364,3.14,27.5054545454545,3.25454545454545,31.4945454545455,-1.91410058140755,4.92060433842919,0.878509090909091,0.847163636363636,0.862018181818182
79345,44338,35007,0.705553870319961,0.667534918744128,0.692311367354215,36.64,28.5636363636364,34.7963636363636,3.81272727272727,30.8163636363636,3.09272727272727,27.5218181818182,3.15090909090909,31.6054545454545,-1.89101180054925,4.9478848408569,0.878509090909091,0.847163636363636,0.862018181818182
79974,44765,35209,0.704644109030707,0.667072000523796,0.691580478866127,36.7127272727273,28.5090909090909,34.7781818181818,3.76181818181818,30.96,2.96909090909091,27.5472727272727,3.08909090909091,31.6727272727273,-1.86380548883568,4.96746175126596,0.878509090909091,0.847163636363636,0.862018181818182
80541,45140,35401,0.703918667221242,0.665446033682098,0.690426798051157,36.7981818181818,28.4363636363636,34.7654545454545,3.71818181818182,31.0472727272727,2.89818181818182,27.5509090909091,3.05272727272727,31.7327272727273,-1.84394373324784,4.99423873316158,0.878509090909091,0.847163636363636,0.862018181818182
80811,45488,35323,0.7026888639543,0.66515914691212,0.689262195660078,36.7854545454545,28.4654545454545,34.7490909090909,3.69272727272727,31.1072727272727,2.84727272727273,27.5290909090909,3.04727272727273,31.7763636363636,-1.82343418408524,4.92506990920414,0.878509090909091,0.847163636363636,0.862018181818182
81340,45898,35442,0.702110951083935,0.663682326942846,0.688045560982966,36.8509090909091,28.3981818181818,34.7509090909091,3.65818181818182,31.2036363636364,2.78363636363636,27.5254545454545,2.99090909090909,31.8381818181818,-1.79745777899569,4.92685547091744,0.878509090909091,0.847163636363636,0.862018181818182
81772,46268,35504,0.701341709072943,0.662259598079406,0.686644559320234,36.9818181818182,28.3254545454545,34.6927272727273,3.62545454545455,31.28,2.69818181818182,27.5236363636364,2.95636363636364,31.9163636363636,-1.77599998631261,4.904122620821,0.878509090909091,0.847163636363636,0.862018181818182
82253,46661,35592,0.700517986361954,0.661082466122055,0.685021995854374,37.0527272727273,28.2963636363636,34.6509090909091,3.59090909090909,31.3672727272727,2.63818181818182,27.5236363636364,2.84363636363636,32.0363636363636,-1.75315580124205,4.89196382219141,0.878509090909091,0.847163636363636,0.862018181818182
82790,47063,35727,0.699657560105551,0.660160112848288,0.683900412407622,37.0854545454546,28.2472727272727,34.6672727272727,3.54181818181818,31.48,2.57090909090909,27.4909090909091,2.78,32.1363636363636,-1.72607362432913,4.88469713167711,0.878509090909091,0.847163636363636,0.862018181818182
83292,47440,35852,0.698916869695741,0.658707601848987,0.682853981822474,37.1781818181818,28.2018181818182,34.62,3.51636363636364,31.54,2.51818181818182,27.4890909090909,2.72363636363636,32.2127272727273,-1.70111281790517,4.88730369047685,0.878509090909091,0.847163636363636,0.862018181818182
84005,47876,36129,0.698299631245194,0.657184876072619,0.68158180968591,37.3127272727273,28.08,34.6072727272727,3.48363636363636,31.6145454545455,2.44363636363636,27.5054545454545,2.66545454545455,32.2872727272727,-1.66880766613917,4.94023176756772,0.878509090909091,0.847163636363636,0.862018181818182
84662,48298,36364,0.697665447670476,0.655084663622003,0.681137461423235,37.42,27.9127272727273,34.6672727272727,3.45272727272727,31.6436363636364,2.43636363636364,27.5181818181818,2.55272727272727,32.3963636363636,-1.63889913477681,4.98483358838341,0.878509090909091,0.847163636363636,0.862018181818182
85279,48727,36552,0.697128768405563,0.653712259933503,0.680385979672023,37.5072727272727,27.8309090909091,34.6618181818182,3.39454545454545,31.7163636363636,2.4,27.5109090909091,2.48181818181818,32.4963636363636,-1.61053019789132,5.00249355381185,0.878509090909091,0.847163636363636,0.862018181818182
85799,49172,36627,0.696207213686822,0.652642027935779,0.679464300372576,37.5909090909091,27.7654545454545,34.6436363636364,3.37272727272727,31.78,2.32,27.4909090909091,2.44727272727273,32.5890909090909,-1.57734727155079,4.98534084991975,0.878509090909091,0.847163636363636,0.862018181818182
86431,49573,36858,0.69538491562948,0.651478944986891,0.678805556628114,37.7054545454545,27.6309090909091,34.6636363636364,3.33818181818182,31.8527272727273,2.24181818181818,27.5290909090909,2.38,32.6581818181818,-1.5472456834533,5.00919585336338,0.878509090909091,0.847163636363636,0.862018181818182
87028,50003,37025,0.694742818864657,0.650361690842537,0.677480329402549,37.8018181818182,27.5781818181818,34.62,3.29818181818182,31.9236363636364,2.18545454545455,27.5527272727273,2.29636363636364,32.7436363636364,-1.51641427576542,5.02999618703669,0.878509090909091,0.847163636363636,0.862018181818182
87736,50451,37285,0.694040856553675,0.649377708060921,0.677018879626946,37.9272727272727,27.4309090909091,34.6418181818182,3.24545454545455,31.9690909090909,2.13818181818182,27.58,2.26,32.8072727272727,-1.48666595491496,5.08738404620777,0.878509090909091,0.847163636363636,0.862018181818182
88344,50873,37471,0.692901294681496,0.648982047153847,0.67571275084172,37.9672727272727,27.4363636363636,34.5963636363636,3.19818181818182,32.0381818181818,2.08545454545455,27.6054545454545,2.23454545454545,32.8381818181818,-1.4590226335959,5.11407672600313,0.878509090909091,0.847163636363636,0.862018181818182
88686,51272,37414,0.691934966035361,0.647528708933222,0.674657631814565,38.0690909090909,27.3145454545455,34.6163636363636,3.16727272727273,32.0836363636364,2.02181818181818,27.64,2.19454545454545,32.8927272727273,-1.43189798701893,5.05632746869867,0.878509090909091,0.847163636363636,0.862018181818182
89113,51649,37464,0.691090079247454,0.645960409206357,0.673886080493328,38.1309090909091,27.28,34.5890909090909,3.12727272727273,32.12,2.00727272727273,27.6454545454545,2.16,32.94,-1.40403643142093,5.04105321060527,0.878509090909091,0.847163636363636,0.862018181818182
89738,52045,37693,0.690609307039257,0.644362813819544,0.672742864371971,38.2690909090909,27.2381818181818,34.4927272727273,3.09090909090909,32.16,1.96363636363636,27.66,2.09636363636364,33.0290909090909,-1.3754043833776,5.07166102366014,0.878509090909091,0.847163636363636,0.862018181818182
90225,52447,37778,0.689817955173003,0.643584422585043,0.671552443076639,38.3690909090909,27.1890909090909,34.4418181818182,3.05090909090909,32.1763636363636,1.96181818181818,27.6654545454545,2.04363636363636,33.1018181818182,-1.34333451457999,5.05407404466109,0.878509090909091,0.847163636363636,0.862018181818182
90707,52840,37867,0.688980673447159,0.642439093324515,0.670452971829853,38.4781818181818,27.1054545454545,34.4163636363636,3.01090909090909,32.2018181818182,1.96363636363636,27.6618181818182,2.01818181818182,33.1436363636364,-1.31384301849387,5.05587185621262,0.878509090909091,0.847163636363636,0.862018181818182
91177,53226,37951,0.68802522808441,0.641750507097383,0.669332437212902,38.56,27.0709090909091,34.3690909090909,2.95818181818182,32.26,1.88727272727273,27.6781818181818,2.02909090909091,33.1872727272727,-1.28620752421292,5.04899867014451,0.878509090909091,0.847163636363636,0.862018181818182
91553,53571,37982,0.686949722797312,0.640725723340971,0.667965748002023,38.5927272727273,27.06,34.3472727272727,2.93454545454545,32.3018181818182,1.84727272727273,27.6509090909091,2.03454545454545,33.2309090909091,-1.25836915753104,5.03323310938748,0.878509090909091,0.847163636363636,0.862018181818182
91788,53866,37922,0.686236082409095,0.639677639094834,0.666624500618833,38.6363636363636,27.08,34.2836363636364,2.90727272727273,32.3345454545455,1.82727272727273,27.62,1.98545454545455,33.3254545454545,-1.23869892372326,4.9704766295173,0.878509090909091,0.847163636363636,0.862018181818182
92409,54222,38187,0.684929739070271,0.638955167197985,0.665721482406481,38.6818181818182,27.0527272727273,34.2654545454545,2.87272727272727,32.3563636363636,1.80545454545455,27.62,1.97090909090909,33.3745454545455,-1.21259640807455,5.01618672500957,0.878509090909091,0.847163636363636,0.862018181818182
92826,54594,38232,0.683919652674097,0.637312324134441,0.664794431712693,38.7527272727273,26.9909090909091,34.2563636363636,2.84545454545454,32.3872727272727,1.74909090909091,27.6072727272727,1.94545454545455,33.4654545454545,-1.18314012180675,4.99666944958947,0.878509090909091,0.847163636363636,0.862018181818182
93531,54962,38569,0.683144967804338,0.636085640450568,0.663870197975437,38.82,26.9,34.28,2.79090909090909,32.4545454545455,1.7,27.6309090909091,1.89818181818182,33.5254545454545,-1.1573693906719,5.06078450029547,0.878509090909091,0.847163636363636,0.862018181818182
93884,55314,38570,0.682042264071524,0.633821124538607,0.662996861525045,38.8981818181818,26.8472727272727,34.2545454545455,2.75090909090909,32.5254545454545,1.64545454545455,27.6436363636364,1.80545454545455,33.6290909090909,-1.13026509623636,5.0190479462797,0.878509090909091,0.847163636363636,0.862018181818182
94226,55673,38553,0.681417017581049,0.63199294899719,0.661956932401409,38.9327272727273,26.8036363636364,34.2636363636364,2.71454545454545,32.5872727272727,1.60363636363636,27.6272727272727,1.73818181818182,33.7290909090909,-1.10269555178556,4.97282428362153,0.878509090909091,0.847163636363636,0.862018181818182
94585,55972,38613,0.680759389035692,0.630904264791275,0.660639296649578,38.9981818181818,26.8145454545455,34.1872727272727,2.67090909090909,32.6490909090909,1.55636363636364,27.5945454545455,1.75090909090909,33.7781818181818,-1.080743257295,4.95994034463709,0.878509090909091,0.847163636363636,0.862018181818182
95050,56283,38767,0.680189850430054,0.629672667418038,0.659439068943488,39.1018181818182,26.7236363636364,34.1745454545455,2.63272727272727,32.7109090909091,1.54363636363636,27.5927272727273,1.66545454545455,33.8545454545455,-1.05795144045895,4.96398174004121,0.878509090909091,0.847163636363636,0.862018181818182
95520,56615,38905,0.67905034538864,0.62870841955426,0.658251196812942,39.1636363636364,26.7018181818182,34.1345454545455,2.59636363636364,32.7527272727273,1.52909090909091,27.6,1.58,33.9418181818182,-1.03121754933487,4.96949577981775,0.878509090909091,0.847163636363636,0.862018181818182
96069,56947,39122,0.677953392919398,0.628525702954321,0.65771560654411,39.1745454545455,26.7236363636364,34.1018181818182,2.55090909090909,32.8418181818182,1.51090909090909,27.5163636363636,1.56909090909091,34.0109090909091,-1.00783458555287,5.00350306792693,0.878509090909091,0.847163636363636,0.862018181818182
96417,57290,39127,0.676952510028297,0.627877821056663,0.65673794266789,39.2327272727273,26.7036363636364,34.0636363636364,2.52545454545455,32.8709090909091,1.53636363636364,27.4618181818182,1.52545454545455,34.08,-0.981157904998823,4.96933305588635,0.878509090909091,0.847163636363636,0.862018181818182
96998,57643,39355,0.67630271912627,0.626527654711958,0.656301881737807,39.2981818181818,26.6381818181818,34.0636363636364,2.48363636363636,32.9763636363636,1.46727272727273,27.4781818181818,1.46,34.1345454545455,-0.955915164405649,4.99950710860166,0.878509090909091,0.847163636363636,0.862018181818182
97485,57968,39517,0.675330301586751,0.62524251031187,0.654911653091879,39.3745454545455,26.6018181818182,34.0236363636364,2.43272727272727,33.0963636363636,1.39272727272727,27.4709090909091,1.39818181818182,34.2090909090909,-0.931724355573004,5.00320879329335,0.878509090909091,0.847163636363636,0.862018181818182
97898,58276,39622,0.674844803474629,0.623802303960684,0.653787989936442,39.42,26.6,33.98,2.39818181818182,33.1945454545455,1.31818181818182,27.4636363636364,1.38181818181818,34.2436363636364,-0.908863073722883,4.98927080414512,0.878509090909091,0.847163636363636,0.862018181818182
98365,58587,39778,0.674148039929063,0.62360327733027,0.652667142808166,39.4581818181818,26.6236363636364,33.9181818181818,2.34909090909091,33.28,1.28545454545455,27.4036363636364,1.38,34.3018181818182,-0.885464709861712,4.99705057360909,0.878509090909091,0.847163636363636,0.862018181818182
98800,58900,39900,0.67308816329754,0.622492669435272,0.651675325549585,39.4981818181818,26.6218181818182,33.88,2.30909090909091,33.38,1.25272727272727,27.3254545454545,1.38181818181818,34.3509090909091,-0.863304721225392,5.00501389720223,0.878509090909091,0.847163636363636,0.862018181818182
99098,59151,39947,0.672117144480122,0.621675367408837,0.650763071399957,39.5254545454545,26.6181818181818,33.8563636363636,2.26727272727273,33.4872727272727,1.18363636363636,27.3418181818182,1.34,34.38,-0.845111935788935,4.98307752825997,0.878509090909091,0.847163636363636,0.862018181818182
99413,59435,39978,0.670840614993404,0.620743730542859,0.649657619488942,39.5563636363636,26.6127272727273,33.8309090909091,2.22909090909091,33.5581818181818,1.22363636363636,27.2236363636364,1.34909090909091,34.4163636363636,-0.821376286040653,4.96421746123921,0.878509090909091,0.847163636363636,0.862018181818182
99845,59713,40132,0.67017819161236,0.620257601827797,0.649000294231721,39.5709090909091,26.6381818181818,33.7909090909091,2.20181818181818,33.6363636363636,1.23818181818182,27.1363636363636,1.32,34.4672727272727,-0.802182473784143,4.97946064905687,0.878509090909091,0.847163636363636,0.862018181818182
100280,59982,40298,0.669184070517039,0.619454200967947,0.647801658077814,39.5636363636364,26.6581818181818,33.7781818181818,2.17636363636364,33.7290909090909,1.18,27.12,1.25818181818182,34.5363636363636,-0.781848085739396,4.98849554278634,0.878509090909091,0.847163636363636,0.862018181818182
100497,60193,40304,0.66835734985684,0.61875787589167,0.646649631992691,39.5781818181818,26.6763636363636,33.7454545454545,2.13272727272727,33.8363636363636,1.16909090909091,27.0363636363636,1.23090909090909,34.5945454545455,-0.765402092310515,4.94550395228646,0.878509090909091,0.847163636363636,0.862018181818182
100750,60432,40318,0.667453626820064,0.617227256942966,0.645998657652955,39.5872727272727,26.6418181818182,33.7709090909091,2.09454545454545,33.9236363636364,1.15818181818182,26.9909090909091,1.16181818181818,34.6709090909091,-0.745659047500654,4.8964536710219,0.878509090909091,0.847163636363636,0.862018181818182
100990,60699,40291,0.666806064494234,0.616462007571992,0.645080652049264,39.6272727272727,26.62,33.7527272727273,2.06727272727273,34.0327272727273,1.13818181818182,26.8890909090909,1.19454545454545,34.6781818181818,-0.723345748131925,4.8531763271852,0.878509090909091,0.847163636363636,0.862018181818182
101397,60930,40467,0.666297364241113,0.616087665332091,0.64443908942894,39.6581818181818,26.6163636363636,33.7254545454545,2.03454545454545,34.1254545454545,1.10727272727273,26.8290909090909,1.18181818181818,34.7218181818182,-0.705673713711175,4.87117007212205,0.878509090909091,0.847163636363636,0.862018181818182
101797,61194,40603,0.665471424178515,0.615665862339905,0.643657793858659,39.66,26.6290909090909,33.7109090909091,2.01636363636364,34.2181818181818,1.05272727272727,26.7490909090909,1.18181818181818,34.7818181818182,-0.683423571830446,4.87333938208493,0.878509090909091,0.847163636363636,0.862018181818182
102302,61443,40859,0.664684773718466,0.615315348363487,0.642895299947108,39.66,26.62,33.72,1.97818181818182,34.32,1.03636363636364,26.6763636363636,1.15090909090909,34.8381818181818,-0.664193454655734,4.89987407814373,0.878509090909091,0.847163636363636,0.862018181818182
102737,61702,41035,0.664307960166346,0.614547646326815,0.642157025904983,39.6890909090909,26.5909090909091,33.72,1.95454545454545,34.3981818181818,0.969090909090909,26.6654545454545,1.14181818181818,34.8709090909091,-0.642528133907101,4.91318477934057,0.878509090909091,0.847163636363636,0.862018181818182
102978,61988,40990,0.663485891248914,0.613487617254282,0.641155048784803,39.7236363636364,26.5327272727273,33.7436363636364,1.91818181818182,34.4672727272727,0.970909090909091,26.5890909090909,1.11636363636364,34.9381818181818,-0.619486594335599,4.86698761853305,0.878509090909091,0.847163636363636,0.862018181818182
103254,62156,41098,0.66271196307421,0.612995229081241,0.640427083175126,39.7309090909091,26.5472727272727,33.7218181818182,1.88363636363636,34.5418181818182,0.943636363636364,26.5309090909091,1.05272727272727,35.0472727272727,-0.608052716607397,4.86459582502192,0.878509090909091,0.847163636363636,0.862018181818182
103581,62360,41221,0.66226377964809,0.612360465007675,0.639404488943749,39.7290909090909,26.5672727272727,33.7036363636364,1.86,34.6163636363636,0.918181818181818,26.4636363636364,1.01636363636364,35.1254545454545,-0.59290432408452,4.86131612170826,0.878509090909091,0.847163636363636,0.862018181818182
103916,62594,41322,0.661628789922642,0.61135021797412,0.639033138174433,39.7854545454545,26.52,33.6945454545455,1.82181818181818,34.6836363636364,0.930909090909091,26.3672727272727,1,35.1963636363636,-0.573954330994324,4.84710163636641,0.878509090909091,0.847163636363636,0.862018181818182
104021,62750,41271,0.660689960747858,0.610587666289682,0.638287925082685,39.7727272727273,26.5490909090909,33.6781818181818,1.79818181818182,34.72,0.909090909090909,26.3272727272727,0.98,35.2654545454545,-0.561203125254674,4.77978353283622,0.878509090909091,0.847163636363636,0.862018181818182
104082,62973,41109,0.66024755747136,0.609160507212162,0.637636140528944,39.8236363636364,26.4872727272727,33.6890909090909,1.78181818181818,34.7654545454545,0.903636363636364,26.2381818181818,0.967272727272727,35.3436363636364,-0.54327857778831,4.70771935853091,0.878509090909091,0.847163636363636,0.862018181818182
104354,63156,41198,0.659371387146995,0.60854050392847,0.636886283296673,39.8181818181818,26.5090909090909,33.6727272727273,1.74909090909091,34.8363636363636,0.878181818181818,26.1672727272727,0.916363636363636,35.4527272727273,-0.528285033729943,4.68209508765828,0.878509090909091,0.847163636363636,0.862018181818182
104623,63338,41285,0.659040559035746,0.608293978142467,0.635865528686552,39.8181818181818,26.56,33.6218181818182,1.72727272727273,34.8618181818182,0.869090909090909,26.1145454545455,0.910909090909091,35.5163636363636,-0.514711731198159,4.66563838828694,0.878509090909091,0.847163636363636,0.862018181818182
105003,63493,41510,0.65853592284108,0.608396613735733,0.635291302643937,39.8309090909091,26.5563636363636,33.6127272727273,1.70909090909091,34.8872727272727,0.867272727272727,26.0618181818182,0.914545454545455,35.56,-0.50337956385179,4.68131940364838,0.878509090909091,0.847163636363636,0.862018181818182
105162,63646,41516,0.657837072243837,0.607888546709516,0.634934202210655,39.8327272727273,26.5472727272727,33.62,1.68727272727273,34.9163636363636,0.854545454545454,26.0163636363636,0.914545454545455,35.6109090909091,-0.49218520772728,4.64213177724318,0.878509090909091,0.847163636363636,0.862018181818182
105483,63823,41660,0.657261603095985,0.606970262043905,0.634694384223995,39.8581818181818,26.5418181818182,33.6,1.66909090909091,34.9472727272727,0.84,25.9618181818182,0.858181818181818,35.7236363636364,-0.475949584083124,4.62144175876271,0.878509090909091,0.847163636363636,0.862018181818182
105835,63998,41837,0.656861831570304,0.606024059091825,0.63439786067093,39.8818181818182,26.5,33.6181818181818,1.65090909090909,35,0.847272727272727,25.8836363636364,0.783636363636364,35.8345454545455,-0.463076941939917,4.60730153213848,0.878509090909091,0.847163636363636,0.862018181818182
106233,64161,42072,0.656694737262688,0.605682147245321,0.63368029517153,39.9145454545455,26.5163636363636,33.5690909090909,1.62545454545455,35.0545454545455,0.794545454545455,25.8618181818182,0.776363636363636,35.8872727272727,-0.448907757211815,4.61852269389413,0.878509090909091,0.847163636363636,0.862018181818182
106464,64304,42160,0.656284117855504,0.604978330554113,0.633261938076843,39.9218181818182,26.5163636363636,33.5618181818182,1.60545454545455,35.1090909090909,0.738181818181818,25.8018181818182,0.776363636363636,35.9690909090909,-0.441213971986012,4.59546280015599,0.878509090909091,0.847163636363636,0.862018181818182
106670,64420,42250,0.655860379749366,0.604539468147904,0.632717059388269,39.9581818181818,26.5,33.5418181818182,1.57818181818182,35.1563636363636,0.716363636363636,25.7618181818182,0.716363636363636,36.0709090909091,-0.431880169700492,4.57475526332855,0.878509090909091,0.847163636363636,0.862018181818182
107049,64562,42487,0.655644245182229,0.604147543680912,0.632177544713604,39.9745454545455,26.5036363636364,33.5218181818182,1.55454545454545,35.2381818181818,0.649090909090909,25.7036363636364,0.696363636363636,36.1581818181818,-0.421916903250597,4.58029298890721,0.878509090909091,0.847163636363636,0.862018181818182
107295,64715,42580,0.65546751785529,0.603918447489287,0.631905266740674,39.98,26.5145454545455,33.5054545454545,1.53272727272727,35.2509090909091,0.670909090909091,25.6036363636364,0.712727272727273,36.2290909090909,-0.412567355585369,4.5663642373952,0.878509090909091,0.847163636363636,0.862018181818182
107326,64847,42479,0.655228524191623,0.603171443787544,0.631572637342051,39.9927272727273,26.52,33.4872727272727,1.51272727272727,35.2763636363636,0.689090909090909,25.4818181818182,0.721818181818182,36.3181818181818,-0.404428290948272,4.49679526957599,0.878509090909091,0.847163636363636,0.862018181818182
107706,64967,42739,0.654721908419333,0.603190379543855,0.631327890983865,40.0018181818182,26.5345454545455,33.4636363636364,1.48909090909091,35.3036363636364,0.696363636363636,25.4109090909091,0.698181818181818,36.4018181818182,-0.397101499445059,4.52487482591109,0.878509090909091,0.847163636363636,0.862018181818182
107888,65062,42826,0.654303556426881,0.60286209878656,0.630823556614962,40.0163636363636,26.5290909090909,33.4545454545455,1.47454545454545,35.3636363636364,0.652727272727273,25.3581818181818,0.643636363636364,36.5072727272727,-0.390520826490088,4.49315954230048,0.878509090909091,0.847163636363636,0.862018181818182
108096,65160,42936,0.653916360675896,0.602480768858632,0.630335556877502,40.0381818181818,26.5418181818182,33.42,1.43454545454545,35.3909090909091,0.669090909090909,25.28,0.625454545454545,36.6,-0.383323881809007,4.47782051671635,0.878509090909091,0.847163636363636,0.862018181818182
108122,65255,42867,0.653242810547374,0.601902205072629,0.629916850968008,40.0436363636364,26.56,33.3963636363636,1.42909090909091,35.4,0.681818181818182,25.1781818181818,0.594545454545455,36.7163636363636,-0.375969808785753,4.42530015165156,0.878509090909091,0.847163636363636,0.862018181818182
108492,65361,43131,0.652979458837108,0.601787793848489,0.629887408497136,40.0563636363636,26.5709090909091,33.3727272727273,1.41272727272727,35.4345454545455,0.676363636363636,25.0945454545455,0.578181818181818,36.8036363636364,-0.370061705363068,4.43847909082066,0.878509090909091,0.847163636363636,0.862018181818182
108605,65435,43170,0.65267066028053,0.601832653421206,0.629307634435182,40.0527272727273,26.5963636363636,33.3509090909091,1.39636363636364,35.4927272727273,0.650909090909091,25.0218181818182,0.549090909090909,36.8890909090909,-0.365108535032381,4.38842909010974,0.878509090909091,0.847163636363636,0.862018181818182
108859,65533,43326,0.652139809909596,0.601158025033408,0.628941735953043,40.0618181818182,26.5981818181818,33.34,1.38363636363636,35.5563636363636,0.630909090909091,24.9290909090909,0.532727272727273,36.9672727272727,-0.357826363803311,4.39453613974831,0.878509090909091,0.847163636363636,0.862018181818182
108900,65601,43299,0.651848552911845,0.60084681667552,0.628439897921394,40.0472727272727,26.6363636363636,33.3163636363636,1.37090909090909,35.6072727272727,0.616363636363636,24.8509090909091,0.538181818181818,37.0163636363636,-0.352863465486602,4.34605726870624,0.878509090909091,0.847163636363636,0.862018181818182
109213,65718,43495,0.651581980200441,0.600575228565012,0.628050590197533,40.0618181818182,26.6327272727273,33.3054545454545,1.34909090909091,35.6509090909091,0.596363636363636,24.74,0.570909090909091,37.0927272727273,-0.34278402894058,4.35775429552252,0.878509090909091,0.847163636363636,0.862018181818182
109266,65788,43478,0.6512524556271,0.599766354775499,0.627702657857577,40.06,26.6454545454545,33.2945454545455,1.33454545454545,35.6890909090909,0.567272727272727,24.6836363636364,0.541818181818182,37.1836363636364,-0.336625564911149,4.30195614207875,0.878509090909091,0.847163636363636,0.862018181818182
109431,65842,43589,0.651013520196161,0.599479460054896,0.627524882385906,40.0763636363636,26.6381818181818,33.2854545454545,1.32727272727273,35.7072727272727,0.567272727272727,24.6127272727273,0.52,37.2654545454546,-0.333126192370599,4.28487919243899,0.878509090909091,0.847163636363636,0.862018181818182
109451,65921,43530,0.650783514629382,0.598893632989121,0.626983085572659,40.0781818181818,26.6454545454545,33.2763636363636,1.32181818181818,35.7309090909091,0.556363636363636,24.5327272727273,0.516363636363636,37.3418181818182,-0.32684416889467,4.23119370828975,0.878509090909091,0.847163636363636,0.862018181818182
109295,65972,43323,0.650334741521559,0.598583417472351,0.626729438791031,40.0690909090909,26.6745454545455,33.2563636363636,1.31454545454545,35.74,0.583636363636364,24.4254545454545,0.538181818181818,37.3981818181818,-0.323134628175335,4.15422388965433,0.878509090909091,0.847163636363636,0.862018181818182
109452,66011,43441,0.650115342556171,0.59811216427992,0.626523115414088,40.0763636363636,26.6818181818182,33.2418181818182,1.29818181818182,35.7963636363636,0.534545454545455,24.3927272727273,0.505454545454545,37.4727272727273,-0.320190634307536,4.13353591507131,0.878509090909091,0.847163636363636,0.862018181818182
109597,66059,43538,0.649982325431499,0.598078892169616,0.626405531006018,40.0727272727273,26.6963636363636,33.2309090909091,1.29272727272727,35.8181818181818,0.514545454545455,24.3309090909091,0.516363636363636,37.5272727272727,-0.317939860441468,4.1190162062645,0.878509090909091,0.847163636363636,0.862018181818182
109795,66121,43674,0.649837901675183,0.59775242397405,0.626119799639132,40.0709090909091,26.7163636363636,33.2127272727273,1.28181818181818,35.8672727272727,0.487272727272727,24.2672727272727,0.5,37.5963636363636,-0.311935371431437,4.10566022287716,0.878509090909091,0.847163636363636,0.862018181818182
109829,66171,43658,0.649932080041458,0.597586259383114,0.625892256174672,40.0636363636364,26.7309090909091,33.2054545454545,1.27090909090909,35.9127272727273,0.46,24.2272727272727,0.507272727272727,37.6218181818182,-0.309076078269969,4.0747954016382,0.878509090909091,0.847163636363636,0.862018181818182
109843,66200,43643,0.64964008650312,0.597598074177805,0.625673774731574,40.0490909090909,26.7581818181818,33.1927272727273,1.26545454545455,35.9218181818182,0.483636363636364,24.1927272727273,0.483636363636364,37.6527272727273,-0.307548557560552,4.04450254927982,0.878509090909091,0.847163636363636,0.862018181818182
109703,66254,43449,0.649477616473481,0.596578713115464,0.625610701682368,40.0709090909091,26.7345454545455,33.1945454545455,1.25272727272727,35.9527272727273,0.527272727272727,24.0672727272727,0.509090909090909,37.6909090909091,-0.302536983720281,3.97678426179019,0.878509090909091,0.847163636363636,0.862018181818182
109709,66281,43428,0.649199249659482,0.596337320128737,0.625347879324297,40.0709090909091,26.7418181818182,33.1872727272727,1.24363636363636,36.0145454545455,0.505454545454545,23.98,0.525454545454546,37.7309090909091,-0.3018120422282,3.93357742103663,0.878509090909091,0.847163636363636,0.862018181818182
110006,66336,43670,0.648832626893397,0.596747508525863,0.625140232181598,40.06,26.7636363636364,33.1763636363636,1.22909090909091,36.0654545454545,0.48,23.9345454545455,0.514545454545455,37.7763636363636,-0.297298866713589,3.9555112443187,0.878509090909091,0.847163636363636,0.862018181818182
110059,66390,43669,0.648765458713159,0.596380720532644,0.6249138729212,40.0527272727273,26.7763636363636,33.1709090909091,1.21272727272727,36.1054545454545,0.470909090909091,23.8872727272727,0.5,37.8236363636364,-0.292533264580098,3.91844705668363,0.878509090909091,0.847163636363636,0.862018181818182
110326,66440,43886,0.648667954873406,0.596223181230048,0.624867361090032,40.0527272727273,26.7836363636364,33.1636363636364,1.20181818181818,36.1581818181818,0.423636363636364,23.8636363636364,0.470909090909091,37.8818181818182,-0.289619098061865,3.92564373774962,0.878509090909091,0.847163636363636,0.862018181818182
110384,66473,43911,0.648590176318666,0.595707953960227,0.624791450652787,40.0509090909091,26.7763636363636,33.1727272727273,1.18181818181818,36.2181818181818,0.383636363636364,23.82,0.465454545454546,37.9309090909091,-0.287410315058448,3.89130170832981,0.878509090909091,0.847163636363636,0.862018181818182
110472,66503,43969,0.648341743651425,0.595864482540588,0.62462006469186,40.04,26.7981818181818,33.1618181818182,1.16909090909091,36.24,0.405454545454546,23.7745454545455,0.432727272727273,37.9781818181818,-0.284745960479433,3.87448392781344,0.878509090909091,0.847163636363636,0.862018181818182
110475,66533,43942,0.648259151975379,0.595537312094444,0.62435991454755,40.0418181818182,26.8054545454545,33.1527272727273,1.16,36.2909090909091,0.389090909090909,23.7290909090909,0.403636363636364,38.0272727272727,-0.281331547586755,3.83058325973424,0.878509090909091,0.847163636363636,0.862018181818182
110539,66591,43948,0.648097673652922,0.59522078011327,0.623999082998922,40.0436363636364,26.8163636363636,33.14,1.14181818181818,36.3381818181818,0.381818181818182,23.6781818181818,0.410909090909091,38.0490909090909,-0.27612828717313,3.79448430213061,0.878509090909091,0.847163636363636,0.862018181818182
110548,66621,43927,0.648081348696258,0.594856760465691,0.623993765799886,40.0581818181818,26.8163636363636,33.1254545454545,1.12727272727273,36.3836363636364,0.385454545454545,23.5763636363636,0.44,38.0872727272727,-0.274452214383266,3.769504547661,0.878509090909091,0.847163636363636,0.862018181818182
110635,66656,43979,0.648009105463874,0.594778768785714,0.623823567658441,40.0509090909091,26.8236363636364,33.1254545454545,1.11636363636364,36.4381818181818,0.394545454545454,23.4945454545455,0.416363636363636,38.14,-0.272294874658639,3.74958720640703,0.878509090909091,0.847163636363636,0.862018181818182
110747,66683,44064,0.64782993933138,0.594695786474317,0.623713437836009,40.0545454545455,26.8181818181818,33.1272727272727,1.11272727272727,36.4709090909091,0.363636363636364,23.4454545454545,0.425454545454545,38.1818181818182,-0.269403543103148,3.74053705280477,0.878509090909091,0.847163636363636,0.862018181818182
110801,66726,44075,0.647797144973228,0.594507908709162,0.623528710729663,40.0618181818182,26.8163636363636,33.1218181818182,1.10545454545455,36.5109090909091,0.378181818181818,23.3545454545455,0.405454545454546,38.2454545454545,-0.266595853306353,3.71606886901639,0.878509090909091,0.847163636363636,0.862018181818182
110781,66760,44021,0.647640246081183,0.594276922500139,0.623551341307399,40.0581818181818,26.8145454545455,33.1272727272727,1.10545454545455,36.5272727272727,0.367272727272727,23.3327272727273,0.392727272727273,38.2745454545455,-0.264600942622532,3.68070116043091,0.878509090909091,0.847163636363636,0.862018181818182
110886,66802,44084,0.647459370211166,0.594448907369163,0.623415425594275,40.0672727272727,26.8109090909091,33.1218181818182,1.09272727272727,36.5763636363636,0.36,23.2745454545455,0.412727272727273,38.2836363636364,-0.261699045466428,3.65748741139065,0.878509090909091,0.847163636363636,0.862018181818182
111009,66807,44202,0.647293628855213,0.594524112419929,0.623305249277703,40.0654545454545,26.8,33.1345454545455,1.08909090909091,36.5963636363636,0.327272727272727,23.3,0.367272727272727,38.32,-0.261601887253875,3.64967249577696,0.878509090909091,0.847163636363636,0.862018181818182
111080,66826,44254,0.647297974775411,0.59437726330025,0.623427068565421,40.0709090909091,26.8,33.1290909090909,1.08181818181818,36.5890909090909,0.365454545454545,23.2527272727273,0.358181818181818,38.3527272727273,-0.260610641031103,3.63106275119565,0.878509090909091,0.847163636363636,0.862018181818182
111045,66854,44191,0.647332404935224,0.594118967486025,0.623242794363417,40.0763636363636,26.7909090909091,33.1327272727273,1.07272727272727,36.5927272727273,0.367272727272727,23.2072727272727,0.36,38.4,-0.258414230783555,3.59960659281774,0.878509090909091,0.847163636363636,0.862018181818182
110971,66887,44084,0.646966982536541,0.593593925019974,0.623107855674335,40.0727272727273,26.7909090909091,33.1363636363636,1.06727272727273,36.6163636363636,0.358181818181818,23.1490909090909,0.363636363636364,38.4454545454546,-0.255848835273222,3.54502924653617,0.878509090909091,0.847163636363636,0.862018181818182
111022,66918,44104,0.646896815992752,0.59334657394522,0.623116998555194,40.0818181818182,26.76,33.1581818181818,1.06545454545455,36.6327272727273,0.341818181818182,23.1,0.343636363636364,38.5163636363636,-0.253163837336681,3.51458657411012,0.878509090909091,0.847163636363636,0.862018181818182
111113,66955,44158,0.64674813238395,0.593174701480009,0.623116348973397,40.0854545454546,26.7236363636364,33.1909090909091,1.06,36.6345454545455,0.345454545454545,23.0690909090909,0.334545454545455,38.5563636363636,-0.249947717006911,3.5007502975789,0.878509090909091,0.847163636363636,0.862018181818182
111165,66981,44184,0.646646172839187,0.593049050364224,0.622970659142028,40.0909090909091,26.7054545454545,33.2036363636364,1.04909090909091,36.6509090909091,0.310909090909091,23.0309090909091,0.372727272727273,38.5854545454546,-0.247329651581293,3.47982813878493,0.878509090909091,0.847163636363636,0.862018181818182
110946,66994,43952,0.646522712593305,0.592389227350493,0.622729990264688,40.0945454545455,26.7,33.2054545454545,1.04545454545455,36.6145454545455,0.350909090909091,23.0145454545455,0.32,38.6545454545455,-0.246603208187629,3.38632906187664,0.878509090909091,0.847163636363636,0.862018181818182
110833,67014,43819,0.646395476793179,0.59209070948001,0.622488008992013,40.0890909090909,26.6981818181818,33.2127272727273,1.03818181818182,36.62,0.312727272727273,23.0109090909091,0.32,38.6981818181818,-0.244573900586163,3.33762228136713,0.878509090909091,0.847163636363636,0.862018181818182
110874,67042,43832,0.64616629448951,0.592065687307852,0.622504198343477,40.0854545454546,26.6836363636364,33.2309090909091,1.03272727272727,36.6254545454546,0.314545454545455,22.9709090909091,0.287272727272727,38.7690909090909,-0.242038019213148,3.31461003774946,0.878509090909091,0.847163636363636,0.862018181818182
110704,67072,43632,0.646041955047684,0.59146560271157,0.622359987630248,40.0945454545455,26.6636363636364,33.2418181818182,1.02545454545455,36.6290909090909,0.32,22.9036363636364,0.314545454545455,38.8072727272727,-0.238711192314936,3.24968333244324,0.878509090909091,0.847163636363636,0.862018181818182
110626,67107,43519,0.6458558823886,0.591364692388175,0.622229183250522,40.0927272727273,26.66,33.2472727272727,1.02363636363636,36.64,0.303636363636364,22.8345454545455,0.354545454545454,38.8436363636364,-0.235532921476459,3.20400920889594,0.878509090909091,0.847163636363636,0.862018181818182
110794,67127,43667,0.645832313329059,0.591477968544489,0.6221426321254,40.0890909090909,26.6527272727273,33.2581818181818,1.01818181818182,36.6672727272727,0.310909090909091,22.7581818181818,0.356363636363636,38.8890909090909,-0.232970584277064,3.22696426944299,0.878509090909091,0.847163636363636,0.862018181818182
111014,67164,43850,0.645733363155631,0.591415370643187,0.622268962312492,40.0890909090909,26.6363636363636,33.2745454545455,1.01636363636364,36.7072727272727,0.3,22.6909090909091,0.334545454545455,38.9509090909091,-0.228713773428039,3.24056463160298,0.878509090909091,0.847163636363636,0.862018181818182
111120,67211,43909,0.645680943979957,0.591472844425559,0.622214227142748,40.0854545454546,26.6127272727273,33.3018181818182,1.00363636363636,36.7072727272727,0.294545454545454,22.6563636363636,0.352727272727273,38.9854545454545,-0.224153620944443,3.24015543217009,0.878509090909091,0.847163636363636,0.862018181818182
111225,67255,43970,0.645566585221938,0.59138379710074,0.622182797084792,40.0763636363636,26.5963636363636,33.3272727272727,0.996363636363636,36.7181818181818,0.292727272727273,22.62,0.338181818181818,39.0345454545455,-0.218504976184869,3.22574430677024,0.878509090909091,0.847163636363636,0.862018181818182
111388,67293,44095,0.645515188657246,0.591126228555498,0.622243554399738,40.0745454545455,26.5727272727273,33.3527272727273,0.992727272727273,36.7490909090909,0.26,22.6036363636364,0.303636363636364,39.0909090909091,-0.213854773427275,3.21616641608152,0.878509090909091,0.847163636363636,0.862018181818182
111307,67315,43992,0.645468625365332,0.590490266667427,0.622148759855118,40.0636363636364,26.5672727272727,33.3690909090909,0.983636363636364,36.7509090909091,0.278181818181818,22.5290909090909,0.327272727272727,39.1309090909091,-0.211246886443008,3.17052250504494,0.878509090909091,0.847163636363636,0.862018181818182
111831,67346,44485,0.645540371756844,0.59092969898806,0.621968921014308,40.0509090909091,26.5781818181818,33.3709090909091,0.974545454545454,36.8018181818182,0.26,22.4618181818182,0.309090909090909,39.1927272727273,-0.207581615617329,3.27199719277295,0.878509090909091,0.847163636363636,0.862018181818182
111795,67364,44431,0.645686106009737,0.590727596023917,0.621681001795326,40.0381818181818,26.5763636363636,33.3854545454545,0.969090909090909,36.8218181818182,0.272727272727273,22.4036363636364,0.28,39.2527272727273,-0.205648755366829,3.23979222395203,0.878509090909091,0.847163636363636,0.862018181818182
111805,67391,44414,0.64543569463243,0.590409004694287,0.621661181571212,40.02,26.5709090909091,33.4090909090909,0.96,36.8636363636364,0.249090909090909,22.3581818181818,0.287272727272727,39.2818181818182,-0.201982889959419,3.21271153891628,0.878509090909091,0.847163636363636,0.862018181818182
111875,67422,44453,0.645189555177159,0.590651042096418,0.621557780173437,40.0036363636364,26.5745454545455,33.4218181818182,0.956363636363636,36.8636363636364,0.270909090909091,22.3036363636364,0.278181818181818,39.3272727272727,-0.198711523650722,3.20292143306949,0.878509090909091,0.847163636363636,0.862018181818182
111803,67446,44357,0.645085732476769,0.590435882829985,0.621638462410591,39.9836363636364,26.5927272727273,33.4236363636364,0.956363636363636,36.8818181818182,0.283636363636364,22.2472727272727,0.274545454545455,39.3563636363636,-0.196057514194399,3.16698049144311,0.878509090909091,0.847163636363636,0.862018181818182
111889,67465,44424,0.645000956452837,0.590218937486255,0.621605473919258,39.9745454545455,26.5854545454545,33.44,0.952727272727273,36.9036363636364,0.254545454545455,22.2454545454545,0.236363636363636,39.4072727272727,-0.19438851215792,3.16621749861674,0.878509090909091,0.847163636363636,0.862018181818182
111740,67488,44252,0.644899119796771,0.58962498511243,0.621679337479348,39.9672727272727,26.5818181818182,33.4509090909091,0.947272727272727,36.9218181818182,0.265454545454545,22.1763636363636,0.263636363636364,39.4254545454545,-0.192251623015512,3.0892329858108,0.878509090909091,0.847163636363636,0.862018181818182
111711,67501,44210,0.644753475174207,0.589526922994358,0.621690077026543,39.9636363636364,26.5763636363636,33.46,0.943636363636364,36.9545454545455,0.256363636363636,22.1309090909091,0.265454545454545,39.4490909090909,-0.189981913668188,3.06916470920498,0.878509090909091,0.847163636363636,0.862018181818182
111717,67524,44193,0.644585915404332,0.589428134997419,0.621636829772695,39.9563636363636,26.5781818181818,33.4654545454545,0.94,36.9872727272727,0.234545454545455,22.0709090909091,0.270909090909091,39.4963636363636,-0.18747317482802,3.04530403546312,0.878509090909091,0.847163636363636,0.862018181818182
111844,67553,44291,0.64444846177496,0.589550828099092,0.621641242521083,39.9454545454546,26.5781818181818,33.4763636363636,0.94,37.0072727272727,0.223636363636364,22.0109090909091,0.276363636363636,39.5418181818182,-0.183991788395426,3.04784589220177,0.878509090909091,0.847163636363636,0.862018181818182
111932,67585,44347,0.644315953917077,0.589484924364173,0.621587997006875,39.9290909090909,26.5781818181818,33.4927272727273,0.932727272727273,37.0236363636364,0.218181818181818,21.9945454545455,0.252727272727273,39.5781818181818,-0.181277859109369,3.03551257428798,0.878509090909091,0.847163636363636,0.862018181818182
112118,67597,44521,0.644196405276588,0.589761586688932,0.621510206636846,39.9327272727273,26.5654545454545,33.5018181818182,0.930909090909091,37.0490909090909,0.214545454545455,21.9545454545455,0.243636363636364,39.6072727272727,-0.18005655488338,3.08430435874245,0.878509090909091,0.847163636363636,0.862018181818182
112090,67623,44467,0.64418024135224,0.589517458289254,0.621407977787863,39.9363636363636,26.5527272727273,33.5109090909091,0.927272727272727,37.08,0.205454545454545,21.8854545454545,0.263636363636364,39.6381818181818,-0.17742723335766,3.05534527681091,0.878509090909091,0.847163636363636,0.862018181818182
112148,67644,44504,0.644170219800838,0.58938878551281,0.621471606457475,39.9418181818182,26.5363636363636,33.5218181818182,0.921818181818182,37.0945454545455,0.230909090909091,21.8218181818182,0.249090909090909,39.6818181818182,-0.174967589110813,3.04287039962682,0.878509090909091,0.847163636363636,0.862018181818182
112213,67661,44552,0.644110928227254,0.589361368606168,0.621627093203818,39.9345454545455,26.5363636363636,33.5290909090909,0.912727272727273,37.1127272727273,0.232727272727273,21.7745454545455,0.245454545454545,39.7218181818182,-0.173492129765112,3.03437668640505,0.878509090909091,0.847163636363636,0.862018181818182
112226,67670,44556,0.644039386078742,0.589357915836292,0.621553699356358,39.9345454545455,26.5363636363636,33.5290909090909,0.905454545454545,37.1472727272727,0.22,21.7290909090909,0.245454545454545,39.7527272727273,-0.173397016169673,3.01606591818008,0.878509090909091,0.847163636363636,0.862018181818182
112238,67690,44548,0.643969714483481,0.589244129523414,0.621513052630992,39.9327272727273,26.5290909090909,33.5381818181818,0.901818181818182,37.1745454545455,0.216363636363636,21.6527272727273,0.278181818181818,39.7763636363636,-0.170460015425289,2.99524870934812,0.878509090909091,0.847163636363636,0.862018181818182
112329,67708,44621,0.643838738419908,0.58920953379465,0.621470718241604,39.9327272727273,26.52,33.5472727272727,0.898181818181818,37.1636363636364,0.234545454545455,21.6181818181818,0.265454545454545,39.82,-0.168083876633847,2.98601908318021,0.878509090909091,0.847163636363636,0.862018181818182
112407,67729,44678,0.643743362542391,0.58921225774951,0.621494881936377,39.9309090909091,26.5072727272727,33.5618181818182,0.896363636363636,37.1654545454545,0.229090909090909,21.6090909090909,0.250909090909091,39.8490909090909,-0.165807444847782,2.97587801326405,0.878509090909091,0.847163636363636,0.862018181818182
112387,67738,44649,0.643674633833601,0.589103185077708,0.621471834442585,39.9254545454545,26.5054545454545,33.5690909090909,0.890909090909091,37.1963636363636,0.205454545454545,21.6036363636364,0.230909090909091,39.8727272727273,-0.165049126270142,2.95238786786795,0.878509090909091,0.847163636363636,0.862018181818182
112321,67754,44567,0.643617751346,0.588681404022091,0.621518937426391,39.9327272727273,26.4945454545455,33.5727272727273,0.887272727272727,37.2109090909091,0.196363636363636,21.5690909090909,0.225454545454545,39.9109090909091,-0.163337645010853,2.91407258849252,0.878509090909091,0.847163636363636,0.862018181818182
112373,67773,44600,0.643560818936893,0.588786817842688,0.62140688897352,39.9327272727273,26.4927272727273,33.5745454545455,0.883636363636364,37.2272727272727,0.178181818181818,21.5636363636364,0.232727272727273,39.9145454545455,-0.162005094574256,2.90952698994767,0.878509090909091,0.847163636363636,0.862018181818182
112361,67777,44584,0.643422452151153,0.588802606181898,0.621362401073194,39.9272727272727,26.5,33.5727272727273,0.881818181818182,37.2218181818182,0.192727272727273,21.5163636363636,0.230909090909091,39.9563636363636,-0.161787481436675,2.88973407271233,0.878509090909091,0.847163636363636,0.862018181818182
112424,67797,44627,0.643378803824129,0.588796657784667,0.621331095751732,39.9290909090909,26.4927272727273,33.5781818181818,0.88,37.2254545454545,0.2,21.4945454545455,0.223636363636364,39.9763636363636,-0.158626422556964,2.88105524669994,0.878509090909091,0.847163636363636,0.862018181818182
112564,67803,44761,0.643260298263643,0.588917260106145,0.621332941463073,39.9236363636364,26.4927272727273,33.5836363636364,0.867272727272727,37.2472727272727,0.181818181818182,21.4890909090909,0.212727272727273,40.0018181818182,-0.158190098125488,2.88622439788147,0.878509090909091,0.847163636363636,0.862018181818182
112676,67825,44851,0.64318647288131,0.58885761216386,0.621315147757228,39.9254545454545,26.4781818181818,33.5963636363636,0.861818181818182,37.2709090909091,0.161818181818182,21.4781818181818,0.209090909090909,40.0181818181818,-0.155604911206121,2.8915389476852,0.878509090909091,0.847163636363636,0.862018181818182
112686,67829,44857,0.6430507699939,0.588841454722495,0.621235179042401,39.9181818181818,26.4836363636364,33.5981818181818,0.854545454545454,37.2745454545455,0.163636363636364,21.4781818181818,0.181818181818182,40.0472727272727,-0.154925126302987,2.87931993908503,0.878509090909091,0.847163636363636,0.862018181818182
112932,67849,45083,0.642994614150041,0.589062936710548,0.621278363396601,39.92,26.4781818181818,33.6018181818182,0.849090909090909,37.2909090909091,0.169090909090909,21.4454545454545,0.189090909090909,40.0563636363636,-0.151736409623515,2.89914858801798,0.878509090909091,0.847163636363636,0.862018181818182
112993,67868,45125,0.642854845397067,0.58903047743012,0.62128097573617,39.92,26.48,33.6,0.841818181818182,37.3036363636364,0.167272727272727,21.4254545454545,0.181818181818182,40.08,-0.149550677065484,2.88430331942033,0.878509090909091,0.847163636363636,0.862018181818182
113096,67877,45219,0.642819739584201,0.589016717580959,0.621404067709636,39.9236363636364,26.4781818181818,33.5981818181818,0.834545454545455,37.3109090909091,0.172727272727273,21.4054545454545,0.174545454545455,40.1018181818182,-0.148591279035265,2.87736820060421,0.878509090909091,0.847163636363636,0.862018181818182
113071,67887,45184,0.642719747449475,0.58885560662379,0.621400239255888,39.9218181818182,26.4818181818182,33.5963636363636,0.829090909090909,37.3236363636364,0.181818181818182,21.3563636363636,0.167272727272727,40.1418181818182,-0.146773983961479,2.85478666262193,0.878509090909091,0.847163636363636,0.862018181818182
113108,67895,45213,0.642657267358008,0.588878970809716,0.621410875857087,39.9218181818182,26.48,33.5981818181818,0.827272727272727,37.3236363636364,0.187272727272727,21.3418181818182,0.169090909090909,40.1509090909091,-0.146546523239125,2.84287955280055,0.878509090909091,0.847163636363636,0.862018181818182
113245,67919,45326,0.642639669568289,0.588849950754284,0.621388823866883,39.9254545454545,26.4727272727273,33.6018181818182,0.827272727272727,37.3345454545455,0.170909090909091,21.3472727272727,0.158181818181818,40.1618181818182,-0.143975609854202,2.84868287279017,0.878509090909091,0.847163636363636,0.862018181818182
113250,67929,45321,0.642671478083783,0.588784778314691,0.621286527229551,39.9309090909091,26.4636363636364,33.6054545454545,0.816363636363636,37.3563636363636,0.150909090909091,21.3509090909091,0.169090909090909,40.1563636363636,-0.142454474436289,2.8314309055155,0.878509090909091,0.847163636363636,0.862018181818182
113244,67933,45311,0.642634751734839,0.588699179642632,0.621261745107604,39.9272727272727,26.4618181818182,33.6109090909091,0.812727272727273,37.3618181818182,0.16,21.3418181818182,0.16,40.1636363636364,-0.141435604779558,2.82074982842261,0.878509090909091,0.847163636363636,0.862018181818182
113240,67941,45299,0.642564704423459,0.588742236955576,0.621215112999912,39.9254545454545,26.4618181818182,33.6127272727273,0.809090909090909,37.3545454545455,0.172727272727273,21.3236363636364,0.161818181818182,40.1781818181818,-0.141195833674547,2.80591026680036,0.878509090909091,0.847163636363636,0.862018181818182
113364,67951,45413,0.642678403880384,0.588571968087703,0.621182374443963,39.9236363636364,26.4618181818182,33.6145454545455,0.809090909090909,37.3563636363636,0.170909090909091,21.3072727272727,0.170909090909091,40.1854545454545,-0.140449967582456,2.80910940508951,0.878509090909091,0.847163636363636,0.862018181818182
113367,67966,45401,0.642707290503207,0.588596995561177,0.621056799283119,39.9218181818182,26.4636363636364,33.6145454545455,0.805454545454545,37.3672727272727,0.167272727272727,21.3127272727273,0.165454545454545,40.1818181818182,-0.139688070660288,2.78835202746771,0.878509090909091,0.847163636363636,0.862018181818182
113328,67975,45353,0.642647347466157,0.588477537615308,0.621031777642742,39.9218181818182,26.4618181818182,33.6163636363636,0.796363636363636,37.4018181818182,0.150909090909091,21.2781818181818,0.181818181818182,40.1909090909091,-0.138623379069296,2.75847297940742,0.878509090909091,0.847163636363636,0.862018181818182
113231,67985,45246,0.642585681732285,0.588151565400126,0.6210355005659,39.9181818181818,26.46,33.6218181818182,0.790909090909091,37.4090909090909,0.158181818181818,21.2672727272727,0.178181818181818,40.1963636363636,-0.136935245609758,2.73164533959194,0.878509090909091,0.847163636363636,0.862018181818182
113213,67987,45226,0.642548847138826,0.588146871736194,0.620926206671355,39.92,26.4618181818182,33.6181818181818,0.787272727272727,37.4254545454545,0.154545454545455,21.2763636363636,0.16,40.1963636363636,-0.136726136251607,2.7174270559441,0.878509090909091,0.847163636363636,0.862018181818182
113192,67997,45195,0.642546349707257,0.587887828806698,0.620833032712285,39.9218181818182,26.4563636363636,33.6218181818182,0.783636363636364,37.4545454545455,0.147272727272727,21.28,0.145454545454545,40.1890909090909,-0.135961340740323,2.69399616460909,0.878509090909091,0.847163636363636,0.862018181818182
113077,68001,45076,0.642479711615287,0.587756153820694,0.620790659631184,39.9181818181818,26.4581818181818,33.6236363636364,0.78,37.46,0.150909090909091,21.2581818181818,0.149090909090909,40.2018181818182,-0.134801894841208,2.65765694081783,0.878509090909091,0.847163636363636,0.862018181818182
113106,68007,45099,0.642454099815791,0.587766831430428,0.620742719081771,39.92,26.4581818181818,33.6218181818182,0.778181818181818,37.4781818181818,0.141818181818182,21.2727272727273,0.136363636363636,40.1927272727273,-0.133362659752708,2.64494327875701,0.878509090909091,0.847163636363636,0.862018181818182
113100,68013,45087,0.642358734845009,0.587744868794411,0.620674131398972,39.9181818181818,26.46,33.6218181818182,0.778181818181818,37.5054545454545,0.136363636363636,21.2636363636364,0.130909090909091,40.1854545454545,-0.132562947620384,2.62792422757907,0.878509090909091,0.847163636363636,0.862018181818182
113266,68023,45243,0.64227801827431,0.587943351954337,0.620633285125711,39.9109090909091,26.4636363636364,33.6254545454545,0.776363636363636,37.5218181818182,0.123636363636364,21.2727272727273,0.116363636363636,40.1890909090909,-0.1321092763069,2.64366774260998,0.878509090909091,0.847163636363636,0.862018181818182
113279,68031,45248,0.642284726928254,0.587902593978643,0.620614672884146,39.9145454545455,26.4654545454545,33.62,0.776363636363636,37.54,0.134545454545455,21.2290909090909,0.145454545454545,40.1745454545455,-0.131340450217778,2.63082420487296,0.878509090909091,0.847163636363636,0.862018181818182
113327,68037,45290,0.642252744746658,0.587856947339648,0.620607330584211,39.9163636363636,26.4618181818182,33.6218181818182,0.765454545454545,37.56,0.150909090909091,21.2181818181818,0.127272727272727,40.1781818181818,-0.131002368972721,2.62979095388543,0.878509090909091,0.847163636363636,0.862018181818182
113337,68045,45292,0.642217980287,0.587886916906067,0.620602581109486,39.9163636363636,26.4636363636364,33.62,0.767272727272727,37.5636363636364,0.156363636363636,21.2145454545455,0.116363636363636,40.1818181818182,-0.13045249201188,2.62147920863195,0.878509090909091,0.847163636363636,0.862018181818182
113396,68049,45347,0.642154866833487,0.587902097571241,0.620620446504125,39.9145454545455,26.4672727272727,33.6181818181818,0.765454545454545,37.5836363636364,0.150909090909091,21.1690909090909,0.152727272727273,40.1781818181818,-0.128719090221619,2.62328134761615,0.878509090909091,0.847163636363636,0.862018181818182
113379,68049,45330,0.642136746553908,0.587915851885771,0.620529893333614,39.9181818181818,26.4618181818182,33.62,0.758181818181818,37.5927272727273,0.143636363636364,21.1945454545455,0.130909090909091,40.18,-0.130513621646572,2.6023307303136,0.878509090909091,0.847163636363636,0.862018181818182
113336,68057,45279,0.642143275714055,0.587684232070228,0.620532247886608,39.9218181818182,26.4527272727273,33.6254545454545,0.758181818181818,37.6163636363636,0.138181818181818,21.1672727272727,0.125454545454545,40.1945454545455,-0.130003771287474,2.57698261521079,0.878509090909091,0.847163636363636,0.862018181818182
113336,68069,45267,0.642174373212875,0.587769651383209,0.620449353018251,39.9272727272727,26.4490909090909,33.6236363636364,0.754545454545455,37.6345454545455,0.156363636363636,21.1181818181818,0.150909090909091,40.1854545454545,-0.128970075965944,2.56180727549575,0.878509090909091,0.847163636363636,0.862018181818182
113235,68071,45164,0.642091397884383,0.58759883997744,0.620358088078147,39.9290909090909,26.4527272727273,33.6181818181818,0.752727272727273,37.6581818181818,0.167272727272727,21.0854545454545,0.134545454545455,40.2018181818182,-0.127406388475687,2.54028269093145,0.878509090909091,0.847163636363636,0.862018181818182
113137,68081,45056,0.642072668270889,0.587495767043162,0.620257055886847,39.9272727272727,26.4509090909091,33.6218181818182,0.747272727272727,37.6909090909091,0.158181818181818,21.0545454545455,0.12,40.2290909090909,-0.125669247056993,2.5140958823941,0.878509090909091,0.847163636363636,0.862018181818182
113017,68101,44916,0.642012654110133,0.58727883478148,0.620230373520011,39.9309090909091,26.4436363636364,33.6254545454545,0.745454545454545,37.7090909090909,0.169090909090909,21.0218181818182,0.125454545454545,40.2290909090909,-0.123359201042595,2.47597287635912,0.878509090909091,0.847163636363636,0.862018181818182
113064,68108,44956,0.641962385872767,0.587477152155902,0.620072670125629,39.9272727272727,26.4472727272727,33.6254545454545,0.741818181818182,37.74,0.145454545454545,20.9927272727273,0.136363636363636,40.2436363636364,-0.123389827297598,2.47943355569785,0.878509090909091,0.847163636363636,0.862018181818182
113103,68118,44985,0.641941098480865,0.587325369580743,0.620096231941859,39.9309090909091,26.4454545454545,33.6236363636364,0.734545454545455,37.7545454545455,0.163636363636364,20.9490909090909,0.130909090909091,40.2672727272727,-0.122377523566088,2.46652275540612,0.878509090909091,0.847163636363636,0.862018181818182
113052,68125,44927,0.641965232907979,0.587129446128269,0.620143361430565,39.9327272727273,26.4418181818182,33.6254545454545,0.729090909090909,37.7927272727273,0.147272727272727,20.9,0.150909090909091,40.28,-0.121400668503801,2.44386441064152,0.878509090909091,0.847163636363636,0.862018181818182
113234,68131,45103,0.641851404436533,0.587303564188108,0.62015542316601,39.9254545454545,26.4472727272727,33.6272727272727,0.72,37.8272727272727,0.138181818181818,20.8509090909091,0.170909090909091,40.2927272727273,-0.121018491474785,2.46562655974518,0.878509090909091,0.847163636363636,0.862018181818182
113230,68131,45099,0.641848363105806,0.587272986098687,0.620143826817227,39.9254545454545,26.4490909090909,33.6254545454545,0.716363636363636,37.8290909090909,0.163636363636364,20.8036363636364,0.147272727272727,40.34,-0.12081103304835,2.45006841129877,0.878509090909091,0.847163636363636,0.862018181818182
113115,68139,44976,0.641862431228166,0.587058835354981,0.620108338570765,39.9272727272727,26.4454545454545,33.6272727272727,0.710909090909091,37.86,0.138181818181818,20.7727272727273,0.174545454545455,40.3436363636364,-0.120014356332831,2.4206094877879,0.878509090909091,0.847163636363636,0.862018181818182
113130,68141,44989,0.641838674507061,0.586955077414067,0.619992585578251,39.9272727272727,26.4509090909091,33.6218181818182,0.710909090909091,37.8854545454545,0.138181818181818,20.7563636363636,0.156363636363636,40.3527272727273,-0.11909128156734,2.4061138113368,0.878509090909091,0.847163636363636,0.862018181818182
113250,68153,45097,0.641761321439529,0.586993072759403,0.620071704202036,39.9290909090909,26.4509090909091,33.62,0.707272727272727,37.9181818181818,0.125454545454545,20.7345454545455,0.156363636363636,40.3581818181818,-0.116785587808011,2.41683400970968,0.878509090909091,0.847163636363636,0.862018181818182
113312,68159,45153,0.64170723223241,0.586924584948965,0.619992237200883,39.9272727272727,26.4527272727273,33.62,0.705454545454545,37.9418181818182,0.110909090909091,20.7345454545455,0.130909090909091,40.3763636363636,-0.116486290017333,2.41331066482446,0.878509090909091,0.847163636363636,0.862018181818182
113219,68169,45050,0.641749691074307,0.586843132093214,0.619958864982592,39.9327272727273,26.4472727272727,33.62,0.703636363636364,37.9527272727273,0.125454545454545,20.6927272727273,0.134545454545455,40.3909090909091,-0.116063120098128,2.38599256608974,0.878509090909091,0.847163636363636,0.862018181818182
113208,68171,45037,0.641723449026916,0.586741878975599,0.619955956091892,39.9309090909091,26.4472727272727,33.6218181818182,0.698181818181818,37.9818181818182,0.114545454545455,20.6763636363636,0.134545454545455,40.3945454545455,-0.115307193457424,2.36984473663298,0.878509090909091,0.847163636363636,0.862018181818182
113035,68173,44862,0.64174069226084,0.586583370479663,0.619940852642127,39.9363636363636,26.4436363636364,33.62,0.692727272727273,38.0127272727273,0.12,20.6254545454545,0.152727272727273,40.3963636363636,-0.114865615294019,2.32543305988339,0.878509090909091,0.847163636363636,0.862018181818182
113023,68179,44844,0.641675255326813,0.586479798871562,0.619940971483072,39.9345454545455,26.4472727272727,33.6181818181818,0.683636363636364,38.0272727272727,0.110909090909091,20.6490909090909,0.132727272727273,40.3963636363636,-0.112793406205442,2.31119487233968,0.878509090909091,0.847163636363636,0.862018181818182
112992,68183,44809,0.641627331440619,0.586302517158638,0.619948495257905,39.9381818181818,26.4381818181818,33.6236363636364,0.681818181818182,38.0327272727273,0.127272727272727,20.64,0.112727272727273,40.4054545454546,-0.112276016762586,2.29031560261818,0.878509090909091,0.847163636363636,0.862018181818182
112899,68189,44710,0.641638226400262,0.586081064311255,0.619858941055018,39.94,26.4381818181818,33.6218181818182,0.681818181818182,38.0636363636364,0.101818181818182,20.6272727272727,0.121818181818182,40.4036363636364,-0.111360633522484,2.26896938825534,0.878509090909091,0.847163636363636,0.862018181818182
113151,68197,44954,0.641604371052546,0.586301726311784,0.619796891214999,39.9472727272727,26.4309090909091,33.6218181818182,0.678181818181818,38.0854545454546,0.110909090909091,20.6,0.114545454545455,40.4109090909091,-0.109215926852035,2.29993349520744,0.878509090909091,0.847163636363636,0.862018181818182
113112,68201,44911,0.641619181396561,0.586159895389954,0.61978570924139,39.9472727272727,26.4254545454545,33.6272727272727,0.678181818181818,38.1090909090909,0.110909090909091,20.5509090909091,0.118181818181818,40.4327272727273,-0.109302175964694,2.28074155187404,0.878509090909091,0.847163636363636,0.862018181818182
112917,68211,44706,0.641663385244779,0.585983563774306,0.619751033584936,39.9509090909091,26.4163636363636,33.6327272727273,0.672727272727273,38.1345454545455,0.123636363636364,20.5127272727273,0.105454545454545,40.4509090909091,-0.107798817097633,2.23160341391552,0.878509090909091,0.847163636363636,0.862018181818182
113069,68213,44856,0.641637074660306,0.586263541254261,0.619733838127938,39.9509090909091,26.42,33.6290909090909,0.672727272727273,38.1654545454545,0.118181818181818,20.4781818181818,0.110909090909091,40.4545454545455,-0.107177554830295,2.25252716964619,0.878509090909091,0.847163636363636,0.862018181818182
112980,68217,44763,0.641560667404907,0.586160162023774,0.619684322837272,39.9472727272727,26.4181818181818,33.6345454545455,0.661818181818182,38.1781818181818,0.110909090909091,20.46,0.114545454545455,40.4745454545455,-0.107488323828544,2.22429927142168,0.878509090909091,0.847163636363636,0.862018181818182
112988,68223,44765,0.641573215227966,0.586101291382275,0.619679540229405,39.9509090909091,26.4145454545455,33.6345454545455,0.66,38.1981818181818,0.110909090909091,20.44,0.105454545454545,40.4854545454545,-0.106789557574402,2.21426001447676,0.878509090909091,0.847163636363636,0.862018181818182
112787,68221,44566,0.641552673770482,0.585853534750106,0.619678327186327,39.9527272727273,26.4127272727273,33.6345454545455,0.656363636363636,38.2072727272727,0.130909090909091,20.3963636363636,0.103636363636364,40.5054545454545,-0.107164742510279,2.17436054402285,0.878509090909091,0.847163636363636,0.862018181818182
113010,68223,44787,0.641484589586617,0.586072536956514,0.619643385672593,39.9509090909091,26.4163636363636,33.6327272727273,0.654545454545455,38.2290909090909,0.123636363636364,20.3709090909091,0.109090909090909,40.5127272727273,-0.106298763432477,2.20387026906352,0.878509090909091,0.847163636363636,0.862018181818182
113046,68223,44823,0.641560954462255,0.586043244418122,0.619582208762347,39.9545454545455,26.4163636363636,33.6290909090909,0.652727272727273,38.2490909090909,0.127272727272727,20.3272727272727,0.101818181818182,40.5418181818182,-0.106314403547863,2.2094272157516,0.878509090909091,0.847163636363636,0.862018181818182
112811,68226,44585,0.641505800138431,0.585739564658775,0.61954785244284,39.9509090909091,26.4181818181818,33.6309090909091,0.649090909090909,38.2727272727273,0.123636363636364,20.2945454545455,0.101818181818182,40.5581818181818,-0.106234462985727,2.15472322219813,0.878509090909091,0.847163636363636,0.862018181818182
112924,68230,44694,0.641517915404426,0.58588590954433,0.619465380058743,39.9490909090909,26.42,33.6309090909091,0.645454545454546,38.2909090909091,0.118181818181818,20.2727272727273,0.1,40.5727272727273,-0.10557408959245,2.16353035779162,0.878509090909091,0.847163636363636,0.862018181818182
112958,68234,44724,0.641499039101175,0.585862871825888,0.619486393255441,39.9490909090909,26.4218181818182,33.6290909090909,0.638181818181818,38.3163636363636,0.107272727272727,20.24,0.0981818181818182,40.6,-0.104279542762511,2.15622514086691,0.878509090909091,0.847163636363636,0.862018181818182
112951,68234,44717,0.641477264887953,0.58588742100974,0.619492834432272,39.9490909090909,26.4218181818182,33.6290909090909,0.634545454545455,38.3218181818182,0.107272727272727,20.2236363636364,0.0981818181818182,40.6145454545455,-0.104565970881694,2.14765020575036,0.878509090909091,0.847163636363636,0.862018181818182
112964,68234,44730,0.641518676678372,0.585907970035973,0.619428657004992,39.9490909090909,26.4181818181818,33.6327272727273,0.632727272727273,38.3309090909091,0.105454545454545,20.2072727272727,0.0963636363636364,40.6272727272727,-0.106054104275112,2.14163424301554,0.878509090909091,0.847163636363636,0.862018181818182
112719,68242,44477,0.641409116264733,0.585580595033462,0.619409088321616,39.9454545454546,26.4236363636364,33.6309090909091,0.629090909090909,38.3709090909091,0.0963636363636364,20.16,0.103636363636364,40.64,-0.103633544421014,2.09014020379294,0.878509090909091,0.847163636363636,0.862018181818182
112918,68248,44670,0.641404657344324,0.585839653938893,0.61917919823177,39.9472727272727,26.4218181818182,33.6309090909091,0.623636363636364,38.3818181818182,0.103636363636364,20.1272727272727,0.0963636363636364,40.6672727272727,-0.102755118139215,2.11115234639834,0.878509090909091,0.847163636363636,0.862018181818182
112959,68258,44701,0.641346229963666,0.585804881245784,0.619287982191849,39.9436363636364,26.4290909090909,33.6272727272727,0.62,38.4072727272727,0.103636363636364,20.1,0.0818181818181818,40.6872727272727,-0.101340603469659,2.10098737430843,0.878509090909091,0.847163636363636,0.862018181818182
112919,68256,44663,0.641286736660623,0.585668743625484,0.61929516223337,39.9472727272727,26.4254545454545,33.6272727272727,0.618181818181818,38.4509090909091,0.103636363636364,20.0454545454545,0.0854545454545454,40.6963636363636,-0.100670539552812,2.08927969140085,0.878509090909091,0.847163636363636,0.862018181818182
113005,68264,44741,0.641237522322694,0.58570251956605,0.61923630601795,39.9454545454546,26.4309090909091,33.6236363636364,0.612727272727273,38.4927272727273,0.0963636363636364,20.0018181818182,0.0909090909090909,40.7054545454545,-0.100097295875788,2.09825286353854,0.878509090909091,0.847163636363636,0.862018181818182
113023,68272,44751,0.641308664919442,0.585690733768942,0.61920730535298,39.9436363636364,26.4345454545455,33.6218181818182,0.609090909090909,38.5218181818182,0.101818181818182,19.9563636363636,0.0963636363636364,40.7145454545455,-0.0998352068767417,2.09160523533144,0.878509090909091,0.847163636363636,0.862018181818182
112978,68274,44704,0.641310942633684,0.585562540581479,0.619148940595551,39.9436363636364,26.4309090909091,33.6254545454545,0.605454545454545,38.5490909090909,0.0963636363636364,19.9163636363636,0.110909090909091,40.7218181818182,-0.0997069097796074,2.06984377750619,0.878509090909091,0.847163636363636,0.862018181818182
113119,68280,44839,0.641317368434827,0.585537322283354,0.619267604448904,39.9436363636364,26.4345454545455,33.6218181818182,0.603636363636364,38.5581818181818,0.0927272727272727,19.9127272727273,0.0981818181818182,40.7345454545455,-0.0985392873006111,2.07676645192233,0.878509090909091,0.847163636363636,0.862018181818182
113053,68282,44771,0.641328168084438,0.585428342669682,0.619265225829724,39.9436363636364,26.4345454545455,33.6218181818182,0.598181818181818,38.6054545454545,0.0854545454545454,19.8763636363636,0.0927272727272727,40.7418181818182,-0.0985469020913694,2.0543130196631,0.878509090909091,0.847163636363636,0.862018181818182
113147,68290,44857,0.641357645412394,0.585509934512893,0.619254817725937,39.9490909090909,26.4290909090909,33.6218181818182,0.594545454545455,38.6218181818182,0.0909090909090909,19.8509090909091,0.0963636363636364,40.7454545454545,-0.098503153899748,2.0607923922891,0.878509090909091,0.847163636363636,0.862018181818182
112959,68292,44667,0.641304934070418,0.585312846233274,0.619229762854133,39.9527272727273,26.4254545454545,33.6218181818182,0.590909090909091,38.6618181818182,0.0781818181818182,19.8345454545455,0.0872727272727273,40.7472727272727,-0.0984431300523945,2.01667509796945,0.878509090909091,0.847163636363636,0.862018181818182
113032,68296,44736,0.641299570522184,0.585330329390575,0.619184403621383,39.9545454545455,26.4236363636364,33.6218181818182,0.587272727272727,38.6781818181818,0.0781818181818182,19.8109090909091,0.0963636363636364,40.7490909090909,-0.0978696133041839,2.02522908032618,0.878509090909091,0.847163636363636,0.862018181818182
113129,68302,44827,0.641291501471269,0.585260219197182,0.619220719809372,39.96,26.4181818181818,33.6218181818182,0.585454545454545,38.7018181818182,0.0854545454545454,19.7927272727273,0.0745454545454545,40.76,-0.0968396995216608,2.03402756401761,0.878509090909091,0.847163636363636,0.862018181818182
113332,68310,45022,0.641270491787548,0.585397650071052,0.619265731598083,39.9545454545455,26.4254545454545,33.62,0.583636363636364,38.7454545454545,0.0818181818181818,19.7581818181818,0.08,40.7509090909091,-0.0954102967087899,2.05479976433245,0.878509090909091,0.847163636363636,0.862018181818182
113124,68314,44810,0.641174716964807,0.585194820206027,0.619264341970765,39.9490909090909,26.4272727272727,33.6236363636364,0.583636363636364,38.7818181818182,0.0709090909090909,19.7345454545455,0.0836363636363636,40.7454545454545,-0.0944952733782967,2.01051009293984,0.878509090909091,0.847163636363636,0.862018181818182
113173,68314,44859,0.64120506207287,0.58520634629119,0.619181345137152,39.9509090909091,26.4236363636364,33.6254545454545,0.581818181818182,38.7927272727273,0.0745454545454545,19.7181818181818,0.0709090909090909,40.7618181818182,-0.0946872625170561,2.01376096548682,0.878509090909091,0.847163636363636,0.862018181818182
112969,68308,44661,0.641180401048793,0.585030256399942,0.619061246086393,39.9509090909091,26.42,33.6290909090909,0.576363636363636,38.8163636363636,0.0836363636363636,19.6872727272727,0.0854545454545454,40.7509090909091,-0.0954623786901886,1.9701416884295,0.878509090909091,0.847163636363636,0.862018181818182
113186,68310,44876,0.641259535398955,0.585222572921271,0.619072420880825,39.9581818181818,26.4163636363636,33.6254545454545,0.570909090909091,38.8509090909091,0.0909090909090909,19.6581818181818,0.08,40.7490909090909,-0.0958602417322585,1.99425811510194,0.878509090909091,0.847163636363636,0.862018181818182
113181,68318,44863,0.64117280645955,0.58508230951504,0.619139832787846,39.9545454545455,26.4163636363636,33.6290909090909,0.569090909090909,38.8690909090909,0.0854545454545454,19.6327272727273,0.0872727272727273,40.7563636363636,-0.093902797233816,1.98447093242271,0.878509090909091,0.847163636363636,0.862018181818182
113392,68332,45060,0.641224707613092,0.585274903122534,0.619164897294249,39.9563636363636,26.4090909090909,33.6345454545455,0.563636363636364,38.9,0.0854545454545454,19.6127272727273,0.0745454545454545,40.7636363636364,-0.0930030083558946,2.00786610801112,0.878509090909091,0.847163636363636,0.862018181818182
113195,68340,44855,0.641188462096168,0.585080271612157,0.619212092551987,39.9581818181818,26.4090909090909,33.6327272727273,0.563636363636364,38.9236363636364,0.0909090909090909,19.5836363636364,0.0890909090909091,40.7490909090909,-0.0916216961814577,1.95954341661524,0.878509090909091,0.847163636363636,0.862018181818182
113152,68342,44810,0.641168499533562,0.585086775982107,0.619108313228222,39.9581818181818,26.4127272727273,33.6290909090909,0.56,38.9636363636364,0.0818181818181818,19.5509090909091,0.0927272727272727,40.7509090909091,-0.0910826600019143,1.94007287083024,0.878509090909091,0.847163636363636,0.862018181818182
113377,68336,45041,0.641082435537821,0.585190917820701,0.619097684744472,39.96,26.4109090909091,33.6290909090909,0.558181818181818,38.9909090909091,0.0854545454545454,19.52,0.0890909090909091,40.7563636363636,-0.0912349964957684,1.97426803051071,0.878509090909091,0.847163636363636,0.862018181818182
113353,68336,45017,0.641101348503583,0.585088743557006,0.619027895771983,39.9636363636364,26.4018181818182,33.6345454545455,0.556363636363636,39.0072727272727,0.0854545454545454,19.5181818181818,0.0709090909090909,40.7618181818182,-0.0910752182239032,1.9595989971845,0.878509090909091,0.847163636363636,0.862018181818182
113125,68338,44787,0.641108376281253,0.584907647012573,0.618894239880277,39.9654545454545,26.4018181818182,33.6327272727273,0.554545454545455,39.0418181818182,0.0672727272727273,19.5,0.0836363636363636,40.7527272727273,-0.0898717599021356,1.90653757701882,0.878509090909091,0.847163636363636,0.862018181818182
113055,68342,44713,0.641182202114162,0.584806987561784,0.618875628070316,39.9672727272727,26.4018181818182,33.6309090909091,0.552727272727273,39.0763636363636,0.0672727272727273,19.4672727272727,0.0836363636363636,40.7527272727273,-0.089315257928948,1.88333505437794,0.878509090909091,0.847163636363636,0.862018181818182
112965,68344,44621,0.641204966835301,0.584616468566239,0.618857926970403,39.9727272727273,26.3945454545455,33.6327272727273,0.550909090909091,39.1054545454545,0.0781818181818182,19.4363636363636,0.0836363636363636,40.7454545454545,-0.089597020289776,1.85379440715028,0.878509090909091,0.847163636363636,0.862018181818182
113199,68354,44845,0.641178889695434,0.584655558353812,0.618916042846847,39.9745454545455,26.3927272727273,33.6327272727273,0.547272727272727,39.1363636363636,0.0727272727272727,19.4163636363636,0.0854545454545454,40.7418181818182,-0.089212839150886,1.88301009723747,0.878509090909091,0.847163636363636,0.862018181818182
113239,68358,44881,0.641128084972,0.584675391877585,0.618907241996854,39.9763636363636,26.3909090909091,33.6327272727273,0.543636363636364,39.1436363636364,0.0963636363636364,19.4,0.0763636363636364,40.74,-0.0888866740101631,1.88614499699324,0.878509090909091,0.847163636363636,0.862018181818182
113056,68360,44696,0.641140456430158,0.584545750226733,0.618978024634426,39.9763636363636,26.3945454545455,33.6290909090909,0.538181818181818,39.1618181818182,0.0981818181818182,19.38,0.0709090909090909,40.7509090909091,-0.0891530639568704,1.84723156931048,0.878509090909091,0.847163636363636,0.862018181818182
113106,68362,44744,0.641143367983948,0.584546498564224,0.619191748733952,39.9763636363636,26.3981818181818,33.6254545454545,0.54,39.1763636363636,0.0872727272727273,19.3727272727273,0.0727272727272727,40.7509090909091,-0.0879147975996602,1.83571832759137,0.878509090909091,0.847163636363636,0.862018181818182
113130,68366,44764,0.641157310782348,0.584510545758561,0.619263136783694,39.9781818181818,26.3945454545455,33.6272727272727,0.538181818181818,39.1927272727273,0.0945454545454545,19.3418181818182,0.0781818181818182,40.7545454545455,-0.0881516737096139,1.82639791987498,0.878509090909091,0.847163636363636,0.862018181818182
113324,68372,44952,0.641225813813964,0.584595990043562,0.619286008702298,39.9763636363636,26.3963636363636,33.6272727272727,0.54,39.2272727272727,0.0927272727272727,19.3181818181818,0.0727272727272727,40.7490909090909,-0.0877120423718059,1.85358767363835,0.878509090909091,0.847163636363636,0.862018181818182
113222,68370,44852,0.641225773984176,0.584448289913035,0.619188026743573,39.9763636363636,26.3890909090909,33.6345454545455,0.54,39.2454545454545,0.0872727272727273,19.2963636363636,0.0818181818181818,40.7490909090909,-0.0879619201176948,1.82405470577492,0.878509090909091,0.847163636363636,0.862018181818182
113220,68368,44852,0.641314263470799,0.584294360086415,0.619167496874662,39.9854545454545,26.3818181818182,33.6327272727273,0.538181818181818,39.2690909090909,0.0763636363636364,19.2618181818182,0.0818181818181818,40.7727272727273,-0.0889263796839673,1.80589723316106,0.878509090909091,0.847163636363636,0.862018181818182
113229,68372,44857,0.641320453625244,0.584307385984816,0.619120906384368,39.9818181818182,26.3872727272727,33.6309090909091,0.536363636363636,39.2927272727273,0.0872727272727273,19.2309090909091,0.0909090909090909,40.7618181818182,-0.0884495576735141,1.7980413835157,0.878509090909091,0.847163636363636,0.862018181818182
113352,68372,44980,0.641223129733002,0.584412194964372,0.619079335112538,39.98,26.3909090909091,33.6290909090909,0.536363636363636,39.2981818181818,0.1,19.2127272727273,0.0890909090909091,40.7636363636364,-0.0878947385375134,1.80804497608068,0.878509090909091,0.847163636363636,0.862018181818182
113392,68372,45020,0.64121348637116,0.584420602388837,0.619061999822836,39.9781818181818,26.3945454545455,33.6272727272727,0.536363636363636,39.3545454545455,0.0763636363636364,19.1745454545455,0.0872727272727273,40.7709090909091,-0.0873357396654848,1.80096957837655,0.878509090909091,0.847163636363636,0.862018181818182
113525,68378,45147,0.641181897746358,0.584505032546016,0.61917958978145,39.9763636363636,26.3981818181818,33.6254545454545,0.534545454545455,39.3690909090909,0.0745454545454545,19.16,0.0709090909090909,40.7909090909091,-0.0872456362116447,1.81403863614594,0.878509090909091,0.847163636363636,0.862018181818182
113528,68388,45140,0.641140025714818,0.58439680380796,0.619184376674614,39.98,26.3981818181818,33.6218181818182,0.534545454545455,39.3763636363636,0.0727272727272727,19.1363636363636,0.0836363636363636,40.7963636363636,-0.0860132949387083,1.80158455776559,0.878509090909091,0.847163636363636,0.862018181818182
113515,68398,45117,0.641213129514083,0.584284501466305,0.619380471111419,39.9818181818182,26.3981818181818,33.62,0.534545454545455,39.4018181818182,0.0636363636363636,19.1236363636364,0.0690909090909091,40.8072727272727,-0.084968453208355,1.79103247492828,0.878509090909091,0.847163636363636,0.862018181818182
113458,68400,45058,0.641216430412947,0.584173386978982,0.619366420381008,39.9818181818182,26.3945454545455,33.6236363636364,0.527272727272727,39.4272727272727,0.0945454545454545,19.06,0.0763636363636364,40.8145454545455,-0.0838957258254099,1.76776303875853,0.878509090909091,0.847163636363636,0.862018181818182
113671,68404,45267,0.641102109874416,0.584382154177377,0.619292052136707,39.9781818181818,26.3945454545455,33.6272727272727,0.527272727272727,39.4545454545455,0.0872727272727273,19.0309090909091,0.08,40.82,-0.0841493249364166,1.79035006715831,0.878509090909091,0.847163636363636,0.862018181818182
113596,68412,45184,0.641146025258135,0.584247050469853,0.619216140643244,39.98,26.3927272727273,33.6272727272727,0.521818181818182,39.4890909090909,0.0709090909090909,19.02,0.0872727272727273,40.8109090909091,-0.0843509979114804,1.76744226801463,0.878509090909091,0.847163636363636,0.862018181818182
113481,68416,45065,0.641034558538721,0.584207344760357,0.619221771755301,39.9781818181818,26.3981818181818,33.6236363636364,0.521818181818182,39.5072727272727,0.0763636363636364,18.9981818181818,0.0745454545454545,40.8218181818182,-0.0838937362065983,1.7454605283893,0.878509090909091,0.847163636363636,0.862018181818182
113333,68416,44917,0.641034199623335,0.584048323141721,0.619186351369343,39.9836363636364,26.3927272727273,33.6236363636364,0.521818181818182,39.5181818181818,0.08,18.9763636363636,0.0745454545454545,40.8290909090909,-0.0842838061425771,1.70160462658175,0.878509090909091,0.847163636363636,0.862018181818182
113470,68430,45040,0.641133181785452,0.584050112305505,0.619223907944069,39.9818181818182,26.3963636363636,33.6218181818182,0.52,39.5454545454545,0.0745454545454545,18.9509090909091,0.0818181818181818,40.8272727272727,-0.0831030012097802,1.716321474754,0.878509090909091,0.847163636363636,0.862018181818182
113555,68438,45117,0.640989522857409,0.583964565130121,0.619288585099506,39.9763636363636,26.4,33.6236363636364,0.518181818181818,39.5636363636364,0.0745454545454545,18.9381818181818,0.0781818181818182,40.8272727272727,-0.0806998487516963,1.72097584271634,0.878509090909091,0.847163636363636,0.862018181818182
113397,68428,44969,0.641094811366897,0.583723466414345,0.619201842772066,39.9890909090909,26.3818181818182,33.6290909090909,0.512727272727273,39.6109090909091,0.0636363636363636,18.8872727272727,0.0854545454545454,40.84,-0.0817418255905399,1.68806981017644,0.878509090909091,0.847163636363636,0.862018181818182
113262,68426,44836,0.641092186182238,0.583578143262097,0.61913709306474,39.9890909090909,26.38,33.6309090909091,0.512727272727273,39.6545454545455,0.0581818181818182,18.8309090909091,0.0818181818181818,40.8618181818182,-0.0825718600522536,1.65388875933872,0.878509090909091,0.847163636363636,0.862018181818182
113374,68438,44936,0.641149010422405,0.583621331902675,0.619194841093866,39.9890909090909,26.3781818181818,33.6327272727273,0.512727272727273,39.6709090909091,0.0709090909090909,18.7909090909091,0.08,40.8745454545455,-0.0823592806520703,1.66059007722546,0.878509090909091,0.847163636363636,0.862018181818182
113576,68450,45126,0.64115108628105,0.583867178144195,0.619187974967438,39.9836363636364,26.3818181818182,33.6345454545455,0.509090909090909,39.6981818181818,0.0709090909090909,18.7672727272727,0.0709090909090909,40.8836363636364,-0.0801780443332973,1.68989995701069,0.878509090909091,0.847163636363636,0.862018181818182
113663,68450,45213,0.641150341739713,0.583880838062865,0.619157496298935,39.9836363636364,26.3818181818182,33.6345454545455,0.507272727272727,39.7236363636364,0.0745454545454545,18.7490909090909,0.06,40.8854545454545,-0.0797657058799153,1.69489766481248,0.878509090909091,0.847163636363636,0.862018181818182
113295,68452,44843,0.641162830438558,0.583401723487559,0.619108352332078,39.9854545454545,26.3763636363636,33.6381818181818,0.509090909090909,39.7527272727273,0.0709090909090909,18.6963636363636,0.0727272727272727,40.8981818181818,-0.0804104812475006,1.62120502934876,0.878509090909091,0.847163636363636,0.862018181818182
113170,68454,44716,0.641065671758932,0.583140982296438,0.619185579542319,39.9836363636364,26.38,33.6363636363636,0.509090909090909,39.7945454545455,0.0727272727272727,18.6381818181818,0.0745454545454545,40.9109090909091,-0.0779716422268724,1.58646657602354,0.878509090909091,0.847163636363636,0.862018181818182
113480,68450,45030,0.6410291337587,0.583515892232014,0.619124250081252,39.9836363636364,26.3781818181818,33.6381818181818,0.503636363636364,39.8236363636364,0.0690909090909091,18.6054545454545,0.0545454545454545,40.9436363636364,-0.0782651508344067,1.63621460238302,0.878509090909091,0.847163636363636,0.862018181818182
113508,68450,45058,0.641012728624033,0.583432843160381,0.619080213820349,39.9854545454545,26.3745454545455,33.64,0.5,39.88,0.0654545454545455,18.5490909090909,0.0636363636363636,40.9418181818182,-0.077993306054817,1.63786464805969,0.878509090909091,0.847163636363636,0.862018181818182
113705,68453,45252,0.641020843241568,0.583588037421753,0.619204036210566,39.9909090909091,26.3709090909091,33.6381818181818,0.494545454545455,39.9181818181818,0.0654545454545455,18.5036363636364,0.06,40.9581818181818,-0.0784630199206731,1.66277990683236,0.878509090909091,0.847163636363636,0.862018181818182
113794,68465,45329,0.641019717436754,0.58361006376548,0.619317404581136,39.9909090909091,26.3781818181818,33.6309090909091,0.494545454545455,39.96,0.0654545454545455,18.4472727272727,0.0545454545454545,40.9781818181818,-0.0773709299681452,1.66831839243797,0.878509090909091,0.847163636363636,0.862018181818182
113742,68473,45269,0.641034395163155,0.583459256521132,0.619318476131203,39.9890909090909,26.38,33.6309090909091,0.494545454545455,40,0.0636363636363636,18.3945454545455,0.0581818181818182,40.9890909090909,-0.0762504280744245,1.63855580071157,0.878509090909091,0.847163636363636,0.862018181818182
113731,68465,45266,0.641020560786621,0.583501488786317,0.619190077878928,39.9890909090909,26.3763636363636,33.6345454545455,0.492727272727273,40.0381818181818,0.0581818181818182,18.3618181818182,0.0581818181818182,40.9909090909091,-0.0777732895826458,1.63254469103095,0.878509090909091,0.847163636363636,0.862018181818182
113739,68471,45268,0.641039746882239,0.583486011822178,0.619239426931361,39.9854545454545,26.3836363636364,33.6309090909091,0.489090909090909,40.0854545454546,0.06,18.3254545454545,0.0636363636363636,40.9763636363636,-0.0774674043295156,1.62712203909389,0.878509090909091,0.847163636363636,0.862018181818182
113717,68465,45252,0.640999279183807,0.583427434894768,0.619173595913113,39.9890909090909,26.3781818181818,33.6327272727273,0.489090909090909,40.1072727272727,0.0636363636363636,18.3,0.0563636363636364,40.9836363636364,-0.0780884878757537,1.61640006805008,0.878509090909091,0.847163636363636,0.862018181818182
113591,68459,45132,0.64104960009937,0.583295191419917,0.619155965262892,39.9927272727273,26.3745454545455,33.6327272727273,0.487272727272727,40.1527272727273,0.0636363636363636,18.2472727272727,0.0654545454545455,40.9836363636364,-0.0785135095155221,1.58169740629806,0.878509090909091,0.847163636363636,0.862018181818182
113564,68457,45107,0.641062939286963,0.583192147906835,0.619176322642793,39.9927272727273,26.3727272727273,33.6345454545455,0.489090909090909,40.1927272727273,0.0709090909090909,18.2018181818182,0.0636363636363636,40.9818181818182,-0.07849011871043,1.56777041515505,0.878509090909091,0.847163636363636,0.862018181818182
113598,68461,45137,0.641060807667994,0.583187726046062,0.619159144972795,39.9927272727273,26.3709090909091,33.6363636363636,0.487272727272727,40.2272727272727,0.0672727272727273,18.1709090909091,0.0509090909090909,40.9963636363636,-0.0783522537692492,1.56686193624681,0.878509090909091,0.847163636363636,0.862018181818182
113593,68463,45130,0.641079350058085,0.583174575956731,0.619039580739176,39.9927272727273,26.3709090909091,33.6363636363636,0.485454545454546,40.2818181818182,0.0509090909090909,18.1381818181818,0.0454545454545455,40.9981818181818,-0.0792201913416648,1.5548116973178,0.878509090909091,0.847163636363636,0.862018181818182
113540,68465,45075,0.640964815938708,0.583114458679418,0.619052506168233,39.9909090909091,26.3709090909091,33.6381818181818,0.485454545454546,40.3127272727273,0.0509090909090909,18.0963636363636,0.0581818181818182,40.9963636363636,-0.0783812307280062,1.5343271614137,0.878509090909091,0.847163636363636,0.862018181818182
113499,68469,45030,0.640997980961171,0.583072131617114,0.619129387653878,39.9890909090909,26.3727272727273,33.6381818181818,0.487272727272727,40.3381818181818,0.0690909090909091,18.0363636363636,0.0545454545454545,41.0145454545455,-0.0781673259365396,1.51933811759068,0.878509090909091,0.847163636363636,0.862018181818182
113520,68463,45057,0.641039413062382,0.583058758015625,0.619074903792957,39.9909090909091,26.3690909090909,33.64,0.485454545454546,40.3763636363636,0.0636363636363636,18.0018181818182,0.0581818181818182,41.0145454545455,-0.079006817474411,1.5178841306574,0.878509090909091,0.847163636363636,0.862018181818182
113681,68473,45208,0.640999599150352,0.583123757300557,0.619164598715834,39.9927272727273,26.3690909090909,33.6381818181818,0.487272727272727,40.4145454545455,0.0563636363636364,17.9836363636364,0.0490909090909091,41.0090909090909,-0.0774252563634946,1.53763241876255,0.878509090909091,0.847163636363636,0.862018181818182
113626,68471,45155,0.640908240440078,0.583101114951675,0.619128996727543,39.9909090909091,26.3727272727273,33.6363636363636,0.485454545454546,40.4563636363636,0.06,17.9290909090909,0.0545454545454545,41.0145454545455,-0.0770349961038102,1.52012906316668,0.878509090909091,0.847163636363636,0.862018181818182
113679,68471,45208,0.640884100285332,0.583151529870465,0.618984101477059,39.9872727272727,26.3763636363636,33.6363636363636,0.481818181818182,40.4890909090909,0.0563636363636364,17.9018181818182,0.0654545454545455,41.0054545454545,-0.0767525703414073,1.52129867552695,0.878509090909091,0.847163636363636,0.862018181818182
113622,68469,45153,0.640950319268633,0.583060658351455,0.619038241124237,39.9890909090909,26.3781818181818,33.6327272727273,0.48,40.5254545454545,0.0472727272727273,17.8781818181818,0.0672727272727273,41.0018181818182,-0.0774752134500556,1.50093977114355,0.878509090909091,0.847163636363636,0.862018181818182
113750,68467,45283,0.640987998359261,0.58304799842534,0.619047196903368,39.9909090909091,26.3763636363636,33.6327272727273,0.478181818181818,40.5636363636364,0.0545454545454545,17.8363636363636,0.0545454545454545,41.0127272727273,-0.0779840117426912,1.51408071074296,0.878509090909091,0.847163636363636,0.862018181818182
113590,68475,45115,0.641015926079883,0.583000177637303,0.619016729934816,39.9854545454545,26.3818181818182,33.6327272727273,0.476363636363636,40.5945454545455,0.0618181818181818,17.7963636363636,0.0454545454545455,41.0254545454545,-0.0785033153058149,1.47878522620621,0.878509090909091,0.847163636363636,0.862018181818182
113619,68479,45140,0.640912742623765,0.582961906242104,0.619080408103417,39.9818181818182,26.3872727272727,33.6309090909091,0.472727272727273,40.6309090909091,0.0490909090909091,17.7636363636364,0.0563636363636364,41.0272727272727,-0.0766476516798734,1.47499515134841,0.878509090909091,0.847163636363636,0.862018181818182
113686,68473,45213,0.640873966607986,0.58300321092873,0.619068427549026,39.9836363636364,26.3854545454545,33.6309090909091,0.472727272727273,40.6472727272727,0.0436363636363636,17.7381818181818,0.0654545454545455,41.0327272727273,-0.0767406648816673,1.47677473434332,0.878509090909091,0.847163636363636,0.862018181818182
113648,68465,45183,0.64098170674946,0.582907165659914,0.618994502732131,39.9927272727273,26.3745454545455,33.6327272727273,0.469090909090909,40.6727272727273,0.0618181818181818,17.6945454545455,0.0654545454545455,41.0363636363636,-0.0781931058092265,1.46627428382635,0.878509090909091,0.847163636363636,0.862018181818182
113637,68465,45172,0.640974561672201,0.582885499662999,0.618997005461816,39.9927272727273,26.3763636363636,33.6309090909091,0.469090909090909,40.6963636363636,0.0527272727272727,17.6672727272727,0.0672727272727273,41.0472727272727,-0.0775729568485324,1.45591395890171,0.878509090909091,0.847163636363636,0.862018181818182
113622,68477,45145,0.640964683548354,0.583075264519645,0.618996258121996,39.9909090909091,26.3745454545455,33.6345454545455,0.469090909090909,40.7145454545455,0.0509090909090909,17.6490909090909,0.0581818181818182,41.0581818181818,-0.0763933149440577,1.43676796028899,0.878509090909091,0.847163636363636,0.862018181818182
113632,68483,45149,0.640965685705663,0.583005944681704,0.61894474046979,39.9890909090909,26.3727272727273,33.6381818181818,0.467272727272727,40.7381818181818,0.0436363636363636,17.6236363636364,0.0545454545454545,41.0727272727273,-0.0768083173685723,1.43147836376659,0.878509090909091,0.847163636363636,0.862018181818182
113664,68487,45177,0.640895109787163,0.583054728306099,0.618979896469042,39.9854545454545,26.38,33.6345454545455,0.465454545454546,40.7345454545455,0.0563636363636364,17.6072727272727,0.0581818181818182,41.0781818181818,-0.0758850126854006,1.4250382149084,0.878509090909091,0.847163636363636,0.862018181818182
113624,68481,45143,0.640799422778856,0.583020828180572,0.619011435954416,39.9890909090909,26.3818181818182,33.6290909090909,0.461818181818182,40.7436363636364,0.0618181818181818,17.5836363636364,0.0581818181818182,41.0909090909091,-0.0760299111927783,1.4124710213901,0.878509090909091,0.847163636363636,0.862018181818182
113549,68471,45078,0.640807682805719,0.582932870029074,0.618887039060433,39.9909090909091,26.3745454545455,33.6345454545455,0.46,40.7545454545455,0.0581818181818182,17.5727272727273,0.0618181818181818,41.0927272727273,-0.0777765036255005,1.39145587814802,0.878509090909091,0.847163636363636,0.862018181818182
113557,68473,45084,0.640779954431159,0.582972460393265,0.618863142912907,39.9872727272727,26.3818181818182,33.6309090909091,0.46,40.7563636363636,0.0545454545454545,17.5618181818182,0.0527272727272727,41.1145454545455,-0.0774616220515864,1.38333828471262,0.878509090909091,0.847163636363636,0.862018181818182
113565,68475,45090,0.640748814399942,0.582954775896692,0.618869602086256,39.9854545454545,26.3836363636364,33.6309090909091,0.456363636363636,40.76,0.06,17.5345454545455,0.0490909090909091,41.14,-0.0773823293521921,1.3799099851569,0.878509090909091,0.847163636363636,0.862018181818182
113582,68481,45101,0.640699993621136,0.582923536807438,0.618899896842242,39.9872727272727,26.3818181818182,33.6309090909091,0.454545454545454,40.78,0.0490909090909091,17.5054545454545,0.0527272727272727,41.1581818181818,-0.0763804933474603,1.37089190025899,0.878509090909091,0.847163636363636,0.862018181818182
113597,68499,45098,0.640761888559694,0.582993350339839,0.618970446396519,39.9836363636364,26.3872727272727,33.6290909090909,0.452727272727273,40.7781818181818,0.0581818181818182,17.4836363636364,0.0618181818181818,41.1654545454545,-0.0749863909446669,1.36023756504398,0.878509090909091,0.847163636363636,0.862018181818182
113552,68493,45059,0.640842938404826,0.582825422291567,0.618924558916442,39.9890909090909,26.38,33.6309090909091,0.450909090909091,40.7854545454545,0.0527272727272727,17.4636363636364,0.0545454545454545,41.1927272727273,-0.0758087464819586,1.35105272672054,0.878509090909091,0.847163636363636,0.862018181818182
113524,68499,45025,0.640722805508409,0.582720643484954,0.619039863146517,39.98,26.3945454545455,33.6254545454545,0.449090909090909,40.7818181818182,0.0509090909090909,17.4545454545455,0.0636363636363636,41.2,-0.0739320269841053,1.3342405885458,0.878509090909091,0.847163636363636,0.862018181818182
113496,68491,45005,0.640793343508038,0.58263695536757,0.619004498095592,39.9890909090909,26.38,33.6309090909091,0.449090909090909,40.7872727272727,0.0545454545454545,17.4181818181818,0.0709090909090909,41.22,-0.0759069123935743,1.32489469356158,0.878509090909091,0.847163636363636,0.862018181818182
113631,68487,45144,0.640745676338814,0.582800239491106,0.618955470298844,39.9909090909091,26.3709090909091,33.6381818181818,0.447272727272727,40.7836363636364,0.0509090909090909,17.4145454545455,0.0527272727272727,41.2509090909091,-0.0767551779978186,1.34456058462912,0.878509090909091,0.847163636363636,0.862018181818182
113623,68479,45144,0.64066165645153,0.58276931111199,0.618957690521473,39.9872727272727,26.3763636363636,33.6363636363636,0.445454545454545,40.7854545454545,0.0472727272727273,17.3945454545455,0.0454545454545455,41.2818181818182,-0.0766261140351906,1.33479276470501,0.878509090909091,0.847163636363636,0.862018181818182
113601,68471,45130,0.640747919671796,0.582744934568955,0.618896512396476,39.9927272727273,26.3690909090909,33.6381818181818,0.443636363636364,40.7890909090909,0.0527272727272727,17.3654545454545,0.0509090909090909,41.2981818181818,-0.0788969403865684,1.32761873986403,0.878509090909091,0.847163636363636,0.862018181818182
113634,68483,45151,0.640799216051437,0.582812258286317,0.618903465619261,39.9927272727273,26.3745454545455,33.6327272727273,0.44,40.7927272727273,0.0472727272727273,17.3527272727273,0.0509090909090909,41.3163636363636,-0.078140224004462,1.31891164056618,0.878509090909091,0.847163636363636,0.862018181818182
113652,68489,45163,0.640849310071442,0.582622711399199,0.61897654169194,39.9909090909091,26.3763636363636,33.6327272727273,0.44,40.7981818181818,0.0363636363636364,17.3381818181818,0.0527272727272727,41.3345454545455,-0.077308049807206,1.31040297788568,0.878509090909091,0.847163636363636,0.862018181818182
113746,68503,45243,0.640799414798948,0.5826951715622,0.619080504399229,39.9854545454545,26.3890909090909,33.6254545454545,0.44,40.7945454545455,0.0345454545454545,17.3290909090909,0.0454545454545455,41.3563636363636,-0.0744205815038599,1.31430992643264,0.878509090909091,0.847163636363636,0.862018181818182
113680,68497,45183,0.640786281895681,0.582675117838155,0.619069154108538,39.9890909090909,26.3909090909091,33.62,0.44,40.8036363636364,0.0327272727272727,17.3090909090909,0.0545454545454545,41.36,-0.0756648174938825,1.29562835941853,0.878509090909091,0.847163636363636,0.862018181818182
113621,68501,45120,0.640830229732703,0.582613270639588,0.618892632857937,39.9872727272727,26.3927272727273,33.62,0.44,40.8127272727273,0.0345454545454545,17.2636363636364,0.0672727272727273,41.3818181818182,-0.0751793456212247,1.27475044966083,0.878509090909091,0.847163636363636,0.862018181818182
113492,68497,44995,0.64074823459985,0.58245843690352,0.618834417668371,39.9836363636364,26.3945454545455,33.6218181818182,0.44,40.8072727272727,0.0418181818181818,17.2454545454545,0.0581818181818182,41.4072727272727,-0.0744991253414231,1.25044600585984,0.878509090909091,0.847163636363636,0.862018181818182
113583,68493,45090,0.64073168034061,0.582501234492606,0.618842351749803,39.9854545454545,26.3927272727273,33.6218181818182,0.438181818181818,40.8,0.0454545454545455,17.2145454545455,0.06,41.4418181818182,-0.0759462190781381,1.26092866847122,0.878509090909091,0.847163636363636,0.862018181818182
113660,68497,45163,0.640692155882521,0.58260063102702,0.618799217496092,39.9836363636364,26.3909090909091,33.6254545454545,0.436363636363636,40.8109090909091,0.0381818181818182,17.1927272727273,0.0618181818181818,41.46,-0.0760118843269579,1.26290215590799,0.878509090909091,0.847163636363636,0.862018181818182
113607,68497,45110,0.640729447982795,0.582524275042752,0.618785880702462,39.9854545454545,26.3872727272727,33.6272727272727,0.436363636363636,40.8127272727273,0.04,17.1818181818182,0.0509090909090909,41.4781818181818,-0.0764628497551629,1.24532452625307,0.878509090909091,0.847163636363636,0.862018181818182
113653,68505,45148,0.640662643219048,0.582423696117676,0.618911597784707,39.9818181818182,26.3909090909091,33.6272727272727,0.430909090909091,40.8218181818182,0.0272727272727273,17.1709090909091,0.0563636363636364,41.4927272727273,-0.0738203718255218,1.2457331656055,0.878509090909091,0.847163636363636,0.862018181818182
113658,68491,45167,0.640603839929765,0.582476445115774,0.618975328312574,39.9854545454545,26.3872727272727,33.6272727272727,0.427272727272727,40.8309090909091,0.0254545454545455,17.1454545454545,0.06,41.5109090909091,-0.0757966213867886,1.24659956664863,0.878509090909091,0.847163636363636,0.862018181818182
113715,68497,45218,0.640749945519687,0.582404462877918,0.619046296344325,39.9872727272727,26.3872727272727,33.6254545454545,0.423636363636364,40.8272727272727,0.0345454545454545,17.1218181818182,0.0563636363636364,41.5363636363636,-0.0758534639051174,1.24918961635029,0.878509090909091,0.847163636363636,0.862018181818182
113670,68499,45171,0.640726739293195,0.582435385902653,0.618853723305159,39.9854545454545,26.3872727272727,33.6272727272727,0.423636363636364,40.8272727272727,0.0345454545454545,17.1145454545455,0.0509090909090909,41.5490909090909,-0.0760849005938904,1.23776501859115,0.878509090909091,0.847163636363636,0.862018181818182
113623,68493,45130,0.64065270692694,0.582391335960323,0.618740251082227,39.9872727272727,26.38,33.6327272727273,0.42,40.8309090909091,0.0381818181818182,17.0927272727273,0.0690909090909091,41.5490909090909,-0.075990048827159,1.22204201705754,0.878509090909091,0.847163636363636,0.862018181818182
113571,68493,45078,0.640593706809171,0.582347122728025,0.618720754094196,39.9890909090909,26.3818181818182,33.6290909090909,0.42,40.8272727272727,0.0436363636363636,17.0654545454545,0.0672727272727273,41.5763636363636,-0.076324178986926,1.20767776659605,0.878509090909091,0.847163636363636,0.862018181818182
113415,68487,44928,0.64061338240631,0.582051341076426,0.61876857194154,39.9927272727273,26.3909090909091,33.6163636363636,0.418181818181818,40.84,0.0527272727272727,17.0290909090909,0.0690909090909091,41.5909090909091,-0.0771755578301963,1.17388684781776,0.878509090909091,0.847163636363636,0.862018181818182
113442,68493,44949,0.640648116279165,0.582078054736697,0.618780423727605,39.9909090909091,26.3945454545455,33.6145454545455,0.416363636363636,40.8327272727273,0.0581818181818182,17.0036363636364,0.0654545454545455,41.6236363636364,-0.0763737815068783,1.1666432720355,0.878509090909091,0.847163636363636,0.862018181818182
113620,68515,45105,0.64076659928208,0.582341387138972,0.618831674301177,39.9872727272727,26.3981818181818,33.6145454545455,0.414545454545455,40.8454545454545,0.0454545454545455,16.9927272727273,0.0690909090909091,41.6327272727273,-0.0734438598289258,1.18151941075921,0.878509090909091,0.847163636363636,0.862018181818182
113556,68511,45045,0.640797811661486,0.582301376849304,0.618755064723551,39.9909090909091,26.3963636363636,33.6127272727273,0.414545454545455,40.8527272727273,0.0418181818181818,16.9872727272727,0.06,41.6436363636364,-0.0745282542528333,1.1652629413896,0.878509090909091,0.847163636363636,0.862018181818182
113569,68505,45064,0.640682208672279,0.58234217327191,0.618761028775892,39.9927272727273,26.3945454545455,33.6127272727273,0.412727272727273,40.8727272727273,0.0418181818181818,16.9472727272727,0.0527272727272727,41.6727272727273,-0.0737396720187627,1.15942053957419,0.878509090909091,0.847163636363636,0.862018181818182
113546,68503,45043,0.640678681718198,0.582239978853035,0.618791637332846,39.9945454545455,26.3890909090909,33.6163636363636,0.409090909090909,40.88,0.0436363636363636,16.9145454545455,0.0672727272727273,41.6854545454545,-0.0741333416204725,1.14619680395858,0.878509090909091,0.847163636363636,0.862018181818182
113594,68509,45085,0.640747085973968,0.582362328459452,0.618703382220294,39.9927272727273,26.3872727272727,33.62,0.409090909090909,40.8927272727273,0.0454545454545455,16.8872727272727,0.0618181818181818,41.7036363636364,-0.0747699065224217,1.15466310755265,0.878509090909091,0.847163636363636,0.862018181818182
113571,68505,45066,0.640817632949413,0.582340716347662,0.61871178479021,39.9963636363636,26.3854545454545,33.6181818181818,0.409090909090909,40.9127272727273,0.0381818181818182,16.8581818181818,0.0690909090909091,41.7127272727273,-0.0757570220057294,1.14156867745756,0.878509090909091,0.847163636363636,0.862018181818182
113451,68501,44950,0.640782939783224,0.582099443294751,0.618644396134942,39.9945454545455,26.3909090909091,33.6145454545455,0.409090909090909,40.9163636363636,0.0436363636363636,16.8181818181818,0.0618181818181818,41.7509090909091,-0.0758575177211076,1.12035060083832,0.878509090909091,0.847163636363636,0.862018181818182
113481,68505,44976,0.640650142065786,0.582021977005839,0.618806367694503,39.9963636363636,26.3909090909091,33.6127272727273,0.409090909090909,40.9181818181818,0.0454545454545455,16.7981818181818,0.06,41.7690909090909,-0.0752243517975082,1.11931385400451,0.878509090909091,0.847163636363636,0.862018181818182
113631,68511,45120,0.640749440936263,0.582293613190167,0.618738041267595,39.9909090909091,26.3909090909091,33.6181818181818,0.407272727272727,40.9290909090909,0.0454545454545455,16.7709090909091,0.0581818181818182,41.7890909090909,-0.0746102995272601,1.12489203562621,0.878509090909091,0.847163636363636,0.862018181818182
113575,68505,45070,0.640779708760185,0.582152698311821,0.618669309141217,39.9927272727273,26.3945454545455,33.6127272727273,0.407272727272727,40.9472727272727,0.04,16.7363636363636,0.0545454545454545,41.8145454545455,-0.0754800069153134,1.11276970802891,0.878509090909091,0.847163636363636,0.862018181818182
113552,68503,45049,0.640894056270614,0.582180863228669,0.618731238393189,39.9945454545455,26.3927272727273,33.6127272727273,0.403636363636364,40.9672727272727,0.0418181818181818,16.6836363636364,0.0636363636363636,41.84,-0.0757872436984392,1.10211683762344,0.878509090909091,0.847163636363636,0.862018181818182
113531,68503,45028,0.640697552698266,0.582067888749471,0.618662346895111,39.9927272727273,26.3890909090909,33.6181818181818,0.403636363636364,40.9818181818182,0.0345454545454545,16.6490909090909,0.0563636363636364,41.8745454545455,-0.0763824552401771,1.09952230045403,0.878509090909091,0.847163636363636,0.862018181818182
113441,68505,44936,0.640779304494528,0.582021568183086,0.618691588677286,39.9945454545455,26.3872727272727,33.6181818181818,0.403636363636364,40.9945454545455,0.0327272727272727,16.6163636363636,0.0709090909090909,41.8818181818182,-0.0772722285872905,1.07810646495359,0.878509090909091,0.847163636363636,0.862018181818182
113380,68509,44871,0.640730042299781,0.58203110118031,0.618753627498107,39.9909090909091,26.3927272727273,33.6163636363636,0.403636363636364,41.0072727272727,0.0327272727272727,16.5945454545455,0.0636363636363636,41.8981818181818,-0.0757400164183888,1.06521870302544,0.878509090909091,0.847163636363636,0.862018181818182
113486,68521,44965,0.640801578285051,0.582142425085608,0.618806887084061,39.9836363636364,26.3981818181818,33.6181818181818,0.4,41.02,0.0327272727272727,16.5509090909091,0.0654545454545455,41.9309090909091,-0.0742016317854987,1.07126590884714,0.878509090909091,0.847163636363636,0.862018181818182
113336,68507,44829,0.640751906539086,0.581895567995129,0.618748967175202,39.9890909090909,26.4018181818182,33.6090909090909,0.396363636363636,41.0345454545455,0.0381818181818182,16.5127272727273,0.0563636363636364,41.9618181818182,-0.0758258499935354,1.0446913051673,0.878509090909091,0.847163636363636,0.862018181818182
113305,68511,44794,0.640657678828615,0.581849643842763,0.618755802622648,39.9909090909091,26.4018181818182,33.6072727272727,0.394545454545454,41.0581818181818,0.0254545454545455,16.4690909090909,0.0581818181818182,41.9945454545455,-0.0754931187528035,1.03061781682243,0.878509090909091,0.847163636363636,0.862018181818182
113388,68507,44881,0.640582467898221,0.581990321962165,0.618745694771781,39.9945454545455,26.3945454545455,33.6109090909091,0.394545454545454,41.0836363636364,0.0309090909090909,16.4163636363636,0.0563636363636364,42.0181818181818,-0.0759507685317658,1.03802989065986,0.878509090909091,0.847163636363636,0.862018181818182
113360,68497,44863,0.640726258422,0.58189164877439,0.618725749294523,39.9963636363636,26.3890909090909,33.6145454545455,0.392727272727273,41.1072727272727,0.0381818181818182,16.3690909090909,0.0727272727272727,42.02,-0.0792543093865706,1.03029802492396,0.878509090909091,0.847163636363636,0.862018181818182
113449,68511,44938,0.640724836535114,0.582025532013316,0.618745534970359,39.9909090909091,26.3981818181818,33.6109090909091,0.392727272727273,41.12,0.0418181818181818,16.3309090909091,0.0709090909090909,42.0436363636364,-0.0767477859139696,1.03138069900769,0.878509090909091,0.847163636363636,0.862018181818182
113572,68525,45047,0.640744892079406,0.582102898678712,0.618853269571062,39.9872727272727,26.4054545454545,33.6072727272727,0.389090909090909,41.1363636363636,0.0454545454545455,16.32,0.0581818181818182,42.0509090909091,-0.0748248302396281,1.04746488363228,0.878509090909091,0.847163636363636,0.862018181818182
113541,68521,45020,0.640662076404325,0.58198831673693,0.61879526901981,39.9872727272727,26.4072727272727,33.6054545454545,0.389090909090909,41.1618181818182,0.0472727272727273,16.2745454545455,0.0563636363636364,42.0709090909091,-0.0748676155075703,1.03094839874486,0.878509090909091,0.847163636363636,0.862018181818182
113369,68511,44858,0.640777023097562,0.581720758993862,0.618773558219005,39.9927272727273,26.4,33.6072727272727,0.387272727272727,41.1836363636364,0.0454545454545455,16.2472727272727,0.0563636363636364,42.08,-0.0766071042095229,1.00286696103655,0.878509090909091,0.847163636363636,0.862018181818182
113477,68525,44952,0.640801833113044,0.581809213580301,0.618726902674976,39.9909090909091,26.4,33.6090909090909,0.383636363636364,41.2181818181818,0.0527272727272727,16.2163636363636,0.0509090909090909,42.0781818181818,-0.0747749969915193,1.00607696533711,0.878509090909091,0.847163636363636,0.862018181818182
113571,68511,45060,0.640710950284906,0.581968167398318,0.618861254278425,39.9963636363636,26.3872727272727,33.6163636363636,0.383636363636364,41.2563636363636,0.0472727272727273,16.1745454545455,0.0581818181818182,42.08,-0.0773613804209824,1.01938065027987,0.878509090909091,0.847163636363636,0.862018181818182
113676,68515,45161,0.64089763903987,0.581923258974158,0.618785571945391,39.9963636363636,26.3854545454545,33.6181818181818,0.381818181818182,41.2872727272727,0.04,16.1454545454545,0.0563636363636364,42.0890909090909,-0.0754812668108405,1.02526467175392,0.878509090909091,0.847163636363636,0.862018181818182
113633,68517,45116,0.640935806026707,0.581890831316656,0.618693213367126,39.9981818181818,26.3854545454545,33.6163636363636,0.38,41.3109090909091,0.0490909090909091,16.1090909090909,0.0527272727272727,42.0981818181818,-0.0757751390106106,1.01308518691327,0.878509090909091,0.847163636363636,0.862018181818182
113606,68525,45081,0.640944722024722,0.581922269879679,0.61869860000193,40,26.3836363636364,33.6163636363636,0.378181818181818,41.3545454545455,0.0363636363636364,16.0618181818182,0.0581818181818182,42.1109090909091,-0.0753238707446144,1.00093310263685,0.878509090909091,0.847163636363636,0.862018181818182
113640,68529,45111,0.64092687911479,0.581856859690948,0.618715343445872,39.9890909090909,26.3981818181818,33.6127272727273,0.378181818181818,41.3854545454545,0.0436363636363636,16.0036363636364,0.0745454545454545,42.1145454545455,-0.0744677128048021,0.987140081818639,0.878509090909091,0.847163636363636,0.862018181818182
113562,68519,45043,0.640862092025391,0.581753604501162,0.618668249684779,39.9963636363636,26.3963636363636,33.6072727272727,0.378181818181818,41.4218181818182,0.0381818181818182,15.9727272727273,0.0690909090909091,42.12,-0.0767477688619362,0.970084131466733,0.878509090909091,0.847163636363636,0.862018181818182
113427,68513,44914,0.640892335768138,0.581561172552428,0.618544328309861,39.9981818181818,26.3945454545455,33.6072727272727,0.378181818181818,41.4563636363636,0.0436363636363636,15.9363636363636,0.0636363636363636,42.1218181818182,-0.0780982950216143,0.959574434186586,0.878509090909091,0.847163636363636,0.862018181818182
113645,68541,45104,0.64084320270047,0.581862258865207,0.618665187117735,39.9909090909091,26.4072727272727,33.6018181818182,0.378181818181818,41.4927272727273,0.06,15.8781818181818,0.0618181818181818,42.1290909090909,-0.073225137555809,0.966658910490911,0.878509090909091,0.847163636363636,0.862018181818182
113565,68535,45030,0.640921555235012,0.581589148179753,0.618588262872389,39.9890909090909,26.4036363636364,33.6072727272727,0.378181818181818,41.54,0.0490909090909091,15.8418181818182,0.0454545454545455,42.1454545454545,-0.0735129883317065,0.959210661485452,0.878509090909091,0.847163636363636,0.862018181818182
113711,68529,45182,0.640965262619822,0.581800595777694,0.618564791390439,39.9945454545455,26.3927272727273,33.6127272727273,0.378181818181818,41.58,0.0527272727272727,15.8127272727273,0.0436363636363636,42.1327272727273,-0.074430797297067,0.958928707504476,0.878509090909091,0.847163636363636,0.862018181818182
113721,68535,45186,0.641028008105492,0.581717992522475,0.618608761706944,39.9945454545455,26.3890909090909,33.6163636363636,0.378181818181818,41.6309090909091,0.0527272727272727,15.7454545454545,0.0436363636363636,42.1490909090909,-0.0738058501985837,0.954451153121508,0.878509090909091,0.847163636363636,0.862018181818182
113692,68535,45157,0.641015290745522,0.581615972303421,0.618512115569836,39.9945454545455,26.3890909090909,33.6163636363636,0.376363636363636,41.6690909090909,0.0490909090909091,15.7163636363636,0.0545454545454545,42.1345454545455,-0.0744411373024129,0.950176144408231,0.878509090909091,0.847163636363636,0.862018181818182
113539,68533,45006,0.640881927409462,0.58150284652028,0.618531479818661,39.9945454545455,26.4,33.6054545454545,0.376363636363636,41.7163636363636,0.0563636363636364,15.6745454545455,0.0436363636363636,42.1327272727273,-0.0731887668280251,0.931157350006767,0.878509090909091,0.847163636363636,0.862018181818182
113785,68540,45245,0.640838979264681,0.581792556308741,0.618535401993053,39.9927272727273,26.3963636363636,33.6109090909091,0.376363636363636,41.7709090909091,0.04,15.6363636363636,0.04,42.1363636363636,-0.0723866525060823,0.954844831108031,0.878509090909091,0.847163636363636,0.862018181818182
113837,68544,45293,0.64106078500218,0.581806604833162,0.61843351774149,39.9945454545455,26.4018181818182,33.6036363636364,0.374545454545455,41.8163636363636,0.0436363636363636,15.5763636363636,0.0454545454545455,42.1436363636364,-0.0730443962795107,0.946578168513423,0.878509090909091,0.847163636363636,0.862018181818182
113750,68522,45228,0.640905493736364,0.581552688093693,0.618510914237835,39.9945454545455,26.4,33.6054545454545,0.374545454545455,41.86,0.0327272727272727,15.5254545454545,0.0381818181818182,42.1690909090909,-0.073938871640712,0.943505590011112,0.878509090909091,0.847163636363636,0.862018181818182
113888,68532,45356,0.640921511506454,0.581628072270522,0.618624974140428,39.9872727272727,26.4036363636364,33.6090909090909,0.372727272727273,41.9109090909091,0.04,15.4490909090909,0.0418181818181818,42.1854545454545,-0.0737315422089358,0.955348068407991,0.878509090909091,0.847163636363636,0.862018181818182
113887,68532,45355,0.640947211439538,0.581489402107639,0.618665952275892,39.9963636363636,26.3963636363636,33.6072727272727,0.370909090909091,41.9436363636364,0.0454545454545455,15.3963636363636,0.0545454545454545,42.1890909090909,-0.0725893459294391,0.944873477543958,0.878509090909091,0.847163636363636,0.862018181818182
113870,68538,45332,0.640850693780327,0.58161880767719,0.618598998591269,39.9945454545455,26.3945454545455,33.6109090909091,0.369090909090909,41.9836363636364,0.0436363636363636,15.36,0.04,42.2036363636364,-0.0723056325582465,0.931281455961818,0.878509090909091,0.847163636363636,0.862018181818182
113720,68542,45178,0.640937556684138,0.581533800582263,0.618488239381171,39.9872727272727,26.4072727272727,33.6054545454545,0.367272727272727,42.0236363636364,0.0363636363636364,15.3018181818182,0.0527272727272727,42.2181818181818,-0.0727726588040241,0.908974986447191,0.878509090909091,0.847163636363636,0.862018181818182
113866,68552,45314,0.641024117953578,0.581548372004292,0.618589270660935,39.9890909090909,26.4054545454545,33.6054545454545,0.367272727272727,42.0509090909091,0.04,15.2581818181818,0.0581818181818182,42.2254545454545,-0.0716772918746177,0.913729756985876,0.878509090909091,0.847163636363636,0.862018181818182
113822,68536,45286,0.640927990030724,0.581482835945405,0.618405783144576,39.9981818181818,26.3927272727273,33.6090909090909,0.365454545454545,42.0909090909091,0.0509090909090909,15.2,0.0472727272727273,42.2454545454545,-0.0734143644085469,0.910403050854802,0.878509090909091,0.847163636363636,0.862018181818182
113746,68522,45224,0.640908413351149,0.581267290252605,0.618478304233247,40.0036363636364,26.3872727272727,33.6090909090909,0.365454545454545,42.1309090909091,0.06,15.14,0.0527272727272727,42.2509090909091,-0.0751017137331391,0.901736077717082,0.878509090909091,0.847163636363636,0.862018181818182
113924,68546,45378,0.640949625626307,0.58152227355941,0.618454237662309,39.9963636363636,26.3963636363636,33.6072727272727,0.365454545454545,42.1690909090909,0.0381818181818182,15.1181818181818,0.0490909090909091,42.26,-0.0721114684519059,0.910041137251326,0.878509090909091,0.847163636363636,0.862018181818182
113706,68542,45164,0.641074180393342,0.581285227347344,0.61845179401942,39.9945454545455,26.3981818181818,33.6072727272727,0.363636363636364,42.2090909090909,0.0509090909090909,15.0763636363636,0.0363636363636364,42.2636363636364,-0.0728474004946871,0.868695976322686,0.878509090909091,0.847163636363636,0.862018181818182
113859,68544,45315,0.641023234753402,0.58134283108006,0.618492773911621,39.9981818181818,26.3945454545455,33.6072727272727,0.36,42.24,0.0454545454545455,15.04,0.0472727272727273,42.2672727272727,-0.0728123023955876,0.891100906953216,0.878509090909091,0.847163636363636,0.862018181818182
113732,68548,45184,0.641073328364511,0.581070799323847,0.618611747402743,39.9945454545455,26.3963636363636,33.6090909090909,0.358181818181818,42.2854545454545,0.0490909090909091,14.9872727272727,0.0563636363636364,42.2636363636364,-0.0716386219982021,0.874271677053449,0.878509090909091,0.847163636363636,0.862018181818182
113648,68542,45106,0.640994196289706,0.581040882123978,0.6184506029612,39.9927272727273,26.4036363636364,33.6036363636364,0.356363636363636,42.3381818181818,0.0472727272727273,14.9490909090909,0.0472727272727273,42.2618181818182,-0.0753552073507969,0.859512752057476,0.878509090909091,0.847163636363636,0.862018181818182
113857,68544,45313,0.641089413098662,0.58134542469366,0.618521892984526,39.9945454545455,26.4054545454545,33.6,0.356363636363636,42.3727272727273,0.0509090909090909,14.9109090909091,0.0527272727272727,42.2563636363636,-0.074643225196831,0.86641974337399,0.878509090909091,0.847163636363636,0.862018181818182
113887,68546,45341,0.640998653235534,0.581313470826851,0.618440956860961,39.9963636363636,26.3981818181818,33.6054545454545,0.356363636363636,42.4272727272727,0.0490909090909091,14.8745454545455,0.04,42.2527272727273,-0.0737115334574562,0.860756917120042,0.878509090909091,0.847163636363636,0.862018181818182
113940,68552,45388,0.64114266083153,0.5813300582227,0.618476263695568,39.9945454545455,26.3927272727273,33.6127272727273,0.356363636363636,42.4745454545455,0.0381818181818182,14.8327272727273,0.0436363636363636,42.2545454545455,-0.0735532063690202,0.866209614319219,0.878509090909091,0.847163636363636,0.862018181818182
113841,68538,45303,0.641056041179467,0.58114567300941,0.618363979534206,40.0018181818182,26.3909090909091,33.6072727272727,0.356363636363636,42.5072727272727,0.0363636363636364,14.8,0.0345454545454545,42.2654545454546,-0.0751695066491679,0.850197287869047,0.878509090909091,0.847163636363636,0.862018181818182
113843,68544,45299,0.640997952270591,0.581057152347664,0.618420826167522,40.0018181818182,26.3909090909091,33.6072727272727,0.354545454545454,42.5363636363636,0.0363636363636364,14.7618181818182,0.0509090909090909,42.26,-0.0727948474765567,0.839989893646403,0.878509090909091,0.847163636363636,0.862018181818182
113610,68542,45068,0.64105445283723,0.580765945449229,0.61836193143988,40,26.3963636363636,33.6036363636364,0.350909090909091,42.5927272727273,0.0381818181818182,14.7127272727273,0.06,42.2454545454545,-0.0733800718461928,0.798026158796115,0.878509090909091,0.847163636363636,0.862018181818182
113735,68552,45183,0.641067317055441,0.580881850567302,0.618341606626179,39.9963636363636,26.3945454545455,33.6090909090909,0.350909090909091,42.6363636363636,0.0472727272727273,14.6618181818182,0.0654545454545455,42.2381818181818,-0.0723197140169346,0.812507913153703,0.878509090909091,0.847163636363636,0.862018181818182
113962,68564,45398,0.641025097230696,0.581116927613237,0.618436848589839,39.9909090909091,26.3963636363636,33.6127272727273,0.350909090909091,42.6854545454545,0.0381818181818182,14.6236363636364,0.0509090909090909,42.2509090909091,-0.0705511874216675,0.826271226698406,0.878509090909091,0.847163636363636,0.862018181818182
113864,68546,45318,0.641163041639736,0.581021042857355,0.618282150701657,39.9981818181818,26.3909090909091,33.6109090909091,0.349090909090909,42.7254545454545,0.04,14.5781818181818,0.06,42.2472727272727,-0.0726369209039231,0.813736766686832,0.878509090909091,0.847163636363636,0.862018181818182
113784,68552,45232,0.641089882424415,0.580922111592906,0.618321088497442,40.0072727272727,26.3854545454545,33.6072727272727,0.347272727272727,42.7690909090909,0.0345454545454545,14.5345454545455,0.0509090909090909,42.2636363636364,-0.0718856956139379,0.78470680557022,0.878509090909091,0.847163636363636,0.862018181818182
113743,68548,45195,0.641210420094514,0.580609438705835,0.61840408900467,40.0090909090909,26.3818181818182,33.6090909090909,0.347272727272727,42.8072727272727,0.0290909090909091,14.4890909090909,0.0490909090909091,42.2781818181818,-0.0722532991343707,0.786243944640525,0.878509090909091,0.847163636363636,0.862018181818182
113905,68558,45347,0.641279385453642,0.580478106440016,0.61842379291379,40.0018181818182,26.3872727272727,33.6109090909091,0.345454545454545,42.84,0.0363636363636364,14.46,0.0436363636363636,42.2745454545455,-0.0712577296649132,0.795785287454386,0.878509090909091,0.847163636363636,0.862018181818182
114104,68572,45532,0.641316115507892,0.580927287900016,0.618374450716488,39.9945454545455,26.3981818181818,33.6072727272727,0.345454545454545,42.8563636363636,0.0509090909090909,14.44,0.0509090909090909,42.2563636363636,-0.0685200401459125,0.796878448171033,0.878509090909091,0.847163636363636,0.862018181818182
114111,68566,45545,0.641341994792958,0.580952066705702,0.618363320568255,40,26.3945454545455,33.6054545454545,0.345454545454545,42.9072727272727,0.0418181818181818,14.4145454545455,0.0472727272727273,42.2436363636364,-0.0710281813747398,0.798687570076436,0.878509090909091,0.847163636363636,0.862018181818182
113953,68556,45397,0.641348714951373,0.580936755914586,0.618270254048654,39.9981818181818,26.3909090909091,33.6109090909091,0.343636363636364,42.9527272727273,0.04,14.3672727272727,0.0490909090909091,42.2472727272727,-0.0722475465203884,0.76776155737144,0.878509090909091,0.847163636363636,0.862018181818182
114100,68566,45534,0.64132475177564,0.580854091012439,0.618264937458027,39.9963636363636,26.3909090909091,33.6127272727273,0.34,43.0090909090909,0.04,14.3254545454545,0.0490909090909091,42.2363636363636,-0.0703645565843379,0.782371218934316,0.878509090909091,0.847163636363636,0.862018181818182
114064,68560,45504,0.641332603531749,0.580775520250174,0.618293474773166,40.0018181818182,26.3872727272727,33.6109090909091,0.338181818181818,43.0327272727273,0.0472727272727273,14.3145454545455,0.0436363636363636,42.2236363636364,-0.0717772951183592,0.770487405258146,0.878509090909091,0.847163636363636,0.862018181818182
113926,68548,45378,0.641368817579739,0.580546432961766,0.618270472466657,40.0036363636364,26.3836363636364,33.6127272727273,0.338181818181818,43.0672727272727,0.0509090909090909,14.2854545454545,0.0436363636363636,42.2145454545455,-0.0731712671325526,0.756297263850204,0.878509090909091,0.847163636363636,0.862018181818182
113695,68542,45153,0.641290624851979,0.580267801472947,0.618314931485122,40.0072727272727,26.3836363636364,33.6090909090909,0.338181818181818,43.1018181818182,0.0545454545454545,14.2472727272727,0.0563636363636364,42.2018181818182,-0.0732231507437312,0.710908836448057,0.878509090909091,0.847163636363636,0.862018181818182
113876,68554,45322,0.641264388669303,0.580425074087055,0.618330303316177,39.9981818181818,26.4018181818182,33.6,0.336363636363636,43.1618181818182,0.0581818181818182,14.1981818181818,0.0509090909090909,42.1945454545455,-0.0726914863212931,0.739624703205614,0.878509090909091,0.847163636363636,0.862018181818182
114075,68568,45507,0.641430016889622,0.580652976560389,0.618381732195075,39.9963636363636,26.4018181818182,33.6018181818182,0.334545454545455,43.2036363636364,0.0545454545454545,14.1636363636364,0.0472727272727273,42.1963636363636,-0.0707058493339322,0.748837864551355,0.878509090909091,0.847163636363636,0.862018181818182
113955,68564,45391,0.641285563396041,0.58050703363564,0.618319403230458,39.9945454545455,26.4018181818182,33.6036363636364,0.334545454545455,43.2581818181818,0.0490909090909091,14.1254545454545,0.0436363636363636,42.1890909090909,-0.0700497371577181,0.726182801691307,0.878509090909091,0.847163636363636,0.862018181818182
113897,68560,45337,0.641269295220029,0.580578806372491,0.618236445266871,39.9981818181818,26.3854545454545,33.6163636363636,0.329090909090909,43.3090909090909,0.06,14.0709090909091,0.04,42.1909090909091,-0.0716887209194366,0.705542328263718,0.878509090909091,0.847163636363636,0.862018181818182
114082,68556,45526,0.641281155005674,0.580535814085752,0.618348561862526,40,26.3818181818182,33.6181818181818,0.329090909090909,43.3618181818182,0.0436363636363636,14.04,0.0490909090909091,42.1763636363636,-0.072188688273838,0.730418898910284,0.878509090909091,0.847163636363636,0.862018181818182
113958,68562,45396,0.641419148718235,0.580449223249128,0.618207734344403,40.0036363636364,26.3872727272727,33.6090909090909,0.327272727272727,43.3818181818182,0.0509090909090909,14.02,0.0418181818181818,42.1781818181818,-0.072206889429799,0.705289053171873,0.878509090909091,0.847163636363636,0.862018181818182
113995,68566,45429,0.641542602328687,0.580439084689998,0.618166490383174,40.0018181818182,26.3872727272727,33.6109090909091,0.327272727272727,43.4127272727273,0.0436363636363636,13.9872727272727,0.04,42.1890909090909,-0.0717878424640565,0.706823112866418,0.878509090909091,0.847163636363636,0.862018181818182
113896,68562,45334,0.641440913070374,0.580346685065066,0.618215688248953,40.0036363636364,26.3927272727273,33.6036363636364,0.323636363636364,43.4454545454546,0.06,13.9327272727273,0.0454545454545455,42.1927272727273,-0.0731098067856113,0.701281160734255,0.878509090909091,0.847163636363636,0.862018181818182
113898,68560,45338,0.641432459805348,0.580245786342073,0.618250615302154,40.0018181818182,26.3945454545455,33.6036363636364,0.323636363636364,43.4781818181818,0.0563636363636364,13.9090909090909,0.0472727272727273,42.1854545454545,-0.0741986863357108,0.698152785807509,0.878509090909091,0.847163636363636,0.862018181818182
113987,68560,45427,0.641407797436564,0.580267688454037,0.618090287903311,40.0018181818182,26.3890909090909,33.6090909090909,0.321818181818182,43.5363636363636,0.0418181818181818,13.8709090909091,0.04,42.1890909090909,-0.0721966781173581,0.712337913431905,0.878509090909091,0.847163636363636,0.862018181818182
114098,68562,45536,0.641326510429646,0.580235445418697,0.618259406991365,40.0036363636364,26.3836363636364,33.6127272727273,0.32,43.6,0.0527272727272727,13.8109090909091,0.0490909090909091,42.1672727272727,-0.0700326058849235,0.708654196170921,0.878509090909091,0.847163636363636,0.862018181818182
114127,68566,45561,0.641409698567024,0.580238769203275,0.618182922734464,40.0054545454545,26.3763636363636,33.6181818181818,0.32,43.6418181818182,0.0509090909090909,13.7727272727273,0.0509090909090909,42.1636363636364,-0.0695824008764083,0.702204271998595,0.878509090909091,0.847163636363636,0.862018181818182
114136,68578,45558,0.641464557809673,0.580263073525021,0.618201372046738,39.9981818181818,26.3854545454545,33.6163636363636,0.32,43.6709090909091,0.0454545454545455,13.7472727272727,0.0490909090909091,42.1672727272727,-0.0689375866145962,0.694685969789597,0.878509090909091,0.847163636363636,0.862018181818182
114107,68580,45527,0.641591710080796,0.580204910298768,0.618165951790485,40.0054545454545,26.3818181818182,33.6127272727273,0.318181818181818,43.7090909090909,0.0418181818181818,13.7054545454545,0.0509090909090909,42.1745454545455,-0.0704503885589392,0.6825281992216,0.878509090909091,0.847163636363636,0.862018181818182
113995,68574,45421,0.641540382558497,0.579903181865658,0.618117513698988,40.0090909090909,26.38,33.6109090909091,0.318181818181818,43.7290909090909,0.0363636363636364,13.6890909090909,0.0563636363636364,42.1709090909091,-0.0701757544411852,0.673999162382362,0.878509090909091,0.847163636363636,0.862018181818182
113784,68562,45222,0.641489655558525,0.579831607278101,0.618075594681225,40.0145454545455,26.3745454545455,33.6109090909091,0.316363636363636,43.7545454545455,0.0418181818181818,13.6581818181818,0.0509090909090909,42.1781818181818,-0.0711388907898667,0.64006914508275,0.878509090909091,0.847163636363636,0.862018181818182
113874,68568,45306,0.641491692023323,0.58003153693651,0.617959648675744,40.0127272727273,26.3727272727273,33.6145454545455,0.316363636363636,43.7890909090909,0.0363636363636364,13.64,0.0436363636363636,42.1745454545455,-0.0710450946561071,0.644976908324117,0.878509090909091,0.847163636363636,0.862018181818182
113968,68564,45404,0.641379614926629,0.580116220181471,0.618041839636014,39.9981818181818,26.3872727272727,33.6145454545455,0.314545454545455,43.8181818181818,0.0381818181818182,13.6036363636364,0.0527272727272727,42.1727272727273,-0.0724479609153853,0.650942905759439,0.878509090909091,0.847163636363636,0.862018181818182
113881,68574,45307,0.64137312370983,0.579947446289951,0.618064847992134,39.9945454545455,26.3981818181818,33.6072727272727,0.314545454545455,43.8654545454545,0.0363636363636364,13.5654545454545,0.0436363636363636,42.1745454545455,-0.0707586589777334,0.638001768976789,0.878509090909091,0.847163636363636,0.862018181818182
114039,68582,45457,0.641525438975935,0.580179665006897,0.618005107374376,40.0036363636364,26.3909090909091,33.6054545454545,0.312727272727273,43.8890909090909,0.0363636363636364,13.5454545454545,0.0472727272727273,42.1690909090909,-0.0705708256800625,0.638885045339438,0.878509090909091,0.847163636363636,0.862018181818182
114092,68564,45528,0.641603619536856,0.58008930759697,0.618199602696299,40.0072727272727,26.3818181818182,33.6109090909091,0.312727272727273,43.92,0.0418181818181818,13.5072727272727,0.0527272727272727,42.1654545454545,-0.0741989376362405,0.640349051440981,0.878509090909091,0.847163636363636,0.862018181818182
113990,68556,45434,0.641548119914731,0.579861583826996,0.618064745240008,40.0072727272727,26.3781818181818,33.6145454545455,0.312727272727273,43.9363636363636,0.0345454545454545,13.4945454545455,0.0581818181818182,42.1636363636364,-0.0721785182937641,0.63063554321839,0.878509090909091,0.847163636363636,0.862018181818182
114047,68578,45469,0.641603476360958,0.579763618622367,0.618108367845545,40.0127272727273,26.3745454545455,33.6127272727273,0.312727272727273,43.9654545454545,0.04,13.4563636363636,0.0563636363636364,42.1690909090909,-0.0693384832576571,0.625393989603882,0.878509090909091,0.847163636363636,0.862018181818182
114118,68576,45542,0.641444506888688,0.579914084803948,0.617981780968985,40.0090909090909,26.3763636363636,33.6145454545455,0.312727272727273,43.9909090909091,0.0418181818181818,13.4327272727273,0.06,42.1618181818182,-0.0705708531934678,0.632009039455178,0.878509090909091,0.847163636363636,0.862018181818182
114124,68578,45546,0.641511026414382,0.579741396557869,0.618034984517166,40.0145454545455,26.3709090909091,33.6145454545455,0.312727272727273,44.0309090909091,0.0345454545454545,13.3818181818182,0.0527272727272727,42.1872727272727,-0.0701511240378419,0.624751142602922,0.878509090909091,0.847163636363636,0.862018181818182
113939,68574,45365,0.641555042668662,0.579428220989402,0.618062099402864,40.0127272727273,26.3709090909091,33.6163636363636,0.310909090909091,44.0527272727273,0.0418181818181818,13.3472727272727,0.0563636363636364,42.1909090909091,-0.0710597964719372,0.599452214874327,0.878509090909091,0.847163636363636,0.862018181818182
114117,68588,45529,0.641550752233868,0.579795959230815,0.618258043540512,40.0072727272727,26.3763636363636,33.6163636363636,0.310909090909091,44.0890909090909,0.0309090909090909,13.3145454545455,0.0454545454545455,42.2090909090909,-0.0701507323670905,0.61591076022014,0.878509090909091,0.847163636363636,0.862018181818182
