"total_rewards","action_rewards","opinion_rewards","sp0_social_trust","sp1_social_trust","sp2_social_trust","sp0_request_rate","sp1_request_rate","sp2_request_rate","op0_expression_rate","op1_expression_rate","op2_expression_rate","op3_expression_rate","op4_expression_rate","op5_expression_rate","mean_loss1","mean_loss2","sp0_availability","sp1_availability","sp2_availability"
29183,29151,32,0.67812142185361,0.743160377329698,0.715445636292934,32.8545454545455,34.0018181818182,33.1436363636364,16.4981818181818,16.7290909090909,16.6854545454545,16.86,16.7309090909091,16.4963636363636,1.48449463952671,-1.73527211817828,0.795218181818182,0.898418181818182,0.852909090909091
29517,29181,336,0.678084556423469,0.743283147447349,0.715590708744881,32.7636363636364,34.0490909090909,33.1872727272727,16.4109090909091,16.7945454545455,16.5981818181818,16.9963636363636,16.5490909090909,16.6509090909091,1.41676009351557,-1.72810901674357,0.795218181818182,0.898418181818182,0.852909090909091
29829,29209,620,0.677903815412108,0.743371138147191,0.715761586989238,32.6454545454545,34.1436363636364,33.2109090909091,16.3236363636364,16.9,16.4581818181818,17.1381818181818,16.4290909090909,16.7509090909091,1.34877606630325,-1.72690783630718,0.795218181818182,0.898418181818182,0.852909090909091
30072,29212,860,0.677623600719848,0.743587224253982,0.715559762089812,32.5472727272727,34.2690909090909,33.1836363636364,16.2818181818182,16.9509090909091,16.3345454545455,17.2709090909091,16.3018181818182,16.86,1.27852181629701,-1.7516431201588,0.795218181818182,0.898418181818182,0.852909090909091
30408,29245,1163,0.677584081883854,0.743819492154446,0.715599588859407,32.4745454545455,34.3109090909091,33.2145454545455,16.2072727272727,17.0418181818182,16.2018181818182,17.3945454545455,16.1872727272727,16.9672727272727,1.21072591218081,-1.74717036756602,0.795218181818182,0.898418181818182,0.852909090909091
30677,29242,1435,0.677140187802816,0.74381188046145,0.715668280720925,32.3545454545455,34.4036363636364,33.2418181818182,16.1418181818182,17.1054545454545,16.1036363636364,17.5072727272727,16.0345454545455,17.1072727272727,1.13882077282125,-1.7529315802184,0.795218181818182,0.898418181818182,0.852909090909091
31072,29284,1788,0.676854018652595,0.744012125744826,0.715580974036033,32.2309090909091,34.5127272727273,33.2563636363636,16.0309090909091,17.26,15.9345454545455,17.6563636363636,15.8981818181818,17.22,1.07036961317062,-1.71779573830691,0.795218181818182,0.898418181818182,0.852909090909091
31516,29359,2157,0.676460300146086,0.744236707419886,0.715442297295785,32.0781818181818,34.64,33.2818181818182,15.9272727272727,17.3654545454545,15.7890909090909,17.8090909090909,15.7563636363636,17.3527272727273,1.00439893657511,-1.67854899276387,0.795218181818182,0.898418181818182,0.852909090909091
31951,29429,2522,0.676050079086634,0.744309229054612,0.715581074648914,32.0072727272727,34.7,33.2927272727273,15.8490909090909,17.4472727272727,15.6490909090909,17.9418181818182,15.6181818181818,17.4945454545455,0.936940357901833,-1.64550522674214,0.795218181818182,0.898418181818182,0.852909090909091
32416,29503,2913,0.675845830876456,0.744617425493634,0.715424029036271,31.92,34.7854545454545,33.2945454545455,15.7418181818182,17.5618181818182,15.5,18.1109090909091,15.4345454545455,17.6509090909091,0.869333124160767,-1.60084575468844,0.795218181818182,0.898418181818182,0.852909090909091
32911,29579,3332,0.675360134588029,0.744986269175689,0.715599356632333,31.8018181818182,34.8563636363636,33.3418181818182,15.6381818181818,17.6818181818182,15.32,18.3054545454545,15.2581818181818,17.7963636363636,0.801031848517331,-1.53975382447243,0.795218181818182,0.898418181818182,0.852909090909091
33383,29621,3762,0.675091442280779,0.745378205212839,0.715611261340087,31.6654545454545,34.9963636363636,33.3381818181818,15.4909090909091,17.8618181818182,15.1236363636364,18.4836363636364,15.0927272727273,17.9472727272727,0.728715068101883,-1.48095458583398,0.795218181818182,0.898418181818182,0.852909090909091
33930,29702,4228,0.674780238733423,0.745622473382956,0.715439984102199,31.5763636363636,35.0745454545455,33.3490909090909,15.3636363636364,18.0072727272727,14.94,18.6654545454545,14.9,18.1236363636364,0.658446322246031,-1.40597113641826,0.795218181818182,0.898418181818182,0.852909090909091
34428,29783,4645,0.674394686525942,0.745966825834936,0.715262661876879,31.4563636363636,35.18,33.3636363636364,15.22,18.1509090909091,14.7581818181818,18.8509090909091,14.7109090909091,18.3090909090909,0.587403571063822,-1.35636342709715,0.795218181818182,0.898418181818182,0.852909090909091
34971,29862,5109,0.673867299440273,0.745782508807104,0.715114972924905,31.3418181818182,35.26,33.3981818181818,15.0836363636364,18.3236363636364,14.5454545454545,19.04,14.5236363636364,18.4836363636364,0.514838001402942,-1.28602615323934,0.795218181818182,0.898418181818182,0.852909090909091
35562,29945,5617,0.673407969268312,0.746053042633337,0.715087378279172,31.2109090909091,35.3818181818182,33.4072727272727,14.9254545454545,18.5309090909091,14.3290909090909,19.2218181818182,14.3527272727273,18.64,0.441680353879929,-1.19852871678092,0.795218181818182,0.898418181818182,0.852909090909091
36231,30046,6185,0.673050589630052,0.746431577562979,0.715061269244843,31.0545454545455,35.5454545454545,33.4,14.7672727272727,18.7181818181818,14.0581818181818,19.4636363636364,14.1709090909091,18.8218181818182,0.369315671378916,-1.08407276543704,0.795218181818182,0.898418181818182,0.852909090909091
36880,30137,6743,0.672455339612842,0.746481798010757,0.715156629140602,30.9036363636364,35.6272727272727,33.4690909090909,14.5945454545455,18.8890909090909,13.8563636363636,19.6872727272727,13.9509090909091,19.0218181818182,0.294896396723661,-0.973891540007158,0.795218181818182,0.898418181818182,0.852909090909091
37449,30237,7212,0.672180045113535,0.746667894246795,0.715228279170426,30.7363636363636,35.7581818181818,33.5054545454545,14.4327272727273,19.0563636363636,13.6472727272727,19.8654545454545,13.7654545454545,19.2327272727273,0.220543343370611,-0.918720470233397,0.795218181818182,0.898418181818182,0.852909090909091
38054,30345,7709,0.671729606956837,0.746733049157339,0.715292389895913,30.6036363636364,35.8236363636364,33.5727272727273,14.2181818181818,19.2618181818182,13.4763636363636,20.0363636363636,13.58,19.4272727272727,0.145706231485714,-0.844472226229581,0.795218181818182,0.898418181818182,0.852909090909091
38675,30431,8244,0.671315846728798,0.747014176255639,0.715235241700862,30.4672727272727,35.9290909090909,33.6036363636364,14.0018181818182,19.4781818181818,13.2545454545455,20.2254545454545,13.4,19.64,0.0677680606191809,-0.757492033459923,0.795218181818182,0.898418181818182,0.852909090909091
39370,30519,8851,0.670686290184867,0.747120162843687,0.71527253693027,30.2818181818182,36.0836363636364,33.6345454545455,13.7727272727273,19.6963636363636,13.0236363636364,20.4490909090909,13.1890909090909,19.8690909090909,-0.010385413332419,-0.638375503908504,0.795218181818182,0.898418181818182,0.852909090909091
40078,30612,9466,0.670230236835363,0.74726572364971,0.714887448224733,30.0945454545455,36.2436363636364,33.6618181818182,13.5272727272727,19.9527272727273,12.7909090909091,20.6490909090909,12.9709090909091,20.1090909090909,-0.0889569133520126,-0.514620220119303,0.795218181818182,0.898418181818182,0.852909090909091
40777,30693,10084,0.66925575568039,0.7475526247842,0.714615664856274,29.8945454545455,36.3927272727273,33.7127272727273,13.2854545454545,20.1890909090909,12.54,20.9327272727273,12.7345454545455,20.3181818181818,-0.169138539379293,-0.393387191403996,0.795218181818182,0.898418181818182,0.852909090909091
41534,30807,10727,0.668750858946766,0.747703427541884,0.714625781672304,29.7218181818182,36.5581818181818,33.72,13.0254545454545,20.4636363636364,12.26,21.2163636363636,12.5,20.5345454545455,-0.245904444564473,-0.259193072535775,0.795218181818182,0.898418181818182,0.852909090909091
42231,30905,11326,0.667939328441448,0.747933023723888,0.714347747841676,29.5345454545455,36.6890909090909,33.7763636363636,12.7854545454545,20.6727272727273,11.9927272727273,21.5054545454545,12.2836363636364,20.76,-0.324611600962552,-0.143706953525543,0.795218181818182,0.898418181818182,0.852909090909091
42962,30998,11964,0.667083582256877,0.747926260213933,0.714359715454884,29.3345454545455,36.8090909090909,33.8563636363636,12.5690909090909,20.8818181818182,11.7254545454545,21.7818181818182,12.0563636363636,20.9854545454545,-0.403331885825504,-0.00971646308898926,0.795218181818182,0.898418181818182,0.852909090909091
43824,31162,12662,0.666556158729606,0.748113993419357,0.714258308133572,29.1381818181818,36.9836363636364,33.8781818181818,12.3109090909091,21.1290909090909,11.4527272727273,22.08,11.7854545454545,21.2418181818182,-0.476314265619625,0.150166170163588,0.795218181818182,0.898418181818182,0.852909090909091
44554,31265,13289,0.665840761472125,0.748329883735954,0.713958058160379,28.9345454545455,37.1472727272727,33.9181818181818,12.08,21.3127272727273,11.2181818181818,22.4,11.48,21.5090909090909,-0.554316495223479,0.28468689810146,0.795218181818182,0.898418181818182,0.852909090909091
45293,31369,13924,0.66538084695361,0.748671807334619,0.713684604735856,28.7472727272727,37.3309090909091,33.9218181818182,11.8618181818182,21.5109090909091,10.9272727272727,22.7509090909091,11.1854545454545,21.7636363636364,-0.63082333938642,0.423982579057867,0.795218181818182,0.898418181818182,0.852909090909091
46158,31504,14654,0.664549945167158,0.749470008095684,0.713471169881111,28.5018181818182,37.5654545454545,33.9327272727273,11.6109090909091,21.7690909090909,10.6527272727273,23.0581818181818,10.9145454545455,21.9945454545455,-0.704876642877405,0.600726399638436,0.795218181818182,0.898418181818182,0.852909090909091
46940,31612,15328,0.663918789325738,0.74955469767857,0.713470996064925,28.3272727272727,37.7109090909091,33.9618181818182,11.3545454545455,22.0036363636364,10.3927272727273,23.3818181818182,10.6454545454545,22.2218181818182,-0.779977450316602,0.759235906059092,0.795218181818182,0.898418181818182,0.852909090909091
47679,31750,15929,0.662873006607226,0.750009125429321,0.713165224238265,28.0527272727273,37.9636363636364,33.9836363636364,11.1163636363636,22.1963636363636,10.1709090909091,23.6363636363636,10.4127272727273,22.4672727272727,-0.851998152516105,0.889406682686372,0.795218181818182,0.898418181818182,0.852909090909091
48422,31874,16548,0.661834527761408,0.750485487413525,0.713191870004484,27.8327272727273,38.1527272727273,34.0145454545455,10.8818181818182,22.3909090909091,9.89454545454546,23.9872727272727,10.1636363636364,22.6818181818182,-0.923782788894393,1.02990433248607,0.795218181818182,0.898418181818182,0.852909090909091
49182,32000,17182,0.66132474243151,0.750659017314242,0.712925544474427,27.6472727272727,38.3236363636364,34.0290909090909,10.6472727272727,22.6090909090909,9.62909090909091,24.2581818181818,9.89272727272727,22.9636363636364,-0.994426116076383,1.18153520009734,0.795218181818182,0.898418181818182,0.852909090909091
49955,32132,17823,0.66027480442271,0.751043763747551,0.713068535912916,27.38,38.5763636363636,34.0436363636364,10.4309090909091,22.7927272727273,9.34727272727273,24.6018181818182,9.66545454545455,23.1618181818182,-1.06237646856091,1.33131022940982,0.795218181818182,0.898418181818182,0.852909090909091
50648,32245,18403,0.659035983126814,0.751360883342403,0.713113189564092,27.1636363636364,38.8109090909091,34.0254545454545,10.2072727272727,22.9709090909091,9.1,24.9381818181818,9.44909090909091,23.3345454545455,-1.13041162545031,1.45994978384538,0.795218181818182,0.898418181818182,0.852909090909091
51433,32420,19013,0.658373896862965,0.751818209679342,0.713222837235921,26.9236363636364,39.0345454545455,34.0418181818182,9.98181818181818,23.1363636363636,8.86545454545455,25.24,9.21636363636364,23.56,-1.19333762309768,1.60435831926086,0.795218181818182,0.898418181818182,0.852909090909091
52216,32581,19635,0.657657787533112,0.751899031057281,0.713128983491388,26.6836363636364,39.2454545454545,34.0709090909091,9.75636363636364,23.3127272727273,8.59636363636364,25.5745454545455,8.96545454545454,23.7945454545455,-1.25488060468977,1.75089885429903,0.795218181818182,0.898418181818182,0.852909090909091
52938,32706,20232,0.656524644488566,0.752463835951107,0.712760943802768,26.4218181818182,39.52,34.0581818181818,9.53090909090909,23.4509090909091,8.41454545454545,25.8836363636364,8.67636363636364,24.0436363636364,-1.31758989773013,1.89936724413525,0.795218181818182,0.898418181818182,0.852909090909091
53552,32854,20698,0.655582366337125,0.75245936320147,0.712440161565858,26.1890909090909,39.7181818181818,34.0927272727273,9.30181818181818,23.5927272727273,8.20909090909091,26.2018181818182,8.47090909090909,24.2236363636364,-1.37592654065652,1.98354182947766,0.795218181818182,0.898418181818182,0.852909090909091
54289,32992,21297,0.654827969788689,0.752752694776508,0.711930517773169,25.9818181818182,39.9181818181818,34.1,9.09818181818182,23.7309090909091,7.97272727272727,26.5,8.24727272727273,24.4509090909091,-1.43280274190686,2.13810958483002,0.795218181818182,0.898418181818182,0.852909090909091
55007,33147,21860,0.654092940565005,0.753093622500447,0.711455467227905,25.7709090909091,40.1254545454546,34.1036363636364,8.90363636363636,23.8836363636364,7.76363636363636,26.7472727272727,8.03272727272727,24.6690909090909,-1.48690832690759,2.28093668384986,0.795218181818182,0.898418181818182,0.852909090909091
55689,33344,22345,0.65362788556231,0.75347688082299,0.711105483929794,25.5036363636364,40.3745454545455,34.1218181818182,8.69272727272727,23.9818181818182,7.61454545454545,27.0181818181818,7.82909090909091,24.8636363636364,-1.53541897020557,2.3872207977555,0.795218181818182,0.898418181818182,0.852909090909091
56472,33584,22888,0.652688956805639,0.7539223413204,0.711146879479352,25.2381818181818,40.6090909090909,34.1527272727273,8.52545454545455,24.0454545454545,7.40181818181818,27.3454545454545,7.61818181818182,25.0636363636364,-1.57892527309331,2.5204208092256,0.795218181818182,0.898418181818182,0.852909090909091
57109,33764,23345,0.651643347541275,0.754022084903819,0.710616156932006,24.9836363636364,40.9109090909091,34.1054545454545,8.36181818181818,24.1018181818182,7.23818181818182,27.6145454545455,7.42727272727273,25.2563636363636,-1.62414652921937,2.62379359765486,0.795218181818182,0.898418181818182,0.852909090909091
57733,33986,23747,0.650960758524008,0.75448349678782,0.710054294066101,24.7109090909091,41.2418181818182,34.0472727272727,8.22545454545454,24.1163636363636,7.05272727272727,27.9018181818182,7.28181818181818,25.4218181818182,-1.66374615376646,2.70032543269071,0.795218181818182,0.898418181818182,0.852909090909091
58306,34200,24106,0.650515347171121,0.755190818660539,0.709222220082324,24.4909090909091,41.5527272727273,33.9563636363636,8.07818181818182,24.1436363636364,6.88,28.2,7.14909090909091,25.5490909090909,-1.70053714405407,2.76602512327108,0.795218181818182,0.898418181818182,0.852909090909091
58951,34401,24550,0.649805017160258,0.755431847883076,0.708933318492035,24.2618181818182,41.8290909090909,33.9090909090909,7.93090909090909,24.1763636363636,6.7,28.5109090909091,6.96909090909091,25.7127272727273,-1.73768343491988,2.86585905497724,0.795218181818182,0.898418181818182,0.852909090909091
59462,34608,24854,0.648557542205625,0.755977256864154,0.708505178012869,23.94,42.1690909090909,33.8909090909091,7.77272727272727,24.2036363636364,6.59272727272727,28.7345454545455,6.9,25.7963636363636,-1.77171692495996,2.91545417850668,0.795218181818182,0.898418181818182,0.852909090909091
60149,34805,25344,0.64752994101109,0.756365573647207,0.708057146117784,23.6745454545455,42.4763636363636,33.8490909090909,7.61272727272727,24.2454545454545,6.41090909090909,29.0236363636364,6.72,25.9872727272727,-1.80584488185969,3.04423539530147,0.795218181818182,0.898418181818182,0.852909090909091
60714,35002,25712,0.646510493124923,0.756669928654072,0.707634259159366,23.4309090909091,42.8145454545455,33.7545454545455,7.49454545454545,24.2436363636364,6.27090909090909,29.2909090909091,6.58363636363636,26.1163636363636,-1.83573790409348,3.12235829342495,0.795218181818182,0.898418181818182,0.852909090909091
61409,35241,26168,0.645478964122792,0.757206903509033,0.706857590996052,23.16,43.16,33.68,7.36909090909091,24.2454545454545,6.06909090909091,29.6309090909091,6.42545454545455,26.26,-1.86076844009486,3.23606935035099,0.795218181818182,0.898418181818182,0.852909090909091
61931,35460,26471,0.644367168836723,0.757497925130349,0.706283812574031,22.8872727272727,43.4763636363636,33.6363636363636,7.26,24.2545454545455,5.93272727272727,29.88,6.25636363636364,26.4163636363636,-1.88645178079605,3.27920586250045,0.795218181818182,0.898418181818182,0.852909090909091
62523,35706,26817,0.643437413853203,0.75746534740826,0.70578209076928,22.6672727272727,43.7545454545455,33.5781818181818,7.14,24.2527272727273,5.79272727272727,30.1581818181818,6.09090909090909,26.5654545454545,-1.90843149098483,3.34816048849713,0.795218181818182,0.898418181818182,0.852909090909091
63181,36030,27151,0.642386965808421,0.757815747345653,0.705083822674078,22.3618181818182,44.1381818181818,33.5,7.02363636363636,24.24,5.69454545454545,30.4145454545455,5.95636363636364,26.6709090909091,-1.9235886012966,3.41889084360816,0.795218181818182,0.898418181818182,0.852909090909091
63800,36260,27540,0.641026760125897,0.757873185076146,0.704500834610688,22.0872727272727,44.4872727272727,33.4254545454545,6.90727272727273,24.2618181818182,5.52727272727273,30.7127272727273,5.80545454545455,26.7854545454545,-1.94244944073937,3.5133463778279,0.795218181818182,0.898418181818182,0.852909090909091
64338,36525,27813,0.640115254241007,0.757824675490177,0.703691602902032,21.8654545454545,44.8181818181818,33.3163636363636,6.80909090909091,24.2345454545455,5.43818181818182,30.9618181818182,5.67272727272727,26.8836363636364,-1.95552935844118,3.56861987276511,0.795218181818182,0.898418181818182,0.852909090909091
64928,36770,28158,0.638890251811121,0.757777871938024,0.70319610563243,21.5836363636364,45.1454545454545,33.2709090909091,6.69090909090909,24.2581818181818,5.29090909090909,31.2563636363636,5.48545454545455,27.0181818181818,-1.96903672353788,3.6455700841817,0.795218181818182,0.898418181818182,0.852909090909091
65418,37039,28379,0.637461305414058,0.758260758953875,0.702764115394784,21.3072727272727,45.4909090909091,33.2018181818182,6.57272727272727,24.2672727272727,5.20181818181818,31.4981818181818,5.37090909090909,27.0890909090909,-1.97958061017773,3.66991903294217,0.795218181818182,0.898418181818182,0.852909090909091
65789,37261,28528,0.635962887999764,0.758428102876173,0.701817333063398,21.0527272727273,45.7818181818182,33.1654545454545,6.46181818181818,24.2781818181818,5.11636363636364,31.7272727272727,5.28,27.1363636363636,-1.99200556413694,3.67037151510065,0.795218181818182,0.898418181818182,0.852909090909091
66221,37491,28730,0.634632631680652,0.758354815815624,0.700952973780104,20.8145454545455,46.08,33.1054545454545,6.36,24.3254545454545,4.96181818181818,31.9618181818182,5.18545454545455,27.2054545454545,-2.00309657833793,3.68821088292382,0.795218181818182,0.898418181818182,0.852909090909091
66973,37820,29153,0.633754004662127,0.758781886819261,0.700273996767784,20.5436363636364,46.4072727272727,33.0490909090909,6.25818181818182,24.3472727272727,4.86545454545455,32.1927272727273,5.07090909090909,27.2654545454545,-2.00511964911764,3.79707203778354,0.795218181818182,0.898418181818182,0.852909090909091
67494,38166,29328,0.632873206461503,0.759306716856338,0.69927285934296,20.2290909090909,46.8327272727273,32.9381818181818,6.15272727272727,24.3563636363636,4.76,32.4181818181818,4.94727272727273,27.3654545454545,-2.00384870171547,3.81621977903626,0.795218181818182,0.898418181818182,0.852909090909091
68082,38520,29562,0.631920054276996,0.759812377840196,0.698783750790763,19.9363636363636,47.1909090909091,32.8727272727273,6.06909090909091,24.3527272727273,4.67636363636364,32.6345454545455,4.86,27.4072727272727,-2.00218244845217,3.85827570015734,0.795218181818182,0.898418181818182,0.852909090909091
68718,38821,29897,0.630547849886896,0.760729272689752,0.697925733132707,19.6218181818182,47.5745454545455,32.8036363636364,5.97818181818182,24.4036363636364,4.55272727272727,32.8618181818182,4.74,27.4636363636364,-2.00085391293872,3.943420795419,0.795218181818182,0.898418181818182,0.852909090909091
69324,39156,30168,0.629280708695097,0.760506119530766,0.697023507273228,19.3436363636364,47.8527272727273,32.8036363636364,5.89090909090909,24.4363636363636,4.45090909090909,33.0945454545455,4.58,27.5472727272727,-1.99758676994931,3.99260153824633,0.795218181818182,0.898418181818182,0.852909090909091
69915,39519,30396,0.628131815531873,0.761156730277781,0.696049004313156,19.0709090909091,48.1872727272727,32.7418181818182,5.81818181818182,24.4763636363636,4.35818181818182,33.2690909090909,4.48545454545455,27.5927272727273,-1.98994424031539,4.02959943413734,0.795218181818182,0.898418181818182,0.852909090909091
70437,39883,30554,0.627255280037864,0.761555251007017,0.695229451883148,18.8236363636364,48.4854545454545,32.6909090909091,5.74363636363636,24.4890909090909,4.3,33.4054545454545,4.43636363636364,27.6254545454545,-1.98048800690608,4.04937093095346,0.795218181818182,0.898418181818182,0.852909090909091
71024,40239,30785,0.626756959039772,0.761691205526403,0.694545124512349,18.5436363636364,48.8054545454546,32.6509090909091,5.68909090909091,24.4636363636364,4.22545454545455,33.6072727272727,4.31636363636364,27.6981818181818,-1.96970564506271,4.08350509134206,0.795218181818182,0.898418181818182,0.852909090909091
71639,40589,31050,0.625684824333801,0.761657124434809,0.69370759066704,18.2927272727273,49.0927272727273,32.6145454545455,5.64909090909091,24.4618181818182,4.09636363636364,33.8327272727273,4.23636363636364,27.7236363636364,-1.96086083894426,4.14264195669781,0.795218181818182,0.898418181818182,0.852909090909091
72304,40970,31334,0.624867949862424,0.761606618686695,0.693155413860414,18.0327272727273,49.4218181818182,32.5454545454545,5.55454545454545,24.4963636363636,4.02181818181818,34.0090909090909,4.15090909090909,27.7672727272727,-1.94819561568174,4.21412005478686,0.795218181818182,0.898418181818182,0.852909090909091
72934,41316,31618,0.623742393824503,0.761798493240262,0.692272553217126,17.7890909090909,49.7327272727273,32.4781818181818,5.49454545454545,24.5254545454545,3.91272727272727,34.1818181818182,4.05818181818182,27.8272727272727,-1.93563167723742,4.27893898053603,0.795218181818182,0.898418181818182,0.852909090909091
73529,41651,31878,0.622601578080594,0.762264873526334,0.691682379779313,17.5454545454545,50.0181818181818,32.4363636363636,5.41818181818182,24.5890909090909,3.75636363636364,34.3836363636364,3.96363636363636,27.8890909090909,-1.92528980509801,4.32204718752341,0.795218181818182,0.898418181818182,0.852909090909091
73919,41961,31958,0.621477858826924,0.76197127441186,0.691025046211752,17.3418181818182,50.3036363636364,32.3545454545455,5.35818181818182,24.5690909090909,3.70545454545455,34.5327272727273,3.88545454545454,27.9490909090909,-1.91605964831331,4.30715236121958,0.795218181818182,0.898418181818182,0.852909090909091
74478,42301,32177,0.620480656566612,0.761736682787915,0.690225144440365,17.0745454545455,50.6527272727273,32.2727272727273,5.29454545454545,24.5381818181818,3.64181818181818,34.6818181818182,3.83454545454546,28.0090909090909,-1.9039122030139,4.34415989355607,0.795218181818182,0.898418181818182,0.852909090909091
74976,42610,32366,0.619443582324658,0.761490304138522,0.689263127134065,16.8709090909091,50.9,32.2290909090909,5.21272727272727,24.5836363636364,3.49636363636364,34.8963636363636,3.77090909090909,28.04,-1.89274828962304,4.3666960710829,0.795218181818182,0.898418181818182,0.852909090909091
75354,42952,32402,0.617945129143616,0.761496614851584,0.687778259090128,16.6109090909091,51.22,32.1690909090909,5.15090909090909,24.5745454545455,3.45818181818182,35.0054545454545,3.71090909090909,28.1,-1.87948174734007,4.33688180067322,0.795218181818182,0.898418181818182,0.852909090909091
75944,43344,32600,0.61640944710323,0.761365015351226,0.68681432041456,16.3618181818182,51.5672727272727,32.0709090909091,5.08181818181818,24.5618181818182,3.43090909090909,35.1127272727273,3.66545454545455,28.1472727272727,-1.86277737942609,4.37112798094749,0.795218181818182,0.898418181818182,0.852909090909091
76556,43741,32815,0.614742662827341,0.761304487523956,0.685753801451702,16.1454545454545,51.8490909090909,32.0054545454545,5.02,24.5072727272727,3.38545454545455,35.3145454545455,3.52363636363636,28.2490909090909,-1.84383099431341,4.40619032924825,0.795218181818182,0.898418181818182,0.852909090909091
77104,44151,32953,0.613341831291009,0.760917213205574,0.684882926029344,15.9054545454545,52.1490909090909,31.9454545454545,4.95454545454545,24.5181818181818,3.32181818181818,35.4363636363636,3.47636363636364,28.2927272727273,-1.82395267391747,4.41690643809058,0.795218181818182,0.898418181818182,0.852909090909091
77669,44568,33101,0.61200596149759,0.760984892381893,0.68385754623036,15.6636363636364,52.4309090909091,31.9054545454545,4.88909090909091,24.5272727272727,3.24545454545455,35.5545454545455,3.44181818181818,28.3418181818182,-1.80208321051164,4.42952911528674,0.795218181818182,0.898418181818182,0.852909090909091
78205,44984,33221,0.610647136495225,0.760814988123035,0.682693370416627,15.44,52.7109090909091,31.8490909090909,4.82181818181818,24.5163636363636,3.20727272727273,35.6709090909091,3.38545454545455,28.3981818181818,-1.78029696833004,4.44000288573178,0.795218181818182,0.898418181818182,0.852909090909091
78707,45385,33322,0.609296658902237,0.76055282833062,0.681727746307521,15.2545454545455,52.9127272727273,31.8327272727273,4.76727272727273,24.4909090909091,3.16,35.7945454545455,3.32545454545455,28.4618181818182,-1.75965846722776,4.43967619809237,0.795218181818182,0.898418181818182,0.852909090909091
79456,45830,33626,0.608347948486075,0.759698345332972,0.681154922416573,15.0872727272727,53.0945454545455,31.8181818181818,4.72727272727273,24.4927272727273,3.04363636363636,35.9690909090909,3.26363636363636,28.5036363636364,-1.73605764454061,4.5117899461226,0.795218181818182,0.898418181818182,0.852909090909091
80127,46257,33870,0.60718434198146,0.75959939169793,0.680028929065486,14.9127272727273,53.3290909090909,31.7581818181818,4.66909090909091,24.4727272727273,2.95818181818182,36.1490909090909,3.17090909090909,28.58,-1.70988334932111,4.56124800443649,0.795218181818182,0.898418181818182,0.852909090909091
80655,46635,34020,0.60610886664124,0.75884791922053,0.67908865676032,14.6727272727273,53.5654545454545,31.7618181818182,4.61636363636364,24.4636363636364,2.92,36.2781818181818,3.07272727272727,28.6490909090909,-1.68880645903674,4.57804775346409,0.795218181818182,0.898418181818182,0.852909090909091
81148,46968,34180,0.604812885416833,0.758245314657988,0.678052146538828,14.5054545454545,53.7254545454545,31.7690909090909,4.58545454545455,24.4309090909091,2.86363636363636,36.4109090909091,2.98727272727273,28.7218181818182,-1.67210341041738,4.58979041468014,0.795218181818182,0.898418181818182,0.852909090909091
81745,47407,34338,0.603283140471115,0.757910414806461,0.677146113357821,14.2745454545455,53.9690909090909,31.7563636363636,4.53818181818182,24.42,2.79090909090909,36.5236363636364,2.94363636363636,28.7836363636364,-1.6476959712126,4.61217774152756,0.795218181818182,0.898418181818182,0.852909090909091
82365,47868,34497,0.60213529230369,0.757507083027993,0.676517242195504,14.0654545454545,54.1927272727273,31.7418181818182,4.46363636363636,24.4236363636364,2.73454545454545,36.6563636363636,2.87818181818182,28.8436363636364,-1.62138378593055,4.62626013647426,0.795218181818182,0.898418181818182,0.852909090909091
82957,48270,34687,0.601003558147965,0.757058653617437,0.675437824598034,13.8490909090909,54.4363636363636,31.7145454545455,4.42545454545455,24.4090909090909,2.65818181818182,36.7454545454545,2.84363636363636,28.9181818181818,-1.59661257253452,4.64384916695681,0.795218181818182,0.898418181818182,0.852909090909091
83667,48653,35014,0.599537125272134,0.756672717619343,0.674390763387134,13.6454545454545,54.68,31.6745454545455,4.39090909090909,24.4145454545455,2.55090909090909,36.8781818181818,2.77272727272727,28.9927272727273,-1.5740890185264,4.72337029522116,0.795218181818182,0.898418181818182,0.852909090909091
84276,49059,35217,0.59843498249871,0.7562776446002,0.673562855737557,13.4909090909091,54.8254545454545,31.6836363636364,4.34363636363636,24.3618181818182,2.52909090909091,37.0145454545455,2.66727272727273,29.0836363636364,-1.54978141777895,4.75502817522396,0.795218181818182,0.898418181818182,0.852909090909091
84880,49559,35321,0.597140615599114,0.755877561691036,0.671985682711432,13.2654545454545,55.0872727272727,31.6472727272727,4.29818181818182,24.3454545454545,2.43636363636364,37.1327272727273,2.61454545454545,29.1727272727273,-1.51856113103303,4.74787196896293,0.795218181818182,0.898418181818182,0.852909090909091
85376,49962,35414,0.595826033522994,0.755034916047434,0.67091790676875,13.0545454545455,55.2836363636364,31.6618181818182,4.24,24.34,2.36181818181818,37.26,2.58909090909091,29.2090909090909,-1.49477831165899,4.7339754245498,0.795218181818182,0.898418181818182,0.852909090909091
85793,50351,35442,0.594591409836479,0.754107774458039,0.669629090704645,12.8927272727273,55.4672727272727,31.64,4.2,24.2909090909091,2.29090909090909,37.4145454545455,2.55090909090909,29.2527272727273,-1.47073982805014,4.70419057174162,0.795218181818182,0.898418181818182,0.852909090909091
86269,50776,35493,0.593622338516562,0.753172283413405,0.668849547972142,12.7236363636364,55.6181818181818,31.6581818181818,4.15272727272727,24.26,2.25454545454545,37.5127272727273,2.52545454545455,29.2945454545455,-1.44411401098425,4.68174895048142,0.795218181818182,0.898418181818182,0.852909090909091
86868,51208,35660,0.592787260264936,0.752500371943694,0.667495976405973,12.5745454545455,55.7454545454545,31.68,4.09636363636364,24.2218181818182,2.22909090909091,37.6290909090909,2.42909090909091,29.3945454545455,-1.4174608501521,4.69815586371855,0.795218181818182,0.898418181818182,0.852909090909091
87517,51617,35900,0.591834088685112,0.752324049096171,0.666141458827698,12.3981818181818,55.9127272727273,31.6890909090909,4.06363636363636,24.1981818181818,2.18545454545455,37.6963636363636,2.37090909090909,29.4854545454545,-1.38992776762355,4.74732474630529,0.795218181818182,0.898418181818182,0.852909090909091
88231,52063,36168,0.590909029245117,0.751976037270406,0.665494575167419,12.2218181818182,56.0836363636364,31.6945454545455,4.02545454545455,24.1963636363636,2.08363636363636,37.8672727272727,2.32181818181818,29.5054545454545,-1.36010869822719,4.79419976581227,0.795218181818182,0.898418181818182,0.852909090909091
88766,52474,36292,0.58942094512517,0.751151770228912,0.664206526826593,12.0690909090909,56.2218181818182,31.7090909090909,3.98727272727273,24.1709090909091,2.05090909090909,37.9490909090909,2.26363636363636,29.5781818181818,-1.33172163678841,4.80223457379775,0.795218181818182,0.898418181818182,0.852909090909091
89184,52831,36353,0.587884320650751,0.750461064730864,0.662753413289675,11.9381818181818,56.34,31.7218181818182,3.93454545454546,24.16,2.03272727272727,38.0290909090909,2.21636363636364,29.6272727272727,-1.30770696239038,4.78640574541959,0.795218181818182,0.898418181818182,0.852909090909091
89654,53229,36425,0.586822117148437,0.749772861863283,0.661233515890463,11.8018181818182,56.5072727272727,31.6909090909091,3.85636363636364,24.2109090909091,2.00727272727273,38.0745454545455,2.16,29.6909090909091,-1.28101865581491,4.7711731672287,0.795218181818182,0.898418181818182,0.852909090909091
90204,53640,36564,0.585994287782067,0.749249098089208,0.660305420952408,11.6618181818182,56.6381818181818,31.7,3.82909090909091,24.2127272727273,1.98909090909091,38.1236363636364,2.11818181818182,29.7272727272727,-1.25348213558847,4.77994397553531,0.795218181818182,0.898418181818182,0.852909090909091
90773,54045,36728,0.584840138682931,0.748473457466466,0.659299437443283,11.5509090909091,56.7381818181818,31.7109090909091,3.78727272727273,24.2327272727273,1.89272727272727,38.2272727272727,2.05272727272727,29.8072727272727,-1.22585156966339,4.79091196710413,0.795218181818182,0.898418181818182,0.852909090909091
91256,54403,36853,0.583819237520792,0.747992033834176,0.658421831592362,11.4145454545455,56.8654545454545,31.72,3.74545454545455,24.2418181818182,1.83272727272727,38.3072727272727,2.00727272727273,29.8654545454545,-1.20349778356877,4.7857312224128,0.795218181818182,0.898418181818182,0.852909090909091
91788,54786,37002,0.582695827947311,0.747335173746107,0.657324590846081,11.2854545454545,56.9345454545455,31.78,3.71454545454545,24.2581818181818,1.77272727272727,38.3672727272727,1.95818181818182,29.9290909090909,-1.17876000133428,4.78598162477667,0.795218181818182,0.898418181818182,0.852909090909091
92350,55188,37162,0.581614803463126,0.746188415148523,0.656764072817646,11.1709090909091,57.0272727272727,31.8018181818182,3.65272727272727,24.3,1.73636363636364,38.4036363636364,1.92181818181818,29.9854545454545,-1.15289823196151,4.80286128087477,0.795218181818182,0.898418181818182,0.852909090909091
92771,55525,37246,0.580482134736782,0.745515850545574,0.655784335468593,11.0272727272727,57.1236363636364,31.8490909090909,3.60727272727273,24.3145454545455,1.69090909090909,38.4745454545455,1.86545454545455,30.0472727272727,-1.13021808036349,4.77753832773729,0.795218181818182,0.898418181818182,0.852909090909091
93165,55841,37324,0.57937354954163,0.744604316367472,0.654568806396856,10.9290909090909,57.1854545454545,31.8854545454545,3.56727272727273,24.3327272727273,1.62545454545455,38.5509090909091,1.83818181818182,30.0854545454545,-1.1072847341272,4.76751514131373,0.795218181818182,0.898418181818182,0.852909090909091
93501,56204,37297,0.577886831608774,0.74402989336858,0.653505332463044,10.8145454545455,57.2690909090909,31.9163636363636,3.53636363636364,24.32,1.60363636363636,38.5727272727273,1.84181818181818,30.1254545454545,-1.08411362794313,4.72383422418074,0.795218181818182,0.898418181818182,0.852909090909091
93962,56541,37421,0.577196001096497,0.743583916746594,0.652847726130638,10.6872727272727,57.4109090909091,31.9018181818182,3.47818181818182,24.3454545454545,1.57454545454545,38.6,1.80727272727273,30.1945454545455,-1.06065121462399,4.7182958277789,0.795218181818182,0.898418181818182,0.852909090909091
94427,56920,37507,0.576222761655785,0.74288941094466,0.651280658996158,10.6109090909091,57.48,31.9090909090909,3.42545454545455,24.3709090909091,1.53090909090909,38.6654545454545,1.76181818181818,30.2454545454545,-1.03110218048096,4.69656089002436,0.795218181818182,0.898418181818182,0.852909090909091
94878,57262,37616,0.574681879344919,0.742505220570069,0.650340218426877,10.4909090909091,57.5945454545455,31.9145454545455,3.39818181818182,24.3509090909091,1.51454545454545,38.7290909090909,1.67818181818182,30.3290909090909,-1.00799589130011,4.69154393672943,0.795218181818182,0.898418181818182,0.852909090909091
95361,57575,37786,0.573284906830614,0.741525031728904,0.64955898416366,10.3581818181818,57.7018181818182,31.94,3.34909090909091,24.3236363636364,1.55636363636364,38.7490909090909,1.62909090909091,30.3927272727273,-0.987010692872784,4.71786290515553,0.795218181818182,0.898418181818182,0.852909090909091
95727,57915,37812,0.572228307156933,0.740624302613894,0.649043760486698,10.2381818181818,57.8072727272727,31.9545454545455,3.29818181818182,24.3127272727273,1.53454545454545,38.7963636363636,1.63636363636364,30.4218181818182,-0.963992335037752,4.69148799722845,0.795218181818182,0.898418181818182,0.852909090909091
96254,58206,38048,0.571686008011275,0.739849342664724,0.648392857493918,10.1527272727273,57.8690909090909,31.9781818181818,3.26909090909091,24.3127272727273,1.49272727272727,38.8309090909091,1.59090909090909,30.5036363636364,-0.945776224271818,4.73197550340132,0.795218181818182,0.898418181818182,0.852909090909091
96795,58557,38238,0.571065464148762,0.739065891286737,0.647520092653318,10.0727272727273,57.9218181818182,32.0054545454545,3.22909090909091,24.3454545454545,1.39454545454545,38.9181818181818,1.56,30.5527272727273,-0.921376134455204,4.74599440964785,0.795218181818182,0.898418181818182,0.852909090909091
97266,58851,38415,0.57010408067317,0.738187198682631,0.64683529607628,9.98,57.9690909090909,32.0509090909091,3.19636363636364,24.3563636363636,1.34181818181818,38.94,1.51454545454545,30.6509090909091,-0.898586175252091,4.75594727776267,0.795218181818182,0.898418181818182,0.852909090909091
97588,59117,38471,0.568797223772798,0.737744206112351,0.64595399201896,9.86181818181818,58.0581818181818,32.08,3.16909090909091,24.3545454545455,1.32181818181818,38.9527272727273,1.47090909090909,30.7309090909091,-0.880431354384531,4.73214830918746,0.795218181818182,0.898418181818182,0.852909090909091
97995,59414,38581,0.568014881048972,0.736721515627444,0.645130019042127,9.78,58.0763636363636,32.1436363636364,3.12545454545455,24.3618181818182,1.30363636363636,39.0090909090909,1.4,30.8,-0.858594941009175,4.71833266128193,0.795218181818182,0.898418181818182,0.852909090909091
98322,59702,38620,0.56716540564766,0.736153909774642,0.644226386390842,9.68545454545455,58.1254545454546,32.1890909090909,3.07636363636364,24.3927272727273,1.30545454545455,38.9781818181818,1.43272727272727,30.8145454545455,-0.840507800470699,4.71001624844291,0.795218181818182,0.898418181818182,0.852909090909091
98761,59959,38802,0.566578123180154,0.735299531639214,0.643529945846618,9.61454545454546,58.1472727272727,32.2381818181818,3.03454545454545,24.4054545454545,1.28181818181818,39.0036363636364,1.39090909090909,30.8836363636364,-0.821414517001672,4.72869040099057,0.795218181818182,0.898418181818182,0.852909090909091
98997,60237,38760,0.565566384638896,0.734552413085708,0.642651254556242,9.54,58.2018181818182,32.2581818181818,3,24.3854545454545,1.29636363636364,39.0363636363636,1.33818181818182,30.9436363636364,-0.799439430710944,4.68640428673137,0.795218181818182,0.898418181818182,0.852909090909091
99301,60480,38821,0.564851479520337,0.733829373564446,0.641642607236017,9.48545454545455,58.1963636363636,32.3181818181818,2.95636363636364,24.4290909090909,1.28909090909091,39.0181818181818,1.27454545454545,31.0327272727273,-0.778844526884231,4.65941863926974,0.795218181818182,0.898418181818182,0.852909090909091
99684,60693,38991,0.564377383752095,0.732852480318861,0.64091742350878,9.40363636363636,58.2436363636364,32.3527272727273,2.91090909090909,24.46,1.26727272727273,39.0181818181818,1.26545454545455,31.0781818181818,-0.76184985299002,4.67300021865151,0.795218181818182,0.898418181818182,0.852909090909091
99994,60892,39102,0.563231458534917,0.732118908433767,0.640579604468562,9.31454545454545,58.2672727272727,32.4181818181818,2.86,24.5145454545455,1.21818181818182,39.0327272727273,1.24545454545455,31.1290909090909,-0.745488734136928,4.66330433542078,0.795218181818182,0.898418181818182,0.852909090909091
100285,61127,39158,0.562105966661941,0.731387770598328,0.640011539725738,9.25090909090909,58.3127272727273,32.4363636363636,2.80727272727273,24.5436363636364,1.22363636363636,39.0345454545455,1.22363636363636,31.1672727272727,-0.728467619554563,4.63859455151991,0.795218181818182,0.898418181818182,0.852909090909091
100597,61318,39279,0.561315029141391,0.730804761983599,0.639073840541858,9.17272727272727,58.3945454545455,32.4327272727273,2.77818181818182,24.5654545454545,1.18,39.08,1.23090909090909,31.1654545454545,-0.715412500229749,4.64744366732511,0.795218181818182,0.898418181818182,0.852909090909091
100952,61578,39374,0.560418910973109,0.730309588308613,0.638421530448402,9.08181818181818,58.4490909090909,32.4690909090909,2.72909090909091,24.6309090909091,1.12727272727273,39.1127272727273,1.22,31.18,-0.695617490532723,4.63352422064001,0.795218181818182,0.898418181818182,0.852909090909091
101294,61782,39512,0.559832702934247,0.730223896448545,0.637825579585265,8.99272727272727,58.5454545454545,32.4618181818182,2.68,24.6545454545455,1.15090909090909,39.1109090909091,1.18727272727273,31.2163636363636,-0.681601032750173,4.62363285368139,0.795218181818182,0.898418181818182,0.852909090909091
101459,61985,39474,0.559305535335872,0.729525106312408,0.636785035154829,8.93272727272727,58.6072727272727,32.46,2.64363636363636,24.6872727272727,1.10545454545455,39.1545454545455,1.17090909090909,31.2381818181818,-0.666585613583977,4.58416642058979,0.795218181818182,0.898418181818182,0.852909090909091
101788,62168,39620,0.558840635083403,0.729026575024896,0.636130992056631,8.87818181818182,58.6418181818182,32.48,2.60363636363636,24.7327272727273,1.07454545454545,39.1909090909091,1.12,31.2781818181818,-0.653703645278107,4.59890913963318,0.795218181818182,0.898418181818182,0.852909090909091
101962,62387,39575,0.557632686570802,0.72827969495929,0.635424994342884,8.82181818181818,58.6672727272727,32.5109090909091,2.56181818181818,24.7636363636364,1.03090909090909,39.2272727272727,1.12,31.2963636363636,-0.638737144050273,4.54627955393358,0.795218181818182,0.898418181818182,0.852909090909091
102269,62636,39633,0.557002908093208,0.727409268033419,0.635145144544225,8.75454545454545,58.6581818181818,32.5872727272727,2.51090909090909,24.8181818181818,0.987272727272727,39.2654545454546,1.12,31.2981818181818,-0.61973593397574,4.52396906072443,0.795218181818182,0.898418181818182,0.852909090909091
102718,62841,39877,0.556595245490809,0.727060659788968,0.634550245940775,8.69636363636364,58.7018181818182,32.6018181818182,2.46909090909091,24.8763636363636,0.950909090909091,39.2745454545455,1.09818181818182,31.3309090909091,-0.606241919642145,4.56408119635149,0.795218181818182,0.898418181818182,0.852909090909091
103070,63015,40055,0.556046846045342,0.726914473609096,0.633879469839348,8.64,58.76,32.6,2.42181818181818,24.9018181818182,0.978181818181818,39.28,1.07090909090909,31.3472727272727,-0.59294093308801,4.57418910590085,0.795218181818182,0.898418181818182,0.852909090909091
103330,63198,40132,0.555512644678452,0.725932652787203,0.633569016092945,8.58727272727273,58.7654545454546,32.6472727272727,2.38545454545455,24.9218181818182,0.981818181818182,39.2854545454545,1.03090909090909,31.3945454545455,-0.576438100195744,4.57354626872323,0.795218181818182,0.898418181818182,0.852909090909091
103628,63408,40220,0.554850366222009,0.72542178719954,0.633280199969371,8.52,58.7709090909091,32.7090909090909,2.36363636363636,24.92,0.969090909090909,39.3163636363636,1.01818181818182,31.4127272727273,-0.559219757501375,4.57239510146054,0.795218181818182,0.898418181818182,0.852909090909091
103800,63578,40222,0.553984457012564,0.724787951459765,0.632973838201653,8.45818181818182,58.8254545454545,32.7163636363636,2.34,24.94,0.938181818181818,39.3472727272727,0.994545454545454,31.44,-0.545679850893264,4.53128294402903,0.795218181818182,0.898418181818182,0.852909090909091
103993,63739,40254,0.553457653497556,0.724409443824124,0.632371541427493,8.39272727272727,58.8709090909091,32.7363636363636,2.30909090909091,24.9418181818182,0.930909090909091,39.3909090909091,0.992727272727273,31.4345454545455,-0.536904342294755,4.50333127325231,0.795218181818182,0.898418181818182,0.852909090909091
104269,63920,40349,0.552888875511936,0.724030418896215,0.631827611809835,8.33272727272727,58.9290909090909,32.7381818181818,2.28727272727273,24.9709090909091,0.901818181818182,39.3890909090909,0.934545454545455,31.5163636363636,-0.524159177189524,4.4871269789609,0.795218181818182,0.898418181818182,0.852909090909091
104446,64054,40392,0.552050923955821,0.724026884772329,0.63138421635433,8.26909090909091,58.9818181818182,32.7490909090909,2.26727272727273,24.9527272727273,0.88,39.4418181818182,0.896363636363636,31.5618181818182,-0.514859897207299,4.46265342235565,0.795218181818182,0.898418181818182,0.852909090909091
104585,64192,40393,0.551579475834919,0.723422332783087,0.631186989377882,8.21636363636364,59.0072727272727,32.7763636363636,2.24545454545455,24.9381818181818,0.872727272727273,39.4636363636364,0.894545454545455,31.5854545454545,-0.505207781095735,4.43573975129561,0.795218181818182,0.898418181818182,0.852909090909091
104970,64324,40646,0.551413914330687,0.72282975665308,0.630815334782497,8.17272727272727,59.0363636363636,32.7909090909091,2.21636363636364,24.9290909090909,0.84,39.5254545454545,0.86,31.6290909090909,-0.493582771489905,4.46916139559312,0.795218181818182,0.898418181818182,0.852909090909091
105193,64499,40694,0.550679256997999,0.722119265103109,0.630314534460707,8.12363636363636,59.0454545454545,32.8309090909091,2.18909090909091,24.9127272727273,0.816363636363636,39.5818181818182,0.810909090909091,31.6890909090909,-0.481390189392154,4.42955664287914,0.795218181818182,0.898418181818182,0.852909090909091
105546,64664,40882,0.549835733832173,0.722039022045536,0.630163859456376,8.06909090909091,59.0981818181818,32.8327272727273,2.16181818181818,24.88,0.8,39.6381818181818,0.749090909090909,31.7709090909091,-0.470402287700298,4.42798244411295,0.795218181818182,0.898418181818182,0.852909090909091
105714,64776,40938,0.549389465514566,0.721459927237174,0.629545685674746,8.03272727272727,59.1363636363636,32.8309090909091,2.14,24.8327272727273,0.745454545454545,39.7327272727273,0.756363636363636,31.7927272727273,-0.463621998087249,4.39725870110772,0.795218181818182,0.898418181818182,0.852909090909091
106242,64913,41329,0.549500994770742,0.721255366264637,0.62900956598142,7.98727272727273,59.1818181818182,32.8309090909091,2.10727272727273,24.7945454545455,0.725454545454545,39.8054545454546,0.705454545454545,31.8618181818182,-0.45387356354093,4.47067449092865,0.795218181818182,0.898418181818182,0.852909090909091
106436,65061,41375,0.54887822091453,0.72124255040062,0.628596671954088,7.93272727272727,59.2545454545455,32.8127272727273,2.09090909090909,24.7618181818182,0.705454545454545,39.8381818181818,0.721818181818182,31.8818181818182,-0.442898142464798,4.43992789225145,0.795218181818182,0.898418181818182,0.852909090909091
106629,65197,41432,0.548385115755098,0.720985364221307,0.628217903197938,7.88181818181818,59.3090909090909,32.8090909090909,2.06909090909091,24.74,0.709090909090909,39.8690909090909,0.7,31.9127272727273,-0.432414380782707,4.40532002340664,0.795218181818182,0.898418181818182,0.852909090909091
106658,65300,41358,0.547997718046409,0.720474791575931,0.627551859784715,7.84363636363636,59.3636363636364,32.7927272727273,2.05272727272727,24.7036363636364,0.68,39.9418181818182,0.716363636363636,31.9054545454545,-0.424833168389953,4.34931379014795,0.795218181818182,0.898418181818182,0.852909090909091
106941,65419,41522,0.547652360656369,0.720719536522,0.627096901852297,7.79090909090909,59.4345454545455,32.7745454545455,2.02363636363636,24.6527272727273,0.694545454545455,39.9672727272727,0.725454545454545,31.9363636363636,-0.418480887103148,4.34774638631127,0.795218181818182,0.898418181818182,0.852909090909091
107257,65530,41727,0.547248300070113,0.720527657972064,0.626723178538631,7.72545454545455,59.4872727272727,32.7872727272727,2,24.6490909090909,0.632727272727273,40.0454545454545,0.716363636363636,31.9563636363636,-0.410144927564331,4.35797789963809,0.795218181818182,0.898418181818182,0.852909090909091
107677,65698,41979,0.547597830951032,0.720351558427393,0.626311501559424,7.66545454545455,59.5436363636364,32.7909090909091,1.96727272727273,24.5836363636364,0.663636363636364,40.1181818181818,0.663636363636364,32.0036363636364,-0.396120559855957,4.38690783869136,0.795218181818182,0.898418181818182,0.852909090909091
107954,65819,42135,0.547474993285851,0.719998250518012,0.625882911084666,7.61090909090909,59.5945454545455,32.7945454545455,1.94909090909091,24.5490909090909,0.641818181818182,40.1636363636364,0.658181818181818,32.0381818181818,-0.389773834026842,4.39177537289533,0.795218181818182,0.898418181818182,0.852909090909091
108228,65942,42286,0.547428981496074,0.719663664690469,0.625716813556854,7.55090909090909,59.6545454545455,32.7945454545455,1.93272727272727,24.5,0.641818181818182,40.2072727272727,0.632727272727273,32.0854545454545,-0.383701296991785,4.38339110287753,0.795218181818182,0.898418181818182,0.852909090909091
108408,66048,42360,0.547133211186805,0.719166041829475,0.625285061672287,7.51090909090909,59.6727272727273,32.8163636363636,1.91454545454545,24.4745454545455,0.609090909090909,40.2872727272727,0.585454545454545,32.1290909090909,-0.373385445400014,4.36280132857236,0.795218181818182,0.898418181818182,0.852909090909091
108559,66191,42368,0.546938309792853,0.718754416791968,0.624762165938331,7.47636363636363,59.72,32.8036363636364,1.88727272727273,24.4363636363636,0.636363636363636,40.3054545454546,0.567272727272727,32.1672727272727,-0.36034556701356,4.33377887552435,0.795218181818182,0.898418181818182,0.852909090909091
108702,66304,42398,0.546759108971091,0.718637604622425,0.624151444459232,7.42909090909091,59.7763636363636,32.7945454545455,1.86181818181818,24.4,0.654545454545455,40.3272727272727,0.585454545454545,32.1709090909091,-0.35213808204386,4.3096059831706,0.795218181818182,0.898418181818182,0.852909090909091
108774,66430,42344,0.546393062234525,0.718453916770014,0.623792211588781,7.39818181818182,59.8181818181818,32.7836363636364,1.84727272727273,24.3963636363636,0.638181818181818,40.3236363636364,0.616363636363636,32.1781818181818,-0.339287731821903,4.2587806799195,0.795218181818182,0.898418181818182,0.852909090909091
108921,66510,42411,0.546491637919257,0.718128896227676,0.623389777814788,7.37636363636364,59.8418181818182,32.7818181818182,1.82363636363636,24.38,0.621818181818182,40.3218181818182,0.650909090909091,32.2018181818182,-0.334149545342238,4.24015382094817,0.795218181818182,0.898418181818182,0.852909090909091
109050,66581,42469,0.546044989194934,0.718101737325333,0.623151868366693,7.32727272727273,59.8818181818182,32.7909090909091,1.80545454545455,24.3636363636364,0.627272727272727,40.3618181818182,0.598181818181818,32.2436363636364,-0.329297521964393,4.22195312055675,0.795218181818182,0.898418181818182,0.852909090909091
109196,66695,42501,0.545351766197415,0.717817377288104,0.622881636900331,7.29454545454545,59.9072727272727,32.7981818181818,1.79818181818182,24.3509090909091,0.590909090909091,40.4163636363636,0.578181818181818,32.2654545454545,-0.321106161668219,4.19181744618849,0.795218181818182,0.898418181818182,0.852909090909091
109272,66775,42497,0.545000813200691,0.717252130390292,0.622677962193541,7.27272727272727,59.9127272727273,32.8145454545455,1.78181818181818,24.3854545454545,0.56,40.4563636363636,0.574545454545455,32.2418181818182,-0.315843402518129,4.15873096422716,0.795218181818182,0.898418181818182,0.852909090909091
109359,66838,42521,0.545028165631229,0.717027513579791,0.62204969642017,7.24727272727273,59.9563636363636,32.7963636363636,1.76545454545455,24.3727272727273,0.590909090909091,40.4509090909091,0.56,32.26,-0.311310397901318,4.1395210461183,0.795218181818182,0.898418181818182,0.852909090909091
109587,66944,42643,0.544757295379619,0.716875669029438,0.621729006814136,7.22727272727273,59.9545454545455,32.8181818181818,1.74727272727273,24.3981818181818,0.543636363636364,40.4618181818182,0.574545454545455,32.2745454545455,-0.302411342835562,4.14169221520424,0.795218181818182,0.898418181818182,0.852909090909091
109769,67017,42752,0.544387650117307,0.716894777767924,0.62148846297179,7.19818181818182,59.9745454545455,32.8272727272727,1.72909090909091,24.4181818181818,0.509090909090909,40.4781818181818,0.545454545454545,32.32,-0.297154349960725,4.12651362310756,0.795218181818182,0.898418181818182,0.852909090909091
109844,67083,42761,0.544004312445355,0.716527285221167,0.621276692606999,7.16363636363636,60.0054545454545,32.8309090909091,1.71454545454545,24.4490909090909,0.514545454545455,40.4418181818182,0.538181818181818,32.3418181818182,-0.292529305883429,4.09473027099263,0.795218181818182,0.898418181818182,0.852909090909091
110096,67140,42956,0.544204993134335,0.716194525322144,0.621084094262964,7.14,60.0181818181818,32.8418181818182,1.69636363636364,24.4254545454545,0.532727272727273,40.4563636363636,0.496363636363636,32.3927272727273,-0.287093605084175,4.11289464560422,0.795218181818182,0.898418181818182,0.852909090909091
110242,67222,43020,0.543845484872448,0.716259062528837,0.620970454032733,7.11272727272727,60.0436363636364,32.8436363636364,1.68545454545455,24.44,0.514545454545455,40.4563636363636,0.5,32.4036363636364,-0.281679553479295,4.08214785890146,0.795218181818182,0.898418181818182,0.852909090909091
110306,67288,43018,0.543314120257787,0.716058400714035,0.620748461861699,7.08181818181818,60.0636363636364,32.8545454545455,1.66363636363636,24.4927272727273,0.483636363636364,40.4327272727273,0.510909090909091,32.4163636363636,-0.278583168831061,4.05816879218275,0.795218181818182,0.898418181818182,0.852909090909091
110437,67383,43054,0.54304620549342,0.71587682912776,0.620758509869491,7.05454545454545,60.0981818181818,32.8472727272727,1.64727272727273,24.4890909090909,0.492727272727273,40.4709090909091,0.463636363636364,32.4363636363636,-0.272111581265926,4.03271474296396,0.795218181818182,0.898418181818182,0.852909090909091
110528,67435,43093,0.542824961127682,0.715782390866804,0.620613087500539,7.02363636363636,60.1109090909091,32.8654545454545,1.62909090909091,24.5290909090909,0.496363636363636,40.4290909090909,0.467272727272727,32.4490909090909,-0.268385654831813,4.01474607857791,0.795218181818182,0.898418181818182,0.852909090909091
110578,67501,43077,0.54231887806639,0.715283870119258,0.62030246836478,6.99454545454545,60.1272727272727,32.8781818181818,1.61818181818182,24.5709090909091,0.467272727272727,40.4072727272727,0.474545454545455,32.4618181818182,-0.264173145930875,3.97807308272882,0.795218181818182,0.898418181818182,0.852909090909091
110808,67576,43232,0.541945339478318,0.715446553280758,0.620377448803169,6.96,60.1618181818182,32.8781818181818,1.59272727272727,24.6418181818182,0.436363636363636,40.3854545454545,0.454545454545454,32.4890909090909,-0.260154124213891,3.98309646086259,0.795218181818182,0.898418181818182,0.852909090909091
110870,67622,43248,0.541758660302695,0.715180070636344,0.620128059314772,6.93818181818182,60.1745454545455,32.8872727272727,1.57454545454545,24.6836363636364,0.405454545454546,40.4054545454546,0.414545454545455,32.5163636363636,-0.256463033553552,3.9492842939767,0.795218181818182,0.898418181818182,0.852909090909091
110872,67687,43185,0.541342457516567,0.715168205646875,0.61985825920884,6.91272727272727,60.2,32.8872727272727,1.55636363636364,24.6981818181818,0.467272727272727,40.34,0.409090909090909,32.5290909090909,-0.249664317647165,3.91363929781047,0.795218181818182,0.898418181818182,0.852909090909091
111014,67725,43289,0.541235995641606,0.714975079019206,0.619651505107831,6.89818181818182,60.2054545454545,32.8963636363636,1.54,24.7818181818182,0.398181818181818,40.3381818181818,0.392727272727273,32.5490909090909,-0.245744370736859,3.89463428042152,0.795218181818182,0.898418181818182,0.852909090909091
111324,67777,43547,0.541425826540097,0.714873911932986,0.619474289552458,6.87090909090909,60.2290909090909,32.9,1.51818181818182,24.8418181818182,0.387272727272727,40.2836363636364,0.401818181818182,32.5672727272727,-0.240678866740993,3.93070161288435,0.795218181818182,0.898418181818182,0.852909090909091
111124,67805,43319,0.540961047034871,0.714459329828531,0.619293660286153,6.85818181818182,60.2345454545455,32.9072727272727,1.50545454545455,24.8890909090909,0.4,40.1909090909091,0.416363636363636,32.5981818181818,-0.238210778810422,3.8469505331733,0.795218181818182,0.898418181818182,0.852909090909091
111166,67851,43315,0.540754336209956,0.714172339839641,0.619102076855776,6.84181818181818,60.2490909090909,32.9090909090909,1.49818181818182,24.9454545454545,0.396363636363636,40.12,0.42,32.62,-0.235615968128497,3.82680682702498,0.795218181818182,0.898418181818182,0.852909090909091
111154,67887,43267,0.540343884171397,0.714144238223353,0.618987641329378,6.82545454545455,60.2636363636364,32.9109090909091,1.48363636363636,24.9890909090909,0.396363636363636,40.0872727272727,0.4,32.6436363636364,-0.233736684664407,3.78844608664513,0.795218181818182,0.898418181818182,0.852909090909091
111290,67916,43374,0.540329672492681,0.713863500578296,0.618792437796532,6.80545454545455,60.2709090909091,32.9236363636364,1.47636363636364,25.0418181818182,0.423636363636364,40.0072727272727,0.378181818181818,32.6727272727273,-0.231499391353943,3.79237283088944,0.795218181818182,0.898418181818182,0.852909090909091
111317,67953,43364,0.539917679278032,0.713971743596897,0.618505365793528,6.78181818181818,60.2945454545455,32.9236363636364,1.46909090909091,25.0854545454545,0.430909090909091,39.9218181818182,0.390909090909091,32.7018181818182,-0.227877970043284,3.75571788061749,0.795218181818182,0.898418181818182,0.852909090909091
111401,67986,43415,0.539687506319646,0.713962705805995,0.618320474682512,6.76,60.32,32.92,1.45636363636364,25.1563636363636,0.385454545454545,39.8818181818182,0.365454545454545,32.7545454545455,-0.226036187471155,3.7468198613687,0.795218181818182,0.898418181818182,0.852909090909091
111558,68017,43541,0.53965008184157,0.713862121187176,0.618292110747697,6.74545454545455,60.3327272727273,32.9218181818182,1.44363636363636,25.2272727272727,0.372727272727273,39.7945454545455,0.354545454545454,32.8072727272727,-0.224254819855493,3.74532762657512,0.795218181818182,0.898418181818182,0.852909090909091
111677,68052,43625,0.539584779068556,0.713773052817289,0.618143804339476,6.73818181818182,60.3454545454545,32.9163636363636,1.43636363636364,25.2581818181818,0.367272727272727,39.7509090909091,0.341818181818182,32.8454545454545,-0.220729696972491,3.73350878032771,0.795218181818182,0.898418181818182,0.852909090909091
111561,68077,43484,0.539366450223986,0.713675674464805,0.617777817779305,6.72181818181818,60.3654545454545,32.9127272727273,1.42545454545455,25.3290909090909,0.358181818181818,39.6654545454545,0.349090909090909,32.8727272727273,-0.218292672665451,3.67754311236468,0.795218181818182,0.898418181818182,0.852909090909091
111609,68109,43500,0.539119552672392,0.713659830828096,0.617664284401907,6.70545454545455,60.3781818181818,32.9163636363636,1.41454545454545,25.3563636363636,0.374545454545455,39.6181818181818,0.312727272727273,32.9236363636364,-0.214469757685649,3.66602372039448,0.795218181818182,0.898418181818182,0.852909090909091
111666,68134,43532,0.539228470319021,0.713610881498126,0.617570859269297,6.69454545454545,60.3836363636364,32.9218181818182,1.40545454545455,25.4072727272727,0.385454545454545,39.5254545454545,0.310909090909091,32.9654545454545,-0.213162413828435,3.65381808064201,0.795218181818182,0.898418181818182,0.852909090909091
111611,68170,43441,0.538587585686429,0.71345506611584,0.617418692938725,6.67818181818182,60.3927272727273,32.9290909090909,1.39636363636364,25.4890909090909,0.352727272727273,39.48,0.289090909090909,32.9927272727273,-0.209430016288322,3.5907635574991,0.795218181818182,0.898418181818182,0.852909090909091
111570,68208,43362,0.538147390643194,0.713502474732872,0.617229569134362,6.65636363636364,60.4181818181818,32.9254545454545,1.38727272727273,25.5436363636364,0.361818181818182,39.3672727272727,0.314545454545455,33.0254545454545,-0.207163885836384,3.54696954840964,0.795218181818182,0.898418181818182,0.852909090909091
111551,68226,43325,0.537943165682039,0.713250720907387,0.617187225011931,6.64,60.4309090909091,32.9290909090909,1.38181818181818,25.5981818181818,0.370909090909091,39.2854545454545,0.303636363636364,33.06,-0.206880050892836,3.51675788299604,0.795218181818182,0.898418181818182,0.852909090909091
111616,68268,43348,0.537922143683331,0.71310887011241,0.616974826989497,6.62727272727273,60.4509090909091,32.9218181818182,1.37636363636364,25.6545454545455,0.350909090909091,39.2127272727273,0.323636363636364,33.0818181818182,-0.203226466504434,3.49596159078858,0.795218181818182,0.898418181818182,0.852909090909091
111645,68292,43353,0.537836136139164,0.71302257951646,0.616868432276766,6.62363636363636,60.4490909090909,32.9272727272727,1.36727272727273,25.6981818181818,0.349090909090909,39.1781818181818,0.303636363636364,33.1036363636364,-0.202164070534689,3.47461292066357,0.795218181818182,0.898418181818182,0.852909090909091
111693,68343,43350,0.53763636343501,0.713023641086033,0.616651871885301,6.60727272727273,60.4781818181818,32.9145454545455,1.35818181818182,25.7618181818182,0.325454545454545,39.1454545454545,0.292727272727273,33.1163636363636,-0.196952067541001,3.44868771244179,0.795218181818182,0.898418181818182,0.852909090909091
111771,68361,43410,0.537821337804857,0.712805216277835,0.616620887404988,6.6,60.4836363636364,32.9163636363636,1.35272727272727,25.8,0.312727272727273,39.0890909090909,0.305454545454545,33.14,-0.196356958213305,3.43585298521952,0.795218181818182,0.898418181818182,0.852909090909091
111818,68378,43440,0.537703731434449,0.712745133782272,0.616401428467287,6.59636363636364,60.4981818181818,32.9054545454545,1.34545454545455,25.8290909090909,0.310909090909091,39.0563636363636,0.265454545454545,33.1927272727273,-0.195495096472388,3.41153470860286,0.795218181818182,0.898418181818182,0.852909090909091
111847,68400,43447,0.537565494797253,0.712655127902826,0.616306458745117,6.58181818181818,60.5163636363636,32.9018181818182,1.32909090909091,25.8745454545455,0.312727272727273,39.0109090909091,0.247272727272727,33.2254545454545,-0.192513805920978,3.39311073869467,0.795218181818182,0.898418181818182,0.852909090909091
111863,68414,43449,0.537601517290813,0.712550708272755,0.616159049783208,6.58,60.52,32.9,1.31818181818182,25.9309090909091,0.312727272727273,38.9381818181818,0.263636363636364,33.2363636363636,-0.191957831374285,3.37216807468371,0.795218181818182,0.898418181818182,0.852909090909091
111784,68437,43347,0.537417202905023,0.712545451268193,0.616038227761223,6.57272727272727,60.5181818181818,32.9090909090909,1.31090909090909,25.9527272727273,0.314545454545455,38.9072727272727,0.249090909090909,33.2654545454545,-0.190742057587274,3.32055788880045,0.795218181818182,0.898418181818182,0.852909090909091
111834,68459,43375,0.537106501282308,0.712492587036731,0.615899493826175,6.56,60.52,32.92,1.29636363636364,26.0018181818182,0.281818181818182,38.8854545454545,0.22,33.3145454545455,-0.18834531228693,3.29585331556472,0.795218181818182,0.898418181818182,0.852909090909091
111900,68486,43414,0.537182178364043,0.712434074401167,0.615774477974325,6.55090909090909,60.5309090909091,32.9181818181818,1.29272727272727,26.0527272727273,0.254545454545455,38.8509090909091,0.205454545454545,33.3436363636364,-0.186671519731383,3.280315270749,0.795218181818182,0.898418181818182,0.852909090909091
111925,68502,43423,0.537045245209167,0.712444610505456,0.615670611561511,6.54363636363636,60.5436363636364,32.9127272727273,1.28181818181818,26.0654545454545,0.267272727272727,38.8109090909091,0.227272727272727,33.3472727272727,-0.186624949623365,3.26185896234079,0.795218181818182,0.898418181818182,0.852909090909091
111929,68520,43409,0.536819946346935,0.712255318407349,0.615663967913422,6.53818181818182,60.5454545454545,32.9163636363636,1.27090909090909,26.0909090909091,0.252727272727273,38.7890909090909,0.241818181818182,33.3545454545455,-0.184640808504032,3.23031606538729,0.795218181818182,0.898418181818182,0.852909090909091
112045,68536,43509,0.536925513745615,0.7121375671104,0.615610405876389,6.53090909090909,60.5472727272727,32.9218181818182,1.26181818181818,26.0909090909091,0.254545454545455,38.7854545454545,0.238181818181818,33.3690909090909,-0.183059885447041,3.23306547403336,0.795218181818182,0.898418181818182,0.852909090909091
112325,68566,43759,0.537207844509881,0.712013516823068,0.615594561688551,6.51272727272727,60.5618181818182,32.9254545454545,1.26,26.0963636363636,0.250909090909091,38.7545454545455,0.267272727272727,33.3709090909091,-0.180681654689199,3.26995582065799,0.795218181818182,0.898418181818182,0.852909090909091
112383,68578,43805,0.5371596951355,0.711944334395178,0.615528375938188,6.50727272727273,60.5636363636364,32.9290909090909,1.24909090909091,26.1363636363636,0.225454545454545,38.7454545454545,0.256363636363636,33.3872727272727,-0.180410913429858,3.26279389208013,0.795218181818182,0.898418181818182,0.852909090909091
112408,68584,43824,0.537047610543981,0.711878867527126,0.615472660571829,6.50363636363636,60.5654545454545,32.9309090909091,1.24545454545455,26.1436363636364,0.265454545454545,38.7018181818182,0.265454545454545,33.3781818181818,-0.179727541975973,3.24750148410147,0.795218181818182,0.898418181818182,0.852909090909091
112179,68596,43583,0.536676824501097,0.711764828336417,0.615434359961646,6.5,60.5636363636364,32.9363636363636,1.24181818181818,26.1545454545455,0.294545454545454,38.6818181818182,0.241818181818182,33.3854545454545,-0.179651953973172,3.17421375323426,0.795218181818182,0.898418181818182,0.852909090909091
112253,68616,43637,0.536559304445529,0.711858250036616,0.615393875647863,6.48909090909091,60.5709090909091,32.94,1.22545454545455,26.1927272727273,0.285454545454545,38.6618181818182,0.241818181818182,33.3927272727273,-0.178864315405107,3.15773918466135,0.795218181818182,0.898418181818182,0.852909090909091
112279,68631,43648,0.536472584654168,0.711776159084467,0.615281898648212,6.48363636363636,60.5727272727273,32.9436363636364,1.22363636363636,26.2218181818182,0.28,38.6509090909091,0.223636363636364,33.4,-0.178010137818373,3.13606511598284,0.795218181818182,0.898418181818182,0.852909090909091
112199,68646,43553,0.536231464225913,0.711707691188957,0.615263070275171,6.47818181818182,60.5763636363636,32.9454545454545,1.21818181818182,26.24,0.269090909090909,38.6363636363636,0.22,33.4163636363636,-0.176854571189985,3.11106164455414,0.795218181818182,0.898418181818182,0.852909090909091
112305,68660,43645,0.536313602871584,0.7115123756054,0.615234203769785,6.47454545454545,60.5709090909091,32.9545454545455,1.21818181818182,26.2563636363636,0.26,38.6254545454546,0.214545454545455,33.4254545454545,-0.174690350453073,3.11297282820398,0.795218181818182,0.898418181818182,0.852909090909091
112291,68674,43617,0.536317417140253,0.711559278116647,0.615278243784267,6.46545454545455,60.5781818181818,32.9563636363636,1.21090909090909,26.2872727272727,0.252727272727273,38.5927272727273,0.214545454545455,33.4418181818182,-0.175326487157409,3.0802078100768,0.795218181818182,0.898418181818182,0.852909090909091
112182,68688,43494,0.535922814851489,0.71140938907925,0.6152530656239,6.45818181818182,60.58,32.9618181818182,1.20727272727273,26.3309090909091,0.221818181818182,38.5563636363636,0.230909090909091,33.4527272727273,-0.173163102416914,3.02800273001194,0.795218181818182,0.898418181818182,0.852909090909091
112257,68714,43543,0.536022013041541,0.711418185630354,0.615095116161924,6.44909090909091,60.6,32.9509090909091,1.19818181818182,26.3418181818182,0.243636363636364,38.5290909090909,0.207272727272727,33.48,-0.169746317580046,3.02571846490557,0.795218181818182,0.898418181818182,0.852909090909091
112266,68721,43545,0.535859908416806,0.711427834847492,0.615168380415825,6.44,60.6090909090909,32.9509090909091,1.19090909090909,26.3927272727273,0.225454545454545,38.4690909090909,0.245454545454545,33.4763636363636,-0.169991374011575,3.003526082364,0.795218181818182,0.898418181818182,0.852909090909091
112297,68733,43564,0.535913362455354,0.711413955295974,0.615128028018309,6.43272727272727,60.6163636363636,32.9509090909091,1.18,26.3981818181818,0.247272727272727,38.4363636363636,0.24,33.4981818181818,-0.168645472637251,2.98739002617923,0.795218181818182,0.898418181818182,0.852909090909091
112269,68745,43524,0.535889021294097,0.711353235513771,0.61500336967925,6.42909090909091,60.62,32.9509090909091,1.17272727272727,26.4054545454545,0.265454545454545,38.4018181818182,0.218181818181818,33.5363636363636,-0.167490530976052,2.97207873355259,0.795218181818182,0.898418181818182,0.852909090909091
112181,68757,43424,0.535865813362247,0.711163573257565,0.615008504807585,6.42727272727273,60.62,32.9527272727273,1.16727272727273,26.4090909090909,0.261818181818182,38.3763636363636,0.227272727272727,33.5581818181818,-0.167294357706454,2.93921312161467,0.795218181818182,0.898418181818182,0.852909090909091
112350,68777,43573,0.536118658088275,0.710924877663199,0.614929031144745,6.42,60.62,32.96,1.15818181818182,26.4436363636364,0.238181818181818,38.3581818181818,0.234545454545455,33.5672727272727,-0.164854040711229,2.95733942254023,0.795218181818182,0.898418181818182,0.852909090909091
112414,68785,43629,0.536097515665091,0.71084683359401,0.614875500551021,6.41818181818182,60.62,32.9618181818182,1.15272727272727,26.46,0.229090909090909,38.3527272727273,0.207272727272727,33.5981818181818,-0.164442741233771,2.94779691343958,0.795218181818182,0.898418181818182,0.852909090909091
112604,68799,43805,0.536095663821944,0.710701552499635,0.614968039452718,6.41818181818182,60.6272727272727,32.9545454545455,1.14545454545455,26.4727272727273,0.203636363636364,38.3672727272727,0.203636363636364,33.6072727272727,-0.163464462744411,2.96576486920769,0.795218181818182,0.898418181818182,0.852909090909091
112684,68815,43869,0.536075901083643,0.710732012227203,0.614921773339016,6.41272727272727,60.6327272727273,32.9545454545455,1.14545454545455,26.4781818181818,0.174545454545455,38.3672727272727,0.205454545454545,33.6290909090909,-0.16246407455553,2.95399803221226,0.795218181818182,0.898418181818182,0.852909090909091
112706,68825,43881,0.536058708201991,0.710691069148251,0.614881473743144,6.40909090909091,60.6363636363636,32.9545454545455,1.13090909090909,26.5,0.187272727272727,38.3254545454545,0.198181818181818,33.6581818181818,-0.161988769588061,2.94249704046683,0.795218181818182,0.898418181818182,0.852909090909091
112764,68841,43923,0.535992033141544,0.710681223724886,0.61485950671278,6.40363636363636,60.6454545454545,32.9509090909091,1.12,26.4763636363636,0.210909090909091,38.2927272727273,0.178181818181818,33.7218181818182,-0.16106367821022,2.9444381066344,0.795218181818182,0.898418181818182,0.852909090909091
112797,68855,43942,0.535977526543349,0.710575392318312,0.61480504899253,6.39636363636364,60.6472727272727,32.9563636363636,1.11818181818182,26.4690909090909,0.203636363636364,38.2818181818182,0.205454545454545,33.7218181818182,-0.159213072027143,2.93703363537788,0.795218181818182,0.898418181818182,0.852909090909091
112837,68859,43978,0.535868606610245,0.710547011118392,0.614800800510408,6.39272727272727,60.6472727272727,32.96,1.11272727272727,26.4818181818182,0.187272727272727,38.2818181818182,0.178181818181818,33.7581818181818,-0.159356478015649,2.92060230862011,0.795218181818182,0.898418181818182,0.852909090909091
112836,68865,43971,0.535827091882201,0.710530606772156,0.614756467673941,6.39090909090909,60.6472727272727,32.9618181818182,1.10363636363636,26.4781818181818,0.209090909090909,38.2636363636364,0.16,33.7854545454545,-0.158567027059193,2.90683691921559,0.795218181818182,0.898418181818182,0.852909090909091
112802,68866,43936,0.535841584625103,0.710489919048001,0.6147762869661,6.38909090909091,60.6472727272727,32.9636363636364,1.09636363636364,26.4763636363636,0.227272727272727,38.2145454545455,0.194545454545455,33.7909090909091,-0.159432391053997,2.88227084482258,0.795218181818182,0.898418181818182,0.852909090909091
112912,68873,44039,0.535876175091145,0.710555065200769,0.614764354299466,6.38,60.6545454545455,32.9654545454545,1.09272727272727,26.48,0.203636363636364,38.2527272727273,0.150909090909091,33.82,-0.159881303186359,2.8884619676254,0.795218181818182,0.898418181818182,0.852909090909091
113015,68893,44122,0.535777476697736,0.710654575543521,0.614790051823148,6.37818181818182,60.6581818181818,32.9636363636364,1.08,26.4890909090909,0.2,38.2309090909091,0.156363636363636,33.8436363636364,-0.158266717452551,2.89866860522465,0.795218181818182,0.898418181818182,0.852909090909091
112957,68898,44059,0.535602274492201,0.710681720988798,0.614735927014334,6.37454545454545,60.6618181818182,32.9636363636364,1.06727272727273,26.5072727272727,0.176363636363636,38.2272727272727,0.158181818181818,33.8636363636364,-0.159324064209035,2.87147547155619,0.795218181818182,0.898418181818182,0.852909090909091
112989,68916,44073,0.53562445289482,0.710574200118319,0.614810376418626,6.36727272727273,60.6690909090909,32.9636363636364,1.06,26.5163636363636,0.18,38.1963636363636,0.16,33.8872727272727,-0.156839309028014,2.86750650961291,0.795218181818182,0.898418181818182,0.852909090909091
113034,68922,44112,0.535748839652155,0.710493748339232,0.61484154588375,6.36545454545455,60.6654545454545,32.9690909090909,1.05090909090909,26.54,0.161818181818182,38.1781818181818,0.174545454545455,33.8945454545455,-0.15615420284554,2.85608127008785,0.795218181818182,0.898418181818182,0.852909090909091
113133,68935,44198,0.535838159570433,0.710322904058192,0.614815203034664,6.35818181818182,60.6672727272727,32.9745454545455,1.04363636363636,26.5418181818182,0.178181818181818,38.16,0.156363636363636,33.92,-0.154184092306109,2.86225958331065,0.795218181818182,0.898418181818182,0.852909090909091
113051,68943,44108,0.535710372209875,0.710322207320921,0.614759321207385,6.35272727272727,60.6745454545455,32.9727272727273,1.03818181818182,26.5454545454545,0.201818181818182,38.12,0.176363636363636,33.9181818181818,-0.15455815791581,2.82995535243641,0.795218181818182,0.898418181818182,0.852909090909091
113077,68947,44130,0.535813387600876,0.710354620919423,0.614645296367913,6.34909090909091,60.68,32.9709090909091,1.03636363636364,26.56,0.192727272727273,38.1236363636364,0.174545454545455,33.9127272727273,-0.155619075751218,2.82925695980137,0.795218181818182,0.898418181818182,0.852909090909091
113125,68960,44165,0.535740308495691,0.710273818548026,0.61461534830685,6.34363636363636,60.6836363636364,32.9727272727273,1.03272727272727,26.5709090909091,0.183636363636364,38.1236363636364,0.165454545454545,33.9236363636364,-0.154405555406331,2.82783759615638,0.795218181818182,0.898418181818182,0.852909090909091
113075,68972,44103,0.535655354622671,0.710319788230991,0.614627075418509,6.33636363636364,60.6927272727273,32.9709090909091,1.02727272727273,26.5763636363636,0.192727272727273,38.0854545454546,0.192727272727273,33.9254545454545,-0.154390473581258,2.80932792533528,0.795218181818182,0.898418181818182,0.852909090909091
113063,68980,44083,0.535473819484953,0.710244247612887,0.614600573116657,6.32909090909091,60.7,32.9709090909091,1.02181818181818,26.6163636363636,0.165454545454545,38.0690909090909,0.183636363636364,33.9436363636364,-0.153726036624919,2.78650460974737,0.795218181818182,0.898418181818182,0.852909090909091
113305,68994,44311,0.535812361437927,0.710280253953417,0.614524519847001,6.32363636363636,60.7072727272727,32.9690909090909,1.02181818181818,26.6381818181818,0.145454545454545,38.0636363636364,0.165454545454545,33.9654545454545,-0.152738674040037,2.81149080016396,0.795218181818182,0.898418181818182,0.852909090909091
113243,69009,44234,0.53574551571936,0.710254627341217,0.614418251688772,6.32181818181818,60.7109090909091,32.9672727272727,1.02,26.6363636363636,0.147272727272727,38.0781818181818,0.154545454545455,33.9636363636364,-0.152249047312018,2.79631696163931,0.795218181818182,0.898418181818182,0.852909090909091
113222,69018,44204,0.535612630910686,0.710271084358811,0.614404065204693,6.31818181818182,60.7181818181818,32.9636363636364,1.01454545454545,26.6309090909091,0.183636363636364,38.0381818181818,0.176363636363636,33.9563636363636,-0.150291700974445,2.78479452476921,0.795218181818182,0.898418181818182,0.852909090909091
113230,69026,44204,0.535546757821363,0.710282598015269,0.614373253572537,6.31454545454546,60.7218181818182,32.9636363636364,1.00727272727273,26.6418181818182,0.183636363636364,38.0309090909091,0.172727272727273,33.9636363636364,-0.149686685724142,2.76890549388799,0.795218181818182,0.898418181818182,0.852909090909091
113255,69039,44216,0.535525190957494,0.710245774037726,0.614290091519117,6.31636363636364,60.72,32.9636363636364,1,26.6545454545455,0.178181818181818,38.04,0.16,33.9672727272727,-0.148448671974157,2.76331365447153,0.795218181818182,0.898418181818182,0.852909090909091
113273,69047,44226,0.535495051289744,0.710186453866807,0.614284093412033,6.31454545454546,60.72,32.9654545454545,0.989090909090909,26.6745454545455,0.194545454545455,38.0072727272727,0.143636363636364,33.9909090909091,-0.147719711061059,2.75115433386104,0.795218181818182,0.898418181818182,0.852909090909091
113279,69051,44228,0.535494832093834,0.710069393190112,0.614198691884772,6.31636363636364,60.7163636363636,32.9672727272727,0.989090909090909,26.7145454545455,0.172727272727273,37.9818181818182,0.147272727272727,33.9945454545455,-0.147730792668352,2.74136039377614,0.795218181818182,0.898418181818182,0.852909090909091
113202,69055,44147,0.535426208072992,0.710001937637439,0.61414914087149,6.31454545454546,60.7181818181818,32.9672727272727,0.987272727272727,26.7309090909091,0.176363636363636,37.9545454545455,0.152727272727273,33.9981818181818,-0.147111989985305,2.71159865151752,0.795218181818182,0.898418181818182,0.852909090909091
113298,69063,44235,0.535420768211129,0.709914136974701,0.614145792862379,6.31090909090909,60.7163636363636,32.9727272727273,0.98,26.76,0.178181818181818,37.94,0.114545454545455,34.0272727272727,-0.146863492339087,2.7160717821934,0.795218181818182,0.898418181818182,0.852909090909091
113224,69063,44161,0.535436404453767,0.709861917200295,0.61415127718679,6.31090909090909,60.7163636363636,32.9727272727273,0.969090909090909,26.8018181818182,0.174545454545455,37.9018181818182,0.143636363636364,34.0090909090909,-0.147225678365,2.69126239960844,0.795218181818182,0.898418181818182,0.852909090909091
113433,69083,44350,0.535630388621672,0.709785874794005,0.614110903877087,6.30727272727273,60.7218181818182,32.9709090909091,0.965454545454546,26.8254545454545,0.167272727272727,37.9,0.14,34.0018181818182,-0.145330963046713,2.72144035498866,0.795218181818182,0.898418181818182,0.852909090909091
113472,69085,44387,0.53563571966453,0.709709940671986,0.61408024423784,6.30909090909091,60.7218181818182,32.9690909090909,0.961818181818182,26.8545454545455,0.132727272727273,37.8945454545455,0.143636363636364,34.0127272727273,-0.145007850946753,2.71453809731386,0.795218181818182,0.898418181818182,0.852909090909091
113408,69091,44317,0.535620816536729,0.709620464971253,0.614061745167311,6.30909090909091,60.72,32.9709090909091,0.954545454545455,26.8727272727273,0.143636363636364,37.8581818181818,0.149090909090909,34.0218181818182,-0.144802645122664,2.69252988540313,0.795218181818182,0.898418181818182,0.852909090909091
113418,69097,44321,0.53557346072989,0.70962322512188,0.61404122375487,6.30181818181818,60.7236363636364,32.9745454545455,0.954545454545455,26.8727272727273,0.154545454545455,37.8527272727273,0.136363636363636,34.0290909090909,-0.144793593915264,2.68414967292073,0.795218181818182,0.898418181818182,0.852909090909091
113394,69102,44292,0.535644704324382,0.709555672400467,0.613876295850146,6.3,60.7290909090909,32.9709090909091,0.952727272727273,26.9163636363636,0.143636363636364,37.8290909090909,0.127272727272727,34.0309090909091,-0.144940856322434,2.66656783221459,0.795218181818182,0.898418181818182,0.852909090909091
113508,69122,44386,0.535716281641149,0.709471840118097,0.614098072299431,6.29636363636364,60.7345454545455,32.9690909090909,0.950909090909091,26.9436363636364,0.14,37.8181818181818,0.129090909090909,34.0181818181818,-0.142137936354001,2.66439647410404,0.795218181818182,0.898418181818182,0.852909090909091
113495,69128,44367,0.535746301600787,0.709473534723494,0.614040664187351,6.29272727272727,60.74,32.9672727272727,0.947272727272727,26.9581818181818,0.143636363636364,37.8218181818182,0.14,33.9890909090909,-0.14175898987239,2.65257309871641,0.795218181818182,0.898418181818182,0.852909090909091
113550,69138,44412,0.535747164876621,0.709496080453671,0.613923712509963,6.29272727272727,60.74,32.9672727272727,0.941818181818182,26.9854545454545,0.129090909090909,37.8327272727273,0.123636363636364,33.9872727272727,-0.141256296212404,2.64569261968136,0.795218181818182,0.898418181818182,0.852909090909091
113522,69150,44372,0.535735503279716,0.70946230877765,0.613919525862969,6.29454545454545,60.7381818181818,32.9672727272727,0.941818181818182,26.9872727272727,0.16,37.7909090909091,0.141818181818182,33.9781818181818,-0.140161162006288,2.63509891249917,0.795218181818182,0.898418181818182,0.852909090909091
113487,69152,44335,0.535737610355079,0.709374537407317,0.613907330670717,6.29454545454545,60.7363636363636,32.9690909090909,0.947272727272727,27.0127272727273,0.136363636363636,37.7981818181818,0.136363636363636,33.9690909090909,-0.140224013307174,2.60985981490124,0.795218181818182,0.898418181818182,0.852909090909091
113351,69152,44199,0.535419346792096,0.709367093385152,0.61392488614135,6.29272727272727,60.7381818181818,32.9690909090909,0.94,27.04,0.147272727272727,37.7581818181818,0.147272727272727,33.9672727272727,-0.140166373476809,2.56473704065112,0.795218181818182,0.898418181818182,0.852909090909091
113377,69162,44215,0.535415831748774,0.709273570971116,0.613888476754256,6.29454545454545,60.7309090909091,32.9745454545455,0.938181818181818,27.0545454545455,0.149090909090909,37.7581818181818,0.152727272727273,33.9472727272727,-0.138278753477657,2.54592412168329,0.795218181818182,0.898418181818182,0.852909090909091
113430,69168,44262,0.535350784633426,0.70923751427483,0.613853373513502,6.29090909090909,60.7309090909091,32.9781818181818,0.930909090909091,27.0763636363636,0.150909090909091,37.7727272727273,0.127272727272727,33.9418181818182,-0.137964211692187,2.54136592755941,0.795218181818182,0.898418181818182,0.852909090909091
113291,69175,44116,0.535322358481274,0.709075861539263,0.613964494743471,6.29090909090909,60.7290909090909,32.98,0.929090909090909,27.0927272727273,0.145454545454545,37.7581818181818,0.132727272727273,33.9418181818182,-0.137328176600435,2.50961016220125,0.795218181818182,0.898418181818182,0.852909090909091
113343,69173,44170,0.53530454116695,0.709110563703395,0.613954308242346,6.28909090909091,60.7290909090909,32.9818181818182,0.925454545454545,27.0872727272727,0.149090909090909,37.7690909090909,0.150909090909091,33.9181818181818,-0.137739034228831,2.51081580932845,0.795218181818182,0.898418181818182,0.852909090909091
113289,69175,44114,0.535176828189948,0.709173102499415,0.613934917425717,6.28363636363636,60.7345454545455,32.9818181818182,0.923636363636364,27.0909090909091,0.161818181818182,37.7709090909091,0.130909090909091,33.9218181818182,-0.138606879667548,2.49434763978828,0.795218181818182,0.898418181818182,0.852909090909091
113324,69180,44144,0.535206296095377,0.709149307997544,0.613918986722756,6.27818181818182,60.7381818181818,32.9836363636364,0.916363636363636,27.1236363636364,0.150909090909091,37.78,0.125454545454545,33.9036363636364,-0.138214077897878,2.48845848359845,0.795218181818182,0.898418181818182,0.852909090909091
113235,69182,44053,0.535194452167574,0.709057555316863,0.613923150130681,6.27818181818182,60.7363636363636,32.9854545454545,0.914545454545455,27.12,0.16,37.7636363636364,0.14,33.9018181818182,-0.138359846224458,2.4591199927032,0.795218181818182,0.898418181818182,0.852909090909091
113319,69190,44129,0.535275188551447,0.709082675112896,0.613906439797234,6.27636363636364,60.7363636363636,32.9872727272727,0.907272727272727,27.1472727272727,0.156363636363636,37.7618181818182,0.129090909090909,33.8981818181818,-0.137892832464158,2.45492860668085,0.795218181818182,0.898418181818182,0.852909090909091
113318,69192,44126,0.535271514269021,0.709024363604459,0.613842020473837,6.27636363636364,60.7363636363636,32.9872727272727,0.903636363636364,27.1690909090909,0.154545454545455,37.7581818181818,0.130909090909091,33.8836363636364,-0.137771363990297,2.44252536649054,0.795218181818182,0.898418181818182,0.852909090909091
113395,69196,44199,0.535357287804961,0.708984624752997,0.613804511234702,6.27454545454545,60.7381818181818,32.9872727272727,0.9,27.1963636363636,0.145454545454545,37.7672727272727,0.114545454545455,33.8763636363636,-0.137315212717195,2.43771133070642,0.795218181818182,0.898418181818182,0.852909090909091
113416,69198,44218,0.535336645383411,0.708982240206091,0.613795941086562,6.27272727272727,60.7381818181818,32.9890909090909,0.896363636363636,27.2,0.152727272727273,37.7727272727273,0.121818181818182,33.8563636363636,-0.137410792688289,2.43500830937516,0.795218181818182,0.898418181818182,0.852909090909091
113434,69202,44232,0.535374594410295,0.70892059959637,0.613839717072863,6.27090909090909,60.74,32.9890909090909,0.894545454545455,27.2236363636364,0.158181818181818,37.7545454545455,0.114545454545455,33.8545454545455,-0.136810985554687,2.42469157976183,0.795218181818182,0.898418181818182,0.852909090909091
113353,69212,44141,0.535330412745351,0.708749058434802,0.613805778154457,6.26909090909091,60.7381818181818,32.9927272727273,0.887272727272727,27.2381818181818,0.172727272727273,37.7309090909091,0.110909090909091,33.86,-0.136196818122302,2.39424324225296,0.795218181818182,0.898418181818182,0.852909090909091
113375,69215,44160,0.535203040998744,0.708786449078355,0.613790274046039,6.26727272727273,60.74,32.9927272727273,0.887272727272727,27.26,0.169090909090909,37.7054545454545,0.12,33.8581818181818,-0.135295627143403,2.38800569650802,0.795218181818182,0.898418181818182,0.852909090909091
113431,69224,44207,0.535060345286559,0.708752554589929,0.613779969863315,6.26,60.7436363636364,32.9963636363636,0.883636363636364,27.2927272727273,0.138181818181818,37.7145454545455,0.12,33.8509090909091,-0.134271947335748,2.38534848866138,0.795218181818182,0.898418181818182,0.852909090909091
113405,69228,44177,0.53505496032265,0.708685977880614,0.613742289730626,6.26,60.7418181818182,32.9981818181818,0.88,27.2963636363636,0.150909090909091,37.6963636363636,0.114545454545455,33.8618181818182,-0.133593771604567,2.3679665568835,0.795218181818182,0.898418181818182,0.852909090909091
113412,69232,44180,0.535049827985121,0.708606248926288,0.613751388695717,6.25454545454545,60.7472727272727,32.9981818181818,0.876363636363636,27.3236363636364,0.136363636363636,37.6654545454545,0.129090909090909,33.8690909090909,-0.13342932238434,2.35718072091933,0.795218181818182,0.898418181818182,0.852909090909091
113455,69234,44221,0.535021939134949,0.708539436588358,0.613777967724231,6.25272727272727,60.7472727272727,33,0.870909090909091,27.3654545454545,0.129090909090909,37.6290909090909,0.123636363636364,33.8818181818182,-0.133221299526155,2.35026550770192,0.795218181818182,0.898418181818182,0.852909090909091
113511,69238,44273,0.534976180344152,0.708672614416256,0.61377608472714,6.25090909090909,60.7472727272727,33.0018181818182,0.861818181818182,27.3818181818182,0.14,37.6145454545455,0.125454545454545,33.8763636363636,-0.133232338276734,2.34854962610724,0.795218181818182,0.898418181818182,0.852909090909091
113521,69247,44274,0.534992850401867,0.708552676701796,0.61377826977431,6.24909090909091,60.7418181818182,33.0090909090909,0.858181818181818,27.3945454545455,0.136363636363636,37.6,0.121818181818182,33.8890909090909,-0.133690905055582,2.33573891361329,0.795218181818182,0.898418181818182,0.852909090909091
113509,69251,44258,0.53498846071265,0.708403475881866,0.613750935125293,6.24909090909091,60.7381818181818,33.0127272727273,0.858181818181818,27.4145454545455,0.14,37.5890909090909,0.101818181818182,33.8963636363636,-0.132610402085861,2.31699711135165,0.795218181818182,0.898418181818182,0.852909090909091
113544,69261,44283,0.534878104073378,0.708382402133954,0.613641573352016,6.24545454545455,60.7472727272727,33.0072727272727,0.858181818181818,27.4454545454545,0.110909090909091,37.5963636363636,0.0909090909090909,33.8981818181818,-0.132195705166933,2.30728230650791,0.795218181818182,0.898418181818182,0.852909090909091
113531,69265,44266,0.534864532984366,0.708271250935391,0.613640210434166,6.24,60.7509090909091,33.0090909090909,0.858181818181818,27.4781818181818,0.103636363636364,37.5654545454545,0.0909090909090909,33.9036363636364,-0.132195029065902,2.291611950218,0.795218181818182,0.898418181818182,0.852909090909091
113487,69269,44218,0.534871811853501,0.708179559051758,0.613582219026358,6.24,60.7527272727273,33.0072727272727,0.854545454545454,27.4909090909091,0.112727272727273,37.5381818181818,0.0872727272727273,33.9163636363636,-0.132185956992246,2.2696409416131,0.795218181818182,0.898418181818182,0.852909090909091
113506,69275,44231,0.534739430898754,0.708238626755829,0.61360139326079,6.23636363636364,60.7509090909091,33.0127272727273,0.854545454545454,27.5036363636364,0.107272727272727,37.5218181818182,0.0981818181818182,33.9145454545455,-0.131680861661549,2.25721624871208,0.795218181818182,0.898418181818182,0.852909090909091
113545,69277,44268,0.53474513924981,0.708229056480059,0.613604201880591,6.23272727272727,60.7545454545455,33.0127272727273,0.849090909090909,27.52,0.105454545454545,37.5163636363636,0.1,33.9090909090909,-0.131417730994078,2.25776387649504,0.795218181818182,0.898418181818182,0.852909090909091
113562,69282,44280,0.53466448308818,0.708113280218352,0.613545911744164,6.23090909090909,60.7545454545455,33.0145454545455,0.845454545454545,27.5327272727273,0.114545454545455,37.5109090909091,0.08,33.9163636363636,-0.130243256526063,2.24922123712022,0.795218181818182,0.898418181818182,0.852909090909091
113510,69283,44227,0.534592497263809,0.708147011221272,0.613536916095572,6.22909090909091,60.7563636363636,33.0145454545455,0.84,27.5563636363636,0.121818181818182,37.4909090909091,0.0763636363636364,33.9145454545455,-0.131394831721793,2.22499504075809,0.795218181818182,0.898418181818182,0.852909090909091
113680,69293,44387,0.534691812128749,0.708142553185388,0.613696637224976,6.22545454545455,60.76,33.0145454545455,0.838181818181818,27.5763636363636,0.12,37.4654545454545,0.0818181818181818,33.9181818181818,-0.13033274229264,2.24215531388975,0.795218181818182,0.898418181818182,0.852909090909091
113637,69307,44330,0.534646548192942,0.708020618649129,0.613644423556976,6.22,60.7636363636364,33.0163636363636,0.836363636363636,27.6036363636364,0.138181818181818,37.4090909090909,0.0963636363636364,33.9163636363636,-0.12794152783013,2.23077983079393,0.795218181818182,0.898418181818182,0.852909090909091
113562,69311,44251,0.534654348783829,0.707900066025426,0.613639437091689,6.22,60.76,33.02,0.836363636363636,27.62,0.127272727272727,37.3909090909091,0.101818181818182,33.9236363636364,-0.127848043061782,2.20980511617169,0.795218181818182,0.898418181818182,0.852909090909091
113561,69313,44248,0.534654854119249,0.707853314850547,0.613609072977928,6.22,60.7618181818182,33.0181818181818,0.836363636363636,27.6545454545455,0.121818181818182,37.3454545454545,0.0927272727272727,33.9490909090909,-0.127702505951774,2.19585414006036,0.795218181818182,0.898418181818182,0.852909090909091
113547,69313,44234,0.534610587610155,0.707871287327492,0.613538978369193,6.21818181818182,60.7654545454546,33.0163636363636,0.836363636363636,27.6781818181818,0.110909090909091,37.3290909090909,0.0781818181818182,33.9672727272727,-0.12777148945937,2.17947515674697,0.795218181818182,0.898418181818182,0.852909090909091
113725,69317,44408,0.534684319925705,0.707885000942467,0.61360698620344,6.21818181818182,60.7654545454546,33.0163636363636,0.823636363636364,27.7054545454545,0.105454545454545,37.32,0.0909090909090909,33.9545454545455,-0.127602006091911,2.20079120157541,0.795218181818182,0.898418181818182,0.852909090909091
113691,69324,44367,0.534716084085829,0.707898847476347,0.613601550744287,6.22,60.7672727272727,33.0127272727273,0.823636363636364,27.7109090909091,0.107272727272727,37.3036363636364,0.0854545454545454,33.9690909090909,-0.125907772032158,2.18708658930846,0.795218181818182,0.898418181818182,0.852909090909091
113767,69329,44438,0.534695514681919,0.707877848676588,0.6136096357831,6.21636363636364,60.7672727272727,33.0163636363636,0.82,27.7345454545455,0.101818181818182,37.2818181818182,0.0927272727272727,33.9690909090909,-0.126392069859271,2.18341716300611,0.795218181818182,0.898418181818182,0.852909090909091
113660,69331,44329,0.534656328995905,0.707645092730625,0.613544480520049,6.21454545454545,60.7654545454546,33.02,0.818181818181818,27.7527272727273,0.0963636363636364,37.2454545454545,0.0927272727272727,33.9945454545455,-0.12539401993973,2.15713549694046,0.795218181818182,0.898418181818182,0.852909090909091
113635,69337,44298,0.534578122651668,0.707676578305701,0.613463981519479,6.21090909090909,60.7727272727273,33.0163636363636,0.812727272727273,27.7618181818182,0.1,37.2381818181818,0.0836363636363636,34.0036363636364,-0.125021080429592,2.14233436997641,0.795218181818182,0.898418181818182,0.852909090909091
113646,69343,44303,0.534517173210788,0.707728612582743,0.613477525611555,6.20363636363636,60.78,33.0163636363636,0.809090909090909,27.7818181818182,0.103636363636364,37.2109090909091,0.0945454545454545,34,-0.124690664334842,2.14228376990862,0.795218181818182,0.898418181818182,0.852909090909091
113784,69347,44437,0.534794811380693,0.70762351436583,0.613455809063136,6.2,60.7818181818182,33.0181818181818,0.805454545454545,27.8090909090909,0.0981818181818182,37.1745454545455,0.1,34.0127272727273,-0.124349209361323,2.15385760887611,0.795218181818182,0.898418181818182,0.852909090909091
113726,69349,44377,0.534667632509368,0.707629265555349,0.613463213064902,6.19818181818182,60.7818181818182,33.02,0.803636363636364,27.82,0.107272727272727,37.1363636363636,0.0890909090909091,34.0436363636364,-0.12426248975495,2.14240393923934,0.795218181818182,0.898418181818182,0.852909090909091
113818,69351,44467,0.534635598587619,0.707696481469069,0.613468594590662,6.19636363636364,60.7872727272727,33.0163636363636,0.801818181818182,27.8309090909091,0.110909090909091,37.1054545454545,0.0945454545454545,34.0563636363636,-0.12481671907431,2.14668242198161,0.795218181818182,0.898418181818182,0.852909090909091
113737,69352,44385,0.534548874856094,0.707617877148845,0.613471641569991,6.19636363636364,60.7872727272727,33.0163636363636,0.801818181818182,27.8436363636364,0.109090909090909,37.0890909090909,0.0890909090909091,34.0672727272727,-0.123979818668555,2.12796193093739,0.795218181818182,0.898418181818182,0.852909090909091
113637,69367,44270,0.534475999546849,0.707585401137377,0.613567139538872,6.19272727272727,60.7981818181818,33.0090909090909,0.794545454545455,27.88,0.0890909090909091,37.0527272727273,0.0909090909090909,34.0927272727273,-0.123636972703653,2.10837275052697,0.795218181818182,0.898418181818182,0.852909090909091
113658,69367,44291,0.534543165322122,0.707531473588322,0.613479093370807,6.19636363636364,60.7945454545455,33.0090909090909,0.792727272727273,27.8945454545455,0.0818181818181818,37.0345454545455,0.0854545454545454,34.1109090909091,-0.123229835112116,2.10495605254969,0.795218181818182,0.898418181818182,0.852909090909091
113730,69375,44355,0.534548653626976,0.707401617441549,0.613461154299119,6.19636363636364,60.7909090909091,33.0127272727273,0.794545454545455,27.8909090909091,0.0909090909090909,37.0090909090909,0.0781818181818182,34.1363636363636,-0.122375394979198,2.09946305980821,0.795218181818182,0.898418181818182,0.852909090909091
113736,69379,44357,0.534508209619162,0.707353915542082,0.613561058278689,6.19454545454545,60.7927272727273,33.0127272727273,0.792727272727273,27.9181818181818,0.0890909090909091,36.9527272727273,0.0909090909090909,34.1563636363636,-0.122150918713801,2.08588500545275,0.795218181818182,0.898418181818182,0.852909090909091
114016,69385,44631,0.534821800665166,0.707299046106446,0.613564991769519,6.19272727272727,60.7909090909091,33.0163636363636,0.781818181818182,27.9454545454545,0.0909090909090909,36.9163636363636,0.0927272727272727,34.1727272727273,-0.121356743536671,2.10463277562521,0.795218181818182,0.898418181818182,0.852909090909091
114069,69397,44672,0.534752538536936,0.707423544184686,0.613531315337232,6.18727272727273,60.7963636363636,33.0163636363636,0.78,27.9454545454545,0.103636363636364,36.8854545454545,0.0872727272727273,34.1981818181818,-0.120542252181423,2.10467499098529,0.795218181818182,0.898418181818182,0.852909090909091
114133,69399,44734,0.53478503299616,0.707393721453171,0.613494690234468,6.18727272727273,60.7981818181818,33.0145454545455,0.769090909090909,27.9763636363636,0.0981818181818182,36.84,0.0963636363636364,34.22,-0.120567382685179,2.09331150085623,0.795218181818182,0.898418181818182,0.852909090909091
114162,69409,44753,0.534666876893061,0.707413690675432,0.613390004400255,6.18181818181818,60.8090909090909,33.0090909090909,0.765454545454545,27.9890909090909,0.101818181818182,36.8145454545455,0.0690909090909091,34.26,-0.119889116890474,2.09069512899838,0.795218181818182,0.898418181818182,0.852909090909091
114250,69416,44834,0.534598794680825,0.70746699752527,0.613331313722842,6.17818181818182,60.8109090909091,33.0109090909091,0.758181818181818,27.9854545454545,0.110909090909091,36.7854545454545,0.0836363636363636,34.2763636363636,-0.118652890124014,2.09400086499094,0.795218181818182,0.898418181818182,0.852909090909091
114112,69418,44694,0.534593226586612,0.70732451709698,0.613275050239278,6.17818181818182,60.8109090909091,33.0109090909091,0.756363636363636,27.9909090909091,0.0963636363636364,36.78,0.0872727272727273,34.2890909090909,-0.11849494713692,2.06748248328328,0.795218181818182,0.898418181818182,0.852909090909091
114136,69423,44713,0.53454314952128,0.707272696150133,0.613263923175726,6.17636363636364,60.8109090909091,33.0127272727273,0.74,27.9981818181818,0.1,36.7618181818182,0.0927272727272727,34.3072727272727,-0.117132154224435,2.0611869449759,0.795218181818182,0.898418181818182,0.852909090909091
114169,69423,44746,0.534626537748832,0.707188892478637,0.613309775657522,6.17636363636364,60.8090909090909,33.0145454545455,0.729090909090909,28.0127272727273,0.0818181818181818,36.7418181818182,0.101818181818182,34.3327272727273,-0.117308658558283,2.05107064074632,0.795218181818182,0.898418181818182,0.852909090909091
114184,69423,44761,0.534621914752732,0.707191097978916,0.613276037020225,6.17636363636364,60.8109090909091,33.0127272727273,0.727272727272727,28.0218181818182,0.0727272727272727,36.7254545454545,0.0836363636363636,34.3690909090909,-0.117493918748567,2.04554915012294,0.795218181818182,0.898418181818182,0.852909090909091
114175,69423,44752,0.534613602840191,0.707136141799076,0.613225192285432,6.17636363636364,60.8072727272727,33.0163636363636,0.725454545454545,28.0145454545455,0.0927272727272727,36.7018181818182,0.0818181818181818,34.3836363636364,-0.117745126049902,2.02836614607156,0.795218181818182,0.898418181818182,0.852909090909091
114198,69428,44770,0.534587061937865,0.707147182557133,0.61316645848301,6.17272727272727,60.8127272727273,33.0145454545455,0.723636363636364,28.0163636363636,0.0854545454545454,36.6854545454545,0.0818181818181818,34.4072727272727,-0.117939769979884,2.020497796512,0.795218181818182,0.898418181818182,0.852909090909091
114065,69432,44633,0.534457317898818,0.707116024191872,0.61317223424847,6.17090909090909,60.8127272727273,33.0163636363636,0.721818181818182,28.0145454545455,0.0927272727272727,36.6509090909091,0.0981818181818182,34.4218181818182,-0.117730973211556,1.9868912704289,0.795218181818182,0.898418181818182,0.852909090909091
114044,69428,44616,0.534546547299442,0.706996440643486,0.6131834733602,6.17090909090909,60.8109090909091,33.0181818181818,0.725454545454545,28.0163636363636,0.0818181818181818,36.6490909090909,0.0836363636363636,34.4436363636364,-0.119087199669395,1.97737235471776,0.795218181818182,0.898418181818182,0.852909090909091
114080,69433,44647,0.534522582611309,0.706988730131978,0.613158455282144,6.17090909090909,60.8072727272727,33.0218181818182,0.725454545454545,28.0072727272727,0.0727272727272727,36.64,0.0890909090909091,34.4654545454545,-0.11693705563706,1.96792025225322,0.795218181818182,0.898418181818182,0.852909090909091
114179,69449,44730,0.534482021634089,0.706882783908755,0.613374770993411,6.16909090909091,60.8072727272727,33.0236363636364,0.727272727272727,27.9945454545455,0.0763636363636364,36.6381818181818,0.0890909090909091,34.4745454545455,-0.115057481788046,1.969090466468,0.795218181818182,0.898418181818182,0.852909090909091
114235,69452,44783,0.534458167502062,0.706917154190236,0.613374104199385,6.16545454545455,60.8109090909091,33.0236363636364,0.727272727272727,27.9963636363636,0.0709090909090909,36.6490909090909,0.0563636363636364,34.5,-0.115999283341675,1.97343476505696,0.795218181818182,0.898418181818182,0.852909090909091
114173,69456,44717,0.534425601823317,0.706903238354588,0.613426294341255,6.16363636363636,60.8145454545455,33.0218181818182,0.716363636363636,28.0054545454545,0.0636363636363636,36.6345454545455,0.0745454545454545,34.5054545454545,-0.115573155793986,1.96189165716906,0.795218181818182,0.898418181818182,0.852909090909091
114162,69455,44707,0.534411363134416,0.706852637324836,0.613432770853901,6.16545454545455,60.8109090909091,33.0236363636364,0.716363636363636,27.9963636363636,0.0581818181818182,36.6363636363636,0.0836363636363636,34.5090909090909,-0.114716573911243,1.9523527906361,0.795218181818182,0.898418181818182,0.852909090909091
114334,69459,44875,0.53464399247746,0.706810873047135,0.613436287841589,6.16363636363636,60.8109090909091,33.0254545454545,0.710909090909091,27.9781818181818,0.0781818181818182,36.6309090909091,0.0854545454545454,34.5163636363636,-0.114478039787156,1.96719183633951,0.795218181818182,0.898418181818182,0.852909090909091
114371,69459,44912,0.53467573118763,0.70682114429751,0.61340615640889,6.16545454545455,60.8109090909091,33.0236363636364,0.710909090909091,27.9727272727273,0.0763636363636364,36.6272727272727,0.0836363636363636,34.5290909090909,-0.114767547283554,1.96235945587131,0.795218181818182,0.898418181818182,0.852909090909091
114432,69457,44975,0.534707624660652,0.706759171380737,0.613425665763401,6.16727272727273,60.8109090909091,33.0218181818182,0.705454545454545,27.9781818181818,0.0672727272727273,36.6327272727273,0.0818181818181818,34.5345454545455,-0.115914770790286,1.96755021845668,0.795218181818182,0.898418181818182,0.852909090909091
114432,69456,44976,0.534705114736821,0.706799986412408,0.613427358142328,6.16727272727273,60.8127272727273,33.02,0.698181818181818,27.9727272727273,0.0672727272727273,36.6363636363636,0.0781818181818182,34.5472727272727,-0.116888451397774,1.96071934251707,0.795218181818182,0.898418181818182,0.852909090909091
114477,69456,45021,0.534710530406887,0.706806541056853,0.613433958043809,6.16909090909091,60.8109090909091,33.02,0.696363636363636,27.9654545454545,0.0654545454545455,36.6454545454545,0.1,34.5272727272727,-0.117076834185917,1.95208541739901,0.795218181818182,0.898418181818182,0.852909090909091
114313,69456,44857,0.534708975876703,0.706775328036538,0.613332178936792,6.16727272727273,60.8145454545455,33.0181818181818,0.687272727272727,27.9818181818182,0.0563636363636364,36.6472727272727,0.0872727272727273,34.54,-0.117565885657545,1.92366133239967,0.795218181818182,0.898418181818182,0.852909090909091
114323,69454,44869,0.534708047057752,0.706814528061589,0.61329369509175,6.16727272727273,60.8163636363636,33.0163636363636,0.681818181818182,27.9872727272727,0.0527272727272727,36.64,0.0890909090909091,34.5490909090909,-0.117826130014807,1.91831029731442,0.795218181818182,0.898418181818182,0.852909090909091
114303,69459,44844,0.534679165348495,0.706749749783866,0.613290359565511,6.16545454545455,60.8145454545455,33.02,0.674545454545455,27.9909090909091,0.0672727272727273,36.6163636363636,0.0818181818181818,34.5690909090909,-0.116189341168898,1.90734601423822,0.795218181818182,0.898418181818182,0.852909090909091
114369,69458,44911,0.534683246452234,0.706786697219371,0.613283620119359,6.16545454545455,60.8127272727273,33.0218181818182,0.669090909090909,28,0.0654545454545455,36.5981818181818,0.0745454545454545,34.5927272727273,-0.115755798342368,1.91248466279358,0.795218181818182,0.898418181818182,0.852909090909091
114373,69465,44908,0.534653053526817,0.706847550314878,0.613190783998993,6.16,60.82,33.02,0.669090909090909,28.0254545454545,0.0509090909090909,36.5818181818182,0.0763636363636364,34.5963636363636,-0.11618742945866,1.90496970234777,0.795218181818182,0.898418181818182,0.852909090909091
114325,69465,44860,0.53466543385459,0.706820695809387,0.613188633327292,6.16,60.82,33.02,0.665454545454545,28.04,0.0672727272727273,36.5527272727273,0.0672727272727273,34.6072727272727,-0.116392078010937,1.88722582940351,0.795218181818182,0.898418181818182,0.852909090909091
114345,69469,44876,0.534639638732189,0.706791833208944,0.613184318219463,6.15818181818182,60.8181818181818,33.0236363636364,0.663636363636364,28.0581818181818,0.0654545454545455,36.5581818181818,0.0545454545454545,34.6,-0.115773909633307,1.87702589212832,0.795218181818182,0.898418181818182,0.852909090909091
114667,69471,45196,0.534668233093634,0.706931417132358,0.613273446500813,6.15818181818182,60.8181818181818,33.0236363636364,0.66,28.0563636363636,0.0709090909090909,36.5563636363636,0.06,34.5963636363636,-0.115618384774743,1.92319200637496,0.795218181818182,0.898418181818182,0.852909090909091
114697,69475,45222,0.534609334539888,0.706834535432836,0.613239706235602,6.15636363636364,60.8218181818182,33.0218181818182,0.656363636363636,28.0763636363636,0.06,36.5327272727273,0.06,34.6145454545455,-0.115419539466596,1.91821648329496,0.795218181818182,0.898418181818182,0.852909090909091
114726,69481,45245,0.534740298498604,0.706752988202776,0.613160433300357,6.15636363636364,60.8218181818182,33.0218181818182,0.652727272727273,28.0890909090909,0.06,36.5290909090909,0.0636363636363636,34.6054545454545,-0.11398768125721,1.90619445797903,0.795218181818182,0.898418181818182,0.852909090909091
114673,69481,45192,0.534657333004753,0.706724837065305,0.613193651207876,6.15636363636364,60.82,33.0236363636364,0.654545454545455,28.1,0.0654545454545455,36.5090909090909,0.0690909090909091,34.6018181818182,-0.114180310153725,1.88243814677169,0.795218181818182,0.898418181818182,0.852909090909091
114704,69482,45222,0.534734123866921,0.706705956229674,0.613196532884907,6.15636363636364,60.82,33.0236363636364,0.652727272727273,28.1290909090909,0.0618181818181818,36.4763636363636,0.0727272727272727,34.6072727272727,-0.113079953847178,1.8860164667903,0.795218181818182,0.898418181818182,0.852909090909091
114659,69482,45177,0.534756603476456,0.706628901097217,0.613225458564875,6.15636363636364,60.8181818181818,33.0254545454545,0.654545454545455,28.1581818181818,0.0636363636363636,36.4327272727273,0.0854545454545454,34.6054545454545,-0.113681940949358,1.87021114398641,0.795218181818182,0.898418181818182,0.852909090909091
114804,69484,45320,0.534767100178366,0.706612165778274,0.61323012874628,6.15636363636364,60.8163636363636,33.0272727272727,0.654545454545455,28.1745454545455,0.0527272727272727,36.4345454545455,0.0690909090909091,34.6145454545455,-0.113741745031042,1.87938494560393,0.795218181818182,0.898418181818182,0.852909090909091
114717,69488,45229,0.534709333721044,0.706531089592762,0.613232080867782,6.15454545454545,60.8181818181818,33.0272727272727,0.649090909090909,28.2109090909091,0.0545454545454545,36.4,0.0709090909090909,34.6145454545455,-0.113670301442008,1.8508585005152,0.795218181818182,0.898418181818182,0.852909090909091
114709,69493,45216,0.534735338056114,0.706572127910117,0.613266628449192,6.15090909090909,60.8236363636364,33.0254545454545,0.645454545454546,28.2254545454545,0.0763636363636364,36.3890909090909,0.0509090909090909,34.6127272727273,-0.114563080569893,1.83594554684718,0.795218181818182,0.898418181818182,0.852909090909091
114742,69491,45251,0.534638390474684,0.706550083301487,0.6132564096946,6.15272727272727,60.82,33.0272727272727,0.645454545454546,28.2581818181818,0.06,36.38,0.0563636363636364,34.6,-0.114511141842046,1.82756859162314,0.795218181818182,0.898418181818182,0.852909090909091
114699,69490,45209,0.534644899981778,0.706487287082966,0.61320446431292,6.15272727272727,60.82,33.0272727272727,0.643636363636364,28.2872727272727,0.0527272727272727,36.3636363636364,0.0618181818181818,34.5909090909091,-0.113753888281115,1.81571599675438,0.795218181818182,0.898418181818182,0.852909090909091
114735,69488,45247,0.534651880771334,0.706476457677147,0.613195714574927,6.15272727272727,60.82,33.0272727272727,0.641818181818182,28.3236363636364,0.0509090909090909,36.3345454545455,0.0490909090909091,34.6,-0.114138534589305,1.81532337041572,0.795218181818182,0.898418181818182,0.852909090909091
114834,69494,45340,0.534784003080511,0.706495027395024,0.613104563615528,6.15090909090909,60.82,33.0290909090909,0.638181818181818,28.3436363636364,0.0509090909090909,36.3290909090909,0.0490909090909091,34.5890909090909,-0.114124467037883,1.82276675633409,0.795218181818182,0.898418181818182,0.852909090909091
114825,69498,45327,0.534794321347771,0.706485707909325,0.613148589796499,6.15090909090909,60.8218181818182,33.0272727272727,0.636363636363636,28.3763636363636,0.0472727272727273,36.3090909090909,0.0636363636363636,34.5672727272727,-0.113652360437052,1.81488924019716,0.795218181818182,0.898418181818182,0.852909090909091
114761,69504,45257,0.534756997036439,0.70647579405405,0.613163945342404,6.14727272727273,60.8290909090909,33.0236363636364,0.638181818181818,28.4018181818182,0.0581818181818182,36.2890909090909,0.06,34.5527272727273,-0.113703143447823,1.79828722261908,0.795218181818182,0.898418181818182,0.852909090909091
114718,69502,45216,0.534620237778706,0.706533851577784,0.61310242341724,6.14181818181818,60.8345454545455,33.0236363636364,0.636363636363636,28.4436363636364,0.06,36.2472727272727,0.0709090909090909,34.5418181818182,-0.114520732334164,1.77213103644211,0.795218181818182,0.898418181818182,0.852909090909091
114701,69502,45199,0.534625953480988,0.70650124412686,0.613060165409568,6.14181818181818,60.8363636363636,33.0218181818182,0.634545454545455,28.4818181818182,0.0709090909090909,36.2072727272727,0.08,34.5254545454545,-0.114274392273298,1.76217425130308,0.795218181818182,0.898418181818182,0.852909090909091
114766,69514,45252,0.534599273556425,0.706537311265879,0.613121560691329,6.14,60.8418181818182,33.0181818181818,0.632727272727273,28.5109090909091,0.0618181818181818,36.2109090909091,0.0709090909090909,34.5127272727273,-0.113068348604164,1.76379133999686,0.795218181818182,0.898418181818182,0.852909090909091
114637,69510,45127,0.534590070394506,0.706470045586157,0.613130122118849,6.13818181818182,60.8418181818182,33.02,0.630909090909091,28.5381818181818,0.0745454545454545,36.2072727272727,0.0581818181818182,34.4909090909091,-0.113540044544259,1.73434694240039,0.795218181818182,0.898418181818182,0.852909090909091
114686,69510,45176,0.534660162524607,0.706437153316078,0.613089065890981,6.14,60.84,33.02,0.623636363636364,28.5763636363636,0.0654545454545455,36.1963636363636,0.06,34.4781818181818,-0.113470071194884,1.73444962709803,0.795218181818182,0.898418181818182,0.852909090909091
114531,69517,45014,0.534462631329743,0.706333738324603,0.613097394647486,6.14,60.84,33.02,0.621818181818182,28.6072727272727,0.0636363636363636,36.1781818181818,0.0690909090909091,34.46,-0.113280064929859,1.71352693936364,0.795218181818182,0.898418181818182,0.852909090909091
114611,69517,45094,0.534458138002398,0.706396382918234,0.613017746780467,6.14,60.8418181818182,33.0181818181818,0.618181818181818,28.6327272727273,0.0781818181818182,36.1581818181818,0.0636363636363636,34.4490909090909,-0.113374501158912,1.71145875315097,0.795218181818182,0.898418181818182,0.852909090909091
114584,69512,45072,0.534497074360205,0.706373785812044,0.612824151553422,6.14363636363636,60.8363636363636,33.02,0.614545454545455,28.6690909090909,0.0709090909090909,36.1454545454545,0.0527272727272727,34.4472727272727,-0.113316543042178,1.69681186677719,0.795218181818182,0.898418181818182,0.852909090909091
114535,69510,45025,0.534541060071409,0.706323213051604,0.612830504727917,6.14545454545455,60.8327272727273,33.0218181818182,0.612727272727273,28.7181818181818,0.0527272727272727,36.1345454545455,0.06,34.4218181818182,-0.114220752653438,1.6875617005947,0.795218181818182,0.898418181818182,0.852909090909091
114520,69508,45012,0.534390317780239,0.706330421823185,0.612826364885164,6.14545454545455,60.8327272727273,33.0218181818182,0.610909090909091,28.7381818181818,0.0581818181818182,36.12,0.0727272727272727,34.4,-0.114580413553366,1.67170047966594,0.795218181818182,0.898418181818182,0.852909090909091
114644,69518,45126,0.534480511283595,0.706298212311812,0.612993866723932,6.14363636363636,60.8345454545455,33.0218181818182,0.610909090909091,28.7672727272727,0.0618181818181818,36.1290909090909,0.0618181818181818,34.3690909090909,-0.113165630914657,1.68592642923309,0.795218181818182,0.898418181818182,0.852909090909091
114459,69520,44939,0.53452000959069,0.706200317892429,0.612786071758996,6.14727272727273,60.8345454545455,33.0181818181818,0.609090909090909,28.8,0.06,36.1218181818182,0.0690909090909091,34.34,-0.112405213461104,1.63977908183905,0.795218181818182,0.898418181818182,0.852909090909091
114418,69524,44894,0.534662303993894,0.70620518549362,0.612728875645577,6.14,60.8436363636364,33.0163636363636,0.610909090909091,28.82,0.0618181818181818,36.1127272727273,0.0672727272727273,34.3272727272727,-0.112063204563509,1.62728352795609,0.795218181818182,0.898418181818182,0.852909090909091
114615,69528,45087,0.534625169537197,0.706243070280342,0.612711394262914,6.13818181818182,60.8436363636364,33.0181818181818,0.610909090909091,28.8418181818182,0.0636363636363636,36.1272727272727,0.0527272727272727,34.3036363636364,-0.111678760630126,1.63682964671065,0.795218181818182,0.898418181818182,0.852909090909091
114663,69532,45131,0.53476469495039,0.706230536100199,0.612676217089197,6.13818181818182,60.8454545454545,33.0163636363636,0.607272727272727,28.8763636363636,0.0490909090909091,36.12,0.0636363636363636,34.2836363636364,-0.111416789895421,1.63813290143894,0.795218181818182,0.898418181818182,0.852909090909091
114457,69534,44923,0.53480428141916,0.706244459289455,0.612665020816319,6.13454545454545,60.8490909090909,33.0163636363636,0.609090909090909,28.8854545454545,0.0581818181818182,36.1054545454545,0.0545454545454545,34.2872727272727,-0.112166880345533,1.60436448813839,0.795218181818182,0.898418181818182,0.852909090909091
114392,69537,44855,0.534798456302192,0.705997552262362,0.612649634275384,6.13454545454545,60.8454545454545,33.02,0.6,28.9218181818182,0.0490909090909091,36.0963636363636,0.0745454545454545,34.2581818181818,-0.112326420661835,1.58699914480306,0.795218181818182,0.898418181818182,0.852909090909091
114363,69543,44820,0.534708352129541,0.7060020995874,0.612643687314601,6.13090909090909,60.8454545454545,33.0236363636364,0.601818181818182,28.9363636363636,0.0581818181818182,36.0818181818182,0.0672727272727273,34.2545454545455,-0.112429914877231,1.57177648503672,0.795218181818182,0.898418181818182,0.852909090909091
114289,69540,44749,0.534750891441997,0.706004773081483,0.612479667584718,6.13090909090909,60.8436363636364,33.0254545454545,0.601818181818182,28.9527272727273,0.0527272727272727,36.0836363636364,0.0636363636363636,34.2454545454545,-0.114660452258382,1.55183663281019,0.795218181818182,0.898418181818182,0.852909090909091
114294,69539,44755,0.53475473643077,0.706085293657411,0.612466962182901,6.13090909090909,60.84,33.0290909090909,0.601818181818182,28.9690909090909,0.0490909090909091,36.0781818181818,0.0654545454545455,34.2363636363636,-0.11410471158081,1.54848682090471,0.795218181818182,0.898418181818182,0.852909090909091
114265,69537,44728,0.534648671616779,0.706035450652233,0.612464954995916,6.12909090909091,60.8436363636364,33.0272727272727,0.596363636363636,28.98,0.0672727272727273,36.0818181818182,0.06,34.2145454545455,-0.113640048304065,1.53104127178985,0.795218181818182,0.898418181818182,0.852909090909091
114398,69543,44855,0.534619121631278,0.706124401882755,0.612545609120783,6.12727272727273,60.8490909090909,33.0236363636364,0.596363636363636,29.0109090909091,0.0581818181818182,36.0890909090909,0.0472727272727273,34.1981818181818,-0.11297038909278,1.54475400992246,0.795218181818182,0.898418181818182,0.852909090909091
114348,69550,44798,0.534584352776718,0.706151677417249,0.612504805263183,6.12909090909091,60.8472727272727,33.0236363636364,0.594545454545455,29.0272727272727,0.0490909090909091,36.0890909090909,0.0527272727272727,34.1872727272727,-0.111173738862933,1.5307719078169,0.795218181818182,0.898418181818182,0.852909090909091
114285,69544,44741,0.534510636297252,0.705958718134022,0.612462832729309,6.13090909090909,60.8436363636364,33.0254545454545,0.594545454545455,29.0490909090909,0.0581818181818182,36.0654545454545,0.0527272727272727,34.18,-0.111637956521934,1.50377105477859,0.795218181818182,0.898418181818182,0.852909090909091
114113,69546,44567,0.534511409296788,0.705819269828558,0.612415425364034,6.13272727272727,60.8436363636364,33.0236363636364,0.592727272727273,29.0618181818182,0.0654545454545455,36.0672727272727,0.0454545454545455,34.1672727272727,-0.111455141132121,1.48044769496403,0.795218181818182,0.898418181818182,0.852909090909091
114122,69544,44578,0.53456039909517,0.70578099867609,0.61242351840243,6.13454545454545,60.8418181818182,33.0236363636364,0.592727272727273,29.1036363636364,0.0490909090909091,36.04,0.0618181818181818,34.1527272727273,-0.112477804369568,1.46774930837141,0.795218181818182,0.898418181818182,0.852909090909091
114001,69546,44455,0.534647850846304,0.705894178283631,0.611986406704244,6.13090909090909,60.8436363636364,33.0254545454545,0.587272727272727,29.12,0.0527272727272727,36.0254545454545,0.0563636363636364,34.1581818181818,-0.112885088167042,1.4431096047544,0.795218181818182,0.898418181818182,0.852909090909091
113950,69546,44404,0.534566922075004,0.70591277538509,0.611908910674135,6.12545454545455,60.8509090909091,33.0236363636364,0.585454545454545,29.1272727272727,0.0527272727272727,36.0218181818182,0.0527272727272727,34.16,-0.113198239080058,1.43118332726881,0.795218181818182,0.898418181818182,0.852909090909091
113806,69548,44258,0.534658577788714,0.705580321408039,0.612109009452137,6.12363636363636,60.8563636363636,33.02,0.585454545454545,29.1581818181818,0.0509090909090909,35.9909090909091,0.0418181818181818,34.1727272727273,-0.113232315670228,1.39236634675075,0.795218181818182,0.898418181818182,0.852909090909091
113705,69550,44155,0.534655342542144,0.705531426581996,0.612170333849971,6.12181818181818,60.8527272727273,33.0254545454545,0.583636363636364,29.1654545454545,0.0709090909090909,35.9745454545455,0.0490909090909091,34.1563636363636,-0.113657184608085,1.37334164030511,0.795218181818182,0.898418181818182,0.852909090909091
113691,69555,44136,0.534546307209927,0.705466449750574,0.612121385896092,6.12545454545455,60.8527272727273,33.0218181818182,0.58,29.2,0.0618181818181818,35.9509090909091,0.0581818181818182,34.1490909090909,-0.113229826894927,1.3679040546402,0.795218181818182,0.898418181818182,0.852909090909091
113840,69555,44285,0.534484539743886,0.70551799445492,0.612256805214022,6.12181818181818,60.8509090909091,33.0272727272727,0.58,29.2181818181818,0.0672727272727273,35.9290909090909,0.0563636363636364,34.1490909090909,-0.112642905143333,1.38509868558666,0.795218181818182,0.898418181818182,0.852909090909091
113964,69557,44407,0.534378141317408,0.705717036482652,0.612259167320403,6.12181818181818,60.8472727272727,33.0309090909091,0.576363636363636,29.2690909090909,0.0509090909090909,35.8981818181818,0.0563636363636364,34.1490909090909,-0.11231032064256,1.4137607593936,0.795218181818182,0.898418181818182,0.852909090909091
114034,69553,44481,0.534372814138479,0.705700983025806,0.612199318362508,6.12545454545455,60.8418181818182,33.0327272727273,0.576363636363636,29.2818181818182,0.0509090909090909,35.8854545454545,0.0581818181818182,34.1472727272727,-0.112774286037364,1.41642661197958,0.795218181818182,0.898418181818182,0.852909090909091
113813,69543,44270,0.534363545374392,0.705424663038508,0.612147019786361,6.12909090909091,60.8436363636364,33.0272727272727,0.574545454545455,29.2945454545455,0.06,35.8781818181818,0.0527272727272727,34.14,-0.11469489764237,1.37242245857011,0.795218181818182,0.898418181818182,0.852909090909091
114103,69557,44546,0.53459429790302,0.70550570830477,0.61226231084862,6.12181818181818,60.8509090909091,33.0272727272727,0.572727272727273,29.3181818181818,0.06,35.8709090909091,0.0509090909090909,34.1272727272727,-0.112999913305182,1.40729387901215,0.795218181818182,0.898418181818182,0.852909090909091
114378,69571,44807,0.534660340723275,0.705550195181287,0.612477280904103,6.11818181818182,60.8581818181818,33.0236363636364,0.569090909090909,29.3527272727273,0.0636363636363636,35.82,0.0654545454545455,34.1290909090909,-0.111115656707394,1.42620858982713,0.795218181818182,0.898418181818182,0.852909090909091
114651,69579,45072,0.534775523433852,0.705838057654833,0.61240678196789,6.11636363636364,60.86,33.0236363636364,0.569090909090909,29.3927272727273,0.0527272727272727,35.8109090909091,0.0490909090909091,34.1254545454545,-0.10979752975598,1.46792655615983,0.795218181818182,0.898418181818182,0.852909090909091
114600,69567,45033,0.534750091003794,0.705831678446947,0.612462230549946,6.12,60.8527272727273,33.0272727272727,0.569090909090909,29.42,0.0563636363636364,35.7909090909091,0.0490909090909091,34.1145454545455,-0.111479372116578,1.45382461642677,0.795218181818182,0.898418181818182,0.852909090909091
114510,69562,44948,0.534776098817792,0.705720159640512,0.612391944896684,6.12181818181818,60.8527272727273,33.0254545454545,0.567272727272727,29.44,0.0509090909090909,35.78,0.0509090909090909,34.1109090909091,-0.112708613940578,1.43015461694449,0.795218181818182,0.898418181818182,0.852909090909091
114377,69559,44818,0.534851756416182,0.705431630858853,0.612326769186453,6.12727272727273,60.8454545454545,33.0272727272727,0.563636363636364,29.4654545454545,0.0527272727272727,35.7618181818182,0.0490909090909091,34.1072727272727,-0.113200707852692,1.39213890708475,0.795218181818182,0.898418181818182,0.852909090909091
114393,69561,44832,0.534970845452524,0.705436981999092,0.61235436085517,6.12363636363636,60.8472727272727,33.0290909090909,0.561818181818182,29.5036363636364,0.04,35.7563636363636,0.0418181818181818,34.0963636363636,-0.11353181977505,1.38499157572673,0.795218181818182,0.898418181818182,0.852909090909091
114628,69574,45054,0.53508531966759,0.705766969793446,0.612323840501058,6.12,60.8563636363636,33.0236363636364,0.558181818181818,29.5363636363636,0.0581818181818182,35.7181818181818,0.0672727272727273,34.0618181818182,-0.112430344726917,1.40776920531114,0.795218181818182,0.898418181818182,0.852909090909091
114579,69578,45001,0.535058957898732,0.705681376133631,0.612270265557223,6.11636363636364,60.8563636363636,33.0272727272727,0.550909090909091,29.5745454545455,0.0472727272727273,35.7327272727273,0.0472727272727273,34.0472727272727,-0.112143156198859,1.39641323966736,0.795218181818182,0.898418181818182,0.852909090909091
114567,69580,44987,0.535060912080071,0.705629776670433,0.612268705954386,6.11454545454545,60.8581818181818,33.0272727272727,0.547272727272727,29.6109090909091,0.0545454545454545,35.6927272727273,0.0545454545454545,34.04,-0.112108708164967,1.38521866208281,0.795218181818182,0.898418181818182,0.852909090909091
114234,69569,44665,0.534890931059672,0.705136200084518,0.612279838457995,6.12181818181818,60.8527272727273,33.0254545454545,0.547272727272727,29.6509090909091,0.0418181818181818,35.6890909090909,0.06,34.0109090909091,-0.111797999995443,1.33860663460906,0.795218181818182,0.898418181818182,0.852909090909091
114435,69565,44870,0.534935143841275,0.705456004260145,0.612158098470847,6.12,60.8527272727273,33.0272727272727,0.545454545454545,29.6927272727273,0.0527272727272727,35.6636363636364,0.0563636363636364,33.9890909090909,-0.113142592477776,1.36011995790865,0.795218181818182,0.898418181818182,0.852909090909091
114349,69562,44787,0.53475746145641,0.705429859178175,0.612245764437603,6.12363636363636,60.8509090909091,33.0254545454545,0.543636363636364,29.7181818181818,0.0636363636363636,35.6454545454545,0.0490909090909091,33.98,-0.113315369883706,1.35431126539849,0.795218181818182,0.898418181818182,0.852909090909091
114425,69570,44855,0.534833293700479,0.705377506478798,0.612201286414824,6.12181818181818,60.8527272727273,33.0254545454545,0.54,29.7636363636364,0.0581818181818182,35.62,0.0490909090909091,33.9690909090909,-0.112096315175586,1.36123107797043,0.795218181818182,0.898418181818182,0.852909090909091
114529,69581,44948,0.534928168409149,0.705483497666712,0.612326087749274,6.11454545454545,60.8618181818182,33.0236363636364,0.538181818181818,29.8054545454545,0.0654545454545455,35.5890909090909,0.0418181818181818,33.96,-0.112176453922637,1.360689469393,0.795218181818182,0.898418181818182,0.852909090909091
114629,69583,45046,0.534895868728288,0.705556939690798,0.612352492441921,6.10909090909091,60.8654545454545,33.0254545454545,0.534545454545455,29.8436363636364,0.0490909090909091,35.5781818181818,0.0472727272727273,33.9472727272727,-0.112796645787206,1.36640219370073,0.795218181818182,0.898418181818182,0.852909090909091
114603,69591,45012,0.534954287361263,0.705525810305267,0.612408455222481,6.11090909090909,60.8636363636364,33.0254545454545,0.534545454545455,29.8672727272727,0.0545454545454545,35.56,0.0618181818181818,33.9218181818182,-0.111358750373951,1.3498811757446,0.795218181818182,0.898418181818182,0.852909090909091
114486,69588,44898,0.534765747875868,0.705480965374802,0.612286608323577,6.11272727272727,60.8636363636364,33.0236363636364,0.530909090909091,29.9036363636364,0.0527272727272727,35.5618181818182,0.0490909090909091,33.9018181818182,-0.11049662251753,1.32802442862991,0.795218181818182,0.898418181818182,0.852909090909091
114458,69587,44871,0.534773649319369,0.705465002701612,0.612284392669145,6.11454545454545,60.8618181818182,33.0236363636364,0.529090909090909,29.9218181818182,0.0509090909090909,35.5472727272727,0.0436363636363636,33.9072727272727,-0.110472973290466,1.31476479798386,0.795218181818182,0.898418181818182,0.852909090909091
114400,69584,44816,0.53481673176932,0.705284139457818,0.612284803394738,6.11818181818182,60.8545454545455,33.0272727272727,0.525454545454546,29.9418181818182,0.0563636363636364,35.5272727272727,0.0672727272727273,33.8818181818182,-0.108824246506,1.29459336938506,0.795218181818182,0.898418181818182,0.852909090909091
114442,69585,44857,0.534700509404951,0.705374639610376,0.612238302344091,6.11636363636364,60.8581818181818,33.0254545454545,0.525454545454546,29.9581818181818,0.0490909090909091,35.5454545454545,0.0454545454545455,33.8763636363636,-0.110249000596973,1.29430585373193,0.795218181818182,0.898418181818182,0.852909090909091
114324,69583,44741,0.534588658477835,0.705249248741705,0.612272400424864,6.11818181818182,60.8545454545455,33.0272727272727,0.525454545454546,29.9690909090909,0.0563636363636364,35.5163636363636,0.0509090909090909,33.8818181818182,-0.110591924338157,1.2789961472323,0.795218181818182,0.898418181818182,0.852909090909091
114410,69579,44831,0.534580663048362,0.705271471876133,0.612202067622202,6.11818181818182,60.8527272727273,33.0290909090909,0.525454545454546,29.9872727272727,0.0618181818181818,35.5145454545455,0.0454545454545455,33.8654545454545,-0.110877034705746,1.28253856738183,0.795218181818182,0.898418181818182,0.852909090909091
114493,69586,44907,0.534761473604508,0.70533980594551,0.61225257298218,6.11090909090909,60.8618181818182,33.0272727272727,0.521818181818182,30,0.0527272727272727,35.5018181818182,0.0581818181818182,33.8654545454545,-0.111200185791081,1.28919539213689,0.795218181818182,0.898418181818182,0.852909090909091
114461,69593,44868,0.534737483683477,0.705369617375731,0.612347854645893,6.10727272727273,60.8672727272727,33.0254545454545,0.521818181818182,30.0145454545455,0.0527272727272727,35.4727272727273,0.0563636363636364,33.8818181818182,-0.111875402943141,1.27835526246239,0.795218181818182,0.898418181818182,0.852909090909091
114520,69589,44931,0.534617810382273,0.705308017928762,0.612323256893372,6.11090909090909,60.86,33.0290909090909,0.521818181818182,30.02,0.0545454545454545,35.4654545454545,0.0436363636363636,33.8945454545455,-0.110361273915491,1.28222231855616,0.795218181818182,0.898418181818182,0.852909090909091
114633,69588,45045,0.53494261037146,0.705341124023629,0.612272145078643,6.11090909090909,60.8618181818182,33.0272727272727,0.52,30.0309090909091,0.0636363636363636,35.4290909090909,0.0454545454545455,33.9109090909091,-0.111629717125536,1.27634176716039,0.795218181818182,0.898418181818182,0.852909090909091
114506,69589,44917,0.534978589975972,0.70524817284705,0.612194984177448,6.11272727272727,60.8672727272727,33.02,0.521818181818182,30.0181818181818,0.0672727272727273,35.4145454545455,0.0381818181818182,33.94,-0.112223077161021,1.24274234704843,0.795218181818182,0.898418181818182,0.852909090909091
114492,69591,44901,0.534965666494758,0.705326295500545,0.612171110825031,6.10909090909091,60.8690909090909,33.0218181818182,0.523636363636364,30.0218181818182,0.0636363636363636,35.4054545454545,0.0472727272727273,33.9381818181818,-0.111387949432273,1.23236695633016,0.795218181818182,0.898418181818182,0.852909090909091
114435,69577,44858,0.534847125768847,0.705324407789296,0.612141047738003,6.11272727272727,60.8618181818182,33.0254545454545,0.523636363636364,30.04,0.0563636363636364,35.3890909090909,0.0490909090909091,33.9418181818182,-0.112600729716757,1.22452394174073,0.795218181818182,0.898418181818182,0.852909090909091
114473,69578,44895,0.53493855056132,0.705246736520904,0.612208942074319,6.11090909090909,60.8581818181818,33.0309090909091,0.523636363636364,30.0490909090909,0.0436363636363636,35.3818181818182,0.0581818181818182,33.9436363636364,-0.11269595455709,1.21786522618072,0.795218181818182,0.898418181818182,0.852909090909091
114470,69581,44889,0.534810285509315,0.705292088457182,0.612270930409646,6.10909090909091,60.8636363636364,33.0272727272727,0.521818181818182,30.0654545454545,0.0436363636363636,35.3363636363636,0.06,33.9727272727273,-0.113064800281824,1.20455488285727,0.795218181818182,0.898418181818182,0.852909090909091
114572,69588,44984,0.534697543064415,0.705267006376659,0.612379173546578,6.10727272727273,60.8636363636364,33.0290909090909,0.52,30.08,0.0418181818181818,35.3272727272727,0.0581818181818182,33.9727272727273,-0.110672945015275,1.21804893251339,0.795218181818182,0.898418181818182,0.852909090909091
114550,69582,44968,0.534787957663025,0.705274663270394,0.612332884250631,6.11272727272727,60.86,33.0272727272727,0.521818181818182,30.0781818181818,0.0563636363636364,35.3109090909091,0.0527272727272727,33.98,-0.111801990763078,1.20624813555994,0.795218181818182,0.898418181818182,0.852909090909091
114600,69585,45015,0.534833780920381,0.705284777596594,0.61229424701949,6.10909090909091,60.8636363636364,33.0272727272727,0.523636363636364,30.0818181818182,0.0509090909090909,35.3036363636364,0.0490909090909091,33.9909090909091,-0.112300610287507,1.21144648842006,0.795218181818182,0.898418181818182,0.852909090909091
114324,69592,44732,0.534662030354718,0.70518846707187,0.612152663577553,6.10181818181818,60.8727272727273,33.0254545454545,0.523636363636364,30.0854545454545,0.0527272727272727,35.2690909090909,0.0472727272727273,34.0218181818182,-0.111061384980514,1.15472787649963,0.795218181818182,0.898418181818182,0.852909090909091
114318,69587,44731,0.534517868304424,0.705229132602702,0.612092387500764,6.10545454545455,60.8727272727273,33.0218181818182,0.521818181818182,30.1,0.0490909090909091,35.2472727272727,0.0472727272727273,34.0345454545455,-0.113182015182842,1.15039436440407,0.795218181818182,0.898418181818182,0.852909090909091
114085,69586,44499,0.534431614268584,0.70507895697275,0.612084844905462,6.11090909090909,60.8690909090909,33.02,0.521818181818182,30.0963636363636,0.06,35.2527272727273,0.0490909090909091,34.02,-0.113627655854031,1.10923190215941,0.795218181818182,0.898418181818182,0.852909090909091
114034,69577,44457,0.534533800611325,0.704703511068641,0.612208623370629,6.11272727272727,60.86,33.0272727272727,0.52,30.1145454545455,0.0545454545454545,35.2472727272727,0.0454545454545455,34.0181818181818,-0.11496047146158,1.09199340420521,0.795218181818182,0.898418181818182,0.852909090909091
114273,69579,44694,0.534543493381547,0.705128976323299,0.612053719683712,6.10727272727273,60.8636363636364,33.0290909090909,0.521818181818182,30.1309090909091,0.0563636363636364,35.2254545454545,0.0454545454545455,34.02,-0.114520428766396,1.11803427209908,0.795218181818182,0.898418181818182,0.852909090909091
114238,69584,44654,0.534690841943188,0.705021698849726,0.612135869066208,6.10727272727273,60.8618181818182,33.0309090909091,0.523636363636364,30.1490909090909,0.0436363636363636,35.2290909090909,0.0436363636363636,34.0109090909091,-0.113895178874637,1.11012352566997,0.795218181818182,0.898418181818182,0.852909090909091
114065,69590,44475,0.534188278598946,0.705142073124088,0.612180226331468,6.10545454545455,60.8654545454545,33.0290909090909,0.523636363636364,30.1672727272727,0.0472727272727273,35.22,0.0345454545454545,34.0072727272727,-0.112548446445197,1.08461450688033,0.795218181818182,0.898418181818182,0.852909090909091
114033,69590,44443,0.534237071383288,0.70514196674798,0.612099789511862,6.10909090909091,60.8618181818182,33.0290909090909,0.523636363636364,30.1690909090909,0.0509090909090909,35.1909090909091,0.0581818181818182,34.0072727272727,-0.112159131117303,1.06923166391524,0.795218181818182,0.898418181818182,0.852909090909091
113945,69594,44351,0.534257909472986,0.70478453617396,0.61208455844842,6.10727272727273,60.8690909090909,33.0236363636364,0.523636363636364,30.1763636363636,0.04,35.1872727272727,0.0454545454545455,34.0272727272727,-0.112937566056578,1.04541368105195,0.795218181818182,0.898418181818182,0.852909090909091
114192,69592,44600,0.534201273107298,0.705260180744584,0.612050765951328,6.10363636363636,60.8727272727273,33.0236363636364,0.525454545454546,30.1745454545455,0.0454545454545455,35.1818181818182,0.0490909090909091,34.0236363636364,-0.112429009910556,1.08137744452635,0.795218181818182,0.898418181818182,0.852909090909091
114409,69594,44815,0.534360497078168,0.705243626965396,0.612032083265385,6.10363636363636,60.8690909090909,33.0272727272727,0.521818181818182,30.1781818181818,0.0472727272727273,35.1927272727273,0.0509090909090909,34.0090909090909,-0.110963109790464,1.08737015266141,0.795218181818182,0.898418181818182,0.852909090909091
114449,69590,44859,0.534551444564115,0.705148697080203,0.612116782717542,6.10909090909091,60.8563636363636,33.0345454545455,0.52,30.1854545454545,0.0472727272727273,35.1909090909091,0.0509090909090909,34.0054545454545,-0.112504402654701,1.09354512289336,0.795218181818182,0.898418181818182,0.852909090909091
114531,69590,44941,0.534786170408556,0.705084456322986,0.612197352609869,6.10545454545455,60.86,33.0345454545455,0.52,30.1763636363636,0.0563636363636364,35.1963636363636,0.04,34.0109090909091,-0.112412363003982,1.09682357356968,0.795218181818182,0.898418181818182,0.852909090909091
114292,69586,44706,0.534696752114071,0.704924693828648,0.612191194301886,6.11090909090909,60.8563636363636,33.0327272727273,0.518181818181818,30.1854545454545,0.0472727272727273,35.1909090909091,0.0545454545454545,34.0036363636364,-0.112732823060783,1.06286681399427,0.795218181818182,0.898418181818182,0.852909090909091
114311,69588,44723,0.534903004002158,0.705036617517338,0.611974554069117,6.10545454545455,60.8654545454545,33.0290909090909,0.516363636363636,30.1763636363636,0.0527272727272727,35.2036363636364,0.0527272727272727,33.9981818181818,-0.114029768609378,1.05030326585455,0.795218181818182,0.898418181818182,0.852909090909091
114217,69594,44623,0.534717128477547,0.704956375909201,0.611894201809208,6.10727272727273,60.8672727272727,33.0254545454545,0.512727272727273,30.1945454545455,0.0545454545454545,35.2018181818182,0.04,33.9963636363636,-0.113386813615613,1.0405638622628,0.795218181818182,0.898418181818182,0.852909090909091
114256,69608,44648,0.534553710517825,0.70498541713474,0.611858881848835,6.09636363636364,60.8818181818182,33.0218181818182,0.507272727272727,30.2181818181818,0.0509090909090909,35.2054545454545,0.0236363636363636,33.9945454545455,-0.112775065996737,1.04434046747417,0.795218181818182,0.898418181818182,0.852909090909091
114188,69604,44584,0.534406508881666,0.704964948577867,0.611954119424118,6.09636363636364,60.8763636363636,33.0272727272727,0.505454545454545,30.2290909090909,0.0581818181818182,35.1945454545455,0.0363636363636364,33.9763636363636,-0.113378196638157,1.02389791226438,0.795218181818182,0.898418181818182,0.852909090909091
114193,69607,44586,0.534478278436636,0.704957716425497,0.611918670876813,6.09454545454545,60.8781818181818,33.0272727272727,0.505454545454545,30.2309090909091,0.0636363636363636,35.2090909090909,0.0290909090909091,33.9618181818182,-0.111645828492659,0.997279772179371,0.795218181818182,0.898418181818182,0.852909090909091
114147,69600,44547,0.534490561266656,0.705025953791549,0.611925998421084,6.09636363636364,60.8745454545455,33.0290909090909,0.505454545454545,30.2218181818182,0.0654545454545455,35.2309090909091,0.0436363636363636,33.9327272727273,-0.112591371736132,0.980903690956025,0.795218181818182,0.898418181818182,0.852909090909091
112476,69600,42876,0.532699284093523,0.704826812261566,0.611830102851506,6.09090909090909,60.88,33.0290909090909,0.503636363636364,30.2436363636364,0.0527272727272727,35.22,0.0472727272727273,33.9327272727273,-0.112718944063024,0.770336546101184,0.795218181818182,0.898418181818182,0.852909090909091
113994,69608,44386,0.53441425416087,0.704927149579008,0.611875144049311,6.09454545454545,60.8763636363636,33.0290909090909,0.501818181818182,30.2509090909091,0.0490909090909091,35.2363636363636,0.0436363636363636,33.9181818181818,-0.110795139490405,0.943933695097538,0.795218181818182,0.898418181818182,0.852909090909091
114064,69603,44461,0.534521762653327,0.704898862077942,0.612086426174132,6.09272727272727,60.8709090909091,33.0363636363636,0.503636363636364,30.26,0.0618181818181818,35.2054545454545,0.0527272727272727,33.9163636363636,-0.112502152603371,0.937075127813626,0.795218181818182,0.898418181818182,0.852909090909091
114007,69602,44405,0.534185624128102,0.704941468647235,0.612098240342146,6.09454545454545,60.8763636363636,33.0290909090909,0.503636363636364,30.2818181818182,0.0509090909090909,35.1981818181818,0.0581818181818182,33.9072727272727,-0.112821583598932,0.936860375059769,0.795218181818182,0.898418181818182,0.852909090909091
113775,69602,44173,0.53412329107709,0.704905469560617,0.611958151841488,6.09272727272727,60.8781818181818,33.0290909090909,0.503636363636364,30.2872727272727,0.0563636363636364,35.1963636363636,0.0454545454545455,33.9109090909091,-0.113429052084658,0.907119584174573,0.795218181818182,0.898418181818182,0.852909090909091
113991,69608,44383,0.534259012994133,0.704930169414464,0.611927319615691,6.08363636363636,60.8890909090909,33.0272727272727,0.503636363636364,30.2818181818182,0.06,35.1909090909091,0.0436363636363636,33.92,-0.113880461243058,0.938806707086042,0.795218181818182,0.898418181818182,0.852909090909091
114082,69614,44468,0.534353896177993,0.70482084834625,0.611944146764522,6.08909090909091,60.8836363636364,33.0272727272727,0.5,30.3036363636364,0.0472727272727273,35.1727272727273,0.0436363636363636,33.9327272727273,-0.112898966707474,0.94064912086522,0.795218181818182,0.898418181818182,0.852909090909091
113988,69622,44366,0.534312778246874,0.704759629829741,0.611895207685222,6.08,60.8890909090909,33.0309090909091,0.5,30.3018181818182,0.0527272727272727,35.16,0.06,33.9254545454545,-0.110452861397591,0.903851877440783,0.795218181818182,0.898418181818182,0.852909090909091
113906,69618,44288,0.534362379442579,0.704776070069964,0.611812984804485,6.08545454545455,60.8890909090909,33.0254545454545,0.496363636363636,30.3236363636364,0.0490909090909091,35.16,0.0436363636363636,33.9272727272727,-0.109973705739421,0.885709170827811,0.795218181818182,0.898418181818182,0.852909090909091
114106,69618,44488,0.534475039045674,0.704865080201375,0.611679959147718,6.08,60.8945454545455,33.0254545454545,0.494545454545455,30.3436363636364,0.0363636363636364,35.1472727272727,0.0509090909090909,33.9272727272727,-0.111104190492783,0.911430064216256,0.795218181818182,0.898418181818182,0.852909090909091
114111,69610,44501,0.534342343378636,0.704861436526266,0.611561651392215,6.08727272727273,60.8890909090909,33.0236363636364,0.490909090909091,30.3581818181818,0.0490909090909091,35.1109090909091,0.04,33.9509090909091,-0.111325204358119,0.910587444355373,0.795218181818182,0.898418181818182,0.852909090909091
114002,69612,44390,0.534337677479292,0.704543797528898,0.611752608789852,6.08545454545455,60.8818181818182,33.0327272727273,0.481818181818182,30.3745454545455,0.0563636363636364,35.0872727272727,0.0381818181818182,33.9618181818182,-0.112137813786897,0.869632674232972,0.795218181818182,0.898418181818182,0.852909090909091
113871,69608,44263,0.53431731901167,0.70451235936532,0.611657385721391,6.08909090909091,60.8836363636364,33.0272727272727,0.481818181818182,30.4090909090909,0.0509090909090909,35.0454545454545,0.0527272727272727,33.96,-0.113069828530901,0.841635990832848,0.795218181818182,0.898418181818182,0.852909090909091
113935,69614,44321,0.534110603033164,0.704683893785046,0.611882366253454,6.08363636363636,60.8836363636364,33.0327272727273,0.478181818181818,30.42,0.0454545454545455,35.0254545454545,0.0454545454545455,33.9854545454545,-0.113123928236283,0.857903917326423,0.795218181818182,0.898418181818182,0.852909090909091
112603,69610,42993,0.532393963765877,0.704605717142585,0.611864370880262,6.09090909090909,60.8709090909091,33.0381818181818,0.478181818181818,30.4290909090909,0.0490909090909091,34.9981818181818,0.0527272727272727,33.9927272727273,-0.112054799688022,0.687126440270169,0.795218181818182,0.898418181818182,0.852909090909091
114078,69621,44457,0.534205871822652,0.70459530792132,0.611775324961577,6.08181818181818,60.8781818181818,33.04,0.476363636363636,30.4436363636364,0.0545454545454545,34.9527272727273,0.0490909090909091,34.0236363636364,-0.110259595876811,0.838269528035942,0.795218181818182,0.898418181818182,0.852909090909091
114090,69620,44470,0.534404394482821,0.704402117653688,0.611780789111881,6.08363636363636,60.8781818181818,33.0381818181818,0.474545454545455,30.4672727272727,0.0545454545454545,34.8963636363636,0.0490909090909091,34.0581818181818,-0.112146179873228,0.844402364243499,0.795218181818182,0.898418181818182,0.852909090909091
113951,69623,44328,0.534346060770115,0.704485449898881,0.611600295400475,6.07818181818182,60.8909090909091,33.0309090909091,0.472727272727273,30.4890909090909,0.0527272727272727,34.8690909090909,0.04,34.0763636363636,-0.110752755607609,0.827084457057274,0.795218181818182,0.898418181818182,0.852909090909091
114055,69622,44433,0.534214582586417,0.704416539256694,0.611801411410444,6.08363636363636,60.8836363636364,33.0327272727273,0.472727272727273,30.5127272727273,0.0618181818181818,34.7963636363636,0.0490909090909091,34.1072727272727,-0.11003016575487,0.830498963971199,0.795218181818182,0.898418181818182,0.852909090909091
114094,69625,44469,0.534509944731432,0.704350033739954,0.61181193219239,6.08545454545455,60.8781818181818,33.0363636363636,0.472727272727273,30.5527272727273,0.0581818181818182,34.7472727272727,0.0436363636363636,34.1254545454545,-0.111205971632973,0.826178922360255,0.795218181818182,0.898418181818182,0.852909090909091
112580,69622,42958,0.532608884535293,0.704280677801638,0.611747711276145,6.08545454545455,60.8818181818182,33.0327272727273,0.469090909090909,30.5945454545455,0.0472727272727273,34.6981818181818,0.0418181818181818,34.1490909090909,-0.110775379720673,0.640071352020922,0.795218181818182,0.898418181818182,0.852909090909091
114001,69623,44378,0.534331872640794,0.704336798697135,0.611793860611521,6.07818181818182,60.88,33.0418181818182,0.470909090909091,30.6272727272727,0.0490909090909091,34.6418181818182,0.0436363636363636,34.1672727272727,-0.110577225320065,0.798052672782003,0.795218181818182,0.898418181818182,0.852909090909091
114023,69624,44399,0.534222102883728,0.704375166961932,0.611760549406423,6.08363636363636,60.88,33.0363636363636,0.469090909090909,30.6272727272727,0.0545454545454545,34.62,0.0436363636363636,34.1854545454545,-0.111600600516447,0.799226060897027,0.795218181818182,0.898418181818182,0.852909090909091
114164,69622,44542,0.534471237621596,0.704215282547754,0.611887204690135,6.08545454545455,60.8763636363636,33.0381818181818,0.470909090909091,30.64,0.0472727272727273,34.5836363636364,0.0236363636363636,34.2345454545455,-0.11100056625389,0.829452685905959,0.795218181818182,0.898418181818182,0.852909090909091
113938,69616,44322,0.534199984355837,0.704187642240347,0.61189144965948,6.08909090909091,60.8709090909091,33.04,0.470909090909091,30.6636363636364,0.04,34.5454545454545,0.0363636363636364,34.2436363636364,-0.113322805532615,0.799164728007533,0.795218181818182,0.898418181818182,0.852909090909091
114184,69614,44570,0.534385265379011,0.704194962628344,0.611844158937211,6.08727272727273,60.8709090909091,33.0418181818182,0.472727272727273,30.68,0.0490909090909091,34.5054545454545,0.0472727272727273,34.2454545454545,-0.113866558648789,0.818418750217692,0.795218181818182,0.898418181818182,0.852909090909091
114274,69622,44652,0.534465923662023,0.704292228451868,0.611960947522909,6.08181818181818,60.88,33.0381818181818,0.476363636363636,30.6945454545455,0.0236363636363636,34.5036363636364,0.0472727272727273,34.2545454545455,-0.11283450185145,0.810036676131528,0.795218181818182,0.898418181818182,0.852909090909091
114246,69633,44613,0.534350031033599,0.704386592995323,0.611934322074901,6.07818181818182,60.8872727272727,33.0345454545455,0.472727272727273,30.7036363636364,0.0345454545454545,34.4672727272727,0.0527272727272727,34.2690909090909,-0.110986158406674,0.800273249581964,0.795218181818182,0.898418181818182,0.852909090909091
114147,69636,44511,0.534283421577308,0.704234643461453,0.611963709387676,6.08545454545455,60.8836363636364,33.0309090909091,0.472727272727273,30.7145454545455,0.0327272727272727,34.4345454545455,0.0436363636363636,34.3018181818182,-0.109265063749957,0.782218127447942,0.795218181818182,0.898418181818182,0.852909090909091
114045,69640,44405,0.534219169089203,0.704100448717627,0.612003797016807,6.07818181818182,60.8872727272727,33.0345454545455,0.469090909090909,30.7254545454545,0.0327272727272727,34.4109090909091,0.0363636363636364,34.3254545454545,-0.108633617516782,0.768921850113706,0.795218181818182,0.898418181818182,0.852909090909091
114068,69637,44431,0.534230195635237,0.704047433783577,0.612140659985726,6.07636363636364,60.8818181818182,33.0418181818182,0.470909090909091,30.7381818181818,0.0418181818181818,34.3636363636364,0.0527272727272727,34.3327272727273,-0.109390167335137,0.781718970433047,0.795218181818182,0.898418181818182,0.852909090909091
114259,69630,44629,0.5342846798341,0.704155549573774,0.612088718771743,6.07636363636364,60.8781818181818,33.0454545454545,0.469090909090909,30.7436363636364,0.0527272727272727,34.3436363636364,0.0381818181818182,34.3527272727273,-0.111156663790644,0.793390590471046,0.795218181818182,0.898418181818182,0.852909090909091
114152,69634,44518,0.534137060487271,0.704169682824904,0.611931132208027,6.08,60.88,33.04,0.469090909090909,30.7436363636364,0.06,34.3145454545455,0.0418181818181818,34.3709090909091,-0.110781272827047,0.756535428364507,0.795218181818182,0.898418181818182,0.852909090909091
114075,69634,44441,0.534040968481552,0.704139189168396,0.611993513302589,6.08,60.8727272727273,33.0472727272727,0.470909090909091,30.7545454545455,0.0472727272727273,34.3072727272727,0.0509090909090909,34.3690909090909,-0.110622771479798,0.736949624311687,0.795218181818182,0.898418181818182,0.852909090909091
114188,69630,44558,0.534358201943408,0.704169231956287,0.612003060871767,6.07818181818182,60.8727272727273,33.0490909090909,0.469090909090909,30.7654545454545,0.0363636363636364,34.2945454545455,0.0545454545454545,34.38,-0.112191286949945,0.744681269366464,0.795218181818182,0.898418181818182,0.852909090909091
114162,69635,44527,0.534567686262724,0.704128725716096,0.611942464199679,6.07272727272727,60.88,33.0472727272727,0.469090909090909,30.7727272727273,0.0345454545454545,34.2781818181818,0.06,34.3854545454545,-0.112152399988686,0.744971103686839,0.795218181818182,0.898418181818182,0.852909090909091
114109,69647,44462,0.534418657795669,0.70398140798251,0.61203212815662,6.07454545454545,60.8854545454545,33.04,0.465454545454546,30.7763636363636,0.0327272727272727,34.2709090909091,0.0418181818181818,34.4127272727273,-0.109268458473856,0.735314323384823,0.795218181818182,0.898418181818182,0.852909090909091
114213,69646,44567,0.534379280785646,0.704050262805708,0.612178528520958,6.07272727272727,60.8836363636364,33.0436363636364,0.465454545454546,30.7781818181818,0.0418181818181818,34.2145454545455,0.0563636363636364,34.4436363636364,-0.109929367931297,0.752473791828379,0.795218181818182,0.898418181818182,0.852909090909091
114385,69649,44736,0.534561844213045,0.704101704570234,0.612083960894399,6.06727272727273,60.8909090909091,33.0418181818182,0.46,30.7981818181818,0.0490909090909091,34.1909090909091,0.0418181818181818,34.46,-0.111848848522376,0.767777449940331,0.795218181818182,0.898418181818182,0.852909090909091
114361,69637,44724,0.53423100999759,0.704154849939023,0.612081067437179,6.07454545454545,60.88,33.0454545454545,0.456363636363636,30.8018181818182,0.0418181818181818,34.1690909090909,0.0490909090909091,34.4818181818182,-0.1124768984003,0.751744212468409,0.795218181818182,0.898418181818182,0.852909090909091
114382,69640,44742,0.534379837262455,0.704026008966417,0.61213013073788,6.07272727272727,60.88,33.0472727272727,0.454545454545454,30.8072727272727,0.06,34.1145454545455,0.0436363636363636,34.52,-0.110719596671929,0.746515567722434,0.795218181818182,0.898418181818182,0.852909090909091
112562,69640,42922,0.532125344522605,0.704031376839557,0.612033775333957,6.07636363636364,60.8781818181818,33.0454545454545,0.449090909090909,30.8345454545455,0.0363636363636364,34.0836363636364,0.0327272727272727,34.5636363636364,-0.112133399903971,0.530683690868847,0.795218181818182,0.898418181818182,0.852909090909091
114143,69636,44507,0.534347333571018,0.703911941699597,0.612074702529869,6.08,60.8763636363636,33.0436363636364,0.443636363636364,30.8472727272727,0.0472727272727273,34.0363636363636,0.0418181818181818,34.5836363636364,-0.11353658629834,0.714289019976489,0.795218181818182,0.898418181818182,0.852909090909091
113894,69628,44266,0.534084855560009,0.703794344861529,0.61197469389129,6.08181818181818,60.8690909090909,33.0490909090909,0.443636363636364,30.8636363636364,0.0509090909090909,34.0018181818182,0.0509090909090909,34.5890909090909,-0.113644528834332,0.67773553727999,0.795218181818182,0.898418181818182,0.852909090909091
113769,69637,44132,0.534180275566688,0.703845872896726,0.611641863948177,6.07090909090909,60.8836363636364,33.0454545454545,0.443636363636364,30.8927272727273,0.04,33.9563636363636,0.0509090909090909,34.6163636363636,-0.113156196846963,0.650774472632276,0.795218181818182,0.898418181818182,0.852909090909091
113945,69640,44305,0.534335719591477,0.703846586601373,0.611487980372112,6.07818181818182,60.8763636363636,33.0454545454545,0.441818181818182,30.9381818181818,0.0436363636363636,33.9018181818182,0.0436363636363636,34.6309090909091,-0.111611918110066,0.643925543211993,0.795218181818182,0.898418181818182,0.852909090909091
114235,69649,44586,0.534387687094469,0.703972092739034,0.611666185914636,6.07090909090909,60.8818181818182,33.0472727272727,0.44,30.98,0.0418181818181818,33.8509090909091,0.0363636363636364,34.6509090909091,-0.111036926165318,0.684961152008989,0.795218181818182,0.898418181818182,0.852909090909091
114299,69654,44645,0.534401504278958,0.703956668176604,0.611596758564107,6.06909090909091,60.8854545454545,33.0454545454545,0.434545454545455,31.0345454545455,0.0363636363636364,33.8163636363636,0.0290909090909091,34.6490909090909,-0.110021157671607,0.693097710749134,0.795218181818182,0.898418181818182,0.852909090909091
114163,69654,44509,0.534411102437061,0.703889550859722,0.611589888899652,6.06363636363636,60.8854545454545,33.0509090909091,0.434545454545455,31.0763636363636,0.0418181818181818,33.7709090909091,0.0345454545454545,34.6418181818182,-0.109046098347079,0.663592084459114,0.795218181818182,0.898418181818182,0.852909090909091
113975,69642,44333,0.53422399352469,0.703721092440927,0.611606753904778,6.07272727272727,60.8745454545455,33.0527272727273,0.432727272727273,31.1236363636364,0.04,33.7418181818182,0.0418181818181818,34.62,-0.111056329917284,0.637831721539524,0.795218181818182,0.898418181818182,0.852909090909091
114212,69638,44574,0.534512530270837,0.70388905811025,0.611693619322352,6.06909090909091,60.8745454545455,33.0563636363636,0.432727272727273,31.1709090909091,0.0418181818181818,33.6963636363636,0.0418181818181818,34.6163636363636,-0.112590374456009,0.647866088596427,0.795218181818182,0.898418181818182,0.852909090909091
114092,69646,44446,0.534524612548438,0.703814122182686,0.611579919421721,6.06545454545455,60.8872727272727,33.0472727272727,0.432727272727273,31.22,0.0327272727272727,33.6727272727273,0.0345454545454545,34.6072727272727,-0.112093951761662,0.643703579263423,0.795218181818182,0.898418181818182,0.852909090909091
114072,69655,44417,0.534071848837635,0.703832811087515,0.611620297428443,6.06909090909091,60.8872727272727,33.0436363636364,0.432727272727273,31.26,0.04,33.6236363636364,0.0290909090909091,34.6145454545455,-0.112411155093419,0.641216612277045,0.795218181818182,0.898418181818182,0.852909090909091
114033,69652,44381,0.534030149726953,0.703743625506456,0.611640856291875,6.07272727272727,60.8745454545455,33.0527272727273,0.432727272727273,31.3127272727273,0.04,33.5763636363636,0.04,34.5981818181818,-0.11267697481334,0.624511243627322,0.795218181818182,0.898418181818182,0.852909090909091
