"total_rewards","action_rewards","opinion_rewards","sp0_social_trust","sp1_social_trust","sp2_social_trust","sp0_request_rate","sp1_request_rate","sp2_request_rate","op0_expression_rate","op1_expression_rate","op2_expression_rate","op3_expression_rate","op4_expression_rate","op5_expression_rate","mean_loss1","mean_loss2","sp0_availability","sp1_availability","sp2_availability"
29093,28623,470,0.696683241725612,0.720787777128193,0.714863472626315,32.9381818181818,33.6254545454545,33.4363636363636,16.4781818181818,16.6854545454545,16.5509090909091,16.9618181818182,16.6618181818182,16.6618181818182,1.42981376973065,-1.55044726187533,0.819272727272727,0.857181818181818,0.854090909090909
29408,28634,774,0.696635985215284,0.720691690299238,0.714865964666013,32.9181818181818,33.6181818181818,33.4636363636364,16.3545454545455,16.8,16.42,17.0927272727273,16.5472727272727,16.7854545454545,1.35919380079616,-1.5387645537203,0.819272727272727,0.857181818181818,0.854090909090909
29736,28644,1092,0.696598293967564,0.720584087996468,0.714893831680516,32.8927272727273,33.62,33.4872727272727,16.2272727272727,16.9563636363636,16.2963636363636,17.1854545454545,16.4054545454545,16.9290909090909,1.28867726000873,-1.52262403585694,0.819272727272727,0.857181818181818,0.854090909090909
30044,28656,1388,0.696680770432206,0.720248229517396,0.714843149003808,32.8963636363636,33.5945454545455,33.5090909090909,16.0763636363636,17.1109090909091,16.1745454545455,17.2636363636364,16.3327272727273,17.0418181818182,1.21829926967621,-1.51559777205641,0.819272727272727,0.857181818181818,0.854090909090909
30451,28704,1747,0.696505088604471,0.720720370632814,0.714762328808764,32.8945454545455,33.5945454545455,33.5109090909091,15.9018181818182,17.2727272727273,16.0854545454545,17.34,16.2363636363636,17.1636363636364,1.15105813741684,-1.48289499391209,0.819272727272727,0.857181818181818,0.854090909090909
30846,28726,2120,0.696462175910336,0.720623196558173,0.714784209371363,32.8745454545455,33.58,33.5454545454545,15.7454545454545,17.4345454545455,15.9690909090909,17.4254545454545,16.1272727272727,17.2981818181818,1.08084928881038,-1.4401247848164,0.819272727272727,0.857181818181818,0.854090909090909
31132,28737,2395,0.696634050032947,0.720402463735951,0.714952074113504,32.8872727272727,33.5381818181818,33.5745454545455,15.62,17.5454545454545,15.8781818181818,17.5363636363636,15.9745454545455,17.4454545454545,1.00947223143144,-1.44805957024748,0.819272727272727,0.857181818181818,0.854090909090909
31472,28786,2686,0.696491032373023,0.720392367342662,0.715065152855586,32.8527272727273,33.5472727272727,33.6,15.4836363636364,17.6672727272727,15.7872727272727,17.6363636363636,15.8436363636364,17.5818181818182,0.941019678115845,-1.44629968567328,0.819272727272727,0.857181818181818,0.854090909090909
31841,28823,3018,0.696222657135888,0.72040616441068,0.714908825611975,32.8345454545455,33.5872727272727,33.5781818181818,15.32,17.84,15.68,17.7163636363636,15.7490909090909,17.6945454545455,0.870832307772203,-1.4250817136331,0.819272727272727,0.857181818181818,0.854090909090909
32276,28917,3359,0.696414169452271,0.720225128040772,0.714941447442393,32.8454545454545,33.5290909090909,33.6254545454545,15.1836363636364,18,15.5309090909091,17.8272727272727,15.6145454545455,17.8436363636364,0.804766192761335,-1.40516314452345,0.819272727272727,0.857181818181818,0.854090909090909
32702,28986,3716,0.696521748241759,0.72044745936587,0.714931711686698,32.8418181818182,33.5345454545455,33.6236363636364,15.0236363636364,18.1381818181818,15.4163636363636,17.9309090909091,15.4818181818182,18.0090909090909,0.735292447155172,-1.37910517562519,0.819272727272727,0.857181818181818,0.854090909090909
33092,29045,4047,0.696166561194419,0.720245743054534,0.714769161281934,32.84,33.5418181818182,33.6181818181818,14.8727272727273,18.3018181818182,15.2963636363636,18.0290909090909,15.3763636363636,18.1236363636364,0.664068936217915,-1.36657031124288,0.819272727272727,0.857181818181818,0.854090909090909
33640,29050,4590,0.69607632117622,0.720186790491098,0.714490850484446,32.8363636363636,33.5363636363636,33.6272727272727,14.6818181818182,18.4945454545455,15.1345454545455,18.2327272727273,15.1636363636364,18.2927272727273,0.58718920675191,-1.25476577390324,0.819272727272727,0.857181818181818,0.854090909090909
34065,29121,4944,0.69610040107495,0.720324308541968,0.714458551506271,32.8472727272727,33.5218181818182,33.6309090909091,14.5036363636364,18.6690909090909,15.0090909090909,18.3218181818182,15.0490909090909,18.4472727272727,0.515790468996221,-1.24110653292049,0.819272727272727,0.857181818181818,0.854090909090909
34604,29166,5438,0.695763402773105,0.719980322223595,0.714554128842718,32.8472727272727,33.5054545454545,33.6472727272727,14.2818181818182,18.9145454545455,14.8345454545455,18.4581818181818,14.9163636363636,18.5945454545455,0.44031528451226,-1.16044235662981,0.819272727272727,0.857181818181818,0.854090909090909
35159,29218,5941,0.69544283037381,0.719860239505102,0.714304791307165,32.8327272727273,33.5145454545455,33.6527272727273,14.0672727272727,19.1490909090909,14.64,18.6381818181818,14.7218181818182,18.7836363636364,0.364476110176607,-1.07656698118557,0.819272727272727,0.857181818181818,0.854090909090909
35687,29304,6383,0.69522209999335,0.719973463171134,0.714192141554066,32.7981818181818,33.5454545454545,33.6563636363636,13.8345454545455,19.3818181818182,14.4872727272727,18.7890909090909,14.5436363636364,18.9636363636364,0.290495148030194,-1.02617006789554,0.819272727272727,0.857181818181818,0.854090909090909
36245,29347,6898,0.695358940036707,0.719725053267985,0.713820267156504,32.7836363636364,33.5290909090909,33.6872727272727,13.6181818181818,19.6072727272727,14.2945454545455,18.9909090909091,14.3072727272727,19.1818181818182,0.211743343960155,-0.940519757704301,0.819272727272727,0.857181818181818,0.854090909090909
36755,29387,7368,0.695184859997521,0.71947795708344,0.713526725215089,32.76,33.5581818181818,33.6818181818182,13.4072727272727,19.8218181818182,14.1,19.1818181818182,14.1,19.3890909090909,0.131997003067623,-0.878463045033542,0.819272727272727,0.857181818181818,0.854090909090909
37285,29406,7879,0.695182276777567,0.719187850398157,0.713112891238786,32.7563636363636,33.5690909090909,33.6745454545455,13.1636363636364,20.1018181818182,13.8981818181818,19.3290909090909,13.9,19.6072727272727,0.0497034059329466,-0.801442311026833,0.819272727272727,0.857181818181818,0.854090909090909
37979,29485,8494,0.694931208095237,0.719383250476593,0.71290919997859,32.6854545454545,33.6418181818182,33.6727272727273,12.9290909090909,20.3454545454545,13.6818181818182,19.5545454545455,13.6727272727273,19.8163636363636,-0.0288812742991881,-0.675180126320232,0.819272727272727,0.857181818181818,0.854090909090909
38564,29505,9059,0.69487058432931,0.71903033055569,0.712807381032884,32.6618181818182,33.6527272727273,33.6854545454545,12.7054545454545,20.5727272727273,13.4545454545455,19.7272727272727,13.48,20.06,-0.113195537437092,-0.579289044033397,0.819272727272727,0.857181818181818,0.854090909090909
39230,29578,9652,0.69477882666165,0.718867002592623,0.712632094149856,32.6545454545455,33.6872727272727,33.6581818181818,12.4745454545455,20.8636363636364,13.1945454545455,19.9254545454545,13.2618181818182,20.28,-0.19371802535924,-0.467340529506857,0.819272727272727,0.857181818181818,0.854090909090909
39891,29646,10245,0.694693686836195,0.71869233674075,0.712566994621743,32.6163636363636,33.7472727272727,33.6363636363636,12.2763636363636,21.1018181818182,12.9727272727273,20.0981818181818,13.0309090909091,20.52,-0.274397084658796,-0.355671588399193,0.819272727272727,0.857181818181818,0.854090909090909
40535,29737,10798,0.694654008655229,0.7185700808588,0.712406975836766,32.6036363636364,33.7472727272727,33.6490909090909,12.0254545454545,21.3890909090909,12.7581818181818,20.2636363636364,12.8254545454545,20.7381818181818,-0.353471971100027,-0.264206351475282,0.819272727272727,0.857181818181818,0.854090909090909
41156,29812,11344,0.694640075149022,0.718529845864391,0.712198474065395,32.5654545454545,33.7745454545455,33.66,11.7945454545455,21.6418181818182,12.5818181818182,20.4181818181818,12.5836363636364,20.98,-0.434202739054506,-0.174282446232709,0.819272727272727,0.857181818181818,0.854090909090909
41864,29898,11966,0.694565083464529,0.718286916923811,0.712055222482848,32.5454545454545,33.7854545454545,33.6690909090909,11.5527272727273,21.9363636363636,12.3109090909091,20.6236363636364,12.34,21.2363636363636,-0.515044078501788,-0.0510440913113681,0.819272727272727,0.857181818181818,0.854090909090909
42615,30001,12614,0.694434759365489,0.71852266610114,0.711901964624193,32.46,33.8727272727273,33.6672727272727,11.3036363636364,22.22,12.0636363636364,20.8690909090909,12.0563636363636,21.4872727272727,-0.594287320158698,0.090452516078949,0.819272727272727,0.857181818181818,0.854090909090909
43369,30102,13267,0.694441316519296,0.718513231706869,0.711605667158109,32.4272727272727,33.9054545454545,33.6672727272727,11.0836363636364,22.48,11.8181818181818,21.0781818181818,11.7745454545455,21.7654545454545,-0.672251763939858,0.234421615708958,0.819272727272727,0.857181818181818,0.854090909090909
44108,30220,13888,0.694616012836863,0.718562068569344,0.711362008110559,32.4254545454545,33.9236363636364,33.6509090909091,10.8436363636364,22.7345454545455,11.6054545454545,21.2490909090909,11.5163636363636,22.0509090909091,-0.749371401288293,0.361982172185724,0.819272727272727,0.857181818181818,0.854090909090909
44846,30326,14520,0.694696985511739,0.718297463417631,0.710963835947956,32.3763636363636,33.9563636363636,33.6672727272727,10.64,22.9981818181818,11.2981818181818,21.4436363636364,11.2981818181818,22.3218181818182,-0.82674295658415,0.494819728894667,0.819272727272727,0.857181818181818,0.854090909090909
45620,30437,15183,0.694383386618461,0.71835333451015,0.710872338774179,32.3163636363636,34.0436363636364,33.64,10.4054545454545,23.2527272727273,11.0509090909091,21.6527272727273,11.0545454545455,22.5836363636364,-0.9023919520053,0.649352119185708,0.819272727272727,0.857181818181818,0.854090909090909
46337,30510,15827,0.693940053397307,0.717996511987186,0.710651910034922,32.2909090909091,34.04,33.6690909090909,10.1690909090909,23.5290909090909,10.7890909090909,21.8672727272727,10.7581818181818,22.8872727272727,-0.980584966594523,0.79195717735724,0.819272727272727,0.857181818181818,0.854090909090909
47025,30642,16383,0.693610334378394,0.717847524935338,0.710198234416053,32.2472727272727,34.0672727272727,33.6854545454545,9.95272727272727,23.7909090909091,10.5218181818182,22.08,10.5527272727273,23.1018181818182,-1.05297303958373,0.902727749672803,0.819272727272727,0.857181818181818,0.854090909090909
47688,30679,17009,0.693057827496123,0.71753666863861,0.709942140100278,32.1672727272727,34.1436363636364,33.6890909090909,9.69454545454546,24.0781818181818,10.2818181818182,22.2872727272727,10.3018181818182,23.3563636363636,-1.13185075521469,1.04960237091238,0.819272727272727,0.857181818181818,0.854090909090909
48428,30782,17646,0.692818512398895,0.717651772554554,0.709900777631748,32.1236363636364,34.1690909090909,33.7072727272727,9.48,24.3,10.0436363636364,22.5127272727273,10.0545454545455,23.6090909090909,-1.20289855220101,1.20176780332219,0.819272727272727,0.857181818181818,0.854090909090909
49038,30846,18192,0.692615334455645,0.717499074012021,0.70971951501075,32.06,34.2363636363636,33.7036363636364,9.28727272727273,24.4909090909091,9.85272727272727,22.7,9.82909090909091,23.84,-1.27675480950962,1.31484429077669,0.819272727272727,0.857181818181818,0.854090909090909
49755,30927,18828,0.692437505237401,0.716965526460661,0.709526812081717,32.0254545454545,34.24,33.7345454545455,9.06363636363636,24.7290909090909,9.59090909090909,22.9727272727273,9.59818181818182,24.0454545454545,-1.34748700504953,1.47520694895224,0.819272727272727,0.857181818181818,0.854090909090909
50431,31038,19393,0.692109835275403,0.7168073110419,0.709226429122256,31.9709090909091,34.2381818181818,33.7909090909091,8.84,24.9636363636364,9.31454545454545,23.2127272727273,9.41272727272727,24.2563636363636,-1.41354569521817,1.59631309671835,0.819272727272727,0.857181818181818,0.854090909090909
50836,31071,19765,0.691670935954297,0.716437088787977,0.709059817774114,31.8836363636364,34.2690909090909,33.8472727272727,8.66,25.1072727272727,9.14,23.4181818181818,9.21454545454546,24.46,-1.48505389392376,1.63496926047585,0.819272727272727,0.857181818181818,0.854090909090909
51473,31202,20271,0.691447554100282,0.716161835560602,0.708831083812615,31.8054545454545,34.2981818181818,33.8963636363636,8.46,25.3290909090909,8.87818181818182,23.66,9.03818181818182,24.6345454545455,-1.54650416211648,1.74318069490519,0.819272727272727,0.857181818181818,0.854090909090909
52089,31343,20746,0.691304680170456,0.716477439676231,0.708876814426939,31.7109090909091,34.3436363636364,33.9454545454545,8.26909090909091,25.4381818181818,8.75636363636364,23.8654545454545,8.8,24.8709090909091,-1.60616049576889,1.84582119313153,0.819272727272727,0.857181818181818,0.854090909090909
52708,31433,21275,0.691157802955188,0.715872207716292,0.708818682007336,31.6636363636364,34.3490909090909,33.9872727272727,8.10363636363636,25.5909090909091,8.54727272727273,24.1145454545455,8.57454545454545,25.0690909090909,-1.66632034155456,1.97487603480166,0.819272727272727,0.857181818181818,0.854090909090909
53293,31529,21764,0.690843637193899,0.715753000160504,0.708810629425194,31.5818181818182,34.4018181818182,34.0163636363636,7.92181818181818,25.7618181818182,8.35090909090909,24.3218181818182,8.4,25.2436363636364,-1.72369243583896,2.07848254496401,0.819272727272727,0.857181818181818,0.854090909090909
53917,31622,22295,0.69055369755355,0.715773267959451,0.708597023887684,31.5,34.4890909090909,34.0109090909091,7.76,25.9090909090909,8.18363636363636,24.5672727272727,8.15272727272727,25.4272727272727,-1.77972431833094,2.21833487315611,0.819272727272727,0.857181818181818,0.854090909090909
54508,31718,22790,0.690102088162075,0.716180710439889,0.70856439634082,31.4127272727273,34.5381818181818,34.0490909090909,7.60363636363636,26.0454545454545,8.02727272727273,24.8036363636364,7.90363636363636,25.6163636363636,-1.83343510546468,2.33623248826374,0.819272727272727,0.857181818181818,0.854090909090909
55171,31861,23310,0.689844637092882,0.71680794133207,0.708183341337657,31.3890909090909,34.5963636363636,34.0145454545455,7.43636363636364,26.1872727272727,7.83090909090909,25.0545454545455,7.66,25.8309090909091,-1.88153031956066,2.47216451059688,0.819272727272727,0.857181818181818,0.854090909090909
55847,32033,23814,0.689506011638986,0.716468316919407,0.708167350296174,31.2909090909091,34.5981818181818,34.1109090909091,7.27818181818182,26.3036363636364,7.66,25.3163636363636,7.47818181818182,25.9636363636364,-1.92557935796001,2.60567954453555,0.819272727272727,0.857181818181818,0.854090909090909
56526,32197,24329,0.689315475180807,0.716924696769078,0.708217948703011,31.2018181818182,34.6254545454545,34.1727272727273,7.12,26.4472727272727,7.43272727272727,25.5672727272727,7.31090909090909,26.1218181818182,-1.96764925989238,2.73304771184921,0.819272727272727,0.857181818181818,0.854090909090909
57064,32310,24754,0.688956379964172,0.716626990892442,0.707963984971022,31.1363636363636,34.6927272727273,34.1709090909091,6.96909090909091,26.54,7.25818181818182,25.8109090909091,7.15090909090909,26.2709090909091,-2.01184983470223,2.83012328635563,0.819272727272727,0.857181818181818,0.854090909090909
57579,32383,25196,0.688137923421734,0.716930978141175,0.707558113548968,31.0490909090909,34.7690909090909,34.1818181818182,6.82,26.6927272727273,7.04727272727273,26.0690909090909,6.96,26.4109090909091,-2.05672595392574,2.93536138101058,0.819272727272727,0.857181818181818,0.854090909090909
58216,32565,25651,0.687406046493786,0.716944435543889,0.707660771132893,30.9654545454545,34.7963636363636,34.2381818181818,6.70363636363636,26.7836363636364,6.86181818181818,26.3418181818182,6.74,26.5690909090909,-2.09183725443753,3.05028025182811,0.819272727272727,0.857181818181818,0.854090909090909
58719,32672,26047,0.686724880798782,0.717155709625183,0.707393148973924,30.8509090909091,34.8781818181818,34.2709090909091,6.55272727272727,26.8981818181818,6.7,26.6109090909091,6.52181818181818,26.7163636363636,-2.13040580424395,3.13739183707671,0.819272727272727,0.857181818181818,0.854090909090909
59190,32788,26402,0.686060999491801,0.716700290901925,0.707238932623079,30.7563636363636,34.9290909090909,34.3145454545455,6.41272727272727,27.0218181818182,6.52,26.8127272727273,6.36181818181818,26.8709090909091,-2.16668184833093,3.20846111720259,0.819272727272727,0.857181818181818,0.854090909090909
59639,32939,26700,0.685467132414805,0.716346007772297,0.706865237558203,30.6618181818182,35.0290909090909,34.3090909090909,6.31818181818182,27.0781818181818,6.38363636363636,26.9854545454545,6.24727272727273,26.9872727272727,-2.19738096648997,3.2667621254921,0.819272727272727,0.857181818181818,0.854090909090909
60031,33032,26999,0.684943323845888,0.716449940022045,0.706445274394484,30.5036363636364,35.1545454545455,34.3418181818182,6.20909090909091,27.1472727272727,6.24181818181818,27.1781818181818,6.16363636363636,27.06,-2.23295548395677,3.31948959285563,0.819272727272727,0.857181818181818,0.854090909090909
60570,33179,27391,0.684444286282542,0.716464815785367,0.705969289796964,30.4109090909091,35.2145454545455,34.3745454545455,6.10727272727273,27.2036363636364,6.07818181818182,27.4327272727273,6.00545454545455,27.1727272727273,-2.26000877076929,3.41910712448033,0.819272727272727,0.857181818181818,0.854090909090909
61217,33377,27840,0.683837677125984,0.716263559236843,0.705835943121838,30.2927272727273,35.2709090909091,34.4363636363636,5.98363636363636,27.2963636363636,5.92363636363636,27.6454545454545,5.81272727272727,27.3381818181818,-2.28084562204101,3.54139116460627,0.819272727272727,0.857181818181818,0.854090909090909
61642,33521,28121,0.683248551630341,0.716188022902012,0.705357905875668,30.1945454545455,35.3272727272727,34.4781818181818,5.89272727272727,27.3236363636364,5.82363636363636,27.8181818181818,5.7,27.4418181818182,-2.30377510894429,3.59741867563941,0.819272727272727,0.857181818181818,0.854090909090909
62100,33709,28391,0.682742450118482,0.715664801572288,0.705105119652377,30.0727272727273,35.4163636363636,34.5109090909091,5.8,27.3963636363636,5.67090909090909,27.9927272727273,5.61454545454545,27.5254545454545,-2.32243369926106,3.64303879683668,0.819272727272727,0.857181818181818,0.854090909090909
62490,33879,28611,0.682155236847707,0.715434153501443,0.704704462415394,29.9581818181818,35.54,34.5018181818182,5.69636363636364,27.4854545454545,5.51636363636364,28.1727272727273,5.52363636363636,27.6054545454545,-2.34170480262149,3.68280720331452,0.819272727272727,0.857181818181818,0.854090909090909
62954,34046,28908,0.681355411243436,0.715358547767537,0.704119672562121,29.8218181818182,35.6218181818182,34.5563636363636,5.61636363636364,27.5290909090909,5.39454545454546,28.3709090909091,5.39636363636364,27.6927272727273,-2.3583937487819,3.74130471511321,0.819272727272727,0.857181818181818,0.854090909090909
63365,34168,29197,0.680510168704234,0.715091533691062,0.703445477294949,29.6963636363636,35.7418181818182,34.5618181818182,5.52181818181818,27.5872727272727,5.24545454545455,28.5763636363636,5.29090909090909,27.7781818181818,-2.37661786783825,3.80212599635124,0.819272727272727,0.857181818181818,0.854090909090909
63772,34313,29459,0.679768649770473,0.714463946511331,0.702927000847075,29.6018181818182,35.7490909090909,34.6490909090909,5.42909090909091,27.6781818181818,5.09454545454545,28.7381818181818,5.2,27.86,-2.39089547991753,3.84503104090691,0.819272727272727,0.857181818181818,0.854090909090909
64220,34444,29776,0.679396516952636,0.71394371444243,0.702609601162175,29.5727272727273,35.7709090909091,34.6563636363636,5.35818181818182,27.76,4.94545454545455,28.8781818181818,5.10909090909091,27.9490909090909,-2.4057218150659,3.90923820137978,0.819272727272727,0.857181818181818,0.854090909090909
64636,34639,29997,0.678818207804391,0.713469884626177,0.702329336633855,29.4927272727273,35.7890909090909,34.7181818181818,5.27272727272727,27.7945454545455,4.87454545454545,29.0236363636364,4.97818181818182,28.0563636363636,-2.41474899812178,3.94277074120262,0.819272727272727,0.857181818181818,0.854090909090909
65041,34845,30196,0.678143111340485,0.712875891281174,0.701955796177251,29.42,35.8563636363636,34.7236363636364,5.17818181818182,27.8327272727273,4.80181818181818,29.18,4.86,28.1472727272727,-2.42196601791815,3.97733842676336,0.819272727272727,0.857181818181818,0.854090909090909
65403,35085,30318,0.67741089944309,0.711953104547198,0.701440594740888,29.3509090909091,35.9072727272727,34.7418181818182,5.10545454545455,27.88,4.70181818181818,29.3490909090909,4.75272727272727,28.2109090909091,-2.42511735233394,3.96905918121338,0.819272727272727,0.857181818181818,0.854090909090909
65876,35310,30566,0.676844898075553,0.711652548043553,0.700879821473328,29.2890909090909,35.9909090909091,34.72,5.00727272727273,27.9672727272727,4.57818181818182,29.5181818181818,4.66545454545455,28.2636363636364,-2.42890026352622,4.01596961671656,0.819272727272727,0.857181818181818,0.854090909090909
66298,35521,30777,0.676345384702361,0.711172311640667,0.700134062749399,29.2490909090909,36.0818181818182,34.6690909090909,4.94,28.0436363636364,4.45454545454545,29.6509090909091,4.59090909090909,28.32,-2.43259681354869,4.05225247253071,0.819272727272727,0.857181818181818,0.854090909090909
66689,35698,30991,0.675425143460021,0.710730769637056,0.699511451013788,29.18,36.2090909090909,34.6109090909091,4.85090909090909,28.0963636363636,4.39090909090909,29.7909090909091,4.42363636363636,28.4472727272727,-2.43849885734645,4.07722809856588,0.819272727272727,0.857181818181818,0.854090909090909
67193,35936,31257,0.674602380337582,0.710819153809813,0.698776685279177,29.1109090909091,36.3181818181818,34.5709090909091,4.78545454545455,28.1472727272727,4.31818181818182,29.9236363636364,4.30545454545455,28.52,-2.43765013272112,4.13390233950181,0.819272727272727,0.857181818181818,0.854090909090909
67657,36179,31478,0.673851369761881,0.710586129848476,0.697858375726905,29.06,36.3890909090909,34.5509090909091,4.73454545454545,28.2181818181818,4.20545454545455,30.0490909090909,4.20545454545455,28.5872727272727,-2.4359271905639,4.17448825511065,0.819272727272727,0.857181818181818,0.854090909090909
68169,36468,31701,0.673482672139235,0.710679194217933,0.697370844526172,28.9945454545455,36.46,34.5454545454545,4.66363636363636,28.2781818181818,4.13818181818182,30.1636363636364,4.10727272727273,28.6490909090909,-2.42724775834517,4.2174814527685,0.819272727272727,0.857181818181818,0.854090909090909
68632,36768,31864,0.673204123554488,0.709767037088873,0.696539832404255,28.9527272727273,36.4909090909091,34.5563636363636,4.59454545454545,28.3472727272727,4.05636363636364,30.2854545454545,4.01090909090909,28.7054545454545,-2.41895650354299,4.22927494482561,0.819272727272727,0.857181818181818,0.854090909090909
69171,37097,32074,0.672437594936574,0.709085612792849,0.69588709157487,28.94,36.4963636363636,34.5636363636364,4.54181818181818,28.3745454545455,3.99272727272727,30.4327272727273,3.89272727272727,28.7654545454545,-2.40717496492646,4.26476154110648,0.819272727272727,0.857181818181818,0.854090909090909
69720,37386,32334,0.671754518893648,0.708518355242979,0.695265338137577,28.9072727272727,36.5109090909091,34.5818181818182,4.45818181818182,28.4454545454545,3.89090909090909,30.5654545454545,3.82363636363636,28.8163636363636,-2.39705808000131,4.31798666065389,0.819272727272727,0.857181818181818,0.854090909090909
70071,37624,32447,0.671368178796645,0.708035925727211,0.694236415814944,28.8563636363636,36.56,34.5836363636364,4.41090909090909,28.4927272727273,3.82,30.6690909090909,3.74363636363636,28.8636363636364,-2.39045573364605,4.30879696499218,0.819272727272727,0.857181818181818,0.854090909090909
70554,37955,32599,0.670883498764735,0.706934386055165,0.693811320685429,28.8254545454545,36.5490909090909,34.6254545454545,4.34181818181818,28.5636363636364,3.72727272727273,30.7654545454545,3.66909090909091,28.9327272727273,-2.3754890571941,4.31570262475447,0.819272727272727,0.857181818181818,0.854090909090909
71042,38289,32753,0.670002187553831,0.706095329593769,0.693034191517101,28.8181818181818,36.5381818181818,34.6436363636364,4.28,28.6218181818182,3.65454545454546,30.8709090909091,3.59636363636364,28.9763636363636,-2.35975908962163,4.32539556351575,0.819272727272727,0.857181818181818,0.854090909090909
71492,38597,32895,0.669147334364838,0.705499668240091,0.692125610739417,28.7927272727273,36.5290909090909,34.6781818181818,4.22909090909091,28.6836363636364,3.55818181818182,30.9836363636364,3.53090909090909,29.0145454545455,-2.3441076641733,4.32909572991458,0.819272727272727,0.857181818181818,0.854090909090909
71993,38901,33092,0.668631801000374,0.704783253919083,0.691174929727368,28.7327272727273,36.5745454545455,34.6927272727273,4.17454545454545,28.7254545454545,3.47818181818182,31.1109090909091,3.42545454545455,29.0854545454545,-2.3313776130026,4.36061055443504,0.819272727272727,0.857181818181818,0.854090909090909
72436,39158,33278,0.668012677828023,0.703818547148327,0.690514720189985,28.6545454545455,36.6181818181818,34.7272727272727,4.12727272727273,28.7727272727273,3.41454545454545,31.2163636363636,3.34545454545454,29.1236363636364,-2.31946870576252,4.38396689241583,0.819272727272727,0.857181818181818,0.854090909090909
72979,39467,33512,0.667524198364523,0.702872443652555,0.689891432639781,28.6781818181818,36.58,34.7418181818182,4.06181818181818,28.8581818181818,3.32363636363636,31.3109090909091,3.28909090909091,29.1563636363636,-2.30373088040135,4.42423986955122,0.819272727272727,0.857181818181818,0.854090909090909
73540,39844,33696,0.666710741805273,0.702532909497288,0.689307027189775,28.6254545454545,36.6127272727273,34.7618181818182,4.03090909090909,28.9090909090909,3.22909090909091,31.3890909090909,3.26363636363636,29.1781818181818,-2.2830633664673,4.44573967781934,0.819272727272727,0.857181818181818,0.854090909090909
74114,40221,33893,0.66614591061884,0.701667301600241,0.68865802640107,28.6127272727273,36.6036363636364,34.7836363636364,3.96909090909091,28.96,3.16727272727273,31.4890909090909,3.21272727272727,29.2018181818182,-2.25957169912078,4.4747774568471,0.819272727272727,0.857181818181818,0.854090909090909
74606,40586,34020,0.664754676160849,0.700816608713749,0.687817308071705,28.5218181818182,36.6745454545455,34.8036363636364,3.91636363636364,29.0054545454545,3.1,31.6,3.15818181818182,29.22,-2.2382324272936,4.48758018016815,0.819272727272727,0.857181818181818,0.854090909090909
75032,40930,34102,0.663415173051243,0.700176095373851,0.686856792324018,28.4218181818182,36.7363636363636,34.8418181818182,3.87818181818182,29.0490909090909,3.03454545454545,31.6890909090909,3.07818181818182,29.2709090909091,-2.21477041840553,4.48155180757696,0.819272727272727,0.857181818181818,0.854090909090909
75578,41321,34257,0.66256239911133,0.699183217432186,0.685996399349218,28.4327272727273,36.7218181818182,34.8454545454545,3.83272727272727,29.0890909090909,2.97454545454545,31.8127272727273,3.00181818181818,29.2890909090909,-2.1905547618866,4.49526511322368,0.819272727272727,0.857181818181818,0.854090909090909
75854,41626,34228,0.661058124596467,0.698515336164281,0.684963836806392,28.3127272727273,36.8454545454545,34.8418181818182,3.77818181818182,29.1672727272727,2.90363636363636,31.8818181818182,2.93636363636364,29.3327272727273,-2.17009028629823,4.4376190814105,0.819272727272727,0.857181818181818,0.854090909090909
76268,41969,34299,0.659944830651355,0.697399912684902,0.683895651963118,28.2036363636364,36.9290909090909,34.8672727272727,3.74181818181818,29.2309090909091,2.82363636363636,31.9509090909091,2.89636363636364,29.3563636363636,-2.1470175921917,4.41838041652333,0.819272727272727,0.857181818181818,0.854090909090909
76714,42304,34410,0.658392737703584,0.696493957386984,0.682985537033808,28.1290909090909,36.9709090909091,34.9,3.69636363636364,29.2745454545455,2.74909090909091,32.0381818181818,2.84181818181818,29.4,-2.12505444559184,4.41231604977088,0.819272727272727,0.857181818181818,0.854090909090909
77239,42691,34548,0.65776556800869,0.695548155091173,0.682274475495434,28.0709090909091,36.9836363636364,34.9454545454545,3.66,29.2909090909091,2.71272727272727,32.0981818181818,2.78909090909091,29.4490909090909,-2.0991494205865,4.42486300360073,0.819272727272727,0.857181818181818,0.854090909090909
77804,43083,34721,0.657137226376124,0.694920735687409,0.681242318181242,27.9890909090909,37.0490909090909,34.9618181818182,3.61272727272727,29.3527272727273,2.61454545454545,32.1927272727273,2.72909090909091,29.4981818181818,-2.07371317446232,4.44288500547409,0.819272727272727,0.857181818181818,0.854090909090909
78483,43537,34946,0.655944430368646,0.694919295759491,0.679996358561503,27.8927272727273,37.1509090909091,34.9563636363636,3.58363636363636,29.3636363636364,2.59454545454545,32.2472727272727,2.63818181818182,29.5727272727273,-2.04227001694116,4.48344695893201,0.819272727272727,0.857181818181818,0.854090909090909
79048,43891,35157,0.655271089702443,0.694131457861184,0.679011073245766,27.8127272727273,37.2218181818182,34.9654545454545,3.54181818181818,29.4036363636364,2.54,32.2909090909091,2.60363636363636,29.62,-2.01718105646697,4.51219601956281,0.819272727272727,0.857181818181818,0.854090909090909
79537,44229,35308,0.654423881579578,0.693252149074876,0.678345507009806,27.8072727272727,37.2436363636364,34.9490909090909,3.49636363636364,29.4636363636364,2.47636363636364,32.32,2.61272727272727,29.6309090909091,-1.99576111381704,4.52508914579045,0.819272727272727,0.857181818181818,0.854090909090909
79991,44578,35413,0.653285508646288,0.691669381496892,0.677734417707632,27.7618181818182,37.2545454545455,34.9836363636364,3.46727272727273,29.4890909090909,2.43818181818182,32.3709090909091,2.55818181818182,29.6763636363636,-1.97161785309965,4.53120365684683,0.819272727272727,0.857181818181818,0.854090909090909
80598,44967,35631,0.652435759038286,0.69085240339146,0.677233623279739,27.6763636363636,37.3272727272727,34.9963636363636,3.42727272727273,29.5181818181818,2.39090909090909,32.4290909090909,2.48909090909091,29.7454545454545,-1.94184086973017,4.57480079694228,0.819272727272727,0.857181818181818,0.854090909090909
81033,45335,35698,0.651545709767084,0.690262472483674,0.676355146435563,27.6309090909091,37.3745454545455,34.9945454545455,3.37272727272727,29.5490909090909,2.39090909090909,32.4163636363636,2.48,29.7909090909091,-1.91275958852334,4.56854250864549,0.819272727272727,0.857181818181818,0.854090909090909
81569,45746,35823,0.650209444881256,0.690216799810333,0.675789745695256,27.5854545454545,37.4054545454546,35.0090909090909,3.33272727272727,29.5654545454545,2.36727272727273,32.4472727272727,2.42909090909091,29.8581818181818,-1.88088314479048,4.58119666359641,0.819272727272727,0.857181818181818,0.854090909090909
82192,46116,36076,0.648551963005921,0.689934034165202,0.675327053023249,27.4763636363636,37.4890909090909,35.0345454545455,3.30181818181818,29.6127272727273,2.29454545454545,32.4909090909091,2.34727272727273,29.9527272727273,-1.85325048999353,4.63030771992423,0.819272727272727,0.857181818181818,0.854090909090909
82741,46471,36270,0.647598266045846,0.688724501937096,0.674809352287844,27.3763636363636,37.5363636363636,35.0872727272727,3.25818181818182,29.6709090909091,2.18909090909091,32.5490909090909,2.28181818181818,30.0509090909091,-1.82825328734788,4.64433820464394,0.819272727272727,0.857181818181818,0.854090909090909
83118,46786,36332,0.646194482074374,0.688067168673722,0.673880502985435,27.2818181818182,37.6072727272727,35.1109090909091,3.21272727272727,29.6818181818182,2.17636363636364,32.5636363636364,2.22727272727273,30.1381818181818,-1.80259078470143,4.63615170717239,0.819272727272727,0.857181818181818,0.854090909090909
83601,47201,36400,0.644561883290687,0.687124420593265,0.672988194552752,27.18,37.6818181818182,35.1381818181818,3.17818181818182,29.7636363636364,2.08181818181818,32.5581818181818,2.22181818181818,30.1963636363636,-1.7710459749807,4.61662852980874,0.819272727272727,0.857181818181818,0.854090909090909
84137,47548,36589,0.643894956070632,0.686223647067139,0.671937048592635,27.1690909090909,37.6890909090909,35.1418181818182,3.13454545454545,29.8072727272727,2.02,32.6054545454545,2.11636363636364,30.3163636363636,-1.74559652073817,4.64412825432691,0.819272727272727,0.857181818181818,0.854090909090909
84602,47890,36712,0.642802548453093,0.685157842910035,0.671306644606448,27.1218181818182,37.7090909090909,35.1690909090909,3.10909090909091,29.8236363636364,1.98545454545455,32.6181818181818,2.04727272727273,30.4163636363636,-1.71661354520104,4.6506108880043,0.819272727272727,0.857181818181818,0.854090909090909
85019,48248,36771,0.641448726795551,0.683960007639986,0.670753796077067,27.0618181818182,37.7327272727273,35.2054545454545,3.05272727272727,29.8672727272727,1.97272727272727,32.6163636363636,1.99090909090909,30.5,-1.68860337273641,4.64650456688621,0.819272727272727,0.857181818181818,0.854090909090909
85252,48549,36703,0.639912707942123,0.682899227599319,0.669787629940095,26.9781818181818,37.8072727272727,35.2145454545455,3.01636363636364,29.8818181818182,1.96181818181818,32.5963636363636,1.95636363636364,30.5872727272727,-1.66407657590779,4.58948752988469,0.819272727272727,0.857181818181818,0.854090909090909
85704,48893,36811,0.638784071409222,0.682673787413879,0.668717487053339,26.88,37.8981818181818,35.2218181818182,2.96727272727273,29.9181818181818,1.93090909090909,32.6072727272727,1.92,30.6563636363636,-1.63959454514764,4.602228307724,0.819272727272727,0.857181818181818,0.854090909090909
86255,49227,37028,0.637784790122867,0.681883536462034,0.667906178887908,26.8,37.9690909090909,35.2309090909091,2.91636363636364,29.9818181818182,1.87636363636364,32.6,1.89454545454545,30.7309090909091,-1.61480591649359,4.63275372331793,0.819272727272727,0.857181818181818,0.854090909090909
86790,49561,37229,0.636632914604534,0.680553576371344,0.667360054646554,26.7890909090909,37.9618181818182,35.2490909090909,2.88,30.0109090909091,1.82,32.62,1.84727272727273,30.8218181818182,-1.590430731665,4.66858055374839,0.819272727272727,0.857181818181818,0.854090909090909
87329,49946,37383,0.635971109380518,0.67982664891444,0.666389491517917,26.76,37.96,35.28,2.84545454545454,30.0472727272727,1.75818181818182,32.6236363636364,1.85272727272727,30.8727272727273,-1.55743037489328,4.68363993167877,0.819272727272727,0.857181818181818,0.854090909090909
87985,50339,37646,0.635186172389581,0.679609918633228,0.665644909144617,26.7327272727273,37.98,35.2872727272727,2.79818181818182,30.0927272727273,1.75636363636364,32.5981818181818,1.79272727272727,30.9618181818182,-1.52458624677225,4.71498267000372,0.819272727272727,0.857181818181818,0.854090909090909
88557,50693,37864,0.634282058277765,0.678289731390186,0.665060518290108,26.7145454545455,37.9727272727273,35.3127272727273,2.76363636363636,30.12,1.72363636363636,32.6309090909091,1.70181818181818,31.06,-1.49608861844648,4.74617159691724,0.819272727272727,0.857181818181818,0.854090909090909
88803,51023,37780,0.632911256222452,0.676516410758778,0.66411793307145,26.6709090909091,37.9890909090909,35.34,2.72727272727273,30.1509090909091,1.71272727272727,32.6127272727273,1.61454545454545,31.1818181818182,-1.46694644581188,4.67683595744046,0.819272727272727,0.857181818181818,0.854090909090909
89154,51334,37820,0.631792173904187,0.675722896705409,0.663000361032897,26.6327272727273,38.0490909090909,35.3181818181818,2.70181818181818,30.1690909090909,1.68545454545455,32.5890909090909,1.59454545454545,31.26,-1.44166443645954,4.64692762548273,0.819272727272727,0.857181818181818,0.854090909090909
89695,51696,37999,0.631089128613033,0.675681534755889,0.662148030352574,26.5981818181818,38.0890909090909,35.3127272727273,2.65272727272727,30.2290909090909,1.66,32.5418181818182,1.57818181818182,31.3381818181818,-1.41284318634055,4.65877930251035,0.819272727272727,0.857181818181818,0.854090909090909
90215,52062,38153,0.629839840618828,0.675014324985262,0.661167436868938,26.5181818181818,38.1654545454545,35.3163636363636,2.61454545454545,30.2545454545455,1.61454545454545,32.54,1.51454545454545,31.4618181818182,-1.38280202759938,4.66748743490739,0.819272727272727,0.857181818181818,0.854090909090909
90858,52389,38469,0.628611343182269,0.673746552201174,0.660460484040876,26.5163636363636,38.1690909090909,35.3145454545455,2.57818181818182,30.2963636363636,1.57636363636364,32.5018181818182,1.50363636363636,31.5436363636364,-1.35589991415089,4.74617030187087,0.819272727272727,0.857181818181818,0.854090909090909
91287,52736,38551,0.627346315303275,0.672777993963299,0.659642656351246,26.4854545454545,38.1945454545455,35.32,2.55090909090909,30.32,1.56545454545455,32.4181818181818,1.49454545454545,31.6509090909091,-1.33237382728945,4.72798779877749,0.819272727272727,0.857181818181818,0.854090909090909
91616,53021,38595,0.626288557443572,0.671793688456903,0.6586610141271,26.4472727272727,38.2254545454545,35.3272727272727,2.51818181818182,30.3436363636364,1.56181818181818,32.3581818181818,1.49272727272727,31.7254545454545,-1.30799465491013,4.71432857946916,0.819272727272727,0.857181818181818,0.854090909090909
91950,53302,38648,0.625465878535275,0.671289370565245,0.657745522987029,26.4254545454545,38.2690909090909,35.3054545454545,2.48181818181818,30.3818181818182,1.51454545454545,32.3381818181818,1.41272727272727,31.8709090909091,-1.28614812303673,4.68669653805819,0.819272727272727,0.857181818181818,0.854090909090909
92110,53574,38536,0.624783662386368,0.670000921308064,0.656586697658565,26.4345454545455,38.2545454545455,35.3109090909091,2.45818181818182,30.4,1.47090909090909,32.2890909090909,1.41090909090909,31.9709090909091,-1.25942563590678,4.61169494932348,0.819272727272727,0.857181818181818,0.854090909090909
92500,53868,38632,0.623712046294765,0.669683372735558,0.656093845773231,26.3909090909091,38.2872727272727,35.3218181818182,2.43454545454545,30.4181818181818,1.42181818181818,32.2763636363636,1.36,32.0890909090909,-1.23441753590649,4.60425434979526,0.819272727272727,0.857181818181818,0.854090909090909
92975,54154,38821,0.622859709454307,0.669098336866229,0.655569544048288,26.3290909090909,38.36,35.3109090909091,2.40727272727273,30.4254545454545,1.40727272727273,32.2163636363636,1.31636363636364,32.2272727272727,-1.2113874935291,4.6288072867827,0.819272727272727,0.857181818181818,0.854090909090909
93390,54456,38934,0.621703457855844,0.66819733076607,0.655068720239299,26.3436363636364,38.3363636363636,35.32,2.38545454545455,30.3963636363636,1.43636363636364,32.1436363636364,1.30909090909091,32.3290909090909,-1.18492904779586,4.62789622003382,0.819272727272727,0.857181818181818,0.854090909090909
93798,54794,39004,0.620998292122287,0.667275842734728,0.653965177541432,26.3345454545455,38.3345454545455,35.3309090909091,2.34363636363636,30.3981818181818,1.45090909090909,32.0781818181818,1.29090909090909,32.4381818181818,-1.1546016659249,4.61521559195085,0.819272727272727,0.857181818181818,0.854090909090909
94211,55073,39138,0.620157672090377,0.66653328096339,0.653317694598002,26.32,38.3490909090909,35.3309090909091,2.29818181818182,30.3981818181818,1.46,32.0545454545455,1.22909090909091,32.56,-1.12940029271624,4.62495318976316,0.819272727272727,0.857181818181818,0.854090909090909
94798,55391,39407,0.619600705243504,0.66567928276479,0.652434281584877,26.2927272727273,38.3545454545455,35.3527272727273,2.24727272727273,30.4654545454545,1.40727272727273,32.0163636363636,1.19818181818182,32.6654545454545,-1.10217233374715,4.66192042177374,0.819272727272727,0.857181818181818,0.854090909090909
95068,55616,39452,0.618887776295387,0.664455717234616,0.651715184846698,26.2909090909091,38.3545454545455,35.3545454545455,2.22181818181818,30.5127272727273,1.34363636363636,31.9854545454545,1.17818181818182,32.7581818181818,-1.0801216411997,4.63953189633109,0.819272727272727,0.857181818181818,0.854090909090909
95451,55904,39547,0.618216305929898,0.663238894663741,0.650943575224144,26.3,38.3745454545455,35.3254545454545,2.18363636363636,30.54,1.31454545454545,31.9145454545455,1.19636363636364,32.8509090909091,-1.05500333105976,4.64303060770035,0.819272727272727,0.857181818181818,0.854090909090909
95608,56192,39416,0.616952873310251,0.662547711356697,0.650126886825109,26.2527272727273,38.4254545454545,35.3218181818182,2.15818181818182,30.5745454545455,1.29090909090909,31.8254545454545,1.23272727272727,32.9181818181818,-1.03328914086927,4.5699934981086,0.819272727272727,0.857181818181818,0.854090909090909
95798,56419,39379,0.615989778391387,0.660940533188639,0.649753496592805,26.2290909090909,38.4327272727273,35.3381818181818,2.12727272727273,30.6090909090909,1.26545454545455,31.7636363636364,1.18909090909091,33.0454545454545,-1.01270904033022,4.51400446024808,0.819272727272727,0.857181818181818,0.854090909090909
96209,56699,39510,0.615005050307337,0.65991275657527,0.649030200864225,26.2345454545455,38.3981818181818,35.3672727272727,2.08727272727273,30.6745454545455,1.24,31.6690909090909,1.19272727272727,33.1363636363636,-0.987269536134872,4.50594541918148,0.819272727272727,0.857181818181818,0.854090909090909
96545,56896,39649,0.614251949972968,0.659487375110327,0.64810863326305,26.2072727272727,38.4763636363636,35.3163636363636,2.05636363636364,30.7636363636364,1.16,31.6418181818182,1.11454545454545,33.2636363636364,-0.972225697203116,4.49459147886796,0.819272727272727,0.857181818181818,0.854090909090909
96810,57140,39670,0.613665639499596,0.658760464965259,0.647476469940129,26.2036363636364,38.5036363636364,35.2927272727273,2.02363636363636,30.8309090909091,1.11090909090909,31.6054545454545,1.06727272727273,33.3618181818182,-0.95092722881924,4.45449101274664,0.819272727272727,0.857181818181818,0.854090909090909
97304,57405,39899,0.61304800743993,0.65857639783658,0.646907657372117,26.2072727272727,38.5127272727273,35.28,2.00363636363636,30.8490909090909,1.08181818181818,31.58,1.06363636363636,33.4218181818182,-0.922334581478076,4.4980192119425,0.819272727272727,0.857181818181818,0.854090909090909
97841,57694,40147,0.61230634602438,0.658312809313936,0.646283398617392,26.2,38.5181818181818,35.2818181818182,1.96727272727273,30.8709090909091,1.09454545454545,31.5436363636364,1.02727272727273,33.4963636363636,-0.899904442443089,4.53659557429227,0.819272727272727,0.857181818181818,0.854090909090909
98008,57911,40097,0.611339635268014,0.657106566695679,0.645841333104822,26.1945454545455,38.5327272727273,35.2727272727273,1.92727272727273,30.9163636363636,1.09272727272727,31.4545454545455,1.07636363636364,33.5327272727273,-0.877136041969061,4.48265537131916,0.819272727272727,0.857181818181818,0.854090909090909
98489,58109,40380,0.610794145638073,0.656469674225644,0.645548984143105,26.2127272727273,38.4927272727273,35.2945454545455,1.89090909090909,30.9909090909091,1.04545454545455,31.4,1.05272727272727,33.62,-0.860792073607445,4.51809544346549,0.819272727272727,0.857181818181818,0.854090909090909
98921,58332,40589,0.609951234483452,0.655928232210006,0.645175189850779,26.18,38.5054545454545,35.3145454545455,1.86909090909091,31.0236363636364,1.01090909090909,31.36,0.992727272727273,33.7436363636364,-0.844657356495207,4.54804021445188,0.819272727272727,0.857181818181818,0.854090909090909
99326,58520,40806,0.60955535779528,0.655526739089692,0.644497803472207,26.1672727272727,38.5454545454545,35.2872727272727,1.84363636363636,31.0781818181818,0.947272727272727,31.3381818181818,0.96,33.8327272727273,-0.831156499412927,4.56486142548648,0.819272727272727,0.857181818181818,0.854090909090909
99450,58711,40739,0.608570835855165,0.653932280884484,0.643867145931408,26.1545454545455,38.5509090909091,35.2945454545455,1.81636363636364,31.1090909090909,0.929090909090909,31.3127272727273,0.918181818181818,33.9145454545455,-0.815232979336923,4.50347759290175,0.819272727272727,0.857181818181818,0.854090909090909
99705,58917,40788,0.607685344081372,0.653244056603378,0.64313442517938,26.1672727272727,38.5545454545455,35.2781818181818,1.79090909090909,31.1672727272727,0.918181818181818,31.2272727272727,0.925454545454545,33.9709090909091,-0.794284184751185,4.4820701750842,0.819272727272727,0.857181818181818,0.854090909090909
99892,59099,40793,0.607410587040921,0.652883136833253,0.642327132306375,26.1472727272727,38.6236363636364,35.2290909090909,1.76,31.2018181818182,0.896363636363636,31.2018181818182,0.883636363636364,34.0563636363636,-0.777051864293489,4.42474111101844,0.819272727272727,0.857181818181818,0.854090909090909
100330,59294,41036,0.60735796251377,0.652392847966099,0.64181782454217,26.1363636363636,38.6436363636364,35.22,1.71636363636364,31.2709090909091,0.892727272727273,31.1254545454545,0.869090909090909,34.1254545454545,-0.762019892951304,4.46027944413098,0.819272727272727,0.857181818181818,0.854090909090909
100722,59499,41223,0.60688386573215,0.651813810225429,0.64130708570357,26.1236363636364,38.6672727272727,35.2090909090909,1.69090909090909,31.3163636363636,0.867272727272727,31.0909090909091,0.854545454545454,34.18,-0.746419330449267,4.46352674635974,0.819272727272727,0.857181818181818,0.854090909090909
100951,59652,41299,0.606411721908567,0.651072658102937,0.640693860014543,26.1090909090909,38.7181818181818,35.1727272727273,1.67454545454545,31.32,0.930909090909091,30.9963636363636,0.812727272727273,34.2654545454545,-0.734187144345858,4.44315307790583,0.819272727272727,0.857181818181818,0.854090909090909
101068,59803,41265,0.605713812575714,0.650491474114571,0.63992043491646,26.1090909090909,38.74,35.1509090909091,1.64363636363636,31.3545454545455,0.941818181818182,30.9709090909091,0.747272727272727,34.3418181818182,-0.724870264936577,4.38027239387686,0.819272727272727,0.857181818181818,0.854090909090909
101364,59958,41406,0.60535608294378,0.650179590074587,0.63945421391727,26.1090909090909,38.7436363636364,35.1472727272727,1.61636363636364,31.4109090909091,0.912727272727273,30.9036363636364,0.738181818181818,34.4181818181818,-0.711342357369986,4.37885808186098,0.819272727272727,0.857181818181818,0.854090909090909
101412,60093,41319,0.60459887483053,0.649448039753713,0.638957250027956,26.1054545454545,38.7781818181818,35.1163636363636,1.59818181818182,31.4418181818182,0.901818181818182,30.8381818181818,0.761818181818182,34.4581818181818,-0.70016758096489,4.32764998999509,0.819272727272727,0.857181818181818,0.854090909090909
101740,60248,41492,0.60430673569687,0.649219693328312,0.638305846875079,26.1090909090909,38.7945454545455,35.0963636363636,1.57818181818182,31.5181818181818,0.825454545454545,30.7945454545455,0.727272727272727,34.5563636363636,-0.688046571104364,4.3174955422228,0.819272727272727,0.857181818181818,0.854090909090909
101907,60354,41553,0.603919414120024,0.648594436435945,0.638170888920913,26.1,38.8163636363636,35.0836363636364,1.55454545454545,31.5345454545455,0.830909090909091,30.7327272727273,0.698181818181818,34.6490909090909,-0.681403015215288,4.27829909216274,0.819272727272727,0.857181818181818,0.854090909090909
102157,60479,41678,0.603342082369386,0.648442949742115,0.637317711572282,26.0690909090909,38.8672727272727,35.0636363636364,1.53636363636364,31.5854545454545,0.792727272727273,30.6872727272727,0.690909090909091,34.7072727272727,-0.672906204753301,4.26899783286181,0.819272727272727,0.857181818181818,0.854090909090909
102257,60602,41655,0.602774884139948,0.648150337740849,0.637105206237957,26.0745454545455,38.8636363636364,35.0618181818182,1.50545454545455,31.6127272727273,0.807272727272727,30.6327272727273,0.694545454545455,34.7472727272727,-0.663171023502946,4.21484309001402,0.819272727272727,0.857181818181818,0.854090909090909
102511,60695,41816,0.602572895719295,0.647998683406957,0.636726936363153,26.0581818181818,38.9072727272727,35.0345454545455,1.48363636363636,31.6672727272727,0.763636363636364,30.58,0.7,34.8054545454545,-0.655883531238545,4.21981641270898,0.819272727272727,0.857181818181818,0.854090909090909
102779,60811,41968,0.601756746089686,0.647936009222441,0.636481279649482,26.0290909090909,38.9345454545455,35.0363636363636,1.46363636363636,31.6818181818182,0.776363636363636,30.5454545454545,0.627272727272727,34.9054545454545,-0.649310904030095,4.21723270091144,0.819272727272727,0.857181818181818,0.854090909090909
103061,60968,42093,0.601554533762675,0.647489360009568,0.636098054365907,26.0254545454545,38.9309090909091,35.0436363636364,1.43636363636364,31.7327272727273,0.769090909090909,30.4836363636364,0.610909090909091,34.9672727272727,-0.638344629921696,4.21051221110604,0.819272727272727,0.857181818181818,0.854090909090909
103260,61092,42168,0.601081102448648,0.647024283829315,0.63585849053578,26.0272727272727,38.9581818181818,35.0145454545455,1.42363636363636,31.7854545454545,0.712727272727273,30.42,0.618181818181818,35.04,-0.628353934193199,4.191604598002,0.819272727272727,0.857181818181818,0.854090909090909
103489,61204,42285,0.600908692332056,0.646734666716019,0.635297532719623,26.0490909090909,38.9636363636364,34.9872727272727,1.41454545454545,31.8163636363636,0.696363636363636,30.3836363636364,0.589090909090909,35.1,-0.618935294550928,4.17604720809243,0.819272727272727,0.857181818181818,0.854090909090909
103700,61304,42396,0.600875130250512,0.646434902733302,0.635233722700708,26.0509090909091,38.9781818181818,34.9709090909091,1.40181818181818,31.8563636363636,0.685454545454545,30.3018181818182,0.625454545454545,35.1290909090909,-0.612751838666472,4.17195602438667,0.819272727272727,0.857181818181818,0.854090909090909
103761,61406,42355,0.600254040878109,0.64625198599377,0.634950722730567,26.0181818181818,39.0272727272727,34.9545454545455,1.38181818181818,31.9072727272727,0.709090909090909,30.1763636363636,0.64,35.1854545454545,-0.607211547954516,4.11253385001963,0.819272727272727,0.857181818181818,0.854090909090909
104042,61532,42510,0.599874687897938,0.646094348071896,0.63455237158547,26.0181818181818,39.0527272727273,34.9290909090909,1.36181818181818,31.9854545454545,0.665454545454545,30.1309090909091,0.623636363636364,35.2327272727273,-0.59643098261546,4.11194245381789,0.819272727272727,0.857181818181818,0.854090909090909
104120,61608,42512,0.599647262347831,0.645812304969595,0.634181248069119,25.9981818181818,39.0945454545455,34.9072727272727,1.34727272727273,32.0345454545455,0.654545454545455,30.0727272727273,0.594545454545455,35.2963636363636,-0.590752002698454,4.07286379554055,0.819272727272727,0.857181818181818,0.854090909090909
104201,61704,42497,0.599478852656624,0.645223487978038,0.633743843652795,26.0054545454545,39.1109090909091,34.8836363636364,1.32909090909091,32.0727272727273,0.649090909090909,30.0309090909091,0.56,35.3581818181818,-0.582393646782095,4.03430975892327,0.819272727272727,0.857181818181818,0.854090909090909
104583,61817,42766,0.599313721066797,0.645167732743346,0.633616707691226,25.98,39.1436363636364,34.8763636363636,1.31454545454545,32.1109090909091,0.625454545454545,30,0.536363636363636,35.4127272727273,-0.575333565913818,4.06793433536183,0.819272727272727,0.857181818181818,0.854090909090909
104564,61878,42686,0.598931385957523,0.644522539607173,0.633416497124644,25.9563636363636,39.1654545454545,34.8781818181818,1.3,32.1745454545455,0.605454545454545,29.9290909090909,0.565454545454545,35.4254545454545,-0.570280691405589,4.01003918268464,0.819272727272727,0.857181818181818,0.854090909090909
104540,61932,42608,0.598591915595711,0.644480630506642,0.63313649497308,25.9490909090909,39.1872727272727,34.8636363636364,1.27636363636364,32.1909090909091,0.625454545454545,29.8890909090909,0.583636363636364,35.4345454545455,-0.568845620886846,3.96722133159638,0.819272727272727,0.857181818181818,0.854090909090909
104764,62026,42738,0.598220323681043,0.644464925897943,0.632769949716101,25.94,39.2309090909091,34.8290909090909,1.25818181818182,32.2527272727273,0.572727272727273,29.9,0.54,35.4763636363636,-0.561661480409517,3.95675972483375,0.819272727272727,0.857181818181818,0.854090909090909
104934,62117,42817,0.597976413934493,0.644518135197069,0.632481071761962,25.9345454545455,39.2381818181818,34.8272727272727,1.25090909090909,32.3054545454545,0.567272727272727,29.8509090909091,0.552727272727273,35.4727272727273,-0.554352300419388,3.95001881068403,0.819272727272727,0.857181818181818,0.854090909090909
105039,62184,42855,0.597921398275055,0.644441010438174,0.632317779759042,25.9309090909091,39.2527272727273,34.8163636363636,1.23454545454545,32.3181818181818,0.605454545454545,29.7981818181818,0.52,35.5236363636364,-0.549561995716596,3.93390693393621,0.819272727272727,0.857181818181818,0.854090909090909
105073,62225,42848,0.597692194738023,0.6441483490087,0.632052151937124,25.9181818181818,39.3018181818182,34.78,1.22181818181818,32.3781818181818,0.570909090909091,29.7890909090909,0.489090909090909,35.5509090909091,-0.548014188701795,3.8834024543112,0.819272727272727,0.857181818181818,0.854090909090909
105215,62275,42940,0.597287971331186,0.644027362961461,0.631596918677255,25.9036363636364,39.3345454545455,34.7618181818182,1.21636363636364,32.3909090909091,0.589090909090909,29.76,0.490909090909091,35.5527272727273,-0.54147910722108,3.87010519992221,0.819272727272727,0.857181818181818,0.854090909090909
105423,62334,43089,0.597165108086166,0.643805431296299,0.631334458132128,25.9072727272727,39.3509090909091,34.7418181818182,1.20545454545455,32.4436363636364,0.54,29.7654545454545,0.492727272727273,35.5527272727273,-0.536358997691423,3.8663140735843,0.819272727272727,0.857181818181818,0.854090909090909
105595,62405,43190,0.596971231466053,0.643507866581429,0.631182324659347,25.9127272727273,39.3454545454545,34.7418181818182,1.19454545454545,32.4781818181818,0.52,29.7618181818182,0.46,35.5854545454545,-0.530147213141688,3.85331828865138,0.819272727272727,0.857181818181818,0.854090909090909
105600,62455,43145,0.596892540443449,0.642913556439368,0.630857824239845,25.9145454545455,39.3490909090909,34.7363636363636,1.18727272727273,32.4963636363636,0.514545454545455,29.7581818181818,0.44,35.6036363636364,-0.526895784984597,3.80647354559465,0.819272727272727,0.857181818181818,0.854090909090909
105664,62503,43161,0.596756332246292,0.642674831730682,0.630677973237911,25.9236363636364,39.3490909090909,34.7272727272727,1.18,32.5090909090909,0.509090909090909,29.7672727272727,0.447272727272727,35.5872727272727,-0.523666462242942,3.78362533341755,0.819272727272727,0.857181818181818,0.854090909090909
105928,62573,43355,0.596612743142195,0.642494358318286,0.630278024231015,25.9236363636364,39.3472727272727,34.7290909090909,1.17454545454545,32.56,0.465454545454546,29.7636363636364,0.405454545454546,35.6309090909091,-0.517221646882932,3.78998436548493,0.819272727272727,0.857181818181818,0.854090909090909
105958,62633,43325,0.596373011247523,0.642543105066998,0.630209410280025,25.9272727272727,39.3418181818182,34.7309090909091,1.17090909090909,32.5636363636364,0.470909090909091,29.7563636363636,0.418181818181818,35.62,-0.512653536916795,3.76032096581026,0.819272727272727,0.857181818181818,0.854090909090909
106001,62693,43308,0.59621135718047,0.642000051606707,0.629869884218837,25.9418181818182,39.3218181818182,34.7363636363636,1.16727272727273,32.5836363636364,0.481818181818182,29.7290909090909,0.403636363636364,35.6345454545455,-0.506184448581189,3.73744726939635,0.819272727272727,0.857181818181818,0.854090909090909
106143,62736,43407,0.59622934445289,0.641646967935569,0.62957687948946,25.9436363636364,39.3254545454545,34.7309090909091,1.16181818181818,32.6145454545455,0.427272727272727,29.7527272727273,0.407272727272727,35.6363636363636,-0.502349324863065,3.72330372062596,0.819272727272727,0.857181818181818,0.854090909090909
106186,62788,43398,0.596192640448402,0.641575190278308,0.629320094375112,25.9327272727273,39.3381818181818,34.7290909090909,1.15090909090909,32.6236363636364,0.430909090909091,29.7436363636364,0.409090909090909,35.6418181818182,-0.498917085795917,3.69219851331277,0.819272727272727,0.857181818181818,0.854090909090909
106448,62857,43591,0.596048601186214,0.641355503956932,0.629254186095953,25.9327272727273,39.3181818181818,34.7490909090909,1.14545454545455,32.6436363636364,0.454545454545454,29.7054545454545,0.401818181818182,35.6490909090909,-0.492652963144197,3.71190216378732,0.819272727272727,0.857181818181818,0.854090909090909
106506,62912,43594,0.595875224189684,0.641126363579054,0.628943504322599,25.9309090909091,39.3309090909091,34.7381818181818,1.13818181818182,32.66,0.465454545454546,29.68,0.385454545454545,35.6709090909091,-0.48897861963646,3.67803646596995,0.819272727272727,0.857181818181818,0.854090909090909
106454,62946,43508,0.595754131375476,0.640453289098289,0.628730592844821,25.9454545454545,39.3,34.7545454545455,1.13818181818182,32.6945454545455,0.4,29.6927272727273,0.401818181818182,35.6727272727273,-0.486173118972643,3.62852264371785,0.819272727272727,0.857181818181818,0.854090909090909
106459,62998,43461,0.595734853530771,0.640188151143807,0.628567016695057,25.9581818181818,39.2836363636364,34.7581818181818,1.13272727272727,32.7290909090909,0.4,29.66,0.389090909090909,35.6890909090909,-0.482078994776715,3.58531127788804,0.819272727272727,0.857181818181818,0.854090909090909
106686,63033,43653,0.595681638987362,0.640061941574632,0.628350877210954,25.9763636363636,39.2654545454546,34.7581818181818,1.12727272727273,32.7472727272727,0.390909090909091,29.6727272727273,0.349090909090909,35.7127272727273,-0.478954139622775,3.60685895681381,0.819272727272727,0.857181818181818,0.854090909090909
106814,63070,43744,0.595583681033001,0.6397264654588,0.628322971040201,25.9727272727273,39.2672727272727,34.76,1.12181818181818,32.7545454545455,0.409090909090909,29.6290909090909,0.358181818181818,35.7272727272727,-0.475226292310452,3.61206481727687,0.819272727272727,0.857181818181818,0.854090909090909
106778,63103,43675,0.595483729526542,0.639346117888322,0.628160163671689,25.9890909090909,39.2636363636364,34.7472727272727,1.11272727272727,32.8145454545455,0.385454545454545,29.5636363636364,0.378181818181818,35.7454545454545,-0.472666924175891,3.57352803945541,0.819272727272727,0.857181818181818,0.854090909090909
106837,63123,43714,0.595352631824508,0.639104951479842,0.628039254955814,25.9854545454545,39.2563636363636,34.7581818181818,1.10363636363636,32.8563636363636,0.376363636363636,29.5472727272727,0.343636363636364,35.7727272727273,-0.470439784812995,3.5484664467248,0.819272727272727,0.857181818181818,0.854090909090909
106626,63155,43471,0.595251427680923,0.63866894684435,0.627769170512128,25.9890909090909,39.2581818181818,34.7527272727273,1.1,32.8636363636364,0.396363636363636,29.5145454545455,0.347272727272727,35.7781818181818,-0.467483225371689,3.47476629723202,0.819272727272727,0.857181818181818,0.854090909090909
106680,63193,43487,0.5950588367957,0.638463153674327,0.627610505251215,25.9854545454545,39.2563636363636,34.7581818181818,1.08545454545455,32.9054545454545,0.372727272727273,29.5381818181818,0.303636363636364,35.7945454545455,-0.464489218516445,3.44617362808097,0.819272727272727,0.857181818181818,0.854090909090909
106661,63217,43444,0.594959236807397,0.63824223511705,0.627343761021225,25.9854545454545,39.26,34.7545454545455,1.08363636363636,32.9381818181818,0.350909090909091,29.5290909090909,0.310909090909091,35.7872727272727,-0.462541172365573,3.41397832604972,0.819272727272727,0.857181818181818,0.854090909090909
106618,63244,43374,0.59483579492792,0.638058641341829,0.62716100636197,25.9963636363636,39.2581818181818,34.7454545454545,1.08181818181818,32.9636363636364,0.376363636363636,29.4654545454545,0.307272727272727,35.8054545454545,-0.460381583446129,3.37696997265924,0.819272727272727,0.857181818181818,0.854090909090909
106785,63265,43520,0.594694874304239,0.637941667816224,0.627155906133798,25.9981818181818,39.2472727272727,34.7545454545455,1.07818181818182,33.0090909090909,0.321818181818182,29.4690909090909,0.307272727272727,35.8145454545455,-0.458353969717229,3.37210300835696,0.819272727272727,0.857181818181818,0.854090909090909
106813,63297,43516,0.594562384118768,0.637813910659264,0.627049471251515,25.9945454545455,39.2509090909091,34.7545454545455,1.06545454545455,33.0436363636364,0.32,29.4436363636364,0.298181818181818,35.8290909090909,-0.456776729124514,3.34995789663358,0.819272727272727,0.857181818181818,0.854090909090909
106858,63330,43528,0.594471573638523,0.637608641356917,0.626937491270475,25.9890909090909,39.2563636363636,34.7545454545455,1.05818181818182,33.0890909090909,0.292727272727273,29.4290909090909,0.3,35.8309090909091,-0.455010899122466,3.31797392720526,0.819272727272727,0.857181818181818,0.854090909090909
106900,63360,43540,0.594309655171064,0.637173921721526,0.626875585535627,25.9890909090909,39.2418181818182,34.7690909090909,1.05454545454545,33.1218181818182,0.290909090909091,29.3890909090909,0.289090909090909,35.8545454545455,-0.452546582108533,3.30269227840684,0.819272727272727,0.857181818181818,0.854090909090909
106902,63393,43509,0.594131804721162,0.636961222940457,0.626797037677624,25.9927272727273,39.2363636363636,34.7709090909091,1.04181818181818,33.16,0.298181818181818,29.3327272727273,0.314545454545455,35.8527272727273,-0.450094005423175,3.26978033212098,0.819272727272727,0.857181818181818,0.854090909090909
107141,63421,43720,0.594167960480968,0.636793160213294,0.626666440766509,25.9945454545455,39.2309090909091,34.7745454545455,1.03454545454545,33.2109090909091,0.305454545454545,29.2981818181818,0.289090909090909,35.8618181818182,-0.447584501747042,3.29598761417649,0.819272727272727,0.857181818181818,0.854090909090909
107219,63437,43782,0.594227002589225,0.636762954607473,0.626500220509068,25.9909090909091,39.2472727272727,34.7618181818182,1.03090909090909,33.2381818181818,0.327272727272727,29.2490909090909,0.28,35.8745454545455,-0.447018229377202,3.2971470404755,0.819272727272727,0.857181818181818,0.854090909090909
107153,63461,43692,0.594141600927743,0.636600271105874,0.626341089180912,25.9872727272727,39.2581818181818,34.7545454545455,1.02909090909091,33.2745454545455,0.321818181818182,29.2072727272727,0.298181818181818,35.8690909090909,-0.446001182996075,3.25934306464412,0.819272727272727,0.857181818181818,0.854090909090909
107133,63497,43636,0.593935039620982,0.636602949537827,0.626161938472208,25.9727272727273,39.2836363636364,34.7436363636364,1.02909090909091,33.2945454545455,0.34,29.1709090909091,0.281818181818182,35.8836363636364,-0.443423970204524,3.22699860645966,0.819272727272727,0.857181818181818,0.854090909090909
107271,63526,43745,0.593983063833405,0.636572490475121,0.625885688149812,25.9836363636364,39.2745454545455,34.7418181818182,1.02727272727273,33.3454545454545,0.321818181818182,29.1290909090909,0.276363636363636,35.9,-0.44126069878482,3.22075957439163,0.819272727272727,0.857181818181818,0.854090909090909
107414,63547,43867,0.593888892094016,0.636653768160509,0.625934661763095,25.9745454545455,39.2854545454545,34.74,1.02363636363636,33.3927272727273,0.298181818181818,29.1163636363636,0.272727272727273,35.8963636363636,-0.440308527555317,3.21986294226213,0.819272727272727,0.857181818181818,0.854090909090909
107482,63566,43916,0.593735896150757,0.636549412974187,0.625944075906531,25.9727272727273,39.2745454545455,34.7527272727273,1.01636363636364,33.4436363636364,0.285454545454545,29.0745454545455,0.287272727272727,35.8927272727273,-0.439236655391075,3.20859528996728,0.819272727272727,0.857181818181818,0.854090909090909
107612,63579,44033,0.593565574671386,0.636621712694939,0.625813566656854,25.9690909090909,39.2781818181818,34.7527272727273,1.00727272727273,33.5018181818182,0.283636363636364,29.0509090909091,0.252727272727273,35.9036363636364,-0.439906783799895,3.20852196324955,0.819272727272727,0.857181818181818,0.854090909090909
107668,63596,44072,0.593589381535626,0.636510263384521,0.625757563984016,25.9763636363636,39.2763636363636,34.7472727272727,1.00363636363636,33.5454545454545,0.272727272727273,28.9836363636364,0.263636363636364,35.9309090909091,-0.437718172058124,3.19693766615608,0.819272727272727,0.857181818181818,0.854090909090909
107647,63610,44037,0.593392243698978,0.636583540695134,0.625597869734716,25.9709090909091,39.2836363636364,34.7454545454545,0.990909090909091,33.5927272727273,0.28,28.9272727272727,0.269090909090909,35.94,-0.436072477774525,3.16932213496078,0.819272727272727,0.857181818181818,0.854090909090909
107648,63628,44020,0.593471484023773,0.636430530740292,0.625491060576009,25.9745454545455,39.2872727272727,34.7381818181818,0.985454545454546,33.6363636363636,0.258181818181818,28.9072727272727,0.263636363636364,35.9490909090909,-0.435486295870082,3.14383688406511,0.819272727272727,0.857181818181818,0.854090909090909
107744,63655,44089,0.593359412056577,0.636337445818859,0.62542879386153,25.9672727272727,39.2854545454545,34.7472727272727,0.985454545454546,33.6545454545455,0.276363636363636,28.8727272727273,0.243636363636364,35.9672727272727,-0.431869357925924,3.13584100522778,0.819272727272727,0.857181818181818,0.854090909090909
107834,63670,44164,0.593329261289588,0.636248403943797,0.625342881767374,25.9690909090909,39.2872727272727,34.7436363636364,0.983636363636364,33.6872727272727,0.289090909090909,28.8236363636364,0.24,35.9763636363636,-0.431372684748335,3.13333206366409,0.819272727272727,0.857181818181818,0.854090909090909
107517,63691,43826,0.593141617073249,0.635939631318715,0.625299718473447,25.9709090909091,39.2909090909091,34.7381818181818,0.983636363636364,33.7127272727273,0.276363636363636,28.7945454545455,0.256363636363636,35.9763636363636,-0.430528761802072,3.03926391168074,0.819272727272727,0.857181818181818,0.854090909090909
107498,63719,43779,0.593102614054448,0.635609032101994,0.625206121025541,25.9709090909091,39.2890909090909,34.74,0.978181818181818,33.7363636363636,0.274545454545455,28.7618181818182,0.24,36.0090909090909,-0.427899161133577,3.00671739686619,0.819272727272727,0.857181818181818,0.854090909090909
107475,63739,43736,0.593076952637022,0.635476197951212,0.625110566712323,25.9872727272727,39.2836363636364,34.7290909090909,0.970909090909091,33.7709090909091,0.254545454545455,28.7381818181818,0.24,36.0254545454545,-0.426508853228932,2.97855505943298,0.819272727272727,0.857181818181818,0.854090909090909
107583,63755,43828,0.59307013350158,0.63551493182573,0.625076511403302,26,39.2836363636364,34.7163636363636,0.969090909090909,33.7890909090909,0.269090909090909,28.6945454545455,0.227272727272727,36.0509090909091,-0.425784119481051,2.98012538254261,0.819272727272727,0.857181818181818,0.854090909090909
107563,63761,43802,0.593019808844773,0.63517176741572,0.624983775740613,26.0090909090909,39.2727272727273,34.7181818181818,0.965454545454546,33.8218181818182,0.230909090909091,28.6836363636364,0.230909090909091,36.0672727272727,-0.425197645234452,2.9543763407252,0.819272727272727,0.857181818181818,0.854090909090909
107660,63790,43870,0.593018934296035,0.63517638821985,0.624839851916873,26.0345454545455,39.2618181818182,34.7036363636364,0.963636363636364,33.8145454545455,0.225454545454545,28.6945454545455,0.221818181818182,36.08,-0.421757790784944,2.95176363641565,0.819272727272727,0.857181818181818,0.854090909090909
107603,63813,43790,0.593034096876937,0.635005660088307,0.624778668548451,26.0454545454545,39.2618181818182,34.6927272727273,0.952727272727273,33.8181818181818,0.24,28.6545454545455,0.256363636363636,36.0781818181818,-0.419402288340709,2.92687458531423,0.819272727272727,0.857181818181818,0.854090909090909
107730,63831,43899,0.592996122664818,0.63500721862388,0.624631879402238,26.0454545454545,39.2763636363636,34.6781818181818,0.943636363636364,33.84,0.207272727272727,28.6654545454545,0.230909090909091,36.1127272727273,-0.418193193660541,2.92201924838803,0.819272727272727,0.857181818181818,0.854090909090909
107911,63863,44048,0.5930338700228,0.635006404961925,0.624680245623587,26.0545454545455,39.2763636363636,34.6690909090909,0.94,33.8490909090909,0.210909090909091,28.6272727272727,0.261818181818182,36.1109090909091,-0.414635361646387,2.94300347241488,0.819272727272727,0.857181818181818,0.854090909090909
108000,63878,44122,0.5930454471292,0.635088935210823,0.624657692544563,26.0636363636364,39.2654545454546,34.6709090909091,0.929090909090909,33.8563636363636,0.205454545454545,28.6381818181818,0.250909090909091,36.12,-0.413750933948904,2.94469018903646,0.819272727272727,0.857181818181818,0.854090909090909
108021,63906,44115,0.593056940889388,0.634784301806847,0.624616877311571,26.0745454545455,39.2490909090909,34.6763636363636,0.925454545454545,33.8618181818182,0.192727272727273,28.6454545454545,0.236363636363636,36.1381818181818,-0.411707663104277,2.919447253509,0.819272727272727,0.857181818181818,0.854090909090909
108093,63920,44173,0.593025681992597,0.634603006008178,0.624621193354779,26.0890909090909,39.2418181818182,34.6690909090909,0.923636363636364,33.8581818181818,0.210909090909091,28.62,0.210909090909091,36.1763636363636,-0.409872261299328,2.90890993882309,0.819272727272727,0.857181818181818,0.854090909090909
107972,63938,44034,0.592902260028797,0.634308958846451,0.624449318148362,26.1018181818182,39.2418181818182,34.6563636363636,0.92,33.88,0.201818181818182,28.5927272727273,0.214545454545455,36.1909090909091,-0.408405432037332,2.86574279178273,0.819272727272727,0.857181818181818,0.854090909090909
107941,63942,43999,0.592817185513737,0.634282957218107,0.624442240264439,26.1163636363636,39.2363636363636,34.6472727272727,0.916363636363636,33.8727272727273,0.227272727272727,28.56,0.216363636363636,36.2072727272727,-0.408310830745507,2.8422982248393,0.819272727272727,0.857181818181818,0.854090909090909
107941,63955,43986,0.592854146478267,0.634124720689864,0.624280329406524,26.1363636363636,39.2236363636364,34.64,0.914545454545455,33.88,0.230909090909091,28.5418181818182,0.203636363636364,36.2290909090909,-0.408203930026767,2.82812905826352,0.819272727272727,0.857181818181818,0.854090909090909
107830,63975,43855,0.592743314427942,0.634130918604561,0.624152279979202,26.1436363636364,39.2218181818182,34.6345454545455,0.909090909090909,33.8781818181818,0.229090909090909,28.5418181818182,0.210909090909091,36.2309090909091,-0.406375717854297,2.79338624206456,0.819272727272727,0.857181818181818,0.854090909090909
108073,64000,44073,0.592877103027513,0.634237570419427,0.624100680953778,26.16,39.2072727272727,34.6327272727273,0.903636363636364,33.8963636363636,0.203636363636364,28.5527272727273,0.201818181818182,36.2418181818182,-0.404190614032136,2.81757163866,0.819272727272727,0.857181818181818,0.854090909090909
108134,64029,44105,0.592853537466544,0.634158061505525,0.623920279648439,26.1690909090909,39.2,34.6309090909091,0.903636363636364,33.9018181818182,0.189090909090909,28.56,0.178181818181818,36.2672727272727,-0.400526377118447,2.8061086833477,0.819272727272727,0.857181818181818,0.854090909090909
108220,64044,44176,0.592850330737411,0.634098662113533,0.623887275977497,26.1690909090909,39.2018181818182,34.6290909090909,0.896363636363636,33.9290909090909,0.183636363636364,28.54,0.178181818181818,36.2727272727273,-0.39914030699398,2.80253222259608,0.819272727272727,0.857181818181818,0.854090909090909
108180,64060,44120,0.592816495448801,0.633916529722488,0.623884377589676,26.1781818181818,39.2036363636364,34.6181818181818,0.894545454545455,33.9490909090909,0.183636363636364,28.5,0.18,36.2927272727273,-0.397947889617221,2.77427338470112,0.819272727272727,0.857181818181818,0.854090909090909
108160,64068,44092,0.592705362793611,0.633565548390581,0.623898514619723,26.1781818181818,39.1963636363636,34.6254545454545,0.894545454545455,33.9690909090909,0.161818181818182,28.4709090909091,0.176363636363636,36.3272727272727,-0.396516118511896,2.75094281760129,0.819272727272727,0.857181818181818,0.854090909090909
108107,64082,44025,0.592552831346309,0.63336944151158,0.623886004429398,26.1854545454545,39.1981818181818,34.6163636363636,0.894545454545455,33.9636363636364,0.189090909090909,28.4254545454545,0.169090909090909,36.3581818181818,-0.395317516475916,2.72367488823154,0.819272727272727,0.857181818181818,0.854090909090909
108118,64109,44009,0.592667072989666,0.63315190867303,0.623864201039029,26.2018181818182,39.1818181818182,34.6163636363636,0.894545454545455,33.9909090909091,0.178181818181818,28.3818181818182,0.189090909090909,36.3654545454545,-0.392721539397131,2.70523861186071,0.819272727272727,0.857181818181818,0.854090909090909
108269,64145,44124,0.592536753957608,0.633264368896215,0.623700817331951,26.2072727272727,39.1763636363636,34.6163636363636,0.892727272727273,34.0072727272727,0.181818181818182,28.34,0.196363636363636,36.3818181818182,-0.387859957199544,2.71593288562515,0.819272727272727,0.857181818181818,0.854090909090909
108238,64158,44080,0.592518883966447,0.632983377861893,0.623653088860826,26.2218181818182,39.16,34.6181818181818,0.890909090909091,34.02,0.196363636363636,28.2836363636364,0.201818181818182,36.4072727272727,-0.386835432120345,2.69790212132714,0.819272727272727,0.857181818181818,0.854090909090909
108330,64176,44154,0.592536945726616,0.632962510694539,0.623626020603779,26.2309090909091,39.1472727272727,34.6218181818182,0.889090909090909,34.0618181818182,0.172727272727273,28.26,0.192727272727273,36.4236363636364,-0.385404506554319,2.70207083482634,0.819272727272727,0.857181818181818,0.854090909090909
108359,64196,44163,0.59251606400453,0.632895820124402,0.623446813190337,26.2418181818182,39.1472727272727,34.6109090909091,0.887272727272727,34.0727272727273,0.18,28.2363636363636,0.158181818181818,36.4654545454545,-0.38496416199275,2.6926982792941,0.819272727272727,0.857181818181818,0.854090909090909
108398,64204,44194,0.592460637299286,0.633020485142245,0.623395289461129,26.2490909090909,39.1454545454545,34.6054545454545,0.887272727272727,34.0818181818182,0.176363636363636,28.1836363636364,0.183636363636364,36.4872727272727,-0.385011981495402,2.68387342732061,0.819272727272727,0.857181818181818,0.854090909090909
108262,64204,44058,0.592482221260959,0.632653893432448,0.623401925307392,26.2581818181818,39.1472727272727,34.5945454545455,0.885454545454545,34.0836363636364,0.198181818181818,28.1454545454545,0.167272727272727,36.52,-0.385318990407342,2.63416716280309,0.819272727272727,0.857181818181818,0.854090909090909
108341,64206,44135,0.592465855799326,0.632709007368608,0.623332173889306,26.26,39.1509090909091,34.5890909090909,0.88,34.1163636363636,0.176363636363636,28.12,0.172727272727273,36.5345454545455,-0.386086550050161,2.63160168934952,0.819272727272727,0.857181818181818,0.854090909090909
108357,64227,44130,0.592486466319127,0.63257570565413,0.623196729133656,26.26,39.1527272727273,34.5872727272727,0.876363636363636,34.1236363636364,0.169090909090909,28.1,0.178181818181818,36.5527272727273,-0.384071447141469,2.61939447007396,0.819272727272727,0.857181818181818,0.854090909090909
108346,64236,44110,0.592415248606617,0.632410357108962,0.623196059128494,26.2654545454545,39.1509090909091,34.5836363636364,0.876363636363636,34.1381818181818,0.165454545454545,28.0672727272727,0.170909090909091,36.5818181818182,-0.381271094811911,2.60565465377136,0.819272727272727,0.857181818181818,0.854090909090909
108381,64254,44127,0.592428091593684,0.632282952653734,0.6231793796491,26.28,39.14,34.58,0.874545454545455,34.16,0.147272727272727,28.0345454545455,0.165454545454545,36.6181818181818,-0.380701066367328,2.59880546656522,0.819272727272727,0.857181818181818,0.854090909090909
108408,64268,44140,0.592492714099202,0.632161249838029,0.6231571115159,26.2890909090909,39.1345454545455,34.5763636363636,0.874545454545455,34.1781818181818,0.147272727272727,28,0.161818181818182,36.6381818181818,-0.379585090897639,2.59310468110171,0.819272727272727,0.857181818181818,0.854090909090909
108412,64282,44130,0.592468142029115,0.632156151444556,0.623104422421285,26.2890909090909,39.1418181818182,34.5690909090909,0.874545454545455,34.1963636363636,0.152727272727273,27.9636363636364,0.158181818181818,36.6545454545455,-0.379389606754888,2.57624720280821,0.819272727272727,0.857181818181818,0.854090909090909
108433,64288,44145,0.59242089259815,0.632131162952197,0.622998421622758,26.2854545454545,39.1454545454545,34.5690909090909,0.872727272727273,34.2163636363636,0.16,27.9327272727273,0.138181818181818,36.68,-0.379070536462082,2.56057885438204,0.819272727272727,0.857181818181818,0.854090909090909
108481,64300,44181,0.592353211462306,0.632239975230912,0.622954164546956,26.2945454545455,39.1236363636364,34.5818181818182,0.870909090909091,34.2345454545455,0.178181818181818,27.8745454545455,0.156363636363636,36.6854545454545,-0.378305573346601,2.55830573520877,0.819272727272727,0.857181818181818,0.854090909090909
108418,64309,44109,0.592265224987805,0.632268659237563,0.622751065079016,26.2909090909091,39.1345454545455,34.5745454545455,0.867272727272727,34.26,0.161818181818182,27.8454545454545,0.147272727272727,36.7181818181818,-0.378079719604416,2.52286857881329,0.819272727272727,0.857181818181818,0.854090909090909
108408,64322,44086,0.592207370674278,0.632288278148493,0.622758324783469,26.2854545454545,39.1454545454545,34.5690909090909,0.865454545454545,34.2763636363636,0.163636363636364,27.8018181818182,0.152727272727273,36.74,-0.376417115474628,2.50802183340896,0.819272727272727,0.857181818181818,0.854090909090909
108423,64322,44101,0.592219056042362,0.632212214689259,0.622682595080365,26.2872727272727,39.1454545454545,34.5672727272727,0.865454545454545,34.2981818181818,0.16,27.7581818181818,0.152727272727273,36.7654545454546,-0.376245051681657,2.50043775534088,0.819272727272727,0.857181818181818,0.854090909090909
108255,64325,43930,0.592246493802069,0.631901545295517,0.622553345062977,26.2909090909091,39.1454545454545,34.5636363636364,0.865454545454545,34.3109090909091,0.167272727272727,27.7181818181818,0.161818181818182,36.7763636363636,-0.376652018243278,2.46376736069267,0.819272727272727,0.857181818181818,0.854090909090909
108252,64329,43923,0.592271670058204,0.631885936576685,0.622444711564515,26.3072727272727,39.1345454545455,34.5581818181818,0.867272727272727,34.3254545454545,0.185454545454545,27.6563636363636,0.154545454545455,36.8109090909091,-0.377042423806746,2.45071046948433,0.819272727272727,0.857181818181818,0.854090909090909
108281,64335,43946,0.592200506568168,0.631919266279984,0.622382819224759,26.3072727272727,39.1418181818182,34.5509090909091,0.867272727272727,34.3581818181818,0.158181818181818,27.6345454545455,0.136363636363636,36.8454545454545,-0.378112390713597,2.43671486472542,0.819272727272727,0.857181818181818,0.854090909090909
108325,64351,43974,0.59214483575684,0.631780928733956,0.622203197833663,26.3036363636364,39.1490909090909,34.5472727272727,0.861818181818182,34.3836363636364,0.143636363636364,27.6072727272727,0.147272727272727,36.8563636363636,-0.376719599835236,2.43014380884441,0.819272727272727,0.857181818181818,0.854090909090909
108375,64356,44019,0.59222402275229,0.631650431064447,0.622149107519889,26.3236363636364,39.1290909090909,34.5472727272727,0.858181818181818,34.4054545454545,0.149090909090909,27.5690909090909,0.130909090909091,36.8872727272727,-0.376663169010796,2.42732087543065,0.819272727272727,0.857181818181818,0.854090909090909
108377,64369,44008,0.592024141764276,0.631568085073674,0.621978181995767,26.3236363636364,39.1254545454546,34.5509090909091,0.86,34.4327272727273,0.152727272727273,27.5272727272727,0.134545454545455,36.8927272727273,-0.372131025968966,2.40869659314101,0.819272727272727,0.857181818181818,0.854090909090909
108343,64370,43973,0.592034055249157,0.631434925589279,0.621989678307485,26.3236363636364,39.12,34.5563636363636,0.86,34.4563636363636,0.141818181818182,27.4836363636364,0.141818181818182,36.9163636363636,-0.37226950369606,2.39891478426077,0.819272727272727,0.857181818181818,0.854090909090909
108369,64376,43993,0.591982229077523,0.631377598542011,0.62195595578506,26.3218181818182,39.1181818181818,34.56,0.854545454545454,34.4763636363636,0.147272727272727,27.4472727272727,0.134545454545455,36.94,-0.372533435357565,2.38949633186514,0.819272727272727,0.857181818181818,0.854090909090909
108288,64389,43899,0.591972452034636,0.631428108663583,0.621686433178263,26.3218181818182,39.1145454545455,34.5636363636364,0.854545454545454,34.4836363636364,0.163636363636364,27.4036363636364,0.116363636363636,36.9781818181818,-0.371669919797304,2.36464659856124,0.819272727272727,0.857181818181818,0.854090909090909
108304,64400,43904,0.592003359817655,0.631230078918366,0.62159256470982,26.3472727272727,39.0818181818182,34.5709090909091,0.856363636363636,34.5,0.150909090909091,27.3545454545455,0.125454545454545,37.0127272727273,-0.369402417074889,2.35422444797375,0.819272727272727,0.857181818181818,0.854090909090909
108381,64414,43967,0.592117661163506,0.631410739575338,0.62154587276,26.3418181818182,39.0854545454546,34.5727272727273,0.856363636363636,34.5218181818182,0.16,27.3036363636364,0.123636363636364,37.0345454545455,-0.369338847425851,2.35303568392992,0.819272727272727,0.857181818181818,0.854090909090909
108500,64425,44075,0.592083645922514,0.631394043853696,0.62155479279509,26.3345454545455,39.0909090909091,34.5745454545455,0.854545454545454,34.5618181818182,0.143636363636364,27.2436363636364,0.118181818181818,37.0781818181818,-0.36933811865747,2.35779724373397,0.819272727272727,0.857181818181818,0.854090909090909
108572,64442,44130,0.592078935782603,0.63118961818663,0.621764264689027,26.3363636363636,39.0890909090909,34.5745454545455,0.849090909090909,34.5872727272727,0.138181818181818,27.1963636363636,0.123636363636364,37.1054545454545,-0.366684305430813,2.35730204206299,0.819272727272727,0.857181818181818,0.854090909090909
108617,64441,44176,0.592048918224891,0.631201923813634,0.621755280906779,26.3309090909091,39.0963636363636,34.5727272727273,0.849090909090909,34.5963636363636,0.156363636363636,27.1363636363636,0.145454545454545,37.1163636363636,-0.367904929833656,2.35529724576256,0.819272727272727,0.857181818181818,0.854090909090909
108479,64440,44039,0.591995300898453,0.630843713104314,0.621671394543533,26.3363636363636,39.0963636363636,34.5672727272727,0.847272727272727,34.64,0.118181818181818,27.1127272727273,0.152727272727273,37.1290909090909,-0.36667502314191,2.32095574607903,0.819272727272727,0.857181818181818,0.854090909090909
108452,64438,44014,0.592053034298286,0.630698835765373,0.621493210440323,26.3490909090909,39.0818181818182,34.5690909090909,0.845454545454545,34.66,0.118181818181818,27.0654545454545,0.14,37.1709090909091,-0.366734725152227,2.30266944474795,0.819272727272727,0.857181818181818,0.854090909090909
108469,64454,44015,0.591961959737825,0.630711802812706,0.621489444247623,26.3490909090909,39.0818181818182,34.5690909090909,0.841818181818182,34.6709090909091,0.145454545454545,27.0090909090909,0.134545454545455,37.1981818181818,-0.365513580173931,2.29576232087883,0.819272727272727,0.857181818181818,0.854090909090909
108469,64466,44003,0.592027855035516,0.630498345771966,0.621474159395367,26.3545454545455,39.0690909090909,34.5763636363636,0.841818181818182,34.7145454545455,0.125454545454545,26.9563636363636,0.138181818181818,37.2236363636364,-0.364758784814992,2.27777742167765,0.819272727272727,0.857181818181818,0.854090909090909
108469,64460,44009,0.59192210689912,0.630336154260979,0.62134214919247,26.36,39.0745454545455,34.5654545454545,0.84,34.7436363636364,0.105454545454545,26.9309090909091,0.127272727272727,37.2527272727273,-0.365132608417083,2.2702925992283,0.819272727272727,0.857181818181818,0.854090909090909
108488,64462,44026,0.591861941077769,0.630308186801994,0.621304202233709,26.3545454545455,39.08,34.5654545454545,0.836363636363636,34.7618181818182,0.112727272727273,26.8981818181818,0.107272727272727,37.2836363636364,-0.364963012865999,2.26683324003084,0.819272727272727,0.857181818181818,0.854090909090909
108298,64476,43822,0.591750283233919,0.630179432380634,0.621301050773985,26.3581818181818,39.0672727272727,34.5745454545455,0.838181818181818,34.7909090909091,0.118181818181818,26.8109090909091,0.136363636363636,37.3054545454546,-0.363808574188839,2.21366153880954,0.819272727272727,0.857181818181818,0.854090909090909
108376,64483,43893,0.591773085699256,0.630248572117435,0.62124512015355,26.3618181818182,39.0563636363636,34.5818181818182,0.834545454545455,34.8290909090909,0.1,26.7709090909091,0.123636363636364,37.3418181818182,-0.364019828984006,2.21369969248772,0.819272727272727,0.857181818181818,0.854090909090909
108314,64500,43814,0.591719605472771,0.630382828769959,0.620962699674756,26.3618181818182,39.0563636363636,34.5818181818182,0.834545454545455,34.8345454545455,0.114545454545455,26.7272727272727,0.12,37.3690909090909,-0.36305923412808,2.19079722166061,0.819272727272727,0.857181818181818,0.854090909090909
108318,64513,43805,0.591756828849115,0.630414435783775,0.620916432655204,26.36,39.0472727272727,34.5927272727273,0.830909090909091,34.8563636363636,0.105454545454545,26.7145454545455,0.116363636363636,37.3763636363636,-0.361924628642472,2.17373148358681,0.819272727272727,0.857181818181818,0.854090909090909
108290,64530,43760,0.591771039038263,0.63022486891458,0.62087773865395,26.3527272727273,39.0454545454545,34.6018181818182,0.832727272727273,34.8654545454545,0.105454545454545,26.6945454545455,0.121818181818182,37.38,-0.359227563068271,2.15014506239783,0.819272727272727,0.857181818181818,0.854090909090909
108387,64539,43848,0.591898407821444,0.630283993896085,0.620876087800775,26.3545454545455,39.0418181818182,34.6036363636364,0.830909090909091,34.8745454545455,0.130909090909091,26.6254545454545,0.121818181818182,37.4163636363636,-0.35923727102239,2.16120462376963,0.819272727272727,0.857181818181818,0.854090909090909
108473,64548,43925,0.591926859925758,0.630289874529092,0.620907291995809,26.3527272727273,39.0327272727273,34.6145454545455,0.825454545454545,34.9072727272727,0.118181818181818,26.6036363636364,0.107272727272727,37.4381818181818,-0.358566786331887,2.15824527970769,0.819272727272727,0.857181818181818,0.854090909090909
108486,64556,43930,0.591901237139676,0.630278060997338,0.620967704671867,26.34,39.04,34.62,0.823636363636364,34.9272727272727,0.12,26.5563636363636,0.121818181818182,37.4509090909091,-0.358393573642454,2.14729391173883,0.819272727272727,0.857181818181818,0.854090909090909
108459,64553,43906,0.591789931678067,0.630000584786991,0.621017792971184,26.3272727272727,39.0345454545455,34.6381818181818,0.821818181818182,34.9418181818182,0.127272727272727,26.52,0.12,37.4690909090909,-0.359067033163526,2.13235357904976,0.819272727272727,0.857181818181818,0.854090909090909
108439,64561,43878,0.5917706679265,0.629897427119995,0.621022505577685,26.3290909090909,39.0272727272727,34.6436363636364,0.82,34.9454545454545,0.123636363636364,26.5036363636364,0.125454545454545,37.4818181818182,-0.357943703792989,2.11636316810142,0.819272727272727,0.857181818181818,0.854090909090909
108568,64569,43999,0.591715827075872,0.629865504318204,0.621094735715856,26.3363636363636,39.0036363636364,34.66,0.82,34.9709090909091,0.121818181818182,26.4654545454545,0.125454545454545,37.4963636363636,-0.35735501147468,2.12469455687837,0.819272727272727,0.857181818181818,0.854090909090909
108459,64586,43873,0.591702305443183,0.629594281540958,0.621081481791195,26.3418181818182,38.9836363636364,34.6745454545455,0.816363636363636,34.9945454545455,0.114545454545455,26.4490909090909,0.136363636363636,37.4890909090909,-0.3543078715659,2.09529037082737,0.819272727272727,0.857181818181818,0.854090909090909
108209,64594,43615,0.59139945192375,0.629612292462718,0.621038081006324,26.3418181818182,38.98,34.6781818181818,0.814545454545455,35.0090909090909,0.118181818181818,26.4236363636364,0.114545454545455,37.52,-0.353856308284131,2.03102407401258,0.819272727272727,0.857181818181818,0.854090909090909
108185,64604,43581,0.591405436334141,0.629369717946797,0.620971077354902,26.3472727272727,38.9727272727273,34.68,0.818181818181818,35.0309090909091,0.101818181818182,26.3909090909091,0.134545454545455,37.5236363636364,-0.354155551489781,2.00939962559126,0.819272727272727,0.857181818181818,0.854090909090909
108049,64618,43431,0.591444344408653,0.629054570815286,0.620995106603983,26.3527272727273,38.9545454545455,34.6927272727273,0.810909090909091,35.0418181818182,0.101818181818182,26.3454545454545,0.143636363636364,37.5563636363636,-0.351956733993509,1.97149034108628,0.819272727272727,0.857181818181818,0.854090909090909
108028,64626,43402,0.591386039938798,0.628968892984536,0.620914345614711,26.3418181818182,38.9654545454545,34.6927272727273,0.809090909090909,35.0381818181818,0.121818181818182,26.3163636363636,0.132727272727273,37.5818181818182,-0.351757946153256,1.95532065149058,0.819272727272727,0.857181818181818,0.854090909090909
108090,64647,43443,0.591429415749688,0.628972983605455,0.620975005837216,26.3309090909091,38.9763636363636,34.6927272727273,0.805454545454545,35.0563636363636,0.0963636363636364,26.2709090909091,0.149090909090909,37.6218181818182,-0.352116167361171,1.9516716465354,0.819272727272727,0.857181818181818,0.854090909090909
108036,64664,43372,0.591325588582287,0.628834780093743,0.620948132067815,26.3145454545455,38.9781818181818,34.7072727272727,0.803636363636364,35.0418181818182,0.107272727272727,26.2181818181818,0.154545454545455,37.6745454545455,-0.349497834332711,1.9297755359926,0.819272727272727,0.857181818181818,0.854090909090909
108309,64682,43627,0.591237948950692,0.628937098611928,0.620979013377771,26.32,38.9581818181818,34.7218181818182,0.8,35.0309090909091,0.123636363636364,26.1854545454545,0.125454545454545,37.7345454545455,-0.346132497445003,1.96472227478569,0.819272727272727,0.857181818181818,0.854090909090909
108489,64690,43799,0.5911849601722,0.628660742829765,0.621289670454229,26.32,38.9509090909091,34.7290909090909,0.796363636363636,35.0272727272727,0.112727272727273,26.16,0.12,37.7836363636364,-0.345292841073718,1.97059129910036,0.819272727272727,0.857181818181818,0.854090909090909
108465,64679,43786,0.591146144081699,0.628510709731146,0.621270549366669,26.32,38.9436363636364,34.7363636363636,0.790909090909091,35.0127272727273,0.109090909090909,26.1345454545455,0.125454545454545,37.8272727272727,-0.347450003116815,1.97114211124453,0.819272727272727,0.857181818181818,0.854090909090909
108315,64687,43628,0.590867590981151,0.628393041642326,0.621284459499189,26.3218181818182,38.9272727272727,34.7509090909091,0.787272727272727,34.9818181818182,0.121818181818182,26.0945454545455,0.125454545454545,37.8890909090909,-0.345435539933599,1.92313457029787,0.819272727272727,0.857181818181818,0.854090909090909
108513,64702,43811,0.590943642541288,0.628555481030148,0.62136704534269,26.3072727272727,38.9381818181818,34.7545454545455,0.787272727272727,34.9509090909091,0.110909090909091,26.0763636363636,0.125454545454545,37.9490909090909,-0.344638138548048,1.94204518320886,0.819272727272727,0.857181818181818,0.854090909090909
108449,64697,43752,0.590916091344991,0.62831711187981,0.621385949252171,26.3127272727273,38.9236363636364,34.7636363636364,0.789090909090909,34.9090909090909,0.109090909090909,26.04,0.130909090909091,38.0218181818182,-0.345126041232354,1.91965649940751,0.819272727272727,0.857181818181818,0.854090909090909
108450,64714,43736,0.590959128658178,0.628321095579036,0.621374430452552,26.3109090909091,38.9218181818182,34.7672727272727,0.785454545454545,34.8927272727273,0.1,26.0218181818182,0.112727272727273,38.0872727272727,-0.341914655858735,1.90430505004796,0.819272727272727,0.857181818181818,0.854090909090909
108473,64717,43756,0.590855601574768,0.628312402523505,0.621400402225018,26.3036363636364,38.9127272727273,34.7836363636364,0.785454545454545,34.8254545454545,0.112727272727273,26.0381818181818,0.103636363636364,38.1345454545455,-0.339530055735006,1.89633432911201,0.819272727272727,0.857181818181818,0.854090909090909
108561,64732,43829,0.59087302278527,0.628344496776448,0.621451272249885,26.2872727272727,38.9109090909091,34.8018181818182,0.776363636363636,34.7963636363636,0.118181818181818,25.9927272727273,0.118181818181818,38.1981818181818,-0.337850506612184,1.89658950154077,0.819272727272727,0.857181818181818,0.854090909090909
108619,64734,43885,0.590857036708608,0.628318328632677,0.621491565674108,26.2763636363636,38.9090909090909,34.8145454545455,0.770909090909091,34.7563636363636,0.0927272727272727,26.0236363636364,0.0890909090909091,38.2672727272727,-0.33917689028577,1.898463417759,0.819272727272727,0.857181818181818,0.854090909090909
108611,64753,43858,0.590855089534425,0.62821277489175,0.62150784403149,26.2709090909091,38.8890909090909,34.84,0.763636363636364,34.7163636363636,0.116363636363636,25.9581818181818,0.0909090909090909,38.3545454545455,-0.336694540430538,1.87714329720898,0.819272727272727,0.857181818181818,0.854090909090909
108609,64755,43854,0.590711722727886,0.628233589004423,0.621385923704645,26.2563636363636,38.8909090909091,34.8527272727273,0.758181818181818,34.6854545454545,0.0963636363636364,25.9527272727273,0.0854545454545454,38.4218181818182,-0.336835127148185,1.86458519859747,0.819272727272727,0.857181818181818,0.854090909090909
108631,64767,43864,0.59070983330849,0.628094606197689,0.621485579987427,26.2490909090909,38.8909090909091,34.86,0.756363636363636,34.64,0.0836363636363636,25.9309090909091,0.101818181818182,38.4872727272727,-0.334536067716015,1.85861523710191,0.819272727272727,0.857181818181818,0.854090909090909
108764,64784,43980,0.590613869187473,0.628339545764322,0.621508006464724,26.2309090909091,38.9072727272727,34.8618181818182,0.756363636363636,34.5890909090909,0.101818181818182,25.8854545454545,0.0854545454545454,38.5818181818182,-0.332871497339908,1.86364500844343,0.819272727272727,0.857181818181818,0.854090909090909
108772,64785,43987,0.590569745473682,0.628187564253602,0.621417409960967,26.22,38.9036363636364,34.8763636363636,0.754545454545455,34.52,0.107272727272727,25.8927272727273,0.08,38.6454545454545,-0.33233459263786,1.85736376456916,0.819272727272727,0.857181818181818,0.854090909090909
108764,64793,43971,0.590566993271165,0.627906821039638,0.621524124290219,26.22,38.8945454545455,34.8854545454545,0.750909090909091,34.4781818181818,0.0854545454545454,25.86,0.116363636363636,38.7090909090909,-0.332296290163967,1.83641668480228,0.819272727272727,0.857181818181818,0.854090909090909
108792,64805,43987,0.590427039857919,0.627868004249532,0.621458013877731,26.2090909090909,38.8963636363636,34.8945454545455,0.747272727272727,34.4218181818182,0.109090909090909,25.82,0.0981818181818182,38.8036363636364,-0.331546292705885,1.82303902054714,0.819272727272727,0.857181818181818,0.854090909090909
108824,64821,44003,0.590265882037375,0.62770981676507,0.621455611118573,26.1927272727273,38.8981818181818,34.9090909090909,0.745454545454545,34.4036363636364,0.0981818181818182,25.7890909090909,0.0981818181818182,38.8654545454545,-0.327915011177009,1.81757127427581,0.819272727272727,0.857181818181818,0.854090909090909
108868,64826,44042,0.590254383390476,0.627654369429604,0.621447081843265,26.1872727272727,38.9090909090909,34.9036363636364,0.743636363636364,34.3636363636364,0.0890909090909091,25.7890909090909,0.105454545454545,38.9090909090909,-0.327974441624246,1.81557469545779,0.819272727272727,0.857181818181818,0.854090909090909
108891,64828,44063,0.590301291788842,0.62764963551746,0.621461251005822,26.1818181818182,38.9018181818182,34.9163636363636,0.743636363636364,34.3109090909091,0.0909090909090909,25.7981818181818,0.0927272727272727,38.9636363636364,-0.329379148021425,1.81019972689788,0.819272727272727,0.857181818181818,0.854090909090909
109050,64845,44205,0.590541522629774,0.627810588166476,0.621377235141191,26.1745454545455,38.9,34.9254545454545,0.74,34.2618181818182,0.114545454545455,25.78,0.0981818181818182,39.0054545454545,-0.328205497700467,1.82177239348265,0.819272727272727,0.857181818181818,0.854090909090909
109058,64849,44209,0.590476118718289,0.627705032857893,0.621361448835797,26.1618181818182,38.9018181818182,34.9363636363636,0.734545454545455,34.2418181818182,0.0945454545454545,25.78,0.0781818181818182,39.0709090909091,-0.327007489215413,1.81305155046284,0.819272727272727,0.857181818181818,0.854090909090909
109194,64865,44329,0.59036434651805,0.627770509753748,0.621334989260268,26.1509090909091,38.8981818181818,34.9509090909091,0.732727272727273,34.2,0.107272727272727,25.7527272727273,0.0781818181818182,39.1290909090909,-0.323145552421722,1.80688140202652,0.819272727272727,0.857181818181818,0.854090909090909
109130,64862,44268,0.590217238791821,0.627697905564985,0.621362167902679,26.1490909090909,38.8909090909091,34.96,0.729090909090909,34.1763636363636,0.116363636363636,25.7036363636364,0.0890909090909091,39.1854545454545,-0.323257222219085,1.78930190823634,0.819272727272727,0.857181818181818,0.854090909090909
109171,64866,44305,0.590166871053299,0.627877034832035,0.621497019546743,26.1345454545455,38.9145454545455,34.9509090909091,0.727272727272727,34.1418181818182,0.112727272727273,25.7036363636364,0.0854545454545454,39.2290909090909,-0.325285353013268,1.79423716159707,0.819272727272727,0.857181818181818,0.854090909090909
109179,64875,44304,0.589955872492567,0.627986306597813,0.621554503818686,26.1127272727273,38.9254545454545,34.9618181818182,0.721818181818182,34.1109090909091,0.103636363636364,25.7,0.0927272727272727,39.2709090909091,-0.326081600479599,1.78256101354279,0.819272727272727,0.857181818181818,0.854090909090909
109195,64895,44300,0.589836216551255,0.628060178331191,0.621552601686097,26.0854545454545,38.9436363636364,34.9709090909091,0.72,34.0854545454545,0.0927272727272727,25.6945454545455,0.0945454545454545,39.3127272727273,-0.325441245434286,1.77129515517842,0.819272727272727,0.857181818181818,0.854090909090909
109262,64902,44360,0.589702605670079,0.628076850832039,0.621580865072191,26.0745454545455,38.9436363636364,34.9818181818182,0.72,34.0672727272727,0.0890909090909091,25.6527272727273,0.0963636363636364,39.3745454545455,-0.32382069422031,1.76544069773094,0.819272727272727,0.857181818181818,0.854090909090909
108944,64906,44038,0.589558273029577,0.627588626373014,0.621435958818741,26.0545454545455,38.9472727272727,34.9981818181818,0.712727272727273,34.0654545454545,0.0763636363636364,25.62,0.103636363636364,39.4218181818182,-0.321052011078171,1.70829583646899,0.819272727272727,0.857181818181818,0.854090909090909
109015,64911,44104,0.589468023101256,0.627639997388056,0.621261665791623,26.0309090909091,38.9581818181818,35.0109090909091,0.710909090909091,34.0509090909091,0.0836363636363636,25.5872727272727,0.0890909090909091,39.4781818181818,-0.319324401869901,1.70308814422989,0.819272727272727,0.857181818181818,0.854090909090909
109059,64925,44134,0.589509543576436,0.627486167215502,0.621303147037824,26.0181818181818,38.9709090909091,35.0109090909091,0.709090909090909,34.0363636363636,0.0890909090909091,25.5745454545455,0.0836363636363636,39.5072727272727,-0.318249258803487,1.70647621532394,0.819272727272727,0.857181818181818,0.854090909090909
109122,64941,44181,0.589384092351358,0.627603094146199,0.621306685723,25.9963636363636,38.9872727272727,35.0163636363636,0.705454545454545,34.0090909090909,0.0872727272727273,25.5945454545455,0.0672727272727273,39.5363636363636,-0.317650583629876,1.69347834461792,0.819272727272727,0.857181818181818,0.854090909090909
109285,64946,44339,0.589382054809779,0.627794599319735,0.621573997720636,25.9709090909091,39.0109090909091,35.0181818181818,0.7,34.0036363636364,0.0872727272727273,25.5636363636364,0.08,39.5654545454545,-0.318581366464845,1.70742339620536,0.819272727272727,0.857181818181818,0.854090909090909
109470,64965,44505,0.5894028332293,0.627727941101679,0.621661930276003,25.9490909090909,39.0218181818182,35.0290909090909,0.7,33.9745454545455,0.103636363636364,25.5381818181818,0.0818181818181818,39.6018181818182,-0.315799733420731,1.73462201441554,0.819272727272727,0.857181818181818,0.854090909090909
109476,64981,44495,0.589206590556789,0.627756789311763,0.621620371423429,25.9218181818182,39.0436363636364,35.0345454545455,0.698181818181818,33.9618181818182,0.103636363636364,25.5290909090909,0.0709090909090909,39.6363636363636,-0.313227839811911,1.72610876787115,0.819272727272727,0.857181818181818,0.854090909090909
109552,65001,44551,0.589120286796787,0.627735488179536,0.621663625928191,25.9090909090909,39.0454545454545,35.0454545454545,0.696363636363636,33.9581818181818,0.0927272727272727,25.5054545454545,0.0963636363636364,39.6509090909091,-0.309027303916363,1.72646825955334,0.819272727272727,0.857181818181818,0.854090909090909
109578,65024,44554,0.589149192255985,0.627784784246162,0.621743299180034,25.8909090909091,39.0618181818182,35.0472727272727,0.694545454545455,33.9472727272727,0.0854545454545454,25.5090909090909,0.0909090909090909,39.6727272727273,-0.307602613220413,1.71859819286249,0.819272727272727,0.857181818181818,0.854090909090909
109530,65027,44503,0.588817896620097,0.627746474644183,0.62172399977971,25.8618181818182,39.0836363636364,35.0545454545455,0.694545454545455,33.9290909090909,0.0890909090909091,25.5054545454545,0.0854545454545454,39.6963636363636,-0.305277876228344,1.70757914104245,0.819272727272727,0.857181818181818,0.854090909090909
109483,65023,44460,0.588701072767793,0.627577234283029,0.621679720009117,25.8509090909091,39.0909090909091,35.0581818181818,0.692727272727273,33.9345454545455,0.0818181818181818,25.48,0.0872727272727273,39.7236363636364,-0.304403712401547,1.68509807407179,0.819272727272727,0.857181818181818,0.854090909090909
109484,65044,44440,0.588600629925154,0.627526889262689,0.62161692276593,25.8363636363636,39.0963636363636,35.0672727272727,0.692727272727273,33.9381818181818,0.0872727272727273,25.4545454545455,0.0890909090909091,39.7381818181818,-0.301350979574793,1.67570376751775,0.819272727272727,0.857181818181818,0.854090909090909
109578,65066,44512,0.588585151695466,0.627533766852333,0.621583885089908,25.8236363636364,39.1181818181818,35.0581818181818,0.690909090909091,33.9418181818182,0.0727272727272727,25.4690909090909,0.0745454545454545,39.7509090909091,-0.29711464026115,1.67339636697011,0.819272727272727,0.857181818181818,0.854090909090909
109603,65072,44531,0.588449430551836,0.627548459898107,0.621607699619764,25.8072727272727,39.1327272727273,35.06,0.689090909090909,33.9381818181818,0.0745454545454545,25.4709090909091,0.0745454545454545,39.7527272727273,-0.296270601826307,1.66334114457396,0.819272727272727,0.857181818181818,0.854090909090909
109657,65090,44567,0.588523097121175,0.627676189672788,0.621576367695313,25.7945454545455,39.1327272727273,35.0727272727273,0.687272727272727,33.9472727272727,0.0727272727272727,25.4545454545455,0.0836363636363636,39.7545454545455,-0.292379345517557,1.66780248077756,0.819272727272727,0.857181818181818,0.854090909090909
109468,65088,44380,0.588343378066707,0.627342050531138,0.621506095307788,25.7872727272727,39.14,35.0727272727273,0.683636363636364,33.9472727272727,0.0709090909090909,25.4581818181818,0.0636363636363636,39.7763636363636,-0.291175274118285,1.62693954225291,0.819272727272727,0.857181818181818,0.854090909090909
109382,65100,44282,0.588211206643166,0.6272334724113,0.621651520902671,25.7690909090909,39.1618181818182,35.0690909090909,0.683636363636364,33.9454545454545,0.0727272727272727,25.4381818181818,0.0890909090909091,39.7709090909091,-0.291048883434748,1.60015335812826,0.819272727272727,0.857181818181818,0.854090909090909
109356,65127,44229,0.588211747318478,0.62717140938715,0.621691149106492,25.7545454545455,39.1745454545455,35.0709090909091,0.681818181818182,33.94,0.0690909090909091,25.4381818181818,0.0836363636363636,39.7872727272727,-0.28720867270457,1.58130699565888,0.819272727272727,0.857181818181818,0.854090909090909
109355,65131,44224,0.587967977146698,0.627348024520149,0.62174907561467,25.7345454545455,39.1909090909091,35.0745454545455,0.681818181818182,33.9363636363636,0.08,25.4127272727273,0.0890909090909091,39.8,-0.287124688328872,1.57194933451035,0.819272727272727,0.857181818181818,0.854090909090909
109469,65141,44328,0.58785341759079,0.62751752469471,0.62172063766214,25.7127272727273,39.2127272727273,35.0745454545455,0.678181818181818,33.9509090909091,0.0745454545454545,25.3981818181818,0.0763636363636364,39.8218181818182,-0.284776822153109,1.58129834827374,0.819272727272727,0.857181818181818,0.854090909090909
109376,65152,44224,0.587791311336078,0.62733194747749,0.62176828305935,25.7181818181818,39.2127272727273,35.0690909090909,0.678181818181818,33.9472727272727,0.0836363636363636,25.3781818181818,0.0818181818181818,39.8309090909091,-0.284199747185076,1.56226754004813,0.819272727272727,0.857181818181818,0.854090909090909
109475,65184,44291,0.58777136639767,0.627477990690938,0.621625094790628,25.6981818181818,39.2327272727273,35.0690909090909,0.676363636363636,33.9509090909091,0.0854545454545454,25.3618181818182,0.0636363636363636,39.8618181818182,-0.279040283776732,1.57336106637323,0.819272727272727,0.857181818181818,0.854090909090909
109905,65199,44706,0.587610317876187,0.628027669092176,0.621428062802114,25.6854545454545,39.2490909090909,35.0654545454545,0.676363636363636,33.9345454545455,0.1,25.34,0.0636363636363636,39.8854545454545,-0.274568292485529,1.63511161076088,0.819272727272727,0.857181818181818,0.854090909090909
109791,65200,44591,0.587528193586365,0.627952793095708,0.621256707557189,25.6854545454545,39.24,35.0745454545455,0.674545454545455,33.9418181818182,0.0945454545454545,25.2963636363636,0.0836363636363636,39.9090909090909,-0.273973532146006,1.60789868079803,0.819272727272727,0.857181818181818,0.854090909090909
109642,65201,44441,0.587358737878041,0.627881132609705,0.621127970224348,25.6818181818182,39.2454545454545,35.0727272727273,0.674545454545455,33.9436363636364,0.0727272727272727,25.2890909090909,0.08,39.94,-0.272562477781346,1.58095212768425,0.819272727272727,0.857181818181818,0.854090909090909
109583,65225,44358,0.587296271234806,0.627784227064206,0.620978489467902,25.6727272727273,39.2509090909091,35.0763636363636,0.670909090909091,33.9472727272727,0.0909090909090909,25.2436363636364,0.0618181818181818,39.9854545454545,-0.26642769945803,1.56165862733668,0.819272727272727,0.857181818181818,0.854090909090909
109608,65238,44370,0.587268872126905,0.627764895868585,0.620970013974794,25.6690909090909,39.2527272727273,35.0781818181818,0.667272727272727,33.9563636363636,0.0709090909090909,25.2181818181818,0.0672727272727273,40.02,-0.26529158106972,1.55762006711553,0.819272727272727,0.857181818181818,0.854090909090909
109712,65264,44448,0.587179712225568,0.627871880030565,0.620964037290768,25.6581818181818,39.2727272727273,35.0690909090909,0.667272727272727,33.9563636363636,0.08,25.1872727272727,0.0745454545454545,40.0345454545455,-0.261835036086971,1.55962600882419,0.819272727272727,0.857181818181818,0.854090909090909
109773,65272,44501,0.58716166446401,0.627984399295045,0.621105683809254,25.6509090909091,39.2872727272727,35.0618181818182,0.663636363636364,33.9709090909091,0.0654545454545455,25.18,0.0618181818181818,40.0581818181818,-0.262513232872797,1.55915842486376,0.819272727272727,0.857181818181818,0.854090909090909
109765,65276,44489,0.58707827748201,0.627844908966863,0.62113017818937,25.6545454545455,39.2781818181818,35.0672727272727,0.658181818181818,33.9563636363636,0.0872727272727273,25.1418181818182,0.0745454545454545,40.0818181818182,-0.260883989991651,1.54811089123515,0.819272727272727,0.857181818181818,0.854090909090909
109417,65273,44144,0.586998885815874,0.627359138561007,0.621161225605568,25.6490909090909,39.2818181818182,35.0690909090909,0.66,33.9490909090909,0.0781818181818182,25.1309090909091,0.06,40.1218181818182,-0.262671527832605,1.48025578671897,0.819272727272727,0.857181818181818,0.854090909090909
109382,65271,44111,0.586927712679974,0.627311909152206,0.621096748141894,25.6490909090909,39.2836363636364,35.0672727272727,0.652727272727273,33.96,0.0763636363636364,25.0872727272727,0.0745454545454545,40.1490909090909,-0.262423024565156,1.46601732032882,0.819272727272727,0.857181818181818,0.854090909090909
109734,65287,44447,0.587016910512059,0.627722572706816,0.621077126401609,25.6436363636364,39.2909090909091,35.0654545454545,0.650909090909091,33.9654545454545,0.0818181818181818,25.0454545454545,0.0781818181818182,40.1781818181818,-0.259521235918336,1.51583025194705,0.819272727272727,0.857181818181818,0.854090909090909
109761,65300,44461,0.586982816199044,0.627674697480899,0.620998249126118,25.64,39.2981818181818,35.0618181818182,0.649090909090909,33.9836363636364,0.0745454545454545,25.0218181818182,0.0636363636363636,40.2072727272727,-0.258309328994995,1.51441232255575,0.819272727272727,0.857181818181818,0.854090909090909
109562,65315,44247,0.586926016981582,0.627256275227846,0.620992571984226,25.6363636363636,39.3072727272727,35.0563636363636,0.643636363636364,33.9963636363636,0.0690909090909091,24.9781818181818,0.0763636363636364,40.2363636363636,-0.256277553774192,1.47832041098313,0.819272727272727,0.857181818181818,0.854090909090909
109586,65331,44255,0.586859767970658,0.627246428929551,0.621002501381849,25.64,39.3145454545455,35.0454545454545,0.638181818181818,34.0036363636364,0.0672727272727273,24.9527272727273,0.0636363636363636,40.2745454545455,-0.253992426504225,1.47155618908053,0.819272727272727,0.857181818181818,0.854090909090909
109576,65331,44245,0.586879816002755,0.62725002955084,0.620986056930452,25.6436363636364,39.3181818181818,35.0381818181818,0.636363636363636,34.0127272727273,0.0727272727272727,24.9145454545455,0.0727272727272727,40.2909090909091,-0.25399191041115,1.45975012090057,0.819272727272727,0.857181818181818,0.854090909090909
109552,65326,44226,0.586955656603683,0.627148041975346,0.620910693560972,25.64,39.3181818181818,35.0418181818182,0.636363636363636,34.0381818181818,0.0763636363636364,24.8636363636364,0.0818181818181818,40.3036363636364,-0.255115424982821,1.44638291250237,0.819272727272727,0.857181818181818,0.854090909090909
109386,65326,44060,0.587025117670363,0.626964912566295,0.620877308269875,25.6381818181818,39.3254545454545,35.0363636363636,0.634545454545455,34.0563636363636,0.0654545454545455,24.8181818181818,0.0836363636363636,40.3418181818182,-0.255762889017346,1.41236665086313,0.819272727272727,0.857181818181818,0.854090909090909
109471,65334,44137,0.587014063313918,0.626887642369341,0.621004944688583,25.6363636363636,39.3254545454545,35.0381818181818,0.629090909090909,34.0509090909091,0.0727272727272727,24.7763636363636,0.0781818181818182,40.3927272727273,-0.253874535092026,1.41546046696603,0.819272727272727,0.857181818181818,0.854090909090909
109749,65344,44405,0.586943306794022,0.62717075860607,0.620955446087063,25.6327272727273,39.3218181818182,35.0454545454545,0.623636363636364,34.0618181818182,0.0727272727272727,24.74,0.0818181818181818,40.42,-0.251418650707621,1.45584117175842,0.819272727272727,0.857181818181818,0.854090909090909
109520,65352,44168,0.586825039836184,0.627000461539216,0.620871502838806,25.6345454545455,39.3254545454545,35.04,0.62,34.0690909090909,0.0781818181818182,24.6818181818182,0.0727272727272727,40.4781818181818,-0.252088292940359,1.39794630990787,0.819272727272727,0.857181818181818,0.854090909090909
109657,65356,44301,0.586714877831291,0.627202362779811,0.620796925203197,25.6327272727273,39.3345454545455,35.0327272727273,0.616363636363636,34.0909090909091,0.0763636363636364,24.6345454545455,0.0672727272727273,40.5145454545455,-0.250462655308316,1.41264315381308,0.819272727272727,0.857181818181818,0.854090909090909
109643,65359,44284,0.586697395456829,0.627142239506287,0.62075371178602,25.6272727272727,39.3418181818182,35.0309090909091,0.614545454545455,34.1127272727273,0.0709090909090909,24.5836363636364,0.0745454545454545,40.5436363636364,-0.25073221685023,1.40004652206871,0.819272727272727,0.857181818181818,0.854090909090909
109740,65370,44370,0.58682830535465,0.627164687983958,0.620722101932648,25.6363636363636,39.3363636363636,35.0272727272727,0.612727272727273,34.1290909090909,0.08,24.52,0.0836363636363636,40.5745454545455,-0.247754214850358,1.4030031463978,0.819272727272727,0.857181818181818,0.854090909090909
109801,65362,44439,0.586647899396294,0.627215449946667,0.62070986820075,25.6345454545455,39.3436363636364,35.0218181818182,0.610909090909091,34.1490909090909,0.0854545454545454,24.4781818181818,0.0636363636363636,40.6127272727273,-0.249423159816566,1.40708164093508,0.819272727272727,0.857181818181818,0.854090909090909
109833,65365,44468,0.586632359561801,0.627363600816555,0.620606331618104,25.6290909090909,39.3509090909091,35.02,0.609090909090909,34.16,0.0927272727272727,24.4236363636364,0.0727272727272727,40.6418181818182,-0.248044981067092,1.39771945889701,0.819272727272727,0.857181818181818,0.854090909090909
109573,65370,44203,0.586644855495008,0.626924029416042,0.620648660850692,25.6327272727273,39.3545454545455,35.0127272727273,0.607272727272727,34.1618181818182,0.0890909090909091,24.4036363636364,0.0763636363636364,40.6618181818182,-0.24798454012107,1.34700786318969,0.819272727272727,0.857181818181818,0.854090909090909
109606,65370,44236,0.586589635147066,0.626858839629419,0.620607335561734,25.6327272727273,39.3527272727273,35.0145454545455,0.6,34.18,0.0763636363636364,24.4,0.0527272727272727,40.6909090909091,-0.24821670344092,1.3511838292195,0.819272727272727,0.857181818181818,0.854090909090909
109869,65373,44496,0.586578631386182,0.627214849113773,0.620653164460954,25.6290909090909,39.3527272727273,35.0181818181818,0.594545454545455,34.2127272727273,0.0818181818181818,24.3327272727273,0.06,40.7181818181818,-0.248727770319155,1.38072149883109,0.819272727272727,0.857181818181818,0.854090909090909
109995,65389,44606,0.586492285503132,0.627414600435041,0.620674529269246,25.6309090909091,39.3654545454545,35.0036363636364,0.594545454545455,34.2345454545455,0.08,24.2945454545455,0.0545454545454545,40.7418181818182,-0.246539020280943,1.39006960238118,0.819272727272727,0.857181818181818,0.854090909090909
110068,65396,44672,0.586486488814299,0.627368958605391,0.620764728598942,25.62,39.3745454545455,35.0054545454545,0.587272727272727,34.2709090909091,0.0727272727272727,24.2527272727273,0.0527272727272727,40.7636363636364,-0.24382275148975,1.38732838861179,0.819272727272727,0.857181818181818,0.854090909090909
110019,65401,44618,0.586449284331502,0.627235960620817,0.620812042756265,25.62,39.3763636363636,35.0036363636364,0.583636363636364,34.2818181818182,0.0745454545454545,24.2072727272727,0.0672727272727273,40.7854545454545,-0.244524141578735,1.36996199008585,0.819272727272727,0.857181818181818,0.854090909090909
109973,65395,44578,0.586480038314579,0.627160108239666,0.620811831181623,25.6254545454545,39.3727272727273,35.0018181818182,0.58,34.2727272727273,0.0763636363636364,24.2090909090909,0.0581818181818182,40.8036363636364,-0.2457163857162,1.35420464709062,0.819272727272727,0.857181818181818,0.854090909090909
109605,65398,44207,0.58646026409837,0.626713676492153,0.620670986682545,25.6181818181818,39.3854545454545,34.9963636363636,0.572727272727273,34.2763636363636,0.0727272727272727,24.2,0.0472727272727273,40.8309090909091,-0.246208281328638,1.28275043562224,0.819272727272727,0.857181818181818,0.854090909090909
109697,65395,44302,0.586507424459474,0.626664419471281,0.620513307853303,25.6272727272727,39.3727272727273,35,0.569090909090909,34.3090909090909,0.0527272727272727,24.1727272727273,0.0563636363636364,40.84,-0.245542946174332,1.29871638992971,0.819272727272727,0.857181818181818,0.854090909090909
110105,65399,44706,0.586672778864336,0.627146066313306,0.620495201139874,25.6218181818182,39.38,34.9981818181818,0.565454545454545,34.3290909090909,0.0527272727272727,24.1436363636364,0.0527272727272727,40.8563636363636,-0.245603251408879,1.36941152260723,0.819272727272727,0.857181818181818,0.854090909090909
110073,65400,44673,0.586657062891903,0.627116575018125,0.620498424004437,25.62,39.3818181818182,34.9981818181818,0.561818181818182,34.3309090909091,0.0618181818181818,24.1054545454545,0.0563636363636364,40.8836363636364,-0.245953557988138,1.35354715555229,0.819272727272727,0.857181818181818,0.854090909090909
110024,65404,44620,0.58654304178477,0.627111124866777,0.620373960976489,25.6236363636364,39.3727272727273,35.0036363636364,0.558181818181818,34.3418181818182,0.0709090909090909,24.0781818181818,0.0490909090909091,40.9018181818182,-0.243832339620456,1.33240745996379,0.819272727272727,0.857181818181818,0.854090909090909
109909,65402,44507,0.586540906252805,0.626930860783085,0.620344427936869,25.6290909090909,39.3672727272727,35.0036363636364,0.554545454545455,34.3636363636364,0.0509090909090909,24.06,0.0618181818181818,40.9090909090909,-0.245249959990633,1.30832888097079,0.819272727272727,0.857181818181818,0.854090909090909
109951,65411,44540,0.586621915414526,0.626882182268257,0.62037062191321,25.6218181818182,39.3781818181818,35,0.552727272727273,34.3618181818182,0.0672727272727273,24.0254545454545,0.0563636363636364,40.9363636363636,-0.245431882590872,1.30183132652363,0.819272727272727,0.857181818181818,0.854090909090909
110042,65417,44625,0.586660153693944,0.62691693013409,0.620530321840378,25.6236363636364,39.38,34.9963636363636,0.549090909090909,34.3818181818182,0.0654545454545455,23.98,0.0581818181818182,40.9654545454545,-0.244905949795066,1.30688771023838,0.819272727272727,0.857181818181818,0.854090909090909
109764,65422,44342,0.586723600732939,0.626466831228132,0.620506800710064,25.6345454545455,39.3709090909091,34.9945454545455,0.545454545454545,34.3981818181818,0.0672727272727273,23.9509090909091,0.06,40.9781818181818,-0.243819586654503,1.25319629265842,0.819272727272727,0.857181818181818,0.854090909090909
109856,65424,44432,0.586701631685603,0.626566746918351,0.620603341556999,25.6290909090909,39.38,34.9909090909091,0.541818181818182,34.4145454545455,0.0745454545454545,23.9290909090909,0.0545454545454545,40.9854545454545,-0.244966955241464,1.25977808447893,0.819272727272727,0.857181818181818,0.854090909090909
110168,65425,44743,0.586646452071289,0.626943902521031,0.62064886254392,25.6181818181818,39.3890909090909,34.9927272727273,0.54,34.4327272727273,0.0727272727272727,23.8909090909091,0.0581818181818182,41.0054545454545,-0.245484984622023,1.30089963719418,0.819272727272727,0.857181818181818,0.854090909090909
110150,65425,44725,0.586643853610541,0.626857927322841,0.620719294519886,25.6254545454545,39.3818181818182,34.9927272727273,0.536363636363636,34.4563636363636,0.0636363636363636,23.8618181818182,0.0636363636363636,41.0181818181818,-0.245033596171991,1.28663857050071,0.819272727272727,0.857181818181818,0.854090909090909
110118,65435,44683,0.586702251989885,0.626899797655252,0.620496623829289,25.6236363636364,39.3890909090909,34.9872727272727,0.534545454545455,34.4654545454545,0.0745454545454545,23.8418181818182,0.0509090909090909,41.0327272727273,-0.244657864024008,1.27058723195541,0.819272727272727,0.857181818181818,0.854090909090909
110124,65430,44694,0.586751846834098,0.626888510172364,0.620455244173318,25.6218181818182,39.3909090909091,34.9872727272727,0.532727272727273,34.4818181818182,0.06,23.82,0.0563636363636364,41.0490909090909,-0.245171742013355,1.27191904062744,0.819272727272727,0.857181818181818,0.854090909090909
109752,65428,44324,0.586664850697435,0.626299765502094,0.620314817713607,25.6218181818182,39.3890909090909,34.9890909090909,0.532727272727273,34.4781818181818,0.0709090909090909,23.7963636363636,0.0581818181818182,41.0636363636364,-0.244341368735993,1.20429776503112,0.819272727272727,0.857181818181818,0.854090909090909
109762,65430,44332,0.586724151961832,0.626256852774926,0.620322722901884,25.6309090909091,39.3854545454545,34.9836363636364,0.529090909090909,34.4981818181818,0.0618181818181818,23.7818181818182,0.0509090909090909,41.0781818181818,-0.244592583824256,1.19126342045651,0.819272727272727,0.857181818181818,0.854090909090909
110229,65441,44788,0.586843752070302,0.626714507185964,0.620435546709422,25.6381818181818,39.3745454545455,34.9872727272727,0.527272727272727,34.52,0.0545454545454545,23.7672727272727,0.0472727272727273,41.0836363636364,-0.243450896981168,1.26300545521927,0.819272727272727,0.857181818181818,0.854090909090909
110132,65437,44695,0.586797922164467,0.626611884651085,0.620453703299771,25.6381818181818,39.3727272727273,34.9890909090909,0.525454545454546,34.5363636363636,0.0563636363636364,23.7254545454545,0.0527272727272727,41.1036363636364,-0.244114346885131,1.23967877905816,0.819272727272727,0.857181818181818,0.854090909090909
110192,65444,44748,0.586828446426557,0.626662850798426,0.620479105015278,25.6345454545455,39.3781818181818,34.9872727272727,0.521818181818182,34.5363636363636,0.0509090909090909,23.7163636363636,0.0472727272727273,41.1272727272727,-0.244815509117159,1.24084610567105,0.819272727272727,0.857181818181818,0.854090909090909
110154,65437,44717,0.586821658407043,0.626592593718222,0.620490644412226,25.6272727272727,39.3836363636364,34.9890909090909,0.521818181818182,34.5490909090909,0.06,23.66,0.0545454545454545,41.1545454545455,-0.246804658110523,1.22756130088872,0.819272727272727,0.857181818181818,0.854090909090909
110198,65445,44753,0.586817112330119,0.62657512039648,0.620469478758057,25.6218181818182,39.3872727272727,34.9909090909091,0.521818181818182,34.5454545454545,0.0654545454545455,23.6290909090909,0.0690909090909091,41.1690909090909,-0.24506879261257,1.22386517303953,0.819272727272727,0.857181818181818,0.854090909090909
109883,65443,44440,0.586801426683426,0.626101726428051,0.620446938744555,25.6181818181818,39.3927272727273,34.9890909090909,0.521818181818182,34.5509090909091,0.0527272727272727,23.6236363636364,0.0581818181818182,41.1927272727273,-0.244591128081563,1.16849556894925,0.819272727272727,0.857181818181818,0.854090909090909
109888,65453,44435,0.586832788197565,0.625896563109377,0.620391537262134,25.6090909090909,39.3927272727273,34.9981818181818,0.521818181818182,34.5472727272727,0.0581818181818182,23.6072727272727,0.0690909090909091,41.1963636363636,-0.243185280746316,1.16265295741561,0.819272727272727,0.857181818181818,0.854090909090909
110296,65463,44833,0.586929312743929,0.626486884715754,0.620481666874393,25.6054545454545,39.3927272727273,35.0018181818182,0.52,34.54,0.0618181818181818,23.6036363636364,0.0654545454545455,41.2090909090909,-0.243750156799565,1.21185251919775,0.819272727272727,0.857181818181818,0.854090909090909
110303,65460,44843,0.586931212437549,0.626482963809833,0.620480331078863,25.6054545454545,39.3927272727273,35.0018181818182,0.516363636363636,34.5509090909091,0.0581818181818182,23.6018181818182,0.0436363636363636,41.2290909090909,-0.245306818208701,1.21314205098051,0.819272727272727,0.857181818181818,0.854090909090909
110251,65469,44782,0.58683787848927,0.626351164921562,0.620547800886258,25.6018181818182,39.3963636363636,35.0018181818182,0.516363636363636,34.5581818181818,0.0654545454545455,23.5636363636364,0.0581818181818182,41.2381818181818,-0.243085688472374,1.18896793439688,0.819272727272727,0.857181818181818,0.854090909090909
110237,65462,44775,0.586808408708741,0.62636869153429,0.620558411257555,25.6109090909091,39.3890909090909,35,0.510909090909091,34.5581818181818,0.0727272727272727,23.5654545454545,0.0418181818181818,41.2509090909091,-0.244895594175118,1.18019311194075,0.819272727272727,0.857181818181818,0.854090909090909
109893,65462,44431,0.586817938744478,0.625748886344915,0.620623215071457,25.6109090909091,39.3890909090909,35,0.510909090909091,34.5654545454545,0.06,23.5509090909091,0.0454545454545455,41.2672727272727,-0.244604024907444,1.11863146480914,0.819272727272727,0.857181818181818,0.854090909090909
110288,65477,44811,0.586725826958842,0.626302132145968,0.620512974937979,25.6127272727273,39.3963636363636,34.9909090909091,0.509090909090909,34.5854545454545,0.0581818181818182,23.52,0.0418181818181818,41.2854545454545,-0.242284142401563,1.17701426823941,0.819272727272727,0.857181818181818,0.854090909090909
109883,65467,44416,0.586617023561626,0.625746281299758,0.620469231671379,25.6163636363636,39.3909090909091,34.9927272727273,0.509090909090909,34.5963636363636,0.0472727272727273,23.4981818181818,0.0490909090909091,41.3,-0.243831878149715,1.1127246928359,0.819272727272727,0.857181818181818,0.854090909090909
110309,65477,44832,0.586703826050314,0.626219982245713,0.620415602308324,25.6181818181818,39.3927272727273,34.9890909090909,0.507272727272727,34.5981818181818,0.0581818181818182,23.4763636363636,0.0527272727272727,41.3072727272727,-0.241356629863069,1.16881603101395,0.819272727272727,0.857181818181818,0.854090909090909
110161,65484,44677,0.586727491090182,0.625978644278958,0.620479802207846,25.6236363636364,39.3927272727273,34.9836363636364,0.507272727272727,34.6127272727273,0.0727272727272727,23.4254545454545,0.0636363636363636,41.3181818181818,-0.239976255620488,1.14358893800104,0.819272727272727,0.857181818181818,0.854090909090909
110312,65483,44829,0.586928458054824,0.625988917506334,0.620445161746073,25.6327272727273,39.3836363636364,34.9836363636364,0.507272727272727,34.62,0.0490909090909091,23.4472727272727,0.0527272727272727,41.3236363636364,-0.242369430415502,1.15809839152392,0.819272727272727,0.857181818181818,0.854090909090909
110095,65483,44612,0.58710339875552,0.625553462459966,0.62041747489997,25.6381818181818,39.3763636363636,34.9854545454545,0.505454545454545,34.6345454545455,0.0563636363636364,23.4109090909091,0.0636363636363636,41.3290909090909,-0.24324282627779,1.12247959554238,0.819272727272727,0.857181818181818,0.854090909090909
110197,65483,44714,0.586997803099382,0.625767039414121,0.620514957809467,25.6254545454545,39.3909090909091,34.9836363636364,0.501818181818182,34.6545454545455,0.0454545454545455,23.3963636363636,0.0690909090909091,41.3327272727273,-0.244425978804247,1.1251284158831,0.819272727272727,0.857181818181818,0.854090909090909
110360,65489,44871,0.586799024132265,0.62594518425871,0.620514494652472,25.62,39.3872727272727,34.9927272727273,0.5,34.6781818181818,0.0545454545454545,23.3581818181818,0.0672727272727273,41.3418181818182,-0.241317876333018,1.13496930331669,0.819272727272727,0.857181818181818,0.854090909090909
110435,65494,44941,0.586855582324235,0.626067081638237,0.62047780242417,25.6127272727273,39.4,34.9872727272727,0.494545454545455,34.6818181818182,0.0618181818181818,23.3436363636364,0.0636363636363636,41.3545454545455,-0.241018407283214,1.13772915883879,0.819272727272727,0.857181818181818,0.854090909090909
110402,65498,44904,0.586678443574166,0.626156120193233,0.620512205120918,25.6145454545455,39.4,34.9854545454545,0.494545454545455,34.6909090909091,0.06,23.3218181818182,0.0672727272727273,41.3654545454545,-0.240409617526761,1.11840058842632,0.819272727272727,0.857181818181818,0.854090909090909
110481,65501,44980,0.586637528254945,0.626269377075962,0.620463031416122,25.6109090909091,39.4054545454546,34.9836363636364,0.496363636363636,34.6890909090909,0.0636363636363636,23.3345454545455,0.0509090909090909,41.3654545454545,-0.240041224444097,1.12628925918517,0.819272727272727,0.857181818181818,0.854090909090909
110255,65493,44762,0.586701485300745,0.625871293762622,0.62045575502013,25.6054545454545,39.4036363636364,34.9909090909091,0.496363636363636,34.7036363636364,0.0454545454545455,23.3345454545455,0.0672727272727273,41.3527272727273,-0.242446829376042,1.09038629148325,0.819272727272727,0.857181818181818,0.854090909090909
110294,65496,44798,0.586605316443525,0.625974152735391,0.6205593102194,25.6163636363636,39.4018181818182,34.9818181818182,0.496363636363636,34.7018181818182,0.0527272727272727,23.3418181818182,0.0618181818181818,41.3454545454545,-0.243492833368559,1.09158935197206,0.819272727272727,0.857181818181818,0.854090909090909
110226,65495,44731,0.586611953875692,0.62590275358887,0.620488693155551,25.6145454545455,39.3981818181818,34.9872727272727,0.496363636363636,34.7018181818182,0.0672727272727273,23.3309090909091,0.0563636363636364,41.3472727272727,-0.242344401534237,1.07263398683122,0.819272727272727,0.857181818181818,0.854090909090909
110586,65509,45077,0.586635864716236,0.626249038052984,0.62076214071349,25.6181818181818,39.3927272727273,34.9890909090909,0.494545454545455,34.7181818181818,0.0654545454545455,23.32,0.0490909090909091,41.3527272727273,-0.241079354548624,1.11665947482159,0.819272727272727,0.857181818181818,0.854090909090909
110366,65512,44854,0.586601101363053,0.626071334453798,0.62059359756606,25.6163636363636,39.3927272727273,34.9909090909091,0.492727272727273,34.7363636363636,0.0472727272727273,23.3163636363636,0.0654545454545455,41.3418181818182,-0.240386494216397,1.08161682554267,0.819272727272727,0.857181818181818,0.854090909090909
110339,65506,44833,0.586655320047089,0.626009456577065,0.620400344848146,25.6054545454545,39.3981818181818,34.9963636363636,0.492727272727273,34.7509090909091,0.0472727272727273,23.3018181818182,0.0672727272727273,41.34,-0.24182059968579,1.0693172708958,0.819272727272727,0.857181818181818,0.854090909090909
110491,65517,44974,0.586721367212571,0.626075117305764,0.620422659088175,25.6,39.4,35,0.490909090909091,34.7563636363636,0.0563636363636364,23.3109090909091,0.0636363636363636,41.3218181818182,-0.241769987502266,1.08824443096634,0.819272727272727,0.857181818181818,0.854090909090909
110525,65505,45020,0.58664937754261,0.626076900394397,0.620395185610198,25.6090909090909,39.3981818181818,34.9927272727273,0.490909090909091,34.7545454545455,0.0509090909090909,23.3309090909091,0.0636363636363636,41.3090909090909,-0.245317844638141,1.08492616496303,0.819272727272727,0.857181818181818,0.854090909090909
110512,65514,44998,0.586471179098432,0.625992501346495,0.620391129795934,25.6072727272727,39.4018181818182,34.9909090909091,0.487272727272727,34.76,0.0345454545454545,23.3545454545455,0.0581818181818182,41.3054545454546,-0.241159639299026,1.08099694153379,0.819272727272727,0.857181818181818,0.854090909090909
110326,65516,44810,0.586471045355327,0.625742172560436,0.620437368905865,25.6018181818182,39.4145454545455,34.9836363636364,0.485454545454546,34.7563636363636,0.0527272727272727,23.3381818181818,0.0490909090909091,41.3181818181818,-0.241201520842515,1.04284525295635,0.819272727272727,0.857181818181818,0.854090909090909
110318,65514,44804,0.586685587644268,0.625660009616039,0.620505079393919,25.6054545454545,39.4163636363636,34.9781818181818,0.483636363636364,34.7709090909091,0.0436363636363636,23.3236363636364,0.0490909090909091,41.3290909090909,-0.244220637845898,1.04071492775428,0.819272727272727,0.857181818181818,0.854090909090909
110154,65500,44654,0.586785177991576,0.62540746008478,0.620332288788016,25.6236363636364,39.3909090909091,34.9854545454545,0.483636363636364,34.7745454545455,0.0527272727272727,23.3,0.0654545454545455,41.3236363636364,-0.242571817548758,1.00999943145381,0.819272727272727,0.857181818181818,0.854090909090909
110409,65510,44899,0.586790959738127,0.625740103495161,0.620431373103707,25.6218181818182,39.3945454545455,34.9836363636364,0.478181818181818,34.7945454545455,0.0472727272727273,23.2927272727273,0.0636363636363636,41.3236363636364,-0.241793182665589,1.04511257825758,0.819272727272727,0.857181818181818,0.854090909090909
110392,65513,44879,0.586718349396571,0.625658868597284,0.620409436579157,25.6236363636364,39.3927272727273,34.9836363636364,0.478181818181818,34.7963636363636,0.0472727272727273,23.2981818181818,0.0581818181818182,41.3218181818182,-0.239728653336186,1.03508466521109,0.819272727272727,0.857181818181818,0.854090909090909
110256,65505,44751,0.586584704898834,0.625551853204784,0.6203850601809,25.6181818181818,39.3909090909091,34.9909090909091,0.474545454545455,34.8072727272727,0.0563636363636364,23.2690909090909,0.0709090909090909,41.3218181818182,-0.24119308183485,1.01105622728355,0.819272727272727,0.857181818181818,0.854090909090909
109988,65496,44492,0.586478662440318,0.625409127207662,0.620358180204509,25.6109090909091,39.4018181818182,34.9872727272727,0.474545454545455,34.8145454545455,0.06,23.2509090909091,0.0654545454545455,41.3345454545455,-0.245982910555375,0.961797356165268,0.819272727272727,0.857181818181818,0.854090909090909
110045,65502,44543,0.58648948788954,0.6254037642854,0.620405690261203,25.6072727272727,39.4018181818182,34.9909090909091,0.470909090909091,34.8309090909091,0.06,23.2363636363636,0.0672727272727273,41.3345454545455,-0.244791918364949,0.964845069163394,0.819272727272727,0.857181818181818,0.854090909090909
110205,65512,44693,0.58651591724474,0.625679484651285,0.620394276101688,25.6036363636364,39.4036363636364,34.9927272727273,0.470909090909091,34.8363636363636,0.06,23.2272727272727,0.0690909090909091,41.3363636363636,-0.242596388654172,0.986174890454012,0.819272727272727,0.857181818181818,0.854090909090909
110274,65518,44756,0.586522886247949,0.625776477936479,0.620534199531999,25.6018181818182,39.4145454545455,34.9836363636364,0.467272727272727,34.8454545454545,0.0636363636363636,23.2163636363636,0.0690909090909091,41.3381818181818,-0.246719171558785,0.984393624072386,0.819272727272727,0.857181818181818,0.854090909090909
110276,65521,44755,0.586491261644912,0.625577063113028,0.620446631475834,25.6072727272727,39.4036363636364,34.9890909090909,0.458181818181818,34.8654545454545,0.06,23.2018181818182,0.0781818181818182,41.3363636363636,-0.244063569629675,0.978363240933554,0.819272727272727,0.857181818181818,0.854090909090909
109880,65513,44367,0.586457405799117,0.625104596683029,0.620440423989605,25.6054545454545,39.4018181818182,34.9927272727273,0.458181818181818,34.8763636363636,0.0690909090909091,23.1945454545455,0.0618181818181818,41.34,-0.245845455383543,0.912202592084015,0.819272727272727,0.857181818181818,0.854090909090909
110013,65519,44494,0.586463616298794,0.625056512825141,0.620580746352115,25.6,39.4072727272727,34.9927272727273,0.458181818181818,34.8763636363636,0.0654545454545455,23.1872727272727,0.06,41.3527272727273,-0.241795109457813,0.927891157736832,0.819272727272727,0.857181818181818,0.854090909090909
110240,65513,44727,0.586641225748909,0.625353983728799,0.620487281077302,25.6145454545455,39.38,35.0054545454545,0.46,34.8890909090909,0.06,23.1654545454545,0.0672727272727273,41.3581818181818,-0.241534639097104,0.96131917974827,0.819272727272727,0.857181818181818,0.854090909090909
110221,65519,44702,0.586675805804852,0.62540598521532,0.620456775210027,25.6181818181818,39.3854545454545,34.9963636363636,0.458181818181818,34.8981818181818,0.0545454545454545,23.1654545454545,0.0454545454545455,41.3781818181818,-0.246208466948834,0.958909916759215,0.819272727272727,0.857181818181818,0.854090909090909
110212,65529,44683,0.586507336841698,0.625451361808406,0.620466280780959,25.6236363636364,39.3854545454545,34.9909090909091,0.456363636363636,34.9145454545455,0.0581818181818182,23.1290909090909,0.0545454545454545,41.3872727272727,-0.242255044718232,0.949884286895394,0.819272727272727,0.857181818181818,0.854090909090909
110000,65522,44478,0.586533848587787,0.625131726547395,0.620469995666831,25.6163636363636,39.3981818181818,34.9854545454545,0.456363636363636,34.9327272727273,0.0472727272727273,23.1309090909091,0.0472727272727273,41.3854545454545,-0.242083809185698,0.910986978653818,0.819272727272727,0.857181818181818,0.854090909090909
109866,65520,44346,0.586466599166807,0.624939745481622,0.620432105680892,25.6072727272727,39.4,34.9927272727273,0.458181818181818,34.9509090909091,0.0509090909090909,23.1,0.0509090909090909,41.3890909090909,-0.241870804121275,0.884096414434978,0.819272727272727,0.857181818181818,0.854090909090909
109822,65513,44309,0.586585221036967,0.624938565074044,0.620330924691723,25.6090909090909,39.3927272727273,34.9981818181818,0.456363636363636,34.9527272727273,0.0418181818181818,23.0963636363636,0.0545454545454545,41.3981818181818,-0.24392845066716,0.872238237673247,0.819272727272727,0.857181818181818,0.854090909090909
110213,65524,44689,0.586490613816623,0.625526344083811,0.620442357997569,25.6090909090909,39.4,34.9909090909091,0.454545454545454,34.96,0.0509090909090909,23.0836363636364,0.0563636363636364,41.3945454545455,-0.24225523470893,0.912489353238859,0.819272727272727,0.857181818181818,0.854090909090909
110189,65536,44653,0.58664773560252,0.625400976055632,0.620315591877184,25.6181818181818,39.4,34.9818181818182,0.452727272727273,34.9618181818182,0.0563636363636364,23.0527272727273,0.06,41.4163636363636,-0.240436945635884,0.912996442514387,0.819272727272727,0.857181818181818,0.854090909090909
110270,65543,44727,0.586803169303183,0.625333789983455,0.620418534038365,25.62,39.3981818181818,34.9818181818182,0.452727272727273,34.98,0.0527272727272727,23.0345454545455,0.0672727272727273,41.4127272727273,-0.239519406488398,0.914181831576438,0.819272727272727,0.857181818181818,0.854090909090909
110136,65525,44611,0.586661750835908,0.625473243457643,0.62043513993579,25.6090909090909,39.3981818181818,34.9927272727273,0.449090909090909,34.9909090909091,0.0654545454545455,23.0145454545455,0.0490909090909091,41.4309090909091,-0.247729929230329,0.889948297347027,0.819272727272727,0.857181818181818,0.854090909090909
109927,65527,44400,0.58660929193102,0.625040839787017,0.620352412715703,25.6090909090909,39.3981818181818,34.9927272727273,0.447272727272727,35.0018181818182,0.0781818181818182,22.9745454545455,0.0527272727272727,41.4454545454546,-0.244691389058492,0.852763878206976,0.819272727272727,0.857181818181818,0.854090909090909
109927,65524,44403,0.586502699832213,0.625228178757596,0.620255404614386,25.6090909090909,39.4,34.9909090909091,0.447272727272727,35.0109090909091,0.0727272727272727,22.98,0.0436363636363636,41.4454545454546,-0.244770064693909,0.841139129693197,0.819272727272727,0.857181818181818,0.854090909090909
109932,65524,44408,0.586672099047312,0.62518834402065,0.620383558566356,25.6181818181818,39.3963636363636,34.9854545454545,0.445454545454545,35.0363636363636,0.0654545454545455,22.9472727272727,0.0472727272727273,41.4581818181818,-0.244608083449103,0.835574634864249,0.819272727272727,0.857181818181818,0.854090909090909
109949,65525,44424,0.586564878361541,0.625167622983738,0.620462747369881,25.6218181818182,39.3981818181818,34.98,0.441818181818182,35.0636363636364,0.0581818181818182,22.9309090909091,0.0545454545454545,41.4509090909091,-0.24535505100162,0.830160184306177,0.819272727272727,0.857181818181818,0.854090909090909
110183,65536,44647,0.586484751096031,0.625589038243398,0.620312798697942,25.6145454545455,39.4090909090909,34.9763636363636,0.441818181818182,35.0763636363636,0.0527272727272727,22.9163636363636,0.0454545454545455,41.4672727272727,-0.247517995771638,0.867002011463046,0.819272727272727,0.857181818181818,0.854090909090909
110185,65537,44648,0.586740446966255,0.625471187271831,0.620269416221353,25.6181818181818,39.3981818181818,34.9836363636364,0.44,35.0818181818182,0.0563636363636364,22.8890909090909,0.0472727272727273,41.4854545454545,-0.24292270426985,0.867059210298414,0.819272727272727,0.857181818181818,0.854090909090909
110130,65537,44593,0.586571187725488,0.625318304851959,0.620340724826334,25.62,39.3963636363636,34.9836363636364,0.434545454545455,35.1036363636364,0.0527272727272727,22.8472727272727,0.0527272727272727,41.5090909090909,-0.241616161179164,0.846339046159251,0.819272727272727,0.857181818181818,0.854090909090909
110189,65538,44651,0.586473026215839,0.625438212109691,0.620435769649437,25.62,39.4,34.98,0.430909090909091,35.1,0.08,22.8163636363636,0.0509090909090909,41.5218181818182,-0.244183478181102,0.837510638192973,0.819272727272727,0.857181818181818,0.854090909090909
110124,65541,44583,0.586742616058951,0.625034295440433,0.620362848615878,25.6309090909091,39.3963636363636,34.9727272727273,0.429090909090909,35.1218181818182,0.0636363636363636,22.8036363636364,0.0454545454545455,41.5363636363636,-0.241159916150421,0.833911814828488,0.819272727272727,0.857181818181818,0.854090909090909
110024,65537,44487,0.58645985376164,0.625026631310822,0.620341805672446,25.62,39.4072727272727,34.9727272727273,0.430909090909091,35.1272727272727,0.06,22.7854545454545,0.0418181818181818,41.5545454545455,-0.242136884758921,0.809653284045106,0.819272727272727,0.857181818181818,0.854090909090909
110146,65539,44607,0.586605647206923,0.625108925648922,0.620298814467228,25.6109090909091,39.4109090909091,34.9781818181818,0.427272727272727,35.1363636363636,0.0654545454545455,22.7672727272727,0.0472727272727273,41.5563636363636,-0.244046634141473,0.817591190270402,0.819272727272727,0.857181818181818,0.854090909090909
110082,65541,44541,0.586641588301043,0.625070139791668,0.620317729009205,25.6127272727273,39.4127272727273,34.9745454545455,0.423636363636364,35.1454545454545,0.0781818181818182,22.7381818181818,0.0418181818181818,41.5727272727273,-0.245299533549604,0.809108175100251,0.819272727272727,0.857181818181818,0.854090909090909
110167,65530,44637,0.586684197097932,0.625211857950173,0.62021912797991,25.62,39.4,34.98,0.42,35.1618181818182,0.06,22.7290909090909,0.0545454545454545,41.5745454545455,-0.245530272673204,0.806043924425136,0.819272727272727,0.857181818181818,0.854090909090909
110187,65536,44651,0.5864998697313,0.625255213474282,0.62019583319672,25.6090909090909,39.4090909090909,34.9818181818182,0.418181818181818,35.1927272727273,0.0454545454545455,22.6927272727273,0.0581818181818182,41.5927272727273,-0.244724226008872,0.797338811850006,0.819272727272727,0.857181818181818,0.854090909090909
110159,65535,44624,0.586607168169338,0.625173521963069,0.620210784825736,25.6163636363636,39.4036363636364,34.98,0.416363636363636,35.2090909090909,0.0327272727272727,22.6818181818182,0.0490909090909091,41.6109090909091,-0.244863484841401,0.802137981786985,0.819272727272727,0.857181818181818,0.854090909090909
110043,65539,44504,0.586684296032777,0.624937338658734,0.620272024089124,25.6163636363636,39.4109090909091,34.9727272727273,0.418181818181818,35.2072727272727,0.0472727272727273,22.6672727272727,0.04,41.62,-0.247126469572686,0.768975734786893,0.819272727272727,0.857181818181818,0.854090909090909
109979,65544,44435,0.586662299526895,0.62494911344824,0.620196876912301,25.6254545454545,39.4054545454546,34.9690909090909,0.414545454545455,35.24,0.0545454545454545,22.6145454545455,0.0490909090909091,41.6272727272727,-0.248612856372843,0.754994161156091,0.819272727272727,0.857181818181818,0.854090909090909
109834,65547,44287,0.586550308915606,0.624720058754483,0.620212303492379,25.6272727272727,39.3963636363636,34.9763636363636,0.412727272727273,35.26,0.0581818181818182,22.5836363636364,0.0454545454545455,41.64,-0.243475904202668,0.730500702712346,0.819272727272727,0.857181818181818,0.854090909090909
109976,65539,44437,0.586699392698097,0.624641009921933,0.620297533258457,25.6272727272727,39.3909090909091,34.9818181818182,0.412727272727273,35.2818181818182,0.0636363636363636,22.5381818181818,0.0454545454545455,41.6581818181818,-0.245151706194222,0.741765438087962,0.819272727272727,0.857181818181818,0.854090909090909
110128,65521,44607,0.586659843721727,0.62503978586977,0.620352310355002,25.6272727272727,39.4,34.9727272727273,0.414545454545455,35.3145454545455,0.0345454545454545,22.5145454545455,0.0563636363636364,41.6654545454545,-0.250960580756675,0.761003117661246,0.819272727272727,0.857181818181818,0.854090909090909
110191,65543,44648,0.586768464186526,0.625174708795852,0.620316527264969,25.6236363636364,39.4127272727273,34.9636363636364,0.416363636363636,35.3436363636364,0.0490909090909091,22.4618181818182,0.0581818181818182,41.6709090909091,-0.248010602400245,0.752759833760898,0.819272727272727,0.857181818181818,0.854090909090909
110195,65549,44646,0.586657415819864,0.625162124473129,0.620328550330271,25.6145454545455,39.4163636363636,34.9690909090909,0.409090909090909,35.3818181818182,0.0381818181818182,22.4490909090909,0.0436363636363636,41.6781818181818,-0.247226599110714,0.750694549219175,0.819272727272727,0.857181818181818,0.854090909090909
109948,65539,44409,0.586619169807698,0.624823529572197,0.620285755623904,25.6218181818182,39.4072727272727,34.9709090909091,0.407272727272727,35.4109090909091,0.0381818181818182,22.3945454545455,0.0527272727272727,41.6963636363636,-0.248992235136426,0.710280297535726,0.819272727272727,0.857181818181818,0.854090909090909
110025,65540,44485,0.58662698022679,0.624766929285197,0.62035888559642,25.6254545454545,39.4,34.9745454545455,0.409090909090909,35.4290909090909,0.0418181818181818,22.3636363636364,0.0581818181818182,41.6981818181818,-0.249518730230755,0.71283360183747,0.819272727272727,0.857181818181818,0.854090909090909
110135,65533,44602,0.586908264633683,0.624635482150972,0.620410936032979,25.6218181818182,39.4018181818182,34.9763636363636,0.405454545454546,35.4563636363636,0.0345454545454545,22.3345454545455,0.0509090909090909,41.7181818181818,-0.252758481211772,0.733368254774673,0.819272727272727,0.857181818181818,0.854090909090909
110138,65541,44597,0.586804553929242,0.624563085908544,0.620331978613239,25.6181818181818,39.4054545454546,34.9763636363636,0.403636363636364,35.4763636363636,0.0381818181818182,22.2890909090909,0.0509090909090909,41.7418181818182,-0.245688308467321,0.720570301002061,0.819272727272727,0.857181818181818,0.854090909090909
110241,65543,44698,0.586849552687048,0.624769053092992,0.620274397098362,25.6236363636364,39.4018181818182,34.9745454545455,0.4,35.5072727272727,0.0527272727272727,22.2345454545455,0.0381818181818182,41.7672727272727,-0.246154528561403,0.731262024508958,0.819272727272727,0.857181818181818,0.854090909090909
110255,65549,44706,0.586737412968503,0.624729759686104,0.620322476947567,25.6272727272727,39.4090909090909,34.9636363636364,0.398181818181818,35.5436363636364,0.0472727272727273,22.2018181818182,0.04,41.7690909090909,-0.246471306863201,0.720631959729574,0.819272727272727,0.857181818181818,0.854090909090909
110119,65546,44573,0.586645062045313,0.624545932898696,0.620312914599035,25.6290909090909,39.4072727272727,34.9636363636364,0.398181818181818,35.5781818181818,0.0527272727272727,22.1345454545455,0.0436363636363636,41.7927272727273,-0.246663503872696,0.696574529117259,0.819272727272727,0.857181818181818,0.854090909090909
110152,65549,44603,0.586620015156177,0.624431668545624,0.620342209787762,25.6272727272727,39.4018181818182,34.9709090909091,0.394545454545454,35.6145454545455,0.0527272727272727,22.0709090909091,0.0436363636363636,41.8236363636364,-0.24496992698944,0.698027985678478,0.819272727272727,0.857181818181818,0.854090909090909
110018,65543,44475,0.586556681645207,0.624447677656663,0.620500901611716,25.6218181818182,39.4018181818182,34.9763636363636,0.394545454545454,35.6418181818182,0.0509090909090909,22.0181818181818,0.0527272727272727,41.8418181818182,-0.245944978865604,0.662239560137757,0.819272727272727,0.857181818181818,0.854090909090909
110186,65541,44645,0.586772616843913,0.624618046534232,0.620544190047665,25.6327272727273,39.3854545454545,34.9818181818182,0.392727272727273,35.6709090909091,0.0490909090909091,21.98,0.0381818181818182,41.8690909090909,-0.248082656151316,0.682930584641343,0.819272727272727,0.857181818181818,0.854090909090909
110075,65541,44534,0.586596281787035,0.624624501775351,0.620287011117822,25.6309090909091,39.3927272727273,34.9763636363636,0.390909090909091,35.6927272727273,0.0581818181818182,21.9254545454545,0.0436363636363636,41.8890909090909,-0.249901810859823,0.662618722080846,0.819272727272727,0.857181818181818,0.854090909090909
110034,65545,44489,0.586680826844122,0.624272117630114,0.62034370179814,25.6236363636364,39.3927272727273,34.9836363636364,0.390909090909091,35.7145454545455,0.06,21.8745454545455,0.0509090909090909,41.9090909090909,-0.249148048912784,0.650524248639968,0.819272727272727,0.857181818181818,0.854090909090909
110130,65553,44577,0.586757513494866,0.624490279357038,0.620414707946352,25.6181818181818,39.3981818181818,34.9836363636364,0.390909090909091,35.7290909090909,0.0454545454545455,21.8690909090909,0.0545454545454545,41.9109090909091,-0.249413841576891,0.665804918118837,0.819272727272727,0.857181818181818,0.854090909090909
110148,65560,44588,0.586711683251162,0.624538017663577,0.620439974614741,25.6127272727273,39.4090909090909,34.9781818181818,0.390909090909091,35.7509090909091,0.0509090909090909,21.8127272727273,0.0490909090909091,41.9454545454546,-0.248511148739304,0.663231242244894,0.819272727272727,0.857181818181818,0.854090909090909
110234,65561,44673,0.586631495712618,0.624574309327026,0.620552884796736,25.6054545454545,39.4090909090909,34.9854545454545,0.390909090909091,35.7836363636364,0.0490909090909091,21.78,0.0436363636363636,41.9527272727273,-0.248005068070647,0.666591891451654,0.819272727272727,0.857181818181818,0.854090909090909
110050,65567,44483,0.586647796642066,0.624328428370753,0.620514694479517,25.6109090909091,39.4090909090909,34.98,0.389090909090909,35.82,0.0527272727272727,21.7290909090909,0.0545454545454545,41.9545454545455,-0.247224727269151,0.649380245152861,0.819272727272727,0.857181818181818,0.854090909090909
109975,65555,44420,0.586735647754793,0.624286597633679,0.620425386360075,25.6181818181818,39.4054545454546,34.9763636363636,0.390909090909091,35.8418181818182,0.0563636363636364,21.6909090909091,0.0490909090909091,41.9709090909091,-0.250149849713754,0.635914294582538,0.819272727272727,0.857181818181818,0.854090909090909
110207,65561,44646,0.586828650641235,0.624612281985925,0.620411671255084,25.6163636363636,39.4,34.9836363636364,0.387272727272727,35.8763636363636,0.0545454545454545,21.6563636363636,0.0545454545454545,41.9709090909091,-0.251092825609422,0.638555689850314,0.819272727272727,0.857181818181818,0.854090909090909
110047,65538,44509,0.586588009376131,0.624620151743763,0.620243542650145,25.6181818181818,39.4054545454546,34.9763636363636,0.387272727272727,35.9163636363636,0.0690909090909091,21.62,0.0418181818181818,41.9654545454545,-0.252589770954563,0.607253739136187,0.819272727272727,0.857181818181818,0.854090909090909
109991,65537,44454,0.586487617246458,0.624509211171524,0.620310643476728,25.6127272727273,39.4127272727273,34.9745454545455,0.387272727272727,35.96,0.0527272727272727,21.5836363636364,0.0527272727272727,41.9636363636364,-0.251895935323674,0.592941602226347,0.819272727272727,0.857181818181818,0.854090909090909
109967,65540,44427,0.586655329966847,0.624392830201057,0.620384998373954,25.62,39.4,34.98,0.385454545454545,35.9818181818182,0.0527272727272727,21.5472727272727,0.0454545454545455,41.9872727272727,-0.253361798715956,0.588411239856346,0.819272727272727,0.857181818181818,0.854090909090909
110054,65553,44501,0.586642923078599,0.624646795098604,0.62039617997136,25.6145454545455,39.4127272727273,34.9727272727273,0.383636363636364,36.0145454545455,0.0490909090909091,21.5,0.0454545454545455,42.0072727272727,-0.254665638914991,0.593672972968356,0.819272727272727,0.857181818181818,0.854090909090909
110008,65549,44459,0.586685947200498,0.62431916339822,0.620336174411617,25.6163636363636,39.4054545454546,34.9781818181818,0.383636363636364,36.0272727272727,0.0527272727272727,21.4690909090909,0.0472727272727273,42.02,-0.250937885197444,0.576321064240553,0.819272727272727,0.857181818181818,0.854090909090909
109978,65549,44429,0.586716621640768,0.624266429742177,0.620205741948695,25.6072727272727,39.4109090909091,34.9818181818182,0.383636363636364,36.0454545454545,0.0436363636363636,21.4563636363636,0.0345454545454545,42.0363636363636,-0.252862978592119,0.577574816938828,0.819272727272727,0.857181818181818,0.854090909090909
110244,65565,44679,0.58666621794856,0.624525317962482,0.620315549093195,25.6,39.4127272727273,34.9872727272727,0.385454545454545,36.0781818181818,0.0327272727272727,21.4109090909091,0.0418181818181818,42.0509090909091,-0.253008181638209,0.596191310416907,0.819272727272727,0.857181818181818,0.854090909090909
109888,65564,44324,0.586632948534805,0.624091565425167,0.620345991745749,25.6145454545455,39.4018181818182,34.9836363636364,0.383636363636364,36.1054545454545,0.0381818181818182,21.3763636363636,0.0381818181818182,42.0581818181818,-0.250299655761277,0.554622844648971,0.819272727272727,0.857181818181818,0.854090909090909
109931,65570,44361,0.586592124291695,0.624164078084119,0.620364099626185,25.6127272727273,39.4072727272727,34.98,0.38,36.1345454545455,0.0272727272727273,21.3563636363636,0.0363636363636364,42.0654545454545,-0.249240014540125,0.551286644065245,0.819272727272727,0.857181818181818,0.854090909090909
109961,65567,44394,0.586517569640651,0.624020515951117,0.620409041941606,25.62,39.4018181818182,34.9781818181818,0.38,36.1345454545455,0.0381818181818182,21.3254545454545,0.0472727272727273,42.0745454545455,-0.25075580798366,0.547964670043439,0.819272727272727,0.857181818181818,0.854090909090909
110102,65557,44545,0.586591440310259,0.624176381517429,0.620344556031983,25.6181818181818,39.4,34.9818181818182,0.38,36.1454545454545,0.0345454545454545,21.3163636363636,0.0490909090909091,42.0745454545455,-0.252571793530065,0.558391695935279,0.819272727272727,0.857181818181818,0.854090909090909
110148,65565,44583,0.586697099179339,0.624242958654787,0.620292368039229,25.6254545454545,39.3818181818182,34.9927272727273,0.38,36.1563636363636,0.0490909090909091,21.2890909090909,0.0563636363636364,42.0690909090909,-0.252192955794222,0.543229842804034,0.819272727272727,0.857181818181818,0.854090909090909
110210,65574,44636,0.586965120922855,0.624226515107431,0.620343530426063,25.6254545454545,39.3890909090909,34.9854545454545,0.378181818181818,36.1763636363636,0.0490909090909091,21.2672727272727,0.04,42.0890909090909,-0.25130584905141,0.548522977158427,0.819272727272727,0.857181818181818,0.854090909090909
110223,65577,44646,0.586911408008591,0.624273199501161,0.620326867791002,25.6181818181818,39.4036363636364,34.9781818181818,0.378181818181818,36.1890909090909,0.0490909090909091,21.2236363636364,0.0527272727272727,42.1072727272727,-0.254281919311192,0.543732719580558,0.819272727272727,0.857181818181818,0.854090909090909
110279,65563,44716,0.587062902425032,0.62413782498272,0.620158688285442,25.6218181818182,39.4018181818182,34.9763636363636,0.38,36.18,0.0454545454545455,21.2272727272727,0.0509090909090909,42.1163636363636,-0.253916854212399,0.548075849912129,0.819272727272727,0.857181818181818,0.854090909090909
110092,65563,44529,0.587006051171634,0.623940308713261,0.620194566698667,25.6236363636364,39.4,34.9763636363636,0.38,36.1745454545455,0.0563636363636364,21.2109090909091,0.0690909090909091,42.1090909090909,-0.254347837825877,0.509699660184031,0.819272727272727,0.857181818181818,0.854090909090909
