"total_rewards","action_rewards","opinion_rewards","sp0_social_trust","sp1_social_trust","sp2_social_trust","sp0_request_rate","sp1_request_rate","sp2_request_rate","op0_expression_rate","op1_expression_rate","op2_expression_rate","op3_expression_rate","op4_expression_rate","op5_expression_rate","mean_loss1","mean_loss2","sp0_availability","sp1_availability","sp2_availability"
31583,31473,110,0.720128860875286,0.728302535011437,0.720584609269346,33.3309090909091,33.8254545454545,32.8436363636364,16.3890909090909,16.6218181818182,16.7545454545455,16.8272727272727,16.7509090909091,16.6563636363636,1.71171077164737,-1.7617876004089,0.866109090909091,0.872963636363636,0.860436363636364
31960,31486,474,0.720127546493174,0.728054506767098,0.720550614413386,33.3454545454545,33.8290909090909,32.8254545454545,16.2254545454545,16.7527272727273,16.6745454545455,16.9472727272727,16.5909090909091,16.8090909090909,1.64128040292046,-1.71868130347945,0.866109090909091,0.872963636363636,0.860436363636364
32281,31497,784,0.719823666372052,0.728039977121669,0.720717383599941,33.2963636363636,33.8709090909091,32.8327272727273,16.0927272727273,16.8072727272727,16.6363636363636,17.0745454545455,16.4527272727273,16.9363636363636,1.57087486223741,-1.7087083643133,0.866109090909091,0.872963636363636,0.860436363636364
32637,31502,1135,0.719689208971754,0.727872536204415,0.720752870287119,33.2909090909091,33.8854545454545,32.8236363636364,15.9490909090909,16.9272727272727,16.5254545454545,17.2290909090909,16.3181818181818,17.0509090909091,1.4997263008898,-1.67579573447054,0.866109090909091,0.872963636363636,0.860436363636364
32931,31560,1371,0.719712866950456,0.728089314506522,0.720870146813101,33.2872727272727,33.8981818181818,32.8145454545455,15.8018181818182,17.0381818181818,16.4618181818182,17.3418181818182,16.2109090909091,17.1454545454545,1.43286359201778,-1.70638590888544,0.866109090909091,0.872963636363636,0.860436363636364
33344,31621,1723,0.719777533791307,0.728012543230524,0.721088317639782,33.2727272727273,33.9072727272727,32.82,15.6509090909091,17.1309090909091,16.38,17.5054545454545,16.1,17.2327272727273,1.36588196429339,-1.67287717732516,0.866109090909091,0.872963636363636,0.860436363636364
33664,31661,2003,0.719977001152201,0.727695353208049,0.721065274733285,33.3163636363636,33.8472727272727,32.8363636363636,15.4472727272727,17.2781818181818,16.3163636363636,17.6181818181818,16.0145454545455,17.3254545454545,1.29655974453146,-1.67803936167197,0.866109090909091,0.872963636363636,0.860436363636364
34075,31706,2369,0.719927275745298,0.727629341685255,0.720936242780796,33.3145454545455,33.8454545454545,32.84,15.2672727272727,17.44,16.1981818181818,17.7636363636364,15.8709090909091,17.46,1.22684636983004,-1.64304272857579,0.866109090909091,0.872963636363636,0.860436363636364
34381,31704,2677,0.719812124960817,0.727566412485258,0.720643858357351,33.3127272727273,33.8454545454545,32.8418181818182,15.1181818181818,17.5781818181818,16.0709090909091,17.9109090909091,15.7181818181818,17.6036363636364,1.15280677080154,-1.63562304919416,0.866109090909091,0.872963636363636,0.860436363636364
34905,31744,3161,0.719743497124255,0.727340194735836,0.720590578310776,33.3418181818182,33.8072727272727,32.8509090909091,14.9145454545455,17.7618181818182,15.9309090909091,18.1163636363636,15.52,17.7563636363636,1.08108985749158,-1.53967591415752,0.866109090909091,0.872963636363636,0.860436363636364
35312,31740,3572,0.719726913645817,0.727165398578837,0.720529199069508,33.3054545454545,33.8145454545455,32.88,14.7236363636364,17.9236363636364,15.7818181818182,18.2818181818182,15.38,17.9090909090909,1.00501537756486,-1.48711770231074,0.866109090909091,0.872963636363636,0.860436363636364
35779,31754,4025,0.719682527030325,0.726819324651683,0.72053372867804,33.3145454545455,33.8036363636364,32.8818181818182,14.5709090909091,18.0781818181818,15.6181818181818,18.48,15.1636363636364,18.0890909090909,0.929522254250266,-1.41730337955735,0.866109090909091,0.872963636363636,0.860436363636364
36286,31822,4464,0.719481876031929,0.727023925772646,0.720259781578277,33.2836363636364,33.8436363636364,32.8727272727273,14.4036363636364,18.2145454545455,15.4909090909091,18.6836363636364,14.9727272727273,18.2345454545455,0.858207740025087,-1.35160606340929,0.866109090909091,0.872963636363636,0.860436363636364
36807,31843,4964,0.719389858477078,0.726566750882024,0.719920468195812,33.3109090909091,33.7854545454545,32.9036363636364,14.1836363636364,18.4236363636364,15.3509090909091,18.86,14.7836363636364,18.3981818181818,0.78128809874708,-1.26354793689468,0.866109090909091,0.872963636363636,0.860436363636364
37405,31905,5500,0.71943456500337,0.726264644854315,0.719754924117022,33.3181818181818,33.7945454545455,32.8872727272727,13.98,18.6363636363636,15.1618181818182,19.0654545454545,14.5636363636364,18.5927272727273,0.706482806530866,-1.16123575026339,0.866109090909091,0.872963636363636,0.860436363636364
37957,31984,5973,0.719423752292834,0.726281174173333,0.719494540413211,33.3218181818182,33.82,32.8581818181818,13.76,18.8290909090909,15.0109090909091,19.2236363636364,14.4236363636364,18.7527272727273,0.632260726256804,-1.08805397640575,0.866109090909091,0.872963636363636,0.860436363636364
38592,32044,6548,0.719450627921297,0.725957972088038,0.719195435584801,33.3763636363636,33.7618181818182,32.8618181818182,13.5290909090909,19.0636363636364,14.8272727272727,19.4145454545455,14.2290909090909,18.9363636363636,0.55548797195608,-0.970153511654247,0.866109090909091,0.872963636363636,0.860436363636364
39312,32147,7165,0.719350598116434,0.725818583467515,0.718874895411789,33.4381818181818,33.7018181818182,32.86,13.2909090909091,19.2854545454545,14.6163636363636,19.66,14.0218181818182,19.1254545454545,0.48100290352648,-0.836963096531955,0.866109090909091,0.872963636363636,0.860436363636364
39910,32229,7681,0.719019824273109,0.7257651169657,0.718643336601475,33.4654545454545,33.6127272727273,32.9218181818182,13.0654545454545,19.4927272727273,14.4363636363636,19.8872727272727,13.7927272727273,19.3254545454545,0.403898328000849,-0.752631481669166,0.866109090909091,0.872963636363636,0.860436363636364
40550,32277,8273,0.719023734308362,0.725644770692895,0.718260609124028,33.5,33.5818181818182,32.9181818181818,12.84,19.6981818181818,14.2763636363636,20.0945454545455,13.5218181818182,19.5690909090909,0.323375909978693,-0.632774968038906,0.866109090909091,0.872963636363636,0.860436363636364
41316,32402,8914,0.718969147564906,0.725665194396972,0.717942434843555,33.4963636363636,33.5945454545455,32.9090909090909,12.6036363636364,19.9218181818182,14.0381818181818,20.3781818181818,13.2945454545455,19.7636363636364,0.248020651394671,-0.495003106377342,0.866109090909091,0.872963636363636,0.860436363636364
42112,32529,9583,0.718781902668795,0.725249031515355,0.71796488419514,33.5436363636364,33.5381818181818,32.9181818181818,12.3563636363636,20.1545454545455,13.8018181818182,20.6709090909091,13.0327272727273,19.9836363636364,0.17178176343441,-0.342633007331328,0.866109090909091,0.872963636363636,0.860436363636364
42857,32601,10256,0.718685907409871,0.724681271662347,0.717849844106126,33.6109090909091,33.4454545454545,32.9436363636364,12.1,20.3909090909091,13.5909090909091,20.9509090909091,12.76,20.2072727272727,0.0898427107117393,-0.191038449785926,0.866109090909091,0.872963636363636,0.860436363636364
43551,32625,10926,0.718260482736176,0.724338494199831,0.717378018808144,33.6163636363636,33.4272727272727,32.9563636363636,11.8454545454545,20.6763636363636,13.3727272727273,21.1745454545455,12.5036363636364,20.4272727272727,0.00534766180948778,-0.0377285941080614,0.866109090909091,0.872963636363636,0.860436363636364
44295,32676,11619,0.718262573336544,0.723917214953084,0.717119743076226,33.7072727272727,33.3363636363636,32.9563636363636,11.5872727272727,20.9363636363636,13.1490909090909,21.4018181818182,12.2618181818182,20.6636363636364,-0.0773617684841156,0.126017471877011,0.866109090909091,0.872963636363636,0.860436363636364
45117,32773,12344,0.718200914454837,0.723825045404237,0.71681663945083,33.7890909090909,33.2054545454545,33.0054545454545,11.3727272727273,21.2127272727273,12.8490909090909,21.6727272727273,11.9436363636364,20.9490909090909,-0.156955876404589,0.301521242748607,0.866109090909091,0.872963636363636,0.860436363636364
46029,32896,13133,0.718068374581755,0.723335428604168,0.716685565162814,33.86,33.1127272727273,33.0272727272727,11.1290909090909,21.4672727272727,12.58,21.9618181818182,11.6563636363636,21.2054545454545,-0.234749174118042,0.514474310116334,0.866109090909091,0.872963636363636,0.860436363636364
46879,33014,13865,0.718068933117152,0.722786387589657,0.716309574340443,33.9163636363636,33.0436363636364,33.04,10.8618181818182,21.7054545454545,12.3327272727273,22.2509090909091,11.3781818181818,21.4709090909091,-0.312798821384257,0.698013570633802,0.866109090909091,0.872963636363636,0.860436363636364
47677,33098,14579,0.717789371903207,0.722472562146305,0.715737544108432,33.9327272727273,33.0345454545455,33.0327272727273,10.6290909090909,21.9418181818182,12.0890909090909,22.5309090909091,11.1054545454545,21.7036363636364,-0.393395363742655,0.870320281657306,0.866109090909091,0.872963636363636,0.860436363636364
48521,33237,15284,0.717659144864555,0.721919982933065,0.715490806618466,34.04,32.8927272727273,33.0672727272727,10.3981818181818,22.2090909090909,11.7745454545455,22.8454545454545,10.8345454545455,21.9381818181818,-0.46858321455392,1.04021927443418,0.866109090909091,0.872963636363636,0.860436363636364
49377,33330,16047,0.717485003865413,0.721680926892826,0.714971059506134,34.0527272727273,32.8872727272727,33.06,10.1309090909091,22.48,11.5436363636364,23.1345454545455,10.5218181818182,22.1890909090909,-0.547551510550759,1.23956030444665,0.866109090909091,0.872963636363636,0.860436363636364
50079,33375,16704,0.717154959080042,0.721315527393813,0.714368959322093,34.1,32.8927272727273,33.0072727272727,9.92545454545455,22.72,11.2836363636364,23.3890909090909,10.2145454545455,22.4672727272727,-0.628314213048328,1.39966802759604,0.866109090909091,0.872963636363636,0.860436363636364
50855,33499,17356,0.717385525785018,0.72074666657228,0.713849281633516,34.1945454545455,32.8181818181818,32.9872727272727,9.68,22.9527272727273,11.0581818181818,23.6218181818182,9.94545454545454,22.7418181818182,-0.70064164806496,1.5543499388478,0.866109090909091,0.872963636363636,0.860436363636364
51653,33580,18073,0.717106813300888,0.720533645057926,0.713447144445456,34.2818181818182,32.7109090909091,33.0072727272727,9.42909090909091,23.1854545454545,10.7981818181818,23.9145454545455,9.67454545454545,22.9981818181818,-0.776759243553335,1.73630234219811,0.866109090909091,0.872963636363636,0.860436363636364
52384,33643,18741,0.716923421728132,0.720176449338473,0.712890542263884,34.3254545454545,32.6872727272727,32.9872727272727,9.17272727272727,23.4272727272727,10.5872727272727,24.1418181818182,9.41636363636364,23.2545454545455,-0.85358998558738,1.8960272767327,0.866109090909091,0.872963636363636,0.860436363636364
52975,33706,19269,0.716939004926404,0.719669966784808,0.71240454268688,34.4381818181818,32.5945454545455,32.9672727272727,8.97090909090909,23.6509090909091,10.3254545454545,24.3781818181818,9.21454545454546,23.46,-0.928760382804004,2.00194863677025,0.866109090909091,0.872963636363636,0.860436363636364
53599,33802,19797,0.717085611875396,0.719198399783942,0.711908303746459,34.5236363636364,32.5163636363636,32.96,8.77272727272727,23.8527272727273,10.0927272727273,24.6,9.00363636363636,23.6781818181818,-0.999184694615277,2.1122571609237,0.866109090909091,0.872963636363636,0.860436363636364
54404,33947,20457,0.717150422393048,0.718987820029147,0.711699261259934,34.6163636363636,32.4381818181818,32.9454545454545,8.58909090909091,24.0454545454545,9.86545454545454,24.8363636363636,8.72,23.9436363636364,-1.06493952951648,2.28072475303303,0.866109090909091,0.872963636363636,0.860436363636364
55163,34051,21112,0.717033069959771,0.718239895140052,0.711333800459102,34.7127272727273,32.3618181818182,32.9254545454545,8.35818181818182,24.2927272727273,9.60727272727273,25.0672727272727,8.48,24.1945454545455,-1.13063884540038,2.44995835748586,0.866109090909091,0.872963636363636,0.860436363636364
55830,34174,21656,0.716929554494115,0.717759112176824,0.711017553007011,34.8054545454545,32.2963636363636,32.8981818181818,8.17090909090909,24.4545454545455,9.43636363636364,25.2618181818182,8.22545454545454,24.4509090909091,-1.19484271650965,2.57417843937874,0.866109090909091,0.872963636363636,0.860436363636364
56477,34290,22187,0.716796195544162,0.717182128708936,0.710474065573927,34.8909090909091,32.3,32.8090909090909,8.01818181818182,24.6145454545455,9.23090909090909,25.4709090909091,8,24.6654545454545,-1.256040600755,2.69020008607344,0.866109090909091,0.872963636363636,0.860436363636364
57026,34384,22642,0.716582006533478,0.716729219546396,0.710115907033484,34.9672727272727,32.2418181818182,32.7909090909091,7.83454545454545,24.7945454545455,9.00545454545455,25.6727272727273,7.82909090909091,24.8636363636364,-1.31834988106381,2.78908042961901,0.866109090909091,0.872963636363636,0.860436363636364
57703,34552,23151,0.716545008054415,0.716801741778437,0.709617827338387,35.0709090909091,32.2527272727273,32.6763636363636,7.64727272727273,24.9890909090909,8.80545454545454,25.84,7.63818181818182,25.08,-1.37150725884871,2.90497921813618,0.866109090909091,0.872963636363636,0.860436363636364
58247,34682,23565,0.716543005125684,0.71677347273689,0.708933071125732,35.1872727272727,32.2090909090909,32.6036363636364,7.48545454545455,25.1236363636364,8.60909090909091,26.0036363636364,7.53454545454545,25.2436363636364,-1.42568568316373,2.98966148116372,0.866109090909091,0.872963636363636,0.860436363636364
58736,34766,23970,0.716553391454718,0.716678907632597,0.708524323855672,35.2563636363636,32.2218181818182,32.5218181818182,7.32363636363636,25.28,8.43272727272727,26.1618181818182,7.37454545454545,25.4272727272727,-1.48208480152217,3.06472021016208,0.866109090909091,0.872963636363636,0.860436363636364
59300,34880,24420,0.716655426934134,0.716481675598051,0.707761150587172,35.3509090909091,32.2109090909091,32.4381818181818,7.15090909090909,25.4418181818182,8.23090909090909,26.3618181818182,7.20909090909091,25.6054545454545,-1.53428759385239,3.17002924463966,0.866109090909091,0.872963636363636,0.860436363636364
59898,34996,24902,0.71688889569591,0.715957626435867,0.707534659341589,35.4618181818182,32.1127272727273,32.4254545454545,7.01272727272727,25.5672727272727,8.02727272727273,26.5527272727273,7.04181818181818,25.7981818181818,-1.58452792357315,3.29183584885164,0.866109090909091,0.872963636363636,0.860436363636364
60574,35147,25427,0.716771930133667,0.715744116879023,0.707346529744496,35.5545454545455,32.0709090909091,32.3745454545455,6.88,25.72,7.83090909090909,26.7454545454545,6.82,26.0036363636364,-1.63050729144703,3.42881714918397,0.866109090909091,0.872963636363636,0.860436363636364
60978,35195,25783,0.716466125946838,0.715134054562747,0.706940678371226,35.6381818181818,32.0636363636364,32.2981818181818,6.74727272727273,25.8672727272727,7.63636363636364,26.9181818181818,6.66545454545455,26.1654545454545,-1.68201872814785,3.49785052700476,0.866109090909091,0.872963636363636,0.860436363636364
61508,35287,26221,0.716355614759014,0.715108062072422,0.706135406148609,35.6872727272727,32.1,32.2127272727273,6.61090909090909,26.04,7.39636363636364,27.0981818181818,6.52,26.3345454545455,-1.72812325087461,3.59680176214738,0.866109090909091,0.872963636363636,0.860436363636364
62062,35420,26642,0.716459847182505,0.714921956582813,0.705774152983001,35.74,32.1163636363636,32.1436363636364,6.45454545454545,26.1636363636364,7.27272727272727,27.2345454545455,6.32727272727273,26.5472727272727,-1.76775013533506,3.68425317948515,0.866109090909091,0.872963636363636,0.860436363636364
62484,35539,26945,0.716520558400776,0.714484785354374,0.705437813232905,35.8272727272727,32.0927272727273,32.08,6.34181818181818,26.2290909090909,7.15818181818182,27.3690909090909,6.15454545454545,26.7472727272727,-1.80677120577205,3.73676316250454,0.866109090909091,0.872963636363636,0.860436363636364
62994,35719,27275,0.716314233974995,0.714278007354545,0.704667024725875,35.9,32.1236363636364,31.9763636363636,6.24727272727273,26.3327272727273,6.98909090909091,27.5109090909091,5.99272727272727,26.9272727272727,-1.83917262337425,3.7917116262696,0.866109090909091,0.872963636363636,0.860436363636364
63562,35878,27684,0.716160150228644,0.713789398085255,0.70423566122167,35.9836363636364,32.0690909090909,31.9472727272727,6.12363636363636,26.4709090909091,6.83454545454545,27.6145454545455,5.86727272727273,27.0890909090909,-1.87153031853112,3.89540762088516,0.866109090909091,0.872963636363636,0.860436363636364
64052,35996,28056,0.716037355131721,0.713553119662886,0.703733000989986,36.0309090909091,32.1054545454545,31.8636363636364,6.02,26.58,6.64727272727273,27.7654545454545,5.73272727272727,27.2545454545455,-1.90657056028193,3.98202655315399,0.866109090909091,0.872963636363636,0.860436363636364
64621,36159,28462,0.716004546303389,0.712903111915861,0.703224472637824,36.12,32.0909090909091,31.7890909090909,5.87636363636364,26.7690909090909,6.40909090909091,27.9054545454545,5.61454545454545,27.4254545454545,-1.93401115645062,4.06931631456722,0.866109090909091,0.872963636363636,0.860436363636364
65052,36345,28707,0.715665848495992,0.713382091269931,0.702331909340702,36.1527272727273,32.1745454545455,31.6727272727273,5.76545454545455,26.8345454545455,6.31090909090909,28.0090909090909,5.49636363636364,27.5836363636364,-1.9582785083489,4.11569752747362,0.866109090909091,0.872963636363636,0.860436363636364
65555,36552,29003,0.715444177217112,0.712870979776737,0.701978719630203,36.1836363636364,32.2109090909091,31.6054545454545,5.68545454545455,26.9345454545455,6.15090909090909,28.1363636363636,5.35454545454546,27.7381818181818,-1.98075147677552,4.17141556035389,0.866109090909091,0.872963636363636,0.860436363636364
65960,36676,29284,0.715000623793297,0.712674259137644,0.701534225958176,36.2145454545455,32.3109090909091,31.4745454545455,5.60181818181818,27.0181818181818,6.07818181818182,28.2127272727273,5.20909090909091,27.88,-2.00680642371828,4.22355793389407,0.866109090909091,0.872963636363636,0.860436363636364
66480,36902,29578,0.714882614610458,0.7126612059671,0.7008659766547,36.2854545454545,32.3218181818182,31.3927272727273,5.5,27.1654545454545,5.90363636363636,28.3254545454545,5.08545454545455,28.02,-2.02436452074484,4.27547281709584,0.866109090909091,0.872963636363636,0.860436363636364
66878,37091,29787,0.71434825956527,0.712476128445901,0.699981944003526,36.2836363636364,32.4054545454545,31.3109090909091,5.38909090909091,27.2509090909091,5.84909090909091,28.3709090909091,4.98545454545455,28.1545454545455,-2.04290884408084,4.30308345014399,0.866109090909091,0.872963636363636,0.860436363636364
67359,37281,30078,0.713971929285355,0.712570098904057,0.699261696386513,36.32,32.4490909090909,31.2309090909091,5.29272727272727,27.3654545454545,5.74181818181818,28.48,4.84545454545455,28.2745454545455,-2.0588454157114,4.35252773870121,0.866109090909091,0.872963636363636,0.860436363636364
67814,37472,30342,0.713664336975948,0.712358846628657,0.698240764798352,36.3309090909091,32.5490909090909,31.12,5.18545454545455,27.5145454545455,5.6,28.5672727272727,4.75818181818182,28.3745454545455,-2.07460596832362,4.39352211410349,0.866109090909091,0.872963636363636,0.860436363636364
68349,37705,30644,0.713453519995155,0.71210301517558,0.697236070660631,36.3672727272727,32.5672727272727,31.0654545454545,5.08545454545455,27.6236363636364,5.48181818181818,28.6709090909091,4.65818181818182,28.48,-2.08460784419016,4.45229096033356,0.866109090909091,0.872963636363636,0.860436363636364
68720,37857,30863,0.713020624605423,0.711063769481666,0.696496242025213,36.4,32.6127272727273,30.9872727272727,5.00545454545455,27.7545454545455,5.33090909090909,28.7309090909091,4.59272727272727,28.5854545454545,-2.1005066736178,4.48334735523571,0.866109090909091,0.872963636363636,0.860436363636364
69087,38053,31034,0.712341857471239,0.710474964794901,0.695835677524404,36.44,32.6636363636364,30.8963636363636,4.92,27.82,5.26181818181818,28.8254545454545,4.49090909090909,28.6818181818182,-2.11151759732853,4.49631004766984,0.866109090909091,0.872963636363636,0.860436363636364
69563,38245,31318,0.711574017270759,0.70962509034129,0.695241064685162,36.4909090909091,32.6727272727273,30.8363636363636,4.82,27.9345454545455,5.16727272727273,28.9072727272727,4.4,28.7709090909091,-2.11960712508722,4.55235834934495,0.866109090909091,0.872963636363636,0.860436363636364
69977,38461,31516,0.711151795553137,0.708766629385464,0.69421217919941,36.5145454545455,32.6745454545455,30.8109090909091,4.73090909090909,28.0327272727273,5.05272727272727,28.9945454545455,4.32,28.8690909090909,-2.12530208175833,4.58091380867091,0.866109090909091,0.872963636363636,0.860436363636364
70432,38744,31688,0.710736408525499,0.708591144954735,0.693273263486595,36.5290909090909,32.7418181818182,30.7290909090909,4.64727272727273,28.1509090909091,4.92181818181818,29.0618181818182,4.25454545454545,28.9636363636364,-2.12420016500083,4.59238213788379,0.866109090909091,0.872963636363636,0.860436363636364
70986,39057,31929,0.709864362317621,0.707897726861109,0.692581923573243,36.5436363636364,32.82,30.6363636363636,4.55818181818182,28.2490909090909,4.84545454545455,29.0890909090909,4.16,29.0981818181818,-2.12035219073296,4.63668473037806,0.866109090909091,0.872963636363636,0.860436363636364
71662,39343,32319,0.709595989596289,0.707407102469074,0.691415253317343,36.5872727272727,32.8781818181818,30.5345454545455,4.49454545454545,28.3836363636364,4.63272727272727,29.2545454545455,4.05454545454545,29.18,-2.11750830276446,4.73133851018819,0.866109090909091,0.872963636363636,0.860436363636364
72049,39623,32426,0.708835131237102,0.706527629287714,0.690564623292822,36.5927272727273,32.8763636363636,30.5309090909091,4.41636363636364,28.4418181818182,4.58363636363636,29.3127272727273,3.97636363636364,29.2690909090909,-2.11476729972796,4.72404262315143,0.866109090909091,0.872963636363636,0.860436363636364
72512,39878,32634,0.708188860001954,0.70584207253571,0.689854267977795,36.5872727272727,32.9181818181818,30.4945454545455,4.34181818181818,28.5727272727273,4.44545454545455,29.3763636363636,3.92545454545454,29.3381818181818,-2.11179600466381,4.74970138939944,0.866109090909091,0.872963636363636,0.860436363636364
73019,40184,32835,0.707852063693623,0.705084451407717,0.688917486516195,36.5981818181818,32.9709090909091,30.4309090909091,4.27818181818182,28.6654545454545,4.34727272727273,29.4145454545455,3.87090909090909,29.4236363636364,-2.10308039432222,4.77234693142501,0.866109090909091,0.872963636363636,0.860436363636364
73688,40533,33155,0.707034147896457,0.704450500268393,0.688198643609369,36.5581818181818,33.0545454545455,30.3872727272727,4.20181818181818,28.7727272727273,4.20363636363636,29.5363636363636,3.78181818181818,29.5036363636364,-2.08964906063947,4.83853781277483,0.866109090909091,0.872963636363636,0.860436363636364
74156,40786,33370,0.706388162263099,0.704089228665565,0.687224776963464,36.5436363636364,33.1,30.3563636363636,4.13636363636364,28.8709090909091,4.13636363636364,29.5872727272727,3.67636363636364,29.5927272727273,-2.08568791814826,4.87744437456131,0.866109090909091,0.872963636363636,0.860436363636364
74523,41027,33496,0.705486737089246,0.703124073653793,0.686166798597931,36.5363636363636,33.1636363636364,30.3,4.08,28.9345454545455,4.03454545454545,29.7072727272727,3.59272727272727,29.6509090909091,-2.07976363843138,4.88404357866807,0.866109090909091,0.872963636363636,0.860436363636364
74923,41271,33652,0.704527519844157,0.702133662182416,0.685465889280418,36.5781818181818,33.1309090909091,30.2909090909091,4.03272727272727,29.0218181818182,3.96181818181818,29.7690909090909,3.51454545454545,29.7,-2.07278213744814,4.88576598492536,0.866109090909091,0.872963636363636,0.860436363636364
75444,41586,33858,0.703869071131553,0.701021921633987,0.684409627338058,36.5872727272727,33.1781818181818,30.2345454545455,3.98727272727273,29.0781818181818,3.88545454545454,29.8709090909091,3.39636363636364,29.7818181818182,-2.0629198632457,4.90581697767431,0.866109090909091,0.872963636363636,0.860436363636364
75868,41917,33951,0.703034208869656,0.699936117135571,0.68377433298302,36.6545454545455,33.1236363636364,30.2218181818182,3.92363636363636,29.1490909090909,3.83636363636364,29.9018181818182,3.37454545454545,29.8145454545455,-2.0466700356115,4.89738294644789,0.866109090909091,0.872963636363636,0.860436363636364
76275,42193,34082,0.702245718661484,0.699242726033752,0.682796499781117,36.7072727272727,33.1581818181818,30.1345454545455,3.86909090909091,29.2272727272727,3.79090909090909,29.9472727272727,3.32363636363636,29.8418181818182,-2.03766183473847,4.90551295930689,0.866109090909091,0.872963636363636,0.860436363636364
76871,42588,34283,0.701955937727699,0.698234550861042,0.681949579655034,36.7636363636364,33.2181818181818,30.0181818181818,3.82,29.2727272727273,3.71818181818182,30.0381818181818,3.25818181818182,29.8927272727273,-2.01587156734683,4.93590383312919,0.866109090909091,0.872963636363636,0.860436363636364
77383,42917,34466,0.70137793229313,0.69741287223758,0.680650863970008,36.8109090909091,33.2581818181818,29.9309090909091,3.75818181818182,29.3345454545455,3.67818181818182,30.0945454545455,3.18181818181818,29.9527272727273,-2.00056124248288,4.95752799510956,0.866109090909091,0.872963636363636,0.860436363636364
77743,43229,34514,0.70065193396023,0.696013893109346,0.679689797521761,36.8690909090909,33.2527272727273,29.8781818181818,3.71090909090909,29.38,3.58727272727273,30.1836363636364,3.12545454545455,30.0127272727273,-1.98418401547454,4.9332439661026,0.866109090909091,0.872963636363636,0.860436363636364
78422,43676,34746,0.699303857772385,0.695161874502092,0.679011497144823,36.9236363636364,33.2818181818182,29.7945454545455,3.64727272727273,29.4909090909091,3.48,30.2418181818182,3.07636363636364,30.0636363636364,-1.95785943581299,4.97868023785678,0.866109090909091,0.872963636363636,0.860436363636364
78968,44026,34942,0.698458606308056,0.694162452951996,0.677923201413575,36.9836363636364,33.3981818181818,29.6181818181818,3.61272727272727,29.5690909090909,3.36,30.3363636363636,2.98,30.1418181818182,-1.9389844739979,5.00720166509802,0.866109090909091,0.872963636363636,0.860436363636364
79347,44384,34963,0.697337346972341,0.692830260256044,0.677326154739788,37.0709090909091,33.3618181818182,29.5672727272727,3.56727272727273,29.6145454545455,3.31636363636364,30.3854545454545,2.92,30.1963636363636,-1.91926064152609,4.97103961814534,0.866109090909091,0.872963636363636,0.860436363636364
79740,44688,35052,0.696250385735922,0.692110420796529,0.675949506116144,37.1272727272727,33.4218181818182,29.4509090909091,3.50727272727273,29.7072727272727,3.22727272727273,30.4272727272727,2.86909090909091,30.2618181818182,-1.90422703014179,4.95539873296564,0.866109090909091,0.872963636363636,0.860436363636364
80361,45039,35322,0.69560275632151,0.69165142617735,0.67471867553804,37.2236363636364,33.4145454545455,29.3618181818182,3.45090909090909,29.8036363636364,3.09636363636364,30.5145454545455,2.81454545454545,30.32,-1.88259610831738,5.00488235300238,0.866109090909091,0.872963636363636,0.860436363636364
80778,45410,35368,0.694598781295172,0.690386430629971,0.673409376810144,37.3290909090909,33.4327272727273,29.2381818181818,3.38727272727273,29.8690909090909,3.04181818181818,30.5327272727273,2.77636363636364,30.3927272727273,-1.85942410880869,4.97758441621607,0.866109090909091,0.872963636363636,0.860436363636364
81446,45809,35637,0.693636850474913,0.68894849371559,0.672036288903493,37.4709090909091,33.3745454545455,29.1545454545455,3.35272727272727,29.92,2.95818181818182,30.6345454545455,2.68545454545455,30.4490909090909,-1.83202707469463,5.02167031764984,0.866109090909091,0.872963636363636,0.860436363636364
81916,46175,35741,0.693007886136185,0.687802002444647,0.670548838336053,37.5818181818182,33.3981818181818,29.02,3.32545454545455,29.98,2.88181818181818,30.6563636363636,2.63272727272727,30.5236363636364,-1.81017805676569,5.02037171233784,0.866109090909091,0.872963636363636,0.860436363636364
82284,46447,35837,0.692411156385408,0.68642014805981,0.669396673717819,37.7490909090909,33.3218181818182,28.9290909090909,3.27636363636364,30.04,2.83272727272727,30.7090909090909,2.54,30.6018181818182,-1.79727165170691,5.01025305444544,0.866109090909091,0.872963636363636,0.860436363636364
82822,46822,36000,0.691727807295719,0.684958324873008,0.668211480567859,37.8545454545455,33.28,28.8654545454545,3.23090909090909,30.1345454545455,2.74727272727273,30.6909090909091,2.50545454545455,30.6909090909091,-1.77541013901884,5.02919742410833,0.866109090909091,0.872963636363636,0.860436363636364
83127,47102,36025,0.690375395909283,0.683798882035149,0.666817407828021,37.8927272727273,33.3054545454545,28.8018181818182,3.19090909090909,30.1636363636364,2.73272727272727,30.7036363636364,2.44363636363636,30.7654545454545,-1.75980497734113,5.00333499908447,0.866109090909091,0.872963636363636,0.860436363636364
83703,47524,36179,0.689593172817336,0.682669052982593,0.665440683586925,37.9818181818182,33.3363636363636,28.6818181818182,3.14545454545455,30.2254545454545,2.66363636363636,30.7272727272727,2.38545454545455,30.8527272727273,-1.73033469766378,5.01014425537803,0.866109090909091,0.872963636363636,0.860436363636364
84411,47926,36485,0.688696118557226,0.681777623475362,0.664476238043748,38.1218181818182,33.3436363636364,28.5345454545455,3.11454545454545,30.2890909090909,2.55272727272727,30.8,2.30545454545455,30.9381818181818,-1.70204876715487,5.07149990255182,0.866109090909091,0.872963636363636,0.860436363636364
84984,48320,36664,0.688355770370958,0.681254157700434,0.663519316263486,38.2254545454545,33.3109090909091,28.4636363636364,3.07090909090909,30.34,2.54181818181818,30.7854545454545,2.27090909090909,30.9909090909091,-1.67563362135129,5.10026945417578,0.866109090909091,0.872963636363636,0.860436363636364
85501,48753,36748,0.687507758842917,0.680339538752676,0.662381543786688,38.3090909090909,33.3127272727273,28.3781818181818,3.03454545454545,30.3945454545455,2.49272727272727,30.7636363636364,2.27818181818182,31.0363636363636,-1.64664940712127,5.09845894033259,0.866109090909091,0.872963636363636,0.860436363636364
86017,49144,36873,0.687033931139807,0.67897485109201,0.661128462223176,38.4036363636364,33.2836363636364,28.3127272727273,2.98181818181818,30.4727272727273,2.45272727272727,30.7745454545455,2.21818181818182,31.1,-1.62208598892797,5.09967210726304,0.866109090909091,0.872963636363636,0.860436363636364
86492,49555,36937,0.685953335391944,0.677094377186411,0.660263250300009,38.4927272727273,33.2327272727273,28.2745454545455,2.94545454545455,30.5272727272727,2.40909090909091,30.7709090909091,2.19090909090909,31.1563636363636,-1.59342174570669,5.08652953668074,0.866109090909091,0.872963636363636,0.860436363636364
86933,49941,36992,0.684487582377577,0.675986721204118,0.659009450936706,38.5181818181818,33.26,28.2218181818182,2.91818181818182,30.5363636363636,2.37272727272727,30.8018181818182,2.14181818181818,31.2290909090909,-1.56568884131583,5.0686290545897,0.866109090909091,0.872963636363636,0.860436363636364
87435,50337,37098,0.683935516494543,0.674363259104804,0.657828696595606,38.6472727272727,33.2090909090909,28.1436363636364,2.87090909090909,30.6,2.34181818181818,30.78,2.11090909090909,31.2963636363636,-1.53819881135767,5.0612823638049,0.866109090909091,0.872963636363636,0.860436363636364
87964,50780,37184,0.68306712164037,0.673555754195361,0.655992629399875,38.72,33.2163636363636,28.0636363636364,2.84181818181818,30.6472727272727,2.28363636363636,30.7872727272727,2.06727272727273,31.3727272727273,-1.50536541992968,5.04759334434162,0.866109090909091,0.872963636363636,0.860436363636364
88500,51215,37285,0.681749152710083,0.672984599280826,0.654720482925831,38.74,33.2272727272727,28.0327272727273,2.80909090909091,30.7127272727273,2.22,30.7927272727273,2.03818181818182,31.4272727272727,-1.47303170507604,5.04488230401819,0.866109090909091,0.872963636363636,0.860436363636364
88896,51629,37267,0.680761957250351,0.6712104145177,0.653741760181873,38.8109090909091,33.1618181818182,28.0272727272727,2.78181818181818,30.7636363636364,2.18727272727273,30.7818181818182,1.96363636363636,31.5218181818182,-1.44265538968823,5.00545945384286,0.866109090909091,0.872963636363636,0.860436363636364
89523,52027,37496,0.68002837203158,0.670477147302877,0.652573797995007,38.8563636363636,33.1254545454545,28.0181818181818,2.74545454545455,30.7909090909091,2.17454545454545,30.8072727272727,1.89636363636364,31.5854545454545,-1.40995779037476,5.05561487241225,0.866109090909091,0.872963636363636,0.860436363636364
89985,52395,37590,0.678911451206203,0.669036465986684,0.651538130520691,38.92,33.1090909090909,27.9709090909091,2.69636363636364,30.8345454545455,2.12909090909091,30.8472727272727,1.86545454545455,31.6272727272727,-1.38758126172152,5.0484129298817,0.866109090909091,0.872963636363636,0.860436363636364
90567,52811,37756,0.678160943774321,0.667610980287755,0.650580313658405,38.9945454545455,33.0545454545455,27.9509090909091,2.65272727272727,30.9181818181818,2.07272727272727,30.8054545454545,1.84545454545455,31.7054545454545,-1.35537403943864,5.07678680419922,0.866109090909091,0.872963636363636,0.860436363636364
91022,53206,37816,0.677350710347683,0.666372027862268,0.649103262329528,39.0490909090909,33.0545454545455,27.8963636363636,2.62181818181818,30.9727272727273,2.03636363636364,30.7690909090909,1.81272727272727,31.7872727272727,-1.32638071971861,5.06408270489086,0.866109090909091,0.872963636363636,0.860436363636364
91594,53622,37972,0.676452684347184,0.665194933377693,0.647965567812957,39.1109090909091,33.0727272727273,27.8163636363636,2.58181818181818,31.0109090909091,2.01272727272727,30.78,1.76727272727273,31.8472727272727,-1.29618254005909,5.08057148239829,0.866109090909091,0.872963636363636,0.860436363636364
91973,54005,37968,0.675782469245227,0.664168971389335,0.646708147082175,39.1854545454545,33.0727272727273,27.7418181818182,2.55272727272727,31.0290909090909,2.02909090909091,30.76,1.74,31.8890909090909,-1.26509055007588,5.04387589367953,0.866109090909091,0.872963636363636,0.860436363636364
92576,54411,38165,0.674724696741742,0.661677716538788,0.646061285183082,39.2218181818182,33.0254545454545,27.7527272727273,2.52363636363636,31.0727272727273,1.97272727272727,30.8090909090909,1.66909090909091,31.9527272727273,-1.23462194177237,5.06597445227883,0.866109090909091,0.872963636363636,0.860436363636364
92960,54756,38204,0.673749598534982,0.65973474484971,0.64499241920868,39.2581818181818,32.9963636363636,27.7454545454545,2.48545454545455,31.1236363636364,1.92545454545455,30.8036363636364,1.64545454545455,32.0163636363636,-1.20764743861827,5.03634001991966,0.866109090909091,0.872963636363636,0.860436363636364
93594,55171,38423,0.67317058636344,0.658651221034045,0.643899885214906,39.3109090909091,32.9563636363636,27.7327272727273,2.44909090909091,31.1490909090909,1.91454545454545,30.8490909090909,1.55090909090909,32.0872727272727,-1.17330040857196,5.072256044908,0.866109090909091,0.872963636363636,0.860436363636364
93982,55548,38434,0.672058743933589,0.657734970658791,0.642823764915159,39.3763636363636,32.9327272727273,27.6909090909091,2.41454545454545,31.1836363636364,1.88363636363636,30.8381818181818,1.55272727272727,32.1272727272727,-1.14432569897988,5.04541162577542,0.866109090909091,0.872963636363636,0.860436363636364
94495,55858,38637,0.67124260791528,0.65657790634548,0.641977165962253,39.3872727272727,32.9472727272727,27.6654545454545,2.38727272727273,31.24,1.8,30.8709090909091,1.49636363636364,32.2054545454545,-1.12130654176528,5.05995049043135,0.866109090909091,0.872963636363636,0.860436363636364
94967,56282,38685,0.670784055969487,0.655363732775145,0.640625225315552,39.4654545454545,32.9,27.6345454545455,2.36181818181818,31.2872727272727,1.73454545454545,30.8763636363636,1.48,32.26,-1.09087835794145,5.03956859978763,0.866109090909091,0.872963636363636,0.860436363636364
95490,56594,38896,0.670055331459772,0.6550410550486,0.639463467696473,39.4672727272727,32.9290909090909,27.6036363636364,2.33636363636364,31.3,1.70363636363636,30.8981818181818,1.45272727272727,32.3090909090909,-1.06427025483413,5.06710987091064,0.866109090909091,0.872963636363636,0.860436363636364
95885,56994,38891,0.668988163379656,0.653128551853973,0.63868852555951,39.5345454545455,32.8581818181818,27.6072727272727,2.30363636363636,31.36,1.68,30.8818181818182,1.4,32.3745454545455,-1.03406014293432,5.02917149283669,0.866109090909091,0.872963636363636,0.860436363636364
96382,57280,39102,0.667860399928365,0.653186335791733,0.637405607443916,39.5545454545455,32.8854545454545,27.56,2.28909090909091,31.4090909090909,1.6,30.9309090909091,1.33818181818182,32.4327272727273,-1.01378315274011,5.04758497801694,0.866109090909091,0.872963636363636,0.860436363636364
96855,57566,39289,0.667010719420246,0.653096842959441,0.63624787027284,39.5527272727273,32.9490909090909,27.4981818181818,2.25818181818182,31.4454545454545,1.55818181818182,30.9436363636364,1.32727272727273,32.4672727272727,-0.992424347522584,5.05877248157154,0.866109090909091,0.872963636363636,0.860436363636364
97257,57873,39384,0.666583827502276,0.65214447162416,0.635490157035665,39.5581818181818,32.9327272727273,27.5090909090909,2.23090909090909,31.4781818181818,1.53090909090909,30.9345454545455,1.35272727272727,32.4727272727273,-0.968623952770775,5.06075991067019,0.866109090909091,0.872963636363636,0.860436363636364
97620,58147,39473,0.665815893096587,0.651684686045807,0.634015320237321,39.5672727272727,32.9509090909091,27.4818181818182,2.21454545454545,31.4727272727273,1.52727272727273,30.9490909090909,1.32727272727273,32.5090909090909,-0.947546645253897,5.05659306699579,0.866109090909091,0.872963636363636,0.860436363636364
98145,58401,39744,0.665085953897193,0.650449829478384,0.633428313074876,39.5672727272727,32.9581818181818,27.4745454545455,2.18363636363636,31.5072727272727,1.48181818181818,30.9781818181818,1.27272727272727,32.5763636363636,-0.929639317298477,5.09851044958288,0.866109090909091,0.872963636363636,0.860436363636364
98389,58675,39714,0.664229346805826,0.649092344271157,0.632325996083268,39.5890909090909,32.9472727272727,27.4636363636364,2.15090909090909,31.5490909090909,1.45636363636364,30.9872727272727,1.25454545454545,32.6018181818182,-0.908030357144096,5.06197485165162,0.866109090909091,0.872963636363636,0.860436363636364
98743,58958,39785,0.663428247896925,0.648031884778544,0.631540462272866,39.5854545454546,32.9545454545455,27.46,2.12545454545455,31.5818181818182,1.41272727272727,31.04,1.18363636363636,32.6563636363636,-0.882332813739777,5.03864119486375,0.866109090909091,0.872963636363636,0.860436363636364
99201,59270,39931,0.662942600414271,0.646714430664921,0.630896959409302,39.6290909090909,32.9145454545455,27.4563636363636,2.09090909090909,31.6509090909091,1.32363636363636,31.0890909090909,1.14363636363636,32.7018181818182,-0.85776279297742,5.03865755471316,0.866109090909091,0.872963636363636,0.860436363636364
99572,59538,40034,0.662094155634469,0.646170571323216,0.630352168404793,39.64,32.9127272727273,27.4472727272727,2.07454545454545,31.6872727272727,1.25636363636364,31.1109090909091,1.14545454545455,32.7254545454545,-0.836525546420704,5.02906838113611,0.866109090909091,0.872963636363636,0.860436363636364
99914,59798,40116,0.661754679055721,0.645680106124634,0.629609636558049,39.6345454545455,32.9036363636364,27.4618181818182,2.05454545454545,31.7072727272727,1.24909090909091,31.1,1.11090909090909,32.7781818181818,-0.816387201574716,5.01804812604731,0.866109090909091,0.872963636363636,0.860436363636364
100354,60067,40287,0.661057030923361,0.644735583644079,0.629086079533163,39.6509090909091,32.8872727272727,27.4618181818182,2.02363636363636,31.74,1.25636363636364,31.0781818181818,1.06545454545455,32.8363636363636,-0.795718361640518,5.02305051846938,0.866109090909091,0.872963636363636,0.860436363636364
100531,60262,40269,0.660194453926343,0.644098612297326,0.628153793457974,39.6163636363636,32.9345454545455,27.4490909090909,2.00181818181818,31.7927272727273,1.21454545454545,31.0509090909091,1.08,32.86,-0.779789426787333,4.98195281245492,0.866109090909091,0.872963636363636,0.860436363636364
100819,60490,40329,0.659630309184614,0.643147424496804,0.627228823012309,39.6327272727273,32.9490909090909,27.4181818181818,1.97818181818182,31.8163636363636,1.22,31.0254545454545,1.07818181818182,32.8818181818182,-0.762121692265977,4.967938561873,0.866109090909091,0.872963636363636,0.860436363636364
101034,60682,40352,0.658888556614584,0.64246397462215,0.626253166423178,39.6418181818182,32.9727272727273,27.3854545454545,1.94727272727273,31.8763636363636,1.20545454545455,30.9727272727273,1.08363636363636,32.9145454545455,-0.743594296242703,4.92776670997793,0.866109090909091,0.872963636363636,0.860436363636364
101298,60921,40377,0.658023732366587,0.641897416300009,0.625637166232379,39.6272727272727,33.0127272727273,27.36,1.91090909090909,31.9454545454545,1.17090909090909,30.94,1.07818181818182,32.9545454545455,-0.724219896745953,4.89229131937027,0.866109090909091,0.872963636363636,0.860436363636364
101677,61106,40571,0.657337356590985,0.641261101569762,0.625260941565515,39.6381818181818,33.0127272727273,27.3490909090909,1.89272727272727,31.9963636363636,1.14727272727273,30.9054545454545,1.07272727272727,32.9854545454545,-0.708541466685181,4.92463647018779,0.866109090909091,0.872963636363636,0.860436363636364
101940,61292,40648,0.656535316151872,0.640611421274896,0.624714351527241,39.6018181818182,33.0509090909091,27.3472727272727,1.87454545454545,32.0490909090909,1.11454545454545,30.8927272727273,1.02909090909091,33.04,-0.694752932102843,4.89921562888406,0.866109090909091,0.872963636363636,0.860436363636364
102160,61488,40672,0.656047421168933,0.640322627367294,0.623919844690944,39.5745454545455,33.0854545454545,27.34,1.83454545454545,32.1145454545455,1.11272727272727,30.8618181818182,0.983636363636364,33.0927272727273,-0.680406587638638,4.86682095202533,0.866109090909091,0.872963636363636,0.860436363636364
102523,61697,40826,0.655522243676926,0.639969729615161,0.623075918547489,39.5763636363636,33.1036363636364,27.32,1.80727272727273,32.2109090909091,1.07454545454545,30.8163636363636,0.925454545454545,33.1654545454545,-0.664134854721752,4.86332729187879,0.866109090909091,0.872963636363636,0.860436363636364
102686,61902,40784,0.654994745355418,0.638706615107764,0.622589915095277,39.5927272727273,33.0836363636364,27.3236363636364,1.79454545454545,32.2654545454545,1.08,30.7181818181818,0.936363636363636,33.2054545454545,-0.649373439022086,4.81090993122621,0.866109090909091,0.872963636363636,0.860436363636364
102949,62072,40877,0.654479848527953,0.638160320846119,0.621746837437007,39.5963636363636,33.1181818181818,27.2854545454545,1.77636363636364,32.3327272727273,1.07818181818182,30.6563636363636,0.898181818181818,33.2581818181818,-0.63514898693697,4.79630366130309,0.866109090909091,0.872963636363636,0.860436363636364
103281,62243,41038,0.653947625489854,0.637542384605197,0.621233742927614,39.6,33.1272727272727,27.2727272727273,1.75090909090909,32.4,1.01090909090909,30.6381818181818,0.870909090909091,33.3290909090909,-0.619611906700514,4.79075338515368,0.866109090909091,0.872963636363636,0.860436363636364
103598,62447,41151,0.653389392148088,0.636710843780657,0.620676606203053,39.5709090909091,33.1472727272727,27.2818181818182,1.72363636363636,32.4636363636364,1.01090909090909,30.5509090909091,0.909090909090909,33.3418181818182,-0.6005139937455,4.79502117091959,0.866109090909091,0.872963636363636,0.860436363636364
103966,62589,41377,0.653058386994664,0.636517469411314,0.620122452831823,39.5527272727273,33.1654545454545,27.2818181818182,1.69090909090909,32.5709090909091,0.918181818181818,30.5490909090909,0.878181818181818,33.3927272727273,-0.590694558027793,4.81264278888702,0.866109090909091,0.872963636363636,0.860436363636364
104345,62722,41623,0.65253371904422,0.636252814244449,0.620017114431481,39.5527272727273,33.1727272727273,27.2745454545455,1.66363636363636,32.6309090909091,0.909090909090909,30.4945454545455,0.84,33.4618181818182,-0.581128138659353,4.84108923023397,0.866109090909091,0.872963636363636,0.860436363636364
104674,62880,41794,0.652163936095925,0.635892385564143,0.619492794267956,39.5254545454545,33.2290909090909,27.2454545454545,1.63818181818182,32.6890909090909,0.894545454545455,30.4527272727273,0.814545454545455,33.5109090909091,-0.572899286618287,4.84094288024035,0.866109090909091,0.872963636363636,0.860436363636364
104809,63076,41733,0.651745689392909,0.63539334187623,0.61863211537736,39.4945454545455,33.2672727272727,27.2381818181818,1.61818181818182,32.7472727272727,0.876363636363636,30.3872727272727,0.818181818181818,33.5527272727273,-0.560581828399815,4.77663330815055,0.866109090909091,0.872963636363636,0.860436363636364
105216,63219,41997,0.651548814575582,0.635046009893503,0.618262006822788,39.4672727272727,33.2654545454545,27.2672727272727,1.60727272727273,32.8036363636364,0.847272727272727,30.3345454545455,0.803636363636364,33.6036363636364,-0.551485553756356,4.79237799861214,0.866109090909091,0.872963636363636,0.860436363636364
105519,63317,42202,0.65115280293262,0.634803616237816,0.617919697025341,39.44,33.3218181818182,27.2381818181818,1.57818181818182,32.8836363636364,0.830909090909091,30.2763636363636,0.743636363636364,33.6872727272727,-0.544626882723109,4.80165265906941,0.866109090909091,0.872963636363636,0.860436363636364
105740,63426,42314,0.650607095848067,0.634346122430856,0.61732795982405,39.4309090909091,33.3381818181818,27.2309090909091,1.56545454545455,32.9454545454545,0.78,30.2654545454545,0.692727272727273,33.7509090909091,-0.5370934241028,4.77100073532625,0.866109090909091,0.872963636363636,0.860436363636364
105665,63530,42135,0.649958701997797,0.633592609028966,0.616864232460685,39.4072727272727,33.3381818181818,27.2545454545455,1.54727272727273,33,0.792727272727273,30.1672727272727,0.721818181818182,33.7709090909091,-0.526504948718304,4.68759752186862,0.866109090909091,0.872963636363636,0.860436363636364
105727,63684,42043,0.649319112134893,0.632560854421716,0.616433880040327,39.4109090909091,33.3236363636364,27.2654545454545,1.53090909090909,33.0436363636364,0.812727272727273,30.1072727272727,0.707272727272727,33.7981818181818,-0.516139064458284,4.62117322900079,0.866109090909091,0.872963636363636,0.860436363636364
106049,63801,42248,0.648793743327422,0.63230796579099,0.616091915312685,39.3927272727273,33.3636363636364,27.2436363636364,1.50909090909091,33.1545454545455,0.745454545454545,30.0763636363636,0.674545454545455,33.84,-0.507936479845508,4.63169777826829,0.866109090909091,0.872963636363636,0.860436363636364
106115,63922,42193,0.64806165467136,0.631491491428281,0.615663665485883,39.3581818181818,33.4054545454545,27.2363636363636,1.49090909090909,33.2054545454545,0.72,30.0090909090909,0.672727272727273,33.9018181818182,-0.499921799010851,4.58106781461022,0.866109090909091,0.872963636363636,0.860436363636364
106420,64050,42370,0.647450275510476,0.631620518732664,0.61530125223806,39.3454545454545,33.42,27.2345454545455,1.47090909090909,33.28,0.725454545454545,29.9109090909091,0.674545454545455,33.9381818181818,-0.489103632623499,4.589880176024,0.866109090909091,0.872963636363636,0.860436363636364
106629,64156,42473,0.64715967855442,0.631137233815584,0.614928194637742,39.3181818181818,33.4418181818182,27.24,1.43454545454545,33.3636363636364,0.730909090909091,29.8254545454545,0.645454545454546,34,-0.481320033747364,4.57242585095492,0.866109090909091,0.872963636363636,0.860436363636364
106817,64248,42569,0.646596895927022,0.631093025164226,0.614575246271839,39.2836363636364,33.48,27.2363636363636,1.42909090909091,33.4127272727273,0.698181818181818,29.8163636363636,0.614545454545455,34.0290909090909,-0.475530175187371,4.54991819750179,0.866109090909091,0.872963636363636,0.860436363636364
107059,64359,42700,0.646249114135534,0.630797066777797,0.614196890825812,39.2690909090909,33.4909090909091,27.24,1.41272727272727,33.4745454545455,0.661818181818182,29.7709090909091,0.610909090909091,34.0690909090909,-0.468027331680059,4.52935421575199,0.866109090909091,0.872963636363636,0.860436363636364
107034,64441,42593,0.645935362852243,0.630297630293263,0.613935314164688,39.2654545454546,33.4909090909091,27.2436363636364,1.4,33.5272727272727,0.643636363636364,29.7072727272727,0.630909090909091,34.0909090909091,-0.460380003635179,4.4605783961036,0.866109090909091,0.872963636363636,0.860436363636364
107173,64534,42639,0.645761106606343,0.629659761397537,0.613580464437982,39.2290909090909,33.5036363636364,27.2672727272727,1.38363636363636,33.58,0.629090909090909,29.6509090909091,0.609090909090909,34.1472727272727,-0.452305398136377,4.42850984660062,0.866109090909091,0.872963636363636,0.860436363636364
107429,64647,42782,0.645230522840819,0.629327099129936,0.613228893407143,39.1854545454545,33.5454545454545,27.2690909090909,1.36909090909091,33.6163636363636,0.621818181818182,29.6181818181818,0.589090909090909,34.1854545454545,-0.441015626896511,4.43483475771817,0.866109090909091,0.872963636363636,0.860436363636364
107433,64721,42712,0.644950739807786,0.628615971749045,0.612599920299241,39.1636363636364,33.5618181818182,27.2745454545455,1.35636363636364,33.6618181818182,0.6,29.5854545454545,0.56,34.2363636363636,-0.43492071997713,4.37558335716074,0.866109090909091,0.872963636363636,0.860436363636364
107470,64836,42634,0.644575561028071,0.628015054963842,0.61227509486692,39.1454545454545,33.5690909090909,27.2854545454545,1.33818181818182,33.7127272727273,0.603636363636364,29.5218181818182,0.569090909090909,34.2545454545455,-0.424929453483359,4.30980701338161,0.866109090909091,0.872963636363636,0.860436363636364
107631,64943,42688,0.644132944177766,0.627930974011381,0.611811370499293,39.1290909090909,33.5872727272727,27.2836363636364,1.33272727272727,33.7454545454545,0.589090909090909,29.4818181818182,0.585454545454545,34.2654545454545,-0.415850140933286,4.28903842297467,0.866109090909091,0.872963636363636,0.860436363636364
107615,65012,42603,0.643959440658602,0.627638079938567,0.611245501151838,39.1036363636364,33.6254545454545,27.2709090909091,1.31818181818182,33.7963636363636,0.585454545454545,29.4290909090909,0.585454545454545,34.2854545454545,-0.411382392895493,4.24088446552103,0.866109090909091,0.872963636363636,0.860436363636364
107950,65105,42845,0.643762379553025,0.627529549813632,0.61107275882341,39.12,33.6054545454545,27.2745454545455,1.30181818181818,33.8381818181818,0.592727272727273,29.4,0.538181818181818,34.3290909090909,-0.404232124781067,4.24494193250483,0.866109090909091,0.872963636363636,0.860436363636364
108128,65196,42932,0.643369281471979,0.627416985068395,0.610689902527634,39.0945454545455,33.6418181818182,27.2636363636364,1.28727272727273,33.8872727272727,0.583636363636364,29.3818181818182,0.510909090909091,34.3490909090909,-0.39817475927147,4.2300269744613,0.866109090909091,0.872963636363636,0.860436363636364
108296,65260,43036,0.642744210116909,0.627374424023182,0.610373375929233,39.0618181818182,33.6745454545455,27.2636363636364,1.27454545454545,33.9454545454545,0.530909090909091,29.4,0.485454545454546,34.3636363636364,-0.392325704223053,4.21499285372821,0.866109090909091,0.872963636363636,0.860436363636364
108397,65329,43068,0.642130032691702,0.627129056023823,0.610242688441074,39.0327272727273,33.7,27.2672727272727,1.25636363636364,34.0054545454545,0.530909090909091,29.3472727272727,0.490909090909091,34.3690909090909,-0.387776565026831,4.17786737897179,0.866109090909091,0.872963636363636,0.860436363636364
108534,65393,43141,0.642011159233223,0.62651825789935,0.609985574938046,39.0418181818182,33.6818181818182,27.2763636363636,1.24545454545455,34.0454545454545,0.541818181818182,29.3272727272727,0.469090909090909,34.3709090909091,-0.381531038016758,4.16640748652545,0.866109090909091,0.872963636363636,0.860436363636364
108672,65478,43194,0.641732035710122,0.625962711035403,0.609910573815981,39.0345454545455,33.6763636363636,27.2890909090909,1.23636363636364,34.1018181818182,0.52,29.2927272727273,0.443636363636364,34.4054545454545,-0.373226638104428,4.14585606509989,0.866109090909091,0.872963636363636,0.860436363636364
108684,65553,43131,0.641357710367475,0.625520781631869,0.609655861087823,39.0254545454545,33.6854545454545,27.2890909090909,1.22909090909091,34.1163636363636,0.501818181818182,29.3054545454545,0.407272727272727,34.44,-0.365218437107449,4.09725099802017,0.866109090909091,0.872963636363636,0.860436363636364
108810,65631,43179,0.641105083255221,0.62527218933225,0.609328163695507,39.0309090909091,33.68,27.2890909090909,1.21818181818182,34.1890909090909,0.463636363636364,29.26,0.423636363636364,34.4454545454545,-0.358066597648642,4.07065021883358,0.866109090909091,0.872963636363636,0.860436363636364
108877,65696,43181,0.640916146398795,0.625024890157645,0.609013017316097,39.0218181818182,33.6854545454545,27.2927272727273,1.20545454545455,34.22,0.456363636363636,29.2472727272727,0.429090909090909,34.4418181818182,-0.351045367426493,4.04063026471572,0.866109090909091,0.872963636363636,0.860436363636364
108963,65772,43191,0.640626147153041,0.624812490013228,0.608703136891997,39.0090909090909,33.7018181818182,27.2890909090909,1.19818181818182,34.2545454545455,0.463636363636364,29.2309090909091,0.385454545454545,34.4672727272727,-0.345374080606482,4.01328581463207,0.866109090909091,0.872963636363636,0.860436363636364
109036,65826,43210,0.640390850758275,0.624494934982039,0.608706274291732,39.0127272727273,33.7090909090909,27.2781818181818,1.18909090909091,34.2945454545455,0.450909090909091,29.1927272727273,0.398181818181818,34.4745454545455,-0.342134480364621,3.97907152934508,0.866109090909091,0.872963636363636,0.860436363636364
109140,65883,43257,0.640118654752021,0.624153106222151,0.608773951770382,39.0090909090909,33.72,27.2709090909091,1.18181818181818,34.3181818181818,0.432727272727273,29.2054545454545,0.378181818181818,34.4836363636364,-0.335711064460603,3.95517416596413,0.866109090909091,0.872963636363636,0.860436363636364
109420,65939,43481,0.639951288490768,0.624179513361987,0.60854175281502,39.0163636363636,33.7127272727273,27.2709090909091,1.17454545454545,34.3618181818182,0.412727272727273,29.1945454545455,0.363636363636364,34.4927272727273,-0.332375511806458,3.9892944726077,0.866109090909091,0.872963636363636,0.860436363636364
109516,65977,43539,0.639732404473405,0.624410457674059,0.608344795310793,39.02,33.7181818181818,27.2618181818182,1.17272727272727,34.3618181818182,0.429090909090909,29.1618181818182,0.403636363636364,34.4709090909091,-0.327853205562993,3.98718827421015,0.866109090909091,0.872963636363636,0.860436363636364
109496,66019,43477,0.639482076229354,0.624046873264981,0.608291325863614,39.0036363636364,33.72,27.2763636363636,1.16545454545455,34.3890909090909,0.425454545454545,29.1563636363636,0.38,34.4836363636364,-0.32599425103346,3.94805524782701,0.866109090909091,0.872963636363636,0.860436363636364
109457,66073,43384,0.639138928458958,0.624033302199272,0.6080832374021,38.9909090909091,33.7381818181818,27.2709090909091,1.16363636363636,34.4018181818182,0.427272727272727,29.1363636363636,0.378181818181818,34.4927272727273,-0.321875186492054,3.89100367802788,0.866109090909091,0.872963636363636,0.860436363636364
109690,66135,43555,0.638865650007927,0.624087476228839,0.607850352300965,38.9727272727273,33.7563636363636,27.2709090909091,1.15636363636364,34.44,0.405454545454546,29.1436363636364,0.325454545454545,34.5290909090909,-0.315836628875695,3.89364212839441,0.866109090909091,0.872963636363636,0.860436363636364
109635,66169,43466,0.638730390155037,0.623540498095875,0.607729001468082,38.98,33.7454545454545,27.2745454545455,1.14909090909091,34.4472727272727,0.449090909090909,29.0890909090909,0.312727272727273,34.5527272727273,-0.312351876214168,3.8527331371199,0.866109090909091,0.872963636363636,0.860436363636364
109712,66199,43513,0.638554473451419,0.623187258919893,0.607686311535075,38.9745454545455,33.7418181818182,27.2836363636364,1.14181818181818,34.4672727272727,0.449090909090909,29.0345454545455,0.321818181818182,34.5854545454545,-0.311077407798571,3.82539712867954,0.866109090909091,0.872963636363636,0.860436363636364
109698,66226,43472,0.638396734913868,0.622884685801372,0.607597291259391,38.9763636363636,33.7436363636364,27.28,1.13636363636364,34.4927272727273,0.414545454545455,29.0272727272727,0.356363636363636,34.5727272727273,-0.306505326719013,3.8018580312756,0.866109090909091,0.872963636363636,0.860436363636364
109797,66259,43538,0.638123661157925,0.622922540991691,0.607591319679331,38.9672727272727,33.7563636363636,27.2763636363636,1.13272727272727,34.5254545454545,0.383636363636364,29.0018181818182,0.381818181818182,34.5745454545455,-0.304281464577467,3.78966649750417,0.866109090909091,0.872963636363636,0.860436363636364
109925,66298,43627,0.637868999476355,0.62286047931229,0.60746799735853,38.9563636363636,33.7581818181818,27.2854545454545,1.12363636363636,34.5618181818182,0.365454545454545,28.9927272727273,0.365454545454545,34.5909090909091,-0.301624298944874,3.78689716580239,0.866109090909091,0.872963636363636,0.860436363636364
109963,66359,43604,0.637664717752045,0.622653199278548,0.607350949232037,38.9309090909091,33.7654545454545,27.3036363636364,1.12181818181818,34.5945454545455,0.367272727272727,28.9581818181818,0.358181818181818,34.6,-0.297233062532244,3.74988661157814,0.866109090909091,0.872963636363636,0.860436363636364
110062,66414,43648,0.637474997302043,0.6225519215766,0.607315545043655,38.92,33.7690909090909,27.3109090909091,1.11636363636364,34.6036363636364,0.398181818181818,28.9181818181818,0.343636363636364,34.62,-0.291526394038308,3.73555485985496,0.866109090909091,0.872963636363636,0.860436363636364
110134,66453,43681,0.637388061938547,0.622360000962867,0.607068895483658,38.9018181818182,33.7836363636364,27.3145454545455,1.11090909090909,34.6381818181818,0.378181818181818,28.9163636363636,0.301818181818182,34.6545454545455,-0.288669953580194,3.71291227557442,0.866109090909091,0.872963636363636,0.860436363636364
110074,66474,43600,0.637357999945592,0.621977012306486,0.60685458532358,38.9018181818182,33.78,27.3181818181818,1.10727272727273,34.6763636363636,0.343636363636364,28.8963636363636,0.301818181818182,34.6745454545455,-0.285950789387094,3.6643526673317,0.866109090909091,0.872963636363636,0.860436363636364
110202,66520,43682,0.637399339082064,0.621717264316612,0.606914825836614,38.88,33.7909090909091,27.3290909090909,1.10545454545455,34.7,0.343636363636364,28.8636363636364,0.298181818181818,34.6890909090909,-0.28232728972904,3.65890384316444,0.866109090909091,0.872963636363636,0.860436363636364
110397,66570,43827,0.637326172752541,0.621680513429201,0.606831715012749,38.88,33.7854545454545,27.3345454545455,1.10181818181818,34.7454545454545,0.330909090909091,28.8345454545455,0.292727272727273,34.6945454545455,-0.276030021437592,3.66724725582383,0.866109090909091,0.872963636363636,0.860436363636364
110355,66587,43768,0.63712798101837,0.621501071078008,0.606805833934145,38.8709090909091,33.7945454545455,27.3345454545455,1.09818181818182,34.7690909090909,0.341818181818182,28.7909090909091,0.296363636363636,34.7036363636364,-0.275274847117676,3.63165349635211,0.866109090909091,0.872963636363636,0.860436363636364
110451,66604,43847,0.636848867761054,0.621605775037874,0.606707175927212,38.8581818181818,33.8072727272727,27.3345454545455,1.09818181818182,34.8090909090909,0.330909090909091,28.7654545454545,0.281818181818182,34.7145454545455,-0.273809082058936,3.63507384170185,0.866109090909091,0.872963636363636,0.860436363636364
110646,66646,44000,0.63683556428697,0.621448728062187,0.606766646792539,38.8545454545455,33.8072727272727,27.3381818181818,1.09636363636364,34.8581818181818,0.318181818181818,28.7018181818182,0.307272727272727,34.7181818181818,-0.269528941914905,3.64496736011722,0.866109090909091,0.872963636363636,0.860436363636364
110729,66679,44050,0.636777057231856,0.621017754217342,0.606628798412109,38.8563636363636,33.8018181818182,27.3418181818182,1.09272727272727,34.8890909090909,0.310909090909091,28.68,0.26,34.7672727272727,-0.265780357122739,3.62776989015666,0.866109090909091,0.872963636363636,0.860436363636364
110736,66705,44031,0.636642153450522,0.620858899325609,0.606558577593247,38.86,33.8036363636364,27.3363636363636,1.09090909090909,34.9145454545455,0.336363636363636,28.6327272727273,0.24,34.7854545454545,-0.263747677553064,3.60833440423012,0.866109090909091,0.872963636363636,0.860436363636364
110688,66737,43951,0.636355735407354,0.620762057976708,0.606482918254799,38.8490909090909,33.8109090909091,27.34,1.08909090909091,34.9654545454545,0.292727272727273,28.6018181818182,0.250909090909091,34.8,-0.26112535195531,3.57429817942056,0.866109090909091,0.872963636363636,0.860436363636364
110644,66762,43882,0.636121797994141,0.620744157753653,0.606361622150766,38.8418181818182,33.8163636363636,27.3418181818182,1.08727272727273,34.9818181818182,0.310909090909091,28.5436363636364,0.292727272727273,34.7836363636364,-0.258844952241899,3.54580376662991,0.866109090909091,0.872963636363636,0.860436363636364
110720,66803,43917,0.636075685185253,0.620352000569974,0.606299772367297,38.8454545454545,33.8018181818182,27.3527272727273,1.08363636363636,35.0072727272727,0.321818181818182,28.5036363636364,0.3,34.7836363636364,-0.256312536357225,3.52975047989325,0.866109090909091,0.872963636363636,0.860436363636364
110815,66843,43972,0.636070214623416,0.620118604335338,0.606132650524544,38.8472727272727,33.8036363636364,27.3490909090909,1.08,35.0454545454545,0.298181818181818,28.4927272727273,0.265454545454545,34.8181818181818,-0.253705905134451,3.51731928424402,0.866109090909091,0.872963636363636,0.860436363636364
110858,66863,43995,0.636156802285075,0.619994512134098,0.605991655926971,38.8418181818182,33.8218181818182,27.3363636363636,1.07818181818182,35.1018181818182,0.276363636363636,28.4509090909091,0.243636363636364,34.8490909090909,-0.253657616943714,3.50119528824633,0.866109090909091,0.872963636363636,0.860436363636364
110906,66879,44027,0.63613349433039,0.619980070298411,0.60598358870909,38.8363636363636,33.8327272727273,27.3309090909091,1.07454545454545,35.1418181818182,0.270909090909091,28.3981818181818,0.256363636363636,34.8581818181818,-0.253344049907967,3.49180112887513,0.866109090909091,0.872963636363636,0.860436363636364
111050,66896,44154,0.636105428349926,0.620021756328941,0.605913525894208,38.8272727272727,33.8436363636364,27.3290909090909,1.07090909090909,35.1781818181818,0.281818181818182,28.3563636363636,0.232727272727273,34.88,-0.252174699514977,3.49364875609225,0.866109090909091,0.872963636363636,0.860436363636364
111298,66936,44362,0.635991508595296,0.620214361947605,0.606012690921256,38.8290909090909,33.8454545454545,27.3254545454545,1.06363636363636,35.2290909090909,0.290909090909091,28.3145454545455,0.214545454545455,34.8872727272727,-0.249347503553145,3.53033479289575,0.866109090909091,0.872963636363636,0.860436363636364
111278,66949,44329,0.635889569650394,0.620154131886092,0.605967161015761,38.8236363636364,33.8454545454545,27.3309090909091,1.06181818181818,35.2872727272727,0.274545454545455,28.2345454545455,0.229090909090909,34.9127272727273,-0.247798671875022,3.49748838516799,0.866109090909091,0.872963636363636,0.860436363636364
111327,66973,44354,0.635790033776357,0.620108262859184,0.605892481357544,38.8218181818182,33.84,27.3381818181818,1.05636363636364,35.3345454545455,0.26,28.1963636363636,0.250909090909091,34.9018181818182,-0.246373190736102,3.48916822997007,0.866109090909091,0.872963636363636,0.860436363636364
111191,66993,44198,0.635630885711619,0.620161482528965,0.605782113442337,38.8181818181818,33.8454545454545,27.3363636363636,1.05272727272727,35.3490909090909,0.285454545454545,28.1527272727273,0.24,34.92,-0.245368616626894,3.45556754077023,0.866109090909091,0.872963636363636,0.860436363636364
111226,67014,44212,0.635555340795806,0.619877977434809,0.605646096087224,38.8254545454545,33.84,27.3345454545455,1.04545454545455,35.3890909090909,0.285454545454545,28.1090909090909,0.227272727272727,34.9436363636364,-0.243716914995192,3.4397075288675,0.866109090909091,0.872963636363636,0.860436363636364
111249,67030,44219,0.635483717168081,0.619689951504396,0.605509204676129,38.8290909090909,33.8309090909091,27.34,1.04545454545455,35.4109090909091,0.283636363636364,28.0945454545455,0.203636363636364,34.9618181818182,-0.240598451458076,3.42588970755989,0.866109090909091,0.872963636363636,0.860436363636364
111148,67053,44095,0.635370231362811,0.619673150752332,0.605402140723725,38.8290909090909,33.84,27.3309090909091,1.04363636363636,35.4563636363636,0.269090909090909,28.0436363636364,0.209090909090909,34.9781818181818,-0.239502465330456,3.38318059105765,0.866109090909091,0.872963636363636,0.860436363636364
111277,67071,44206,0.635350344891653,0.619475829829186,0.605323268347058,38.8309090909091,33.8363636363636,27.3327272727273,1.03454545454545,35.5145454545455,0.267272727272727,27.9818181818182,0.221818181818182,34.98,-0.238641406167616,3.37774337272752,0.866109090909091,0.872963636363636,0.860436363636364
111123,67099,44024,0.635282233183067,0.619166318106954,0.605270271386067,38.8290909090909,33.8309090909091,27.34,1.03090909090909,35.5454545454545,0.289090909090909,27.9254545454545,0.214545454545455,34.9945454545455,-0.235944798296656,3.33015294169838,0.866109090909091,0.872963636363636,0.860436363636364
111140,67103,44037,0.635352694840784,0.619034302548148,0.605116114889675,38.8327272727273,33.8290909090909,27.3381818181818,1.03090909090909,35.5927272727273,0.265454545454545,27.8927272727273,0.216363636363636,35.0018181818182,-0.234390538334529,3.31217276602983,0.866109090909091,0.872963636363636,0.860436363636364
111089,67109,43980,0.635279852085863,0.618963918131599,0.605055268705475,38.8272727272727,33.8345454545455,27.3381818181818,1.02545454545455,35.6418181818182,0.26,27.8509090909091,0.22,35.0018181818182,-0.234455158574168,3.28032676008615,0.866109090909091,0.872963636363636,0.860436363636364
111086,67124,43962,0.635251712781844,0.619030299124802,0.604998182843536,38.8327272727273,33.8272727272727,27.34,1.02363636363636,35.6727272727273,0.26,27.8236363636364,0.214545454545455,35.0054545454545,-0.232938452234322,3.26505033048716,0.866109090909091,0.872963636363636,0.860436363636364
111328,67137,44191,0.635209479832404,0.619184675437427,0.60500158726035,38.8309090909091,33.8309090909091,27.3381818181818,1.02363636363636,35.7163636363636,0.252727272727273,27.7890909090909,0.2,35.0181818181818,-0.231481823093914,3.29188180403276,0.866109090909091,0.872963636363636,0.860436363636364
111365,67149,44216,0.63523802603778,0.619112560526252,0.604978249921385,38.8290909090909,33.8254545454545,27.3454545454545,1.01818181818182,35.7581818181818,0.26,27.7327272727273,0.214545454545455,35.0163636363636,-0.230432055049195,3.27527984678745,0.866109090909091,0.872963636363636,0.860436363636364
111262,67154,44108,0.635170646644066,0.618946752722302,0.604873299713404,38.8290909090909,33.8272727272727,27.3436363636364,1.01818181818182,35.7818181818182,0.269090909090909,27.6836363636364,0.223636363636364,35.0236363636364,-0.230673793776342,3.23437921662222,0.866109090909091,0.872963636363636,0.860436363636364
111303,67161,44142,0.63516040293133,0.618892611693698,0.604740734711412,38.8309090909091,33.8272727272727,27.3418181818182,1.01636363636364,35.84,0.265454545454545,27.6236363636364,0.216363636363636,35.0381818181818,-0.22940280583359,3.22127518396486,0.866109090909091,0.872963636363636,0.860436363636364
111423,67168,44255,0.635134229342061,0.618894509455639,0.60464137621219,38.8363636363636,33.8309090909091,27.3327272727273,1.01636363636364,35.9109090909091,0.229090909090909,27.5836363636364,0.214545454545455,35.0454545454545,-0.229365248291288,3.22509267465635,0.866109090909091,0.872963636363636,0.860436363636364
111388,67174,44214,0.635122733396988,0.618820014481641,0.604597308794858,38.84,33.8345454545455,27.3254545454545,1.01090909090909,35.9527272727273,0.227272727272727,27.5545454545455,0.205454545454545,35.0490909090909,-0.229939192323945,3.20159553533251,0.866109090909091,0.872963636363636,0.860436363636364
111371,67181,44190,0.635014330535779,0.618718781937066,0.604563460991953,38.8381818181818,33.8381818181818,27.3236363636364,1.00727272727273,36,0.230909090909091,27.5163636363636,0.194545454545455,35.0509090909091,-0.229865681743038,3.181267329915,0.866109090909091,0.872963636363636,0.860436363636364
111470,67189,44281,0.635105885406094,0.61857722145604,0.604434967459914,38.8345454545455,33.8454545454545,27.32,1.00545454545455,36.04,0.22,27.4909090909091,0.176363636363636,35.0672727272727,-0.228986236398024,3.18307127925483,0.866109090909091,0.872963636363636,0.860436363636364
111434,67197,44237,0.635115854509149,0.618324865153691,0.604389563432842,38.8418181818182,33.8381818181818,27.32,1.00727272727273,36.0581818181818,0.227272727272727,27.4563636363636,0.169090909090909,35.0818181818182,-0.227738998361482,3.15712704089555,0.866109090909091,0.872963636363636,0.860436363636364
111494,67207,44287,0.635069314508218,0.618186542083895,0.604451094001771,38.8454545454545,33.8309090909091,27.3236363636364,1.00181818181818,36.08,0.218181818181818,27.4527272727273,0.147272727272727,35.1,-0.226703876707788,3.15008450773629,0.866109090909091,0.872963636363636,0.860436363636364
111466,67217,44249,0.63500586427585,0.61800527500317,0.604418508486769,38.8472727272727,33.8254545454545,27.3272727272727,1.00181818181818,36.1054545454545,0.201818181818182,27.4490909090909,0.14,35.1018181818182,-0.226411991084883,3.12536844326691,0.866109090909091,0.872963636363636,0.860436363636364
111427,67231,44196,0.634903468942517,0.617901847197557,0.604391898982036,38.8509090909091,33.8181818181818,27.3309090909091,0.994545454545454,36.1527272727273,0.212727272727273,27.3709090909091,0.170909090909091,35.0981818181818,-0.225247790180782,3.1042983434417,0.866109090909091,0.872963636363636,0.860436363636364
111387,67246,44141,0.634881274495138,0.61764829881605,0.60431511560907,38.8581818181818,33.8090909090909,27.3327272727273,0.989090909090909,36.1927272727273,0.210909090909091,27.3181818181818,0.170909090909091,35.1181818181818,-0.222688786662184,3.07238868034699,0.866109090909091,0.872963636363636,0.860436363636364
111441,67259,44182,0.634893968201999,0.617518710820875,0.604335186447476,38.86,33.8054545454545,27.3345454545455,0.987272727272727,36.2327272727273,0.187272727272727,27.3090909090909,0.147272727272727,35.1363636363636,-0.22158072047433,3.05930927389047,0.866109090909091,0.872963636363636,0.860436363636364
111514,67282,44232,0.634900204088121,0.617293707356281,0.604320409160864,38.8618181818182,33.8,27.3381818181818,0.985454545454546,36.2690909090909,0.185454545454545,27.2763636363636,0.147272727272727,35.1363636363636,-0.218289783436657,3.05557772713629,0.866109090909091,0.872963636363636,0.860436363636364
111494,67292,44202,0.634835635309985,0.617212040568343,0.60426864950828,38.86,33.7981818181818,27.3418181818182,0.981818181818182,36.2927272727273,0.187272727272727,27.2472727272727,0.161818181818182,35.1290909090909,-0.217290874836247,3.03403701714494,0.866109090909091,0.872963636363636,0.860436363636364
111648,67319,44329,0.634767130279457,0.617137596368418,0.604449396365858,38.8618181818182,33.8,27.3381818181818,0.976363636363636,36.3290909090909,0.176363636363636,27.2345454545455,0.16,35.1236363636364,-0.2146181400905,3.04867245995186,0.866109090909091,0.872963636363636,0.860436363636364
111708,67324,44384,0.634783859340112,0.617092064401774,0.604475433844195,38.8672727272727,33.8,27.3327272727273,0.974545454545454,36.3636363636364,0.167272727272727,27.2109090909091,0.156363636363636,35.1272727272727,-0.215746894846565,3.04502060501413,0.866109090909091,0.872963636363636,0.860436363636364
111658,67325,44333,0.634749484704722,0.61708387206249,0.604398461497309,38.8654545454545,33.8054545454545,27.3290909090909,0.974545454545454,36.3690909090909,0.185454545454545,27.1854545454545,0.156363636363636,35.1290909090909,-0.215899204633156,3.02013785094023,0.866109090909091,0.872963636363636,0.860436363636364
111557,67331,44226,0.634673938719474,0.616801455053133,0.604280808148359,38.8654545454545,33.8036363636364,27.3309090909091,0.974545454545454,36.3890909090909,0.18,27.1781818181818,0.14,35.1381818181818,-0.214708462617339,2.98907973143187,0.866109090909091,0.872963636363636,0.860436363636364
111556,67339,44217,0.634646639592959,0.616617139242335,0.604249774533214,38.8654545454545,33.8018181818182,27.3327272727273,0.972727272727273,36.4036363636364,0.178181818181818,27.16,0.141818181818182,35.1436363636364,-0.214647781272652,2.97650011100552,0.866109090909091,0.872963636363636,0.860436363636364
110526,67346,43180,0.634567338159136,0.616128285185161,0.603181987394088,38.8636363636364,33.8054545454545,27.3309090909091,0.972727272727273,36.4145454545455,0.198181818181818,27.1272727272727,0.145454545454545,35.1418181818182,-0.214361525661661,2.76076184030284,0.866109090909091,0.872963636363636,0.860436363636364
110490,67352,43138,0.634571659669116,0.616133907364018,0.603122657259969,38.8654545454545,33.8054545454545,27.3290909090909,0.970909090909091,36.4454545454546,0.192727272727273,27.0854545454545,0.16,35.1454545454545,-0.213837716164364,2.7375127105889,0.866109090909091,0.872963636363636,0.860436363636364
111348,67352,43996,0.634564115831045,0.616407842673812,0.604044971360135,38.8672727272727,33.8036363636364,27.3290909090909,0.965454545454546,36.4727272727273,0.183636363636364,27.0836363636364,0.165454545454545,35.1290909090909,-0.214371278046747,2.9067422832955,0.866109090909091,0.872963636363636,0.860436363636364
111347,67364,43983,0.634472832861427,0.616316243205042,0.604016104486298,38.8636363636364,33.8072727272727,27.3290909090909,0.963636363636364,36.4945454545455,0.178181818181818,27.0727272727273,0.165454545454545,35.1254545454545,-0.213571381797241,2.8881828750399,0.866109090909091,0.872963636363636,0.860436363636364
111393,67371,44022,0.634439687845523,0.616370763668603,0.603913663439599,38.8636363636364,33.8072727272727,27.3290909090909,0.958181818181818,36.5018181818182,0.203636363636364,27.0527272727273,0.169090909090909,35.1145454545455,-0.212070639175363,2.88328323404897,0.866109090909091,0.872963636363636,0.860436363636364
111432,67374,44058,0.634439584901394,0.616464200434886,0.603867029176874,38.8636363636364,33.8090909090909,27.3272727272727,0.954545454545455,36.5254545454545,0.185454545454545,27.0690909090909,0.152727272727273,35.1127272727273,-0.212605652631663,2.87828021686185,0.866109090909091,0.872963636363636,0.860436363636364
111433,67384,44049,0.634442806109092,0.61630564726637,0.603846969440699,38.8690909090909,33.8072727272727,27.3236363636364,0.952727272727273,36.5418181818182,0.190909090909091,27.04,0.152727272727273,35.1218181818182,-0.211946028276262,2.85732505538247,0.866109090909091,0.872963636363636,0.860436363636364
111454,67392,44062,0.634359645847325,0.616327664587692,0.603718485380332,38.8636363636364,33.8181818181818,27.3181818181818,0.947272727272727,36.5763636363636,0.169090909090909,27.0254545454545,0.154545454545455,35.1272727272727,-0.211031701033723,2.84306436783888,0.866109090909091,0.872963636363636,0.860436363636364
111395,67399,43996,0.634181963594842,0.616391282922165,0.603630117831022,38.8636363636364,33.82,27.3163636363636,0.945454545454545,36.6018181818182,0.154545454545455,27.0145454545455,0.149090909090909,35.1345454545455,-0.209700871550542,2.81842624822801,0.866109090909091,0.872963636363636,0.860436363636364
111407,67405,44002,0.634090804579232,0.616479952914657,0.603578027036242,38.8672727272727,33.8254545454545,27.3072727272727,0.941818181818182,36.6,0.149090909090909,27.0345454545455,0.14,35.1345454545455,-0.209860006599444,2.80971603193744,0.866109090909091,0.872963636363636,0.860436363636364
111443,67405,44038,0.634031764414785,0.616496412372358,0.60359138966026,38.8636363636364,33.8290909090909,27.3072727272727,0.94,36.6127272727273,0.14,27.0418181818182,0.114545454545455,35.1509090909091,-0.210057994719351,2.80678532797504,0.866109090909091,0.872963636363636,0.860436363636364
111516,67413,44103,0.633984278037311,0.616461428487155,0.603586197356893,38.8654545454545,33.8254545454545,27.3090909090909,0.932727272727273,36.6036363636364,0.163636363636364,27.0290909090909,0.110909090909091,35.16,-0.209996021131784,2.81515238948844,0.866109090909091,0.872963636363636,0.860436363636364
111467,67412,44055,0.633945895753028,0.61639371453753,0.603489550253243,38.8636363636364,33.8290909090909,27.3072727272727,0.923636363636364,36.6145454545455,0.18,27,0.112727272727273,35.1690909090909,-0.209759032565423,2.79479568658227,0.866109090909091,0.872963636363636,0.860436363636364
111479,67419,44060,0.633807866763252,0.616617216634532,0.603410027752096,38.8563636363636,33.8436363636364,27.3,0.92,36.6018181818182,0.201818181818182,26.9709090909091,0.147272727272727,35.1581818181818,-0.210764885589015,2.7820644734258,0.866109090909091,0.872963636363636,0.860436363636364
111472,67421,44051,0.633749859086785,0.616631779239625,0.603277270589648,38.8545454545455,33.8490909090909,27.2963636363636,0.918181818181818,36.5872727272727,0.209090909090909,26.9618181818182,0.138181818181818,35.1854545454545,-0.209894521596619,2.76954444761981,0.866109090909091,0.872963636363636,0.860436363636364
111508,67424,44084,0.633741930499588,0.616581608795671,0.603270786643468,38.8563636363636,33.8472727272727,27.2963636363636,0.914545454545455,36.5927272727273,0.178181818181818,26.9672727272727,0.138181818181818,35.2090909090909,-0.210317543160636,2.76326500109651,0.866109090909091,0.872963636363636,0.860436363636364
111534,67439,44095,0.633771873885121,0.616592069884623,0.603113724438504,38.8618181818182,33.8472727272727,27.2909090909091,0.910909090909091,36.6018181818182,0.156363636363636,26.9745454545455,0.14,35.2163636363636,-0.20869209509798,2.75109384893016,0.866109090909091,0.872963636363636,0.860436363636364
111523,67441,44082,0.633775430002701,0.616552706177544,0.602994647406808,38.8618181818182,33.8581818181818,27.28,0.905454545454545,36.6018181818182,0.158181818181818,26.9672727272727,0.125454545454545,35.2418181818182,-0.210080530286227,2.73534042191776,0.866109090909091,0.872963636363636,0.860436363636364
111438,67453,43985,0.633617833757582,0.61650790193555,0.602997223722835,38.86,33.8581818181818,27.2818181818182,0.898181818181818,36.6181818181818,0.150909090909091,26.9472727272727,0.110909090909091,35.2745454545455,-0.208613389958786,2.70521306273612,0.866109090909091,0.872963636363636,0.860436363636364
111460,67467,43993,0.633563883068997,0.616385030001241,0.603068516654294,38.8618181818182,33.8581818181818,27.28,0.892727272727273,36.6309090909091,0.145454545454545,26.9381818181818,0.1,35.2927272727273,-0.206127610226924,2.70083881904456,0.866109090909091,0.872963636363636,0.860436363636364
111336,67466,43870,0.633448885760952,0.616502937453668,0.60298673360263,38.86,33.8654545454545,27.2745454545455,0.890909090909091,36.6218181818182,0.152727272727273,26.9290909090909,0.112727272727273,35.2927272727273,-0.207621096748467,2.67499670867215,0.866109090909091,0.872963636363636,0.860436363636364
111253,67468,43785,0.633400488308434,0.616287584152715,0.60298526053622,38.8636363636364,33.8618181818182,27.2745454545455,0.889090909090909,36.6163636363636,0.16,26.9090909090909,0.110909090909091,35.3145454545455,-0.207255222172138,2.63894999396395,0.866109090909091,0.872963636363636,0.860436363636364
111205,67480,43725,0.633293090137346,0.616333783627077,0.602951544338866,38.8618181818182,33.8636363636364,27.2745454545455,0.887272727272727,36.6090909090909,0.167272727272727,26.9036363636364,0.112727272727273,35.32,-0.206051711993959,2.62775091867555,0.866109090909091,0.872963636363636,0.860436363636364
111221,67491,43730,0.633308208788414,0.616433968322154,0.602895286424257,38.8654545454545,33.8581818181818,27.2763636363636,0.88,36.6345454545455,0.143636363636364,26.9,0.105454545454545,35.3363636363636,-0.204512396646632,2.60549629997801,0.866109090909091,0.872963636363636,0.860436363636364
111460,67498,43962,0.633579985967694,0.616297732581159,0.602906556552809,38.8563636363636,33.8654545454545,27.2781818181818,0.878181818181818,36.6309090909091,0.132727272727273,26.8854545454545,0.123636363636364,35.3490909090909,-0.204365015475196,2.62999913570556,0.866109090909091,0.872963636363636,0.860436363636364
111528,67504,44024,0.633565137505781,0.616286019628634,0.602872980439112,38.8581818181818,33.8581818181818,27.2836363636364,0.874545454545455,36.6127272727273,0.136363636363636,26.8818181818182,0.123636363636364,35.3709090909091,-0.203909562554591,2.63224818222225,0.866109090909091,0.872963636363636,0.860436363636364
111569,67515,44054,0.633526779983262,0.616326680370738,0.602910390445606,38.8618181818182,33.8581818181818,27.28,0.872727272727273,36.5945454545455,0.147272727272727,26.8963636363636,0.112727272727273,35.3763636363636,-0.203480263157028,2.62833539674228,0.866109090909091,0.872963636363636,0.860436363636364
111479,67523,43956,0.633504592372811,0.616215638399924,0.60296018448172,38.8581818181818,33.8672727272727,27.2745454545455,0.870909090909091,36.5909090909091,0.134545454545455,26.8745454545455,0.112727272727273,35.4163636363636,-0.204052667298344,2.59930263490162,0.866109090909091,0.872963636363636,0.860436363636364
111626,67525,44101,0.633500230756719,0.616363662103865,0.602867929200996,38.86,33.8636363636364,27.2763636363636,0.867272727272727,36.5909090909091,0.143636363636364,26.8454545454545,0.12,35.4327272727273,-0.203136396543811,2.61638665764847,0.866109090909091,0.872963636363636,0.860436363636364
111660,67535,44125,0.633665141156951,0.61614845749784,0.602865412247115,38.86,33.8581818181818,27.2818181818182,0.863636363636364,36.5890909090909,0.136363636363636,26.8654545454545,0.107272727272727,35.4381818181818,-0.202168465299341,2.59134345789525,0.866109090909091,0.872963636363636,0.860436363636364
111283,67542,43741,0.633248522076348,0.61611607949253,0.602812630721698,38.8618181818182,33.8654545454545,27.2727272727273,0.861818181818182,36.5854545454546,0.147272727272727,26.8254545454545,0.114545454545455,35.4654545454545,-0.2026878615537,2.5213809305294,0.866109090909091,0.872963636363636,0.860436363636364
111417,67547,43870,0.63342556536025,0.616064939902356,0.602714758801222,38.8654545454545,33.8654545454545,27.2690909090909,0.858181818181818,36.5763636363636,0.14,26.8181818181818,0.12,35.4872727272727,-0.20159490801902,2.53028313487091,0.866109090909091,0.872963636363636,0.860436363636364
111491,67549,43942,0.633396289679664,0.615939537004265,0.602688694944291,38.8636363636364,33.8690909090909,27.2672727272727,0.849090909090909,36.5581818181818,0.141818181818182,26.8018181818182,0.138181818181818,35.5109090909091,-0.201037053251639,2.52807046671991,0.866109090909091,0.872963636363636,0.860436363636364
111514,67551,43963,0.63337067515971,0.615953978350441,0.602687508914744,38.8636363636364,33.8672727272727,27.2690909090909,0.843636363636364,36.5454545454545,0.129090909090909,26.8145454545455,0.130909090909091,35.5363636363636,-0.201346179725211,2.5329802705483,0.866109090909091,0.872963636363636,0.860436363636364
111519,67558,43961,0.633325120674648,0.615918559254524,0.602648844087115,38.8636363636364,33.8654545454545,27.2709090909091,0.838181818181818,36.5327272727273,0.125454545454545,26.8127272727273,0.125454545454545,35.5654545454545,-0.200928981837668,2.51594418263571,0.866109090909091,0.872963636363636,0.860436363636364
111503,67555,43948,0.633315399929886,0.615890993365014,0.602642136573312,38.8636363636364,33.8672727272727,27.2690909090909,0.841818181818182,36.5236363636364,0.116363636363636,26.7945454545455,0.130909090909091,35.5927272727273,-0.201543496228458,2.50068366550205,0.866109090909091,0.872963636363636,0.860436363636364
111501,67560,43941,0.633276328351679,0.615802935040542,0.602697850857568,38.8636363636364,33.8636363636364,27.2727272727273,0.834545454545455,36.5163636363636,0.118181818181818,26.7854545454545,0.118181818181818,35.6272727272727,-0.201230413151048,2.48771222207949,0.866109090909091,0.872963636363636,0.860436363636364
111496,67562,43934,0.633209088565649,0.615757444299531,0.60272590267872,38.8690909090909,33.86,27.2709090909091,0.830909090909091,36.4745454545455,0.147272727272727,26.78,0.116363636363636,35.6509090909091,-0.201499402864085,2.4779406088235,0.866109090909091,0.872963636363636,0.860436363636364
111560,67568,43992,0.633278319608308,0.615710501746847,0.602699824599423,38.8690909090909,33.86,27.2709090909091,0.829090909090909,36.4581818181818,0.129090909090909,26.7909090909091,0.138181818181818,35.6545454545455,-0.201474973564407,2.4780288153328,0.866109090909091,0.872963636363636,0.860436363636364
111578,67573,44005,0.633298081199961,0.615702425587644,0.602554330055922,38.8727272727273,33.8618181818182,27.2654545454545,0.825454545454545,36.4472727272727,0.130909090909091,26.7854545454545,0.132727272727273,35.6781818181818,-0.201466213103214,2.46994472485544,0.866109090909091,0.872963636363636,0.860436363636364
111571,67573,43998,0.633229005602869,0.615637973908716,0.602500406466697,38.8709090909091,33.8672727272727,27.2618181818182,0.825454545454545,36.4381818181818,0.118181818181818,26.7981818181818,0.12,35.7,-0.201655697203453,2.44774325814267,0.866109090909091,0.872963636363636,0.860436363636364
111624,67579,44045,0.633159781056235,0.615829376098499,0.602504341790973,38.8709090909091,33.8745454545455,27.2545454545455,0.82,36.4272727272727,0.125454545454545,26.7854545454545,0.109090909090909,35.7327272727273,-0.200923262282,2.4445370667614,0.866109090909091,0.872963636363636,0.860436363636364
111555,67581,43974,0.633122180374723,0.615757756509788,0.602567831314659,38.8690909090909,33.8763636363636,27.2545454545455,0.816363636363636,36.4054545454546,0.129090909090909,26.7781818181818,0.121818181818182,35.7490909090909,-0.200605212014422,2.42602664022283,0.866109090909091,0.872963636363636,0.860436363636364
111558,67578,43980,0.63310394300707,0.615609127305671,0.602585367519622,38.8654545454545,33.8745454545455,27.26,0.816363636363636,36.4,0.114545454545455,26.7872727272727,0.112727272727273,35.7690909090909,-0.201736354842168,2.41720034248111,0.866109090909091,0.872963636363636,0.860436363636364
111557,67578,43979,0.633094473138969,0.615560916593262,0.602576560598287,38.8654545454545,33.8727272727273,27.2618181818182,0.812727272727273,36.3854545454545,0.125454545454545,26.7763636363636,0.105454545454545,35.7945454545455,-0.202149491906907,2.39763396260413,0.866109090909091,0.872963636363636,0.860436363636364
111685,67581,44104,0.633167020845345,0.615619339328726,0.602580121142306,38.8618181818182,33.8709090909091,27.2672727272727,0.810909090909091,36.3563636363636,0.143636363636364,26.7709090909091,0.109090909090909,35.8090909090909,-0.202028133762757,2.39980005257848,0.866109090909091,0.872963636363636,0.860436363636364
111617,67584,44033,0.633133119555502,0.615719192994643,0.602482644230316,38.8654545454545,33.88,27.2545454545455,0.810909090909091,36.3436363636364,0.136363636363636,26.78,0.127272727272727,35.8018181818182,-0.202332395156158,2.38646013262597,0.866109090909091,0.872963636363636,0.860436363636364
111828,67596,44232,0.633375590972175,0.615666321052955,0.602499070946364,38.8654545454545,33.8818181818182,27.2527272727273,0.807272727272727,36.3254545454545,0.136363636363636,26.7854545454545,0.129090909090909,35.8163636363636,-0.200122255214162,2.40053935203363,0.866109090909091,0.872963636363636,0.860436363636364
111945,67603,44342,0.633271344538583,0.615937227164427,0.602500756163921,38.86,33.8909090909091,27.2490909090909,0.8,36.3090909090909,0.134545454545455,26.8054545454545,0.114545454545455,35.8363636363636,-0.20115051149306,2.40577040421353,0.866109090909091,0.872963636363636,0.860436363636364
111969,67616,44353,0.633291645838524,0.615922203770518,0.60247377866074,38.8618181818182,33.8818181818182,27.2563636363636,0.798181818181818,36.2981818181818,0.118181818181818,26.8163636363636,0.107272727272727,35.8618181818182,-0.198432635874435,2.40117675524882,0.866109090909091,0.872963636363636,0.860436363636364
111884,67621,44263,0.633204248845114,0.615711570626658,0.602397960867026,38.8581818181818,33.8781818181818,27.2636363636364,0.790909090909091,36.3109090909091,0.0909090909090909,26.8218181818182,0.109090909090909,35.8763636363636,-0.198440755959547,2.37375388793986,0.866109090909091,0.872963636363636,0.860436363636364
111921,67629,44292,0.633085755603965,0.615802826356455,0.602390185453399,38.8545454545455,33.8763636363636,27.2690909090909,0.787272727272727,36.2963636363636,0.110909090909091,26.8109090909091,0.0945454545454545,35.9,-0.197807780661705,2.36933906620199,0.866109090909091,0.872963636363636,0.860436363636364
111955,67633,44322,0.633085507044763,0.615866846546173,0.602428834573905,38.8581818181818,33.88,27.2618181818182,0.785454545454545,36.2854545454545,0.110909090909091,26.7890909090909,0.107272727272727,35.9218181818182,-0.198032558444009,2.35981926411729,0.866109090909091,0.872963636363636,0.860436363636364
111908,67632,44276,0.633221560216917,0.615673342137708,0.60235354964334,38.86,33.8836363636364,27.2563636363636,0.785454545454545,36.2709090909091,0.130909090909091,26.7527272727273,0.110909090909091,35.9490909090909,-0.199191703842371,2.34876881163906,0.866109090909091,0.872963636363636,0.860436363636364
111785,67641,44144,0.633078502940467,0.615727236986034,0.602325722725509,38.8545454545455,33.8909090909091,27.2545454545455,0.787272727272727,36.2727272727273,0.112727272727273,26.7490909090909,0.0909090909090909,35.9872727272727,-0.198405783400945,2.31889257168567,0.866109090909091,0.872963636363636,0.860436363636364
111533,67637,43896,0.633031407207647,0.615632920272356,0.601908224204728,38.8509090909091,33.8872727272727,27.2618181818182,0.785454545454545,36.2581818181818,0.138181818181818,26.7145454545455,0.0927272727272727,36.0109090909091,-0.199501689830107,2.2557846723971,0.866109090909091,0.872963636363636,0.860436363636364
111513,67637,43876,0.633021638775689,0.615610507944677,0.601920343660701,38.8509090909091,33.8872727272727,27.2618181818182,0.783636363636364,36.2654545454546,0.123636363636364,26.6963636363636,0.107272727272727,36.0236363636364,-0.199935796656593,2.24558490719646,0.866109090909091,0.872963636363636,0.860436363636364
111544,67640,43904,0.632986213110025,0.615534099640866,0.601904109553587,38.8509090909091,33.8872727272727,27.2618181818182,0.783636363636364,36.2727272727273,0.110909090909091,26.6818181818182,0.101818181818182,36.0490909090909,-0.199613457333974,2.23405381227759,0.866109090909091,0.872963636363636,0.860436363636364
111451,67636,43815,0.632956822988397,0.615221145922205,0.601962553061313,38.8545454545455,33.8781818181818,27.2672727272727,0.78,36.2745454545455,0.123636363636364,26.6545454545455,0.0854545454545454,36.0818181818182,-0.198403734512183,2.20305478840389,0.866109090909091,0.872963636363636,0.860436363636364
111489,67648,43841,0.632950160245757,0.615354642548804,0.601919922184125,38.86,33.8872727272727,27.2527272727273,0.78,36.2690909090909,0.129090909090909,26.6309090909091,0.1,36.0909090909091,-0.197907344869401,2.1985120953992,0.866109090909091,0.872963636363636,0.860436363636364
111495,67652,43843,0.632980010036395,0.615378042656892,0.60186796220984,38.8618181818182,33.8872727272727,27.2509090909091,0.778181818181818,36.2672727272727,0.136363636363636,26.6163636363636,0.0890909090909091,36.1127272727273,-0.198285370692875,2.19031521349468,0.866109090909091,0.872963636363636,0.860436363636364
111497,67655,43842,0.632979274874573,0.615261230364031,0.6018816052815,38.8636363636364,33.8818181818182,27.2545454545455,0.776363636363636,36.2836363636364,0.134545454545455,26.5854545454545,0.0854545454545454,36.1345454545455,-0.197196025741075,2.17760168437592,0.866109090909091,0.872963636363636,0.860436363636364
111481,67655,43826,0.633000416975143,0.615172809309856,0.601847558613758,38.8636363636364,33.8836363636364,27.2527272727273,0.778181818181818,36.2854545454545,0.118181818181818,26.5690909090909,0.0927272727272727,36.1563636363636,-0.198755140912412,2.16532170941884,0.866109090909091,0.872963636363636,0.860436363636364
111614,67665,43949,0.633001570614377,0.615128646280662,0.602121018591941,38.8636363636364,33.88,27.2563636363636,0.778181818181818,36.2909090909091,0.112727272727273,26.5472727272727,0.1,36.1709090909091,-0.197110617579892,2.18005919083953,0.866109090909091,0.872963636363636,0.860436363636364
111108,67671,43437,0.632300479259448,0.615104273915776,0.60211958741867,38.8672727272727,33.88,27.2527272727273,0.774545454545455,36.3127272727273,0.127272727272727,26.4781818181818,0.110909090909091,36.1963636363636,-0.196834556630612,2.10472210342573,0.866109090909091,0.872963636363636,0.860436363636364
111055,67671,43384,0.632133974445677,0.615120675977907,0.602121363837962,38.8654545454545,33.8818181818182,27.2527272727273,0.772727272727273,36.3236363636364,0.12,26.44,0.114545454545455,36.2290909090909,-0.19740125222465,2.09697299167853,0.866109090909091,0.872963636363636,0.860436363636364
110943,67674,43269,0.632125024862236,0.614893666114076,0.602066271361778,38.8654545454545,33.8781818181818,27.2563636363636,0.772727272727273,36.3018181818182,0.130909090909091,26.42,0.101818181818182,36.2727272727273,-0.197520699404413,2.0623518220911,0.866109090909091,0.872963636363636,0.860436363636364
110939,67679,43260,0.632082062358923,0.614768718470532,0.60215903481945,38.86,33.8781818181818,27.2618181818182,0.769090909090909,36.3,0.123636363636364,26.4054545454545,0.105454545454545,36.2963636363636,-0.198296907905024,2.04885333788327,0.866109090909091,0.872963636363636,0.860436363636364
111027,67687,43340,0.632132721537815,0.614798495916673,0.60215217492892,38.8581818181818,33.88,27.2618181818182,0.769090909090909,36.3090909090909,0.114545454545455,26.3618181818182,0.127272727272727,36.3181818181818,-0.196461728048003,2.05726842717691,0.866109090909091,0.872963636363636,0.860436363636364
110956,67686,43270,0.632011209258602,0.614778487078545,0.602145409052305,38.8581818181818,33.8872727272727,27.2545454545455,0.765454545454545,36.3036363636364,0.127272727272727,26.3309090909091,0.101818181818182,36.3709090909091,-0.198243868171333,2.03479869391092,0.866109090909091,0.872963636363636,0.860436363636364
111050,67690,43360,0.632037637642566,0.614932822479237,0.602137244880609,38.8636363636364,33.8872727272727,27.2490909090909,0.763636363636364,36.3054545454546,0.107272727272727,26.3181818181818,0.107272727272727,36.3981818181818,-0.198411041849547,2.04310548992997,0.866109090909091,0.872963636363636,0.860436363636364
111073,67700,43373,0.631953992323493,0.614888191180802,0.602191460480103,38.86,33.8927272727273,27.2472727272727,0.761818181818182,36.3163636363636,0.107272727272727,26.2818181818182,0.114545454545455,36.4181818181818,-0.196546669987253,2.03367806696756,0.866109090909091,0.872963636363636,0.860436363636364
110990,67697,43293,0.631918197119683,0.614838027372097,0.601997604899262,38.8581818181818,33.8872727272727,27.2545454545455,0.761818181818182,36.32,0.118181818181818,26.2381818181818,0.103636363636364,36.4581818181818,-0.195766127985288,2.00187291239642,0.866109090909091,0.872963636363636,0.860436363636364
110865,67696,43169,0.631930850372553,0.614645201528982,0.601888789748495,38.8545454545455,33.8909090909091,27.2545454545455,0.758181818181818,36.3418181818182,0.107272727272727,26.2,0.101818181818182,36.4909090909091,-0.197465849995338,1.96743397431617,0.866109090909091,0.872963636363636,0.860436363636364
110862,67689,43173,0.631833251484413,0.614565858607276,0.601934900162495,38.8545454545455,33.8890909090909,27.2563636363636,0.758181818181818,36.3290909090909,0.0890909090909091,26.1836363636364,0.107272727272727,36.5327272727273,-0.198276809257434,1.9565019693268,0.866109090909091,0.872963636363636,0.860436363636364
110850,67688,43162,0.631757669946872,0.61457386510852,0.601908462800557,38.8527272727273,33.8945454545455,27.2527272727273,0.752727272727273,36.3272727272727,0.0872727272727273,26.1618181818182,0.116363636363636,36.5545454545455,-0.199463751680345,1.94823751528324,0.866109090909091,0.872963636363636,0.860436363636364
110884,67690,43194,0.631749662550217,0.614664642057987,0.601881839130193,38.8563636363636,33.8927272727273,27.2509090909091,0.750909090909091,36.3290909090909,0.0963636363636364,26.1309090909091,0.0890909090909091,36.6036363636364,-0.199538790435393,1.93971996760334,0.866109090909091,0.872963636363636,0.860436363636364
111015,67694,43321,0.631776415136454,0.614717558349012,0.602096104969316,38.8563636363636,33.8963636363636,27.2472727272727,0.747272727272727,36.3018181818182,0.107272727272727,26.1109090909091,0.0927272727272727,36.64,-0.200286861686089,1.95861171869222,0.866109090909091,0.872963636363636,0.860436363636364
111136,67703,43433,0.631886887289128,0.614832020646355,0.602114817049683,38.8509090909091,33.8963636363636,27.2527272727273,0.745454545454545,36.2927272727273,0.0945454545454545,26.1018181818182,0.0981818181818182,36.6672727272727,-0.199264371979833,1.9749210188504,0.866109090909091,0.872963636363636,0.860436363636364
111134,67706,43428,0.631837891764244,0.614755784063144,0.602112307178394,38.8490909090909,33.8981818181818,27.2527272727273,0.743636363636364,36.28,0.0836363636363636,26.0927272727273,0.0909090909090909,36.7090909090909,-0.198765439909502,1.96258426664228,0.866109090909091,0.872963636363636,0.860436363636364
111197,67714,43483,0.631809073987337,0.61486280544301,0.602170518886836,38.8490909090909,33.8981818181818,27.2527272727273,0.74,36.2618181818182,0.0836363636363636,26.0927272727273,0.0927272727272727,36.7290909090909,-0.197945671362157,1.96367306196215,0.866109090909091,0.872963636363636,0.860436363636364
111111,67719,43392,0.631748230334121,0.614770532463768,0.602169485336465,38.8545454545455,33.8909090909091,27.2545454545455,0.738181818181818,36.2563636363636,0.0945454545454545,26.0436363636364,0.1,36.7672727272727,-0.196001300237417,1.93757895409045,0.866109090909091,0.872963636363636,0.860436363636364
111044,67714,43330,0.631500844426847,0.614824645315672,0.602105251559635,38.8581818181818,33.8854545454545,27.2563636363636,0.738181818181818,36.2527272727273,0.0872727272727273,26.0363636363636,0.0636363636363636,36.8218181818182,-0.196601789138036,1.92226322328841,0.866109090909091,0.872963636363636,0.860436363636364
110911,67714,43197,0.631448227334942,0.614800279270958,0.601859240407241,38.8581818181818,33.8872727272727,27.2545454545455,0.734545454545455,36.2454545454545,0.0927272727272727,26.0054545454545,0.08,36.8418181818182,-0.197848718873469,1.88779538868164,0.866109090909091,0.872963636363636,0.860436363636364
110981,67719,43262,0.631414208045486,0.614722423426997,0.601934166060592,38.8581818181818,33.8909090909091,27.2509090909091,0.730909090909091,36.2163636363636,0.0945454545454545,26.0090909090909,0.0672727272727273,36.8818181818182,-0.197381920215346,1.8877519832924,0.866109090909091,0.872963636363636,0.860436363636364
110969,67722,43247,0.63158272070175,0.614471090620572,0.601876411606903,38.8545454545455,33.8981818181818,27.2472727272727,0.729090909090909,36.2072727272727,0.0854545454545454,25.9781818181818,0.0763636363636364,36.9236363636364,-0.1977162344704,1.87333328710361,0.866109090909091,0.872963636363636,0.860436363636364
111229,67734,43495,0.631739957088057,0.614514550075337,0.60207428973658,38.8563636363636,33.8945454545455,27.2490909090909,0.727272727272727,36.18,0.0890909090909091,25.9545454545455,0.0636363636363636,36.9854545454545,-0.196486430505121,1.91620352246206,0.866109090909091,0.872963636363636,0.860436363636364
111230,67741,43489,0.631660393880108,0.614497063910072,0.602080242224934,38.8618181818182,33.8890909090909,27.2490909090909,0.725454545454545,36.1654545454545,0.0927272727272727,25.9109090909091,0.0872727272727273,37.0181818181818,-0.194899058797323,1.90142399254255,0.866109090909091,0.872963636363636,0.860436363636364
111135,67737,43398,0.631500803006898,0.6144313523502,0.601828412479027,38.8581818181818,33.8945454545455,27.2472727272727,0.727272727272727,36.1581818181818,0.08,25.8927272727273,0.0727272727272727,37.0690909090909,-0.195578346301971,1.87364507960791,0.866109090909091,0.872963636363636,0.860436363636364
111275,67742,43533,0.631471732490024,0.614456522413742,0.602056479882415,38.8527272727273,33.9018181818182,27.2454545454545,0.721818181818182,36.1418181818182,0.0890909090909091,25.8636363636364,0.0727272727272727,37.1109090909091,-0.197110016766237,1.88801117175952,0.866109090909091,0.872963636363636,0.860436363636364
111084,67750,43334,0.631456320229892,0.614368980342172,0.601901442181151,38.8490909090909,33.9072727272727,27.2436363636364,0.721818181818182,36.12,0.1,25.8309090909091,0.0872727272727273,37.14,-0.196598554714795,1.84548158706589,0.866109090909091,0.872963636363636,0.860436363636364
111385,67752,43633,0.631434737634014,0.614422483435929,0.602272197860473,38.8454545454545,33.9127272727273,27.2418181818182,0.712727272727273,36.1127272727273,0.0890909090909091,25.8345454545455,0.0890909090909091,37.1618181818182,-0.198125169703483,1.90179092613134,0.866109090909091,0.872963636363636,0.860436363636364
111369,67749,43620,0.631508220825339,0.614336900785882,0.602201147986761,38.8509090909091,33.9072727272727,27.2418181818182,0.712727272727273,36.0927272727273,0.0945454545454545,25.8127272727273,0.0672727272727273,37.22,-0.198463720347288,1.89216770644892,0.866109090909091,0.872963636363636,0.860436363636364
111288,67755,43533,0.631399654202914,0.61436922318965,0.601967917076344,38.8545454545455,33.8981818181818,27.2472727272727,0.709090909090909,36.0854545454546,0.0963636363636364,25.78,0.0727272727272727,37.2563636363636,-0.195810868703252,1.85669109232046,0.866109090909091,0.872963636363636,0.860436363636364
111470,67766,43704,0.631644036937674,0.614570044707333,0.601933981376489,38.8545454545455,33.9054545454545,27.24,0.705454545454545,36.0872727272727,0.0836363636363636,25.7545454545455,0.06,37.3090909090909,-0.19627399475536,1.87872338789431,0.866109090909091,0.872963636363636,0.860436363636364
111510,67769,43741,0.631529366808012,0.614386843852184,0.602194572246497,38.8563636363636,33.9036363636364,27.24,0.701818181818182,36.0709090909091,0.0836363636363636,25.7181818181818,0.0618181818181818,37.3636363636364,-0.195015498748134,1.88225206207823,0.866109090909091,0.872963636363636,0.860436363636364
111508,67771,43737,0.63154027666404,0.614332182707089,0.602185937072596,38.8545454545455,33.9054545454545,27.24,0.698181818181818,36.0581818181818,0.0836363636363636,25.6654545454545,0.0709090909090909,37.4236363636364,-0.195130147107094,1.86772414571182,0.866109090909091,0.872963636363636,0.860436363636364
111263,67754,43509,0.631383589778335,0.614170770556913,0.601980868185618,38.8545454545455,33.9072727272727,27.2381818181818,0.696363636363636,36.0509090909091,0.0854545454545454,25.6272727272727,0.0727272727272727,37.4672727272727,-0.198097346778906,1.82065240849148,0.866109090909091,0.872963636363636,0.860436363636364
111503,67764,43739,0.631331152513919,0.614342840635815,0.602235580435989,38.8527272727273,33.9090909090909,27.2381818181818,0.694545454545455,36.0309090909091,0.0836363636363636,25.6090909090909,0.0709090909090909,37.5109090909091,-0.196552960000223,1.85771014270457,0.866109090909091,0.872963636363636,0.860436363636364
111382,67762,43620,0.63127138800787,0.614383441659907,0.60197893724754,38.8527272727273,33.9090909090909,27.2381818181818,0.690909090909091,36.0127272727273,0.08,25.5763636363636,0.0727272727272727,37.5672727272727,-0.197942793979944,1.81832208649509,0.866109090909091,0.872963636363636,0.860436363636364
111712,67770,43942,0.631752973826073,0.614137259493062,0.60216000681479,38.8454545454545,33.9109090909091,27.2436363636364,0.689090909090909,35.9909090909091,0.0890909090909091,25.4963636363636,0.0818181818181818,37.6527272727273,-0.197101069230121,1.83372978964313,0.866109090909091,0.872963636363636,0.860436363636364
111687,67770,43917,0.631758669611808,0.614178811771744,0.601922747335703,38.8436363636364,33.9072727272727,27.2490909090909,0.685454545454545,35.9872727272727,0.0763636363636364,25.4563636363636,0.0709090909090909,37.7236363636364,-0.197732311277915,1.81785600341179,0.866109090909091,0.872963636363636,0.860436363636364
111832,67777,44055,0.631888047267783,0.614100204123696,0.602171470273649,38.8509090909091,33.9054545454545,27.2436363636364,0.683636363636364,35.9763636363636,0.0909090909090909,25.4,0.0527272727272727,37.7963636363636,-0.19877465945478,1.83354388514364,0.866109090909091,0.872963636363636,0.860436363636364
111856,67772,44084,0.631771164692198,0.614083361196079,0.602185366948722,38.86,33.9,27.24,0.681818181818182,35.9836363636364,0.0836363636363636,25.3472727272727,0.0618181818181818,37.8418181818182,-0.198035659457409,1.8388581297445,0.866109090909091,0.872963636363636,0.860436363636364
111783,67778,44005,0.631835427960978,0.614116807202595,0.601995317535788,38.86,33.9,27.24,0.678181818181818,35.9781818181818,0.0763636363636364,25.2981818181818,0.0636363636363636,37.9054545454546,-0.198566727748998,1.80480875444006,0.866109090909091,0.872963636363636,0.860436363636364
111264,67777,43487,0.631254888790027,0.613959649705604,0.601991513889513,38.86,33.8945454545455,27.2454545454545,0.676363636363636,35.9509090909091,0.0890909090909091,25.2418181818182,0.0727272727272727,37.9690909090909,-0.197959068453267,1.75116140412336,0.866109090909091,0.872963636363636,0.860436363636364
111481,67793,43688,0.63114998627209,0.614087622797278,0.602281459435373,38.8527272727273,33.8963636363636,27.2509090909091,0.670909090909091,35.9436363636364,0.0872727272727273,25.2036363636364,0.08,38.0145454545455,-0.196084626864864,1.78348891299895,0.866109090909091,0.872963636363636,0.860436363636364
111380,67795,43585,0.631136954851616,0.613814106915142,0.602303835927761,38.8527272727273,33.8945454545455,27.2527272727273,0.669090909090909,35.9454545454545,0.0909090909090909,25.1163636363636,0.0727272727272727,38.1054545454545,-0.197428324016933,1.75505573195829,0.866109090909091,0.872963636363636,0.860436363636364
111278,67789,43489,0.631060898501435,0.614027778912459,0.602003173515549,38.8509090909091,33.9054545454545,27.2436363636364,0.667272727272727,35.9381818181818,0.103636363636364,25.06,0.0836363636363636,38.1472727272727,-0.198932953630521,1.72847887834703,0.866109090909091,0.872963636363636,0.860436363636364
111389,67787,43602,0.631085420479785,0.613956215445729,0.602008405400725,38.8563636363636,33.9,27.2436363636364,0.665454545454545,35.9254545454545,0.0927272727272727,25.0527272727273,0.0690909090909091,38.1945454545455,-0.198365042982782,1.73984297786585,0.866109090909091,0.872963636363636,0.860436363636364
111998,67790,44208,0.631759020267642,0.613901041154581,0.602242845753043,38.8527272727273,33.9054545454545,27.2418181818182,0.661818181818182,35.9054545454545,0.0963636363636364,25.0127272727273,0.0854545454545454,38.2381818181818,-0.198000399498481,1.78793058547784,0.866109090909091,0.872963636363636,0.860436363636364
112001,67798,44203,0.631834305364898,0.613815058022186,0.602242428750841,38.8545454545455,33.9,27.2454545454545,0.66,35.9018181818182,0.0836363636363636,24.9690909090909,0.0909090909090909,38.2945454545455,-0.195309034767508,1.77156771263954,0.866109090909091,0.872963636363636,0.860436363636364
111803,67803,44000,0.631857048501228,0.613663128451062,0.601962134174335,38.8527272727273,33.9018181818182,27.2454545454545,0.654545454545455,35.9018181818182,0.0945454545454545,24.9163636363636,0.0854545454545454,38.3472727272727,-0.19622870618107,1.72209884949367,0.866109090909091,0.872963636363636,0.860436363636364
111925,67807,44118,0.631793931621494,0.613768663172792,0.601944571803635,38.8581818181818,33.8981818181818,27.2436363636364,0.650909090909091,35.9072727272727,0.0836363636363636,24.9036363636364,0.0672727272727273,38.3872727272727,-0.194052396608326,1.74304397774871,0.866109090909091,0.872963636363636,0.860436363636364
111348,67808,43540,0.630898636288639,0.613741585767903,0.602195628821876,38.8563636363636,33.9018181818182,27.2418181818182,0.649090909090909,35.9,0.08,24.8690909090909,0.0890909090909091,38.4127272727273,-0.195224219173807,1.70650236392592,0.866109090909091,0.872963636363636,0.860436363636364
111212,67813,43399,0.630823976965119,0.613550606962549,0.602234844407226,38.8545454545455,33.9,27.2454545454545,0.645454545454546,35.9072727272727,0.0763636363636364,24.8381818181818,0.0854545454545454,38.4472727272727,-0.193245825677613,1.66737826784824,0.866109090909091,0.872963636363636,0.860436363636364
111154,67811,43343,0.63079014490696,0.61349340345767,0.602226786576418,38.8545454545455,33.9036363636364,27.2418181818182,0.64,35.9054545454545,0.08,24.8145454545455,0.0781818181818182,38.4818181818182,-0.195844389234976,1.64896267229924,0.866109090909091,0.872963636363636,0.860436363636364
111147,67808,43339,0.630706754375767,0.61358749935848,0.601989616346573,38.86,33.8927272727273,27.2472727272727,0.638181818181818,35.8963636363636,0.0890909090909091,24.7945454545455,0.0709090909090909,38.5109090909091,-0.194375124363895,1.63196767952759,0.866109090909091,0.872963636363636,0.860436363636364
111180,67807,43373,0.630702637712577,0.613692642928888,0.601877934322386,38.86,33.8945454545455,27.2454545454545,0.636363636363636,35.8981818181818,0.0963636363636364,24.7490909090909,0.0672727272727273,38.5527272727273,-0.19656044627561,1.63373038505458,0.866109090909091,0.872963636363636,0.860436363636364
111742,67811,43931,0.631444138685098,0.613605070728558,0.601891247052575,38.8672727272727,33.8872727272727,27.2454545454545,0.636363636363636,35.8872727272727,0.0872727272727273,24.7363636363636,0.0654545454545455,38.5872727272727,-0.196170750657753,1.66397997662425,0.866109090909091,0.872963636363636,0.860436363636364
111715,67815,43900,0.631382955950415,0.61343574569068,0.602133680645015,38.8636363636364,33.8909090909091,27.2454545454545,0.638181818181818,35.8563636363636,0.0945454545454545,24.7145454545455,0.0709090909090909,38.6254545454546,-0.196811098202968,1.65050018108027,0.866109090909091,0.872963636363636,0.860436363636364
111669,67823,43846,0.63144000841973,0.613467992978435,0.602158235780438,38.8618181818182,33.8927272727273,27.2454545454545,0.636363636363636,35.8345454545455,0.0963636363636364,24.6836363636364,0.0763636363636364,38.6727272727273,-0.195807643704095,1.63361117253927,0.866109090909091,0.872963636363636,0.860436363636364
111705,67823,43882,0.63142044854798,0.613511596819286,0.601986778598701,38.8563636363636,33.8981818181818,27.2454545454545,0.636363636363636,35.8181818181818,0.0854545454545454,24.6818181818182,0.0763636363636364,38.7018181818182,-0.195262174502767,1.62982310772958,0.866109090909091,0.872963636363636,0.860436363636364
111881,67831,44050,0.631393252560789,0.613627678555584,0.602139761327494,38.86,33.9036363636364,27.2363636363636,0.632727272727273,35.8127272727273,0.0872727272727273,24.6727272727273,0.0727272727272727,38.7218181818182,-0.194875432296381,1.64792266794565,0.866109090909091,0.872963636363636,0.860436363636364
111761,67829,43932,0.631379613705709,0.613543741092839,0.601873796940166,38.8545454545455,33.9018181818182,27.2436363636364,0.632727272727273,35.8036363636364,0.0909090909090909,24.6636363636364,0.0781818181818182,38.7309090909091,-0.196899733346337,1.61955379748886,0.866109090909091,0.872963636363636,0.860436363636364
111832,67825,44007,0.631247770063449,0.613514470814195,0.60212494095982,38.8563636363636,33.9018181818182,27.2418181818182,0.636363636363636,35.7854545454545,0.0890909090909091,24.6563636363636,0.0709090909090909,38.7618181818182,-0.195395171252312,1.63092036665502,0.866109090909091,0.872963636363636,0.860436363636364
111711,67825,43886,0.631214874986714,0.613439496909305,0.601848481353827,38.86,33.8963636363636,27.2436363636364,0.636363636363636,35.7890909090909,0.0763636363636364,24.6509090909091,0.0563636363636364,38.7909090909091,-0.19412417310761,1.60106500170448,0.866109090909091,0.872963636363636,0.860436363636364
111766,67829,43937,0.631114656428579,0.613455512393348,0.60186056722891,38.8563636363636,33.8963636363636,27.2472727272727,0.636363636363636,35.7836363636364,0.0727272727272727,24.6490909090909,0.06,38.7981818181818,-0.194112875164402,1.61049494384365,0.866109090909091,0.872963636363636,0.860436363636364
112051,67839,44212,0.631413364963027,0.613539774517323,0.602036656231334,38.8672727272727,33.8927272727273,27.24,0.634545454545455,35.7727272727273,0.0781818181818182,24.6254545454545,0.0690909090909091,38.82,-0.19486655456686,1.66242648643569,0.866109090909091,0.872963636363636,0.860436363636364
111908,67840,44068,0.631389740131765,0.61348672709459,0.602039775280205,38.8690909090909,33.8890909090909,27.2418181818182,0.630909090909091,35.7672727272727,0.0909090909090909,24.6054545454545,0.0909090909090909,38.8145454545455,-0.196519239949306,1.62645824016495,0.866109090909091,0.872963636363636,0.860436363636364
111999,67843,44156,0.631347896574485,0.613538395587208,0.602055992423465,38.8581818181818,33.8945454545455,27.2472727272727,0.629090909090909,35.7709090909091,0.0981818181818182,24.5781818181818,0.0890909090909091,38.8345454545455,-0.195668955832529,1.62595439393348,0.866109090909091,0.872963636363636,0.860436363636364
111718,67837,43881,0.631167584208834,0.613294098165328,0.601824831755059,38.86,33.8963636363636,27.2436363636364,0.627272727272727,35.7672727272727,0.0872727272727273,24.5690909090909,0.0836363636363636,38.8654545454545,-0.196209872112641,1.56499201391654,0.866109090909091,0.872963636363636,0.860436363636364
111918,67843,44075,0.631129143489442,0.61355493791936,0.601776497892307,38.86,33.9,27.24,0.623636363636364,35.7709090909091,0.08,24.5527272727273,0.0781818181818182,38.8945454545455,-0.195456698692975,1.58935084674846,0.866109090909091,0.872963636363636,0.860436363636364
111786,67847,43939,0.631174428917462,0.613238060646051,0.601767538163119,38.8618181818182,33.8981818181818,27.24,0.610909090909091,35.7690909090909,0.08,24.54,0.0781818181818182,38.9218181818182,-0.196078883931411,1.55330794953148,0.866109090909091,0.872963636363636,0.860436363636364
111426,67851,43575,0.630564985093938,0.613240063339101,0.601875768253225,38.86,33.8981818181818,27.2418181818182,0.609090909090909,35.7672727272727,0.0690909090909091,24.5418181818182,0.0654545454545455,38.9472727272727,-0.194661493254402,1.52679723670537,0.866109090909091,0.872963636363636,0.860436363636364
111457,67847,43610,0.630567362352345,0.613096363477747,0.601780016613896,38.8690909090909,33.8909090909091,27.24,0.605454545454545,35.7563636363636,0.0636363636363636,24.54,0.0563636363636364,38.9781818181818,-0.196544766122084,1.51341104266149,0.866109090909091,0.872963636363636,0.860436363636364
111270,67848,43422,0.630272853380119,0.613007298009987,0.601834692627815,38.8690909090909,33.8890909090909,27.2418181818182,0.598181818181818,35.7490909090909,0.0563636363636364,24.5345454545455,0.06,39.0018181818182,-0.198801185313707,1.4921958260344,0.866109090909091,0.872963636363636,0.860436363636364
111358,67862,43496,0.630438384882016,0.613010788485818,0.602024262603445,38.8763636363636,33.8836363636364,27.24,0.598181818181818,35.7254545454545,0.0472727272727273,24.5436363636364,0.0381818181818182,39.0472727272727,-0.194157700411002,1.4962182007857,0.866109090909091,0.872963636363636,0.860436363636364
111306,67855,43451,0.630327831322748,0.612976999803366,0.602044773241429,38.8654545454545,33.8945454545455,27.24,0.598181818181818,35.6945454545455,0.0672727272727273,24.52,0.0472727272727273,39.0727272727273,-0.196815047229492,1.47953194091229,0.866109090909091,0.872963636363636,0.860436363636364
111241,67842,43399,0.630202944505851,0.613062058238461,0.601815159680364,38.86,33.9018181818182,27.2381818181818,0.598181818181818,35.6745454545455,0.0745454545454545,24.5145454545455,0.0490909090909091,39.0890909090909,-0.199941393167087,1.45622436195951,0.866109090909091,0.872963636363636,0.860436363636364
111019,67841,43178,0.629776309875537,0.613185422606652,0.601571521642446,38.86,33.9018181818182,27.2381818181818,0.592727272727273,35.6654545454545,0.0618181818181818,24.5127272727273,0.0490909090909091,39.1181818181818,-0.198689609230761,1.43282058608231,0.866109090909091,0.872963636363636,0.860436363636364
111156,67847,43309,0.630083924632422,0.613151696937728,0.601549806294215,38.8654545454545,33.8963636363636,27.2381818181818,0.592727272727273,35.6472727272727,0.0563636363636364,24.4872727272727,0.0654545454545455,39.1509090909091,-0.197891017520239,1.44786277595399,0.866109090909091,0.872963636363636,0.860436363636364
111144,67850,43294,0.630183186629426,0.6129849981053,0.601819345557652,38.8690909090909,33.8981818181818,27.2327272727273,0.592727272727273,35.6254545454545,0.0709090909090909,24.46,0.0727272727272727,39.1781818181818,-0.199335501341689,1.44356993271715,0.866109090909091,0.872963636363636,0.860436363636364
111218,67861,43357,0.630205931163137,0.613056070419947,0.6017846008682,38.8727272727273,33.9018181818182,27.2254545454545,0.594545454545455,35.6181818181818,0.06,24.4618181818182,0.0581818181818182,39.2072727272727,-0.196580840164097,1.44360990692777,0.866109090909091,0.872963636363636,0.860436363636364
111134,67851,43283,0.630154267292102,0.613013794644362,0.60164287351381,38.8672727272727,33.9018181818182,27.2309090909091,0.594545454545455,35.58,0.0636363636363636,24.4490909090909,0.0636363636363636,39.2490909090909,-0.200698282143673,1.41779963131147,0.866109090909091,0.872963636363636,0.860436363636364
111026,67851,43175,0.630026681177961,0.612968262352096,0.601639667372066,38.8654545454545,33.9036363636364,27.2309090909091,0.592727272727273,35.5490909090909,0.0618181818181818,24.4545454545455,0.0654545454545455,39.2763636363636,-0.200080135980864,1.39145911237733,0.866109090909091,0.872963636363636,0.860436363636364
111094,67857,43237,0.630016136567368,0.613060922483054,0.601569579053222,38.8709090909091,33.9018181818182,27.2272727272727,0.590909090909091,35.5454545454545,0.0636363636363636,24.4290909090909,0.0781818181818182,39.2927272727273,-0.198658021455578,1.38206277912991,0.866109090909091,0.872963636363636,0.860436363636364
111014,67857,43157,0.629935810708062,0.613098125435157,0.60149020028488,38.8727272727273,33.9054545454545,27.2218181818182,0.589090909090909,35.5254545454545,0.06,24.4309090909091,0.0690909090909091,39.3254545454545,-0.198066866939453,1.36919665909796,0.866109090909091,0.872963636363636,0.860436363636364
111077,67860,43217,0.629961330784824,0.613079222942238,0.601575324572853,38.8745454545455,33.9090909090909,27.2163636363636,0.589090909090909,35.5309090909091,0.0527272727272727,24.4309090909091,0.0545454545454545,39.3418181818182,-0.197855582128448,1.37380854232152,0.866109090909091,0.872963636363636,0.860436363636364
110989,67855,43134,0.62984840012726,0.613081811379563,0.601556251895073,38.8654545454545,33.92,27.2145454545455,0.587272727272727,35.5163636363636,0.0636363636363636,24.4254545454545,0.0581818181818182,39.3490909090909,-0.20098505978663,1.35282295160842,0.866109090909091,0.872963636363636,0.860436363636364
110977,67855,43122,0.630067503835155,0.61281343773092,0.601762921332676,38.8654545454545,33.9145454545455,27.22,0.587272727272727,35.5054545454545,0.0636363636363636,24.4127272727273,0.0545454545454545,39.3763636363636,-0.202557923109271,1.35162618055262,0.866109090909091,0.872963636363636,0.860436363636364
110970,67855,43115,0.629993305142595,0.612650556364429,0.601786527739225,38.8654545454545,33.9072727272727,27.2272727272727,0.581818181818182,35.5327272727273,0.0672727272727273,24.3690909090909,0.0563636363636364,39.3927272727273,-0.20147338629388,1.32792464297434,0.866109090909091,0.872963636363636,0.860436363636364
110895,67864,43031,0.630005567339797,0.612552896308673,0.601789188796567,38.8654545454545,33.8981818181818,27.2363636363636,0.581818181818182,35.5418181818182,0.0727272727272727,24.3454545454545,0.0509090909090909,39.4072727272727,-0.198993858566973,1.3138272815638,0.866109090909091,0.872963636363636,0.860436363636364
110983,67857,43126,0.630254118572776,0.612703030256159,0.601487509819131,38.8781818181818,33.8818181818182,27.24,0.587272727272727,35.5363636363636,0.0745454545454545,24.3309090909091,0.0527272727272727,39.4181818181818,-0.199214634710701,1.30260399345901,0.866109090909091,0.872963636363636,0.860436363636364
111136,67859,43277,0.630272453771148,0.612759794871051,0.601604611522943,38.8763636363636,33.8872727272727,27.2363636363636,0.589090909090909,35.5509090909091,0.0781818181818182,24.2927272727273,0.0545454545454545,39.4345454545455,-0.198487378815877,1.31334970601072,0.866109090909091,0.872963636363636,0.860436363636364
111414,67863,43551,0.630813530566043,0.612708539546721,0.601514511327681,38.8818181818182,33.8818181818182,27.2363636363636,0.585454545454545,35.5563636363636,0.0745454545454545,24.2872727272727,0.0472727272727273,39.4490909090909,-0.199078582673842,1.31384523499926,0.866109090909091,0.872963636363636,0.860436363636364
111456,67866,43590,0.630711469379122,0.612845262608438,0.601611900454019,38.8763636363636,33.8909090909091,27.2327272727273,0.583636363636364,35.5563636363636,0.0781818181818182,24.2890909090909,0.0345454545454545,39.4581818181818,-0.198704232007995,1.32236335434189,0.866109090909091,0.872963636363636,0.860436363636364
111228,67856,43372,0.630780349704796,0.612331755995163,0.60161420711867,38.8727272727273,33.9036363636364,27.2236363636364,0.583636363636364,35.58,0.0781818181818182,24.2381818181818,0.0581818181818182,39.4618181818182,-0.203528780104137,1.27544594670392,0.866109090909091,0.872963636363636,0.860436363636364
111458,67856,43602,0.630708025707619,0.612703135140276,0.60168247128861,38.8672727272727,33.9072727272727,27.2254545454545,0.58,35.6036363636364,0.0781818181818182,24.2290909090909,0.0490909090909091,39.46,-0.201751308901161,1.3116040518084,0.866109090909091,0.872963636363636,0.860436363636364
111468,67861,43607,0.630819602374934,0.612468871933007,0.601581332003728,38.8672727272727,33.9072727272727,27.2254545454545,0.576363636363636,35.6290909090909,0.0727272727272727,24.2109090909091,0.0418181818181818,39.4690909090909,-0.202345765282834,1.29305501041765,0.866109090909091,0.872963636363636,0.860436363636364
111561,67863,43698,0.630778301885056,0.612609393804255,0.601715823750316,38.8727272727273,33.8945454545455,27.2327272727273,0.572727272727273,35.6618181818182,0.0654545454545455,24.1854545454545,0.0527272727272727,39.4618181818182,-0.202202699248499,1.30709292019971,0.866109090909091,0.872963636363636,0.860436363636364
111608,67872,43736,0.630627256128823,0.612681040756465,0.601736827884192,38.8654545454545,33.9018181818182,27.2327272727273,0.569090909090909,35.6927272727273,0.0636363636363636,24.1618181818182,0.0563636363636364,39.4563636363636,-0.199060817957136,1.31107427976518,0.866109090909091,0.872963636363636,0.860436363636364
111422,67872,43550,0.630306276897173,0.612707566938433,0.601662605824397,38.8563636363636,33.9072727272727,27.2363636363636,0.569090909090909,35.7181818181818,0.0636363636363636,24.1327272727273,0.0418181818181818,39.4745454545455,-0.199544838978644,1.29584666341543,0.866109090909091,0.872963636363636,0.860436363636364
111316,67867,43449,0.630387231727697,0.612493753349257,0.601656922971447,38.86,33.9072727272727,27.2327272727273,0.569090909090909,35.7509090909091,0.0709090909090909,24.0763636363636,0.0581818181818182,39.4745454545455,-0.203173388909305,1.2604975388724,0.866109090909091,0.872963636363636,0.860436363636364
111270,67868,43402,0.630262815545171,0.612474312479424,0.60175501396352,38.8690909090909,33.9,27.2309090909091,0.570909090909091,35.78,0.0527272727272727,24.0581818181818,0.0509090909090909,39.4872727272727,-0.200466607771391,1.24428550442681,0.866109090909091,0.872963636363636,0.860436363636364
111494,67876,43618,0.630279807098143,0.612741995640537,0.601785207616332,38.8654545454545,33.9109090909091,27.2236363636364,0.569090909090909,35.8054545454545,0.0672727272727273,24.0181818181818,0.0509090909090909,39.4890909090909,-0.201476581712433,1.26605848974802,0.866109090909091,0.872963636363636,0.860436363636364
111509,67886,43623,0.630311815367726,0.612627291800441,0.601933078546739,38.8672727272727,33.9090909090909,27.2236363636364,0.561818181818182,35.84,0.0654545454545455,23.9890909090909,0.0436363636363636,39.5,-0.199952062655674,1.26050348494371,0.866109090909091,0.872963636363636,0.860436363636364
111441,67878,43563,0.630312766501282,0.612680924838039,0.601817615854712,38.8636363636364,33.9054545454545,27.2309090909091,0.558181818181818,35.8509090909091,0.0672727272727273,23.9763636363636,0.0418181818181818,39.5054545454545,-0.201857741639304,1.24465289402922,0.866109090909091,0.872963636363636,0.860436363636364
111262,67864,43398,0.630305575010289,0.612301628792222,0.601651111628654,38.8672727272727,33.8909090909091,27.2418181818182,0.554545454545455,35.8818181818182,0.06,23.9490909090909,0.0490909090909091,39.5054545454545,-0.205007559799494,1.20604517603801,0.866109090909091,0.872963636363636,0.860436363636364
111322,67871,43451,0.630208186028447,0.612458672492348,0.601806995749729,38.8636363636364,33.8927272727273,27.2436363636364,0.550909090909091,35.8909090909091,0.0709090909090909,23.9127272727273,0.0545454545454545,39.52,-0.204439307319858,1.21126451246779,0.866109090909091,0.872963636363636,0.860436363636364
111099,67871,43228,0.630263439908995,0.612706930024288,0.601596317559697,38.8581818181818,33.9,27.2418181818182,0.549090909090909,35.9163636363636,0.0618181818181818,23.8709090909091,0.0581818181818182,39.5436363636364,-0.20624181637805,1.19665166481652,0.866109090909091,0.872963636363636,0.860436363636364
111109,67872,43237,0.630273577977786,0.612566234986844,0.601614951811989,38.8581818181818,33.8981818181818,27.2436363636364,0.549090909090909,35.96,0.0636363636363636,23.8309090909091,0.0490909090909091,39.5472727272727,-0.204298651957916,1.19334781757471,0.866109090909091,0.872963636363636,0.860436363636364
111091,67875,43216,0.630232697166672,0.612537238602129,0.601604674608446,38.86,33.9090909090909,27.2309090909091,0.549090909090909,35.98,0.0654545454545455,23.7981818181818,0.0490909090909091,39.5581818181818,-0.203621115793728,1.1794535613386,0.866109090909091,0.872963636363636,0.860436363636364
111102,67879,43223,0.630245113859253,0.612262300783048,0.601604061658781,38.8709090909091,33.9054545454545,27.2236363636364,0.549090909090909,36.0290909090909,0.0563636363636364,23.7218181818182,0.04,39.6036363636364,-0.203956992615184,1.16859099430625,0.866109090909091,0.872963636363636,0.860436363636364
111111,67887,43224,0.630264403995296,0.612383113242216,0.601662623797132,38.8709090909091,33.9054545454545,27.2236363636364,0.545454545454545,36.0454545454545,0.0763636363636364,23.6636363636364,0.0509090909090909,39.6181818181818,-0.204018859585631,1.15658516767011,0.866109090909091,0.872963636363636,0.860436363636364
111156,67892,43264,0.63022906391422,0.612430991358022,0.601649789347674,38.8672727272727,33.8981818181818,27.2345454545455,0.543636363636364,36.0763636363636,0.0690909090909091,23.6363636363636,0.0436363636363636,39.6309090909091,-0.201604573133095,1.15778813046319,0.866109090909091,0.872963636363636,0.860436363636364
111132,67881,43251,0.630357018133166,0.612469984396908,0.601568568198368,38.8672727272727,33.8945454545455,27.2381818181818,0.541818181818182,36.0945454545455,0.0618181818181818,23.6054545454545,0.0527272727272727,39.6436363636364,-0.204391906222075,1.15825275704265,0.866109090909091,0.872963636363636,0.860436363636364
111102,67884,43218,0.630217806463099,0.612410958535798,0.601564848058294,38.8690909090909,33.8945454545455,27.2363636363636,0.541818181818182,36.1236363636364,0.0690909090909091,23.5654545454545,0.0509090909090909,39.6490909090909,-0.203187858959956,1.14348655792631,0.866109090909091,0.872963636363636,0.860436363636364
110974,67879,43095,0.63021560809166,0.612199490545105,0.601600829722797,38.8654545454545,33.8945454545455,27.24,0.541818181818182,36.1472727272727,0.0745454545454545,23.5054545454545,0.06,39.6709090909091,-0.206560922465922,1.11623883521269,0.866109090909091,0.872963636363636,0.860436363636364
111011,67874,43137,0.630265470709952,0.612162609301013,0.601561295834778,38.8690909090909,33.8927272727273,27.2381818181818,0.54,36.1818181818182,0.0709090909090909,23.4636363636364,0.0563636363636364,39.6872727272727,-0.208899261626754,1.11308472961907,0.866109090909091,0.872963636363636,0.860436363636364
111121,67877,43244,0.630221432459798,0.612377421121268,0.601516107915862,38.8636363636364,33.9054545454545,27.2309090909091,0.538181818181818,36.2109090909091,0.0709090909090909,23.4218181818182,0.0527272727272727,39.7054545454545,-0.206380045971706,1.12015275128016,0.866109090909091,0.872963636363636,0.860436363636364
111111,67879,43232,0.630215465319121,0.61230951042355,0.601655117647903,38.8654545454545,33.8963636363636,27.2381818181818,0.536363636363636,36.2327272727273,0.06,23.4072727272727,0.0436363636363636,39.72,-0.205440178076705,1.10977992180058,0.866109090909091,0.872963636363636,0.860436363636364
110980,67879,43101,0.630271739040872,0.612040816696412,0.601519867780801,38.8654545454545,33.9036363636364,27.2309090909091,0.536363636363636,36.24,0.0672727272727273,23.3654545454545,0.0527272727272727,39.7381818181818,-0.206754567276485,1.07551738852635,0.866109090909091,0.872963636363636,0.860436363636364
111020,67885,43135,0.630222556084577,0.611949782620847,0.601600239261232,38.8727272727273,33.8927272727273,27.2345454545455,0.536363636363636,36.2581818181818,0.0636363636363636,23.36,0.0545454545454545,39.7272727272727,-0.205645270760446,1.0750386738049,0.866109090909091,0.872963636363636,0.860436363636364
111121,67889,43232,0.630265532300534,0.611983077659548,0.601668405138758,38.8727272727273,33.8872727272727,27.24,0.536363636363636,36.2781818181818,0.0727272727272727,23.3327272727273,0.0490909090909091,39.7309090909091,-0.206085777785682,1.08678368859162,0.866109090909091,0.872963636363636,0.860436363636364
111061,67891,43170,0.630284829762037,0.612087183278483,0.601587567345415,38.8727272727273,33.8854545454545,27.2418181818182,0.530909090909091,36.3090909090909,0.0763636363636364,23.2981818181818,0.06,39.7254545454545,-0.20481677139416,1.07936058983376,0.866109090909091,0.872963636363636,0.860436363636364
110982,67885,43097,0.630326715191223,0.611870057880621,0.601464023361142,38.8709090909091,33.8854545454545,27.2436363636364,0.529090909090909,36.3363636363636,0.0709090909090909,23.2672727272727,0.0672727272727273,39.7290909090909,-0.206676719949411,1.05984577495097,0.866109090909091,0.872963636363636,0.860436363636364
111038,67891,43147,0.63029738059024,0.611965258726399,0.601426187010279,38.8690909090909,33.8945454545455,27.2363636363636,0.521818181818182,36.38,0.0618181818181818,23.2454545454545,0.0490909090909091,39.7418181818182,-0.20560449234247,1.06086289413612,0.866109090909091,0.872963636363636,0.860436363636364
111007,67895,43112,0.630300202504727,0.611995722818361,0.601257577432498,38.8672727272727,33.9,27.2327272727273,0.52,36.3963636363636,0.0745454545454545,23.2090909090909,0.0381818181818182,39.7618181818182,-0.205477151406177,1.05155920316465,0.866109090909091,0.872963636363636,0.860436363636364
110948,67890,43058,0.630192188685703,0.612024565632596,0.601259120671117,38.86,33.9036363636364,27.2363636363636,0.516363636363636,36.4290909090909,0.0581818181818182,23.18,0.0490909090909091,39.7672727272727,-0.20814657380979,1.03399198420176,0.866109090909091,0.872963636363636,0.860436363636364
111031,67886,43145,0.630212213160853,0.612057006130486,0.601367245415084,38.8672727272727,33.8909090909091,27.2418181818182,0.512727272727273,36.4654545454545,0.06,23.1490909090909,0.0454545454545455,39.7672727272727,-0.206523699823778,1.03346153461713,0.866109090909091,0.872963636363636,0.860436363636364
111102,67889,43213,0.630333928064332,0.612070766585112,0.601326835207742,38.8709090909091,33.8909090909091,27.2381818181818,0.510909090909091,36.4927272727273,0.0581818181818182,23.1290909090909,0.0490909090909091,39.76,-0.209185551562802,1.03580987837843,0.866109090909091,0.872963636363636,0.860436363636364
111289,67890,43399,0.630351792218394,0.612261057161409,0.601524724819319,38.8636363636364,33.9018181818182,27.2345454545455,0.509090909090909,36.5218181818182,0.0581818181818182,23.08,0.0509090909090909,39.78,-0.209029970180233,1.0503988775594,0.866109090909091,0.872963636363636,0.860436363636364
111013,67884,43129,0.630385715131254,0.611892596987524,0.6013050319609,38.8618181818182,33.9054545454545,27.2327272727273,0.509090909090909,36.5636363636364,0.06,23.0454545454545,0.0363636363636364,39.7854545454545,-0.20905749435399,1.00780640634369,0.866109090909091,0.872963636363636,0.860436363636364
110957,67888,43069,0.630354292198602,0.611804993938123,0.601263656742201,38.8581818181818,33.9054545454545,27.2363636363636,0.509090909090909,36.5927272727273,0.0636363636363636,23.0163636363636,0.0363636363636364,39.7818181818182,-0.209836970289524,0.993602219643071,0.866109090909091,0.872963636363636,0.860436363636364
111014,67895,43119,0.630445734900535,0.611939315926526,0.601197324107744,38.8636363636364,33.9,27.2363636363636,0.505454545454545,36.6218181818182,0.0618181818181818,22.9727272727273,0.0418181818181818,39.7963636363636,-0.210207330298197,0.991887603052468,0.866109090909091,0.872963636363636,0.860436363636364
111234,67901,43333,0.630538409506007,0.612032207466154,0.60134749850886,38.8690909090909,33.8981818181818,27.2327272727273,0.505454545454545,36.6436363636364,0.0818181818181818,22.9254545454545,0.0418181818181818,39.8018181818182,-0.210362213987868,1.00782798822461,0.866109090909091,0.872963636363636,0.860436363636364
111121,67896,43225,0.630503479623973,0.611975745115985,0.601228418350654,38.8709090909091,33.8963636363636,27.2327272727273,0.503636363636364,36.6727272727273,0.0836363636363636,22.8727272727273,0.0290909090909091,39.8381818181818,-0.210272674700933,0.988688434660435,0.866109090909091,0.872963636363636,0.860436363636364
111234,67896,43338,0.63035446849753,0.61196093251464,0.601425229091843,38.8690909090909,33.9054545454545,27.2254545454545,0.498181818181818,36.7218181818182,0.0654545454545455,22.8327272727273,0.0345454545454545,39.8472727272727,-0.206464051547069,0.985343070980161,0.866109090909091,0.872963636363636,0.860436363636364
111136,67891,43245,0.630312473908301,0.611868936542252,0.601497062617695,38.8636363636364,33.9054545454545,27.2309090909091,0.496363636363636,36.7527272727273,0.0672727272727273,22.7963636363636,0.0290909090909091,39.8581818181818,-0.207263854719085,0.965667306225408,0.866109090909091,0.872963636363636,0.860436363636364
110977,67895,43082,0.629841650597138,0.611779789666179,0.601580448613649,38.8618181818182,33.9090909090909,27.2290909090909,0.492727272727273,36.8,0.0581818181818182,22.7563636363636,0.0290909090909091,39.8636363636364,-0.208474757168336,0.972459739810702,0.866109090909091,0.872963636363636,0.860436363636364
111003,67894,43109,0.629975369146136,0.611704350237463,0.601514865661647,38.8618181818182,33.9090909090909,27.2290909090909,0.487272727272727,36.8363636363636,0.0527272727272727,22.7090909090909,0.0309090909090909,39.8836363636364,-0.21060245261734,0.964241474173072,0.866109090909091,0.872963636363636,0.860436363636364
111335,67896,43439,0.630108398396802,0.611760069078519,0.601764245543587,38.8672727272727,33.9036363636364,27.2290909090909,0.487272727272727,36.8472727272727,0.0781818181818182,22.6490909090909,0.0327272727272727,39.9054545454546,-0.210353541203023,0.990521383387121,0.866109090909091,0.872963636363636,0.860436363636364
111252,67894,43358,0.630119092122349,0.611830876220451,0.60164345663901,38.8654545454545,33.8963636363636,27.2381818181818,0.483636363636364,36.8872727272727,0.0581818181818182,22.5945454545455,0.0436363636363636,39.9327272727273,-0.210755941913124,0.976593826795844,0.866109090909091,0.872963636363636,0.860436363636364
111339,67896,43443,0.630054985917489,0.611887599254751,0.601627837231645,38.8618181818182,33.9054545454545,27.2327272727273,0.481818181818182,36.9054545454546,0.0581818181818182,22.5618181818182,0.0345454545454545,39.9581818181818,-0.21281288048062,0.989892980566418,0.866109090909091,0.872963636363636,0.860436363636364
111823,67901,43922,0.630627943050027,0.611901745973649,0.60160731901227,38.8654545454545,33.9018181818182,27.2327272727273,0.476363636363636,36.9327272727273,0.0654545454545455,22.5018181818182,0.0454545454545455,39.9781818181818,-0.211042123361734,0.995460163937374,0.866109090909091,0.872963636363636,0.860436363636364
111882,67900,43982,0.630655497345482,0.611933052792052,0.60159647753008,38.8672727272727,33.9072727272727,27.2254545454545,0.476363636363636,36.9454545454546,0.0727272727272727,22.46,0.0436363636363636,40.0018181818182,-0.210800053225036,0.996288440876048,0.866109090909091,0.872963636363636,0.860436363636364
111835,67897,43938,0.630655943782249,0.61192137278912,0.6015314349285,38.8709090909091,33.9109090909091,27.2181818181818,0.472727272727273,36.9654545454545,0.0563636363636364,22.4309090909091,0.0418181818181818,40.0327272727273,-0.211089942799828,0.985000141362914,0.866109090909091,0.872963636363636,0.860436363636364
111816,67894,43922,0.6306991540477,0.611787542240262,0.601700811364758,38.8727272727273,33.9036363636364,27.2236363636364,0.472727272727273,36.9854545454545,0.0472727272727273,22.3981818181818,0.0472727272727273,40.0490909090909,-0.209896911842357,0.986293509306217,0.866109090909091,0.872963636363636,0.860436363636364
111874,67892,43982,0.630825510077801,0.611837002762125,0.601811561224841,38.8690909090909,33.9054545454545,27.2254545454545,0.472727272727273,36.9945454545455,0.0527272727272727,22.3581818181818,0.0345454545454545,40.0872727272727,-0.2115865956685,0.98201422622766,0.866109090909091,0.872963636363636,0.860436363636364
111902,67892,44010,0.630787386227509,0.611743491847515,0.601777971437823,38.8636363636364,33.9090909090909,27.2272727272727,0.476363636363636,37.0109090909091,0.0618181818181818,22.2945454545455,0.0381818181818182,40.1181818181818,-0.214349114395075,0.971834652972492,0.866109090909091,0.872963636363636,0.860436363636364
111796,67894,43902,0.630764496551522,0.611680421274838,0.601619528284902,38.8672727272727,33.9109090909091,27.2218181818182,0.474545454545455,37.0327272727273,0.0618181818181818,22.2672727272727,0.0290909090909091,40.1345454545455,-0.214666657663871,0.95798528526317,0.866109090909091,0.872963636363636,0.860436363636364
111829,67901,43928,0.630786443272702,0.611672551756322,0.60175617078119,38.8636363636364,33.9090909090909,27.2272727272727,0.472727272727273,37.0454545454545,0.0727272727272727,22.2109090909091,0.0363636363636364,40.1618181818182,-0.213641460116857,0.956331077150323,0.866109090909091,0.872963636363636,0.860436363636364
111656,67895,43761,0.63077276743057,0.611542483285066,0.601621899714933,38.8618181818182,33.9090909090909,27.2290909090909,0.472727272727273,37.0690909090909,0.0745454545454545,22.1618181818182,0.0381818181818182,40.1836363636364,-0.214315312433808,0.935422280185263,0.866109090909091,0.872963636363636,0.860436363636364
111514,67892,43622,0.630734587714731,0.611483859407478,0.601511156978982,38.8654545454545,33.9072727272727,27.2272727272727,0.472727272727273,37.0927272727273,0.0690909090909091,22.1145454545455,0.0381818181818182,40.2127272727273,-0.215611180777408,0.901709486222403,0.866109090909091,0.872963636363636,0.860436363636364
111701,67895,43806,0.630759155176761,0.611554277792785,0.601510467219919,38.8636363636364,33.9072727272727,27.2290909090909,0.470909090909091,37.1272727272727,0.0527272727272727,22.0890909090909,0.0290909090909091,40.2309090909091,-0.214089586557185,0.920173967951401,0.866109090909091,0.872963636363636,0.860436363636364
111909,67891,44018,0.631076266927272,0.611422780058919,0.6014918198401,38.8563636363636,33.9145454545455,27.2290909090909,0.469090909090909,37.14,0.0636363636363636,22.0418181818182,0.0418181818181818,40.2436363636364,-0.216308007262838,0.901803549319844,0.866109090909091,0.872963636363636,0.860436363636364
111854,67892,43962,0.631028730180659,0.611345767571996,0.601461814298323,38.8654545454545,33.9072727272727,27.2272727272727,0.469090909090909,37.1563636363636,0.0581818181818182,22.0163636363636,0.0436363636363636,40.2563636363636,-0.214837184941015,0.889380838112398,0.866109090909091,0.872963636363636,0.860436363636364
111856,67904,43952,0.630983977396314,0.61111389119753,0.6015260543159,38.8654545454545,33.9,27.2345454545455,0.467272727272727,37.1927272727273,0.0618181818181818,21.9545454545455,0.0418181818181818,40.2818181818182,-0.21538802044445,0.890052133807066,0.866109090909091,0.872963636363636,0.860436363636364
111897,67908,43989,0.63106017990649,0.611219310707219,0.601541230864573,38.8672727272727,33.9018181818182,27.2309090909091,0.469090909090909,37.2181818181818,0.08,21.8981818181818,0.0290909090909091,40.3054545454546,-0.213372477832441,0.882280008901249,0.866109090909091,0.872963636363636,0.860436363636364
111846,67903,43943,0.631094056199397,0.611206780324076,0.60152707666063,38.8654545454545,33.9018181818182,27.2327272727273,0.469090909090909,37.26,0.0872727272727273,21.8381818181818,0.0472727272727273,40.2981818181818,-0.215539372335611,0.859605559918352,0.866109090909091,0.872963636363636,0.860436363636364
111760,67899,43861,0.631201499018456,0.610885947951262,0.601592536716041,38.8709090909091,33.8909090909091,27.2381818181818,0.467272727272727,37.2927272727273,0.0618181818181818,21.8145454545455,0.04,40.3236363636364,-0.215410961657604,0.838426040176471,0.866109090909091,0.872963636363636,0.860436363636364
111744,67900,43844,0.631276740062129,0.61094005703609,0.601610118202305,38.8636363636364,33.9018181818182,27.2345454545455,0.463636363636364,37.3236363636364,0.0636363636363636,21.76,0.0436363636363636,40.3454545454545,-0.216071807267144,0.826898679873821,0.866109090909091,0.872963636363636,0.860436363636364
111841,67905,43936,0.631220509428517,0.611021303741219,0.601554889652694,38.86,33.9054545454545,27.2345454545455,0.461818181818182,37.3745454545455,0.0581818181818182,21.7090909090909,0.0254545454545455,40.3709090909091,-0.215230340337571,0.832908541590653,0.866109090909091,0.872963636363636,0.860436363636364
111826,67898,43928,0.631193350182902,0.610930575142425,0.601640842928416,38.8563636363636,33.9054545454545,27.2381818181818,0.461818181818182,37.4018181818182,0.0563636363636364,21.6545454545455,0.04,40.3854545454545,-0.216142385354562,0.825740962738002,0.866109090909091,0.872963636363636,0.860436363636364
111806,67902,43904,0.631186895199403,0.610687695906686,0.601848578851467,38.8654545454545,33.9018181818182,27.2327272727273,0.456363636363636,37.4436363636364,0.0472727272727273,21.5981818181818,0.0472727272727273,40.4072727272727,-0.218054436812897,0.823881320045753,0.866109090909091,0.872963636363636,0.860436363636364
111829,67901,43928,0.631184910756082,0.610908556287211,0.601589377932664,38.8727272727273,33.8890909090909,27.2381818181818,0.452727272727273,37.4763636363636,0.0545454545454545,21.5672727272727,0.0363636363636364,40.4127272727273,-0.218454211754248,0.817705868243833,0.866109090909091,0.872963636363636,0.860436363636364
111800,67914,43886,0.631111481428064,0.61083823072529,0.601520390313393,38.8672727272727,33.8927272727273,27.24,0.452727272727273,37.5327272727273,0.0509090909090909,21.5,0.0454545454545455,40.4181818181818,-0.213374663784105,0.80649667180736,0.866109090909091,0.872963636363636,0.860436363636364
111873,67913,43960,0.631023500350182,0.610762673068319,0.601660792937824,38.86,33.9036363636364,27.2363636363636,0.450909090909091,37.56,0.0618181818181818,21.4672727272727,0.0381818181818182,40.4218181818182,-0.214381730417319,0.810153182485903,0.866109090909091,0.872963636363636,0.860436363636364
111802,67902,43900,0.631108622173722,0.610759504674474,0.601616709141229,38.8545454545455,33.9036363636364,27.2418181818182,0.447272727272727,37.6345454545455,0.0563636363636364,21.3945454545455,0.0454545454545455,40.4218181818182,-0.216380874199041,0.791391084859656,0.866109090909091,0.872963636363636,0.860436363636364
111646,67904,43742,0.631035662070451,0.610561050751241,0.601699809751114,38.8545454545455,33.9,27.2454545454545,0.441818181818182,37.6909090909091,0.0545454545454545,21.3436363636364,0.0472727272727273,40.4218181818182,-0.215163276955189,0.769956715557386,0.866109090909091,0.872963636363636,0.860436363636364
111679,67905,43774,0.631056572156549,0.610395786231152,0.601988284810214,38.86,33.8890909090909,27.2509090909091,0.441818181818182,37.7290909090909,0.0581818181818182,21.3036363636364,0.04,40.4272727272727,-0.216357465817551,0.768896367223087,0.866109090909091,0.872963636363636,0.860436363636364
111784,67909,43875,0.631085466835673,0.610485630098091,0.601762214827233,38.86,33.8945454545455,27.2454545454545,0.44,37.7872727272727,0.0636363636363636,21.2436363636364,0.0309090909090909,40.4345454545455,-0.215855696906907,0.77590735796839,0.866109090909091,0.872963636363636,0.860436363636364
111740,67923,43817,0.631191334911225,0.610559217588937,0.601560754021942,38.8654545454545,33.8909090909091,27.2436363636364,0.436363636363636,37.84,0.0636363636363636,21.1890909090909,0.0418181818181818,40.4290909090909,-0.213197324298248,0.77272608267482,0.866109090909091,0.872963636363636,0.860436363636364
111666,67915,43751,0.631256420504257,0.610511967815346,0.60150063292071,38.8672727272727,33.8927272727273,27.24,0.430909090909091,37.8909090909091,0.0727272727272727,21.1363636363636,0.0618181818181818,40.4072727272727,-0.21648733099441,0.744537535021928,0.866109090909091,0.872963636363636,0.860436363636364
111485,67915,43570,0.631136259320524,0.610226773768889,0.60143472247144,38.8654545454545,33.8945454545455,27.24,0.423636363636364,37.9618181818182,0.06,21.1,0.0563636363636364,40.3981818181818,-0.21596287800904,0.713260386659848,0.866109090909091,0.872963636363636,0.860436363636364
111399,67908,43491,0.631051682193451,0.610017001206137,0.601509109040814,38.8690909090909,33.8890909090909,27.2418181818182,0.42,38.0327272727273,0.0854545454545454,21.0127272727273,0.0345454545454545,40.4145454545455,-0.216473470708165,0.703716538981958,0.866109090909091,0.872963636363636,0.860436363636364
111489,67906,43583,0.631181589338557,0.609963898635412,0.601644975564818,38.8636363636364,33.8818181818182,27.2545454545455,0.414545454545455,38.1090909090909,0.0781818181818182,20.9436363636364,0.0436363636363636,40.4109090909091,-0.218116225146646,0.706398387820545,0.866109090909091,0.872963636363636,0.860436363636364
111529,67918,43611,0.631094139410302,0.609978783870874,0.601607320725098,38.8618181818182,33.8836363636364,27.2545454545455,0.410909090909091,38.1818181818182,0.0636363636363636,20.8927272727273,0.04,40.4109090909091,-0.213319598753481,0.7068339580924,0.866109090909091,0.872963636363636,0.860436363636364
111610,67920,43690,0.63115759313289,0.610093578939877,0.601435752836145,38.8745454545455,33.88,27.2454545454545,0.407272727272727,38.2490909090909,0.06,20.8290909090909,0.04,40.4145454545455,-0.213084548847242,0.705918863271786,0.866109090909091,0.872963636363636,0.860436363636364
111661,67919,43742,0.63125385520705,0.610048506708162,0.601562057098974,38.8636363636364,33.8854545454545,27.2509090909091,0.407272727272727,38.2890909090909,0.0545454545454545,20.8090909090909,0.0454545454545455,40.3945454545455,-0.216686480828106,0.700529643740844,0.866109090909091,0.872963636363636,0.860436363636364
112018,67925,44093,0.631376209920878,0.610231617302178,0.601696268403726,38.8636363636364,33.8909090909091,27.2454545454545,0.405454545454546,38.3563636363636,0.0581818181818182,20.7381818181818,0.0472727272727273,40.3945454545455,-0.216846674966457,0.733994801969013,0.866109090909091,0.872963636363636,0.860436363636364
112069,67925,44144,0.631347165022562,0.610246000575615,0.601753861096373,38.8636363636364,33.8890909090909,27.2472727272727,0.405454545454546,38.4181818181818,0.0636363636363636,20.6763636363636,0.0472727272727273,40.3890909090909,-0.216348421256936,0.734613651189614,0.866109090909091,0.872963636363636,0.860436363636364
111989,67923,44066,0.631417708282134,0.610145692093239,0.601783557792101,38.86,33.8890909090909,27.2509090909091,0.403636363636364,38.48,0.0672727272727273,20.62,0.0436363636363636,40.3854545454545,-0.217744641621671,0.725921811138026,0.866109090909091,0.872963636363636,0.860436363636364
111776,67917,43859,0.631254842177071,0.610069640359369,0.60159586013957,38.8563636363636,33.8927272727273,27.2509090909091,0.4,38.5418181818182,0.06,20.5672727272727,0.0490909090909091,40.3818181818182,-0.218068143124269,0.698762858303433,0.866109090909091,0.872963636363636,0.860436363636364
111727,67919,43808,0.631322465062847,0.609920579274629,0.601478580797543,38.86,33.8945454545455,27.2454545454545,0.392727272727273,38.5963636363636,0.0618181818181818,20.5327272727273,0.0563636363636364,40.36,-0.217424544892062,0.681460875111886,0.866109090909091,0.872963636363636,0.860436363636364
111821,67915,43906,0.631375945581997,0.609883941349596,0.601701075469286,38.8672727272727,33.8872727272727,27.2454545454545,0.387272727272727,38.6709090909091,0.0527272727272727,20.4836363636364,0.0472727272727273,40.3581818181818,-0.218176414108497,0.692966985499317,0.866109090909091,0.872963636363636,0.860436363636364
111787,67909,43878,0.631322197414025,0.610022715159022,0.601529644545242,38.8709090909091,33.8763636363636,27.2527272727273,0.383636363636364,38.72,0.0618181818181818,20.4309090909091,0.0527272727272727,40.3509090909091,-0.218388348251888,0.672355682817711,0.866109090909091,0.872963636363636,0.860436363636364
111896,67921,43975,0.631321813468465,0.609858998108468,0.601686727571155,38.8745454545455,33.8763636363636,27.2490909090909,0.383636363636364,38.8109090909091,0.0527272727272727,20.36,0.0490909090909091,40.3436363636364,-0.219824770419721,0.674989967446097,0.866109090909091,0.872963636363636,0.860436363636364
111825,67917,43908,0.631352260278697,0.610008778045978,0.60168014224406,38.8618181818182,33.8818181818182,27.2563636363636,0.381818181818182,38.86,0.0654545454545455,20.3145454545455,0.0436363636363636,40.3345454545455,-0.221075788930598,0.664003744192252,0.866109090909091,0.872963636363636,0.860436363636364
112004,67920,44084,0.631238446370765,0.610156028507714,0.601556886174826,38.86,33.8909090909091,27.2490909090909,0.38,38.9363636363636,0.0618181818181818,20.2436363636364,0.0436363636363636,40.3345454545455,-0.218575635053937,0.6834832822396,0.866109090909091,0.872963636363636,0.860436363636364
112074,67935,44139,0.631204398850013,0.610146931249253,0.60149449394526,38.8581818181818,33.9,27.2418181818182,0.376363636363636,39.0254545454545,0.0581818181818182,20.1581818181818,0.0545454545454545,40.3272727272727,-0.216587927084765,0.690547746343708,0.866109090909091,0.872963636363636,0.860436363636364
112176,67933,44243,0.631274707303545,0.610096648878417,0.601537888733715,38.8654545454545,33.8927272727273,27.2418181818182,0.372727272727273,39.1236363636364,0.0490909090909091,20.0745454545455,0.0454545454545455,40.3345454545455,-0.216254433643189,0.697685754079033,0.866109090909091,0.872963636363636,0.860436363636364
111910,67923,43987,0.631395526200896,0.609984100217535,0.601421072104992,38.8636363636364,33.8854545454545,27.2509090909091,0.372727272727273,39.18,0.06,20.0109090909091,0.0636363636363636,40.3127272727273,-0.222714108112533,0.65541373973035,0.866109090909091,0.872963636363636,0.860436363636364
111900,67911,43989,0.631309561325107,0.610061386029576,0.601314405837396,38.86,33.9,27.24,0.369090909090909,39.2527272727273,0.04,19.9745454545455,0.0454545454545455,40.3181818181818,-0.224907335542164,0.646733018273318,0.866109090909091,0.872963636363636,0.860436363636364
111872,67913,43959,0.631303314764636,0.609908888719903,0.601455169490414,38.8581818181818,33.8872727272727,27.2545454545455,0.363636363636364,39.3,0.0454545454545455,19.9272727272727,0.04,40.3236363636364,-0.222923020614756,0.647197769861668,0.866109090909091,0.872963636363636,0.860436363636364
111864,67922,43942,0.631270778459831,0.609745591263744,0.601407721186736,38.86,33.88,27.26,0.363636363636364,39.3363636363636,0.0509090909090909,19.8890909090909,0.0454545454545455,40.3145454545455,-0.219761942146843,0.631204483437945,0.866109090909091,0.872963636363636,0.860436363636364
111800,67926,43874,0.631220067757895,0.609774356026259,0.601350572048508,38.86,33.8909090909091,27.2490909090909,0.36,39.3963636363636,0.0509090909090909,19.8345454545455,0.0472727272727273,40.3109090909091,-0.218799392713647,0.61767843995582,0.866109090909091,0.872963636363636,0.860436363636364
112082,67920,44162,0.631396933527617,0.609869236276105,0.601396330847409,38.8563636363636,33.8945454545455,27.2490909090909,0.36,39.4218181818182,0.0436363636363636,19.8163636363636,0.04,40.3181818181818,-0.222221653759532,0.637152246253523,0.866109090909091,0.872963636363636,0.860436363636364
112253,67931,44322,0.631243897846956,0.609839499310487,0.601653646700421,38.86,33.8945454545455,27.2454545454545,0.358181818181818,39.4581818181818,0.0509090909090909,19.7709090909091,0.0490909090909091,40.3127272727273,-0.221680025195449,0.644016273048791,0.866109090909091,0.872963636363636,0.860436363636364
112194,67933,44261,0.63123588310998,0.609826872312522,0.601649439860228,38.8545454545455,33.8927272727273,27.2527272727273,0.358181818181818,39.4854545454545,0.0563636363636364,19.7327272727273,0.0472727272727273,40.32,-0.220981752649161,0.635633351281285,0.866109090909091,0.872963636363636,0.860436363636364
111989,67931,44058,0.631212495865698,0.609765460810705,0.601416387229407,38.8563636363636,33.8909090909091,27.2527272727273,0.356363636363636,39.5090909090909,0.08,19.6927272727273,0.0436363636363636,40.3181818181818,-0.221064184685185,0.607099019752985,0.866109090909091,0.872963636363636,0.860436363636364
