"total_rewards","action_rewards","opinion_rewards","sp0_social_trust","sp1_social_trust","sp2_social_trust","sp0_request_rate","sp1_request_rate","sp2_request_rate","op0_expression_rate","op1_expression_rate","op2_expression_rate","op3_expression_rate","op4_expression_rate","op5_expression_rate","mean_loss1","mean_loss2","sp0_availability","sp1_availability","sp2_availability"
31846,32267,-421,0.712935828689796,0.731422305322064,0.746039387190227,33.0309090909091,33.0672727272727,33.9018181818182,16.7763636363636,16.8545454545455,16.6309090909091,16.7290909090909,16.8945454545455,16.1145454545455,1.76865679242394,-2.00366734808142,0.845690909090909,0.881418181818182,0.905927272727273
32180,32276,-96,0.713051174555369,0.731086869826708,0.746402733111723,33.0327272727273,32.9672727272727,34,16.6545454545455,16.9509090909091,16.4981818181818,16.8472727272727,16.7981818181818,16.2509090909091,1.69789617928592,-1.98894625360316,0.845690909090909,0.881418181818182,0.905927272727273
32540,32319,221,0.712863203720471,0.730558540050541,0.746686166616863,33.0381818181818,32.8454545454545,34.1163636363636,16.5181818181818,17.0636363636364,16.4,16.9854545454545,16.6654545454545,16.3672727272727,1.63004192655737,-1.97595869519494,0.845690909090909,0.881418181818182,0.905927272727273
32961,32336,625,0.712804069014527,0.730292499653994,0.746690325173591,33.0636363636364,32.7618181818182,34.1745454545455,16.3436363636364,17.2290909090909,16.3,17.1090909090909,16.5072727272727,16.5109090909091,1.56011169715361,-1.91751287796281,0.845690909090909,0.881418181818182,0.905927272727273
33381,32339,1042,0.712564125040962,0.730183264284013,0.746850657162624,33.0436363636364,32.7,34.2563636363636,16.1945454545455,17.36,16.1618181818182,17.2745454545455,16.3527272727273,16.6563636363636,1.48866299932653,-1.85306456576694,0.845690909090909,0.881418181818182,0.905927272727273
33842,32383,1459,0.712519712130929,0.729856499715104,0.747112135061554,33.0654545454545,32.5581818181818,34.3763636363636,16.0018181818182,17.5145454545455,16.08,17.3854545454545,16.1563636363636,16.8618181818182,1.42004990577698,-1.78934459577907,0.845690909090909,0.881418181818182,0.905927272727273
34283,32416,1867,0.712219224557575,0.729905244015539,0.747159543074622,32.9927272727273,32.54,34.4672727272727,15.86,17.6490909090909,15.9327272727273,17.5436363636364,15.9963636363636,17.0181818181818,1.34998774636876,-1.73391975272786,0.845690909090909,0.881418181818182,0.905927272727273
34762,32465,2297,0.711978310148607,0.729795670689506,0.747422667224508,32.96,32.4963636363636,34.5436363636364,15.68,17.7945454545455,15.8290909090909,17.66,15.8272727272727,17.2090909090909,1.28057777989994,-1.67043560526588,0.845690909090909,0.881418181818182,0.905927272727273
35262,32477,2785,0.7119082680378,0.729347053281737,0.747487318811992,32.9672727272727,32.4109090909091,34.6218181818182,15.5618181818182,17.9163636363636,15.6290909090909,17.88,15.6054545454545,17.4072727272727,1.20713108344512,-1.57848620035432,0.845690909090909,0.881418181818182,0.905927272727273
35762,32503,3259,0.711692910917047,0.728853115800783,0.747566178531451,32.94,32.3727272727273,34.6872727272727,15.3727272727273,18.08,15.5054545454545,18.0145454545455,15.4436363636364,17.5836363636364,1.13403878482905,-1.49831604469906,0.845690909090909,0.881418181818182,0.905927272727273
36251,32566,3685,0.711711692395024,0.728643437432155,0.747613279550316,32.9036363636364,32.3163636363636,34.78,15.2018181818182,18.2109090909091,15.3672727272727,18.2109090909091,15.2454545454545,17.7636363636364,1.06320320476185,-1.44692170186476,0.845690909090909,0.881418181818182,0.905927272727273
36866,32618,4248,0.711185770739395,0.728383020053311,0.747760702302355,32.8163636363636,32.3181818181818,34.8654545454545,15,18.4018181818182,15.1963636363636,18.3781818181818,15.04,17.9836363636364,0.990362138639797,-1.33160806460814,0.845690909090909,0.881418181818182,0.905927272727273
37489,32707,4782,0.71111063303079,0.728190834120685,0.747820435068727,32.7854545454545,32.2581818181818,34.9563636363636,14.82,18.5836363636364,15.0090909090909,18.5236363636364,14.8727272727273,18.1909090909091,0.919825212521987,-1.22768344445662,0.845690909090909,0.881418181818182,0.905927272727273
37961,32758,5203,0.711019478114529,0.727489454029555,0.747877940230992,32.7472727272727,32.2309090909091,35.0218181818182,14.6181818181818,18.7745454545455,14.8327272727273,18.6763636363636,14.7181818181818,18.38,0.844912340966138,-1.18330581404946,0.845690909090909,0.881418181818182,0.905927272727273
38526,32822,5704,0.710738917883822,0.72711779244929,0.747998179744133,32.6981818181818,32.1490909090909,35.1527272727273,14.44,18.9236363636364,14.6945454545455,18.8254545454545,14.5054545454545,18.6109090909091,0.769851163300601,-1.09414037032561,0.845690909090909,0.881418181818182,0.905927272727273
39118,32870,6248,0.71031292355661,0.726892903938545,0.747957498990307,32.6818181818182,32.0872727272727,35.2309090909091,14.26,19.1127272727273,14.4836363636364,19.0218181818182,14.2909090909091,18.8309090909091,0.693261681361632,-0.992183925346895,0.845690909090909,0.881418181818182,0.905927272727273
39790,32980,6810,0.710161805127865,0.726786797351617,0.748120463224705,32.6163636363636,32.0490909090909,35.3345454545455,14.0563636363636,19.3345454545455,14.2563636363636,19.2309090909091,14.0527272727273,19.0690909090909,0.620556715943597,-0.88699177774516,0.845690909090909,0.881418181818182,0.905927272727273
40473,33047,7426,0.709823537038802,0.726207847139917,0.748470089918737,32.5454545454545,31.9727272727273,35.4818181818182,13.8,19.5709090909091,14.0527272727273,19.4563636363636,13.8127272727273,19.3072727272727,0.542859514734962,-0.751484576138583,0.845690909090909,0.881418181818182,0.905927272727273
41199,33121,8078,0.709465556315218,0.725878694040745,0.748517268433649,32.4745454545455,31.9290909090909,35.5963636363636,13.5727272727273,19.7927272727273,13.8072727272727,19.6945454545455,13.5745454545455,19.5581818181818,0.464961089329286,-0.600721760229631,0.845690909090909,0.881418181818182,0.905927272727273
41985,33217,8768,0.709120059878452,0.725076096430526,0.748801782543912,32.4218181818182,31.8563636363636,35.7218181818182,13.3272727272727,20.0381818181818,13.6036363636364,19.9,13.3145454545455,19.8163636363636,0.387940256703984,-0.435469597578049,0.845690909090909,0.881418181818182,0.905927272727273
42744,33334,9410,0.708774887718294,0.724998994772553,0.749126210576965,32.34,31.8272727272727,35.8327272727273,13.0709090909091,20.3036363636364,13.3672727272727,20.1163636363636,13.1,20.0418181818182,0.312008816003799,-0.29433022683317,0.845690909090909,0.881418181818182,0.905927272727273
43544,33439,10105,0.708228346041941,0.724838192313262,0.749123216177493,32.26,31.8145454545455,35.9254545454545,12.8563636363636,20.5690909090909,13.0454545454545,20.3781818181818,12.8345454545455,20.3163636363636,0.234552842107686,-0.130523316968571,0.845690909090909,0.881418181818182,0.905927272727273
44411,33564,10847,0.707849963965312,0.724575165218798,0.749279340927076,32.2090909090909,31.7290909090909,36.0618181818182,12.6090909090909,20.8454545454545,12.7672727272727,20.6309090909091,12.5709090909091,20.5763636363636,0.158177090233023,0.0541309817270799,0.845690909090909,0.881418181818182,0.905927272727273
45224,33685,11539,0.707160707633667,0.724216418299205,0.749386985676701,32.0727272727273,31.7327272727273,36.1945454545455,12.3363636363636,21.1,12.5327272727273,20.8981818181818,12.2618181818182,20.8709090909091,0.0805766503919255,0.216653976657174,0.845690909090909,0.881418181818182,0.905927272727273
46025,33791,12234,0.706695574178132,0.724033742854344,0.749387270462773,31.9763636363636,31.7181818181818,36.3054545454546,12.1090909090909,21.3254545454545,12.2745454545455,21.1745454545455,12.0181818181818,21.0981818181818,0.00210001739588651,0.378770664063367,0.845690909090909,0.881418181818182,0.905927272727273
46876,33946,12930,0.706394004689974,0.723459319114738,0.74956166845166,31.8709090909091,31.6745454545455,36.4545454545455,11.8472727272727,21.5854545454545,12.0054545454545,21.4418181818182,11.7527272727273,21.3672727272727,-0.0729520599950444,0.538508131287315,0.845690909090909,0.881418181818182,0.905927272727273
47732,34079,13653,0.705989755360459,0.723027978844061,0.749625949748115,31.7618181818182,31.6254545454545,36.6127272727273,11.5890909090909,21.8909090909091,11.6927272727273,21.7163636363636,11.4818181818182,21.6290909090909,-0.149446054480293,0.705474036931992,0.845690909090909,0.881418181818182,0.905927272727273
48455,34141,14314,0.70550186593539,0.722624949653087,0.74969641149005,31.6545454545455,31.5818181818182,36.7636363636364,11.3236363636364,22.1636363636364,11.4163636363636,21.9727272727273,11.2418181818182,21.8818181818182,-0.23183372779326,0.84519582065669,0.845690909090909,0.881418181818182,0.905927272727273
49282,34244,15038,0.704960853443541,0.722419902661552,0.749888749594466,31.5145454545455,31.5781818181818,36.9072727272727,11.0872727272727,22.4145454545455,11.1618181818182,22.2072727272727,10.9981818181818,22.1309090909091,-0.309476854313504,1.01966052326289,0.845690909090909,0.881418181818182,0.905927272727273
50140,34385,15755,0.704284594178266,0.722282784706342,0.750166860850021,31.3963636363636,31.5181818181818,37.0854545454546,10.8327272727273,22.6945454545455,10.8509090909091,22.4909090909091,10.7272727272727,22.4036363636364,-0.383806042779576,1.19736507372423,0.845690909090909,0.881418181818182,0.905927272727273
50948,34466,16482,0.703693690220838,0.722011903516315,0.750250182414471,31.28,31.4818181818182,37.2381818181818,10.6072727272727,22.9272727272727,10.5781818181818,22.7690909090909,10.44,22.6781818181818,-0.463119747692888,1.37522379214113,0.845690909090909,0.881418181818182,0.905927272727273
51801,34596,17205,0.703491340468877,0.721638101592093,0.750487488650013,31.1709090909091,31.4309090909091,37.3981818181818,10.3345454545455,23.1909090909091,10.3563636363636,23.0327272727273,10.1618181818182,22.9236363636364,-0.536350802670826,1.55958904190497,0.845690909090909,0.881418181818182,0.905927272727273
52605,34690,17915,0.703020721981033,0.721706630413605,0.750656928913545,31.0290909090909,31.4290909090909,37.5418181818182,10.1018181818182,23.4472727272727,10.0745454545455,23.2781818181818,9.90181818181818,23.1963636363636,-0.612077015367421,1.73002559380098,0.845690909090909,0.881418181818182,0.905927272727273
53404,34800,18604,0.702426848599684,0.721497614902262,0.75100935004685,30.8872727272727,31.3945454545455,37.7181818181818,9.87818181818182,23.7054545454545,9.76,23.5436363636364,9.67454545454545,23.4381818181818,-0.685249346223744,1.90001486594027,0.845690909090909,0.881418181818182,0.905927272727273
54120,34932,19188,0.701924122942514,0.721016372584006,0.751169574715418,30.7272727272727,31.3872727272727,37.8854545454545,9.64363636363636,23.9254545454545,9.54363636363636,23.7454545454545,9.49636363636364,23.6454545454545,-0.755189836296168,2.01763944571668,0.845690909090909,0.881418181818182,0.905927272727273
54808,35019,19789,0.701288915423957,0.721166996483906,0.751280385574274,30.5363636363636,31.42,38.0436363636364,9.41636363636364,24.1363636363636,9.35272727272727,23.9454545454545,9.27818181818182,23.8709090909091,-0.826488344235854,2.14781269864603,0.845690909090909,0.881418181818182,0.905927272727273
55599,35137,20462,0.700771415854479,0.720793511270783,0.751451575812418,30.3781818181818,31.3854545454545,38.2363636363636,9.2,24.3490909090909,9.11636363636364,24.1963636363636,9.00545454545455,24.1327272727273,-0.894127670472318,2.31337493766438,0.845690909090909,0.881418181818182,0.905927272727273
56216,35217,20999,0.699885921293652,0.720426288861644,0.751740547732833,30.1945454545455,31.3890909090909,38.4163636363636,9.00363636363636,24.52,8.92727272727273,24.4036363636364,8.78909090909091,24.3563636363636,-0.963272263245149,2.42158603614027,0.845690909090909,0.881418181818182,0.905927272727273
56912,35368,21544,0.699089142201487,0.720142951448757,0.752038965512458,29.9890909090909,31.3872727272727,38.6236363636364,8.80909090909091,24.7018181818182,8.73272727272727,24.62,8.55090909090909,24.5854545454545,-1.02536512938413,2.54163461706855,0.845690909090909,0.881418181818182,0.905927272727273
57616,35513,22103,0.698244462762037,0.720195286112305,0.752283503525267,29.7781818181818,31.3981818181818,38.8236363636364,8.60727272727273,24.8836363636364,8.53636363636364,24.8472727272727,8.30363636363636,24.8218181818182,-1.0857117051428,2.6703497664495,0.845690909090909,0.881418181818182,0.905927272727273
58299,35595,22704,0.697513547485741,0.719475366206327,0.752638642011018,29.6509090909091,31.2927272727273,39.0563636363636,8.40181818181818,25.0981818181818,8.31818181818182,25.0690909090909,8.06363636363636,25.0490909090909,-1.14890516617081,2.81809959845109,0.845690909090909,0.881418181818182,0.905927272727273
58976,35749,23227,0.696560166595979,0.719300586683085,0.752958000090432,29.4563636363636,31.2854545454545,39.2581818181818,8.22545454545454,25.2218181818182,8.12545454545455,25.3090909090909,7.87818181818182,25.24,-1.20353011136705,2.93867809718305,0.845690909090909,0.881418181818182,0.905927272727273
59645,35904,23741,0.695428067259107,0.719385124592426,0.753006865425349,29.2436363636364,31.2763636363636,39.48,8.04545454545454,25.4218181818182,7.89818181818182,25.5254545454545,7.68909090909091,25.42,-1.25608330694112,3.04726250713522,0.845690909090909,0.881418181818182,0.905927272727273
60310,36067,24243,0.694928914574679,0.718990909148903,0.753267665604934,29.0436363636364,31.2381818181818,39.7181818181818,7.87818181818182,25.5618181818182,7.74,25.7345454545455,7.49090909090909,25.5945454545455,-1.30702541985295,3.15971531867981,0.845690909090909,0.881418181818182,0.905927272727273
61089,36254,24835,0.694103728904668,0.718964115178271,0.753507049726559,28.8290909090909,31.2472727272727,39.9236363636364,7.68545454545455,25.7981818181818,7.49090909090909,25.9418181818182,7.25636363636364,25.8272727272727,-1.3543115474961,3.31179729320786,0.845690909090909,0.881418181818182,0.905927272727273
61787,36400,25387,0.693497734817526,0.718744436702824,0.753319535643001,28.6763636363636,31.2181818181818,40.1054545454545,7.51818181818182,25.9745454545455,7.28363636363636,26.1436363636364,7.08545454545455,25.9945454545455,-1.40354373942722,3.46096174716949,0.845690909090909,0.881418181818182,0.905927272727273
62426,36546,25880,0.692556273225142,0.718454991804752,0.753650533899112,28.4527272727273,31.2163636363636,40.3309090909091,7.35454545454545,26.16,7.02727272727273,26.3581818181818,6.91818181818182,26.1818181818182,-1.45000860718164,3.57600484815511,0.845690909090909,0.881418181818182,0.905927272727273
63086,36720,26366,0.691632081799171,0.718454137413037,0.753774758571732,28.2218181818182,31.2527272727273,40.5254545454545,7.2,26.3272727272727,6.85454545454546,26.5254545454545,6.74727272727273,26.3454545454545,-1.49164812944152,3.69454411972653,0.845690909090909,0.881418181818182,0.905927272727273
63657,36901,26756,0.69047481494939,0.71865134735032,0.753945500659874,27.9472727272727,31.3181818181818,40.7345454545455,7.05818181818182,26.4509090909091,6.71454545454545,26.6854545454545,6.55818181818182,26.5327272727273,-1.53073636835272,3.77530282356522,0.845690909090909,0.881418181818182,0.905927272727273
64062,37044,27018,0.689281039175952,0.718073500157298,0.754095695043672,27.7563636363636,31.3036363636364,40.94,6.90363636363636,26.5763636363636,6.57272727272727,26.8563636363636,6.46,26.6309090909091,-1.57073555263606,3.79410647858273,0.845690909090909,0.881418181818182,0.905927272727273
64757,37216,27541,0.688118696283506,0.718392002211731,0.754277438892217,27.5236363636364,31.3145454545455,41.1618181818182,6.76727272727273,26.7436363636364,6.34363636363636,27.0272727272727,6.24909090909091,26.8690909090909,-1.60711325325749,3.93096105293794,0.845690909090909,0.881418181818182,0.905927272727273
65287,37322,27965,0.687186464597984,0.718203321628711,0.754569011818995,27.3254545454545,31.3218181818182,41.3527272727273,6.61636363636364,26.8981818181818,6.2,27.1545454545455,6.07272727272727,27.0581818181818,-1.64561030390588,4.02370672930371,0.845690909090909,0.881418181818182,0.905927272727273
65804,37466,28338,0.686200914661825,0.71806074717156,0.754510608408291,27.1218181818182,31.3618181818182,41.5163636363636,6.51090909090909,26.9981818181818,6.05636363636364,27.2727272727273,5.92363636363636,27.2381818181818,-1.67969429005276,4.1058403681625,0.845690909090909,0.881418181818182,0.905927272727273
66438,37661,28777,0.685407757855802,0.717424653765035,0.754597048515184,26.9218181818182,31.3381818181818,41.74,6.37454545454545,27.1527272727273,5.85454545454546,27.4727272727273,5.76545454545455,27.38,-1.70659274282781,4.21553826332092,0.845690909090909,0.881418181818182,0.905927272727273
66873,37820,29053,0.683866720853855,0.71666357695369,0.754593443428875,26.68,31.3345454545455,41.9854545454545,6.28727272727273,27.22,5.71090909090909,27.6054545454545,5.65090909090909,27.5254545454545,-1.7359851077199,4.26646122661504,0.845690909090909,0.881418181818182,0.905927272727273
67261,37951,29310,0.682824070614064,0.716441748352861,0.754425293747095,26.4563636363636,31.3890909090909,42.1545454545455,6.18545454545455,27.3,5.57090909090909,27.7563636363636,5.52181818181818,27.6654545454545,-1.7665881709619,4.3009468739683,0.845690909090909,0.881418181818182,0.905927272727273
67901,38184,29717,0.682149281718116,0.715908165971393,0.754572165502096,26.2818181818182,31.3345454545455,42.3836363636364,6.07636363636364,27.4109090909091,5.38,27.9072727272727,5.38363636363636,27.8418181818182,-1.78602889044718,4.39664655381983,0.845690909090909,0.881418181818182,0.905927272727273
68532,38410,30122,0.68163680195153,0.715206941828404,0.754602083855572,26.1254545454545,31.2690909090909,42.6054545454545,5.95454545454545,27.5327272727273,5.21454545454545,28.0963636363636,5.20727272727273,27.9945454545455,-1.80488994473761,4.49807872826403,0.845690909090909,0.881418181818182,0.905927272727273
69237,38706,30531,0.680448848983982,0.715106270641461,0.754721636614836,25.9272727272727,31.2545454545455,42.8181818181818,5.84181818181818,27.6127272727273,5.08727272727273,28.2272727272727,5.07090909090909,28.16,-1.81528895524415,4.60197518576275,0.845690909090909,0.881418181818182,0.905927272727273
69703,38946,30757,0.679482998239114,0.714756498769054,0.754652673185407,25.7509090909091,31.2709090909091,42.9781818181818,5.73636363636364,27.6890909090909,4.97272727272727,28.3,5.03454545454545,28.2672727272727,-1.82890013293786,4.63361318544908,0.845690909090909,0.881418181818182,0.905927272727273
70250,39153,31097,0.678323407669958,0.714384041572102,0.754566143119437,25.5363636363636,31.3036363636364,43.16,5.62727272727273,27.7872727272727,4.84727272727273,28.42,4.90909090909091,28.4090909090909,-1.8429677892815,4.71477072834969,0.845690909090909,0.881418181818182,0.905927272727273
70848,39465,31383,0.677154022740104,0.713878736592659,0.754595995576329,25.3127272727273,31.3,43.3872727272727,5.52909090909091,27.8418181818182,4.75090909090909,28.5472727272727,4.77272727272727,28.5581818181818,-1.8487148471854,4.77069427100095,0.845690909090909,0.881418181818182,0.905927272727273
71429,39758,31671,0.675772154298877,0.713033106424799,0.754753164171968,25.0836363636364,31.3036363636364,43.6127272727273,5.44,27.9054545454545,4.60909090909091,28.6472727272727,4.67818181818182,28.72,-1.85469700897282,4.82137380567464,0.845690909090909,0.881418181818182,0.905927272727273
72075,40106,31969,0.67476027717371,0.711965136785134,0.754537327695342,24.8981818181818,31.2727272727273,43.8290909090909,5.35272727272727,27.94,4.46909090909091,28.8163636363636,4.55636363636364,28.8654545454545,-1.8534993594343,4.88968847610734,0.845690909090909,0.881418181818182,0.905927272727273
72551,40364,32187,0.67348692354862,0.710683956258941,0.754597482974094,24.7381818181818,31.1854545454545,44.0763636363636,5.25272727272727,27.9963636363636,4.40181818181818,28.9018181818182,4.43272727272727,29.0145454545455,-1.86000049479983,4.91878558505665,0.845690909090909,0.881418181818182,0.905927272727273
73141,40682,32459,0.672218859708986,0.710046461446646,0.754411885667028,24.5545454545455,31.1490909090909,44.2963636363636,5.17090909090909,28.0709090909091,4.24545454545455,29.0127272727273,4.38727272727273,29.1127272727273,-1.85969489501281,4.97257801836187,0.845690909090909,0.881418181818182,0.905927272727273
73587,41002,32585,0.671184868636481,0.708664996013371,0.754550848663812,24.4145454545455,31.0418181818182,44.5436363636364,5.10909090909091,28.0818181818182,4.16909090909091,29.0672727272727,4.28,29.2927272727273,-1.85906075347554,4.97480784275315,0.845690909090909,0.881418181818182,0.905927272727273
74044,41274,32770,0.669933668510637,0.708151504488572,0.75417751130857,24.2618181818182,30.9854545454545,44.7527272727273,5.03454545454545,28.1036363636364,4.12,29.12,4.16363636363636,29.4581818181818,-1.86000342206521,4.99385686245832,0.845690909090909,0.881418181818182,0.905927272727273
74624,41579,33045,0.668638687462069,0.707499697833133,0.754108263336005,24.0836363636364,30.9290909090909,44.9872727272727,4.95090909090909,28.1145454545455,4.04545454545455,29.2072727272727,4.06363636363636,29.6181818181818,-1.85713094689629,5.04936368302865,0.845690909090909,0.881418181818182,0.905927272727273
75178,41829,33349,0.66743574844907,0.706358224781266,0.754032135739655,23.9072727272727,30.8927272727273,45.2,4.87272727272727,28.1781818181818,3.93454545454546,29.2618181818182,3.96,29.7927272727273,-1.85756598169153,5.11432345943018,0.845690909090909,0.881418181818182,0.905927272727273
75538,42062,33476,0.665891353867379,0.704936404691401,0.753487908647504,23.7272727272727,30.8236363636364,45.4490909090909,4.81454545454546,28.2054545454545,3.83272727272727,29.3527272727273,3.84181818181818,29.9527272727273,-1.85893722217191,5.10418822548606,0.845690909090909,0.881418181818182,0.905927272727273
76148,42448,33700,0.664626955636851,0.70432991559776,0.753521340969717,23.5163636363636,30.7945454545455,45.6890909090909,4.75454545454545,28.2454545454545,3.73636363636364,29.4072727272727,3.76545454545455,30.0909090909091,-1.84755240299485,5.14812088988044,0.845690909090909,0.881418181818182,0.905927272727273
76533,42725,33808,0.66292067418044,0.703606141099639,0.753536497191101,23.2890909090909,30.7709090909091,45.94,4.68181818181818,28.2618181818182,3.65454545454546,29.4854545454545,3.70909090909091,30.2072727272727,-1.84348193136128,5.13732838413932,0.845690909090909,0.881418181818182,0.905927272727273
77084,42988,34096,0.661400563128614,0.702488322987759,0.753311729943128,23.0945454545455,30.7236363636364,46.1818181818182,4.59454545454545,28.3,3.60363636363636,29.5672727272727,3.58545454545455,30.3490909090909,-1.83980468647046,5.19377892234109,0.845690909090909,0.881418181818182,0.905927272727273
77543,43351,34192,0.660238354550473,0.701514178735056,0.753113591912822,22.92,30.7090909090909,46.3709090909091,4.53454545454545,28.2981818181818,3.54,29.6018181818182,3.57272727272727,30.4527272727273,-1.82757699489594,5.19256735444069,0.845690909090909,0.881418181818182,0.905927272727273
77975,43680,34295,0.65886882913594,0.700577026060813,0.752757519688649,22.76,30.6145454545455,46.6254545454546,4.48181818181818,28.2981818181818,3.48545454545455,29.6254545454545,3.52545454545455,30.5836363636364,-1.81870295405388,5.1828664384105,0.845690909090909,0.881418181818182,0.905927272727273
78597,44067,34530,0.65761805392173,0.698883373236124,0.75258806818803,22.6090909090909,30.4763636363636,46.9145454545455,4.42181818181818,28.3654545454545,3.37090909090909,29.6545454545455,3.46545454545455,30.7218181818182,-1.80363032831387,5.22589739777825,0.845690909090909,0.881418181818182,0.905927272727273
79070,44432,34638,0.656046295346822,0.697093646418949,0.752389034378525,22.4272727272727,30.3545454545455,47.2181818181818,4.33090909090909,28.4109090909091,3.33818181818182,29.6527272727273,3.43090909090909,30.8363636363636,-1.78709467866204,5.22039695653048,0.845690909090909,0.881418181818182,0.905927272727273
79444,44762,34682,0.654578363469029,0.695975636768448,0.752232023499178,22.2709090909091,30.2563636363636,47.4727272727273,4.29090909090909,28.4345454545455,3.26727272727273,29.6709090909091,3.41454545454545,30.9218181818182,-1.7749592804096,5.19091756127097,0.845690909090909,0.881418181818182,0.905927272727273
79950,45102,34848,0.653096872279203,0.695030393412618,0.751875345725182,22.1145454545455,30.2181818181818,47.6672727272727,4.23454545454545,28.4418181818182,3.23454545454545,29.7236363636364,3.29090909090909,31.0745454545455,-1.76054857495156,5.20215345404365,0.845690909090909,0.881418181818182,0.905927272727273
80511,45506,35005,0.651284530783235,0.693861038276408,0.751570998043679,21.9436363636364,30.1381818181818,47.9181818181818,4.17272727272727,28.5054545454545,3.14181818181818,29.7636363636364,3.24545454545455,31.1709090909091,-1.74425985664129,5.21560782085766,0.845690909090909,0.881418181818182,0.905927272727273
81109,45938,35171,0.64991782658684,0.692824375446769,0.751743652143788,21.7563636363636,30.0690909090909,48.1745454545455,4.13272727272727,28.5418181818182,3.07636363636364,29.7527272727273,3.23090909090909,31.2654545454545,-1.72400223761797,5.23152340542186,0.845690909090909,0.881418181818182,0.905927272727273
81436,46242,35194,0.648589375134872,0.691686638080123,0.751265604284939,21.6309090909091,29.9745454545455,48.3945454545455,4.08363636363636,28.5472727272727,3.04,29.7781818181818,3.20909090909091,31.3418181818182,-1.71299477043477,5.20117113156752,0.845690909090909,0.881418181818182,0.905927272727273
82090,46655,35435,0.647317054941286,0.69005926495025,0.751001521400863,21.4672727272727,29.8818181818182,48.6509090909091,4.03454545454545,28.5872727272727,2.96363636363636,29.8345454545455,3.14181818181818,31.4381818181818,-1.69160218631679,5.24197294928811,0.845690909090909,0.881418181818182,0.905927272727273
82617,47051,35566,0.646220648178667,0.688480472707555,0.751060016347009,21.2818181818182,29.8036363636364,48.9145454545455,3.98727272727273,28.6072727272727,2.89818181818182,29.8818181818182,3.07090909090909,31.5545454545455,-1.67238447368145,5.24893265203996,0.845690909090909,0.881418181818182,0.905927272727273
83030,47417,35613,0.645082088146978,0.68700208997825,0.750453652080556,21.1527272727273,29.7072727272727,49.14,3.94909090909091,28.5836363636364,2.9,29.9218181818182,2.99090909090909,31.6545454545455,-1.6544498775493,5.22628073475578,0.845690909090909,0.881418181818182,0.905927272727273
83737,47831,35906,0.644009240953849,0.685854593475644,0.750038785326573,21.0018181818182,29.6527272727273,49.3454545454545,3.90363636363636,28.6290909090909,2.84727272727273,29.9509090909091,2.90363636363636,31.7654545454545,-1.63210713023489,5.28478972044858,0.845690909090909,0.881418181818182,0.905927272727273
84296,48310,35986,0.6426108313344,0.684185607907057,0.749648668040505,20.8672727272727,29.5945454545455,49.5381818181818,3.86727272727273,28.6454545454545,2.81636363636364,29.9363636363636,2.88181818181818,31.8527272727273,-1.60511721494523,5.27476210377433,0.845690909090909,0.881418181818182,0.905927272727273
84795,48723,36072,0.640932554407571,0.682427459628584,0.749225334959128,20.7163636363636,29.5381818181818,49.7454545454545,3.84,28.6654545454545,2.72,29.9654545454545,2.84727272727273,31.9618181818182,-1.58033288906921,5.25807235891169,0.845690909090909,0.881418181818182,0.905927272727273
85439,49178,36261,0.639290359451653,0.681502038850038,0.748934426227035,20.5,29.4872727272727,50.0127272727273,3.80545454545455,28.6836363636364,2.64363636363636,30.0254545454545,2.79636363636364,32.0454545454545,-1.55356753048572,5.28662949041887,0.845690909090909,0.881418181818182,0.905927272727273
85908,49567,36341,0.637697017000945,0.680053532610395,0.748468794806948,20.32,29.46,50.22,3.76363636363636,28.68,2.57636363636364,30.1036363636364,2.74545454545455,32.1309090909091,-1.53102826150981,5.27615110657432,0.845690909090909,0.881418181818182,0.905927272727273
86501,50036,36465,0.63639847702621,0.678979729504742,0.747853013080382,20.1163636363636,29.4618181818182,50.4218181818182,3.72545454545455,28.6981818181818,2.52363636363636,30.1109090909091,2.71090909090909,32.2309090909091,-1.50294945145195,5.27486793344671,0.845690909090909,0.881418181818182,0.905927272727273
87057,50401,36656,0.635670539975818,0.677451130812941,0.747278080986036,19.9527272727273,29.4345454545455,50.6127272727273,3.68727272727273,28.7254545454545,2.44545454545455,30.1763636363636,2.64727272727273,32.3181818181818,-1.4810303398154,5.29210690151561,0.845690909090909,0.881418181818182,0.905927272727273
87660,50806,36854,0.634465805677065,0.675908838208287,0.74680010753684,19.7836363636364,29.3690909090909,50.8472727272727,3.65090909090909,28.7327272727273,2.39818181818182,30.2218181818182,2.58363636363636,32.4127272727273,-1.45804123038595,5.32165907729756,0.845690909090909,0.881418181818182,0.905927272727273
88073,51211,36862,0.633300329873056,0.674291161291162,0.746148895735184,19.6290909090909,29.2963636363636,51.0745454545455,3.61454545454546,28.7490909090909,2.34363636363636,30.2363636363636,2.6,32.4563636363636,-1.4353843102401,5.29129225990989,0.845690909090909,0.881418181818182,0.905927272727273
88723,51618,37105,0.632293580888062,0.672569857080334,0.745612516552444,19.5163636363636,29.1854545454545,51.2981818181818,3.57454545454545,28.7745454545455,2.26363636363636,30.3054545454545,2.54909090909091,32.5327272727273,-1.4118148566647,5.34036527546969,0.845690909090909,0.881418181818182,0.905927272727273
89258,52043,37215,0.630932425324548,0.67131210303715,0.745278490953062,19.3836363636364,29.1163636363636,51.5,3.52727272727273,28.8109090909091,2.20545454545455,30.3327272727273,2.52909090909091,32.5945454545455,-1.38519481745633,5.33789979978041,0.845690909090909,0.881418181818182,0.905927272727273
89777,52436,37341,0.630010094133047,0.669934973911378,0.74477663337374,19.2509090909091,29.0527272727273,51.6963636363636,3.49272727272727,28.84,2.15818181818182,30.3709090909091,2.44,32.6981818181818,-1.36139286526225,5.33984633359042,0.845690909090909,0.881418181818182,0.905927272727273
90344,52895,37449,0.628308506505146,0.667831937065278,0.744556034412685,19.0654545454545,28.9909090909091,51.9436363636364,3.44909090909091,28.8618181818182,2.12909090909091,30.4090909090909,2.38363636363636,32.7672727272727,-1.33362357020378,5.34000236554579,0.845690909090909,0.881418181818182,0.905927272727273
90960,53299,37661,0.626641490878489,0.666592927697643,0.744162520451837,18.8709090909091,28.9345454545455,52.1945454545455,3.42545454545455,28.8581818181818,2.12,30.4272727272727,2.31272727272727,32.8563636363636,-1.30760898488489,5.37535119923678,0.845690909090909,0.881418181818182,0.905927272727273
91487,53689,37798,0.62563180061545,0.664689050701923,0.743502758385446,18.7509090909091,28.9018181818182,52.3472727272727,3.37818181818182,28.8690909090909,2.09272727272727,30.4654545454545,2.24,32.9545454545455,-1.28462860902602,5.36745297475295,0.845690909090909,0.881418181818182,0.905927272727273
91864,54033,37831,0.624421451149558,0.663003818102265,0.742966070526219,18.5818181818182,28.8672727272727,52.5509090909091,3.33636363636364,28.8890909090909,2.06909090909091,30.5018181818182,2.16363636363636,33.04,-1.26420703083277,5.34219492565502,0.845690909090909,0.881418181818182,0.905927272727273
92295,54370,37925,0.623009668073161,0.661947734165509,0.742538979653798,18.4436363636364,28.8381818181818,52.7181818181818,3.31454545454545,28.8854545454545,2.02727272727273,30.5290909090909,2.15818181818182,33.0854545454545,-1.24677864035422,5.34224693775177,0.845690909090909,0.881418181818182,0.905927272727273
92660,54756,37904,0.621612907508061,0.660014370594309,0.74179410210921,18.3436363636364,28.8,52.8563636363636,3.28,28.8618181818182,2.00545454545455,30.5709090909091,2.13454545454545,33.1472727272727,-1.22319043962793,5.29971676739779,0.845690909090909,0.881418181818182,0.905927272727273
93390,55193,38197,0.620787101403117,0.659193565458708,0.741329743538805,18.2454545454545,28.7218181818182,53.0327272727273,3.24,28.8618181818182,1.98909090909091,30.6290909090909,2.04363636363636,33.2363636363636,-1.19531280384822,5.36457601243799,0.845690909090909,0.881418181818182,0.905927272727273
93903,55593,38310,0.619728956189189,0.657868414044905,0.740727328083701,18.1327272727273,28.7181818181818,53.1490909090909,3.20727272727273,28.8618181818182,1.95818181818182,30.6545454545455,1.99454545454545,33.3236363636364,-1.16927021965384,5.36336169676347,0.845690909090909,0.881418181818182,0.905927272727273
94274,55977,38297,0.618161931480238,0.656879540255655,0.740059499561908,17.98,28.7327272727273,53.2872727272727,3.17272727272727,28.8454545454545,1.99454545454545,30.6181818181818,1.93636363636364,33.4327272727273,-1.14406593198126,5.32061919082295,0.845690909090909,0.881418181818182,0.905927272727273
94721,56342,38379,0.616922045754269,0.655464275666493,0.739473159530796,17.8563636363636,28.7309090909091,53.4127272727273,3.12909090909091,28.8690909090909,1.92545454545455,30.6472727272727,1.93454545454545,33.4945454545455,-1.12404673035172,5.2947693456303,0.845690909090909,0.881418181818182,0.905927272727273
95269,56733,38536,0.615597053218026,0.65441101518939,0.7390031406671,17.7509090909091,28.6672727272727,53.5818181818182,3.1,28.8981818181818,1.83818181818182,30.6363636363636,1.93636363636364,33.5909090909091,-1.09687309695238,5.29526577429338,0.845690909090909,0.881418181818182,0.905927272727273
95833,57126,38707,0.614473875358945,0.653302140727993,0.738241356365221,17.6563636363636,28.6236363636364,53.72,3.07818181818182,28.9109090909091,1.74727272727273,30.6727272727273,1.86545454545455,33.7254545454545,-1.06988722455095,5.30940571481531,0.845690909090909,0.881418181818182,0.905927272727273
96161,57494,38667,0.613054034611786,0.651803969925543,0.737720846938097,17.5581818181818,28.6018181818182,53.84,3.04363636363636,28.9109090909091,1.71454545454545,30.6472727272727,1.86181818181818,33.8218181818182,-1.04598451849412,5.25908639214256,0.845690909090909,0.881418181818182,0.905927272727273
96638,57817,38821,0.61136516214753,0.650892504153192,0.737239904711127,17.4327272727273,28.6054545454545,53.9618181818182,3.01090909090909,28.9690909090909,1.64,30.64,1.80545454545455,33.9345454545455,-1.02855562842028,5.26272309259935,0.845690909090909,0.881418181818182,0.905927272727273
97057,58097,38960,0.609871482860268,0.650189621741146,0.736523544602237,17.3236363636364,28.5963636363636,54.08,2.97272727272727,28.9636363636364,1.65454545454545,30.5836363636364,1.8,34.0254545454545,-1.00878287248991,5.27770999778401,0.845690909090909,0.881418181818182,0.905927272727273
97389,58316,39073,0.60872029611439,0.649697902883176,0.735715299433678,17.2236363636364,28.6163636363636,54.16,2.94727272727273,28.9327272727273,1.68363636363636,30.54,1.77818181818182,34.1181818181818,-0.994638545878909,5.27245061397552,0.845690909090909,0.881418181818182,0.905927272727273
97636,58586,39050,0.607702197438572,0.648143909511105,0.735162426560469,17.1254545454545,28.6236363636364,54.2509090909091,2.92,28.9036363636364,1.66727272727273,30.5163636363636,1.73818181818182,34.2545454545455,-0.97749720046466,5.21765934337269,0.845690909090909,0.881418181818182,0.905927272727273
98106,58850,39256,0.606513307201137,0.647624452512551,0.734664216887584,17.0672727272727,28.6,54.3327272727273,2.90181818181818,28.9363636363636,1.58545454545455,30.5236363636364,1.69818181818182,34.3545454545455,-0.960958319157362,5.23917156349529,0.845690909090909,0.881418181818182,0.905927272727273
98675,59120,39555,0.605577123666809,0.647256594572504,0.734288880759419,17.0127272727273,28.6181818181818,54.3690909090909,2.86727272727273,28.9254545454545,1.55636363636364,30.4927272727273,1.66727272727273,34.4909090909091,-0.942711501026695,5.29322457313538,0.845690909090909,0.881418181818182,0.905927272727273
99154,59449,39705,0.60428942149338,0.647370071253748,0.733515572799334,16.92,28.6527272727273,54.4272727272727,2.82181818181818,28.9181818181818,1.53636363636364,30.5109090909091,1.61636363636364,34.5963636363636,-0.920658904584971,5.30638052983717,0.845690909090909,0.881418181818182,0.905927272727273
99476,59750,39726,0.60303480883036,0.646669150346247,0.732752034378493,16.8363636363636,28.6818181818182,54.4818181818182,2.78363636363636,28.9181818181818,1.49090909090909,30.5272727272727,1.53818181818182,34.7418181818182,-0.901238731633533,5.27225933074951,0.845690909090909,0.881418181818182,0.905927272727273
99990,60050,39940,0.602158742246734,0.645527808697676,0.732198634997356,16.7709090909091,28.64,54.5890909090909,2.75454545454545,28.8945454545455,1.46727272727273,30.5163636363636,1.50909090909091,34.8581818181818,-0.878316267308864,5.30375196717002,0.845690909090909,0.881418181818182,0.905927272727273
100394,60330,40064,0.601098686659852,0.644996809256865,0.731041208892792,16.7109090909091,28.6636363636364,54.6254545454546,2.71818181818182,28.9254545454545,1.41454545454545,30.4381818181818,1.55818181818182,34.9454545454545,-0.85887170616876,5.31408531232314,0.845690909090909,0.881418181818182,0.905927272727273
100779,60576,40203,0.600304557428642,0.644197180882633,0.730282562486336,16.6672727272727,28.6763636363636,54.6563636363636,2.68727272727273,28.9090909090909,1.41818181818182,30.4290909090909,1.48181818181818,35.0745454545455,-0.847036843983965,5.31042388785969,0.845690909090909,0.881418181818182,0.905927272727273
101298,60888,40410,0.599535062754804,0.643187485473231,0.729415372596572,16.6345454545455,28.6272727272727,54.7381818181818,2.66,28.8963636363636,1.40181818181818,30.3854545454545,1.44363636363636,35.2127272727273,-0.826626387373968,5.33770156123421,0.845690909090909,0.881418181818182,0.905927272727273
101667,61108,40559,0.598833192601643,0.642412995469004,0.728678945348578,16.5890909090909,28.64,54.7709090909091,2.64363636363636,28.8636363636364,1.37636363636364,30.4090909090909,1.34545454545455,35.3618181818182,-0.812526878104968,5.32892897779291,0.845690909090909,0.881418181818182,0.905927272727273
102099,61369,40730,0.598174574045781,0.641575900446983,0.727918036189608,16.54,28.6381818181818,54.8218181818182,2.61636363636364,28.8727272727273,1.33090909090909,30.3909090909091,1.34909090909091,35.44,-0.795960888672959,5.34856788895347,0.845690909090909,0.881418181818182,0.905927272727273
102329,61540,40789,0.597159376707726,0.64096123601708,0.727276900444373,16.4781818181818,28.6490909090909,54.8727272727273,2.58,28.8618181818182,1.31818181818182,30.3727272727273,1.27636363636364,35.5909090909091,-0.78394185565412,5.30702980214899,0.845690909090909,0.881418181818182,0.905927272727273
102769,61761,41008,0.596145344442333,0.640591359061094,0.726805481559218,16.4381818181818,28.6509090909091,54.9109090909091,2.54181818181818,28.8854545454545,1.25090909090909,30.3981818181818,1.22,35.7036363636364,-0.769035222245888,5.330302771655,0.845690909090909,0.881418181818182,0.905927272727273
103174,62004,41170,0.595578261178325,0.639799552398466,0.726128319384072,16.3981818181818,28.6472727272727,54.9545454545455,2.51272727272727,28.8927272727273,1.21272727272727,30.3618181818182,1.22909090909091,35.7909090909091,-0.754648710617965,5.34656635197726,0.845690909090909,0.881418181818182,0.905927272727273
103423,62230,41193,0.594902759413888,0.638812880717349,0.725448893407503,16.3418181818182,28.6509090909091,55.0072727272727,2.48,28.9127272727273,1.17818181818182,30.3218181818182,1.24,35.8672727272727,-0.737047764523463,5.32501644654707,0.845690909090909,0.881418181818182,0.905927272727273
103795,62458,41337,0.593925388732862,0.638146269827563,0.724855394211963,16.2963636363636,28.6490909090909,55.0545454545455,2.44363636363636,28.9163636363636,1.13272727272727,30.3527272727273,1.17090909090909,35.9836363636364,-0.71914117437872,5.31803967952728,0.845690909090909,0.881418181818182,0.905927272727273
103981,62659,41322,0.593236621808722,0.636907339767607,0.724224461629867,16.2418181818182,28.6690909090909,55.0890909090909,2.41636363636364,28.94,1.10727272727273,30.3018181818182,1.18,36.0545454545455,-0.707061306116256,5.27254217971455,0.845690909090909,0.881418181818182,0.905927272727273
104161,62888,41273,0.592215605922833,0.635892986154799,0.723707805354714,16.1927272727273,28.6727272727273,55.1345454545455,2.38909090909091,28.9563636363636,1.11636363636364,30.2527272727273,1.16909090909091,36.1163636363636,-0.689834293858572,5.22841516191309,0.845690909090909,0.881418181818182,0.905927272727273
104408,63111,41297,0.591366597440543,0.63540165820335,0.723160265122041,16.1218181818182,28.7018181818182,55.1763636363636,2.35272727272727,29.0018181818182,1.11454545454545,30.1690909090909,1.15272727272727,36.2090909090909,-0.674045784940774,5.18901211781935,0.845690909090909,0.881418181818182,0.905927272727273
104703,63304,41399,0.59077270427105,0.634649449903556,0.722538229469356,16.0690909090909,28.6981818181818,55.2327272727273,2.32909090909091,29.0127272727273,1.12181818181818,30.12,1.11636363636364,36.3,-0.659731850705364,5.1903707114133,0.845690909090909,0.881418181818182,0.905927272727273
105098,63500,41598,0.590210062608749,0.633847144501682,0.721928697429116,16.02,28.6836363636364,55.2963636363636,2.28545454545455,29.0963636363636,1.06727272727273,30.0890909090909,1.07818181818182,36.3836363636364,-0.647131202403795,5.20955888358029,0.845690909090909,0.881418181818182,0.905927272727273
105520,63710,41810,0.589581126349934,0.633048243584515,0.721259272426386,15.9727272727273,28.6781818181818,55.3490909090909,2.25636363636364,29.1472727272727,0.976363636363636,30.1163636363636,1.04,36.4636363636364,-0.634614656526934,5.21157107569955,0.845690909090909,0.881418181818182,0.905927272727273
105876,63907,41969,0.589073059852704,0.632114834677216,0.720616604587638,15.9545454545455,28.6418181818182,55.4036363636364,2.23636363636364,29.2072727272727,0.963636363636364,30.0163636363636,1.04181818181818,36.5345454545455,-0.619105750491673,5.21686773083427,0.845690909090909,0.881418181818182,0.905927272727273
106228,64113,42115,0.588399346214601,0.6310926645486,0.720123072144822,15.92,28.6054545454545,55.4745454545455,2.20727272727273,29.2854545454545,0.936363636363636,29.9290909090909,1.02727272727273,36.6145454545455,-0.605415807308799,5.21950880830938,0.845690909090909,0.881418181818182,0.905927272727273
106438,64302,42136,0.587523343215038,0.630721303359334,0.719519933369209,15.8472727272727,28.6654545454545,55.4872727272727,2.18,29.3490909090909,0.918181818181818,29.8309090909091,1.03272727272727,36.6890909090909,-0.591604284264825,5.19764961112629,0.845690909090909,0.881418181818182,0.905927272727273
106703,64496,42207,0.586682511654349,0.630141133790076,0.719266026144691,15.8018181818182,28.6709090909091,55.5272727272727,2.15454545454545,29.4145454545455,0.918181818181818,29.7527272727273,0.978181818181818,36.7818181818182,-0.579866267689927,5.15844572240656,0.845690909090909,0.881418181818182,0.905927272727273
107000,64734,42266,0.585999373025173,0.629656111897499,0.718735165975205,15.7672727272727,28.6618181818182,55.5709090909091,2.12909090909091,29.4781818181818,0.903636363636364,29.68,0.947272727272727,36.8618181818182,-0.561187317967415,5.13456309708682,0.845690909090909,0.881418181818182,0.905927272727273
107311,64895,42416,0.585950214216184,0.628937921680937,0.718151497526019,15.7345454545455,28.6745454545455,55.5909090909091,2.11454545454545,29.5436363636364,0.869090909090909,29.6109090909091,0.914545454545455,36.9472727272727,-0.550157351571728,5.13299885012887,0.845690909090909,0.881418181818182,0.905927272727273
107571,65063,42508,0.585335464382505,0.62802117645061,0.717716582640269,15.6909090909091,28.6654545454545,55.6436363636364,2.09272727272727,29.6,0.850909090909091,29.5436363636364,0.914545454545455,36.9981818181818,-0.53550645543093,5.11676504070109,0.845690909090909,0.881418181818182,0.905927272727273
107686,65191,42495,0.584918369512304,0.627187205328581,0.716946669879568,15.6672727272727,28.6727272727273,55.66,2.06545454545454,29.6818181818182,0.870909090909091,29.4072727272727,0.896363636363636,37.0781818181818,-0.527111758528785,5.07448598254811,0.845690909090909,0.881418181818182,0.905927272727273
107839,65353,42486,0.58417855752713,0.626757520575917,0.716500486727818,15.6145454545455,28.6818181818182,55.7036363636364,2.04545454545455,29.7618181818182,0.852727272727273,29.2963636363636,0.867272727272727,37.1763636363636,-0.513726470475508,5.02414169528268,0.845690909090909,0.881418181818182,0.905927272727273
108213,65508,42705,0.583633073862801,0.626918089482057,0.716077044528361,15.5872727272727,28.6836363636364,55.7290909090909,2.02545454545455,29.8454545454545,0.829090909090909,29.1963636363636,0.843636363636364,37.26,-0.50384332221848,5.04079549312592,0.845690909090909,0.881418181818182,0.905927272727273
108387,65630,42757,0.582970085735843,0.626353422323286,0.71558642739803,15.5381818181818,28.7054545454545,55.7563636363636,1.99454545454545,29.9309090909091,0.834545454545455,29.0927272727273,0.816363636363636,37.3309090909091,-0.495091032846407,5.00991688316519,0.845690909090909,0.881418181818182,0.905927272727273
108833,65805,43028,0.582633448655144,0.626079280870673,0.715395097722239,15.5,28.7127272727273,55.7872727272727,1.94909090909091,30.0872727272727,0.772727272727273,28.9890909090909,0.805454545454545,37.3963636363636,-0.483470945432782,5.02327186085961,0.845690909090909,0.881418181818182,0.905927272727273
109106,65978,43128,0.582059651875961,0.625402922566889,0.714817672117464,15.4763636363636,28.7090909090909,55.8145454545455,1.92,30.1927272727273,0.750909090909091,28.9018181818182,0.770909090909091,37.4636363636364,-0.470498287550766,4.99576375484467,0.845690909090909,0.881418181818182,0.905927272727273
109163,66120,43043,0.581534550673235,0.624345781088281,0.714287277076921,15.4363636363636,28.7127272727273,55.8509090909091,1.89454545454545,30.2836363636364,0.710909090909091,28.8309090909091,0.754545454545455,37.5254545454545,-0.460814045564356,4.92834518822757,0.845690909090909,0.881418181818182,0.905927272727273
109330,66272,43058,0.581324482418715,0.62341412759478,0.713852836030001,15.4181818181818,28.6963636363636,55.8854545454545,1.85818181818182,30.3745454545455,0.730909090909091,28.6763636363636,0.778181818181818,37.5818181818182,-0.449837563102218,4.89034876715053,0.845690909090909,0.881418181818182,0.905927272727273
109487,66363,43124,0.580757550440852,0.623211398904177,0.713501128049185,15.4018181818182,28.6818181818182,55.9163636363636,1.83454545454545,30.4581818181818,0.705454545454545,28.5763636363636,0.729090909090909,37.6963636363636,-0.444939422082495,4.85169526880438,0.845690909090909,0.881418181818182,0.905927272727273
109737,66480,43257,0.580518146607576,0.622755676862515,0.713197765053164,15.3618181818182,28.7036363636364,55.9345454545455,1.81636363636364,30.5163636363636,0.705454545454545,28.4727272727273,0.718181818181818,37.7709090909091,-0.437341642413627,4.84467112259431,0.845690909090909,0.881418181818182,0.905927272727273
109788,66570,43218,0.580056291443398,0.621926437879603,0.71295557279405,15.3381818181818,28.6963636363636,55.9654545454545,1.80181818181818,30.6181818181818,0.707272727272727,28.3472727272727,0.698181818181818,37.8272727272727,-0.429758479981683,4.79551188078794,0.845690909090909,0.881418181818182,0.905927272727273
110059,66695,43364,0.579426161654304,0.621857144246825,0.712841963451881,15.2945454545455,28.7,56.0054545454545,1.78545454545455,30.7090909090909,0.678181818181818,28.2636363636364,0.665454545454545,37.8981818181818,-0.421854544989765,4.78385452032089,0.845690909090909,0.881418181818182,0.905927272727273
110193,66790,43403,0.578925966022625,0.621016213744328,0.712745210360663,15.2781818181818,28.6890909090909,56.0327272727273,1.76545454545455,30.7927272727273,0.687272727272727,28.1309090909091,0.667272727272727,37.9563636363636,-0.415253043572672,4.76202762668783,0.845690909090909,0.881418181818182,0.905927272727273
110302,66872,43430,0.578511828227416,0.620249135754354,0.712447093400084,15.2527272727273,28.6945454545455,56.0527272727273,1.75454545454545,30.8672727272727,0.621818181818182,28.0963636363636,0.665454545454545,37.9945454545455,-0.40922450856729,4.72705700018189,0.845690909090909,0.881418181818182,0.905927272727273
110392,66955,43437,0.578308850620742,0.619696151681821,0.712137369292108,15.2436363636364,28.6818181818182,56.0745454545455,1.73272727272727,30.9345454545455,0.647272727272727,27.9563636363636,0.683636363636364,38.0454545454545,-0.403333891682665,4.68673475113782,0.845690909090909,0.881418181818182,0.905927272727273
110639,67036,43603,0.577882383874486,0.61932532538121,0.711822135938781,15.2327272727273,28.6618181818182,56.1054545454545,1.71272727272727,31.0618181818182,0.601818181818182,27.8745454545455,0.643636363636364,38.1054545454545,-0.396942630029199,4.67317177165638,0.845690909090909,0.881418181818182,0.905927272727273
110806,67147,43659,0.57742178160731,0.619170221463336,0.711603063562653,15.22,28.6618181818182,56.1181818181818,1.68545454545455,31.1490909090909,0.590909090909091,27.8,0.612727272727273,38.1618181818182,-0.389812426048924,4.6394553379579,0.845690909090909,0.881418181818182,0.905927272727273
110900,67230,43670,0.57691462690774,0.618527951438917,0.711415587188976,15.1963636363636,28.6818181818182,56.1218181818182,1.67272727272727,31.2345454545455,0.6,27.6927272727273,0.590909090909091,38.2090909090909,-0.385228485817259,4.60837359658696,0.845690909090909,0.881418181818182,0.905927272727273
110958,67299,43659,0.576536229660642,0.617819972112681,0.7112533640931,15.1945454545455,28.6581818181818,56.1472727272727,1.66909090909091,31.3127272727273,0.532727272727273,27.6181818181818,0.6,38.2672727272727,-0.378813881494782,4.56713540615006,0.845690909090909,0.881418181818182,0.905927272727273
111086,67380,43706,0.576273554936962,0.617570051430257,0.711285509472108,15.1781818181818,28.6472727272727,56.1745454545455,1.65090909090909,31.3690909090909,0.572727272727273,27.4872727272727,0.576363636363636,38.3436363636364,-0.375037704712965,4.53535022065043,0.845690909090909,0.881418181818182,0.905927272727273
111326,67485,43841,0.576199498526396,0.617067793721662,0.711106968262079,15.1709090909091,28.6254545454545,56.2036363636364,1.64181818181818,31.4618181818182,0.563636363636364,27.3527272727273,0.583636363636364,38.3963636363636,-0.366803476078944,4.52940055450255,0.845690909090909,0.881418181818182,0.905927272727273
111541,67577,43964,0.575962964061635,0.616698072815928,0.710904570700144,15.1763636363636,28.6090909090909,56.2145454545455,1.61636363636364,31.5490909090909,0.550909090909091,27.2727272727273,0.561818181818182,38.4490909090909,-0.360269066894596,4.50810324034908,0.845690909090909,0.881418181818182,0.905927272727273
111531,67660,43871,0.575648159826093,0.615940647065113,0.710720017524438,15.1818181818182,28.5818181818182,56.2363636363636,1.60181818181818,31.6309090909091,0.549090909090909,27.1818181818182,0.503636363636364,38.5327272727273,-0.353432199443606,4.44199247251857,0.845690909090909,0.881418181818182,0.905927272727273
111870,67750,44120,0.575349484453317,0.615638488349797,0.710568906167975,15.1872727272727,28.56,56.2527272727273,1.56909090909091,31.68,0.556363636363636,27.1218181818182,0.472727272727273,38.6,-0.346668364141475,4.4525625759905,0.845690909090909,0.881418181818182,0.905927272727273
112074,67827,44247,0.575038281845118,0.61535075868358,0.710401713308375,15.16,28.5727272727273,56.2672727272727,1.55636363636364,31.7618181818182,0.478181818181818,27.0945454545455,0.467272727272727,38.6418181818182,-0.34015917556191,4.4352702991529,0.845690909090909,0.881418181818182,0.905927272727273
112257,67881,44376,0.57471446823351,0.615180951019359,0.710268789535472,15.1581818181818,28.5618181818182,56.28,1.54363636363636,31.8327272727273,0.454545454545454,27.0090909090909,0.465454545454546,38.6945454545455,-0.333381323228505,4.42488845993172,0.845690909090909,0.881418181818182,0.905927272727273
112343,67932,44411,0.574472778254997,0.615070890616744,0.709950596116078,15.16,28.5727272727273,56.2672727272727,1.52,31.8436363636364,0.516363636363636,26.9272727272727,0.452727272727273,38.74,-0.327135376767679,4.4037078383294,0.845690909090909,0.881418181818182,0.905927272727273
112388,67997,44391,0.574065338119193,0.61435594423244,0.709888505005359,15.1454545454545,28.5745454545455,56.28,1.50727272727273,31.8872727272727,0.509090909090909,26.8581818181818,0.447272727272727,38.7909090909091,-0.322595827061344,4.34607888568531,0.845690909090909,0.881418181818182,0.905927272727273
112515,68054,44461,0.573678558383785,0.614376276918324,0.709846765915599,15.1381818181818,28.5818181818182,56.28,1.49636363636364,31.9490909090909,0.469090909090909,26.8218181818182,0.438181818181818,38.8254545454545,-0.319653008514169,4.32022873705084,0.845690909090909,0.881418181818182,0.905927272727273
112489,68090,44399,0.573498199722608,0.614080733631441,0.709598670517006,15.1472727272727,28.5854545454545,56.2672727272727,1.48909090909091,32.0036363636364,0.481818181818182,26.7254545454545,0.443636363636364,38.8563636363636,-0.317122570188208,4.26509483239867,0.845690909090909,0.881418181818182,0.905927272727273
112612,68148,44464,0.573233040543897,0.613871608388044,0.709558846062218,15.1418181818182,28.5963636363636,56.2618181818182,1.47272727272727,32.0581818181818,0.450909090909091,26.6527272727273,0.432727272727273,38.9327272727273,-0.314295801655813,4.23621114600788,0.845690909090909,0.881418181818182,0.905927272727273
112666,68207,44459,0.573071937882518,0.613510032272953,0.709295025041582,15.1436363636364,28.5963636363636,56.26,1.45818181818182,32.12,0.456363636363636,26.5545454545455,0.421818181818182,38.9890909090909,-0.310869131017138,4.20277646509084,0.845690909090909,0.881418181818182,0.905927272727273
112838,68252,44586,0.572740970924311,0.613773749997642,0.709212167336834,15.1345454545455,28.6018181818182,56.2636363636364,1.43818181818182,32.2090909090909,0.418181818181818,26.4890909090909,0.392727272727273,39.0527272727273,-0.307909558120776,4.19349888536063,0.845690909090909,0.881418181818182,0.905927272727273
113148,68313,44835,0.572643197027693,0.613603464826295,0.709101425203689,15.1418181818182,28.6036363636364,56.2545454545455,1.42909090909091,32.2745454545455,0.381818181818182,26.4236363636364,0.389090909090909,39.1018181818182,-0.303005117465827,4.2106851122596,0.845690909090909,0.881418181818182,0.905927272727273
113342,68392,44950,0.572610007652691,0.612973216576726,0.708777794336146,15.1545454545455,28.5909090909091,56.2545454545455,1.42181818181818,32.3145454545455,0.367272727272727,26.3745454545455,0.367272727272727,39.1545454545455,-0.296482294239104,4.20520128932866,0.845690909090909,0.881418181818182,0.905927272727273
113449,68444,45005,0.572491970636165,0.613015067437644,0.708510275547522,15.1490909090909,28.6036363636364,56.2472727272727,1.40181818181818,32.3763636363636,0.350909090909091,26.3036363636364,0.372727272727273,39.1945454545455,-0.293670772219246,4.18743345683271,0.845690909090909,0.881418181818182,0.905927272727273
113655,68507,45148,0.572267810464262,0.61327879634753,0.708416596648366,15.1563636363636,28.6036363636364,56.24,1.4,32.4145454545455,0.367272727272727,26.2254545454545,0.343636363636364,39.2490909090909,-0.288946006607942,4.18211732886054,0.845690909090909,0.881418181818182,0.905927272727273
113567,68528,45039,0.57204605572495,0.613131846328956,0.708259740524671,15.1490909090909,28.6145454545455,56.2363636363636,1.39636363636364,32.4327272727273,0.401818181818182,26.12,0.389090909090909,39.26,-0.286496848443692,4.13554636240005,0.845690909090909,0.881418181818182,0.905927272727273
113704,68571,45133,0.571964833042577,0.612956745246362,0.708212955051396,15.1472727272727,28.6309090909091,56.2218181818182,1.38181818181818,32.5272727272727,0.345454545454545,26.0763636363636,0.370909090909091,39.2981818181818,-0.283957768367095,4.12408156557517,0.845690909090909,0.881418181818182,0.905927272727273
113724,68612,45112,0.571727858655482,0.612740425241388,0.708080533002833,15.1454545454545,28.64,56.2145454545455,1.36909090909091,32.5763636363636,0.329090909090909,25.9945454545455,0.378181818181818,39.3527272727273,-0.280949559706179,4.0881205981428,0.845690909090909,0.881418181818182,0.905927272727273
113757,68650,45107,0.571443974588106,0.612525294959028,0.707913328255679,15.1454545454545,28.6436363636364,56.2109090909091,1.35272727272727,32.6163636363636,0.352727272727273,25.9236363636364,0.349090909090909,39.4054545454546,-0.277835075015371,4.05243462161584,0.845690909090909,0.881418181818182,0.905927272727273
113887,68687,45200,0.571114629793006,0.612333221300014,0.707765607398492,15.1309090909091,28.6636363636364,56.2054545454545,1.35090909090909,32.6709090909091,0.338181818181818,25.8636363636364,0.314545454545455,39.4618181818182,-0.275358622182499,4.03507160869512,0.845690909090909,0.881418181818182,0.905927272727273
113936,68720,45216,0.570929381164801,0.612391370614134,0.707614193630614,15.1181818181818,28.6763636363636,56.2054545454545,1.34363636363636,32.7036363636364,0.363636363636364,25.7818181818182,0.312727272727273,39.4945454545455,-0.273977461897514,4.01446649107066,0.845690909090909,0.881418181818182,0.905927272727273
113882,68738,45144,0.570885163441607,0.612095744688033,0.707296498192966,15.1181818181818,28.6854545454545,56.1963636363636,1.33272727272727,32.7545454545455,0.349090909090909,25.7036363636364,0.332727272727273,39.5272727272727,-0.27247137886218,3.97321956807917,0.845690909090909,0.881418181818182,0.905927272727273
113835,68777,45058,0.570833238998182,0.61161004267882,0.707273012309743,15.1236363636364,28.6872727272727,56.1890909090909,1.32363636363636,32.8054545454545,0.336363636363636,25.6254545454545,0.347272727272727,39.5618181818182,-0.269060128402304,3.9210869864984,0.845690909090909,0.881418181818182,0.905927272727273
113866,68816,45050,0.57073722853611,0.611294541306505,0.707076361814529,15.1236363636364,28.7036363636364,56.1727272727273,1.31818181818182,32.8563636363636,0.334545454545455,25.5381818181818,0.34,39.6127272727273,-0.266279774294658,3.89317520748485,0.845690909090909,0.881418181818182,0.905927272727273
113928,68846,45082,0.570655232549383,0.61102117027997,0.706948501980196,15.1290909090909,28.7127272727273,56.1581818181818,1.30181818181818,32.8909090909091,0.356363636363636,25.4563636363636,0.298181818181818,39.6963636363636,-0.264870152012868,3.87324143648148,0.845690909090909,0.881418181818182,0.905927272727273
114029,68873,45156,0.570618147997911,0.610785497895102,0.706929927593497,15.1290909090909,28.7218181818182,56.1490909090909,1.29272727272727,32.9290909090909,0.330909090909091,25.4018181818182,0.294545454545454,39.7509090909091,-0.261881459589032,3.86385753696615,0.845690909090909,0.881418181818182,0.905927272727273
114060,68895,45165,0.570441845180109,0.610655426134196,0.70675048588954,15.1254545454545,28.7345454545455,56.14,1.27636363636364,32.9927272727273,0.327272727272727,25.3,0.296363636363636,39.8072727272727,-0.260327834974636,3.83245041939345,0.845690909090909,0.881418181818182,0.905927272727273
114118,68931,45187,0.570337972661674,0.610591171882689,0.706599110991254,15.1272727272727,28.7563636363636,56.1163636363636,1.26545454545455,33.0545454545455,0.303636363636364,25.2,0.323636363636364,39.8527272727273,-0.257302656448023,3.80760866213929,0.845690909090909,0.881418181818182,0.905927272727273
114200,68975,45225,0.570280633932121,0.610367004612268,0.706446880042742,15.1327272727273,28.7781818181818,56.0890909090909,1.25636363636364,33.1127272727273,0.287272727272727,25.1109090909091,0.32,39.9127272727273,-0.254491236010058,3.79070294282653,0.845690909090909,0.881418181818182,0.905927272727273
114242,68994,45248,0.570179126464157,0.610305382300302,0.706346078628015,15.1436363636364,28.78,56.0763636363636,1.25272727272727,33.1436363636364,0.298181818181818,25.0309090909091,0.316363636363636,39.9581818181818,-0.252331594953483,3.76740744872527,0.845690909090909,0.881418181818182,0.905927272727273
114290,69034,45256,0.569984502505837,0.61021984563697,0.706199423193803,15.1454545454545,28.8,56.0545454545455,1.24363636363636,33.18,0.312727272727273,24.9490909090909,0.283636363636364,40.0309090909091,-0.249953137744557,3.74425777305256,0.845690909090909,0.881418181818182,0.905927272727273
114352,69085,45267,0.569836203127726,0.610169839896192,0.706109205075194,15.1454545454545,28.8145454545455,56.04,1.24,33.2236363636364,0.298181818181818,24.8727272727273,0.305454545454545,40.06,-0.246346873790026,3.7259333729744,0.845690909090909,0.881418181818182,0.905927272727273
114331,69114,45217,0.569523384896744,0.609937303141288,0.706046415292208,15.1418181818182,28.8290909090909,56.0290909090909,1.23636363636364,33.2836363636364,0.285454545454545,24.7927272727273,0.287272727272727,40.1145454545455,-0.244425319592384,3.67517483478243,0.845690909090909,0.881418181818182,0.905927272727273
114364,69132,45232,0.569318133000933,0.609774343928616,0.706089426329773,15.1272727272727,28.8418181818182,56.0309090909091,1.22545454545455,33.3272727272727,0.290909090909091,24.7145454545455,0.26,40.1818181818182,-0.242826171778142,3.65027824396437,0.845690909090909,0.881418181818182,0.905927272727273
114408,69144,45264,0.569292755349,0.609758366313825,0.705857643889035,15.1290909090909,28.8527272727273,56.0181818181818,1.22363636363636,33.3563636363636,0.272727272727273,24.6763636363636,0.249090909090909,40.2218181818182,-0.242253926887431,3.6306861397895,0.845690909090909,0.881418181818182,0.905927272727273
114365,69168,45197,0.568966793831922,0.609785468891801,0.705823935502427,15.1181818181818,28.8709090909091,56.0109090909091,1.22363636363636,33.3854545454545,0.294545454545454,24.5909090909091,0.263636363636364,40.2418181818182,-0.240870140492916,3.58478821082549,0.845690909090909,0.881418181818182,0.905927272727273
114405,69192,45213,0.568840839731563,0.609598949625673,0.705783856361649,15.1127272727273,28.8836363636364,56.0036363636364,1.22,33.4363636363636,0.281818181818182,24.5236363636364,0.261818181818182,40.2763636363636,-0.239463796534322,3.56631633260033,0.845690909090909,0.881418181818182,0.905927272727273
114416,69216,45200,0.568735537199304,0.609513737918765,0.705676087456569,15.1054545454545,28.8890909090909,56.0054545454545,1.21272727272727,33.4854545454545,0.258181818181818,24.4636363636364,0.263636363636364,40.3163636363636,-0.238876536480066,3.54124941771681,0.845690909090909,0.881418181818182,0.905927272727273
114463,69255,45208,0.568646744438062,0.609384046343843,0.705525188486995,15.1127272727273,28.8836363636364,56.0036363636364,1.20545454545455,33.5090909090909,0.26,24.4127272727273,0.278181818181818,40.3345454545455,-0.236149380516938,3.51910038482059,0.845690909090909,0.881418181818182,0.905927272727273
114529,69283,45246,0.568460228821186,0.609487884256422,0.70531918788144,15.1090909090909,28.8981818181818,55.9927272727273,1.20181818181818,33.5327272727273,0.267272727272727,24.3745454545455,0.243636363636364,40.38,-0.234556827033785,3.49869157211347,0.845690909090909,0.881418181818182,0.905927272727273
114558,69300,45258,0.568372826672368,0.609497526803778,0.705093148734136,15.1036363636364,28.9127272727273,55.9836363636364,1.19818181818182,33.5654545454545,0.243636363636364,24.3509090909091,0.241818181818182,40.4,-0.233279187833382,3.47790806781162,0.845690909090909,0.881418181818182,0.905927272727273
114683,69318,45365,0.568278211742804,0.609514015679717,0.704987678996426,15.1018181818182,28.9218181818182,55.9763636363636,1.19454545454545,33.5781818181818,0.223636363636364,24.3472727272727,0.230909090909091,40.4254545454545,-0.231484560770067,3.47995978946036,0.845690909090909,0.881418181818182,0.905927272727273
114710,69331,45379,0.568279531051779,0.609331943247571,0.70493143615702,15.1,28.9163636363636,55.9836363636364,1.18727272727273,33.5854545454545,0.252727272727273,24.2890909090909,0.223636363636364,40.4618181818182,-0.23130888254805,3.45876251161098,0.845690909090909,0.881418181818182,0.905927272727273
114586,69354,45232,0.567879877937249,0.609348937705291,0.704832071970604,15.0890909090909,28.92,55.9909090909091,1.17818181818182,33.6109090909091,0.236363636363636,24.2672727272727,0.232727272727273,40.4745454545455,-0.230504640699788,3.40834427611394,0.845690909090909,0.881418181818182,0.905927272727273
114649,69377,45272,0.56777519887897,0.609336844281471,0.704692683391167,15.08,28.9327272727273,55.9872727272727,1.17090909090909,33.6254545454545,0.230909090909091,24.2509090909091,0.212727272727273,40.5090909090909,-0.229459295658903,3.39431327635592,0.845690909090909,0.881418181818182,0.905927272727273
114571,69404,45167,0.567513941858314,0.609256519050654,0.704571819248773,15.0690909090909,28.9436363636364,55.9872727272727,1.16727272727273,33.6109090909091,0.245454545454545,24.2181818181818,0.230909090909091,40.5272727272727,-0.227546935359185,3.35777346844023,0.845690909090909,0.881418181818182,0.905927272727273
114674,69443,45231,0.567462887992472,0.609137541579104,0.704404987332453,15.0672727272727,28.9545454545455,55.9781818181818,1.16363636363636,33.6163636363636,0.221818181818182,24.1981818181818,0.247272727272727,40.5527272727273,-0.223998088990761,3.35360891900279,0.845690909090909,0.881418181818182,0.905927272727273
114743,69467,45276,0.567448387635424,0.60900161373497,0.70435397712931,15.0636363636364,28.9654545454545,55.9709090909091,1.15818181818182,33.6290909090909,0.189090909090909,24.1890909090909,0.24,40.5945454545455,-0.222434314509684,3.34276957755739,0.845690909090909,0.881418181818182,0.905927272727273
114758,69487,45271,0.567422305104254,0.608934492623411,0.704351378137248,15.0545454545455,28.9727272727273,55.9727272727273,1.15818181818182,33.6272727272727,0.183636363636364,24.1745454545455,0.24,40.6163636363636,-0.221335627087815,3.32377722317522,0.845690909090909,0.881418181818182,0.905927272727273
114787,69514,45273,0.567140105296702,0.608915360869311,0.704191093700842,15.0454545454545,28.9963636363636,55.9581818181818,1.15272727272727,33.6309090909091,0.172727272727273,24.1745454545455,0.214545454545455,40.6545454545455,-0.21954278069633,3.30116485790773,0.845690909090909,0.881418181818182,0.905927272727273
114738,69534,45204,0.567084016045899,0.608722586772538,0.704029959085767,15.0527272727273,28.9890909090909,55.9581818181818,1.15090909090909,33.6163636363636,0.181818181818182,24.1563636363636,0.205454545454545,40.6890909090909,-0.216824603681876,3.26635518697175,0.845690909090909,0.881418181818182,0.905927272727273
114761,69548,45213,0.567055067582817,0.608751043721427,0.704052560240165,15.0509090909091,28.9945454545455,55.9545454545455,1.14363636363636,33.6290909090909,0.176363636363636,24.1345454545455,0.214545454545455,40.7018181818182,-0.216358245392753,3.24634954956445,0.845690909090909,0.881418181818182,0.905927272727273
114826,69573,45253,0.566988308328914,0.60877387549815,0.703880101089826,15.0563636363636,29.0036363636364,55.94,1.14363636363636,33.6290909090909,0.169090909090909,24.1181818181818,0.201818181818182,40.7381818181818,-0.213928411113606,3.23794518438253,0.845690909090909,0.881418181818182,0.905927272727273
114878,69599,45279,0.5670227458268,0.608646495358823,0.703869345041742,15.06,28.9945454545455,55.9454545454546,1.13636363636364,33.6327272727273,0.16,24.1127272727273,0.194545454545455,40.7636363636364,-0.211798327212984,3.22017621533437,0.845690909090909,0.881418181818182,0.905927272727273
114869,69618,45251,0.567004283232786,0.608413948174488,0.703778490642128,15.0581818181818,28.9945454545455,55.9472727272727,1.13636363636364,33.6327272727273,0.147272727272727,24.1163636363636,0.192727272727273,40.7745454545455,-0.210838519680229,3.18996781652624,0.845690909090909,0.881418181818182,0.905927272727273
114875,69635,45240,0.566989050589721,0.608164426492825,0.703703642489883,15.0654545454545,28.9927272727273,55.9418181818182,1.13454545454545,33.6090909090909,0.16,24.1163636363636,0.172727272727273,40.8072727272727,-0.210269742518325,3.18154263333841,0.845690909090909,0.881418181818182,0.905927272727273
114833,69646,45187,0.566810776116953,0.608069051005167,0.703612278916392,15.0672727272727,28.9927272727273,55.94,1.13090909090909,33.6109090909091,0.154545454545455,24.0709090909091,0.203636363636364,40.8290909090909,-0.208620021305978,3.15593849935315,0.845690909090909,0.881418181818182,0.905927272727273
114976,69653,45323,0.566819510468635,0.60811631676888,0.70354828704819,15.0690909090909,28.9890909090909,55.9418181818182,1.12545454545455,33.6054545454545,0.16,24.0527272727273,0.187272727272727,40.8690909090909,-0.20861149805344,3.16057832620361,0.845690909090909,0.881418181818182,0.905927272727273
114951,69663,45288,0.566726196814051,0.60797699197821,0.703596154243018,15.0672727272727,28.9890909090909,55.9436363636364,1.12,33.6145454545455,0.16,24.0127272727273,0.189090909090909,40.9036363636364,-0.20827330626886,3.14045798155394,0.845690909090909,0.881418181818182,0.905927272727273
114945,69677,45268,0.566669133930567,0.607880294523039,0.70353041707892,15.0763636363636,28.9854545454545,55.9381818181818,1.11454545454545,33.5909090909091,0.181818181818182,23.98,0.196363636363636,40.9363636363636,-0.206858871039003,3.1336837278171,0.845690909090909,0.881418181818182,0.905927272727273
114888,69692,45196,0.566609793864752,0.607556014692867,0.703403799783203,15.0836363636364,28.9818181818182,55.9345454545455,1.11090909090909,33.5781818181818,0.187272727272727,23.9690909090909,0.18,40.9745454545455,-0.204701309778135,3.10034775029529,0.845690909090909,0.881418181818182,0.905927272727273
114923,69695,45228,0.566561756547882,0.607447655710596,0.703334992476208,15.0854545454545,28.9818181818182,55.9327272727273,1.11090909090909,33.58,0.161818181818182,23.9709090909091,0.174545454545455,41.0018181818182,-0.204532686155289,3.09015484086492,0.845690909090909,0.881418181818182,0.905927272727273
114935,69706,45229,0.566514526436602,0.607262236051272,0.703259715057154,15.0945454545455,28.9745454545455,55.9309090909091,1.10909090909091,33.5690909090909,0.192727272727273,23.9290909090909,0.170909090909091,41.0290909090909,-0.203405167187818,3.07619929069822,0.845690909090909,0.881418181818182,0.905927272727273
114945,69717,45228,0.5664381749805,0.607140506244889,0.703233897170507,15.1,28.9672727272727,55.9327272727273,1.10545454545455,33.5545454545455,0.192727272727273,23.9054545454545,0.189090909090909,41.0527272727273,-0.20295403782617,3.06284509707581,0.845690909090909,0.881418181818182,0.905927272727273
114768,69729,45039,0.566159289911018,0.606806246943439,0.703218061751546,15.1236363636364,28.9327272727273,55.9436363636364,1.10181818181818,33.5345454545455,0.187272727272727,23.9018181818182,0.181818181818182,41.0927272727273,-0.201412954240699,3.01653441407464,0.845690909090909,0.881418181818182,0.905927272727273
114796,69738,45058,0.566084357182537,0.606808644589409,0.703136451880433,15.1272727272727,28.9272727272727,55.9454545454546,1.09818181818182,33.5254545454545,0.172727272727273,23.8963636363636,0.161818181818182,41.1454545454545,-0.201312586665154,3.0031650010835,0.845690909090909,0.881418181818182,0.905927272727273
114789,69743,45046,0.565973311952807,0.606797733866803,0.703104220543976,15.1309090909091,28.9236363636364,55.9454545454546,1.09818181818182,33.5127272727273,0.192727272727273,23.8563636363636,0.170909090909091,41.1690909090909,-0.201830754954029,2.99235829372298,0.845690909090909,0.881418181818182,0.905927272727273
114792,69760,45032,0.56593165905183,0.606769286133163,0.70291420722212,15.1309090909091,28.9309090909091,55.9381818181818,1.1,33.5090909090909,0.178181818181818,23.86,0.163636363636364,41.1890909090909,-0.20085202563046,2.96727153076367,0.845690909090909,0.881418181818182,0.905927272727273
114827,69773,45054,0.565906119355808,0.606597104061779,0.702850491606411,15.1345454545455,28.9272727272727,55.9381818181818,1.09636363636364,33.4981818181818,0.194545454545455,23.8181818181818,0.149090909090909,41.2436363636364,-0.199767583786425,2.95549727298997,0.845690909090909,0.881418181818182,0.905927272727273
114846,69778,45068,0.565869611698772,0.606559261293266,0.702846279910366,15.14,28.92,55.94,1.09636363636364,33.4945454545455,0.189090909090909,23.7909090909091,0.170909090909091,41.2581818181818,-0.199863394874741,2.9490783137354,0.845690909090909,0.881418181818182,0.905927272727273
114923,69787,45136,0.565982214618361,0.606517731969931,0.702889115127251,15.1472727272727,28.9109090909091,55.9418181818182,1.09636363636364,33.5,0.172727272727273,23.7654545454545,0.18,41.2854545454545,-0.199754445449534,2.94063016474247,0.845690909090909,0.881418181818182,0.905927272727273
114994,69801,45193,0.565879616290574,0.606425674490899,0.702746744798689,15.1472727272727,28.9145454545455,55.9381818181818,1.09636363636364,33.4854545454545,0.18,23.7763636363636,0.150909090909091,41.3109090909091,-0.198980902101506,2.93691241361878,0.845690909090909,0.881418181818182,0.905927272727273
114915,69817,45098,0.56587253993766,0.606233389708002,0.702659946093002,15.1654545454545,28.8927272727273,55.9418181818182,1.09272727272727,33.4781818181818,0.181818181818182,23.7454545454545,0.161818181818182,41.34,-0.196644312405789,2.90811349099333,0.845690909090909,0.881418181818182,0.905927272727273
115009,69831,45178,0.565798814066006,0.606325083018354,0.702639002501024,15.1727272727273,28.8854545454545,55.9418181818182,1.08545454545455,33.4872727272727,0.170909090909091,23.7181818181818,0.16,41.3781818181818,-0.19558844640851,2.90321385454048,0.845690909090909,0.881418181818182,0.905927272727273
115137,69863,45274,0.56589138288239,0.606370573945138,0.702618759806292,15.1836363636364,28.8709090909091,55.9454545454546,1.08363636363636,33.4872727272727,0.161818181818182,23.7127272727273,0.156363636363636,41.3981818181818,-0.19318496462127,2.91193669966676,0.845690909090909,0.881418181818182,0.905927272727273
115099,69885,45214,0.565906874041307,0.60614369239477,0.702565942484881,15.1909090909091,28.8618181818182,55.9472727272727,1.08363636363636,33.4690909090909,0.154545454545455,23.7072727272727,0.167272727272727,41.4181818181818,-0.191980356003412,2.88645500486547,0.845690909090909,0.881418181818182,0.905927272727273
115059,69890,45169,0.56591185270716,0.606017131691796,0.70248734181302,15.1945454545455,28.8618181818182,55.9436363636364,1.08181818181818,33.4654545454545,0.165454545454545,23.6872727272727,0.150909090909091,41.4490909090909,-0.19115130700679,2.85886752930554,0.845690909090909,0.881418181818182,0.905927272727273
115135,69894,45241,0.565859581867318,0.605983490181395,0.702435779597992,15.1981818181818,28.8618181818182,55.94,1.08181818181818,33.4581818181818,0.149090909090909,23.6927272727273,0.163636363636364,41.4545454545455,-0.191274397193708,2.85822706574743,0.845690909090909,0.881418181818182,0.905927272727273
115189,69908,45281,0.565844682988849,0.605729941290015,0.702490983001734,15.22,28.8418181818182,55.9381818181818,1.07636363636364,33.4690909090909,0.132727272727273,23.6981818181818,0.14,41.4836363636364,-0.188395953483202,2.84679868221283,0.845690909090909,0.881418181818182,0.905927272727273
115140,69913,45227,0.565915422444257,0.605468275499027,0.702515575645167,15.2272727272727,28.8345454545455,55.9381818181818,1.07818181818182,33.4545454545455,0.132727272727273,23.6745454545455,0.158181818181818,41.5018181818182,-0.18815739245408,2.82547368935563,0.845690909090909,0.881418181818182,0.905927272727273
115169,69937,45232,0.565917374420428,0.605269765289422,0.70252253227735,15.24,28.8145454545455,55.9454545454546,1.06909090909091,33.4509090909091,0.141818181818182,23.6745454545455,0.129090909090909,41.5345454545455,-0.184439864356748,2.81222823248668,0.845690909090909,0.881418181818182,0.905927272727273
115178,69950,45228,0.565912014599776,0.605028365970627,0.702490080207557,15.2454545454545,28.8018181818182,55.9527272727273,1.06909090909091,33.4254545454545,0.147272727272727,23.6781818181818,0.134545454545455,41.5454545454545,-0.183340504054319,2.80096324763515,0.845690909090909,0.881418181818182,0.905927272727273
115182,69959,45223,0.565905443400256,0.605037549880334,0.702463108832173,15.2545454545455,28.7927272727273,55.9527272727273,1.06363636363636,33.42,0.14,23.6709090909091,0.118181818181818,41.5872727272727,-0.183078610998663,2.78882884572853,0.845690909090909,0.881418181818182,0.905927272727273
115088,69968,45120,0.565778021262642,0.605041693687186,0.702370593051088,15.2636363636364,28.7909090909091,55.9454545454546,1.06727272727273,33.4127272727273,0.134545454545455,23.6490909090909,0.129090909090909,41.6072727272727,-0.182175372811881,2.7704088201577,0.845690909090909,0.881418181818182,0.905927272727273
115184,69996,45188,0.565815559214569,0.604914035545442,0.702369206705525,15.2963636363636,28.7654545454545,55.9381818181818,1.06363636363636,33.4127272727273,0.147272727272727,23.6127272727273,0.114545454545455,41.6490909090909,-0.176857297808271,2.76952361261303,0.845690909090909,0.881418181818182,0.905927272727273
115188,70009,45179,0.565841170167181,0.60463315926112,0.702386941922848,15.3109090909091,28.7509090909091,55.9381818181818,1.05454545454545,33.4054545454545,0.141818181818182,23.6072727272727,0.141818181818182,41.6490909090909,-0.174164252973754,2.7529899449511,0.845690909090909,0.881418181818182,0.905927272727273
115230,70022,45208,0.565780527789774,0.604492821290104,0.702260699972683,15.3127272727273,28.7563636363636,55.9309090909091,1.05090909090909,33.3836363636364,0.147272727272727,23.6036363636364,0.136363636363636,41.6781818181818,-0.172821521674368,2.75259033753113,0.845690909090909,0.881418181818182,0.905927272727273
115305,70038,45267,0.56573396622207,0.604616146575073,0.702232295476848,15.3181818181818,28.7581818181818,55.9236363636364,1.04545454545455,33.3836363636364,0.129090909090909,23.6054545454545,0.123636363636364,41.7127272727273,-0.17165362553417,2.74954810643738,0.845690909090909,0.881418181818182,0.905927272727273
115359,70054,45305,0.565688292447258,0.60454433265046,0.702210582940684,15.3290909090909,28.7472727272727,55.9236363636364,1.04363636363636,33.3690909090909,0.136363636363636,23.5963636363636,0.123636363636364,41.7309090909091,-0.169777153510685,2.74767974886027,0.845690909090909,0.881418181818182,0.905927272727273
115367,70064,45303,0.56569395536173,0.60428756213842,0.702101602079396,15.34,28.7418181818182,55.9181818181818,1.04363636363636,33.3527272727273,0.136363636363636,23.6,0.112727272727273,41.7545454545455,-0.167751376868744,2.73608196906068,0.845690909090909,0.881418181818182,0.905927272727273
115367,70069,45298,0.565669142028047,0.604084020480737,0.70206072219916,15.3472727272727,28.74,55.9127272727273,1.04,33.3636363636364,0.118181818181818,23.5963636363636,0.112727272727273,41.7690909090909,-0.166688526587148,2.72136152698235,0.845690909090909,0.881418181818182,0.905927272727273
115437,70080,45357,0.565649405204422,0.603973455317384,0.701968419089808,15.3581818181818,28.7254545454545,55.9163636363636,1.03636363636364,33.3581818181818,0.105454545454545,23.6127272727273,0.0854545454545454,41.8018181818182,-0.164593383326163,2.71482651436871,0.845690909090909,0.881418181818182,0.905927272727273
115375,70090,45285,0.565417255161755,0.604138880442251,0.701928501026501,15.3636363636364,28.7272727272727,55.9090909090909,1.03636363636364,33.3454545454545,0.116363636363636,23.6109090909091,0.0818181818181818,41.8090909090909,-0.164800263332489,2.68754161962054,0.845690909090909,0.881418181818182,0.905927272727273
115372,70112,45260,0.565397162747638,0.604017419246016,0.701828055123083,15.3745454545455,28.7218181818182,55.9036363636364,1.03636363636364,33.3454545454545,0.105454545454545,23.6072727272727,0.0981818181818182,41.8072727272727,-0.162078582329824,2.67016603662209,0.845690909090909,0.881418181818182,0.905927272727273
115424,70125,45299,0.56537251712692,0.604003837886754,0.701801201188288,15.3836363636364,28.7218181818182,55.8945454545455,1.03272727272727,33.3418181818182,0.0909090909090909,23.6345454545455,0.0854545454545454,41.8145454545455,-0.16087569328824,2.66492833048105,0.845690909090909,0.881418181818182,0.905927272727273
115412,70132,45280,0.565273237498251,0.603822775956985,0.701759076514285,15.3927272727273,28.72,55.8872727272727,1.02909090909091,33.3236363636364,0.107272727272727,23.6090909090909,0.0981818181818182,41.8327272727273,-0.160212375316504,2.65244410647587,0.845690909090909,0.881418181818182,0.905927272727273
115416,70145,45271,0.565283307785193,0.603750796607571,0.701708809700218,15.3945454545455,28.7218181818182,55.8836363636364,1.02909090909091,33.3309090909091,0.0945454545454545,23.6018181818182,0.0818181818181818,41.8618181818182,-0.159800802912584,2.63391862091693,0.845690909090909,0.881418181818182,0.905927272727273
115398,70164,45234,0.565243866082031,0.603705389076236,0.701550413379818,15.4054545454545,28.7254545454545,55.8690909090909,1.02363636363636,33.3254545454545,0.103636363636364,23.5763636363636,0.0981818181818182,41.8727272727273,-0.158087685013677,2.61607712994922,0.845690909090909,0.881418181818182,0.905927272727273
115412,70171,45241,0.565251681285419,0.603712084381975,0.701429601150577,15.4109090909091,28.7254545454545,55.8636363636364,1.02363636363636,33.3218181818182,0.105454545454545,23.5781818181818,0.0890909090909091,41.8818181818182,-0.158893193019321,2.60689585479823,0.845690909090909,0.881418181818182,0.905927272727273
115426,70178,45248,0.565170517088156,0.603650589546306,0.701350428834843,15.42,28.7236363636364,55.8563636363636,1.02727272727273,33.3072727272727,0.101818181818182,23.5727272727273,0.1,41.8909090909091,-0.158056890132668,2.59973427734592,0.845690909090909,0.881418181818182,0.905927272727273
115451,70200,45251,0.565196315312418,0.603732663971442,0.70122322697144,15.44,28.7218181818182,55.8381818181818,1.02545454545455,33.2927272727273,0.107272727272727,23.5545454545455,0.110909090909091,41.9090909090909,-0.155717720478159,2.59560205394571,0.845690909090909,0.881418181818182,0.905927272727273
115372,70208,45164,0.565108280412397,0.603754454935501,0.701176412883616,15.44,28.7254545454545,55.8345454545455,1.02363636363636,33.2927272727273,0.1,23.5672727272727,0.1,41.9163636363636,-0.155658725573448,2.56940471665426,0.845690909090909,0.881418181818182,0.905927272727273
115294,70230,45064,0.564975633777044,0.603581778225323,0.701141445142766,15.4527272727273,28.7145454545455,55.8327272727273,1.02181818181818,33.2890909090909,0.101818181818182,23.5490909090909,0.105454545454545,41.9327272727273,-0.15283463072,2.55029777159745,0.845690909090909,0.881418181818182,0.905927272727273
115288,70240,45048,0.565035972681707,0.603353341157429,0.701001345965362,15.4636363636364,28.7127272727273,55.8236363636364,1.02181818181818,33.2927272727273,0.0981818181818182,23.5454545454545,0.0927272727272727,41.9490909090909,-0.151041505549272,2.52967326410792,0.845690909090909,0.881418181818182,0.905927272727273
115365,70245,45120,0.565017858482196,0.603547917402512,0.701083522266921,15.4636363636364,28.7127272727273,55.8236363636364,1.02363636363636,33.2763636363636,0.103636363636364,23.5363636363636,0.0909090909090909,41.9690909090909,-0.152582500310382,2.52912229705941,0.845690909090909,0.881418181818182,0.905927272727273
115536,70257,45279,0.565167879732711,0.603577726383343,0.701110593399156,15.4618181818182,28.7181818181818,55.82,1.02181818181818,33.2618181818182,0.103636363636364,23.5290909090909,0.0963636363636364,41.9872727272727,-0.15241391138724,2.53720358217304,0.845690909090909,0.881418181818182,0.905927272727273
115549,70277,45272,0.565142771177885,0.603381178002317,0.701021293056958,15.4836363636364,28.7036363636364,55.8127272727273,1.02363636363636,33.26,0.0927272727272727,23.5418181818182,0.0872727272727273,41.9945454545455,-0.147943144522618,2.52829238901084,0.845690909090909,0.881418181818182,0.905927272727273
115486,70282,45204,0.56507499686378,0.603486108648066,0.70090280277682,15.4818181818182,28.7127272727273,55.8054545454546,1.01818181818182,33.2672727272727,0.0818181818181818,23.5309090909091,0.0909090909090909,42.0109090909091,-0.14841480197078,2.50744558450851,0.845690909090909,0.881418181818182,0.905927272727273
115588,70293,45295,0.565044480697953,0.603490399452372,0.700871570565395,15.4854545454545,28.7163636363636,55.7981818181818,1.01636363636364,33.2527272727273,0.0836363636363636,23.5309090909091,0.0981818181818182,42.0181818181818,-0.147881803683016,2.51034162538973,0.845690909090909,0.881418181818182,0.905927272727273
115588,70297,45291,0.565021040100353,0.603456489910271,0.70082752175397,15.4927272727273,28.7181818181818,55.7890909090909,1.01454545454545,33.24,0.0872727272727273,23.5272727272727,0.0927272727272727,42.0381818181818,-0.147412735183554,2.49878980734132,0.845690909090909,0.881418181818182,0.905927272727273
115637,70311,45326,0.565015037579187,0.603383063421007,0.700749396232632,15.5036363636364,28.7145454545455,55.7818181818182,1.01272727272727,33.2109090909091,0.110909090909091,23.5345454545455,0.0781818181818182,42.0527272727273,-0.146267679598796,2.49277725903825,0.845690909090909,0.881418181818182,0.905927272727273
115648,70317,45331,0.56502588243121,0.603370537297584,0.700692732941113,15.5072727272727,28.7145454545455,55.7781818181818,1.01272727272727,33.1890909090909,0.103636363636364,23.5581818181818,0.08,42.0563636363636,-0.145830167306915,2.48486450531266,0.845690909090909,0.881418181818182,0.905927272727273
115637,70325,45312,0.565012282298713,0.603348088574409,0.70057568522169,15.5145454545455,28.7145454545455,55.7709090909091,1.01272727272727,33.18,0.110909090909091,23.5454545454545,0.0872727272727273,42.0636363636364,-0.144710707458382,2.47380990365689,0.845690909090909,0.881418181818182,0.905927272727273
115569,70323,45246,0.564990754087172,0.603297940635845,0.700453074434754,15.52,28.72,55.76,1.01090909090909,33.1709090909091,0.109090909090909,23.5527272727273,0.08,42.0763636363636,-0.145150943655277,2.4478875153444,0.845690909090909,0.881418181818182,0.905927272727273
115607,70343,45264,0.565016943221076,0.603390276239834,0.700418033249165,15.5236363636364,28.72,55.7563636363636,1.01272727272727,33.16,0.112727272727273,23.5327272727273,0.0981818181818182,42.0836363636364,-0.143681356093095,2.44224477031014,0.845690909090909,0.881418181818182,0.905927272727273
115554,70348,45206,0.564971212210971,0.603380350884091,0.700412336617438,15.5272727272727,28.72,55.7527272727273,1.01090909090909,33.1436363636364,0.121818181818182,23.5181818181818,0.110909090909091,42.0945454545455,-0.143153484734251,2.42867403192954,0.845690909090909,0.881418181818182,0.905927272727273
115567,70363,45204,0.564866946995296,0.603496016036806,0.70035206831505,15.5272727272727,28.7218181818182,55.7509090909091,1.00909090909091,33.1327272727273,0.12,23.5218181818182,0.103636363636364,42.1127272727273,-0.14188276830087,2.41323597078974,0.845690909090909,0.881418181818182,0.905927272727273
115557,70377,45180,0.564840148583176,0.603292500274009,0.700361411098379,15.5381818181818,28.7072727272727,55.7545454545455,1.00363636363636,33.1327272727273,0.118181818181818,23.5109090909091,0.105454545454545,42.1290909090909,-0.139111783928555,2.40150353942405,0.845690909090909,0.881418181818182,0.905927272727273
115536,70382,45154,0.564756845539046,0.603319940622185,0.700335357736343,15.54,28.7109090909091,55.7490909090909,1,33.1254545454545,0.0963636363636364,23.52,0.118181818181818,42.14,-0.138583445253475,2.40385039313273,0.845690909090909,0.881418181818182,0.905927272727273
115539,70382,45157,0.564813104385754,0.603247429109982,0.700204451984806,15.5490909090909,28.7036363636364,55.7472727272727,0.994545454545454,33.12,0.105454545454545,23.5054545454545,0.112727272727273,42.1618181818182,-0.138007154372859,2.39304366592657,0.845690909090909,0.881418181818182,0.905927272727273
115610,70396,45214,0.56478848794889,0.603142281187288,0.700201713602348,15.5527272727273,28.7054545454545,55.7418181818182,0.992727272727273,33.1054545454545,0.1,23.5218181818182,0.0909090909090909,42.1890909090909,-0.136098485600616,2.3961989631707,0.845690909090909,0.881418181818182,0.905927272727273
115590,70404,45186,0.564732284893424,0.603051284226107,0.70012758299737,15.5527272727273,28.7018181818182,55.7454545454545,0.990909090909091,33.0927272727273,0.0909090909090909,23.5381818181818,0.0781818181818182,42.2090909090909,-0.134897333042516,2.37600370571017,0.845690909090909,0.881418181818182,0.905927272727273
115729,70410,45319,0.564921872536654,0.603055208674861,0.700129121067499,15.5490909090909,28.7018181818182,55.7490909090909,0.990909090909091,33.0709090909091,0.0963636363636364,23.5418181818182,0.08,42.22,-0.13460470866703,2.40054854872552,0.845690909090909,0.881418181818182,0.905927272727273
115792,70413,45379,0.564916860991916,0.603063815944834,0.700063496213119,15.5527272727273,28.6981818181818,55.7490909090909,0.985454545454546,33.0509090909091,0.101818181818182,23.5345454545455,0.0854545454545454,42.2418181818182,-0.133957783056857,2.40223308916796,0.845690909090909,0.881418181818182,0.905927272727273
115801,70422,45379,0.564878800355735,0.603022967912692,0.700130232396702,15.5527272727273,28.7,55.7472727272727,0.978181818181818,33.0381818181818,0.112727272727273,23.5163636363636,0.0836363636363636,42.2709090909091,-0.133260380231183,2.3917421604422,0.845690909090909,0.881418181818182,0.905927272727273
115849,70428,45421,0.564859782393154,0.603001360781111,0.700201990936242,15.5563636363636,28.7,55.7436363636364,0.976363636363636,33.0181818181818,0.109090909090909,23.5145454545455,0.0781818181818182,42.3036363636364,-0.132732709520232,2.39206339114092,0.845690909090909,0.881418181818182,0.905927272727273
115536,70435,45101,0.564813226168018,0.602508307194172,0.700146743032953,15.5563636363636,28.7,55.7436363636364,0.974545454545454,32.9927272727273,0.121818181818182,23.4981818181818,0.0818181818181818,42.3309090909091,-0.131767036179504,2.34772416454825,0.845690909090909,0.881418181818182,0.905927272727273
115570,70443,45127,0.564778517547679,0.602541604336232,0.700189632268998,15.5545454545455,28.6963636363636,55.7490909090909,0.967272727272727,32.9818181818182,0.103636363636364,23.5090909090909,0.0763636363636364,42.3618181818182,-0.131031358285691,2.33467013795267,0.845690909090909,0.881418181818182,0.905927272727273
115552,70453,45099,0.564779327141121,0.602373655854824,0.700163273388781,15.56,28.6909090909091,55.7490909090909,0.965454545454546,32.9709090909091,0.0909090909090909,23.5054545454545,0.0745454545454545,42.3927272727273,-0.12933637424642,2.31666364053434,0.845690909090909,0.881418181818182,0.905927272727273
115598,70453,45145,0.564710890762247,0.6024617432299,0.700174049602932,15.5581818181818,28.6927272727273,55.7490909090909,0.96,32.9581818181818,0.0836363636363636,23.4981818181818,0.08,42.42,-0.129616675345725,2.3115593416447,0.845690909090909,0.881418181818182,0.905927272727273
115607,70459,45148,0.564657118334403,0.602383069030694,0.700076719319665,15.5581818181818,28.6927272727273,55.7490909090909,0.954545454545455,32.9527272727273,0.0945454545454545,23.46,0.0727272727272727,42.4654545454545,-0.128417420197299,2.30443985218352,0.845690909090909,0.881418181818182,0.905927272727273
115579,70467,45112,0.564664014969888,0.602441840102743,0.700103921730276,15.5545454545455,28.7,55.7454545454545,0.950909090909091,32.9472727272727,0.105454545454545,23.4181818181818,0.0818181818181818,42.4963636363636,-0.1277466002521,2.29256176738576,0.845690909090909,0.881418181818182,0.905927272727273
115602,70470,45132,0.564577578191867,0.602435736323851,0.700095292308671,15.5545454545455,28.7,55.7454545454545,0.949090909090909,32.9436363636364,0.0945454545454545,23.3927272727273,0.0836363636363636,42.5363636363636,-0.127525499228928,2.28491264839064,0.845690909090909,0.881418181818182,0.905927272727273
115715,70488,45227,0.564542301868633,0.602514488879097,0.700199529239788,15.5527272727273,28.7054545454545,55.7418181818182,0.943636363636364,32.9454545454545,0.08,23.38,0.0763636363636364,42.5745454545455,-0.125445687625589,2.29160311232236,0.845690909090909,0.881418181818182,0.905927272727273
115488,70489,44999,0.564494238243133,0.602169722065753,0.700248793667242,15.5472727272727,28.7072727272727,55.7454545454545,0.941818181818182,32.9290909090909,0.0872727272727273,23.34,0.0836363636363636,42.6181818181818,-0.125362807173356,2.23183158402416,0.845690909090909,0.881418181818182,0.905927272727273
115474,70495,44979,0.564463902230501,0.60206634014121,0.700226318918193,15.5472727272727,28.7054545454545,55.7472727272727,0.94,32.9363636363636,0.0963636363636364,23.2927272727273,0.0818181818181818,42.6527272727273,-0.12427807046836,2.22115109705112,0.845690909090909,0.881418181818182,0.905927272727273
115630,70497,45133,0.564463239180349,0.602199106598602,0.700235132975375,15.5490909090909,28.7036363636364,55.7472727272727,0.932727272727273,32.9381818181818,0.101818181818182,23.24,0.0890909090909091,42.6981818181818,-0.124415476229677,2.24691788970747,0.845690909090909,0.881418181818182,0.905927272727273
115572,70499,45073,0.56444464744472,0.602029369404425,0.700241828030886,15.5490909090909,28.7,55.7509090909091,0.934545454545455,32.9436363636364,0.0818181818181818,23.1963636363636,0.109090909090909,42.7345454545455,-0.124113056316062,2.22838134582747,0.845690909090909,0.881418181818182,0.905927272727273
115522,70502,45020,0.564441915580107,0.601787193226249,0.700227621782821,15.5527272727273,28.6927272727273,55.7545454545455,0.930909090909091,32.9490909090909,0.0854545454545454,23.1527272727273,0.0963636363636364,42.7854545454545,-0.123307641332345,2.20591064654291,0.845690909090909,0.881418181818182,0.905927272727273
115623,70504,45119,0.564434636665867,0.601845721857314,0.700221677326944,15.5509090909091,28.6927272727273,55.7563636363636,0.927272727272727,32.9472727272727,0.0890909090909091,23.1036363636364,0.0763636363636364,42.8563636363636,-0.123386368791795,2.20649996118789,0.845690909090909,0.881418181818182,0.905927272727273
115647,70514,45133,0.564412695763956,0.601817962678138,0.700231395699992,15.5527272727273,28.6872727272727,55.76,0.92,32.94,0.0963636363636364,23.06,0.0818181818181818,42.9018181818182,-0.123706014671056,2.19934059601616,0.845690909090909,0.881418181818182,0.905927272727273
115729,70520,45209,0.564391760207639,0.601889565416959,0.700236642184996,15.5490909090909,28.6872727272727,55.7636363636364,0.918181818181818,32.9363636363636,0.1,23.02,0.08,42.9454545454546,-0.122959512829865,2.20739867517894,0.845690909090909,0.881418181818182,0.905927272727273
115724,70524,45200,0.564357350466035,0.601846514964538,0.700261581881897,15.5472727272727,28.6890909090909,55.7636363636364,0.914545454545455,32.94,0.0981818181818182,22.9763636363636,0.0763636363636364,42.9945454545455,-0.123289701579647,2.19857351952656,0.845690909090909,0.881418181818182,0.905927272727273
115632,70530,45102,0.564351799516218,0.601672386142839,0.700228437406231,15.5490909090909,28.6872727272727,55.7636363636364,0.903636363636364,32.9454545454545,0.0963636363636364,22.9418181818182,0.0709090909090909,43.0418181818182,-0.123010131209263,2.17685718285767,0.845690909090909,0.881418181818182,0.905927272727273
115464,70523,44941,0.564330791696264,0.601309579492814,0.700161017203696,15.5472727272727,28.6963636363636,55.7563636363636,0.898181818181818,32.9709090909091,0.0890909090909091,22.8618181818182,0.0709090909090909,43.1090909090909,-0.124088459348687,2.1452856305648,0.845690909090909,0.881418181818182,0.905927272727273
115387,70521,44866,0.564418851448984,0.601060195493745,0.700153264911183,15.5490909090909,28.6945454545455,55.7563636363636,0.898181818181818,33,0.0781818181818182,22.8036363636364,0.0727272727272727,43.1472727272727,-0.124241069495805,2.10807611278512,0.845690909090909,0.881418181818182,0.905927272727273
115337,70523,44814,0.564425071961936,0.601021586211338,0.700117469827763,15.5490909090909,28.6963636363636,55.7545454545455,0.892727272727273,33.0163636363636,0.0781818181818182,22.7418181818182,0.0781818181818182,43.1927272727273,-0.12417557554092,2.09114693606442,0.845690909090909,0.881418181818182,0.905927272727273
115365,70532,44833,0.56435719512225,0.601035175618749,0.70014271988782,15.5490909090909,28.6981818181818,55.7527272727273,0.887272727272727,33.0345454545455,0.0890909090909091,22.6727272727273,0.0818181818181818,43.2345454545455,-0.123397776873753,2.08567429645495,0.845690909090909,0.881418181818182,0.905927272727273
115406,70539,44867,0.564349678262345,0.60091886963788,0.700114198663969,15.5527272727273,28.6945454545455,55.7527272727273,0.889090909090909,33.0672727272727,0.0727272727272727,22.62,0.0618181818181818,43.2890909090909,-0.122420944075897,2.08050402578982,0.845690909090909,0.881418181818182,0.905927272727273
115332,70535,44797,0.564482508135243,0.600736099195229,0.700102202295622,15.5545454545455,28.6909090909091,55.7545454545455,0.887272727272727,33.08,0.0836363636363636,22.5618181818182,0.0654545454545455,43.3218181818182,-0.122848878690407,2.05752792101015,0.845690909090909,0.881418181818182,0.905927272727273
115484,70539,44945,0.564457717528425,0.601010875773003,0.700051764401334,15.5545454545455,28.6927272727273,55.7527272727273,0.881818181818182,33.0945454545455,0.0818181818181818,22.5036363636364,0.0727272727272727,43.3654545454545,-0.122496985100522,2.08483624749563,0.845690909090909,0.881418181818182,0.905927272727273
115505,70543,44962,0.564493925630869,0.600959550227637,0.700075820397638,15.5563636363636,28.6909090909091,55.7527272727273,0.881818181818182,33.1163636363636,0.0836363636363636,22.4290909090909,0.0836363636363636,43.4054545454546,-0.122624305803567,2.07370424406095,0.845690909090909,0.881418181818182,0.905927272727273
115479,70552,44927,0.564443925788229,0.60080678107777,0.700067855274153,15.5563636363636,28.6890909090909,55.7545454545455,0.878181818181818,33.1490909090909,0.0672727272727273,22.3436363636364,0.0981818181818182,43.4636363636364,-0.121463820074992,2.06096039265394,0.845690909090909,0.881418181818182,0.905927272727273
115530,70555,44975,0.564410240861228,0.600705030777532,0.700106198386221,15.5527272727273,28.6854545454545,55.7618181818182,0.876363636363636,33.1618181818182,0.0727272727272727,22.2909090909091,0.0818181818181818,43.5163636363636,-0.120916815005727,2.05524270067161,0.845690909090909,0.881418181818182,0.905927272727273
115573,70559,45014,0.564466908851073,0.600745369654867,0.700034063299328,15.5509090909091,28.6909090909091,55.7581818181818,0.872727272727273,33.1781818181818,0.0818181818181818,22.2145454545455,0.08,43.5727272727273,-0.120612644869437,2.05144508758729,0.845690909090909,0.881418181818182,0.905927272727273
115586,70557,45029,0.564448466120234,0.60075633115568,0.700074973675931,15.5490909090909,28.6927272727273,55.7581818181818,0.870909090909091,33.1981818181818,0.0818181818181818,22.1418181818182,0.0854545454545454,43.6218181818182,-0.120925104607026,2.03880246484822,0.845690909090909,0.881418181818182,0.905927272727273
115329,70557,44772,0.564480028389265,0.600311766162325,0.699943683723163,15.5509090909091,28.7,55.7490909090909,0.869090909090909,33.2181818181818,0.0836363636363636,22.0709090909091,0.0927272727272727,43.6654545454545,-0.121332580101179,1.9740053603595,0.845690909090909,0.881418181818182,0.905927272727273
115179,70557,44622,0.564482870160753,0.600001579829578,0.69989341398404,15.5509090909091,28.7,55.7490909090909,0.869090909090909,33.2454545454545,0.08,21.9909090909091,0.0945454545454545,43.72,-0.121493307411253,1.92014632915909,0.845690909090909,0.881418181818182,0.905927272727273
115225,70559,44666,0.564390570352269,0.600029249834159,0.699920644790787,15.5472727272727,28.7072727272727,55.7454545454545,0.863636363636364,33.2745454545455,0.0727272727272727,21.9381818181818,0.08,43.7709090909091,-0.12165856773678,1.91267550689253,0.845690909090909,0.881418181818182,0.905927272727273
115361,70560,44801,0.564363963863372,0.60005531584709,0.69978814130601,15.5472727272727,28.7109090909091,55.7418181818182,0.86,33.3072727272727,0.0690909090909091,21.8581818181818,0.0909090909090909,43.8145454545455,-0.120073346422908,1.93045072955164,0.845690909090909,0.881418181818182,0.905927272727273
115321,70562,44759,0.564286090711791,0.599938061293947,0.699795998433223,15.5418181818182,28.7145454545455,55.7436363636364,0.856363636363636,33.34,0.0745454545454545,21.7818181818182,0.1,43.8472727272727,-0.121086026096732,1.90948034619743,0.845690909090909,0.881418181818182,0.905927272727273
115443,70562,44881,0.564251439782515,0.600108246378067,0.699798999110872,15.54,28.7163636363636,55.7436363636364,0.856363636363636,33.3672727272727,0.0781818181818182,21.7163636363636,0.0872727272727273,43.8945454545455,-0.121336203981297,1.93084697967226,0.845690909090909,0.881418181818182,0.905927272727273
115473,70565,44908,0.564275972389063,0.600028924106639,0.699870301120159,15.5436363636364,28.7072727272727,55.7490909090909,0.858181818181818,33.4054545454545,0.0636363636363636,21.6581818181818,0.0727272727272727,43.9418181818182,-0.121118972803313,1.92230855619366,0.845690909090909,0.881418181818182,0.905927272727273
115491,70565,44926,0.564258538665112,0.600002050232655,0.69992276874394,15.54,28.7018181818182,55.7581818181818,0.852727272727273,33.4363636363636,0.0672727272727273,21.58,0.0709090909090909,43.9927272727273,-0.121168567928875,1.91425394829024,0.845690909090909,0.881418181818182,0.905927272727273
115439,70570,44869,0.564197782369107,0.59987531107618,0.69990007530832,15.5436363636364,28.6981818181818,55.7581818181818,0.852727272727273,33.4527272727273,0.0690909090909091,21.5145454545455,0.08,44.0309090909091,-0.119281135496633,1.8925486148081,0.845690909090909,0.881418181818182,0.905927272727273
115465,70574,44891,0.564218843687052,0.599818548215218,0.699915996853864,15.5454545454545,28.6945454545455,55.76,0.847272727272727,33.4745454545455,0.0872727272727273,21.4454545454545,0.0745454545454545,44.0709090909091,-0.119632978030727,1.88488651493734,0.845690909090909,0.881418181818182,0.905927272727273
115591,70578,45013,0.564268268630651,0.599921059006024,0.69996166313509,15.5454545454545,28.6981818181818,55.7563636363636,0.84,33.5018181818182,0.0872727272727273,21.3818181818182,0.0709090909090909,44.1181818181818,-0.120026227725545,1.89108473265713,0.845690909090909,0.881418181818182,0.905927272727273
115573,70585,44988,0.564287693297742,0.599789284374407,0.699897869622679,15.5472727272727,28.7018181818182,55.7509090909091,0.841818181818182,33.5418181818182,0.0781818181818182,21.3090909090909,0.0781818181818182,44.1509090909091,-0.119495444521387,1.88208252299916,0.845690909090909,0.881418181818182,0.905927272727273
115422,70595,44827,0.56429084666873,0.59956811289188,0.699918044771573,15.5472727272727,28.6963636363636,55.7563636363636,0.834545454545455,33.5690909090909,0.0836363636363636,21.2163636363636,0.0909090909090909,44.2054545454545,-0.118463003491541,1.85524537068876,0.845690909090909,0.881418181818182,0.905927272727273
115518,70596,44922,0.564358814569507,0.599486201763143,0.69990958887088,15.5509090909091,28.6945454545455,55.7545454545455,0.834545454545455,33.6109090909091,0.0690909090909091,21.1581818181818,0.08,44.2472727272727,-0.119259980082147,1.85757884471254,0.845690909090909,0.881418181818182,0.905927272727273
115461,70594,44867,0.564294583370872,0.599395719143633,0.699880635473245,15.5472727272727,28.7018181818182,55.7509090909091,0.832727272727273,33.6327272727273,0.0654545454545455,21.0963636363636,0.0690909090909091,44.3036363636364,-0.119938261642925,1.83374512080442,0.845690909090909,0.881418181818182,0.905927272727273
115522,70596,44926,0.564284237645571,0.599510141429365,0.699922703426393,15.5454545454545,28.7,55.7545454545455,0.830909090909091,33.6581818181818,0.0727272727272727,21.0290909090909,0.0636363636363636,44.3454545454545,-0.120031513557346,1.8357983421873,0.845690909090909,0.881418181818182,0.905927272727273
115528,70599,44929,0.564290234672937,0.59940002408229,0.69981829789626,15.5454545454545,28.6981818181818,55.7563636363636,0.829090909090909,33.6945454545455,0.06,20.9709090909091,0.0709090909090909,44.3745454545455,-0.119163139454758,1.83153215511279,0.845690909090909,0.881418181818182,0.905927272727273
115583,70605,44978,0.564345904487791,0.599381104135036,0.699858487751637,15.5454545454545,28.6945454545455,55.76,0.823636363636364,33.7090909090909,0.0672727272727273,20.9236363636364,0.0618181818181818,44.4145454545455,-0.118318534714358,1.83065964247693,0.845690909090909,0.881418181818182,0.905927272727273
115591,70606,44985,0.564273093852871,0.599326581515193,0.699965086340878,15.5436363636364,28.6909090909091,55.7654545454546,0.823636363636364,33.7072727272727,0.0781818181818182,20.86,0.0654545454545455,44.4654545454545,-0.118959355856945,1.81877685331485,0.845690909090909,0.881418181818182,0.905927272727273
115629,70602,45027,0.564281455618232,0.5992369366798,0.699938476987569,15.5454545454545,28.6872727272727,55.7672727272727,0.82,33.7381818181818,0.0654545454545455,20.8327272727273,0.0545454545454545,44.4890909090909,-0.119863060790654,1.8140744253993,0.845690909090909,0.881418181818182,0.905927272727273
115627,70600,45027,0.564251193772323,0.599205881372703,0.699890926517284,15.5436363636364,28.6927272727273,55.7636363636364,0.818181818181818,33.7636363636364,0.0618181818181818,20.7654545454545,0.0636363636363636,44.5272727272727,-0.120123199713866,1.80259561762214,0.845690909090909,0.881418181818182,0.905927272727273
115526,70600,44926,0.564128950285917,0.599150881731019,0.699831742592863,15.54,28.6963636363636,55.7636363636364,0.818181818181818,33.7872727272727,0.0690909090909091,20.6745454545455,0.0672727272727273,44.5836363636364,-0.119245227353663,1.76850778446956,0.845690909090909,0.881418181818182,0.905927272727273
115414,70610,44804,0.564155531636638,0.598891595607803,0.699795845329425,15.5363636363636,28.7036363636364,55.76,0.816363636363636,33.8145454545455,0.0690909090909091,20.6272727272727,0.0654545454545455,44.6072727272727,-0.118416942698968,1.73701899004253,0.845690909090909,0.881418181818182,0.905927272727273
115427,70612,44815,0.564156410109362,0.59883020336288,0.699802080885241,15.5345454545455,28.7036363636364,55.7618181818182,0.810909090909091,33.8327272727273,0.0763636363636364,20.5927272727273,0.0527272727272727,44.6345454545455,-0.118265731452663,1.72640829756856,0.845690909090909,0.881418181818182,0.905927272727273
115356,70610,44746,0.564152797077937,0.598673675016378,0.699793791060716,15.5327272727273,28.7072727272727,55.76,0.810909090909091,33.8818181818182,0.0690909090909091,20.5054545454545,0.06,44.6727272727273,-0.119775118724184,1.68906588926911,0.845690909090909,0.881418181818182,0.905927272727273
115237,70609,44628,0.564077361823429,0.598428939519013,0.6998075926767,15.5290909090909,28.7054545454545,55.7654545454546,0.805454545454545,33.8909090909091,0.0618181818181818,20.4727272727273,0.0545454545454545,44.7145454545455,-0.119667417654008,1.66444807167758,0.845690909090909,0.881418181818182,0.905927272727273
115444,70615,44829,0.564131917852983,0.598793642502409,0.699767430769917,15.5272727272727,28.7054545454545,55.7672727272727,0.805454545454545,33.9127272727273,0.06,20.4290909090909,0.0581818181818182,44.7345454545455,-0.118862377549389,1.70195936391299,0.845690909090909,0.881418181818182,0.905927272727273
115619,70626,44993,0.564145484149709,0.598991150826071,0.699788907902961,15.5290909090909,28.7,55.7709090909091,0.803636363636364,33.9581818181818,0.0545454545454545,20.3672727272727,0.0709090909090909,44.7454545454545,-0.117848172452928,1.72097697962414,0.845690909090909,0.881418181818182,0.905927272727273
115581,70632,44949,0.563999073889581,0.598923665874056,0.699819140612508,15.5309090909091,28.7,55.7690909090909,0.8,33.9927272727273,0.0581818181818182,20.3127272727273,0.06,44.7763636363636,-0.118443613034602,1.69864909818227,0.845690909090909,0.881418181818182,0.905927272727273
115515,70634,44881,0.563994994447078,0.598650928927654,0.699747417628217,15.5309090909091,28.6981818181818,55.7709090909091,0.801818181818182,34.0254545454545,0.0545454545454545,20.2490909090909,0.0581818181818182,44.8109090909091,-0.116973136116774,1.67719427916137,0.845690909090909,0.881418181818182,0.905927272727273
115603,70644,44959,0.563950869011146,0.598735221337832,0.699785409741158,15.5309090909091,28.6945454545455,55.7745454545455,0.794545454545455,34.0727272727273,0.0636363636363636,20.1854545454545,0.0581818181818182,44.8254545454545,-0.11551997902147,1.68928028731184,0.845690909090909,0.881418181818182,0.905927272727273
115515,70654,44861,0.563945160334637,0.598712997195044,0.699838062143141,15.5309090909091,28.6890909090909,55.78,0.787272727272727,34.1036363636364,0.0618181818181818,20.14,0.0745454545454545,44.8327272727273,-0.115692188878694,1.66564149064097,0.845690909090909,0.881418181818182,0.905927272727273
115650,70660,44990,0.56399504860109,0.598801801600273,0.699880310671485,15.5290909090909,28.6890909090909,55.7818181818182,0.787272727272727,34.1254545454545,0.0581818181818182,20.1145454545455,0.0545454545454545,44.86,-0.116033224511722,1.67435635043816,0.845690909090909,0.881418181818182,0.905927272727273
115652,70660,44992,0.564009191497424,0.598633986049039,0.699785600716671,15.5345454545455,28.6854545454545,55.78,0.781818181818182,34.1636363636364,0.0527272727272727,20.06,0.0690909090909091,44.8727272727273,-0.114345973862311,1.65860298377546,0.845690909090909,0.881418181818182,0.905927272727273
115778,70660,45118,0.564006154414521,0.598632836897151,0.69976210741317,15.5363636363636,28.6818181818182,55.7818181818182,0.776363636363636,34.1927272727273,0.0636363636363636,20.0109090909091,0.0763636363636364,44.88,-0.113665851667478,1.6658309883692,0.845690909090909,0.881418181818182,0.905927272727273
115739,70663,45076,0.564014276525171,0.59845883404907,0.699694662041739,15.54,28.6818181818182,55.7781818181818,0.772727272727273,34.2345454545455,0.0654545454545455,19.9327272727273,0.0745454545454545,44.92,-0.113149496688063,1.65470844832334,0.845690909090909,0.881418181818182,0.905927272727273
115780,70671,45109,0.564016748750985,0.59871003401749,0.69972997826658,15.5363636363636,28.6836363636364,55.78,0.767272727272727,34.2690909090909,0.0654545454545455,19.8654545454545,0.0781818181818182,44.9545454545455,-0.114213884928309,1.65408417582512,0.845690909090909,0.881418181818182,0.905927272727273
115722,70668,45054,0.563943845101954,0.59862458421497,0.699787820175267,15.5345454545455,28.6745454545455,55.7909090909091,0.765454545454545,34.3127272727273,0.0672727272727273,19.8327272727273,0.0618181818181818,44.96,-0.114453087863975,1.62982444444841,0.845690909090909,0.881418181818182,0.905927272727273
115706,70672,45034,0.563924277531964,0.598569694415044,0.699782168363118,15.5327272727273,28.6763636363636,55.7909090909091,0.76,34.3290909090909,0.06,19.8018181818182,0.0672727272727273,44.9818181818182,-0.113500066964876,1.61950504048304,0.845690909090909,0.881418181818182,0.905927272727273
115653,70672,44981,0.563809373946142,0.598461548521351,0.699765329912462,15.5272727272727,28.68,55.7927272727273,0.76,34.3545454545455,0.0527272727272727,19.7509090909091,0.0636363636363636,45.0181818181818,-0.112605056984996,1.59550782516599,0.845690909090909,0.881418181818182,0.905927272727273
115617,70676,44941,0.563788054402127,0.598285999476955,0.699668250998698,15.5236363636364,28.6927272727273,55.7836363636364,0.758181818181818,34.3945454545455,0.0636363636363636,19.6745454545455,0.0618181818181818,45.0472727272727,-0.112467763522463,1.577586551417,0.845690909090909,0.881418181818182,0.905927272727273
115594,70672,44922,0.563724686397401,0.598190529046477,0.699676916095724,15.5236363636364,28.6963636363636,55.78,0.750909090909091,34.4290909090909,0.06,19.6236363636364,0.0654545454545455,45.0709090909091,-0.112238573110781,1.56140969802033,0.845690909090909,0.881418181818182,0.905927272727273
115593,70666,44927,0.563746768813997,0.598275736748208,0.699704968451,15.52,28.6945454545455,55.7854545454545,0.743636363636364,34.4545454545455,0.0545454545454545,19.5981818181818,0.0636363636363636,45.0854545454546,-0.113991883200255,1.55204688981175,0.845690909090909,0.881418181818182,0.905927272727273
115596,70666,44930,0.563744757697693,0.598224119931826,0.699702921746709,15.52,28.6945454545455,55.7854545454545,0.736363636363636,34.4854545454545,0.0563636363636364,19.5454545454545,0.0654545454545455,45.1109090909091,-0.114133246061432,1.54002351042899,0.845690909090909,0.881418181818182,0.905927272727273
115719,70678,45041,0.563707186622328,0.598475861993809,0.699721960845774,15.5181818181818,28.6927272727273,55.7890909090909,0.727272727272727,34.5036363636364,0.0545454545454545,19.5254545454545,0.0545454545454545,45.1345454545455,-0.112784501445937,1.5542623209005,0.845690909090909,0.881418181818182,0.905927272727273
115685,70678,45007,0.563741625160109,0.598342852168047,0.699676902647124,15.52,28.6927272727273,55.7872727272727,0.727272727272727,34.4963636363636,0.0654545454545455,19.5090909090909,0.0509090909090909,45.1509090909091,-0.11243337382151,1.54551317922094,0.845690909090909,0.881418181818182,0.905927272727273
115688,70676,45012,0.563703763000716,0.598383302160738,0.699690902846543,15.5163636363636,28.6981818181818,55.7854545454545,0.721818181818182,34.5309090909091,0.0618181818181818,19.4527272727273,0.06,45.1727272727273,-0.112743006239775,1.53155265877193,0.845690909090909,0.881418181818182,0.905927272727273
115755,70680,45075,0.563748679700459,0.598524952364792,0.699688563847542,15.5090909090909,28.7054545454545,55.7854545454545,0.721818181818182,34.5563636363636,0.0563636363636364,19.4145454545455,0.0581818181818182,45.1927272727273,-0.112717665836813,1.53152860816229,0.845690909090909,0.881418181818182,0.905927272727273
115691,70676,45015,0.56375775058742,0.598434777190597,0.699678285806166,15.5109090909091,28.7036363636364,55.7854545454545,0.718181818181818,34.5745454545455,0.0509090909090909,19.38,0.0636363636363636,45.2127272727273,-0.11486450222391,1.5111715873534,0.845690909090909,0.881418181818182,0.905927272727273
115710,70676,45034,0.563715672879834,0.598349530833805,0.699662648204687,15.5090909090909,28.7036363636364,55.7872727272727,0.714545454545455,34.6,0.0418181818181818,19.3490909090909,0.0581818181818182,45.2363636363636,-0.114103972741379,1.50840317962522,0.845690909090909,0.881418181818182,0.905927272727273
115708,70672,45036,0.563674411569067,0.598224953342446,0.699690336656746,15.5109090909091,28.6963636363636,55.7927272727273,0.710909090909091,34.5981818181818,0.0381818181818182,19.3618181818182,0.0581818181818182,45.2327272727273,-0.113183656722421,1.49935246672143,0.845690909090909,0.881418181818182,0.905927272727273
115642,70668,44974,0.563653598995476,0.598107604968755,0.699728342263646,15.5072727272727,28.7,55.7927272727273,0.705454545454545,34.6090909090909,0.0490909090909091,19.3472727272727,0.0454545454545455,45.2436363636364,-0.115319094877817,1.48003492478959,0.845690909090909,0.881418181818182,0.905927272727273
115562,70670,44892,0.563620453275199,0.598003323869125,0.699728022658604,15.5109090909091,28.6963636363636,55.7927272727273,0.703636363636364,34.6236363636364,0.0527272727272727,19.3163636363636,0.0490909090909091,45.2545454545455,-0.116702615302678,1.4485827814449,0.845690909090909,0.881418181818182,0.905927272727273
115570,70684,44886,0.563584492327677,0.597965613215911,0.699742369682232,15.5109090909091,28.6945454545455,55.7945454545455,0.701818181818182,34.6327272727273,0.0563636363636364,19.2781818181818,0.0563636363636364,45.2745454545455,-0.114384852613214,1.44080171507191,0.845690909090909,0.881418181818182,0.905927272727273
115628,70682,44946,0.563546880055858,0.597936447639515,0.699737745588692,15.5109090909091,28.6963636363636,55.7927272727273,0.696363636363636,34.6309090909091,0.0509090909090909,19.2836363636364,0.0472727272727273,45.2909090909091,-0.114601413033101,1.44397860914469,0.845690909090909,0.881418181818182,0.905927272727273
115578,70680,44898,0.563414763096147,0.597871835106331,0.699699905538342,15.5018181818182,28.6963636363636,55.8018181818182,0.692727272727273,34.6236363636364,0.0563636363636364,19.2563636363636,0.0654545454545455,45.3054545454546,-0.112977756220591,1.40949712954462,0.845690909090909,0.881418181818182,0.905927272727273
115582,70682,44900,0.563511006683495,0.597803052611383,0.699650129361265,15.5,28.7,55.8,0.690909090909091,34.6309090909091,0.0472727272727273,19.2509090909091,0.0636363636363636,45.3163636363636,-0.112853124042819,1.40171744110571,0.845690909090909,0.881418181818182,0.905927272727273
115644,70680,44964,0.563508324458764,0.597890550702396,0.699657282409043,15.5036363636364,28.6981818181818,55.7981818181818,0.687272727272727,34.6254545454545,0.0418181818181818,19.2527272727273,0.0381818181818182,45.3545454545455,-0.114940244994333,1.39742614486339,0.845690909090909,0.881418181818182,0.905927272727273
115545,70666,44879,0.563416247834673,0.597666842105014,0.699724238247617,15.5,28.6963636363636,55.8036363636364,0.685454545454545,34.6327272727273,0.0363636363636364,19.2236363636364,0.0545454545454545,45.3672727272727,-0.117817588734628,1.37089074181223,0.845690909090909,0.881418181818182,0.905927272727273
115620,70666,44954,0.563397814485636,0.597685512188084,0.699706351316512,15.5,28.6890909090909,55.8109090909091,0.681818181818182,34.6218181818182,0.04,19.2236363636364,0.0527272727272727,45.38,-0.117087291537279,1.37246020256796,0.845690909090909,0.881418181818182,0.905927272727273
115718,70674,45044,0.563372840067012,0.597748405288864,0.699689960587311,15.5018181818182,28.6890909090909,55.8090909090909,0.674545454545455,34.6036363636364,0.0436363636363636,19.2127272727273,0.0618181818181818,45.4036363636364,-0.114903978035198,1.38199791075154,0.845690909090909,0.881418181818182,0.905927272727273
115729,70672,45057,0.563426729537782,0.597837789346273,0.699613271264733,15.5018181818182,28.6945454545455,55.8036363636364,0.669090909090909,34.6109090909091,0.0472727272727273,19.2036363636364,0.0509090909090909,45.4181818181818,-0.116651436504485,1.37922481317073,0.845690909090909,0.881418181818182,0.905927272727273
115712,70670,45042,0.563331939578108,0.597811267038225,0.699608092181529,15.4963636363636,28.6981818181818,55.8054545454546,0.663636363636364,34.6254545454545,0.0436363636363636,19.1690909090909,0.0581818181818182,45.44,-0.115808346675608,1.37615876968273,0.845690909090909,0.881418181818182,0.905927272727273
115751,70678,45073,0.56333044302149,0.597799044336941,0.699705407073561,15.4981818181818,28.6945454545455,55.8072727272727,0.66,34.6309090909091,0.0545454545454545,19.1236363636364,0.0436363636363636,45.4872727272727,-0.116824677749272,1.3715937262909,0.845690909090909,0.881418181818182,0.905927272727273
115746,70676,45070,0.563300494818862,0.597661601264769,0.699684152403113,15.4963636363636,28.6945454545455,55.8090909090909,0.654545454545455,34.6509090909091,0.0436363636363636,19.1,0.0490909090909091,45.5018181818182,-0.115775813289325,1.36105176113885,0.845690909090909,0.881418181818182,0.905927272727273
115772,70676,45096,0.563340067844872,0.597607503182109,0.699672626766293,15.5,28.6872727272727,55.8127272727273,0.652727272727273,34.6527272727273,0.0527272727272727,19.06,0.0509090909090909,45.5309090909091,-0.115686611518917,1.35558993073011,0.845690909090909,0.881418181818182,0.905927272727273
115778,70670,45108,0.563324342195349,0.597704095631394,0.699655205922206,15.4981818181818,28.6872727272727,55.8145454545455,0.650909090909091,34.6490909090909,0.0581818181818182,19.0436363636364,0.0509090909090909,45.5472727272727,-0.116603065147237,1.35247889203443,0.845690909090909,0.881418181818182,0.905927272727273
115812,70674,45138,0.563350417166259,0.597625924809232,0.699642312547768,15.5018181818182,28.6818181818182,55.8163636363636,0.647272727272727,34.6363636363636,0.06,19.0454545454545,0.0490909090909091,45.5618181818182,-0.115172060921693,1.34912838387218,0.845690909090909,0.881418181818182,0.905927272727273
115800,70672,45128,0.563280100672231,0.597617797289612,0.69969928883172,15.5054545454545,28.68,55.8145454545455,0.647272727272727,34.6290909090909,0.0545454545454545,19.0181818181818,0.0527272727272727,45.5981818181818,-0.116404620868905,1.34056380440227,0.845690909090909,0.881418181818182,0.905927272727273
115813,70676,45137,0.563276231028786,0.597519345445173,0.699763920780766,15.5072727272727,28.6727272727273,55.82,0.643636363636364,34.6290909090909,0.0563636363636364,18.9927272727273,0.0527272727272727,45.6254545454546,-0.117109735864373,1.33410562649369,0.845690909090909,0.881418181818182,0.905927272727273
115913,70678,45235,0.563380893999137,0.597545136032251,0.6997714580274,15.5109090909091,28.6654545454545,55.8236363636364,0.641818181818182,34.6145454545455,0.06,18.9636363636364,0.0509090909090909,45.6690909090909,-0.117831532570629,1.33724467198957,0.845690909090909,0.881418181818182,0.905927272727273
115906,70678,45228,0.5632737397373,0.597405687398331,0.699687635560374,15.5054545454545,28.6727272727273,55.8218181818182,0.64,34.6163636363636,0.06,18.9254545454545,0.0545454545454545,45.7036363636364,-0.115210362903004,1.33199365680868,0.845690909090909,0.881418181818182,0.905927272727273
115904,70686,45218,0.563264046090879,0.597438477652908,0.699683433525551,15.5054545454545,28.6781818181818,55.8163636363636,0.638181818181818,34.6181818181818,0.0545454545454545,18.8909090909091,0.0618181818181818,45.7363636363636,-0.115803014758818,1.32013548392464,0.845690909090909,0.881418181818182,0.905927272727273
115943,70692,45251,0.563109141311902,0.597627508297908,0.699743904332625,15.4981818181818,28.68,55.8218181818182,0.632727272727273,34.6109090909091,0.0636363636363636,18.8654545454545,0.0454545454545455,45.7818181818182,-0.116426180751891,1.32170636201785,0.845690909090909,0.881418181818182,0.905927272727273
115888,70696,45192,0.563079195951025,0.597389502922121,0.699704133808258,15.4981818181818,28.6745454545455,55.8272727272727,0.627272727272727,34.6163636363636,0.0654545454545455,18.8145454545455,0.0527272727272727,45.8236363636364,-0.113337635047554,1.30592198503966,0.845690909090909,0.881418181818182,0.905927272727273
115834,70694,45140,0.563107007437917,0.597318122812703,0.699704763060554,15.4981818181818,28.6745454545455,55.8272727272727,0.625454545454545,34.6127272727273,0.08,18.7763636363636,0.0545454545454545,45.8509090909091,-0.113819913126975,1.2919712737372,0.845690909090909,0.881418181818182,0.905927272727273
115828,70692,45136,0.563086529737209,0.597280713366335,0.699649956837259,15.5,28.6781818181818,55.8218181818182,0.625454545454545,34.62,0.0654545454545455,18.7545454545455,0.0527272727272727,45.8818181818182,-0.113706047930662,1.27991902701218,0.845690909090909,0.881418181818182,0.905927272727273
115793,70682,45111,0.563263166091673,0.597173695329605,0.699676815476015,15.5036363636364,28.6709090909091,55.8254545454545,0.625454545454545,34.6363636363636,0.0563636363636364,18.7236363636364,0.0490909090909091,45.9090909090909,-0.115942948079927,1.26890021892772,0.845690909090909,0.881418181818182,0.905927272727273
115837,70684,45153,0.563337844850282,0.597098575495771,0.699676471950439,15.5109090909091,28.6636363636364,55.8254545454545,0.625454545454545,34.6363636363636,0.0654545454545455,18.6854545454545,0.0472727272727273,45.94,-0.116837026183335,1.26495314545252,0.845690909090909,0.881418181818182,0.905927272727273
115788,70688,45100,0.563277777032001,0.59704492801659,0.699642848241701,15.5072727272727,28.6654545454545,55.8272727272727,0.623636363636364,34.6563636363636,0.06,18.6418181818182,0.0436363636363636,45.9745454545455,-0.115622583165995,1.25107638143342,0.845690909090909,0.881418181818182,0.905927272727273
115769,70694,45075,0.563272921349661,0.596970996226483,0.699677604022864,15.5072727272727,28.6672727272727,55.8254545454545,0.623636363636364,34.6745454545455,0.0581818181818182,18.5763636363636,0.0490909090909091,46.0181818181818,-0.115351747861132,1.23850803331218,0.845690909090909,0.881418181818182,0.905927272727273
115773,70692,45081,0.56330477466988,0.596931152418639,0.699635827975945,15.5072727272727,28.6672727272727,55.8254545454545,0.621818181818182,34.6890909090909,0.0545454545454545,18.5327272727273,0.0472727272727273,46.0545454545455,-0.114647405224638,1.23393090328371,0.845690909090909,0.881418181818182,0.905927272727273
115623,70690,44933,0.563167168189197,0.59679637895104,0.699676546325378,15.4981818181818,28.68,55.8218181818182,0.62,34.7054545454545,0.0490909090909091,18.4745454545455,0.06,46.0909090909091,-0.115221202967752,1.19764832811938,0.845690909090909,0.881418181818182,0.905927272727273
115609,70693,44916,0.563155442413132,0.596771891905524,0.699721670487326,15.4981818181818,28.6727272727273,55.8290909090909,0.618181818181818,34.7127272727273,0.0545454545454545,18.4236363636364,0.0454545454545455,46.1454545454545,-0.116308989692069,1.1784849438139,0.845690909090909,0.881418181818182,0.905927272727273
115584,70691,44893,0.563094027384502,0.596598106268207,0.699723288932976,15.4963636363636,28.6781818181818,55.8254545454545,0.618181818181818,34.74,0.0436363636363636,18.3672727272727,0.0563636363636364,46.1745454545455,-0.116560849178032,1.15739044853571,0.845690909090909,0.881418181818182,0.905927272727273
115804,70701,45103,0.563147085113665,0.597021959094529,0.699706850993479,15.5,28.6745454545455,55.8254545454545,0.618181818181818,34.7618181818182,0.0454545454545455,18.2872727272727,0.0618181818181818,46.2254545454545,-0.115147532304929,1.20224273006686,0.845690909090909,0.881418181818182,0.905927272727273
115719,70707,45012,0.56322133165614,0.596750125548257,0.699707102722346,15.5018181818182,28.6690909090909,55.8290909090909,0.618181818181818,34.7890909090909,0.0436363636363636,18.22,0.0654545454545455,46.2636363636364,-0.114199211943262,1.17468800526959,0.845690909090909,0.881418181818182,0.905927272727273
115640,70712,44928,0.563185041544162,0.596616158291827,0.699712837158959,15.5072727272727,28.6690909090909,55.8236363636364,0.612727272727273,34.82,0.0418181818181818,18.1636363636364,0.0418181818181818,46.32,-0.114750486767166,1.14524956166914,0.845690909090909,0.881418181818182,0.905927272727273
115473,70700,44773,0.563266106244791,0.596199633681906,0.699717014428721,15.5127272727273,28.6654545454545,55.8218181818182,0.607272727272727,34.8509090909091,0.0345454545454545,18.1036363636364,0.0472727272727273,46.3563636363636,-0.116590499226136,1.10304964611476,0.845690909090909,0.881418181818182,0.905927272727273
115404,70700,44704,0.563194731135202,0.596127452085469,0.699723543387373,15.5072727272727,28.6727272727273,55.82,0.607272727272727,34.8890909090909,0.04,18.0254545454545,0.0563636363636364,46.3818181818182,-0.117532730804735,1.07628483621573,0.845690909090909,0.881418181818182,0.905927272727273
115546,70704,44842,0.563138654140817,0.596287851482685,0.699713112072162,15.5054545454545,28.6709090909091,55.8236363636364,0.605454545454545,34.9309090909091,0.0454545454545455,17.9381818181818,0.0509090909090909,46.4290909090909,-0.115160464161322,1.08884374086576,0.845690909090909,0.881418181818182,0.905927272727273
115486,70704,44782,0.563010805547799,0.596234891089423,0.699706988633071,15.5036363636364,28.6690909090909,55.8272727272727,0.601818181818182,34.9709090909091,0.0527272727272727,17.8672727272727,0.0472727272727273,46.46,-0.115638532109865,1.07443363759667,0.845690909090909,0.881418181818182,0.905927272727273
115644,70708,44936,0.563158189555122,0.596408186478404,0.699773378755241,15.5036363636364,28.6672727272727,55.8290909090909,0.6,35.0072727272727,0.0563636363636364,17.8,0.0527272727272727,46.4836363636364,-0.115359669327815,1.10387377299961,0.845690909090909,0.881418181818182,0.905927272727273
115527,70706,44821,0.563152701535188,0.596165510126532,0.699733406083405,15.5036363636364,28.6690909090909,55.8272727272727,0.6,35.0781818181818,0.0490909090909091,17.7127272727273,0.0472727272727273,46.5127272727273,-0.117001044057609,1.07482583255253,0.845690909090909,0.881418181818182,0.905927272727273
115273,70710,44563,0.563106867659151,0.595730724116947,0.699702439521218,15.5018181818182,28.6727272727273,55.8254545454545,0.594545454545455,35.1472727272727,0.0381818181818182,17.6309090909091,0.0327272727272727,46.5563636363636,-0.11668864395099,1.03381896954961,0.845690909090909,0.881418181818182,0.905927272727273
115374,70720,44654,0.563017454444429,0.59578783319864,0.699728219136348,15.4981818181818,28.6709090909091,55.8309090909091,0.592727272727273,35.2181818181818,0.0363636363636364,17.5381818181818,0.0472727272727273,46.5672727272727,-0.115082702874828,1.04753266342238,0.845690909090909,0.881418181818182,0.905927272727273
115313,70724,44589,0.563074867733179,0.595785943457827,0.699678517609239,15.5,28.6727272727273,55.8272727272727,0.587272727272727,35.2709090909091,0.0454545454545455,17.4418181818182,0.0545454545454545,46.6,-0.115085477414223,1.02253922371786,0.845690909090909,0.881418181818182,0.905927272727273
115204,70720,44484,0.562995161617596,0.59563613079255,0.699684478257326,15.5018181818182,28.6709090909091,55.8272727272727,0.587272727272727,35.3563636363636,0.0509090909090909,17.32,0.0527272727272727,46.6327272727273,-0.11654689339954,0.986344622608952,0.845690909090909,0.881418181818182,0.905927272727273
115247,70714,44533,0.563114734368179,0.595516302720604,0.699718409612284,15.5072727272727,28.6563636363636,55.8363636363636,0.585454545454545,35.4181818181818,0.0418181818181818,17.2381818181818,0.0309090909090909,46.6854545454545,-0.117416696596444,0.989683585427702,0.845690909090909,0.881418181818182,0.905927272727273
115264,70722,44542,0.563149246005899,0.595358548306801,0.699700514654305,15.5072727272727,28.6527272727273,55.84,0.581818181818182,35.4890909090909,0.0436363636363636,17.1436363636364,0.0327272727272727,46.7090909090909,-0.116613250164797,0.992231085329232,0.845690909090909,0.881418181818182,0.905927272727273
115468,70734,44734,0.563262068320307,0.59545467816984,0.699742105324934,15.5072727272727,28.6490909090909,55.8436363636364,0.581818181818182,35.54,0.0381818181818182,17.0509090909091,0.0581818181818182,46.7309090909091,-0.113246214863135,1.02734411425296,0.845690909090909,0.881418181818182,0.905927272727273
115512,70742,44770,0.563240037354868,0.595564285360985,0.699731594978772,15.5054545454545,28.66,55.8345454545455,0.58,35.5854545454545,0.0527272727272727,16.9672727272727,0.0472727272727273,46.7672727272727,-0.114007424026468,1.02131027279591,0.845690909090909,0.881418181818182,0.905927272727273
115553,70738,44815,0.56325919745183,0.595622442635619,0.699695958221968,15.5054545454545,28.66,55.8345454545455,0.58,35.6218181818182,0.0490909090909091,16.9036363636364,0.0563636363636364,46.7890909090909,-0.114313862997435,1.01481826499697,0.845690909090909,0.881418181818182,0.905927272727273
115450,70734,44716,0.56320430067488,0.595511952283024,0.699682538083222,15.5018181818182,28.6654545454545,55.8327272727273,0.576363636363636,35.66,0.0563636363636364,16.8509090909091,0.0490909090909091,46.8072727272727,-0.114553004885965,0.991355839811943,0.845690909090909,0.881418181818182,0.905927272727273
115378,70724,44654,0.563157131138424,0.595534037886907,0.69964289751664,15.5054545454545,28.66,55.8345454545455,0.574545454545455,35.7127272727273,0.0454545454545455,16.7781818181818,0.0454545454545455,46.8436363636364,-0.117452081502415,0.973057654466141,0.845690909090909,0.881418181818182,0.905927272727273
115271,70732,44539,0.563130459399699,0.595413625881246,0.699596882016606,15.5072727272727,28.6545454545455,55.8381818181818,0.570909090909091,35.7618181818182,0.0381818181818182,16.7018181818182,0.0472727272727273,46.88,-0.115952114679716,0.954024973545562,0.845690909090909,0.881418181818182,0.905927272727273
115441,70734,44707,0.563298479366257,0.595662566929418,0.69962712929972,15.5072727272727,28.6563636363636,55.8363636363636,0.570909090909091,35.7945454545455,0.0545454545454545,16.6272727272727,0.0436363636363636,46.9090909090909,-0.118374030686722,0.980009894394739,0.845690909090909,0.881418181818182,0.905927272727273
115457,70738,44719,0.563323852302609,0.595489100713928,0.699591356976236,15.5090909090909,28.6563636363636,55.8345454545455,0.567272727272727,35.8472727272727,0.0581818181818182,16.5363636363636,0.0472727272727273,46.9436363636364,-0.115678543414436,0.974817466092381,0.845690909090909,0.881418181818182,0.905927272727273
115446,70742,44704,0.563235019680137,0.595478891128161,0.699598303354702,15.5109090909091,28.6545454545455,55.8345454545455,0.565454545454545,35.9145454545455,0.0563636363636364,16.4490909090909,0.0418181818181818,46.9727272727273,-0.111981377399471,0.960404224769974,0.845690909090909,0.881418181818182,0.905927272727273
115534,70740,44794,0.563398470352448,0.595471916568261,0.699537317529425,15.5072727272727,28.6618181818182,55.8309090909091,0.558181818181818,35.9690909090909,0.0527272727272727,16.36,0.0436363636363636,47.0163636363636,-0.112668195310967,0.973194966659966,0.845690909090909,0.881418181818182,0.905927272727273
115444,70743,44701,0.563218882209523,0.595449527474062,0.699496723095696,15.5072727272727,28.66,55.8327272727273,0.554545454545455,36.0072727272727,0.0545454545454545,16.2945454545455,0.0472727272727273,47.0418181818182,-0.111776317275508,0.945463695394045,0.845690909090909,0.881418181818182,0.905927272727273
115624,70738,44886,0.56344989757362,0.595549548949882,0.699491948816334,15.5072727272727,28.6581818181818,55.8345454545455,0.550909090909091,36.0618181818182,0.0509090909090909,16.2109090909091,0.0418181818181818,47.0836363636364,-0.113926153978867,0.973861604878171,0.845690909090909,0.881418181818182,0.905927272727273
115643,70744,44899,0.5635440197805,0.5955288700201,0.69953064497595,15.5072727272727,28.6509090909091,55.8418181818182,0.550909090909091,36.1090909090909,0.0436363636363636,16.1454545454545,0.04,47.1109090909091,-0.114503028631324,0.972536237690259,0.845690909090909,0.881418181818182,0.905927272727273
115665,70752,44913,0.563319998860011,0.595542090314896,0.699690094317976,15.5036363636364,28.6472727272727,55.8490909090909,0.549090909090909,36.1527272727273,0.0454545454545455,16.0636363636364,0.0490909090909091,47.14,-0.114557123118894,0.953663014976138,0.845690909090909,0.881418181818182,0.905927272727273
115701,70756,44945,0.563384864394468,0.59542935465257,0.699560025797166,15.5018181818182,28.6545454545455,55.8436363636364,0.547272727272727,36.2018181818182,0.0418181818181818,15.9909090909091,0.0581818181818182,47.16,-0.110907053591067,0.951052158139646,0.845690909090909,0.881418181818182,0.905927272727273
115639,70756,44883,0.563253331241585,0.595350707550773,0.699555980258642,15.5054545454545,28.6509090909091,55.8436363636364,0.547272727272727,36.2509090909091,0.0436363636363636,15.9163636363636,0.0490909090909091,47.1927272727273,-0.111065605469089,0.933138400671834,0.845690909090909,0.881418181818182,0.905927272727273
115818,70754,45064,0.563447949549416,0.595470407128033,0.699595504219067,15.5054545454545,28.6509090909091,55.8436363636364,0.549090909090909,36.2981818181818,0.0527272727272727,15.8218181818182,0.0490909090909091,47.2290909090909,-0.111386366611805,0.967371520010585,0.845690909090909,0.881418181818182,0.905927272727273
115792,70750,45042,0.563475793243786,0.595682643642311,0.699594049907445,15.5018181818182,28.6527272727273,55.8454545454545,0.545454545454545,36.3490909090909,0.0527272727272727,15.7709090909091,0.0418181818181818,47.24,-0.115158198110442,0.952655336328528,0.845690909090909,0.881418181818182,0.905927272727273
115652,70748,44904,0.563318217553591,0.59539397030691,0.699561036641967,15.5018181818182,28.6545454545455,55.8436363636364,0.543636363636364,36.3981818181818,0.0454545454545455,15.7145454545455,0.0327272727272727,47.2654545454546,-0.113974233591423,0.915343132090162,0.845690909090909,0.881418181818182,0.905927272727273
115750,70756,44994,0.56335273726199,0.595547812054676,0.699544719581524,15.5036363636364,28.6545454545455,55.8418181818182,0.538181818181818,36.4563636363636,0.0563636363636364,15.6327272727273,0.0509090909090909,47.2654545454546,-0.113680992581745,0.923364670236002,0.845690909090909,0.881418181818182,0.905927272727273
115482,70760,44722,0.563399404937336,0.595229411269913,0.699569717408398,15.4981818181818,28.6545454545455,55.8472727272727,0.534545454545455,36.5181818181818,0.0436363636363636,15.5672727272727,0.0563636363636364,47.28,-0.112141518939494,0.899047195098617,0.845690909090909,0.881418181818182,0.905927272727273
115552,70764,44788,0.563525005487907,0.595147962957872,0.699501735428576,15.5036363636364,28.6509090909091,55.8454545454545,0.532727272727273,36.5581818181818,0.0490909090909091,15.5218181818182,0.0509090909090909,47.2872727272727,-0.113360115755793,0.898596742402085,0.845690909090909,0.881418181818182,0.905927272727273
115569,70766,44803,0.563525688236137,0.594917420372954,0.699561532046981,15.5072727272727,28.6418181818182,55.8509090909091,0.532727272727273,36.6018181818182,0.0381818181818182,15.4872727272727,0.04,47.3,-0.111518976228184,0.898087329933928,0.845690909090909,0.881418181818182,0.905927272727273
115377,70764,44613,0.563177917261222,0.594955315082122,0.69955250515513,15.5,28.6454545454545,55.8545454545455,0.532727272727273,36.6418181818182,0.0472727272727273,15.4290909090909,0.0563636363636364,47.2927272727273,-0.112858550350211,0.849010413732718,0.845690909090909,0.881418181818182,0.905927272727273
115445,70772,44673,0.563319690374021,0.594947039915504,0.699573418860932,15.5018181818182,28.6418181818182,55.8563636363636,0.530909090909091,36.6781818181818,0.0527272727272727,15.3927272727273,0.0418181818181818,47.3036363636364,-0.112740673647849,0.865877316164022,0.845690909090909,0.881418181818182,0.905927272727273
115427,70778,44649,0.563175903260906,0.595028944824578,0.699528535924819,15.5036363636364,28.6454545454545,55.8509090909091,0.530909090909091,36.7072727272727,0.0545454545454545,15.3490909090909,0.0490909090909091,47.3090909090909,-0.111728145668481,0.849905911862681,0.845690909090909,0.881418181818182,0.905927272727273
115560,70776,44784,0.563438367942522,0.594915430993321,0.699568924141269,15.5072727272727,28.6345454545455,55.8581818181818,0.530909090909091,36.7490909090909,0.0509090909090909,15.3054545454545,0.0363636363636364,47.3272727272727,-0.111858534418471,0.86880024282939,0.845690909090909,0.881418181818182,0.905927272727273
115427,70766,44661,0.563407654494009,0.594854892925698,0.699560328200007,15.5127272727273,28.6309090909091,55.8563636363636,0.530909090909091,36.7745454545455,0.0509090909090909,15.2781818181818,0.0490909090909091,47.3163636363636,-0.113386745373712,0.848754372896457,0.845690909090909,0.881418181818182,0.905927272727273
115578,70766,44812,0.563502409203468,0.594893634528837,0.69961883670587,15.5090909090909,28.6327272727273,55.8581818181818,0.529090909090909,36.8145454545455,0.0527272727272727,15.2272727272727,0.04,47.3363636363636,-0.113582660665849,0.863210253654556,0.845690909090909,0.881418181818182,0.905927272727273
115558,70770,44788,0.563360018981786,0.594862321224342,0.699585328660138,15.5018181818182,28.6418181818182,55.8563636363636,0.529090909090909,36.8454545454545,0.0454545454545455,15.1963636363636,0.0418181818181818,47.3418181818182,-0.112943747152068,0.851139568021013,0.845690909090909,0.881418181818182,0.905927272727273
115395,70772,44623,0.563312837276815,0.594749233915739,0.699549582439579,15.5054545454545,28.6454545454545,55.8490909090909,0.525454545454546,36.8763636363636,0.0527272727272727,15.1418181818182,0.0418181818181818,47.3618181818182,-0.11337702235492,0.819006904612549,0.845690909090909,0.881418181818182,0.905927272727273
115525,70786,44739,0.563468970483588,0.594791598935777,0.699446443046498,15.5072727272727,28.6418181818182,55.8509090909091,0.521818181818182,36.9054545454546,0.06,15.0890909090909,0.0436363636363636,47.38,-0.110817391550005,0.826614030475982,0.845690909090909,0.881418181818182,0.905927272727273
115512,70782,44730,0.563378655419159,0.594676429046456,0.699533402992116,15.5090909090909,28.6363636363636,55.8545454545455,0.52,36.92,0.0454545454545455,15.0636363636364,0.0490909090909091,47.4018181818182,-0.1132257058012,0.81719071324068,0.845690909090909,0.881418181818182,0.905927272727273
115623,70778,44845,0.56361922283179,0.594709248089411,0.699580933779977,15.5109090909091,28.6272727272727,55.8618181818182,0.516363636363636,36.9454545454546,0.0363636363636364,15.0509090909091,0.0454545454545455,47.4054545454546,-0.115093941943004,0.832099849950861,0.845690909090909,0.881418181818182,0.905927272727273
115589,70782,44807,0.563600651262298,0.594662040337852,0.699543230971946,15.5090909090909,28.6309090909091,55.86,0.518181818181818,36.9472727272727,0.0418181818181818,15.0254545454545,0.0436363636363636,47.4236363636364,-0.113877821668079,0.818773966096342,0.845690909090909,0.881418181818182,0.905927272727273
115510,70780,44730,0.563345301478228,0.594589442637081,0.699566931573195,15.5072727272727,28.6345454545455,55.8581818181818,0.518181818181818,36.9709090909091,0.0418181818181818,14.9981818181818,0.0454545454545455,47.4254545454545,-0.113695190594444,0.790908091265539,0.845690909090909,0.881418181818182,0.905927272727273
115619,70784,44835,0.563403294651062,0.594558832352088,0.699563855538752,15.5054545454545,28.6363636363636,55.8581818181818,0.514545454545455,36.9854545454545,0.0363636363636364,14.9818181818182,0.04,47.4418181818182,-0.111738562255182,0.804531097072388,0.845690909090909,0.881418181818182,0.905927272727273
115541,70788,44753,0.563231430409191,0.594498930453818,0.699569005462296,15.5072727272727,28.64,55.8527272727273,0.512727272727273,37.0109090909091,0.0327272727272727,14.9381818181818,0.0454545454545455,47.46,-0.112218102485944,0.784635664766062,0.845690909090909,0.881418181818182,0.905927272727273
115694,70792,44902,0.563299062859405,0.594588698377736,0.69956275459248,15.5,28.6436363636364,55.8563636363636,0.509090909090909,36.9963636363636,0.0436363636363636,14.9345454545455,0.0436363636363636,47.4727272727273,-0.111917736038876,0.79978387924652,0.845690909090909,0.881418181818182,0.905927272727273
115685,70788,44897,0.563358565185929,0.594506255585477,0.69951209533989,15.5036363636364,28.6363636363636,55.86,0.503636363636364,37.0054545454545,0.0436363636363636,14.9145454545455,0.0381818181818182,47.4945454545455,-0.111997906849601,0.796300913943824,0.845690909090909,0.881418181818182,0.905927272727273
115435,70778,44657,0.563215646362952,0.594480540092942,0.699574748139487,15.5072727272727,28.6290909090909,55.8636363636364,0.503636363636364,37.0454545454545,0.0345454545454545,14.8709090909091,0.0436363636363636,47.5018181818182,-0.114448549506282,0.751812860312533,0.845690909090909,0.881418181818182,0.905927272727273
115560,70778,44782,0.563383948755181,0.594518966086113,0.69961036721546,15.5036363636364,28.6327272727273,55.8636363636364,0.501818181818182,37.0654545454545,0.0418181818181818,14.8272727272727,0.0490909090909091,47.5145454545455,-0.116422847059518,0.769336851104163,0.845690909090909,0.881418181818182,0.905927272727273
115484,70782,44702,0.563282747990597,0.594530538691336,0.699590966636384,15.5090909090909,28.6327272727273,55.8581818181818,0.503636363636364,37.0890909090909,0.0381818181818182,14.7963636363636,0.04,47.5327272727273,-0.115577593429903,0.74892233133697,0.845690909090909,0.881418181818182,0.905927272727273
115523,70778,44745,0.563339595750462,0.594463385600868,0.699596275148722,15.5,28.6418181818182,55.8581818181818,0.503636363636364,37.0927272727273,0.0418181818181818,14.7654545454545,0.0472727272727273,47.5490909090909,-0.116339751657804,0.745837209830907,0.845690909090909,0.881418181818182,0.905927272727273
115589,70780,44809,0.563424184623278,0.59432896367485,0.699506445584081,15.5054545454545,28.6345454545455,55.86,0.505454545454545,37.1018181818182,0.0527272727272727,14.7381818181818,0.0345454545454545,47.5672727272727,-0.114153611548285,0.754096382866952,0.845690909090909,0.881418181818182,0.905927272727273
115634,70774,44860,0.563240283924454,0.594554687247794,0.699549225900981,15.5054545454545,28.6345454545455,55.86,0.505454545454545,37.1218181818182,0.0381818181818182,14.7181818181818,0.0381818181818182,47.5781818181818,-0.116121748553831,0.748616076413203,0.845690909090909,0.881418181818182,0.905927272727273
115629,70774,44855,0.563234574495246,0.594401757286354,0.699637373376196,15.5018181818182,28.6363636363636,55.8618181818182,0.503636363636364,37.1254545454546,0.0472727272727273,14.6890909090909,0.0345454545454545,47.6,-0.114830111065434,0.739942629059607,0.845690909090909,0.881418181818182,0.905927272727273
115654,70768,44886,0.563333270024101,0.594438877475244,0.699676144031802,15.4981818181818,28.6363636363636,55.8654545454545,0.501818181818182,37.1381818181818,0.0345454545454545,14.6909090909091,0.0327272727272727,47.6018181818182,-0.117221450167281,0.745814218837768,0.845690909090909,0.881418181818182,0.905927272727273
115576,70770,44806,0.563288884291808,0.594404810286741,0.699640180677394,15.4963636363636,28.6363636363636,55.8672727272727,0.498181818181818,37.1363636363636,0.04,14.6618181818182,0.0563636363636364,47.6072727272727,-0.117310698546895,0.72379090255973,0.845690909090909,0.881418181818182,0.905927272727273
115636,70766,44870,0.56331027011411,0.594481161096418,0.699637834202104,15.4945454545455,28.64,55.8654545454545,0.496363636363636,37.1545454545455,0.0381818181818182,14.6236363636364,0.0436363636363636,47.6436363636364,-0.117466972168669,0.727538371280852,0.845690909090909,0.881418181818182,0.905927272727273
115501,70768,44733,0.563213109062692,0.594446286200303,0.699682020112917,15.4890909090909,28.6418181818182,55.8690909090909,0.494545454545455,37.16,0.0454545454545455,14.5836363636364,0.04,47.6763636363636,-0.11822124926763,0.722098513569852,0.845690909090909,0.881418181818182,0.905927272727273
115593,70776,44817,0.563128559011213,0.59436218573445,0.699689592454604,15.4945454545455,28.6345454545455,55.8709090909091,0.483636363636364,37.1854545454545,0.0418181818181818,14.5472727272727,0.0436363636363636,47.6981818181818,-0.116030772025922,0.709787956921553,0.845690909090909,0.881418181818182,0.905927272727273
115573,70776,44797,0.563153835420596,0.594393296031597,0.699693579865305,15.4963636363636,28.6345454545455,55.8690909090909,0.483636363636364,37.1945454545455,0.0454545454545455,14.5181818181818,0.0472727272727273,47.7109090909091,-0.117495602727021,0.707829189283604,0.845690909090909,0.881418181818182,0.905927272727273
115525,70776,44749,0.562993152650442,0.594313456183982,0.699708943545817,15.4927272727273,28.6345454545455,55.8727272727273,0.481818181818182,37.2090909090909,0.0509090909090909,14.4836363636364,0.0472727272727273,47.7272727272727,-0.116289432725171,0.692622134241868,0.845690909090909,0.881418181818182,0.905927272727273
115652,70778,44874,0.563150147032433,0.594410276339123,0.699659711751045,15.4927272727273,28.6327272727273,55.8745454545455,0.481818181818182,37.2127272727273,0.0454545454545455,14.4690909090909,0.0472727272727273,47.7436363636364,-0.11731890024831,0.702681485495784,0.845690909090909,0.881418181818182,0.905927272727273
115612,70774,44838,0.563199819113728,0.594455064746316,0.699549438339186,15.4945454545455,28.6363636363636,55.8690909090909,0.48,37.2345454545455,0.04,14.4490909090909,0.0418181818181818,47.7545454545455,-0.1185196525071,0.696239512740232,0.845690909090909,0.881418181818182,0.905927272727273
115637,70776,44861,0.563219151533472,0.594390680270735,0.699522084684373,15.4909090909091,28.6436363636364,55.8654545454545,0.48,37.2327272727273,0.0327272727272727,14.4345454545455,0.04,47.78,-0.116287338581143,0.694772369837896,0.845690909090909,0.881418181818182,0.905927272727273
115640,70772,44868,0.563234892622161,0.594379804056956,0.699552074748802,15.4927272727273,28.64,55.8672727272727,0.478181818181818,37.2454545454545,0.02,14.4309090909091,0.0254545454545455,47.8,-0.117154475362854,0.69809549654072,0.845690909090909,0.881418181818182,0.905927272727273
115779,70774,45005,0.563458305739949,0.594408775017093,0.699630207613209,15.4890909090909,28.6472727272727,55.8636363636364,0.474545454545455,37.2527272727273,0.0345454545454545,14.4054545454545,0.0290909090909091,47.8036363636364,-0.119177407079339,0.70162815108726,0.845690909090909,0.881418181818182,0.905927272727273
115651,70782,44869,0.56329373888836,0.594214216622871,0.699649576671171,15.4963636363636,28.6327272727273,55.8709090909091,0.476363636363636,37.2581818181818,0.0236363636363636,14.4,0.0290909090909091,47.8127272727273,-0.117487883907134,0.676422058748589,0.845690909090909,0.881418181818182,0.905927272727273
115674,70780,44894,0.563260285396319,0.594267104918939,0.69958334031573,15.4945454545455,28.6345454545455,55.8709090909091,0.472727272727273,37.2545454545455,0.0345454545454545,14.3854545454545,0.0327272727272727,47.82,-0.11690300454158,0.67040774166076,0.845690909090909,0.881418181818182,0.905927272727273
115617,70790,44827,0.563281180317987,0.594301100079651,0.699650753980346,15.4963636363636,28.6290909090909,55.8745454545455,0.472727272727273,37.2581818181818,0.0327272727272727,14.3909090909091,0.0327272727272727,47.8127272727273,-0.116693581045812,0.656266057042574,0.845690909090909,0.881418181818182,0.905927272727273
115707,70792,44915,0.563333324577056,0.594207314334855,0.699711964634484,15.4945454545455,28.6272727272727,55.8781818181818,0.469090909090909,37.2672727272727,0.0418181818181818,14.3527272727273,0.0454545454545455,47.8236363636364,-0.114637181315993,0.656096081630411,0.845690909090909,0.881418181818182,0.905927272727273
115757,70796,44961,0.563268542975904,0.59445689925527,0.699707372149831,15.4909090909091,28.6345454545455,55.8745454545455,0.470909090909091,37.2781818181818,0.0363636363636364,14.3527272727273,0.0327272727272727,47.8290909090909,-0.114592084957092,0.661851210460405,0.845690909090909,0.881418181818182,0.905927272727273
115717,70792,44925,0.563333340726977,0.594377156211386,0.699588219242641,15.4945454545455,28.6363636363636,55.8690909090909,0.467272727272727,37.2854545454545,0.0327272727272727,14.3290909090909,0.0454545454545455,47.84,-0.1156951935054,0.651558355267414,0.845690909090909,0.881418181818182,0.905927272727273
115748,70788,44960,0.563393089699694,0.594254363025412,0.699498565039996,15.4981818181818,28.6327272727273,55.8690909090909,0.463636363636364,37.3,0.0309090909090909,14.3218181818182,0.0327272727272727,47.8509090909091,-0.116638946498378,0.652558027834378,0.845690909090909,0.881418181818182,0.905927272727273
115693,70792,44901,0.563284667097395,0.594245503389159,0.699540416383353,15.5018181818182,28.6290909090909,55.8690909090909,0.46,37.2981818181818,0.0381818181818182,14.3218181818182,0.0345454545454545,47.8472727272727,-0.117482144062425,0.637610834074969,0.845690909090909,0.881418181818182,0.905927272727273
115665,70788,44877,0.563149784517078,0.594268921908351,0.699575407687566,15.5018181818182,28.6254545454545,55.8727272727273,0.456363636363636,37.3054545454546,0.0272727272727273,14.3163636363636,0.0236363636363636,47.8709090909091,-0.116362685668818,0.636869335022162,0.845690909090909,0.881418181818182,0.905927272727273
115651,70790,44861,0.563128285850707,0.594284538168764,0.699541711257023,15.5,28.6290909090909,55.8709090909091,0.454545454545454,37.2927272727273,0.0272727272727273,14.3036363636364,0.0436363636363636,47.8781818181818,-0.116573301962622,0.630356654342772,0.845690909090909,0.881418181818182,0.905927272727273
115793,70804,44989,0.563265747020999,0.594377587567349,0.699531746876346,15.4927272727273,28.64,55.8672727272727,0.450909090909091,37.2872727272727,0.0327272727272727,14.28,0.0290909090909091,47.92,-0.116469403655289,0.63887858452614,0.845690909090909,0.881418181818182,0.905927272727273
115880,70798,45082,0.563341188873681,0.594302638732986,0.699590082317091,15.4945454545455,28.6345454545455,55.8709090909091,0.450909090909091,37.28,0.0290909090909091,14.2654545454545,0.0309090909090909,47.9436363636364,-0.117216597094177,0.638329125280407,0.845690909090909,0.881418181818182,0.905927272727273
115863,70800,45063,0.563350064648276,0.594083379916991,0.699548243324314,15.4945454545455,28.6363636363636,55.8690909090909,0.441818181818182,37.2981818181818,0.0181818181818182,14.2436363636364,0.0363636363636364,47.9618181818182,-0.1161937214706,0.634274988071146,0.845690909090909,0.881418181818182,0.905927272727273
115757,70796,44961,0.563318534059558,0.594034877298184,0.699542171063398,15.4981818181818,28.6290909090909,55.8727272727273,0.44,37.2872727272727,0.0363636363636364,14.2218181818182,0.0309090909090909,47.9836363636364,-0.117277022553555,0.613292439171875,0.845690909090909,0.881418181818182,0.905927272727273
115773,70788,44985,0.563154332765948,0.594219240654413,0.699578622199033,15.4909090909091,28.6363636363636,55.8727272727273,0.438181818181818,37.2909090909091,0.04,14.2,0.0290909090909091,48.0018181818182,-0.118057696547509,0.607923793894323,0.845690909090909,0.881418181818182,0.905927272727273
115748,70790,44958,0.563001114578524,0.594037227162127,0.699568697777849,15.4927272727273,28.6309090909091,55.8763636363636,0.438181818181818,37.2963636363636,0.0236363636363636,14.1927272727273,0.0272727272727273,48.0218181818182,-0.117565721118643,0.599448749660091,0.845690909090909,0.881418181818182,0.905927272727273
115770,70796,44974,0.563216425996002,0.593987865463512,0.699608799040636,15.4963636363636,28.6236363636364,55.88,0.434545454545455,37.2909090909091,0.0345454545454545,14.1709090909091,0.0272727272727273,48.0418181818182,-0.118030278952276,0.593569770463827,0.845690909090909,0.881418181818182,0.905927272727273
115760,70792,44968,0.563224682535999,0.593999870340833,0.699627586045079,15.4945454545455,28.6254545454545,55.88,0.432727272727273,37.2854545454545,0.0309090909090909,14.1581818181818,0.0363636363636364,48.0563636363636,-0.117345978946998,0.585555251061239,0.845690909090909,0.881418181818182,0.905927272727273
115733,70798,44935,0.563102544108417,0.59397660439709,0.699700720631207,15.4890909090909,28.6236363636364,55.8872727272727,0.434545454545455,37.2636363636364,0.0363636363636364,14.1545454545455,0.0381818181818182,48.0727272727273,-0.116245635735091,0.576967489346862,0.845690909090909,0.881418181818182,0.905927272727273
115832,70812,45020,0.563273668053051,0.594068742121405,0.699497361499031,15.4963636363636,28.6236363636364,55.88,0.430909090909091,37.2672727272727,0.0327272727272727,14.1418181818182,0.0363636363636364,48.0909090909091,-0.11590436050372,0.587943141907454,0.845690909090909,0.881418181818182,0.905927272727273
