"total_rewards","action_rewards","opinion_rewards","sp0_social_trust","sp1_social_trust","sp2_social_trust","sp0_request_rate","sp1_request_rate","sp2_request_rate","op0_expression_rate","op1_expression_rate","op2_expression_rate","op3_expression_rate","op4_expression_rate","op5_expression_rate","mean_loss1","mean_loss2","sp0_availability","sp1_availability","sp2_availability"
30596,30178,418,0.727918961926317,0.721867504164779,0.705663793189744,33.1363636363636,33.3145454545455,33.5490909090909,15.94,16.7018181818182,17.1872727272727,16.8163636363636,16.8963636363636,16.4581818181818,1.59434459534558,-1.56274358305064,0.878236363636364,0.863963636363636,0.830690909090909
30939,30187,752,0.727883250850371,0.72183378098515,0.705314405406853,33.1454545454545,33.38,33.4745454545455,15.8327272727273,16.8218181818182,17.04,16.9418181818182,16.78,16.5836363636364,1.52326801581816,-1.54174576455897,0.878236363636364,0.863963636363636,0.830690909090909
31322,30204,1118,0.727664490277549,0.721683240789574,0.704998177941732,33.12,33.4781818181818,33.4018181818182,15.7363636363636,16.9436363636364,16.8818181818182,17.0927272727273,16.6454545454545,16.7,1.4524681839076,-1.50738229751587,0.878236363636364,0.863963636363636,0.830690909090909
31674,30215,1459,0.72774619537866,0.721400451110258,0.704935107870285,33.1254545454545,33.5054545454545,33.3690909090909,15.6436363636364,17.0527272727273,16.6836363636364,17.2945454545455,16.5036363636364,16.8218181818182,1.38148056810552,-1.4846351460977,0.878236363636364,0.863963636363636,0.830690909090909
32088,30251,1837,0.727798002349766,0.721434007024602,0.704676323188876,33.1072727272727,33.5654545454545,33.3272727272727,15.4945454545455,17.2309090909091,16.5618181818182,17.4072727272727,16.3181818181818,16.9872727272727,1.31211798841303,-1.44323720715263,0.878236363636364,0.863963636363636,0.830690909090909
32476,30272,2204,0.727716530475604,0.721564964244563,0.704495263070159,33.1054545454545,33.6345454545455,33.26,15.3945454545455,17.3527272727273,16.4272727272727,17.5472727272727,16.1454545454545,17.1327272727273,1.24123347347433,-1.41056778430939,0.878236363636364,0.863963636363636,0.830690909090909
32828,30280,2548,0.727675380388712,0.721407105325431,0.704317986056814,33.1418181818182,33.6218181818182,33.2363636363636,15.2672727272727,17.4690909090909,16.2818181818182,17.7163636363636,16.0018181818182,17.2636363636364,1.16909114014019,-1.38575539805672,0.878236363636364,0.863963636363636,0.830690909090909
33081,30281,2800,0.727731692273926,0.721313446266244,0.704099538860352,33.1672727272727,33.6745454545455,33.1581818181818,15.1254545454545,17.6036363636364,16.1781818181818,17.8090909090909,15.9036363636364,17.38,1.09539663358168,-1.40949288010597,0.878236363636364,0.863963636363636,0.830690909090909
33487,30288,3199,0.727622293739288,0.721202276526967,0.704092274708183,33.1581818181818,33.6963636363636,33.1454545454545,14.9709090909091,17.7690909090909,16.0036363636364,17.9945454545455,15.7454545454545,17.5163636363636,1.02201557159424,-1.36363220160658,0.878236363636364,0.863963636363636,0.830690909090909
33974,30345,3629,0.727934944212178,0.721124217208092,0.703878506849036,33.2,33.6945454545455,33.1054545454545,14.8218181818182,17.9236363636364,15.8436363636364,18.1690909090909,15.5836363636364,17.6581818181818,0.951948485049334,-1.30708343495022,0.878236363636364,0.863963636363636,0.830690909090909
34448,30397,4051,0.727982266091139,0.721231734783179,0.703837973625248,33.1709090909091,33.7472727272727,33.0818181818182,14.6618181818182,18.0909090909091,15.6981818181818,18.3254545454545,15.4181818181818,17.8054545454545,0.880627633224834,-1.25890639424324,0.878236363636364,0.863963636363636,0.830690909090909
34826,30420,4406,0.728083557467407,0.720986080047112,0.703475378400067,33.2090909090909,33.7345454545455,33.0563636363636,14.5563636363636,18.1963636363636,15.5618181818182,18.4781818181818,15.2690909090909,17.9381818181818,0.805852308598432,-1.24229715683244,0.878236363636364,0.863963636363636,0.830690909090909
35290,30469,4821,0.728079746734476,0.72132583700296,0.703206260182493,33.2290909090909,33.7709090909091,33,14.3927272727273,18.3618181818182,15.3963636363636,18.6763636363636,15.0509090909091,18.1218181818182,0.732650750333613,-1.20129975513978,0.878236363636364,0.863963636363636,0.830690909090909
35853,30488,5365,0.727939686876041,0.721345587897378,0.702756890575213,33.2545454545455,33.7854545454545,32.96,14.1854545454545,18.5890909090909,15.1872727272727,18.9,14.8763636363636,18.2618181818182,0.65534715923396,-1.09555826349692,0.878236363636364,0.863963636363636,0.830690909090909
36438,30536,5902,0.727851315368834,0.721311709502724,0.702506175241909,33.2236363636364,33.84,32.9363636363636,13.9836363636364,18.7836363636364,14.9890909090909,19.12,14.6781818181818,18.4454545454545,0.579372125864029,-0.996837936206298,0.878236363636364,0.863963636363636,0.830690909090909
36995,30606,6389,0.727663483361167,0.721262246433907,0.702237718048367,33.22,33.8872727272727,32.8927272727273,13.7981818181818,18.9636363636364,14.8309090909091,19.3345454545455,14.4163636363636,18.6563636363636,0.504353231191635,-0.929320279576562,0.878236363636364,0.863963636363636,0.830690909090909
37588,30694,6894,0.727627363143849,0.721393893421338,0.7015726838773,33.2309090909091,33.9618181818182,32.8072727272727,13.5945454545455,19.1927272727273,14.6309090909091,19.5290909090909,14.22,18.8327272727273,0.42995838360353,-0.850280523842031,0.878236363636364,0.863963636363636,0.830690909090909
38180,30753,7427,0.727495959889728,0.721136990113038,0.701215732211582,33.2836363636364,33.9472727272727,32.7690909090909,13.38,19.3890909090909,14.4527272727273,19.7254545454545,14.0490909090909,19.0036363636364,0.35182171030478,-0.764149106090719,0.878236363636364,0.863963636363636,0.830690909090909
38798,30796,8002,0.727568877212347,0.721130534067466,0.700814924203977,33.3236363636364,33.9581818181818,32.7181818181818,13.1654545454545,19.6072727272727,14.2381818181818,19.9636363636364,13.82,19.2054545454545,0.271531533111225,-0.652134529027072,0.878236363636364,0.863963636363636,0.830690909090909
39504,30850,8654,0.727624917072239,0.721093202177899,0.700507121299821,33.3636363636364,33.9872727272727,32.6490909090909,12.8963636363636,19.88,13.9854545454545,20.2345454545455,13.6145454545455,19.3890909090909,0.190955034169284,-0.506180899251591,0.878236363636364,0.863963636363636,0.830690909090909
40206,30886,9320,0.727571500240201,0.720942403477106,0.699948449471679,33.4181818181818,33.9963636363636,32.5854545454545,12.6890909090909,20.1018181818182,13.7763636363636,20.5,13.2945454545455,19.6381818181818,0.108769747885791,-0.350801964239641,0.878236363636364,0.863963636363636,0.830690909090909
40816,30980,9836,0.727550094558989,0.720857356074144,0.699656353845097,33.5018181818182,34,32.4981818181818,12.5254545454545,20.26,13.5636363636364,20.7527272727273,13.0381818181818,19.86,0.030151138251478,-0.275459638508883,0.878236363636364,0.863963636363636,0.830690909090909
41573,31018,10555,0.727508946697926,0.720962025931928,0.699254817806655,33.5181818181818,34.0672727272727,32.4145454545455,12.2654545454545,20.5345454545455,13.2763636363636,21.0618181818182,12.7672727272727,20.0945454545455,-0.0532596504146403,-0.101815477826379,0.878236363636364,0.863963636363636,0.830690909090909
42283,31127,11156,0.727647631028738,0.720735107028718,0.699068894565491,33.5981818181818,34.04,32.3618181818182,12.0418181818182,20.7381818181818,13.0090909090909,21.36,12.5345454545455,20.3163636363636,-0.131662912802263,0.0112235486507416,0.878236363636364,0.863963636363636,0.830690909090909
42990,31171,11819,0.727655567806406,0.72042301647386,0.698806938688442,33.6963636363636,34.0218181818182,32.2818181818182,11.7690909090909,20.9909090909091,12.7654545454545,21.6418181818182,12.3090909090909,20.5236363636364,-0.21540368957953,0.154510349035263,0.878236363636364,0.863963636363636,0.830690909090909
43730,31297,12433,0.727707430182164,0.720521895974781,0.698699191555657,33.7472727272727,34.0490909090909,32.2036363636364,11.5472727272727,21.1909090909091,12.54,21.9327272727273,12.0472727272727,20.7418181818182,-0.292544081807137,0.271792453527451,0.878236363636364,0.863963636363636,0.830690909090909
44434,31357,13077,0.72747914067815,0.720632057614912,0.698075967824367,33.8163636363636,34.0709090909091,32.1127272727273,11.3181818181818,21.4163636363636,12.2781818181818,22.2272727272727,11.8236363636364,20.9363636363636,-0.375342576341196,0.408798333189704,0.878236363636364,0.863963636363636,0.830690909090909
45154,31460,13694,0.727461387438034,0.720521044143673,0.697717116635104,33.8890909090909,34.1,32.0109090909091,11.0854545454545,21.6545454545455,11.9890909090909,22.5072727272727,11.6036363636364,21.16,-0.454475653171539,0.540694256262346,0.878236363636364,0.863963636363636,0.830690909090909
45830,31535,14295,0.727410887168154,0.720719060598203,0.697275391364166,33.9709090909091,34.1036363636364,31.9254545454545,10.8509090909091,21.8854545454545,11.7,22.8181818181818,11.3745454545455,21.3709090909091,-0.535558520663868,0.657483281330629,0.878236363636364,0.863963636363636,0.830690909090909
46493,31590,14903,0.727301744224136,0.720635951123273,0.696901576596168,34.04,34.1218181818182,31.8381818181818,10.6127272727273,22.0927272727273,11.4781818181818,23.1163636363636,11.1072727272727,21.5927272727273,-0.617601238055663,0.78253181847659,0.878236363636364,0.863963636363636,0.830690909090909
47302,31685,15617,0.727676051685665,0.720558673365302,0.696159663708801,34.1890909090909,34.12,31.6909090909091,10.3672727272727,22.3090909090909,11.24,23.4218181818182,10.8236363636364,21.8381818181818,-0.696738400784406,0.955301522666758,0.878236363636364,0.863963636363636,0.830690909090909
48091,31795,16296,0.727693671969422,0.720360663034946,0.69608448828286,34.3018181818182,34.0836363636364,31.6145454545455,10.0963636363636,22.5509090909091,11.0109090909091,23.6690909090909,10.6036363636364,22.0690909090909,-0.773438186266206,1.12105828632008,0.878236363636364,0.863963636363636,0.830690909090909
48847,31898,16949,0.727853426520322,0.719923921909912,0.695657960210286,34.4527272727273,34.0418181818182,31.5054545454545,9.87272727272727,22.7654545454545,10.7454545454545,23.9872727272727,10.3290909090909,22.3,-0.849696613170884,1.27519996762276,0.878236363636364,0.863963636363636,0.830690909090909
49674,31999,17675,0.727988108281474,0.719766847338812,0.695135466797719,34.5436363636364,34.0709090909091,31.3854545454545,9.63090909090909,23.0072727272727,10.4618181818182,24.3054545454545,10.0618181818182,22.5327272727273,-0.924350308830088,1.46240649006583,0.878236363636364,0.863963636363636,0.830690909090909
50402,32048,18354,0.728038653186318,0.71951200699069,0.694420459078462,34.6527272727273,34.1018181818182,31.2454545454545,9.43818181818182,23.2109090909091,10.1272727272727,24.7036363636364,9.78181818181818,22.7381818181818,-1.00183091976426,1.63034529956904,0.878236363636364,0.863963636363636,0.830690909090909
51114,32121,18993,0.728077523455966,0.719569065687158,0.694054537853454,34.7236363636364,34.1236363636364,31.1527272727273,9.2,23.4272727272727,9.9,24.9890909090909,9.51272727272727,22.9709090909091,-1.07643160413612,1.77931269732389,0.878236363636364,0.863963636363636,0.830690909090909
51751,32218,19533,0.728103300396618,0.719563303670615,0.693411083135014,34.8145454545455,34.14,31.0454545454545,8.98363636363636,23.6218181818182,9.67272727272727,25.28,9.29454545454546,23.1472727272727,-1.14719971093264,1.88845172524452,0.878236363636364,0.863963636363636,0.830690909090909
52382,32324,20058,0.728488897692273,0.719031568860075,0.693052200214459,34.9490909090909,34.0836363636364,30.9672727272727,8.76545454545455,23.8327272727273,9.45454545454546,25.5327272727273,9.09272727272727,23.3218181818182,-1.21538909836249,1.99297025962309,0.878236363636364,0.863963636363636,0.830690909090909
53094,32395,20699,0.728450800712891,0.719004116844148,0.692924599122826,35.1072727272727,34.0254545454545,30.8672727272727,8.56727272727273,24.0090909090909,9.21090909090909,25.8363636363636,8.86909090909091,23.5072727272727,-1.28556804115122,2.15680151419206,0.878236363636364,0.863963636363636,0.830690909090909
53768,32460,21308,0.728820521188436,0.718526990816459,0.692268618825272,35.2436363636364,33.9727272727273,30.7836363636364,8.35272727272727,24.2018181818182,8.97818181818182,26.1018181818182,8.65818181818182,23.7072727272727,-1.35418968065218,2.30878235264258,0.878236363636364,0.863963636363636,0.830690909090909
54548,32562,21986,0.728923574523043,0.718249727143286,0.692206966239384,35.3872727272727,33.9654545454545,30.6472727272727,8.15636363636364,24.3745454545455,8.71818181818182,26.4436363636364,8.35454545454546,23.9527272727273,-1.41785411428321,2.4891129759225,0.878236363636364,0.863963636363636,0.830690909090909
55009,32589,22420,0.728851779187413,0.717954091007404,0.691805113550589,35.5181818181818,33.9527272727273,30.5290909090909,7.96363636363636,24.5381818181818,8.5,26.7,8.20909090909091,24.0890909090909,-1.48513247993859,2.56362425088882,0.878236363636364,0.863963636363636,0.830690909090909
55603,32725,22878,0.7291836769288,0.717791631780664,0.691284124748176,35.6672727272727,33.8854545454545,30.4472727272727,7.81272727272727,24.6963636363636,8.28181818181818,26.8690909090909,8.07636363636364,24.2636363636364,-1.54223321703347,2.65438014377247,0.878236363636364,0.863963636363636,0.830690909090909
56158,32840,23318,0.729504484152677,0.71810335261859,0.690794408836351,35.8127272727273,33.8654545454545,30.3218181818182,7.67272727272727,24.8381818181818,8.04909090909091,27.0836363636364,7.91636363636364,24.44,-1.59899215210568,2.74057372266596,0.878236363636364,0.863963636363636,0.830690909090909
56640,32909,23731,0.729584150574696,0.717874716073604,0.690357668712159,36.0145454545455,33.7854545454545,30.2,7.50545454545455,24.9636363636364,7.88545454545455,27.2927272727273,7.73636363636364,24.6163636363636,-1.65758981054479,2.81598159725016,0.878236363636364,0.863963636363636,0.830690909090909
57169,32989,24180,0.729790439340073,0.717406013647802,0.689697061269626,36.2072727272727,33.7327272727273,30.06,7.32363636363636,25.1127272727273,7.70363636363636,27.5254545454545,7.56727272727273,24.7672727272727,-1.71276985461062,2.91247828982093,0.878236363636364,0.863963636363636,0.830690909090909
57658,33101,24557,0.729954635063817,0.716864009783297,0.689435676777225,36.3818181818182,33.6709090909091,29.9472727272727,7.16363636363636,25.2309090909091,7.58181818181818,27.7127272727273,7.37090909090909,24.94,-1.76367152170701,2.97542528022419,0.878236363636364,0.863963636363636,0.830690909090909
58277,33207,25070,0.73032214619493,0.716846052694692,0.688949512012224,36.5436363636364,33.6545454545455,29.8018181818182,6.99272727272727,25.3945454545455,7.40909090909091,27.8727272727273,7.2,25.1309090909091,-1.81314561637965,3.10671900510788,0.878236363636364,0.863963636363636,0.830690909090909
58785,33290,25495,0.730698938405986,0.716845269959696,0.688393514342925,36.7,33.6218181818182,29.6781818181818,6.86909090909091,25.52,7.23636363636364,28.0527272727273,7.04545454545455,25.2763636363636,-1.86136643615636,3.20249459960244,0.878236363636364,0.863963636363636,0.830690909090909
59284,33369,25915,0.730917389177975,0.716548754776501,0.687999610132411,36.9054545454546,33.5618181818182,29.5327272727273,6.7,25.7181818181818,7.06181818181818,28.1709090909091,6.90909090909091,25.44,-1.90764411850409,3.30172447345474,0.878236363636364,0.863963636363636,0.830690909090909
59820,33481,26339,0.731194747249642,0.71594988772525,0.687363305553999,37.0672727272727,33.5490909090909,29.3836363636364,6.54,25.9145454545455,6.88181818181818,28.34,6.74727272727273,25.5763636363636,-1.9498014322736,3.39963412826711,0.878236363636364,0.863963636363636,0.830690909090909
60224,33543,26681,0.731463442784357,0.71533577763657,0.6865456802511,37.2490909090909,33.5272727272727,29.2236363636364,6.41454545454545,26.0563636363636,6.71636363636364,28.4763636363636,6.58545454545455,25.7509090909091,-1.99413914843039,3.46578491113403,0.878236363636364,0.863963636363636,0.830690909090909
60782,33701,27081,0.731795660351349,0.71471135767537,0.686134102701366,37.4418181818182,33.4618181818182,29.0963636363636,6.30727272727273,26.2163636363636,6.50727272727273,28.6145454545455,6.44545454545455,25.9090909090909,-2.02713483734564,3.55563573674722,0.878236363636364,0.863963636363636,0.830690909090909
61235,33807,27428,0.731813960943777,0.714126504585446,0.685885222473284,37.6727272727273,33.3363636363636,28.9909090909091,6.16545454545455,26.3890909090909,6.35090909090909,28.72,6.34909090909091,26.0254545454545,-2.06278747482733,3.62928682294759,0.878236363636364,0.863963636363636,0.830690909090909
61668,33961,27707,0.732084177906279,0.71352876141733,0.685261516488459,37.8563636363636,33.2618181818182,28.8818181818182,6.03636363636364,26.5218181818182,6.22545454545455,28.8381818181818,6.24727272727273,26.1309090909091,-2.09445198720152,3.67676390246911,0.878236363636364,0.863963636363636,0.830690909090909
62153,34085,28068,0.732363441140765,0.713060701011758,0.684635184525341,38.1236363636364,33.0836363636364,28.7927272727273,5.92545454545455,26.6654545454545,6.07818181818182,28.9345454545455,6.12181818181818,26.2745454545455,-2.12577135183594,3.75985405824401,0.878236363636364,0.863963636363636,0.830690909090909
62500,34200,28300,0.73239353522007,0.712866273005302,0.684045101197253,38.3327272727273,33.02,28.6472727272727,5.80909090909091,26.7854545454545,6.01818181818182,28.9836363636364,6.05818181818182,26.3454545454545,-2.15518920259042,3.80205788774924,0.878236363636364,0.863963636363636,0.830690909090909
62954,34359,28595,0.732373318603034,0.712363328929671,0.68306912654301,38.5327272727273,32.9636363636364,28.5036363636364,5.69636363636364,26.9654545454545,5.83636363636364,29.0945454545455,5.97272727272727,26.4345454545455,-2.18032280044122,3.8493177885359,0.878236363636364,0.863963636363636,0.830690909090909
63413,34502,28911,0.732395984998909,0.71217762879294,0.68219355950279,38.7545454545455,32.8690909090909,28.3763636363636,5.58,27.1381818181818,5.68363636363636,29.1672727272727,5.83272727272727,26.5981818181818,-2.20344200459394,3.91590594703501,0.878236363636364,0.863963636363636,0.830690909090909
63774,34668,29106,0.732333795324118,0.711755630569199,0.681599470929769,38.9581818181818,32.8181818181818,28.2236363636364,5.49090909090909,27.2927272727273,5.55090909090909,29.2290909090909,5.74909090909091,26.6872727272727,-2.22443227984688,3.93792682506821,0.878236363636364,0.863963636363636,0.830690909090909
64190,34867,29323,0.732403838167274,0.710675836463499,0.680659019429246,39.2090909090909,32.7309090909091,28.06,5.41090909090909,27.4218181818182,5.46181818181818,29.2945454545455,5.63272727272727,26.7781818181818,-2.24018806273287,3.97148385969075,0.878236363636364,0.863963636363636,0.830690909090909
64612,35006,29606,0.732573970963437,0.709863193288321,0.679893936318684,39.4509090909091,32.62,27.9290909090909,5.31454545454546,27.6072727272727,5.28545454545455,29.3981818181818,5.51818181818182,26.8763636363636,-2.25930334383791,4.02438088655472,0.878236363636364,0.863963636363636,0.830690909090909
65026,35191,29835,0.732524415196823,0.708622626354775,0.679494199361486,39.6581818181818,32.5545454545455,27.7872727272727,5.2,27.74,5.16727272727273,29.5236363636364,5.40545454545455,26.9636363636364,-2.27410908124664,4.05515940514478,0.878236363636364,0.863963636363636,0.830690909090909
65469,35388,30081,0.732414698902626,0.70774450982078,0.678664727336145,39.8236363636364,32.5290909090909,27.6472727272727,5.10363636363636,27.8509090909091,5.11272727272727,29.5909090909091,5.29818181818182,27.0436363636364,-2.28510773181915,4.10443584539674,0.878236363636364,0.863963636363636,0.830690909090909
65936,35620,30316,0.7322335489001,0.707353095658506,0.67787435074693,40.0072727272727,32.4927272727273,27.5,5.00545454545455,28.0290909090909,4.98,29.6472727272727,5.20181818181818,27.1363636363636,-2.29159202467312,4.13315143747763,0.878236363636364,0.863963636363636,0.830690909090909
66361,35851,30510,0.732598247784955,0.706508860856686,0.676725633329915,40.2272727272727,32.4345454545455,27.3381818181818,4.91818181818182,28.1636363636364,4.84909090909091,29.7454545454545,5.07272727272727,27.2509090909091,-2.29818827943368,4.15806735916571,0.878236363636364,0.863963636363636,0.830690909090909
66605,35967,30638,0.732341562078567,0.705339698643626,0.675456569354396,40.3872727272727,32.4381818181818,27.1745454545455,4.83818181818182,28.3036363636364,4.74181818181818,29.7909090909091,4.99272727272727,27.3327272727273,-2.3129060078751,4.15632373853163,0.878236363636364,0.863963636363636,0.830690909090909
67128,36230,30898,0.732588317123474,0.704866437308227,0.674647271497411,40.5618181818182,32.42,27.0181818181818,4.75636363636364,28.4418181818182,4.68363636363636,29.8527272727273,4.86727272727273,27.3981818181818,-2.31427708376538,4.20748868422075,0.878236363636364,0.863963636363636,0.830690909090909
67783,36512,31271,0.732497245068267,0.704916399257124,0.673841527294013,40.7054545454545,32.44,26.8545454545455,4.66909090909091,28.5981818181818,4.58545454545455,29.9454545454545,4.71454545454545,27.4872727272727,-2.31328899968754,4.29508987177502,0.878236363636364,0.863963636363636,0.830690909090909
68171,36723,31448,0.732377146472755,0.703912872198644,0.672929602676781,40.88,32.4527272727273,26.6672727272727,4.58363636363636,28.7636363636364,4.50727272727273,30.0036363636364,4.56909090909091,27.5727272727273,-2.3163587781516,4.31115529320457,0.878236363636364,0.863963636363636,0.830690909090909
68587,36977,31610,0.732360683398663,0.702933115903975,0.671837513312366,41.0890909090909,32.4218181818182,26.4890909090909,4.49272727272727,28.8963636363636,4.43272727272727,30.0454545454545,4.50363636363636,27.6290909090909,-2.31197633363984,4.31939225901257,0.878236363636364,0.863963636363636,0.830690909090909
69056,37219,31837,0.732103369077836,0.702791017670418,0.671045538582398,41.2727272727273,32.4254545454545,26.3018181818182,4.41272727272727,29.0527272727273,4.37454545454545,30.0690909090909,4.40545454545455,27.6854545454545,-2.31060171723366,4.35529069467024,0.878236363636364,0.863963636363636,0.830690909090909
69571,37514,32057,0.732019255377147,0.701781761697047,0.670167467088612,41.4909090909091,32.4254545454545,26.0836363636364,4.34727272727273,29.1909090909091,4.30181818181818,30.14,4.31636363636364,27.7036363636364,-2.30173100287264,4.38364506634799,0.878236363636364,0.863963636363636,0.830690909090909
69994,37795,32199,0.731675411417802,0.701096265925276,0.669263640758108,41.7109090909091,32.3618181818182,25.9272727272727,4.29090909090909,29.3490909090909,4.17636363636364,30.1854545454545,4.23818181818182,27.76,-2.29412035671147,4.39388757239688,0.878236363636364,0.863963636363636,0.830690909090909
70530,38076,32454,0.731667408825805,0.700071261137197,0.668101131383187,41.9218181818182,32.36,25.7181818181818,4.20181818181818,29.5236363636364,4.04181818181818,30.2490909090909,4.14909090909091,27.8345454545455,-2.28490401723168,4.44293000589717,0.878236363636364,0.863963636363636,0.830690909090909
70830,38337,32493,0.731477656995717,0.698736983473539,0.666996967696293,42.0963636363636,32.3545454545455,25.5490909090909,4.14909090909091,29.7,3.94,30.2327272727273,4.12181818181818,27.8563636363636,-2.28040731711821,4.41194313547828,0.878236363636364,0.863963636363636,0.830690909090909
71275,38592,32683,0.731225127108237,0.697927153232137,0.665186321234173,42.3072727272727,32.3472727272727,25.3454545454545,4.08545454545455,29.8418181818182,3.88909090909091,30.2654545454545,4.06,27.8581818181818,-2.27409314025532,4.4317489342256,0.878236363636364,0.863963636363636,0.830690909090909
71778,38883,32895,0.731087537435514,0.697535769011885,0.664177023534782,42.4927272727273,32.3363636363636,25.1709090909091,4.03090909090909,30.0145454545455,3.79272727272727,30.2909090909091,3.99636363636364,27.8745454545455,-2.26412510004911,4.46930581656369,0.878236363636364,0.863963636363636,0.830690909090909
72325,39219,33106,0.730847204067461,0.697336715515823,0.663042748616784,42.6927272727273,32.3218181818182,24.9854545454545,3.97454545454546,30.1672727272727,3.71454545454545,30.3163636363636,3.93454545454546,27.8927272727273,-2.24954913854599,4.50411780097268,0.878236363636364,0.863963636363636,0.830690909090909
72950,39555,33395,0.730685611382546,0.696662847379704,0.661700574874769,42.92,32.2527272727273,24.8272727272727,3.89454545454546,30.3345454545455,3.64363636363636,30.3781818181818,3.82363636363636,27.9254545454545,-2.23464788415215,4.5618372852152,0.878236363636364,0.863963636363636,0.830690909090909
73413,39917,33496,0.730661416371964,0.696284521125164,0.660298630812437,43.0709090909091,32.2654545454545,24.6636363636364,3.84727272727273,30.4472727272727,3.63818181818182,30.3363636363636,3.79636363636364,27.9345454545455,-2.21633458950303,4.55896632454612,0.878236363636364,0.863963636363636,0.830690909090909
73955,40280,33675,0.730560071062198,0.695945484837927,0.659041592892291,43.2436363636364,32.2290909090909,24.5272727272727,3.81272727272727,30.6090909090909,3.52,30.3709090909091,3.68,28.0072727272727,-2.19811459021135,4.58019866509871,0.878236363636364,0.863963636363636,0.830690909090909
74575,40670,33905,0.729862840142146,0.695301781534008,0.657983020677844,43.4472727272727,32.1490909090909,24.4036363636364,3.75636363636364,30.7472727272727,3.45636363636364,30.3672727272727,3.66545454545455,28.0072727272727,-2.17600147019733,4.63010131337426,0.878236363636364,0.863963636363636,0.830690909090909
75098,41082,34016,0.729475308294224,0.694665669568385,0.656774557893099,43.6363636363636,32.1127272727273,24.2509090909091,3.70181818181818,30.9054545454545,3.38727272727273,30.34,3.62363636363636,28.0418181818182,-2.15190665613521,4.62450221451846,0.878236363636364,0.863963636363636,0.830690909090909
75635,41495,34140,0.729008522405441,0.693387887948603,0.655543534767542,43.7745454545455,32.1054545454545,24.12,3.64909090909091,31.0381818181818,3.29454545454545,30.3872727272727,3.58,28.0509090909091,-2.13016105836088,4.62642857269807,0.878236363636364,0.863963636363636,0.830690909090909
76283,41941,34342,0.728694200390397,0.692531869405671,0.654710194935467,43.9854545454545,32.0072727272727,24.0072727272727,3.60545454545455,31.1909090909091,3.23454545454545,30.3563636363636,3.50727272727273,28.1054545454545,-2.10338607647202,4.65538447770206,0.878236363636364,0.863963636363636,0.830690909090909
76908,42324,34584,0.728056437121362,0.691145372042911,0.653461039815068,44.2181818181818,31.9181818181818,23.8636363636364,3.54545454545455,31.3654545454545,3.14727272727273,30.3418181818182,3.44727272727273,28.1527272727273,-2.07979995716702,4.69688485535708,0.878236363636364,0.863963636363636,0.830690909090909
77465,42687,34778,0.727671911887334,0.690058329296349,0.652207537354603,44.3690909090909,31.8981818181818,23.7327272727273,3.48545454545455,31.5036363636364,3.09636363636364,30.3418181818182,3.37636363636364,28.1963636363636,-2.0552846968174,4.72093436067755,0.878236363636364,0.863963636363636,0.830690909090909
78042,43123,34919,0.727052464540214,0.688740702509885,0.650945938484073,44.5745454545455,31.8454545454545,23.58,3.44909090909091,31.6218181818182,2.99818181818182,30.3963636363636,3.30545454545455,28.2290909090909,-2.02817238135771,4.72319989637895,0.878236363636364,0.863963636363636,0.830690909090909
78479,43485,34994,0.726545413986213,0.687895086787652,0.649695046985135,44.7127272727273,31.8090909090909,23.4781818181818,3.4,31.76,2.98363636363636,30.3454545454545,3.27272727272727,28.2381818181818,-2.00467620410702,4.72365942434831,0.878236363636364,0.863963636363636,0.830690909090909
78999,43889,35110,0.726084025488828,0.686315214605021,0.648483709180069,44.8345454545455,31.7672727272727,23.3981818181818,3.35272727272727,31.9090909090909,2.93090909090909,30.2727272727273,3.22727272727273,28.3072727272727,-1.97783311171965,4.72428817315535,0.878236363636364,0.863963636363636,0.830690909090909
79370,44277,35093,0.72535393303482,0.685252578210124,0.646638326540463,44.9327272727273,31.84,23.2272727272727,3.32727272727273,32.0018181818182,2.91818181818182,30.2581818181818,3.12181818181818,28.3727272727273,-1.95082200819796,4.67538115761497,0.878236363636364,0.863963636363636,0.830690909090909
79859,44680,35179,0.724952486838582,0.683722903294324,0.645435998173007,45.06,31.8563636363636,23.0836363636364,3.27090909090909,32.1090909090909,2.86727272727273,30.2636363636364,3.05454545454545,28.4345454545455,-1.92603305253116,4.66256942315535,0.878236363636364,0.863963636363636,0.830690909090909
80540,45141,35399,0.724616761573872,0.682276968483862,0.643843742516784,45.2218181818182,31.8072727272727,22.9709090909091,3.22,32.2527272727273,2.79454545454545,30.28,2.93636363636364,28.5163636363636,-1.89440197727897,4.68867185115814,0.878236363636364,0.863963636363636,0.830690909090909
81022,45567,35455,0.724040768956496,0.680674758132192,0.642628121893658,45.3909090909091,31.7781818181818,22.8309090909091,3.18363636363636,32.3563636363636,2.76181818181818,30.2236363636364,2.90363636363636,28.5709090909091,-1.86309933581136,4.66906488808719,0.878236363636364,0.863963636363636,0.830690909090909
81575,45957,35618,0.723094870023537,0.680338148013083,0.640953393791161,45.4309090909091,31.8854545454545,22.6836363636364,3.12909090909091,32.4709090909091,2.71272727272727,30.2127272727273,2.83272727272727,28.6418181818182,-1.83666418574073,4.6776676308025,0.878236363636364,0.863963636363636,0.830690909090909
82121,46302,35819,0.722076202523968,0.679212312230017,0.639720543735412,45.52,31.9436363636364,22.5363636363636,3.07636363636364,32.5872727272727,2.66545454545455,30.2163636363636,2.75636363636364,28.6981818181818,-1.81398208114234,4.711372590065,0.878236363636364,0.863963636363636,0.830690909090909
82818,46726,36092,0.721499561398158,0.678784896904047,0.638771338050432,45.6254545454546,31.9963636363636,22.3781818181818,3.03454545454545,32.7145454545455,2.59818181818182,30.2018181818182,2.70545454545455,28.7454545454545,-1.78506687039679,4.76239660869945,0.878236363636364,0.863963636363636,0.830690909090909
83240,47151,36089,0.720598133085961,0.67747376032399,0.637128676432072,45.7363636363636,32.0345454545455,22.2290909090909,2.98,32.8563636363636,2.53454545454545,30.1545454545455,2.69090909090909,28.7836363636364,-1.75279602435502,4.71651547388597,0.878236363636364,0.863963636363636,0.830690909090909
83678,47523,36155,0.720059834057809,0.676377885284425,0.635644055723363,45.8327272727273,32.0563636363636,22.1109090909091,2.95818181818182,32.9454545454545,2.48545454545455,30.1218181818182,2.64363636363636,28.8454545454545,-1.72751828079874,4.69975369193337,0.878236363636364,0.863963636363636,0.830690909090909
84135,47906,36229,0.719182481082885,0.674963568920364,0.634128124527824,45.9490909090909,32.04,22.0109090909091,2.92909090909091,33.0436363636364,2.43636363636364,30.1254545454545,2.57272727272727,28.8927272727273,-1.70015788620169,4.67891908125444,0.878236363636364,0.863963636363636,0.830690909090909
84546,48294,36252,0.718246821605122,0.673456462818458,0.632212667224545,46.0854545454546,32.0363636363636,21.8781818181818,2.87454545454545,33.1545454545455,2.41090909090909,30.0927272727273,2.50363636363636,28.9636363636364,-1.67074706039645,4.64019808552482,0.878236363636364,0.863963636363636,0.830690909090909
85308,48755,36553,0.717753192522973,0.671934254655951,0.631256838194944,46.1890909090909,32.0018181818182,21.8090909090909,2.85090909090909,33.2527272727273,2.29454545454545,30.1127272727273,2.50181818181818,28.9872727272727,-1.63661353479732,4.70297074534676,0.878236363636364,0.863963636363636,0.830690909090909
85841,49205,36636,0.716905993713914,0.670452305026297,0.629947924040474,46.3345454545455,31.9672727272727,21.6981818181818,2.81272727272727,33.3727272727273,2.21636363636364,30.0963636363636,2.49818181818182,29.0036363636364,-1.60133070024577,4.6779825557362,0.878236363636364,0.863963636363636,0.830690909090909
86389,49630,36759,0.715874337188054,0.668935649928671,0.628681888386519,46.4418181818182,31.9690909090909,21.5890909090909,2.77272727272727,33.4290909090909,2.21090909090909,30.1218181818182,2.42363636363636,29.0418181818182,-1.56975670592351,4.68145715540106,0.878236363636364,0.863963636363636,0.830690909090909
86803,50011,36792,0.71515778576085,0.667418667124589,0.626713901469453,46.5327272727273,32,21.4672727272727,2.73818181818182,33.4763636363636,2.19454545454545,30.16,2.32909090909091,29.1018181818182,-1.54015853513371,4.65266806429083,0.878236363636364,0.863963636363636,0.830690909090909
87281,50392,36889,0.714445519097869,0.666242634862336,0.625689522639711,46.5872727272727,32.0454545454545,21.3672727272727,2.69272727272727,33.5727272727273,2.14909090909091,30.1327272727273,2.30727272727273,29.1454545454545,-1.51024359085343,4.64678002704274,0.878236363636364,0.863963636363636,0.830690909090909
87931,50817,37114,0.713496607113403,0.665455569483375,0.624692857658997,46.6527272727273,32.0618181818182,21.2854545454545,2.64727272727273,33.6927272727273,2.07454545454545,30.1436363636364,2.24909090909091,29.1927272727273,-1.47711846340786,4.66357288794084,0.878236363636364,0.863963636363636,0.830690909090909
88478,51247,37231,0.712329127818031,0.664275498836094,0.623878327768342,46.7290909090909,32.0490909090909,21.2218181818182,2.61818181818182,33.7745454545455,2.02909090909091,30.1418181818182,2.22,29.2163636363636,-1.44602712392807,4.65626477761702,0.878236363636364,0.863963636363636,0.830690909090909
89101,51667,37434,0.711315257060018,0.662792806897786,0.622670390643407,46.8054545454546,32.0618181818182,21.1327272727273,2.57272727272727,33.8672727272727,1.94545454545455,30.1927272727273,2.16909090909091,29.2527272727273,-1.41466442969712,4.67278653925115,0.878236363636364,0.863963636363636,0.830690909090909
89590,52061,37529,0.7104874939156,0.661098003918025,0.62151625608951,46.9127272727273,32.0563636363636,21.0309090909091,2.53090909090909,33.9345454545455,1.95454545454545,30.1836363636364,2.13454545454545,29.2618181818182,-1.38516907827421,4.66755958253687,0.878236363636364,0.863963636363636,0.830690909090909
89906,52447,37459,0.709825579430479,0.658922359054144,0.620313876521624,47.0418181818182,32.02,20.9381818181818,2.49636363636364,33.9927272727273,1.91454545454545,30.2254545454545,2.08363636363636,29.2872727272727,-1.35188578882001,4.60943944020705,0.878236363636364,0.863963636363636,0.830690909090909
90491,52816,37675,0.709185322096806,0.658098791596842,0.61931253449563,47.1327272727273,32.02,20.8472727272727,2.47272727272727,34.0563636363636,1.9,30.2181818181818,2.02727272727273,29.3254545454545,-1.32479238510132,4.63927827531641,0.878236363636364,0.863963636363636,0.830690909090909
90810,53174,37636,0.708431284526662,0.656583086840647,0.618191480123351,47.2054545454545,32.0290909090909,20.7654545454545,2.44181818181818,34.1327272727273,1.87818181818182,30.2018181818182,2.00727272727273,29.3381818181818,-1.29924384409731,4.5901067647067,0.878236363636364,0.863963636363636,0.830690909090909
91075,53604,37471,0.707137794396018,0.654785391068561,0.616868514213023,47.26,32.0490909090909,20.6909090909091,2.41818181818182,34.2036363636364,1.84363636363636,30.1745454545455,2.02727272727273,29.3327272727273,-1.26747572774237,4.5022544871677,0.878236363636364,0.863963636363636,0.830690909090909
91410,53965,37445,0.706204948934339,0.653347849507293,0.615681813080398,47.3145454545455,32.0818181818182,20.6036363636364,2.39090909090909,34.2872727272727,1.82181818181818,30.1781818181818,1.97272727272727,29.3490909090909,-1.24182665469972,4.45467375083403,0.878236363636364,0.863963636363636,0.830690909090909
91902,54340,37562,0.705631170682523,0.651585264734622,0.614691726707082,47.4018181818182,32.04,20.5581818181818,2.35818181818182,34.3618181818182,1.80363636363636,30.18,1.89454545454545,29.4018181818182,-1.21360210342841,4.45148766040802,0.878236363636364,0.863963636363636,0.830690909090909
92297,54653,37644,0.704574235760735,0.650478847004138,0.613733834563638,47.4763636363636,32.0163636363636,20.5072727272727,2.32727272727273,34.4854545454545,1.75636363636364,30.1672727272727,1.84181818181818,29.4218181818182,-1.18898816366087,4.4332693641836,0.878236363636364,0.863963636363636,0.830690909090909
92676,55026,37650,0.703392062087003,0.648884917677982,0.612562198576726,47.5672727272727,32.0072727272727,20.4254545454545,2.28545454545455,34.5945454545455,1.68545454545455,30.1927272727273,1.82181818181818,29.42,-1.15638878711245,4.38288839188489,0.878236363636364,0.863963636363636,0.830690909090909
93049,55373,37676,0.702615807544305,0.647522846755496,0.611137269950705,47.6745454545455,31.9745454545455,20.3509090909091,2.24727272727273,34.7090909090909,1.64,30.1745454545455,1.82545454545455,29.4036363636364,-1.12783955024047,4.33903425823558,0.878236363636364,0.863963636363636,0.830690909090909
93583,55687,37896,0.701860960027296,0.646402961184208,0.610025630129847,47.7745454545455,31.94,20.2854545454545,2.21454545454545,34.8327272727273,1.55454545454545,30.1763636363636,1.78363636363636,29.4381818181818,-1.10420172864741,4.3538936864246,0.878236363636364,0.863963636363636,0.830690909090909
94200,56045,38155,0.701042978985706,0.645884864273536,0.609082596791613,47.8581818181818,31.9036363636364,20.2381818181818,2.18,34.9418181818182,1.51818181818182,30.1672727272727,1.73090909090909,29.4618181818182,-1.07559606283903,4.40232267596505,0.878236363636364,0.863963636363636,0.830690909090909
94794,56417,38377,0.700291195433299,0.645202407388799,0.608165512517737,47.9563636363636,31.8945454545455,20.1490909090909,2.13272727272727,35.0363636363636,1.52545454545455,30.1509090909091,1.67454545454545,29.48,-1.04966972903772,4.42425911318172,0.878236363636364,0.863963636363636,0.830690909090909
95298,56766,38532,0.699550005515283,0.643924670834276,0.607363117771012,48.0490909090909,31.8454545454545,20.1054545454545,2.09454545454545,35.1927272727273,1.43090909090909,30.1036363636364,1.67818181818182,29.5,-1.02259348089045,4.43034373630177,0.878236363636364,0.863963636363636,0.830690909090909
95714,57117,38597,0.699022006530531,0.642356046578359,0.606128635786781,48.1654545454545,31.7981818181818,20.0363636363636,2.04909090909091,35.2709090909091,1.41818181818182,30.0727272727273,1.62909090909091,29.56,-0.992718105559999,4.40520148819143,0.878236363636364,0.863963636363636,0.830690909090909
96020,57394,38626,0.697900482296508,0.641765002392945,0.605060226194407,48.2054545454545,31.8181818181818,19.9763636363636,2.01272727272727,35.3509090909091,1.41272727272727,30.0381818181818,1.60727272727273,29.5781818181818,-0.968172262609005,4.3683897820386,0.878236363636364,0.863963636363636,0.830690909090909
96502,57740,38762,0.697295433100552,0.640366121134689,0.604613323150376,48.2781818181818,31.8145454545455,19.9072727272727,1.99090909090909,35.4236363636364,1.39454545454545,29.9909090909091,1.58,29.62,-0.941045573760163,4.37156874808398,0.878236363636364,0.863963636363636,0.830690909090909
97084,58072,39012,0.696548914280343,0.639481559023881,0.603783966382953,48.3854545454545,31.7527272727273,19.8618181818182,1.96181818181818,35.5072727272727,1.34181818181818,29.9781818181818,1.52727272727273,29.6836363636364,-0.912723132019693,4.39608422084288,0.878236363636364,0.863963636363636,0.830690909090909
97176,58327,38849,0.69533900333923,0.63801664120069,0.602443314840882,48.4327272727273,31.7581818181818,19.8090909090909,1.92545454545455,35.6181818181818,1.26909090909091,29.9818181818182,1.49636363636364,29.7090909090909,-0.888123440065167,4.29286533052271,0.878236363636364,0.863963636363636,0.830690909090909
97902,58618,39284,0.694837141219129,0.637744613643461,0.601525219842627,48.5145454545455,31.7436363636364,19.7418181818182,1.89090909090909,35.6927272727273,1.21272727272727,30.0454545454545,1.39818181818182,29.76,-0.863458435372873,4.38189178380099,0.878236363636364,0.863963636363636,0.830690909090909
98348,58928,39420,0.69412750012495,0.636686978525469,0.601012616439077,48.5927272727273,31.7109090909091,19.6963636363636,1.87090909090909,35.7345454545455,1.22,30.0236363636364,1.34181818181818,29.8090909090909,-0.837638528374108,4.38210368156433,0.878236363636364,0.863963636363636,0.830690909090909
98947,59224,39723,0.693499017578663,0.636050451050188,0.600168529158586,48.6781818181818,31.7036363636364,19.6181818181818,1.83818181818182,35.8,1.18909090909091,30.0309090909091,1.29454545454545,29.8472727272727,-0.81074330508709,4.43042076609351,0.878236363636364,0.863963636363636,0.830690909090909
99536,59532,40004,0.692751444004888,0.635951455396446,0.599202167077518,48.74,31.6963636363636,19.5636363636364,1.81090909090909,35.8509090909091,1.19090909090909,30.0090909090909,1.25272727272727,29.8854545454545,-0.788030051372268,4.48034340576692,0.878236363636364,0.863963636363636,0.830690909090909
99983,59828,40155,0.692045161706317,0.635193534390869,0.59850658507057,48.7763636363636,31.7345454545455,19.4890909090909,1.77636363636364,35.9036363636364,1.16181818181818,30.0109090909091,1.20545454545455,29.9418181818182,-0.764647203141993,4.48441078987989,0.878236363636364,0.863963636363636,0.830690909090909
100270,60079,40191,0.691720415572233,0.634729847092089,0.597343088981129,48.8072727272727,31.7836363636364,19.4090909090909,1.76181818181818,35.9527272727273,1.13272727272727,29.9963636363636,1.21454545454545,29.9418181818182,-0.745634502578865,4.45334507226944,0.878236363636364,0.863963636363636,0.830690909090909
100659,60320,40339,0.691163205997287,0.633854451551612,0.59638673139645,48.8636363636364,31.8072727272727,19.3290909090909,1.73636363636364,36.0072727272727,1.11272727272727,29.9781818181818,1.17272727272727,29.9927272727273,-0.726381029527296,4.45088845274665,0.878236363636364,0.863963636363636,0.830690909090909
101006,60554,40452,0.690652516061299,0.632903054243948,0.595813648122334,48.9436363636364,31.7672727272727,19.2890909090909,1.70363636363636,36.0636363636364,1.07818181818182,29.9709090909091,1.16363636363636,30.02,-0.705199630152095,4.42715748548508,0.878236363636364,0.863963636363636,0.830690909090909
101516,60784,40732,0.690139946494598,0.632324194687988,0.59543528191121,48.9709090909091,31.7854545454545,19.2436363636364,1.66909090909091,36.0963636363636,1.06181818181818,29.9727272727273,1.13454545454545,30.0654545454545,-0.690510967577046,4.45855800888755,0.878236363636364,0.863963636363636,0.830690909090909
101638,61009,40629,0.689392061370836,0.631284941445255,0.594212062846243,49.0181818181818,31.8072727272727,19.1745454545455,1.64181818181818,36.1036363636364,1.07090909090909,29.9309090909091,1.15818181818182,30.0945454545455,-0.6737021708353,4.40168339555914,0.878236363636364,0.863963636363636,0.830690909090909
101946,61251,40695,0.688884653003453,0.630702247646398,0.593454402301475,49.0781818181818,31.8163636363636,19.1054545454545,1.61454545454545,36.1309090909091,1.05454545454545,29.9254545454545,1.12,30.1545454545455,-0.657432887364518,4.3801481647925,0.878236363636364,0.863963636363636,0.830690909090909
102361,61479,40882,0.688334825226584,0.63024451246289,0.592912802675853,49.14,31.8054545454545,19.0545454545455,1.58727272727273,36.1709090909091,1.00363636363636,29.9709090909091,1.06909090909091,30.1981818181818,-0.638942289894277,4.37847119569778,0.878236363636364,0.863963636363636,0.830690909090909
102775,61690,41085,0.687709357134786,0.629353439976361,0.592355185542635,49.2254545454545,31.7709090909091,19.0036363636364,1.55818181818182,36.2054545454545,0.976363636363636,29.9836363636364,1.00909090909091,30.2672727272727,-0.621333767744628,4.38624957691539,0.878236363636364,0.863963636363636,0.830690909090909
102992,61869,41123,0.687228119024166,0.628803183484268,0.591851682553589,49.2909090909091,31.7854545454545,18.9236363636364,1.53090909090909,36.2218181818182,0.976363636363636,29.9872727272727,0.985454545454546,30.2981818181818,-0.606420749561353,4.34954501715573,0.878236363636364,0.863963636363636,0.830690909090909
103218,62007,41211,0.686614599321665,0.628255098674565,0.591179346987006,49.3254545454545,31.82,18.8545454545455,1.50545454545455,36.2636363636364,0.907272727272727,30.0109090909091,0.94,30.3727272727273,-0.593173162097281,4.32503995353525,0.878236363636364,0.863963636363636,0.830690909090909
103728,62227,41501,0.686330626735498,0.627516736162895,0.590528596075472,49.4254545454545,31.7690909090909,18.8054545454545,1.48363636363636,36.2781818181818,0.889090909090909,29.9727272727273,0.943636363636364,30.4327272727273,-0.575567695633932,4.37163563966751,0.878236363636364,0.863963636363636,0.830690909090909
103842,62380,41462,0.685543323080855,0.626578595341416,0.589720030824631,49.4672727272727,31.7781818181818,18.7545454545455,1.44727272727273,36.3218181818182,0.898181818181818,29.92,0.914545454545455,30.4981818181818,-0.565406901253895,4.31305115981535,0.878236363636364,0.863963636363636,0.830690909090909
104123,62592,41531,0.685072695801403,0.626414859131163,0.588595257934932,49.5254545454545,31.78,18.6945454545455,1.43090909090909,36.3545454545455,0.858181818181818,29.9272727272727,0.869090909090909,30.56,-0.54949328222058,4.27453728697517,0.878236363636364,0.863963636363636,0.830690909090909
104339,62739,41600,0.684644148658344,0.625885463631407,0.587705734367153,49.5818181818182,31.7818181818182,18.6363636363636,1.39818181818182,36.4072727272727,0.770909090909091,29.9527272727273,0.843636363636364,30.6272727272727,-0.536185275763273,4.23549933541905,0.878236363636364,0.863963636363636,0.830690909090909
104604,62895,41709,0.684089474700922,0.62576471173512,0.58720103505056,49.6072727272727,31.8036363636364,18.5890909090909,1.36545454545455,36.4309090909091,0.749090909090909,29.9472727272727,0.798181818181818,30.7090909090909,-0.52726009813222,4.22166651812467,0.878236363636364,0.863963636363636,0.830690909090909
104705,63037,41668,0.683710055739833,0.625486389259797,0.586685718942987,49.6527272727273,31.8018181818182,18.5454545454545,1.34545454545455,36.4345454545455,0.752727272727273,29.9127272727273,0.809090909090909,30.7454545454545,-0.517692380330779,4.17473853826523,0.878236363636364,0.863963636363636,0.830690909090909
104691,63148,41543,0.683199736228724,0.624101330617743,0.586400380336247,49.6981818181818,31.7872727272727,18.5145454545455,1.32,36.4418181818182,0.770909090909091,29.8636363636364,0.829090909090909,30.7745454545455,-0.509722138365561,4.09544838450172,0.878236363636364,0.863963636363636,0.830690909090909
105006,63308,41698,0.68270643293394,0.623738556160826,0.585806517435033,49.7636363636364,31.7527272727273,18.4836363636364,1.29272727272727,36.4418181818182,0.763636363636364,29.8472727272727,0.798181818181818,30.8563636363636,-0.499082557382909,4.10570375702598,0.878236363636364,0.863963636363636,0.830690909090909
105181,63462,41719,0.682361847999299,0.623330170927622,0.585419209420279,49.8018181818182,31.7745454545455,18.4236363636364,1.27090909090909,36.4527272727273,0.794545454545455,29.7872727272727,0.785454545454545,30.9090909090909,-0.48605432046408,4.07100425091657,0.878236363636364,0.863963636363636,0.830690909090909
105543,63590,41953,0.68214329084366,0.623092492305516,0.58468311896016,49.8509090909091,31.7709090909091,18.3781818181818,1.24909090909091,36.5181818181818,0.716363636363636,29.7690909090909,0.754545454545455,30.9927272727273,-0.477251461791721,4.08132477456873,0.878236363636364,0.863963636363636,0.830690909090909
105889,63708,42181,0.681840393444029,0.622791061251384,0.584341428791501,49.8854545454545,31.7654545454545,18.3490909090909,1.23272727272727,36.5563636363636,0.683636363636364,29.7327272727273,0.749090909090909,31.0454545454545,-0.466856438666582,4.09715362028642,0.878236363636364,0.863963636363636,0.830690909090909
105968,63804,42164,0.681531264999413,0.622369449675147,0.584008934690772,49.9309090909091,31.7454545454545,18.3236363636364,1.22181818181818,36.5636363636364,0.716363636363636,29.6709090909091,0.732727272727273,31.0945454545455,-0.459768227013675,4.04523502046412,0.878236363636364,0.863963636363636,0.830690909090909
106248,63945,42303,0.681396939062958,0.621881301124867,0.583773902116164,49.9672727272727,31.7436363636364,18.2890909090909,1.21636363636364,36.6109090909091,0.674545454545455,29.6145454545455,0.738181818181818,31.1454545454545,-0.448239052735946,4.04257822686976,0.878236363636364,0.863963636363636,0.830690909090909
106313,64024,42289,0.681176281569439,0.621578899195422,0.583307097800801,49.9963636363636,31.7472727272727,18.2563636363636,1.18,36.6745454545455,0.634545454545455,29.6054545454545,0.676363636363636,31.2290909090909,-0.44311988228424,3.99178796573119,0.878236363636364,0.863963636363636,0.830690909090909
106457,64133,42324,0.6811332824016,0.620858694035097,0.582745464847866,50.0454545454545,31.7327272727273,18.2218181818182,1.16909090909091,36.7345454545455,0.62,29.5490909090909,0.658181818181818,31.2690909090909,-0.434366902946071,3.94777308810841,0.878236363636364,0.863963636363636,0.830690909090909
106581,64228,42353,0.680948283782537,0.620574477944601,0.582255808708398,50.0745454545455,31.74,18.1854545454545,1.14727272727273,36.7418181818182,0.652727272727273,29.4963636363636,0.670909090909091,31.2909090909091,-0.429238937659697,3.93861522891305,0.878236363636364,0.863963636363636,0.830690909090909
106698,64313,42385,0.680763763195787,0.620620122826288,0.581455680732422,50.1236363636364,31.7454545454545,18.1309090909091,1.13818181818182,36.7872727272727,0.62,29.4454545454545,0.654545454545455,31.3545454545455,-0.423436665128578,3.90143646706234,0.878236363636364,0.863963636363636,0.830690909090909
106840,64399,42441,0.680192047882482,0.620415226106167,0.581247888981212,50.1436363636364,31.7545454545455,18.1018181818182,1.12545454545455,36.8181818181818,0.585454545454545,29.4509090909091,0.627272727272727,31.3927272727273,-0.415742130442099,3.87606004530733,0.878236363636364,0.863963636363636,0.830690909090909
106943,64494,42449,0.680058538079235,0.619901783244263,0.580963137439961,50.1854545454545,31.7436363636364,18.0709090909091,1.10909090909091,36.82,0.581818181818182,29.4618181818182,0.605454545454545,31.4218181818182,-0.411716105145487,3.84663270766085,0.878236363636364,0.863963636363636,0.830690909090909
107140,64557,42583,0.679815914118858,0.619727062547381,0.580712787429106,50.2127272727273,31.74,18.0472727272727,1.09636363636364,36.8254545454545,0.583636363636364,29.4327272727273,0.612727272727273,31.4490909090909,-0.406387560408224,3.83397796424952,0.878236363636364,0.863963636363636,0.830690909090909
107316,64632,42684,0.679755686698027,0.619690769269173,0.580391642898084,50.2327272727273,31.7418181818182,18.0254545454545,1.07090909090909,36.8490909090909,0.570909090909091,29.4236363636364,0.623636363636364,31.4618181818182,-0.400911534408277,3.82766990824179,0.878236363636364,0.863963636363636,0.830690909090909
107590,64717,42873,0.679495015237714,0.619293366603039,0.580228316883892,50.26,31.7418181818182,17.9981818181818,1.05272727272727,36.8690909090909,0.576363636363636,29.3727272727273,0.636363636363636,31.4927272727273,-0.395616480945186,3.82913094488057,0.878236363636364,0.863963636363636,0.830690909090909
107694,64798,42896,0.679028406659796,0.619259986010091,0.579765706611866,50.2818181818182,31.7363636363636,17.9818181818182,1.03636363636364,36.8963636363636,0.567272727272727,29.3381818181818,0.629090909090909,31.5327272727273,-0.389410673014142,3.80547514882955,0.878236363636364,0.863963636363636,0.830690909090909
107923,64862,43061,0.678808387983712,0.619265890983175,0.579638578605903,50.3,31.7490909090909,17.9509090909091,1.02727272727273,36.9290909090909,0.530909090909091,29.3254545454545,0.603636363636364,31.5836363636364,-0.385549206997861,3.80122382965955,0.878236363636364,0.863963636363636,0.830690909090909
107977,64935,43042,0.678595083003011,0.61850985423838,0.579439781664989,50.32,31.7509090909091,17.9290909090909,1.01636363636364,36.92,0.567272727272727,29.2727272727273,0.605454545454545,31.6181818181818,-0.380738244273446,3.76651229370724,0.878236363636364,0.863963636363636,0.830690909090909
108123,64988,43135,0.678359784555922,0.618458991314031,0.579179761274271,50.3363636363636,31.7472727272727,17.9163636363636,1.00545454545455,36.9254545454545,0.576363636363636,29.2181818181818,0.6,31.6745454545455,-0.377012318643657,3.76599295735359,0.878236363636364,0.863963636363636,0.830690909090909
108384,65052,43332,0.678033753245354,0.618778409522229,0.579121956129098,50.3345454545455,31.7763636363636,17.8890909090909,0.990909090909091,36.9327272727273,0.561818181818182,29.2018181818182,0.576363636363636,31.7363636363636,-0.371484849585051,3.78292316089977,0.878236363636364,0.863963636363636,0.830690909090909
108440,65100,43340,0.677859055746161,0.618516763326889,0.578377393306203,50.36,31.7854545454545,17.8545454545455,0.976363636363636,36.9636363636364,0.514545454545455,29.2036363636364,0.565454545454545,31.7763636363636,-0.368032065863636,3.74572552063248,0.878236363636364,0.863963636363636,0.830690909090909
108530,65154,43376,0.677819844119579,0.61812987858047,0.578100975427561,50.4,31.7672727272727,17.8327272727273,0.965454545454546,36.9781818181818,0.46,29.2290909090909,0.56,31.8072727272727,-0.364288684166968,3.71693404371088,0.878236363636364,0.863963636363636,0.830690909090909
108411,65219,43192,0.677759887841603,0.617412975663977,0.577976287439725,50.4145454545455,31.7654545454545,17.82,0.954545454545455,36.94,0.469090909090909,29.1909090909091,0.581818181818182,31.8636363636364,-0.360855244912884,3.63828055696054,0.878236363636364,0.863963636363636,0.830690909090909
108589,65295,43294,0.677586641791625,0.617085669733424,0.577983381200622,50.4381818181818,31.7527272727273,17.8090909090909,0.94,36.9545454545455,0.436363636363636,29.18,0.525454545454546,31.9636363636364,-0.355037707242776,3.61899102492766,0.878236363636364,0.863963636363636,0.830690909090909
108677,65338,43339,0.67745904453642,0.616796279651289,0.577630957497865,50.4545454545455,31.7618181818182,17.7836363636364,0.936363636363636,36.9418181818182,0.42,29.1709090909091,0.527272727272727,32.0036363636364,-0.352814951657572,3.59138885465535,0.878236363636364,0.863963636363636,0.830690909090909
108652,65390,43262,0.677032048764127,0.616693779928561,0.57707736427553,50.4690909090909,31.7727272727273,17.7581818181818,0.929090909090909,36.9345454545455,0.412727272727273,29.14,0.509090909090909,32.0745454545455,-0.348162471503019,3.54811089797453,0.878236363636364,0.863963636363636,0.830690909090909
108736,65459,43277,0.67684507797281,0.616434122103102,0.576643230491493,50.4945454545455,31.7763636363636,17.7290909090909,0.921818181818182,36.9327272727273,0.398181818181818,29.1490909090909,0.450909090909091,32.1472727272727,-0.342338297736238,3.5078084777702,0.878236363636364,0.863963636363636,0.830690909090909
108762,65515,43247,0.676806750567143,0.61616620408412,0.576603461237484,50.52,31.7618181818182,17.7181818181818,0.916363636363636,36.9272727272727,0.385454545454545,29.1472727272727,0.443636363636364,32.18,-0.33839042159644,3.47672034285285,0.878236363636364,0.863963636363636,0.830690909090909
108800,65541,43259,0.676814867117829,0.615907237662859,0.576350425766346,50.5272727272727,31.7654545454545,17.7072727272727,0.909090909090909,36.8909090909091,0.410909090909091,29.1363636363636,0.44,32.2127272727273,-0.335207054543902,3.45804874653166,0.878236363636364,0.863963636363636,0.830690909090909
108849,65582,43267,0.676756990907124,0.615604763315121,0.5762257156523,50.5381818181818,31.76,17.7018181818182,0.901818181818182,36.8945454545455,0.389090909090909,29.1127272727273,0.449090909090909,32.2527272727273,-0.331768031316725,3.4292193047025,0.878236363636364,0.863963636363636,0.830690909090909
108874,65615,43259,0.676547326786948,0.615444955540956,0.576049322671447,50.5527272727273,31.7454545454545,17.7018181818182,0.889090909090909,36.8890909090909,0.365454545454545,29.1127272727273,0.436363636363636,32.3072727272727,-0.328583991138095,3.39431460310112,0.878236363636364,0.863963636363636,0.830690909090909
108959,65656,43303,0.676362091554704,0.615403086392963,0.575876999569506,50.56,31.7490909090909,17.6909090909091,0.885454545454545,36.8890909090909,0.352727272727273,29.08,0.454545454545454,32.3381818181818,-0.326440599577671,3.39445795498111,0.878236363636364,0.863963636363636,0.830690909090909
108917,65694,43223,0.67623575704751,0.614931451510579,0.575695921381781,50.5781818181818,31.7472727272727,17.6745454545455,0.876363636363636,36.8727272727273,0.347272727272727,29.0672727272727,0.430909090909091,32.4054545454545,-0.323712580921975,3.34071286239407,0.878236363636364,0.863963636363636,0.830690909090909
108862,65720,43142,0.67607003244002,0.614696190136018,0.57555244231931,50.5927272727273,31.7454545454545,17.6618181818182,0.867272727272727,36.8381818181818,0.374545454545455,29.0327272727273,0.434545454545455,32.4527272727273,-0.321546246196059,3.30754364593462,0.878236363636364,0.863963636363636,0.830690909090909
108911,65760,43151,0.675917540711343,0.614403541714921,0.575316449123076,50.6018181818182,31.7490909090909,17.6490909090909,0.856363636363636,36.86,0.349090909090909,28.9981818181818,0.412727272727273,32.5236363636364,-0.319596307741647,3.28223527669907,0.878236363636364,0.863963636363636,0.830690909090909
109078,65784,43294,0.675930305253378,0.61415173547828,0.57544671114486,50.6109090909091,31.7472727272727,17.6418181818182,0.847272727272727,36.8709090909091,0.341818181818182,28.9272727272727,0.436363636363636,32.5763636363636,-0.318372416818006,3.28478582013737,0.878236363636364,0.863963636363636,0.830690909090909
109159,65816,43343,0.675774020237389,0.614229246592707,0.575295066996231,50.6163636363636,31.7509090909091,17.6327272727273,0.84,36.8563636363636,0.347272727272727,28.8672727272727,0.450909090909091,32.6381818181818,-0.315195564959537,3.27073133344,0.878236363636364,0.863963636363636,0.830690909090909
109461,65870,43591,0.675764274349651,0.614278018934826,0.575331613608337,50.6327272727273,31.7545454545455,17.6127272727273,0.84,36.8545454545455,0.323636363636364,28.8745454545455,0.409090909090909,32.6981818181818,-0.309620839204978,3.27988058328629,0.878236363636364,0.863963636363636,0.830690909090909
109388,65918,43470,0.675550575424546,0.613830081933437,0.57506806378524,50.6509090909091,31.7454545454545,17.6036363636364,0.832727272727273,36.8690909090909,0.303636363636364,28.8363636363636,0.390909090909091,32.7672727272727,-0.304999564842067,3.23775659176436,0.878236363636364,0.863963636363636,0.830690909090909
109647,65952,43695,0.67549378786136,0.613869669636345,0.57498756518846,50.6563636363636,31.7509090909091,17.5927272727273,0.825454545454545,36.8545454545455,0.310909090909091,28.7927272727273,0.358181818181818,32.8581818181818,-0.3023738513616,3.2507704875686,0.878236363636364,0.863963636363636,0.830690909090909
109412,65979,43433,0.675417108317522,0.613711736855867,0.574683495351464,50.6618181818182,31.7509090909091,17.5872727272727,0.809090909090909,36.8254545454545,0.341818181818182,28.7581818181818,0.343636363636364,32.9218181818182,-0.300899669341743,3.17556661123579,0.878236363636364,0.863963636363636,0.830690909090909
109774,66005,43769,0.675329651455085,0.613637352747495,0.574942590181257,50.6672727272727,31.7581818181818,17.5745454545455,0.809090909090909,36.8072727272727,0.327272727272727,28.7690909090909,0.330909090909091,32.9563636363636,-0.298634019307792,3.22986223182895,0.878236363636364,0.863963636363636,0.830690909090909
109778,66024,43754,0.675136025239447,0.613507239054582,0.57487849936362,50.6636363636364,31.76,17.5763636363636,0.805454545454545,36.8109090909091,0.292727272727273,28.7545454545455,0.334545454545455,33.0018181818182,-0.297367189435119,3.1999219099229,0.878236363636364,0.863963636363636,0.830690909090909
109925,66086,43839,0.675240072331107,0.613429220285379,0.574765445203018,50.6836363636364,31.7418181818182,17.5745454545455,0.8,36.8036363636364,0.303636363636364,28.6818181818182,0.32,33.0909090909091,-0.292306759005243,3.1946063387123,0.878236363636364,0.863963636363636,0.830690909090909
109796,66095,43701,0.675161298740301,0.613496648130556,0.57448494202606,50.6872727272727,31.7527272727273,17.56,0.794545454545455,36.7618181818182,0.354545454545454,28.6127272727273,0.338181818181818,33.1381818181818,-0.292084566080435,3.13916404003447,0.878236363636364,0.863963636363636,0.830690909090909
109872,66118,43754,0.675055926977913,0.613368412584859,0.574373340673699,50.6981818181818,31.7545454545455,17.5472727272727,0.789090909090909,36.7472727272727,0.349090909090909,28.5709090909091,0.334545454545455,33.2090909090909,-0.290223450823264,3.12793030075052,0.878236363636364,0.863963636363636,0.830690909090909
109699,66140,43559,0.674874810413564,0.613101729581092,0.574323187472867,50.6963636363636,31.7545454545455,17.5490909090909,0.787272727272727,36.74,0.321818181818182,28.5363636363636,0.329090909090909,33.2854545454545,-0.289924461462281,3.06843817857179,0.878236363636364,0.863963636363636,0.830690909090909
109737,66166,43571,0.674793098581691,0.613144062719018,0.574193209370625,50.7054545454545,31.7509090909091,17.5436363636364,0.778181818181818,36.7163636363636,0.332727272727273,28.4872727272727,0.336363636363636,33.3490909090909,-0.287838846529749,3.0549658657475,0.878236363636364,0.863963636363636,0.830690909090909
109740,66177,43563,0.674730796568574,0.61303380271082,0.574111866615964,50.7072727272727,31.7581818181818,17.5345454545455,0.776363636363636,36.7036363636364,0.318181818181818,28.4363636363636,0.349090909090909,33.4163636363636,-0.287125968221914,3.0302595091137,0.878236363636364,0.863963636363636,0.830690909090909
109554,66193,43361,0.674644001076665,0.612863867193688,0.573940638117081,50.7109090909091,31.7618181818182,17.5272727272727,0.772727272727273,36.6872727272727,0.314545454545455,28.3890909090909,0.341818181818182,33.4945454545455,-0.286452867006036,2.97466225949201,0.878236363636364,0.863963636363636,0.830690909090909
109536,66209,43327,0.674547972776116,0.612570426636885,0.573888008033445,50.7181818181818,31.7581818181818,17.5236363636364,0.767272727272727,36.6854545454545,0.287272727272727,28.3690909090909,0.321818181818182,33.5690909090909,-0.28590753020888,2.94685719975016,0.878236363636364,0.863963636363636,0.830690909090909
109629,66229,43400,0.674511248537516,0.612716370385968,0.573662018445116,50.7327272727273,31.7563636363636,17.5109090909091,0.756363636363636,36.6927272727273,0.294545454545454,28.3290909090909,0.283636363636364,33.6436363636364,-0.284729045240039,2.95010272372853,0.878236363636364,0.863963636363636,0.830690909090909
109609,66249,43360,0.674395275600356,0.612481647427378,0.573631714692835,50.7454545454545,31.7454545454545,17.5090909090909,0.754545454545455,36.6781818181818,0.310909090909091,28.2727272727273,0.28,33.7036363636364,-0.28252907039767,2.93610109144991,0.878236363636364,0.863963636363636,0.830690909090909
109742,66270,43472,0.67423233663432,0.612394421630962,0.573539066271073,50.7490909090909,31.7418181818182,17.5090909090909,0.745454545454545,36.6854545454545,0.290909090909091,28.2418181818182,0.294545454545454,33.7418181818182,-0.281659374572337,2.93677806502039,0.878236363636364,0.863963636363636,0.830690909090909
109850,66287,43563,0.674132526170024,0.61257439075143,0.57331848274663,50.7436363636364,31.7527272727273,17.5036363636364,0.741818181818182,36.6927272727273,0.281818181818182,28.1836363636364,0.287272727272727,33.8127272727273,-0.282259933303364,2.93311336243694,0.878236363636364,0.863963636363636,0.830690909090909
109867,66298,43569,0.674155955293106,0.612315558454799,0.573224016469147,50.7527272727273,31.7490909090909,17.4981818181818,0.74,36.6472727272727,0.303636363636364,28.1345454545455,0.28,33.8945454545455,-0.281566008493643,2.91758389757438,0.878236363636364,0.863963636363636,0.830690909090909
109830,66309,43521,0.674143190006109,0.612052555086754,0.573261181501887,50.7581818181818,31.7490909090909,17.4927272727273,0.729090909090909,36.6545454545455,0.296363636363636,28.0618181818182,0.301818181818182,33.9563636363636,-0.281161981744861,2.89293452555483,0.878236363636364,0.863963636363636,0.830690909090909
110073,66317,43756,0.674117343868438,0.612166791613086,0.573146966290791,50.7672727272727,31.7454545454545,17.4872727272727,0.72,36.6581818181818,0.272727272727273,28.0381818181818,0.285454545454545,34.0254545454545,-0.280269330155782,2.91607183922421,0.878236363636364,0.863963636363636,0.830690909090909
110032,66325,43707,0.674074494569495,0.611995796108557,0.573102854892633,50.78,31.7363636363636,17.4836363636364,0.712727272727273,36.6636363636364,0.263636363636364,27.9981818181818,0.289090909090909,34.0727272727273,-0.279908457754011,2.89633292311972,0.878236363636364,0.863963636363636,0.830690909090909
110178,66341,43837,0.674064366975407,0.612087669003952,0.573159081321525,50.7818181818182,31.74,17.4781818181818,0.709090909090909,36.6781818181818,0.272727272727273,27.9272727272727,0.285454545454545,34.1272727272727,-0.279656244306402,2.90341923724521,0.878236363636364,0.863963636363636,0.830690909090909
110147,66348,43799,0.673977548508275,0.611982883355795,0.573064266600754,50.7872727272727,31.7381818181818,17.4745454545455,0.705454545454545,36.68,0.263636363636364,27.9181818181818,0.258181818181818,34.1745454545455,-0.278752216044813,2.87807391746478,0.878236363636364,0.863963636363636,0.830690909090909
110217,66374,43843,0.673958677906904,0.611963187161645,0.57307139512364,50.78,31.7436363636364,17.4763636363636,0.701818181818182,36.68,0.269090909090909,27.8527272727273,0.28,34.2163636363636,-0.276566767252304,2.86761619367383,0.878236363636364,0.863963636363636,0.830690909090909
110281,66396,43885,0.673716144910574,0.612019580657801,0.572996663000397,50.7836363636364,31.7436363636364,17.4727272727273,0.696363636363636,36.6890909090909,0.278181818181818,27.7981818181818,0.258181818181818,34.28,-0.275566324473105,2.86199905032461,0.878236363636364,0.863963636363636,0.830690909090909
110290,66416,43874,0.673599083044716,0.611894749329306,0.572919124356541,50.7909090909091,31.7436363636364,17.4654545454545,0.696363636363636,36.7,0.245454545454545,27.78,0.245454545454545,34.3327272727273,-0.272621001548726,2.84871376481923,0.878236363636364,0.863963636363636,0.830690909090909
110459,66434,44025,0.673674430906191,0.611756106600432,0.572922666612347,50.8018181818182,31.7363636363636,17.4618181818182,0.690909090909091,36.7036363636364,0.26,27.7236363636364,0.243636363636364,34.3781818181818,-0.271593714353036,2.86239082569426,0.878236363636364,0.863963636363636,0.830690909090909
110453,66443,44010,0.673585757154087,0.611657811781592,0.572902594102974,50.8127272727273,31.7327272727273,17.4545454545455,0.687272727272727,36.7236363636364,0.250909090909091,27.6654545454545,0.263636363636364,34.4090909090909,-0.271384550715712,2.84246796491471,0.878236363636364,0.863963636363636,0.830690909090909
110465,66450,44015,0.673594544399469,0.611475455820383,0.572855460815735,50.8109090909091,31.7327272727273,17.4563636363636,0.681818181818182,36.7345454545455,0.243636363636364,27.6072727272727,0.258181818181818,34.4745454545455,-0.269606001852927,2.82673915841363,0.878236363636364,0.863963636363636,0.830690909090909
110652,66458,44194,0.673623290402397,0.611366563847152,0.572843060490275,50.8163636363636,31.7272727272727,17.4563636363636,0.68,36.7490909090909,0.256363636363636,27.5418181818182,0.238181818181818,34.5345454545455,-0.269070517060093,2.83971318345178,0.878236363636364,0.863963636363636,0.830690909090909
110678,66472,44206,0.673628382262573,0.611231963866789,0.572891469475618,50.8181818181818,31.7309090909091,17.4509090909091,0.68,36.7381818181818,0.26,27.4927272727273,0.245454545454545,34.5836363636364,-0.267270410924473,2.82838933196935,0.878236363636364,0.863963636363636,0.830690909090909
110789,66486,44303,0.673676415547504,0.611037129643075,0.57291669688471,50.8181818181818,31.7254545454545,17.4563636363636,0.674545454545455,36.7527272727273,0.229090909090909,27.4745454545455,0.245454545454545,34.6236363636364,-0.263824582362378,2.83073161257939,0.878236363636364,0.863963636363636,0.830690909090909
110788,66486,44302,0.67366630619856,0.611022042527346,0.572793802844389,50.8181818181818,31.7345454545455,17.4472727272727,0.676363636363636,36.7872727272727,0.2,27.4290909090909,0.221818181818182,34.6854545454545,-0.264339845449748,2.80922256220471,0.878236363636364,0.863963636363636,0.830690909090909
110683,66499,44184,0.673512264426915,0.610759981326269,0.572669351779379,50.8109090909091,31.7472727272727,17.4418181818182,0.674545454545455,36.7945454545455,0.234545454545455,27.3527272727273,0.210909090909091,34.7327272727273,-0.263870535333726,2.77249755791642,0.878236363636364,0.863963636363636,0.830690909090909
110423,66503,43920,0.673515876877441,0.610424834389114,0.572599755774866,50.8181818181818,31.7454545454545,17.4363636363636,0.674545454545455,36.8072727272727,0.214545454545455,27.3254545454545,0.221818181818182,34.7563636363636,-0.264205214055255,2.70811775353822,0.878236363636364,0.863963636363636,0.830690909090909
110288,66500,43788,0.67343693703638,0.610125357625913,0.572458025456419,50.8163636363636,31.7618181818182,17.4218181818182,0.674545454545455,36.8218181818182,0.216363636363636,27.2545454545455,0.22,34.8127272727273,-0.265910850247284,2.66411800939928,0.878236363636364,0.863963636363636,0.830690909090909
110292,66522,43770,0.673261801591027,0.609920822390842,0.572363192872021,50.8109090909091,31.7709090909091,17.4181818181818,0.676363636363636,36.8509090909091,0.198181818181818,27.1927272727273,0.205454545454545,34.8763636363636,-0.263391878716224,2.64619257802313,0.878236363636364,0.863963636363636,0.830690909090909
110250,66534,43716,0.67321238108948,0.609784515535741,0.572327985350986,50.8181818181818,31.7709090909091,17.4109090909091,0.676363636363636,36.8527272727273,0.194545454545455,27.1545454545455,0.205454545454545,34.9163636363636,-0.262579966459254,2.61404790390622,0.878236363636364,0.863963636363636,0.830690909090909
110172,66544,43628,0.673082407615334,0.609770584352507,0.572302911059362,50.82,31.7709090909091,17.4090909090909,0.676363636363636,36.8436363636364,0.210909090909091,27.0945454545455,0.230909090909091,34.9436363636364,-0.262602804387412,2.58687608621337,0.878236363636364,0.863963636363636,0.830690909090909
110067,66561,43506,0.673058851381682,0.609408814116132,0.572357676603305,50.8218181818182,31.7654545454545,17.4127272727273,0.672727272727273,36.8418181818182,0.229090909090909,27.0545454545455,0.201818181818182,35,-0.260215975733643,2.55616219138557,0.878236363636364,0.863963636363636,0.830690909090909
109942,66566,43376,0.672977467287783,0.609170513093728,0.572238654251017,50.8272727272727,31.7618181818182,17.4109090909091,0.674545454545455,36.8509090909091,0.230909090909091,27.0018181818182,0.210909090909091,35.0309090909091,-0.259834048827179,2.52008220580491,0.878236363636364,0.863963636363636,0.830690909090909
110019,66580,43439,0.672874149073594,0.609237858786786,0.572194439786594,50.8218181818182,31.7690909090909,17.4090909090909,0.670909090909091,36.8727272727273,0.218181818181818,26.9672727272727,0.207272727272727,35.0636363636364,-0.258298273378221,2.51983365023678,0.878236363636364,0.863963636363636,0.830690909090909
110142,66595,43547,0.672669957232781,0.609368117515334,0.572080131201353,50.8218181818182,31.78,17.3981818181818,0.669090909090909,36.8890909090909,0.212727272727273,26.9054545454545,0.227272727272727,35.0963636363636,-0.256992529751468,2.5259756452658,0.878236363636364,0.863963636363636,0.830690909090909
110143,66607,43536,0.672652084371795,0.609329142415849,0.572130265009186,50.8272727272727,31.7727272727273,17.4,0.665454545454545,36.9,0.209090909090909,26.8672727272727,0.223636363636364,35.1345454545455,-0.256013904696606,2.50838601887226,0.878236363636364,0.863963636363636,0.830690909090909
110198,66628,43570,0.672670269288661,0.609212327543168,0.572123841927313,50.8345454545455,31.7618181818182,17.4036363636364,0.663636363636364,36.9036363636364,0.207272727272727,26.8109090909091,0.241818181818182,35.1727272727273,-0.252537976705935,2.49796719049866,0.878236363636364,0.863963636363636,0.830690909090909
110273,66643,43630,0.672602628017546,0.609203920635126,0.572150112653674,50.8327272727273,31.76,17.4072727272727,0.661818181818182,36.9272727272727,0.209090909090909,26.7290909090909,0.243636363636364,35.2290909090909,-0.252615470201338,2.49651519832286,0.878236363636364,0.863963636363636,0.830690909090909
110275,66643,43632,0.672613459177415,0.609137873517491,0.572154505575332,50.8381818181818,31.7545454545455,17.4072727272727,0.66,36.9327272727273,0.207272727272727,26.7036363636364,0.236363636363636,35.26,-0.253982556585106,2.49096474620429,0.878236363636364,0.863963636363636,0.830690909090909
110193,66652,43541,0.672590460998209,0.60907634289213,0.572054251003919,50.8418181818182,31.7472727272727,17.4109090909091,0.656363636363636,36.9272727272727,0.212727272727273,26.6909090909091,0.212727272727273,35.3,-0.254924657476791,2.46030014048923,0.878236363636364,0.863963636363636,0.830690909090909
110187,66661,43526,0.672501017838662,0.608919692939674,0.572118001144599,50.84,31.7418181818182,17.4181818181818,0.658181818181818,36.9218181818182,0.212727272727273,26.6527272727273,0.221818181818182,35.3327272727273,-0.253195755431873,2.45378554273735,0.878236363636364,0.863963636363636,0.830690909090909
110154,66674,43480,0.672579693466156,0.608793517298015,0.572205527355918,50.8345454545455,31.7490909090909,17.4163636363636,0.654545454545455,36.8981818181818,0.216363636363636,26.6145454545455,0.221818181818182,35.3945454545455,-0.252766399209081,2.43529398942536,0.878236363636364,0.863963636363636,0.830690909090909
110289,66695,43594,0.672498295108839,0.608761832544764,0.572192238560904,50.84,31.7472727272727,17.4127272727273,0.654545454545455,36.9236363636364,0.194545454545455,26.5836363636364,0.201818181818182,35.4418181818182,-0.253098542941999,2.44447060173208,0.878236363636364,0.863963636363636,0.830690909090909
110410,66705,43705,0.672578042452045,0.608701351435407,0.572042400268507,50.8436363636364,31.7454545454545,17.4109090909091,0.649090909090909,36.9290909090909,0.210909090909091,26.5418181818182,0.194545454545455,35.4745454545455,-0.252962191279618,2.45466801944104,0.878236363636364,0.863963636363636,0.830690909090909
110453,66713,43740,0.672552402706773,0.608681650213771,0.571948407625955,50.8472727272727,31.7527272727273,17.4,0.647272727272727,36.9418181818182,0.218181818181818,26.4781818181818,0.198181818181818,35.5163636363636,-0.251275852529745,2.44680618007075,0.878236363636364,0.863963636363636,0.830690909090909
110354,66728,43626,0.672510991731039,0.608445899253563,0.571721448237292,50.8545454545455,31.7527272727273,17.3927272727273,0.645454545454546,36.9763636363636,0.207272727272727,26.4327272727273,0.187272727272727,35.5509090909091,-0.24773755709519,2.41100024553863,0.878236363636364,0.863963636363636,0.830690909090909
110376,66736,43640,0.6724817830584,0.60828624975207,0.571727853377745,50.8581818181818,31.7509090909091,17.3909090909091,0.647272727272727,37.0272727272727,0.18,26.3545454545455,0.205454545454545,35.5854545454545,-0.247100370776818,2.40259817811576,0.878236363636364,0.863963636363636,0.830690909090909
110398,66737,43661,0.67245275077428,0.608357742839596,0.571682681200559,50.8618181818182,31.7563636363636,17.3818181818182,0.650909090909091,37.0290909090909,0.174545454545455,26.3163636363636,0.214545454545455,35.6145454545455,-0.248228782768605,2.38729370385408,0.878236363636364,0.863963636363636,0.830690909090909
110573,66745,43828,0.672434492922959,0.608505987187752,0.571649280022024,50.8636363636364,31.7581818181818,17.3781818181818,0.650909090909091,37.0545454545455,0.154545454545455,26.3,0.207272727272727,35.6327272727273,-0.247992240887569,2.41300818134438,0.878236363636364,0.863963636363636,0.830690909090909
110427,66753,43674,0.672355653314952,0.608242539205741,0.571635389546914,50.86,31.7618181818182,17.3781818181818,0.649090909090909,37.0763636363636,0.169090909090909,26.2363636363636,0.203636363636364,35.6654545454545,-0.248160321659684,2.37405319782821,0.878236363636364,0.863963636363636,0.830690909090909
110385,66764,43621,0.672276383096632,0.60805913189272,0.571638334688573,50.8618181818182,31.7581818181818,17.38,0.647272727272727,37.1036363636364,0.154545454545455,26.2036363636364,0.203636363636364,35.6872727272727,-0.246363061341584,2.35431419136849,0.878236363636364,0.863963636363636,0.830690909090909
110456,66789,43667,0.672254556244038,0.608053275081789,0.571462834421153,50.8745454545455,31.7454545454545,17.38,0.645454545454546,37.12,0.167272727272727,26.1654545454545,0.212727272727273,35.6890909090909,-0.244128534547847,2.34737291200595,0.878236363636364,0.863963636363636,0.830690909090909
110466,66788,43678,0.672178688878601,0.608104360411188,0.571416366157837,50.8890909090909,31.7381818181818,17.3727272727273,0.638181818181818,37.1436363636364,0.170909090909091,26.1272727272727,0.201818181818182,35.7181818181818,-0.245355012072568,2.33387476165186,0.878236363636364,0.863963636363636,0.830690909090909
110587,66798,43789,0.67215295732574,0.60784801516114,0.571593820918718,50.8963636363636,31.7327272727273,17.3709090909091,0.636363636363636,37.1727272727273,0.169090909090909,26.08,0.207272727272727,35.7345454545455,-0.244967898330651,2.32369028966535,0.878236363636364,0.863963636363636,0.830690909090909
110496,66804,43692,0.67218481583128,0.607651771146448,0.571603575491465,50.9,31.7218181818182,17.3781818181818,0.636363636363636,37.1890909090909,0.181818181818182,26.0509090909091,0.196363636363636,35.7454545454545,-0.245418276385912,2.29799542413516,0.878236363636364,0.863963636363636,0.830690909090909
110469,66808,43661,0.672145376029685,0.607511587553414,0.571531740451503,50.9036363636364,31.7163636363636,17.38,0.636363636363636,37.2181818181818,0.174545454545455,26.0145454545455,0.192727272727273,35.7636363636364,-0.245196811249215,2.28017957366326,0.878236363636364,0.863963636363636,0.830690909090909
110455,66819,43636,0.672078441508319,0.607367699837762,0.57150377148211,50.9,31.7145454545455,17.3854545454545,0.636363636363636,37.2272727272727,0.190909090909091,25.9836363636364,0.178181818181818,35.7836363636364,-0.242648530410158,2.25993746004321,0.878236363636364,0.863963636363636,0.830690909090909
110457,66826,43631,0.672062605688495,0.607276824169267,0.571492145557796,50.8981818181818,31.7254545454545,17.3763636363636,0.636363636363636,37.2618181818182,0.150909090909091,25.9636363636364,0.181818181818182,35.8054545454545,-0.242740370381084,2.24568907896226,0.878236363636364,0.863963636363636,0.830690909090909
110454,66840,43614,0.67197674005266,0.607305302444847,0.571531274913677,50.8818181818182,31.7490909090909,17.3690909090909,0.634545454545455,37.2672727272727,0.172727272727273,25.9181818181818,0.172727272727273,35.8345454545455,-0.242989579400587,2.23042787245729,0.878236363636364,0.863963636363636,0.830690909090909
110394,66841,43553,0.671951022496174,0.607116035561115,0.571542029080341,50.8763636363636,31.7545454545455,17.3690909090909,0.632727272727273,37.2727272727273,0.167272727272727,25.9109090909091,0.161818181818182,35.8545454545455,-0.243569974407861,2.19826089455323,0.878236363636364,0.863963636363636,0.830690909090909
110335,66843,43492,0.672006019333929,0.607044923826109,0.571338467744007,50.8745454545455,31.7654545454545,17.36,0.632727272727273,37.3036363636364,0.132727272727273,25.8963636363636,0.150909090909091,35.8836363636364,-0.243605126696903,2.17729484167966,0.878236363636364,0.863963636363636,0.830690909090909
110330,66851,43479,0.67197811626242,0.607011844457897,0.571261843069924,50.8763636363636,31.7654545454545,17.3581818181818,0.629090909090909,37.3090909090909,0.136363636363636,25.8672727272727,0.16,35.8981818181818,-0.2433575890871,2.16616231805899,0.878236363636364,0.863963636363636,0.830690909090909
110156,66857,43299,0.671953508756275,0.606829187955746,0.570889042851584,50.8763636363636,31.7581818181818,17.3654545454545,0.627272727272727,37.3145454545455,0.141818181818182,25.8345454545455,0.149090909090909,35.9327272727273,-0.241945517834128,2.11166249181737,0.878236363636364,0.863963636363636,0.830690909090909
110148,66866,43282,0.671936946462705,0.606714337947003,0.570851008242312,50.8818181818182,31.7527272727273,17.3654545454545,0.62,37.3472727272727,0.147272727272727,25.7763636363636,0.150909090909091,35.9581818181818,-0.240302901978298,2.09628469158303,0.878236363636364,0.863963636363636,0.830690909090909
110098,66867,43231,0.671856100135779,0.606791241312486,0.570828721215062,50.8854545454545,31.76,17.3545454545455,0.614545454545455,37.3581818181818,0.149090909090909,25.74,0.154545454545455,35.9836363636364,-0.242776566038215,2.07215839963068,0.878236363636364,0.863963636363636,0.830690909090909
110178,66873,43305,0.671827762973581,0.606800319920618,0.570880615406619,50.8890909090909,31.7545454545455,17.3563636363636,0.612727272727273,37.3836363636364,0.12,25.7272727272727,0.130909090909091,36.0254545454545,-0.242285044214805,2.07428303984078,0.878236363636364,0.863963636363636,0.830690909090909
110261,66870,43391,0.671731874936826,0.606955222135039,0.570872998529578,50.8927272727273,31.7545454545455,17.3527272727273,0.607272727272727,37.3909090909091,0.134545454545455,25.6981818181818,0.141818181818182,36.0272727272727,-0.243541737279156,2.08326321386478,0.878236363636364,0.863963636363636,0.830690909090909
110276,66872,43404,0.671680711398088,0.606963720485193,0.570805140453788,50.8909090909091,31.7581818181818,17.3509090909091,0.605454545454545,37.3890909090909,0.134545454545455,25.6836363636364,0.152727272727273,36.0345454545455,-0.243545827727543,2.06860288412056,0.878236363636364,0.863963636363636,0.830690909090909
110259,66882,43377,0.671680379749838,0.606774215073063,0.570713028214556,50.8945454545455,31.7490909090909,17.3563636363636,0.601818181818182,37.4,0.134545454545455,25.64,0.163636363636364,36.06,-0.241200157117617,2.05155333053659,0.878236363636364,0.863963636363636,0.830690909090909
110087,66885,43202,0.671702727898498,0.606415763105853,0.570687093413834,50.8963636363636,31.7490909090909,17.3545454545455,0.598181818181818,37.4363636363636,0.118181818181818,25.6090909090909,0.143636363636364,36.0945454545455,-0.240567944599686,2.01164422885261,0.878236363636364,0.863963636363636,0.830690909090909
110230,66890,43340,0.671654634269099,0.606639925335579,0.570788547389054,50.9,31.7545454545455,17.3454545454545,0.592727272727273,37.4381818181818,0.136363636363636,25.5690909090909,0.147272727272727,36.1163636363636,-0.24174006178774,2.03312718624418,0.878236363636364,0.863963636363636,0.830690909090909
110266,66898,43368,0.671645809638598,0.606508033283901,0.570826074418245,50.8981818181818,31.76,17.3418181818182,0.587272727272727,37.42,0.14,25.5709090909091,0.132727272727273,36.1490909090909,-0.241796807140451,2.0238522824916,0.878236363636364,0.863963636363636,0.830690909090909
110365,66910,43455,0.671573819419575,0.606557989645294,0.570716346679441,50.8981818181818,31.7636363636364,17.3381818181818,0.585454545454545,37.42,0.129090909090909,25.5618181818182,0.143636363636364,36.16,-0.240926814755023,2.02487596933815,0.878236363636364,0.863963636363636,0.830690909090909
110452,66929,43523,0.671522755107589,0.60649339929275,0.570781677867157,50.8981818181818,31.7581818181818,17.3436363636364,0.585454545454545,37.42,0.121818181818182,25.5763636363636,0.114545454545455,36.1818181818182,-0.239869150897721,2.03020743270489,0.878236363636364,0.863963636363636,0.830690909090909
110628,66934,43694,0.671444669676134,0.606636662653766,0.570800227020416,50.8945454545455,31.7618181818182,17.3436363636364,0.581818181818182,37.3781818181818,0.143636363636364,25.5636363636364,0.147272727272727,36.1854545454545,-0.238286086682241,2.05601700124415,0.878236363636364,0.863963636363636,0.830690909090909
110596,66940,43656,0.671374118959524,0.606506410199314,0.570689057747107,50.8981818181818,31.76,17.3418181818182,0.58,37.3781818181818,0.134545454545455,25.5454545454545,0.152727272727273,36.2090909090909,-0.23959539364653,2.04392114417119,0.878236363636364,0.863963636363636,0.830690909090909
110911,66951,43960,0.671294152259202,0.60656697389294,0.57114229334873,50.8963636363636,31.7709090909091,17.3327272727273,0.58,37.3672727272727,0.143636363636364,25.5490909090909,0.130909090909091,36.2290909090909,-0.238860877842473,2.08628665513613,0.878236363636364,0.863963636363636,0.830690909090909
110487,66960,43527,0.671310690224489,0.606015353781032,0.571113921761216,50.8981818181818,31.7618181818182,17.34,0.578181818181818,37.3490909090909,0.154545454545455,25.5345454545455,0.127272727272727,36.2563636363636,-0.236699782448175,2.00694449902935,0.878236363636364,0.863963636363636,0.830690909090909
110598,66954,43644,0.671260930533821,0.606148689781452,0.571112039103853,50.9054545454546,31.76,17.3345454545455,0.576363636363636,37.3309090909091,0.156363636363636,25.5345454545455,0.134545454545455,36.2672727272727,-0.23965447062854,2.01417329927737,0.878236363636364,0.863963636363636,0.830690909090909
110610,66950,43660,0.671248598389629,0.606011995981828,0.571171745935438,50.9127272727273,31.7454545454545,17.3418181818182,0.576363636363636,37.3309090909091,0.138181818181818,25.5327272727273,0.132727272727273,36.2890909090909,-0.240869995129866,2.00573497787118,0.878236363636364,0.863963636363636,0.830690909090909
110601,66962,43639,0.671215198199174,0.606033038265972,0.571193953559777,50.92,31.7381818181818,17.3418181818182,0.574545454545455,37.3218181818182,0.143636363636364,25.5363636363636,0.118181818181818,36.3054545454546,-0.238973775212865,2.00099456743761,0.878236363636364,0.863963636363636,0.830690909090909
110626,66964,43662,0.671185687880746,0.606029714809993,0.571191813425644,50.92,31.7381818181818,17.3418181818182,0.572727272727273,37.3127272727273,0.141818181818182,25.5327272727273,0.105454545454545,36.3345454545455,-0.239410258097765,1.99392756589434,0.878236363636364,0.863963636363636,0.830690909090909
110511,66968,43543,0.671190144313349,0.605938527721002,0.570907077746854,50.92,31.7309090909091,17.3490909090909,0.572727272727273,37.3,0.138181818181818,25.5218181818182,0.110909090909091,36.3563636363636,-0.237599700517339,1.95593104870482,0.878236363636364,0.863963636363636,0.830690909090909
110610,66981,43629,0.671148396688428,0.605861919153314,0.570980140712653,50.9254545454545,31.7272727272727,17.3472727272727,0.572727272727273,37.2963636363636,0.121818181818182,25.5072727272727,0.136363636363636,36.3654545454545,-0.238166833821875,1.96486107463186,0.878236363636364,0.863963636363636,0.830690909090909
110849,66996,43853,0.671347312733665,0.6058170979811,0.571009529636251,50.92,31.7436363636364,17.3363636363636,0.569090909090909,37.2872727272727,0.123636363636364,25.5072727272727,0.129090909090909,36.3836363636364,-0.238081135647901,1.99511990120465,0.878236363636364,0.863963636363636,0.830690909090909
110828,67006,43822,0.671313133701874,0.605720087697785,0.571035842478159,50.92,31.7363636363636,17.3436363636364,0.569090909090909,37.2745454545455,0.129090909090909,25.4872727272727,0.130909090909091,36.4090909090909,-0.234657655332756,1.97951255958866,0.878236363636364,0.863963636363636,0.830690909090909
110604,67011,43593,0.671263086093731,0.605526521215142,0.571024736407628,50.9254545454545,31.7418181818182,17.3327272727273,0.565454545454545,37.2690909090909,0.121818181818182,25.4709090909091,0.130909090909091,36.4418181818182,-0.236303400633783,1.93274284108457,0.878236363636364,0.863963636363636,0.830690909090909
110646,67013,43633,0.671147049921425,0.605601915649521,0.571014116691348,50.9363636363636,31.7290909090909,17.3345454545455,0.565454545454545,37.28,0.123636363636364,25.4436363636364,0.132727272727273,36.4545454545455,-0.236323337155045,1.93306209004738,0.878236363636364,0.863963636363636,0.830690909090909
110808,67012,43796,0.671107704029603,0.60577354503917,0.57089794494377,50.9381818181818,31.7218181818182,17.34,0.563636363636364,37.2745454545455,0.123636363636364,25.4418181818182,0.127272727272727,36.4690909090909,-0.237204933124436,1.95106772079386,0.878236363636364,0.863963636363636,0.830690909090909
110954,67023,43931,0.671120033977441,0.605988263715026,0.570863057114189,50.9418181818182,31.7236363636364,17.3345454545455,0.561818181818182,37.2636363636364,0.138181818181818,25.4363636363636,0.118181818181818,36.4818181818182,-0.236453626903875,1.96435556516729,0.878236363636364,0.863963636363636,0.830690909090909
111101,67025,44076,0.670956855202902,0.606042632752008,0.570892915692417,50.9418181818182,31.7236363636364,17.3345454545455,0.558181818181818,37.2418181818182,0.130909090909091,25.4509090909091,0.101818181818182,36.5163636363636,-0.236182375014654,1.97673119699413,0.878236363636364,0.863963636363636,0.830690909090909
111218,67045,44173,0.670974561898651,0.606010168436083,0.570999561823298,50.9436363636364,31.7181818181818,17.3381818181818,0.556363636363636,37.2472727272727,0.116363636363636,25.4290909090909,0.114545454545455,36.5363636363636,-0.23351491370413,1.98832119550895,0.878236363636364,0.863963636363636,0.830690909090909
111002,67050,43952,0.671007264945596,0.605891430931017,0.570962189164968,50.9418181818182,31.7254545454545,17.3327272727273,0.554545454545455,37.2363636363636,0.118181818181818,25.3927272727273,0.12,36.5781818181818,-0.234583523587207,1.93459486236626,0.878236363636364,0.863963636363636,0.830690909090909
110993,67055,43938,0.670996065440388,0.605765701618078,0.570996502850406,50.9381818181818,31.7272727272727,17.3345454545455,0.554545454545455,37.2236363636364,0.105454545454545,25.4018181818182,0.118181818181818,36.5963636363636,-0.233832790567116,1.92175056497482,0.878236363636364,0.863963636363636,0.830690909090909
110839,67066,43773,0.670991144788855,0.605671151608236,0.570900848237391,50.9436363636364,31.7254545454545,17.3309090909091,0.549090909090909,37.2127272727273,0.121818181818182,25.3781818181818,0.132727272727273,36.6054545454545,-0.233210743970862,1.88152479874817,0.878236363636364,0.863963636363636,0.830690909090909
110849,67074,43775,0.670955971611695,0.605602619726316,0.570878276784567,50.94,31.7236363636364,17.3363636363636,0.547272727272727,37.2018181818182,0.127272727272727,25.3654545454545,0.118181818181818,36.64,-0.230578411872954,1.87832138643346,0.878236363636364,0.863963636363636,0.830690909090909
110855,67076,43779,0.670935017065826,0.605593437862766,0.57089427480041,50.9454545454546,31.7254545454545,17.3290909090909,0.547272727272727,37.1927272727273,0.125454545454545,25.3509090909091,0.109090909090909,36.6745454545455,-0.232858015178565,1.86681826622649,0.878236363636364,0.863963636363636,0.830690909090909
110927,67069,43858,0.670975989543851,0.605564200395022,0.570953125451287,50.9545454545455,31.7109090909091,17.3345454545455,0.545454545454545,37.1890909090909,0.12,25.3272727272727,0.114545454545455,36.7036363636364,-0.234163396503903,1.86679245582358,0.878236363636364,0.863963636363636,0.830690909090909
111195,67067,44128,0.67099521332166,0.605603271880944,0.571037245966574,50.9618181818182,31.6981818181818,17.34,0.54,37.1854545454545,0.123636363636364,25.3054545454545,0.0981818181818182,36.7472727272727,-0.234504073525419,1.90611649016765,0.878236363636364,0.863963636363636,0.830690909090909
111102,67066,44036,0.671006714289422,0.605491379390577,0.571027403264664,50.96,31.6963636363636,17.3436363636364,0.536363636363636,37.1872727272727,0.123636363636364,25.2563636363636,0.116363636363636,36.78,-0.235038797548358,1.87937634025108,0.878236363636364,0.863963636363636,0.830690909090909
111029,67070,43959,0.670937295886447,0.60527788932636,0.570998783691958,50.9581818181818,31.7,17.3418181818182,0.536363636363636,37.1818181818182,0.109090909090909,25.24,0.114545454545455,36.8181818181818,-0.235777072396542,1.85740186731246,0.878236363636364,0.863963636363636,0.830690909090909
110673,67084,43589,0.670844392375306,0.604949949962646,0.571009827484503,50.9509090909091,31.7036363636364,17.3454545454545,0.532727272727273,37.1563636363636,0.12,25.1981818181818,0.14,36.8527272727273,-0.233595226766986,1.78043123771521,0.878236363636364,0.863963636363636,0.830690909090909
111224,67099,44125,0.67070757731065,0.605510640465705,0.571095658912716,50.9472727272727,31.7090909090909,17.3436363636364,0.525454545454546,37.14,0.114545454545455,25.2036363636364,0.107272727272727,36.9090909090909,-0.231872785742797,1.86784031489356,0.878236363636364,0.863963636363636,0.830690909090909
111321,67100,44221,0.670725064870254,0.605658340853131,0.571050317707296,50.9490909090909,31.7090909090909,17.3418181818182,0.521818181818182,37.1163636363636,0.0981818181818182,25.2090909090909,0.107272727272727,36.9472727272727,-0.231390035469667,1.87822563235055,0.878236363636364,0.863963636363636,0.830690909090909
111265,67103,44162,0.67071869153406,0.605617885239487,0.571034495064917,50.9472727272727,31.7018181818182,17.3509090909091,0.52,37.0672727272727,0.12,25.2018181818182,0.105454545454545,36.9854545454545,-0.230057822571094,1.86830662363632,0.878236363636364,0.863963636363636,0.830690909090909
111117,67107,44010,0.67068988387981,0.605667548372689,0.570929609299027,50.9545454545455,31.7072727272727,17.3381818181818,0.52,37.0363636363636,0.125454545454545,25.1909090909091,0.0945454545454545,37.0327272727273,-0.231508732944282,1.83384337635203,0.878236363636364,0.863963636363636,0.830690909090909
111150,67100,44050,0.670754874406389,0.605651790769511,0.570921272150183,50.9527272727273,31.7127272727273,17.3345454545455,0.518181818181818,37.0109090909091,0.125454545454545,25.1890909090909,0.0981818181818182,37.0581818181818,-0.233504169126602,1.83320194340565,0.878236363636364,0.863963636363636,0.830690909090909
111112,67100,44012,0.670713124328581,0.60561440401198,0.570902253862943,50.9527272727273,31.7090909090909,17.3381818181818,0.518181818181818,36.9763636363636,0.130909090909091,25.1981818181818,0.0872727272727273,37.0890909090909,-0.233428895539625,1.81917192363604,0.878236363636364,0.863963636363636,0.830690909090909
111138,67104,44034,0.670703741159278,0.605653815305721,0.570918637328139,50.9545454545455,31.7054545454545,17.34,0.516363636363636,36.9727272727273,0.107272727272727,25.1763636363636,0.107272727272727,37.12,-0.23282602685927,1.81143880757419,0.878236363636364,0.863963636363636,0.830690909090909
111321,67121,44200,0.670673020593962,0.60583309277026,0.57098641223855,50.9527272727273,31.7181818181818,17.3290909090909,0.512727272727273,36.9527272727273,0.121818181818182,25.1563636363636,0.105454545454545,37.1509090909091,-0.232254147307355,1.83376140157607,0.878236363636364,0.863963636363636,0.830690909090909
111276,67123,44153,0.67061778843518,0.605660662068814,0.570978252528275,50.9581818181818,31.7163636363636,17.3254545454545,0.512727272727273,36.9363636363636,0.116363636363636,25.14,0.109090909090909,37.1854545454545,-0.231857801307607,1.81330488347872,0.878236363636364,0.863963636363636,0.830690909090909
111442,67132,44310,0.670580617793897,0.605814111683174,0.570970530237749,50.96,31.7127272727273,17.3272727272727,0.510909090909091,36.9418181818182,0.101818181818182,25.1254545454545,0.0927272727272727,37.2272727272727,-0.231226512417462,1.82910000631078,0.878236363636364,0.863963636363636,0.830690909090909
111576,67131,44445,0.670571372101864,0.605838836925262,0.570912528846706,50.9636363636364,31.7,17.3363636363636,0.510909090909091,36.9309090909091,0.107272727272727,25.08,0.103636363636364,37.2672727272727,-0.230399441174549,1.83280390202999,0.878236363636364,0.863963636363636,0.830690909090909
111456,67127,44329,0.670504604876271,0.605726867364908,0.570978140129346,50.9618181818182,31.7054545454545,17.3327272727273,0.509090909090909,36.9181818181818,0.1,25.0654545454545,0.0963636363636364,37.3109090909091,-0.231136907593728,1.80880165738477,0.878236363636364,0.863963636363636,0.830690909090909
111551,67131,44420,0.670479430331865,0.605760340796093,0.570991617303593,50.9581818181818,31.7090909090909,17.3327272727273,0.509090909090909,36.9109090909091,0.0909090909090909,25.0545454545455,0.0890909090909091,37.3454545454545,-0.232960279080858,1.81545478965748,0.878236363636364,0.863963636363636,0.830690909090909
111448,67132,44316,0.670421548935042,0.605802263083185,0.570913030859708,50.9545454545455,31.7127272727273,17.3327272727273,0.505454545454545,36.8836363636364,0.110909090909091,25.04,0.0836363636363636,37.3763636363636,-0.233148482375492,1.78824244449762,0.878236363636364,0.863963636363636,0.830690909090909
111364,67133,44231,0.670428878911153,0.605542016926649,0.571011675431325,50.9618181818182,31.7109090909091,17.3272727272727,0.503636363636364,36.8690909090909,0.1,25.0309090909091,0.0909090909090909,37.4054545454546,-0.233773352556587,1.76383797406134,0.878236363636364,0.863963636363636,0.830690909090909
111543,67134,44409,0.670426264016184,0.605621686680247,0.571078100965426,50.9581818181818,31.7145454545455,17.3272727272727,0.5,36.8490909090909,0.0981818181818182,25.04,0.101818181818182,37.4109090909091,-0.233633096513222,1.78685216576877,0.878236363636364,0.863963636363636,0.830690909090909
111499,67135,44364,0.670383887175783,0.605586787588823,0.571015818341139,50.9636363636364,31.7090909090909,17.3272727272727,0.5,36.8272727272727,0.0909090909090909,25.0345454545455,0.103636363636364,37.4436363636364,-0.233177088352121,1.77459388658066,0.878236363636364,0.863963636363636,0.830690909090909
111464,67135,44329,0.67028380691085,0.605494238749283,0.571154194327989,50.9654545454545,31.7072727272727,17.3272727272727,0.496363636363636,36.8036363636364,0.103636363636364,25.0218181818182,0.110909090909091,37.4636363636364,-0.233547055353516,1.75384646618569,0.878236363636364,0.863963636363636,0.830690909090909
111393,67140,44253,0.670257776587397,0.605346488714127,0.571227300745388,50.9672727272727,31.7054545454545,17.3272727272727,0.496363636363636,36.7945454545455,0.0927272727272727,25.0127272727273,0.110909090909091,37.4927272727273,-0.231122632758078,1.72854621484876,0.878236363636364,0.863963636363636,0.830690909090909
111387,67149,44238,0.670273261564945,0.605268242279983,0.571256448503197,50.9636363636364,31.7072727272727,17.3290909090909,0.494545454545455,36.8054545454546,0.0818181818181818,25.0018181818182,0.101818181818182,37.5145454545455,-0.232283786776613,1.72186780524525,0.878236363636364,0.863963636363636,0.830690909090909
111350,67150,44200,0.670247947867497,0.605227741826414,0.57119812384213,50.9654545454545,31.7090909090909,17.3254545454545,0.494545454545455,36.7981818181818,0.08,24.9818181818182,0.0981818181818182,37.5472727272727,-0.232332588000943,1.70435035987334,0.878236363636364,0.863963636363636,0.830690909090909
111297,67158,44139,0.670227831154513,0.605238998606306,0.571177363694323,50.9654545454545,31.7145454545455,17.32,0.490909090909091,36.7927272727273,0.0909090909090909,24.9563636363636,0.0963636363636364,37.5727272727273,-0.232559229433536,1.68948342417451,0.878236363636364,0.863963636363636,0.830690909090909
111439,67157,44282,0.670143578699454,0.605391205029647,0.571198461755281,50.9654545454545,31.7181818181818,17.3163636363636,0.490909090909091,36.78,0.1,24.94,0.0927272727272727,37.5963636363636,-0.233221398434729,1.70600145150992,0.878236363636364,0.863963636363636,0.830690909090909
111307,67162,44145,0.67008364715411,0.605339192337113,0.571136787803622,50.9727272727273,31.7018181818182,17.3254545454545,0.492727272727273,36.7545454545455,0.125454545454545,24.9072727272727,0.1,37.62,-0.229608864157953,1.68061225077307,0.878236363636364,0.863963636363636,0.830690909090909
111183,67157,44026,0.670117476990793,0.6052243981145,0.571335790950361,50.9654545454545,31.7054545454545,17.3290909090909,0.494545454545455,36.7290909090909,0.12,24.9181818181818,0.0854545454545454,37.6527272727273,-0.233098690578084,1.65533511217006,0.878236363636364,0.863963636363636,0.830690909090909
111260,67163,44097,0.670115769182454,0.605326013109416,0.571304058004914,50.9672727272727,31.7127272727273,17.32,0.494545454545455,36.7127272727273,0.127272727272727,24.8836363636364,0.105454545454545,37.6763636363636,-0.233390715288326,1.66221683535048,0.878236363636364,0.863963636363636,0.830690909090909
111459,67170,44289,0.670132337663733,0.60533128752531,0.571350956698348,50.9672727272727,31.7109090909091,17.3218181818182,0.494545454545455,36.7,0.107272727272727,24.8854545454545,0.0963636363636364,37.7163636363636,-0.23347742155099,1.68311840654774,0.878236363636364,0.863963636363636,0.830690909090909
111364,67166,44198,0.670101756797562,0.605287486360942,0.571355812916713,50.9727272727273,31.7018181818182,17.3254545454545,0.490909090909091,36.7054545454545,0.0872727272727273,24.8490909090909,0.103636363636364,37.7636363636364,-0.233517105884675,1.65991528965533,0.878236363636364,0.863963636363636,0.830690909090909
111508,67162,44346,0.669996517297042,0.605345243292198,0.571292618310993,50.9818181818182,31.6963636363636,17.3218181818182,0.490909090909091,36.6709090909091,0.101818181818182,24.8418181818182,0.103636363636364,37.7909090909091,-0.231156498515206,1.67248070732775,0.878236363636364,0.863963636363636,0.830690909090909
111539,67159,44380,0.670007647795979,0.605403270438357,0.571304882468095,50.9781818181818,31.7036363636364,17.3181818181818,0.487272727272727,36.6472727272727,0.0836363636363636,24.86,0.0927272727272727,37.8290909090909,-0.235152071156005,1.67093300130218,0.878236363636364,0.863963636363636,0.830690909090909
111489,67164,44325,0.669941128033475,0.605385102581147,0.571187410494992,50.98,31.7036363636364,17.3163636363636,0.485454545454546,36.62,0.0854545454545454,24.8236363636364,0.105454545454545,37.88,-0.2351176420019,1.66101678489623,0.878236363636364,0.863963636363636,0.830690909090909
111553,67169,44384,0.669900014188762,0.605446867722205,0.571202503421119,50.9745454545455,31.7109090909091,17.3145454545455,0.481818181818182,36.6145454545455,0.08,24.8018181818182,0.103636363636364,37.9181818181818,-0.235291971819772,1.66498429885303,0.878236363636364,0.863963636363636,0.830690909090909
111599,67179,44420,0.669874094819727,0.6055379687281,0.571242922784076,50.9654545454545,31.7145454545455,17.32,0.48,36.5963636363636,0.0854545454545454,24.7709090909091,0.1,37.9672727272727,-0.234604846408051,1.65469751302153,0.878236363636364,0.863963636363636,0.830690909090909
111703,67174,44529,0.669822568882922,0.605575185844717,0.571266827543265,50.9763636363636,31.7036363636364,17.32,0.48,36.5945454545455,0.0690909090909091,24.7581818181818,0.0963636363636364,38.0018181818182,-0.234657922197816,1.66622191670943,0.878236363636364,0.863963636363636,0.830690909090909
111769,67176,44593,0.66990406436125,0.605383581200251,0.57140112174702,50.9781818181818,31.6945454545455,17.3272727272727,0.48,36.5672727272727,0.0745454545454545,24.7490909090909,0.0909090909090909,38.0381818181818,-0.232393655680723,1.66631725665859,0.878236363636364,0.863963636363636,0.830690909090909
111689,67176,44513,0.66988337955917,0.605433406051635,0.571359402856613,50.9836363636364,31.7018181818182,17.3145454545455,0.478181818181818,36.5345454545455,0.0890909090909091,24.72,0.0981818181818182,38.08,-0.235337844376045,1.64539588081904,0.878236363636364,0.863963636363636,0.830690909090909
111667,67179,44488,0.669870262594257,0.60543552582293,0.571355959698158,50.9836363636364,31.7,17.3163636363636,0.48,36.5127272727273,0.0781818181818182,24.7363636363636,0.0854545454545454,38.1072727272727,-0.236368476050583,1.63448728136718,0.878236363636364,0.863963636363636,0.830690909090909
111713,67189,44524,0.669823951924075,0.605242838920716,0.571474401600449,50.9854545454545,31.7,17.3145454545455,0.476363636363636,36.4981818181818,0.0745454545454545,24.7163636363636,0.0945454545454545,38.14,-0.232316033578668,1.63004881831055,0.878236363636364,0.863963636363636,0.830690909090909
111741,67193,44548,0.669810423129798,0.605179965516698,0.571512213043839,50.98,31.7072727272727,17.3127272727273,0.474545454545455,36.4927272727273,0.0727272727272727,24.6945454545455,0.0763636363636364,38.1890909090909,-0.233261256290213,1.62332240558145,0.878236363636364,0.863963636363636,0.830690909090909
111815,67201,44614,0.669819670039868,0.605256387075793,0.571611433271452,50.9763636363636,31.7109090909091,17.3127272727273,0.474545454545455,36.4745454545455,0.0727272727272727,24.68,0.0763636363636364,38.2218181818182,-0.235390228525714,1.62948416368189,0.878236363636364,0.863963636363636,0.830690909090909
111649,67200,44449,0.669809162637817,0.605076947435322,0.571519259148652,50.9818181818182,31.7018181818182,17.3163636363636,0.474545454545455,36.4727272727273,0.0636363636363636,24.6509090909091,0.0763636363636364,38.2618181818182,-0.236256788980708,1.59151528103446,0.878236363636364,0.863963636363636,0.830690909090909
111630,67216,44414,0.66972451154012,0.605128028628779,0.571563157563601,50.9818181818182,31.7036363636364,17.3145454545455,0.472727272727273,36.4618181818182,0.0581818181818182,24.6454545454545,0.0727272727272727,38.2890909090909,-0.23140099566914,1.5832479570569,0.878236363636364,0.863963636363636,0.830690909090909
111784,67214,44570,0.669708467111269,0.605151503423231,0.571567929489135,50.9818181818182,31.7,17.3181818181818,0.472727272727273,36.4563636363636,0.0618181818181818,24.6163636363636,0.0690909090909091,38.3236363636364,-0.233554765951306,1.59404191737148,0.878236363636364,0.863963636363636,0.830690909090909
111850,67210,44640,0.669737067211953,0.605144559730272,0.571637879840821,50.9836363636364,31.6963636363636,17.32,0.470909090909091,36.4527272727273,0.0527272727272727,24.5963636363636,0.0636363636363636,38.3636363636364,-0.234915829867135,1.601673418148,0.878236363636364,0.863963636363636,0.830690909090909
111815,67202,44613,0.669691954579428,0.605071674137419,0.571841155324134,50.9854545454545,31.6945454545455,17.32,0.470909090909091,36.4418181818182,0.0472727272727273,24.6036363636364,0.0563636363636364,38.38,-0.236473336752533,1.58073668420653,0.878236363636364,0.863963636363636,0.830690909090909
111802,67197,44605,0.669663480530646,0.605035605295144,0.571768213425137,50.9854545454545,31.6981818181818,17.3163636363636,0.470909090909091,36.4327272727273,0.0563636363636364,24.5709090909091,0.0654545454545455,38.4036363636364,-0.234558958194578,1.5728431690315,0.878236363636364,0.863963636363636,0.830690909090909
111561,67191,44370,0.669665038449596,0.604958285806842,0.571688394341128,50.9836363636364,31.6927272727273,17.3236363636364,0.470909090909091,36.4218181818182,0.0636363636363636,24.5436363636364,0.0745454545454545,38.4254545454545,-0.237433432654705,1.54445226783441,0.878236363636364,0.863963636363636,0.830690909090909
111667,67193,44474,0.669671080497744,0.604940152044054,0.571724829205983,50.9890909090909,31.6927272727273,17.3181818181818,0.470909090909091,36.4254545454545,0.0527272727272727,24.5218181818182,0.0654545454545455,38.4636363636364,-0.237541901937353,1.5431683160534,0.878236363636364,0.863963636363636,0.830690909090909
111572,67210,44362,0.669686281359009,0.604866727573264,0.571535144225206,50.9890909090909,31.6836363636364,17.3272727272727,0.470909090909091,36.4163636363636,0.06,24.4945454545455,0.0709090909090909,38.4872727272727,-0.234638977444477,1.5119033338756,0.878236363636364,0.863963636363636,0.830690909090909
111330,67227,44103,0.66965276300313,0.604836358644784,0.571460901798099,50.9927272727273,31.6745454545455,17.3327272727273,0.470909090909091,36.4054545454546,0.0618181818181818,24.4472727272727,0.0836363636363636,38.5309090909091,-0.23134863120173,1.47653164724735,0.878236363636364,0.863963636363636,0.830690909090909
111703,67229,44474,0.669665876777687,0.604988962289426,0.571646449534377,50.9963636363636,31.6763636363636,17.3272727272727,0.469090909090909,36.3981818181818,0.0672727272727273,24.4109090909091,0.0745454545454545,38.58,-0.234075356326635,1.53464333233847,0.878236363636364,0.863963636363636,0.830690909090909
111412,67220,44192,0.669650879388699,0.604751376011,0.571547844361685,50.9909090909091,31.6854545454545,17.3236363636364,0.470909090909091,36.3945454545455,0.0618181818181818,24.3763636363636,0.08,38.6163636363636,-0.234157686835401,1.49017390740866,0.878236363636364,0.863963636363636,0.830690909090909
111210,67215,43995,0.669643869506244,0.604482488589641,0.571469030237061,51,31.6763636363636,17.3236363636364,0.469090909090909,36.3909090909091,0.0727272727272727,24.3418181818182,0.08,38.6454545454545,-0.234097042816442,1.46563551678238,0.878236363636364,0.863963636363636,0.830690909090909
111223,67214,44009,0.669702811112872,0.604296568423089,0.571495702781141,50.9981818181818,31.6872727272727,17.3145454545455,0.469090909090909,36.3890909090909,0.0618181818181818,24.3436363636364,0.0636363636363636,38.6727272727273,-0.236839582684876,1.45577618391676,0.878236363636364,0.863963636363636,0.830690909090909
111230,67217,44013,0.669551843233902,0.60422144783073,0.571705608320906,50.9963636363636,31.6927272727273,17.3109090909091,0.467272727272727,36.3945454545455,0.0563636363636364,24.3018181818182,0.0727272727272727,38.7072727272727,-0.237061005797031,1.44839884322137,0.878236363636364,0.863963636363636,0.830690909090909
111273,67224,44049,0.669590628924279,0.604167287552624,0.571677015566974,51.0018181818182,31.68,17.3181818181818,0.467272727272727,36.3854545454545,0.0763636363636364,24.2509090909091,0.0763636363636364,38.7436363636364,-0.233894353652894,1.42700032215904,0.878236363636364,0.863963636363636,0.830690909090909
111263,67226,44037,0.669627325473224,0.604164945252445,0.571669898947674,51.0036363636364,31.6836363636364,17.3127272727273,0.463636363636364,36.3945454545455,0.0636363636363636,24.2163636363636,0.0818181818181818,38.78,-0.236714189207652,1.41949884300543,0.878236363636364,0.863963636363636,0.830690909090909
111312,67233,44079,0.669672135205981,0.604116045826122,0.571581688701238,51.0109090909091,31.6818181818182,17.3072727272727,0.463636363636364,36.3818181818182,0.0745454545454545,24.1745454545455,0.0745454545454545,38.8309090909091,-0.233950568086849,1.41995333097875,0.878236363636364,0.863963636363636,0.830690909090909
111389,67232,44157,0.669650748892129,0.60412244098583,0.571600441787526,51.0090909090909,31.6781818181818,17.3127272727273,0.461818181818182,36.4127272727273,0.0436363636363636,24.1254545454545,0.0745454545454545,38.8818181818182,-0.236736241269748,1.42152991411699,0.878236363636364,0.863963636363636,0.830690909090909
111248,67234,44014,0.669571056705237,0.60405900510783,0.571537109449613,51.0036363636364,31.6854545454545,17.3109090909091,0.463636363636364,36.4090909090909,0.0581818181818182,24.0818181818182,0.0636363636363636,38.9236363636364,-0.239203563319395,1.39339545545253,0.878236363636364,0.863963636363636,0.830690909090909
111259,67238,44021,0.669609066554671,0.60396385667,0.571566431066767,51.0054545454545,31.6763636363636,17.3181818181818,0.461818181818182,36.4236363636364,0.06,24.0181818181818,0.0836363636363636,38.9527272727273,-0.235815572515209,1.3868056493388,0.878236363636364,0.863963636363636,0.830690909090909
111228,67230,43998,0.669630500444859,0.604055747534267,0.571548350407876,51.0109090909091,31.6727272727273,17.3163636363636,0.461818181818182,36.4327272727273,0.0672727272727273,23.9727272727273,0.0636363636363636,39.0018181818182,-0.239773292475134,1.378823598034,0.878236363636364,0.863963636363636,0.830690909090909
111332,67235,44097,0.669655321186268,0.604004587218002,0.571539459831833,51.0181818181818,31.6727272727273,17.3090909090909,0.46,36.4327272727273,0.06,23.94,0.0727272727272727,39.0345454545455,-0.236903849998767,1.38362259148535,0.878236363636364,0.863963636363636,0.830690909090909
111417,67235,44182,0.669687404213706,0.604082803415499,0.571588272259317,51.0109090909091,31.6818181818182,17.3072727272727,0.46,36.4436363636364,0.0672727272727273,23.8890909090909,0.0890909090909091,39.0509090909091,-0.240716201879298,1.38758837299591,0.878236363636364,0.863963636363636,0.830690909090909
111360,67230,44130,0.669622037775962,0.604072219965178,0.571498564183434,51.0127272727273,31.68,17.3072727272727,0.461818181818182,36.4563636363636,0.0563636363636364,23.8690909090909,0.0854545454545454,39.0709090909091,-0.241033674539358,1.37512511934408,0.878236363636364,0.863963636363636,0.830690909090909
111204,67241,43963,0.669610787904271,0.603981590550909,0.571424420100174,51.0127272727273,31.6781818181818,17.3090909090909,0.46,36.4618181818182,0.0581818181818182,23.8509090909091,0.0781818181818182,39.0909090909091,-0.239028522789158,1.34159249444915,0.878236363636364,0.863963636363636,0.830690909090909
111168,67237,43931,0.669684571976818,0.604001249888942,0.571345564170912,51.0109090909091,31.6836363636364,17.3054545454545,0.46,36.4636363636364,0.0581818181818182,23.8290909090909,0.0872727272727273,39.1018181818182,-0.240740712803447,1.33174875989895,0.878236363636364,0.863963636363636,0.830690909090909
111203,67240,43963,0.669702832901951,0.603787334981638,0.571693495229361,51.0018181818182,31.6836363636364,17.3145454545455,0.454545454545454,36.4781818181818,0.0690909090909091,23.7890909090909,0.0727272727272727,39.1363636363636,-0.240978384796406,1.33366489869288,0.878236363636364,0.863963636363636,0.830690909090909
111186,67244,43942,0.669601578216426,0.603827215444646,0.571663254389383,51.0072727272727,31.6818181818182,17.3109090909091,0.454545454545454,36.4890909090909,0.0690909090909091,23.76,0.0745454545454545,39.1527272727273,-0.24152999561239,1.33051244220273,0.878236363636364,0.863963636363636,0.830690909090909
111341,67242,44099,0.669565902789156,0.603849021258603,0.571760375768065,51.0109090909091,31.6781818181818,17.3109090909091,0.450909090909091,36.5072727272727,0.0490909090909091,23.7309090909091,0.0763636363636364,39.1854545454545,-0.240717465249194,1.34182720636441,0.878236363636364,0.863963636363636,0.830690909090909
111500,67233,44267,0.6695795623972,0.603853269239995,0.571724167812557,51.0127272727273,31.6781818181818,17.3090909090909,0.450909090909091,36.5054545454545,0.0472727272727273,23.7072727272727,0.0672727272727273,39.2218181818182,-0.24357327613801,1.35780825341459,0.878236363636364,0.863963636363636,0.830690909090909
111629,67242,44387,0.669671689218929,0.603959295871464,0.571664540767088,51.0090909090909,31.6909090909091,17.3,0.449090909090909,36.5145454545455,0.0509090909090909,23.6745454545455,0.0563636363636364,39.2545454545455,-0.243473660299787,1.34503887795251,0.878236363636364,0.863963636363636,0.830690909090909
111535,67250,44285,0.669625843675315,0.603976606127823,0.571533808685318,51.0109090909091,31.6927272727273,17.2963636363636,0.449090909090909,36.5236363636364,0.06,23.6363636363636,0.0618181818181818,39.2690909090909,-0.242698799281987,1.31616262249987,0.878236363636364,0.863963636363636,0.830690909090909
111592,67260,44332,0.669565568502449,0.603831426529764,0.571520935400754,51.0127272727273,31.6854545454545,17.3018181818182,0.445454545454545,36.5490909090909,0.0472727272727273,23.6018181818182,0.0527272727272727,39.3036363636364,-0.237913089953244,1.31545312132856,0.878236363636364,0.863963636363636,0.830690909090909
111494,67256,44238,0.669553941295,0.603850630261448,0.571479651965161,51.0054545454545,31.6890909090909,17.3054545454545,0.447272727272727,36.5581818181818,0.0563636363636364,23.5345454545455,0.0745454545454545,39.3290909090909,-0.242278269983481,1.29726750385863,0.878236363636364,0.863963636363636,0.830690909090909
111497,67256,44241,0.66951933461049,0.603728946009361,0.571518286579395,51.0090909090909,31.6854545454545,17.3054545454545,0.447272727272727,36.5672727272727,0.0563636363636364,23.4836363636364,0.0690909090909091,39.3763636363636,-0.23981149498782,1.28750057757239,0.878236363636364,0.863963636363636,0.830690909090909
111299,67246,44053,0.669526706047086,0.603599622701265,0.571579574121924,51.0109090909091,31.6836363636364,17.3054545454545,0.447272727272727,36.5909090909091,0.0527272727272727,23.4290909090909,0.0545454545454545,39.4254545454545,-0.244688853550972,1.26172450273298,0.878236363636364,0.863963636363636,0.830690909090909
110980,67243,43737,0.669302506237838,0.60341156257199,0.57151864200411,51.0236363636364,31.6781818181818,17.2981818181818,0.447272727272727,36.5909090909091,0.0745454545454545,23.3672727272727,0.0490909090909091,39.4709090909091,-0.242134499115028,1.20174809349489,0.878236363636364,0.863963636363636,0.830690909090909
111229,67249,43980,0.66932325968101,0.60349062685495,0.571647535687628,51.0163636363636,31.6836363636364,17.3,0.445454545454545,36.6054545454545,0.0563636363636364,23.3254545454545,0.0636363636363636,39.5036363636364,-0.244263456606528,1.22373316374353,0.878236363636364,0.863963636363636,0.830690909090909
111228,67260,43968,0.669365497488425,0.603517469395142,0.571609998073044,51.0109090909091,31.6945454545455,17.2945454545455,0.443636363636364,36.6054545454545,0.0618181818181818,23.2727272727273,0.0563636363636364,39.56,-0.242415518708731,1.22027188315141,0.878236363636364,0.863963636363636,0.830690909090909
111388,67262,44126,0.669483276704431,0.603445096046493,0.571689203552061,51.0109090909091,31.6854545454545,17.3036363636364,0.441818181818182,36.6236363636364,0.0581818181818182,23.2109090909091,0.06,39.6054545454545,-0.240695990963947,1.23248722552407,0.878236363636364,0.863963636363636,0.830690909090909
111437,67250,44187,0.669514282082649,0.603275884831846,0.571793331994991,51.0145454545455,31.68,17.3054545454545,0.44,36.6327272727273,0.0563636363636364,23.1509090909091,0.0563636363636364,39.6636363636364,-0.243490464855396,1.23969374328259,0.878236363636364,0.863963636363636,0.830690909090909
111450,67256,44194,0.669454044198868,0.603246315713068,0.571868843371638,51.02,31.6727272727273,17.3072727272727,0.438181818181818,36.6363636363636,0.0490909090909091,23.0781818181818,0.0781818181818182,39.72,-0.242648199585198,1.23637162873691,0.878236363636364,0.863963636363636,0.830690909090909
111471,67269,44202,0.669401906847324,0.603472932205485,0.571725822349154,51.0163636363636,31.6709090909091,17.3127272727273,0.436363636363636,36.6381818181818,0.0490909090909091,23.0290909090909,0.0618181818181818,39.7854545454545,-0.24137399158082,1.24018913462165,0.878236363636364,0.863963636363636,0.830690909090909
111332,67271,44061,0.669336559126833,0.603311399164856,0.571825835677217,51.0109090909091,31.6709090909091,17.3181818181818,0.432727272727273,36.6436363636364,0.0472727272727273,22.9781818181818,0.0581818181818182,39.84,-0.242758736744145,1.22460839398713,0.878236363636364,0.863963636363636,0.830690909090909
111268,67271,43997,0.669351256759416,0.603281964870368,0.571690775177922,51.0218181818182,31.6745454545455,17.3036363636364,0.434545454545455,36.6381818181818,0.0545454545454545,22.92,0.0527272727272727,39.9,-0.242917036892322,1.20654194046828,0.878236363636364,0.863963636363636,0.830690909090909
111443,67272,44171,0.66933410557675,0.603161703365296,0.571794372924895,51.02,31.6763636363636,17.3036363636364,0.434545454545455,36.6436363636364,0.0490909090909091,22.8581818181818,0.06,39.9545454545455,-0.242963494500145,1.2151309850033,0.878236363636364,0.863963636363636,0.830690909090909
111534,67278,44256,0.669413117022979,0.603130233797929,0.571868525634305,51.0145454545455,31.6745454545455,17.3109090909091,0.434545454545455,36.6509090909091,0.0563636363636364,22.7927272727273,0.0545454545454545,40.0109090909091,-0.242824641883304,1.21713058815592,0.878236363636364,0.863963636363636,0.830690909090909
111565,67274,44291,0.669434580655678,0.603177299804605,0.571813602893577,51.0145454545455,31.68,17.3054545454545,0.434545454545455,36.66,0.0381818181818182,22.76,0.0472727272727273,40.06,-0.246270395612373,1.218343972601,0.878236363636364,0.863963636363636,0.830690909090909
111513,67264,44249,0.669428228746181,0.603146779728754,0.57181940738483,51.0218181818182,31.6727272727273,17.3054545454545,0.434545454545455,36.6727272727273,0.0472727272727273,22.68,0.0636363636363636,40.1018181818182,-0.247929410693971,1.20404284591363,0.878236363636364,0.863963636363636,0.830690909090909
111339,67266,44073,0.669455575655605,0.602894781605583,0.571989431391017,51.0236363636364,31.6709090909091,17.3054545454545,0.430909090909091,36.6890909090909,0.0472727272727273,22.5945454545455,0.0581818181818182,40.18,-0.247486672204237,1.18820269910449,0.878236363636364,0.863963636363636,0.830690909090909
111315,67269,44046,0.66941889380348,0.602747313766819,0.571858522295532,51.0363636363636,31.6636363636364,17.3,0.429090909090909,36.6909090909091,0.0527272727272727,22.5181818181818,0.0654545454545455,40.2436363636364,-0.24365733961035,1.17710589886728,0.878236363636364,0.863963636363636,0.830690909090909
111280,67281,43999,0.669330458387408,0.602716415300519,0.571961446316311,51.0309090909091,31.6709090909091,17.2981818181818,0.429090909090909,36.6963636363636,0.04,22.4654545454545,0.0636363636363636,40.3054545454546,-0.246202558928714,1.17151669589803,0.878236363636364,0.863963636363636,0.830690909090909
111161,67287,43874,0.669367398312979,0.602632816766158,0.571816960792842,51.0290909090909,31.6581818181818,17.3127272727273,0.427272727272727,36.6927272727273,0.0545454545454545,22.3836363636364,0.06,40.3818181818182,-0.244184333334785,1.15255271714519,0.878236363636364,0.863963636363636,0.830690909090909
111148,67288,43860,0.669365723359084,0.602762724264515,0.571646103940799,51.0236363636364,31.6709090909091,17.3054545454545,0.427272727272727,36.7,0.0727272727272727,22.2763636363636,0.0581818181818182,40.4654545454545,-0.247194114087787,1.14405735008927,0.878236363636364,0.863963636363636,0.830690909090909
111294,67284,44010,0.669412419580906,0.602708501624725,0.571805287470504,51.0254545454545,31.6745454545455,17.3,0.427272727272727,36.7054545454545,0.0618181818181818,22.1945454545455,0.0781818181818182,40.5327272727273,-0.24503451585558,1.14913343973458,0.878236363636364,0.863963636363636,0.830690909090909
111693,67284,44409,0.669333328234032,0.602943585304543,0.571921074286335,51.02,31.68,17.3,0.427272727272727,36.7181818181818,0.0545454545454545,22.1272727272727,0.0654545454545455,40.6072727272727,-0.248482394877514,1.17486991289664,0.878236363636364,0.863963636363636,0.830690909090909
111842,67298,44544,0.669329279941279,0.603006902767361,0.572054970899965,51.02,31.6745454545455,17.3054545454545,0.427272727272727,36.7218181818182,0.0563636363636364,22.0472727272727,0.0727272727272727,40.6745454545455,-0.242934840979036,1.19552778775211,0.878236363636364,0.863963636363636,0.830690909090909
111623,67296,44327,0.669364848594909,0.602759029109128,0.571971186537005,51.0327272727273,31.6709090909091,17.2963636363636,0.425454545454545,36.72,0.0418181818181818,22.0090909090909,0.0527272727272727,40.7509090909091,-0.243564831719744,1.15402107372541,0.878236363636364,0.863963636363636,0.830690909090909
111696,67295,44401,0.669302147795866,0.602892363759889,0.572007543683057,51.0290909090909,31.6745454545455,17.2963636363636,0.427272727272727,36.7218181818182,0.0545454545454545,21.9527272727273,0.0490909090909091,40.7945454545455,-0.246894445715721,1.15660556206818,0.878236363636364,0.863963636363636,0.830690909090909
111334,67288,44046,0.669271170303692,0.602719090180248,0.571766161395329,51.0272727272727,31.6709090909091,17.3018181818182,0.425454545454545,36.7309090909091,0.0527272727272727,21.8745454545455,0.0690909090909091,40.8472727272727,-0.247579545905186,1.09725067524917,0.878236363636364,0.863963636363636,0.830690909090909
111379,67297,44082,0.669206527442206,0.602637898416942,0.571727297521453,51.0345454545455,31.66,17.3054545454545,0.425454545454545,36.7454545454545,0.0563636363636364,21.8036363636364,0.0709090909090909,40.8981818181818,-0.246929749461428,1.09318068048663,0.878236363636364,0.863963636363636,0.830690909090909
111148,67294,43854,0.669269960109578,0.602593827485005,0.57152396605872,51.0345454545455,31.6618181818182,17.3036363636364,0.423636363636364,36.7509090909091,0.0545454545454545,21.7272727272727,0.0672727272727273,40.9763636363636,-0.248857636984559,1.03827282974327,0.878236363636364,0.863963636363636,0.830690909090909
111661,67302,44359,0.66930855449972,0.602734772971047,0.5720878938317,51.0309090909091,31.6745454545455,17.2945454545455,0.423636363636364,36.76,0.0472727272727273,21.6818181818182,0.0654545454545455,41.0218181818182,-0.248547578421527,1.11334339552982,0.878236363636364,0.863963636363636,0.830690909090909
111502,67301,44201,0.669270031671083,0.602591073465998,0.571952992656277,51.0363636363636,31.6727272727273,17.2909090909091,0.421818181818182,36.7654545454546,0.0581818181818182,21.6145454545455,0.0618181818181818,41.0781818181818,-0.245849627661267,1.08805248646743,0.878236363636364,0.863963636363636,0.830690909090909
111527,67307,44220,0.669310994541249,0.602462336839892,0.571899432181365,51.0345454545455,31.6672727272727,17.2981818181818,0.421818181818182,36.7690909090909,0.0509090909090909,21.5836363636364,0.06,41.1145454545455,-0.244111670945925,1.0919762744399,0.878236363636364,0.863963636363636,0.830690909090909
111537,67297,44240,0.669283441121518,0.602453873476457,0.572064694310119,51.0418181818182,31.66,17.2981818181818,0.42,36.7654545454546,0.0727272727272727,21.5363636363636,0.0509090909090909,41.1545454545455,-0.246070523097032,1.08865455756472,0.878236363636364,0.863963636363636,0.830690909090909
111413,67290,44123,0.669122783451656,0.602441021996617,0.572093346060523,51.0381818181818,31.6581818181818,17.3036363636364,0.416363636363636,36.7818181818182,0.0618181818181818,21.4836363636364,0.0472727272727273,41.2090909090909,-0.250463782103642,1.06795558179305,0.878236363636364,0.863963636363636,0.830690909090909
111322,67297,44025,0.669208726172149,0.602269937142311,0.571918871624306,51.0436363636364,31.6509090909091,17.3054545454545,0.416363636363636,36.7818181818182,0.06,21.4163636363636,0.0545454545454545,41.2709090909091,-0.247588854759471,1.04155221556059,0.878236363636364,0.863963636363636,0.830690909090909
111426,67314,44112,0.669202598883764,0.602481637202808,0.571963647776748,51.04,31.66,17.3,0.416363636363636,36.78,0.0618181818181818,21.3545454545455,0.0563636363636364,41.3309090909091,-0.248034041641883,1.04279629183425,0.878236363636364,0.863963636363636,0.830690909090909
111546,67313,44233,0.669281914739285,0.602331738558874,0.57214717548437,51.0472727272727,31.6563636363636,17.2963636363636,0.412727272727273,36.7490909090909,0.0690909090909091,21.3145454545455,0.0527272727272727,41.4018181818182,-0.245682322836034,1.05408105453984,0.878236363636364,0.863963636363636,0.830690909090909
111506,67327,44179,0.66925692834591,0.602373249038445,0.572088172384367,51.0381818181818,31.6654545454545,17.2963636363636,0.412727272727273,36.7363636363636,0.06,21.2672727272727,0.06,41.4636363636364,-0.247222931160584,1.03539528871294,0.878236363636364,0.863963636363636,0.830690909090909
111117,67311,43806,0.669244939604098,0.602249907644512,0.571417132336771,51.0363636363636,31.66,17.3036363636364,0.412727272727273,36.7290909090909,0.0509090909090909,21.2018181818182,0.0618181818181818,41.5436363636364,-0.248121953560952,0.964089719426226,0.878236363636364,0.863963636363636,0.830690909090909
111549,67315,44234,0.669128517010174,0.602140578720274,0.571945597522882,51.0363636363636,31.6581818181818,17.3054545454545,0.410909090909091,36.7290909090909,0.0618181818181818,21.1418181818182,0.0509090909090909,41.6054545454545,-0.247186623890659,1.01981758294119,0.878236363636364,0.863963636363636,0.830690909090909
111332,67312,44020,0.669287134224835,0.602138353506233,0.571728552246823,51.0363636363636,31.6545454545455,17.3090909090909,0.407272727272727,36.6981818181818,0.0636363636363636,21.1109090909091,0.0545454545454545,41.6654545454545,-0.250352780591625,0.966046631996605,0.878236363636364,0.863963636363636,0.830690909090909
111486,67309,44177,0.669172962872623,0.602165854439951,0.571962425318521,51.0381818181818,31.6545454545455,17.3072727272727,0.405454545454546,36.6854545454545,0.0581818181818182,21.0818181818182,0.0381818181818182,41.7309090909091,-0.250086953902659,0.997907269285431,0.878236363636364,0.863963636363636,0.830690909090909
111271,67316,43955,0.669130739414044,0.601817722040031,0.571953685514714,51.0381818181818,31.6545454545455,17.3072727272727,0.405454545454546,36.6763636363636,0.0563636363636364,21.0290909090909,0.0636363636363636,41.7690909090909,-0.247967848735557,0.953519199178977,0.878236363636364,0.863963636363636,0.830690909090909
111586,67319,44267,0.669218525463203,0.601916178033289,0.572178873887814,51.0454545454545,31.6563636363636,17.2981818181818,0.401818181818182,36.6454545454545,0.0690909090909091,21.0272727272727,0.0472727272727273,41.8090909090909,-0.247464261318568,0.99399107193405,0.878236363636364,0.863963636363636,0.830690909090909
111496,67329,44167,0.66908434597054,0.601845576080469,0.572056642495275,51.0381818181818,31.6672727272727,17.2945454545455,0.4,36.6254545454546,0.0709090909090909,20.9818181818182,0.0490909090909091,41.8727272727273,-0.246843688084482,0.964978245213966,0.878236363636364,0.863963636363636,0.830690909090909
111153,67322,43831,0.668955352005109,0.601884555062592,0.571692119015741,51.04,31.6690909090909,17.2909090909091,0.398181818181818,36.6145454545455,0.0581818181818182,20.9490909090909,0.0472727272727273,41.9327272727273,-0.248626556000884,0.899393128129569,0.878236363636364,0.863963636363636,0.830690909090909
111442,67322,44120,0.669078347808375,0.602158267232479,0.571708274763614,51.0381818181818,31.6672727272727,17.2945454545455,0.398181818181818,36.6036363636364,0.0509090909090909,20.9181818181818,0.0636363636363636,41.9654545454545,-0.253336738929515,0.932259135447781,0.878236363636364,0.863963636363636,0.830690909090909
111491,67330,44161,0.668767479317209,0.601938293103959,0.572143693971849,51.0454545454545,31.6581818181818,17.2963636363636,0.398181818181818,36.5781818181818,0.0454545454545455,20.9018181818182,0.0563636363636364,42.02,-0.248810557521673,0.93962143750184,0.878236363636364,0.863963636363636,0.830690909090909
111251,67320,43931,0.668681801269274,0.601802602084743,0.572031565053436,51.0472727272727,31.6563636363636,17.2963636363636,0.398181818181818,36.5818181818182,0.04,20.8436363636364,0.0527272727272727,42.0836363636364,-0.249827196475896,0.898889890711077,0.878236363636364,0.863963636363636,0.830690909090909
111316,67314,44002,0.668767379940597,0.601877663717275,0.571961706185432,51.0490909090909,31.6563636363636,17.2945454545455,0.398181818181818,36.5709090909091,0.04,20.8072727272727,0.0581818181818182,42.1254545454546,-0.250945089858909,0.90225850220939,0.878236363636364,0.863963636363636,0.830690909090909
111183,67315,43868,0.668676454058004,0.601751380801603,0.571966855637936,51.0381818181818,31.66,17.3018181818182,0.398181818181818,36.5545454545455,0.0563636363636364,20.7454545454545,0.0509090909090909,42.1945454545455,-0.252478213295002,0.871470113691281,0.878236363636364,0.863963636363636,0.830690909090909
111341,67322,44019,0.668728026256434,0.60186165506279,0.572116810240652,51.0381818181818,31.66,17.3018181818182,0.398181818181818,36.5381818181818,0.0545454545454545,20.7127272727273,0.0472727272727273,42.2490909090909,-0.253023548757549,0.884609808747403,0.878236363636364,0.863963636363636,0.830690909090909
110956,67325,43631,0.668752670905037,0.601579487420044,0.57170583950652,51.0436363636364,31.6672727272727,17.2890909090909,0.392727272727273,36.5345454545455,0.0509090909090909,20.6709090909091,0.0327272727272727,42.3181818181818,-0.251390593889333,0.811679822595959,0.878236363636364,0.863963636363636,0.830690909090909
110920,67342,43578,0.668617957521165,0.601532481434526,0.571621128344339,51.0418181818182,31.6709090909091,17.2872727272727,0.392727272727273,36.5090909090909,0.0618181818181818,20.6381818181818,0.0527272727272727,42.3454545454545,-0.248390313174803,0.787794187351723,0.878236363636364,0.863963636363636,0.830690909090909
111201,67348,43853,0.66860787119635,0.601621513042077,0.572060053240759,51.0345454545455,31.6709090909091,17.2945454545455,0.392727272727273,36.4927272727273,0.0545454545454545,20.6145454545455,0.0581818181818182,42.3872727272727,-0.248281246935486,0.830294493120164,0.878236363636364,0.863963636363636,0.830690909090909
111054,67329,43725,0.668360116579842,0.601365089580466,0.572093632345439,51.04,31.6654545454545,17.2945454545455,0.390909090909091,36.4781818181818,0.0509090909090909,20.5963636363636,0.0563636363636364,42.4272727272727,-0.252220191356967,0.809781476076354,0.878236363636364,0.863963636363636,0.830690909090909
111118,67332,43786,0.668456406342864,0.601505190109289,0.571971350044527,51.0509090909091,31.6509090909091,17.2981818181818,0.389090909090909,36.4709090909091,0.0436363636363636,20.5636363636364,0.0509090909090909,42.4818181818182,-0.251291059732929,0.819155972053043,0.878236363636364,0.863963636363636,0.830690909090909
111145,67332,43813,0.66853119486553,0.601443320989478,0.572010627366782,51.0418181818182,31.66,17.2981818181818,0.387272727272727,36.4490909090909,0.0472727272727273,20.5309090909091,0.0636363636363636,42.5218181818182,-0.252121719763818,0.813657658860426,0.878236363636364,0.863963636363636,0.830690909090909
111004,67339,43665,0.668687114818382,0.601403073693611,0.571768057256289,51.0363636363636,31.6545454545455,17.3090909090909,0.385454545454545,36.4,0.0636363636363636,20.4872727272727,0.0690909090909091,42.5945454545455,-0.252542578103219,0.775088331027126,0.878236363636364,0.863963636363636,0.830690909090909
111130,67346,43784,0.668549724581297,0.601465079316457,0.571746091825904,51.0345454545455,31.6636363636364,17.3018181818182,0.383636363636364,36.3963636363636,0.0509090909090909,20.4563636363636,0.0563636363636364,42.6563636363636,-0.250289260853209,0.793901720659977,0.878236363636364,0.863963636363636,0.830690909090909
111402,67329,44073,0.668563556227861,0.601443998817555,0.572240225343847,51.04,31.6563636363636,17.3036363636364,0.381818181818182,36.3818181818182,0.0527272727272727,20.4272727272727,0.06,42.6963636363636,-0.254706599887206,0.845157593552193,0.878236363636364,0.863963636363636,0.830690909090909
110995,67314,43681,0.668504740114448,0.601111647262672,0.572025883829392,51.04,31.6545454545455,17.3054545454545,0.378181818181818,36.3854545454545,0.0381818181818182,20.3836363636364,0.0490909090909091,42.7654545454546,-0.255976197546327,0.789744969941041,0.878236363636364,0.863963636363636,0.830690909090909
111147,67327,43820,0.668470870874766,0.601073846431323,0.572342245853082,51.04,31.6563636363636,17.3036363636364,0.38,36.3945454545455,0.0436363636363636,20.3272727272727,0.0472727272727273,42.8072727272727,-0.255929736550355,0.791869549740064,0.878236363636364,0.863963636363636,0.830690909090909
110983,67328,43655,0.668593148092162,0.601069081520341,0.572204009963147,51.0345454545455,31.6654545454545,17.3,0.378181818181818,36.3872727272727,0.04,20.2836363636364,0.0436363636363636,42.8672727272727,-0.257157044951071,0.764722956377293,0.878236363636364,0.863963636363636,0.830690909090909
110609,67333,43276,0.668550304366654,0.601153646363609,0.571676978820638,51.0327272727273,31.6636363636364,17.3036363636364,0.378181818181818,36.3872727272727,0.0472727272727273,20.2145454545455,0.0509090909090909,42.9218181818182,-0.256959861031911,0.679890110619387,0.878236363636364,0.863963636363636,0.830690909090909
111192,67333,43859,0.668612213228748,0.601120422443156,0.572338312384401,51.0381818181818,31.6472727272727,17.3145454545455,0.374545454545455,36.3927272727273,0.0672727272727273,20.1781818181818,0.0309090909090909,42.9563636363636,-0.256777319802032,0.779560688721408,0.878236363636364,0.863963636363636,0.830690909090909
111172,67327,43845,0.668489542801323,0.60118228645591,0.572210841652577,51.0454545454545,31.6581818181818,17.2963636363636,0.372727272727273,36.3945454545455,0.0563636363636364,20.1345454545455,0.0327272727272727,43.0090909090909,-0.256842599795676,0.772782235673036,0.878236363636364,0.863963636363636,0.830690909090909
111106,67333,43773,0.668524779456554,0.601045921568838,0.572032154652108,51.0454545454545,31.6490909090909,17.3054545454545,0.370909090909091,36.4036363636364,0.0636363636363636,20.0709090909091,0.04,43.0509090909091,-0.256546345656005,0.759551991327581,0.878236363636364,0.863963636363636,0.830690909090909
111158,67335,43823,0.668605265378335,0.601041279039031,0.572029528330889,51.0454545454545,31.6563636363636,17.2981818181818,0.370909090909091,36.4090909090909,0.0509090909090909,20.0236363636364,0.0290909090909091,43.1163636363636,-0.256003675618823,0.759835192886319,0.878236363636364,0.863963636363636,0.830690909090909
110878,67349,43529,0.668627565920814,0.601251153061766,0.571610628868067,51.0418181818182,31.6618181818182,17.2963636363636,0.369090909090909,36.4181818181818,0.0454545454545455,19.9672727272727,0.0381818181818182,43.1618181818182,-0.254655646343996,0.690495173167437,0.878236363636364,0.863963636363636,0.830690909090909
111377,67343,44034,0.668500473407085,0.601170090183408,0.572409767304997,51.0381818181818,31.66,17.3018181818182,0.369090909090909,36.4381818181818,0.0545454545454545,19.8963636363636,0.0363636363636364,43.2054545454545,-0.2562655698469,0.774966464835134,0.878236363636364,0.863963636363636,0.830690909090909
111342,67344,43998,0.668669156855872,0.600984241095339,0.572391018229406,51.04,31.6563636363636,17.3036363636364,0.369090909090909,36.4527272727273,0.0490909090909091,19.8272727272727,0.0545454545454545,43.2472727272727,-0.255791557251029,0.758697968755256,0.878236363636364,0.863963636363636,0.830690909090909
111210,67330,43880,0.668604272234463,0.600977358073859,0.572251193641962,51.0472727272727,31.6490909090909,17.3036363636364,0.369090909090909,36.4563636363636,0.0618181818181818,19.7727272727273,0.0472727272727273,43.2927272727273,-0.257650892592011,0.737896200117062,0.878236363636364,0.863963636363636,0.830690909090909
110988,67325,43663,0.66846955721178,0.600896969591281,0.572269580242604,51.0436363636364,31.6563636363636,17.3,0.367272727272727,36.4836363636364,0.0527272727272727,19.7181818181818,0.0509090909090909,43.3272727272727,-0.261591593302331,0.693105080275034,0.878236363636364,0.863963636363636,0.830690909090909
110208,67326,42882,0.668289492826634,0.600714475954157,0.571511758754307,51.0418181818182,31.6545454545455,17.3036363636364,0.365454545454545,36.4890909090909,0.0509090909090909,19.6727272727273,0.0563636363636364,43.3654545454545,-0.261185974451324,0.564523553187874,0.878236363636364,0.863963636363636,0.830690909090909
111305,67327,43978,0.668436331880469,0.601011505854121,0.57245850302862,51.0345454545455,31.6545454545455,17.3109090909091,0.365454545454545,36.5090909090909,0.0545454545454545,19.6181818181818,0.0454545454545455,43.4072727272727,-0.260792422354081,0.724901991862465,0.878236363636364,0.863963636363636,0.830690909090909
111451,67334,44117,0.668591496561689,0.600967768791929,0.572535745425066,51.04,31.6545454545455,17.3054545454545,0.363636363636364,36.5236363636364,0.0490909090909091,19.5818181818182,0.0618181818181818,43.42,-0.259780997422786,0.732417262785814,0.878236363636364,0.863963636363636,0.830690909090909
111462,67329,44133,0.668577312751495,0.601201696910635,0.572324396544541,51.04,31.6581818181818,17.3018181818182,0.361818181818182,36.5254545454545,0.0581818181818182,19.5418181818182,0.0672727272727273,43.4454545454546,-0.262923416234182,0.733621902594512,0.878236363636364,0.863963636363636,0.830690909090909
111539,67328,44211,0.668517559427506,0.601224065072775,0.572357258906747,51.0381818181818,31.6636363636364,17.2981818181818,0.361818181818182,36.5345454545455,0.0581818181818182,19.4854545454545,0.0436363636363636,43.5163636363636,-0.26416462470317,0.730606111587787,0.878236363636364,0.863963636363636,0.830690909090909
111290,67327,43963,0.668441771962917,0.601066271080022,0.57209879109522,51.04,31.6636363636364,17.2963636363636,0.361818181818182,36.5381818181818,0.0618181818181818,19.4272727272727,0.04,43.5709090909091,-0.263971099870832,0.698218017867343,0.878236363636364,0.863963636363636,0.830690909090909
111227,67328,43899,0.668416185452883,0.600921290248294,0.572139298942892,51.0418181818182,31.6527272727273,17.3054545454545,0.361818181818182,36.5490909090909,0.0545454545454545,19.3836363636364,0.0472727272727273,43.6036363636364,-0.263024727605675,0.681916499451141,0.878236363636364,0.863963636363636,0.830690909090909
110806,67337,43469,0.668264940445347,0.60093151885141,0.571627887125184,51.0381818181818,31.66,17.3018181818182,0.361818181818182,36.5418181818182,0.0509090909090909,19.3363636363636,0.0345454545454545,43.6745454545455,-0.262053359259417,0.591223634735533,0.878236363636364,0.863963636363636,0.830690909090909
111163,67343,43820,0.668333724129905,0.600987676567544,0.57239989112926,51.0418181818182,31.6509090909091,17.3072727272727,0.361818181818182,36.5290909090909,0.0636363636363636,19.3181818181818,0.04,43.6872727272727,-0.262920053580522,0.660400549567897,0.878236363636364,0.863963636363636,0.830690909090909
111249,67339,43910,0.66839125257667,0.601088452533173,0.572249524965691,51.0436363636364,31.6527272727273,17.3036363636364,0.361818181818182,36.5145454545455,0.0636363636363636,19.2854545454545,0.0363636363636364,43.7381818181818,-0.263574883956409,0.676469122605737,0.878236363636364,0.863963636363636,0.830690909090909
111340,67337,44003,0.668331554046949,0.60112225273161,0.572360122553983,51.0327272727273,31.6618181818182,17.3054545454545,0.361818181818182,36.5018181818182,0.0654545454545455,19.2527272727273,0.0490909090909091,43.7690909090909,-0.263547794072854,0.67900399594483,0.878236363636364,0.863963636363636,0.830690909090909
111196,67326,43870,0.668259671308845,0.600980993406962,0.572457592681057,51.04,31.6563636363636,17.3036363636364,0.36,36.5072727272727,0.0527272727272727,19.2272727272727,0.0563636363636364,43.7963636363636,-0.265228342284668,0.653607283050025,0.878236363636364,0.863963636363636,0.830690909090909
111185,67326,43859,0.668213927184322,0.60100683029077,0.572241765941996,51.0381818181818,31.6581818181818,17.3036363636364,0.36,36.5018181818182,0.0418181818181818,19.2,0.0418181818181818,43.8545454545455,-0.266620397850652,0.65185708582232,0.878236363636364,0.863963636363636,0.830690909090909
110851,67328,43523,0.668327977681356,0.600774259923871,0.571986993523916,51.0418181818182,31.66,17.2981818181818,0.36,36.5036363636364,0.0490909090909091,19.1763636363636,0.0363636363636364,43.8745454545455,-0.266262999394464,0.605173854631456,0.878236363636364,0.863963636363636,0.830690909090909
110971,67341,43630,0.668348472363135,0.600714980518975,0.572135624954127,51.0472727272727,31.6527272727273,17.3,0.36,36.5181818181818,0.0563636363636364,19.0945454545455,0.0745454545454545,43.8963636363636,-0.264280866381821,0.603816070822491,0.878236363636364,0.863963636363636,0.830690909090909
111031,67343,43688,0.668405048640584,0.600713870203589,0.572103776933209,51.0545454545455,31.6472727272727,17.2981818181818,0.36,36.5363636363636,0.06,19.0436363636364,0.0418181818181818,43.9581818181818,-0.263765234976679,0.610628972549669,0.878236363636364,0.863963636363636,0.830690909090909
110969,67343,43626,0.668461175542927,0.6005459774899,0.572408347158613,51.0509090909091,31.6418181818182,17.3072727272727,0.36,36.5509090909091,0.0472727272727273,19.0072727272727,0.0381818181818182,43.9963636363636,-0.264494015963745,0.597374407623217,0.878236363636364,0.863963636363636,0.830690909090909
110935,67351,43584,0.668477333382654,0.600481641020634,0.572416907354642,51.0418181818182,31.6490909090909,17.3090909090909,0.36,36.5618181818182,0.0436363636363636,18.9581818181818,0.0545454545454545,44.0218181818182,-0.264115492336449,0.584922085173259,0.878236363636364,0.863963636363636,0.830690909090909
110953,67356,43597,0.668386371685513,0.600582311022794,0.572453672725259,51.0327272727273,31.66,17.3072727272727,0.354545454545454,36.5545454545455,0.0563636363636364,18.92,0.04,44.0745454545455,-0.264679364527282,0.585697966256306,0.878236363636364,0.863963636363636,0.830690909090909
110932,67351,43581,0.668355345090474,0.600559913172966,0.572424550154711,51.0363636363636,31.6490909090909,17.3145454545455,0.350909090909091,36.5581818181818,0.0472727272727273,18.9036363636364,0.0381818181818182,44.1018181818182,-0.266582038541078,0.596700956456533,0.878236363636364,0.863963636363636,0.830690909090909
110983,67355,43628,0.668324535232104,0.600767774499069,0.572273493494198,51.0327272727273,31.6581818181818,17.3090909090909,0.350909090909091,36.5581818181818,0.0454545454545455,18.8654545454545,0.0472727272727273,44.1327272727273,-0.264698516061683,0.604090415220708,0.878236363636364,0.863963636363636,0.830690909090909
111025,67338,43687,0.668392586235038,0.600813025882741,0.572294011732193,51.0381818181818,31.6545454545455,17.3072727272727,0.350909090909091,36.5363636363636,0.0436363636363636,18.8636363636364,0.0363636363636364,44.1690909090909,-0.268479632845331,0.609108769679865,0.878236363636364,0.863963636363636,0.830690909090909
110847,67340,43507,0.668357344784108,0.600616138191433,0.572237895047028,51.0436363636364,31.6545454545455,17.3018181818182,0.349090909090909,36.5490909090909,0.0436363636363636,18.8181818181818,0.0290909090909091,44.2109090909091,-0.268405281042148,0.582196759483354,0.878236363636364,0.863963636363636,0.830690909090909
110915,67352,43563,0.668386922078455,0.600578772760164,0.572298899727063,51.0509090909091,31.6545454545455,17.2945454545455,0.350909090909091,36.5309090909091,0.06,18.7836363636364,0.0345454545454545,44.24,-0.265928730749014,0.571263866473667,0.878236363636364,0.863963636363636,0.830690909090909
110972,67351,43621,0.668333184541762,0.600446058930184,0.572467826889296,51.0509090909091,31.6472727272727,17.3018181818182,0.349090909090909,36.5381818181818,0.0454545454545455,18.7527272727273,0.0345454545454545,44.28,-0.268527744309342,0.574903885649771,0.878236363636364,0.863963636363636,0.830690909090909
110994,67348,43646,0.668372411035087,0.600535889899825,0.572480092490248,51.0527272727273,31.6418181818182,17.3054545454545,0.347272727272727,36.5345454545455,0.0472727272727273,18.7181818181818,0.0327272727272727,44.32,-0.269176979208979,0.578762189705263,0.878236363636364,0.863963636363636,0.830690909090909
110983,67358,43625,0.668363346552977,0.600533572810707,0.572380464816615,51.0436363636364,31.6490909090909,17.3072727272727,0.347272727272727,36.5181818181818,0.0490909090909091,18.6927272727273,0.0290909090909091,44.3636363636364,-0.26767019035337,0.571894468138502,0.878236363636364,0.863963636363636,0.830690909090909
111166,67369,43797,0.668425265751222,0.60061419542771,0.572458835144457,51.0345454545455,31.66,17.3054545454545,0.345454545454545,36.4981818181818,0.0545454545454545,18.6745454545455,0.0345454545454545,44.3927272727273,-0.267251171403967,0.587127047777176,0.878236363636364,0.863963636363636,0.830690909090909
110925,67346,43579,0.668293073413939,0.600589037571677,0.57229626510746,51.0345454545455,31.6545454545455,17.3109090909091,0.343636363636364,36.4854545454545,0.0563636363636364,18.6490909090909,0.0327272727272727,44.4327272727273,-0.272955909634832,0.559924689951268,0.878236363636364,0.863963636363636,0.830690909090909
110810,67351,43459,0.668437549591989,0.60042164350381,0.572238855377955,51.0327272727273,31.6527272727273,17.3145454545455,0.343636363636364,36.4490909090909,0.0527272727272727,18.6436363636364,0.0472727272727273,44.4636363636364,-0.271235566905141,0.533989164080809,0.878236363636364,0.863963636363636,0.830690909090909
111058,67361,43697,0.668339997668555,0.600334926953019,0.57249658241056,51.0309090909091,31.66,17.3090909090909,0.343636363636364,36.4581818181818,0.0418181818181818,18.6163636363636,0.04,44.5,-0.269843680234507,0.558824012083509,0.878236363636364,0.863963636363636,0.830690909090909
110976,67353,43623,0.668320075765687,0.600289361011526,0.572463563278273,51.0345454545455,31.6472727272727,17.3181818181818,0.343636363636364,36.4527272727273,0.0454545454545455,18.5654545454545,0.04,44.5527272727273,-0.270709900041534,0.540774719738825,0.878236363636364,0.863963636363636,0.830690909090909
110947,67343,43604,0.66822524807619,0.600283052363022,0.572466058006725,51.0381818181818,31.6490909090909,17.3127272727273,0.343636363636364,36.4345454545455,0.0490909090909091,18.54,0.0454545454545455,44.5872727272727,-0.271585075883459,0.530198051183569,0.878236363636364,0.863963636363636,0.830690909090909
110929,67340,43589,0.668179891411877,0.600267045506599,0.572446132746985,51.0418181818182,31.6509090909091,17.3072727272727,0.343636363636364,36.4509090909091,0.0345454545454545,18.5054545454545,0.0418181818181818,44.6236363636364,-0.272737311962225,0.520955714998259,0.878236363636364,0.863963636363636,0.830690909090909
110927,67349,43578,0.668359737431929,0.600220574114692,0.572300745287099,51.0454545454545,31.6509090909091,17.3036363636364,0.341818181818182,36.4563636363636,0.0436363636363636,18.4636363636364,0.0527272727272727,44.6418181818182,-0.271804305480228,0.513137129872021,0.878236363636364,0.863963636363636,0.830690909090909
111122,67357,43765,0.668331602426893,0.600393331373334,0.572442195629081,51.0527272727273,31.6509090909091,17.2963636363636,0.341818181818182,36.4490909090909,0.0345454545454545,18.4618181818182,0.0581818181818182,44.6545454545455,-0.271514144511258,0.530613862045787,0.878236363636364,0.863963636363636,0.830690909090909
111037,67359,43678,0.668354629689837,0.600300377655891,0.572458463560913,51.0509090909091,31.6527272727273,17.2963636363636,0.341818181818182,36.4309090909091,0.0436363636363636,18.4472727272727,0.0454545454545455,44.6909090909091,-0.271423582679298,0.513924352011897,0.878236363636364,0.863963636363636,0.830690909090909
110959,67354,43605,0.668352960954005,0.600376705804488,0.572183833985553,51.0472727272727,31.6527272727273,17.3,0.341818181818182,36.4309090909091,0.0381818181818182,18.4218181818182,0.0527272727272727,44.7145454545455,-0.272810318663224,0.502130581116812,0.878236363636364,0.863963636363636,0.830690909090909
110944,67343,43601,0.668077970859964,0.600399151215697,0.572308104303657,51.0418181818182,31.6581818181818,17.3,0.341818181818182,36.4018181818182,0.0545454545454545,18.4181818181818,0.0490909090909091,44.7345454545455,-0.274882109729846,0.495553722003983,0.878236363636364,0.863963636363636,0.830690909090909
110951,67351,43600,0.668057502525675,0.600340990092186,0.572363185757247,51.0327272727273,31.6581818181818,17.3090909090909,0.341818181818182,36.4036363636364,0.0490909090909091,18.4036363636364,0.0418181818181818,44.76,-0.275397761847985,0.48891532798721,0.878236363636364,0.863963636363636,0.830690909090909
110957,67359,43598,0.668317492821745,0.600329251032482,0.572347051736623,51.0290909090909,31.6636363636364,17.3072727272727,0.34,36.4218181818182,0.0363636363636364,18.3763636363636,0.0490909090909091,44.7763636363636,-0.27421123557304,0.485178800890307,0.878236363636364,0.863963636363636,0.830690909090909
111179,67366,43813,0.66833369433536,0.600488943365394,0.572484874595471,51.0309090909091,31.6672727272727,17.3018181818182,0.338181818181818,36.4181818181818,0.0418181818181818,18.3563636363636,0.0581818181818182,44.7872727272727,-0.273935782693529,0.503311170696874,0.878236363636364,0.863963636363636,0.830690909090909
111352,67364,43988,0.668294167578509,0.6003495433148,0.572430604635086,51.0345454545455,31.6672727272727,17.2981818181818,0.334545454545455,36.4309090909091,0.0454545454545455,18.3327272727273,0.04,44.8163636363636,-0.275062177393622,0.50835618398745,0.878236363636364,0.863963636363636,0.830690909090909
111243,67354,43889,0.668142814885088,0.600419656430508,0.57234901182585,51.04,31.6581818181818,17.3018181818182,0.336363636363636,36.4309090909091,0.0454545454545455,18.2981818181818,0.0654545454545455,44.8236363636364,-0.276108901057821,0.492718635507944,0.878236363636364,0.863963636363636,0.830690909090909
111106,67347,43759,0.668153999362156,0.600485571581644,0.572159699103579,51.0363636363636,31.6545454545455,17.3090909090909,0.336363636363636,36.44,0.0436363636363636,18.2545454545455,0.0636363636363636,44.8618181818182,-0.27711042542889,0.474476565022699,0.878236363636364,0.863963636363636,0.830690909090909
111196,67353,43843,0.668141213498279,0.600502263682239,0.572194904307658,51.0345454545455,31.6654545454545,17.3,0.336363636363636,36.4418181818182,0.0545454545454545,18.2218181818182,0.0381818181818182,44.9072727272727,-0.277077892861582,0.474638666263358,0.878236363636364,0.863963636363636,0.830690909090909
111350,67361,43989,0.66824153149134,0.600428809422412,0.572340748390469,51.0418181818182,31.6618181818182,17.2963636363636,0.336363636363636,36.4509090909091,0.0563636363636364,18.1963636363636,0.0436363636363636,44.9163636363636,-0.273596796995579,0.486591669126541,0.878236363636364,0.863963636363636,0.830690909090909
111434,67359,44075,0.668261265077323,0.600431491797136,0.572376679124259,51.0454545454545,31.66,17.2945454545455,0.336363636363636,36.4509090909091,0.0563636363636364,18.1709090909091,0.0527272727272727,44.9327272727273,-0.27502989702354,0.492671311316504,0.878236363636364,0.863963636363636,0.830690909090909
111407,67362,44045,0.668285627095855,0.60041520613685,0.572322422311276,51.0527272727273,31.6545454545455,17.2927272727273,0.334545454545455,36.4727272727273,0.0490909090909091,18.1327272727273,0.04,44.9709090909091,-0.275541360678736,0.482089709050276,0.878236363636364,0.863963636363636,0.830690909090909
111287,67355,43932,0.66827573819881,0.600257871389642,0.572327978755683,51.0509090909091,31.6563636363636,17.2927272727273,0.330909090909091,36.4763636363636,0.0363636363636364,18.1327272727273,0.0418181818181818,44.9818181818182,-0.276946931836772,0.46904938171025,0.878236363636364,0.863963636363636,0.830690909090909
111257,67350,43907,0.668271307876751,0.600244972295978,0.572338967658706,51.0454545454545,31.6636363636364,17.2909090909091,0.330909090909091,36.4927272727273,0.0309090909090909,18.0981818181818,0.0436363636363636,45.0036363636364,-0.27946117458996,0.454622174740176,0.878236363636364,0.863963636363636,0.830690909090909
111176,67360,43816,0.668143779942524,0.600167616136106,0.572449883748335,51.0418181818182,31.6581818181818,17.3,0.329090909090909,36.4963636363636,0.0436363636363636,18.06,0.0545454545454545,45.0163636363636,-0.279495963311902,0.440380718432028,0.878236363636364,0.863963636363636,0.830690909090909
110964,67348,43616,0.668109101182228,0.600077079029432,0.572275732085167,51.0363636363636,31.6581818181818,17.3054545454545,0.327272727272727,36.5181818181818,0.0454545454545455,18.0345454545455,0.0363636363636364,45.0381818181818,-0.281070622442613,0.411713769754649,0.878236363636364,0.863963636363636,0.830690909090909
