"total_rewards","action_rewards","opinion_rewards","sp0_social_trust","sp1_social_trust","sp2_social_trust","sp0_request_rate","sp1_request_rate","sp2_request_rate","op0_expression_rate","op1_expression_rate","op2_expression_rate","op3_expression_rate","op4_expression_rate","op5_expression_rate","mean_loss1","mean_loss2","sp0_availability","sp1_availability","sp2_availability"
32758,32218,540,0.738489424975483,0.725317973800536,0.722399338307312,33.6290909090909,32.7327272727273,33.6381818181818,16.6818181818182,16.6418181818182,16.5418181818182,16.8218181818182,16.3309090909091,16.9818181818182,1.76180283806541,-1.49831526875496,0.889890909090909,0.872381818181818,0.862545454545455
33031,32217,814,0.738691487995455,0.724986902394032,0.722224166474136,33.6672727272727,32.6963636363636,33.6363636363636,16.5727272727273,16.7945454545455,16.4363636363636,16.9090909090909,16.1890909090909,17.0981818181818,1.69042765010487,-1.5021760978482,0.889890909090909,0.872381818181818,0.862545454545455
33484,32244,1240,0.738820238651617,0.724864737525358,0.722327642379398,33.6945454545455,32.7345454545455,33.5709090909091,16.4727272727273,16.9636363636364,16.2636363636364,17.0327272727273,16.0472727272727,17.22,1.62164077758789,-1.43495279333808,0.889890909090909,0.872381818181818,0.862545454545455
33848,32231,1617,0.738848217757759,0.724482406429137,0.722264356719035,33.7254545454545,32.7090909090909,33.5654545454545,16.3672727272727,17.1436363636364,16.0890909090909,17.1509090909091,15.9236363636364,17.3254545454545,1.54901336106387,-1.39083656343547,0.889890909090909,0.872381818181818,0.862545454545455
34238,32254,1984,0.738860555620937,0.724794224819374,0.72219754491004,33.7236363636364,32.7309090909091,33.5454545454545,16.2454545454545,17.3181818181818,15.9527272727273,17.2636363636364,15.7763636363636,17.4436363636364,1.47936690287157,-1.34919144673781,0.889890909090909,0.872381818181818,0.862545454545455
34547,32270,2277,0.739083298999864,0.724683612774343,0.721883451406078,33.7690909090909,32.7236363636364,33.5072727272727,16.1436363636364,17.4781818181818,15.8272727272727,17.34,15.6781818181818,17.5327272727273,1.40835268714211,-1.35183868895878,0.889890909090909,0.872381818181818,0.862545454545455
34999,32281,2718,0.738994517673391,0.724416422066022,0.721746376030133,33.7890909090909,32.74,33.4709090909091,16.0418181818182,17.6509090909091,15.64,17.5072727272727,15.4981818181818,17.6618181818182,1.33662980794907,-1.27780840451067,0.889890909090909,0.872381818181818,0.862545454545455
35452,32339,3113,0.738977597198289,0.724418229237958,0.721778021792066,33.8345454545455,32.7,33.4654545454545,15.9090909090909,17.8563636363636,15.4509090909091,17.6509090909091,15.3436363636364,17.7890909090909,1.26825132695111,-1.23120320439339,0.889890909090909,0.872381818181818,0.862545454545455
35850,32366,3484,0.739077442602277,0.72409936409923,0.721209440920368,33.8527272727273,32.7709090909091,33.3763636363636,15.7872727272727,18.02,15.3072727272727,17.7690909090909,15.2090909090909,17.9072727272727,1.19617519378662,-1.20154470638795,0.889890909090909,0.872381818181818,0.862545454545455
36256,32369,3887,0.739074064241651,0.723827950289905,0.721005969442372,33.8727272727273,32.7745454545455,33.3527272727273,15.6563636363636,18.2363636363636,15.1327272727273,17.8727272727273,15.0290909090909,18.0727272727273,1.12150758071379,-1.14966081272472,0.889890909090909,0.872381818181818,0.862545454545455
36826,32443,4383,0.739073209193094,0.723727237707865,0.720953017489556,33.9090909090909,32.7363636363636,33.3545454545455,15.4854545454545,18.5145454545455,14.9309090909091,17.9727272727273,14.8636363636364,18.2327272727273,1.0514931239865,-1.06023920070041,0.889890909090909,0.872381818181818,0.862545454545455
37402,32463,4939,0.739143660762379,0.72368180419485,0.720440338285981,33.9309090909091,32.7345454545455,33.3345454545455,15.2690909090909,18.8109090909091,14.7290909090909,18.1254545454545,14.7,18.3654545454545,0.976174016974189,-0.941311790726402,0.889890909090909,0.872381818181818,0.862545454545455
37933,32548,5385,0.739268249227195,0.723523463440293,0.720685136428646,34.0018181818182,32.6636363636364,33.3345454545455,15.1290909090909,19.0290909090909,14.5363636363636,18.2763636363636,14.5145454545455,18.5145454545455,0.906110498038205,-0.879846543073654,0.889890909090909,0.872381818181818,0.862545454545455
38537,32623,5914,0.739312251527899,0.723081695888638,0.720441022977925,34.0381818181818,32.6181818181818,33.3436363636364,14.9654545454545,19.24,14.3890909090909,18.4,14.3054545454545,18.7,0.833941162716259,-0.78066878806461,0.889890909090909,0.872381818181818,0.862545454545455
39115,32674,6441,0.739348650231296,0.722832944320752,0.720289770092359,34.0745454545455,32.6072727272727,33.3181818181818,14.7290909090909,19.5054545454545,14.2327272727273,18.5436363636364,14.1363636363636,18.8527272727273,0.757817001234401,-0.686894552816044,0.889890909090909,0.872381818181818,0.862545454545455
39674,32712,6962,0.739194989183447,0.722659947417626,0.720075397123515,34.12,32.5436363636364,33.3363636363636,14.5309090909091,19.76,14.0272727272727,18.7018181818182,13.9836363636364,18.9963636363636,0.680312260714444,-0.598273705894297,0.889890909090909,0.872381818181818,0.862545454545455
40331,32760,7571,0.73901281515476,0.722547948344713,0.719656456564968,34.1636363636364,32.5490909090909,33.2872727272727,14.3072727272727,20.0872727272727,13.7490909090909,18.8745454545455,13.8327272727273,19.1490909090909,0.602121864123778,-0.475784506039186,0.889890909090909,0.872381818181818,0.862545454545455
41040,32847,8193,0.738822160992836,0.722399343767998,0.719670933930767,34.1909090909091,32.54,33.2690909090909,14.0709090909091,20.3509090909091,13.5381818181818,19.0563636363636,13.6218181818182,19.3618181818182,0.526565031029961,-0.343579894846136,0.889890909090909,0.872381818181818,0.862545454545455
41768,32952,8816,0.73880302717817,0.722382885667356,0.719563387667043,34.2509090909091,32.5145454545455,33.2345454545455,13.84,20.6272727272727,13.2909090909091,19.2909090909091,13.3927272727273,19.5581818181818,0.452277138558301,-0.209013081680645,0.889890909090909,0.872381818181818,0.862545454545455
42368,32995,9373,0.738754655471136,0.721516141106785,0.719143410344478,34.3090909090909,32.5109090909091,33.18,13.6563636363636,20.8818181818182,13.0345454545455,19.4854545454545,13.1763636363636,19.7654545454545,0.370710298148068,-0.112703612175855,0.889890909090909,0.872381818181818,0.862545454545455
43082,33050,10032,0.73890502374306,0.721458929682406,0.718668297394693,34.3563636363636,32.5090909090909,33.1345454545455,13.4163636363636,21.1672727272727,12.8127272727273,19.7181818181818,12.9072727272727,19.9781818181818,0.289667450297963,0.0299657090143724,0.889890909090909,0.872381818181818,0.862545454545455
43859,33150,10709,0.738973209872186,0.721284739372344,0.718474886159067,34.4145454545455,32.4945454545455,33.0909090909091,13.1872727272727,21.4818181818182,12.5745454545455,19.8945454545455,12.6654545454545,20.1963636363636,0.212231051650914,0.181949129971591,0.889890909090909,0.872381818181818,0.862545454545455
44594,33200,11394,0.738864335465188,0.72052094830046,0.718070512647134,34.4727272727273,32.4836363636364,33.0436363636364,12.9709090909091,21.7727272727273,12.2872727272727,20.1054545454545,12.4490909090909,20.4145454545455,0.129696185480465,0.335883103717457,0.889890909090909,0.872381818181818,0.862545454545455
45332,33278,12054,0.738913919298587,0.719898472369397,0.717908636509467,34.5472727272727,32.4436363636364,33.0090909090909,12.7527272727273,22.0727272727273,12.0145454545455,20.3218181818182,12.2054545454545,20.6327272727273,0.0493507618253881,0.475360284068368,0.889890909090909,0.872381818181818,0.862545454545455
46140,33362,12778,0.739088242382923,0.719645241710837,0.717373294957441,34.6145454545455,32.4181818181818,32.9672727272727,12.5,22.4036363636364,11.7745454545455,20.5345454545455,11.8963636363636,20.8909090909091,-0.0309969314120033,0.64271188269962,0.889890909090909,0.872381818181818,0.862545454545455
46882,33408,13474,0.738942282982924,0.719280182386024,0.716967323967794,34.6654545454545,32.4018181818182,32.9327272727273,12.24,22.7345454545455,11.5018181818182,20.7418181818182,11.6545454545455,21.1272727272727,-0.114604842662811,0.79872249527411,0.889890909090909,0.872381818181818,0.862545454545455
47689,33481,14208,0.739087549564705,0.718579944999718,0.716499105539092,34.7636363636364,32.3345454545455,32.9018181818182,11.9763636363636,23.0527272727273,11.2163636363636,20.98,11.4145454545455,21.36,-0.195475860888308,0.968562631715428,0.889890909090909,0.872381818181818,0.862545454545455
48476,33585,14891,0.739106042845985,0.718399974369976,0.716009961528409,34.8181818181818,32.3563636363636,32.8254545454545,11.7290909090909,23.3636363636364,10.9509090909091,21.1981818181818,11.1836363636364,21.5745454545455,-0.27355476509441,1.12065872116522,0.889890909090909,0.872381818181818,0.862545454545455
49347,33666,15681,0.739134891530867,0.718081252555929,0.715747764589672,34.8781818181818,32.3363636363636,32.7854545454545,11.4545454545455,23.7036363636364,10.66,21.4509090909091,10.9272727272727,21.8036363636364,-0.353649679368193,1.31882152123885,0.889890909090909,0.872381818181818,0.862545454545455
50091,33731,16360,0.739051911091597,0.71746071896612,0.715679640640784,34.9636363636364,32.2618181818182,32.7745454545455,11.1672727272727,24.02,10.4181818181818,21.6545454545455,10.7163636363636,22.0236363636364,-0.434258748997342,1.47030876387249,0.889890909090909,0.872381818181818,0.862545454545455
50843,33819,17024,0.739170816921819,0.716868263754169,0.715614807438106,35.0472727272727,32.1909090909091,32.7618181818182,10.8890909090909,24.3345454545455,10.1527272727273,21.8709090909091,10.5163636363636,22.2363636363636,-0.512544617056847,1.61169534217228,0.889890909090909,0.872381818181818,0.862545454545455
51584,33907,17677,0.739120391525354,0.716986033455042,0.71516853342192,35.1109090909091,32.1890909090909,32.7,10.6654545454545,24.6163636363636,9.94181818181818,22.0563636363636,10.2490909090909,22.4709090909091,-0.589000068740411,1.75899453163147,0.889890909090909,0.872381818181818,0.862545454545455
52409,33980,18429,0.739016049589264,0.716851134570126,0.71471851633123,35.1672727272727,32.2236363636364,32.6090909090909,10.4109090909091,24.9327272727273,9.63636363636364,22.3381818181818,9.96909090909091,22.7127272727273,-0.665810882232406,1.94325958490372,0.889890909090909,0.872381818181818,0.862545454545455
53126,34035,19091,0.739118504540386,0.716659303140875,0.713921648631042,35.24,32.1981818181818,32.5618181818182,10.16,25.24,9.38181818181818,22.5654545454545,9.70727272727273,22.9454545454545,-0.743367637829347,2.09618151296269,0.889890909090909,0.872381818181818,0.862545454545455
53843,34138,19705,0.739051593753498,0.71630818158291,0.713587569129938,35.3127272727273,32.1472727272727,32.54,9.94909090909091,25.4563636363636,9.18,22.8163636363636,9.40363636363636,23.1945454545455,-0.815068692781708,2.23239691365849,0.889890909090909,0.872381818181818,0.862545454545455
54624,34250,20374,0.739151519022576,0.716122340678909,0.713066319655953,35.3618181818182,32.1618181818182,32.4763636363636,9.75636363636364,25.6872727272727,8.88909090909091,23.0636363636364,9.20181818181818,23.4018181818182,-0.88526053564115,2.39047741022977,0.889890909090909,0.872381818181818,0.862545454545455
55311,34346,20965,0.7390431878099,0.716279143690539,0.712318680624968,35.4454545454545,32.1290909090909,32.4254545454545,9.54181818181818,25.92,8.64727272727273,23.2872727272727,8.97272727272727,23.6309090909091,-0.954922118782997,2.51617183468559,0.889890909090909,0.872381818181818,0.862545454545455
56021,34434,21587,0.739033121808591,0.715959263355218,0.71225749123285,35.5090909090909,32.0909090909091,32.4,9.32909090909091,26.1254545454545,8.44545454545455,23.5218181818182,8.72181818181818,23.8563636363636,-1.02372531321916,2.65589370564981,0.889890909090909,0.872381818181818,0.862545454545455
56696,34520,22176,0.738962063452485,0.7156272031134,0.71190781666851,35.56,32.0927272727273,32.3472727272727,9.08181818181818,26.3618181818182,8.27636363636364,23.7309090909091,8.46727272727273,24.0818181818182,-1.09099840007045,2.79056513634595,0.889890909090909,0.872381818181818,0.862545454545455
57260,34572,22688,0.738447153500222,0.715259460126408,0.711610203443849,35.6,32.0690909090909,32.3309090909091,8.85090909090909,26.5763636363636,8.14,23.8927272727273,8.26727272727273,24.2727272727273,-1.15862826379863,2.8924751162529,0.889890909090909,0.872381818181818,0.862545454545455
57915,34634,23281,0.73839565773106,0.715085874731805,0.71117733257885,35.6945454545455,32.06,32.2454545454545,8.61454545454546,26.8054545454545,7.92909090909091,24.1072727272727,8.03636363636364,24.5072727272727,-1.22413622086698,3.03338966152885,0.889890909090909,0.872381818181818,0.862545454545455
58446,34708,23738,0.738510691675972,0.714568043841191,0.710866782693198,35.76,32.0363636363636,32.2036363636364,8.42363636363636,26.9909090909091,7.74545454545455,24.3,7.82909090909091,24.7109090909091,-1.28664626966823,3.11416945999319,0.889890909090909,0.872381818181818,0.862545454545455
59075,34808,24267,0.738418814807773,0.714192955458537,0.710361513755096,35.7818181818182,32.0254545454545,32.1927272727273,8.24,27.1545454545455,7.58363636363636,24.4636363636364,7.64363636363636,24.9145454545455,-1.34505983482708,3.23609664711085,0.889890909090909,0.872381818181818,0.862545454545455
59660,34889,24771,0.73858830628237,0.714124103234708,0.71007234325501,35.86,32.0072727272727,32.1327272727273,8.02363636363636,27.3454545454545,7.36545454545455,24.6709090909091,7.47272727272727,25.1218181818182,-1.40338688384403,3.34420289559798,0.889890909090909,0.872381818181818,0.862545454545455
60193,35019,25174,0.738512374407572,0.7137983115873,0.709733083237188,35.9436363636364,31.9890909090909,32.0672727272727,7.82909090909091,27.5436363636364,7.18727272727273,24.8,7.31636363636364,25.3236363636364,-1.45469219196926,3.41562182740732,0.889890909090909,0.872381818181818,0.862545454545455
60746,35137,25609,0.738490831083158,0.713666903709929,0.709486761124808,36.0163636363636,31.9527272727273,32.0309090909091,7.69454545454545,27.6581818181818,7.01454545454545,24.9836363636364,7.12181818181818,25.5272727272727,-1.50568449551409,3.5026652070609,0.889890909090909,0.872381818181818,0.862545454545455
61331,35233,26098,0.738356700774506,0.713430225092447,0.708977529740092,36.0672727272727,31.94,31.9927272727273,7.51272727272727,27.8327272727273,6.84,25.1418181818182,6.94545454545455,25.7272727272727,-1.55610655790026,3.61666137142615,0.889890909090909,0.872381818181818,0.862545454545455
61839,35344,26495,0.738116234051013,0.713364333339198,0.708351006557999,36.1127272727273,31.9581818181818,31.9290909090909,7.34727272727273,27.9672727272727,6.67272727272727,25.28,6.82909090909091,25.9036363636364,-1.60446910397573,3.69624902009964,0.889890909090909,0.872381818181818,0.862545454545455
62419,35466,26953,0.737833407660588,0.71278862201601,0.708071507998025,36.1472727272727,31.9436363636364,31.9090909090909,7.20363636363636,28.1018181818182,6.48363636363636,25.4254545454545,6.67818181818182,26.1072727272727,-1.64770898222923,3.80559560168873,0.889890909090909,0.872381818181818,0.862545454545455
62958,35560,27398,0.737478427599811,0.712702447897932,0.707750020470154,36.1927272727273,31.9818181818182,31.8254545454545,7.05636363636364,28.2563636363636,6.32727272727273,25.5454545454545,6.51272727272727,26.3018181818182,-1.69258066849275,3.9106204580177,0.889890909090909,0.872381818181818,0.862545454545455
63512,35712,27800,0.73731010666345,0.712519941899029,0.707749558322539,36.24,31.9654545454545,31.7945454545455,6.92181818181818,28.3945454545455,6.15636363636364,25.7418181818182,6.37818181818182,26.4072727272727,-1.73171834403818,3.99627330790867,0.889890909090909,0.872381818181818,0.862545454545455
64012,35846,28166,0.737257656224339,0.712362837807236,0.70727391042547,36.28,31.9236363636364,31.7963636363636,6.78909090909091,28.5309090909091,6.04,25.8472727272727,6.22727272727273,26.5654545454545,-1.76957358609546,4.06455110636624,0.889890909090909,0.872381818181818,0.862545454545455
64538,35974,28564,0.737083510582355,0.711354279453767,0.707246226512382,36.3054545454546,31.9254545454545,31.7690909090909,6.63090909090909,28.7090909090909,5.90181818181818,25.9345454545455,6.08181818181818,26.7418181818182,-1.805148461732,4.15292395082387,0.889890909090909,0.872381818181818,0.862545454545455
65048,36104,28944,0.737115568338399,0.710720877066335,0.706654928345323,36.4127272727273,31.8272727272727,31.76,6.51818181818182,28.8327272727273,5.72909090909091,26.1,5.90727272727273,26.9127272727273,-1.84053303165869,4.22766840512102,0.889890909090909,0.872381818181818,0.862545454545455
65658,36290,29368,0.736864420125232,0.710891730800528,0.706208315908526,36.4181818181818,31.8781818181818,31.7036363636364,6.37636363636364,28.9654545454545,5.60181818181818,26.2145454545455,5.75818181818182,27.0836363636364,-1.8672390406782,4.33299009962515,0.889890909090909,0.872381818181818,0.862545454545455
66221,36509,29712,0.736105341839449,0.71097531391158,0.706023547960525,36.48,31.8072727272727,31.7127272727273,6.26545454545455,29.0654545454545,5.44,26.3272727272727,5.65090909090909,27.2509090909091,-1.89048161398281,4.40774926705794,0.889890909090909,0.872381818181818,0.862545454545455
66635,36711,29924,0.735866149569202,0.711255695973434,0.705366390672259,36.4945454545455,31.8618181818182,31.6436363636364,6.14909090909091,29.1472727272727,5.39272727272727,26.3418181818182,5.56363636363636,27.4054545454545,-1.91358845775778,4.43449978394942,0.889890909090909,0.872381818181818,0.862545454545455
66974,36828,30146,0.735358728815853,0.710774272835284,0.704598370913122,36.5618181818182,31.8363636363636,31.6018181818182,6.04909090909091,29.2254545454545,5.29090909090909,26.4,5.45272727272727,27.5818181818182,-1.94154454903169,4.4577995067293,0.889890909090909,0.872381818181818,0.862545454545455
67399,37011,30388,0.735096233731491,0.709813413085041,0.704360699415266,36.6163636363636,31.76,31.6236363636364,5.92545454545455,29.2945454545455,5.22727272727273,26.4854545454545,5.31454545454546,27.7527272727273,-1.962906229496,4.49372261600061,0.889890909090909,0.872381818181818,0.862545454545455
67763,37168,30595,0.734886949548927,0.709019266186875,0.703956759243158,36.6818181818182,31.7381818181818,31.58,5.81818181818182,29.3527272727273,5.16181818181818,26.5636363636364,5.19090909090909,27.9127272727273,-1.98612153096632,4.51229799877514,0.889890909090909,0.872381818181818,0.862545454545455
68374,37416,30958,0.734370965419247,0.708875358270752,0.7035719112403,36.6836363636364,31.7690909090909,31.5472727272727,5.70181818181818,29.4545454545455,5.06727272727273,26.6945454545455,5.00909090909091,28.0727272727273,-1.99712869145653,4.58793903318318,0.889890909090909,0.872381818181818,0.862545454545455
68988,37638,31350,0.733923897370363,0.708886991713912,0.703118331252588,36.7363636363636,31.7490909090909,31.5145454545455,5.61090909090909,29.5527272727273,4.88909090909091,26.8363636363636,4.86545454545455,28.2454545454545,-2.01148166331378,4.67585028355772,0.889890909090909,0.872381818181818,0.862545454545455
69416,37840,31576,0.733540796498453,0.708303107160936,0.702311072597597,36.7763636363636,31.7581818181818,31.4654545454545,5.50545454545455,29.6309090909091,4.78181818181818,26.9109090909091,4.77090909090909,28.4,-2.02538242881948,4.71033440774137,0.889890909090909,0.872381818181818,0.862545454545455
69911,38079,31832,0.733327194422617,0.707504270583743,0.701905822181428,36.8618181818182,31.7,31.4381818181818,5.39272727272727,29.7181818181818,4.67636363636364,26.98,4.66,28.5727272727273,-2.03471250750802,4.75185142809694,0.889890909090909,0.872381818181818,0.862545454545455
70480,38342,32138,0.733011407703727,0.706528307695135,0.701498507455483,36.9418181818182,31.5963636363636,31.4618181818182,5.26909090909091,29.8127272727273,4.55818181818182,27.0654545454545,4.57636363636364,28.7181818181818,-2.03903768712824,4.81339906779203,0.889890909090909,0.872381818181818,0.862545454545455
70880,38540,32340,0.732598099746508,0.705754911416688,0.701142336951442,37,31.5709090909091,31.4290909090909,5.19272727272727,29.8545454545455,4.45818181818182,27.1490909090909,4.49090909090909,28.8545454545455,-2.04932260838422,4.83212894634767,0.889890909090909,0.872381818181818,0.862545454545455
71448,38805,32643,0.732150761397682,0.705664566477327,0.700934867772716,37.0654545454545,31.4781818181818,31.4563636363636,5.10181818181818,29.9581818181818,4.33090909090909,27.22,4.39272727272727,28.9963636363636,-2.05207986669107,4.89665467739105,0.889890909090909,0.872381818181818,0.862545454545455
72050,39105,32945,0.731663620139947,0.70494844230792,0.700223086316152,37.1272727272727,31.4018181818182,31.4709090909091,5.01818181818182,30.04,4.23272727272727,27.2818181818182,4.29090909090909,29.1363636363636,-2.05103193575686,4.95503632372076,0.889890909090909,0.872381818181818,0.862545454545455
72727,39422,33305,0.731153291556046,0.704398868040801,0.699674916586146,37.1709090909091,31.3290909090909,31.5,4.92545454545455,30.1327272727273,4.10545454545455,27.4072727272727,4.16,29.2690909090909,-2.04833123846488,5.03809289065274,0.889890909090909,0.872381818181818,0.862545454545455
73234,39682,33552,0.73056021637147,0.704102814656308,0.698940072261233,37.2109090909091,31.2872727272727,31.5018181818182,4.84363636363636,30.2145454545455,3.98,27.4945454545455,4.06363636363636,29.4036363636364,-2.0469510381872,5.07105928659439,0.889890909090909,0.872381818181818,0.862545454545455
73832,39955,33877,0.729855303366982,0.703117492547991,0.698040567824664,37.2890909090909,31.2345454545455,31.4763636363636,4.75454545454545,30.2927272727273,3.87272727272727,27.62,3.92727272727273,29.5327272727273,-2.04532033963637,5.14543208317323,0.889890909090909,0.872381818181818,0.862545454545455
74199,40237,33962,0.729128602402115,0.702058145774533,0.697013239854124,37.4054545454546,31.1127272727273,31.4818181818182,4.67454545454545,30.3418181818182,3.81818181818182,27.6781818181818,3.87454545454546,29.6127272727273,-2.04002051624385,5.13596336841583,0.889890909090909,0.872381818181818,0.862545454545455
74624,40528,34096,0.728595978727917,0.701129132248794,0.696282971010559,37.5327272727273,30.9581818181818,31.5090909090909,4.60181818181818,30.4072727272727,3.71636363636364,27.7381818181818,3.80727272727273,29.7290909090909,-2.03384350700812,5.13405685641549,0.889890909090909,0.872381818181818,0.862545454545455
75097,40851,34246,0.727671434079286,0.70071371948909,0.695532179581536,37.5618181818182,30.9781818181818,31.46,4.55454545454545,30.4381818181818,3.64363636363636,27.7890909090909,3.78545454545455,29.7890909090909,-2.02487268068574,5.14082205945795,0.889890909090909,0.872381818181818,0.862545454545455
75553,41141,34412,0.726735522332163,0.699824367250993,0.694742121224266,37.6490909090909,30.9163636363636,31.4345454545455,4.48181818181818,30.5018181818182,3.58909090909091,27.84,3.65454545454546,29.9327272727273,-2.01681744347919,5.1503763588992,0.889890909090909,0.872381818181818,0.862545454545455
76049,41420,34629,0.726187557681421,0.698880139824142,0.6940473379252,37.7836363636364,30.7727272727273,31.4436363636364,4.41454545454545,30.5581818181818,3.49090909090909,27.9309090909091,3.57090909090909,30.0345454545455,-2.01095751740716,5.18546366258101,0.889890909090909,0.872381818181818,0.862545454545455
76628,41795,34833,0.725609350294152,0.698592506001555,0.693188327113313,37.8854545454545,30.6690909090909,31.4454545454545,4.34727272727273,30.6345454545455,3.37272727272727,27.9654545454545,3.54,30.14,-1.99547433690591,5.2091913244941,0.889890909090909,0.872381818181818,0.862545454545455
77041,42134,34907,0.724660723756595,0.69779658709435,0.691921516068606,37.9418181818182,30.6309090909091,31.4272727272727,4.28545454545455,30.6654545454545,3.31272727272727,28.0290909090909,3.47454545454545,30.2327272727273,-1.98234679157084,5.18629855242642,0.889890909090909,0.872381818181818,0.862545454545455
77629,42536,35093,0.724278635408931,0.696771909421708,0.691043523308862,38.0618181818182,30.5436363636364,31.3945454545455,4.20545454545455,30.7290909090909,3.24545454545455,28.0454545454545,3.39818181818182,30.3763636363636,-1.96563216610388,5.21148744713176,0.889890909090909,0.872381818181818,0.862545454545455
78143,42871,35272,0.723476210764494,0.695816717604682,0.689996145109382,38.1509090909091,30.5,31.3490909090909,4.13454545454545,30.8054545454545,3.15818181818182,28.0654545454545,3.36181818181818,30.4745454545455,-1.9533213108778,5.23909912109375,0.889890909090909,0.872381818181818,0.862545454545455
78658,43207,35451,0.722942536969724,0.694660272502107,0.688970367265273,38.2545454545455,30.4454545454545,31.3,4.06545454545455,30.8327272727273,3.09636363636364,28.1309090909091,3.27636363636364,30.5981818181818,-1.94118279164488,5.25583484172821,0.889890909090909,0.872381818181818,0.862545454545455
79219,43599,35620,0.722209346683297,0.694358937411572,0.688218489054749,38.2745454545455,30.4,31.3254545454545,4.02545454545455,30.8636363636364,3.03636363636364,28.1454545454545,3.24909090909091,30.68,-1.92222004288977,5.27870069417087,0.889890909090909,0.872381818181818,0.862545454545455
79696,43933,35763,0.721272463712559,0.693082282993229,0.687207179669809,38.3472727272727,30.3345454545455,31.3181818181818,3.96,30.9145454545455,2.94,28.2036363636364,3.16909090909091,30.8127272727273,-1.90700455443426,5.28388889919628,0.889890909090909,0.872381818181818,0.862545454545455
80165,44304,35861,0.720522311949939,0.691641275804668,0.685966935419592,38.4145454545455,30.3290909090909,31.2563636363636,3.91272727272727,30.9363636363636,2.87272727272727,28.2690909090909,3.06545454545454,30.9436363636364,-1.8899255451831,5.27122842615301,0.889890909090909,0.872381818181818,0.862545454545455
80641,44671,35970,0.719593368502355,0.690777072659236,0.684590782642019,38.5218181818182,30.2872727272727,31.1909090909091,3.86181818181818,30.9781818181818,2.81272727272727,28.2672727272727,3.02363636363636,31.0563636363636,-1.87020521326499,5.25908622524955,0.889890909090909,0.872381818181818,0.862545454545455
81241,45068,36173,0.718964093158852,0.68984430311802,0.683511315466578,38.6072727272727,30.2654545454545,31.1272727272727,3.81090909090909,31.0145454545455,2.73818181818182,28.2818181818182,3.00181818181818,31.1527272727273,-1.84622552990913,5.28231024308638,0.889890909090909,0.872381818181818,0.862545454545455
81770,45401,36369,0.71815124026704,0.688339419292643,0.682584898783343,38.7563636363636,30.1563636363636,31.0872727272727,3.75636363636364,31.0490909090909,2.64363636363636,28.3527272727273,2.92909090909091,31.2690909090909,-1.82657975662838,5.30628157528964,0.889890909090909,0.872381818181818,0.862545454545455
82250,45776,36474,0.717538208303241,0.686987458082527,0.681356494313022,38.8145454545455,30.1127272727273,31.0727272727273,3.70909090909091,31.0654545454545,2.60363636363636,28.38,2.88363636363636,31.3581818181818,-1.80645807466724,5.30775392489,0.889890909090909,0.872381818181818,0.862545454545455
82772,46192,36580,0.716493106992428,0.685747940886635,0.680506810229968,38.8909090909091,30.0690909090909,31.04,3.66,31.1036363636364,2.52545454545455,28.4472727272727,2.83272727272727,31.4309090909091,-1.78243109746413,5.29748251654885,0.889890909090909,0.872381818181818,0.862545454545455
83374,46570,36804,0.715915527202381,0.684667706920688,0.679552108312629,38.9654545454545,30.0109090909091,31.0236363636364,3.60727272727273,31.1472727272727,2.46727272727273,28.4527272727273,2.79454545454545,31.5309090909091,-1.75820130732926,5.33427476015958,0.889890909090909,0.872381818181818,0.862545454545455
83899,47002,36897,0.715259581125651,0.682987532929572,0.678468209940851,39.1145454545455,29.8472727272727,31.0381818181818,3.55454545454545,31.2018181818182,2.39272727272727,28.4581818181818,2.76181818181818,31.6309090909091,-1.73164472092282,5.32469491308386,0.889890909090909,0.872381818181818,0.862545454545455
84362,47353,37009,0.714391642958255,0.681190309436313,0.677721757688412,39.2072727272727,29.7581818181818,31.0345454545455,3.52,31.2327272727273,2.31454545454545,28.4745454545455,2.72,31.7381818181818,-1.70996084836396,5.31953076882796,0.889890909090909,0.872381818181818,0.862545454545455
84847,47760,37087,0.713355653682149,0.679864782552752,0.676193522320686,39.3181818181818,29.6436363636364,31.0381818181818,3.47090909090909,31.2363636363636,2.30363636363636,28.4818181818182,2.66727272727273,31.84,-1.68867377015677,5.3084504105828,0.889890909090909,0.872381818181818,0.862545454545455
85226,48146,37080,0.712537086902737,0.678245038048225,0.675107691726162,39.4418181818182,29.52,31.0381818181818,3.42909090909091,31.2763636363636,2.28181818181818,28.4781818181818,2.58909090909091,31.9454545454545,-1.66294786496596,5.26667793880809,0.889890909090909,0.872381818181818,0.862545454545455
85666,48488,37178,0.711364966513721,0.67627301186947,0.674215874721841,39.5127272727273,29.4472727272727,31.04,3.38363636363636,31.3181818181818,2.24181818181818,28.4581818181818,2.53818181818182,32.06,-1.64323126104745,5.26386557058855,0.889890909090909,0.872381818181818,0.862545454545455
86336,48918,37418,0.71037718719855,0.674607560132737,0.672888052527715,39.6727272727273,29.2781818181818,31.0490909090909,3.34545454545454,31.3509090909091,2.18545454545455,28.5,2.40545454545455,32.2127272727273,-1.61471424238248,5.29930278171193,0.889890909090909,0.872381818181818,0.862545454545455
86848,49311,37537,0.709691310730711,0.673440636860434,0.671466353303733,39.7363636363636,29.2163636363636,31.0472727272727,3.30909090909091,31.3490909090909,2.16181818181818,28.5436363636364,2.30363636363636,32.3327272727273,-1.58843660625544,5.29540276310661,0.889890909090909,0.872381818181818,0.862545454545455
87293,49675,37618,0.708960070768685,0.671387151863618,0.670385632512889,39.8090909090909,29.1509090909091,31.04,3.27454545454545,31.3927272727273,2.09272727272727,28.5563636363636,2.29090909090909,32.3927272727273,-1.56720563552596,5.28417538512837,0.889890909090909,0.872381818181818,0.862545454545455
87805,50096,37709,0.707773140530514,0.669088088075539,0.669554360253764,39.8872727272727,29.0563636363636,31.0563636363636,3.23818181818182,31.4163636363636,2.05272727272727,28.5472727272727,2.24727272727273,32.4981818181818,-1.53846607695926,5.27327909903093,0.889890909090909,0.872381818181818,0.862545454545455
88130,50510,37620,0.706404753560895,0.667412006126769,0.668398973984372,39.9763636363636,28.9909090909091,31.0327272727273,3.2,31.4,2.02181818181818,28.5581818181818,2.23272727272727,32.5872727272727,-1.51046002940698,5.19931476332925,0.889890909090909,0.872381818181818,0.862545454545455
88606,50930,37676,0.704980465823983,0.666486758443679,0.667210726578956,40.0418181818182,28.9672727272727,30.9909090909091,3.15636363636364,31.4163636363636,1.98,28.5618181818182,2.20545454545455,32.68,-1.4812419178811,5.18009598688646,0.889890909090909,0.872381818181818,0.862545454545455
89086,51322,37764,0.704220911019453,0.664787483267434,0.665960279475373,40.1218181818182,28.9345454545455,30.9436363636364,3.12,31.4327272727273,1.91454545454545,28.5690909090909,2.17272727272727,32.7909090909091,-1.45454818199981,5.1707619862123,0.889890909090909,0.872381818181818,0.862545454545455
89604,51792,37812,0.703235997195084,0.662791613027097,0.66459986925194,40.2163636363636,28.8290909090909,30.9545454545455,3.06727272727273,31.4109090909091,1.91636363636364,28.56,2.14909090909091,32.8963636363636,-1.41892436390573,5.15644635287198,0.889890909090909,0.872381818181818,0.862545454545455
90061,52227,37834,0.701652009812416,0.661147541898112,0.663689709173544,40.2618181818182,28.7345454545455,31.0036363636364,3.02545454545455,31.4018181818182,1.92909090909091,28.5454545454545,2.07272727272727,33.0254545454545,-1.38380701216784,5.11886127862063,0.889890909090909,0.872381818181818,0.862545454545455
90651,52685,37966,0.70070778069297,0.659814280326155,0.662736330801489,40.3545454545455,28.6490909090909,30.9963636363636,2.98181818181818,31.4090909090909,1.88181818181818,28.5545454545455,2.05272727272727,33.12,-1.35032100731676,5.12879313772375,0.889890909090909,0.872381818181818,0.862545454545455
91383,53130,38253,0.699835192669293,0.65899855705301,0.66147326506746,40.4690909090909,28.5672727272727,30.9636363636364,2.95636363636364,31.3927272727273,1.87636363636364,28.5418181818182,1.99090909090909,33.2418181818182,-1.31713942587376,5.18528251431205,0.889890909090909,0.872381818181818,0.862545454545455
91852,53560,38292,0.698442844164244,0.657148854408046,0.66007091552025,40.5127272727273,28.5490909090909,30.9381818181818,2.93636363636364,31.4272727272727,1.80545454545455,28.4981818181818,1.98545454545455,33.3472727272727,-1.28325669088147,5.15219419002533,0.889890909090909,0.872381818181818,0.862545454545455
92302,53956,38346,0.697628947945478,0.655089427213226,0.658988172806127,40.5654545454545,28.5254545454545,30.9090909090909,2.89818181818182,31.4436363636364,1.77272727272727,28.4472727272727,1.98727272727273,33.4509090909091,-1.25649512897838,5.13125145435333,0.889890909090909,0.872381818181818,0.862545454545455
93022,54434,38588,0.696895801820036,0.654241956976404,0.657991967442374,40.6127272727273,28.4527272727273,30.9345454545455,2.85818181818182,31.4690909090909,1.72181818181818,28.44,1.93636363636364,33.5745454545455,-1.21963038932193,5.15619767145677,0.889890909090909,0.872381818181818,0.862545454545455
93545,54854,38691,0.696216818295544,0.652299184195995,0.657074554775966,40.7290909090909,28.3418181818182,30.9290909090909,2.82727272727273,31.4927272727273,1.70181818181818,28.4181818181818,1.87818181818182,33.6818181818182,-1.19066099700603,5.14783754132011,0.889890909090909,0.872381818181818,0.862545454545455
94089,55253,38836,0.695255584819467,0.651267563622815,0.656223885168548,40.8163636363636,28.2963636363636,30.8872727272727,2.78545454545455,31.5672727272727,1.65090909090909,28.3727272727273,1.86363636363636,33.76,-1.15837218720805,5.15228892673146,0.889890909090909,0.872381818181818,0.862545454545455
94592,55625,38967,0.694259173818391,0.649937418816107,0.655080804134109,40.9,28.2363636363636,30.8636363636364,2.76,31.5945454545455,1.63454545454545,28.3436363636364,1.8,33.8672727272727,-1.13086993138898,5.15458470691334,0.889890909090909,0.872381818181818,0.862545454545455
94971,55973,38998,0.693639339950338,0.649188822486333,0.653724656484673,40.9745454545455,28.22,30.8054545454545,2.71636363636364,31.6690909090909,1.62909090909091,28.26,1.76363636363636,33.9618181818182,-1.10605330440131,5.12772484475916,0.889890909090909,0.872381818181818,0.862545454545455
95355,56345,39010,0.692495256920322,0.64801859900194,0.652330530659277,41.0527272727273,28.1545454545455,30.7927272727273,2.68545454545455,31.7218181818182,1.61090909090909,28.2163636363636,1.69272727272727,34.0727272727273,-1.0799777647311,5.10010034604506,0.889890909090909,0.872381818181818,0.862545454545455
95751,56687,39064,0.691654077657895,0.645736781272194,0.651416863739596,41.1381818181818,28.0927272727273,30.7690909090909,2.64909090909091,31.8127272727273,1.54545454545455,28.1636363636364,1.64909090909091,34.18,-1.0562623178417,5.07091676538641,0.889890909090909,0.872381818181818,0.862545454545455
96149,57092,39057,0.690786170202509,0.644559657152885,0.650341566242347,41.2509090909091,28.0218181818182,30.7272727272727,2.63090909090909,31.8836363636364,1.50909090909091,28.1236363636364,1.60727272727273,34.2454545454545,-1.02621978399428,5.02841823101044,0.889890909090909,0.872381818181818,0.862545454545455
96731,57473,39258,0.689651240531518,0.643408079476917,0.649199646729792,41.3581818181818,27.9290909090909,30.7127272727273,2.60181818181818,31.9690909090909,1.45454545454545,28.0636363636364,1.58727272727273,34.3236363636364,-0.997798536176031,5.05247571468353,0.889890909090909,0.872381818181818,0.862545454545455
97175,57837,39338,0.689268334506882,0.641849586461311,0.647699502979465,41.4490909090909,27.8672727272727,30.6836363636364,2.58,32.0309090909091,1.42,28.0054545454545,1.58181818181818,34.3818181818182,-0.968172884393822,5.03990947766737,0.889890909090909,0.872381818181818,0.862545454545455
97623,58180,39443,0.688281878583829,0.640770988274052,0.646789475728692,41.5309090909091,27.8309090909091,30.6381818181818,2.55818181818182,32.0836363636364,1.36909090909091,27.9618181818182,1.59272727272727,34.4345454545455,-0.942823141813278,5.03764555670998,0.889890909090909,0.872381818181818,0.862545454545455
98042,58533,39509,0.687246011893478,0.638993335492714,0.645546169361398,41.6436363636364,27.7672727272727,30.5890909090909,2.51090909090909,32.1472727272727,1.38363636363636,27.8981818181818,1.52181818181818,34.5381818181818,-0.917500840669328,5.02670653950084,0.889890909090909,0.872381818181818,0.862545454545455
98600,58898,39702,0.686418135643034,0.637849949229996,0.644092000988666,41.7309090909091,27.7272727272727,30.5418181818182,2.48,32.2418181818182,1.33454545454545,27.8381818181818,1.45272727272727,34.6527272727273,-0.890355971184644,5.03760172453794,0.889890909090909,0.872381818181818,0.862545454545455
98961,59235,39726,0.685470148440799,0.636400609078474,0.642649939413109,41.8181818181818,27.6854545454545,30.4963636363636,2.44545454545455,32.3236363636364,1.34363636363636,27.7345454545455,1.43636363636364,34.7163636363636,-0.865805026617917,5.01065255837007,0.889890909090909,0.872381818181818,0.862545454545455
99430,59561,39869,0.684705143873125,0.634727810192727,0.641586425781366,41.9036363636364,27.6618181818182,30.4345454545455,2.42,32.4090909090909,1.25454545454545,27.72,1.38545454545455,34.8109090909091,-0.842917869578708,5.01271830797195,0.889890909090909,0.872381818181818,0.862545454545455
99891,59875,40016,0.68388699455015,0.633761802625564,0.640452395601153,41.9654545454545,27.6363636363636,30.3981818181818,2.38727272727273,32.5218181818182,1.2,27.6509090909091,1.34,34.9,-0.818392843143506,5.00595544685017,0.889890909090909,0.872381818181818,0.862545454545455
100342,60161,40181,0.683185930301126,0.633474276810719,0.639953708110603,42.0254545454545,27.6145454545455,30.36,2.34909090909091,32.5909090909091,1.20181818181818,27.5545454545455,1.34,34.9636363636364,-0.79690336801789,5.02191658236764,0.889890909090909,0.872381818181818,0.862545454545455
100756,60457,40299,0.682325840080562,0.632722526311361,0.639069494456805,42.0545454545455,27.6363636363636,30.3090909090909,2.31636363636364,32.6527272727273,1.17818181818182,27.5,1.31272727272727,35.04,-0.776899608969688,5.01557709628885,0.889890909090909,0.872381818181818,0.862545454545455
101138,60746,40392,0.681744002548892,0.631227108896148,0.638457107349767,42.0981818181818,27.6090909090909,30.2927272727273,2.28727272727273,32.7127272727273,1.16727272727273,27.4236363636364,1.27454545454545,35.1345454545455,-0.758833666687662,4.99596206708388,0.889890909090909,0.872381818181818,0.862545454545455
101500,61041,40459,0.680992257776595,0.630128227156294,0.637166337560939,42.1763636363636,27.6072727272727,30.2163636363636,2.27090909090909,32.7490909090909,1.14,27.3963636363636,1.24363636363636,35.2,-0.734106784246185,4.96980687488209,0.889890909090909,0.872381818181818,0.862545454545455
101956,61358,40598,0.680212357145771,0.628836636212062,0.636264032146248,42.2527272727273,27.5636363636364,30.1836363636364,2.23272727272727,32.8254545454545,1.11272727272727,27.3272727272727,1.19636363636364,35.3054545454545,-0.708884952352806,4.96842762665315,0.889890909090909,0.872381818181818,0.862545454545455
102304,61600,40704,0.679754165505298,0.627858566397879,0.635228316464597,42.3290909090909,27.5218181818182,30.1490909090909,2.19636363636364,32.9163636363636,1.09272727272727,27.2309090909091,1.16181818181818,35.4018181818182,-0.692769202048128,4.95565842715177,0.889890909090909,0.872381818181818,0.862545454545455
102860,61876,40984,0.679111097290175,0.626505859495094,0.634173993465783,42.3927272727273,27.4618181818182,30.1454545454545,2.16363636363636,33.0072727272727,1.03818181818182,27.1327272727273,1.18181818181818,35.4763636363636,-0.671196394075047,5.01305422566154,0.889890909090909,0.872381818181818,0.862545454545455
103350,62135,41215,0.678762156884533,0.625389885162226,0.633232733646012,42.4418181818182,27.4545454545455,30.1036363636364,2.11636363636364,33.0927272727273,0.996363636363636,27.0672727272727,1.13454545454545,35.5927272727273,-0.651543337276036,5.03307484171607,0.889890909090909,0.872381818181818,0.862545454545455
103763,62363,41400,0.678270589434107,0.625052425044339,0.632461283634445,42.4781818181818,27.4745454545455,30.0472727272727,2.08363636363636,33.1690909090909,0.958181818181818,26.9545454545455,1.17272727272727,35.6618181818182,-0.634704603999853,5.04332063306462,0.889890909090909,0.872381818181818,0.862545454545455
104351,62653,41698,0.677856410144985,0.62424122176159,0.632039544786649,42.5490909090909,27.4454545454545,30.0054545454545,2.04363636363636,33.2290909090909,0.952727272727273,26.8836363636364,1.12181818181818,35.7690909090909,-0.613033371283249,5.08340591300618,0.889890909090909,0.872381818181818,0.862545454545455
104673,62886,41787,0.677187549585839,0.623319588432461,0.631116519127275,42.5981818181818,27.4581818181818,29.9436363636364,2.00545454545455,33.2909090909091,0.945454545454545,26.8054545454545,1.07636363636364,35.8763636363636,-0.59612018736926,5.05273782556707,0.889890909090909,0.872381818181818,0.862545454545455
105136,63127,42009,0.676736310125976,0.622510303432172,0.630668019097995,42.62,27.4727272727273,29.9072727272727,1.97454545454545,33.3218181818182,0.963636363636364,26.7345454545455,1.01636363636364,35.9890909090909,-0.577198758585887,5.08511817021803,0.889890909090909,0.872381818181818,0.862545454545455
105438,63339,42099,0.67592149996707,0.622304923991285,0.629697284638723,42.6436363636364,27.5181818181818,29.8381818181818,1.92727272727273,33.4127272727273,0.943636363636364,26.6563636363636,0.98,36.08,-0.56171784163876,5.06657813570716,0.889890909090909,0.872381818181818,0.862545454545455
105600,63544,42056,0.675246252040458,0.621453757133092,0.628632189033616,42.6763636363636,27.5454545454545,29.7781818181818,1.89454545454545,33.5,0.872727272727273,26.5727272727273,0.974545454545454,36.1854545454545,-0.544971216571602,5.00124763141979,0.889890909090909,0.872381818181818,0.862545454545455
106016,63773,42243,0.674181823530943,0.621420226785383,0.62826342711875,42.6618181818182,27.5890909090909,29.7490909090909,1.86181818181818,33.5690909090909,0.856363636363636,26.4945454545455,0.912727272727273,36.3054545454546,-0.527454544942487,4.99011346318505,0.889890909090909,0.872381818181818,0.862545454545455
106360,63965,42395,0.67352215274956,0.620823805681926,0.627573871878002,42.7072727272727,27.5890909090909,29.7036363636364,1.84,33.6109090909091,0.832727272727273,26.4018181818182,0.885454545454545,36.4290909090909,-0.512876756489277,4.98120340000499,0.889890909090909,0.872381818181818,0.862545454545455
106581,64163,42418,0.672991438188609,0.619951868972781,0.626772514683968,42.7290909090909,27.5890909090909,29.6818181818182,1.82,33.6545454545455,0.821818181818182,26.3,0.869090909090909,36.5345454545455,-0.49832523688674,4.93845766566016,0.889890909090909,0.872381818181818,0.862545454545455
106758,64354,42404,0.672215462466535,0.619104865516853,0.626067615550075,42.7254545454545,27.6309090909091,29.6436363636364,1.80181818181818,33.6818181818182,0.838181818181818,26.1454545454545,0.9,36.6327272727273,-0.48455700725317,4.89682391881943,0.889890909090909,0.872381818181818,0.862545454545455
107059,64494,42565,0.671638755567207,0.618656309284451,0.625303495545495,42.7381818181818,27.6472727272727,29.6145454545455,1.76909090909091,33.7618181818182,0.807272727272727,26.0109090909091,0.9,36.7509090909091,-0.474132619730451,4.89497675462203,0.889890909090909,0.872381818181818,0.862545454545455
107371,64668,42703,0.671123404277721,0.617879469817646,0.62487430173116,42.7509090909091,27.6545454545455,29.5945454545455,1.74909090909091,33.8145454545455,0.76,25.9345454545455,0.843636363636364,36.8981818181818,-0.460450976612893,4.88688917376778,0.889890909090909,0.872381818181818,0.862545454545455
107603,64839,42764,0.67054295837062,0.617065848588742,0.624403786861322,42.7890909090909,27.6454545454545,29.5654545454545,1.73090909090909,33.8418181818182,0.772727272727273,25.8018181818182,0.845454545454545,37.0072727272727,-0.447654773769054,4.86814361485568,0.889890909090909,0.872381818181818,0.862545454545455
107837,64994,42843,0.669798531667428,0.617020284805163,0.623439430041013,42.7927272727273,27.6945454545455,29.5127272727273,1.71090909090909,33.8763636363636,0.76,25.6545454545455,0.838181818181818,37.16,-0.436085462096063,4.84165666753595,0.889890909090909,0.872381818181818,0.862545454545455
108208,65184,43024,0.669615615150504,0.615792977083111,0.622993007987062,42.8527272727273,27.6418181818182,29.5054545454545,1.68727272727273,33.9454545454545,0.718181818181818,25.5436363636364,0.789090909090909,37.3163636363636,-0.422422867844051,4.82727236747742,0.889890909090909,0.872381818181818,0.862545454545455
108391,65340,43051,0.669254718407627,0.614538133803335,0.622659318893129,42.9,27.5890909090909,29.5109090909091,1.66909090909091,33.9818181818182,0.707272727272727,25.3818181818182,0.816363636363636,37.4436363636364,-0.409350328553807,4.79188200018623,0.889890909090909,0.872381818181818,0.862545454545455
108529,65451,43078,0.668779706204692,0.613846739660724,0.622236364906996,42.9363636363636,27.5472727272727,29.5163636363636,1.62909090909091,34.0327272727273,0.72,25.2581818181818,0.787272727272727,37.5727272727273,-0.402257263694297,4.75946891416203,0.889890909090909,0.872381818181818,0.862545454545455
108846,65598,43248,0.668366121137581,0.613451544131094,0.621919040570297,42.9545454545455,27.5272727272727,29.5181818181818,1.61090909090909,34.0763636363636,0.72,25.1054545454545,0.801818181818182,37.6854545454545,-0.392597531425682,4.759259511124,0.889890909090909,0.872381818181818,0.862545454545455
109016,65723,43293,0.667907818392026,0.613294410211438,0.621367483529554,42.9563636363636,27.5181818181818,29.5254545454545,1.58545454545455,34.1,0.687272727272727,25.0472727272727,0.76,37.82,-0.384498593617569,4.71097573692148,0.889890909090909,0.872381818181818,0.862545454545455
109139,65823,43316,0.667695360051664,0.612685300031181,0.620840527161521,42.9836363636364,27.5254545454545,29.4909090909091,1.56363636363636,34.1363636363636,0.692727272727273,24.9345454545455,0.725454545454545,37.9472727272727,-0.378209408440373,4.67387491356243,0.889890909090909,0.872381818181818,0.862545454545455
109499,65957,43542,0.667400236956008,0.611811231932872,0.620822275600027,43.0036363636364,27.5054545454545,29.4909090909091,1.54181818181818,34.1763636363636,0.656363636363636,24.8854545454545,0.645454545454546,38.0945454545455,-0.367676871676337,4.66667616475712,0.889890909090909,0.872381818181818,0.862545454545455
109653,66090,43563,0.666553103994639,0.61160270595956,0.620292740173817,43,27.5436363636364,29.4563636363636,1.52545454545455,34.2018181818182,0.616363636363636,24.8018181818182,0.698181818181818,38.1563636363636,-0.359824142638933,4.62579504901713,0.889890909090909,0.872381818181818,0.862545454545455
109814,66182,43632,0.66623107748259,0.611356269236829,0.619956998806781,43.0109090909091,27.5545454545455,29.4345454545455,1.5,34.2509090909091,0.552727272727273,24.7454545454545,0.696363636363636,38.2545454545455,-0.353473963893273,4.59102503657341,0.889890909090909,0.872381818181818,0.862545454545455
109839,66278,43561,0.665654145220149,0.610640882821323,0.619803047627381,42.9981818181818,27.5581818181818,29.4436363636364,1.47636363636364,34.2690909090909,0.538181818181818,24.6363636363636,0.723636363636364,38.3563636363636,-0.346627297692678,4.52225487286394,0.889890909090909,0.872381818181818,0.862545454545455
110211,66382,43829,0.665498714825754,0.610275849333106,0.61959302285257,43.0163636363636,27.5309090909091,29.4527272727273,1.45454545454545,34.2654545454545,0.572727272727273,24.5363636363636,0.68,38.4909090909091,-0.338641734421253,4.54840373559432,0.889890909090909,0.872381818181818,0.862545454545455
110426,66476,43950,0.665285149469239,0.610029193294351,0.619127441363328,43.0272727272727,27.5327272727273,29.44,1.43090909090909,34.2945454545455,0.565454545454545,24.4309090909091,0.698181818181818,38.58,-0.332395875183019,4.54598343318159,0.889890909090909,0.872381818181818,0.862545454545455
110648,66574,44074,0.665027237385402,0.609367245603616,0.619029615345293,43.0290909090909,27.5127272727273,29.4581818181818,1.41818181818182,34.2690909090909,0.607272727272727,24.3418181818182,0.676363636363636,38.6872727272727,-0.325192438066006,4.54406835328449,0.889890909090909,0.872381818181818,0.862545454545455
110608,66643,43965,0.664535299244537,0.608932409081842,0.618732569493532,43.02,27.5181818181818,29.4618181818182,1.40181818181818,34.28,0.592727272727273,24.2836363636364,0.656363636363636,38.7854545454545,-0.32044750448655,4.46461375409907,0.889890909090909,0.872381818181818,0.862545454545455
110678,66695,43983,0.664099085732634,0.608626209469298,0.618244132752926,43.0109090909091,27.5454545454545,29.4436363636364,1.39090909090909,34.3145454545455,0.569090909090909,24.2072727272727,0.627272727272727,38.8909090909091,-0.31663866286928,4.42470561103387,0.889890909090909,0.872381818181818,0.862545454545455
110756,66781,43975,0.663792711605668,0.608129643718563,0.617877303971384,43.0109090909091,27.5363636363636,29.4527272727273,1.36181818181818,34.3454545454545,0.56,24.1363636363636,0.627272727272727,38.9690909090909,-0.309311829354953,4.38490713509646,0.889890909090909,0.872381818181818,0.862545454545455
111014,66829,44185,0.663589135321575,0.607968577834367,0.617525446798251,43.0109090909091,27.5272727272727,29.4618181818182,1.34727272727273,34.3545454545455,0.552727272727273,24.0963636363636,0.569090909090909,39.08,-0.305353453636847,4.38813186883926,0.889890909090909,0.872381818181818,0.862545454545455
111173,66896,44277,0.663262904576893,0.607825116778608,0.617406600242374,43.0127272727273,27.5327272727273,29.4545454545455,1.33636363636364,34.3581818181818,0.530909090909091,24.0654545454545,0.550909090909091,39.1581818181818,-0.300001595982096,4.3816691133109,0.889890909090909,0.872381818181818,0.862545454545455
111406,67001,44405,0.663152824166249,0.607584351463397,0.61706963979377,43.0163636363636,27.54,29.4436363636364,1.32,34.38,0.527272727272727,23.9909090909091,0.54,39.2418181818182,-0.291005512039092,4.37268760095943,0.889890909090909,0.872381818181818,0.862545454545455
111495,67068,44427,0.662914567841422,0.607464244528454,0.616950192215227,43.0254545454545,27.5109090909091,29.4636363636364,1.30545454545455,34.3909090909091,0.510909090909091,23.9309090909091,0.545454545454545,39.3163636363636,-0.286615484241735,4.35856779813767,0.889890909090909,0.872381818181818,0.862545454545455
111457,67144,44313,0.662815402363828,0.606909479425906,0.616719073124286,43.0327272727273,27.5,29.4672727272727,1.29090909090909,34.3963636363636,0.527272727272727,23.8709090909091,0.516363636363636,39.3981818181818,-0.283135321668603,4.29718132398345,0.889890909090909,0.872381818181818,0.862545454545455
111624,67211,44413,0.662088246204178,0.607126772831773,0.616338194491815,43.0090909090909,27.5236363636364,29.4672727272727,1.28,34.4254545454545,0.498181818181818,23.7763636363636,0.54,39.48,-0.277182146466591,4.29182192520662,0.889890909090909,0.872381818181818,0.862545454545455
111675,67270,44405,0.661914549928614,0.606674175521451,0.616144159693078,43.0090909090909,27.5090909090909,29.4818181818182,1.25818181818182,34.4581818181818,0.474545454545455,23.7309090909091,0.521818181818182,39.5563636363636,-0.273025309091265,4.24608706561002,0.889890909090909,0.872381818181818,0.862545454545455
111739,67329,44410,0.661672536302021,0.606201988171556,0.616018583633862,43,27.5,29.5,1.25090909090909,34.4690909090909,0.465454545454546,23.6472727272727,0.523636363636364,39.6436363636364,-0.269849618084051,4.21836562373421,0.889890909090909,0.872381818181818,0.862545454545455
111924,67405,44519,0.661534137767307,0.606195204374128,0.61560048527444,42.9890909090909,27.5018181818182,29.5090909090909,1.24363636363636,34.4672727272727,0.454545454545454,23.6254545454545,0.481818181818182,39.7272727272727,-0.263376132127914,4.19908260811459,0.889890909090909,0.872381818181818,0.862545454545455
112027,67439,44588,0.661274617323741,0.605953943133285,0.615513591828545,42.9818181818182,27.5109090909091,29.5072727272727,1.23636363636364,34.4527272727273,0.456363636363636,23.5981818181818,0.458181818181818,39.7981818181818,-0.26206318275495,4.18724761009216,0.889890909090909,0.872381818181818,0.862545454545455
111983,67486,44497,0.66107315708509,0.605341646875784,0.615293541452894,42.9854545454545,27.5090909090909,29.5054545454545,1.22545454545455,34.4418181818182,0.474545454545455,23.5345454545455,0.449090909090909,39.8745454545455,-0.258901716701009,4.1233871855519,0.889890909090909,0.872381818181818,0.862545454545455
112075,67578,44497,0.660825877398918,0.604962214605561,0.615090015645291,42.9981818181818,27.4981818181818,29.5036363636364,1.22,34.4436363636364,0.449090909090909,23.5181818181818,0.449090909090909,39.92,-0.252459847774695,4.08410387147557,0.889890909090909,0.872381818181818,0.862545454545455
112336,67630,44706,0.660702950798788,0.604990222720495,0.614932708751846,42.9927272727273,27.5090909090909,29.4981818181818,1.20909090909091,34.44,0.441818181818182,23.4709090909091,0.438181818181818,40,-0.248381557213989,4.10221692052755,0.889890909090909,0.872381818181818,0.862545454545455
112226,67678,44548,0.660423830975285,0.604558478905905,0.6147782215165,42.9981818181818,27.5,29.5018181818182,1.20363636363636,34.4218181818182,0.441818181818182,23.4381818181818,0.412727272727273,40.0818181818182,-0.24439870886166,4.02608509226279,0.889890909090909,0.872381818181818,0.862545454545455
112186,67711,44475,0.66026942526561,0.604089983501742,0.614721098794241,43.0127272727273,27.4836363636364,29.5036363636364,1.19454545454545,34.4054545454545,0.436363636363636,23.3945454545455,0.42,40.1490909090909,-0.24225000158291,3.9811292285269,0.889890909090909,0.872381818181818,0.862545454545455
112170,67727,44443,0.66017051751972,0.60378107443237,0.614600535573556,43.0163636363636,27.4872727272727,29.4963636363636,1.18727272727273,34.4272727272727,0.378181818181818,23.3727272727273,0.410909090909091,40.2236363636364,-0.241419535096396,3.94000797867775,0.889890909090909,0.872381818181818,0.862545454545455
112257,67775,44482,0.660079895165463,0.603684233763942,0.614626780541721,43.0236363636364,27.4872727272727,29.4890909090909,1.17818181818182,34.4163636363636,0.38,23.2909090909091,0.432727272727273,40.3018181818182,-0.238167908499864,3.91514834328131,0.889890909090909,0.872381818181818,0.862545454545455
112280,67823,44457,0.659862123324297,0.603442948030649,0.614437989011424,43.0418181818182,27.4781818181818,29.48,1.16363636363636,34.4181818181818,0.378181818181818,23.2509090909091,0.381818181818182,40.4072727272727,-0.233963339640336,3.88141581849618,0.889890909090909,0.872381818181818,0.862545454545455
112545,67883,44662,0.659834662342629,0.603312432050298,0.614336804993313,43.0654545454545,27.4527272727273,29.4818181818182,1.14545454545455,34.4345454545455,0.367272727272727,23.1890909090909,0.396363636363636,40.4672727272727,-0.229436348785054,3.90712324705991,0.889890909090909,0.872381818181818,0.862545454545455
112504,67926,44578,0.659567320150816,0.602855768729745,0.61412686357227,43.0709090909091,27.4545454545455,29.4745454545455,1.13818181818182,34.4418181818182,0.354545454545454,23.1381818181818,0.376363636363636,40.5509090909091,-0.225985849056054,3.85205795764923,0.889890909090909,0.872381818181818,0.862545454545455
112615,67959,44656,0.659382811363479,0.602719940714467,0.61408680783976,43.0709090909091,27.46,29.4690909090909,1.12909090909091,34.4345454545455,0.347272727272727,23.0945454545455,0.376363636363636,40.6181818181818,-0.224148806675591,3.84924506870183,0.889890909090909,0.872381818181818,0.862545454545455
112639,68004,44635,0.65924016637808,0.60236056809233,0.614014670118601,43.0836363636364,27.4490909090909,29.4672727272727,1.11454545454545,34.4454545454545,0.327272727272727,23.0690909090909,0.354545454545454,40.6890909090909,-0.220170900953764,3.8058761016889,0.889890909090909,0.872381818181818,0.862545454545455
112560,68045,44515,0.659072499426999,0.602088929154125,0.613890580683028,43.1036363636364,27.44,29.4563636363636,1.11090909090909,34.4490909090909,0.330909090909091,23.0054545454545,0.361818181818182,40.7418181818182,-0.217365803332491,3.76041598211635,0.889890909090909,0.872381818181818,0.862545454545455
112735,68077,44658,0.659172659817026,0.602057734866491,0.61372935513023,43.1054545454545,27.4418181818182,29.4527272727273,1.10545454545455,34.4636363636364,0.327272727272727,22.9436363636364,0.365454545454545,40.7945454545455,-0.215738070959395,3.77054293534972,0.889890909090909,0.872381818181818,0.862545454545455
112885,68124,44761,0.659176685361634,0.601722830301392,0.613699733870435,43.1236363636364,27.4236363636364,29.4527272727273,1.09636363636364,34.4563636363636,0.347272727272727,22.8890909090909,0.350909090909091,40.86,-0.211555186083371,3.76115265109322,0.889890909090909,0.872381818181818,0.862545454545455
112788,68163,44625,0.659007846705295,0.6012605180169,0.61361441082866,43.1436363636364,27.42,29.4363636363636,1.08727272727273,34.4654545454545,0.34,22.8381818181818,0.370909090909091,40.8981818181818,-0.20809077678079,3.71251121867787,0.889890909090909,0.872381818181818,0.862545454545455
112841,68182,44659,0.658873270226409,0.601346583605235,0.613435062067189,43.1490909090909,27.4272727272727,29.4236363636364,1.07636363636364,34.4890909090909,0.32,22.7963636363636,0.336363636363636,40.9818181818182,-0.207484767890789,3.68506715568629,0.889890909090909,0.872381818181818,0.862545454545455
112873,68236,44637,0.658738316253754,0.601153022948759,0.61335087361604,43.1618181818182,27.4309090909091,29.4072727272727,1.07454545454545,34.4963636363636,0.307272727272727,22.7672727272727,0.330909090909091,41.0236363636364,-0.203726066174832,3.65830608497966,0.889890909090909,0.872381818181818,0.862545454545455
112962,68276,44686,0.658646683946272,0.600950033281682,0.613310698227627,43.1745454545455,27.4181818181818,29.4072727272727,1.07454545454545,34.4890909090909,0.323636363636364,22.7327272727273,0.298181818181818,41.0818181818182,-0.199622549912469,3.63531551306898,0.889890909090909,0.872381818181818,0.862545454545455
113109,68303,44806,0.658541064447503,0.600933348345521,0.613156141788302,43.1872727272727,27.4181818181818,29.3945454545455,1.06909090909091,34.4963636363636,0.312727272727273,22.6890909090909,0.292727272727273,41.14,-0.198636808906766,3.64338562380184,0.889890909090909,0.872381818181818,0.862545454545455
113068,68325,44743,0.658376493619396,0.600708189109999,0.613141299002211,43.1981818181818,27.4163636363636,29.3854545454545,1.06,34.5072727272727,0.303636363636364,22.6163636363636,0.323636363636364,41.1890909090909,-0.197076932730323,3.61053726673126,0.889890909090909,0.872381818181818,0.862545454545455
113168,68376,44792,0.658301526063915,0.600583109776778,0.61304400623318,43.2163636363636,27.4018181818182,29.3818181818182,1.05454545454545,34.5036363636364,0.310909090909091,22.5763636363636,0.292727272727273,41.2618181818182,-0.190520804849538,3.59898893724788,0.889890909090909,0.872381818181818,0.862545454545455
113188,68393,44795,0.658134241582644,0.600839151791343,0.612729308248372,43.22,27.4218181818182,29.3581818181818,1.05454545454545,34.4909090909091,0.301818181818182,22.5272727272727,0.301818181818182,41.3236363636364,-0.191873958317394,3.58190128315579,0.889890909090909,0.872381818181818,0.862545454545455
113283,68423,44860,0.657912263382353,0.600827983172811,0.612701123846151,43.2236363636364,27.42,29.3563636363636,1.04,34.4909090909091,0.278181818181818,22.4927272727273,0.307272727272727,41.3909090909091,-0.188879553922875,3.57918141159144,0.889890909090909,0.872381818181818,0.862545454545455
113357,68456,44901,0.657931555497882,0.600661828074947,0.612587414092111,43.2436363636364,27.4054545454545,29.3509090909091,1.03272727272727,34.4727272727273,0.267272727272727,22.4654545454545,0.309090909090909,41.4527272727273,-0.18544204807417,3.56695080833002,0.889890909090909,0.872381818181818,0.862545454545455
113306,68478,44828,0.657753434143459,0.600591267849286,0.612389012115623,43.2454545454545,27.4145454545455,29.34,1.02727272727273,34.4763636363636,0.272727272727273,22.3909090909091,0.289090909090909,41.5436363636364,-0.184288346987556,3.53179930394346,0.889890909090909,0.872381818181818,0.862545454545455
113428,68510,44918,0.657690410685181,0.600199176057612,0.61249213349551,43.2618181818182,27.4,29.3381818181818,1.02,34.4836363636364,0.269090909090909,22.3490909090909,0.269090909090909,41.6090909090909,-0.181031942960214,3.53391456333074,0.889890909090909,0.872381818181818,0.862545454545455
113330,68520,44810,0.657530966367099,0.600131213088361,0.612305064226241,43.2618181818182,27.4181818181818,29.32,1.01454545454545,34.4527272727273,0.294545454545454,22.2909090909091,0.289090909090909,41.6581818181818,-0.178938673250377,3.50066855007952,0.889890909090909,0.872381818181818,0.862545454545455
113388,68536,44852,0.657519463378625,0.599914589751178,0.612179313503582,43.2727272727273,27.4109090909091,29.3163636363636,1.00909090909091,34.4709090909091,0.269090909090909,22.2345454545455,0.265454545454545,41.7509090909091,-0.177657605182718,3.47744135639884,0.889890909090909,0.872381818181818,0.862545454545455
113418,68551,44867,0.657454033485906,0.599701495115757,0.612156743407611,43.2709090909091,27.4036363636364,29.3254545454545,1.00727272727273,34.4854545454545,0.241818181818182,22.2109090909091,0.243636363636364,41.8109090909091,-0.176098629121076,3.45341110771353,0.889890909090909,0.872381818181818,0.862545454545455
113437,68568,44869,0.657469286809743,0.599771362411251,0.612068728027256,43.2763636363636,27.4090909090909,29.3145454545455,1.00363636363636,34.4690909090909,0.263636363636364,22.1381818181818,0.232727272727273,41.8927272727273,-0.17623431711373,3.43447617129846,0.889890909090909,0.872381818181818,0.862545454545455
113520,68594,44926,0.657387763546637,0.599645333879809,0.611927941984555,43.2836363636364,27.4127272727273,29.3036363636364,1,34.4836363636364,0.230909090909091,22.0836363636364,0.229090909090909,41.9727272727273,-0.173691489666023,3.42562501213767,0.889890909090909,0.872381818181818,0.862545454545455
113479,68608,44871,0.657363504065366,0.59957270174778,0.61185600994268,43.2909090909091,27.4163636363636,29.2927272727273,1.00181818181818,34.4781818181818,0.22,22.0418181818182,0.22,42.0381818181818,-0.174173852140931,3.40682205503637,0.889890909090909,0.872381818181818,0.862545454545455
113530,68634,44896,0.657276122347312,0.599544583435987,0.61176889242728,43.3036363636364,27.4127272727273,29.2836363636364,0.998181818181818,34.4963636363636,0.225454545454545,21.9418181818182,0.223636363636364,42.1145454545455,-0.17244179287756,3.39364330768585,0.889890909090909,0.872381818181818,0.862545454545455
113652,68669,44983,0.657187008785167,0.599556571315202,0.611678665719592,43.3236363636364,27.4054545454545,29.2709090909091,0.994545454545454,34.4563636363636,0.270909090909091,21.8563636363636,0.232727272727273,42.1890909090909,-0.169479142654348,3.40168389298699,0.889890909090909,0.872381818181818,0.862545454545455
113737,68694,45043,0.657005478534923,0.59939609499237,0.611622938608788,43.3309090909091,27.4018181818182,29.2672727272727,0.996363636363636,34.4545454545455,0.245454545454545,21.8272727272727,0.207272727272727,42.2690909090909,-0.166695088656111,3.38826976581053,0.889890909090909,0.872381818181818,0.862545454545455
113721,68727,44994,0.656882903843119,0.599032093548309,0.611421483688177,43.3454545454545,27.4,29.2545454545455,0.998181818181818,34.4472727272727,0.245454545454545,21.7909090909091,0.205454545454545,42.3127272727273,-0.164260692183267,3.36016361875968,0.889890909090909,0.872381818181818,0.862545454545455
113763,68759,45004,0.656774348563922,0.598882504807981,0.611372756054378,43.3545454545455,27.3945454545455,29.2509090909091,0.992727272727273,34.4418181818182,0.26,21.7236363636364,0.201818181818182,42.38,-0.161064202558588,3.34736415689642,0.889890909090909,0.872381818181818,0.862545454545455
113811,68769,45042,0.656758834208944,0.598611258624355,0.611308698729677,43.3563636363636,27.3927272727273,29.2509090909091,0.987272727272727,34.44,0.252727272727273,21.6745454545455,0.221818181818182,42.4236363636364,-0.160558616386896,3.33891828872941,0.889890909090909,0.872381818181818,0.862545454545455
113711,68778,44933,0.656745235350894,0.598180730503523,0.611142282282652,43.3654545454545,27.3945454545455,29.24,0.985454545454546,34.4563636363636,0.24,21.6127272727273,0.223636363636364,42.4818181818182,-0.160161009735682,3.3048784875057,0.889890909090909,0.872381818181818,0.862545454545455
113645,68800,44845,0.656688461444217,0.598184345273913,0.61099224767572,43.3763636363636,27.3927272727273,29.2309090909091,0.985454545454546,34.4872727272727,0.210909090909091,21.5527272727273,0.230909090909091,42.5327272727273,-0.157614775662395,3.26195525039326,0.889890909090909,0.872381818181818,0.862545454545455
113693,68824,44869,0.65661466464166,0.597781561727931,0.611009824900681,43.3872727272727,27.3890909090909,29.2236363636364,0.983636363636364,34.4909090909091,0.221818181818182,21.4818181818182,0.232727272727273,42.5890909090909,-0.155025425248525,3.25046939724548,0.889890909090909,0.872381818181818,0.862545454545455
113811,68844,44967,0.656651886989904,0.597729796221114,0.610837037716535,43.4,27.3854545454545,29.2145454545455,0.978181818181818,34.4981818181818,0.230909090909091,21.4090909090909,0.221818181818182,42.6618181818182,-0.152957759949971,3.2525218474594,0.889890909090909,0.872381818181818,0.862545454545455
113935,68871,45064,0.656532007773738,0.598069113417696,0.610771244347964,43.4018181818182,27.3890909090909,29.2090909090909,0.978181818181818,34.5127272727273,0.241818181818182,21.3309090909091,0.212727272727273,42.7236363636364,-0.151726023581895,3.25984144393693,0.889890909090909,0.872381818181818,0.862545454545455
113910,68891,45019,0.656431522337924,0.597770592231412,0.610736294310384,43.4072727272727,27.38,29.2127272727273,0.974545454545454,34.5327272727273,0.221818181818182,21.2745454545455,0.218181818181818,42.7781818181818,-0.149925142154098,3.23819421367212,0.889890909090909,0.872381818181818,0.862545454545455
114051,68911,45140,0.656545116138848,0.597846619818577,0.610697760670766,43.4054545454546,27.3872727272727,29.2072727272727,0.976363636363636,34.5563636363636,0.216363636363636,21.2054545454545,0.229090909090909,42.8163636363636,-0.148457560180263,3.24844716509635,0.889890909090909,0.872381818181818,0.862545454545455
114086,68928,45158,0.656499873895715,0.597792519272083,0.610602534285319,43.4090909090909,27.3854545454545,29.2054545454545,0.976363636363636,34.5727272727273,0.22,21.1381818181818,0.229090909090909,42.8636363636364,-0.147455913167108,3.24005726467479,0.889890909090909,0.872381818181818,0.862545454545455
114178,68934,45244,0.656507641387943,0.597734104939454,0.610610820460522,43.4109090909091,27.38,29.2090909090909,0.974545454545454,34.5927272727273,0.218181818181818,21.0927272727273,0.22,42.9018181818182,-0.147441309724342,3.23947946226055,0.889890909090909,0.872381818181818,0.862545454545455
114192,68943,45249,0.656491223835527,0.597546065479428,0.610633425384047,43.42,27.3763636363636,29.2036363636364,0.970909090909091,34.6272727272727,0.203636363636364,21.0490909090909,0.216363636363636,42.9327272727273,-0.146526483277028,3.21913869069381,0.889890909090909,0.872381818181818,0.862545454545455
114220,68952,45268,0.656512379459955,0.59739189787561,0.610539822006974,43.4236363636364,27.3690909090909,29.2072727272727,0.972727272727273,34.6345454545455,0.214545454545455,20.9872727272727,0.212727272727273,42.9781818181818,-0.144087976420468,3.21093142743815,0.889890909090909,0.872381818181818,0.862545454545455
114226,68960,45266,0.656430968062782,0.597093587980851,0.610503216838028,43.4254545454545,27.3654545454545,29.2090909090909,0.967272727272727,34.6763636363636,0.198181818181818,20.9527272727273,0.185454545454545,43.02,-0.141874487562613,3.18744918764992,0.889890909090909,0.872381818181818,0.862545454545455
114240,68976,45264,0.656450649795677,0.596983162446441,0.610458381211751,43.4381818181818,27.3654545454545,29.1963636363636,0.963636363636364,34.7218181818182,0.174545454545455,20.9018181818182,0.189090909090909,43.0490909090909,-0.141058075766672,3.17262333089655,0.889890909090909,0.872381818181818,0.862545454545455
114265,68986,45279,0.656373434117752,0.597012119590804,0.610397936809264,43.4363636363636,27.3709090909091,29.1927272727273,0.963636363636364,34.7545454545455,0.181818181818182,20.8490909090909,0.187272727272727,43.0636363636364,-0.140581087039953,3.1659169700674,0.889890909090909,0.872381818181818,0.862545454545455
114186,69000,45186,0.656322341115322,0.596645658018023,0.610251683724961,43.44,27.3745454545455,29.1854545454545,0.963636363636364,34.7818181818182,0.165454545454545,20.8127272727273,0.196363636363636,43.08,-0.139530648968437,3.12728652378375,0.889890909090909,0.872381818181818,0.862545454545455
114296,69008,45288,0.656325584338627,0.596746009767866,0.610172791606449,43.4418181818182,27.3727272727273,29.1854545454545,0.965454545454546,34.8145454545455,0.152727272727273,20.7672727272727,0.198181818181818,43.1018181818182,-0.139120863869109,3.14051774523475,0.889890909090909,0.872381818181818,0.862545454545455
114379,69024,45355,0.656299597322915,0.596724765667711,0.610140650109244,43.4509090909091,27.3654545454545,29.1836363636364,0.963636363636364,34.8363636363636,0.167272727272727,20.7218181818182,0.181818181818182,43.1290909090909,-0.137937167032876,3.13805180449377,0.889890909090909,0.872381818181818,0.862545454545455
114321,69033,45288,0.656184983851197,0.596506051997434,0.610052249694517,43.4509090909091,27.3709090909091,29.1781818181818,0.965454545454546,34.8563636363636,0.187272727272727,20.6563636363636,0.18,43.1545454545455,-0.137258825298737,3.1141339530999,0.889890909090909,0.872381818181818,0.862545454545455
114355,69053,45302,0.656084403557754,0.596340097939554,0.61005949763913,43.46,27.3581818181818,29.1818181818182,0.965454545454546,34.9054545454545,0.170909090909091,20.6109090909091,0.178181818181818,43.1690909090909,-0.135015946592797,3.09761142256585,0.889890909090909,0.872381818181818,0.862545454545455
114322,69067,45255,0.656099196808132,0.59616500555967,0.61000688568571,43.4690909090909,27.3509090909091,29.18,0.965454545454546,34.9418181818182,0.156363636363636,20.5654545454545,0.174545454545455,43.1963636363636,-0.133336403517222,3.06825812757015,0.889890909090909,0.872381818181818,0.862545454545455
114370,69069,45301,0.656101584800772,0.596193965885026,0.609897240104633,43.4709090909091,27.3563636363636,29.1727272727273,0.958181818181818,34.9927272727273,0.154545454545455,20.4927272727273,0.169090909090909,43.2327272727273,-0.133565143097869,3.06931066756899,0.889890909090909,0.872381818181818,0.862545454545455
114362,69078,45284,0.656108819448994,0.596139612773457,0.609831066970631,43.4727272727273,27.3545454545455,29.1727272727273,0.956363636363636,35.0490909090909,0.150909090909091,20.4127272727273,0.158181818181818,43.2727272727273,-0.132839575503021,3.04963950433514,0.889890909090909,0.872381818181818,0.862545454545455
114294,69086,45208,0.655980464774572,0.596176003376911,0.609760563895748,43.4690909090909,27.36,29.1709090909091,0.956363636363636,35.0563636363636,0.176363636363636,20.3454545454545,0.167272727272727,43.2981818181818,-0.131920173408633,3.03112685124982,0.889890909090909,0.872381818181818,0.862545454545455
114425,69098,45327,0.65601073088702,0.59619092865015,0.609747912112846,43.4709090909091,27.3490909090909,29.18,0.956363636363636,35.1072727272727,0.174545454545455,20.2672727272727,0.167272727272727,43.3272727272727,-0.128281202463602,3.04073907841336,0.889890909090909,0.872381818181818,0.862545454545455
114489,69110,45379,0.655987930048577,0.596317527347511,0.609656671138552,43.4763636363636,27.3490909090909,29.1745454545455,0.956363636363636,35.1472727272727,0.16,20.2109090909091,0.181818181818182,43.3436363636364,-0.127514111555435,3.03720549507575,0.889890909090909,0.872381818181818,0.862545454545455
114541,69116,45425,0.655998987801246,0.59636897177132,0.609521109619078,43.4763636363636,27.3509090909091,29.1727272727273,0.956363636363636,35.1872727272727,0.141818181818182,20.1672727272727,0.174545454545455,43.3727272727273,-0.126811773600903,3.03302227881822,0.889890909090909,0.872381818181818,0.862545454545455
114548,69126,45422,0.655947496479206,0.596312453441109,0.609525445485642,43.4781818181818,27.3490909090909,29.1727272727273,0.954545454545455,35.22,0.165454545454545,20.0836363636364,0.172727272727273,43.4036363636364,-0.126282357153567,3.02109563133933,0.889890909090909,0.872381818181818,0.862545454545455
114492,69134,45358,0.655879434074337,0.596150107572339,0.609438530812346,43.4763636363636,27.3545454545455,29.1690909090909,0.952727272727273,35.2545454545455,0.16,20.0254545454545,0.163636363636364,43.4436363636364,-0.126060816069896,2.98636611781337,0.889890909090909,0.872381818181818,0.862545454545455
114512,69140,45372,0.655854745400737,0.596073874540922,0.609416999423526,43.4763636363636,27.3563636363636,29.1672727272727,0.952727272727273,35.2927272727273,0.167272727272727,19.9418181818182,0.150909090909091,43.4945454545455,-0.125791257281195,2.97249673008919,0.889890909090909,0.872381818181818,0.862545454545455
114553,69154,45399,0.655864257850383,0.595778536863791,0.609377231309389,43.4836363636364,27.3509090909091,29.1654545454545,0.949090909090909,35.3309090909091,0.16,19.9018181818182,0.145454545454545,43.5127272727273,-0.124152154754847,2.96960050030188,0.889890909090909,0.872381818181818,0.862545454545455
114530,69162,45368,0.655811491204745,0.595537236927883,0.609316902149422,43.4890909090909,27.3472727272727,29.1636363636364,0.943636363636364,35.3690909090909,0.147272727272727,19.8472727272727,0.147272727272727,43.5454545454545,-0.123456325534392,2.9521409232508,0.889890909090909,0.872381818181818,0.862545454545455
114644,69172,45472,0.655861749806721,0.595484514847469,0.609318271110686,43.4872727272727,27.3490909090909,29.1636363636364,0.94,35.4,0.147272727272727,19.7927272727273,0.147272727272727,43.5727272727273,-0.122196306415241,2.96107667630369,0.889890909090909,0.872381818181818,0.862545454545455
114609,69176,45433,0.655761321373898,0.595501590491211,0.609253455407641,43.4818181818182,27.3545454545455,29.1636363636364,0.938181818181818,35.4272727272727,0.16,19.7290909090909,0.14,43.6054545454545,-0.12180434695699,2.93677633052523,0.889890909090909,0.872381818181818,0.862545454545455
114642,69182,45460,0.655722612796365,0.595440968571988,0.609320740932516,43.4781818181818,27.3563636363636,29.1654545454545,0.938181818181818,35.4618181818182,0.156363636363636,19.6763636363636,0.138181818181818,43.6290909090909,-0.121670084505935,2.92971072603356,0.889890909090909,0.872381818181818,0.862545454545455
114710,69188,45522,0.65578678163332,0.595318737699072,0.609345174440815,43.4818181818182,27.3509090909091,29.1672727272727,0.936363636363636,35.5018181818182,0.150909090909091,19.62,0.14,43.6509090909091,-0.121416818299754,2.9301350379532,0.889890909090909,0.872381818181818,0.862545454545455
114622,69200,45422,0.655788024833486,0.59501293315959,0.60929563309354,43.4854545454545,27.3454545454545,29.1690909090909,0.934545454545455,35.5272727272727,0.161818181818182,19.5545454545455,0.143636363636364,43.6781818181818,-0.120992013769732,2.89197192395275,0.889890909090909,0.872381818181818,0.862545454545455
114564,69210,45354,0.65575856012974,0.594740389450164,0.609237698911917,43.4890909090909,27.3381818181818,29.1727272727273,0.934545454545455,35.5509090909091,0.169090909090909,19.5,0.14,43.7054545454545,-0.119919522386044,2.87127322039821,0.889890909090909,0.872381818181818,0.862545454545455
114416,69214,45202,0.655735602919303,0.594327212541343,0.609245785045085,43.4890909090909,27.3381818181818,29.1727272727273,0.934545454545455,35.5818181818182,0.165454545454545,19.4345454545455,0.136363636363636,43.7472727272727,-0.119775643902407,2.82208204310049,0.889890909090909,0.872381818181818,0.862545454545455
114386,69222,45164,0.65573987841372,0.594286918221427,0.609221320513553,43.4909090909091,27.3363636363636,29.1727272727273,0.934545454545455,35.6127272727273,0.187272727272727,19.3654545454545,0.125454545454545,43.7745454545455,-0.119382675737143,2.81218152201988,0.889890909090909,0.872381818181818,0.862545454545455
114529,69222,45307,0.655656755670473,0.594538016261807,0.60923453850626,43.4872727272727,27.34,29.1727272727273,0.927272727272727,35.6690909090909,0.154545454545455,19.3054545454545,0.141818181818182,43.8018181818182,-0.119748749694025,2.81280257525769,0.889890909090909,0.872381818181818,0.862545454545455
114586,69224,45362,0.655669036171882,0.594599111706912,0.609099553047866,43.4890909090909,27.34,29.1709090909091,0.927272727272727,35.6945454545455,0.154545454545455,19.2236363636364,0.165454545454545,43.8345454545455,-0.119677083304321,2.80639606104656,0.889890909090909,0.872381818181818,0.862545454545455
114701,69233,45468,0.655682919032614,0.594676365571058,0.609049832109425,43.4927272727273,27.34,29.1672727272727,0.925454545454545,35.7618181818182,0.16,19.1145454545455,0.150909090909091,43.8872727272727,-0.118959259064021,2.81195277070457,0.889890909090909,0.872381818181818,0.862545454545455
114724,69251,45473,0.65569757684101,0.594347450371859,0.609111492427928,43.5,27.3363636363636,29.1636363636364,0.925454545454545,35.7963636363636,0.150909090909091,19.0781818181818,0.129090909090909,43.92,-0.116944793713364,2.80222309773619,0.889890909090909,0.872381818181818,0.862545454545455
114745,69267,45478,0.655632775093896,0.594216241650476,0.609053679939252,43.5,27.3345454545455,29.1654545454545,0.923636363636364,35.8472727272727,0.134545454545455,19.0236363636364,0.130909090909091,43.94,-0.115512767586518,2.78819680186835,0.889890909090909,0.872381818181818,0.862545454545455
114893,69279,45614,0.655626511094267,0.594333759951788,0.609090250946999,43.5036363636364,27.3290909090909,29.1672727272727,0.923636363636364,35.8472727272727,0.165454545454545,18.96,0.134545454545455,43.9690909090909,-0.113869677026841,2.79783242195845,0.889890909090909,0.872381818181818,0.862545454545455
114714,69283,45431,0.655588888140132,0.593961220275187,0.609038234694699,43.5054545454545,27.3272727272727,29.1672727272727,0.923636363636364,35.8890909090909,0.147272727272727,18.8981818181818,0.136363636363636,44.0054545454545,-0.112181061209941,2.76202258115465,0.889890909090909,0.872381818181818,0.862545454545455
114789,69283,45506,0.655594223684734,0.593991096577826,0.609040420389695,43.5072727272727,27.3254545454545,29.1672727272727,0.921818181818182,35.9363636363636,0.112727272727273,18.8581818181818,0.129090909090909,44.0418181818182,-0.111799654533917,2.75996918969534,0.889890909090909,0.872381818181818,0.862545454545455
114596,69295,45301,0.655422644905588,0.5937279532257,0.60897107823106,43.5090909090909,27.3272727272727,29.1636363636364,0.918181818181818,35.9563636363636,0.130909090909091,18.7818181818182,0.132727272727273,44.08,-0.110307084727736,2.72072406973351,0.889890909090909,0.872381818181818,0.862545454545455
114606,69293,45313,0.655423682634832,0.593624703079431,0.608941358884477,43.5109090909091,27.3236363636364,29.1654545454545,0.918181818181818,35.9927272727273,0.136363636363636,18.6945454545455,0.14,44.1181818181818,-0.110707120076669,2.70998140478676,0.889890909090909,0.872381818181818,0.862545454545455
114588,69301,45287,0.655421769726076,0.593498791009273,0.608905179376225,43.5145454545455,27.3181818181818,29.1672727272727,0.910909090909091,36.0309090909091,0.125454545454545,18.6236363636364,0.130909090909091,44.1781818181818,-0.109644144073933,2.68465666818348,0.889890909090909,0.872381818181818,0.862545454545455
114644,69307,45337,0.655326727824747,0.593618247580073,0.608915958317561,43.5109090909091,27.32,29.1690909090909,0.905454545454545,36.0654545454545,0.136363636363636,18.5309090909091,0.147272727272727,44.2145454545455,-0.108797899192326,2.67745402346958,0.889890909090909,0.872381818181818,0.862545454545455
114743,69311,45432,0.655332123101485,0.593627022535081,0.60891034003988,43.5127272727273,27.3163636363636,29.1709090909091,0.901818181818182,36.1090909090909,0.134545454545455,18.4763636363636,0.127272727272727,44.2509090909091,-0.107994133541995,2.67824874486436,0.889890909090909,0.872381818181818,0.862545454545455
114712,69323,45389,0.655296865356582,0.593482314773514,0.608886049500948,43.5163636363636,27.3127272727273,29.1709090909091,0.894545454545455,36.1309090909091,0.14,18.4290909090909,0.112727272727273,44.2927272727273,-0.107014405690345,2.66234429471872,0.889890909090909,0.872381818181818,0.862545454545455
114815,69327,45488,0.655267981236005,0.593516904591334,0.608951401308179,43.5181818181818,27.3109090909091,29.1709090909091,0.892727272727273,36.1618181818182,0.132727272727273,18.3818181818182,0.123636363636364,44.3072727272727,-0.105353405106474,2.66223519295454,0.889890909090909,0.872381818181818,0.862545454545455
114968,69329,45639,0.655269324120401,0.593772252554251,0.608951270133171,43.52,27.3090909090909,29.1709090909091,0.889090909090909,36.1927272727273,0.112727272727273,18.3254545454545,0.123636363636364,44.3563636363636,-0.105370270718016,2.68128053898161,0.889890909090909,0.872381818181818,0.862545454545455
114950,69325,45625,0.655214928853692,0.593742270761229,0.608927086448873,43.5163636363636,27.3163636363636,29.1672727272727,0.889090909090909,36.2018181818182,0.109090909090909,18.2745454545455,0.143636363636364,44.3818181818182,-0.105569537698334,2.66947175034068,0.889890909090909,0.872381818181818,0.862545454545455
114962,69329,45633,0.655142357234376,0.593655779161849,0.608831572226848,43.5145454545455,27.3236363636364,29.1618181818182,0.887272727272727,36.22,0.103636363636364,18.2381818181818,0.130909090909091,44.42,-0.1047098314252,2.6576235040345,0.889890909090909,0.872381818181818,0.862545454545455
114987,69331,45656,0.655126163489595,0.593558747387133,0.60883802242008,43.5181818181818,27.32,29.1618181818182,0.887272727272727,36.2309090909091,0.101818181818182,18.2018181818182,0.123636363636364,44.4545454545455,-0.104085687393407,2.64877199842171,0.889890909090909,0.872381818181818,0.862545454545455
115129,69337,45792,0.655127649238926,0.593785331511374,0.608885659777657,43.52,27.32,29.16,0.883636363636364,36.2436363636364,0.125454545454545,18.1436363636364,0.134545454545455,44.4690909090909,-0.103422338939907,2.65416219789873,0.889890909090909,0.872381818181818,0.862545454545455
115184,69341,45843,0.655098534190685,0.593873477497726,0.608857891125854,43.5181818181818,27.32,29.1618181818182,0.881818181818182,36.2672727272727,0.12,18.1163636363636,0.121818181818182,44.4927272727273,-0.103074585501401,2.64524535916068,0.889890909090909,0.872381818181818,0.862545454545455
115130,69347,45783,0.655006144815032,0.593656295580383,0.608864747596253,43.5127272727273,27.3236363636364,29.1636363636364,0.881818181818182,36.2836363636364,0.112727272727273,18.0745454545455,0.129090909090909,44.5181818181818,-0.102621082416524,2.62273569418625,0.889890909090909,0.872381818181818,0.862545454545455
115162,69351,45811,0.655015620399068,0.59357602052777,0.608870962639196,43.5163636363636,27.32,29.1636363636364,0.88,36.3109090909091,0.110909090909091,18.0163636363636,0.132727272727273,44.5490909090909,-0.10256926277864,2.61420617618344,0.889890909090909,0.872381818181818,0.862545454545455
115122,69355,45767,0.655005428342366,0.593476969103626,0.608872160077057,43.52,27.3163636363636,29.1636363636364,0.876363636363636,36.3145454545455,0.125454545454545,17.9654545454545,0.14,44.5781818181818,-0.102486003398768,2.59976953999563,0.889890909090909,0.872381818181818,0.862545454545455
115143,69361,45782,0.655003430914731,0.593448763068672,0.608833476805657,43.52,27.3145454545455,29.1654545454545,0.876363636363636,36.3454545454545,0.121818181818182,17.9272727272727,0.125454545454545,44.6036363636364,-0.101732907891908,2.58518429120833,0.889890909090909,0.872381818181818,0.862545454545455
115082,69363,45719,0.655003076930781,0.593372210224606,0.608806191388941,43.5218181818182,27.3145454545455,29.1636363636364,0.876363636363636,36.3818181818182,0.0963636363636364,17.8963636363636,0.138181818181818,44.6109090909091,-0.10175908311503,2.56175280477513,0.889890909090909,0.872381818181818,0.862545454545455
115100,69367,45733,0.654994838332022,0.593496724752844,0.608716372334679,43.5218181818182,27.3145454545455,29.1636363636364,0.872727272727273,36.4,0.110909090909091,17.8418181818182,0.147272727272727,44.6272727272727,-0.101604108882814,2.54571033594283,0.889890909090909,0.872381818181818,0.862545454545455
114866,69375,45491,0.654928695956948,0.593525802623376,0.608579832745685,43.5181818181818,27.3254545454545,29.1563636363636,0.870909090909091,36.4127272727273,0.105454545454545,17.8254545454545,0.147272727272727,44.6381818181818,-0.100652612815611,2.50094874616374,0.889890909090909,0.872381818181818,0.862545454545455
114733,69375,45358,0.654925235213421,0.59344574924858,0.608527011125194,43.5181818181818,27.3272727272727,29.1545454545455,0.867272727272727,36.4218181818182,0.130909090909091,17.7854545454545,0.138181818181818,44.6563636363636,-0.100672225723974,2.46600000309673,0.889890909090909,0.872381818181818,0.862545454545455
114822,69377,45445,0.65492784020681,0.593463401349253,0.608527030909969,43.52,27.3254545454545,29.1545454545455,0.865454545454545,36.4509090909091,0.114545454545455,17.7690909090909,0.129090909090909,44.6709090909091,-0.100717688706407,2.46630706096237,0.889890909090909,0.872381818181818,0.862545454545455
114904,69379,45525,0.655038349634416,0.593449498084744,0.608457912742245,43.52,27.3290909090909,29.1509090909091,0.86,36.4927272727273,0.112727272727273,17.72,0.136363636363636,44.6781818181818,-0.100766327260697,2.4663221727718,0.889890909090909,0.872381818181818,0.862545454545455
114930,69390,45540,0.654958755700146,0.593417317078533,0.608459384431094,43.5218181818182,27.3272727272727,29.1509090909091,0.858181818181818,36.5036363636364,0.143636363636364,17.6745454545455,0.127272727272727,44.6927272727273,-0.0996548690621487,2.45361380610954,0.889890909090909,0.872381818181818,0.862545454545455
114866,69384,45482,0.654912381600203,0.59307005781412,0.608484293271105,43.52,27.3272727272727,29.1527272727273,0.854545454545454,36.5363636363636,0.136363636363636,17.6472727272727,0.112727272727273,44.7127272727273,-0.100646004204596,2.43409432680769,0.889890909090909,0.872381818181818,0.862545454545455
114884,69388,45496,0.654861313371145,0.593014143065819,0.608472134974859,43.5181818181818,27.3272727272727,29.1545454545455,0.850909090909091,36.5745454545455,0.130909090909091,17.6090909090909,0.110909090909091,44.7236363636364,-0.0993397838245569,2.42121026156978,0.889890909090909,0.872381818181818,0.862545454545455
114957,69394,45563,0.654838356422357,0.592945455991505,0.608468401498848,43.52,27.3254545454545,29.1545454545455,0.847272727272727,36.6018181818182,0.125454545454545,17.5890909090909,0.112727272727273,44.7236363636364,-0.0988677636624991,2.42141609625383,0.889890909090909,0.872381818181818,0.862545454545455
114975,69400,45575,0.654848863958382,0.592889307602528,0.608467980893258,43.5218181818182,27.3218181818182,29.1563636363636,0.845454545454545,36.62,0.132727272727273,17.5581818181818,0.107272727272727,44.7363636363636,-0.0980709245343777,2.41210109591484,0.889890909090909,0.872381818181818,0.862545454545455
114929,69398,45531,0.6548486706168,0.592872682914969,0.608380012822426,43.5218181818182,27.3218181818182,29.1563636363636,0.843636363636364,36.6363636363636,0.136363636363636,17.5163636363636,0.125454545454545,44.7418181818182,-0.098779745706865,2.3955694178966,0.889890909090909,0.872381818181818,0.862545454545455
114931,69398,45533,0.654855108871652,0.592822449005487,0.608373881168222,43.5218181818182,27.3218181818182,29.1563636363636,0.84,36.66,0.14,17.5,0.107272727272727,44.7527272727273,-0.0989723537868651,2.38392900689082,0.889890909090909,0.872381818181818,0.862545454545455
114923,69404,45519,0.654834839509986,0.592741371229808,0.608345643085051,43.5254545454545,27.32,29.1545454545455,0.838181818181818,36.6927272727273,0.132727272727273,17.4654545454545,0.107272727272727,44.7636363636364,-0.0985407723441974,2.3733583603393,0.889890909090909,0.872381818181818,0.862545454545455
114950,69414,45536,0.654809350487417,0.592736986205846,0.608348101244048,43.5272727272727,27.3163636363636,29.1563636363636,0.838181818181818,36.7090909090909,0.134545454545455,17.4327272727273,0.107272727272727,44.7781818181818,-0.0978759325479835,2.3676219148392,0.889890909090909,0.872381818181818,0.862545454545455
114927,69422,45505,0.65488794871886,0.592540451460716,0.608334830475163,43.5290909090909,27.3127272727273,29.1581818181818,0.834545454545455,36.7436363636364,0.12,17.4109090909091,0.118181818181818,44.7727272727273,-0.097090561284726,2.34626483375376,0.889890909090909,0.872381818181818,0.862545454545455
114939,69424,45515,0.654857009613633,0.592484472544642,0.608318226918668,43.5290909090909,27.3127272727273,29.1581818181818,0.832727272727273,36.7872727272727,0.103636363636364,17.3909090909091,0.103636363636364,44.7818181818182,-0.0963686006580247,2.33059690113772,0.889890909090909,0.872381818181818,0.862545454545455
114947,69432,45515,0.654924859505195,0.592635790940675,0.608293305524561,43.5290909090909,27.3163636363636,29.1545454545455,0.830909090909091,36.8072727272727,0.103636363636364,17.36,0.103636363636364,44.7945454545455,-0.0952342790384798,2.32738833461295,0.889890909090909,0.872381818181818,0.862545454545455
114966,69432,45534,0.654918832759704,0.592605645390453,0.608326264643088,43.5290909090909,27.3127272727273,29.1581818181818,0.827272727272727,36.8290909090909,0.0981818181818182,17.3418181818182,0.107272727272727,44.7963636363636,-0.095658464019917,2.3134615001692,0.889890909090909,0.872381818181818,0.862545454545455
115002,69438,45564,0.654943370650173,0.59259479491496,0.608233275595293,43.5272727272727,27.3218181818182,29.1509090909091,0.827272727272727,36.8527272727273,0.1,17.32,0.0909090909090909,44.8090909090909,-0.0945774208365368,2.31084481338886,0.889890909090909,0.872381818181818,0.862545454545455
115006,69438,45568,0.65493873241819,0.592609726349627,0.608199087245909,43.5290909090909,27.3218181818182,29.1490909090909,0.82,36.8763636363636,0.0981818181818182,17.3072727272727,0.0963636363636364,44.8018181818182,-0.0939856028771663,2.30173068136315,0.889890909090909,0.872381818181818,0.862545454545455
114999,69438,45561,0.65494467283698,0.59255351125364,0.608175717441631,43.5290909090909,27.3236363636364,29.1472727272727,0.818181818181818,36.9054545454546,0.101818181818182,17.26,0.103636363636364,44.8109090909091,-0.0941233772525183,2.2885488210246,0.889890909090909,0.872381818181818,0.862545454545455
115026,69440,45586,0.654939318667336,0.592511249327234,0.608176893677251,43.5290909090909,27.3218181818182,29.1490909090909,0.816363636363636,36.9290909090909,0.1,17.2363636363636,0.1,44.8181818181818,-0.0941521220234625,2.28645775350319,0.889890909090909,0.872381818181818,0.862545454545455
115053,69446,45607,0.654938514782622,0.592527256652828,0.608230302211611,43.5309090909091,27.3218181818182,29.1472727272727,0.816363636363636,36.9490909090909,0.103636363636364,17.2072727272727,0.0945454545454545,44.8290909090909,-0.0932741968371292,2.27931069619954,0.889890909090909,0.872381818181818,0.862545454545455
115068,69450,45618,0.654946602982363,0.592545107775147,0.608232956518405,43.5345454545455,27.3181818181818,29.1472727272727,0.814545454545455,36.9745454545455,0.112727272727273,17.1690909090909,0.0981818181818182,44.8309090909091,-0.0934642357444814,2.27128604508259,0.889890909090909,0.872381818181818,0.862545454545455
115125,69456,45669,0.654953045041289,0.592659246270417,0.608228967978237,43.5345454545455,27.3163636363636,29.1490909090909,0.814545454545455,37.0127272727273,0.116363636363636,17.14,0.0836363636363636,44.8327272727273,-0.0916519361775665,2.26951858303086,0.889890909090909,0.872381818181818,0.862545454545455
115168,69464,45704,0.654959318051266,0.592633215495476,0.608249611265857,43.5363636363636,27.3090909090909,29.1545454545455,0.812727272727273,37.0509090909091,0.0963636363636364,17.12,0.1,44.82,-0.0910877675307512,2.26370357896455,0.889890909090909,0.872381818181818,0.862545454545455
115172,69472,45700,0.654927821301826,0.592503388818231,0.608262627564913,43.5381818181818,27.3054545454545,29.1563636363636,0.810909090909091,37.0636363636364,0.107272727272727,17.0872727272727,0.0963636363636364,44.8345454545455,-0.0901924691718622,2.25339029147713,0.889890909090909,0.872381818181818,0.862545454545455
115146,69474,45672,0.654917627869232,0.592545464528957,0.608268766370083,43.5381818181818,27.3090909090909,29.1527272727273,0.810909090909091,37.0890909090909,0.103636363636364,17.0509090909091,0.110909090909091,44.8345454545455,-0.0901356802943734,2.2393112949011,0.889890909090909,0.872381818181818,0.862545454545455
115132,69479,45653,0.654984490711551,0.592245744850062,0.608228789720472,43.54,27.3109090909091,29.1490909090909,0.805454545454545,37.1127272727273,0.0981818181818182,17.0363636363636,0.105454545454545,44.8418181818182,-0.089288063139115,2.22191448032179,0.889890909090909,0.872381818181818,0.862545454545455
114993,69479,45514,0.654988044382631,0.592119599918567,0.608159888702294,43.5418181818182,27.3054545454545,29.1527272727273,0.796363636363636,37.1381818181818,0.118181818181818,16.9872727272727,0.103636363636364,44.8563636363636,-0.0890822719875194,2.19110753034157,0.889890909090909,0.872381818181818,0.862545454545455
115023,69477,45546,0.654993473772846,0.592104193658875,0.608148040437389,43.5418181818182,27.3054545454545,29.1527272727273,0.790909090909091,37.1690909090909,0.1,16.9836363636364,0.0927272727272727,44.8636363636364,-0.0896886137676616,2.1863706854172,0.889890909090909,0.872381818181818,0.862545454545455
115030,69479,45551,0.654996912897852,0.592055105637868,0.608138646266295,43.5418181818182,27.3036363636364,29.1545454545455,0.789090909090909,37.1836363636364,0.109090909090909,16.9618181818182,0.0818181818181818,44.8745454545455,-0.0896786951639859,2.17945108797232,0.889890909090909,0.872381818181818,0.862545454545455
115068,69487,45581,0.654966710408614,0.592259446136421,0.608113253873302,43.54,27.3054545454545,29.1545454545455,0.785454545454545,37.2145454545455,0.0981818181818182,16.9381818181818,0.0963636363636364,44.8672727272727,-0.0888365267633079,2.17504985959015,0.889890909090909,0.872381818181818,0.862545454545455
115059,69489,45570,0.654970854715951,0.592230464917663,0.608106186677132,43.5418181818182,27.3054545454545,29.1527272727273,0.783636363636364,37.2381818181818,0.0927272727272727,16.9163636363636,0.107272727272727,44.8618181818182,-0.0888619213939158,2.15927288523791,0.889890909090909,0.872381818181818,0.862545454545455
115046,69495,45551,0.654943156751518,0.592053226409965,0.608149639845924,43.5436363636364,27.3072727272727,29.1490909090909,0.781818181818182,37.2527272727273,0.0945454545454545,16.9090909090909,0.0963636363636364,44.8654545454545,-0.0874767947598064,2.14171491861343,0.889890909090909,0.872381818181818,0.862545454545455
115018,69493,45525,0.65491472058632,0.591969960704534,0.608177213004785,43.5436363636364,27.3054545454545,29.1509090909091,0.778181818181818,37.2672727272727,0.0872727272727273,16.9036363636364,0.105454545454545,44.8581818181818,-0.0877186564781534,2.12950053070672,0.889890909090909,0.872381818181818,0.862545454545455
115100,69499,45601,0.654970540715549,0.591980094321256,0.608214842484732,43.5436363636364,27.3072727272727,29.1490909090909,0.774545454545455,37.2927272727273,0.0854545454545454,16.8818181818182,0.0963636363636364,44.8690909090909,-0.0864784375380788,2.13249342560514,0.889890909090909,0.872381818181818,0.862545454545455
115084,69507,45577,0.655028276826027,0.59202282089911,0.608135817989624,43.5436363636364,27.3145454545455,29.1418181818182,0.769090909090909,37.2963636363636,0.0945454545454545,16.8690909090909,0.1,44.8709090909091,-0.0851070252747211,2.11674134956503,0.889890909090909,0.872381818181818,0.862545454545455
115129,69511,45618,0.65503147595565,0.592169783961255,0.60812874413831,43.5436363636364,27.3127272727273,29.1436363636364,0.769090909090909,37.3109090909091,0.1,16.8563636363636,0.1,44.8636363636364,-0.0849475347140635,2.11555627560751,0.889890909090909,0.872381818181818,0.862545454545455
115121,69511,45610,0.655030067806575,0.592155828911286,0.608116860573183,43.5436363636364,27.3127272727273,29.1436363636364,0.767272727272727,37.3163636363636,0.109090909090909,16.8490909090909,0.0927272727272727,44.8654545454545,-0.0854365468258038,2.10631722386249,0.889890909090909,0.872381818181818,0.862545454545455
115034,69511,45523,0.655033251931598,0.591883595796855,0.608087044831483,43.5454545454545,27.3145454545455,29.14,0.767272727272727,37.3327272727273,0.103636363636364,16.8363636363636,0.0909090909090909,44.8690909090909,-0.0853286043476229,2.08321096900459,0.889890909090909,0.872381818181818,0.862545454545455
114988,69511,45477,0.655032778627668,0.591847842773373,0.608083684398655,43.5454545454545,27.3145454545455,29.14,0.765454545454545,37.3618181818182,0.0945454545454545,16.8163636363636,0.0963636363636364,44.8654545454545,-0.0854779195633124,2.06378534539306,0.889890909090909,0.872381818181818,0.862545454545455
114946,69507,45439,0.655033811504221,0.591841458503513,0.608026872865713,43.5436363636364,27.3145454545455,29.1418181818182,0.761818181818182,37.3836363636364,0.0890909090909091,16.7945454545455,0.105454545454545,44.8654545454545,-0.0868075119508748,2.0441442627428,0.889890909090909,0.872381818181818,0.862545454545455
114887,69511,45376,0.655027736997837,0.591768765200923,0.608018305790051,43.5454545454545,27.3109090909091,29.1436363636364,0.758181818181818,37.3909090909091,0.105454545454545,16.7872727272727,0.0981818181818182,44.86,-0.0865513962749074,2.02684210122626,0.889890909090909,0.872381818181818,0.862545454545455
114893,69515,45378,0.655030598249724,0.591723814411234,0.607989545015222,43.5472727272727,27.3109090909091,29.1418181818182,0.756363636363636,37.4181818181818,0.0981818181818182,16.7618181818182,0.0945454545454545,44.8709090909091,-0.0857074686339316,2.01018914283804,0.889890909090909,0.872381818181818,0.862545454545455
114687,69519,45168,0.654641584514134,0.591959151054343,0.607845571877598,43.5472727272727,27.3145454545455,29.1381818181818,0.752727272727273,37.4290909090909,0.0909090909090909,16.7727272727273,0.0872727272727273,44.8672727272727,-0.0849942426051712,1.96214736653915,0.889890909090909,0.872381818181818,0.862545454545455
114688,69521,45167,0.654616719505986,0.591967370557828,0.607852274652871,43.5454545454545,27.3145454545455,29.14,0.752727272727273,37.4454545454546,0.107272727272727,16.7363636363636,0.08,44.8781818181818,-0.0850039332689696,1.94992721716725,0.889890909090909,0.872381818181818,0.862545454545455
114649,69517,45132,0.654619403419998,0.591856343524175,0.607814978700282,43.5454545454545,27.3181818181818,29.1363636363636,0.752727272727273,37.46,0.101818181818182,16.7309090909091,0.0763636363636364,44.8781818181818,-0.0854756802981931,1.9308661936224,0.889890909090909,0.872381818181818,0.862545454545455
114404,69517,44887,0.654615793316836,0.591403997819604,0.607924760422021,43.5472727272727,27.3145454545455,29.1381818181818,0.749090909090909,37.4618181818182,0.103636363636364,16.7218181818182,0.0709090909090909,44.8927272727273,-0.085545572669203,1.86858756575913,0.889890909090909,0.872381818181818,0.862545454545455
114720,69517,45203,0.654621042157583,0.591828487296602,0.607895785652935,43.5472727272727,27.3163636363636,29.1363636363636,0.745454545454545,37.4763636363636,0.0909090909090909,16.7072727272727,0.0818181818181818,44.8981818181818,-0.0856699439712842,1.92358297849556,0.889890909090909,0.872381818181818,0.862545454545455
114725,69517,45208,0.65461542033588,0.591813229570976,0.607902919190158,43.5472727272727,27.3163636363636,29.1363636363636,0.74,37.4909090909091,0.0854545454545454,16.6890909090909,0.0890909090909091,44.9054545454546,-0.0858189822275149,1.91790658479731,0.889890909090909,0.872381818181818,0.862545454545455
114756,69517,45239,0.654630650732892,0.591821494760312,0.607871125172614,43.5472727272727,27.3181818181818,29.1345454545455,0.732727272727273,37.5072727272727,0.0727272727272727,16.68,0.0872727272727273,44.92,-0.0859597447812451,1.91481529328898,0.889890909090909,0.872381818181818,0.862545454545455
114902,69525,45377,0.654646268994967,0.592066612356125,0.607765243464747,43.5490909090909,27.3145454545455,29.1363636363636,0.727272727272727,37.5,0.0836363636363636,16.6618181818182,0.0781818181818182,44.9490909090909,-0.0851263799291866,1.93274657879744,0.889890909090909,0.872381818181818,0.862545454545455
114894,69527,45367,0.654602445522129,0.592032886186949,0.607731228015973,43.5509090909091,27.3145454545455,29.1345454545455,0.72,37.5018181818182,0.0709090909090909,16.6672727272727,0.0854545454545454,44.9545454545455,-0.0843850405177694,1.9224174132232,0.889890909090909,0.872381818181818,0.862545454545455
114841,69531,45310,0.654599967073978,0.591818722572594,0.607734564607595,43.5509090909091,27.3109090909091,29.1381818181818,0.714545454545455,37.4945454545455,0.0763636363636364,16.6563636363636,0.0727272727272727,44.9854545454545,-0.0841320416397965,1.89798879006624,0.889890909090909,0.872381818181818,0.862545454545455
114841,69537,45304,0.654566565473645,0.591763794871119,0.607738033170131,43.5509090909091,27.3090909090909,29.14,0.710909090909091,37.4909090909091,0.08,16.6309090909091,0.0872727272727273,45,-0.0835196548350557,1.88894174685278,0.889890909090909,0.872381818181818,0.862545454545455
114853,69537,45316,0.654517024990762,0.591806392263588,0.607730472992632,43.5472727272727,27.3127272727273,29.14,0.710909090909091,37.4981818181818,0.0654545454545455,16.6327272727273,0.08,45.0127272727273,-0.0835979480209062,1.88118634181817,0.889890909090909,0.872381818181818,0.862545454545455
114912,69549,45363,0.654560987355183,0.591714726502077,0.607797973796645,43.5490909090909,27.3127272727273,29.1381818181818,0.707272727272727,37.4927272727273,0.0818181818181818,16.5981818181818,0.1,45.02,-0.0815973421056035,1.88053874373753,0.889890909090909,0.872381818181818,0.862545454545455
114970,69549,45421,0.654501933522721,0.591736599352227,0.607756993816955,43.5454545454545,27.3181818181818,29.1363636363636,0.701818181818182,37.5090909090909,0.0636363636363636,16.5709090909091,0.0909090909090909,45.0636363636364,-0.0818749386536762,1.88243057389892,0.889890909090909,0.872381818181818,0.862545454545455
114961,69551,45410,0.654510383115847,0.591673819203402,0.607756906494519,43.5472727272727,27.3163636363636,29.1363636363636,0.696363636363636,37.5181818181818,0.0636363636363636,16.5563636363636,0.0945454545454545,45.0709090909091,-0.0818516991368431,1.87179065582723,0.889890909090909,0.872381818181818,0.862545454545455
114933,69551,45382,0.654506991258803,0.591619421039285,0.607754511337206,43.5472727272727,27.3163636363636,29.1363636363636,0.692727272727273,37.5254545454545,0.0636363636363636,16.54,0.0981818181818182,45.08,-0.0819908760249911,1.8582748852268,0.889890909090909,0.872381818181818,0.862545454545455
114988,69551,45437,0.654509867871693,0.591790655317742,0.60767570208609,43.5472727272727,27.3127272727273,29.14,0.687272727272727,37.5527272727273,0.0581818181818182,16.5054545454545,0.0963636363636364,45.1,-0.0824542692335936,1.86009836093819,0.889890909090909,0.872381818181818,0.862545454545455
114965,69553,45412,0.654508499820593,0.591750693265494,0.607647793755049,43.5472727272727,27.3145454545455,29.1381818181818,0.687272727272727,37.5581818181818,0.06,16.4690909090909,0.103636363636364,45.1218181818182,-0.0823824845725374,1.84993872298139,0.889890909090909,0.872381818181818,0.862545454545455
114931,69557,45374,0.654509025860973,0.591694573461621,0.607598362918453,43.5472727272727,27.3163636363636,29.1363636363636,0.683636363636364,37.5545454545455,0.0763636363636364,16.4381818181818,0.101818181818182,45.1454545454545,-0.0816467519497647,1.83467335277237,0.889890909090909,0.872381818181818,0.862545454545455
114970,69557,45413,0.654513024268134,0.591688120736472,0.607596036058757,43.5472727272727,27.3163636363636,29.1363636363636,0.681818181818182,37.5618181818182,0.06,16.44,0.0909090909090909,45.1654545454545,-0.0817843953777232,1.83090075853873,0.889890909090909,0.872381818181818,0.862545454545455
115119,69559,45560,0.654555470146608,0.591636079477018,0.607703996865291,43.5509090909091,27.3090909090909,29.14,0.676363636363636,37.5763636363636,0.0636363636363636,16.4054545454545,0.0963636363636364,45.1818181818182,-0.0814306695720668,1.83724528153808,0.889890909090909,0.872381818181818,0.862545454545455
115169,69561,45608,0.654553752267914,0.591654012683309,0.607766363690107,43.5509090909091,27.3109090909091,29.1381818181818,0.676363636363636,37.5763636363636,0.0836363636363636,16.3618181818182,0.1,45.2018181818182,-0.0810327636747388,1.8361869801619,0.889890909090909,0.872381818181818,0.862545454545455
115211,69555,45656,0.654537979911069,0.591669304558021,0.607792431218396,43.5509090909091,27.3109090909091,29.1381818181818,0.672727272727273,37.5781818181818,0.0781818181818182,16.3490909090909,0.101818181818182,45.22,-0.0822041267042302,1.83337786557492,0.889890909090909,0.872381818181818,0.862545454545455
115229,69553,45676,0.654535854968469,0.591705051297674,0.607794554547933,43.5490909090909,27.3127272727273,29.1381818181818,0.670909090909091,37.5927272727273,0.0563636363636364,16.3472727272727,0.112727272727273,45.22,-0.0825444884947501,1.82887806948063,0.889890909090909,0.872381818181818,0.862545454545455
115196,69559,45637,0.654522747977346,0.59171804127137,0.607670894383207,43.5527272727273,27.3109090909091,29.1363636363636,0.670909090909091,37.6,0.0763636363636364,16.2890909090909,0.101818181818182,45.2618181818182,-0.0825170210758436,1.81140898642638,0.889890909090909,0.872381818181818,0.862545454545455
115032,69559,45473,0.654549507183674,0.591771391053595,0.607535210419272,43.5545454545455,27.3145454545455,29.1309090909091,0.669090909090909,37.6,0.0727272727272727,16.2927272727273,0.0909090909090909,45.2745454545455,-0.0826425214440943,1.78053587830033,0.889890909090909,0.872381818181818,0.862545454545455
114896,69557,45339,0.654516877396893,0.591849233809689,0.607430536983321,43.5527272727273,27.3127272727273,29.1345454545455,0.667272727272727,37.6145454545455,0.0690909090909091,16.2709090909091,0.0945454545454545,45.2836363636364,-0.0821621002063198,1.75510305596558,0.889890909090909,0.872381818181818,0.862545454545455
114825,69551,45274,0.654541262539765,0.591713379835999,0.607428349292284,43.5527272727273,27.3145454545455,29.1327272727273,0.658181818181818,37.62,0.0890909090909091,16.2381818181818,0.0836363636363636,45.3109090909091,-0.0827906989238479,1.72966527365444,0.889890909090909,0.872381818181818,0.862545454545455
114825,69549,45276,0.654542478758501,0.591634726577559,0.607505137078208,43.5527272727273,27.3163636363636,29.1309090909091,0.656363636363636,37.6472727272727,0.0654545454545455,16.1945454545455,0.105454545454545,45.3309090909091,-0.0830730100524802,1.71934170619034,0.889890909090909,0.872381818181818,0.862545454545455
114887,69561,45326,0.65450037771429,0.591590564581991,0.607524540885775,43.5509090909091,27.3181818181818,29.1309090909091,0.652727272727273,37.6527272727273,0.08,16.16,0.0981818181818182,45.3563636363636,-0.0820476449078838,1.71713795527731,0.889890909090909,0.872381818181818,0.862545454545455
114868,69561,45307,0.654639673187388,0.591463558737307,0.60755968133733,43.5509090909091,27.3163636363636,29.1327272727273,0.650909090909091,37.6836363636364,0.0854545454545454,16.1036363636364,0.0945454545454545,45.3818181818182,-0.0820081591061105,1.70728691974655,0.889890909090909,0.872381818181818,0.862545454545455
114904,69567,45337,0.654599470681362,0.591555108695482,0.607476089425923,43.5490909090909,27.3163636363636,29.1345454545455,0.643636363636364,37.7145454545455,0.0709090909090909,16.0763636363636,0.0854545454545454,45.4090909090909,-0.0812833151118618,1.70877338906073,0.889890909090909,0.872381818181818,0.862545454545455
114876,69567,45309,0.654523093243115,0.5914224939804,0.607448768979252,43.5490909090909,27.32,29.1309090909091,0.643636363636364,37.7472727272727,0.0672727272727273,16.0345454545455,0.0781818181818182,45.4290909090909,-0.0811787153197325,1.68882125526328,0.889890909090909,0.872381818181818,0.862545454545455
114904,69567,45337,0.654518014076932,0.591455353096605,0.607420357357696,43.5472727272727,27.3236363636364,29.1290909090909,0.643636363636364,37.7709090909091,0.08,16.0036363636364,0.0654545454545455,45.4363636363636,-0.0813703641951592,1.68500509703617,0.889890909090909,0.872381818181818,0.862545454545455
115036,69567,45469,0.654523529698291,0.591366271257253,0.607548508768189,43.5509090909091,27.3145454545455,29.1345454545455,0.641818181818182,37.8109090909091,0.0636363636363636,15.9709090909091,0.08,45.4327272727273,-0.0819468814141477,1.69450577951714,0.889890909090909,0.872381818181818,0.862545454545455
115026,69575,45451,0.654520418399674,0.591352960718395,0.607571642654991,43.5527272727273,27.3145454545455,29.1327272727273,0.636363636363636,37.84,0.08,15.9090909090909,0.0818181818181818,45.4527272727273,-0.0808867087841711,1.68341617065651,0.889890909090909,0.872381818181818,0.862545454545455
115041,69575,45466,0.65453956829443,0.591377883611577,0.607530963440495,43.5527272727273,27.3163636363636,29.1309090909091,0.634545454545455,37.8818181818182,0.0763636363636364,15.8636363636364,0.0836363636363636,45.46,-0.0809160241775151,1.67605951345864,0.889890909090909,0.872381818181818,0.862545454545455
114880,69575,45305,0.654537390849318,0.591295574352888,0.607483602739124,43.5527272727273,27.3163636363636,29.1309090909091,0.632727272727273,37.9018181818182,0.0981818181818182,15.8218181818182,0.0872727272727273,45.4581818181818,-0.0808592794944575,1.64389612766575,0.889890909090909,0.872381818181818,0.862545454545455
114810,69579,45231,0.654552064687102,0.591381827164105,0.607336963323589,43.5581818181818,27.3109090909091,29.1309090909091,0.627272727272727,37.9672727272727,0.0763636363636364,15.7781818181818,0.0890909090909091,45.4618181818182,-0.0800264582524753,1.64094298180108,0.889890909090909,0.872381818181818,0.862545454545455
114734,69585,45149,0.654534045202926,0.59123638331482,0.607270101457756,43.5563636363636,27.3163636363636,29.1272727272727,0.627272727272727,38.0127272727273,0.0636363636363636,15.7454545454545,0.0727272727272727,45.4781818181818,-0.0795156876990487,1.63372166197832,0.889890909090909,0.872381818181818,0.862545454545455
114729,69589,45140,0.654541685247304,0.591115951954637,0.607279248346644,43.56,27.3127272727273,29.1272727272727,0.625454545454545,38.0454545454545,0.0527272727272727,15.7090909090909,0.0963636363636364,45.4709090909091,-0.079174710261445,1.62193764912557,0.889890909090909,0.872381818181818,0.862545454545455
114690,69591,45099,0.654489981377128,0.591108793800662,0.607250203790134,43.5563636363636,27.3181818181818,29.1254545454545,0.614545454545455,38.0872727272727,0.0581818181818182,15.6690909090909,0.0890909090909091,45.4818181818182,-0.0792686324526916,1.60326331352646,0.889890909090909,0.872381818181818,0.862545454545455
114727,69589,45138,0.654562172176328,0.591077871878565,0.607362736549647,43.56,27.3109090909091,29.1290909090909,0.612727272727273,38.1327272727273,0.0581818181818182,15.6163636363636,0.0836363636363636,45.4963636363636,-0.0796783001818271,1.60377872393636,0.889890909090909,0.872381818181818,0.862545454545455
114991,69589,45402,0.654515346845347,0.591150432889746,0.607449408323906,43.5618181818182,27.3054545454545,29.1327272727273,0.609090909090909,38.18,0.0636363636363636,15.5836363636364,0.0727272727272727,45.4909090909091,-0.0800286495388718,1.62681397824887,0.889890909090909,0.872381818181818,0.862545454545455
114946,69577,45369,0.654461894876169,0.590910726324172,0.607473774111553,43.5563636363636,27.3109090909091,29.1327272727273,0.609090909090909,38.2163636363636,0.0727272727272727,15.5472727272727,0.0763636363636364,45.4781818181818,-0.0813514590146951,1.61021182405,0.889890909090909,0.872381818181818,0.862545454545455
115001,69579,45422,0.654490314968611,0.59101833668408,0.607434020194111,43.5509090909091,27.3145454545455,29.1345454545455,0.603636363636364,38.2545454545455,0.0690909090909091,15.5163636363636,0.0763636363636364,45.48,-0.0816134614155585,1.6223832172638,0.889890909090909,0.872381818181818,0.862545454545455
114905,69581,45324,0.654503784925516,0.59106950025708,0.607278303270549,43.5509090909091,27.3218181818182,29.1272727272727,0.601818181818182,38.2927272727273,0.0527272727272727,15.5090909090909,0.08,45.4636363636364,-0.0807820917792428,1.59768196737648,0.889890909090909,0.872381818181818,0.862545454545455
114833,69579,45254,0.654397041389196,0.591098443755854,0.607284883486294,43.5509090909091,27.3254545454545,29.1236363636364,0.598181818181818,38.3072727272727,0.0563636363636364,15.4818181818182,0.0909090909090909,45.4654545454545,-0.081704943343489,1.57203334134749,0.889890909090909,0.872381818181818,0.862545454545455
114771,69583,45188,0.654354876708728,0.591040417932428,0.607260552442476,43.5509090909091,27.3272727272727,29.1218181818182,0.596363636363636,38.3309090909091,0.0527272727272727,15.4545454545455,0.0909090909090909,45.4745454545455,-0.080843228850228,1.54702707645907,0.889890909090909,0.872381818181818,0.862545454545455
114819,69587,45232,0.654360392695166,0.590990012844573,0.607290597020791,43.5509090909091,27.3309090909091,29.1181818181818,0.596363636363636,38.3381818181818,0.0454545454545455,15.4709090909091,0.0818181818181818,45.4672727272727,-0.080313394876959,1.55099073278464,0.889890909090909,0.872381818181818,0.862545454545455
114878,69583,45295,0.654387842119413,0.591109689610369,0.607254414760843,43.5509090909091,27.3327272727273,29.1163636363636,0.587272727272727,38.36,0.0527272727272727,15.4709090909091,0.0745454545454545,45.4545454545455,-0.0812958912741372,1.55505055756816,0.889890909090909,0.872381818181818,0.862545454545455
114863,69587,45276,0.654393362553312,0.591169194423914,0.607215999678273,43.5527272727273,27.3272727272727,29.12,0.587272727272727,38.3636363636364,0.0563636363636364,15.4672727272727,0.0836363636363636,45.4418181818182,-0.0815255936196164,1.54420478396033,0.889890909090909,0.872381818181818,0.862545454545455
115055,69595,45460,0.654354477280538,0.591253788864231,0.607261309603807,43.5509090909091,27.3272727272727,29.1218181818182,0.585454545454545,38.3654545454545,0.0709090909090909,15.4654545454545,0.0636363636363636,45.4490909090909,-0.0804860691814776,1.5648934093431,0.889890909090909,0.872381818181818,0.862545454545455
115058,69597,45461,0.654415273926177,0.59108493686984,0.607311060016774,43.5581818181818,27.3163636363636,29.1254545454545,0.585454545454545,38.3745454545455,0.0745454545454545,15.4490909090909,0.0672727272727273,45.4490909090909,-0.0805025474715049,1.55421413943087,0.889890909090909,0.872381818181818,0.862545454545455
115044,69595,45449,0.654356795920914,0.590964608275556,0.607331057167654,43.56,27.3090909090909,29.1309090909091,0.583636363636364,38.3818181818182,0.0818181818181818,15.4327272727273,0.0636363636363636,45.4563636363636,-0.0802127032298648,1.54534694469449,0.889890909090909,0.872381818181818,0.862545454545455
114898,69603,45295,0.65441292987216,0.591056063297856,0.607170091280253,43.5545454545455,27.3181818181818,29.1272727272727,0.583636363636364,38.4018181818182,0.0709090909090909,15.4290909090909,0.06,45.4545454545455,-0.079630757743838,1.51203652058135,0.889890909090909,0.872381818181818,0.862545454545455
114903,69603,45300,0.654387676162078,0.591053183239237,0.607169693892935,43.5545454545455,27.32,29.1254545454545,0.583636363636364,38.4163636363636,0.0618181818181818,15.4290909090909,0.0690909090909091,45.44,-0.0796746315075738,1.50797489940781,0.889890909090909,0.872381818181818,0.862545454545455
114806,69605,45201,0.654277817055246,0.591080463885436,0.607124512073368,43.5527272727273,27.3236363636364,29.1236363636364,0.581818181818182,38.42,0.0545454545454545,15.46,0.0618181818181818,45.4218181818182,-0.0798415512481535,1.48144562342627,0.889890909090909,0.872381818181818,0.862545454545455
114791,69603,45188,0.65425617632612,0.591091883033628,0.607186421959095,43.5509090909091,27.3218181818182,29.1272727272727,0.58,38.4127272727273,0.0581818181818182,15.4636363636364,0.0709090909090909,45.4145454545455,-0.0805130535165848,1.46846268725666,0.889890909090909,0.872381818181818,0.862545454545455
114857,69607,45250,0.654199701141734,0.591151158011119,0.607224115869023,43.5472727272727,27.3290909090909,29.1236363636364,0.58,38.4054545454546,0.0618181818181818,15.4472727272727,0.0818181818181818,45.4236363636364,-0.0796411775447764,1.47044873793017,0.889890909090909,0.872381818181818,0.862545454545455
114857,69605,45252,0.654229741192818,0.591194923908927,0.607156334615015,43.5509090909091,27.3290909090909,29.12,0.576363636363636,38.4127272727273,0.06,15.4436363636364,0.0745454545454545,45.4327272727273,-0.08008187368743,1.46365421300923,0.889890909090909,0.872381818181818,0.862545454545455
115000,69609,45391,0.654107782114505,0.59107956039645,0.607219538240042,43.5545454545455,27.3254545454545,29.12,0.576363636363636,38.4181818181818,0.0490909090909091,15.4309090909091,0.0854545454545454,45.44,-0.0793045262104318,1.47647175194526,0.889890909090909,0.872381818181818,0.862545454545455
115030,69611,45419,0.654150517905067,0.591167779202088,0.607192191533319,43.5527272727273,27.3272727272727,29.12,0.576363636363636,38.3981818181818,0.0454545454545455,15.4527272727273,0.0745454545454545,45.4527272727273,-0.0794649902918371,1.47642104260793,0.889890909090909,0.872381818181818,0.862545454545455
114891,69611,45280,0.654149903806732,0.591153568226478,0.607097897406479,43.5527272727273,27.3290909090909,29.1181818181818,0.576363636363636,38.3909090909091,0.0381818181818182,15.4654545454545,0.0672727272727273,45.4618181818182,-0.0793939984895008,1.44889749371531,0.889890909090909,0.872381818181818,0.862545454545455
115090,69613,45477,0.654398119310816,0.591190153934182,0.607104990322801,43.5509090909091,27.3327272727273,29.1163636363636,0.578181818181818,38.3618181818182,0.0545454545454545,15.4745454545455,0.06,45.4709090909091,-0.0798584088230365,1.4590890774842,0.889890909090909,0.872381818181818,0.862545454545455
115058,69603,45455,0.654468276695492,0.59105746522301,0.607156667427466,43.5527272727273,27.3290909090909,29.1181818181818,0.578181818181818,38.3654545454545,0.0436363636363636,15.4745454545455,0.0581818181818182,45.48,-0.0811824569097635,1.44723413779654,0.889890909090909,0.872381818181818,0.862545454545455
115185,69605,45580,0.654433060096859,0.591019573068905,0.6072366682328,43.5509090909091,27.3290909090909,29.12,0.576363636363636,38.3654545454545,0.0472727272727273,15.4672727272727,0.06,45.4836363636364,-0.0806850998993137,1.45300247882578,0.889890909090909,0.872381818181818,0.862545454545455
115180,69609,45571,0.654404195214476,0.590954860138802,0.607229571163665,43.5509090909091,27.3290909090909,29.12,0.574545454545455,38.3709090909091,0.0381818181818182,15.46,0.0527272727272727,45.5036363636364,-0.0797934087490748,1.44419866227968,0.889890909090909,0.872381818181818,0.862545454545455
115048,69609,45439,0.654434400281591,0.590900744234504,0.607179530753928,43.5527272727273,27.3254545454545,29.1218181818182,0.570909090909091,38.3581818181818,0.0527272727272727,15.4672727272727,0.0672727272727273,45.4836363636364,-0.0795813155384332,1.41535164441236,0.889890909090909,0.872381818181818,0.862545454545455
115037,69615,45422,0.654371265336939,0.590811415235794,0.607047079111509,43.5490909090909,27.3309090909091,29.12,0.572727272727273,38.3636363636364,0.0490909090909091,15.4654545454545,0.0636363636363636,45.4854545454545,-0.078186969698965,1.40989624375308,0.889890909090909,0.872381818181818,0.862545454545455
114932,69615,45317,0.654380315175999,0.590711638173217,0.606990578831828,43.5490909090909,27.3272727272727,29.1236363636364,0.572727272727273,38.3636363636364,0.0436363636363636,15.4563636363636,0.08,45.4836363636364,-0.0786473768290307,1.37482428042726,0.889890909090909,0.872381818181818,0.862545454545455
114928,69611,45317,0.654371989750215,0.590678516565653,0.606977001718969,43.5509090909091,27.3272727272727,29.1218181818182,0.572727272727273,38.3709090909091,0.0454545454545455,15.46,0.0727272727272727,45.4781818181818,-0.0794038306970006,1.3659662919627,0.889890909090909,0.872381818181818,0.862545454545455
114905,69613,45292,0.654372697399368,0.59071732560266,0.606986418964595,43.5509090909091,27.3254545454545,29.1236363636364,0.570909090909091,38.3654545454545,0.0472727272727273,15.4654545454545,0.0690909090909091,45.4818181818182,-0.0788282103732027,1.3558032900095,0.889890909090909,0.872381818181818,0.862545454545455
115016,69617,45399,0.654450522667688,0.590693890577001,0.607048059221039,43.5509090909091,27.3254545454545,29.1236363636364,0.565454545454545,38.3709090909091,0.0436363636363636,15.46,0.1,45.46,-0.0789803966399631,1.35720755955712,0.889890909090909,0.872381818181818,0.862545454545455
115058,69617,45441,0.654436939474546,0.590687336476482,0.607116768135175,43.5509090909091,27.3254545454545,29.1236363636364,0.563636363636364,38.3727272727273,0.0472727272727273,15.4618181818182,0.0672727272727273,45.4872727272727,-0.0784985899704307,1.3598527666012,0.889890909090909,0.872381818181818,0.862545454545455
115084,69615,45469,0.65442624563586,0.590758373647089,0.607033012768872,43.5527272727273,27.3254545454545,29.1218181818182,0.563636363636364,38.3654545454545,0.0545454545454545,15.4436363636364,0.0745454545454545,45.4981818181818,-0.0791229320261416,1.36070084390654,0.889890909090909,0.872381818181818,0.862545454545455
114935,69617,45318,0.654426043500446,0.590698927330281,0.606964744061933,43.5527272727273,27.3272727272727,29.12,0.56,38.3818181818182,0.0436363636363636,15.4218181818182,0.0854545454545454,45.5072727272727,-0.079539558390719,1.3277305628935,0.889890909090909,0.872381818181818,0.862545454545455
114885,69615,45270,0.654444004725076,0.590644808559774,0.60702156447702,43.5545454545455,27.3290909090909,29.1163636363636,0.554545454545455,38.3927272727273,0.0418181818181818,15.4236363636364,0.0781818181818182,45.5090909090909,-0.0796841695712911,1.30947112894871,0.889890909090909,0.872381818181818,0.862545454545455
114869,69605,45264,0.654474036535313,0.590681941684585,0.60698244244345,43.5545454545455,27.3254545454545,29.12,0.554545454545455,38.3909090909091,0.0527272727272727,15.4054545454545,0.0727272727272727,45.5236363636364,-0.0821627863080886,1.3045474303717,0.889890909090909,0.872381818181818,0.862545454545455
114862,69615,45247,0.65447235205258,0.590510006005562,0.607010385382067,43.56,27.3218181818182,29.1181818181818,0.552727272727273,38.4072727272727,0.0563636363636364,15.3781818181818,0.0745454545454545,45.5309090909091,-0.0800868564493695,1.29192235569724,0.889890909090909,0.872381818181818,0.862545454545455
114863,69621,45242,0.654394738158607,0.590490925779468,0.606974040234749,43.5581818181818,27.3254545454545,29.1163636363636,0.550909090909091,38.4054545454546,0.0490909090909091,15.3836363636364,0.0690909090909091,45.5418181818182,-0.0789985948930156,1.28391776819798,0.889890909090909,0.872381818181818,0.862545454545455
114829,69629,45200,0.654425419948525,0.590263402985782,0.607027945764198,43.5636363636364,27.3181818181818,29.1181818181818,0.547272727272727,38.4254545454545,0.0381818181818182,15.36,0.0854545454545454,45.5436363636364,-0.0776777140095047,1.27206433080348,0.889890909090909,0.872381818181818,0.862545454545455
114978,69631,45347,0.654410769639761,0.590285839130836,0.607083084706361,43.5636363636364,27.3181818181818,29.1181818181818,0.543636363636364,38.4072727272727,0.0527272727272727,15.3618181818182,0.0763636363636364,45.5581818181818,-0.0776200847670473,1.2829527947459,0.889890909090909,0.872381818181818,0.862545454545455
114898,69635,45263,0.654383067053718,0.590280253116387,0.606990415122246,43.5636363636364,27.3181818181818,29.1181818181818,0.543636363636364,38.42,0.0527272727272727,15.3272727272727,0.0890909090909091,45.5672727272727,-0.0774154846765503,1.25992602045563,0.889890909090909,0.872381818181818,0.862545454545455
114943,69631,45312,0.654408879195092,0.590320451942822,0.606936125122131,43.5672727272727,27.3127272727273,29.12,0.538181818181818,38.3963636363636,0.0636363636363636,15.3327272727273,0.0745454545454545,45.5945454545455,-0.0780496671478349,1.2647360670973,0.889890909090909,0.872381818181818,0.862545454545455
114841,69635,45206,0.654446098397194,0.590292524929639,0.606868555837226,43.5709090909091,27.3145454545455,29.1145454545455,0.536363636363636,38.4,0.0563636363636364,15.3272727272727,0.0709090909090909,45.6090909090909,-0.0777922984714678,1.24483492172916,0.889890909090909,0.872381818181818,0.862545454545455
114909,69639,45270,0.654382863776163,0.59039918334594,0.606862154539783,43.5672727272727,27.3181818181818,29.1145454545455,0.529090909090909,38.4109090909091,0.0436363636363636,15.3272727272727,0.0690909090909091,45.62,-0.0766521418801197,1.25026010844687,0.889890909090909,0.872381818181818,0.862545454545455
114905,69637,45268,0.654358789505677,0.590314157853631,0.606868589593254,43.5690909090909,27.32,29.1109090909091,0.527272727272727,38.4109090909091,0.0563636363636364,15.3018181818182,0.0709090909090909,45.6327272727273,-0.0771631940385718,1.24024461718615,0.889890909090909,0.872381818181818,0.862545454545455
114837,69637,45200,0.654265046864687,0.59021122169263,0.606922458333467,43.5654545454545,27.32,29.1145454545455,0.525454545454546,38.4236363636364,0.0563636363636364,15.2872727272727,0.0745454545454545,45.6327272727273,-0.0771273846447664,1.21852255770937,0.889890909090909,0.872381818181818,0.862545454545455
114855,69629,45226,0.654276519880371,0.59019340440106,0.606896665135678,43.5672727272727,27.3163636363636,29.1163636363636,0.523636363636364,38.4018181818182,0.0527272727272727,15.2981818181818,0.0709090909090909,45.6527272727273,-0.0771370797625753,1.22021764035083,0.889890909090909,0.872381818181818,0.862545454545455
114895,69635,45260,0.654422538219839,0.590162489860857,0.606943393183078,43.5709090909091,27.3090909090909,29.12,0.518181818181818,38.3945454545455,0.0490909090909091,15.2709090909091,0.0690909090909091,45.6981818181818,-0.0765270770260196,1.21970307313075,0.889890909090909,0.872381818181818,0.862545454545455
114978,69631,45347,0.654397328558186,0.590186869258312,0.606906269725055,43.5690909090909,27.3036363636364,29.1272727272727,0.518181818181818,38.3763636363636,0.0581818181818182,15.26,0.0672727272727273,45.72,-0.0772177091811583,1.22002669428899,0.889890909090909,0.872381818181818,0.862545454545455
114975,69625,45350,0.654456333233465,0.590058940184947,0.606841120934035,43.5727272727273,27.3,29.1272727272727,0.516363636363636,38.36,0.0618181818181818,15.2290909090909,0.0727272727272727,45.76,-0.0779489181972828,1.21421500811861,0.889890909090909,0.872381818181818,0.862545454545455
114999,69629,45370,0.654430033607215,0.590059338638652,0.606890159962993,43.5727272727273,27.3018181818182,29.1254545454545,0.510909090909091,38.36,0.0527272727272727,15.2254545454545,0.0636363636363636,45.7872727272727,-0.0776403297353351,1.20659317806024,0.889890909090909,0.872381818181818,0.862545454545455
114852,69641,45211,0.654362141539227,0.58994431375321,0.606927267786399,43.5781818181818,27.3018181818182,29.12,0.507272727272727,38.3636363636364,0.0454545454545455,15.1945454545455,0.0727272727272727,45.8163636363636,-0.0758371965561475,1.18105075261979,0.889890909090909,0.872381818181818,0.862545454545455
114836,69643,45193,0.654408019028669,0.589879161827825,0.606889637030002,43.5763636363636,27.3054545454545,29.1181818181818,0.501818181818182,38.3454545454545,0.0472727272727273,15.1981818181818,0.0709090909090909,45.8363636363636,-0.0759782029699471,1.15735357224264,0.889890909090909,0.872381818181818,0.862545454545455
114846,69639,45207,0.654350889628957,0.589834115336061,0.606825120733015,43.5727272727273,27.3072727272727,29.12,0.498181818181818,38.3654545454545,0.0563636363636364,15.1472727272727,0.06,45.8727272727273,-0.0766354946847555,1.15470641071654,0.889890909090909,0.872381818181818,0.862545454545455
114879,69641,45238,0.654290378416979,0.589947775173367,0.60677191876933,43.5709090909091,27.3145454545455,29.1145454545455,0.498181818181818,38.3545454545455,0.0527272727272727,15.1309090909091,0.0618181818181818,45.9018181818182,-0.0773042786519165,1.15240320414305,0.889890909090909,0.872381818181818,0.862545454545455
114896,69649,45247,0.654320205909905,0.589784229249448,0.606753856727658,43.5763636363636,27.3036363636364,29.12,0.498181818181818,38.3527272727273,0.0418181818181818,15.1054545454545,0.0527272727272727,45.9490909090909,-0.0754812063855669,1.14198292554779,0.889890909090909,0.872381818181818,0.862545454545455
115020,69653,45367,0.65432170541876,0.58968498782995,0.60685185636414,43.5781818181818,27.3018181818182,29.12,0.496363636363636,38.3509090909091,0.0418181818181818,15.0818181818182,0.06,45.9690909090909,-0.0741573003573814,1.14919078289108,0.889890909090909,0.872381818181818,0.862545454545455
114895,69650,45245,0.654323122084853,0.589550842210603,0.606807448630046,43.5781818181818,27.2963636363636,29.1254545454545,0.494545454545455,38.3581818181818,0.0436363636363636,15.0563636363636,0.0545454545454545,45.9927272727273,-0.0749501839154453,1.12141222382938,0.889890909090909,0.872381818181818,0.862545454545455
114936,69654,45282,0.654333387926666,0.589630188939867,0.606807992211618,43.5763636363636,27.3036363636364,29.12,0.490909090909091,38.3727272727273,0.04,15.0036363636364,0.0618181818181818,46.0309090909091,-0.0747752916895313,1.12207755612273,0.889890909090909,0.872381818181818,0.862545454545455
114856,69658,45198,0.65427394128157,0.589695996025083,0.606668089592356,43.5763636363636,27.3090909090909,29.1145454545455,0.485454545454546,38.3872727272727,0.0454545454545455,14.9563636363636,0.0618181818181818,46.0636363636364,-0.0738876872698628,1.11391225980849,0.889890909090909,0.872381818181818,0.862545454545455
114925,69662,45263,0.654304031671739,0.589736576296617,0.606737028282532,43.58,27.3090909090909,29.1109090909091,0.478181818181818,38.3981818181818,0.0381818181818182,14.92,0.0672727272727273,46.0981818181818,-0.0741957189104472,1.11288472427563,0.889890909090909,0.872381818181818,0.862545454545455
114866,69660,45206,0.654245191647524,0.589655345421438,0.606782731906101,43.5818181818182,27.3054545454545,29.1127272727273,0.478181818181818,38.3945454545455,0.0563636363636364,14.8727272727273,0.06,46.1381818181818,-0.074174327922215,1.09769186154855,0.889890909090909,0.872381818181818,0.862545454545455
114995,69664,45331,0.654267034208125,0.589626616451493,0.606788825373631,43.58,27.3,29.12,0.472727272727273,38.4090909090909,0.0490909090909091,14.8363636363636,0.0636363636363636,46.1690909090909,-0.0747100986511214,1.10927085911178,0.889890909090909,0.872381818181818,0.862545454545455
115009,69656,45353,0.654237324214301,0.589624693910124,0.606841460950044,43.5763636363636,27.2981818181818,29.1254545454545,0.470909090909091,38.4054545454546,0.0509090909090909,14.8072727272727,0.0672727272727273,46.1981818181818,-0.0754391510502583,1.10387831716375,0.889890909090909,0.872381818181818,0.862545454545455
114756,69658,45098,0.654200536748009,0.589531561791404,0.606667224714276,43.5763636363636,27.3018181818182,29.1218181818182,0.465454545454546,38.4090909090909,0.0545454545454545,14.7890909090909,0.08,46.2018181818182,-0.0749158088722404,1.06195907986469,0.889890909090909,0.872381818181818,0.862545454545455
114948,69660,45288,0.654302696847258,0.589457193459119,0.606725717430537,43.5781818181818,27.2981818181818,29.1236363636364,0.465454545454546,38.42,0.0436363636363636,14.7836363636364,0.0636363636363636,46.2236363636364,-0.0753908423204187,1.08142353914339,0.889890909090909,0.872381818181818,0.862545454545455
114924,69666,45258,0.654310904940781,0.589396562816732,0.606706242695008,43.5836363636364,27.2945454545455,29.1218181818182,0.465454545454546,38.4163636363636,0.04,14.7527272727273,0.0690909090909091,46.2563636363636,-0.0739681312223679,1.06992638017559,0.889890909090909,0.872381818181818,0.862545454545455
114925,69664,45261,0.654314611976047,0.589445417699228,0.606616293924956,43.5818181818182,27.2981818181818,29.12,0.463636363636364,38.4072727272727,0.0436363636363636,14.7309090909091,0.0527272727272727,46.3018181818182,-0.0740557681806174,1.06498762699352,0.889890909090909,0.872381818181818,0.862545454545455
114792,69666,45126,0.654163681066742,0.589535424472865,0.606616793755816,43.5745454545455,27.3145454545455,29.1109090909091,0.456363636363636,38.4181818181818,0.0436363636363636,14.7,0.0509090909090909,46.3309090909091,-0.0731918315944892,1.04354118914767,0.889890909090909,0.872381818181818,0.862545454545455
114767,69668,45099,0.654142445472308,0.589431937847159,0.606738404062928,43.58,27.3054545454545,29.1145454545455,0.450909090909091,38.4218181818182,0.0563636363636364,14.6581818181818,0.0545454545454545,46.3581818181818,-0.0737418627107135,1.02336712388152,0.889890909090909,0.872381818181818,0.862545454545455
114788,69664,45124,0.654228959696748,0.589389494161511,0.606779984501012,43.5781818181818,27.3054545454545,29.1163636363636,0.450909090909091,38.42,0.06,14.62,0.06,46.3890909090909,-0.0745654171976309,1.02182947975499,0.889890909090909,0.872381818181818,0.862545454545455
114777,69668,45109,0.654139160913193,0.589377041808585,0.606741014648999,43.5763636363636,27.3072727272727,29.1163636363636,0.447272727272727,38.42,0.06,14.5690909090909,0.0654545454545455,46.4381818181818,-0.0749654203046785,1.01064744589385,0.889890909090909,0.872381818181818,0.862545454545455
114832,69670,45162,0.654265333387476,0.589410054378283,0.606787078372813,43.5818181818182,27.3018181818182,29.1163636363636,0.443636363636364,38.4327272727273,0.04,14.54,0.0581818181818182,46.4854545454545,-0.0745478999332012,1.01471382846886,0.889890909090909,0.872381818181818,0.862545454545455
115041,69674,45367,0.654245950015887,0.589414831080193,0.606862486778322,43.5745454545455,27.3090909090909,29.1163636363636,0.445454545454545,38.4363636363636,0.04,14.4909090909091,0.0527272727272727,46.5345454545455,-0.0742226981949484,1.03883794541047,0.889890909090909,0.872381818181818,0.862545454545455
114962,69680,45282,0.654228098127651,0.589419473292597,0.60684906513152,43.5781818181818,27.3072727272727,29.1145454545455,0.441818181818182,38.4527272727273,0.0345454545454545,14.4490909090909,0.0581818181818182,46.5636363636364,-0.073256944104783,1.01450640496544,0.889890909090909,0.872381818181818,0.862545454545455
115007,69680,45327,0.654163934534483,0.58938023124159,0.60673798734326,43.5763636363636,27.3054545454545,29.1181818181818,0.438181818181818,38.4509090909091,0.0509090909090909,14.3763636363636,0.08,46.6036363636364,-0.073085614858428,1.00881868617778,0.889890909090909,0.872381818181818,0.862545454545455
114849,69676,45173,0.65412701781165,0.58931210280427,0.606711183076092,43.5727272727273,27.3054545454545,29.1218181818182,0.432727272727273,38.4763636363636,0.0418181818181818,14.3381818181818,0.06,46.6509090909091,-0.0736403314312073,0.989974913517521,0.889890909090909,0.872381818181818,0.862545454545455
115013,69670,45343,0.654132241103917,0.589330084643555,0.606818921516354,43.5745454545455,27.3036363636364,29.1218181818182,0.432727272727273,38.4545454545455,0.0545454545454545,14.2890909090909,0.0654545454545455,46.7036363636364,-0.0741684573254051,1.00381482543254,0.889890909090909,0.872381818181818,0.862545454545455
114726,69670,45056,0.653785191089857,0.589235719695935,0.606914239685521,43.5781818181818,27.3072727272727,29.1145454545455,0.430909090909091,38.4490909090909,0.0527272727272727,14.2618181818182,0.0581818181818182,46.7472727272727,-0.0739228927236003,0.971940377257256,0.889890909090909,0.872381818181818,0.862545454545455
114734,69676,45058,0.653829198804691,0.589388403236533,0.606967438437667,43.5763636363636,27.3109090909091,29.1127272727273,0.429090909090909,38.4618181818182,0.0545454545454545,14.1963636363636,0.0527272727272727,46.8054545454546,-0.0735400393658148,0.963261150390926,0.889890909090909,0.872381818181818,0.862545454545455
114788,69678,45110,0.653872840616289,0.589318132339183,0.60695952011616,43.5781818181818,27.3127272727273,29.1090909090909,0.429090909090909,38.48,0.0563636363636364,14.1181818181818,0.0581818181818182,46.8581818181818,-0.0743018028193381,0.965050391696224,0.889890909090909,0.872381818181818,0.862545454545455
114751,69668,45083,0.653839048862222,0.589283901829732,0.606975656385902,43.5727272727273,27.3145454545455,29.1127272727273,0.425454545454545,38.4945454545455,0.0690909090909091,14.0527272727273,0.0636363636363636,46.8945454545455,-0.0755236109393247,0.943179389013147,0.889890909090909,0.872381818181818,0.862545454545455
114953,69674,45279,0.6541534016309,0.589071280266043,0.606970400135287,43.5745454545455,27.3127272727273,29.1127272727273,0.418181818181818,38.5381818181818,0.0527272727272727,13.9963636363636,0.0618181818181818,46.9327272727273,-0.0748622917382322,0.94897497205741,0.889890909090909,0.872381818181818,0.862545454545455
114961,69672,45289,0.654225040720672,0.589165186231564,0.606966658099105,43.5763636363636,27.3090909090909,29.1145454545455,0.414545454545455,38.5509090909091,0.0509090909090909,13.9472727272727,0.0672727272727273,46.9690909090909,-0.0750318940608519,0.94740713398311,0.889890909090909,0.872381818181818,0.862545454545455
114956,69664,45292,0.654283142817009,0.589015072476215,0.606983563457249,43.5818181818182,27.3,29.1181818181818,0.410909090909091,38.5709090909091,0.0418181818181818,13.8781818181818,0.0618181818181818,47.0363636363636,-0.0760761480011173,0.943613820421425,0.889890909090909,0.872381818181818,0.862545454545455
114928,69666,45262,0.654242797397983,0.588921046098447,0.606932406457646,43.5781818181818,27.3090909090909,29.1127272727273,0.410909090909091,38.5909090909091,0.0454545454545455,13.8054545454545,0.0545454545454545,47.0927272727273,-0.0750754572164045,0.931652472142807,0.889890909090909,0.872381818181818,0.862545454545455
114917,69670,45247,0.654063426646102,0.588851499314059,0.606956201730454,43.5781818181818,27.3145454545455,29.1072727272727,0.409090909090909,38.6090909090909,0.0509090909090909,13.7418181818182,0.0490909090909091,47.14,-0.0744185713775964,0.91841009220701,0.889890909090909,0.872381818181818,0.862545454545455
114961,69668,45293,0.65411903032657,0.588915493585185,0.606916534923324,43.5745454545455,27.3163636363636,29.1090909090909,0.407272727272727,38.6345454545455,0.0545454545454545,13.66,0.0672727272727273,47.1763636363636,-0.0747662006873394,0.918162651800296,0.889890909090909,0.872381818181818,0.862545454545455
114889,69680,45209,0.653979227640125,0.588827362514873,0.606999204738394,43.5690909090909,27.3254545454545,29.1054545454545,0.405454545454546,38.6890909090909,0.0418181818181818,13.5836363636364,0.06,47.22,-0.0736845138968254,0.899216652513397,0.889890909090909,0.872381818181818,0.862545454545455
114899,69678,45221,0.654017878930655,0.588774198053906,0.607006594335994,43.5690909090909,27.3236363636364,29.1072727272727,0.403636363636364,38.7018181818182,0.0454545454545455,13.5109090909091,0.06,47.2781818181818,-0.074341969029245,0.890510700139302,0.889890909090909,0.872381818181818,0.862545454545455
114898,69682,45216,0.654040298251453,0.588618855768491,0.60695784013307,43.5745454545455,27.32,29.1054545454545,0.4,38.7327272727273,0.0454545454545455,13.4290909090909,0.0654545454545455,47.3272727272727,-0.0738071498073458,0.887819503230805,0.889890909090909,0.872381818181818,0.862545454545455
114912,69682,45230,0.653963099515502,0.588557186145261,0.606993052802335,43.5690909090909,27.3218181818182,29.1090909090909,0.401818181818182,38.7509090909091,0.0436363636363636,13.3690909090909,0.0636363636363636,47.3709090909091,-0.0744997922644622,0.882817180598663,0.889890909090909,0.872381818181818,0.862545454545455
114866,69674,45192,0.654053617503833,0.588548898406724,0.607065160447826,43.5709090909091,27.3163636363636,29.1127272727273,0.398181818181818,38.7818181818182,0.0454545454545455,13.2854545454545,0.0672727272727273,47.4218181818182,-0.0753409047117616,0.871986980469559,0.889890909090909,0.872381818181818,0.862545454545455
114590,69668,44922,0.653784315011646,0.58854256405889,0.607019719358608,43.5709090909091,27.3163636363636,29.1127272727273,0.398181818181818,38.8272727272727,0.0527272727272727,13.2072727272727,0.0654545454545455,47.4490909090909,-0.0761168086139316,0.824875480173664,0.889890909090909,0.872381818181818,0.862545454545455
114741,69670,45071,0.653778605170166,0.588426119757628,0.607044234840727,43.5709090909091,27.3181818181818,29.1109090909091,0.394545454545454,38.8727272727273,0.0363636363636364,13.1490909090909,0.0563636363636364,47.4909090909091,-0.0765459406220047,0.844804009020498,0.889890909090909,0.872381818181818,0.862545454545455
114820,69678,45142,0.65382727496376,0.588435478030444,0.60698697799026,43.5745454545455,27.3181818181818,29.1072727272727,0.390909090909091,38.8872727272727,0.0418181818181818,13.1072727272727,0.0490909090909091,47.5236363636364,-0.0754684926072183,0.85333180566403,0.889890909090909,0.872381818181818,0.862545454545455
114988,69682,45306,0.653959434034667,0.588423900083172,0.607042952864781,43.5745454545455,27.3236363636364,29.1018181818182,0.387272727272727,38.9109090909091,0.0418181818181818,13.04,0.0563636363636364,47.5636363636364,-0.0750971698731353,0.861778660702773,0.889890909090909,0.872381818181818,0.862545454545455
114976,69694,45282,0.654008514529077,0.588164778049616,0.607102636241856,43.5727272727273,27.3218181818182,29.1054545454545,0.385454545454545,38.9672727272727,0.0345454545454545,12.9472727272727,0.0545454545454545,47.6109090909091,-0.0730517051144323,0.846357388802889,0.889890909090909,0.872381818181818,0.862545454545455
115103,69686,45417,0.65405647104023,0.588338018290206,0.607084054024325,43.5745454545455,27.3218181818182,29.1036363636364,0.383636363636364,39.0090909090909,0.0490909090909091,12.8454545454545,0.0436363636363636,47.6690909090909,-0.0741325623257911,0.872645207003436,0.889890909090909,0.872381818181818,0.862545454545455
115149,69676,45473,0.65420384536843,0.588382850487585,0.607070683947098,43.5836363636364,27.3090909090909,29.1072727272727,0.38,39.06,0.0436363636363636,12.76,0.0454545454545455,47.7109090909091,-0.0763275857799189,0.875731260947544,0.889890909090909,0.872381818181818,0.862545454545455
115046,69680,45366,0.654251060670764,0.588324411860725,0.606981071482947,43.5854545454546,27.3090909090909,29.1054545454545,0.378181818181818,39.12,0.0363636363636364,12.6818181818182,0.0472727272727273,47.7363636363636,-0.076210908678728,0.85017246408388,0.889890909090909,0.872381818181818,0.862545454545455
115093,69686,45407,0.654203455444834,0.588290716486741,0.606876197619162,43.5818181818182,27.3127272727273,29.1054545454545,0.376363636363636,39.1745454545455,0.0363636363636364,12.5945454545455,0.0418181818181818,47.7763636363636,-0.0740707312350754,0.853436220327223,0.889890909090909,0.872381818181818,0.862545454545455
115041,69692,45349,0.65413367371774,0.58826330663335,0.606878795399031,43.58,27.3145454545455,29.1054545454545,0.376363636363636,39.2090909090909,0.0436363636363636,12.5181818181818,0.0472727272727273,47.8054545454546,-0.0730717359672285,0.831550578239628,0.889890909090909,0.872381818181818,0.862545454545455
114827,69694,45133,0.653801184013235,0.588258602728759,0.60688780515927,43.5781818181818,27.3145454545455,29.1072727272727,0.374545454545455,39.2581818181818,0.0472727272727273,12.4309090909091,0.04,47.8490909090909,-0.0733508602951505,0.800418015882712,0.889890909090909,0.872381818181818,0.862545454545455
114783,69690,45093,0.653857168309076,0.58812133107255,0.606928416881066,43.5872727272727,27.3109090909091,29.1018181818182,0.370909090909091,39.3272727272727,0.0381818181818182,12.3290909090909,0.06,47.8745454545455,-0.0742972034867059,0.805205003904517,0.889890909090909,0.872381818181818,0.862545454545455
115086,69692,45394,0.654198123937027,0.588162582005098,0.606998455052327,43.5836363636364,27.3145454545455,29.1018181818182,0.369090909090909,39.3745454545455,0.0345454545454545,12.2454545454545,0.0509090909090909,47.9254545454545,-0.0740213878033418,0.830962962327017,0.889890909090909,0.872381818181818,0.862545454545455
115024,69692,45332,0.654168717877542,0.588161038655158,0.606980828043433,43.5836363636364,27.3127272727273,29.1036363636364,0.367272727272727,39.4,0.06,12.1836363636364,0.0472727272727273,47.9418181818182,-0.0743951715186334,0.81450699002228,0.889890909090909,0.872381818181818,0.862545454545455
115126,69686,45440,0.654188613526096,0.588200876859522,0.607017594327109,43.5836363636364,27.3090909090909,29.1072727272727,0.365454545454545,39.4218181818182,0.0636363636363636,12.1381818181818,0.0509090909090909,47.96,-0.074220584040714,0.817370500923558,0.889890909090909,0.872381818181818,0.862545454545455
115219,69686,45533,0.654268616800094,0.588039162620587,0.607055881117838,43.5927272727273,27.2963636363636,29.1109090909091,0.363636363636364,39.4818181818182,0.0563636363636364,12.0636363636364,0.0527272727272727,47.9818181818182,-0.0742257369508231,0.816524097543548,0.889890909090909,0.872381818181818,0.862545454545455
115047,69686,45361,0.653987078674387,0.588007056564631,0.607024890897191,43.5927272727273,27.2945454545455,29.1127272727273,0.365454545454545,39.5072727272727,0.0454545454545455,12.0254545454545,0.0490909090909091,48.0072727272727,-0.0753331390619595,0.798135416840457,0.889890909090909,0.872381818181818,0.862545454545455
115141,69698,45443,0.653965807726741,0.587939458010193,0.606992961389593,43.5927272727273,27.2945454545455,29.1127272727273,0.365454545454545,39.5654545454545,0.0309090909090909,11.9490909090909,0.0472727272727273,48.0418181818182,-0.0726777349102618,0.807501255073161,0.889890909090909,0.872381818181818,0.862545454545455
115192,69704,45488,0.654195238060383,0.587842721674999,0.606934427725258,43.5909090909091,27.3018181818182,29.1072727272727,0.365454545454545,39.5618181818182,0.0363636363636364,11.9036363636364,0.0327272727272727,48.1,-0.0708865415908142,0.791830011135475,0.889890909090909,0.872381818181818,0.862545454545455
115206,69710,45496,0.654234309081414,0.587639780441562,0.606933473460025,43.5927272727273,27.3018181818182,29.1054545454545,0.365454545454545,39.5763636363636,0.0345454545454545,11.8818181818182,0.0363636363636364,48.1054545454545,-0.0706102579498044,0.782914160886271,0.889890909090909,0.872381818181818,0.862545454545455
115211,69714,45497,0.654189627772905,0.587767468404589,0.606944703616326,43.5963636363636,27.3072727272727,29.0963636363636,0.365454545454545,39.5890909090909,0.0345454545454545,11.8563636363636,0.0436363636363636,48.1109090909091,-0.0695293525276859,0.781154966853898,0.889890909090909,0.872381818181818,0.862545454545455
115220,69716,45504,0.654106863651425,0.587679120788715,0.606918453175241,43.6,27.2945454545455,29.1054545454545,0.365454545454545,39.5981818181818,0.0509090909090909,11.8054545454545,0.04,48.14,-0.0679448993111278,0.774753045002845,0.889890909090909,0.872381818181818,0.862545454545455
115255,69714,45541,0.654149321684246,0.587705838096156,0.606967798758847,43.5981818181818,27.2963636363636,29.1054545454545,0.363636363636364,39.6090909090909,0.0454545454545455,11.7781818181818,0.0381818181818182,48.1654545454545,-0.0688123032905754,0.775253551546484,0.889890909090909,0.872381818181818,0.862545454545455
115152,69714,45438,0.653795422006088,0.587760339984497,0.607024391147868,43.5981818181818,27.2909090909091,29.1109090909091,0.358181818181818,39.6254545454546,0.0636363636363636,11.7436363636364,0.0472727272727273,48.1618181818182,-0.0694656747962158,0.752855890930038,0.889890909090909,0.872381818181818,0.862545454545455
115037,69714,45323,0.653777237191809,0.587692912714807,0.606970459720701,43.6,27.2890909090909,29.1109090909091,0.358181818181818,39.6618181818182,0.0672727272727273,11.6909090909091,0.0436363636363636,48.1781818181818,-0.0695748019155872,0.726862668203698,0.889890909090909,0.872381818181818,0.862545454545455
115142,69707,45435,0.653900532869272,0.587695781911657,0.60695817967023,43.6018181818182,27.2890909090909,29.1090909090909,0.356363636363636,39.7054545454545,0.0436363636363636,11.6563636363636,0.0472727272727273,48.1909090909091,-0.070725326610409,0.736618568413806,0.889890909090909,0.872381818181818,0.862545454545455
115324,69707,45617,0.654133262635336,0.5876136320483,0.607018713542189,43.5945454545455,27.2963636363636,29.1090909090909,0.354545454545454,39.7236363636364,0.0563636363636364,11.6090909090909,0.0363636363636364,48.22,-0.0700872571631573,0.757145857641643,0.889890909090909,0.872381818181818,0.862545454545455
115497,69715,45782,0.654050985557827,0.58756027000012,0.607040194422799,43.5981818181818,27.2945454545455,29.1072727272727,0.354545454545454,39.7327272727273,0.0672727272727273,11.5727272727273,0.0381818181818182,48.2345454545455,-0.068660605715294,0.763609501626343,0.889890909090909,0.872381818181818,0.862545454545455
115452,69719,45733,0.654038558186778,0.587591822886757,0.606981348761467,43.5981818181818,27.2963636363636,29.1054545454545,0.350909090909091,39.7290909090909,0.0563636363636364,11.5781818181818,0.04,48.2454545454545,-0.0690485620842744,0.758775108197535,0.889890909090909,0.872381818181818,0.862545454545455
115365,69717,45648,0.654026945873756,0.587592466705655,0.606978859589155,43.5963636363636,27.2981818181818,29.1054545454545,0.350909090909091,39.7381818181818,0.0436363636363636,11.5654545454545,0.0436363636363636,48.2581818181818,-0.068875330000248,0.743464798052711,0.889890909090909,0.872381818181818,0.862545454545455
115319,69710,45609,0.653971152603704,0.587572642894175,0.606966864726605,43.6018181818182,27.2890909090909,29.1090909090909,0.349090909090909,39.7690909090909,0.0472727272727273,11.5272727272727,0.04,48.2672727272727,-0.0686741869339709,0.733159638306295,0.889890909090909,0.872381818181818,0.862545454545455
115007,69708,45299,0.653627362213632,0.587566991715471,0.606889691327757,43.6,27.2890909090909,29.1109090909091,0.349090909090909,39.7890909090909,0.0509090909090909,11.4927272727273,0.0490909090909091,48.2690909090909,-0.0700513465311484,0.677736675129695,0.889890909090909,0.872381818181818,0.862545454545455
115068,69708,45360,0.653713812700822,0.587595403162327,0.606861788564979,43.5981818181818,27.2818181818182,29.12,0.349090909090909,39.7963636363636,0.0527272727272727,11.4945454545455,0.0363636363636364,48.2709090909091,-0.070967982301888,0.69714737820693,0.889890909090909,0.872381818181818,0.862545454545455
115324,69706,45618,0.653971229758741,0.587572325258736,0.606848760861068,43.6,27.2909090909091,29.1090909090909,0.345454545454545,39.8381818181818,0.04,11.4545454545455,0.0436363636363636,48.2781818181818,-0.0708040665721373,0.722201377359769,0.889890909090909,0.872381818181818,0.862545454545455
115438,69718,45720,0.653859063484596,0.58755908887385,0.60692718750228,43.6018181818182,27.2854545454545,29.1127272727273,0.345454545454545,39.8381818181818,0.0454545454545455,11.4381818181818,0.0436363636363636,48.2890909090909,-0.0689843997770037,0.7200189152415,0.889890909090909,0.872381818181818,0.862545454545455
115487,69722,45765,0.6539045752061,0.587479985159189,0.606992817618027,43.5981818181818,27.2890909090909,29.1127272727273,0.343636363636364,39.8509090909091,0.0345454545454545,11.4309090909091,0.0436363636363636,48.2963636363636,-0.0681119932959766,0.72270884931151,0.889890909090909,0.872381818181818,0.862545454545455
115594,69732,45862,0.654160793547746,0.58746115592554,0.607051596245515,43.6036363636364,27.2818181818182,29.1145454545455,0.343636363636364,39.8654545454545,0.04,11.3981818181818,0.0454545454545455,48.3072727272727,-0.0682136888521861,0.72776781399311,0.889890909090909,0.872381818181818,0.862545454545455
115489,69721,45768,0.654110033992987,0.587341171359971,0.606928485844835,43.6,27.2890909090909,29.1109090909091,0.341818181818182,39.8909090909091,0.0381818181818182,11.3509090909091,0.0490909090909091,48.3290909090909,-0.068857772385011,0.71119464144153,0.889890909090909,0.872381818181818,0.862545454545455
115562,69723,45839,0.654149563733727,0.587316161862763,0.606922876293308,43.5963636363636,27.2890909090909,29.1145454545455,0.341818181818182,39.92,0.0309090909090909,11.3054545454545,0.04,48.3618181818182,-0.0675162825480749,0.716786584436671,0.889890909090909,0.872381818181818,0.862545454545455
115574,69727,45847,0.654110860103639,0.587341834807067,0.606923135836573,43.5945454545455,27.2909090909091,29.1145454545455,0.338181818181818,39.9418181818182,0.0418181818181818,11.2636363636364,0.0472727272727273,48.3672727272727,-0.0671796285568483,0.704281434082341,0.889890909090909,0.872381818181818,0.862545454545455
115420,69719,45701,0.654007765804509,0.587273327063554,0.606946368112169,43.5909090909091,27.2981818181818,29.1109090909091,0.338181818181818,39.9818181818182,0.0363636363636364,11.2036363636364,0.06,48.38,-0.0692064753937302,0.671150671631436,0.889890909090909,0.872381818181818,0.862545454545455
115393,69719,45674,0.654077478955746,0.587364280997984,0.606944061071657,43.5945454545455,27.3,29.1054545454545,0.334545454545455,40.0163636363636,0.04,11.1781818181818,0.0454545454545455,48.3854545454545,-0.0701617791592567,0.66293482452377,0.889890909090909,0.872381818181818,0.862545454545455
115495,69725,45770,0.654084347523941,0.587304920590112,0.606960318613053,43.6,27.2927272727273,29.1072727272727,0.334545454545455,40.0563636363636,0.0327272727272727,11.1454545454545,0.0563636363636364,48.3745454545455,-0.0679572711857459,0.674311013140885,0.889890909090909,0.872381818181818,0.862545454545455
