"total_rewards","action_rewards","opinion_rewards","sp0_social_trust","sp1_social_trust","sp2_social_trust","sp0_request_rate","sp1_request_rate","sp2_request_rate","op0_expression_rate","op1_expression_rate","op2_expression_rate","op3_expression_rate","op4_expression_rate","op5_expression_rate","mean_loss1","mean_loss2","sp0_availability","sp1_availability","sp2_availability"
33559,33650,-91,0.732016934485483,0.735805552861421,0.737372688206803,33.6163636363636,32.7563636363636,33.6272727272727,16.72,17.1072727272727,16.1890909090909,16.3672727272727,17.08,16.5363636363636,1.92268878546628,-1.83890527215871,0.880072727272727,0.891890909090909,0.888763636363636
34019,33663,356,0.732111522209249,0.73605647580926,0.737294114027143,33.6145454545455,32.7454545454545,33.64,16.5981818181818,17.2218181818182,16.0381818181818,16.5436363636364,16.9236363636364,16.6745454545455,1.8522825403647,-1.75911629850214,0.880072727272727,0.891890909090909,0.888763636363636
34343,33671,672,0.732044703649273,0.735884165040808,0.737330063234865,33.5709090909091,32.7454545454545,33.6836363636364,16.4909090909091,17.3327272727273,15.8963636363636,16.6581818181818,16.8236363636364,16.7981818181818,1.78113500421697,-1.74505056251179,0.880072727272727,0.891890909090909,0.888763636363636
34714,33690,1024,0.732050207006742,0.735514318368351,0.737215551806218,33.5527272727273,32.7581818181818,33.6890909090909,16.3654545454545,17.4563636363636,15.7418181818182,16.8145454545455,16.7036363636364,16.9181818181818,1.71049880981445,-1.71211280931126,0.880072727272727,0.891890909090909,0.888763636363636
35234,33732,1502,0.732018026866411,0.735408432935916,0.737243593492171,33.5363636363636,32.7745454545455,33.6890909090909,16.2054545454545,17.6181818181818,15.5618181818182,17,16.5672727272727,17.0472727272727,1.64181657921184,-1.61468045440587,0.880072727272727,0.891890909090909,0.888763636363636
35600,33754,1846,0.731876460345692,0.735462191059079,0.737217251527653,33.4727272727273,32.8436363636364,33.6836363636364,16.0763636363636,17.7363636363636,15.4272727272727,17.1290909090909,16.4509090909091,17.18,1.57141876220703,-1.58590023463423,0.880072727272727,0.891890909090909,0.888763636363636
36003,33807,2196,0.731797106302524,0.73551180158302,0.737216109119101,33.4163636363636,32.8745454545455,33.7090909090909,15.9254545454545,17.8636363636364,15.2981818181818,17.2545454545455,16.3418181818182,17.3163636363636,1.50287840908224,-1.55930148742416,0.880072727272727,0.891890909090909,0.888763636363636
36542,33844,2698,0.731790883407195,0.735489087686844,0.737228174228395,33.3781818181818,32.8654545454545,33.7563636363636,15.7909090909091,17.9763636363636,15.1472727272727,17.4181818181818,16.1436363636364,17.5236363636364,1.43213373747739,-1.45163480422714,0.880072727272727,0.891890909090909,0.888763636363636
36994,33872,3122,0.731474177554304,0.735379284313885,0.737359200505907,33.3472727272727,32.86,33.7927272727273,15.6145454545455,18.1127272727273,15.0272727272727,17.5745454545455,15.9945454545455,17.6763636363636,1.3602987462824,-1.38918792984702,0.880072727272727,0.891890909090909,0.888763636363636
37446,33906,3540,0.731093820468416,0.735397996100466,0.73724224298897,33.2963636363636,32.8745454545455,33.8290909090909,15.4890909090909,18.2363636363636,14.8545454545455,17.7545454545455,15.8381818181818,17.8272727272727,1.28795606981624,-1.33605864318934,0.880072727272727,0.891890909090909,0.888763636363636
37929,33996,3933,0.730838447608973,0.735293435046724,0.737298594113648,33.2490909090909,32.8872727272727,33.8636363636364,15.3327272727273,18.3654545454545,14.74,17.8890909090909,15.7109090909091,17.9618181818182,1.21954823244702,-1.29258537671783,0.880072727272727,0.891890909090909,0.888763636363636
38472,34024,4448,0.730423410277316,0.735256874673515,0.737138721374555,33.2218181818182,32.9109090909091,33.8672727272727,15.1581818181818,18.5163636363636,14.6054545454545,18.04,15.5327272727273,18.1472727272727,1.1450125856833,-1.1957608954473,0.880072727272727,0.891890909090909,0.888763636363636
38929,34042,4887,0.729950919348835,0.734868900660636,0.736990470986445,33.1763636363636,32.9327272727273,33.8909090909091,14.9836363636364,18.68,14.46,18.1709090909091,15.3636363636364,18.3418181818182,1.06792863390662,-1.13575384400108,0.880072727272727,0.891890909090909,0.888763636363636
39427,34059,5368,0.729626378879304,0.734643478737515,0.736813863572609,33.1581818181818,32.9363636363636,33.9054545454545,14.7854545454545,18.8381818181818,14.2945454545455,18.38,15.1709090909091,18.5309090909091,0.990179154005918,-1.05892198844389,0.880072727272727,0.891890909090909,0.888763636363636
40022,34118,5904,0.729257148387307,0.734514615188883,0.736717499997153,33.1254545454545,32.9618181818182,33.9127272727273,14.6109090909091,19.0290909090909,14.0454545454545,18.5781818181818,14.98,18.7563636363636,0.915173482894897,-0.955073969472538,0.880072727272727,0.891890909090909,0.888763636363636
40638,34154,6484,0.729063420449458,0.734361335131896,0.736628302597622,33.1054545454545,32.92,33.9745454545455,14.3836363636364,19.2363636363636,13.9,18.76,14.7345454545455,18.9854545454545,0.836699903011322,-0.840336433865807,0.880072727272727,0.891890909090909,0.888763636363636
41243,34230,7013,0.728617496912429,0.734179269441293,0.736532729657339,33.02,32.9963636363636,33.9836363636364,14.1709090909091,19.4290909090909,13.7636363636364,18.92,14.5254545454545,19.1909090909091,0.760070955753326,-0.748778356205333,0.880072727272727,0.891890909090909,0.888763636363636
41982,34295,7687,0.72837688324886,0.734039879111089,0.736468007928986,33.0054545454545,32.9709090909091,34.0236363636364,13.9654545454545,19.6163636363636,13.5527272727273,19.1818181818182,14.2363636363636,19.4472727272727,0.682071583379399,-0.585890915177085,0.880072727272727,0.891890909090909,0.888763636363636
42661,34341,8320,0.728047005714689,0.734063086816116,0.736129622952114,32.96,33.0163636363636,34.0236363636364,13.7381818181818,19.8472727272727,13.3563636363636,19.3927272727273,13.9763636363636,19.6890909090909,0.601385748928243,-0.445614422451366,0.880072727272727,0.891890909090909,0.888763636363636
43356,34450,8906,0.727766735201773,0.733784349966984,0.736011843943347,32.9236363636364,33.0272727272727,34.0490909090909,13.5145454545455,20.0581818181818,13.1436363636364,19.6109090909091,13.7636363636364,19.9090909090909,0.525034222819588,-0.333722514997829,0.880072727272727,0.891890909090909,0.888763636363636
44114,34520,9594,0.727369371342174,0.733517700104981,0.735899874198637,32.8872727272727,33.0418181818182,34.0709090909091,13.2636363636364,20.3072727272727,12.9018181818182,19.8381818181818,13.56,20.1290909090909,0.444689260829579,-0.168844523754987,0.880072727272727,0.891890909090909,0.888763636363636
44804,34578,10226,0.727036071532783,0.733251909167292,0.73591177139165,32.8436363636364,33.0454545454545,34.1109090909091,13.0418181818182,20.4981818181818,12.6490909090909,20.12,13.3254545454545,20.3654545454545,0.362568684057756,-0.0300388477065346,0.880072727272727,0.891890909090909,0.888763636363636
45700,34640,11060,0.726676551434047,0.733433427823048,0.735489721196901,32.8218181818182,33.0363636363636,34.1418181818182,12.7781818181818,20.7781818181818,12.32,20.4745454545455,13.0363636363636,20.6127272727273,0.280485359105197,0.200762607292695,0.880072727272727,0.891890909090909,0.888763636363636
46455,34743,11712,0.726415769812707,0.733127598489702,0.735349536234565,32.7836363636364,33.04,34.1763636363636,12.52,21.0309090909091,12.1218181818182,20.6763636363636,12.7527272727273,20.8981818181818,0.200775510885499,0.337323465672406,0.880072727272727,0.891890909090909,0.888763636363636
47272,34857,12415,0.72598987506428,0.73328051003984,0.735152749168313,32.7054545454545,33.1072727272727,34.1872727272727,12.2981818181818,21.2436363636364,11.8872727272727,20.9381818181818,12.4709090909091,21.1618181818182,0.122258467024023,0.506875422326001,0.880072727272727,0.891890909090909,0.888763636363636
48105,34946,13159,0.725760883453876,0.732995851698654,0.734820403163155,32.6527272727273,33.1654545454545,34.1818181818182,12.0181818181818,21.5181818181818,11.6527272727273,21.2036363636364,12.1654545454545,21.4418181818182,0.0408578295599331,0.690766083652323,0.880072727272727,0.891890909090909,0.888763636363636
48937,35008,13929,0.725468672790189,0.73269626610637,0.734563230833773,32.6236363636364,33.2,34.1763636363636,11.7781818181818,21.76,11.3581818181818,21.5,11.8690909090909,21.7345454545455,-0.0420589918440038,0.889394796436483,0.880072727272727,0.891890909090909,0.888763636363636
49710,35125,14585,0.725358329276186,0.732736211949209,0.734266038213918,32.5963636363636,33.2309090909091,34.1727272727273,11.5309090909091,21.96,11.1454545454545,21.7545454545455,11.5963636363636,22.0127272727273,-0.120607722618363,1.03462610624053,0.880072727272727,0.891890909090909,0.888763636363636
50552,35255,15297,0.725086701282368,0.732681915317761,0.734233956431982,32.5309090909091,33.2909090909091,34.1781818181818,11.2327272727273,22.1927272727273,10.94,22.0290909090909,11.3236363636364,22.2818181818182,-0.198435791785067,1.19984632838856,0.880072727272727,0.891890909090909,0.888763636363636
51399,35382,16017,0.724817015591815,0.732718478876824,0.73416942770853,32.5054545454545,33.2963636363636,34.1981818181818,10.9490909090909,22.4363636363636,10.7036363636364,22.3072727272727,11.08,22.5236363636364,-0.27589892745018,1.37648564522917,0.880072727272727,0.891890909090909,0.888763636363636
52165,35452,16713,0.724736747272359,0.732517979148382,0.733640965814642,32.4981818181818,33.3345454545455,34.1672727272727,10.6945454545455,22.6945454545455,10.4509090909091,22.5381818181818,10.7927272727273,22.8290909090909,-0.356809574094686,1.54702579216524,0.880072727272727,0.891890909090909,0.888763636363636
53005,35556,17449,0.724459126049443,0.732341394180284,0.733503599506348,32.4545454545455,33.3763636363636,34.1690909090909,10.4236363636364,22.9672727272727,10.1836363636364,22.7890909090909,10.5363636363636,23.1,-0.435060463168404,1.73144910227169,0.880072727272727,0.891890909090909,0.888763636363636
53846,35623,18223,0.724397521736241,0.732008976205192,0.733330160717942,32.4581818181818,33.3818181818182,34.16,10.1709090909091,23.2018181818182,9.95454545454546,23.04,10.2709090909091,23.3618181818182,-0.514363340627063,1.9316068335013,0.880072727272727,0.891890909090909,0.888763636363636
54604,35742,18862,0.723971765071136,0.731965009372836,0.733182389762562,32.4236363636364,33.4327272727273,34.1436363636364,9.91636363636364,23.4345454545455,9.67272727272727,23.2854545454545,10.1163636363636,23.5745454545455,-0.58861008123918,2.07700339772484,0.880072727272727,0.891890909090909,0.888763636363636
55453,35796,19657,0.723319954715389,0.731974875474864,0.732702813077556,32.3418181818182,33.5490909090909,34.1090909090909,9.64909090909091,23.7545454545455,9.37636363636364,23.5309090909091,9.83272727272727,23.8563636363636,-0.666688548705795,2.2964218952439,0.880072727272727,0.891890909090909,0.888763636363636
56199,35842,20357,0.723107670830729,0.731713751153124,0.732391551785991,32.3527272727273,33.58,34.0672727272727,9.42727272727273,23.96,9.14727272727273,23.7745454545455,9.54727272727273,24.1436363636364,-0.743766077269207,2.46855759945783,0.880072727272727,0.891890909090909,0.888763636363636
57014,35977,21037,0.722899192763658,0.731109510390272,0.73240270945925,32.3454545454545,33.5727272727273,34.0818181818182,9.17636363636364,24.1836363636364,8.93090909090909,23.9927272727273,9.29818181818182,24.4181818181818,-0.812502600929954,2.64706201444973,0.880072727272727,0.891890909090909,0.888763636363636
57788,36092,21696,0.722615879194416,0.730751537172863,0.732166922876815,32.3054545454545,33.6272727272727,34.0672727272727,8.92545454545455,24.4509090909091,8.70909090909091,24.1727272727273,9.06,24.6818181818182,-0.881059962781993,2.81345172578638,0.880072727272727,0.891890909090909,0.888763636363636
58502,36188,22314,0.72238531866639,0.730113316845605,0.732058493885102,32.3036363636364,33.6109090909091,34.0854545454545,8.71818181818182,24.6563636363636,8.51090909090909,24.3345454545455,8.81454545454545,24.9654545454545,-0.94883858805353,2.95894524996931,0.880072727272727,0.891890909090909,0.888763636363636
59155,36264,22891,0.722093488562236,0.730432645333271,0.731598342909476,32.28,33.6672727272727,34.0527272727273,8.54181818181818,24.8618181818182,8.28727272727273,24.4945454545455,8.60545454545455,25.2090909090909,-1.01681442965161,3.09548807577653,0.880072727272727,0.891890909090909,0.888763636363636
59844,36392,23452,0.721999148566573,0.730210009177284,0.731398207592713,32.2672727272727,33.7290909090909,34.0036363636364,8.34909090909091,25.0490909090909,8.06181818181818,24.6672727272727,8.42363636363636,25.4490909090909,-1.07817653634331,3.22269407456571,0.880072727272727,0.891890909090909,0.888763636363636
60510,36484,24026,0.721475918895177,0.729711757340898,0.731328281958786,32.2436363636364,33.8309090909091,33.9254545454545,8.12363636363636,25.2581818181818,7.84727272727273,24.8218181818182,8.21272727272727,25.7363636363636,-1.14124683385546,3.36938991492445,0.880072727272727,0.891890909090909,0.888763636363636
61135,36550,24585,0.721138096051178,0.729644936328037,0.730717099004094,32.2418181818182,33.9054545454545,33.8527272727273,7.91090909090909,25.4763636363636,7.68,24.9454545454545,7.96181818181818,26.0254545454545,-1.20448510673913,3.49169343113899,0.880072727272727,0.891890909090909,0.888763636363636
61674,36618,25056,0.720682237267405,0.729558847135932,0.730431734652808,32.2018181818182,33.9618181818182,33.8363636363636,7.72363636363636,25.6509090909091,7.54909090909091,25.0581818181818,7.77636363636364,26.2418181818182,-1.26614287847822,3.59273422414606,0.880072727272727,0.891890909090909,0.888763636363636
62241,36717,25524,0.720233487687611,0.729412643790645,0.729870086762042,32.1618181818182,34.0472727272727,33.7909090909091,7.54545454545455,25.8363636363636,7.37454545454545,25.1563636363636,7.61090909090909,26.4763636363636,-1.32308883450248,3.68990885506977,0.880072727272727,0.891890909090909,0.888763636363636
62802,36791,26011,0.720008289268624,0.72936151599688,0.729724906630948,32.1636363636364,34.0454545454545,33.7909090909091,7.40181818181818,25.9781818181818,7.18363636363636,25.2636363636364,7.44181818181818,26.7309090909091,-1.37888048643416,3.80513219291514,0.880072727272727,0.891890909090909,0.888763636363636
63479,36929,26550,0.719950536430935,0.72964287831424,0.729336921569011,32.1236363636364,34.0945454545455,33.7818181818182,7.23818181818182,26.1345454545455,6.98909090909091,25.38,7.26181818181818,26.9963636363636,-1.42676890031858,3.93181244351647,0.880072727272727,0.891890909090909,0.888763636363636
64112,37049,27063,0.719918587094929,0.729531358105214,0.729171749579585,32.1072727272727,34.1454545454545,33.7472727272727,7.06545454545455,26.2836363636364,6.85272727272727,25.4981818181818,7.04181818181818,27.2581818181818,-1.4754182942889,4.0573753638701,0.880072727272727,0.891890909090909,0.888763636363636
64580,37160,27420,0.719972568276071,0.729327685547099,0.728660096809517,32.08,34.1836363636364,33.7363636363636,6.92,26.4054545454545,6.73272727272727,25.5872727272727,6.86181818181818,27.4927272727273,-1.52162930802865,4.11833617036993,0.880072727272727,0.891890909090909,0.888763636363636
65082,37271,27811,0.719914276504533,0.728901088332415,0.728146993098995,32.0872727272727,34.1763636363636,33.7363636363636,6.76727272727273,26.5309090909091,6.61454545454545,25.64,6.71090909090909,27.7363636363636,-1.5661182273518,4.18946988040751,0.880072727272727,0.891890909090909,0.888763636363636
65586,37343,28243,0.719453449623113,0.728650171210882,0.727618023188333,32.0727272727273,34.2181818181818,33.7090909090909,6.59636363636364,26.7090909090909,6.47090909090909,25.7109090909091,6.53818181818182,27.9745454545455,-1.61106710650704,4.29091403972019,0.880072727272727,0.891890909090909,0.888763636363636
66007,37439,28568,0.71932518731379,0.728015154027085,0.72715823947052,32.0836363636364,34.24,33.6763636363636,6.44909090909091,26.86,6.35818181818182,25.7363636363636,6.41454545454545,28.1818181818182,-1.65274235389449,4.34407847036015,0.880072727272727,0.891890909090909,0.888763636363636
66634,37595,29039,0.719012588863089,0.728052008227433,0.726680722246064,32.0745454545455,34.2472727272727,33.6781818181818,6.31818181818182,26.9909090909091,6.19090909090909,25.8563636363636,6.24,28.4036363636364,-1.68803552714261,4.45848959684372,0.880072727272727,0.891890909090909,0.888763636363636
67151,37719,29432,0.718666952325107,0.727517802998804,0.726376492683184,32.0890909090909,34.2454545454545,33.6654545454545,6.18909090909091,27.1309090909091,6.06545454545455,25.9018181818182,6.06363636363636,28.6490909090909,-1.72302683916959,4.54926987669685,0.880072727272727,0.891890909090909,0.888763636363636
67645,37905,29740,0.718266579331899,0.727642978350094,0.725886041232048,32.1127272727273,34.2545454545455,33.6327272727273,6.07636363636364,27.2509090909091,5.93090909090909,25.9709090909091,5.94363636363636,28.8272727272727,-1.75025332570076,4.59661864692515,0.880072727272727,0.891890909090909,0.888763636363636
68232,38069,30163,0.718005115587927,0.727255352253741,0.725427212271257,32.1709090909091,34.2163636363636,33.6127272727273,5.97090909090909,27.4,5.76363636363636,26.0545454545455,5.75454545454545,29.0563636363636,-1.77761582786387,4.69391365701502,0.880072727272727,0.891890909090909,0.888763636363636
68825,38276,30549,0.717646636605174,0.727198643827702,0.725089090193575,32.2036363636364,34.2327272727273,33.5636363636364,5.87272727272727,27.5254545454545,5.62181818181818,26.1181818181818,5.58,29.2818181818182,-1.79944037686695,4.77842860438607,0.880072727272727,0.891890909090909,0.888763636363636
69290,38398,30892,0.717506270648007,0.726127212979627,0.724843244676281,32.2690909090909,34.16,33.5709090909091,5.77272727272727,27.6563636363636,5.49636363636364,26.1163636363636,5.47272727272727,29.4854545454545,-1.82756612598896,4.8423640370369,0.880072727272727,0.891890909090909,0.888763636363636
69765,38571,31194,0.717485053282009,0.725259474587181,0.72440588022345,32.2981818181818,34.1436363636364,33.5581818181818,5.67454545454545,27.8109090909091,5.33090909090909,26.1418181818182,5.39090909090909,29.6509090909091,-1.85114150074395,4.89255850748582,0.880072727272727,0.891890909090909,0.888763636363636
70189,38724,31465,0.717368145489357,0.724403078875151,0.723745423816807,32.3436363636364,34.1036363636364,33.5527272727273,5.59090909090909,27.9327272727273,5.20909090909091,26.1690909090909,5.26363636363636,29.8345454545455,-1.87360028678721,4.9267089789564,0.880072727272727,0.891890909090909,0.888763636363636
70715,38923,31792,0.717012944388466,0.723801622711396,0.723646059881018,32.3654545454545,34.0363636363636,33.5981818181818,5.47090909090909,28.0527272727273,5.10181818181818,26.2036363636364,5.17636363636364,29.9945454545455,-1.89117338874123,4.99684444557537,0.880072727272727,0.891890909090909,0.888763636363636
71123,39030,32093,0.716730752197278,0.722941839075143,0.723364829343208,32.4254545454545,33.9709090909091,33.6036363636364,5.38181818181818,28.2018181818182,4.96363636363636,26.1945454545455,5.08,30.1781818181818,-1.91540189656344,5.05112415660511,0.880072727272727,0.891890909090909,0.888763636363636
71623,39255,32368,0.716312481262071,0.722510886024068,0.723025096709562,32.4327272727273,33.9509090909091,33.6163636363636,5.27454545454545,28.3545454545455,4.86363636363636,26.1854545454545,4.97636363636364,30.3454545454545,-1.92820573232391,5.09200142730366,0.880072727272727,0.891890909090909,0.888763636363636
72157,39487,32670,0.716027448859984,0.721243035882366,0.72269186496254,32.4472727272727,33.8945454545455,33.6581818181818,5.19818181818182,28.4963636363636,4.73090909090909,26.1890909090909,4.87818181818182,30.5072727272727,-1.93919267491861,5.14959777268496,0.880072727272727,0.891890909090909,0.888763636363636
72662,39677,32985,0.715725770347236,0.720499911467366,0.722122583941818,32.5018181818182,33.8527272727273,33.6454545454545,5.10181818181818,28.6254545454545,4.65454545454545,26.1890909090909,4.74909090909091,30.68,-1.95218657851219,5.2163629878651,0.880072727272727,0.891890909090909,0.888763636363636
73026,39831,33195,0.71518994398618,0.719999629396576,0.721397926238774,32.4745454545455,33.9018181818182,33.6236363636364,5.02363636363636,28.7745454545455,4.54181818181818,26.1763636363636,4.64545454545455,30.8381818181818,-1.96615847728469,5.22460554513064,0.880072727272727,0.891890909090909,0.888763636363636
73389,39993,33396,0.714734346128879,0.718948821727092,0.720589076806632,32.4563636363636,33.8890909090909,33.6545454545455,4.96181818181818,28.8545454545455,4.47454545454545,26.1672727272727,4.55636363636364,30.9854545454545,-1.97808798876676,5.2429775389758,0.880072727272727,0.891890909090909,0.888763636363636
73823,40231,33592,0.713780439432429,0.718024316230151,0.719896712137881,32.4290909090909,33.8836363636364,33.6872727272727,4.88727272727273,28.9763636363636,4.36,26.1836363636364,4.46363636363636,31.1290909090909,-1.98069732460109,5.25735799399289,0.880072727272727,0.891890909090909,0.888763636363636
74296,40480,33816,0.713271629778679,0.7172823692715,0.719458481684745,32.4527272727273,33.8472727272727,33.7,4.82909090909091,29.08,4.26363636363636,26.1654545454545,4.37818181818182,31.2836363636364,-1.98409145636992,5.28825491883538,0.880072727272727,0.891890909090909,0.888763636363636
74718,40681,34037,0.712543794993907,0.716546098919668,0.718805748190721,32.4345454545455,33.8363636363636,33.7290909090909,4.75636363636364,29.2018181818182,4.18,26.1654545454545,4.23454545454545,31.4618181818182,-1.99085623242638,5.31584740985524,0.880072727272727,0.891890909090909,0.888763636363636
75036,40909,34127,0.711849619845993,0.715387575799142,0.717822135765896,32.4327272727273,33.8127272727273,33.7545454545455,4.68727272727273,29.32,4.1,26.1618181818182,4.15636363636364,31.5745454545455,-1.99201066764918,5.29291444258256,0.880072727272727,0.891890909090909,0.888763636363636
75493,41189,34304,0.711275297203824,0.714924023803313,0.71695612283238,32.4454545454545,33.7836363636364,33.7709090909091,4.63818181818182,29.4472727272727,3.99090909090909,26.1563636363636,4.06363636363636,31.7036363636364,-1.98904533548789,5.29960086779161,0.880072727272727,0.891890909090909,0.888763636363636
76004,41448,34556,0.710531651221381,0.714439265836964,0.716084371028951,32.4563636363636,33.7418181818182,33.8018181818182,4.58181818181818,29.5763636363636,3.89636363636364,26.1309090909091,3.97818181818182,31.8363636363636,-1.9878981097178,5.34725916168907,0.880072727272727,0.891890909090909,0.888763636363636
76545,41731,34814,0.709836627822791,0.71361147375641,0.715400518281857,32.4327272727273,33.7436363636364,33.8236363636364,4.51636363636364,29.6981818181818,3.81454545454546,26.1436363636364,3.85818181818182,31.9690909090909,-1.98416910279881,5.39076488018036,0.880072727272727,0.891890909090909,0.888763636363636
77007,42021,34986,0.708707402543426,0.713153866675354,0.714846977229129,32.3618181818182,33.76,33.8781818181818,4.46181818181818,29.7818181818182,3.74727272727273,26.1309090909091,3.79636363636364,32.0818181818182,-1.97935767580162,5.4109795180234,0.880072727272727,0.891890909090909,0.888763636363636
77463,42304,35159,0.707885685294516,0.712086695195863,0.714344812369118,32.3290909090909,33.7327272727273,33.9381818181818,4.40363636363636,29.9036363636364,3.66545454545455,26.1527272727273,3.65818181818182,32.2163636363636,-1.97206225070086,5.41989192962646,0.880072727272727,0.891890909090909,0.888763636363636
77953,42590,35363,0.706950155441377,0.711822753837408,0.713742866173982,32.2527272727273,33.74,34.0072727272727,4.36727272727273,30.0309090909091,3.56363636363636,26.1381818181818,3.58727272727273,32.3127272727273,-1.96476565057581,5.44460568644784,0.880072727272727,0.891890909090909,0.888763636363636
78472,42898,35574,0.706149611834693,0.711063183108426,0.713020721696434,32.2254545454545,33.7618181818182,34.0127272727273,4.32181818181818,30.0963636363636,3.51636363636364,26.1345454545455,3.50545454545455,32.4254545454545,-1.95455674312331,5.46945966590535,0.880072727272727,0.891890909090909,0.888763636363636
78971,43173,35798,0.705652662941181,0.710186990739762,0.712548671639729,32.2254545454545,33.6690909090909,34.1054545454545,4.26181818181818,30.2018181818182,3.42181818181818,26.12,3.46545454545455,32.5290909090909,-1.94632000868971,5.50409292091023,0.880072727272727,0.891890909090909,0.888763636363636
79472,43441,36031,0.704878899568177,0.709298648207623,0.711817018631097,32.2109090909091,33.6436363636364,34.1454545454545,4.22,30.3509090909091,3.28,26.14,3.38545454545455,32.6236363636364,-1.93976746797562,5.54136563322761,0.880072727272727,0.891890909090909,0.888763636363636
79919,43738,36181,0.704128342766108,0.708432325732548,0.710979398612676,32.1872727272727,33.6436363636364,34.1690909090909,4.17818181818182,30.4545454545455,3.22545454545455,26.1290909090909,3.29636363636364,32.7163636363636,-1.92973088676279,5.54869614297693,0.880072727272727,0.891890909090909,0.888763636363636
80358,44083,36275,0.703215402824418,0.707424404089857,0.710326448749495,32.2254545454545,33.5927272727273,34.1818181818182,4.13090909090909,30.5472727272727,3.17090909090909,26.1272727272727,3.22181818181818,32.8018181818182,-1.91394819563085,5.5338497931307,0.880072727272727,0.891890909090909,0.888763636363636
80849,44414,36435,0.70231927458653,0.706362216000766,0.709396376518563,32.2018181818182,33.5872727272727,34.2109090909091,4.08909090909091,30.6527272727273,3.09636363636364,26.1163636363636,3.16,32.8854545454545,-1.89672825417735,5.54788994138891,0.880072727272727,0.891890909090909,0.888763636363636
81388,44720,36668,0.701324957749451,0.705395674062045,0.708448265768135,32.1727272727273,33.5709090909091,34.2563636363636,4.02909090909091,30.7927272727273,2.97636363636364,26.1563636363636,3.08363636363636,32.9618181818182,-1.88407094614072,5.58729556473819,0.880072727272727,0.891890909090909,0.888763636363636
81961,45063,36898,0.700215089650223,0.704232034280749,0.707446802141474,32.1527272727273,33.5781818181818,34.2690909090909,3.97454545454546,30.9090909090909,2.88,26.1981818181818,2.97818181818182,33.06,-1.8678729981184,5.61572129292922,0.880072727272727,0.891890909090909,0.888763636363636
82521,45416,37105,0.699156861697865,0.703345802879372,0.706579389913038,32.1181818181818,33.5472727272727,34.3345454545455,3.92363636363636,31.0181818181818,2.78363636363636,26.2581818181818,2.92363636363636,33.0927272727273,-1.84937636418776,5.64231511679563,0.880072727272727,0.891890909090909,0.888763636363636
83099,45757,37342,0.698281940897304,0.702118356304875,0.705981846680056,32.0618181818182,33.5436363636364,34.3945454545455,3.87272727272727,31.1436363636364,2.71090909090909,26.2854545454545,2.81818181818182,33.1690909090909,-1.83459555479613,5.66870948401364,0.880072727272727,0.891890909090909,0.888763636363636
83459,46084,37375,0.697001522647369,0.701145334107796,0.704927446698596,32.0036363636364,33.5581818181818,34.4381818181818,3.82363636363636,31.2127272727273,2.67454545454545,26.3018181818182,2.76545454545455,33.2218181818182,-1.8167338300835,5.63666372299194,0.880072727272727,0.891890909090909,0.888763636363636
84013,46495,37518,0.695974596935381,0.699771364928541,0.7045779858616,31.9654545454545,33.5327272727273,34.5018181818182,3.76909090909091,31.2909090909091,2.64545454545455,26.3109090909091,2.70363636363636,33.28,-1.79186249781739,5.64504859013991,0.880072727272727,0.891890909090909,0.888763636363636
84454,46857,37597,0.694931506422942,0.698445143158954,0.703527607623051,31.9636363636364,33.5018181818182,34.5345454545455,3.71636363636364,31.3981818181818,2.59636363636364,26.2781818181818,2.66909090909091,33.3418181818182,-1.77289374470711,5.61905709179965,0.880072727272727,0.891890909090909,0.888763636363636
84929,47205,37724,0.693602022383651,0.697708074054669,0.701911685996858,31.9036363636364,33.5509090909091,34.5454545454545,3.69090909090909,31.4818181818182,2.53818181818182,26.2690909090909,2.60909090909091,33.4109090909091,-1.75477117110382,5.619571612098,0.880072727272727,0.891890909090909,0.888763636363636
85403,47598,37805,0.692001426812545,0.697035884664013,0.700811096702846,31.8872727272727,33.5781818181818,34.5345454545455,3.64909090909091,31.54,2.53454545454545,26.2545454545455,2.58,33.4418181818182,-1.73261479627002,5.60070741826838,0.880072727272727,0.891890909090909,0.888763636363636
85913,48024,37889,0.69059651664457,0.6957295430567,0.699977406469562,31.8345454545455,33.5963636363636,34.5690909090909,3.61818181818182,31.5927272727273,2.50909090909091,26.2436363636364,2.56545454545454,33.4709090909091,-1.7080555067821,5.59433370937001,0.880072727272727,0.891890909090909,0.888763636363636
86309,48358,37951,0.689318803262382,0.694582932827996,0.698693865399438,31.8054545454545,33.6254545454545,34.5690909090909,3.58909090909091,31.6654545454545,2.44181818181818,26.2236363636364,2.54909090909091,33.5309090909091,-1.68814774318175,5.57725162289359,0.880072727272727,0.891890909090909,0.888763636363636
86705,48762,37943,0.688106596791171,0.692937222844276,0.697871950964832,31.7763636363636,33.6490909090909,34.5745454545455,3.54,31.7254545454545,2.42181818181818,26.2127272727273,2.53636363636364,33.5636363636364,-1.66500535065478,5.53731392080134,0.880072727272727,0.891890909090909,0.888763636363636
87313,49265,38048,0.686853714890676,0.692019662919285,0.69702331018781,31.76,33.5781818181818,34.6618181818182,3.50909090909091,31.78,2.37090909090909,26.2363636363636,2.46727272727273,33.6363636363636,-1.63247429593043,5.52302466522564,0.880072727272727,0.891890909090909,0.888763636363636
87825,49713,38112,0.685495762522881,0.690491143873157,0.695592424815787,31.7018181818182,33.5981818181818,34.7,3.46909090909091,31.8436363636364,2.32181818181818,26.2509090909091,2.43636363636364,33.6781818181818,-1.6045819894834,5.5041328755292,0.880072727272727,0.891890909090909,0.888763636363636
88438,50146,38292,0.684791052558471,0.689355913701157,0.69462987517525,31.6981818181818,33.5345454545455,34.7672727272727,3.44545454545455,31.8981818181818,2.28,26.2509090909091,2.38545454545455,33.74,-1.57463666471568,5.51901585622267,0.880072727272727,0.891890909090909,0.888763636363636
88941,50566,38375,0.683682087483754,0.688787615935348,0.693389587623762,31.6345454545455,33.5745454545455,34.7909090909091,3.41818181818182,31.9727272727273,2.2,26.2327272727273,2.36181818181818,33.8145454545455,-1.54921047606251,5.50723204829476,0.880072727272727,0.891890909090909,0.888763636363636
89557,50987,38570,0.682527974738725,0.688263099004342,0.692373595396772,31.5181818181818,33.6363636363636,34.8454545454545,3.38545454545455,32.0163636363636,2.14363636363636,26.2472727272727,2.31818181818182,33.8890909090909,-1.52185904139822,5.53504558259791,0.880072727272727,0.891890909090909,0.888763636363636
89960,51323,38637,0.681169386230546,0.6869376810221,0.690981194939504,31.4654545454545,33.6581818181818,34.8763636363636,3.35090909090909,32.0745454545455,2.09272727272727,26.2654545454545,2.21818181818182,33.9981818181818,-1.50186135850169,5.51236962621862,0.880072727272727,0.891890909090909,0.888763636363636
90512,51735,38777,0.679861591844201,0.685275516653511,0.689846650135935,31.4654545454545,33.5836363636364,34.9509090909091,3.31636363636364,32.1618181818182,1.98909090909091,26.2927272727273,2.16,34.08,-1.47304726513949,5.51635706424713,0.880072727272727,0.891890909090909,0.888763636363636
90961,52105,38856,0.678811286738514,0.684497753506415,0.688827628353073,31.3872727272727,33.6127272727273,35,3.27272727272727,32.2145454545455,1.94,26.2981818181818,2.11454545454545,34.16,-1.44836821244522,5.49586995948445,0.880072727272727,0.891890909090909,0.888763636363636
91482,52494,38988,0.677088006831351,0.683773428233803,0.687569352272096,31.3327272727273,33.6109090909091,35.0563636363636,3.22727272727273,32.2927272727273,1.88727272727273,26.2927272727273,2.08363636363636,34.2163636363636,-1.42314397123727,5.49768868793141,0.880072727272727,0.891890909090909,0.888763636363636
91985,52863,39122,0.67563770241525,0.682614859739361,0.68667147331478,31.2636363636364,33.6163636363636,35.12,3.19818181818182,32.3072727272727,1.88727272727273,26.2709090909091,2.04909090909091,34.2872727272727,-1.40107406648723,5.49814970059828,0.880072727272727,0.891890909090909,0.888763636363636
92512,53210,39302,0.674122229425937,0.681029792495161,0.685882713249994,31.2072727272727,33.6018181818182,35.1909090909091,3.16545454545455,32.3436363636364,1.84363636363636,26.2709090909091,1.99090909090909,34.3854545454545,-1.37991954291409,5.51667226011103,0.880072727272727,0.891890909090909,0.888763636363636
92975,53618,39357,0.672739538648912,0.67926469392655,0.684635123098936,31.1909090909091,33.5490909090909,35.26,3.12909090909091,32.4054545454545,1.78363636363636,26.2581818181818,1.98181818181818,34.4418181818182,-1.35002325583588,5.49610535231504,0.880072727272727,0.891890909090909,0.888763636363636
93390,54032,39358,0.671702551265586,0.677234890453844,0.683372668203576,31.1854545454545,33.5054545454545,35.3090909090909,3.10363636363636,32.4127272727273,1.75636363636364,26.2345454545455,1.98,34.5127272727273,-1.32326352393085,5.45669008601796,0.880072727272727,0.891890909090909,0.888763636363636
93831,54418,39413,0.670322789675719,0.675523380279224,0.682356281206982,31.1436363636364,33.4745454545455,35.3818181818182,3.07454545454545,32.4327272727273,1.7,26.2381818181818,1.94363636363636,34.6109090909091,-1.29807718436826,5.43027887994593,0.880072727272727,0.891890909090909,0.888763636363636
94420,54807,39613,0.668748235272193,0.674572846863684,0.681184056118696,31.0836363636364,33.4890909090909,35.4272727272727,3.03818181818182,32.4763636363636,1.66363636363636,26.2181818181818,1.89272727272727,34.7109090909091,-1.27123870673505,5.44417678442868,0.880072727272727,0.891890909090909,0.888763636363636
94928,55203,39725,0.66744105742547,0.67305546060999,0.68027228387079,31.0709090909091,33.4872727272727,35.4418181818182,3.00545454545455,32.5090909090909,1.60545454545455,26.2163636363636,1.85636363636364,34.8072727272727,-1.24291694015265,5.43577218055725,0.880072727272727,0.891890909090909,0.888763636363636
95288,55552,39736,0.666136612338234,0.672029619618913,0.679170325212208,31.0145454545455,33.5527272727273,35.4327272727273,2.98363636363636,32.5290909090909,1.58363636363636,26.1781818181818,1.83636363636364,34.8890909090909,-1.22034790488807,5.40482673861764,0.880072727272727,0.891890909090909,0.888763636363636
95809,55927,39882,0.664664404747944,0.671598889757606,0.678496141291765,30.9218181818182,33.5872727272727,35.4909090909091,2.94363636363636,32.5581818181818,1.57454545454545,26.1363636363636,1.78363636363636,35.0036363636364,-1.19420708417892,5.415182464773,0.880072727272727,0.891890909090909,0.888763636363636
96260,56271,39989,0.663338268819782,0.67012040252572,0.677390830044384,30.9018181818182,33.6090909090909,35.4890909090909,2.91818181818182,32.6,1.52545454545455,26.1236363636364,1.70727272727273,35.1254545454545,-1.17072227841074,5.39922879609195,0.880072727272727,0.891890909090909,0.888763636363636
96655,56641,40014,0.66176334972758,0.668520066775577,0.67681504968499,30.8436363636364,33.5818181818182,35.5745454545455,2.89454545454545,32.6018181818182,1.53818181818182,26.0727272727273,1.66,35.2327272727273,-1.14557244140993,5.36346020265059,0.880072727272727,0.891890909090909,0.888763636363636
97264,56992,40272,0.660830572386161,0.667884571672813,0.676035166709506,30.8072727272727,33.5654545454545,35.6272727272727,2.86727272727273,32.6218181818182,1.52545454545455,26.0672727272727,1.59636363636364,35.3218181818182,-1.12303109886971,5.39160988114097,0.880072727272727,0.891890909090909,0.888763636363636
97665,57352,40313,0.659576689136287,0.666497260709325,0.674936397030551,30.7290909090909,33.6127272727273,35.6581818181818,2.83454545454545,32.6490909090909,1.50727272727273,26.0072727272727,1.58,35.4218181818182,-1.10020485831933,5.37216095057401,0.880072727272727,0.891890909090909,0.888763636363636
98062,57670,40392,0.658120745938522,0.665507434563837,0.674228663636135,30.6781818181818,33.6418181818182,35.68,2.80363636363636,32.6854545454545,1.45636363636364,25.9745454545455,1.56363636363636,35.5163636363636,-1.078683156046,5.35643686381253,0.880072727272727,0.891890909090909,0.888763636363636
98596,58044,40552,0.657116934705592,0.664406876418206,0.673246941006304,30.6527272727273,33.6454545454545,35.7018181818182,2.76181818181818,32.7218181818182,1.43272727272727,25.9690909090909,1.47454545454545,35.64,-1.05258107916875,5.35343621860851,0.880072727272727,0.891890909090909,0.888763636363636
98879,58310,40569,0.655726878807723,0.662748126148186,0.671915416843938,30.5963636363636,33.6563636363636,35.7472727272727,2.73272727272727,32.7690909090909,1.37818181818182,25.9054545454545,1.43454545454545,35.78,-1.03237765390765,5.31183564229445,0.880072727272727,0.891890909090909,0.888763636363636
99288,58694,40594,0.654566193578085,0.660808235851171,0.671162038878007,30.6054545454545,33.6181818181818,35.7763636363636,2.69454545454545,32.7909090909091,1.37090909090909,25.8527272727273,1.38545454545455,35.9054545454545,-1.00464444871653,5.27987313053825,0.880072727272727,0.891890909090909,0.888763636363636
99707,58967,40740,0.653605508395037,0.659662311441717,0.670422564350854,30.5545454545455,33.6327272727273,35.8127272727273,2.67272727272727,32.8127272727273,1.33818181818182,25.8109090909091,1.35818181818182,36.0072727272727,-0.986202170361172,5.28134814609181,0.880072727272727,0.891890909090909,0.888763636363636
100127,59256,40871,0.652540781065975,0.659024698644918,0.669687788074657,30.5181818181818,33.64,35.8418181818182,2.63454545454545,32.8581818181818,1.27636363636364,25.7836363636364,1.33454545454545,36.1127272727273,-0.966341890394688,5.27139815200459,0.880072727272727,0.891890909090909,0.888763636363636
100485,59548,40937,0.651392942251125,0.658201896313718,0.668986464464295,30.4854545454545,33.6418181818182,35.8727272727273,2.61272727272727,32.8709090909091,1.26363636363636,25.7018181818182,1.31090909090909,36.24,-0.945260908725587,5.24469505656849,0.880072727272727,0.891890909090909,0.888763636363636
100796,59835,40961,0.650161938154783,0.657532196364957,0.667814600339278,30.4636363636364,33.6545454545455,35.8818181818182,2.58181818181818,32.9072727272727,1.20909090909091,25.6327272727273,1.29818181818182,36.3709090909091,-0.924338331073523,5.20759198232131,0.880072727272727,0.891890909090909,0.888763636363636
101103,60065,41038,0.649578813634015,0.656182208316981,0.666795339683143,30.4618181818182,33.6418181818182,35.8963636363636,2.55272727272727,32.9218181818182,1.17090909090909,25.5836363636364,1.28181818181818,36.4890909090909,-0.908945077048107,5.17152914567427,0.880072727272727,0.891890909090909,0.888763636363636
101499,60316,41183,0.648734351925026,0.655424842749275,0.666085942949479,30.4054545454545,33.6745454545455,35.92,2.52181818181818,32.9690909090909,1.10727272727273,25.5363636363636,1.25454545454545,36.6109090909091,-0.893734411895275,5.17514607906342,0.880072727272727,0.891890909090909,0.888763636363636
102032,60609,41423,0.647823552478876,0.654827963252858,0.665480065898902,30.36,33.7090909090909,35.9309090909091,2.49090909090909,32.9745454545455,1.08,25.5018181818182,1.21454545454545,36.7381818181818,-0.872231256216764,5.19381806416945,0.880072727272727,0.891890909090909,0.888763636363636
102295,60836,41459,0.647086092468563,0.653776894123712,0.66486215165181,30.3272727272727,33.7309090909091,35.9418181818182,2.46545454545455,33.0163636363636,1.06181818181818,25.4036363636364,1.19636363636364,36.8563636363636,-0.857073147053068,5.1717555956407,0.880072727272727,0.891890909090909,0.888763636363636
102579,61092,41487,0.645342100766683,0.653208274833422,0.664429568005992,30.2563636363636,33.7672727272727,35.9763636363636,2.43272727272727,33.0236363636364,1.06,25.3236363636364,1.16909090909091,36.9909090909091,-0.841710845448754,5.12606642896479,0.880072727272727,0.891890909090909,0.888763636363636
102853,61276,41577,0.644372749027401,0.65270587280406,0.663656041148589,30.2072727272727,33.8327272727273,35.96,2.41090909090909,33.0454545454545,1.02727272727273,25.26,1.14909090909091,37.1072727272727,-0.829043226214972,5.09319257736206,0.880072727272727,0.891890909090909,0.888763636363636
103151,61503,41648,0.643612367935502,0.652163606807138,0.663025799482627,30.1818181818182,33.8345454545455,35.9836363636364,2.38727272727273,33.0763636363636,0.983636363636364,25.1854545454545,1.14727272727273,37.22,-0.814512169970707,5.06459680037065,0.880072727272727,0.891890909090909,0.888763636363636
103536,61722,41814,0.643391775001773,0.65145423726391,0.662057722830005,30.1327272727273,33.8872727272727,35.98,2.35636363636364,33.1109090909091,0.950909090909091,25.1363636363636,1.12727272727273,37.3181818181818,-0.799864440411329,5.06976900100708,0.880072727272727,0.891890909090909,0.888763636363636
103883,61922,41961,0.642628374806942,0.649946937027444,0.661614908637138,30.1309090909091,33.8563636363636,36.0127272727273,2.32,33.1454545454545,0.934545454545455,25.0745454545455,1.07272727272727,37.4527272727273,-0.784973669661717,5.07205495834351,0.880072727272727,0.891890909090909,0.888763636363636
104198,62105,42093,0.641707367720753,0.650109955830688,0.660911154683345,30.0945454545455,33.9072727272727,35.9981818181818,2.29454545454545,33.1581818181818,0.943636363636364,24.9709090909091,1.03818181818182,37.5945454545455,-0.772649055482312,5.06827920133417,0.880072727272727,0.891890909090909,0.888763636363636
104425,62325,42100,0.640739772244969,0.649689900146024,0.65998974733432,30.0454545454545,33.9436363636364,36.0109090909091,2.26363636363636,33.1527272727273,0.934545454545455,24.94,1.01454545454545,37.6945454545455,-0.757958559217778,5.01871194622733,0.880072727272727,0.891890909090909,0.888763636363636
104732,62577,42155,0.639713488929555,0.648955746141248,0.659471517324702,29.9890909090909,33.9945454545455,36.0163636363636,2.24,33.2018181818182,0.867272727272727,24.8909090909091,1.00727272727273,37.7927272727273,-0.738549235632474,4.993192022497,0.880072727272727,0.891890909090909,0.888763636363636
105023,62770,42253,0.638872711129236,0.647879119995896,0.659133074639802,29.9690909090909,33.9854545454545,36.0454545454545,2.22545454545455,33.2254545454545,0.865454545454545,24.7927272727273,0.990909090909091,37.9,-0.724559259651737,4.98391553163528,0.880072727272727,0.891890909090909,0.888763636363636
105249,62904,42345,0.638292864463117,0.64721309843781,0.658703916977068,29.9236363636364,34.0236363636364,36.0527272727273,2.20545454545455,33.2472727272727,0.852727272727273,24.6945454545455,0.976363636363636,38.0236363636364,-0.715195804394104,4.96205598766154,0.880072727272727,0.891890909090909,0.888763636363636
105855,63112,42743,0.637558102470039,0.647018408399944,0.658222465496801,29.9018181818182,34.0309090909091,36.0672727272727,2.18,33.2654545454545,0.834545454545455,24.6709090909091,0.889090909090909,38.16,-0.697996619648554,5.02023718465458,0.880072727272727,0.891890909090909,0.888763636363636
106073,63307,42766,0.636528775438808,0.646208276491924,0.657588055099065,29.8563636363636,34.0709090909091,36.0727272727273,2.15090909090909,33.2890909090909,0.856363636363636,24.5854545454545,0.874545454545455,38.2436363636364,-0.682115077701482,4.99959983067079,0.880072727272727,0.891890909090909,0.888763636363636
106391,63450,42941,0.63596168542715,0.645954706645596,0.657040313876294,29.8090909090909,34.1309090909091,36.06,2.11090909090909,33.3454545454545,0.849090909090909,24.5363636363636,0.832727272727273,38.3254545454545,-0.671773560074243,4.99936164400794,0.880072727272727,0.891890909090909,0.888763636363636
106580,63652,42928,0.635058659577069,0.645063849373765,0.656751104274792,29.7545454545455,34.1545454545455,36.0909090909091,2.07090909090909,33.38,0.827272727272727,24.5054545454545,0.834545454545455,38.3818181818182,-0.656720869785005,4.96061587008563,0.880072727272727,0.891890909090909,0.888763636363636
106768,63832,42936,0.634357414027511,0.644462650219022,0.656022623984261,29.7127272727273,34.1963636363636,36.0909090909091,2.04363636363636,33.4109090909091,0.816363636363636,24.4309090909091,0.847272727272727,38.4509090909091,-0.642888283678754,4.90762887868014,0.880072727272727,0.891890909090909,0.888763636363636
107067,63970,43097,0.633541824330674,0.644022139627414,0.655519413031834,29.6654545454545,34.2254545454545,36.1090909090909,2.01636363636364,33.4709090909091,0.734545454545455,24.4290909090909,0.814545454545455,38.5345454545455,-0.634541611136361,4.89262981523167,0.880072727272727,0.891890909090909,0.888763636363636
107310,64117,43193,0.633072464179783,0.643525492698843,0.654840349995631,29.6345454545455,34.2436363636364,36.1218181818182,1.98,33.5290909090909,0.652727272727273,24.4345454545455,0.792727272727273,38.6109090909091,-0.626021331226961,4.88830318342556,0.880072727272727,0.891890909090909,0.888763636363636
107543,64294,43249,0.63223850841157,0.642374849981636,0.654664732905785,29.5854545454545,34.2490909090909,36.1654545454545,1.96,33.52,0.689090909090909,24.4072727272727,0.741818181818182,38.6818181818182,-0.613109977814284,4.86168037219481,0.880072727272727,0.891890909090909,0.888763636363636
107755,64437,43318,0.631269337126383,0.641973321371229,0.654254058052884,29.5309090909091,34.2872727272727,36.1818181818182,1.93272727272727,33.5563636363636,0.658181818181818,24.3636363636364,0.732727272727273,38.7563636363636,-0.604652599719438,4.82182021357796,0.880072727272727,0.891890909090909,0.888763636363636
107949,64581,43368,0.630727656865737,0.641489002293561,0.653799293269365,29.4836363636364,34.3090909090909,36.2072727272727,1.91272727272727,33.5654545454545,0.669090909090909,24.3418181818182,0.703636363636364,38.8072727272727,-0.595610936629501,4.78487842082977,0.880072727272727,0.891890909090909,0.888763636363636
108083,64719,43364,0.630170889035336,0.641382622208445,0.653083362366977,29.4109090909091,34.3472727272727,36.2418181818182,1.88363636363636,33.5490909090909,0.692727272727273,24.2927272727273,0.709090909090909,38.8727272727273,-0.584218133376403,4.7482418439605,0.880072727272727,0.891890909090909,0.888763636363636
108237,64851,43386,0.629841993961672,0.641024613993553,0.6526062539987,29.3763636363636,34.3690909090909,36.2545454545455,1.86181818181818,33.5654545454545,0.730909090909091,24.1981818181818,0.707272727272727,38.9363636363636,-0.578722151538188,4.72538646351207,0.880072727272727,0.891890909090909,0.888763636363636
108370,65010,43360,0.629158990208542,0.640208850912972,0.651959674843146,29.34,34.3927272727273,36.2672727272727,1.83636363636364,33.5836363636364,0.732727272727273,24.1418181818182,0.681818181818182,39.0236363636364,-0.567031691494313,4.68106703324751,0.880072727272727,0.891890909090909,0.888763636363636
108712,65216,43496,0.628669322420198,0.639537656405738,0.651410221021295,29.3,34.4236363636364,36.2763636363636,1.80727272727273,33.6436363636364,0.710909090909091,24.0836363636364,0.654545454545455,39.1,-0.552084616639397,4.66771752942692,0.880072727272727,0.891890909090909,0.888763636363636
108949,65374,43575,0.62813686173657,0.639303049200943,0.650924361943457,29.2836363636364,34.4327272727273,36.2836363636364,1.77636363636364,33.6927272727273,0.663636363636364,24.0672727272727,0.641818181818182,39.1581818181818,-0.542846056548032,4.64122620170767,0.880072727272727,0.891890909090909,0.888763636363636
109118,65506,43612,0.627680764990048,0.63844717386608,0.650382459064185,29.2709090909091,34.4054545454545,36.3236363636364,1.76,33.6945454545455,0.681818181818182,24.0272727272727,0.6,39.2363636363636,-0.530684066656977,4.59727802818472,0.880072727272727,0.891890909090909,0.888763636363636
109381,65666,43715,0.627058266745822,0.638145316820043,0.650129914736222,29.2345454545455,34.4327272727273,36.3327272727273,1.74727272727273,33.72,0.658181818181818,23.9727272727273,0.6,39.3018181818182,-0.51906014832414,4.57648936401714,0.880072727272727,0.891890909090909,0.888763636363636
109587,65793,43794,0.626392633762958,0.637792907040059,0.64977311066203,29.1836363636364,34.4690909090909,36.3472727272727,1.72363636363636,33.7872727272727,0.594545454545455,23.9345454545455,0.6,39.36,-0.509298155338249,4.55431904684414,0.880072727272727,0.891890909090909,0.888763636363636
109648,65928,43720,0.625977548360326,0.636970026353307,0.649545511752723,29.1345454545455,34.5109090909091,36.3545454545455,1.70363636363636,33.8090909090909,0.596363636363636,23.8545454545455,0.576363636363636,39.46,-0.499362925753336,4.48265043388713,0.880072727272727,0.891890909090909,0.888763636363636
109805,66051,43754,0.625059508948097,0.63655601028585,0.649313977504008,29.06,34.5709090909091,36.3690909090909,1.68181818181818,33.8690909090909,0.554545454545455,23.8,0.589090909090909,39.5054545454545,-0.48920971929011,4.44547014128078,0.880072727272727,0.891890909090909,0.888763636363636
110120,66186,43934,0.624648994189694,0.636510389699862,0.648975240213482,29.0145454545455,34.5854545454545,36.4,1.65636363636364,33.8981818181818,0.552727272727273,23.7436363636364,0.574545454545455,39.5745454545455,-0.479224981723184,4.44148750305176,0.880072727272727,0.891890909090909,0.888763636363636
110287,66331,43956,0.624108663610575,0.636345496057486,0.648376170929101,28.98,34.64,36.38,1.64,33.8818181818182,0.589090909090909,23.6836363636364,0.578181818181818,39.6272727272727,-0.467169778997248,4.41527057398449,0.880072727272727,0.891890909090909,0.888763636363636
110417,66441,43976,0.623297752178494,0.635608705397467,0.647929802737844,28.9327272727273,34.6763636363636,36.3909090909091,1.62,33.92,0.547272727272727,23.6472727272727,0.554545454545455,39.7109090909091,-0.45749388569966,4.37073087909005,0.880072727272727,0.891890909090909,0.888763636363636
110472,66549,43923,0.622791626291033,0.635115125592857,0.647613730026136,28.9072727272727,34.6836363636364,36.4090909090909,1.60363636363636,33.9,0.576363636363636,23.6109090909091,0.543636363636364,39.7654545454546,-0.447736653651704,4.32991645715453,0.880072727272727,0.891890909090909,0.888763636363636
110796,66700,44096,0.622235770013857,0.634591537753243,0.647393451323911,28.86,34.6909090909091,36.4490909090909,1.59454545454545,33.9181818181818,0.558181818181818,23.5618181818182,0.549090909090909,39.8181818181818,-0.433130607897924,4.33393907926299,0.880072727272727,0.891890909090909,0.888763636363636
110942,66805,44137,0.62159581961828,0.634109478152505,0.647177856252191,28.8309090909091,34.6909090909091,36.4781818181818,1.56727272727273,33.9636363636364,0.536363636363636,23.5,0.543636363636364,39.8890909090909,-0.423964197476479,4.30261673006144,0.880072727272727,0.891890909090909,0.888763636363636
111176,66923,44253,0.621106009680028,0.634036268383599,0.646868892718528,28.7872727272727,34.7218181818182,36.4909090909091,1.55272727272727,34.0109090909091,0.48,23.4872727272727,0.52,39.9490909090909,-0.416268761422146,4.29640259417621,0.880072727272727,0.891890909090909,0.888763636363636
111398,67012,44386,0.620863965821508,0.633515052441436,0.646796600809516,28.76,34.7454545454545,36.4945454545455,1.53636363636364,34.0436363636364,0.441818181818182,23.4654545454545,0.496363636363636,40.0163636363636,-0.407300361364403,4.28466235778548,0.880072727272727,0.891890909090909,0.888763636363636
111610,67089,44521,0.620506307669354,0.633256601003109,0.646545365336142,28.7254545454545,34.7636363636364,36.5109090909091,1.50727272727273,34.0763636363636,0.429090909090909,23.4109090909091,0.483636363636364,40.0927272727273,-0.401975927383385,4.28907570838928,0.880072727272727,0.891890909090909,0.888763636363636
111700,67166,44534,0.620231132340019,0.632835891059421,0.646302619657455,28.7,34.7636363636364,36.5363636363636,1.49818181818182,34.1054545454545,0.412727272727273,23.3454545454545,0.507272727272727,40.1309090909091,-0.396214329510589,4.26045575467023,0.880072727272727,0.891890909090909,0.888763636363636
111829,67255,44574,0.619900629385438,0.632537292285007,0.646185368208201,28.6690909090909,34.7890909090909,36.5418181818182,1.48545454545455,34.0890909090909,0.450909090909091,23.2945454545455,0.496363636363636,40.1836363636364,-0.388319106840275,4.23898538242687,0.880072727272727,0.891890909090909,0.888763636363636
111970,67355,44615,0.619637711179572,0.632177271424897,0.64595461442816,28.6436363636364,34.8036363636364,36.5527272727273,1.48,34.0981818181818,0.436363636363636,23.2672727272727,0.469090909090909,40.2490909090909,-0.37980849311941,4.2077994547107,0.880072727272727,0.891890909090909,0.888763636363636
111994,67451,44543,0.618964379581202,0.632050828970123,0.645812659868239,28.6018181818182,34.8363636363636,36.5618181818182,1.46727272727273,34.12,0.434545454545455,23.2036363636364,0.454545454545454,40.32,-0.371664711062542,4.1594514570453,0.880072727272727,0.891890909090909,0.888763636363636
112102,67510,44592,0.618688225184092,0.631894739921437,0.645740672519761,28.5890909090909,34.8381818181818,36.5727272727273,1.45636363636364,34.1054545454545,0.449090909090909,23.1763636363636,0.443636363636364,40.3690909090909,-0.368240184040571,4.13205936225978,0.880072727272727,0.891890909090909,0.888763636363636
112310,67607,44703,0.618149822427049,0.631677177404257,0.645613238633742,28.5618181818182,34.8454545454545,36.5927272727273,1.43636363636364,34.1254545454545,0.44,23.1472727272727,0.429090909090909,40.4218181818182,-0.358914779719304,4.12835337302902,0.880072727272727,0.891890909090909,0.888763636363636
112381,67687,44694,0.617755747229041,0.631195004558723,0.645346959400067,28.5272727272727,34.8636363636364,36.6090909090909,1.41272727272727,34.1327272727273,0.432727272727273,23.1254545454545,0.436363636363636,40.46,-0.353640356092629,4.09805087230422,0.880072727272727,0.891890909090909,0.888763636363636
112513,67761,44752,0.6173688068958,0.630614414047515,0.645159074541479,28.5145454545455,34.8636363636364,36.6218181818182,1.40545454545455,34.1618181818182,0.398181818181818,23.1,0.429090909090909,40.5054545454545,-0.343893554408781,4.09039221297611,0.880072727272727,0.891890909090909,0.888763636363636
112651,67834,44817,0.61723626206474,0.630219828567027,0.644957829859844,28.4981818181818,34.8763636363636,36.6254545454546,1.39454545454545,34.1745454545455,0.4,23.0545454545455,0.427272727272727,40.5490909090909,-0.338787238155915,4.07216249704361,0.880072727272727,0.891890909090909,0.888763636363636
112740,67900,44840,0.616826530881846,0.629971095410136,0.644666034218342,28.4745454545455,34.8890909090909,36.6363636363636,1.39272727272727,34.1890909090909,0.392727272727273,23.0018181818182,0.418181818181818,40.6054545454545,-0.334374040593816,4.05683559233492,0.880072727272727,0.891890909090909,0.888763636363636
112824,67933,44891,0.616389075457801,0.629964905980893,0.644498646836429,28.4472727272727,34.9145454545455,36.6381818181818,1.37090909090909,34.2127272727273,0.38,22.9872727272727,0.407272727272727,40.6418181818182,-0.331982409920205,4.04148716276342,0.880072727272727,0.891890909090909,0.888763636363636
112781,67979,44802,0.61592433900695,0.629685163751978,0.64430301956624,28.4181818181818,34.9345454545455,36.6472727272727,1.36363636363636,34.2145454545455,0.378181818181818,22.9563636363636,0.378181818181818,40.7090909090909,-0.330453908739781,3.98904895945029,0.880072727272727,0.891890909090909,0.888763636363636
112916,68022,44894,0.615690509729487,0.629322400989167,0.64430422875484,28.4109090909091,34.9272727272727,36.6618181818182,1.36,34.2236363636364,0.365454545454545,22.9581818181818,0.352727272727273,40.74,-0.327469388175417,3.96873002052307,0.880072727272727,0.891890909090909,0.888763636363636
113089,68085,45004,0.615615843050132,0.629119572025431,0.64406713459326,28.3890909090909,34.9363636363636,36.6745454545455,1.34545454545455,34.2381818181818,0.363636363636364,22.94,0.336363636363636,40.7763636363636,-0.322156509503045,3.95850318588994,0.880072727272727,0.891890909090909,0.888763636363636
113116,68133,44983,0.615145222959005,0.628919544486074,0.643997737258325,28.3709090909091,34.9327272727273,36.6963636363636,1.33818181818182,34.2781818181818,0.358181818181818,22.9090909090909,0.329090909090909,40.7872727272727,-0.316995940433646,3.92547036599029,0.880072727272727,0.891890909090909,0.888763636363636
113176,68163,45013,0.614958152198225,0.628634837651254,0.643776531912859,28.3690909090909,34.9363636363636,36.6945454545455,1.33272727272727,34.3254545454545,0.307272727272727,22.9109090909091,0.321818181818182,40.8018181818182,-0.314926728081297,3.89688033922152,0.880072727272727,0.891890909090909,0.888763636363636
113259,68234,45025,0.614524235497303,0.628281243848352,0.64372882299517,28.3490909090909,34.9381818181818,36.7127272727273,1.31272727272727,34.3345454545455,0.318181818181818,22.88,0.32,40.8345454545455,-0.309184422995895,3.87179281765764,0.880072727272727,0.891890909090909,0.888763636363636
113347,68290,45057,0.614228763018687,0.628062490761591,0.643571519354055,28.3254545454545,34.9563636363636,36.7181818181818,1.29272727272727,34.3781818181818,0.318181818181818,22.8327272727273,0.323636363636364,40.8545454545455,-0.304392250195484,3.85403441976417,0.880072727272727,0.891890909090909,0.888763636363636
113428,68338,45090,0.613927621069001,0.62793998188258,0.643400393015894,28.3090909090909,34.9745454545455,36.7163636363636,1.28545454545455,34.3836363636364,0.325454545454545,22.82,0.325454545454545,40.86,-0.301703394305977,3.84042922177098,0.880072727272727,0.891890909090909,0.888763636363636
113563,68373,45190,0.613512494311532,0.627978837127483,0.643356911728389,28.2909090909091,34.9872727272727,36.7218181818182,1.27272727272727,34.3872727272727,0.345454545454545,22.8054545454545,0.307272727272727,40.8818181818182,-0.298757497839291,3.83423766439611,0.880072727272727,0.891890909090909,0.888763636363636
113641,68402,45239,0.613507871551259,0.627730301525315,0.643192878877267,28.2854545454545,35,36.7145454545455,1.26545454545455,34.4163636363636,0.321818181818182,22.8054545454545,0.292727272727273,40.8981818181818,-0.29634561739354,3.81471645588225,0.880072727272727,0.891890909090909,0.888763636363636
113689,68434,45255,0.613268167920678,0.627816690979311,0.6430617092206,28.2709090909091,35.0090909090909,36.72,1.26181818181818,34.4436363636364,0.312727272727273,22.7872727272727,0.3,40.8945454545455,-0.293248545886441,3.80026047094302,0.880072727272727,0.891890909090909,0.888763636363636
113728,68465,45263,0.612898223444334,0.62782315885693,0.642983401984864,28.2581818181818,35.0236363636364,36.7181818181818,1.25454545454545,34.4581818181818,0.305454545454545,22.7927272727273,0.289090909090909,40.9,-0.289841464085674,3.77976371618834,0.880072727272727,0.891890909090909,0.888763636363636
113746,68511,45235,0.612660269698224,0.627777976626405,0.642807687204,28.2490909090909,35.0218181818182,36.7290909090909,1.25090909090909,34.4527272727273,0.307272727272727,22.7745454545455,0.292727272727273,40.9218181818182,-0.28556685782969,3.76207527572458,0.880072727272727,0.891890909090909,0.888763636363636
113831,68549,45282,0.612418524402522,0.627772050496745,0.642761865650643,28.2418181818182,35.0236363636364,36.7345454545455,1.24727272727273,34.4672727272727,0.301818181818182,22.7618181818182,0.285454545454545,40.9363636363636,-0.283082849058238,3.75663931857456,0.880072727272727,0.891890909090909,0.888763636363636
113851,68574,45277,0.612205606578281,0.627695628026318,0.642626453841268,28.2309090909091,35.0272727272727,36.7418181818182,1.24,34.5,0.296363636363636,22.7345454545455,0.281818181818182,40.9472727272727,-0.281070736330003,3.72860350392082,0.880072727272727,0.891890909090909,0.888763636363636
113909,68589,45320,0.611920012425278,0.627412230927425,0.642467816880662,28.2163636363636,35.0363636363636,36.7472727272727,1.22727272727273,34.5381818181818,0.269090909090909,22.7181818181818,0.269090909090909,40.9781818181818,-0.279545953200961,3.71146501383998,0.880072727272727,0.891890909090909,0.888763636363636
114039,68619,45420,0.611629668727512,0.62757548927287,0.642352246980734,28.2018181818182,35.0454545454545,36.7527272727273,1.21818181818182,34.5436363636364,0.261818181818182,22.7236363636364,0.245454545454545,41.0072727272727,-0.2768242333931,3.70797531658953,0.880072727272727,0.891890909090909,0.888763636363636
114140,68647,45493,0.61151419972176,0.627481544109327,0.642252841515917,28.1963636363636,35.0436363636364,36.76,1.21272727272727,34.5454545454545,0.247272727272727,22.7254545454545,0.234545454545455,41.0345454545455,-0.272968187428672,3.69723173027689,0.880072727272727,0.891890909090909,0.888763636363636
114010,68684,45326,0.61087500987431,0.627534419099759,0.642018960280845,28.1727272727273,35.0690909090909,36.7581818181818,1.20181818181818,34.5181818181818,0.28,22.72,0.223636363636364,41.0563636363636,-0.27002789540301,3.65340699174187,0.880072727272727,0.891890909090909,0.888763636363636
114042,68706,45336,0.610764464305523,0.627322729776712,0.641912002103799,28.1709090909091,35.0690909090909,36.76,1.19090909090909,34.5109090909091,0.281818181818182,22.7254545454545,0.243636363636364,41.0472727272727,-0.267808414885605,3.63670404986902,0.880072727272727,0.891890909090909,0.888763636363636
114076,68733,45343,0.610653101963591,0.627172459720565,0.641846231125854,28.1672727272727,35.08,36.7527272727273,1.18727272727273,34.5236363636364,0.276363636363636,22.7018181818182,0.265454545454545,41.0454545454545,-0.266199501840906,3.61461214287715,0.880072727272727,0.891890909090909,0.888763636363636
114173,68767,45406,0.610623589075438,0.627154012283394,0.641804362634301,28.1672727272727,35.0763636363636,36.7563636363636,1.18181818181818,34.5309090909091,0.28,22.6781818181818,0.28,41.0490909090909,-0.263291744877246,3.6052493813363,0.880072727272727,0.891890909090909,0.888763636363636
114239,68781,45458,0.610609708544197,0.627138855395346,0.641753769844302,28.1690909090909,35.0745454545455,36.7563636363636,1.17454545454545,34.5418181818182,0.269090909090909,22.68,0.234545454545455,41.1,-0.262393034956503,3.58780901838433,0.880072727272727,0.891890909090909,0.888763636363636
114304,68816,45488,0.610361553202184,0.627139285503932,0.641590919991408,28.16,35.0763636363636,36.7636363636364,1.17090909090909,34.5472727272727,0.267272727272727,22.6872727272727,0.214545454545455,41.1127272727273,-0.259145326925103,3.57252058793198,0.880072727272727,0.891890909090909,0.888763636363636
114288,68839,45449,0.610149778687263,0.627015787049321,0.641500499771476,28.1545454545455,35.0781818181818,36.7672727272727,1.16727272727273,34.5618181818182,0.245454545454545,22.6818181818182,0.227272727272727,41.1163636363636,-0.257758877453902,3.54498991424387,0.880072727272727,0.891890909090909,0.888763636363636
114314,68853,45461,0.610053580805635,0.626932097200985,0.641382958103661,28.1490909090909,35.0872727272727,36.7636363636364,1.16181818181818,34.5672727272727,0.24,22.6927272727273,0.210909090909091,41.1272727272727,-0.257495506935414,3.52639143927531,0.880072727272727,0.891890909090909,0.888763636363636
114338,68873,45465,0.609931164676911,0.626883716701268,0.641383830314729,28.1454545454545,35.0854545454545,36.7690909090909,1.15454545454545,34.5636363636364,0.252727272727273,22.6872727272727,0.203636363636364,41.1381818181818,-0.255395899776539,3.50792632807385,0.880072727272727,0.891890909090909,0.888763636363636
114377,68897,45480,0.609868056587896,0.626692326039883,0.641289315655065,28.1454545454545,35.0836363636364,36.7709090909091,1.15090909090909,34.5472727272727,0.269090909090909,22.6872727272727,0.223636363636364,41.1218181818182,-0.253907187846066,3.49097852273421,0.880072727272727,0.891890909090909,0.888763636363636
114428,68921,45507,0.609874487931724,0.626383967592898,0.641224034360464,28.1490909090909,35.0763636363636,36.7745454545455,1.14727272727273,34.5327272727273,0.274545454545455,22.6927272727273,0.225454545454545,41.1272727272727,-0.252123604323292,3.47718749832023,0.880072727272727,0.891890909090909,0.888763636363636
114481,68937,45544,0.609660766549346,0.626430490243318,0.641185655504764,28.1345454545455,35.0890909090909,36.7763636363636,1.14181818181818,34.5345454545455,0.263636363636364,22.6981818181818,0.207272727272727,41.1545454545455,-0.250948081643913,3.46409115913239,0.880072727272727,0.891890909090909,0.888763636363636
114536,68947,45589,0.609573840600096,0.626295637805241,0.641118503070803,28.1290909090909,35.0890909090909,36.7818181818182,1.13272727272727,34.54,0.247272727272727,22.7236363636364,0.181818181818182,41.1745454545455,-0.250602224337953,3.4523828975179,0.880072727272727,0.891890909090909,0.888763636363636
114601,68972,45629,0.609547362048155,0.626353908917229,0.641054450678767,28.1309090909091,35.0890909090909,36.78,1.12545454545455,34.5418181818182,0.232727272727273,22.7254545454545,0.194545454545455,41.18,-0.248563466496258,3.44571419480172,0.880072727272727,0.891890909090909,0.888763636363636
114608,68991,45617,0.609319230650801,0.626285324988637,0.64097334917364,28.1218181818182,35.0836363636364,36.7945454545455,1.12,34.5236363636364,0.243636363636364,22.7236363636364,0.205454545454545,41.1836363636364,-0.247331002060409,3.42760982784358,0.880072727272727,0.891890909090909,0.888763636363636
114655,69010,45645,0.609345116088149,0.626256733531137,0.640968813789357,28.1218181818182,35.0836363636364,36.7945454545455,1.11272727272727,34.5309090909091,0.229090909090909,22.7236363636364,0.194545454545455,41.2090909090909,-0.246183293607001,3.41038919362155,0.880072727272727,0.891890909090909,0.888763636363636
114740,69028,45712,0.609165781076973,0.626153658337464,0.641057831494117,28.1181818181818,35.0854545454545,36.7963636363636,1.10545454545455,34.5236363636364,0.234545454545455,22.7181818181818,0.198181818181818,41.22,-0.24512793218971,3.40276206487959,0.880072727272727,0.891890909090909,0.888763636363636
114786,69034,45752,0.609249038813964,0.625999288249517,0.64094497542537,28.1181818181818,35.0854545454545,36.7963636363636,1.10545454545455,34.52,0.22,22.72,0.2,41.2345454545455,-0.244488586815582,3.39274360036308,0.880072727272727,0.891890909090909,0.888763636363636
114796,69042,45754,0.6093008777835,0.625944405863005,0.640813856261278,28.1127272727273,35.08,36.8072727272727,1.10181818181818,34.5309090909091,0.196363636363636,22.7254545454545,0.207272727272727,41.2381818181818,-0.24312376270748,3.37688050730662,0.880072727272727,0.891890909090909,0.888763636363636
114823,69044,45779,0.609240163853599,0.625821588445259,0.640763613072296,28.1072727272727,35.0872727272727,36.8054545454546,1.09454545454545,34.5436363636364,0.187272727272727,22.7309090909091,0.189090909090909,41.2545454545455,-0.243758381989954,3.35609358982606,0.880072727272727,0.891890909090909,0.888763636363636
114835,69052,45783,0.609164069166938,0.625769405544642,0.640772878795903,28.1018181818182,35.0963636363636,36.8018181818182,1.08909090909091,34.5472727272727,0.203636363636364,22.7018181818182,0.203636363636364,41.2545454545455,-0.243386579264717,3.34488401968371,0.880072727272727,0.891890909090909,0.888763636363636
114806,69070,45736,0.609042244286492,0.625645075817073,0.640760276093222,28.0963636363636,35.0945454545455,36.8090909090909,1.08727272727273,34.56,0.198181818181818,22.6781818181818,0.207272727272727,41.2690909090909,-0.242104996410622,3.31593001620336,0.880072727272727,0.891890909090909,0.888763636363636
114858,69082,45776,0.608831931099186,0.625636063897598,0.640781407319679,28.0836363636364,35.1090909090909,36.8072727272727,1.08727272727273,34.5618181818182,0.176363636363636,22.6854545454545,0.203636363636364,41.2854545454545,-0.241513257738287,3.29643169641495,0.880072727272727,0.891890909090909,0.888763636363636
114808,69092,45716,0.608793318307457,0.625480568900174,0.640654930599687,28.0836363636364,35.1054545454545,36.8109090909091,1.08727272727273,34.5654545454545,0.189090909090909,22.6654545454545,0.187272727272727,41.3054545454546,-0.24132620238445,3.26577437425202,0.880072727272727,0.891890909090909,0.888763636363636
114832,69104,45728,0.608826981368633,0.625518704850619,0.640571131434722,28.0909090909091,35.1,36.8090909090909,1.08181818181818,34.5781818181818,0.190909090909091,22.6381818181818,0.178181818181818,41.3327272727273,-0.240005040719089,3.25535645186901,0.880072727272727,0.891890909090909,0.888763636363636
114832,69104,45728,0.608810834531932,0.625464893942006,0.640584501163822,28.0890909090909,35.1018181818182,36.8090909090909,1.07454545454545,34.5890909090909,0.196363636363636,22.5945454545455,0.185454545454545,41.36,-0.240505101519044,3.23184815719724,0.880072727272727,0.891890909090909,0.888763636363636
114858,69114,45744,0.608816486653569,0.625304244041337,0.64056004589034,28.0872727272727,35.0981818181818,36.8145454545455,1.06,34.6018181818182,0.207272727272727,22.5763636363636,0.185454545454545,41.3690909090909,-0.2387673844541,3.22753863666545,0.880072727272727,0.891890909090909,0.888763636363636
114948,69126,45822,0.608821977092564,0.625244255616923,0.640515078379829,28.0890909090909,35.0963636363636,36.8145454545455,1.05272727272727,34.6254545454545,0.187272727272727,22.5672727272727,0.18,41.3872727272727,-0.237874152756889,3.22428393153982,0.880072727272727,0.891890909090909,0.888763636363636
114967,69141,45826,0.608701363527217,0.625171666052348,0.640480388495563,28.08,35.1,36.82,1.04363636363636,34.64,0.181818181818182,22.5472727272727,0.192727272727273,41.3945454545455,-0.237022877416827,3.21214046187022,0.880072727272727,0.891890909090909,0.888763636363636
114988,69145,45843,0.608701952905834,0.625139862337018,0.640518383031719,28.0763636363636,35.0981818181818,36.8254545454545,1.04363636363636,34.6581818181818,0.161818181818182,22.54,0.181818181818182,41.4145454545455,-0.237252023189583,3.19529875354333,0.880072727272727,0.891890909090909,0.888763636363636
115041,69156,45885,0.608590554884554,0.625238603327893,0.640402894153871,28.0745454545455,35.1,36.8254545454545,1.04,34.6818181818182,0.152727272727273,22.5181818181818,0.172727272727273,41.4345454545455,-0.235395386527208,3.18550451336937,0.880072727272727,0.891890909090909,0.888763636363636
115005,69158,45847,0.608529167338563,0.62511488237249,0.640367592379861,28.0745454545455,35.0981818181818,36.8272727272727,1.03818181818182,34.6872727272727,0.147272727272727,22.4945454545455,0.178181818181818,41.4545454545455,-0.235107642335987,3.17135027017106,0.880072727272727,0.891890909090909,0.888763636363636
115049,69167,45882,0.608484145892597,0.624981388657032,0.640455523688943,28.0709090909091,35.0963636363636,36.8327272727273,1.03636363636364,34.6945454545455,0.150909090909091,22.4763636363636,0.161818181818182,41.48,-0.235136717240411,3.16531910029325,0.880072727272727,0.891890909090909,0.888763636363636
115107,69177,45930,0.608718274694632,0.624979562592913,0.640350891542255,28.0636363636364,35.1,36.8363636363636,1.03090909090909,34.6963636363636,0.145454545454545,22.4963636363636,0.141818181818182,41.4890909090909,-0.234960135978393,3.14988772550767,0.880072727272727,0.891890909090909,0.888763636363636
114988,69192,45796,0.608522726239283,0.624840306456929,0.640255304019639,28.0509090909091,35.1090909090909,36.84,1.02181818181818,34.7054545454545,0.145454545454545,22.4818181818182,0.141818181818182,41.5036363636364,-0.234166556888853,3.11120739172805,0.880072727272727,0.891890909090909,0.888763636363636
115019,69203,45816,0.608477061087136,0.62492658547472,0.640261813791179,28.0472727272727,35.1181818181818,36.8345454545455,1.01272727272727,34.7163636363636,0.141818181818182,22.4654545454545,0.138181818181818,41.5254545454545,-0.234084524451332,3.1016965362836,0.880072727272727,0.891890909090909,0.888763636363636
115024,69221,45803,0.608450687114397,0.624792562785038,0.640203032642461,28.0509090909091,35.1090909090909,36.84,1.00909090909091,34.7127272727273,0.149090909090909,22.4490909090909,0.143636363636364,41.5363636363636,-0.232095966801386,3.0832555772906,0.880072727272727,0.891890909090909,0.888763636363636
115153,69245,45908,0.608466015814229,0.624763183484452,0.640326302755369,28.0563636363636,35.1090909090909,36.8345454545455,1.00545454545455,34.7254545454545,0.16,22.4181818181818,0.121818181818182,41.5690909090909,-0.230493260788816,3.08323677649552,0.880072727272727,0.891890909090909,0.888763636363636
115135,69258,45877,0.608334803996458,0.62461922579516,0.640301951454019,28.0509090909091,35.1072727272727,36.8418181818182,1.00363636363636,34.7436363636364,0.154545454545455,22.4,0.141818181818182,41.5563636363636,-0.229624911008233,3.06730976666916,0.880072727272727,0.891890909090909,0.888763636363636
115194,69264,45930,0.608236227447537,0.624668842809169,0.640259196441782,28.0436363636364,35.1127272727273,36.8436363636364,0.996363636363636,34.7745454545455,0.149090909090909,22.3890909090909,0.121818181818182,41.5690909090909,-0.228960835586556,3.06360757418654,0.880072727272727,0.891890909090909,0.888763636363636
115179,69272,45907,0.608197350858895,0.624503524184123,0.640210278056171,28.0418181818182,35.1109090909091,36.8472727272727,0.990909090909091,34.7981818181818,0.134545454545455,22.3709090909091,0.129090909090909,41.5763636363636,-0.22788843805055,3.04226482585072,0.880072727272727,0.891890909090909,0.888763636363636
115254,69275,45979,0.608274583986976,0.624367347074204,0.640281421529565,28.0345454545455,35.1145454545455,36.8509090909091,0.987272727272727,34.8163636363636,0.121818181818182,22.36,0.138181818181818,41.5763636363636,-0.227693986697969,3.03641139878468,0.880072727272727,0.891890909090909,0.888763636363636
115263,69288,45975,0.608230157016837,0.624342340095169,0.640263207040647,28.0309090909091,35.1127272727273,36.8563636363636,0.978181818181818,34.8236363636364,0.147272727272727,22.3436363636364,0.132727272727273,41.5745454545455,-0.226327455327423,3.02646299532869,0.880072727272727,0.891890909090909,0.888763636363636
115241,69292,45949,0.608111471837413,0.624378461112607,0.640259348282817,28.0218181818182,35.1236363636364,36.8545454545455,0.972727272727273,34.8381818181818,0.143636363636364,22.3327272727273,0.132727272727273,41.58,-0.226648816123435,3.00589125136083,0.880072727272727,0.891890909090909,0.888763636363636
115059,69293,45766,0.608006515820042,0.624255074495497,0.640234280902061,28.0218181818182,35.1181818181818,36.86,0.969090909090909,34.8454545454545,0.145454545454545,22.3181818181818,0.152727272727273,41.5690909090909,-0.22696793790568,2.96375861520117,0.880072727272727,0.891890909090909,0.888763636363636
115082,69294,45788,0.607966532389417,0.624344477907933,0.640227463587377,28.0145454545455,35.1254545454545,36.86,0.961818181818182,34.8581818181818,0.138181818181818,22.3327272727273,0.149090909090909,41.56,-0.227968703187071,2.95397371033376,0.880072727272727,0.891890909090909,0.888763636363636
115057,69300,45757,0.607943694672132,0.624338646534507,0.640187493191016,28.0054545454545,35.1309090909091,36.8636363636364,0.956363636363636,34.8745454545455,0.147272727272727,22.3236363636364,0.152727272727273,41.5454545454545,-0.227205046452582,2.93236529786478,0.880072727272727,0.891890909090909,0.888763636363636
115071,69312,45759,0.607842232508707,0.62432774615018,0.640285313118472,28.0018181818182,35.1345454545455,36.8636363636364,0.950909090909091,34.8963636363636,0.149090909090909,22.32,0.145454545454545,41.5381818181818,-0.226793000870384,2.92189783548767,0.880072727272727,0.891890909090909,0.888763636363636
114875,69314,45561,0.607791943349423,0.624012841223661,0.640180378356894,28.0018181818182,35.1218181818182,36.8763636363636,0.941818181818182,34.9090909090909,0.172727272727273,22.3072727272727,0.129090909090909,41.54,-0.225996130285785,2.87939410223202,0.880072727272727,0.891890909090909,0.888763636363636
115012,69320,45692,0.607771940132664,0.624122228043041,0.640138459388404,27.9963636363636,35.1236363636364,36.88,0.936363636363636,34.96,0.16,22.2890909090909,0.12,41.5345454545455,-0.225413381306201,2.88382264199582,0.880072727272727,0.891890909090909,0.888763636363636
115013,69326,45687,0.607764726974688,0.624154172565233,0.640084247013409,27.9963636363636,35.12,36.8836363636364,0.932727272727273,34.9854545454545,0.16,22.2709090909091,0.109090909090909,41.5418181818182,-0.225496055753055,2.8740029047836,0.880072727272727,0.891890909090909,0.888763636363636
115082,69335,45747,0.607689042332991,0.624160742776881,0.64009152156613,27.9854545454545,35.1254545454545,36.8890909090909,0.930909090909091,35.0090909090909,0.141818181818182,22.2763636363636,0.103636363636364,41.5381818181818,-0.224865006335842,2.87720744975589,0.880072727272727,0.891890909090909,0.888763636363636
115049,69345,45704,0.607723035183828,0.624137013240432,0.640084259944218,27.9909090909091,35.1163636363636,36.8927272727273,0.930909090909091,35.0436363636364,0.145454545454545,22.2363636363636,0.110909090909091,41.5327272727273,-0.224790158421224,2.85648427443071,0.880072727272727,0.891890909090909,0.888763636363636
115062,69349,45713,0.607696181387143,0.624101630072881,0.640083819038479,27.9927272727273,35.1163636363636,36.8909090909091,0.927272727272727,35.0618181818182,0.141818181818182,22.2072727272727,0.127272727272727,41.5345454545455,-0.22515327879016,2.84804651256312,0.880072727272727,0.891890909090909,0.888763636363636
115056,69354,45702,0.607676218260954,0.624054123070443,0.640043145669586,27.9927272727273,35.1163636363636,36.8909090909091,0.927272727272727,35.0672727272727,0.14,22.2072727272727,0.136363636363636,41.5218181818182,-0.224778083817695,2.83739524402402,0.880072727272727,0.891890909090909,0.888763636363636
115092,69364,45728,0.607527564227979,0.623987904992785,0.64016108972848,27.9781818181818,35.12,36.9018181818182,0.927272727272727,35.0690909090909,0.16,22.1945454545455,0.132727272727273,41.5163636363636,-0.22333052190317,2.83316494836049,0.880072727272727,0.891890909090909,0.888763636363636
115100,69375,45725,0.607548806394272,0.62399353332409,0.640084823825891,27.9781818181818,35.1145454545455,36.9072727272727,0.921818181818182,35.0890909090909,0.167272727272727,22.1763636363636,0.114545454545455,41.5309090909091,-0.221996375037865,2.81940430802378,0.880072727272727,0.891890909090909,0.888763636363636
115100,69383,45717,0.607539560572785,0.623910112083085,0.640161175778973,27.98,35.1109090909091,36.9090909090909,0.912727272727273,35.1090909090909,0.172727272727273,22.1345454545455,0.147272727272727,41.5236363636364,-0.221950092039664,2.80622784122825,0.880072727272727,0.891890909090909,0.888763636363636
115104,69379,45725,0.60750259318889,0.623866772682757,0.640120048391622,27.9763636363636,35.1109090909091,36.9127272727273,0.912727272727273,35.1381818181818,0.145454545454545,22.1163636363636,0.143636363636364,41.5436363636364,-0.222264315274713,2.79415764260021,0.880072727272727,0.891890909090909,0.888763636363636
115188,69389,45799,0.607468431253046,0.623887803078734,0.640117190779588,27.9745454545455,35.1072727272727,36.9181818181818,0.901818181818182,35.1563636363636,0.14,22.1054545454545,0.14,41.5563636363636,-0.221224507344463,2.79546047239141,0.880072727272727,0.891890909090909,0.888763636363636
115219,69391,45828,0.607411164085324,0.623954456353073,0.64011092513643,27.9672727272727,35.1054545454545,36.9272727272727,0.9,35.18,0.136363636363636,22.0727272727273,0.141818181818182,41.5690909090909,-0.221337691762231,2.78911535895684,0.880072727272727,0.891890909090909,0.888763636363636
115281,69394,45887,0.60740520910248,0.624044288290174,0.640135106620863,27.9690909090909,35.1036363636364,36.9272727272727,0.9,35.1909090909091,0.14,22.0436363636364,0.150909090909091,41.5745454545455,-0.221226314173757,2.79489329728213,0.880072727272727,0.891890909090909,0.888763636363636
115380,69405,45975,0.607379841241059,0.62409308873197,0.640083986452562,27.9727272727273,35.0945454545455,36.9327272727273,0.896363636363636,35.22,0.136363636363636,22.0272727272727,0.136363636363636,41.5836363636364,-0.22106565783774,2.80049054365266,0.880072727272727,0.891890909090909,0.888763636363636
115298,69411,45887,0.607344720114678,0.623968861537891,0.640066789292125,27.9763636363636,35.0854545454545,36.9381818181818,0.892727272727273,35.2527272727273,0.123636363636364,22.0036363636364,0.143636363636364,41.5836363636364,-0.220806490259499,2.76041562428529,0.880072727272727,0.891890909090909,0.888763636363636
115284,69416,45868,0.607356542160332,0.62396026990688,0.64007217009412,27.98,35.0836363636364,36.9363636363636,0.889090909090909,35.2745454545455,0.121818181818182,21.9727272727273,0.134545454545455,41.6072727272727,-0.221057158365676,2.74971618672664,0.880072727272727,0.891890909090909,0.888763636363636
115275,69421,45854,0.607353009112517,0.623785050363995,0.640022778219268,27.9763636363636,35.0854545454545,36.9381818181818,0.883636363636364,35.2963636363636,0.12,21.9490909090909,0.138181818181818,41.6127272727273,-0.220447539332831,2.73523905019869,0.880072727272727,0.891890909090909,0.888763636363636
115264,69419,45845,0.60729851485546,0.623797856793364,0.639916617923898,27.9709090909091,35.0909090909091,36.9381818181818,0.876363636363636,35.3290909090909,0.118181818181818,21.9090909090909,0.130909090909091,41.6363636363636,-0.221271908359433,2.72407674261115,0.880072727272727,0.891890909090909,0.888763636363636
115290,69426,45864,0.607272637776813,0.623737178761477,0.639896763040856,27.9690909090909,35.0927272727273,36.9381818181818,0.870909090909091,35.3636363636364,0.127272727272727,21.8581818181818,0.118181818181818,41.6618181818182,-0.220918572655964,2.71282243389975,0.880072727272727,0.891890909090909,0.888763636363636
115293,69430,45863,0.607210064768996,0.623697500531231,0.639875507751943,27.9581818181818,35.1018181818182,36.94,0.867272727272727,35.3890909090909,0.121818181818182,21.8218181818182,0.114545454545455,41.6854545454545,-0.221166096085852,2.70171836655248,0.880072727272727,0.891890909090909,0.888763636363636
115302,69438,45864,0.607174548566605,0.623643441400846,0.639893211024024,27.9581818181818,35.1090909090909,36.9327272727273,0.865454545454545,35.4254545454545,0.130909090909091,21.7509090909091,0.123636363636364,41.7036363636364,-0.221625168771822,2.6888315890323,0.880072727272727,0.891890909090909,0.888763636363636
115314,69450,45864,0.607192092401135,0.623498979128453,0.639937075874006,27.9636363636364,35.1072727272727,36.9290909090909,0.863636363636364,35.4618181818182,0.12,21.7018181818182,0.136363636363636,41.7163636363636,-0.221042109890418,2.67528944164515,0.880072727272727,0.891890909090909,0.888763636363636
115296,69458,45838,0.60720826932334,0.623300990035768,0.639914822685549,27.9709090909091,35.0981818181818,36.9309090909091,0.861818181818182,35.4927272727273,0.123636363636364,21.6545454545455,0.138181818181818,41.7290909090909,-0.219609027143716,2.66189165074717,0.880072727272727,0.891890909090909,0.888763636363636
115288,69463,45825,0.607231639822325,0.623177056432245,0.639918597941169,27.9745454545455,35.0854545454545,36.94,0.858181818181818,35.5145454545455,0.112727272727273,21.6145454545455,0.138181818181818,41.7618181818182,-0.219442086168353,2.65341493257067,0.880072727272727,0.891890909090909,0.888763636363636
115268,69463,45805,0.60723543205423,0.623097652688154,0.639937072804082,27.9745454545455,35.0818181818182,36.9436363636364,0.850909090909091,35.5545454545455,0.0963636363636364,21.5872727272727,0.136363636363636,41.7745454545455,-0.220167876950423,2.6380685982379,0.880072727272727,0.891890909090909,0.888763636363636
115234,69467,45767,0.607113268013773,0.623068384426562,0.639910939664043,27.9636363636364,35.0890909090909,36.9472727272727,0.849090909090909,35.5727272727273,0.123636363636364,21.5309090909091,0.138181818181818,41.7854545454545,-0.220228782569757,2.61820364377715,0.880072727272727,0.891890909090909,0.888763636363636
115314,69469,45845,0.607051286712407,0.62310677568112,0.639993010355204,27.96,35.0909090909091,36.9490909090909,0.847272727272727,35.6090909090909,0.118181818181818,21.4854545454545,0.138181818181818,41.8018181818182,-0.220216567270373,2.62267863926562,0.880072727272727,0.891890909090909,0.888763636363636
115421,69472,45949,0.607103906621104,0.623125063688997,0.639919649284617,27.9636363636364,35.0836363636364,36.9527272727273,0.847272727272727,35.6272727272727,0.136363636363636,21.4490909090909,0.121818181818182,41.8181818181818,-0.218417304576459,2.64008291770111,0.880072727272727,0.891890909090909,0.888763636363636
115432,69480,45952,0.607112460114521,0.62291173631711,0.639968400941916,27.9654545454545,35.0727272727273,36.9618181818182,0.843636363636364,35.6618181818182,0.118181818181818,21.4236363636364,0.105454545454545,41.8472727272727,-0.218199017686261,2.62370298962024,0.880072727272727,0.891890909090909,0.888763636363636
115414,69487,45927,0.606992906233934,0.622915176860694,0.639904443052258,27.9545454545455,35.0854545454545,36.96,0.847272727272727,35.6945454545455,0.109090909090909,21.3636363636364,0.123636363636364,41.8618181818182,-0.217963641006711,2.60939200655981,0.880072727272727,0.891890909090909,0.888763636363636
115379,69489,45890,0.607005615982897,0.622866016996078,0.639916028529403,27.9527272727273,35.0872727272727,36.96,0.845454545454545,35.72,0.12,21.3109090909091,0.121818181818182,41.8818181818182,-0.218691677638245,2.59345781891183,0.880072727272727,0.891890909090909,0.888763636363636
115410,69492,45918,0.606983966895514,0.622804643436319,0.639933972270036,27.9581818181818,35.08,36.9618181818182,0.843636363636364,35.76,0.109090909090909,21.2745454545455,0.107272727272727,41.9054545454546,-0.217682267554549,2.58167490471493,0.880072727272727,0.891890909090909,0.888763636363636
115435,69488,45947,0.606976220811209,0.622843255276934,0.639922347013722,27.9509090909091,35.0890909090909,36.96,0.836363636363636,35.8181818181818,0.0872727272727273,21.22,0.107272727272727,41.9309090909091,-0.218664469032824,2.57262996909293,0.880072727272727,0.891890909090909,0.888763636363636
115426,69491,45935,0.60692162428073,0.622790901161801,0.639891369581944,27.9454545454545,35.0963636363636,36.9581818181818,0.832727272727273,35.84,0.112727272727273,21.1781818181818,0.0981818181818182,41.9381818181818,-0.218481340657771,2.55721034417776,0.880072727272727,0.891890909090909,0.888763636363636
115446,69497,45949,0.606978697193971,0.622735087521804,0.639905717675049,27.9527272727273,35.0909090909091,36.9563636363636,0.827272727272727,35.8854545454545,0.112727272727273,21.1218181818182,0.110909090909091,41.9418181818182,-0.218528569156346,2.55078876943073,0.880072727272727,0.891890909090909,0.888763636363636
115477,69505,45972,0.60697155729944,0.622693670183437,0.639873655203889,27.9527272727273,35.0945454545455,36.9527272727273,0.823636363636364,35.9218181818182,0.110909090909091,21.0745454545455,0.107272727272727,41.9618181818182,-0.218068882619793,2.54575416222215,0.880072727272727,0.891890909090909,0.888763636363636
115490,69513,45977,0.607019067011461,0.622570031552598,0.639857952702426,27.9472727272727,35.1018181818182,36.9509090909091,0.816363636363636,35.9563636363636,0.109090909090909,21.0327272727273,0.112727272727273,41.9727272727273,-0.217292231411292,2.53511878025125,0.880072727272727,0.891890909090909,0.888763636363636
115472,69519,45953,0.607006318387679,0.622527598357094,0.639795065173225,27.9545454545455,35.0963636363636,36.9490909090909,0.814545454545455,35.9872727272727,0.114545454545455,20.9890909090909,0.109090909090909,41.9854545454545,-0.216598480869487,2.52384459691292,0.880072727272727,0.891890909090909,0.888763636363636
115483,69522,45961,0.607015792157195,0.62250215021824,0.639804997329909,27.9509090909091,35.0945454545455,36.9545454545455,0.810909090909091,36.0163636363636,0.107272727272727,20.9654545454545,0.0927272727272727,42.0072727272727,-0.216683037621392,2.50994340347295,0.880072727272727,0.891890909090909,0.888763636363636
115492,69523,45969,0.606978503292517,0.622531852289423,0.639848176877142,27.9490909090909,35.0963636363636,36.9545454545455,0.807272727272727,36.0436363636364,0.114545454545455,20.9163636363636,0.0945454545454545,42.0236363636364,-0.217543570225826,2.49946912523698,0.880072727272727,0.891890909090909,0.888763636363636
115342,69521,45821,0.606888628091109,0.62242702119388,0.639776512459442,27.9472727272727,35.0963636363636,36.9563636363636,0.803636363636364,36.0763636363636,0.12,20.8745454545455,0.1,42.0254545454545,-0.21743106183289,2.4584601553665,0.880072727272727,0.891890909090909,0.888763636363636
115352,69521,45831,0.606898423969434,0.622367823790508,0.639833318718159,27.9509090909091,35.0854545454545,36.9636363636364,0.803636363636364,36.1181818181818,0.110909090909091,20.8418181818182,0.1,42.0254545454545,-0.217627840333576,2.44998107417063,0.880072727272727,0.891890909090909,0.888763636363636
115351,69522,45829,0.606938108622986,0.622244006640986,0.63982013234978,27.9545454545455,35.0781818181818,36.9672727272727,0.794545454545455,36.1690909090909,0.107272727272727,20.7872727272727,0.110909090909091,42.0309090909091,-0.218034222958588,2.43779977935959,0.880072727272727,0.891890909090909,0.888763636363636
115231,69528,45703,0.606868690940988,0.622205951051893,0.639743682376728,27.9472727272727,35.0909090909091,36.9618181818182,0.790909090909091,36.1963636363636,0.107272727272727,20.7618181818182,0.0963636363636364,42.0472727272727,-0.218156556682979,2.40177960422906,0.880072727272727,0.891890909090909,0.888763636363636
115292,69532,45760,0.606836603453444,0.622172538368672,0.639708382387188,27.9418181818182,35.0981818181818,36.96,0.792727272727273,36.2381818181818,0.107272727272727,20.7090909090909,0.1,42.0527272727273,-0.218382318674015,2.39873162724755,0.880072727272727,0.891890909090909,0.888763636363636
115285,69538,45747,0.606821471167175,0.62204393320163,0.639663282634004,27.9472727272727,35.0890909090909,36.9636363636364,0.783636363636364,36.2690909090909,0.118181818181818,20.6636363636364,0.0981818181818182,42.0672727272727,-0.218179188145388,2.38288383436474,0.880072727272727,0.891890909090909,0.888763636363636
115260,69537,45723,0.606760577080034,0.62203661504792,0.6396714834336,27.9436363636364,35.0872727272727,36.9690909090909,0.78,36.3018181818182,0.12,20.6127272727273,0.116363636363636,42.0690909090909,-0.218863571483367,2.3649316100573,0.880072727272727,0.891890909090909,0.888763636363636
115288,69544,45744,0.606783521064988,0.622030120623644,0.63968933781184,27.9436363636364,35.0818181818182,36.9745454545455,0.778181818181818,36.3490909090909,0.101818181818182,20.5745454545455,0.116363636363636,42.08,-0.218228897312127,2.35806567323479,0.880072727272727,0.891890909090909,0.888763636363636
115348,69550,45798,0.606835392850655,0.621997641208007,0.639740439575961,27.9527272727273,35.0763636363636,36.9709090909091,0.772727272727273,36.3854545454545,0.109090909090909,20.54,0.0963636363636364,42.0963636363636,-0.218160358497301,2.35887173932384,0.880072727272727,0.891890909090909,0.888763636363636
115324,69551,45773,0.60678149449979,0.622028914521777,0.639710248690358,27.9472727272727,35.0836363636364,36.9690909090909,0.769090909090909,36.4418181818182,0.0927272727272727,20.4927272727273,0.1,42.1036363636364,-0.21881478114043,2.34158816107295,0.880072727272727,0.891890909090909,0.888763636363636
115451,69553,45898,0.606645730052563,0.621950938676982,0.639705886815203,27.9436363636364,35.0854545454545,36.9709090909091,0.765454545454545,36.4854545454545,0.103636363636364,20.4236363636364,0.105454545454545,42.1163636363636,-0.219070304929681,2.36694444475526,0.880072727272727,0.891890909090909,0.888763636363636
115445,69555,45890,0.60664144444735,0.621828400089453,0.639700597958797,27.9436363636364,35.0763636363636,36.98,0.763636363636364,36.5109090909091,0.1,20.3781818181818,0.118181818181818,42.1290909090909,-0.21939725378179,2.35495977171443,0.880072727272727,0.891890909090909,0.888763636363636
115460,69564,45896,0.606601660140278,0.621761757570698,0.639711828740483,27.9472727272727,35.0727272727273,36.98,0.761818181818182,36.5418181818182,0.1,20.3563636363636,0.101818181818182,42.1381818181818,-0.218574105452386,2.34257644143972,0.880072727272727,0.891890909090909,0.888763636363636
115541,69571,45970,0.606718292095232,0.621742951430257,0.639724101600328,27.9436363636364,35.0727272727273,36.9836363636364,0.761818181818182,36.5690909090909,0.0963636363636364,20.32,0.0981818181818182,42.1545454545455,-0.218196656223683,2.33948165171526,0.880072727272727,0.891890909090909,0.888763636363636
115552,69571,45981,0.606786961952663,0.621736725117522,0.639743625672263,27.9381818181818,35.0727272727273,36.9890909090909,0.76,36.5927272727273,0.110909090909091,20.2672727272727,0.0927272727272727,42.1763636363636,-0.219343304022385,2.33221510232172,0.880072727272727,0.891890909090909,0.888763636363636
115542,69575,45967,0.606741335230795,0.621659786105161,0.639780299642923,27.9345454545455,35.0781818181818,36.9872727272727,0.761818181818182,36.6272727272727,0.0909090909090909,20.2309090909091,0.0890909090909091,42.2,-0.219608923607633,2.31791946505281,0.880072727272727,0.891890909090909,0.888763636363636
115539,69583,45956,0.60671208787131,0.621597826160568,0.639777245156912,27.9345454545455,35.0818181818182,36.9836363636364,0.754545454545455,36.6745454545455,0.0909090909090909,20.1818181818182,0.0854545454545454,42.2127272727273,-0.218900713420325,2.30440659075975,0.880072727272727,0.891890909090909,0.888763636363636
115594,69590,46004,0.606731539796904,0.621500572573103,0.639771762795867,27.9309090909091,35.0854545454545,36.9836363636364,0.752727272727273,36.7109090909091,0.0854545454545454,20.14,0.0909090909090909,42.22,-0.217939900492043,2.29515960030258,0.880072727272727,0.891890909090909,0.888763636363636
115552,69590,45962,0.606737820080495,0.621452514969136,0.639688203483043,27.9309090909091,35.0836363636364,36.9854545454545,0.749090909090909,36.7363636363636,0.0927272727272727,20.1018181818182,0.0836363636363636,42.2363636363636,-0.218637577934318,2.27108809480613,0.880072727272727,0.891890909090909,0.888763636363636
115505,69601,45904,0.606710118307503,0.621313916260814,0.639656147699391,27.9363636363636,35.0781818181818,36.9854545454545,0.749090909090909,36.7581818181818,0.0963636363636364,20.0618181818182,0.0763636363636364,42.2581818181818,-0.21747801915626,2.24525662443855,0.880072727272727,0.891890909090909,0.888763636363636
115411,69606,45805,0.606755319812475,0.621219615177982,0.63959855258103,27.9418181818182,35.0745454545455,36.9836363636364,0.749090909090909,36.7927272727273,0.0927272727272727,20.0109090909091,0.0836363636363636,42.2709090909091,-0.217267618124077,2.21326825920154,0.880072727272727,0.891890909090909,0.888763636363636
115479,69605,45874,0.606693825575924,0.621250918297671,0.63958745264929,27.9345454545455,35.0763636363636,36.9890909090909,0.745454545454545,36.8345454545455,0.0854545454545454,19.9509090909091,0.0909090909090909,42.2927272727273,-0.217499801957853,2.21758919591931,0.880072727272727,0.891890909090909,0.888763636363636
115543,69604,45939,0.606682187766621,0.621160278602386,0.639711000456577,27.9345454545455,35.0709090909091,36.9945454545455,0.734545454545455,36.8563636363636,0.0872727272727273,19.9090909090909,0.0981818181818182,42.3145454545455,-0.217879187704635,2.22103784710846,0.880072727272727,0.891890909090909,0.888763636363636
115544,69602,45942,0.606653123716503,0.621226536449193,0.639607925069667,27.9327272727273,35.0690909090909,36.9981818181818,0.732727272727273,36.8745454545455,0.0854545454545454,19.8909090909091,0.0763636363636364,42.34,-0.219005896179111,2.21267511350187,0.880072727272727,0.891890909090909,0.888763636363636
115432,69604,45828,0.60654941476438,0.62116445848126,0.639594360231356,27.9254545454545,35.0763636363636,36.9981818181818,0.729090909090909,36.9036363636364,0.0945454545454545,19.8363636363636,0.0909090909090909,42.3454545454545,-0.219226947807792,2.18966979679059,0.880072727272727,0.891890909090909,0.888763636363636
115460,69612,45848,0.606560672585829,0.621057131589319,0.639648228986331,27.9290909090909,35.0727272727273,36.9981818181818,0.727272727272727,36.9545454545455,0.0909090909090909,19.7672727272727,0.0854545454545454,42.3745454545455,-0.218702119629597,2.1795530510897,0.880072727272727,0.891890909090909,0.888763636363636
115369,69616,45753,0.606543706467233,0.620964925632092,0.639539475198433,27.9327272727273,35.0672727272727,37,0.727272727272727,36.9854545454545,0.0927272727272727,19.7181818181818,0.0854545454545454,42.3909090909091,-0.218540684918513,2.15289686044509,0.880072727272727,0.891890909090909,0.888763636363636
115365,69620,45745,0.606636942900345,0.620974489499436,0.639423295180466,27.9290909090909,35.0763636363636,36.9945454545455,0.725454545454545,37.0327272727273,0.0854545454545454,19.6672727272727,0.0781818181818182,42.4109090909091,-0.218787830198099,2.13242332935333,0.880072727272727,0.891890909090909,0.888763636363636
115383,69620,45763,0.606585697936283,0.620910734840764,0.639437868200136,27.9272727272727,35.08,36.9927272727273,0.72,37.06,0.0781818181818182,19.6254545454545,0.0890909090909091,42.4272727272727,-0.219123178153743,2.12707541720434,0.880072727272727,0.891890909090909,0.888763636363636
115388,69627,45761,0.606576577466798,0.620879433935013,0.63942222473843,27.9272727272727,35.0836363636364,36.9890909090909,0.718181818181818,37.0909090909091,0.0945454545454545,19.5709090909091,0.0872727272727273,42.4381818181818,-0.21881749848306,2.11750435659831,0.880072727272727,0.891890909090909,0.888763636363636
115438,69627,45811,0.606538489374829,0.620813673304147,0.639462015498092,27.9236363636364,35.0818181818182,36.9945454545455,0.712727272727273,37.14,0.0818181818181818,19.5127272727273,0.0890909090909091,42.4636363636364,-0.21921348756719,2.11431940048933,0.880072727272727,0.891890909090909,0.888763636363636
115437,69632,45805,0.606535072296336,0.620791513423332,0.639440228520398,27.9254545454545,35.0818181818182,36.9927272727273,0.714545454545455,37.1690909090909,0.0872727272727273,19.4709090909091,0.0854545454545454,42.4727272727273,-0.219249143119139,2.102608325434,0.880072727272727,0.891890909090909,0.888763636363636
115486,69642,45844,0.606569058994233,0.620717215991676,0.639485687460211,27.9345454545455,35.0781818181818,36.9872727272727,0.710909090909091,37.2072727272727,0.0854545454545454,19.4218181818182,0.0927272727272727,42.4818181818182,-0.218436724635963,2.10011105256324,0.880072727272727,0.891890909090909,0.888763636363636
115488,69643,45845,0.606548746051203,0.620683519074722,0.639529632091749,27.9290909090909,35.0763636363636,36.9945454545455,0.707272727272727,37.2472727272727,0.0981818181818182,19.3636363636364,0.0836363636363636,42.5,-0.218915957568044,2.09227110137316,0.880072727272727,0.891890909090909,0.888763636363636
115301,69638,45663,0.606519120989789,0.620441797042353,0.639534175336771,27.9181818181818,35.0872727272727,36.9945454545455,0.7,37.2872727272727,0.114545454545455,19.2927272727273,0.0945454545454545,42.5109090909091,-0.220996203250252,2.03082951805131,0.880072727272727,0.891890909090909,0.888763636363636
115377,69636,45741,0.60650512937959,0.620449713772179,0.639476453377469,27.9181818181818,35.0854545454545,36.9963636363636,0.696363636363636,37.3418181818182,0.0927272727272727,19.2581818181818,0.0872727272727273,42.5236363636364,-0.221221121928168,2.03447247848592,0.880072727272727,0.891890909090909,0.888763636363636
115338,69638,45700,0.606481563599297,0.620380741900474,0.639339232986725,27.9163636363636,35.0872727272727,36.9963636363636,0.696363636363636,37.3690909090909,0.103636363636364,19.2090909090909,0.0909090909090909,42.5309090909091,-0.221031611483142,2.01633833704347,0.880072727272727,0.891890909090909,0.888763636363636
115367,69637,45730,0.606382539506118,0.620448360573595,0.639299246869973,27.9236363636364,35.0763636363636,37,0.694545454545455,37.4145454545455,0.0927272727272727,19.1745454545455,0.0890909090909091,42.5345454545455,-0.221129889639137,2.01906997598708,0.880072727272727,0.891890909090909,0.888763636363636
115290,69637,45653,0.606455546032866,0.620394346049381,0.639278070432194,27.9236363636364,35.08,36.9963636363636,0.696363636363636,37.4527272727273,0.0909090909090909,19.1236363636364,0.0890909090909091,42.5472727272727,-0.22230999970925,1.98951485922391,0.880072727272727,0.891890909090909,0.888763636363636
115443,69636,45807,0.606414645784517,0.620445569779193,0.639387118417214,27.9145454545455,35.0890909090909,36.9963636363636,0.694545454545455,37.4745454545455,0.08,19.1018181818182,0.0909090909090909,42.5581818181818,-0.22206724778675,2.00999668159268,0.880072727272727,0.891890909090909,0.888763636363636
115395,69636,45759,0.606362696393918,0.620123622579526,0.639525615270821,27.9145454545455,35.0854545454545,37,0.692727272727273,37.5145454545455,0.0763636363636364,19.0654545454545,0.0909090909090909,42.56,-0.222068964440206,1.9822171762247,0.880072727272727,0.891890909090909,0.888763636363636
115328,69639,45689,0.606307240297652,0.620046860243752,0.639489088289135,27.9109090909091,35.0854545454545,37.0036363636364,0.687272727272727,37.5436363636364,0.0818181818181818,19.0272727272727,0.0927272727272727,42.5672727272727,-0.222235585095636,1.96146216781979,0.880072727272727,0.891890909090909,0.888763636363636
115451,69645,45806,0.606387345934002,0.62029691499524,0.639450536005053,27.9181818181818,35.08,37.0018181818182,0.681818181818182,37.58,0.0854545454545454,19.0090909090909,0.0727272727272727,42.5709090909091,-0.223108308053237,1.97754295813766,0.880072727272727,0.891890909090909,0.888763636363636
115574,69647,45927,0.606545458244955,0.620318878826733,0.639450384392433,27.9181818181818,35.08,37.0018181818182,0.68,37.62,0.0581818181818182,18.9836363636364,0.0854545454545454,42.5727272727273,-0.22339899493593,1.99516317502341,0.880072727272727,0.891890909090909,0.888763636363636
115503,69647,45856,0.6065508742889,0.620208552660786,0.639346183948699,27.92,35.0763636363636,37.0036363636364,0.676363636363636,37.6345454545455,0.0836363636363636,18.9436363636364,0.0890909090909091,42.5727272727273,-0.22449052404898,1.96890873336657,0.880072727272727,0.891890909090909,0.888763636363636
115535,69652,45883,0.606474230632585,0.620229354419591,0.639356590646525,27.9181818181818,35.0709090909091,37.0109090909091,0.674545454545455,37.6509090909091,0.0854545454545454,18.9254545454545,0.0836363636363636,42.58,-0.222795016699555,1.96486059345982,0.880072727272727,0.891890909090909,0.888763636363636
115684,69652,46032,0.606554250084393,0.620047088442763,0.639478008237782,27.9181818181818,35.0636363636364,37.0181818181818,0.674545454545455,37.6836363636364,0.101818181818182,18.8818181818182,0.0890909090909091,42.5690909090909,-0.223085697174115,1.97758748825978,0.880072727272727,0.891890909090909,0.888763636363636
115668,69657,46011,0.606568001009098,0.619819506217071,0.639508329383094,27.9163636363636,35.0672727272727,37.0163636363636,0.674545454545455,37.74,0.08,18.8436363636364,0.0909090909090909,42.5709090909091,-0.223759597049899,1.95065986934033,0.880072727272727,0.891890909090909,0.888763636363636
115654,69660,45994,0.606556535460503,0.619825608968795,0.639480584624028,27.9145454545455,35.0727272727273,37.0127272727273,0.670909090909091,37.7672727272727,0.0927272727272727,18.8290909090909,0.0854545454545454,42.5545454545455,-0.223884512313684,1.93010191463611,0.880072727272727,0.891890909090909,0.888763636363636
115653,69668,45985,0.606509380731748,0.619911276549626,0.639238174114651,27.9127272727273,35.0854545454545,37.0018181818182,0.665454545454545,37.8090909090909,0.0836363636363636,18.8090909090909,0.0727272727272727,42.56,-0.222601302444342,1.9156106846915,0.880072727272727,0.891890909090909,0.888763636363636
115636,69669,45967,0.606499482468995,0.619878180822024,0.639343067202291,27.9090909090909,35.0872727272727,37.0036363636364,0.661818181818182,37.8454545454545,0.0981818181818182,18.7527272727273,0.1,42.5418181818182,-0.223740969895152,1.90572856342928,0.880072727272727,0.891890909090909,0.888763636363636
115738,69669,46069,0.60655269554577,0.619948285648103,0.639458417150426,27.9145454545455,35.08,37.0054545454545,0.66,37.8763636363636,0.0890909090909091,18.7545454545455,0.0890909090909091,42.5309090909091,-0.223099219877358,1.92411815571514,0.880072727272727,0.891890909090909,0.888763636363636
115737,69663,46074,0.606535460279524,0.619853467998572,0.63936758181606,27.9109090909091,35.0745454545455,37.0145454545455,0.66,37.9090909090909,0.0836363636363636,18.7454545454545,0.0654545454545455,42.5363636363636,-0.224046535471941,1.91229249313474,0.880072727272727,0.891890909090909,0.888763636363636
115652,69661,45991,0.606560510426928,0.619631956693997,0.639355016741458,27.9145454545455,35.0727272727273,37.0127272727273,0.661818181818182,37.9363636363636,0.0945454545454545,18.7127272727273,0.0654545454545455,42.5290909090909,-0.224420148005116,1.89216243062507,0.880072727272727,0.891890909090909,0.888763636363636
115650,69663,45987,0.606533720756671,0.619639652266442,0.639372672885797,27.9109090909091,35.0763636363636,37.0127272727273,0.661818181818182,37.9745454545455,0.0854545454545454,18.7,0.0618181818181818,42.5163636363636,-0.224467189758169,1.8840348969129,0.880072727272727,0.891890909090909,0.888763636363636
115551,69665,45886,0.606488500808534,0.619666622719627,0.639322287017827,27.9218181818182,35.0636363636364,37.0145454545455,0.66,37.9981818181818,0.0818181818181818,18.6981818181818,0.0690909090909091,42.4927272727273,-0.223979352916781,1.86304683749649,0.880072727272727,0.891890909090909,0.888763636363636
115529,69662,45867,0.606512877944837,0.619598644728496,0.639331741222154,27.92,35.0563636363636,37.0236363636364,0.658181818181818,38.0163636363636,0.0890909090909091,18.6927272727273,0.0672727272727273,42.4763636363636,-0.224566089863153,1.85298468551852,0.880072727272727,0.891890909090909,0.888763636363636
115479,69664,45815,0.606500131986937,0.619544197128021,0.639083386268246,27.9127272727273,35.0672727272727,37.02,0.66,38.0545454545455,0.0945454545454545,18.6672727272727,0.0745454545454545,42.4490909090909,-0.225196153688706,1.83187033447691,0.880072727272727,0.891890909090909,0.888763636363636
115529,69668,45861,0.606501274146759,0.619489160953174,0.639139637763721,27.9145454545455,35.0654545454545,37.02,0.658181818181818,38.08,0.0854545454545454,18.6581818181818,0.0727272727272727,42.4454545454546,-0.225058313434486,1.8283900921487,0.880072727272727,0.891890909090909,0.888763636363636
115602,69681,45921,0.606436248367237,0.61962368136054,0.639216752653898,27.9109090909091,35.0781818181818,37.0109090909091,0.654545454545455,38.1218181818182,0.0818181818181818,18.6381818181818,0.0672727272727273,42.4363636363636,-0.224841924117209,1.82688723736527,0.880072727272727,0.891890909090909,0.888763636363636
115714,69694,46020,0.60653010565469,0.619511483229768,0.639378063688621,27.9090909090909,35.08,37.0109090909091,0.654545454545455,38.1581818181818,0.0727272727272727,18.6181818181818,0.0618181818181818,42.4345454545455,-0.223595067452731,1.82900257283314,0.880072727272727,0.891890909090909,0.888763636363636
115717,69689,46028,0.606540630482966,0.619481158963862,0.639274194346399,27.9109090909091,35.0745454545455,37.0145454545455,0.652727272727273,38.1763636363636,0.0763636363636364,18.5945454545455,0.0581818181818182,42.4418181818182,-0.224253940284755,1.81666329469193,0.880072727272727,0.891890909090909,0.888763636363636
115691,69687,46004,0.606628407362858,0.619388065389056,0.639265398719606,27.9109090909091,35.0745454545455,37.0145454545455,0.650909090909091,38.1763636363636,0.0872727272727273,18.5745454545455,0.0636363636363636,42.4472727272727,-0.225650952736297,1.80764862764627,0.880072727272727,0.891890909090909,0.888763636363636
115667,69690,45977,0.606661805522359,0.619291669367661,0.639312040308244,27.9127272727273,35.0690909090909,37.0181818181818,0.647272727272727,38.22,0.0836363636363636,18.5418181818182,0.0654545454545455,42.4418181818182,-0.226516699932009,1.79038972180675,0.880072727272727,0.891890909090909,0.888763636363636
115624,69684,45940,0.606597468356748,0.619211930094231,0.639298424230875,27.9090909090909,35.0618181818182,37.0290909090909,0.647272727272727,38.2381818181818,0.0854545454545454,18.5163636363636,0.0854545454545454,42.4272727272727,-0.226874168128581,1.77588760446418,0.880072727272727,0.891890909090909,0.888763636363636
115599,69685,45914,0.606557352039233,0.619138954266129,0.639284458364406,27.9054545454545,35.0618181818182,37.0327272727273,0.647272727272727,38.2581818181818,0.0745454545454545,18.5018181818182,0.0909090909090909,42.4272727272727,-0.22618127025767,1.76294928833165,0.880072727272727,0.891890909090909,0.888763636363636
115687,69687,46000,0.606597023409768,0.619122767179399,0.639271631567416,27.9090909090909,35.0581818181818,37.0327272727273,0.649090909090909,38.2781818181818,0.0690909090909091,18.5,0.0727272727272727,42.4309090909091,-0.226453872361758,1.76679747309536,0.880072727272727,0.891890909090909,0.888763636363636
115642,69691,45951,0.606541356522336,0.619178914903997,0.639123318629301,27.9163636363636,35.06,37.0236363636364,0.649090909090909,38.2909090909091,0.0763636363636364,18.4836363636364,0.0727272727272727,42.4272727272727,-0.226256470232163,1.74897994566709,0.880072727272727,0.891890909090909,0.888763636363636
115469,69701,45768,0.606405317703215,0.619141474282612,0.639110264697675,27.9145454545455,35.0654545454545,37.02,0.647272727272727,38.3236363636364,0.0836363636363636,18.4363636363636,0.0763636363636364,42.4327272727273,-0.226229307008477,1.70705379519231,0.880072727272727,0.891890909090909,0.888763636363636
115447,69702,45745,0.606426341521444,0.619049986377125,0.639096655758292,27.9163636363636,35.0618181818182,37.0218181818182,0.645454545454546,38.36,0.0781818181818182,18.4018181818182,0.08,42.4345454545455,-0.226204547834641,1.69745675105263,0.880072727272727,0.891890909090909,0.888763636363636
115481,69701,45780,0.606469220387919,0.618993470680147,0.639236195544157,27.9145454545455,35.0581818181818,37.0272727272727,0.64,38.3836363636364,0.0745454545454545,18.3890909090909,0.0690909090909091,42.4436363636364,-0.227502882546403,1.6926480227404,0.880072727272727,0.891890909090909,0.888763636363636
115461,69698,45763,0.606389633257689,0.618902603368472,0.63924521774276,27.9163636363636,35.0545454545455,37.0290909090909,0.64,38.3890909090909,0.0781818181818182,18.3709090909091,0.0709090909090909,42.4509090909091,-0.227155949446685,1.68280720473267,0.880072727272727,0.891890909090909,0.888763636363636
115416,69708,45708,0.606351008562872,0.618795711152118,0.639037689567303,27.9181818181818,35.0563636363636,37.0254545454545,0.638181818181818,38.4036363636364,0.0690909090909091,18.3545454545455,0.0618181818181818,42.4727272727273,-0.226595519310649,1.66826413173906,0.880072727272727,0.891890909090909,0.888763636363636
115465,69711,45754,0.606292953334397,0.618760535358532,0.639193997246108,27.9109090909091,35.0618181818182,37.0272727272727,0.634545454545455,38.42,0.0745454545454545,18.3181818181818,0.0672727272727273,42.4854545454545,-0.226611949340077,1.66621074370024,0.880072727272727,0.891890909090909,0.888763636363636
115456,69708,45748,0.606360104375381,0.618692705249365,0.639093848994179,27.9090909090909,35.0618181818182,37.0290909090909,0.625454545454545,38.4272727272727,0.0890909090909091,18.2836363636364,0.0654545454545455,42.5090909090909,-0.227261405922168,1.65439792881635,0.880072727272727,0.891890909090909,0.888763636363636
115527,69709,45818,0.60636477503315,0.618686346148456,0.639163388603859,27.9090909090909,35.06,37.0309090909091,0.627272727272727,38.4363636363636,0.0781818181818182,18.2654545454545,0.0654545454545455,42.5272727272727,-0.22751689013474,1.65739503877068,0.880072727272727,0.891890909090909,0.888763636363636
115530,69714,45816,0.606337747399257,0.61861374985758,0.639180994693609,27.9127272727273,35.0563636363636,37.0309090909091,0.629090909090909,38.4309090909091,0.0818181818181818,18.2509090909091,0.0636363636363636,42.5436363636364,-0.227282559549283,1.64563116239892,0.880072727272727,0.891890909090909,0.888763636363636
115538,69708,45830,0.606397321944354,0.618406502046207,0.63927933004311,27.9218181818182,35.0381818181818,37.04,0.627272727272727,38.4327272727273,0.0745454545454545,18.2363636363636,0.0690909090909091,42.56,-0.226954686501796,1.64065375768326,0.880072727272727,0.891890909090909,0.888763636363636
115566,69711,45855,0.606367131541619,0.618432427524869,0.639289905415634,27.9290909090909,35.0309090909091,37.04,0.623636363636364,38.4563636363636,0.0709090909090909,18.1945454545455,0.0636363636363636,42.5909090909091,-0.22624880557606,1.64037469149652,0.880072727272727,0.891890909090909,0.888763636363636
115587,69717,45870,0.606394530922319,0.618370415242904,0.639310001382793,27.9272727272727,35.0327272727273,37.04,0.627272727272727,38.4345454545455,0.0818181818181818,18.1672727272727,0.0618181818181818,42.6272727272727,-0.22556098851753,1.63069459990683,0.880072727272727,0.891890909090909,0.888763636363636
115572,69722,45850,0.606368691831858,0.618459688485258,0.63921814114052,27.9272727272727,35.0436363636364,37.0290909090909,0.621818181818182,38.4381818181818,0.0727272727272727,18.1436363636364,0.0618181818181818,42.6618181818182,-0.22622928065691,1.61433465709402,0.880072727272727,0.891890909090909,0.888763636363636
115583,69724,45859,0.606399832815917,0.618415904766701,0.639164231275233,27.9290909090909,35.0454545454545,37.0254545454545,0.621818181818182,38.4545454545455,0.0654545454545455,18.12,0.0618181818181818,42.6763636363636,-0.226919486551262,1.60374354835261,0.880072727272727,0.891890909090909,0.888763636363636
115615,69724,45891,0.606471898577257,0.618348759179372,0.639244285564624,27.9272727272727,35.04,37.0327272727273,0.618181818181818,38.4654545454545,0.0527272727272727,18.1109090909091,0.0654545454545455,42.6872727272727,-0.227064703627812,1.60020809788257,0.880072727272727,0.891890909090909,0.888763636363636
115635,69726,45909,0.606403628915525,0.618368226989615,0.639282416537293,27.9236363636364,35.04,37.0363636363636,0.618181818181818,38.4618181818182,0.0581818181818182,18.0963636363636,0.0581818181818182,42.7072727272727,-0.226981837827374,1.59828185743906,0.880072727272727,0.891890909090909,0.888763636363636
115606,69720,45886,0.606438261212243,0.618182736230549,0.639259366834227,27.92,35.0454545454545,37.0345454545455,0.618181818181818,38.4581818181818,0.0581818181818182,18.0872727272727,0.0527272727272727,42.7254545454545,-0.227209252097501,1.58176460433751,0.880072727272727,0.891890909090909,0.888763636363636
115606,69724,45882,0.606406420772575,0.618177894248414,0.63926473358856,27.9163636363636,35.0527272727273,37.0309090909091,0.614545454545455,38.4727272727273,0.0527272727272727,18.0527272727273,0.0654545454545455,42.7418181818182,-0.227220687522045,1.56619217592207,0.880072727272727,0.891890909090909,0.888763636363636
115608,69723,45885,0.606499542373053,0.618140977094894,0.639252775739703,27.92,35.04,37.04,0.612727272727273,38.4763636363636,0.0454545454545455,18.0472727272727,0.0672727272727273,42.7509090909091,-0.229254160879447,1.55928330348635,0.880072727272727,0.891890909090909,0.888763636363636
115508,69721,45787,0.606335007774087,0.618227044019754,0.639216694488502,27.9218181818182,35.0363636363636,37.0418181818182,0.610909090909091,38.4654545454545,0.0490909090909091,18.0581818181818,0.0509090909090909,42.7654545454546,-0.22982817458231,1.54073149324818,0.880072727272727,0.891890909090909,0.888763636363636
115518,69718,45800,0.606322254938287,0.618220726637059,0.639129309438225,27.9218181818182,35.0345454545455,37.0436363636364,0.609090909090909,38.4636363636364,0.0436363636363636,18.0490909090909,0.0509090909090909,42.7836363636364,-0.230523803076887,1.5356062415728,0.880072727272727,0.891890909090909,0.888763636363636
115538,69720,45818,0.606359194471444,0.618157084947958,0.639106807072974,27.9309090909091,35.0290909090909,37.04,0.605454545454545,38.4763636363636,0.0509090909090909,18.0309090909091,0.0454545454545455,42.7909090909091,-0.229142336732581,1.5336072716354,0.880072727272727,0.891890909090909,0.888763636363636
115446,69727,45719,0.60635234905298,0.617987831138082,0.639109254944735,27.9236363636364,35.04,37.0363636363636,0.607272727272727,38.48,0.0563636363636364,18,0.0418181818181818,42.8145454545455,-0.229265845934424,1.49540513477881,0.880072727272727,0.891890909090909,0.888763636363636
115532,69728,45804,0.60634448429552,0.618219255203398,0.639062395296,27.9181818181818,35.0472727272727,37.0345454545455,0.605454545454545,38.4818181818182,0.0527272727272727,17.9672727272727,0.0618181818181818,42.8309090909091,-0.230035765454985,1.50393807166679,0.880072727272727,0.891890909090909,0.888763636363636
115431,69738,45693,0.606247801371304,0.618107052017258,0.639165685518511,27.9109090909091,35.0527272727273,37.0363636363636,0.605454545454545,38.4872727272727,0.0672727272727273,17.9418181818182,0.0618181818181818,42.8363636363636,-0.22953947339027,1.46735995863988,0.880072727272727,0.891890909090909,0.888763636363636
115496,69729,45767,0.606219624972685,0.617907714710161,0.63921663652244,27.9072727272727,35.0527272727273,37.04,0.603636363636364,38.5036363636364,0.0581818181818182,17.9254545454545,0.0454545454545455,42.8636363636364,-0.229665035396068,1.48631490287794,0.880072727272727,0.891890909090909,0.888763636363636
115469,69728,45741,0.606197901536065,0.617891918275062,0.63920746209622,27.9090909090909,35.0509090909091,37.04,0.601818181818182,38.5036363636364,0.0672727272727273,17.8981818181818,0.0509090909090909,42.8781818181818,-0.229734028298778,1.46319573061033,0.880072727272727,0.891890909090909,0.888763636363636
115469,69728,45741,0.606160983244829,0.617877697561441,0.639236743490773,27.9145454545455,35.0418181818182,37.0436363636364,0.6,38.5018181818182,0.0581818181818182,17.92,0.0563636363636364,42.8636363636364,-0.229516554106125,1.46031130074777,0.880072727272727,0.891890909090909,0.888763636363636
115499,69733,45766,0.606195278320253,0.617932696474857,0.639197255353817,27.9109090909091,35.0418181818182,37.0472727272727,0.6,38.5036363636364,0.0618181818181818,17.9054545454545,0.0563636363636364,42.8727272727273,-0.231706729958387,1.45793889676305,0.880072727272727,0.891890909090909,0.888763636363636
115498,69739,45759,0.606171642184305,0.617955562015609,0.639125699181738,27.9127272727273,35.04,37.0472727272727,0.594545454545455,38.52,0.0581818181818182,17.8872727272727,0.0545454545454545,42.8854545454545,-0.23101228970435,1.44741722958332,0.880072727272727,0.891890909090909,0.888763636363636
115555,69737,45818,0.606184877928002,0.617980417941982,0.639133143345344,27.9127272727273,35.0381818181818,37.0490909090909,0.590909090909091,38.5090909090909,0.06,17.8945454545455,0.0454545454545455,42.9,-0.231237842352923,1.4484232687476,0.880072727272727,0.891890909090909,0.888763636363636
115569,69738,45831,0.60617007852735,0.617965787318456,0.639157646498363,27.9109090909091,35.04,37.0490909090909,0.589090909090909,38.5181818181818,0.0563636363636364,17.8927272727273,0.06,42.8836363636364,-0.231572637531181,1.44503724002703,0.880072727272727,0.891890909090909,0.888763636363636
115584,69738,45846,0.606124232113866,0.617996656991405,0.639056643258764,27.9127272727273,35.0454545454545,37.0418181818182,0.583636363636364,38.5218181818182,0.0581818181818182,17.9,0.0545454545454545,42.8818181818182,-0.231446297262631,1.43791487494653,0.880072727272727,0.891890909090909,0.888763636363636
115546,69744,45802,0.606075024809498,0.617725837572307,0.639099683863799,27.9109090909091,35.0490909090909,37.04,0.583636363636364,38.5327272727273,0.0454545454545455,17.9163636363636,0.0581818181818182,42.8636363636364,-0.23122318335068,1.41742029999467,0.880072727272727,0.891890909090909,0.888763636363636
115585,69741,45844,0.606123526941011,0.617679647925568,0.639132357046898,27.9127272727273,35.0436363636364,37.0436363636364,0.578181818181818,38.54,0.0436363636363636,17.9145454545455,0.06,42.8636363636364,-0.232594677355982,1.42513825912029,0.880072727272727,0.891890909090909,0.888763636363636
115626,69753,45873,0.606252884198192,0.617599370380345,0.639175226811891,27.9145454545455,35.0327272727273,37.0527272727273,0.576363636363636,38.5309090909091,0.0509090909090909,17.9236363636364,0.0454545454545455,42.8727272727273,-0.232373791405817,1.42043606623669,0.880072727272727,0.891890909090909,0.888763636363636
115597,69749,45848,0.606219882804891,0.617678107137741,0.639015034125511,27.9145454545455,35.0327272727273,37.0527272727273,0.572727272727273,38.5290909090909,0.0509090909090909,17.9236363636364,0.0472727272727273,42.8763636363636,-0.232818647569895,1.40534444862807,0.880072727272727,0.891890909090909,0.888763636363636
115556,69745,45811,0.606280160488746,0.617529575598864,0.639025778124893,27.9109090909091,35.0327272727273,37.0563636363636,0.572727272727273,38.5363636363636,0.0472727272727273,17.9181818181818,0.0509090909090909,42.8745454545455,-0.233745444314329,1.38704592387446,0.880072727272727,0.891890909090909,0.888763636363636
115580,69760,45820,0.606250507512102,0.617568103946074,0.63923203233615,27.9109090909091,35.0127272727273,37.0763636363636,0.569090909090909,38.5381818181818,0.0581818181818182,17.9018181818182,0.0563636363636364,42.8763636363636,-0.231444211311596,1.38750191693279,0.880072727272727,0.891890909090909,0.888763636363636
115475,69754,45721,0.606109378615141,0.617444918771829,0.639183141644277,27.9018181818182,35.0163636363636,37.0818181818182,0.565454545454545,38.5581818181818,0.0690909090909091,17.8727272727273,0.0418181818181818,42.8927272727273,-0.231417674393147,1.37001820873808,0.880072727272727,0.891890909090909,0.888763636363636
115441,69750,45691,0.605972430176685,0.617317611433362,0.63918214387297,27.8981818181818,35.0145454545455,37.0872727272727,0.56,38.5654545454545,0.0636363636363636,17.8727272727273,0.0618181818181818,42.8763636363636,-0.231181350392514,1.35368538122963,0.880072727272727,0.891890909090909,0.888763636363636
115469,69742,45727,0.605914779002556,0.617548043760156,0.639243562181069,27.8981818181818,35.0072727272727,37.0945454545455,0.56,38.5636363636364,0.0654545454545455,17.8745454545455,0.0636363636363636,42.8727272727273,-0.234889159698584,1.35677752542225,0.880072727272727,0.891890909090909,0.888763636363636
115493,69741,45752,0.605914990058921,0.617394932962373,0.63920843864751,27.8981818181818,35.0218181818182,37.08,0.56,38.5690909090909,0.0490909090909091,17.8818181818182,0.0709090909090909,42.8690909090909,-0.234934651308471,1.34983904432844,0.880072727272727,0.891890909090909,0.888763636363636
115546,69744,45802,0.606020582271417,0.617440169418605,0.639207747654826,27.8945454545455,35.0254545454545,37.08,0.558181818181818,38.5672727272727,0.0545454545454545,17.88,0.0636363636363636,42.8763636363636,-0.235702179919198,1.35251254617152,0.880072727272727,0.891890909090909,0.888763636363636
115507,69749,45758,0.605983691141051,0.61743330871849,0.639046006785779,27.8927272727273,35.0345454545455,37.0727272727273,0.552727272727273,38.5781818181818,0.0581818181818182,17.8672727272727,0.0545454545454545,42.8890909090909,-0.235322512972462,1.33016740608622,0.880072727272727,0.891890909090909,0.888763636363636
115530,69754,45776,0.606017009957446,0.617464485010478,0.639044510400321,27.8981818181818,35.0436363636364,37.0581818181818,0.552727272727273,38.5836363636364,0.08,17.8490909090909,0.0472727272727273,42.8872727272727,-0.235352587055902,1.31900197914378,0.880072727272727,0.891890909090909,0.888763636363636
115587,69757,45830,0.606058921186896,0.617453709527561,0.639111247396239,27.8963636363636,35.0472727272727,37.0563636363636,0.549090909090909,38.6090909090909,0.0727272727272727,17.8381818181818,0.0381818181818182,42.8927272727273,-0.235362296064506,1.32490901081738,0.880072727272727,0.891890909090909,0.888763636363636
115483,69756,45727,0.605983842391779,0.617329132284939,0.639113137323322,27.9018181818182,35.0454545454545,37.0527272727273,0.541818181818182,38.6254545454546,0.0709090909090909,17.8181818181818,0.04,42.9036363636364,-0.234800840792212,1.29858233058317,0.880072727272727,0.891890909090909,0.888763636363636
115456,69752,45704,0.605896727900475,0.617378169801876,0.639007894448868,27.8981818181818,35.0454545454545,37.0563636363636,0.54,38.6381818181818,0.0654545454545455,17.8018181818182,0.0472727272727273,42.9072727272727,-0.235747034337295,1.29860479605638,0.880072727272727,0.891890909090909,0.888763636363636
115451,69761,45690,0.605970411127672,0.617260991889959,0.639075378265182,27.8945454545455,35.0472727272727,37.0581818181818,0.536363636363636,38.64,0.0727272727272727,17.7945454545455,0.0490909090909091,42.9072727272727,-0.23644562138771,1.28344619679688,0.880072727272727,0.891890909090909,0.888763636363636
115520,69764,45756,0.605988302654403,0.617262293433271,0.639123196424355,27.8981818181818,35.0363636363636,37.0654545454545,0.534545454545455,38.6581818181818,0.06,17.78,0.0472727272727273,42.92,-0.234736611431634,1.28542600580576,0.880072727272727,0.891890909090909,0.888763636363636
115497,69752,45745,0.60598457820361,0.617244867806296,0.639016441371636,27.8945454545455,35.0309090909091,37.0745454545455,0.527272727272727,38.6781818181818,0.0618181818181818,17.7472727272727,0.0490909090909091,42.9363636363636,-0.236433083255741,1.2771574000066,0.880072727272727,0.891890909090909,0.888763636363636
115654,69757,45897,0.606018393767933,0.617403045751512,0.639206059647106,27.8945454545455,35.0272727272727,37.0781818181818,0.523636363636364,38.7,0.0545454545454545,17.7145454545455,0.06,42.9472727272727,-0.237420730138481,1.28854331838983,0.880072727272727,0.891890909090909,0.888763636363636
115584,69759,45825,0.605990144359357,0.617200666966285,0.639145348852165,27.8945454545455,35.0254545454545,37.08,0.516363636363636,38.7090909090909,0.0527272727272727,17.7163636363636,0.0509090909090909,42.9545454545455,-0.237297092217076,1.26538313037123,0.880072727272727,0.891890909090909,0.888763636363636
115654,69755,45899,0.605947996925657,0.617374906749587,0.639130779353077,27.8927272727273,35.0327272727273,37.0745454545455,0.516363636363636,38.7327272727273,0.06,17.6563636363636,0.0454545454545455,42.9890909090909,-0.238231757967944,1.27966857850552,0.880072727272727,0.891890909090909,0.888763636363636
115617,69761,45856,0.605898457226083,0.617416080708399,0.639126031126239,27.8945454545455,35.0381818181818,37.0672727272727,0.512727272727273,38.7490909090909,0.0527272727272727,17.6363636363636,0.0472727272727273,43.0018181818182,-0.238986774235408,1.26879594851793,0.880072727272727,0.891890909090909,0.888763636363636
115552,69756,45796,0.605819534799487,0.617273782081486,0.639046798832729,27.8890909090909,35.0418181818182,37.0690909090909,0.512727272727273,38.7363636363636,0.0636363636363636,17.6272727272727,0.0436363636363636,43.0163636363636,-0.238127726961763,1.2518383697014,0.880072727272727,0.891890909090909,0.888763636363636
115581,69765,45816,0.605859582825753,0.617319217409315,0.639031547981892,27.8890909090909,35.0509090909091,37.06,0.505454545454545,38.7545454545455,0.0454545454545455,17.6109090909091,0.0545454545454545,43.0290909090909,-0.23795319119381,1.24050322839652,0.880072727272727,0.891890909090909,0.888763636363636
115561,69755,45806,0.605825541072781,0.61718270706801,0.638944202241906,27.8872727272727,35.0527272727273,37.06,0.5,38.7654545454546,0.0472727272727273,17.5836363636364,0.06,43.0436363636364,-0.238498646289967,1.23213107995689,0.880072727272727,0.891890909090909,0.888763636363636
115582,69752,45830,0.605876787465146,0.617145159176045,0.63902771081261,27.8890909090909,35.04,37.0709090909091,0.490909090909091,38.7818181818182,0.0418181818181818,17.5763636363636,0.0545454545454545,43.0545454545455,-0.240417188432316,1.23185699226504,0.880072727272727,0.891890909090909,0.888763636363636
115594,69758,45836,0.605861697032942,0.617074254134955,0.639096253306424,27.8836363636364,35.0418181818182,37.0745454545455,0.489090909090909,38.7781818181818,0.0454545454545455,17.5527272727273,0.0418181818181818,43.0927272727273,-0.240185613562657,1.22509662156755,0.880072727272727,0.891890909090909,0.888763636363636
115650,69762,45888,0.605742241977678,0.617128033205482,0.639133876935409,27.8854545454545,35.0327272727273,37.0818181818182,0.489090909090909,38.7818181818182,0.0363636363636364,17.5381818181818,0.0454545454545455,43.1090909090909,-0.239717429321966,1.23050620135089,0.880072727272727,0.891890909090909,0.888763636363636
115569,69762,45807,0.605673743168793,0.617164784086802,0.639161359053229,27.8763636363636,35.0381818181818,37.0854545454546,0.485454545454546,38.7690909090909,0.0509090909090909,17.5309090909091,0.0363636363636364,43.1272727272727,-0.240781234904915,1.21121000969274,0.880072727272727,0.891890909090909,0.888763636363636
115647,69755,45892,0.605764001214277,0.617369111339525,0.639042769273113,27.8745454545455,35.0290909090909,37.0963636363636,0.487272727272727,38.7672727272727,0.0545454545454545,17.5054545454545,0.04,43.1454545454545,-0.241284432005804,1.21610646545887,0.880072727272727,0.891890909090909,0.888763636363636
115425,69754,45671,0.605762626924948,0.617163045853497,0.63913156166153,27.8709090909091,35.0363636363636,37.0927272727273,0.485454545454546,38.7654545454546,0.0545454545454545,17.4890909090909,0.04,43.1654545454545,-0.24213422332766,1.15947347931903,0.880072727272727,0.891890909090909,0.888763636363636
115605,69759,45846,0.605643216723248,0.61730432734996,0.639262322903139,27.8690909090909,35.04,37.0909090909091,0.485454545454546,38.76,0.06,17.4618181818182,0.0363636363636364,43.1963636363636,-0.241253819555079,1.19514988962222,0.880072727272727,0.891890909090909,0.888763636363636
115677,69751,45926,0.605660259949795,0.617235600593289,0.63919418949674,27.8709090909091,35.0418181818182,37.0872727272727,0.48,38.7418181818182,0.0509090909090909,17.44,0.0509090909090909,43.2363636363636,-0.241051548459258,1.20258965022354,0.880072727272727,0.891890909090909,0.888763636363636
115643,69745,45898,0.605628978870947,0.617171586930783,0.639210398146152,27.8618181818182,35.0490909090909,37.0890909090909,0.478181818181818,38.7436363636364,0.0563636363636364,17.4072727272727,0.0436363636363636,43.2709090909091,-0.243050949920077,1.18385498979214,0.880072727272727,0.891890909090909,0.888763636363636
115616,69733,45883,0.605623562870083,0.617226037654255,0.639218995139826,27.8636363636364,35.0436363636364,37.0927272727273,0.478181818181818,38.7418181818182,0.06,17.3618181818182,0.0563636363636364,43.3018181818182,-0.245616073633044,1.17418809804049,0.880072727272727,0.891890909090909,0.888763636363636
115642,69757,45885,0.605646114289218,0.617096677687059,0.63941100418947,27.8545454545455,35.0563636363636,37.0890909090909,0.48,38.7545454545455,0.04,17.3345454545455,0.0509090909090909,43.34,-0.243274247194495,1.16487271701917,0.880072727272727,0.891890909090909,0.888763636363636
115591,69764,45827,0.605640018724999,0.617177101600324,0.639193010743962,27.8509090909091,35.06,37.0890909090909,0.476363636363636,38.76,0.0363636363636364,17.3,0.0454545454545455,43.3818181818182,-0.241875555424816,1.14249164693227,0.880072727272727,0.891890909090909,0.888763636363636
115591,69758,45833,0.605648170023128,0.617139300392241,0.639227643202015,27.8545454545455,35.0490909090909,37.0963636363636,0.474545454545455,38.7563636363636,0.0509090909090909,17.28,0.04,43.3981818181818,-0.244042668741432,1.14458886097101,0.880072727272727,0.891890909090909,0.888763636363636
115494,69753,45741,0.605618372110066,0.61722026284111,0.639149950061133,27.8654545454545,35.0436363636364,37.0909090909091,0.470909090909091,38.7490909090909,0.0527272727272727,17.2527272727273,0.0636363636363636,43.4109090909091,-0.24596552738949,1.11837281748144,0.880072727272727,0.891890909090909,0.888763636363636
115554,69768,45786,0.605606915398959,0.617156647245956,0.639135200357871,27.8727272727273,35.0472727272727,37.08,0.467272727272727,38.7527272727273,0.0436363636363636,17.2454545454545,0.0581818181818182,43.4327272727273,-0.244678173854085,1.12539344224232,0.880072727272727,0.891890909090909,0.888763636363636
115519,69768,45751,0.605623574336828,0.617098467016687,0.639071290042034,27.88,35.04,37.08,0.467272727272727,38.7581818181818,0.0472727272727273,17.2145454545455,0.0563636363636364,43.4563636363636,-0.244969239382573,1.11587323216213,0.880072727272727,0.891890909090909,0.888763636363636
115525,69765,45760,0.60556429624663,0.617016861106506,0.639214687767673,27.8818181818182,35.0345454545455,37.0836363636364,0.463636363636364,38.7672727272727,0.0345454545454545,17.1818181818182,0.0509090909090909,43.5018181818182,-0.245671846013482,1.10562215280634,0.880072727272727,0.891890909090909,0.888763636363636
115580,69772,45808,0.605576307368872,0.617116556100971,0.639098173410948,27.8872727272727,35.0345454545455,37.0781818181818,0.46,38.7672727272727,0.04,17.1690909090909,0.0618181818181818,43.5018181818182,-0.244824864576036,1.10877634406259,0.880072727272727,0.891890909090909,0.888763636363636
115471,69769,45702,0.605550247803306,0.616850054744655,0.639116000242207,27.8854545454545,35.0309090909091,37.0836363636364,0.456363636363636,38.7672727272727,0.0472727272727273,17.1327272727273,0.0654545454545455,43.5309090909091,-0.243527627665621,1.07922092356126,0.880072727272727,0.891890909090909,0.888763636363636
115516,69777,45739,0.605503710076165,0.616931472342892,0.639175860469813,27.8781818181818,35.0309090909091,37.0909090909091,0.449090909090909,38.7836363636364,0.0545454545454545,17.0963636363636,0.0418181818181818,43.5745454545455,-0.243995932260639,1.07883885530755,0.880072727272727,0.891890909090909,0.888763636363636
115522,69776,45746,0.605566637851697,0.616910471211997,0.639205407277938,27.8709090909091,35.0472727272727,37.0818181818182,0.445454545454545,38.8054545454546,0.0527272727272727,17.0509090909091,0.04,43.6054545454545,-0.244541289792489,1.075092415791,0.880072727272727,0.891890909090909,0.888763636363636
115511,69771,45740,0.605551742166344,0.616873125904196,0.639116692672798,27.8672727272727,35.0545454545455,37.0781818181818,0.441818181818182,38.8072727272727,0.0545454545454545,17.0036363636364,0.0454545454545455,43.6472727272727,-0.2458826639458,1.06533343225548,0.880072727272727,0.891890909090909,0.888763636363636
115569,69765,45804,0.605457203008131,0.616823144180609,0.639130850182629,27.8727272727273,35.0381818181818,37.0890909090909,0.438181818181818,38.8109090909091,0.0527272727272727,16.9509090909091,0.0381818181818182,43.7090909090909,-0.246386712489832,1.07243099990724,0.880072727272727,0.891890909090909,0.888763636363636
115589,69758,45831,0.60542372110847,0.617078109224373,0.639082401929316,27.8618181818182,35.0545454545455,37.0836363636364,0.432727272727273,38.8236363636364,0.0472727272727273,16.8945454545455,0.0581818181818182,43.7436363636364,-0.249073300763055,1.06525358758359,0.880072727272727,0.891890909090909,0.888763636363636
115566,69750,45816,0.605421245283711,0.617108991134068,0.639179066270009,27.8509090909091,35.0581818181818,37.0909090909091,0.430909090909091,38.8254545454545,0.0581818181818182,16.8490909090909,0.0527272727272727,43.7836363636364,-0.25102278849147,1.0571041283875,0.880072727272727,0.891890909090909,0.888763636363636
115622,69755,45867,0.60536351079144,0.617064152617794,0.639181991963572,27.8454545454545,35.06,37.0945454545455,0.429090909090909,38.8309090909091,0.0454545454545455,16.8090909090909,0.0436363636363636,43.8418181818182,-0.248590129661898,1.05618910560046,0.880072727272727,0.891890909090909,0.888763636363636
115655,69765,45890,0.605320299844189,0.61699768787173,0.639259524785166,27.8472727272727,35.0472727272727,37.1054545454545,0.423636363636364,38.8454545454545,0.0490909090909091,16.7527272727273,0.0381818181818182,43.8909090909091,-0.248096789474882,1.05094185240397,0.880072727272727,0.891890909090909,0.888763636363636
115724,69767,45957,0.605466178024111,0.61696009404452,0.639225885788535,27.8563636363636,35.0418181818182,37.1018181818182,0.423636363636364,38.8436363636364,0.0509090909090909,16.7127272727273,0.0527272727272727,43.9163636363636,-0.248639694808133,1.05856289328499,0.880072727272727,0.891890909090909,0.888763636363636
115688,69775,45913,0.605496609204443,0.616812713346455,0.639157057981938,27.8654545454545,35.0454545454545,37.0890909090909,0.42,38.8363636363636,0.0563636363636364,16.6745454545455,0.0618181818181818,43.9509090909091,-0.248370412832115,1.03873213993555,0.880072727272727,0.891890909090909,0.888763636363636
115663,69771,45892,0.605413290198461,0.616844030337418,0.639122766158265,27.8709090909091,35.0472727272727,37.0818181818182,0.418181818181818,38.8490909090909,0.0490909090909091,16.6454545454545,0.0509090909090909,43.9872727272727,-0.248417991868998,1.02390964614566,0.880072727272727,0.891890909090909,0.888763636363636
115594,69773,45821,0.605409134764383,0.616703147063788,0.63915764824208,27.8709090909091,35.0436363636364,37.0854545454546,0.418181818181818,38.8490909090909,0.0509090909090909,16.5927272727273,0.0527272727272727,44.0363636363636,-0.248215485402034,1.00216819848865,0.880072727272727,0.891890909090909,0.888763636363636
115648,69770,45878,0.605344691100076,0.616688938441195,0.639231311910379,27.8618181818182,35.0545454545455,37.0836363636364,0.416363636363636,38.8509090909091,0.0454545454545455,16.5563636363636,0.0418181818181818,44.0890909090909,-0.249156232957731,1.01017876080322,0.880072727272727,0.891890909090909,0.888763636363636
115627,69762,45865,0.605399296578733,0.616740677456667,0.639201822531588,27.8618181818182,35.0490909090909,37.0890909090909,0.410909090909091,38.8545454545455,0.0418181818181818,16.5163636363636,0.0454545454545455,44.1309090909091,-0.251356735785918,1.00100170008161,0.880072727272727,0.891890909090909,0.888763636363636
115618,69767,45851,0.605320141934301,0.616739626728172,0.639261037181366,27.86,35.0509090909091,37.0890909090909,0.407272727272727,38.8490909090909,0.0454545454545455,16.4472727272727,0.0436363636363636,44.2072727272727,-0.250774237976359,0.994302671707489,0.880072727272727,0.891890909090909,0.888763636363636
115610,69763,45847,0.605309478994436,0.616738273384938,0.63929542408805,27.8509090909091,35.0618181818182,37.0872727272727,0.403636363636364,38.8509090909091,0.0363636363636364,16.4127272727273,0.0545454545454545,44.2418181818182,-0.250963066536166,0.98069195099683,0.880072727272727,0.891890909090909,0.888763636363636
115657,69763,45894,0.6053797934853,0.616883176534183,0.639198154678715,27.8472727272727,35.0672727272727,37.0854545454546,0.405454545454546,38.8563636363636,0.0436363636363636,16.3490909090909,0.0436363636363636,44.3018181818182,-0.252449946618104,0.984779292006384,0.880072727272727,0.891890909090909,0.888763636363636
115624,69756,45868,0.605405806536233,0.616717798012745,0.639191575253799,27.8509090909091,35.06,37.0890909090909,0.403636363636364,38.8672727272727,0.04,16.2781818181818,0.0581818181818182,44.3527272727273,-0.253339879508481,0.9678295687857,0.880072727272727,0.891890909090909,0.888763636363636
115672,69764,45908,0.605384805636483,0.616714652167885,0.639327121563899,27.8618181818182,35.0418181818182,37.0963636363636,0.403636363636364,38.8618181818182,0.0509090909090909,16.2163636363636,0.0436363636363636,44.4236363636364,-0.253241067880927,0.97077602782202,0.880072727272727,0.891890909090909,0.888763636363636
115703,69765,45938,0.605420246897815,0.616806185132851,0.639364149638951,27.8618181818182,35.0418181818182,37.0963636363636,0.401818181818182,38.8581818181818,0.0563636363636364,16.1618181818182,0.0418181818181818,44.48,-0.254642235759556,0.968414410246028,0.880072727272727,0.891890909090909,0.888763636363636
115702,69772,45930,0.605319892784928,0.616633811670527,0.63930943227254,27.8654545454545,35.0418181818182,37.0927272727273,0.401818181818182,38.8563636363636,0.0527272727272727,16.1163636363636,0.0381818181818182,44.5345454545455,-0.252055505909415,0.958759718159722,0.880072727272727,0.891890909090909,0.888763636363636
115686,69774,45912,0.605259126548804,0.616587506995177,0.639384788003818,27.8563636363636,35.0490909090909,37.0945454545455,0.401818181818182,38.8672727272727,0.0418181818181818,16.0563636363636,0.0363636363636364,44.5963636363636,-0.252406019106771,0.951359224649654,0.880072727272727,0.891890909090909,0.888763636363636
115625,69761,45864,0.605213489336865,0.616513890989576,0.639237892373099,27.8545454545455,35.0527272727273,37.0927272727273,0.403636363636364,38.8709090909091,0.0527272727272727,15.9654545454545,0.0418181818181818,44.6654545454545,-0.253165090445559,0.933422060463239,0.880072727272727,0.891890909090909,0.888763636363636
115635,69755,45880,0.605259064990445,0.616563554841012,0.63930957659261,27.8545454545455,35.0509090909091,37.0945454545455,0.4,38.8945454545455,0.0418181818181818,15.8854545454545,0.0345454545454545,44.7436363636364,-0.256048609744903,0.93006597942334,0.880072727272727,0.891890909090909,0.888763636363636
115663,69765,45898,0.605228458119845,0.616643816025655,0.639320255453579,27.8454545454545,35.0654545454545,37.0890909090909,0.4,38.9072727272727,0.0327272727272727,15.8290909090909,0.0418181818181818,44.7890909090909,-0.255237758034888,0.93106419454244,0.880072727272727,0.891890909090909,0.888763636363636
115705,69770,45935,0.605268674141076,0.616708879038948,0.639268906473804,27.8454545454545,35.0654545454545,37.0890909090909,0.394545454545454,38.9127272727273,0.0345454545454545,15.7563636363636,0.0509090909090909,44.8509090909091,-0.255394640719202,0.927890261364254,0.880072727272727,0.891890909090909,0.888763636363636
115766,69762,46004,0.605350531942929,0.616805147185877,0.639330665528004,27.8418181818182,35.0745454545455,37.0836363636364,0.394545454545454,38.9,0.04,15.7254545454545,0.0418181818181818,44.8981818181818,-0.256920637972574,0.932218519716778,0.880072727272727,0.891890909090909,0.888763636363636
115759,69755,46004,0.605337485105827,0.616541636718006,0.639331386975576,27.8454545454545,35.0690909090909,37.0854545454546,0.392727272727273,38.9072727272727,0.0363636363636364,15.6618181818182,0.0381818181818182,44.9636363636364,-0.256565020909858,0.924007608927786,0.880072727272727,0.891890909090909,0.888763636363636
115786,69766,46020,0.605336884704401,0.616543988364298,0.639438843403477,27.8545454545455,35.0545454545455,37.0909090909091,0.389090909090909,38.9145454545455,0.04,15.6036363636364,0.06,44.9927272727273,-0.256250430030559,0.916315666645427,0.880072727272727,0.891890909090909,0.888763636363636
115771,69765,46006,0.605353675171731,0.6163900523636,0.639369102170586,27.8545454545455,35.0509090909091,37.0945454545455,0.383636363636364,38.9418181818182,0.04,15.52,0.06,45.0545454545455,-0.257326057565561,0.902289656016298,0.880072727272727,0.891890909090909,0.888763636363636
115728,69759,45969,0.605341968369708,0.616264032161362,0.639374163075842,27.8581818181818,35.0454545454545,37.0963636363636,0.385454545454545,38.9527272727273,0.0490909090909091,15.4509090909091,0.0418181818181818,45.12,-0.258776821991242,0.895204855027524,0.880072727272727,0.891890909090909,0.888763636363636
115752,69764,45988,0.605322019379895,0.616299385947937,0.639396848298517,27.8618181818182,35.04,37.0981818181818,0.378181818181818,38.9927272727273,0.0454545454545455,15.3527272727273,0.0581818181818182,45.1727272727273,-0.258317713262328,0.886812305916101,0.880072727272727,0.891890909090909,0.888763636363636
115769,69772,45997,0.605303943288512,0.616056460996024,0.639388828908461,27.8563636363636,35.0454545454545,37.0981818181818,0.376363636363636,39.0272727272727,0.0345454545454545,15.3018181818182,0.04,45.22,-0.256205770703177,0.882514334901829,0.880072727272727,0.891890909090909,0.888763636363636
115792,69778,46014,0.60520689308031,0.616060128780338,0.639382857777455,27.8527272727273,35.0490909090909,37.0981818181818,0.376363636363636,39.0509090909091,0.0363636363636364,15.2345454545455,0.0418181818181818,45.26,-0.255527301570526,0.881487254502082,0.880072727272727,0.891890909090909,0.888763636363636
115887,69780,46107,0.605255318454639,0.616045568646042,0.639408749430421,27.8527272727273,35.0509090909091,37.0963636363636,0.376363636363636,39.0781818181818,0.0363636363636364,15.1672727272727,0.0363636363636364,45.3054545454546,-0.255633402803571,0.881823631977154,0.880072727272727,0.891890909090909,0.888763636363636
115904,69783,46121,0.60527462065217,0.616099155198146,0.63941339798165,27.8509090909091,35.06,37.0890909090909,0.376363636363636,39.1,0.0418181818181818,15.0963636363636,0.0418181818181818,45.3436363636364,-0.256972842248698,0.880290457242253,0.880072727272727,0.891890909090909,0.888763636363636
115868,69776,46092,0.605316075414402,0.615988617981234,0.639378204010791,27.8472727272727,35.0563636363636,37.0963636363636,0.374545454545455,39.1345454545455,0.0418181818181818,15.0054545454545,0.0472727272727273,45.3963636363636,-0.258401418672756,0.867754191845994,0.880072727272727,0.891890909090909,0.888763636363636
115966,69767,46199,0.605302717731497,0.615971101148535,0.63954540610408,27.86,35.0345454545455,37.1054545454545,0.372727272727273,39.1618181818182,0.0454545454545455,14.9381818181818,0.0381818181818182,45.4436363636364,-0.259234482420189,0.877053256493739,0.880072727272727,0.891890909090909,0.888763636363636
115960,69765,46195,0.605343193498529,0.615993081330349,0.639511462068141,27.8636363636364,35.0363636363636,37.1,0.370909090909091,39.1890909090909,0.0454545454545455,14.88,0.0363636363636364,45.4781818181818,-0.259636412212521,0.877192278799008,0.880072727272727,0.891890909090909,0.888763636363636
116000,69773,46227,0.605244925763109,0.61602359550137,0.639603730493019,27.8509090909091,35.0527272727273,37.0963636363636,0.363636363636364,39.2345454545455,0.0345454545454545,14.8290909090909,0.0363636363636364,45.5018181818182,-0.259602784185303,0.875612535894933,0.880072727272727,0.891890909090909,0.888763636363636
116062,69776,46286,0.605288750534671,0.61618744713486,0.63961787129535,27.8490909090909,35.0527272727273,37.0981818181818,0.363636363636364,39.2636363636364,0.0454545454545455,14.7545454545455,0.0472727272727273,45.5254545454545,-0.26043578101248,0.867424021415751,0.880072727272727,0.891890909090909,0.888763636363636
115974,69770,46204,0.605250595284613,0.615984183412932,0.639632741313702,27.8472727272727,35.0563636363636,37.0963636363636,0.363636363636364,39.3018181818182,0.04,14.7,0.04,45.5545454545455,-0.260099219292368,0.84791508402506,0.880072727272727,0.891890909090909,0.888763636363636
115975,69772,46203,0.605278528616032,0.6158607897286,0.639559852105378,27.8381818181818,35.0672727272727,37.0945454545455,0.361818181818182,39.3218181818182,0.0381818181818182,14.6363636363636,0.0454545454545455,45.5963636363636,-0.261256628677901,0.845294922268526,0.880072727272727,0.891890909090909,0.888763636363636
115896,69778,46118,0.605360761805383,0.615802422380285,0.639400921464614,27.8490909090909,35.0636363636364,37.0872727272727,0.361818181818182,39.3509090909091,0.0490909090909091,14.5563636363636,0.0363636363636364,45.6454545454545,-0.26075810398718,0.825970091323622,0.880072727272727,0.891890909090909,0.888763636363636
115915,69781,46134,0.605273453836264,0.615802214822727,0.639417614820293,27.8545454545455,35.0563636363636,37.0890909090909,0.361818181818182,39.3509090909091,0.06,14.5109090909091,0.0472727272727273,45.6690909090909,-0.259875381081656,0.82092258000577,0.880072727272727,0.891890909090909,0.888763636363636
115834,69781,46053,0.605235156821204,0.615719071644363,0.639379052752728,27.8527272727273,35.0509090909091,37.0963636363636,0.36,39.3890909090909,0.0472727272727273,14.4672727272727,0.0509090909090909,45.6854545454545,-0.260486216470814,0.801609137806703,0.880072727272727,0.891890909090909,0.888763636363636
115981,69776,46205,0.605210001584722,0.615697825425323,0.63949254278248,27.8527272727273,35.0418181818182,37.1054545454545,0.36,39.4036363636364,0.0490909090909091,14.44,0.0345454545454545,45.7127272727273,-0.260818734321947,0.815652892061255,0.880072727272727,0.891890909090909,0.888763636363636
115857,69773,46084,0.605197546203591,0.615581992446346,0.639505999783265,27.8563636363636,35.0418181818182,37.1018181818182,0.358181818181818,39.4254545454545,0.0472727272727273,14.3890909090909,0.0454545454545455,45.7345454545455,-0.261774486929078,0.790595026864586,0.880072727272727,0.891890909090909,0.888763636363636
115846,69774,46072,0.60528319458391,0.61556293060357,0.639505671668328,27.8563636363636,35.0381818181818,37.1054545454545,0.358181818181818,39.4490909090909,0.0527272727272727,14.3509090909091,0.0363636363636364,45.7527272727273,-0.262255011725905,0.782585672737861,0.880072727272727,0.891890909090909,0.888763636363636
115935,69781,46154,0.605323550311339,0.615619234393551,0.639535961276782,27.8527272727273,35.0472727272727,37.1,0.358181818181818,39.4872727272727,0.0527272727272727,14.2981818181818,0.0363636363636364,45.7672727272727,-0.263286211815731,0.788529940042645,0.880072727272727,0.891890909090909,0.888763636363636
115995,69780,46215,0.60525156315443,0.61556581241552,0.639458377797913,27.8527272727273,35.0527272727273,37.0945454545455,0.358181818181818,39.5109090909091,0.0509090909090909,14.2763636363636,0.0345454545454545,45.7690909090909,-0.264478220106999,0.791355223039334,0.880072727272727,0.891890909090909,0.888763636363636
115922,69782,46140,0.605204280828723,0.615704071791481,0.639528058827098,27.8454545454545,35.0618181818182,37.0927272727273,0.36,39.5436363636364,0.0418181818181818,14.2327272727273,0.0345454545454545,45.7872727272727,-0.264091489873284,0.780802066039971,0.880072727272727,0.891890909090909,0.888763636363636
115967,69780,46187,0.60517974738732,0.615717000278712,0.639519986777215,27.8363636363636,35.0654545454545,37.0981818181818,0.36,39.5545454545455,0.0490909090909091,14.1909090909091,0.0290909090909091,45.8163636363636,-0.263218354356352,0.77654705574228,0.880072727272727,0.891890909090909,0.888763636363636
115883,69775,46108,0.605256452645383,0.615707454954418,0.639459611413602,27.8418181818182,35.0618181818182,37.0963636363636,0.358181818181818,39.5836363636364,0.0472727272727273,14.1418181818182,0.0236363636363636,45.8454545454545,-0.264948292498527,0.746202282937752,0.880072727272727,0.891890909090909,0.888763636363636
115877,69774,46103,0.605353388095227,0.61559004922422,0.639482520033807,27.8418181818182,35.0563636363636,37.1018181818182,0.356363636363636,39.6018181818182,0.0472727272727273,14.1181818181818,0.0290909090909091,45.8472727272727,-0.266385178121263,0.739246872939508,0.880072727272727,0.891890909090909,0.888763636363636
115731,69777,45954,0.605202880361844,0.615424420180783,0.63945803072023,27.8454545454545,35.0509090909091,37.1036363636364,0.356363636363636,39.6181818181818,0.0509090909090909,14.1,0.02,45.8545454545455,-0.264214884331456,0.714591972470622,0.880072727272727,0.891890909090909,0.888763636363636
115807,69777,46030,0.605150180387634,0.6152509107249,0.63928501783234,27.8490909090909,35.0545454545455,37.0963636363636,0.352727272727273,39.6436363636364,0.0418181818181818,14.0763636363636,0.0254545454545455,45.86,-0.26352751724424,0.721506511614743,0.880072727272727,0.891890909090909,0.888763636363636
115796,69773,46023,0.605189612773937,0.615218233343556,0.639257779591514,27.8509090909091,35.0490909090909,37.1,0.350909090909091,39.6818181818182,0.0436363636363636,14.0236363636364,0.0381818181818182,45.8618181818182,-0.264797652183188,0.71397013715045,0.880072727272727,0.891890909090909,0.888763636363636
115647,69782,45865,0.605170158721004,0.615351838232566,0.639242392972794,27.8490909090909,35.0490909090909,37.1018181818182,0.349090909090909,39.7,0.0490909090909091,14.0072727272727,0.0181818181818182,45.8763636363636,-0.264628038724269,0.681892829769376,0.880072727272727,0.891890909090909,0.888763636363636
115571,69775,45796,0.605161961661495,0.615158565116268,0.639264472079624,27.8436363636364,35.0527272727273,37.1036363636364,0.350909090909091,39.7109090909091,0.0418181818181818,13.98,0.0272727272727273,45.8890909090909,-0.265591734455434,0.664684408903122,0.880072727272727,0.891890909090909,0.888763636363636
115594,69783,45811,0.60515287771474,0.615144255366862,0.639401670673,27.8436363636364,35.0545454545455,37.1018181818182,0.350909090909091,39.7418181818182,0.04,13.9381818181818,0.0272727272727273,45.9018181818182,-0.265184261519872,0.653953245485371,0.880072727272727,0.891890909090909,0.888763636363636
115581,69783,45798,0.605054489597156,0.615109714283543,0.639456980324193,27.84,35.0563636363636,37.1036363636364,0.347272727272727,39.7636363636364,0.0327272727272727,13.92,0.0309090909090909,45.9054545454546,-0.265814566686872,0.65295792969621,0.880072727272727,0.891890909090909,0.888763636363636
115568,69777,45791,0.605064538367128,0.615014783256991,0.639473309880039,27.8418181818182,35.0527272727273,37.1054545454545,0.343636363636364,39.7981818181818,0.0363636363636364,13.8836363636364,0.0254545454545455,45.9127272727273,-0.265894036300216,0.643748485102234,0.880072727272727,0.891890909090909,0.888763636363636
115612,69775,45837,0.605044482206984,0.615247963185349,0.639387783730788,27.8472727272727,35.0472727272727,37.1054545454545,0.34,39.8181818181818,0.04,13.8690909090909,0.0254545454545455,45.9072727272727,-0.267576354077458,0.656500039596788,0.880072727272727,0.891890909090909,0.888763636363636
115588,69779,45809,0.605085796322362,0.614966829578525,0.639474936776275,27.8454545454545,35.0454545454545,37.1090909090909,0.334545454545455,39.8509090909091,0.04,13.8436363636364,0.0236363636363636,45.9072727272727,-0.26690069650998,0.642826698659602,0.880072727272727,0.891890909090909,0.888763636363636
115534,69768,45766,0.605129960025969,0.614907633433639,0.639405331045491,27.8436363636364,35.0509090909091,37.1054545454545,0.334545454545455,39.8636363636364,0.0309090909090909,13.84,0.0309090909090909,45.9,-0.268546893997336,0.631877980224619,0.880072727272727,0.891890909090909,0.888763636363636
115640,69765,45875,0.605139435939841,0.615051593200144,0.639349046875247,27.8381818181818,35.0527272727273,37.1090909090909,0.332727272727273,39.88,0.0327272727272727,13.8090909090909,0.0363636363636364,45.9090909090909,-0.269899261080817,0.637656994367188,0.880072727272727,0.891890909090909,0.888763636363636
115647,69771,45876,0.605084389315639,0.615257772204806,0.639341832015398,27.8418181818182,35.0527272727273,37.1054545454545,0.332727272727273,39.8890909090909,0.0454545454545455,13.7618181818182,0.0363636363636364,45.9345454545455,-0.269793146240243,0.64160749386488,0.880072727272727,0.891890909090909,0.888763636363636
