"total_rewards","action_rewards","opinion_rewards","sp0_social_trust","sp1_social_trust","sp2_social_trust","sp0_request_rate","sp1_request_rate","sp2_request_rate","op0_expression_rate","op1_expression_rate","op2_expression_rate","op3_expression_rate","op4_expression_rate","op5_expression_rate","mean_loss1","mean_loss2","sp0_availability","sp1_availability","sp2_availability"
31723,31918,-195,0.723665284802651,0.726355004969335,0.727130250574043,33.0690909090909,33.0490909090909,33.8818181818182,16.4436363636364,16.8163636363636,16.7545454545455,16.3236363636364,16.9,16.7618181818182,1.74788556857543,-1.84767160578208,0.870909090909091,0.871509090909091,0.869872727272727
32133,31963,170,0.723433019197416,0.726419156242411,0.727499967582003,33.0145454545455,33.0472727272727,33.9381818181818,16.3545454545455,16.9436363636364,16.5927272727273,16.46,16.7381818181818,16.9109090909091,1.67993757724762,-1.80775799805468,0.870909090909091,0.871509090909091,0.869872727272727
32467,31942,525,0.723483401267128,0.726229306281479,0.727520003191942,33.0054545454545,33.0272727272727,33.9672727272727,16.2472727272727,17.0545454545455,16.4672727272727,16.6127272727273,16.5581818181818,17.06,1.60614488016475,-1.7768592980775,0.870909090909091,0.871509090909091,0.869872727272727
32855,31929,926,0.723141588240413,0.726118711936637,0.727523118804609,32.9472727272727,33.0672727272727,33.9854545454545,16.1218181818182,17.2054545454545,16.3290909090909,16.7563636363636,16.3963636363636,17.1909090909091,1.53261077620766,-1.72347101623362,0.870909090909091,0.871509090909091,0.869872727272727
33254,31902,1352,0.722957337793241,0.726230485742281,0.72736350026574,32.8654545454545,33.1236363636364,34.0109090909091,16.0109090909091,17.34,16.1781818181818,16.9090909090909,16.2327272727273,17.3290909090909,1.45767005248503,-1.65491087599234,0.870909090909091,0.871509090909091,0.869872727272727
33728,31966,1762,0.722772193412627,0.726062276431395,0.727500696547393,32.8363636363636,33.0836363636364,34.08,15.9109090909091,17.4818181818182,16.0272727272727,17.0509090909091,16.0527272727273,17.4763636363636,1.39049803993919,-1.59994042299011,0.870909090909091,0.871509090909091,0.869872727272727
34196,31965,2231,0.722538759951305,0.725970660225644,0.72755234472455,32.7909090909091,33.1127272727273,34.0963636363636,15.7927272727273,17.6181818181818,15.8472727272727,17.2163636363636,15.88,17.6454545454545,1.31687338027087,-1.51370061635971,0.870909090909091,0.871509090909091,0.869872727272727
34675,32011,2664,0.722376892545209,0.726147163972622,0.727713306067053,32.7509090909091,33.1418181818182,34.1072727272727,15.66,17.7672727272727,15.6945454545455,17.3854545454545,15.6618181818182,17.8309090909091,1.24710757624019,-1.44729034738107,0.870909090909091,0.871509090909091,0.869872727272727
35221,32078,3143,0.722362384102472,0.726088914590697,0.727673547870025,32.7654545454545,33.0709090909091,34.1636363636364,15.56,17.8836363636364,15.5581818181818,17.54,15.4109090909091,18.0472727272727,1.17825942798094,-1.36145519343289,0.870909090909091,0.871509090909091,0.869872727272727
35692,32138,3554,0.722383111455405,0.725705609884608,0.727665774933489,32.7581818181818,33.0327272727273,34.2090909090909,15.4290909090909,18.0236363636364,15.3872727272727,17.7290909090909,15.2381818181818,18.1927272727273,1.1082251700488,-1.31059926206415,0.870909090909091,0.871509090909091,0.869872727272727
36177,32181,3996,0.72222180224084,0.72560390036066,0.727503441443409,32.7418181818182,33.0418181818182,34.2163636363636,15.26,18.2018181818182,15.2254545454545,17.9072727272727,15.0490909090909,18.3563636363636,1.03583973754536,-1.24623929804022,0.870909090909091,0.871509090909091,0.869872727272727
36743,32261,4482,0.722201351542764,0.725670220960655,0.727603465031262,32.7018181818182,33.0509090909091,34.2472727272727,15.1127272727273,18.3636363636364,15.0418181818182,18.0690909090909,14.8454545454545,18.5672727272727,0.965873245217583,-1.16091019240293,0.870909090909091,0.871509090909091,0.869872727272727
37345,32367,4978,0.722329243145121,0.725931490816584,0.727437500538983,32.6709090909091,33.0636363636364,34.2654545454545,14.9545454545455,18.5363636363636,14.8672727272727,18.2290909090909,14.6236363636364,18.7890909090909,0.896680329062722,-1.07632349079305,0.870909090909091,0.871509090909091,0.869872727272727
37939,32425,5514,0.722305979503401,0.725668655274238,0.727529476375677,32.6981818181818,33.0181818181818,34.2836363636364,14.7945454545455,18.7145454545455,14.6636363636364,18.3981818181818,14.4636363636364,18.9654545454545,0.822182354060086,-0.972666955536062,0.870909090909091,0.871509090909091,0.869872727272727
38481,32472,6009,0.722097189154415,0.725454870759838,0.727701604181765,32.6436363636364,33.0727272727273,34.2836363636364,14.6145454545455,18.8745454545455,14.5327272727273,18.5527272727273,14.2490909090909,19.1763636363636,0.746049850637262,-0.893545798280022,0.870909090909091,0.871509090909091,0.869872727272727
39024,32517,6507,0.72167268099721,0.725087954840988,0.727653684442938,32.5981818181818,33.0581818181818,34.3436363636364,14.4090909090909,19.0709090909091,14.3454545454545,18.7509090909091,14.0472727272727,19.3763636363636,0.667846486785195,-0.815799024972049,0.870909090909091,0.871509090909091,0.869872727272727
39676,32593,7083,0.721262659069673,0.724790650033464,0.727553553731002,32.5654545454545,33.0545454545455,34.38,14.1654545454545,19.3036363636364,14.1381818181818,18.9654545454545,13.8090909090909,19.6181818181818,0.591546849229119,-0.701158731092106,0.870909090909091,0.871509090909091,0.869872727272727
40341,32651,7690,0.721044773743767,0.724515089244663,0.72731033930506,32.5472727272727,33.02,34.4327272727273,13.9472727272727,19.5054545454545,13.92,19.2018181818182,13.5909090909091,19.8345454545455,0.512998719648881,-0.577503261782906,0.870909090909091,0.871509090909091,0.869872727272727
40936,32692,8244,0.720599230591267,0.724484453577666,0.727098740233538,32.4854545454545,33.0527272727273,34.4618181818182,13.7781818181818,19.6545454545455,13.7436363636364,19.3963636363636,13.3254545454545,20.1018181818182,0.432202928174626,-0.479148761250756,0.870909090909091,0.871509090909091,0.869872727272727
41519,32756,8763,0.720399074804184,0.724193130065284,0.727015596271169,32.5090909090909,33.0345454545455,34.4563636363636,13.5872727272727,19.8527272727273,13.5109090909091,19.5909090909091,13.1127272727273,20.3454545454545,0.35238393816081,-0.404631465673447,0.870909090909091,0.871509090909091,0.869872727272727
42176,32830,9346,0.720184040791574,0.724258372669026,0.726990315176763,32.4709090909091,33.0527272727273,34.4763636363636,13.3545454545455,20.0709090909091,13.3127272727273,19.7618181818182,12.9018181818182,20.5981818181818,0.272321797230027,-0.298282034830614,0.870909090909091,0.871509090909091,0.869872727272727
42783,32887,9896,0.71975617591648,0.724231270593822,0.726802132163352,32.4272727272727,33.0854545454545,34.4872727272727,13.1345454545455,20.2745454545455,13.0836363636364,19.9818181818182,12.6854545454545,20.84,0.190534325079484,-0.206835641102357,0.870909090909091,0.871509090909091,0.869872727272727
43535,32996,10539,0.719572855257968,0.724256861311328,0.726696171260681,32.3945454545455,33.0472727272727,34.5581818181818,12.8981818181818,20.5145454545455,12.8236363636364,20.2418181818182,12.44,21.0818181818182,0.111910718679428,-0.0745212284001437,0.870909090909091,0.871509090909091,0.869872727272727
44312,33085,11227,0.719420307088723,0.724360658635844,0.726420479922115,32.3890909090909,33.0763636363636,34.5345454545455,12.6327272727273,20.78,12.5981818181818,20.4509090909091,12.2036363636364,21.3345454545455,0.0323450503024188,0.082466753504493,0.870909090909091,0.871509090909091,0.869872727272727
45020,33148,11872,0.719158692246645,0.723891029452386,0.726204232331304,32.3981818181818,33.0472727272727,34.5545454545455,12.4054545454545,20.9963636363636,12.3690909090909,20.6890909090909,11.94,21.6,-0.0502138154073195,0.218750939044085,0.870909090909091,0.871509090909091,0.869872727272727
45816,33242,12574,0.71881296983829,0.723352790311486,0.726126822050788,32.3672727272727,33.0436363636364,34.5890909090909,12.1527272727273,21.2254545454545,12.1545454545455,20.9163636363636,11.6545454545455,21.8963636363636,-0.129892819036137,0.378328754685142,0.870909090909091,0.871509090909091,0.869872727272727
46553,33315,13238,0.718624132021685,0.72324928882713,0.725749471197266,32.3709090909091,33.0490909090909,34.58,11.9163636363636,21.4454545454545,11.8981818181818,21.1981818181818,11.3872727272727,22.1545454545455,-0.211587340181524,0.521353005279194,0.870909090909091,0.871509090909091,0.869872727272727
47421,33413,14008,0.718184749475158,0.7229664087453,0.725543601191547,32.3654545454545,33.0090909090909,34.6254545454545,11.6327272727273,21.72,11.6018181818182,21.4763636363636,11.1527272727273,22.4163636363636,-0.291155384616418,0.713562772490761,0.870909090909091,0.871509090909091,0.869872727272727
48319,33523,14796,0.717975368023942,0.722644893481874,0.72560779000475,32.3472727272727,32.9945454545455,34.6581818181818,11.3690909090909,21.9690909090909,11.3509090909091,21.7654545454545,10.8418181818182,22.7036363636364,-0.36918096081777,0.916885256225412,0.870909090909091,0.871509090909091,0.869872727272727
49186,33603,15583,0.717722939410495,0.722355026293163,0.725367469500714,32.3781818181818,32.92,34.7018181818182,11.1381818181818,22.1945454545455,11.0763636363636,22.0545454545455,10.5581818181818,22.9781818181818,-0.448675750331445,1.12542396729643,0.870909090909091,0.871509090909091,0.869872727272727
49941,33667,16274,0.717216059358913,0.722296891866138,0.724873630278305,32.3690909090909,32.9272727272727,34.7036363636364,10.8854545454545,22.4309090909091,10.7672727272727,22.3927272727273,10.2963636363636,23.2272727272727,-0.528556180813096,1.28812705711885,0.870909090909091,0.871509090909091,0.869872727272727
50718,33785,16933,0.716910957547674,0.721896032174765,0.724632373137323,32.3618181818182,32.9036363636364,34.7345454545455,10.6327272727273,22.6363636363636,10.5381818181818,22.68,10.0345454545455,23.4781818181818,-0.603560190309178,1.43682813210921,0.870909090909091,0.871509090909091,0.869872727272727
51411,33876,17535,0.716465831368956,0.721349483398007,0.72435439747993,32.32,32.8945454545455,34.7854545454545,10.4,22.8127272727273,10.3327272727273,22.9327272727273,9.79454545454546,23.7272727272727,-0.679768112301826,1.55940534364093,0.870909090909091,0.871509090909091,0.869872727272727
52181,33957,18224,0.716409432556995,0.721115052043429,0.72410716725157,32.3472727272727,32.8854545454545,34.7672727272727,10.1618181818182,23.0363636363636,10.0636363636364,23.2327272727273,9.54727272727273,23.9581818181818,-0.755169102007692,1.72692410891706,0.870909090909091,0.871509090909091,0.869872727272727
52970,34044,18926,0.716160265416172,0.720823495584175,0.724122932884942,32.3418181818182,32.8836363636364,34.7745454545455,9.95090909090909,23.2309090909091,9.76,23.5727272727273,9.30363636363636,24.1818181818182,-0.828984087434682,1.90304759144783,0.870909090909091,0.871509090909091,0.869872727272727
53606,34120,19486,0.71599690351338,0.72001237738855,0.723944744719715,32.4,32.8290909090909,34.7709090909091,9.70909090909091,23.44,9.52363636363636,23.8254545454545,9.07818181818182,24.4236363636364,-0.902105707742951,2.013799742677,0.870909090909091,0.871509090909091,0.869872727272727
54300,34188,20112,0.715579407234775,0.720036455231365,0.723721412542182,32.3872727272727,32.8709090909091,34.7418181818182,9.46909090909091,23.6490909090909,9.30909090909091,24.0581818181818,8.85272727272727,24.6618181818182,-0.974549424919215,2.16698347601024,0.870909090909091,0.871509090909091,0.869872727272727
55009,34338,20671,0.715563840849207,0.720069431137936,0.723493409233272,32.3836363636364,32.8672727272727,34.7490909090909,9.27454545454546,23.8272727272727,9.07272727272727,24.3145454545455,8.64909090909091,24.8618181818182,-1.03868454938585,2.28246351913972,0.870909090909091,0.871509090909091,0.869872727272727
55758,34442,21316,0.715615346103795,0.720079756469172,0.723486910939662,32.4036363636364,32.8563636363636,34.74,9.04909090909091,24.02,8.84727272727273,24.5527272727273,8.44727272727273,25.0836363636364,-1.10462720231576,2.44395030465993,0.870909090909091,0.871509090909091,0.869872727272727
56415,34536,21879,0.715321540233398,0.720086943501849,0.723195337670676,32.4436363636364,32.8145454545455,34.7418181818182,8.86363636363636,24.1854545454545,8.58181818181818,24.8109090909091,8.22,25.3381818181818,-1.16915608752858,2.57350277900696,0.870909090909091,0.871509090909091,0.869872727272727
57063,34634,22429,0.715276421555753,0.71967068759117,0.722794883483422,32.4636363636364,32.8127272727273,34.7236363636364,8.68545454545455,24.3127272727273,8.39818181818182,25.0636363636364,7.98545454545455,25.5545454545455,-1.23268041014671,2.6933640089902,0.870909090909091,0.871509090909091,0.869872727272727
57652,34728,22924,0.715104763984256,0.719830746178198,0.722597725398584,32.4490909090909,32.8145454545455,34.7363636363636,8.48545454545455,24.4527272727273,8.25636363636364,25.2472727272727,7.81636363636364,25.7418181818182,-1.29371667125008,2.79614612514322,0.870909090909091,0.871509090909091,0.869872727272727
58210,34844,23366,0.715226471663592,0.71942111130893,0.722502835310141,32.4836363636364,32.7527272727273,34.7636363636364,8.29636363636364,24.5854545454545,8.04545454545454,25.5054545454545,7.68545454545455,25.8818181818182,-1.35136993256482,2.88066977099939,0.870909090909091,0.871509090909091,0.869872727272727
58838,34882,23956,0.715267054924229,0.718735089025732,0.722406911359228,32.5181818181818,32.7018181818182,34.78,8.13818181818182,24.7290909090909,7.84,25.7145454545455,7.46363636363636,26.1145454545455,-1.41289828798988,3.03496090498838,0.870909090909091,0.871509090909091,0.869872727272727
59307,34947,24360,0.715253142675727,0.71805828766284,0.722243746810401,32.5436363636364,32.6309090909091,34.8254545454545,7.95636363636364,24.8909090909091,7.66727272727273,25.8654545454545,7.31272727272727,26.3072727272727,-1.47033296444199,3.10825443267822,0.870909090909091,0.871509090909091,0.869872727272727
59980,35093,24887,0.715192087743673,0.717847750828254,0.721652186022847,32.5690909090909,32.5890909090909,34.8418181818182,7.79454545454545,25.0254545454545,7.47090909090909,26.1363636363636,7.08727272727273,26.4854545454545,-1.51813180554997,3.23999183394692,0.870909090909091,0.871509090909091,0.869872727272727
60567,35174,25393,0.714730162124304,0.717488042058791,0.721425871139663,32.5545454545455,32.5545454545455,34.8909090909091,7.60909090909091,25.1672727272727,7.30545454545455,26.36,6.89090909090909,26.6672727272727,-1.57045794996348,3.37322024703026,0.870909090909091,0.871509090909091,0.869872727272727
61141,35246,25895,0.714699063629447,0.716845287366016,0.721404813641369,32.56,32.4981818181818,34.9418181818182,7.46363636363636,25.2963636363636,7.14,26.5563636363636,6.65818181818182,26.8854545454545,-1.62124062830752,3.4965055975047,0.870909090909091,0.871509090909091,0.869872727272727
61810,35371,26439,0.714448551750515,0.716222701322395,0.721197982000277,32.6090909090909,32.4145454545455,34.9763636363636,7.29636363636364,25.44,6.95636363636364,26.7418181818182,6.46181818181818,27.1036363636364,-1.66514940478585,3.6402616397901,0.870909090909091,0.871509090909091,0.869872727272727
62416,35535,26881,0.71423911552624,0.715515727225679,0.721202442889498,32.6490909090909,32.3290909090909,35.0218181818182,7.13272727272727,25.5745454545455,6.82181818181818,26.9490909090909,6.23818181818182,27.2836363636364,-1.7032311742956,3.74216732545332,0.870909090909091,0.871509090909091,0.869872727272727
62989,35677,27312,0.713955566649865,0.715368182955627,0.720829364074385,32.6418181818182,32.3109090909091,35.0472727272727,6.99636363636364,25.7363636363636,6.58727272727273,27.1036363636364,6.07454545454545,27.5018181818182,-1.74160499139266,3.83273059563203,0.870909090909091,0.871509090909091,0.869872727272727
63508,35802,27706,0.713582443575291,0.71503375077383,0.720773914491286,32.6309090909091,32.2818181818182,35.0872727272727,6.87272727272727,25.8290909090909,6.45272727272727,27.26,5.87636363636364,27.7090909090909,-1.78012591817162,3.92088938734748,0.870909090909091,0.871509090909091,0.869872727272727
64051,35973,28078,0.713300849639786,0.714554483486125,0.720579962403836,32.5945454545455,32.2836363636364,35.1218181818182,6.75818181818182,25.92,6.34363636363636,27.3781818181818,5.69818181818182,27.9018181818182,-1.81065043319355,3.99687096693299,0.870909090909091,0.871509090909091,0.869872727272727
64586,36126,28460,0.713129717211213,0.714530966294178,0.72042965809464,32.5727272727273,32.28,35.1472727272727,6.60545454545455,26.0236363636364,6.23090909090909,27.4872727272727,5.58,28.0727272727273,-1.84380246129903,4.07744099064307,0.870909090909091,0.871509090909091,0.869872727272727
65102,36259,28843,0.712872026011247,0.713780657749504,0.720025047886074,32.5527272727273,32.2527272727273,35.1945454545455,6.5,26.1454545454545,6.06727272727273,27.6454545454545,5.39090909090909,28.2509090909091,-1.87533532055941,4.16271983357993,0.870909090909091,0.871509090909091,0.869872727272727
65536,36402,29134,0.712489940100433,0.713096449233271,0.719780943806122,32.5745454545455,32.1854545454545,35.24,6.39272727272727,26.2109090909091,5.94727272727273,27.7527272727273,5.24909090909091,28.4472727272727,-1.90580154657364,4.21467893611301,0.870909090909091,0.871509090909091,0.869872727272727
65943,36488,29455,0.712184079685371,0.712783885812792,0.719259795297446,32.6,32.1472727272727,35.2527272727273,6.25636363636364,26.3527272727273,5.81090909090909,27.8654545454545,5.05636363636364,28.6581818181818,-1.93745749972083,4.26739707101475,0.870909090909091,0.871509090909091,0.869872727272727
66413,36671,29742,0.711840506484104,0.712120585732077,0.718871748141333,32.6109090909091,32.0436363636364,35.3454545454545,6.14909090909091,26.4345454545455,5.67454545454545,27.96,4.96363636363636,28.8181818181818,-1.95861724669283,4.31412041458217,0.870909090909091,0.871509090909091,0.869872727272727
66894,36836,30058,0.71151829210148,0.711706436073183,0.718399591576078,32.5872727272727,32.0381818181818,35.3745454545455,6.02,26.5163636363636,5.59454545454545,28.0381818181818,4.83272727272727,28.9981818181818,-1.98035259626128,4.38061413873326,0.870909090909091,0.871509090909091,0.869872727272727
67256,37011,30245,0.711055729191176,0.711128874382002,0.718089871545118,32.5527272727273,32.06,35.3872727272727,5.90363636363636,26.5872727272727,5.53272727272727,28.0709090909091,4.75090909090909,29.1545454545455,-1.99969662753018,4.39838064583865,0.870909090909091,0.871509090909091,0.869872727272727
67684,37184,30500,0.710331584050141,0.710483653301341,0.717881046394668,32.5381818181818,32.0218181818182,35.44,5.78909090909091,26.6781818181818,5.38727272727273,28.1672727272727,4.67272727272727,29.3054545454545,-2.01785282763568,4.44164758758111,0.870909090909091,0.871509090909091,0.869872727272727
68122,37389,30733,0.709824624294412,0.70981936831885,0.717670438698518,32.5163636363636,32,35.4836363636364,5.67090909090909,26.7654545454545,5.28727272727273,28.2418181818182,4.55636363636364,29.4781818181818,-2.03127684864131,4.47025123401122,0.870909090909091,0.871509090909091,0.869872727272727
68555,37597,30958,0.709397862863221,0.708718641434597,0.717269321908909,32.5363636363636,31.9036363636364,35.56,5.56727272727273,26.8472727272727,5.17636363636364,28.2963636363636,4.43090909090909,29.6818181818182,-2.04262091896751,4.4962575386871,0.870909090909091,0.871509090909091,0.869872727272727
68962,37839,31123,0.708743930446515,0.708367824339404,0.716758446779321,32.5054545454545,31.8563636363636,35.6381818181818,5.47454545454545,26.9327272727273,5.08363636363636,28.2945454545455,4.33272727272727,29.8818181818182,-2.05155859697949,4.50596500093287,0.870909090909091,0.871509090909091,0.869872727272727
69390,38036,31354,0.70808904801064,0.70762038813101,0.716278259248802,32.5436363636364,31.7854545454545,35.6709090909091,5.38181818181818,27.0381818181818,4.97272727272727,28.3,4.26363636363636,30.0436363636364,-2.06262560215863,4.54252630607648,0.870909090909091,0.871509090909091,0.869872727272727
69810,38236,31574,0.707441400780036,0.707189491475035,0.715762006793891,32.5509090909091,31.7436363636364,35.7054545454545,5.28909090909091,27.1127272727273,4.86181818181818,28.3581818181818,4.16,30.2181818181818,-2.07122577320446,4.56910073323683,0.870909090909091,0.871509090909091,0.869872727272727
70216,38515,31701,0.706947159415083,0.706521739687256,0.715182347608827,32.5490909090909,31.6727272727273,35.7781818181818,5.20363636363636,27.1763636363636,4.80181818181818,28.3254545454545,4.10545454545455,30.3872727272727,-2.07184109362689,4.57497834021395,0.870909090909091,0.871509090909091,0.869872727272727
70736,38766,31970,0.706445524310154,0.705718971055356,0.714768233191187,32.5363636363636,31.6527272727273,35.8109090909091,5.11454545454545,27.2836363636364,4.63272727272727,28.3545454545455,4.05636363636364,30.5581818181818,-2.07228935740211,4.61857691407204,0.870909090909091,0.871509090909091,0.869872727272727
71106,38977,32129,0.70596890496704,0.704771683815323,0.714341045534598,32.5490909090909,31.5945454545455,35.8563636363636,5.02727272727273,27.3745454545455,4.52181818181818,28.3690909090909,3.97272727272727,30.7345454545455,-2.07664564902132,4.62050010291013,0.870909090909091,0.871509090909091,0.869872727272727
71664,39238,32426,0.705129380861274,0.704524468537837,0.714166107220036,32.5236363636364,31.5727272727273,35.9036363636364,4.94363636363636,27.4581818181818,4.42545454545455,28.4145454545455,3.82727272727273,30.9309090909091,-2.07521327950738,4.67518823255192,0.870909090909091,0.871509090909091,0.869872727272727
72272,39521,32751,0.704734984350681,0.703669435469237,0.713614963062563,32.5636363636364,31.4581818181818,35.9781818181818,4.85818181818182,27.5563636363636,4.29636363636364,28.4636363636364,3.7,31.1254545454545,-2.07154417904941,4.7357076227665,0.870909090909091,0.871509090909091,0.869872727272727
72792,39798,32994,0.704370758023158,0.702831790912164,0.713319171258085,32.58,31.3709090909091,36.0490909090909,4.77636363636364,27.6327272727273,4.18727272727273,28.5145454545455,3.58909090909091,31.3,-2.0695989863439,4.78324771848592,0.870909090909091,0.871509090909091,0.869872727272727
73156,40047,33109,0.703714172369635,0.701851166246069,0.71269603787462,32.6018181818182,31.3145454545455,36.0836363636364,4.68727272727273,27.7072727272727,4.13090909090909,28.5181818181818,3.53818181818182,31.4181818181818,-2.06800422018225,4.77576346966353,0.870909090909091,0.871509090909091,0.869872727272727
73552,40268,33284,0.702618656554394,0.701269548901774,0.711959362440302,32.5763636363636,31.3254545454545,36.0981818181818,4.63454545454545,27.7254545454545,4.08181818181818,28.5236363636364,3.42363636363636,31.6109090909091,-2.06785899346525,4.79736782827161,0.870909090909091,0.871509090909091,0.869872727272727
74086,40547,33539,0.702004953024564,0.700246546230478,0.711648684371517,32.5781818181818,31.2363636363636,36.1854545454545,4.55636363636364,27.8072727272727,3.99090909090909,28.5472727272727,3.32545454545455,31.7727272727273,-2.06229575222189,4.84362857179208,0.870909090909091,0.871509090909091,0.869872727272727
74565,40847,33718,0.701250992727669,0.699142188135683,0.711141757004965,32.5963636363636,31.16,36.2436363636364,4.48363636363636,27.8636363636364,3.88545454545454,28.5781818181818,3.29636363636364,31.8927272727273,-2.0519154234366,4.86514177755876,0.870909090909091,0.871509090909091,0.869872727272727
75050,41141,33909,0.700479069969006,0.69823683219428,0.710328650215536,32.6145454545455,31.1163636363636,36.2690909090909,4.41272727272727,27.9418181818182,3.80181818181818,28.5654545454545,3.23818181818182,32.04,-2.04378360293128,4.89862751310522,0.870909090909091,0.871509090909091,0.869872727272727
75573,41483,34090,0.700108818169102,0.697555308405464,0.709762088127794,32.64,31.0818181818182,36.2781818181818,4.35818181818182,27.98,3.72727272727273,28.5690909090909,3.19272727272727,32.1727272727273,-2.02941638502208,4.92348962101069,0.870909090909091,0.871509090909091,0.869872727272727
76079,41829,34250,0.699317081031508,0.695820553787483,0.709447551615098,32.6581818181818,30.9636363636364,36.3781818181818,4.28181818181818,28.0672727272727,3.66,28.5527272727273,3.1,32.3381818181818,-2.01362994800914,4.93009331714023,0.870909090909091,0.871509090909091,0.869872727272727
76545,42196,34349,0.698016131166054,0.69523437420803,0.708459558441137,32.6127272727273,31.0309090909091,36.3563636363636,4.21272727272727,28.1054545454545,3.62363636363636,28.5181818181818,3.02909090909091,32.5109090909091,-1.99460665421052,4.93071021925319,0.870909090909091,0.871509090909091,0.869872727272727
77131,42500,34631,0.697385587637285,0.694002970844285,0.707854649612499,32.6309090909091,30.9890909090909,36.38,4.15272727272727,28.1709090909091,3.53272727272727,28.5218181818182,2.91272727272727,32.7090909090909,-1.98358692635189,4.98717192573981,0.870909090909091,0.871509090909091,0.869872727272727
77652,42825,34827,0.696518697923525,0.693535463343852,0.707118387171798,32.6272727272727,30.9563636363636,36.4163636363636,4.09636363636364,28.2290909090909,3.45090909090909,28.4963636363636,2.87090909090909,32.8563636363636,-1.96740856414491,5.01315229047428,0.870909090909091,0.871509090909091,0.869872727272727
78070,43134,34936,0.695619703714583,0.692598335856607,0.706227159469442,32.6018181818182,30.9872727272727,36.4109090909091,4.05090909090909,28.2781818181818,3.38,28.4963636363636,2.79272727272727,33.0018181818182,-1.95491739701141,5.00907795212486,0.870909090909091,0.871509090909091,0.869872727272727
78538,43425,35113,0.694678160805936,0.691133966347376,0.7053916895026,32.6127272727273,30.9309090909091,36.4563636363636,4,28.34,3.27636363636364,28.5127272727273,2.7,33.1709090909091,-1.94249429811131,5.02127089175311,0.870909090909091,0.871509090909091,0.869872727272727
79045,43795,35250,0.69402604800632,0.690062135878321,0.70468819180359,32.6072727272727,30.8945454545455,36.4981818181818,3.94181818181818,28.3763636363636,3.23636363636364,28.4618181818182,2.69090909090909,33.2927272727273,-1.92036944194274,5.02068821896206,0.870909090909091,0.871509090909091,0.869872727272727
79495,44084,35411,0.693104696030679,0.689251747081147,0.703984918128262,32.5745454545455,30.94,36.4854545454545,3.88909090909091,28.4145454545455,3.16545454545455,28.4181818181818,2.66545454545455,33.4472727272727,-1.907867375829,5.03434766639363,0.870909090909091,0.871509090909091,0.869872727272727
79942,44448,35494,0.691791865633889,0.687823292000918,0.703201685551263,32.5745454545455,30.8490909090909,36.5763636363636,3.84181818181818,28.4290909090909,3.10909090909091,28.4345454545455,2.60545454545455,33.58,-1.88730490153486,5.02433767698028,0.870909090909091,0.871509090909091,0.869872727272727
80393,44777,35616,0.690372768648749,0.686977562839747,0.702574359411217,32.5290909090909,30.8872727272727,36.5836363636364,3.8,28.4490909090909,3.02181818181818,28.4545454545455,2.54363636363636,33.7309090909091,-1.87012339992957,5.03080433607101,0.870909090909091,0.871509090909091,0.869872727272727
80759,45125,35634,0.689211690449688,0.685474240371887,0.701646221158784,32.4927272727273,30.9072727272727,36.6,3.74909090909091,28.4690909090909,2.94545454545455,28.4436363636364,2.52727272727273,33.8654545454545,-1.84829198663885,4.99274726780978,0.870909090909091,0.871509090909091,0.869872727272727
81337,45550,35787,0.688273151120915,0.683658513890299,0.701050353835342,32.4927272727273,30.8454545454545,36.6618181818182,3.69636363636364,28.5290909090909,2.84,28.4454545454545,2.47454545454545,34.0145454545455,-1.8215854157101,5.00803626071323,0.870909090909091,0.871509090909091,0.869872727272727
81851,45897,35954,0.687209328959752,0.681695205566906,0.700380089752386,32.5690909090909,30.72,36.7109090909091,3.63818181818182,28.5854545454545,2.76727272727273,28.4454545454545,2.46181818181818,34.1018181818182,-1.79937907267701,5.02889581268484,0.870909090909091,0.871509090909091,0.869872727272727
82508,46290,36218,0.686170076915027,0.680598256042108,0.69917623192749,32.5654545454545,30.7127272727273,36.7218181818182,3.59090909090909,28.6345454545455,2.66181818181818,28.4781818181818,2.39090909090909,34.2436363636364,-1.77250390106981,5.07433446970853,0.870909090909091,0.871509090909091,0.869872727272727
82981,46642,36339,0.685038016874257,0.679659783944306,0.698479983618442,32.5272727272727,30.7381818181818,36.7345454545455,3.54545454545455,28.6818181818182,2.61272727272727,28.44,2.35636363636364,34.3636363636364,-1.75234317887913,5.06915978301655,0.870909090909091,0.871509090909091,0.869872727272727
83790,47098,36692,0.683850459337393,0.679009233343573,0.697958632173313,32.5345454545455,30.6745454545455,36.7909090909091,3.5,28.7381818181818,2.52545454545455,28.4563636363636,2.32,34.46,-1.72441715191711,5.14971827593717,0.870909090909091,0.871509090909091,0.869872727272727
84246,47492,36754,0.682410739843898,0.677232826360034,0.697117023045762,32.5581818181818,30.6490909090909,36.7927272727273,3.45272727272727,28.7527272727273,2.51454545454545,28.4381818181818,2.26909090909091,34.5727272727273,-1.69868678965352,5.13769780505787,0.870909090909091,0.871509090909091,0.869872727272727
84849,47920,36929,0.680992388745578,0.675491116151321,0.69625892491312,32.5545454545455,30.6272727272727,36.8181818181818,3.40545454545455,28.8218181818182,2.43636363636364,28.4381818181818,2.22363636363636,34.6745454545455,-1.66760242608461,5.16365301175551,0.870909090909091,0.871509090909091,0.869872727272727
85205,48289,36916,0.679725071422633,0.673432987127797,0.695482700009662,32.5727272727273,30.6036363636364,36.8236363636364,3.36181818181818,28.8490909090909,2.42,28.4163636363636,2.19090909090909,34.7618181818182,-1.64308298257264,5.12088880755685,0.870909090909091,0.871509090909091,0.869872727272727
85728,48676,37052,0.678589630695091,0.672093206654575,0.694831498559183,32.56,30.6181818181818,36.8218181818182,3.35454545454545,28.8472727272727,2.38909090909091,28.38,2.16181818181818,34.8672727272727,-1.61843377649784,5.14142877188596,0.870909090909091,0.871509090909091,0.869872727272727
86270,49114,37156,0.676682694695712,0.671686940193156,0.693912970021857,32.5163636363636,30.6618181818182,36.8218181818182,3.31818181818182,28.8963636363636,2.32181818181818,28.4018181818182,2.13636363636364,34.9254545454545,-1.58727555491708,5.13862751180475,0.870909090909091,0.871509090909091,0.869872727272727
86900,49573,37327,0.675359023045247,0.670926956342666,0.692997294633392,32.4890909090909,30.6345454545455,36.8763636363636,3.27272727272727,28.94,2.27818181818182,28.3763636363636,2.09818181818182,35.0345454545455,-1.55377936336127,5.14909306005998,0.870909090909091,0.871509090909091,0.869872727272727
87468,49966,37502,0.674386688925714,0.669695859135298,0.692134781961985,32.4527272727273,30.6727272727273,36.8745454545455,3.22727272727273,28.9781818181818,2.24545454545455,28.3709090909091,1.97090909090909,35.2072727272727,-1.526565962488,5.15512817556208,0.870909090909091,0.871509090909091,0.869872727272727
88113,50397,37716,0.673140441791525,0.668924896272276,0.691051320920794,32.4090909090909,30.6563636363636,36.9345454545455,3.19636363636364,29.0181818181818,2.18727272727273,28.3436363636364,1.89272727272727,35.3618181818182,-1.49860188554634,5.18288063786247,0.870909090909091,0.871509090909091,0.869872727272727
88716,50914,37802,0.672078654048264,0.667672623026972,0.68987102324389,32.4,30.6454545454545,36.9545454545455,3.16181818181818,29.0272727272727,2.14545454545455,28.3454545454545,1.89272727272727,35.4272727272727,-1.46029555607926,5.18233343254436,0.870909090909091,0.871509090909091,0.869872727272727
89246,51319,37927,0.6706188538342,0.666369797545765,0.689042427887892,32.3709090909091,30.6145454545455,37.0145454545455,3.12,29.0672727272727,2.10545454545455,28.3218181818182,1.84181818181818,35.5436363636364,-1.43258457454768,5.18733861879869,0.870909090909091,0.871509090909091,0.869872727272727
89599,51733,37866,0.669401999036722,0.664322737359153,0.688044507283383,32.3781818181818,30.5872727272727,37.0345454545455,3.08181818181818,29.0981818181818,2.09818181818182,28.2527272727273,1.83818181818182,35.6309090909091,-1.3998638169332,5.14029693603516,0.870909090909091,0.871509090909091,0.869872727272727
90204,52141,38063,0.66778856226392,0.663446348175861,0.686834511060734,32.3127272727273,30.5818181818182,37.1054545454545,3.04727272727273,29.1054545454545,2.08,28.2036363636364,1.81272727272727,35.7509090909091,-1.36920288747007,5.15996349291368,0.870909090909091,0.871509090909091,0.869872727272727
90698,52532,38166,0.6664450275206,0.662808226851125,0.685514578760423,32.2945454545455,30.6109090909091,37.0945454545455,3.00363636363636,29.1381818181818,2.03090909090909,28.1945454545455,1.76363636363636,35.8690909090909,-1.34015089137988,5.16477753465826,0.870909090909091,0.871509090909091,0.869872727272727
91162,52916,38246,0.665321473315781,0.661793748281118,0.684076093080819,32.32,30.5781818181818,37.1018181818182,2.97636363636364,29.1527272727273,2.02545454545455,28.1090909090909,1.75636363636364,35.98,-1.31347234059464,5.15388843146238,0.870909090909091,0.871509090909091,0.869872727272727
91704,53366,38338,0.664197520446367,0.66003892467324,0.68311657139379,32.3090909090909,30.5854545454545,37.1054545454545,2.93090909090909,29.1781818181818,1.99636363636364,28.0854545454545,1.73090909090909,36.0781818181818,-1.27866042960774,5.1391317172484,0.870909090909091,0.871509090909091,0.869872727272727
92326,53775,38551,0.663001011839627,0.659278148505676,0.68229891603846,32.2927272727273,30.5690909090909,37.1381818181818,2.89454545454545,29.2127272727273,1.94363636363636,28.0690909090909,1.68909090909091,36.1909090909091,-1.2481574437835,5.1581977670843,0.870909090909091,0.871509090909091,0.869872727272727
92793,54221,38572,0.661664924167245,0.657464926446992,0.681126548580912,32.2509090909091,30.5927272727273,37.1563636363636,2.86727272727273,29.2327272727273,1.90727272727273,28.0290909090909,1.64727272727273,36.3163636363636,-1.21561736112291,5.11977032748136,0.870909090909091,0.871509090909091,0.869872727272727
92991,54549,38442,0.660294932773797,0.655945335223254,0.67994963962585,32.2436363636364,30.6109090909091,37.1454545454545,2.83636363636364,29.2672727272727,1.86363636363636,27.96,1.64545454545455,36.4272727272727,-1.19267867478457,5.04358809211037,0.870909090909091,0.871509090909091,0.869872727272727
93461,54950,38511,0.658970638134786,0.655010318722333,0.67894057012134,32.1818181818182,30.6381818181818,37.18,2.82,29.2418181818182,1.85818181818182,27.9563636363636,1.57818181818182,36.5454545454545,-1.16272932480682,5.01756215529008,0.870909090909091,0.871509090909091,0.869872727272727
93890,55356,38534,0.657860348754826,0.653682421757231,0.677947170831462,32.1581818181818,30.6454545454545,37.1963636363636,2.78181818181818,29.2654545454545,1.80363636363636,27.9290909090909,1.54363636363636,36.6763636363636,-1.13245811326937,4.97546520666643,0.870909090909091,0.871509090909091,0.869872727272727
94317,55693,38624,0.657146124472488,0.652028749135659,0.676921562962675,32.1654545454545,30.6381818181818,37.1963636363636,2.74363636363636,29.2909090909091,1.75272727272727,27.9018181818182,1.50545454545455,36.8054545454546,-1.10966301546855,4.96057030721144,0.870909090909091,0.871509090909091,0.869872727272727
94858,56048,38810,0.656247929243093,0.650708818874635,0.675917993949342,32.1709090909091,30.6127272727273,37.2163636363636,2.7,29.3454545454545,1.68545454545455,27.86,1.43454545454545,36.9745454545455,-1.08436417539011,4.96835958957672,0.870909090909091,0.871509090909091,0.869872727272727
95571,56417,39154,0.655060354107999,0.650774821307234,0.674843075369364,32.1472727272727,30.6472727272727,37.2054545454545,2.66727272727273,29.3745454545455,1.63090909090909,27.8454545454545,1.38181818181818,37.1,-1.0597108702768,5.02652861421759,0.870909090909091,0.871509090909091,0.869872727272727
96221,56768,39453,0.654574155470152,0.650129220319541,0.673798223339739,32.1236363636364,30.6454545454545,37.2309090909091,2.62727272727273,29.4109090909091,1.58,27.8381818181818,1.32,37.2236363636364,-1.03532168716192,5.07426652908325,0.870909090909091,0.871509090909091,0.869872727272727
96511,57052,39459,0.653568520920194,0.648788778486157,0.672574005154438,32.1109090909091,30.6363636363636,37.2527272727273,2.61272727272727,29.4309090909091,1.53636363636364,27.8054545454545,1.25636363636364,37.3581818181818,-1.01551751819524,5.02263329245827,0.870909090909091,0.871509090909091,0.869872727272727
97114,57398,39716,0.652645773297762,0.647640108315569,0.671671776763189,32.1236363636364,30.6054545454545,37.2709090909091,2.57090909090909,29.4763636363636,1.52363636363636,27.7163636363636,1.26,37.4527272727273,-0.98836414353414,5.07672282999212,0.870909090909091,0.871509090909091,0.869872727272727
97412,57724,39688,0.651673189270382,0.646733731855654,0.67041607941932,32.1127272727273,30.64,37.2472727272727,2.54,29.4909090909091,1.53636363636364,27.6363636363636,1.26181818181818,37.5345454545455,-0.967067685452374,5.03673701069572,0.870909090909091,0.871509090909091,0.869872727272727
97791,58014,39777,0.65104440939476,0.64556499054625,0.669274272934057,32.1454545454545,30.6236363636364,37.2309090909091,2.51818181818182,29.5327272727273,1.47454545454545,27.5672727272727,1.26363636363636,37.6436363636364,-0.947758262943138,5.0255081967874,0.870909090909091,0.871509090909091,0.869872727272727
98211,58371,39840,0.649798854333274,0.644901668811708,0.668026924705847,32.1636363636364,30.5909090909091,37.2454545454545,2.50181818181818,29.5854545454545,1.38363636363636,27.5127272727273,1.22909090909091,37.7872727272727,-0.920779977874322,5.00147236477245,0.870909090909091,0.871509090909091,0.869872727272727
98652,58662,39990,0.648775047337435,0.643727052667737,0.6672947753703,32.18,30.5527272727273,37.2672727272727,2.48909090909091,29.6345454545455,1.32363636363636,27.46,1.18,37.9127272727273,-0.900303666700016,4.98156486858021,0.870909090909091,0.871509090909091,0.869872727272727
98993,58974,40019,0.647823647220469,0.643186512272572,0.666082356253645,32.1527272727273,30.5945454545455,37.2527272727273,2.45636363636364,29.6490909090909,1.31090909090909,27.4163636363636,1.12909090909091,38.0381818181818,-0.880516807870431,4.94653766588731,0.870909090909091,0.871509090909091,0.869872727272727
99466,59276,40190,0.647084015965621,0.642077851212094,0.664945149795211,32.1836363636364,30.5636363636364,37.2527272727273,2.43636363636364,29.68,1.27818181818182,27.3654545454545,1.11636363636364,38.1236363636364,-0.854769857363267,4.95368991981853,0.870909090909091,0.871509090909091,0.869872727272727
99854,59598,40256,0.646103971122381,0.641290157092646,0.663652431923072,32.2090909090909,30.5672727272727,37.2236363636364,2.41090909090909,29.6709090909091,1.29454545454545,27.3109090909091,1.07272727272727,38.24,-0.833203135295348,4.93166366923939,0.870909090909091,0.871509090909091,0.869872727272727
100277,59899,40378,0.645312046519644,0.641057441483714,0.662686821756404,32.2363636363636,30.5927272727273,37.1709090909091,2.38545454545455,29.6981818181818,1.26909090909091,27.2509090909091,1.06181818181818,38.3345454545455,-0.809461204978553,4.92272254445336,0.870909090909091,0.871509090909091,0.869872727272727
100501,60150,40351,0.644096677113523,0.640066657874619,0.661773080020601,32.2272727272727,30.5963636363636,37.1763636363636,2.36545454545455,29.72,1.26545454545455,27.1927272727273,1.03454545454545,38.4218181818182,-0.79272644709457,4.87048223885623,0.870909090909091,0.871509090909091,0.869872727272727
100727,60401,40326,0.643554762589286,0.638932421816516,0.660666582914043,32.2418181818182,30.6090909090909,37.1490909090909,2.34909090909091,29.7381818181818,1.26727272727273,27.1127272727273,1.04909090909091,38.4836363636364,-0.775017484074289,4.83316975940358,0.870909090909091,0.871509090909091,0.869872727272727
100991,60600,40391,0.642765565235281,0.637929588848493,0.660023854591774,32.2290909090909,30.6290909090909,37.1418181818182,2.32363636363636,29.7672727272727,1.23272727272727,27.0581818181818,1.06,38.5581818181818,-0.759590325572274,4.82467384338379,0.870909090909091,0.871509090909091,0.869872727272727
101425,60841,40584,0.642303681033836,0.637102409031626,0.659005866011933,32.2690909090909,30.6109090909091,37.12,2.29090909090909,29.8436363636364,1.16363636363636,27.0072727272727,1.03818181818182,38.6563636363636,-0.740097559717569,4.84092605330727,0.870909090909091,0.871509090909091,0.869872727272727
101778,61110,40668,0.641363972929188,0.635787049972339,0.65863662007586,32.2781818181818,30.6309090909091,37.0909090909091,2.26545454545455,29.8581818181818,1.18181818181818,26.9454545454545,1,38.7490909090909,-0.720195918530226,4.82701060338454,0.870909090909091,0.871509090909091,0.869872727272727
102330,61351,40979,0.641067029138392,0.63576688489492,0.657492733064943,32.2927272727273,30.7090909090909,36.9981818181818,2.24545454545455,29.9127272727273,1.11818181818182,26.9218181818182,0.956363636363636,38.8454545454545,-0.703507895564491,4.86946679028598,0.870909090909091,0.871509090909091,0.869872727272727
102813,61573,41240,0.640397015837094,0.634912587558217,0.656769835762917,32.32,30.6909090909091,36.9890909090909,2.22,29.9872727272727,1.03636363636364,26.9090909090909,0.932727272727273,38.9145454545455,-0.686065897210078,4.88112183484164,0.870909090909091,0.871509090909091,0.869872727272727
103249,61807,41442,0.639314909210431,0.634031049556791,0.656016056064829,32.2945454545455,30.7545454545455,36.9509090909091,2.18727272727273,30.0363636363636,0.987272727272727,26.9018181818182,0.9,38.9872727272727,-0.667784849486568,4.89043789668517,0.870909090909091,0.871509090909091,0.869872727272727
103456,62002,41454,0.638703709576794,0.633037720659671,0.65537335553669,32.2854545454545,30.7690909090909,36.9454545454546,2.16909090909091,30.0509090909091,0.983636363636364,26.8490909090909,0.9,39.0472727272727,-0.651020737466487,4.85292285789143,0.870909090909091,0.871509090909091,0.869872727272727
103671,62289,41382,0.637790656668832,0.631800001348462,0.654423598753533,32.3018181818182,30.7890909090909,36.9090909090909,2.14545454545455,30.0727272727273,0.985454545454546,26.7909090909091,0.861818181818182,39.1436363636364,-0.625411047989672,4.79815284555609,0.870909090909091,0.871509090909091,0.869872727272727
103879,62467,41412,0.637135909840671,0.631259948146619,0.653776716936664,32.3,30.8181818181818,36.8818181818182,2.12363636363636,30.0872727272727,0.990909090909091,26.6854545454545,0.86,39.2527272727273,-0.610384241559289,4.77162388563156,0.870909090909091,0.871509090909091,0.869872727272727
104359,62677,41682,0.636833635462066,0.631450237556458,0.652901331796824,32.2963636363636,30.8545454545455,36.8490909090909,2.1,30.12,0.945454545454545,26.6418181818182,0.887272727272727,39.3054545454546,-0.595536189729517,4.81040211482482,0.870909090909091,0.871509090909091,0.869872727272727
104634,62859,41775,0.636326487399881,0.630848428367877,0.652295450626739,32.3218181818182,30.8763636363636,36.8018181818182,2.08181818181818,30.1581818181818,0.9,26.5963636363636,0.850909090909091,39.4127272727273,-0.583380387858911,4.782035186074,0.870909090909091,0.871509090909091,0.869872727272727
105124,63097,42027,0.63582584044947,0.630426215427413,0.651670140616483,32.2945454545455,30.9181818181818,36.7872727272727,2.05818181818182,30.2090909090909,0.843636363636364,26.5545454545455,0.832727272727273,39.5018181818182,-0.565131315487352,4.8108911449259,0.870909090909091,0.871509090909091,0.869872727272727
105598,63317,42281,0.635002374319648,0.630087168647739,0.651066891135176,32.2727272727273,30.9763636363636,36.7509090909091,2.02181818181818,30.2163636363636,0.874545454545455,26.5181818181818,0.743636363636364,39.6254545454546,-0.544724165783687,4.82878642190586,0.870909090909091,0.871509090909091,0.869872727272727
105849,63518,42331,0.634437527302662,0.629238884601604,0.650656718075589,32.2745454545455,30.9836363636364,36.7418181818182,2,30.2290909090909,0.869090909090909,26.4272727272727,0.770909090909091,39.7036363636364,-0.528162410719828,4.81606715917587,0.870909090909091,0.871509090909091,0.869872727272727
106212,63708,42504,0.633799121606764,0.629301945633581,0.649827906968914,32.2654545454545,31.0254545454545,36.7090909090909,1.97454545454545,30.2581818181818,0.898181818181818,26.3290909090909,0.769090909090909,39.7709090909091,-0.512260173532096,4.81903756640174,0.870909090909091,0.871509090909091,0.869872727272727
106424,63906,42518,0.633047282300278,0.628429041486799,0.649217032763447,32.2454545454545,31.0472727272727,36.7072727272727,1.96363636363636,30.2872727272727,0.878181818181818,26.2472727272727,0.752727272727273,39.8709090909091,-0.499759415604851,4.77412217855453,0.870909090909091,0.871509090909091,0.869872727272727
106671,64043,42628,0.632503961280503,0.62786773430871,0.648878426117209,32.2454545454545,31.0563636363636,36.6981818181818,1.93272727272727,30.28,0.918181818181818,26.1436363636364,0.752727272727273,39.9727272727273,-0.489851003885269,4.76208938576958,0.870909090909091,0.871509090909091,0.869872727272727
106741,64189,42552,0.631705025973744,0.62713102790511,0.648230030045395,32.2309090909091,31.0945454545455,36.6745454545455,1.92,30.3436363636364,0.814545454545455,26.0818181818182,0.767272727272727,40.0727272727273,-0.480080300501802,4.70272245081988,0.870909090909091,0.871509090909091,0.869872727272727
106902,64328,42574,0.631134204278259,0.62651513264392,0.64737295310383,32.2054545454545,31.1545454545455,36.64,1.90181818181818,30.3745454545455,0.767272727272727,26.06,0.725454545454545,40.1709090909091,-0.470972494543953,4.65889489108866,0.870909090909091,0.871509090909091,0.869872727272727
107214,64459,42755,0.6307864879888,0.626008001585538,0.646460432244972,32.2036363636364,31.1818181818182,36.6145454545455,1.87454545454545,30.3945454545455,0.74,26.0218181818182,0.685454545454545,40.2836363636364,-0.46243445077403,4.65984504114498,0.870909090909091,0.871509090909091,0.869872727272727
107458,64647,42811,0.630564466868981,0.625486659065069,0.645942980296435,32.2236363636364,31.1836363636364,36.5927272727273,1.85454545454545,30.4181818181818,0.710909090909091,25.98,0.627272727272727,40.4090909090909,-0.448060133850033,4.63045590032231,0.870909090909091,0.871509090909091,0.869872727272727
107642,64779,42863,0.629851062135368,0.625664596462197,0.645431473997749,32.2090909090909,31.24,36.5509090909091,1.83818181818182,30.4,0.752727272727273,25.8945454545455,0.616363636363636,40.4981818181818,-0.440326864746484,4.60807664286007,0.870909090909091,0.871509090909091,0.869872727272727
107892,64953,42939,0.629348146938161,0.625432782697889,0.644818780806431,32.2054545454545,31.2727272727273,36.5218181818182,1.81090909090909,30.4345454545455,0.710909090909091,25.8436363636364,0.605454545454545,40.5945454545455,-0.42879006229341,4.57619383768602,0.870909090909091,0.871509090909091,0.869872727272727
108093,65078,43015,0.628822852209106,0.625078051899341,0.643941878687562,32.18,31.3145454545455,36.5054545454545,1.78727272727273,30.4618181818182,0.669090909090909,25.7963636363636,0.574545454545455,40.7109090909091,-0.419241261075843,4.52718374945901,0.870909090909091,0.871509090909091,0.869872727272727
108123,65217,42906,0.628431955163801,0.624258088682339,0.643039776396106,32.2054545454545,31.3145454545455,36.48,1.76727272727273,30.48,0.650909090909091,25.7218181818182,0.554545454545455,40.8254545454545,-0.410029927404089,4.45825104821812,0.870909090909091,0.871509090909091,0.869872727272727
108377,65351,43026,0.628104455261766,0.62377792563318,0.642586990187902,32.1963636363636,31.3454545454545,36.4581818181818,1.74363636363636,30.4981818181818,0.652727272727273,25.6236363636364,0.554545454545455,40.9272727272727,-0.400773953781887,4.45488747466694,0.870909090909091,0.871509090909091,0.869872727272727
108603,65477,43126,0.627568153225129,0.623399824057937,0.642294597239299,32.2054545454545,31.34,36.4545454545455,1.74,30.4927272727273,0.64,25.5563636363636,0.550909090909091,41.02,-0.389873106879267,4.4438554530794,0.870909090909091,0.871509090909091,0.869872727272727
108825,65606,43219,0.627159247584308,0.623070495619099,0.642019292270713,32.2036363636364,31.3636363636364,36.4327272727273,1.72727272727273,30.4981818181818,0.630909090909091,25.4963636363636,0.554545454545455,41.0927272727273,-0.381764772873033,4.42987979650498,0.870909090909091,0.871509090909091,0.869872727272727
109017,65721,43296,0.626800155211522,0.622886889944048,0.641474935682513,32.2090909090909,31.38,36.4109090909091,1.71454545454545,30.5381818181818,0.596363636363636,25.3981818181818,0.569090909090909,41.1836363636364,-0.373097669231621,4.40667576681484,0.870909090909091,0.871509090909091,0.869872727272727
109069,65801,43268,0.626454058030962,0.622199072651729,0.641277122416979,32.2054545454545,31.3763636363636,36.4181818181818,1.69636363636364,30.5454545454545,0.592727272727273,25.3163636363636,0.576363636363636,41.2727272727273,-0.368021035363728,4.37615233280442,0.870909090909091,0.871509090909091,0.869872727272727
109213,65886,43327,0.626267870677759,0.621627544204423,0.64090521434832,32.1981818181818,31.3854545454545,36.4163636363636,1.67818181818182,30.5345454545455,0.596363636363636,25.2454545454545,0.569090909090909,41.3763636363636,-0.360222500156272,4.35833403793248,0.870909090909091,0.871509090909091,0.869872727272727
109494,65975,43519,0.626128232895164,0.621245952963484,0.64053991639623,32.2127272727273,31.3818181818182,36.4054545454546,1.66181818181818,30.5363636363636,0.598181818181818,25.16,0.549090909090909,41.4945454545455,-0.351263768903234,4.36309105266224,0.870909090909091,0.871509090909091,0.869872727272727
109645,66080,43565,0.625553720727399,0.6210273459322,0.640211152327429,32.2181818181818,31.4072727272727,36.3745454545455,1.65272727272727,30.5490909090909,0.538181818181818,25.1381818181818,0.541818181818182,41.58,-0.343955476107922,4.33560159531507,0.870909090909091,0.871509090909091,0.869872727272727
109716,66133,43583,0.625383806208359,0.620498897117171,0.639855461537353,32.2309090909091,31.4145454545455,36.3545454545455,1.64545454545455,30.5563636363636,0.525454545454546,25.0981818181818,0.496363636363636,41.6781818181818,-0.340599531612613,4.30027043006637,0.870909090909091,0.871509090909091,0.869872727272727
109827,66217,43610,0.625104057365417,0.619863046034265,0.639644198705882,32.2363636363636,31.4127272727273,36.3509090909091,1.62727272727273,30.5818181818182,0.52,25.0218181818182,0.474545454545455,41.7745454545455,-0.334611457552422,4.25817020968957,0.870909090909091,0.871509090909091,0.869872727272727
110001,66299,43702,0.624888601968597,0.61978775798654,0.639328705231364,32.2454545454545,31.4109090909091,36.3436363636364,1.61818181818182,30.5836363636364,0.545454545454545,24.9254545454545,0.465454545454546,41.8618181818182,-0.328052237697623,4.24597041065043,0.870909090909091,0.871509090909091,0.869872727272727
110050,66361,43689,0.624390819556723,0.619456926671967,0.63915304326584,32.2309090909091,31.4218181818182,36.3472727272727,1.60545454545455,30.5836363636364,0.556363636363636,24.8545454545455,0.487272727272727,41.9127272727273,-0.32282875307243,4.20709832527421,0.870909090909091,0.871509090909091,0.869872727272727
110165,66417,43748,0.624089899103198,0.619353557384142,0.639028576127519,32.22,31.44,36.34,1.59818181818182,30.58,0.565454545454545,24.7909090909091,0.489090909090909,41.9763636363636,-0.318419195152819,4.19163635102185,0.870909090909091,0.871509090909091,0.869872727272727
110193,66496,43697,0.623610952351415,0.619490652151049,0.63872272285698,32.2036363636364,31.4709090909091,36.3254545454545,1.58,30.5818181818182,0.578181818181818,24.7090909090909,0.496363636363636,42.0545454545455,-0.312418892556293,4.13931850845163,0.870909090909091,0.871509090909091,0.869872727272727
110347,66547,43800,0.623373251341505,0.619286397858446,0.638575840958949,32.2018181818182,31.4672727272727,36.3309090909091,1.57636363636364,30.5836363636364,0.54,24.7018181818182,0.449090909090909,42.1490909090909,-0.309960938211192,4.12901561964642,0.870909090909091,0.871509090909091,0.869872727272727
110534,66605,43929,0.623221883649186,0.6191157530777,0.638228539577078,32.2054545454545,31.4690909090909,36.3254545454545,1.55636363636364,30.6090909090909,0.532727272727273,24.66,0.410909090909091,42.2309090909091,-0.305775476331738,4.12389169768854,0.870909090909091,0.871509090909091,0.869872727272727
110671,66639,44032,0.623186590007391,0.61893684146121,0.637946997249959,32.2090909090909,31.4727272727273,36.3181818181818,1.55272727272727,30.62,0.474545454545455,24.6509090909091,0.418181818181818,42.2836363636364,-0.303299047933383,4.1115358683196,0.870909090909091,0.871509090909091,0.869872727272727
110765,66695,44070,0.623085945402845,0.618779080611735,0.637712933455465,32.2054545454545,31.4963636363636,36.2981818181818,1.54,30.6472727272727,0.449090909090909,24.5818181818182,0.42,42.3618181818182,-0.300619542022998,4.0852242204276,0.870909090909091,0.871509090909091,0.869872727272727
110831,66761,44070,0.62288746274858,0.618908506639819,0.637269530472144,32.1963636363636,31.5090909090909,36.2945454545455,1.52727272727273,30.6363636363636,0.456363636363636,24.5327272727273,0.392727272727273,42.4545454545455,-0.296041342785413,4.05264020670544,0.870909090909091,0.871509090909091,0.869872727272727
110988,66816,44172,0.62289113734908,0.618636361683642,0.637297091007959,32.1981818181818,31.5090909090909,36.2927272727273,1.51454545454545,30.64,0.456363636363636,24.4890909090909,0.392727272727273,42.5072727272727,-0.291121873039414,4.04480808648196,0.870909090909091,0.871509090909091,0.869872727272727
111041,66870,44171,0.622432054762637,0.618234890221482,0.637106426660004,32.1836363636364,31.52,36.2963636363636,1.50363636363636,30.68,0.447272727272727,24.4327272727273,0.354545454545454,42.5818181818182,-0.287683693285693,4.00446647839113,0.870909090909091,0.871509090909091,0.869872727272727
111070,66908,44162,0.622347750559628,0.618036995335101,0.63682669577436,32.1636363636364,31.5454545454545,36.2909090909091,1.49636363636364,30.6963636363636,0.461818181818182,24.3454545454545,0.361818181818182,42.6381818181818,-0.285081165283918,3.98106828223575,0.870909090909091,0.871509090909091,0.869872727272727
111263,66945,44318,0.622322073425224,0.618063959971579,0.636902297810424,32.16,31.5636363636364,36.2763636363636,1.49090909090909,30.7309090909091,0.443636363636364,24.2727272727273,0.358181818181818,42.7036363636364,-0.281909228607335,3.97435900243846,0.870909090909091,0.871509090909091,0.869872727272727
111267,66978,44289,0.622202386689656,0.617554320226225,0.636607754480152,32.1581818181818,31.5727272727273,36.2690909090909,1.49090909090909,30.74,0.443636363636364,24.2236363636364,0.336363636363636,42.7654545454546,-0.278803105296736,3.9414723618464,0.870909090909091,0.871509090909091,0.869872727272727
111273,66998,44275,0.621951409175178,0.617277183578468,0.636409132708485,32.16,31.5745454545455,36.2654545454546,1.48,30.7654545454545,0.447272727272727,24.14,0.34,42.8272727272727,-0.277707501602444,3.91611813686111,0.870909090909091,0.871509090909091,0.869872727272727
111219,67026,44193,0.621810629717742,0.616884403217082,0.636365921888771,32.1636363636364,31.5727272727273,36.2636363636364,1.46545454545455,30.8290909090909,0.392727272727273,24.0890909090909,0.352727272727273,42.8709090909091,-0.275737894411114,3.86460159150037,0.870909090909091,0.871509090909091,0.869872727272727
111247,67048,44199,0.621616606049543,0.61664582170409,0.636209480545932,32.1618181818182,31.5727272727273,36.2654545454546,1.45272727272727,30.8345454545455,0.4,24.0036363636364,0.365454545454545,42.9436363636364,-0.274440262060274,3.83817083510486,0.870909090909091,0.871509090909091,0.869872727272727
111161,67078,44083,0.621488731369369,0.616118164196716,0.636069082286139,32.1545454545455,31.5872727272727,36.2581818181818,1.44545454545455,30.8618181818182,0.398181818181818,23.9236363636364,0.358181818181818,43.0127272727273,-0.273162080584602,3.80017131485722,0.870909090909091,0.871509090909091,0.869872727272727
111125,67096,44029,0.621441524616349,0.6160322302732,0.63581782092847,32.1527272727273,31.6,36.2472727272727,1.44363636363636,30.8727272727273,0.394545454545454,23.8781818181818,0.361818181818182,43.0490909090909,-0.272199399803172,3.75752163448117,0.870909090909091,0.871509090909091,0.869872727272727
111225,67116,44109,0.621270527712203,0.616101836595429,0.63571671279459,32.1509090909091,31.6,36.2490909090909,1.43636363636364,30.9018181818182,0.376363636363636,23.8018181818182,0.372727272727273,43.1109090909091,-0.27167098315602,3.7451764927669,0.870909090909091,0.871509090909091,0.869872727272727
111003,67152,43851,0.621093825735221,0.61565627662867,0.635666127271943,32.1418181818182,31.6127272727273,36.2454545454545,1.42909090909091,30.92,0.416363636363636,23.7090909090909,0.356363636363636,43.1690909090909,-0.269376910867339,3.66874448060989,0.870909090909091,0.871509090909091,0.869872727272727
111341,67196,44145,0.621041517700012,0.615948346774073,0.635567780336389,32.1363636363636,31.6218181818182,36.2418181818182,1.42181818181818,30.94,0.390909090909091,23.6509090909091,0.381818181818182,43.2145454545455,-0.265426070056856,3.70821013992483,0.870909090909091,0.871509090909091,0.869872727272727
111358,67230,44128,0.620673933785098,0.615697683196407,0.635442654747289,32.1272727272727,31.6290909090909,36.2436363636364,1.41090909090909,30.9709090909091,0.392727272727273,23.62,0.318181818181818,43.2872727272727,-0.262109172581272,3.6622207430276,0.870909090909091,0.871509090909091,0.869872727272727
111451,67269,44182,0.620566243803281,0.615520648608591,0.635319135761747,32.1290909090909,31.6345454545455,36.2363636363636,1.40545454545455,31.0090909090909,0.394545454545454,23.5236363636364,0.307272727272727,43.36,-0.259349244816059,3.645600915497,0.870909090909091,0.871509090909091,0.869872727272727
111781,67314,44467,0.620397565779059,0.615678038756792,0.635157601986925,32.1218181818182,31.6381818181818,36.24,1.39818181818182,31.0727272727273,0.354545454545454,23.4618181818182,0.303636363636364,43.4090909090909,-0.255851545150984,3.67837485454299,0.870909090909091,0.871509090909091,0.869872727272727
111741,67325,44416,0.620144050139542,0.615610399107886,0.635016245438513,32.1127272727273,31.6545454545455,36.2327272727273,1.39272727272727,31.1072727272727,0.365454545454545,23.3818181818182,0.296363636363636,43.4563636363636,-0.255519429391081,3.64227160242471,0.870909090909091,0.871509090909091,0.869872727272727
111767,67362,44405,0.61996625076203,0.615413500953581,0.634971408608751,32.1145454545455,31.6418181818182,36.2436363636364,1.38727272727273,31.1472727272727,0.36,23.2909090909091,0.318181818181818,43.4963636363636,-0.252349979464303,3.61869214800271,0.870909090909091,0.871509090909091,0.869872727272727
111771,67383,44388,0.619715310583557,0.615329017600467,0.634922441036669,32.1018181818182,31.6418181818182,36.2563636363636,1.38,31.18,0.354545454545454,23.2272727272727,0.309090909090909,43.5490909090909,-0.251697507263585,3.58291129469872,0.870909090909091,0.871509090909091,0.869872727272727
111825,67408,44417,0.619457624021913,0.614991925796526,0.634845552569317,32.1018181818182,31.6272727272727,36.2709090909091,1.37818181818182,31.2109090909091,0.34,23.18,0.283636363636364,43.6072727272727,-0.249506523392417,3.55819882100279,0.870909090909091,0.871509090909091,0.869872727272727
111869,67439,44430,0.619232925581095,0.614905616092282,0.634902792158271,32.1,31.6272727272727,36.2727272727273,1.36727272727273,31.2454545454545,0.323636363636364,23.1072727272727,0.303636363636364,43.6527272727273,-0.248248361863873,3.53672073402188,0.870909090909091,0.871509090909091,0.869872727272727
111941,67474,44467,0.619061271102101,0.614731592745822,0.634814207979656,32.0927272727273,31.6254545454545,36.2818181818182,1.36181818181818,31.2472727272727,0.347272727272727,23.0418181818182,0.28,43.7218181818182,-0.244255562262102,3.50729983882471,0.870909090909091,0.871509090909091,0.869872727272727
111986,67486,44500,0.618929311728589,0.614562895702176,0.63463988752244,32.0872727272727,31.6327272727273,36.28,1.35818181818182,31.2763636363636,0.309090909090909,23.0109090909091,0.274545454545455,43.7709090909091,-0.243543941730803,3.48848262212493,0.870909090909091,0.871509090909091,0.869872727272727
112059,67508,44551,0.618887032811688,0.614520143756867,0.63457606584298,32.0909090909091,31.6272727272727,36.2818181818182,1.35272727272727,31.2909090909091,0.3,22.9709090909091,0.243636363636364,43.8418181818182,-0.242699563740329,3.47727917730808,0.870909090909091,0.871509090909091,0.869872727272727
112063,67516,44547,0.618858614403352,0.61448520262266,0.634532248019882,32.0890909090909,31.6254545454545,36.2854545454545,1.34363636363636,31.2872727272727,0.327272727272727,22.8854545454545,0.250909090909091,43.9054545454546,-0.242184873568741,3.4573592741381,0.870909090909091,0.871509090909091,0.869872727272727
112140,67541,44599,0.618843315787187,0.614176014451483,0.634371021014831,32.0890909090909,31.6236363636364,36.2872727272727,1.33818181818182,31.3036363636364,0.314545454545455,22.8345454545455,0.234545454545455,43.9745454545455,-0.240354897945442,3.44172186445106,0.870909090909091,0.871509090909091,0.869872727272727
112191,67565,44626,0.618531833100139,0.614157083212234,0.634284871794963,32.0854545454545,31.6272727272727,36.2872727272727,1.33272727272727,31.2945454545455,0.305454545454545,22.7927272727273,0.238181818181818,44.0363636363636,-0.238107351078229,3.42617491294037,0.870909090909091,0.871509090909091,0.869872727272727
112073,67587,44486,0.61849192130141,0.6135432164839,0.634236607572019,32.0927272727273,31.62,36.2872727272727,1.31818181818182,31.3254545454545,0.289090909090909,22.7254545454545,0.223636363636364,44.1181818181818,-0.237135511839932,3.37912196896293,0.870909090909091,0.871509090909091,0.869872727272727
112098,67613,44485,0.618304462654737,0.613488234511298,0.63399774487205,32.0909090909091,31.6254545454545,36.2836363636364,1.31272727272727,31.3127272727273,0.285454545454545,22.6781818181818,0.221818181818182,44.1890909090909,-0.234600296853618,3.35059690394185,0.870909090909091,0.871509090909091,0.869872727272727
112017,67628,44389,0.618242770684311,0.613203832101714,0.633943547425409,32.0945454545455,31.6145454545455,36.2909090909091,1.30909090909091,31.3,0.287272727272727,22.6163636363636,0.234545454545455,44.2527272727273,-0.234011391770433,3.3120483062484,0.870909090909091,0.871509090909091,0.869872727272727
111968,67641,44327,0.618180075135338,0.613014517117692,0.633805961653891,32.0963636363636,31.6145454545455,36.2890909090909,1.30545454545455,31.3072727272727,0.287272727272727,22.5654545454545,0.218181818181818,44.3163636363636,-0.232760180566799,3.2870585186915,0.870909090909091,0.871509090909091,0.869872727272727
111800,67658,44142,0.618158990975929,0.612615063195634,0.63373238878097,32.1072727272727,31.6018181818182,36.2909090909091,1.29272727272727,31.3309090909091,0.274545454545455,22.4981818181818,0.218181818181818,44.3854545454545,-0.231296059472317,3.24059471027418,0.870909090909091,0.871509090909091,0.869872727272727
111886,67667,44219,0.617868683381182,0.612654592404978,0.63373378292029,32.1054545454545,31.6054545454545,36.2890909090909,1.28545454545455,31.3381818181818,0.267272727272727,22.4218181818182,0.241818181818182,44.4454545454546,-0.231189942376857,3.20466060800986,0.870909090909091,0.871509090909091,0.869872727272727
112150,67703,44447,0.617873927647033,0.613070356213312,0.633729877629048,32.1036363636364,31.6090909090909,36.2872727272727,1.27818181818182,31.3254545454545,0.312727272727273,22.3272727272727,0.241818181818182,44.5145454545455,-0.22785410835323,3.24307731335813,0.870909090909091,0.871509090909091,0.869872727272727
112280,67718,44562,0.617944172816655,0.612924085698833,0.633713847084519,32.1109090909091,31.6163636363636,36.2727272727273,1.27454545454545,31.3381818181818,0.32,22.26,0.229090909090909,44.5781818181818,-0.226953049478206,3.23239950564775,0.870909090909091,0.871509090909091,0.869872727272727
112286,67728,44558,0.617894339297645,0.612804853559855,0.633617807126695,32.1181818181818,31.6109090909091,36.2709090909091,1.26545454545455,31.3763636363636,0.287272727272727,22.2218181818182,0.227272727272727,44.6218181818182,-0.226833160441707,3.20281961262226,0.870909090909091,0.871509090909091,0.869872727272727
112438,67760,44678,0.617890378634577,0.612620571792212,0.633658421796585,32.1236363636364,31.6018181818182,36.2745454545455,1.25454545454545,31.4127272727273,0.263636363636364,22.1745454545455,0.238181818181818,44.6563636363636,-0.224099382080815,3.20395809195258,0.870909090909091,0.871509090909091,0.869872727272727
112405,67775,44630,0.617820147078589,0.612778926717989,0.633600007949787,32.1272727272727,31.6018181818182,36.2709090909091,1.24909090909091,31.4181818181818,0.263636363636364,22.0945454545455,0.254545454545455,44.72,-0.223523259526965,3.18081695031036,0.870909090909091,0.871509090909091,0.869872727272727
112407,67785,44622,0.617680376765746,0.612584737724059,0.63353758020624,32.1272727272727,31.6036363636364,36.2690909090909,1.24363636363636,31.42,0.263636363636364,22.0381818181818,0.241818181818182,44.7927272727273,-0.223097021378238,3.15769311758605,0.870909090909091,0.871509090909091,0.869872727272727
112418,67809,44609,0.617566741152858,0.612653719247232,0.633386905759651,32.1290909090909,31.6090909090909,36.2618181818182,1.24,31.4236363636364,0.247272727272727,22.0181818181818,0.218181818181818,44.8527272727273,-0.221718675059012,3.13062935552814,0.870909090909091,0.871509090909091,0.869872727272727
112556,67817,44739,0.61757961078733,0.612712308443445,0.633387429842769,32.1290909090909,31.6163636363636,36.2545454545455,1.23454545454545,31.4218181818182,0.258181818181818,21.9763636363636,0.209090909090909,44.9,-0.22175802000883,3.14080295427279,0.870909090909091,0.871509090909091,0.869872727272727
112358,67831,44527,0.617481501838695,0.612301599893479,0.63339407582798,32.1345454545455,31.6145454545455,36.2509090909091,1.23090909090909,31.3927272727273,0.289090909090909,21.9272727272727,0.205454545454545,44.9545454545455,-0.221106390494176,3.07921492701227,0.870909090909091,0.871509090909091,0.869872727272727
112672,67851,44821,0.617505722731522,0.612707997794546,0.633385865111981,32.1345454545455,31.6127272727273,36.2527272727273,1.21818181818182,31.4290909090909,0.24,21.9218181818182,0.194545454545455,44.9963636363636,-0.220246880196712,3.12201176746325,0.870909090909091,0.871509090909091,0.869872727272727
112757,67869,44888,0.617526007498114,0.61281103678168,0.633403078913537,32.1309090909091,31.6109090909091,36.2581818181818,1.21454545454545,31.4363636363636,0.234545454545455,21.8672727272727,0.203636363636364,45.0436363636364,-0.217694204190577,3.11311933858828,0.870909090909091,0.871509090909091,0.869872727272727
112641,67883,44758,0.617362305065021,0.612616317660991,0.633281063441172,32.1236363636364,31.62,36.2563636363636,1.21090909090909,31.4527272727273,0.22,21.8381818181818,0.2,45.0781818181818,-0.217194065180692,3.07385700832714,0.870909090909091,0.871509090909091,0.869872727272727
112617,67884,44733,0.617242696686568,0.612575009833461,0.633260025027042,32.1181818181818,31.6254545454545,36.2563636363636,1.20363636363636,31.4381818181818,0.229090909090909,21.8145454545455,0.194545454545455,45.12,-0.217539701314474,3.05276946723461,0.870909090909091,0.871509090909091,0.869872727272727
112557,67895,44662,0.61710489440946,0.612501861233543,0.633327930362114,32.1090909090909,31.6381818181818,36.2527272727273,1.2,31.4436363636364,0.225454545454545,21.7472727272727,0.212727272727273,45.1709090909091,-0.217260457727719,3.02526446553794,0.870909090909091,0.871509090909091,0.869872727272727
112555,67903,44652,0.616885752189555,0.612466325966414,0.6333114914036,32.0872727272727,31.6472727272727,36.2654545454546,1.2,31.4418181818182,0.22,21.6872727272727,0.225454545454545,45.2254545454545,-0.2173439133235,3.00434424579144,0.870909090909091,0.871509090909091,0.869872727272727
112549,67909,44640,0.616613314982862,0.612463219613435,0.633223609802902,32.0818181818182,31.6527272727273,36.2654545454546,1.19636363636364,31.4381818181818,0.232727272727273,21.6509090909091,0.198181818181818,45.2836363636364,-0.217268413601613,2.97592663412744,0.870909090909091,0.871509090909091,0.869872727272727
112625,67919,44706,0.61659920552969,0.61245957321819,0.6332330343722,32.0818181818182,31.6436363636364,36.2745454545455,1.19636363636364,31.4436363636364,0.229090909090909,21.6018181818182,0.209090909090909,45.32,-0.217164001783187,2.97489793083885,0.870909090909091,0.871509090909091,0.869872727272727
112677,67929,44748,0.616759111606173,0.612312052558823,0.633224816329328,32.08,31.6345454545455,36.2854545454545,1.19272727272727,31.4618181818182,0.218181818181818,21.5618181818182,0.216363636363636,45.3490909090909,-0.217041411648758,2.96686515212059,0.870909090909091,0.871509090909091,0.869872727272727
112689,67943,44746,0.616654558892068,0.612129792904173,0.633132394701858,32.0727272727273,31.64,36.2872727272727,1.18727272727273,31.4636363636364,0.230909090909091,21.5236363636364,0.2,45.3945454545455,-0.216216334107925,2.94490954063155,0.870909090909091,0.871509090909091,0.869872727272727
112679,67957,44722,0.61649161717969,0.612072933077584,0.633099963712956,32.0672727272727,31.6509090909091,36.2818181818182,1.18363636363636,31.4563636363636,0.249090909090909,21.4836363636364,0.196363636363636,45.4309090909091,-0.215811362786388,2.92324085425247,0.870909090909091,0.871509090909091,0.869872727272727
112738,67974,44764,0.616485728920262,0.611906475295805,0.632978353876333,32.0763636363636,31.6436363636364,36.28,1.17636363636364,31.4890909090909,0.229090909090909,21.4545454545455,0.178181818181818,45.4727272727273,-0.214943023720248,2.91445049128749,0.870909090909091,0.871509090909091,0.869872727272727
112684,67984,44700,0.616489674635339,0.611698781250069,0.632924606925934,32.0836363636364,31.6327272727273,36.2836363636364,1.17272727272727,31.4836363636364,0.241818181818182,21.4418181818182,0.163636363636364,45.4963636363636,-0.212942661446604,2.88761553005739,0.870909090909091,0.871509090909091,0.869872727272727
112770,67992,44778,0.61639970698262,0.611751780193413,0.632851777009737,32.0836363636364,31.6290909090909,36.2872727272727,1.17090909090909,31.4727272727273,0.249090909090909,21.4345454545455,0.170909090909091,45.5018181818182,-0.212232190421359,2.87762486745011,0.870909090909091,0.871509090909091,0.869872727272727
112814,68014,44800,0.616263976612608,0.611755466511581,0.632771322447346,32.0872727272727,31.6236363636364,36.2890909090909,1.17454545454545,31.48,0.232727272727273,21.4145454545455,0.187272727272727,45.5109090909091,-0.21014427669685,2.87614542137493,0.870909090909091,0.871509090909091,0.869872727272727
112845,68026,44819,0.616073457174062,0.611708217315031,0.632810818678529,32.08,31.6290909090909,36.2909090909091,1.17272727272727,31.4709090909091,0.236363636363636,21.4127272727273,0.163636363636364,45.5436363636364,-0.209757812431251,2.85573627596552,0.870909090909091,0.871509090909091,0.869872727272727
112661,68028,44633,0.61593380503885,0.611583446853812,0.632803190544343,32.0781818181818,31.6381818181818,36.2836363636364,1.17090909090909,31.4727272727273,0.227272727272727,21.4018181818182,0.167272727272727,45.56,-0.210385089858689,2.81391526000066,0.870909090909091,0.871509090909091,0.869872727272727
112635,68030,44605,0.615846709472824,0.611436493539448,0.63268813585708,32.0763636363636,31.6454545454545,36.2781818181818,1.16909090909091,31.46,0.238181818181818,21.4018181818182,0.149090909090909,45.5818181818182,-0.210162781797011,2.79247733341022,0.870909090909091,0.871509090909091,0.869872727272727
112695,68037,44658,0.615807184048794,0.611341366225697,0.63262424889118,32.0690909090909,31.6527272727273,36.2781818181818,1.16363636363636,31.48,0.185454545454545,21.4272727272727,0.152727272727273,45.5909090909091,-0.209943706965582,2.78170500180938,0.870909090909091,0.871509090909091,0.869872727272727
112769,68052,44717,0.61583412316085,0.611303046698605,0.632638820409727,32.0654545454545,31.6509090909091,36.2836363636364,1.16363636363636,31.4490909090909,0.201818181818182,21.4290909090909,0.161818181818182,45.5945454545455,-0.208051458788528,2.77487961324778,0.870909090909091,0.871509090909091,0.869872727272727
112636,68067,44569,0.615765548579554,0.611175557050585,0.632645635958319,32.0563636363636,31.6527272727273,36.2909090909091,1.15636363636364,31.4472727272727,0.194545454545455,21.4127272727273,0.16,45.6290909090909,-0.207070277792148,2.73317674086853,0.870909090909091,0.871509090909091,0.869872727272727
112718,68081,44637,0.615637712285984,0.611299513682285,0.63268472588706,32.0509090909091,31.6618181818182,36.2872727272727,1.15454545454545,31.4272727272727,0.192727272727273,21.4127272727273,0.150909090909091,45.6618181818182,-0.205303851531988,2.7299809881232,0.870909090909091,0.871509090909091,0.869872727272727
112855,68091,44764,0.615624242774483,0.611560118951715,0.632628549119867,32.0563636363636,31.6618181818182,36.2818181818182,1.15454545454545,31.3872727272727,0.210909090909091,21.3909090909091,0.163636363636364,45.6927272727273,-0.204405752306973,2.74118189283393,0.870909090909091,0.871509090909091,0.869872727272727
112998,68103,44895,0.61576856219026,0.61155260876014,0.632564463613683,32.0527272727273,31.6709090909091,36.2763636363636,1.15090909090909,31.3709090909091,0.212727272727273,21.38,0.156363636363636,45.7290909090909,-0.202593161081049,2.76352362646298,0.870909090909091,0.871509090909091,0.869872727272727
113042,68112,44930,0.61574238076235,0.611447873227886,0.632587481522924,32.06,31.6636363636364,36.2763636363636,1.14545454545455,31.3563636363636,0.209090909090909,21.3745454545455,0.14,45.7745454545455,-0.202500488058749,2.75285109850493,0.870909090909091,0.871509090909091,0.869872727272727
113063,68116,44947,0.615745401917298,0.611290381373305,0.632622447587258,32.0654545454545,31.6490909090909,36.2854545454545,1.14363636363636,31.3509090909091,0.189090909090909,21.3818181818182,0.134545454545455,45.8,-0.202174839199605,2.74277629039504,0.870909090909091,0.871509090909091,0.869872727272727
112974,68118,44856,0.615740306861476,0.61111439141206,0.632532479993733,32.0672727272727,31.6472727272727,36.2854545454545,1.13818181818182,31.3345454545455,0.198181818181818,21.3509090909091,0.165454545454545,45.8127272727273,-0.202683509818532,2.71488954086195,0.870909090909091,0.871509090909091,0.869872727272727
113067,68126,44941,0.615663138895245,0.611062541335324,0.632471814721635,32.0654545454545,31.6454545454545,36.2890909090909,1.13818181818182,31.3363636363636,0.185454545454545,21.3418181818182,0.152727272727273,45.8454545454545,-0.202062708774412,2.71015795740214,0.870909090909091,0.871509090909091,0.869872727272727
113033,68134,44899,0.615651827614233,0.610849577921188,0.632499080730269,32.0672727272727,31.6436363636364,36.2890909090909,1.13272727272727,31.3381818181818,0.187272727272727,21.3127272727273,0.178181818181818,45.8509090909091,-0.202116475076499,2.69861499003389,0.870909090909091,0.871509090909091,0.869872727272727
113069,68141,44928,0.615597513993341,0.610852593102155,0.632452697412809,32.0654545454545,31.6454545454545,36.2890909090909,1.13272727272727,31.34,0.18,21.3054545454545,0.16,45.8818181818182,-0.201379452213984,2.69118971960111,0.870909090909091,0.871509090909091,0.869872727272727
113157,68155,45002,0.615633452939997,0.610862492361774,0.63249594643822,32.0636363636364,31.64,36.2963636363636,1.12909090909091,31.3472727272727,0.178181818181818,21.3054545454545,0.143636363636364,45.8963636363636,-0.200573526940901,2.69592903852463,0.870909090909091,0.871509090909091,0.869872727272727
113192,68161,45031,0.615621367642079,0.610748343830004,0.63256203990704,32.0636363636364,31.64,36.2963636363636,1.12909090909091,31.3418181818182,0.172727272727273,21.2945454545455,0.129090909090909,45.9327272727273,-0.200582095540383,2.68630455515601,0.870909090909091,0.871509090909091,0.869872727272727
113188,68167,45021,0.615595397976395,0.610775580777446,0.632434273210798,32.06,31.6436363636364,36.2963636363636,1.12363636363636,31.3490909090909,0.170909090909091,21.26,0.130909090909091,45.9654545454545,-0.200548389122229,2.66577626846053,0.870909090909091,0.871509090909091,0.869872727272727
113189,68173,45016,0.615525207506075,0.610731114635953,0.632349614066987,32.0509090909091,31.6490909090909,36.3,1.12181818181818,31.3636363636364,0.161818181818182,21.2454545454545,0.134545454545455,45.9727272727273,-0.200159163383598,2.65291196934202,0.870909090909091,0.871509090909091,0.869872727272727
113183,68175,45008,0.615488903117817,0.610628787327899,0.632299123586951,32.0472727272727,31.6581818181818,36.2945454545455,1.12181818181818,31.3709090909091,0.145454545454545,21.2454545454545,0.136363636363636,45.98,-0.200274651988663,2.63564600050449,0.870909090909091,0.871509090909091,0.869872727272727
113152,68179,44973,0.61548768228736,0.610525608398977,0.63222744287113,32.0490909090909,31.6545454545455,36.2963636363636,1.12,31.3781818181818,0.150909090909091,21.2181818181818,0.143636363636364,45.9890909090909,-0.199075713550503,2.61414144486189,0.870909090909091,0.871509090909091,0.869872727272727
113125,68184,44941,0.615559395738721,0.610544553828611,0.632177724758345,32.0563636363636,31.6490909090909,36.2945454545455,1.11636363636364,31.3818181818182,0.16,21.2036363636364,0.125454545454545,46.0127272727273,-0.199249770035121,2.60120123584162,0.870909090909091,0.871509090909091,0.869872727272727
113146,68198,44948,0.615549477211918,0.610442308367086,0.632165161631878,32.0636363636364,31.6345454545455,36.3018181818182,1.11454545454545,31.3890909090909,0.165454545454545,21.1690909090909,0.127272727272727,46.0345454545455,-0.197924916336144,2.59096781692722,0.870909090909091,0.871509090909091,0.869872727272727
113134,68204,44930,0.615539182959074,0.610381563798647,0.632202403720531,32.0690909090909,31.6309090909091,36.3,1.11454545454545,31.3981818181818,0.170909090909091,21.1272727272727,0.129090909090909,46.06,-0.197735935263336,2.58057008521123,0.870909090909091,0.871509090909091,0.869872727272727
113154,68210,44944,0.61545991748075,0.610231856463573,0.632152396031666,32.0672727272727,31.6254545454545,36.3072727272727,1.10727272727273,31.4181818181818,0.150909090909091,21.1109090909091,0.132727272727273,46.08,-0.196059938443994,2.56642616309903,0.870909090909091,0.871509090909091,0.869872727272727
112923,68218,44705,0.615203518623224,0.610035325202065,0.63214988947261,32.0672727272727,31.62,36.3127272727273,1.10363636363636,31.4290909090909,0.14,21.0963636363636,0.141818181818182,46.0890909090909,-0.195883035287261,2.50289731648835,0.870909090909091,0.871509090909091,0.869872727272727
112933,68228,44705,0.615191217868269,0.609894920334358,0.632157327868505,32.0709090909091,31.6109090909091,36.3181818181818,1.1,31.4363636363636,0.156363636363636,21.0509090909091,0.132727272727273,46.1236363636364,-0.195572003485127,2.49223536632278,0.870909090909091,0.871509090909091,0.869872727272727
112973,68241,44732,0.615127532688599,0.609851091263049,0.63219116159121,32.0618181818182,31.6163636363636,36.3218181818182,1.09818181818182,31.4654545454545,0.130909090909091,21.0254545454545,0.136363636363636,46.1436363636364,-0.193862291213802,2.485997627811,0.870909090909091,0.871509090909091,0.869872727272727
113010,68252,44758,0.615097798104798,0.609740125902505,0.632140125728616,32.0636363636364,31.6163636363636,36.32,1.09636363636364,31.4727272727273,0.130909090909091,20.9872727272727,0.130909090909091,46.1818181818182,-0.192748770541088,2.47205751592463,0.870909090909091,0.871509090909091,0.869872727272727
112917,68261,44656,0.614830660117342,0.609555218494526,0.632204642116206,32.0581818181818,31.6218181818182,36.32,1.08909090909091,31.4818181818182,0.134545454545455,20.9345454545455,0.132727272727273,46.2272727272727,-0.190544924580238,2.43254770772024,0.870909090909091,0.871509090909091,0.869872727272727
112903,68263,44640,0.614796347057198,0.609553820755852,0.632163559015306,32.0545454545455,31.6272727272727,36.3181818181818,1.07818181818182,31.4963636363636,0.136363636363636,20.9072727272727,0.129090909090909,46.2527272727273,-0.190028323766521,2.41980974403295,0.870909090909091,0.871509090909091,0.869872727272727
112928,68263,44665,0.614724496412054,0.609594963950426,0.63215105019334,32.0527272727273,31.6309090909091,36.3163636363636,1.07636363636364,31.5018181818182,0.149090909090909,20.86,0.125454545454545,46.2872727272727,-0.190350942753933,2.40194344358011,0.870909090909091,0.871509090909091,0.869872727272727
112923,68269,44654,0.614698788393751,0.609560400277254,0.632121901512186,32.0581818181818,31.62,36.3218181818182,1.07272727272727,31.4872727272727,0.154545454545455,20.8581818181818,0.123636363636364,46.3036363636364,-0.189352079209956,2.38967214809223,0.870909090909091,0.871509090909091,0.869872727272727
112853,68272,44581,0.614691403636767,0.609397406350549,0.632108868038695,32.0618181818182,31.6109090909091,36.3272727272727,1.07272727272727,31.4709090909091,0.158181818181818,20.84,0.127272727272727,46.3309090909091,-0.189478482475335,2.37437108037147,0.870909090909091,0.871509090909091,0.869872727272727
112747,68273,44474,0.614675726964156,0.609373090964646,0.632019987931979,32.0618181818182,31.6127272727273,36.3254545454545,1.06363636363636,31.4963636363636,0.149090909090909,20.8090909090909,0.136363636363636,46.3454545454545,-0.190000203607435,2.35303374136036,0.870909090909091,0.871509090909091,0.869872727272727
112932,68288,44644,0.61466249499235,0.60934563130642,0.631993480458069,32.0690909090909,31.6054545454545,36.3254545454545,1.05636363636364,31.5036363636364,0.150909090909091,20.7872727272727,0.109090909090909,46.3927272727273,-0.188163560857488,2.35980419503017,0.870909090909091,0.871509090909091,0.869872727272727
112946,68292,44654,0.614641657127835,0.609331336515472,0.632023719334432,32.0727272727273,31.6054545454545,36.3218181818182,1.05454545454545,31.5018181818182,0.154545454545455,20.74,0.123636363636364,46.4254545454545,-0.187881328046999,2.34955022375692,0.870909090909091,0.871509090909091,0.869872727272727
112988,68298,44690,0.614552179519709,0.609320044447113,0.631984924129464,32.0709090909091,31.6036363636364,36.3254545454545,1.05090909090909,31.5072727272727,0.149090909090909,20.7254545454545,0.109090909090909,46.4581818181818,-0.185564148454631,2.34701709584756,0.870909090909091,0.871509090909091,0.869872727272727
112784,68303,44481,0.614543198213124,0.608902650913335,0.63196776903525,32.0709090909091,31.5927272727273,36.3363636363636,1.04727272727273,31.5145454545455,0.129090909090909,20.7290909090909,0.105454545454545,46.4745454545455,-0.185235719076379,2.30391474813223,0.870909090909091,0.871509090909091,0.869872727272727
112846,68312,44534,0.614837540368717,0.608879447052533,0.631866801189037,32.0690909090909,31.5981818181818,36.3327272727273,1.04363636363636,31.5272727272727,0.132727272727273,20.6945454545455,0.107272727272727,46.4945454545455,-0.184106754586736,2.32243620550091,0.870909090909091,0.871509090909091,0.869872727272727
112847,68320,44527,0.614896882094034,0.608910342648958,0.631851923082257,32.0672727272727,31.6072727272727,36.3254545454545,1.03636363636364,31.5254545454545,0.125454545454545,20.6836363636364,0.110909090909091,46.5181818181818,-0.183534900336103,2.31308197074316,0.870909090909091,0.871509090909091,0.869872727272727
112864,68324,44540,0.614900836289698,0.608866568026276,0.631930975302808,32.0690909090909,31.6054545454545,36.3254545454545,1.02545454545455,31.5618181818182,0.138181818181818,20.62,0.12,46.5345454545455,-0.183521634815472,2.3074850847098,0.870909090909091,0.871509090909091,0.869872727272727
112780,68333,44447,0.614832958563333,0.608779367887869,0.631914419206138,32.0618181818182,31.6145454545455,36.3236363636364,1.02,31.5781818181818,0.150909090909091,20.5836363636364,0.107272727272727,46.56,-0.182890194147529,2.28932195685127,0.870909090909091,0.871509090909091,0.869872727272727
112921,68333,44588,0.614792545670708,0.608846023080129,0.631865470978812,32.0563636363636,31.6145454545455,36.3290909090909,1.01636363636364,31.6036363636364,0.141818181818182,20.5672727272727,0.101818181818182,46.5690909090909,-0.18331607262424,2.27937542498112,0.870909090909091,0.871509090909091,0.869872727272727
112928,68340,44588,0.614813453947059,0.608734437168818,0.631818966664788,32.0654545454545,31.6036363636364,36.3309090909091,1.00727272727273,31.6218181818182,0.154545454545455,20.5363636363636,0.0872727272727273,46.5927272727273,-0.182544569555268,2.266177944839,0.870909090909091,0.871509090909091,0.869872727272727
112919,68355,44564,0.614690091489745,0.60868692923925,0.631855784203591,32.0654545454545,31.6,36.3345454545455,1.00545454545455,31.6381818181818,0.145454545454545,20.5163636363636,0.0945454545454545,46.6,-0.181359896248482,2.24194886535406,0.870909090909091,0.871509090909091,0.869872727272727
112968,68359,44609,0.614817551347864,0.608526670187093,0.631851240319529,32.0654545454545,31.5981818181818,36.3363636363636,1.00181818181818,31.6981818181818,0.118181818181818,20.4709090909091,0.0981818181818182,46.6127272727273,-0.181121232413517,2.2315727842125,0.870909090909091,0.871509090909091,0.869872727272727
113028,68368,44660,0.614765399256475,0.608670932993704,0.631881211756384,32.0654545454545,31.6090909090909,36.3254545454545,0.996363636363636,31.7145454545455,0.14,20.4054545454545,0.12,46.6236363636364,-0.180992994653273,2.22598603408445,0.870909090909091,0.871509090909091,0.869872727272727
113025,68372,44653,0.614774193392349,0.608541176227874,0.631766683148323,32.0690909090909,31.6072727272727,36.3236363636364,0.987272727272727,31.7781818181818,0.14,20.3381818181818,0.12,46.6363636363636,-0.180891326046549,2.2127762039954,0.870909090909091,0.871509090909091,0.869872727272727
113102,68384,44718,0.61467934127079,0.608514459700106,0.63183469657681,32.0636363636364,31.6072727272727,36.3290909090909,0.983636363636364,31.8272727272727,0.134545454545455,20.3036363636364,0.107272727272727,46.6436363636364,-0.18015549145004,2.21602788242427,0.870909090909091,0.871509090909091,0.869872727272727
113140,68393,44747,0.614762616034777,0.608451560216373,0.631782943807491,32.0636363636364,31.6109090909091,36.3254545454545,0.981818181818182,31.8581818181818,0.127272727272727,20.2563636363636,0.112727272727273,46.6636363636364,-0.179765604603612,2.21564005234025,0.870909090909091,0.871509090909091,0.869872727272727
113131,68391,44740,0.614715790814659,0.60843148454107,0.631756459589895,32.0618181818182,31.6109090909091,36.3272727272727,0.978181818181818,31.9054545454545,0.14,20.1854545454545,0.0981818181818182,46.6927272727273,-0.180368166201515,2.18902432850816,0.870909090909091,0.871509090909091,0.869872727272727
113136,68392,44744,0.614751305857927,0.608420950745049,0.631722199685353,32.0618181818182,31.6127272727273,36.3254545454545,0.974545454545454,31.9763636363636,0.12,20.1054545454545,0.110909090909091,46.7127272727273,-0.180852080929749,2.18174486261877,0.870909090909091,0.871509090909091,0.869872727272727
112590,68397,44193,0.614689921632409,0.607572890890494,0.631695024301014,32.0563636363636,31.6145454545455,36.3290909090909,0.969090909090909,32.0327272727273,0.125454545454545,20.0309090909091,0.118181818181818,46.7236363636364,-0.180785519763065,2.11721504255706,0.870909090909091,0.871509090909091,0.869872727272727
112874,68397,44477,0.614648857086279,0.607771633802728,0.631681821878495,32.0509090909091,31.6181818181818,36.3309090909091,0.96,32.0836363636364,0.134545454545455,19.9781818181818,0.107272727272727,46.7363636363636,-0.181170301475901,2.11375953094526,0.870909090909091,0.871509090909091,0.869872727272727
112995,68403,44592,0.614689946451367,0.607765006476637,0.631703482072315,32.0581818181818,31.6090909090909,36.3327272727273,0.947272727272727,32.1636363636364,0.138181818181818,19.8927272727273,0.101818181818182,46.7563636363636,-0.181115362584718,2.12850509719415,0.870909090909091,0.871509090909091,0.869872727272727
113045,68404,44641,0.614711551773343,0.607735721361609,0.631719181262804,32.06,31.6109090909091,36.3290909090909,0.938181818181818,32.2327272727273,0.12,19.8309090909091,0.105454545454545,46.7727272727273,-0.181462317130486,2.12050860510631,0.870909090909091,0.871509090909091,0.869872727272727
113062,68407,44655,0.614718413624785,0.607742912251854,0.63171667254451,32.0618181818182,31.6072727272727,36.3309090909091,0.938181818181818,32.2618181818182,0.141818181818182,19.7563636363636,0.0963636363636364,46.8054545454546,-0.181535327535609,2.10820001634684,0.870909090909091,0.871509090909091,0.869872727272727
113040,68407,44633,0.614726113743906,0.607722779226387,0.631637063325196,32.0618181818182,31.6018181818182,36.3363636363636,0.936363636363636,32.3145454545455,0.130909090909091,19.7036363636364,0.1,46.8145454545455,-0.181900432482573,2.10102793554013,0.870909090909091,0.871509090909091,0.869872727272727
112998,68405,44593,0.614656623804645,0.607649099715161,0.631598713973431,32.06,31.5981818181818,36.3418181818182,0.930909090909091,32.38,0.14,19.6309090909091,0.0909090909090909,46.8272727272727,-0.182292863240847,2.08283905285326,0.870909090909091,0.871509090909091,0.869872727272727
112831,68407,44424,0.614633326442444,0.607475828627132,0.631555612058084,32.06,31.6036363636364,36.3363636363636,0.923636363636364,32.44,0.129090909090909,19.5818181818182,0.1,46.8254545454545,-0.182641558068148,2.05968891111287,0.870909090909091,0.871509090909091,0.869872727272727
112837,68408,44429,0.614644073857419,0.607321851491129,0.631599041563493,32.0618181818182,31.5963636363636,36.3418181818182,0.910909090909091,32.5163636363636,0.103636363636364,19.5345454545455,0.0963636363636364,46.8381818181818,-0.182993260492169,2.05117144110528,0.870909090909091,0.871509090909091,0.869872727272727
112850,68411,44439,0.614641253359422,0.607237141250063,0.631583313006632,32.06,31.5981818181818,36.3418181818182,0.907272727272727,32.5654545454545,0.118181818181818,19.4654545454545,0.0890909090909091,46.8545454545455,-0.182424661202822,2.04333469501951,0.870909090909091,0.871509090909091,0.869872727272727
113085,68413,44672,0.61464570010617,0.607467305602876,0.631611147028627,32.06,31.6,36.34,0.907272727272727,32.6218181818182,0.0963636363636364,19.4018181818182,0.101818181818182,46.8709090909091,-0.182659488713199,2.06475030319257,0.870909090909091,0.871509090909091,0.869872727272727
113215,68410,44805,0.614668028931977,0.607569491425389,0.631601816779735,32.06,31.5963636363636,36.3436363636364,0.905454545454545,32.6690909090909,0.109090909090909,19.3163636363636,0.12,46.88,-0.183534534343793,2.05150981187312,0.870909090909091,0.871509090909091,0.869872727272727
113238,68412,44826,0.614649078995699,0.607546729087037,0.631562692012456,32.0581818181818,31.5981818181818,36.3436363636364,0.896363636363636,32.7363636363636,0.0890909090909091,19.2581818181818,0.12,46.9,-0.183642147558699,2.04113010830161,0.870909090909091,0.871509090909091,0.869872727272727
113312,68415,44897,0.614612394403187,0.607610182529282,0.631536460605172,32.0527272727273,31.6090909090909,36.3381818181818,0.894545454545455,32.7781818181818,0.0963636363636364,19.1981818181818,0.101818181818182,46.9309090909091,-0.183713069368175,2.04011784940958,0.870909090909091,0.871509090909091,0.869872727272727
113342,68413,44929,0.614613556684614,0.60760681124134,0.631447860361827,32.0490909090909,31.6127272727273,36.3381818181818,0.894545454545455,32.8218181818182,0.101818181818182,19.1309090909091,0.0890909090909091,46.9618181818182,-0.184275845117042,2.03190838708119,0.870909090909091,0.871509090909091,0.869872727272727
113369,68416,44953,0.614621756395651,0.607550400188204,0.631443452972782,32.0563636363636,31.6036363636364,36.34,0.889090909090909,32.8418181818182,0.0927272727272727,19.1,0.0945454545454545,46.9818181818182,-0.183808581948026,2.02060496292331,0.870909090909091,0.871509090909091,0.869872727272727
113349,68419,44930,0.614622824070685,0.607368688806577,0.63143835720296,32.0618181818182,31.5981818181818,36.34,0.889090909090909,32.86,0.103636363636364,19.0381818181818,0.0981818181818182,47.0109090909091,-0.183203616738319,2.0028328972784,0.870909090909091,0.871509090909091,0.869872727272727
113344,68424,44920,0.614635882336089,0.607313935882737,0.631420122982248,32.0654545454545,31.6018181818182,36.3327272727273,0.887272727272727,32.8927272727273,0.110909090909091,18.9763636363636,0.105454545454545,47.0272727272727,-0.183158870048779,1.98763609528542,0.870909090909091,0.871509090909091,0.869872727272727
113329,68426,44903,0.614583773224174,0.607270887086206,0.63144964855939,32.0618181818182,31.6054545454545,36.3327272727273,0.885454545454545,32.9145454545455,0.125454545454545,18.9181818181818,0.12,47.0363636363636,-0.183109846742908,1.97133327709003,0.870909090909091,0.871509090909091,0.869872727272727
113334,68429,44905,0.614619982178794,0.607076558526818,0.631446298701838,32.0618181818182,31.6036363636364,36.3345454545455,0.88,32.9545454545455,0.0945454545454545,18.8927272727273,0.105454545454545,47.0727272727273,-0.183124432596378,1.94979611967098,0.870909090909091,0.871509090909091,0.869872727272727
113285,68426,44859,0.614567577913304,0.606988328765885,0.631354462640391,32.06,31.6090909090909,36.3309090909091,0.874545454545455,32.9836363636364,0.103636363636364,18.8254545454545,0.110909090909091,47.1018181818182,-0.183505904764487,1.93072608316487,0.870909090909091,0.871509090909091,0.869872727272727
113294,68434,44860,0.614539285120554,0.606978952479121,0.631344189396308,32.06,31.6054545454545,36.3345454545455,0.869090909090909,33.0218181818182,0.109090909090909,18.7763636363636,0.0909090909090909,47.1327272727273,-0.181800705558536,1.92691019694744,0.870909090909091,0.871509090909091,0.869872727272727
113343,68431,44912,0.614526139030814,0.607045422564556,0.631329672776498,32.0581818181818,31.6181818181818,36.3236363636364,0.867272727272727,33.04,0.107272727272727,18.7454545454545,0.103636363636364,47.1363636363636,-0.182455128060908,1.92300692248073,0.870909090909091,0.871509090909091,0.869872727272727
113394,68439,44955,0.614517128914025,0.607161361343127,0.631225534505963,32.0581818181818,31.6345454545455,36.3072727272727,0.861818181818182,33.0654545454545,0.0945454545454545,18.7254545454545,0.0981818181818182,47.1545454545455,-0.18242343082516,1.919261503626,0.870909090909091,0.871509090909091,0.869872727272727
113135,68439,44696,0.61441955121229,0.606747595905962,0.631168110323412,32.0527272727273,31.6527272727273,36.2945454545455,0.856363636363636,33.0981818181818,0.0854545454545454,18.6672727272727,0.0945454545454545,47.1981818181818,-0.182816151297249,1.89018707790158,0.870909090909091,0.871509090909091,0.869872727272727
113055,68435,44620,0.61438899576649,0.606716566715429,0.631102140146852,32.0527272727273,31.6727272727273,36.2745454545455,0.854545454545454,33.1145454545455,0.101818181818182,18.6036363636364,0.107272727272727,47.2181818181818,-0.183800383715425,1.86418320374055,0.870909090909091,0.871509090909091,0.869872727272727
113075,68441,44634,0.614378624347362,0.60676904732023,0.631091183114324,32.0509090909091,31.6872727272727,36.2618181818182,0.849090909090909,33.1381818181818,0.1,18.5472727272727,0.123636363636364,47.2418181818182,-0.184033687993757,1.8538739498366,0.870909090909091,0.871509090909091,0.869872727272727
113379,68442,44937,0.614352096421285,0.60703452903954,0.631092502670706,32.0490909090909,31.7054545454545,36.2454545454545,0.843636363636364,33.1654545454545,0.109090909090909,18.4981818181818,0.103636363636364,47.28,-0.184505088087065,1.86648532186042,0.870909090909091,0.871509090909091,0.869872727272727
113385,68454,44931,0.614318502865453,0.607055444416896,0.631016769461614,32.0472727272727,31.7218181818182,36.2309090909091,0.84,33.1890909090909,0.0981818181818182,18.4654545454545,0.0945454545454545,47.3127272727273,-0.183257284309101,1.84850964424285,0.870909090909091,0.871509090909091,0.869872727272727
113364,68454,44910,0.614334805082428,0.606929193564144,0.630962745997034,32.0472727272727,31.7327272727273,36.22,0.84,33.1945454545455,0.125454545454545,18.4036363636364,0.107272727272727,47.3290909090909,-0.183378798986087,1.82999845086174,0.870909090909091,0.871509090909091,0.869872727272727
113443,68458,44985,0.614323769365636,0.606872272900364,0.631000476391198,32.0454545454545,31.7418181818182,36.2127272727273,0.834545454545455,33.2272727272727,0.112727272727273,18.38,0.0945454545454545,47.3509090909091,-0.183025795355736,1.83435389995575,0.870909090909091,0.871509090909091,0.869872727272727
113448,68470,44978,0.614312190487247,0.606821947397749,0.630904668732352,32.0490909090909,31.7563636363636,36.1945454545455,0.832727272727273,33.2327272727273,0.0963636363636364,18.38,0.0927272727272727,47.3654545454545,-0.182265552506909,1.82029853835702,0.870909090909091,0.871509090909091,0.869872727272727
113450,68475,44975,0.61431278453996,0.606652548347862,0.630911955553112,32.0509090909091,31.7490909090909,36.2,0.825454545454545,33.2690909090909,0.0836363636363636,18.3545454545455,0.0854545454545454,47.3818181818182,-0.18182931707918,1.80898471142758,0.870909090909091,0.871509090909091,0.869872727272727
113496,68477,45019,0.614321646559155,0.606605028082492,0.630920369570128,32.0509090909091,31.7545454545455,36.1945454545455,0.821818181818182,33.2818181818182,0.0963636363636364,18.3163636363636,0.0854545454545454,47.3981818181818,-0.181939141125291,1.81035491112958,0.870909090909091,0.871509090909091,0.869872727272727
113388,68467,44921,0.614307373308843,0.606497474689192,0.630790382035986,32.0509090909091,31.7690909090909,36.18,0.821818181818182,33.2872727272727,0.0945454545454545,18.2854545454545,0.0818181818181818,47.4290909090909,-0.183107635526473,1.78482660796832,0.870909090909091,0.871509090909091,0.869872727272727
113251,68474,44777,0.614109965528039,0.606424953748175,0.6307802825491,32.0527272727273,31.7709090909091,36.1763636363636,0.82,33.3018181818182,0.0890909090909091,18.2654545454545,0.0836363636363636,47.44,-0.182856181135338,1.75530467439782,0.870909090909091,0.871509090909091,0.869872727272727
113268,68476,44792,0.61407063699441,0.606465394295354,0.630839180098679,32.0509090909091,31.7872727272727,36.1618181818182,0.818181818181818,33.3072727272727,0.0927272727272727,18.2490909090909,0.0872727272727273,47.4454545454546,-0.182467014715605,1.74185016853312,0.870909090909091,0.871509090909091,0.869872727272727
113272,68476,44796,0.614038135023992,0.606307456086412,0.630859453192037,32.0509090909091,31.7872727272727,36.1618181818182,0.814545454545455,33.3309090909091,0.0727272727272727,18.2272727272727,0.0872727272727273,47.4672727272727,-0.182634369636336,1.73319613769735,0.870909090909091,0.871509090909091,0.869872727272727
113186,68473,44713,0.613977269530075,0.606038335750883,0.630819551000994,32.0563636363636,31.7927272727273,36.1509090909091,0.812727272727273,33.3327272727273,0.0945454545454545,18.1890909090909,0.0763636363636364,47.4945454545455,-0.182763056022602,1.70320194573565,0.870909090909091,0.871509090909091,0.869872727272727
113297,68476,44821,0.613974524391075,0.60609331974832,0.630797406455918,32.0581818181818,31.7981818181818,36.1436363636364,0.809090909090909,33.3472727272727,0.0854545454545454,18.1672727272727,0.08,47.5109090909091,-0.180982757580932,1.713524415344,0.870909090909091,0.871509090909091,0.869872727272727
113270,68492,44778,0.613894416733145,0.606151189010087,0.630854481308458,32.0545454545455,31.8145454545455,36.1309090909091,0.807272727272727,33.3509090909091,0.0909090909090909,18.1381818181818,0.0836363636363636,47.5290909090909,-0.179876322637376,1.70155713158575,0.870909090909091,0.871509090909091,0.869872727272727
113275,68502,44773,0.613870445639073,0.606044903249595,0.630834237235347,32.0545454545455,31.8218181818182,36.1236363636364,0.810909090909091,33.3618181818182,0.0945454545454545,18.0981818181818,0.0745454545454545,47.56,-0.179457563211591,1.6850090729242,0.870909090909091,0.871509090909091,0.869872727272727
113258,68511,44747,0.61388369161672,0.606000783793651,0.630725249129373,32.0563636363636,31.8290909090909,36.1145454545455,0.809090909090909,33.3636363636364,0.103636363636364,18.0563636363636,0.08,47.5872727272727,-0.179360775501383,1.66623031883077,0.870909090909091,0.871509090909091,0.869872727272727
113214,68497,44717,0.613780753918678,0.606093428774416,0.630612833310492,32.0545454545455,31.8490909090909,36.0963636363636,0.801818181818182,33.3672727272727,0.101818181818182,18.0345454545455,0.0763636363636364,47.6181818181818,-0.180198986564276,1.65323445444757,0.870909090909091,0.871509090909091,0.869872727272727
113223,68511,44712,0.613807268833453,0.606139501555754,0.630507324202163,32.0527272727273,31.8690909090909,36.0781818181818,0.801818181818182,33.3636363636364,0.107272727272727,18.0090909090909,0.0781818181818182,47.64,-0.179715586961141,1.64463310370391,0.870909090909091,0.871509090909091,0.869872727272727
113219,68513,44706,0.613826389388298,0.60598953266943,0.630491199667956,32.0527272727273,31.8709090909091,36.0763636363636,0.8,33.3909090909091,0.0927272727272727,17.9727272727273,0.08,47.6636363636364,-0.178452359669609,1.64218528094617,0.870909090909091,0.871509090909091,0.869872727272727
113379,68523,44856,0.613864084201013,0.605955362773218,0.630663800523216,32.0527272727273,31.8890909090909,36.0581818181818,0.8,33.3927272727273,0.0781818181818182,17.9636363636364,0.0745454545454545,47.6909090909091,-0.177495730712227,1.66225489499894,0.870909090909091,0.871509090909091,0.869872727272727
113396,68529,44867,0.613868062233401,0.605850752559587,0.630635668517228,32.0563636363636,31.8963636363636,36.0472727272727,0.796363636363636,33.3963636363636,0.0854545454545454,17.9163636363636,0.0727272727272727,47.7327272727273,-0.177073165598664,1.65701438066634,0.870909090909091,0.871509090909091,0.869872727272727
113397,68533,44864,0.613766212689496,0.605804212778554,0.630599368104716,32.0509090909091,31.9254545454545,36.0236363636364,0.792727272727273,33.3981818181818,0.0872727272727273,17.8836363636364,0.0618181818181818,47.7763636363636,-0.175125062219079,1.64456048167565,0.870909090909091,0.871509090909091,0.869872727272727
113556,68539,45017,0.613758292634164,0.60599027289764,0.630607330160161,32.0509090909091,31.9363636363636,36.0127272727273,0.792727272727273,33.3945454545455,0.0945454545454545,17.8436363636364,0.0636363636363636,47.8109090909091,-0.175006183450089,1.65932652347467,0.870909090909091,0.871509090909091,0.869872727272727
113461,68549,44912,0.613746456848001,0.606031634609391,0.630550167868221,32.0509090909091,31.9545454545455,35.9945454545455,0.790909090909091,33.4,0.0818181818181818,17.8218181818182,0.0654545454545455,47.84,-0.174068943956676,1.66036410015923,0.870909090909091,0.871509090909091,0.869872727272727
113352,68557,44795,0.613766634165334,0.605909490090337,0.6304249975707,32.0545454545455,31.9745454545455,35.9709090909091,0.790909090909091,33.4218181818182,0.08,17.7727272727273,0.0727272727272727,47.8618181818182,-0.172181293436072,1.63414236713539,0.870909090909091,0.871509090909091,0.869872727272727
113478,68564,44914,0.613766862160418,0.606108255660891,0.630375408769545,32.0545454545455,31.9945454545455,35.9509090909091,0.787272727272727,33.4418181818182,0.08,17.7309090909091,0.0709090909090909,47.8890909090909,-0.171267812570494,1.63841787373478,0.870909090909091,0.871509090909091,0.869872727272727
113661,68574,45087,0.613681959955124,0.606155658751357,0.630398299171586,32.0527272727273,32.0054545454545,35.9418181818182,0.783636363636364,33.4490909090909,0.0836363636363636,17.6836363636364,0.0745454545454545,47.9254545454545,-0.169095123227982,1.6467642635107,0.870909090909091,0.871509090909091,0.869872727272727
113628,68590,45038,0.61374961857198,0.6059948048979,0.630324505193057,32.0618181818182,32.0090909090909,35.9290909090909,0.781818181818182,33.44,0.0927272727272727,17.6563636363636,0.08,47.9490909090909,-0.167166750996628,1.62653363577344,0.870909090909091,0.871509090909091,0.869872727272727
113694,68604,45090,0.613745916795415,0.606032569227839,0.630147882829942,32.0618181818182,32.0309090909091,35.9072727272727,0.778181818181818,33.4472727272727,0.0927272727272727,17.6290909090909,0.0654545454545455,47.9872727272727,-0.164948228645583,1.64125137674538,0.870909090909091,0.871509090909091,0.869872727272727
113582,68615,44967,0.613728179919505,0.605921975914755,0.630180538106136,32.06,32.0418181818182,35.8981818181818,0.776363636363636,33.4672727272727,0.0836363636363636,17.58,0.0727272727272727,48.02,-0.164192332938017,1.62244545289061,0.870909090909091,0.871509090909091,0.869872727272727
113642,68625,45017,0.613646868776866,0.605854389467585,0.630197544543779,32.0581818181818,32.0545454545455,35.8872727272727,0.776363636363636,33.5109090909091,0.0690909090909091,17.5290909090909,0.0654545454545455,48.0490909090909,-0.162791187882381,1.62389140352607,0.870909090909091,0.871509090909091,0.869872727272727
113651,68632,45019,0.61365069135051,0.605846122484565,0.630197455222556,32.06,32.06,35.88,0.776363636363636,33.52,0.0781818181818182,17.5018181818182,0.0563636363636364,48.0672727272727,-0.162681512497048,1.6132106188346,0.870909090909091,0.871509090909091,0.869872727272727
113638,68638,45000,0.613620090703845,0.605805746038798,0.630212817761833,32.0618181818182,32.0618181818182,35.8763636363636,0.772727272727273,33.5381818181818,0.0890909090909091,17.4654545454545,0.0527272727272727,48.0818181818182,-0.161312328981214,1.60647029375488,0.870909090909091,0.871509090909091,0.869872727272727
113508,68639,44869,0.613605186810216,0.605735864021663,0.630155783713129,32.0581818181818,32.0709090909091,35.8709090909091,0.774545454545455,33.54,0.0854545454545454,17.4327272727273,0.0709090909090909,48.0963636363636,-0.161255517925284,1.58308582556519,0.870909090909091,0.871509090909091,0.869872727272727
113438,68651,44787,0.613546983863664,0.605763924347699,0.630032034905115,32.0581818181818,32.0781818181818,35.8636363636364,0.772727272727273,33.5472727272727,0.103636363636364,17.3709090909091,0.0890909090909091,48.1163636363636,-0.159530803691913,1.56474157993428,0.870909090909091,0.871509090909091,0.869872727272727
113002,68655,44347,0.613163431318576,0.605632249133143,0.629869341467912,32.06,32.0854545454545,35.8545454545455,0.772727272727273,33.5509090909091,0.110909090909091,17.3527272727273,0.0709090909090909,48.1418181818182,-0.158799636742862,1.48247294320132,0.870909090909091,0.871509090909091,0.869872727272727
112961,68664,44297,0.613147379750886,0.6055538618379,0.629791636405948,32.0618181818182,32.0927272727273,35.8454545454545,0.765454545454545,33.5672727272727,0.105454545454545,17.3181818181818,0.0654545454545455,48.1781818181818,-0.15726729409494,1.46734412290495,0.870909090909091,0.871509090909091,0.869872727272727
112908,68660,44248,0.613174858393211,0.605410895720277,0.629796540427315,32.0636363636364,32.0854545454545,35.8509090909091,0.765454545454545,33.58,0.0927272727272727,17.2927272727273,0.06,48.2090909090909,-0.158059976835185,1.45600249232216,0.870909090909091,0.871509090909091,0.869872727272727
113043,68667,44376,0.613217832663641,0.605479617792839,0.629816182793316,32.0581818181818,32.0945454545455,35.8472727272727,0.763636363636364,33.5854545454545,0.0945454545454545,17.2636363636364,0.0563636363636364,48.2363636363636,-0.156923519882416,1.46929164369675,0.870909090909091,0.871509090909091,0.869872727272727
113140,68670,44470,0.613232391977415,0.605445281487237,0.629697196734966,32.06,32.1,35.84,0.76,33.5981818181818,0.0836363636363636,17.2327272727273,0.0709090909090909,48.2545454545455,-0.15608199975157,1.47507578080351,0.870909090909091,0.871509090909091,0.869872727272727
113118,68676,44442,0.613184752492605,0.605464496945835,0.629653258637226,32.0581818181818,32.1109090909091,35.8309090909091,0.76,33.5836363636364,0.0872727272727273,17.1963636363636,0.0818181818181818,48.2909090909091,-0.155163393262245,1.45915076678449,0.870909090909091,0.871509090909091,0.869872727272727
113158,68678,44480,0.613151262345263,0.605529439800217,0.629580652415499,32.0563636363636,32.12,35.8236363636364,0.761818181818182,33.5836363636364,0.0854545454545454,17.1745454545455,0.0690909090909091,48.3254545454545,-0.155137502635956,1.45652478604831,0.870909090909091,0.871509090909091,0.869872727272727
113182,68682,44500,0.613180837739455,0.60558128338015,0.629497261130311,32.0581818181818,32.1272727272727,35.8145454545455,0.76,33.6036363636364,0.0836363636363636,17.1145454545455,0.0709090909090909,48.3672727272727,-0.155294529350199,1.44812563495203,0.870909090909091,0.871509090909091,0.869872727272727
113523,68692,44831,0.613526660003019,0.605579775491925,0.629512076129601,32.0563636363636,32.1272727272727,35.8163636363636,0.758181818181818,33.6054545454545,0.101818181818182,17.0581818181818,0.0690909090909091,48.4072727272727,-0.154073883494129,1.49410379505293,0.870909090909091,0.871509090909091,0.869872727272727
113591,68697,44894,0.613520886261654,0.605591137614767,0.629544465246326,32.0545454545455,32.1345454545455,35.8109090909091,0.758181818181818,33.6163636363636,0.0927272727272727,17.0163636363636,0.0690909090909091,48.4472727272727,-0.153234090211018,1.49137806309895,0.870909090909091,0.871509090909091,0.869872727272727
113368,68705,44663,0.613249727821335,0.605560395245904,0.629563724100451,32.0509090909091,32.1381818181818,35.8109090909091,0.756363636363636,33.6218181818182,0.105454545454545,16.9690909090909,0.0763636363636364,48.4709090909091,-0.152331628273665,1.45611122467301,0.870909090909091,0.871509090909091,0.869872727272727
113448,68705,44743,0.613230715959535,0.605602160995815,0.629535387777916,32.0509090909091,32.1418181818182,35.8072727272727,0.750909090909091,33.5963636363636,0.103636363636364,16.9636363636364,0.0763636363636364,48.5090909090909,-0.152369667676976,1.44989269304682,0.870909090909091,0.871509090909091,0.869872727272727
113500,68705,44795,0.613109909195078,0.605661536964021,0.629484962639262,32.0490909090909,32.1490909090909,35.8018181818182,0.747272727272727,33.6109090909091,0.0872727272727273,16.9345454545455,0.0727272727272727,48.5472727272727,-0.152326621575048,1.44515294495293,0.870909090909091,0.871509090909091,0.869872727272727
113434,68706,44728,0.613051455297877,0.605498958265354,0.629480696172941,32.0472727272727,32.1509090909091,35.8018181818182,0.745454545454545,33.62,0.0854545454545454,16.8654545454545,0.0854545454545454,48.5981818181818,-0.151698928531153,1.42963248254223,0.870909090909091,0.871509090909091,0.869872727272727
113209,68710,44499,0.613011924042108,0.605394756755576,0.629454404845883,32.0490909090909,32.1436363636364,35.8072727272727,0.741818181818182,33.6145454545455,0.0927272727272727,16.8236363636364,0.0890909090909091,48.6381818181818,-0.151411683591273,1.39995795527304,0.870909090909091,0.871509090909091,0.869872727272727
113182,68714,44468,0.613007771941419,0.605280899346638,0.629399670239492,32.0509090909091,32.1418181818182,35.8072727272727,0.738181818181818,33.6290909090909,0.0781818181818182,16.78,0.0745454545454545,48.7,-0.151312127203511,1.38894659697332,0.870909090909091,0.871509090909091,0.869872727272727
113369,68726,44643,0.612940582361498,0.605604301711793,0.629383688490259,32.0509090909091,32.1436363636364,35.8054545454545,0.736363636363636,33.6145454545455,0.0927272727272727,16.7490909090909,0.0745454545454545,48.7327272727273,-0.149703877833037,1.41558468412947,0.870909090909091,0.871509090909091,0.869872727272727
113381,68722,44659,0.612966947245363,0.605657563988952,0.629362246060916,32.0509090909091,32.1454545454545,35.8036363636364,0.732727272727273,33.6218181818182,0.0890909090909091,16.7072727272727,0.0745454545454545,48.7745454545455,-0.150435158021388,1.41410841186616,0.870909090909091,0.871509090909091,0.869872727272727
113298,68726,44572,0.612928512695807,0.605407855752501,0.629436217879226,32.0490909090909,32.1527272727273,35.7981818181818,0.732727272727273,33.6290909090909,0.0818181818181818,16.6745454545455,0.0672727272727273,48.8145454545455,-0.150570840802869,1.38880239874125,0.870909090909091,0.871509090909091,0.869872727272727
113129,68727,44402,0.612881932021642,0.605276027755696,0.629290118141338,32.0454545454545,32.1636363636364,35.7909090909091,0.729090909090909,33.6290909090909,0.0727272727272727,16.6490909090909,0.0745454545454545,48.8454545454545,-0.149702492250997,1.36385601152751,0.870909090909091,0.871509090909091,0.869872727272727
113188,68729,44459,0.612835689417309,0.605265982520078,0.629283145262593,32.0418181818182,32.1618181818182,35.7963636363636,0.730909090909091,33.6,0.08,16.6454545454545,0.06,48.8836363636364,-0.149591395902363,1.36103133010593,0.870909090909091,0.871509090909091,0.869872727272727
113069,68727,44342,0.612632483799483,0.605177095384486,0.629292156067177,32.0472727272727,32.16,35.7927272727273,0.727272727272727,33.5981818181818,0.08,16.6054545454545,0.0618181818181818,48.9272727272727,-0.149365138275739,1.33177054717459,0.870909090909091,0.871509090909091,0.869872727272727
113090,68726,44364,0.612636019676085,0.605234737004832,0.629298846344216,32.0454545454545,32.1618181818182,35.7927272727273,0.727272727272727,33.5945454545455,0.0781818181818182,16.5654545454545,0.0618181818181818,48.9727272727273,-0.14995137864872,1.32788349576294,0.870909090909091,0.871509090909091,0.869872727272727
112715,68726,43989,0.61224484633199,0.605133812431508,0.629307274304089,32.0472727272727,32.1636363636364,35.7890909090909,0.725454545454545,33.5927272727273,0.0690909090909091,16.5236363636364,0.0709090909090909,49.0181818181818,-0.150363278717586,1.26961266605014,0.870909090909091,0.871509090909091,0.869872727272727
112835,68732,44103,0.612476061135921,0.604991479411719,0.629251052047704,32.0472727272727,32.1581818181818,35.7945454545455,0.721818181818182,33.5981818181818,0.0672727272727273,16.4672727272727,0.0727272727272727,49.0727272727273,-0.149311799442777,1.27334632944654,0.870909090909091,0.871509090909091,0.869872727272727
112885,68737,44148,0.612444505443091,0.604927287254722,0.62926539393863,32.0490909090909,32.1618181818182,35.7890909090909,0.72,33.5963636363636,0.0618181818181818,16.4454545454545,0.0781818181818182,49.0981818181818,-0.148540044376965,1.27453235262497,0.870909090909091,0.871509090909091,0.869872727272727
113173,68749,44424,0.612836807242448,0.60496494937106,0.629331473932319,32.0490909090909,32.1618181818182,35.7890909090909,0.72,33.5836363636364,0.0727272727272727,16.4090909090909,0.0745454545454545,49.14,-0.147382259485312,1.30462726517157,0.870909090909091,0.871509090909091,0.869872727272727
113242,68754,44488,0.612758494176842,0.605054292050334,0.62930056768552,32.0436363636364,32.1690909090909,35.7872727272727,0.716363636363636,33.5781818181818,0.06,16.4109090909091,0.0781818181818182,49.1563636363636,-0.146525962006788,1.30913731723346,0.870909090909091,0.871509090909091,0.869872727272727
113300,68759,44541,0.612914459149552,0.604978524059627,0.62932343370187,32.0418181818182,32.1636363636364,35.7945454545455,0.712727272727273,33.5709090909091,0.0672727272727273,16.3727272727273,0.0672727272727273,49.2090909090909,-0.146351230765206,1.3063302165744,0.870909090909091,0.871509090909091,0.869872727272727
113340,68763,44577,0.612869343304084,0.605099510121189,0.629293279571528,32.0381818181818,32.1672727272727,35.7945454545455,0.712727272727273,33.5709090909091,0.0672727272727273,16.3527272727273,0.0581818181818182,49.2381818181818,-0.146418248478916,1.30382229936394,0.870909090909091,0.871509090909091,0.869872727272727
113350,68767,44583,0.612903956757452,0.605125198820951,0.629250723030019,32.0418181818182,32.1654545454545,35.7927272727273,0.710909090909091,33.5836363636364,0.0581818181818182,16.3145454545455,0.0563636363636364,49.2763636363636,-0.146146004125793,1.29527129842476,0.870909090909091,0.871509090909091,0.869872727272727
113090,68772,44318,0.612755585378473,0.604993529393658,0.629242800197538,32.0472727272727,32.16,35.7927272727273,0.709090909090909,33.5890909090909,0.0581818181818182,16.2818181818182,0.0581818181818182,49.3036363636364,-0.144315496317259,1.26091602304104,0.870909090909091,0.871509090909091,0.869872727272727
112546,68777,43769,0.612296369473496,0.604701818297338,0.629309669198208,32.0527272727273,32.1545454545455,35.7927272727273,0.705454545454545,33.5818181818182,0.0618181818181818,16.2563636363636,0.06,49.3345454545455,-0.143477754337205,1.17800018343736,0.870909090909091,0.871509090909091,0.869872727272727
112506,68775,43731,0.612316955535248,0.604633950912276,0.629271846847907,32.0545454545455,32.1509090909091,35.7945454545455,0.707272727272727,33.5854545454545,0.0727272727272727,16.2,0.0690909090909091,49.3654545454545,-0.144563168295215,1.16707831715996,0.870909090909091,0.871509090909091,0.869872727272727
112923,68778,44145,0.612651348778045,0.604773420191553,0.629241337815272,32.0509090909091,32.1490909090909,35.8,0.705454545454545,33.5927272727273,0.0709090909090909,16.1690909090909,0.0672727272727273,49.3945454545455,-0.144334876509807,1.22279459449717,0.870909090909091,0.871509090909091,0.869872727272727
112863,68780,44083,0.612723274591498,0.604739290583187,0.629267537405203,32.0490909090909,32.1527272727273,35.7981818181818,0.701818181818182,33.6072727272727,0.0654545454545455,16.1309090909091,0.0654545454545455,49.4290909090909,-0.144429759536764,1.21165775726126,0.870909090909091,0.871509090909091,0.869872727272727
112916,68783,44133,0.612739624520829,0.60482581269143,0.629237528044055,32.0490909090909,32.1527272727273,35.7981818181818,0.698181818181818,33.6109090909091,0.0727272727272727,16.0945454545455,0.06,49.4636363636364,-0.144743397372605,1.21249806278131,0.870909090909091,0.871509090909091,0.869872727272727
113066,68789,44277,0.612932884177869,0.604973996493346,0.629202859546694,32.0436363636364,32.1654545454545,35.7909090909091,0.696363636363636,33.6272727272727,0.0527272727272727,16.0818181818182,0.0618181818181818,49.48,-0.144146619720744,1.23188638656654,0.870909090909091,0.871509090909091,0.869872727272727
112996,68791,44205,0.612792979414386,0.604984135243711,0.629204058645502,32.04,32.1672727272727,35.7927272727273,0.690909090909091,33.64,0.0636363636363636,16.0563636363636,0.0527272727272727,49.4963636363636,-0.143779458455868,1.22373074447228,0.870909090909091,0.871509090909091,0.869872727272727
113122,68783,44339,0.612743951150128,0.605161495443991,0.629096415171661,32.0363636363636,32.1727272727273,35.7909090909091,0.690909090909091,33.6345454545455,0.0618181818181818,16.0436363636364,0.0545454545454545,49.5145454545455,-0.143951593615136,1.23627120031213,0.870909090909091,0.871509090909091,0.869872727272727
112954,68786,44168,0.612626627732051,0.605098175798618,0.629156493868526,32.0381818181818,32.1727272727273,35.7890909090909,0.689090909090909,33.6490909090909,0.0654545454545455,15.9981818181818,0.04,49.5581818181818,-0.143845837209268,1.20060106066733,0.870909090909091,0.871509090909091,0.869872727272727
112907,68787,44120,0.612649463906981,0.605005261005272,0.629213748676495,32.04,32.1727272727273,35.7872727272727,0.687272727272727,33.6727272727273,0.0654545454545455,15.9509090909091,0.0509090909090909,49.5727272727273,-0.143934962867801,1.18853290976787,0.870909090909091,0.871509090909091,0.869872727272727
113206,68795,44411,0.613041845989055,0.604924914830091,0.629227035486501,32.0418181818182,32.1690909090909,35.7890909090909,0.685454545454545,33.6872727272727,0.0745454545454545,15.8909090909091,0.0763636363636364,49.5854545454546,-0.143213035182668,1.22484575828368,0.870909090909091,0.871509090909091,0.869872727272727
113293,68795,44498,0.613081805665177,0.604894938599364,0.629253012237633,32.0436363636364,32.16,35.7963636363636,0.681818181818182,33.72,0.0690909090909091,15.8436363636364,0.06,49.6254545454546,-0.143996623956429,1.22305142733861,0.870909090909091,0.871509090909091,0.869872727272727
113451,68804,44647,0.613031620425883,0.60499331086324,0.629194624735694,32.0418181818182,32.1636363636364,35.7945454545455,0.68,33.7290909090909,0.0763636363636364,15.8145454545455,0.06,49.64,-0.14276045104965,1.22645064317198,0.870909090909091,0.871509090909091,0.869872727272727
113529,68806,44723,0.612994598122851,0.605000300509318,0.62923771696068,32.0418181818182,32.1636363636364,35.7945454545455,0.676363636363636,33.7436363636364,0.0781818181818182,15.7636363636364,0.0672727272727273,49.6709090909091,-0.142700977785386,1.22620782949538,0.870909090909091,0.871509090909091,0.869872727272727
113382,68809,44573,0.612995099274913,0.604859117956312,0.629261761751538,32.04,32.1636363636364,35.7963636363636,0.674545454545455,33.8,0.06,15.72,0.0636363636363636,49.6818181818182,-0.142952329173832,1.18691011574119,0.870909090909091,0.871509090909091,0.869872727272727
113116,68806,44310,0.612632277239771,0.604760451109278,0.629276083617297,32.0454545454545,32.1636363636364,35.7909090909091,0.672727272727273,33.8272727272727,0.0636363636363636,15.6818181818182,0.0563636363636364,49.6981818181818,-0.143452833718832,1.13911810979586,0.870909090909091,0.871509090909091,0.869872727272727
113435,68809,44626,0.613009770706542,0.604836602270989,0.629200224776587,32.0418181818182,32.1727272727273,35.7854545454545,0.667272727272727,33.86,0.0527272727272727,15.6454545454545,0.0690909090909091,49.7054545454545,-0.143230866487879,1.1740174007348,0.870909090909091,0.871509090909091,0.869872727272727
113292,68814,44478,0.612964536461893,0.604685751990997,0.629249576797794,32.0381818181818,32.1763636363636,35.7854545454545,0.667272727272727,33.8890909090909,0.0509090909090909,15.6036363636364,0.0654545454545455,49.7236363636364,-0.14167739754458,1.15699636956508,0.870909090909091,0.871509090909091,0.869872727272727
112761,68806,43955,0.612322581904529,0.604546160062114,0.6292043297492,32.0418181818182,32.1690909090909,35.7890909090909,0.663636363636364,33.9090909090909,0.0490909090909091,15.5781818181818,0.0654545454545455,49.7345454545455,-0.142497141650264,1.08573014859787,0.870909090909091,0.871509090909091,0.869872727272727
113163,68812,44351,0.612798039877912,0.604678832697114,0.629198401370251,32.0418181818182,32.1581818181818,35.8,0.66,33.9272727272727,0.0418181818181818,15.5672727272727,0.0654545454545455,49.7381818181818,-0.142863684953772,1.14526101262732,0.870909090909091,0.871509090909091,0.869872727272727
113405,68814,44591,0.613011465805397,0.604741515369275,0.62919276665291,32.0381818181818,32.1618181818182,35.8,0.658181818181818,33.9272727272727,0.0436363636363636,15.5563636363636,0.0545454545454545,49.76,-0.142548425942236,1.15804249100726,0.870909090909091,0.871509090909091,0.869872727272727
113378,68813,44565,0.613056512580055,0.604626563233683,0.629122897527868,32.0436363636364,32.1618181818182,35.7945454545455,0.654545454545455,33.94,0.0472727272727273,15.5236363636364,0.0545454545454545,49.78,-0.14319622442801,1.1412861155346,0.870909090909091,0.871509090909091,0.869872727272727
113262,68814,44448,0.612648602839974,0.604647900341562,0.629112921386714,32.0436363636364,32.1654545454545,35.7909090909091,0.652727272727273,33.9654545454545,0.0527272727272727,15.4818181818182,0.0509090909090909,49.7963636363636,-0.143281225945181,1.11737457894805,0.870909090909091,0.871509090909091,0.869872727272727
113602,68820,44782,0.612923443298692,0.604684162139874,0.6291458611993,32.0381818181818,32.1690909090909,35.7927272727273,0.649090909090909,33.9890909090909,0.0509090909090909,15.4472727272727,0.0563636363636364,49.8072727272727,-0.142389450661722,1.16358497684652,0.870909090909091,0.871509090909091,0.869872727272727
113659,68816,44843,0.612924628133927,0.604695248477113,0.629103167175852,32.0381818181818,32.1672727272727,35.7945454545455,0.645454545454546,34.0054545454545,0.0436363636363636,15.44,0.0527272727272727,49.8127272727273,-0.142969820082891,1.16509294399822,0.870909090909091,0.871509090909091,0.869872727272727
113656,68815,44841,0.612950512887689,0.604723597227264,0.62906856056697,32.04,32.1581818181818,35.8018181818182,0.641818181818182,34.0181818181818,0.0527272727272727,15.4145454545455,0.0545454545454545,49.8181818181818,-0.144259215099472,1.15527134209194,0.870909090909091,0.871509090909091,0.869872727272727
113279,68816,44463,0.612556542340368,0.604732390759998,0.629131371232358,32.04,32.1618181818182,35.7981818181818,0.636363636363636,34.04,0.0527272727272727,15.3890909090909,0.0472727272727273,49.8345454545455,-0.14441569366159,1.09980602680959,0.870909090909091,0.871509090909091,0.869872727272727
113616,68814,44802,0.612972128289044,0.604647728001896,0.629132752942767,32.0418181818182,32.1672727272727,35.7909090909091,0.630909090909091,34.0563636363636,0.0618181818181818,15.3618181818182,0.0436363636363636,49.8454545454545,-0.144981743345323,1.14095950522883,0.870909090909091,0.871509090909091,0.869872727272727
113623,68818,44805,0.612981805012249,0.604706172412018,0.629132596477649,32.0436363636364,32.1672727272727,35.7890909090909,0.629090909090909,34.0709090909091,0.0581818181818182,15.34,0.0563636363636364,49.8454545454545,-0.144684943794246,1.13051511587744,0.870909090909091,0.871509090909091,0.869872727272727
113612,68822,44790,0.612959445946895,0.604636730619955,0.629162309429825,32.0436363636364,32.1654545454545,35.7909090909091,0.625454545454545,34.1,0.04,15.3327272727273,0.0545454545454545,49.8472727272727,-0.143658739583704,1.12991249674762,0.870909090909091,0.871509090909091,0.869872727272727
113053,68824,44229,0.612296300253117,0.60459274870976,0.629102245952798,32.0454545454545,32.1636363636364,35.7909090909091,0.625454545454545,34.1036363636364,0.0454545454545455,15.3218181818182,0.0454545454545455,49.8581818181818,-0.142749462680976,1.05329861085523,0.870909090909091,0.871509090909091,0.869872727272727
113504,68829,44675,0.612735094151154,0.604681463984949,0.629131086576848,32.04,32.1672727272727,35.7927272727273,0.623636363636364,34.1054545454545,0.0436363636363636,15.3036363636364,0.06,49.8636363636364,-0.143056243312127,1.10284925958311,0.870909090909091,0.871509090909091,0.869872727272727
113551,68829,44722,0.612802876208382,0.604591681191964,0.629033433796742,32.0454545454545,32.1672727272727,35.7872727272727,0.623636363636364,34.1145454545455,0.0309090909090909,15.3,0.0490909090909091,49.8818181818182,-0.142396469655531,1.1043485745449,0.870909090909091,0.871509090909091,0.869872727272727
112937,68825,44112,0.612160018387345,0.604464620407503,0.629082060461319,32.0472727272727,32.1581818181818,35.7945454545455,0.618181818181818,34.1236363636364,0.0345454545454545,15.2727272727273,0.0454545454545455,49.9054545454546,-0.143202625938945,1.00928876532072,0.870909090909091,0.871509090909091,0.869872727272727
113479,68827,44652,0.612759346283056,0.604601941488928,0.629085726313398,32.04,32.1672727272727,35.7927272727273,0.618181818181818,34.1163636363636,0.0454545454545455,15.2545454545455,0.0527272727272727,49.9127272727273,-0.14329516863588,1.07923160352829,0.870909090909091,0.871509090909091,0.869872727272727
113376,68831,44545,0.612765880100941,0.60449534724917,0.629037838445857,32.0418181818182,32.1636363636364,35.7945454545455,0.616363636363636,34.1181818181818,0.0472727272727273,15.2436363636364,0.04,49.9345454545455,-0.14259978999696,1.05657439646734,0.870909090909091,0.871509090909091,0.869872727272727
113249,68826,44423,0.612800568870987,0.604401818553304,0.629033042762247,32.0436363636364,32.1527272727273,35.8036363636364,0.616363636363636,34.1090909090909,0.0527272727272727,15.2236363636364,0.0545454545454545,49.9436363636364,-0.143934499475158,1.02919162059711,0.870909090909091,0.871509090909091,0.869872727272727
113447,68829,44618,0.612761808835578,0.60450517701544,0.629030193139432,32.0436363636364,32.1527272727273,35.8036363636364,0.614545454545455,34.1181818181818,0.0454545454545455,15.2181818181818,0.0472727272727273,49.9563636363636,-0.142923263023311,1.05868179943751,0.870909090909091,0.871509090909091,0.869872727272727
113044,68833,44211,0.6124179364045,0.604420528794757,0.62897809868191,32.0490909090909,32.1509090909091,35.8,0.618181818181818,34.1181818181818,0.0472727272727273,15.1981818181818,0.04,49.9781818181818,-0.141490643472538,0.99617038289593,0.870909090909091,0.871509090909091,0.869872727272727
113480,68840,44640,0.613011230240107,0.604478241419794,0.628960960097788,32.0472727272727,32.1545454545455,35.7981818181818,0.616363636363636,34.1345454545455,0.0381818181818182,15.16,0.0509090909090909,50,-0.141126470959386,1.05105968283659,0.870909090909091,0.871509090909091,0.869872727272727
113552,68834,44718,0.612963305448459,0.604582184959603,0.628946878689667,32.0436363636364,32.16,35.7963636363636,0.616363636363636,34.1345454545455,0.0472727272727273,15.1636363636364,0.0472727272727273,49.9909090909091,-0.14230066548599,1.05496021576903,0.870909090909091,0.871509090909091,0.869872727272727
112981,68827,44154,0.612283851088018,0.604444051433534,0.628966849243972,32.0418181818182,32.1636363636364,35.7945454545455,0.614545454545455,34.1327272727273,0.0418181818181818,15.1690909090909,0.0509090909090909,49.9909090909091,-0.142459505219912,0.974075050144033,0.870909090909091,0.871509090909091,0.869872727272727
113214,68831,44383,0.61269304166311,0.604439971411556,0.628995088132848,32.0418181818182,32.1672727272727,35.7909090909091,0.612727272727273,34.1345454545455,0.0436363636363636,15.16,0.0436363636363636,50.0054545454545,-0.142904492408376,0.995791330290112,0.870909090909091,0.871509090909091,0.869872727272727
113273,68842,44431,0.612902727596088,0.60443460943264,0.62897791311963,32.04,32.1672727272727,35.7927272727273,0.610909090909091,34.1418181818182,0.0472727272727273,15.1381818181818,0.0545454545454545,50.0072727272727,-0.142223161546016,0.989218096579002,0.870909090909091,0.871509090909091,0.869872727272727
113288,68845,44443,0.612920350000736,0.604356273363848,0.628980603039577,32.0436363636364,32.1636363636364,35.7927272727273,0.610909090909091,34.1454545454545,0.0527272727272727,15.1290909090909,0.0363636363636364,50.0254545454545,-0.141783279096655,0.985765976518054,0.870909090909091,0.871509090909091,0.869872727272727
113053,68847,44206,0.612367611700625,0.604412271281468,0.629009033547099,32.0472727272727,32.1654545454545,35.7872727272727,0.609090909090909,34.1454545454545,0.0563636363636364,15.1218181818182,0.0363636363636364,50.0309090909091,-0.142815763012914,0.944142355803739,0.870909090909091,0.871509090909091,0.869872727272727
113526,68850,44676,0.612742119809955,0.604475218099762,0.628961857335726,32.0472727272727,32.1618181818182,35.7909090909091,0.607272727272727,34.1381818181818,0.0618181818181818,15.1145454545455,0.0381818181818182,50.04,-0.142597451445445,0.997524269450117,0.870909090909091,0.871509090909091,0.869872727272727
113513,68853,44660,0.612691381733439,0.604456126065094,0.628977558932105,32.0527272727273,32.1527272727273,35.7945454545455,0.603636363636364,34.1454545454545,0.0527272727272727,15.1036363636364,0.0345454545454545,50.06,-0.142371134929073,0.990858419120989,0.870909090909091,0.871509090909091,0.869872727272727
113481,68847,44634,0.612663607504887,0.604500282208423,0.629009005734411,32.0490909090909,32.1545454545455,35.7963636363636,0.601818181818182,34.1454545454545,0.0563636363636364,15.1018181818182,0.0254545454545455,50.0690909090909,-0.144081302888728,0.988458877260035,0.870909090909091,0.871509090909091,0.869872727272727
113166,68837,44329,0.61225290726347,0.604362650137506,0.628928297422746,32.0490909090909,32.1490909090909,35.8018181818182,0.598181818181818,34.1490909090909,0.0454545454545455,15.0890909090909,0.0381818181818182,50.08,-0.144621579557266,0.942394072004721,0.870909090909091,0.871509090909091,0.869872727272727
113416,68841,44575,0.612823620090439,0.604248857560984,0.628971199131029,32.0436363636364,32.1545454545455,35.8018181818182,0.596363636363636,34.1527272727273,0.0436363636363636,15.08,0.04,50.0872727272727,-0.144396493502691,0.963714615049751,0.870909090909091,0.871509090909091,0.869872727272727
113412,68844,44568,0.612899371845541,0.604296915801202,0.628973137611158,32.0472727272727,32.1509090909091,35.8018181818182,0.596363636363636,34.1545454545455,0.0436363636363636,15.0727272727273,0.0363636363636364,50.0963636363636,-0.143901444979234,0.961380481923168,0.870909090909091,0.871509090909091,0.869872727272727
113375,68849,44526,0.612859742224546,0.604154735729998,0.628994559136724,32.0454545454545,32.1509090909091,35.8036363636364,0.596363636363636,34.1545454545455,0.0454545454545455,15.0618181818182,0.0381818181818182,50.1036363636364,-0.144447716981548,0.953600255044346,0.870909090909091,0.871509090909091,0.869872727272727
112964,68850,44114,0.612245019328178,0.604159057679877,0.628970171052689,32.0545454545455,32.1454545454545,35.8,0.592727272727273,34.1672727272727,0.0381818181818182,15.0763636363636,0.0309090909090909,50.0945454545455,-0.143679906400212,0.905266677037897,0.870909090909091,0.871509090909091,0.869872727272727
113029,68850,44179,0.612264343697371,0.604195966738164,0.628942254803991,32.0490909090909,32.1545454545455,35.7963636363636,0.592727272727273,34.1636363636364,0.04,15.0690909090909,0.0254545454545455,50.1090909090909,-0.143519108610979,0.902812203455886,0.870909090909091,0.871509090909091,0.869872727272727
113462,68859,44603,0.612772349470052,0.604226480693938,0.629023936114179,32.0527272727273,32.1509090909091,35.7963636363636,0.590909090909091,34.16,0.0472727272727273,15.0618181818182,0.0236363636363636,50.1163636363636,-0.142938411146646,0.95473619766364,0.870909090909091,0.871509090909091,0.869872727272727
113527,68862,44665,0.612767298815222,0.604293111389372,0.628990440139682,32.0509090909091,32.1545454545455,35.7945454545455,0.589090909090909,34.1690909090909,0.0418181818181818,15.0509090909091,0.0254545454545455,50.1236363636364,-0.143165539923542,0.965804721702906,0.870909090909091,0.871509090909091,0.869872727272727
113317,68868,44449,0.612776617285704,0.604099274401108,0.628978022472174,32.0509090909091,32.1472727272727,35.8018181818182,0.589090909090909,34.1745454545455,0.0345454545454545,15.0436363636364,0.0327272727272727,50.1254545454546,-0.142781801874067,0.914333262226798,0.870909090909091,0.871509090909091,0.869872727272727
113360,68869,44491,0.6127457835832,0.604186577813751,0.628978183328635,32.0509090909091,32.1490909090909,35.8,0.585454545454545,34.1745454545455,0.04,15.04,0.0272727272727273,50.1327272727273,-0.142682421855253,0.915714052454992,0.870909090909091,0.871509090909091,0.869872727272727
113315,68862,44453,0.612749770855591,0.60416370647727,0.628947397246648,32.0490909090909,32.1545454545455,35.7963636363636,0.583636363636364,34.18,0.0381818181818182,15.0181818181818,0.0345454545454545,50.1454545454545,-0.143709225492652,0.906005675481124,0.870909090909091,0.871509090909091,0.869872727272727
113479,68864,44615,0.613013887658474,0.604111560726364,0.628905079785064,32.0527272727273,32.1490909090909,35.7981818181818,0.583636363636364,34.1836363636364,0.0363636363636364,15.0090909090909,0.0381818181818182,50.1490909090909,-0.142838189001618,0.930537494636056,0.870909090909091,0.871509090909091,0.869872727272727
113649,68861,44788,0.613002508914195,0.604234849742135,0.628916525317792,32.0509090909091,32.1527272727273,35.7963636363636,0.581818181818182,34.1618181818182,0.0490909090909091,15.0090909090909,0.0363636363636364,50.1618181818182,-0.144234501601022,0.937901190812276,0.870909090909091,0.871509090909091,0.869872727272727
113041,68855,44186,0.612185800499002,0.604077788404788,0.628787884391846,32.0527272727273,32.1436363636364,35.8036363636364,0.578181818181818,34.1618181818182,0.0381818181818182,15.0145454545455,0.0472727272727273,50.16,-0.143664923263052,0.853234344585375,0.870909090909091,0.871509090909091,0.869872727272727
113160,68855,44305,0.612430019674845,0.604060648952937,0.628793990468743,32.0490909090909,32.1490909090909,35.8018181818182,0.576363636363636,34.1563636363636,0.0490909090909091,15.0236363636364,0.04,50.1545454545455,-0.144031603174252,0.856322701480663,0.870909090909091,0.871509090909091,0.869872727272727
113562,68869,44693,0.612650332243122,0.604229591497769,0.628909116538498,32.0509090909091,32.1527272727273,35.7963636363636,0.578181818181818,34.1545454545455,0.0418181818181818,15.0345454545455,0.0272727272727273,50.1636363636364,-0.143643094062414,0.911288924388249,0.870909090909091,0.871509090909091,0.869872727272727
113202,68866,44336,0.612422853279866,0.604102815378436,0.628968442102969,32.0527272727273,32.1490909090909,35.7981818181818,0.578181818181818,34.14,0.0454545454545455,15.0327272727273,0.0363636363636364,50.1672727272727,-0.144333239255965,0.85810682292689,0.870909090909091,0.871509090909091,0.869872727272727
113278,68857,44421,0.612704135463982,0.60414800762772,0.62886307778895,32.0454545454545,32.1527272727273,35.8018181818182,0.576363636363636,34.1254545454545,0.0581818181818182,15.0236363636364,0.04,50.1763636363636,-0.14614195281227,0.858159940469671,0.870909090909091,0.871509090909091,0.869872727272727
113251,68853,44398,0.612691566989769,0.604179698478177,0.628871331864271,32.0436363636364,32.1545454545455,35.8018181818182,0.576363636363636,34.1181818181818,0.0545454545454545,15.0236363636364,0.0418181818181818,50.1854545454545,-0.147386436198245,0.856896985914897,0.870909090909091,0.871509090909091,0.869872727272727
113399,68864,44535,0.612892533071056,0.604237872878107,0.628957615296837,32.0472727272727,32.1581818181818,35.7945454545455,0.570909090909091,34.1181818181818,0.0454545454545455,15.0181818181818,0.04,50.2072727272727,-0.146818018489284,0.869216902943497,0.870909090909091,0.871509090909091,0.869872727272727
113130,68864,44266,0.612448983645808,0.604140521016583,0.628848408639546,32.0527272727273,32.1527272727273,35.7945454545455,0.569090909090909,34.1090909090909,0.0545454545454545,15.0109090909091,0.0272727272727273,50.2290909090909,-0.146041498325411,0.828049825589088,0.870909090909091,0.871509090909091,0.869872727272727
113100,68861,44239,0.612378931082012,0.604067258472073,0.628906807487473,32.0545454545455,32.1472727272727,35.7981818181818,0.565454545454545,34.1109090909091,0.0436363636363636,15.0127272727273,0.0345454545454545,50.2327272727273,-0.145887435592092,0.81893069438467,0.870909090909091,0.871509090909091,0.869872727272727
113399,68853,44546,0.612602866542916,0.604120694175038,0.628884512411063,32.0545454545455,32.1545454545455,35.7909090909091,0.563636363636364,34.1054545454545,0.0436363636363636,15.0127272727273,0.0454545454545455,50.2290909090909,-0.148173102387227,0.866069527960975,0.870909090909091,0.871509090909091,0.869872727272727
113258,68853,44405,0.612354251479111,0.604047145424806,0.628790072762411,32.0581818181818,32.1454545454545,35.7963636363636,0.563636363636364,34.0872727272727,0.0454545454545455,15.0272727272727,0.04,50.2363636363636,-0.147433088540195,0.835240199772472,0.870909090909091,0.871509090909091,0.869872727272727
113353,68857,44496,0.61258326437321,0.604046038080694,0.62884460429652,32.0509090909091,32.1545454545455,35.7945454545455,0.561818181818182,34.0854545454545,0.0490909090909091,15.0163636363636,0.0418181818181818,50.2454545454545,-0.146664128418805,0.834440036033365,0.870909090909091,0.871509090909091,0.869872727272727
113564,68870,44694,0.612837937025037,0.604168190474358,0.628813274882839,32.0490909090909,32.16,35.7909090909091,0.558181818181818,34.0872727272727,0.04,15.0290909090909,0.0363636363636364,50.2490909090909,-0.145276798845655,0.854124168137258,0.870909090909091,0.871509090909091,0.869872727272727
113266,68870,44396,0.612603899871019,0.604047864324047,0.628861697406792,32.0509090909091,32.1527272727273,35.7963636363636,0.554545454545455,34.0890909090909,0.0454545454545455,15.0163636363636,0.0327272727272727,50.2618181818182,-0.145294723246083,0.816229100275615,0.870909090909091,0.871509090909091,0.869872727272727
113466,68869,44597,0.61293073509991,0.604008988801502,0.628870606459103,32.0509090909091,32.1545454545455,35.7945454545455,0.554545454545455,34.1018181818182,0.0418181818181818,14.9818181818182,0.0363636363636364,50.2836363636364,-0.146292698059882,0.829543616017327,0.870909090909091,0.871509090909091,0.869872727272727
112974,68865,44109,0.612276645917524,0.603754601350003,0.62886106160854,32.0527272727273,32.1472727272727,35.8,0.550909090909091,34.1036363636364,0.0381818181818182,14.9727272727273,0.0418181818181818,50.2927272727273,-0.145043624106355,0.758142993649976,0.870909090909091,0.871509090909091,0.869872727272727
113048,68869,44179,0.61228810778026,0.603815143455648,0.628800240633479,32.0581818181818,32.1418181818182,35.8,0.549090909090909,34.1036363636364,0.0418181818181818,14.9672727272727,0.0254545454545455,50.3127272727273,-0.145793850121448,0.756364808045328,0.870909090909091,0.871509090909091,0.869872727272727
113318,68865,44453,0.612765108832098,0.603885124331684,0.628703970505824,32.0490909090909,32.1527272727273,35.7981818181818,0.547272727272727,34.0945454545455,0.0436363636363636,14.9618181818182,0.0345454545454545,50.3181818181818,-0.147878940345254,0.810442353056913,0.870909090909091,0.871509090909091,0.869872727272727
113393,68871,44522,0.612713168377128,0.603944853405804,0.62871468940172,32.0454545454545,32.1563636363636,35.7981818181818,0.547272727272727,34.0872727272727,0.0345454545454545,14.9545454545455,0.0490909090909091,50.3272727272727,-0.146818853615034,0.802395552583039,0.870909090909091,0.871509090909091,0.869872727272727
113429,68884,44545,0.612673951609724,0.603935542411915,0.628794243113715,32.0509090909091,32.1509090909091,35.7981818181818,0.54,34.0836363636364,0.0454545454545455,14.94,0.0345454545454545,50.3563636363636,-0.144240058736415,0.807441328855401,0.870909090909091,0.871509090909091,0.869872727272727
113301,68875,44426,0.612485615684207,0.604007893317434,0.628754234043095,32.0490909090909,32.1509090909091,35.8,0.54,34.0745454545455,0.04,14.9418181818182,0.0418181818181818,50.3618181818182,-0.145875565578238,0.788955312713303,0.870909090909091,0.871509090909091,0.869872727272727
113190,68873,44317,0.612325559262073,0.603930132448977,0.628713316180384,32.0545454545455,32.1490909090909,35.7963636363636,0.54,34.0509090909091,0.0418181818181818,14.9381818181818,0.0345454545454545,50.3945454545455,-0.145750916530729,0.772935547764328,0.870909090909091,0.871509090909091,0.869872727272727
112883,68870,44013,0.612215685142621,0.603797851802262,0.628628488765847,32.0545454545455,32.1509090909091,35.7945454545455,0.536363636363636,34.0527272727273,0.0381818181818182,14.9218181818182,0.0309090909090909,50.42,-0.146279747380752,0.728754487650638,0.870909090909091,0.871509090909091,0.869872727272727
113012,68874,44138,0.612215816493102,0.60390413397844,0.628724450498048,32.0527272727273,32.1490909090909,35.7981818181818,0.536363636363636,34.0454545454545,0.0381818181818182,14.9018181818182,0.04,50.4381818181818,-0.146171762381081,0.744625028582628,0.870909090909091,0.871509090909091,0.869872727272727
113078,68869,44209,0.61255165487584,0.603808233279895,0.628815504804839,32.0490909090909,32.1563636363636,35.7945454545455,0.536363636363636,34.0218181818182,0.0581818181818182,14.8745454545455,0.04,50.4690909090909,-0.146561781986781,0.755640825239772,0.870909090909091,0.871509090909091,0.869872727272727
113112,68870,44242,0.612737100618736,0.603676079860923,0.628801192370723,32.0527272727273,32.1509090909091,35.7963636363636,0.534545454545455,34.0163636363636,0.0545454545454545,14.8618181818182,0.0563636363636364,50.4763636363636,-0.145987775350857,0.756418867324564,0.870909090909091,0.871509090909091,0.869872727272727
113129,68872,44257,0.612694480714097,0.603797974501788,0.62880894092847,32.0509090909091,32.1509090909091,35.7981818181818,0.532727272727273,34.0109090909091,0.0472727272727273,14.8545454545455,0.0454545454545455,50.5090909090909,-0.146553530760105,0.747387825883925,0.870909090909091,0.871509090909091,0.869872727272727
113244,68867,44377,0.61269194605256,0.603824788737416,0.62891370288808,32.0436363636364,32.1527272727273,35.8036363636364,0.529090909090909,34.0145454545455,0.0418181818181818,14.82,0.0490909090909091,50.5454545454545,-0.146905408059882,0.747681440277533,0.870909090909091,0.871509090909091,0.869872727272727
113417,68874,44543,0.612765806902068,0.603827959442446,0.628878281260845,32.0509090909091,32.1454545454545,35.8036363636364,0.529090909090909,34.0018181818182,0.0436363636363636,14.8290909090909,0.0454545454545455,50.5509090909091,-0.146292702103694,0.761851908232678,0.870909090909091,0.871509090909091,0.869872727272727
113321,68882,44439,0.612658583055635,0.603713016318968,0.628708393227218,32.0563636363636,32.1454545454545,35.7981818181818,0.527272727272727,34.0072727272727,0.0472727272727273,14.7981818181818,0.0490909090909091,50.5709090909091,-0.145071435501516,0.74159027705477,0.870909090909091,0.871509090909091,0.869872727272727
112745,68874,43871,0.612014047284016,0.603623211001914,0.628752186083342,32.0636363636364,32.1454545454545,35.7909090909091,0.525454545454546,34.0036363636364,0.0563636363636364,14.7654545454545,0.0472727272727273,50.6018181818182,-0.146692075556149,0.668958654821935,0.870909090909091,0.871509090909091,0.869872727272727
112831,68865,43966,0.612022151340771,0.603700768103795,0.628768980215526,32.0509090909091,32.16,35.7890909090909,0.525454545454546,34.0018181818182,0.0490909090909091,14.7454545454545,0.04,50.6381818181818,-0.148475633277254,0.678888581159779,0.870909090909091,0.871509090909091,0.869872727272727
113135,68873,44262,0.612528752909302,0.603775521258533,0.62882716781868,32.0472727272727,32.16,35.7927272727273,0.521818181818182,34.0054545454545,0.0472727272727273,14.6963636363636,0.0345454545454545,50.6945454545455,-0.147880077039703,0.708566934479908,0.870909090909091,0.871509090909091,0.869872727272727
113146,68871,44275,0.612843041198061,0.603595666152894,0.628712129065556,32.0472727272727,32.1490909090909,35.8036363636364,0.52,34.0090909090909,0.0472727272727273,14.6381818181818,0.0436363636363636,50.7418181818182,-0.148135580403025,0.70043445519087,0.870909090909091,0.871509090909091,0.869872727272727
113352,68873,44479,0.612766627687532,0.603663505358139,0.628657044455353,32.0490909090909,32.1454545454545,35.8054545454545,0.518181818181818,34.0236363636364,0.0363636363636364,14.5945454545455,0.0290909090909091,50.7981818181818,-0.148230206568703,0.723540078264407,0.870909090909091,0.871509090909091,0.869872727272727
113449,68878,44571,0.612731692657326,0.603694499963538,0.628646871653732,32.0563636363636,32.1527272727273,35.7909090909091,0.518181818181818,34.0181818181818,0.0527272727272727,14.5563636363636,0.0272727272727273,50.8272727272727,-0.14650671982424,0.726904663968493,0.870909090909091,0.871509090909091,0.869872727272727
113204,68874,44330,0.612490857615293,0.603376351735694,0.628738037687839,32.0581818181818,32.1509090909091,35.7909090909091,0.518181818181818,34.02,0.0345454545454545,14.5145454545455,0.0454545454545455,50.8672727272727,-0.148094251806932,0.71085596032102,0.870909090909091,0.871509090909091,0.869872727272727
113004,68872,44132,0.6122220065465,0.603483648109221,0.628731930963307,32.0527272727273,32.1472727272727,35.8,0.518181818181818,34.02,0.0363636363636364,14.4690909090909,0.0527272727272727,50.9036363636364,-0.148298846974649,0.670455216667192,0.870909090909091,0.871509090909091,0.869872727272727
112801,68873,43928,0.612082548240093,0.603500327874305,0.628787131842293,32.0472727272727,32.1490909090909,35.8036363636364,0.512727272727273,34.0272727272727,0.0472727272727273,14.4018181818182,0.0672727272727273,50.9436363636364,-0.148881867690017,0.63702129333026,0.870909090909091,0.871509090909091,0.869872727272727
112972,68871,44101,0.612374656952902,0.603398712324884,0.628887165512832,32.0527272727273,32.1436363636364,35.8036363636364,0.510909090909091,34.0363636363636,0.04,14.3636363636364,0.0527272727272727,50.9963636363636,-0.150133036229553,0.67123532793908,0.870909090909091,0.871509090909091,0.869872727272727
113261,68877,44384,0.612486010363974,0.603500499311883,0.628907308144175,32.0509090909091,32.1490909090909,35.8,0.509090909090909,34.0363636363636,0.0363636363636364,14.3272727272727,0.0490909090909091,51.0418181818182,-0.148189517510169,0.684914375435222,0.870909090909091,0.871509090909091,0.869872727272727
113479,68878,44601,0.612781835595237,0.603620498938527,0.628936682287808,32.0545454545455,32.1509090909091,35.7945454545455,0.507272727272727,34.0327272727273,0.0418181818181818,14.2654545454545,0.0381818181818182,51.1145454545455,-0.149644595490827,0.713764082217081,0.870909090909091,0.871509090909091,0.869872727272727
113242,68873,44369,0.612633727015487,0.603323700938994,0.628804581423951,32.06,32.1381818181818,35.8018181818182,0.507272727272727,34.0327272727273,0.0381818181818182,14.2345454545455,0.0290909090909091,51.1581818181818,-0.149643062045454,0.694763097421012,0.870909090909091,0.871509090909091,0.869872727272727
113143,68876,44267,0.612424027776121,0.603306460219111,0.628780538038379,32.0654545454545,32.1363636363636,35.7981818181818,0.505454545454545,34.0363636363636,0.0363636363636364,14.1945454545455,0.0290909090909091,51.1981818181818,-0.147439591281198,0.677142130634324,0.870909090909091,0.871509090909091,0.869872727272727
113404,68879,44525,0.612474089580587,0.603540741076952,0.62888587182414,32.0581818181818,32.1472727272727,35.7945454545455,0.505454545454545,34.0454545454545,0.0454545454545455,14.1363636363636,0.0345454545454545,51.2327272727273,-0.147994494408671,0.681502317332409,0.870909090909091,0.871509090909091,0.869872727272727
113019,68869,44150,0.612160274181319,0.603416772024975,0.628889687928622,32.0581818181818,32.1418181818182,35.8,0.505454545454545,34.0672727272727,0.0418181818181818,14.0890909090909,0.0418181818181818,51.2545454545455,-0.149505098950249,0.635068953375925,0.870909090909091,0.871509090909091,0.869872727272727
113205,68869,44336,0.612390089430169,0.603432469663796,0.628844359830252,32.0527272727273,32.1509090909091,35.7963636363636,0.5,34.0963636363636,0.0309090909090909,14.0454545454545,0.0436363636363636,51.2836363636364,-0.150290247249193,0.651083530815826,0.870909090909091,0.871509090909091,0.869872727272727
113397,68875,44522,0.612719646296986,0.603417122849555,0.628827516883299,32.0527272727273,32.1490909090909,35.7981818181818,0.5,34.1109090909091,0.0381818181818182,14.0218181818182,0.0290909090909091,51.3,-0.149653880075196,0.6730552948588,0.870909090909091,0.871509090909091,0.869872727272727
113053,68863,44190,0.612332170744664,0.60322234333431,0.628746931551613,32.0509090909091,32.14,35.8090909090909,0.498181818181818,34.1381818181818,0.0345454545454545,13.9709090909091,0.04,51.3181818181818,-0.151794806319462,0.642454905553975,0.870909090909091,0.871509090909091,0.869872727272727
113352,68868,44484,0.61239062884204,0.603374584969793,0.628789494484915,32.0563636363636,32.1454545454545,35.7981818181818,0.496363636363636,34.1490909090909,0.0381818181818182,13.9309090909091,0.0381818181818182,51.3472727272727,-0.150394677588966,0.655402057046409,0.870909090909091,0.871509090909091,0.869872727272727
113484,68872,44612,0.612438775019127,0.60326135024948,0.628818744595327,32.06,32.1418181818182,35.7981818181818,0.487272727272727,34.1763636363636,0.0418181818181818,13.8836363636364,0.0363636363636364,51.3745454545455,-0.150738633235133,0.664312569780106,0.870909090909091,0.871509090909091,0.869872727272727
113384,68882,44502,0.612549233492047,0.603196109506358,0.628723074261728,32.0636363636364,32.1381818181818,35.7981818181818,0.487272727272727,34.2054545454545,0.0327272727272727,13.8436363636364,0.0363636363636364,51.3945454545455,-0.149105607719982,0.628178162186999,0.870909090909091,0.871509090909091,0.869872727272727
113628,68888,44740,0.613090118503728,0.603088111457395,0.628805347151768,32.0654545454545,32.14,35.7945454545455,0.487272727272727,34.2163636363636,0.0418181818181818,13.8109090909091,0.0327272727272727,51.4109090909091,-0.149301786838921,0.661667426116765,0.870909090909091,0.871509090909091,0.869872727272727
113669,68893,44776,0.613080346879168,0.603117342818755,0.628906099510044,32.06,32.14,35.8,0.481818181818182,34.2472727272727,0.04,13.7727272727273,0.0454545454545455,51.4127272727273,-0.148239760214214,0.658729313220829,0.870909090909091,0.871509090909091,0.869872727272727
113601,68879,44722,0.612638874661699,0.603317631145488,0.628836214412952,32.0581818181818,32.1454545454545,35.7963636363636,0.478181818181818,34.2618181818182,0.0454545454545455,13.74,0.0345454545454545,51.44,-0.149059002141373,0.621580471902747,0.870909090909091,0.871509090909091,0.869872727272727
113665,68885,44780,0.613033681747044,0.603171048499499,0.628932876427,32.0581818181818,32.14,35.8018181818182,0.474545454545455,34.2909090909091,0.04,13.7090909090909,0.0418181818181818,51.4436363636364,-0.149689738535546,0.640582282104614,0.870909090909091,0.871509090909091,0.869872727272727
113679,68889,44790,0.612897186447404,0.603147348056284,0.628848616841209,32.0545454545455,32.1472727272727,35.7981818181818,0.472727272727273,34.3145454545455,0.0381818181818182,13.6727272727273,0.0509090909090909,51.4509090909091,-0.148494896361841,0.639815333362838,0.870909090909091,0.871509090909091,0.869872727272727
113586,68899,44687,0.612956747267023,0.603182606204211,0.628817818769542,32.0545454545455,32.1472727272727,35.7981818181818,0.465454545454546,34.3254545454545,0.0436363636363636,13.6545454545455,0.0381818181818182,51.4727272727273,-0.148139524767017,0.632008613366634,0.870909090909091,0.871509090909091,0.869872727272727
113622,68895,44727,0.613007198069865,0.603103208526665,0.628714980538292,32.0490909090909,32.1472727272727,35.8036363636364,0.465454545454546,34.3454545454545,0.0509090909090909,13.6272727272727,0.0454545454545455,51.4654545454545,-0.149243675669111,0.618230232050304,0.870909090909091,0.871509090909091,0.869872727272727
113229,68899,44330,0.612728149085265,0.602958000865737,0.628739575606051,32.0527272727273,32.1418181818182,35.8054545454545,0.465454545454546,34.3872727272727,0.04,13.58,0.0363636363636364,51.4909090909091,-0.149457032832949,0.568221625397829,0.870909090909091,0.871509090909091,0.869872727272727
